:020000040800F2
:1080000000000820C1820008BD820008BD8200086F
:10801000BD820008BD820008BD820008000000008B
:10802000000000000000000000000000D5890108E9
:10803000BD820008000000006D8A01087D8A0108E9
:10804000BD820008BD820008BD820008BD82000814
:10805000BD820008BD820008BD820008BD82000804
:10806000BD820008BD820008BD820008BD820008F4
:10807000BD820008BD820008BD820008BD820008E4
:10808000BD820008BD820008BD820008BD820008D4
:10809000BD820008BD820008BD820008BD820008C4
:1080A000BD820008BD820008BD820008BD820008B4
:1080B000BD820008BD820008BD820008BD820008A4
:1080C000BD820008BD820008BD820008BD82000894
:1080D000BD820008BD820008BD820008BD82000884
:1080E000BD820008BD820008BD820008BD82000874
:1080F000BD820008BD820008BD820008BD82000864
:10810000BD820008BD820008BD820008BD82000853
:10811000BD820008BD820008BD820008BD82000843
:10812000BD820008BD820008BD820008BD82000833
:10813000BD82000815990008BD820008BD820008B4
:10814000BD820008BD820008BD820008BD82000813
:10815000BD820008BD820008BD820008BD82000803
:10816000BD820008BD820008BD820008BD820008F3
:10817000BD820008BD820008BD820008000000002A
:10818000BD820008BD820008BD820008BD820008D3
:10819000BD820008BD820008BD820008BD820008C3
:1081A0000000000000000000BD820008BD82000841
:1081B000BD820008BD820008BD820008BD820008A3
:1081C000BD820008BD82000800000000BD820008DA
:1081D000BD820008BD820008BD820008BD82000883
:1081E000BD820008BD820008BD820008BD82000873
:1081F00000000000BD820008000000000000000038
:1082000010B5054C237833B9044B13B10448AFF3D0
:1082100000800123237010BD900A002000000000A0
:108220003848020808B5034B1BB103490348AFF3B4
:10823000008008BD00000000940A002038480208B1
:10824000A3F5803A704700BF174B002B08BF134BB4
:108250009D46FFF7F5FF00218B460F461348144A51
:10826000121A11F037F80E4B002B00D098470D4B27
:10827000002B00D098470020002104000D000D487D
:10828000002802D00C4815F007F810F0B7FE2000C7
:10829000290000F037F910F0A1FE00BF000008002F
:1082A000000000004594000800000820900A00200B
:1082B0002C0E012099D2010889E50108FEE700BFD4
:1082C000214B83F30888BFF36F8F00F07FF81F4CBA
:1082D0001F4BA34215D29C46DCF808306BB100233B
:1082E000DCE900120439043A51F8040F013342F872
:1082F000040FDCF808008342F6D30CF10C0CA44503
:10830000EAD3144A144B9A421CD203F1FF3C02F107
:10831000100302F108000024ACEB020C2CF0070C57
:108320009C4450F8043C53B150F8082C0023043A04
:10833000013342F8044F50F8041C8B42F8D3083044
:108340006045EED1FFF780FF000008205C4802087E
:10835000444802085C4802086C480208164A9368C0
:1083600003F00C03042B0CD0082B0CD0134B124A37
:10837000134892681349C2F30312825CD3400B6026
:108380007047114BF3E7536851685B0253680A4A20
:1083900001F03F0148BF0C48C3F3881358BF07489A
:1083A0005268B0FBF1F1C2F3014201FB03F3013269
:1083B0005200B3FBF2F3DAE7003802400024F40085
:1083C000002E020804000020002D3101064B074A50
:1083D00007499A60D3F88820064842F47002C3F82F
:1083E00088200860FFF7BABF00ED00E000800008B9
:1083F0000400002000C2EB0B0CF042B9364C052102
:108400000025206800B587B00EF04EFB00F00AF999
:10841000324B258101211A6B314842F48052606051
:10842000201DC4E906551A631B6B616203F4805377
:108430000593059B0BF010FC2A4B4FF4405240F281
:1084400077109A610EF0D6FB2946284605F086F88B
:108450002346254A254843F83C2F226304F138027D
:10846000029000956FF07F4521492248A162616327
:1084700004F13401019004F14000E562A56306F0C7
:1084800099FA04F1400006F03DFB94F86D3004F1D8
:1084900040005B071CD506F03BFB01F0F3FA1648E1
:1084A00001F014FB154C01F095FE4FF47A70144D59
:1084B00000260EF09FFB01F08BFB28B123782846A5
:1084C00013B101F003FB267001200EF093FBF2E7DD
:1084D00006F038FBE1E700BFAC0A0020003802409C
:1084E0000030024000040240C0A8140101D400087A
:1084F000C0A814484D990008182E02080800002052
:10850000282E020810B58AB000F0A8FA01F060FB2E
:1085100000283FD1204BD3F800240092009AB2F1FA
:10852000005F28D300991D4A914224D8D3F804242F
:108530001B4CC4E91D22D3F8001481F308881949A3
:108540008B60904710F0E4F82422002101A810F07D
:10855000C1FE4FF4805301AA0021134806930FF087
:1085600051FC0023012111481A460EF063FA2060E5
:1085700010F02EF9FEE701F01DFBBFF34F8F094904
:108580000B4BCA6802F4E0621343CB60BFF34F8F1A
:1085900000BFFDE7024CD5E70000040800000820FA
:1085A000AC0A002000ED00E0FD830008F98300081C
:1085B0000400FA0510B50C4600F040FB50B9638882
:1085C000C3F30B03012B06D0032B03D194F90C301A
:1085D000002B01DB012010BDE4782409204600F0C7
:1085E0009FFC054B04EB8401204603EB810100F066
:1085F000ABFC012010BD00BF542E0208012804D09E
:10860000022805D0032806D07047002000F0F8B8F3
:10861000024800F0F5B8024800F0F2B8CC2E02088B
:10862000542E020810B5254C0020214600F08CFC89
:10863000002240F2FF731146104600F053FB04F194
:108640001401012000F080FC002240F2FF730120A1
:10865000114600F047FB04F12801022000F074FCF1
:10866000002240F2FF730220114600F03BFB04F1B0
:108670003C01032000F068FC002240F2FF7303205D
:10868000114600F02FFB04F15001042000F05CFCC7
:10869000002240F2FF730420114600F023FB04F196
:1086A0006401052000F050FC002240F2FF73052019
:1086B0001146BDE8104000F015BB00BF542E020863
:1086C000BFF34F8F0549064BCA6802F4E0621343BB
:1086D000CB60BFF34F8F00BFFDE700BF00ED00E0B0
:1086E0000400FA05704700BF074A4FF4C0214FF459
:1086F000FA63916100BF013BFCD1BFF35F8F024B76
:108700004FF400029A61704700240240124A80210F
:108710004FF4FA63916100BF013BFCD10E4A062180
:108720004FF47A73916100BF013BFCD1BFF35F8FBF
:108730000C224FF0C8404FF080714FF4C8730161B4
:1087400000BF013BFCD14FF4C873816000BF013B07
:10875000FCD1013AF1D170470024024008B5054A26
:108760004FF4800141F28833916100BF013BFCD19D
:10877000FFF7A6FF00180240014698B10A4A0620FA
:10878000D36CC3F30B030B605063936843F08043D7
:10879000936013689B07FCD5D36C0020C3F30B03D5
:1087A0000B6070470120704700210140024640B134
:1087B000054B00201B696FEA131303F00F031360CE
:1087C00070470120704700BF0028024028B10268AE
:1087D0004FF0C84300209A6570470120704700BFE2
:1087E000024640B1054B00201B696FEA133303F0CA
:1087F0000F03137070470120704700BF0024024030
:1088000008B50D4901220D4B4FF4800504460C4874
:108810008D610C491A60202211F020F97822002184
:10882000094810F057FD24B178222146064810F07F
:108830003BFCFFF745FF00BF0018024000FF01208E
:1088400004FF0120442F020824FF0120082800F221
:10885000A780DFE800F00E050505050505251F00CA
:108860000138C0B2032900F29D80DFE801F0464ED6
:10887000565E10B44C4A4FF400744C4B4FF4004019
:1088800002299461986120D003290FD0012917D0C3
:10889000002012E003291DD8DFE801F071784F595C
:1088A000032917D8DFE801F05A6118224FF000744D
:1088B0004FF000410020946199615DF8044B7047CE
:1088C0004FF0007300209361F7E74FF00042002063
:1088D0009A61F2E7002070474FF0C8434FF400114F
:1088E0004FF48012002019619A6070474FF0C8431E
:1088F0004FF4401200201A617047C3022C4A4FF413
:10890000206100201A4411607047C302284A4FF4C6
:10891000106100201A4411607047C302244A4FF4CA
:10892000C06100201A4411607047C302204A4FF40E
:10893000A06100201A44116070474FF0C8434FF403
:1089400000014FF48002002019619A6070474FF0D7
:10895000C8434FF4400200201A6170474FF0C843EB
:108960004FF4401200209A6070474FF0C8434FF414
:1089700080114FF40012002019619A6070474FF087
:10898000C8434FF4400200209A6070474FF0C8433C
:108990004FF480014FF40002002019619A60704783
:1089A000022070470120704700240240000402406A
:1089B000000800644FF0C843254AD3F8201803F597
:1089C000805C03F5005001F00F01515C090741F094
:1089D000404110B4C3F8201803F54053DCF82010D0
:1089E0001C4C01F00F01515C090741F04041CCF8EB
:1089F0002010DCF8201801F00F01515C090741F04C
:108A00004041CCF82018016A01F00F01515C0907C0
:108A100041F040410162D0F8201801F00F01515C93
:108A2000090741F04041C0F820184FF48030196A1E
:108A300001F00F01525C120742F040421A624FF0FF
:108A40008072054BA0615DF8044B9A61704700BFCE
:108A5000582F0208002802400020024008B500F00C
:108A60003DFB00F0DFFC002008BD00BF642303FBDA
:108A700000F020B1002300BF01339842FBD17047C2
:108A800009B305281FD8C00200F1C843D3F808383D
:108A9000DB072CD54B88C3F30B02012A10B414D08A
:108AA000B3F5805F25D041F2020293421DD1183008
:108AB0005E4B5F4C0431C218C4500B680020136039
:108AC0005DF8044B704704207047CB8ADA0720D446
:108AD000DC0640F193800B7D564A1B0932F81320C7
:108AE000930842F08052013B15E00320E8E70220A2
:108AF0007047CB89DA077DD4DB0640F18A800B7B97
:108B00004C4A1B0932F81320930842F08052013B73
:108B100072E00423484A0C311830444C013B0251A6
:108B20000219132B00F280800FF2040C5CF823F082
:108B3000BB8A0008ED8B0008E78B0008E18B00087A
:108B4000DB8B0008D58B0008CF8B0008C98B000891
:108B5000C38B0008BD8B0008B78B0008B18B0008E1
:108B6000AB8B0008A58B00089F8B0008998B000831
:108B7000938B00088D8B0008878B0008818B000881
:108B800051F8043B035151F8043B035151F8043BA5
:108B9000035151F8043B035151F8043B035151F880
:108BA000043B035151F8043B035151F8043B03517A
:108BB00051F8043B035151F8043B035151F8043B75
:108BC000035151F8043B035151F8043B035151F850
:108BD000043B035151F8043B035151F8043B03514A
:108BE00051F8043B035151F8043B035151F8043B45
:108BF000035162E70423104A04318DE70A7D0D4BCF
:108C0000120903EB42031A8C930842F08052013B95
:108C100081E70A7B074B120903EB42031A8C930886
:108C200042F08052013BE7E7002049E7000800647A
:108C300008000210682F020814000010002947D015
:108C40004FF0C843DA69BFF34F8F9B69BFF34F8F73
:108C5000D8071FD51F4B10B41A78EAB91E4AD16441
:108C6000BFF35F8F116C3F24072041F001011164B5
:108C70001821D460C2F88400184C516701211848AB
:108C8000946710671970136CD907FCD400205DF845
:108C9000044B7047012070470F4AD167BFF35F8FC5
:108CA000116F4FF47C14072041F001011167182166
:108CB00094605065094C5164002109489464106423
:108CC0001970136FDB07FCD400205DF8044B70476C
:108CD00004207047280B00200064024080000064DC
:108CE0008056A000052868D89A4266D8B3F5006F70
:108CF00063D22DE9F043364E4FEA801E012700E093
:108D00000A460EEB521402F01F0C12F0070F02F18C
:108D1000010106EB840407FA0CFCB146F0464ED084
:108D200065688B424CEA05056560E9D208329342DA
:108D300027D3FF2708EB511601F01F040A4608311C
:108D400009EB860607FA04F40F327568934244EA89
:108D500005047460EED2994213D8DFF874904FEA9C
:108D60008018012608EB511401F01F02013109EBB4
:108D7000840406FA02F28B42656842EA05026260E8
:108D8000F0D20202134BC10203F1FC0C101F01F1DF
:108D9000C84194440344002242F0060453F8040FEF
:108DA000C1F81048BFF34F8F9C4502F18072C1F8A3
:108DB0001408F1D10020BDE8F08304207047D11DD4
:108DC0008B421146C7D3DFF808904FEA8018B0E70E
:108DD000280B00202C0B002005286CD89A426AD85A
:108DE000B3F5006F67D22DE9F0438146374F860116
:108DF0004FF0010800E00A4606EB521402F01F0C87
:108E000012F0070F02F1010107EB840408FA0CFCD1
:108E10003D46B64651D060688B4220EA0C0CC4F83F
:108E200004C0E8D20832934227D34FF0FF0C0EEB78
:108E3000511401F01F060A46083105EB84040CFAB0
:108E400006F70F326668934226EA07066660EED29E
:108E5000994212D81D4D4FEA891E01270EEB51127F
:108E600001F01F04013105EB820207FA04F68B4280
:108E7000546824EA06045460F0D24FEA0922144BE5
:108E80004FEAC921101F03F1FC0C01F1C8419444C1
:108E90000344002242F0060453F8040FC1F81048BE
:108EA000BFF34F8F9C4502F18072C1F81408F1D1D5
:108EB0000020BDE8F08304207047D11D8B4211468D
:108EC000C6D3024D4FEA891EAFE700BF280B002032
:108ED0002C0B002005281FD8104B0202C00203F102
:108EE000FC0C111F00F1C840944400220B4430B523
:108EF00000F6140E1546144642F0060143F8045FCE
:108F0000C0F81018BFF34F8F634502F18072CEF89E
:108F10000040F1D1002030BD042070472C0B002010
:108F200005280ED80203C00242F0010200F1C84336
:108F3000C3F81028BFF34F8F00221046C3F814283F
:108F400070470420704700BF052872D8B1FA81F33A
:108F50005B0900296DD04FEAC02C020342F00100EA
:108F60000CF1C84210B5C2F81008BFF34F8F402073
:108F7000C2F81438C2F800084FF4FA7000BF013884
:108F8000FCD1D2F808389B07F6D58023494CC2F8AB
:108F900000380B68A34212D0474CA3427ED0474C06
:108FA000A3427FD0464CA34245D0464CA3427DD03D
:108FB000454CA3423BD13123C2F8003802E03223B2
:108FC000C2F800384B7A0CF1C84E8A7A013B120481
:108FD00042EA03628B885C1ECB8842F00402013BAC
:108FE0001B0243EA04430C7ACEF81028013C2343C9
:108FF000BFF34F8FCEF814388A7C0B7CCC89013AB2
:10900000013B013C12061B0242F0050243EA044305
:109010004C7CCEF81028621E1343BFF34F8FCEF85E
:1090200014380B7B012B29D0022B08D0F3B105207B
:1090300010BD042070472923C2F80038C2E7234B33
:10904000CEF81038BFF34F8F0023CEF81438CB7A08
:109050000CF1C84C002B14BF03230223CCF81038AA
:10906000BFF34F8F0023CCF8143810BD184ACEF848
:109070001028BFF34F8FCEF81438E8E7154BCEF821
:109080001038BFF34F8F0023134ACEF81438CEF8B0
:109090001028BFF34F8FCEF81438D8E72123C2F839
:1090A00000388FE72523C2F800388BE72D23C2F85C
:1090B000003887E700B4C40400879303005A6202B3
:1090C00080C3C90100366E01002D31010B00140070
:1090D0000C0014000B0004000C001000094B0020D1
:1090E00009494FF47C1210B4087007249A601820C4
:1090F0000649074A5C6558645DF8044B99641A6434
:10910000704700BF00640240280B0020800000640C
:109110008056A0000F4B9A6912F0300F05D0302115
:10912000D9619A6912F0300FFAD10B4B094A1B78BA
:1091300043F000735360BFF34F8F5368002043F434
:1091400000535360936913F0100F18BF01209B0662
:10915000F8D57047005400402C11002010B5FFF7DF
:10916000D9FF0028FBD1274B9A6912F0220F05D0B6
:109170002221D9619A6912F0220FFAD1224C214A98
:10918000D4E90131DB0B023103F00E0343F0A003FD
:1091900043EA014123705160BFF34F8F536843F49A
:1091A0000053536093699907FCD560681549C0F373
:1091B000072393628B699A07FCD5C0B2A3688862C3
:1091C0006BB112490F4A0B44083103F1080093694F
:1091D0009B07FCD511F8013F81429362F7D1094A00
:1091E00093695906FCD500235360BFF34F8F4FF4AA
:1091F0008043044953608B699B06FCD5002323738D
:1092000010BD00BF005400402C1100203011002080
:10921000002A00F09A80B0F5002F2DE9F0470646AD
:1092200080F0828083189146B3F5002F7CD80C46DD
:10923000002979D0464D2B7B002B7FD1A046662795
:10924000444CC1446B68B34203D8F31AAA689342F2
:1092500060D32B7B26F07F0A002B68D18023C5E9E1
:1092600001A3FFF757FF0028FBD1A36913F0660F96
:1092700004D0E761A36913F0660FFAD14FEADA333D
:1092800003F00E0343F0A00343F400322B7062603E
:10929000BFF34F8F636843F400536360A36998077B
:1092A000FCD56A68C2F30723A362A3699907FCD5BA
:1092B000D3B2A362A3695B06FCD5D30B264A03F0A5
:1092C0000E0343F0A0031A432B706260BFF34F8F6D
:1092D0006268AB6842F40052012B62600CD91F4AED
:1092E0001344083203F10801A3695807FCD5636AE7
:1092F00002F8013F8A42F7D100236360BFF34F8F2A
:109300004FF480436360A3699B06FCD56B68002221
:10931000F31A2A732B4401365B7B08F8013BC845DE
:1093200090D10020BDE8F0870220BDE8F087AB684F
:1093300013B1FFF713FF91E72B738FE7AB6813B1FE
:10934000FFF70CFF7AE72B7378E70220704700BF26
:109350002C11002000540040000480003011002037
:10936000002A40D0B0F5002F2DE9F041044632D25A
:1093700000EB0208B8F5002F2DD80E4659B31C4D4E
:1093800001270DE0AB68BBB1FFF7E8FE2B7B9BB17B
:10939000D5E901231A44A24227D00134A04517D0B1
:1093A0006A6844F07F0342F07F018B4201D1A24200
:1093B00014D92B7B002BE5D1012200236C602F7385
:1093C00001342B44AA60A04516F8012B5A73E7D14B
:1093D0000020BDE8F0810220BDE8F081AB681A44AE
:1093E000A242D3D2E5E7022070475A1CE8E700BF4B
:1093F0002C11002010B50A4C237B43B1A36833B174
:10940000FFF7ACFEFFF786FE18B9A06010BD002381
:109410002373FFF77FFE0028FBD1A06010BD00BFC3
:109420002C110020044B00224FF0FF30A0211A73B2
:109430001970C3E901026DE62C110020FEE700BFA0
:10944000FEE700BF0FF064B900EB80000DF0D2BB67
:1094500008B50FF05DFA024BA3FB0030800808BD91
:10946000CDCCCCCC08B50FF053FA024BA3FB0030A7
:10947000800808BDCDCCCCCC704700BFF0B58BB018
:1094800016460D4604462022002102A81F460FF072
:1094900021FF109B01AA31462846069701940793A5
:1094A0000EF0B0FC0BB0F0BD10B5044604480DF052
:1094B00073F8B0FA80F320605B09584210BD00BF1A
:1094C000AC3002084FF0FF3100680DF099B800BFD2
:1094D00000680DF0B3B800BF0B460022042110B5A0
:1094E000044618460BF0D2FEB0FA80F320605B0908
:1094F000584210BD10B582B00C464FF0FF33002229
:1095000001A9006801940BF0F9FE02B010BD00BF84
:1095100010B5002382B00C46006801A91A460194D8
:109520000BF0ECFE003818BF0120404202B010BD25
:1095300010B5002382B00C46006801A91A460194B8
:109540000BF0DCFE003818BF0120404202B010BD15
:1095500010B50C4682B06AB102EB820301A9002269
:1095600000680BF019FF02300CD0019B0020236033
:1095700002B010BD4FF0FF3301A900680BF00CFFE3
:109580000230F2D14FF0FF3002B010BD10B5002212
:10959000044601200CF030FD18B103460020236082
:1095A00010BD4FF0FF3010BD00680BF0A9BF00BF29
:1095B00000680CF099BD00BF00680CF0EDBD00BF65
:1095C00010B5002382B00C46006801A91A460BF0C2
:1095D000E3FE18B9019B236002B010BD4FF0FF30CD
:1095E00002B010BD08B549B101EB810100680CF073
:1095F0003BFD003818BF0120404208BD4FF0FF314D
:1096000000680CF031FD003818BF0120404208BD51
:1096100000680DF047B800BF2C4B2DE9F04FDC6A15
:1096200083B08B46A36800294DD0002640F2F45940
:10963000B0462268002A1BDBBBF80A2095194D456D
:109640003CD9002702E04D45A36821D9A9EB060AC1
:10965000DBF8041098190026394452460FF024FD17
:10966000E468A5F2F45557442368D044B342EADADB
:109670006FF00700154B1B6803F580535A6992067B
:1096800003D52021002259615A6003B0BDE8F08F54
:1096900018462E46DBF804102A460193A8443944A4
:1096A0000FF002FDDBF800B0019BBBF1000FC0D151
:1096B0004146064808F06CFF0020DBE798190027B8
:1096C0002E461546E6E78846F2E700BFBC110020AB
:1096D0002DE9F04FDFF8F49083B001904FF0FF31A7
:1096E000D9F848000CF0C0FC0028F7D1374809F041
:1096F0001FF804460028F1D1B9F83C1051BB4FF0D7
:10970000000AD9F83800D9F8303040B100211A6881
:10971000013142F0004281421A60DB68F7D1D9F88A
:109720000030002203F58053C9F838205A69120628
:1097300003D580225A6100229A60BAF1000FCDD081
:10974000019950460B6998470028CFD0504604F045
:109750008FFCCBE74FF4C172D9F8407004F07AFA6D
:1097600082460028CBD08346214640F2F458D9F8EF
:109770003060BBF80A205418444523D90025DBF893
:109780000400A8EB0102A4F2F4543944284415441F
:109790000FF08AFCF66844454FF00001B768EED838
:1097A00039462246DBF8040028440FF07DFCDBF844
:1097B00000B0BBF1000FA4D02146BBF80A2054181A
:1097C0004445DBD839440025ECE700BFBC1100203C
:1097D0002D4B02689A4200D07047A3F590432B4866
:1097E0001A6B42F00072F0B51A6389B01A6B00244C
:1097F0000227032602F000720B2503A90092009AAB
:109800001A6B42F080621A631A6B02F08062019256
:10981000019A1A6B42F000621A631B6B03F000633B
:1098200002934FF4C043CDE904740393029BCDE946
:10983000066509F009FB322303A915480393CDE916
:109840000474CDE9066509F0FFFA862303A91148DF
:109850000393CDE90474CDE9066509F0F5FA4FF4F8
:10986000006303A90C48039304970795CDE90546C7
:1098700009F0EAFA224605213D200AF0E9FF3D20E1
:109880000BF024F809B0F0BD00800240001802403F
:10989000000802400000024000040240026808B5CF
:1098A000144B9A4200D008BDA3F590434FF4C04139
:1098B00011481A6B22F080621A631A6B22F0006260
:1098C0001A631A6B22F000721A6309F003FC32214A
:1098D0000A4809F0FFFB8621094809F0FBFB09480B
:1098E0004FF4006109F0F6FB3D20BDE808400AF0A6
:1098F000FBBF00BF00800240001802400008024089
:109900000000024000040240014B986C0CF0ECBBDC
:10991000BC110020014808F061BF00BFBC1100204D
:1099200010B5094C82B0112101AA204608F094FF1D
:10993000019A1121204622F4F04242F4B0420192F1
:1099400008F0C4FF02B010BDBC1100203A4B47F232
:1099500073413A4AF0B53A4D8DB043610126394B17
:1099600001AFC18504462B604FF400638261394624
:10997000EB604FF4804306223348AB6003236E60F4
:109980002B82FFF745FC00224FF400032846C5E96F
:109990000576C5E9072308F0D1FF28B994F82D30E2
:1099A00043F0040384F82D3028490423284AA1F108
:1099B0004C0008F057FD27490423274AA1F1CC00A9
:1099C00008F096FD6B69062284F82C201A7884F83A
:1099D00026205A7884F827209A7884F82820DA7884
:1099E00084F829201A7984F82A2094F82D205979AE
:1099F00040F2DC5384F82B100121A38442F00A03C7
:109A00000846002284F82D300CF0F6FA2422A864CF
:109A1000002103A84FF400750FF05CFC302303AA6B
:109A200021460E48CDE908530EF0ECF9044809F040
:109A30008FF800200DB0F0BDC1C3000819960008D2
:109A4000BC11002000800240F8FF0700081200202F
:109A50000813002088120020D82A0020D196000880
:109A6000BFF34F8F0549064BCA6802F4E062134307
:109A7000CB60BFF34F8F00BFFDE700BF00ED00E0FC
:109A80000400FA0510B582B00C4C08F0C3FB0C4B77
:109A900001A90A220193206008F060FB08F0BAFBDC
:109AA00041F690720749606008F0DEF9002206492D
:109AB000606808F08DFB02B010BD00BFA842002016
:109AC000C0A81445B8410208459B000870B5194E5E
:109AD00033682BB305460FF013FF01464FF4C172F4
:109AE000362089B204F0B6F80446F0B128460FF0EB
:109AF00007FF294682B2204604F096FB21463068D3
:109B000008F01AFB38B901200DF074F82046BDE8C2
:109B1000704004F0ADBA014607480FF03DFCF2E793
:109B20000648BDE870400FF099BC0548BDE870409C
:109B30000FF094BCA8420020F8300208BC300208A4
:109B4000DC3002080AB3F0B5558985B0144600260A
:109B50002A4601A861680396134FCDE901660FF00C
:109B6000A3FA04AB396801A81D4405F80C6C0FF08A
:109B70004BFD90B1796801A80FF046FD30B1204649
:109B800005B0BDE8F04004F073BA70470748FFF72E
:109B90009DFF00F017F8FFF763FF0548FFF796FFFA
:109BA00000F008F8FFF75CFF1000002038310208D1
:109BB00018310208024B4AF2A5525A65704700BF9D
:109BC00000280040014B00225A65704700280040E1
:109BD000044A4AF2A553506DC01AB0FA80F0400909
:109BE000704700BF00280040074B08491A6C42F03C
:109BF00080521A640A6842F480720A601A6F42F452
:109C000000421A67704700BF0038024000700040F1
:109C100030B5134D87B0A84202D9012007B030BD3E
:109C200000230446CDE9003300F052F803462846ED
:109C3000039300F04DF8034620461C4600F048F818
:109C400002460223694601A8A41A0593013404942C
:109C50000AF03EFC003818BF012007B030BD00BF3D
:109C6000FFFF1B0884B010B502AC84E80F0020464B
:109C70000AF032F8204609F0EFFF0299114A8B688A
:109C800043F001038B601468A20808D00E480F4B04
:109C90001044800053F8042B98420A60FAD1A307BD
:109CA0000AD00A4A24F003031444134413F8012B86
:109CB0009C420A700299F9D10868BDE8104004B0CE
:109CC000704700BF000004080001010200040408FE
:109CD0001E4B984228D31E4B984223D91D4B9842C5
:109CE00024D31D4B984223D903F50033984221D940
:109CF00003F5802398421FD903F5802398421DD98C
:109D0000B0F1016F1CD303F5002398421AD903F573
:109D10008023984218D903F58023984294BF0A20E3
:109D20000B207047012070470020704702207047C9
:109D300003207047042070470520704706207047B5
:109D400007207047082070470920704700800008EE
:109D5000FFFF000800800108FFFF01080AF0B4B906
:109D60000E4B984201D90120704700B5002387B0FF
:109D700002226946CDE90033FFF7AAFF03460592A8
:109D800001A8C3F10802CDE903320AF0A1FB0038B3
:109D900018BF012007B05DF804FB00BFFFFF0C08EF
:109DA00042B32DE9F041044617460D1F0026DFF8A7
:109DB000488010E021686A680AF020FAA0B9226899
:109DC00055F8043F12689A4211D12368BE4203F14C
:109DD0000403236005D02168013600230220414599
:109DE000E8D30020BDE8F0810120BDE8F081022029
:109DF000BDE8F08100207047FCFF1B08F0B500248F
:109E000083B0054698B28DF8044004240E461746E8
:109E10008DF8054004F064FC2146ADF806004FF4CF
:109E2000C172362003F016FF78B104464168284617
:109E3000019DBBB232460D60214608F053F9204621
:109E400003B0BDE8F04004F013B9034803B0BDE827
:109E5000F040FFF73BBE00BF743102082DE9F0412E
:109E600014461F465289ADF5187D2389BDF87882C6
:109E7000934229D1042B05460E4608D963685888B9
:109E800004F02EFCD5F814320133984223D06368D5
:109E9000588804F025FCD5F814325A1C90420FD093
:109EA000424639463046FFF7A9FF6389B3F5017F83
:109EB0003CD3204604F0DCF80DF5187DBDE8F081B8
:109EC0000346C5F81402EBE74B480DF5187DBDE8D5
:109ED000F041FFF7FBBD6289042318A92046043A2C
:109EE00092B204F037F9454A61891368043B0B4488
:109EF00013600B1F002B1A46B8BF01F1FF329B07FE
:109F0000C2F38F0201D0013292B218A93C48FFF788
:109F100047FF6289D5F81432111FD5F81822013392
:109F20000A44C5F81432C5F81822B9E7DFF8CC8026
:109F30000EA83449D8F800200FF0DAFA0EA8FFF77F
:109F4000C5FD284603F09AFB304608F037F9304645
:109F500008F042F92C4F00222C49D8F8080008F0EC
:109F600037F9204604F084F8FB68B3F1A53F11D01F
:109F70002748FFF7ABFDFFF725FEBFF34F8F2549BD
:109F8000254BCA6802F4E0621343CB60BFF34F8FE6
:109F900000BFFDE7214E6C4606F110050FCD0FC442
:109FA0002B68236096E80F00FFF75CFE1C49024611
:109FB000044606A80FF09CFA06A8FFF787FD7B6809
:109FC000A34214D01748FFF781FD0AF07DF8384608
:109FD000FFF7C6FE40464FF0016140F80C7F0B686A
:109FE00003F58063C3F38F02FFF7DAFEC0E70E4884
:109FF000FFF76CFDBCE700BF8C3102081443002062
:10A0000018430020A4310208000004082DA0000815
:10A010002C32020800ED00E00400FA05B00A00202E
:10A02000CC31020800320208DC3102082DE9F04F81
:10A030005A4CABB016461F46E168BDF8D080B1F16E
:10A04000A53F63D008F0E6F80546002800F08580BB
:10A050000022534907F008FF002840F0848074680C
:10A060006378022B46D1A378A11C002B00F09480CA
:10A070006FEA040E8C460EEB0C021CF8014F002C0C
:10A08000F9D1013214A80FF0E9FC14AA45491EA821
:10A090000FF02EFA1EA8FFF719FD4FF40A7003F017
:10A0A00001FC0446002864D03B684FF00009DFF84B
:10A0B0000CA10246DFF8E4B03B49C0E98338022333
:10A0C000C0E985990360284608F082F8CAF8009034
:10A0D000FFF744FE5846FFF743FE2846D4F81432F3
:10A0E00042463946CAF804B0FFF788FE2F48FFF70A
:10A0F000EDFC05E02E48FFF7E9FC284608F06CF877
:10A10000304603F0B5FF2BB0BDE8F08F294A684612
:10A1100029490FF0EDF96846FFF7D8FC09F0D4FFA4
:10A120004FF00160FFF774FD4FF0016323482146B3
:10A1300040F8103F226802F58062C2F38F02FFF7F9
:10A140002FFE00283FF47EAF02461D490AA80FF0FB
:10A15000CFF90AA8FFF7BAFC74E71A48FFF7B6FC74
:10A160002BB0BDE8F08F1848FFF7B0FC2BB0BDE86E
:10A17000F08F1648FFF7AAFC204603F07FFA284626
:10A1800008F01CF8284608F027F80C4B2246104926
:10A19000986808F01DF8B3E7012273E7000004088F
:10A1A000B8410208C83202085D9E0008EC3202087D
:10A1B000B432020810000408483202081443002098
:10A1C00060320208843202089C320208DC32020843
:10A1D0002DA0000810B50D4C08F01CF8A06080B14F
:10A1E00045220B4907F040FE30B902460949A068F4
:10A1F000BDE8104007F0ECBF0748BDE81040FFF78E
:10A2000065BC0648BDE81040FFF760BC1443002061
:10A21000B84102082DA000081C33020804330208CC
:10A2200038B50E4B0D46044619462B6000F0F0FA87
:10A2300008B9204638BD0A492046296000F0E8FAEE
:10A240000028F6D007492046296000F0E1FA0028EE
:10A25000EFD000231C462B60EBE700BF343302082D
:10A26000403302084C33020882BB70B5B1FA81F565
:10A270000C466D0939B30121204606F041FF2C2020
:10A2800003F010FB0646D8B12C2229460FF022F825
:10A2900031462046F46106F04BFF20460D4906F09A
:10A2A0004BFF20460C4906F04FFF042220460B4985
:10A2B00006F054FF20460A4906F042FF284670BDCA
:10A2C0004FF0FF3070BD6FF0050070BD6FF00500FE
:10A2D000704700BF81A40008E5A2000841A400085F
:10A2E000A1A7000890B110B50446406918B100F06C
:10A2F000B5FA00236361206A18B103F0B9FE0023A8
:10A3000023622046BDE8104003F0B8B9704700BF93
:10A3100038B504460D46002106F00AFF002120460C
:10A3200006F00AFF0021204606F00EFF002220461C
:10A33000114606F013FF0021204606F001FF75B11B
:10A34000686918B100F08AFA00236B61286A18B1B5
:10A3500003F08EFE00232B62284603F08FF920467F
:10A3600007F058FB00B938BD204604220249BDE879
:10A37000384006F0F3BE00BF41A40008F8B54FF620
:10A38000FE734C6A0E4605469C428F690DD8002C20
:10A390003AD10127706900F063FA002824DC3146C5
:10A3A00028460027FFF7B4FF1EE04FF6FF746A8EC1
:10A3B000B5F86430520092B29A4228BF1A469442CD
:10A3C00028BF1446002322463946284604F03CFDA7
:10A3D000431C0BD090B9736A0127B2691B1B22443E
:10A3E0007362B261002BD5D03846F8BDB5F8643041
:10A3F00023B1B5F866306408082B02D9736A0027C8
:10A40000F0E7012CDED8F9E7A4B2D0E7A9B138B55E
:10A410004B6A04460D462BB9486940B100F020FA5A
:10A42000002804DD29462046BDE83840A6E720463E
:10A430002946FFF76DFF002038BD0020704700BFA0
:10A4400010B50C4680B190F828300133DBB2042BF4
:10A4500080F8283008D0436923B101462046FFF731
:10A46000D5FF38B9002010BD01462046FFF750FF48
:10A47000002010BD204605F0B3F8002010BD00BF3D
:10A480002DE9F04F05460E4614462DED028B87B0A0
:10A4900083B9BAB178B11189304606F03FFD6B69D6
:10A4A000D3B1204603F0E4FD002007B0BDEC028BE1
:10A4B000BDE8F08F32B13046218906F02FFD2046ED
:10A4C00003F0D6FD29463046FFF722FF002007B0F3
:10A4D000BDEC028BBDE8F08FAB69002B40F0B38080
:10A4E000286A002800F0A680214603F0DDFD204602
:10A4F00003F0CCFD286A0368002B00F09680B0F8CA
:10A50000088040F2FF339F499845894628BF984606
:10A510000023424603F01EFEB8F1060F71D94246F1
:10A520009949484604F0E2F800286AD00422974985
:10A5300048460FF053FA0746002840F0A980A8F1DA
:10A54000040209F1040B924909F1030A92B2584638
:10A55000019204F0CBF8019A034600286CD0002B3E
:10A560004FD09A4501934CD242468A49484604F05E
:10A57000BDF8019B002844D0A3EB0B0300225846F2
:10A580009BB289F803200BF80320CDF814B00FF02C
:10A59000B7F9814628B100F1FF3A1BF80A302F2B9A
:10A5A0007CD03F2158460EF0C3FF18B10023037042
:10A5B000DDF814B059462846A84600F029F90028CD
:10A5C00052D1D8F800000023D8F80420C5F8148030
:10A5D000A8616A6285F8283027B198F81030DB0747
:10A5E00000F1B380286A00283AD003F041FD00232F
:10A5F00020462B6203F03CFD29463046FFF706FF5C
:10A6000064E7286A03F038FD2B6A1A89B2F5806F77
:10A6100002D205287FF645AF184603F029FD002336
:10A6200020462B6203F024FD4CE7D4F80490B4F8E4
:10A630000A8071E72C625AE75349584604F056F8ED
:10A64000012703468BE76FF00707286A002840F0D0
:10A650009080204603F00CFD10373FF433AF35E710
:10A66000204603F005FDC7E7284605A9FFF7D8FDFA
:10A6700080460028A5D105A92846FFF7D1FD8046D0
:10A6800000289ED1686285F82800C5E90500A9E781
:10A6900000236FF00F0789F80430D6E7012802D0B5
:10A6A0003D4B9B455FD0BAF13F0F28BF4FF03F0AAB
:10A6B000B9F1010F0BD0DFF8CC805946524608F5AE
:10A6C0008060D0440EF0F0FC002388F80034324B58
:10A6D000A8464FF0000B0194534408EE103AB9F12C
:10A6E000010F12D0DAF13F0213D12B4C284621463C
:10A6F0000BF1010B00F08CF8002836D0BBF1050FF0
:10A70000EDD1019CDDF814B04BE7244B53F83B40EE
:10A71000ECE7224B039253F83B101F4C0846029182
:10A720000FF0EEF8039A0299824228BF024618EE13
:10A73000100A02920EF0B8FCA4F58063029A53440A
:10A740001344002283F80024D0E7124903F0CEFF1F
:10A7500000283FF447AF0430AA696B6A821AA861E7
:10A760009B1A6B623EE79B461BE72346019C0593C1
:10A7700027E703F07DFC002320462B6203F078FCE2
:10A780006AE700BF28430020583302085C33020800
:10A79000643302086833020828470020B0330208F7
:10A7A00098B1002238B5436A04460D4680F8282047
:10A7B0002BB9406958B100F053F8002807DD214655
:10A7C0002846FFF7DBFD002038BD002070472146FA
:10A7D0002846FFF79DFDF6E710B52E2007F082F81A
:10A7E00088B10446012106F08BFC50220649204620
:10A7F00006F0C2FAFF21204606F06AFB0349BDE8D5
:10A80000104006F0A5BC10BDB841020869A20008BE
:10A81000F0B170B50D46C1B10F49064601F5ED64C2
:10A8200000E0616828460EF0EFFE28B12468002C95
:10A83000F7D16FF0050070BDD4E90223F060B3607A
:10A84000C6E90023237C337470BD6FF00F0070BD28
:10A850006FF00F00704700BFD8330208704700BF89
:10A86000D0E90120101A70472DE9F843002973D070
:10A87000B0FA80F504466D0900286DD08946164669
:10A880004FF49A714FF4207236201F4603F0E2F91C
:10A890008046002860D0032E42D099F80630002B65
:10A8A00065D0354B1868D8F804504FF49A720021DF
:10A8B000C9F8000028460EF00DFD01232B706B70C7
:10A8C00094F82C30AB70D9F8000003F00DFF042E83
:10A8D000686046D16368EB6004F1260105F11C0C49
:10A8E0002C3411F801EB8C420CF801EBF9D1632305
:10A8F0006FF07D0285F8F260404685F8EC3085F80F
:10A90000EF30352385F8ED20532285F8F030012310
:10A9100085F8EE2085F8F13003233B80BDE8F8830D
:10A9200099F80530032BB8D0294645684FF49A7240
:10A9300028460EF0CFFC01232B706B7094F82C305E
:10A94000AB70D9F8000003F0CFFE686099F80530CD
:10A95000043B012BC0D8BDE74FF000084046BDE8DE
:10A96000F883F31F012BB5D9032EB5D1EEE70EF016
:10A9700085FD014B186096E76847002010B5046A12
:10A980006379082B04D000230822A371627123810C
:10A99000002204F11C0101F079FCA379FF2B01D006
:10A9A0000133A3710123238110BD00BF002800F0F3
:10A9B0008D80016A002900F089808B6A0022B3F142
:10A9C000FF3F00B54A8283B00DD01E33B3F5701F30
:10A9D0006DD2A2F177323B2BA2FB03C2C2F34F121E
:10A9E00075D801238B82CB6A5A1C44D01E33B3F531
:10A9F000701F57D2394A3B2BA2FB032CCCF34F1CC0
:10AA000067D801239C464B810A6BA1F80EC0531CEA
:10AA100036D01E32B2F5701F3FD2304B3B2AA3FB1B
:10AA200002E3C3F34F1357D8012213468A81012250
:10AA30000B829C4502D30AB100234B81CB7923B30F
:10AA40000B6A00934B6A01932BB9CB69009A1340B0
:10AA500043F0807301934B790A2B04D000230A2220
:10AA60008B714A710B8101AB6A461C3103F070FF98
:10AA700003B05DF804FB0A6BB1F80AC0531CC8D1DF
:10AA80008B891A1E18BF0122D3E791F91C300A7F67
:10AA9000002B13DBFF230093D4E74FF6FF7213461E
:10AAA0008A81C4E74FF6FF739C464B81ACE74FF6B3
:10AAB000FF738B82CB6A5A1C98D1DCE7BF2A8CBF0C
:10AAC0006FF07F434FF6FF730093BBE770478A82B6
:10AAD00089E7A1F80AC097E78B81A8E78988888869
:10AAE00038B5114D2C791CB1013400202C7138BDC2
:10AAF00007F090FBA86098B1427A0C4942F020021E
:10AB00004272442207F0B0F908494322A86807F0CE
:10AB100025FB22460649A86807F05AFB2C79E3E793
:10AB20004FF0FF3038BD00BF68470020B841020831
:10AB300095B0000838B51A4D00230446EA7BC0E9F9
:10AB400008330AB12B6A83622B7C2BB36B6A6A7C55
:10AB5000E3624AB1AB6A2363AB7C0A69E2616BB919
:10AB6000E371EB7C9BB938BDA36AC3EBC303DB087D
:10AB70002363AB7C0A69E261002BF1D0E86A03F041
:10AB8000B3FD01232062E371EB7C002BEBD0286B3B
:10AB900003F0AAFD606238BDA36A5B08D7E700BF77
:10ABA000684700202DE9F04FD0F820808BB0074691
:10ABB00098F80530032B07D00023032288F80630CD
:10ABC00088F80520A8F808300DF126030322414635
:10ABD0003846FFF749FE0646002800F09080BDF891
:10ABE00026404FF0020E45684FF0390A04F1010C7F
:10ABF000A01CF035E11C1FFA8CFC221D80B205F868
:10AC000004A089B205F80CE005F800E0402092B2FB
:10AC1000631D6854322104F106099BB2A954042231
:10AC20001FFA89F9EA54D8F81C00ADF8269003F011
:10AC30005BFD04F109034FEA106B04F1070E04F108
:10AC40000E029BB205F809B01FFA8EFE04F1080C43
:10AC5000029304F10A0392B299B204F10B034FEA92
:10AC6000104907929BB2029A05F80E901FFA8CFCCD
:10AC7000049304F10C034FEA102E039199B204F1EE
:10AC80000D0305F80CE01FFA83FAA8543720039A45
:10AC9000CDF818A04FF0030AA8540120049A04F13B
:10ACA0000F03059104F1100105F802A09BB2059A6B
:10ACB00089B2A8541C20069A432905F802A0079AD5
:10ACC000A8544FF0FF02ADF82630EA5407D8C4F17B
:10ACD00034026818002192B20EF0FCFA4421F031DF
:10ACE000304689B203F092F815484323154A80682C
:10ACF0003146009707F0CAF9304603F0B9F998F8E1
:10AD00000630FF2B16D00133DBB2092B88F8063052
:10AD100010D8C3EB43110C4A03EB8103DB0003F2B1
:10AD2000F3139BB2A2FB03235B09A8F808300BB016
:10AD3000BDE8F08F1423A8F808300BB0BDE8F08F01
:10AD400068470020B4410208D34D62102DE9F04F4E
:10AD5000066A002389B005467279F361062A03D09A
:10AD60000622B371338172710DF11E030122314647
:10AD70002846FFF779FD0446002866D0BDF81E205E
:10AD8000392140684FF00309531CD71C00F1F00C27
:10AD900002F1050E9BB20CF802100221BFB20CF8B2
:10ADA0000310931DB5F824A002EB01089BB2111DFE
:10ADB0001FFA88F803934FEA1A2BD31D89B20CF8B7
:10ADC00008B01FFA8EFE0CF807A098B2372702F1E0
:10ADD0000803049002F109000CF801709BB20121F4
:10ADE000039F0CF80E9080B20CF80710059302F147
:10ADF0000A0304999BB2059F0CF801901C21432B78
:10AE00000CF807104FF0FF01ADF81E000CF8001011
:10AE100008D8C2F13A020CEB0300002192B20EF006
:10AE200059FA442303F1F0012046164F89B202F08B
:10AE3000EDFF15484323154A80682146CDE90057A8
:10AE400007F084F8204603F013F9B379FF2B13D0F1
:10AE50000133DAB2052AB2710ED84FF47A730C4975
:10AE60000020934003F2F3139BB2A1FB03235B0981
:10AE7000338109B0BDE8F08F78230020338109B019
:10AE8000BDE8F08FB841020868470020B4410208CD
:10AE9000D34D6210002800F0F3802DE9F04F076ACF
:10AEA0008BB08046002F00F0E6807B79012B04D028
:10AEB00000230122BB717A713B810DF1260303222D
:10AEC00039464046FFF7D0FC0646002800F0C08017
:10AED000BDF82640392245684FF0040A631CE11C86
:10AEE000F03504F106099BB204F10C0B2A5502223D
:10AEF00089B2EA54A018B8F824C0221D80B2631D9C
:10AF00004FEA1C2E92B205F800E09BB205F801C092
:10AF100032211FFA89F9A95405F803A0F869ADF8A0
:10AF2000269003F0E1FB04F10B0304F1070E04F19A
:10AF3000080C04F109019BB204F10A021FFA8EFE0B
:10AF400002931FFA8BF34FEA106B1FFA8CFC05F883
:10AF500009B04FEA104989B204F10F0B05F80E90C1
:10AF60004FEA102E92B205F80CE01FFA8BFB6854E2
:10AF70003621A954029A029305F802A0B869ADF8E7
:10AF8000263003F0B1FB04F1100304F114024FEA80
:10AF9000106A04F10D0E99B204F1110392B204F19A
:10AFA0000E0C9BB2039107921FFA8EFE029A1FFAB3
:10AFB0008CFC049304F1120305F802A04FEA104A36
:10AFC00099B204F1130305F80EA04FEA102E1FFAF0
:10AFD00083F9039A05F80CE004F1150305F80B005A
:10AFE0003720CDF818904FF00309A8540120049A97
:10AFF0009BB2059104F1160105F80290059A89B2F9
:10B00000A8541C20069A432905F80290079AA854D0
:10B010004FF0FF02ADF82630EA5407D8C4F12E02F3
:10B020006818002192B20EF055F94421F0313046F3
:10B03000144C89B202F0EAFE13484323134A806895
:10B040003146CDE9008406F081FF304603F010F868
:10B05000BB79FF2B12D00133DAB2052ABA710DD8B1
:10B060004FF47A730A49934003F2F3139BB2A1FBA6
:10B0700003235B093B810BB0BDE8F08F7823F9E730
:10B08000704700BFB841020868470020B441020879
:10B09000D34D6210A74B2DE9F04FD3F804A087B031
:10B0A0001446DAF82070002F45D03B79002B42D0AF
:10B0B00053892B2B3FD956683378022B3BD19AF812
:10B0C0002CC0BCF1000F10D00AF1260106F11C02C1
:10B0D000002311F8015B013312F8010BDBB285424A
:10B0E00029D1062B01D06345F3D3706803F0FCFA35
:10B0F0003B6898421FD190490022C1E9032263892D
:10B100002B2B18D9B4F808904FF0F00B0192009453
:10B11000CDE902A7009E00E073895B45ABEB03021B
:10B12000A9EB03030DD836681FFA82FB1FFA83F9D7
:10B13000002EF1D1009C204607B0BDE8F04F02F090
:10B1400097BFCB45746880F00F815D46625DFF2A32
:10B1500000F00A81AB1C9BB2AB42EBD3691C708937
:10B16000814280F2F880671997F801803B2A00F24B
:10B170009781DFE812F03C004D009501B100950188
:10B18000950195019501950195019501950195010F
:10B1900095019501950195019501950195019501FF
:10B1A00095019501950195019501950195019501EF
:10B1B00095019501950195019501950195019501DF
:10B1C00095019501950195019501950195019501CF
:10B1D000950195019501950195019501A3008D00BB
:10B1E000D100C300950195019501E3007F008DB268
:10B1F0008542C0F0B6802D1AA9EB0009ADB21FFA46
:10B2000089F94D4596D23668002E93D074689DE733
:10B21000B8F1040F8ED14FF6F97295428AD80635EF
:10B220004FF0060AADB200220592434A5244127B07
:10B23000002ADDD11FFA88F705A930463A4602F008
:10B2400089FF87427FF476AFB8F1040F00F03881B0
:10B25000B8F1010F7FF46EAF9DF81400364A4FF03D
:10B26000010102EB0A0302EB8A0A1973CAF81400FF
:10B270007089BDE7B8F1040F7FF45CAF4FF6F97247
:10B2800095423FF657AF06354FF0050AADB2CAE713
:10B29000BBF1F00F7FF44EAFB8F1010218BF0122ED
:10B2A000002A7FF447AF4FF6FE77B9423FF442AF32
:10B2B000033592464FF00108ADB2B4E7B8F1040F80
:10B2C0007FF438AF4FF6F97295423FF633AF06354B
:10B2D0004FF0030AADB2A6E7B8F1030F7FF62AAF2D
:10B2E00045444FF6FD7295423FF724AF03EB080546
:10B2F0004FF0070A4FF00408ADB294E7B8F1040F1D
:10B300007FF418AF4FF6F97295423FF613AF06354A
:10B310004FF0020AADB286E7B8F1010F7FF40AAF31
:10B320004FF6FE7291423FF405AF0335C246ADB20F
:10B3300079E700BF348A002068470020B8F1040F85
:10B340007FF4F8AE4FF6F97295423FF6F3AE06354C
:10B35000C246ADB267E737681FB37F6897F80080D1
:10B3600004E7A9453FF6F2AE894B1B7B63B1884BDE
:10B370004FF000021A735B69012B00F09C80022BD6
:10B3800006D0032B00F09580019B002B00F09C80E1
:10B3900000234FF06C094FF02C0B0193009B5B894D
:10B3A000B8E63B2A7AD801A757F822F0EFB1000897
:10B3B00035B100089DB4000835B100089DB40008FF
:10B3C0009DB400089DB400089DB400089DB4000819
:10B3D0009DB400089DB400089DB400089DB4000809
:10B3E0009DB400089DB400089DB400089DB40008F9
:10B3F0009DB400089DB400089DB400089DB40008E9
:10B400009DB400089DB400089DB400089DB40008D8
:10B410009DB400089DB400089DB400089DB40008C8
:10B420009DB400089DB400089DB400089DB40008B8
:10B430009DB400089DB400089DB400089DB40008A8
:10B440009DB400089DB400089DB400089DB4000898
:10B450009DB400089DB400089DB400089DB4000888
:10B460009DB400089DB400089DB400089DB4000878
:10B470009DB400089DB4000835B1000835B100083E
:10B4800035B1000835B100089DB400089DB400082E
:10B490009DB4000835B1000835B100084FF0000830
:10B4A00045444FF6FD7295423FF744AE43449DB28A
:10B4B0009EE6012301934FF0EC094FF06C0B6DE712
:10B4C000059803F011F9C9E6314B009C5B7BDDE97F
:10B4D00002A7002B3FF42FAE2D4B65681B7E052B7A
:10B4E0001DD0062B2BD0022B7FF425AE7B79062BAB
:10B4F0007FF421AE264B9B7B002B3FF41CAE244BEC
:10B50000DAF82060D869019B338103F0EDF8034637
:10B510005046B3612B69F361FFF7BCFC0BE67B7906
:10B52000012B27D0033B022B3FF605AEDAF82000B3
:10B530002946FFF7FFFA5046FFF738FAFBE57B791B
:10B54000DA1E022A02D9012B7FF4F5ADDAF8203099
:10B550005A790C2A04D000220C219A7159711A814F
:10B560000C4B50461A46194603F0F2F95046FFF7C5
:10B57000EDFBE0E5DAF820002946FFF7DBFA9AF860
:10B580002D3050461B07D7D5FFF7F8F9D3E500BF9C
:10B5900068470020B84102080B463422002110B54C
:10B5A000044618460DF096FE206210BD10B5044604
:10B5B000006A18B102F062F80023236210BD00BFD8
:10B5C000002865D02DE9F04190B00446FFF788FAD5
:10B5D000064610B110B0BDE8F0810146342203A840
:10B5E0000DF078FE07220DF10A0303A98DF8112052
:10B5F00020460822FFF738F90546002849D0BDF853
:10B600000A2039214068531C02F1030CF0309BB230
:10B61000815402211FFA8CFCC15402EB010EA78C4D
:10B62000531D1FFA8EFE111D4FEA17289BB200F81A
:10B630000E8089B200F80C70432B4FF0FF07ADF875
:10B640000A10475407D8C2F13F021844314692B25B
:10B650000DF040FE4423F0330F4E284699B202F01D
:10B66000D5FB009443230D4A2946B06806F00EFD31
:10B67000284602F0FDFC3479013CE4B23471002C20
:10B68000A8D1B06806F0A8FDB46010B0BDE8F081A4
:10B690007047014EEFE700BF68470020B441020841
:10B6A000026A2AB15379052B03D8022B07D813B9A4
:10B6B00070470A2B03D000239371FFF747BB002389
:10B6C0009371FFF76FBA00BF00287DD02DE9F04FCE
:10B6D000056A85B0044615B16B79082B02D005B018
:10B6E000BDE8F08F0A68EB699A42F8D14FF0000983
:10B6F0000C23042229466B710DF10E0385F8069088
:10B70000A5F80890FFF7B0F80746002854D0BDF818
:10B710000E603222436806F1020A03F1F008731C3E
:10B720001FFA8AFA08F806209BB2042208F80320C0
:10B73000E869ADF80EA002F0D7FF06F1030E4FEA5C
:10B74000106B06F1040C721D08F80AB01FFA8EFE89
:10B75000F11D4FEA104A92B2B31D08F80EA01FFA6D
:10B760008CFC89B24FEA102E9BB2432908F80CE0FA
:10B7700008F802004FF0FF02ADF80E3008F8032081
:10B7800008D8C6F13D0208EB0100494692B20DF01F
:10B79000A1FD4421F031384689B202F037FB0B4954
:10B7A0000B4A43230094886839460192094A06F0FF
:10B7B000CDFB384602F05CFCAB79FF2B01D00133A6
:10B7C000AB7114232B818AE7704700BF68470020C4
:10B7D000B8410208B44102082DE9F04F056A89B06A
:10B7E00006466B79052B04D000230522AB716A71E4
:10B7F0002B810DF11E03032229463046FFF734F852
:10B800000446002800F08580BDF81E2043683920DA
:10B81000511CD71CF03302F1040E89B202F1050C61
:10B8200098540220BFB25854911DB6F824A002EBE0
:10B83000000889B202F109001FFA88F80391D11DAE
:10B840004FEA1A2B89B203F808B080B2049102F1D2
:10B85000080103F807A01FFA8EFE1FFA81F93727A7
:10B8600002901FFA8CFC03F80E700127039802F176
:10B870000A01CDF814904FF0030989B203F80C9037
:10B880001F541C270498432903F8009005981F545F
:10B890004FF0FF070298ADF81E001F5407D8C2F101
:10B8A0003A025818002192B20DF014FD4421F031F3
:10B8B000204689B202F0AAFA17484323214680683D
:10B8C00005F11802009606F0E1FB034620461C46EF
:10B8D00002F0CEFBAB79FF2B15D00133DBB2092B85
:10B8E000AB7110D8C3EB43110C4A204603EB810324
:10B8F0001B0103F2F3139BB2A2FB03235B092B8111
:10B9000009B0BDE8F08F282320462B8109B0BDE89F
:10B91000F08F4FF0FF34DDE768470020D34D621011
:10B920002DE9F047046A84B0002C7FD06279002AA8
:10B930007CD0A169002305460391111FE361012911
:10B94000A361A362E3812361A382C4E90833C4E94C
:10B950000B3301D90A2A5BD10DF10A0307222146D4
:10B960002846FEF781FF0646002851D0BDF80A7030
:10B970003622736807F1020903F1F0087B1C1FFAF5
:10B9800089F908F807209BB2042208F803200398DD
:10B99000ADF80A9002F0A8FEF91C4FEA106A07F110
:10B9A000040EFB1D08F809A089B24FEA1049BA1D20
:10B9B0001FFA8EFE07F1050C08F801909BB2010AF0
:10B9C00092B2432B08F80E101FFA8CFC4FF0FF01C7
:10B9D00008F80C00ADF80A2008F8021008D8C7F1E2
:10B9E0003D0208EB0300002192B20DF073FC4423EA
:10B9F000F033304699B202F009FA164A0095432313
:10BA00009068314603AA06F041FB304602F030FB55
:10BA1000114B28461A46194602F09AFF63791BB16A
:10BA200000236371A3712381237913B904B0BDE8A6
:10BA3000F087084E3579013DEDB2357125B100230F
:10BA4000237104B0BDE8F087B06806F0C5FBB560AF
:10BA5000F5E700BF68470020B8410208F8B50028A4
:10BA600045D090F82D300446DA0740D5838C056A1E
:10BA7000B3F5107F38D385B32B7913BB3422002163
:10BA800028460DF027FCFFF72BF8064660BB012384
:10BA90002B7194F82D305B0708D46B79022B03D0FF
:10BAA0000223A87128816B713046F8BD2046FFF74C
:10BAB0004DF90028F8D020464FF0FF36FFF730FF51
:10BAC000F2E70C4F3E79013EF6B23E71002ED5D121
:10BAD000B86806F081FBBE60D0E7342001F0E2FEDA
:10BAE000054608B12062C9E74FF0FF36DCE76FF08A
:10BAF0000F06D9E768470020734B2DE9F04F1D680A
:10BB00008DB00DB3DFF8C4A1DFF8C491DFF8C4B184
:10BB10002C6AB4B16379A3B1A18A29B1628A0132D6
:10BB200092B29142628212D0228A1AB1511E012A27
:10BB3000218213D0E28922B1511E012AE18100F055
:10BB4000AD802D68002DE3D10DB0BDE8F08F284603
:10BB5000FFF7E6FE2846FFF781FFF2E75A1ED1B253
:10BB60000929EED840F21922CA40D24312F001024C
:10BB7000E7D1042B03D00423A271228163710DF15C
:10BB80002E03032221462846FEF76EFE06460028B5
:10BB900067D0BDF82E2039214068531CF0309BB28D
:10BBA00081540221C154D31C5718B5F824E09BB22C
:10BBB000BFB20493131D4FEA1E2899B2531D00F81B
:10BBC0000780059199B2931D049F069102F1080127
:10BBD0001FFA83FCD31D00F807E03727CDF81CC0FF
:10BBE0001FFA83FC02F10903CDF820C01FFA81FC83
:10BBF0009BB202F10A01CDF824C04FF0030C03936D
:10BC000089B2059B4329C7544FF00107069B00F8F2
:10BC100003C0079BC7544FF01C07089B00F803C0E4
:10BC2000099BC7544FF0FF07039BADF82E30C75454
:10BC300007D8C2F13A020844002192B20DF04AFB43
:10BC40004421F031304689B202F0E0F843235A46ED
:10BC50003146D9F80800009506F018FA304602F08F
:10BC600007FAA379FF2B2CD00133DBB2092BA37188
:10BC700027D8C3EB431203EB8203DB0003F2F31379
:10BC80009BB2AAFB03235B09628A2381A38A9B1AC6
:10BC9000012B7FF756AF5B10238252E703F0FB02C4
:10BCA000012A02D00A2B7FF44CAF2846FFF794FDFF
:10BCB000A389628A9B1A012B7FF743AF5B10E38154
:10BCC0003FE71423E0E700BFD8890020D34D62107E
:10BCD00068470020B441020838B5214B1C68FCB10C
:10BCE000002503E0013A1A812468CCB1236A002BB5
:10BCF000FAD01A89012AF5D8F6D15A791D810C2A71
:10BD000016D0062A14D0012A16D0082A09D0032AF0
:10BD1000EAD19B792046012B1ED9FFF717F8E3E7FC
:10BD200038BD9B792046012B13D9FEF73FFEDBE798
:10BD30002046FFF70BF8D7E79B792046052B02D862
:10BD4000FFF7A8F8D0E7FFF7EBFD2046FFF786FEE8
:10BD5000CAE7FEF713FEC7E7FEF724FFC4E700BFFC
:10BD6000D889002008B5FFF7DBFD002008BD00BF23
:10BD7000FFF7D6BD48B1006A38B14379181F0A2BC6
:10BD800018BF012894BF0120002070472DE9F04F13
:10BD90008B4600234FF00A0E85B0424E17465A4696
:10BDA0000546314698467446F146F3460393CDE97D
:10BDB000012304E06446013318310A2B17D00A2C02
:10BDC0000FFA83FC0A7D2DD1002AF3D025B1286813
:10BDD00082464868824531D0012A26D04A8A4245A7
:10BDE000E9D301339046E14618310A2BE7D1DA4610
:10BDF000DDF804B0BBF1010F50D10A2C24D04FEA7A
:10BE000044082DB108EB04032A6806EBC3035A600B
:10BE1000A044002306EBC8067382B760204605B035
:10BE2000BDE8F08F002AC6D0D0E70A685AB34A8A24
:10BE300002988242BFD3E6460292BCE717B18868F7
:10BE4000B842C9D16446E9E7B9F10A0F24D1BAF181
:10BE50000A0F1FD1BEF10A0F20D0744604EB44092B
:10BE60004FEA44084FEAC90956F8090020B102F028
:10BE7000FFF8002346F8093008EB0403002206EB24
:10BE8000C3031A75BDE74A8A0398824293D3E346F7
:10BE9000039290E75446E1E74C46DFE74FF0FF346A
:10BEA000BCE700BF9C4700202DE9F04782B0074661
:10BEB000884691461C214FF420720E201E46DDF864
:10BEC0002CA0BDF8344001F0C5FE90B305462046D5
:10BED0006C6802F005FC4B464246E080384631680B
:10BEE000A160B1880026A181DAF80010C4F8121010
:10BEF000BAF80410E1820A990968C4F80E100C9986
:10BF000009682670A1610121E67061700821A170A5
:10BF1000062121710421617140F606010091294634
:10BF200006F002FA284602F0A3F8304602B0BDE857
:10BF3000F0874FF0FF30F9E72DE9F0432F4E02EB89
:10BF4000420785B0044606EBC7070D463B7D022B32
:10BF500012D0182304F1260803FB026303F10C0935
:10BF60004FF400664B46424629462046009606F0AE
:10BF7000DBF905B0BDE8F0837B8AB3F58E7F20D86E
:10BF8000B3F5877FE5D302EB4202012300F12608D7
:10BF90004FEAC20C039341460CF10C030CF1040C64
:10BFA00006EB0309164B66440193031D4A460296AD
:10BFB00000934346FFF778FF0028D1D103233B7558
:10BFC000CEE702EB4202012300F126084FEAC20944
:10BFD00003930C4A414609F1040333440293084B8E
:10BFE0000193031D00934346FFF75EFF09F10C0226
:10BFF00006EB02090028E1D0B2E700BF9C47002011
:10C000009C430208944302082DE9F041204C84B07F
:10C010000026DFF884801F4F04F1F0050CE0012AB0
:10C0200001D1042B12D8032A1ED0042A1FD0012AC2
:10C0300020D01834AC4214D0227C002AF9D0E389F5
:10C0400001339BB2B3F5967FE381E8D354F8040C37
:10C0500018B102F00DF844F8046C26741834AC42A0
:10C06000EAD104B0BDE8F08104232374E1E70223A0
:10C070002374DEE76068CDF8048000F12603011D1B
:10C08000CDE9024200913A461946FFF70DFFD0E78D
:10C09000A0470020944302089C430208F8B50A4CCC
:10C0A0000027064604F1F005237D13B1A368B342CF
:10C0B00003D01834AC42F7D1F8BD206810B101F0BC
:10C0C000D7FF27602775F4E79C47002038B5044662
:10C0D00015460846022122461C46FFF757FE002857
:10C0E00010DB00EB4001094B03EBC102C900127DDC
:10C0F000012A07D901F10C0204311A4419442A60BB
:10C10000216038BD4FF0FF3038BD00BF9C47002094
:10C11000092819D800EB400070B40C4C04EBC00C9B
:10C12000C0009CF81450012D0BD9051D0C30DCF813
:10C1300008602544044401200D6016601C6070BC3A
:10C140007047002070BC7047002070479C4700205B
:10C15000002900F081802DE9F047466886B004464A
:10C160003388B3F5807F02D13379062B05D0204682
:10C1700006B0BDE8F04701F07BBF7379042BF6D120
:10C180007388082BF3D1D6F80E000D464F68B369BB
:10C190000590002F5AD0FF1A06F10808B7FA87F762
:10C1A0007F09C7F1020A5FFA8AFA00283DD02946C2
:10C1B00000F01EFC8146C0BB059B03F0F003E02BA2
:10C1C00033D051462A4605A8FFF7E0FD031E2CDBBD
:10C1D0002D4903EB430202204FF0180E01EBC20C75
:10C1E000D2008CF814000C20CCF8085013FB0E037E
:10C1F000D8F80000C8500B44B8F80400988051F8F3
:10C2000002A0ACF81290BAF1000F0ED04FF4006308
:10C2100041F80290284605F1260200935146434614
:10C2200006F082F8504601F023FFF388B3F5807FD3
:10C2300013D0B3F5007F03D105A92846FFF744FAD0
:10C24000204601F015FF06B0BDE8F08706F10808AA
:10C25000A8B14FF0020AAAE77047002FF0D00221E0
:10C2600005F1260342462846039105A9CDF804802E
:10C270000291291D00911946FFF716FEE0E7F388A9
:10C28000B3F5807FD5D1DBE79C4700202DE9F04F47
:10C290008A4685B004460146DAF80000154600F0EB
:10C2A000A7FB002874D1DAF8003003F0F002E02A8E
:10C2B0006ED0002B6CD0224601215046FFF766FD60
:10C2C000031E3CDBDEB2DFF8F48004F1260B06EB44
:10C2D00046074FEA460908EBC7073B7D4BB1002DE7
:10C2E00059D0012B4FF0FF3018D82CD005B0BDE845
:10C2F000F08F0123CDF808A0BC6059460393204677
:10C300003B752C4B2C4A0193231D00935B46FFF792
:10C31000CBFD002DEAD03B7D012BE6D9182320462A
:10C320004FF400645A4603FB0683294600940C33FD
:10C3300088F8F06005F0F8FF05B0BDE8F08F58B25E
:10C3400005B0BDE8F08F2B461A7B520614D41B684B
:10C35000002BF9D1284601F099FE09EB060358F8A5
:10C36000330008B101F084FE09EB0603002048F811
:10C37000335005B0BDE8F08F2A464FF420710E20EF
:10C3800001F0E6FF05460028E7D14FF0FF30ADE7AA
:10C390006FF00F00AAE7221D0123064D59462046E3
:10C3A000CDE902A3CDE900255B46034AFFF77CFDFA
:10C3B0009CE700BF9C430208944302089C4700206E
:10C3C000F0B5054685B00F4601461068164600F0E8
:10C3D0000FFB002863D1336803F0F002E02A37D066
:10C3E0006A68A9685A400A4209D09BB24FF6A9620E
:10C3F000934204D0EB68002B5AD005F10C06DFF80D
:10C40000B8C09CF8F02002EB42030CEBC303197D8B
:10C41000012902D99968A94243D0274C002303E09F
:10C420000A2B04F1180432D0207DDAB2013301283E
:10C43000F6D9A068A842F3D1306861688842EFD18C
:10C44000394628468CF8F02005B0BDE8F04073E589
:10C4500001225E23F1788DF808208DF80A30727879
:10C46000B37802F07F028DF809008DF80C3002AB32
:10C470008DF80B208DF80D104FF4006405F12602A5
:10C4800039462846009405F04FFF05B0F0BD3A4606
:10C490003146284605B0BDE8F040FFF7F7BE074B30
:10C4A000EAE75B6831689942B7D139462846CBE75D
:10C4B0006FF00300E9E700BF9C47002094430208A7
:10C4C00010B5012384B0074C074A0194041DCDE93F
:10C4D000021300F1260300941946FFF7E5FC04B0AF
:10C4E00010BD00BF9C430208944302082DE9F041AF
:10C4F0000E4686B01746804624214FF42072222033
:10C5000001F0A8FB68B344680546D8F804302670EB
:10C510000026677026716671A671E6711868596801
:10C520009A68DF68A060E1602261676118695969F3
:10C530009A69A06105A8E1612262DB68059300F0B9
:10C540009DF858B10123A670E67005AA0290314605
:10C5500001932846FF23009600F016FA284601F0C2
:10C5600087FD06B0BDE8F0812DE9F0433D4F87B06F
:10C570000546D7F8088098F8004004F00F04A4009E
:10C58000132C13D94389032B10D943681B78082B2C
:10C590000CD1786900F0F003E02B07D00E46396823
:10C5A00000F026FA10B92B89072B05D8284607B0CA
:10C5B000BDE8F04301F05CBD04F10E012846059191
:10C5C00001F054FC0599002841D02B89191989B232
:10C5D0008B42EBD84FF420720E2001F03BFB8146DA
:10C5E0000028E3D0428904F108039A4235D341463A
:10C5F000224640680CF058FD2146484601F088FC70
:10C6000058BB2946484601F099FD30BB28464D46A7
:10C6100001F02EFD214628466C6801F027FC002819
:10C62000C4D16A687B691049D3603B691361FF23F9
:10C630002070A070E0709072D0721372012200908E
:10C64000CDE901260246284600F09EF9AEE72846CD
:10C6500001F05EFC0028DDD0A8E7484601F008FDA7
:10C66000A4E700BF348A0020488A00200A4603213C
:10C670003CE700BF0A460B2138E700BF194B30B436
:10C680001B68ABB193F82D20D407F9D55107F7D526
:10C6900059680029F4D004689D686140294204D09B
:10C6A0009207EDD4DA689442EAD1184630BC70475C
:10C6B0000D4B1B68002BF8D093F82D2002F00502DB
:10C6C000052A08D15A6852B102787F2A08BF002390
:10C6D00030BC18467047002330BC184670471346DC
:10C6E000E3E700BFD8890020DC8900202DE9F8436A
:10C6F000476804463B781A09042A40F09E8003F0FC
:10C700000F0378880E464FEA830901F0E9FF238979
:10C710004D468046834200F296806389AB42C0F06A
:10C720008C8023894345C0F08880132D40F285809A
:10C730003B69DFF88C8103F0F002C8F81430E02A7E
:10C74000F868C8F8100069D096F82D20D20703D5F4
:10C750007268002A40F08A80DBB27F2B62D0574B90
:10C760001D6835B95EE000F043F980B92D68002DF1
:10C7700058D0AE42FAD095F82D30DB07F6D56B686D
:10C78000002BF3D0D8F8140029468342EBD1D8F817
:10C79000100000284DD1FB8823F0C00333B12046A0
:10C7A00000F018FB044600284AD04768C8F8087013
:10C7B00049462046C8E900563B7803F00F039B002A
:10C7C000A8F80C3001F0A4FB7B7A062B6CD0112B5F
:10C7D00065D0012B5ED02946D8F8140000F008F986
:10C7E00068B9D8F8143003F0F003E02B07D04946BD
:10C7F000204601F0E1FB02212046FFF737FF2046EB
:10C8000001F036FC00230020C8E90033C8F80830E6
:10C81000A8F80C30C8E90433BDE8F88396F82D3049
:10C82000D9071ED47B7A112B2AD0D8F8100020B15A
:10C830000025314600F0DCF850B1204601F018FC2C
:10C840000020BDE8F8830146204601F0DFFA64E7E6
:10C85000D8F8103003F0F003E02BEED0002D9AD181
:10C86000EBE77368002BDDD0354692E79342FBD0AF
:10C870001846314600F0BCF8D8B9D8F814306BE748
:10C8800007EB09035B88B3F5884FCED13546002D01
:10C8900081D1D2E731462046FFF766FEB2E7314646
:10C8A000204605F027FAADE73146204603F084FD27
:10C8B000A8E7D8F8100035466BE700BFD8890020FC
:10C8C000348A00202DE9F04F85B09A4605469DF840
:10C8D0003C309DF838B0DDF840800193002A3BD011
:10C8E0000F461421164601F0C1FA019B814600282B
:10C8F00043D16C68452284F808A0637233682270C3
:10C90000236184F801B0288901F0EAFE84F80690DA
:10C9100084F80790DFF86C906080B9F8000001F0AF
:10C92000DFFEB9F80030A0800133A9F80030DFB194
:10C930003B68E3600023A372E372B8F8243013B1BC
:10C940002A899A4213D8D8F81430324629464046EC
:10C95000984705B0BDE8F08F4389132B0DD9436884
:10C9600003AE1B690393E8E7054B1B68E1E732461A
:10C970004146284600F0F0FBEBE76FF00100E8E7E6
:10C98000B84102088E480020F0B4069C9DF8105073
:10C990009DF814601AB109B10F6807B9211D0495FB
:10C9A000CDE90564F0BCFFF78DBF00BFF0B587B0DF
:10C9B000064610461D460C4605929DF83070FFF75E
:10C9C0005DFE9DF8343078B1059A1AB10CB121683A
:10C9D00001B9041D21460097CDE901302B463046B0
:10C9E000FFF770FF07B0F0BD6FF00300FAE700BF7C
:10C9F000431E033314D891F82D3013F002030DD0E9
:10CA00004B6883420FD08A68434013420BD1D34313
:10CA100020EA0200C31AB3FA83F35B091846704791
:10CA200001231846704700231846704708B501F0E7
:10CA30005BFE20224FF0004303E0013A4FEA53032C
:10CA400008D01842F9D12BB15B0803D01842FBD0B3
:10CA5000002008BD012008BD2DE9F04F4C4E87B0E5
:10CA60000378F25C540738D50DF108090DF114086C
:10CA70004F46302B35D00A25421C002403E0A0F19C
:10CA800030041378013216F803C003F10A0E02F1E4
:10CA9000FF3B04FB05301CF0040F0CF0030AEED141
:10CAA000102D0DD11CF0440F0AD0BAF1020F1378EB
:10CAB0000CBF61204120AEEB000E4EEA0414E1E70A
:10CAC0002E2B1AD1474508D09BF801300BF10100FD
:10CAD00047F8044BF25C5207CBD4002007B0BDE806
:10CAE000F08F437803F0DF02582A02D00130082586
:10CAF000C2E7837810250230BEE713B11CF0080F9F
:10CB0000EBD0A7EB09008010013004281DD801A349
:10CB100053F820F0DDCA00084BCB00085FCB0008BB
:10CB200071CB000829CB0008FF2CD6D80298FF282B
:10CB3000D3D8039BFF2BD0D8049AFF2ACDD81B044F
:10CB400043EA006343EA02231C430191F1B120460A
:10CB500001F0CAFD0199034601200B60BEE7B4F164
:10CB6000807FBAD2029BFF2BB7D844EA0364ECE77C
:10CB7000B4F5803FB1D2029AFF2AAED8039BFF2BB7
:10CB8000ABD81B0443EA02631C43DEE70120A5E7A0
:10CB9000B143020800B583B001A9FFF75DFF20B9DA
:10CBA0004FF0FF3003B05DF804FB019803B05DF86F
:10CBB00004FB00BF2DE9F04F83B0036888460026D0
:10CBC0000DF104090DF1080A2B4F2E20019319F8DD
:10CBD00001CB4FF0000BA7FB0C43DE460BF1010429
:10CBE00065464FEAD30B092D0BEB8B03ACEB4303EC
:10CBF0005FFA8BFC0DF1080B03F13003F34403F0F3
:10CC0000FF030BF8083C5FFA84FBE4D809F801CC79
:10CC1000BBF1000F2DD0B24227DD4546A2EB060C3A
:10CC200001364444C644E044761B03E045451CD02D
:10CC300013F8083C05EB060C05F8013BAEEB0503C9
:10CC40000DF1080BAC42DBB25B44EFD194450CF123
:10CC500001060ADAA046D14508F8010BB7D1002336
:10CC60000846237003B0BDE8F08F002003B0BDE894
:10CC7000F08FB4464446E9E7CDCCCCCC1022014934
:10CC8000FFF798BF9048002010B50446406908B1EE
:10CC900001F0EEF921460520BDE8104000F010BF7C
:10CCA0002DE9F0414568074688466B689A880AB3C3
:10CCB000002600E0636828461C6801F0DDF90346A1
:10CCC0002846254633449EB201F0D2F9002CF1D11A
:10CCD000164C0420394623689F423B6814BFC8F8AD
:10CCE0000030236000F0ECFEA38830469B1BA3803D
:10CCF000BDE8F0811A68C468426082687969006999
:10CD0000D9600121986028461A605C60BA691A618E
:10CD1000FFF7B0FC284601F0AFF90646284601F0BF
:10CD2000A7F97D68002DD3D06B68C4E7A048002028
:10CD30002DE9F8430027DFF8688005460E46D8F84D
:10CD40000030F3B10024D5F80CE02146A44620467B
:10CD50005A69724518D0013420B193F81F90C27FF0
:10CD6000914501D8614618461A689C461346002A28
:10CD7000EED110B1FFF794FF0744B74201DA012C5E
:10CD8000DDDC3846BDE8F8839A69D5F810904A454D
:10CD9000E1D1B3F80C90AA889145DCD1E4E700BF5B
:10CDA000A048002038B50A4B186840B10024C37F62
:10CDB0005A1E2BB10446C27700680028F7D138BD4F
:10CDC00005682146FFF76CFF28460028EFD1F6E7FB
:10CDD000A04800202DE9F04F476883B005463B7816
:10CDE00003F00F03052B6DD1F88801F079FC824622
:10CDF000788801F075FC3B7803F00F03B0EB830FEC
:10CE00004FEA83065ED3DFF84C93861B284601F079
:10CE100033F9B9F80430B6B2804603440A2B47DC34
:10CE2000D9F80040002C00F0C180FA6803E02468C3
:10CE3000002C00F0BB8063699342F8D13B69A16983
:10CE40009942F4D1A189BB889942F0D1F88801F0C8
:10CE500047FCC0F30C00002800F09580FB88CAF363
:10CE60000C0A13F020034FEACA07009307D1BB193D
:10CE70009BB29F4212D84FF6EB7293420ED8D5F870
:10CE800004B0BBF8020001F02BFC9BF8002002F07C
:10CE90000F02B0EB820F4FEA82031BD263688BB99B
:10CEA000D9F80020944200F0968022681A60FFDED4
:10CEB00001463846FFF73CFF20B1B9F8043043443F
:10CEC0000A2BADDD2846002601F0D2F8304603B02B
:10CED000BDE8F08FC31ABBF806001FFA83FA01F011
:10CEE000FFFBC0F30C00D5F804B0C2000AEB02034C
:10CEF000ABF80420ABF806309BB21946019300232F
:10CF00008A428BF800308BF801308BF802308BF8B6
:10CF10000330C3D86168002900F0AE804FF0010AE9
:10CF200094460DE0CED0B3F806E0F445CAD322B162
:10CF3000D288824218BF4FF0000A1968002960D0D9
:10CF40001A464B6898888445ECD21346CBF80010FB
:10CF500062469C46002B7AD0DB889A42B2D3019974
:10CF60008142AFD89A42CCF800504DD0009B002BA4
:10CF700076D0A37FDB074FD4B9F80430002698445D
:10CF8000A9F80480A2E7E08901F0AAFBC0F30C0035
:10CF900000283FF463AF3B687868B968FA68A3601B
:10CFA000E060216162613B69A36157E7042000F002
:10CFB0005BFD0446B8B10023E361A360E360236135
:10CFC0006361A3616360D9F80030C9F80040236051
:10CFD0000F23E377DFE7236821460420C9F80030F8
:10CFE00000F06EFD6EE741463846FFF7A1FE804532
:10CFF0003FF768AF042000F037FD04460028DAD17F
:10D0000060E7F4451D60B1D1009B7BB1A37FD907D8
:10D01000B2D5BAF1000F37D1B9F804309844A9F865
:10D0200004800026304603B0BDE8F08FBAF1000F4F
:10D0300016D06368A3B15B689B884BB3B9F8043022
:10D040009844009BA9F80480002BEAD10DE0019BD5
:10D0500083423FF637AF6560D6E7BBF80430BBB11B
:10D06000B9F804309844A9F80480A37F3E4443F003
:10D070000103A683A377D4E7009B6560002BECD067
:10D08000A37FDA077FF578AF6368002BC4D0D2E7BF
:10D09000DBF800204AB1019900E0D98853689A88EA
:10D0A0008A42CBD11A68002AF7D1B9F804309844E3
:10D0B000009BA9F80480002B4AD1A37FB81943F044
:10D0C000010380B2A377A08363681430E7685E68C9
:10D0D00080B2A36821696269356877603360B160A6
:10D0E000F260A369336101F0FBFA00237080B37131
:10D0F000F371B372F37266685DB16F6828461421EC
:10D1000000F006FF2946304600F0CEFF3D68002DB6
:10D11000F3D1D9F80030A34207D0002B3FF4C5AEBD
:10D120001A68A24211D01346F7E72368C9F8003005
:10D130002146042000F0C4FC304600F09DFFB9F801
:10D140000430181AA9F80400C0E622681A60EFE754
:10D15000A08BB9E7A04800202DE9F04F8B8C8DB053
:10D16000D0F8049005460A92B3F11402079148BF23
:10D17000A3F10D02C2F3CF03069399F8003003F038
:10D180000F03052B4FEA830740F0BD804389132B23
:10D1900040F2B980B9F8060001F0A2FA2B89C0F379
:10D1A0000C02143B059200F400529BB20B920393C5
:10D1B000002B00F09180069B0024DB009BB20893BB
:10D1C0004FF4207214210E2000F044FD089B039AB6
:10D1D0008046934228BF13460493002800F09080B5
:10D1E0004368D9F80020D9F80460D9F80800D9F8C4
:10D1F0000C101A605E609860D960D9F810201A612E
:10D20000049BD8F804200992002B32D002936C8939
:10D210000520029BE41BA4B29C4228BF1C46002CA4
:10D220005CD000F021FC8246412221460020BAF168
:10D23000000F5AD0019453466E6806EB070CCDF8E8
:10D2400000C000F0C7FD83462846BBF1000F48D060
:10D2500000F01CFF2D4B59464046CAF81030CAF862
:10D26000145000F021FF029B1E1BB3B20293002B4F
:10D2700034D1079B2744059A9B8CBFB2C2F30C00A4
:10D28000039A133B934238DD0B9B002B35D101F001
:10D2900027FA099E049BF08003F1140080B201F08C
:10D2A0001FFA00237080414607980A9AB372F372FE
:10D2B00043699847404600F0DBFEDDE90323A2EB1B
:10D2C000030BDDE9053213441FFA8BF29BB2039284
:10D2D0000593002A7FF474AF00200BE02D6800272F
:10D2E00095E75146052000F0EBFB404600F0C0FEFC
:10D2F0004FF0FF300DB0BDE8F08F40F40050C6E7AE
:10D300004FF0FF30F6E76FF00500F3E789CC000837
:10D3100000F0AEBE294C00B5204683B0FCF7D2F831
:10D3200063680BB1A0689847244D05F10C0610E026
:10D3300068B12846FCF7CCF8224601A93046FCF734
:10D3400007F904462846FCF7BDF8013411D101F075
:10D350007FF901F0B3F9431C0446E9D12846FCF7F4
:10D36000B7F8002201A93046FCF7F2F82846FCF78E
:10D37000A9F8019C002CECD02378012B11D0022BB2
:10D380000BD0002BE5D16068D4E90213984780B92F
:10D390002146092000F094FBDBE7D4E901309847EF
:10D3A000D7E7D4E9013098472146082000F088FBF0
:10D3B000CFE7606800F05CFEEAE700BFA848002005
:10D3C000F8B5074609200E46154600F04DFB90B112
:10D3D0000446002347600146866003700748E56005
:10D3E000FCF796F800B9F8BD2146092000F068FB6B
:10D3F0004FF0FF30F8BD4FF0FF30F8BDB4480020CB
:10D40000F8B591F82D3007460C46092013F01805A1
:10D4100015D000F029FB054628B30022134B014626
:10D42000C0E9017412482A70EB60FCF771F8A0B1F2
:10D430002946092000F044FB4FF0FF30F8BD00F012
:10D4400013FB064678B10B4B014605704760084850
:10D45000C6E90243FCF75CF808B90020F8BD314684
:10D46000092000F02DFB4FF0FF30F8BD85220108A8
:10D47000B4480020EDC6000838B5054608200C4623
:10D4800000F0F2FA48B101460122C0E90154044813
:10D490000A70FCF72FF8002038BD4FF0FF3038BD80
:10D4A000B448002070B5064608200D4600F0DCFAAE
:10D4B00088B1044601230146C0E90165074823708D
:10D4C000FCF726F800B970BD2146082000F0F8FAF4
:10D4D0004FF0FF3070BD4FF0FF3070BDB4480020FA
:10D4E00070B5064E0D4604463046FBF7EBFF284666
:10D4F000A0473046FBF7ECFF002070BDA848002095
:10D5000070B5074E0D4604463046FBF7DBFF284654
:10D51000A04704463046FBF7DBFF204670BD00BF46
:10D52000A848002038B5054608200C4600F09CFAB3
:10D5300018B10223C0E90154037038BD0146082028
:10D5400000F0BEBA01460148FBF7E2BFB448002034
:10D5500001460148FBF7ECBFB448002070B50D4C04
:10D5600082B006460D4600F05BF8062104F10C007F
:10D57000C4E90165FBF7B0FF20462024FBF794FFC8
:10D580004FF400630022044900940448FBF776FF3F
:10D5900002B070BDA848002015D30008BC410208A5
:10D5A00038B50546082000F05FFA90B101220A4B19
:10D5B000044601468560027043600848FBF7A8FFF7
:10D5C00000B938BD2146082000F07AFA4FF0FF304C
:10D5D00038BD4FF0FF3038BD11D30008B4480020EB
:10D5E00038B50546082000F03FFA90B101220A4BF9
:10D5F000044601468560027043600848FBF788FFD7
:10D6000000B938BD2146082000F05AFA4FF0FF302B
:10D6100038BD4FF0FF3038BD7DD60008B44800203B
:10D6200008B5FBF729FF00F00DF800F0DDF901F077
:10D630003FF904F053FB03F08FFBBDE8084000F016
:10D64000C3BF00BF0B4B00200B4A23F0030330B4D1
:10D650004FF4805518714FF01024012059191D60A6
:10D660009360087102F10C000C6030BCC2E900311B
:10D67000FBF71ABFCB480020B848002000287AD01A
:10D680002DE9F843830704460AD13F4DA0F108066F
:10D690002B68B34204D800F10C036A689A420AD29C
:10D6A000EFF3108372B6BFF34F8FBFF36F8F03B9E1
:10D6B00062B6BDE8F88305F10C00FBF703FF14F830
:10D6C000043C002B5CD034F8063C34F8080CB3F56D
:10D6D000805F51D8B0F5805F4ED82A68A6EB020C67
:10D6E00002EB03081FFA8CFC9C4502D0D15A61451D
:10D6F00042D11118D5F80490494502D04F886745AA
:10D700003AD1AF684FF0000EB74204F804EC88BF7E
:10D71000AE608E4215D00F799FB9494511D0AF68E0
:10D72000B942115A24F8081C115A08BFAE60B1F56D
:10D73000805F06D01144A1F802C034F8063C02EB29
:10D740000308464512D098F8041079B9A9688E42AA
:10D7500034F8081CA8F8001034F8081C08BFC5F8F5
:10D760000880B1F5805F01D00A4453800748BDE8C6
:10D77000F843FBF7ADBE70470448FBF7A9FE8FE7FF
:10D7800005F10C00F9E700BFB8480020C4480020AC
:10D79000CB1C23F003039BB20C2B2DE9F0411E465A
:10D7A00038BF0C2682B0B142019056D8B3F5805FE5
:10D7B00094BF00230123002B4FD1384F04463A6811
:10D7C00082423CD87968814239D9A0F1080830F802
:10D7D000085CA8EB0208083D1FFA88F8A5EB0805CD
:10D7E000ADB2B54257D326D007F10C00FBF76AFE65
:10D7F00034F8082C3B6899180879002831D1985AD8
:10D8000008F108021644BA68B6B28A424FF0000125
:10D8100003EB060208BFBA601080A2F80280117103
:10D8200024F8086C1288B2F5805F01D013445E8042
:10D830001B48FBF74DFE204602B0BDE8F081EFF338
:10D84000108372B6BFF34F8FBFF36F8F002BF2D1EF
:10D8500062B6204602B0BDE8F081002002B0BDE80B
:10D86000F08106F11401A942E2D808F10801B86874
:10D870000E44B6B2991988424FF0000008719A53CD
:10D88000A1F8028024F8086C9A5B88BFB960B2F5F1
:10D89000805FCBD1CCE71846DCE700BFB84800205A
:10D8A000C448002000285FD02DE9F843C31C23F0B2
:10D8B00003039BB20C2B1E4638BF0C26864230D386
:10D8C000B3F5805F2DD8304FC6F5805507F10C00B9
:10D8D000FBF7F8FDD7F808903968A9EB010C1FFA9F
:10D8E0008CF3AB429C4616D26FF0070808E031F883
:10D8F00003E072447346B24216D29D42F4460AD9FE
:10D90000CC18A8EB030220790028F0D031F803C02E
:10D9100063469D42F4D81D48FBF7DAFD0020BDE8C0
:10D92000F8830020BDE8F88306F114039A421CD363
:10D9300006F10803012563449BB2CA18107121F84F
:10D9400003E0A2F802C025712380CA5AB2F5805FB5
:10D9500001D00A445380A1450AD00C48FBF7B8FD1A
:10D9600004F10800BDE8F883704701232371F2E752
:10D970007868234603E01B880B441A790AB1984261
:10D98000F9D1BB60E9E700BFB8480020C4480020D7
:10D9900038B501FB00F4A3B29C420AD11846FFF748
:10D9A00081FF054618B1224600210BF093FC284662
:10D9B00038BD0025284638BD30B400214588D0E95F
:10D9C0000134216075B10333B0F800C00A4623F07A
:10D9D0000303013203EB0C0019601946AA422360CD
:10D9E0000346F6D130BC7047F0B5134B0425DFF881
:10D9F0004CE0002703F184040EF13006AEF10C0276
:10DA00000333276023F0030365B10021B2F800C09F
:10DA10000A46013203EB0C0019601946AA42236042
:10DA20000346F6D1764505D05EF8042FD2E90134DD
:10DA30005588E5E7F0BD00BFDC580020D84102085A
:10DA400080B1EFF3108272B6BFF34F8FBFF36F8FC9
:10DA50008368186820B10168196002B962B670471E
:10DA6000002AFBD0002070470C2814D80B4B03EB86
:10DA70008000C368EFF3108272B6BFF34F8FBFF31D
:10DA80006F8F9B68186820B10168196002B962B68F
:10DA90007047002AFBD00020704700BFCC4102082D
:10DAA00068B161B1EFF3108272B6BFF34F8FBFF36D
:10DAB0006F8F836818680860196002B962B6704792
:10DAC0000C2811D881B1094B03EB8000C368EFF338
:10DAD000108272B6BFF34F8FBFF36F8F9B681868C9
:10DAE0000860196002B962B6704700BFCC410208F5
:10DAF000EFF3108372B6BFF34F8FBFF36F8F084AF7
:10DB00000021117003B962B6064B186810B906E01F
:10DB1000C06820B1436F002BFAD004F0CDB8704735
:10DB2000C7890020248A002038B5002834D000247A
:10DB3000EFF3108272B6BFF34F8FBFF36F8F837B0B
:10DB4000013BDBB2837302B962B6CBB9437B056894
:10DB50009B0706D5036998470134E4B285B128468E
:10DB6000E6E7037B03F00F03022B0BD0012B0ED053
:10DB7000002BF1D10134FFF781FDE4B2002DEED18D
:10DB8000204638BD01460C20FFF79AFFE4E7014626
:10DB90000B20FFF795FFDFE70446F1E72DE9F041A1
:10DBA000002705460E464289B8467389DB1BA2EB67
:10DBB000080468689C427168404428BF1C46394488
:10DBC000224627440BF070FA7389A0449F4210D379
:10DBD0006B89366898452BD03EBB2A896B899A425F
:10DBE0002CD12B68002B0CBF00206FF00500BDE886
:10DBF000F0816A89904524D032899A420CD06A8992
:10DC0000002DD3D02B899342CFD12B68002BCCD0C1
:10DC10006FF00500BDE8F0813268002AEFD06FF0A8
:10DC20000500F7E746B14FF0000800277389E3E7E6
:10DC30002D68002DF6D14EB9002DCED10020BDE8C3
:10DC4000F0812D6815B14FF00008EFE76FF00F007D
:10DC5000BDE8F081B2F5C17F2DE9F84388461FFA8F
:10DC600080F946D0144608D822F04003012B9DB21B
:10DC70002CD000273846BDE8F883B2F5207FF8D1D4
:10DC800009F10303CA1C054622F0030223F0030333
:10DC900013449BB203F11000934280B2E9D3824255
:10DCA000E7D8FFF7FFFD07460028E3D0431900211E
:10DCB0003B4A1333A0F80880016023F00303A0F867
:10DCC0000A80C26043603846BDE8F8830B20FFF746
:10DCD000CBFE07460028CDD00023A0F80880A0F88E
:10DCE0000A8004734373C581C0E900333846BDE838
:10DCF000F88300212B4C0F460D4609E03060A8EB5D
:10DD000003034FF000091FFA83F8B8F1000FB1D0F8
:10DD10000C200E46FFF7A8FE09F103020146B0B140
:10DD200022F003028144A0F80880C2F5147209F1C0
:10DD30001309056093B229F00302C46043454260B1
:10DD400028BF43464381002FD8D10746D7E7EFF3DA
:10DD5000108372B6BFF34F8FBFF36F8F124D012246
:10DD60002C782A70E4B203B962B634B1002F80D0A7
:10DD700038460027FFF7D8FE7CE721460B48FFF71F
:10DD800091FB0028F2D0EFF3108372B6BFF34F8FF0
:10DD9000BFF36F8F2C70002BE8D162B6E6E700BFAF
:10DDA0008000010082000100C7890020F1DA00082C
:10DDB00070B506460B200C461546FFF755FE40B1E0
:10DDC000002301224660048103604481057343738C
:10DDD000C28170BD033020F0030010B501EB000ECE
:10DDE000BDF80CC0029CE6450DD804B104441846A9
:10DDF00000234460022403600123018141810273F6
:10DE00004473C38110BD002010BD00BF02898A4247
:10DE100022D938B5438904460D4699420BD9891A4F
:10DE200089B200E022890A44EB1A22819DB224685B
:10DE30006389AB42F6D3227B120704D19D4202D004
:10DE4000637B9B0709D520686581258108B1FFF7B1
:10DE50006BFE0023236038BD7047636820461B1BA0
:10DE6000E91889B2FFF794FC0446ECE7C0B1B1F5BC
:10DE7000803F034634BF0020012088B971B11FFAEA
:10DE800081FC1A89624492B2944509D810B593F97D
:10DE90000CE0BEF1000F05DB012010BD0846704705
:10DEA000012070475C6803F1100E611A7145F3D3CD
:10DEB000596059891A818C44A3F80AC010BD00BF6B
:10DEC00008B3B1F5803F1ED2F9B11FFA81FC028977
:10DED0000346624492B2944515D890F90C0000288C
:10DEE0005868A0EB01010ADB002000B5B3F80AE096
:10DEF0005960F4441A81A3F80AC05DF804FB03F1E9
:10DF000010008142F0D2012070470846704700BFE0
:10DF10000346C8B1B1F5803F34BF0020012098B955
:10DF200081B11FFA81FC5A8994450DD8A2EB0C02ED
:10DF30005A811A89A2EB0C0C5A681144A3F808C044
:10DF40005960704708467047012070470029034612
:10DF500010B51BDB00B369B31FFA81FC0289624470
:10DF600092B2944518D890F90C00002814DA586839
:10DF7000411A03F1100081420ED3B3F80AE00020E9
:10DF80005960F4441A81A3F80AC010BD20B1494277
:10DF9000428988B2904201D9012010BD121A5C68F2
:10DFA000B3F808C021445A81ACEB0002002059604C
:10DFB0001A8110BD084610BD0029034610B518DBB4
:10DFC000E8B151B31FFA81FC0289624492B29445D0
:10DFD00015D890F90C0000285868A0EB01011EDB51
:10DFE000B3F80AE000205960F4441A81A3F80AC08B
:10DFF00010BD20B14942428988B2904201D9012026
:10E0000010BD121A5C68B3F808C021445A81ACEB09
:10E010000002002059601A8110BD084610BD03F1AE
:10E0200010008142DCD2EAE70346F1B1E8B170B5F5
:10E030000C4600265A891846A242A4EB020109D9CF
:10E040005868121B198920445A810C1B58601C8186
:10E05000184670BD1D688CB21E60FFF765FD2B462B
:10E060000CB1002DE6D12B46F2E71846704700BFF1
:10E0700000B159E5704700BF034630B100200130C0
:10E080001B6880B2002BFAD17047704758B1EFF38C
:10E09000108272B6BFF34F8FBFF36F8F837B013354
:10E0A000837302B962B6704780B179B1036843B136
:10E0B0000289B1F808C06244028118461B68002B2F
:10E0C000F6D10A890389016013440381704700BFB8
:10E0D000E8B1D9B1036843B10289B1F808C062441C
:10E0E000028118461B68002BF6D10A89038901605A
:10E0F00013440381EFF3108272B6BFF34F8FBFF367
:10E100006F8F8B7B01338B7302B962B67047002926
:10E11000F0D1704710B504686CB14189034602899B
:10E120000020521A2281186020461981FFF7FCFC5A
:10E1300008B9204610BD0024204610BD30B129B1D9
:10E14000B0F808C00B899C4500D327E56FF00F009D
:10E15000704700BF2DE9F04160B3B1FA81F68846FF
:10E16000760939B30546174622B927E093B22D68E0
:10E17000EFB1E5B108EB0600B5F80AC01BB19C454C
:10E18000A3EB0C02F2D9ACEB030C69681FFA8CF418
:10E190001944BC4228BF3C46224626443C1B0AF098
:10E1A00083FFB6B20023A7B22D68002FE1D130461D
:10E1B000BDE8F08100263046BDE8F0811646F6E75E
:10E1C00070B5BDF810C079B170B193421E460D46CE
:10E1D0000AD8B0F80AE0E645ACEB0E0406D80068B1
:10E1E0001FFA84FC0028F4D1002070BD0CEB06035C
:10E1F0009E4502DB4068604470BD63463246294656
:10E20000FFF7A8FFB042EFD1284670BD40B1438967
:10E210008B42A1EB030303D8006899B20028F6D122
:10E2200002B11180704700BF19B32DE9F041B0FA77
:10E2300080F705467F09C8B103891646934212D379
:10E2400088466AB16C8908EB07016868B44228BF48
:10E250003446224627440AF027FF361B2D68F1D1A9
:10E260000020BDE8F0814FF0FF30FAE76FF00F00BB
:10E27000F7E76FF00F00704790B32DE9F0410F46BC
:10E28000044602E0246883B234B365899D42A3EB5F
:10E290000500F7D921899E18B1421DDBE91A8A428F
:10E2A00007DC6068394618440AF0FEFE0020BDE82D
:10E2B000F0811FFA81F860683946424618440AF036
:10E2C000F3FE701B82B2002AF0D007EB0801206831
:10E2D000BDE8F041FFF7A8BF4FF0FF30BDE8F08187
:10E2E0004FF0FF30704700BFF8B50368064653B3E0
:10E2F0000789CB1C0C46FA1C23F0030322F003020F
:10E3000013449BB203F11000934280B21BD38242AC
:10E3100019D8FFF7C7FA0546A8B10C4B044407818A
:10E3200000221334C360338924F003044781BB42C5
:10E330000260446002D83146FFF730FC3046FFF7F8
:10E34000F3FB2846F8BD35462846F8BD800001009D
:10E3500038B515460A462989FFF77CFC044630B1DA
:10E3600002892B899A4202D32946FFF717FC2046DF
:10E3700038BD00BF18B90AE0006899B230B14389CE
:10E380008B42A1EB0303F7D94368585C7047704791
:10E3900040B143898B42A1EB030306D8006899B2D0
:10E3A0000028F6D14FF0FF3070474368585C704743
:10E3B00018B90AE0006899B230B143898B42A1EBE9
:10E3C0000303F7D943685A547047704770B50589FD
:10E3D000CC18A5422EDB44898C42A1EB040403D85F
:10E3E0000068A1B20028F6D1F3B10025561EAE4652
:10E3F00001EB0E0C04461FFA8CFC20B90BE02468DC
:10E400001FFA82FC3CB162899445ACEB0202F6D261
:10E41000626812F80C4016F8012FA24206D10135AD
:10E420001FFA85FE7345E3D8002070BD0EF1010090
:10E4300080B270BD4FF6FF7070BD00BFF8B51C46CE
:10E44000058913462244954215DBED1A06460F4610
:10E45000ADB2A54204D20EE01FFA8CF4A5420AD355
:10E4600021463A463046FFF7B1FF04F1010C00287F
:10E47000F2D12046F8BD4FF6FF70F8BD2DE9F0410E
:10E4800011B30B780D46FBB104894FF6FF760746B2
:10E49000B4421BD008460BF033FA4FF6FE73984295
:10E4A00012D8844215DB83B20026E41A32461FFAE2
:10E4B00084F8144601362A4638462146FFF786FF7F
:10E4C000B2B218B19045F4D24FF6FF742046BDE8C1
:10E4D000F08134462046BDE8F08100BF70B50446A7
:10E4E0000A200E461546FFF7BFFA88B100230949F6
:10E4F0008660C560C0E900340B681BB907E01946A7
:10E500001B681BB15A68A21A002AF8DA0360086077
:10E5100070BD00BFC889002038B5436804469847DD
:10E52000FAF7A0FF084B25685B6808492B441A1AC4
:10E53000002A224603DA2844BDE83840CEE71846D0
:10E54000BDE83840CAE700BFC889002019E50008C7
:10E5500008B503F025FB094B1B683BB1FAF782FFB6
:10E5600000220749FA30BDE80840B7E7054B1B68B1
:10E57000002BF3D1044A936008BD00BF248A002019
:10E5800051E500082C8A0020C889002008B50A4BF4
:10E590009A6882B9094A12684AB101229A60FAF768
:10E5A00061FF00220649FA30BDE8084096E7054AB7
:10E5B0001268002AF1D108BDC8890020248A0020F1
:10E5C00051E500082C8A0020F8B5094C4FF47A7503
:10E5D000084F04F11806FAF745FF22463946284449
:10E5E000FFF77CFFB44202D054F8085FF3E7F8BDB0
:10E5F000A442020819E5000810B5044682B0CDE92E
:10E600000021FAF72FFF2044DDE9002102B0BDE828
:10E61000104063E730B40D4D2B689BB1002403E03C
:10E620001A681C4613466AB19A688242F8D1DA68C1
:10E630008A42F5D11A683CB1226019460A2030BCE2
:10E64000FFF73EBA30BC70472A60F6E7C889002061
:10E650002DE9F041FAF706FF0D4C07460EE05A6827
:10E66000A7EB020CBCF1000F0DDB9D681E68D3F810
:10E670000C80C4E90062FFF723FA35B923680A2049
:10E680001946002BEBD1BDE8F0814046A847F5E7DD
:10E69000C889002010B5084C23685BB1FAF7E2FE88
:10E6A00023685A68801A00E05A6802445A601B685E
:10E6B000002BF9D110BD00BFC889002010B5074C50
:10E6C00023683BB1FAF7CEFE23685B68181A48BF8F
:10E6D000002010BD4FF0FF3010BD00BFC8890020E2
:10E6E00040BA80B2704700BF00BA70472DE9F041D0
:10E6F00004460846884616460BF002F9C0B10546A6
:10E700002078B0B126446219964214D398F800706C
:10E7100005E014F8010F621958B196420BD38742F5
:10E72000F7D120462A4641460BF058F90028F0D18F
:10E730002046BDE8F0810020BDE8F08110F8013BE3
:10E7400011F8012B93421CD043F0200C00B542F08D
:10E75000200EACF16102192A10D8F4450ED1A3B1F4
:10E7600010F8013B11F8012B9342F8D043F0200C34
:10E7700042F0200EACF16102192AEED901205DF8B9
:10E7800004FB002BDAD11846704718465DF804FBED
:10E79000844670B504E0B44213D1E84213D093B17B
:10E7A0001CF8013B11F801EB43F02004A2EB0C052F
:10E7B00073454EF02006A4F1610EEED0BEF1190FA4
:10E7C000E9D9012070BD002070BD00BF012930D9FA
:10E7D000002A30B522DB01F1FF334FF0000500EBDA
:10E7E0000304C55432D0A04230D2054682EAE27E0C
:10E7F000AEEBE27E184AA2FB0EC3DB0803EB830CF0
:10E80000AEEB4C0C9E460CF1300C04F801CD93B1EC
:10E81000A542F0D37BB10023037030BD05462D2304
:10E820004C1E05F8013B002303550444A542DDD3EB
:10E83000F1E708D07047421821462846121BBDE870
:10E8400030400AF0CBBC00230370F3E7002AE2D18A
:10E8500030234270037030BDCDCCCCCC6FF00B00B8
:10E86000704700BF70B50B681646426882B093428D
:10E8700001D102B070BD044632600D46304601A998
:10E88000019303F0B9F901A9304603F0DFFC94F8D5
:10E890002D202B6802F0050163600529E9D1002BCA
:10E8A000E7D01307E5D5211D2046FDF709FEE0E777
:10E8B000704700BF91F82D3013F0180F01D003F00E
:10E8C000E1BCFDF713BF00BF38B330B5044683B0D9
:10E8D0000D4601B363682A689A4201D103B030BD86
:10E8E00001A96846CDE9003203F086F901A968461E
:10E8F00003F0ACFC94F82D202B6802F00501636056
:10E900000529EBD1002BE9D01307E7D5211D2046BF
:10E91000FDF7D6FDE2E7014DDCE77047B84102089C
:10E9200028B129B10B688268934218BF8360704791
:10E930000049F7E7B841020828B129B10B68C2685D
:10E94000934218BFC36070470049F7E7B841020817
:10E95000F0B500291F46164B0C4683B0054614BF80
:10E960000C461C460AB31646EFB1236893B92146FC
:10E9700001AA2846FFF776FF01213368AA6893426F
:10E98000EA6818BFAB603B68934218BFEB6019B1EF
:10E9900003B0F0BD0021F0E701AA21462846FFF7A9
:10E9A00061FF03B0F0BD024FDFE71E46DCE700BFAA
:10E9B000B841020870B5059E002E4DD004460028CF
:10E9C0004AD0002942D0002A3BD0002B3CD00498EA
:10E9D000224DE061069820610020C4E90100E0605A
:10E9E000A08484F82D002062287884F830001C4828
:10E9F00060612046FFF7ACFF2046B04760BB94F84B
:10EA000030106E68FF290ED096B1334601E01B68C6
:10EA100073B193F830208A42F9D10131C9B2FF298C
:10EA200084F83010F0D1002184F83000002EECD1B1
:10EA3000FE290FD04B1CDBB2266020462B706C6089
:10EA400070BD084A002BC2D1064BC0E70549002A19
:10EA5000BBD1F6E70023EFE7002070BDD48900208A
:10EA60005DE80008B841020810B51C4684B00023D8
:10EA70000294CDE900121A461946FFF79BFF04B035
:10EA800010BD00BF00283AD0436810B5044682B0DC
:10EA9000DBB994F82D30DA0724D4194A9368A342DD
:10EAA0002AD05368A34208D02BB11A68A24208D0DA
:10EAB0001346002BF9D102B010BD2368536002B099
:10EAC00010BD22681A6002B010BD04300021019010
:10EAD00003F092F80021019803F0B8FB94F82D3070
:10EAE000DA07DAD523F001021B0784F82D20D4D5EC
:10EAF0002046FDF7D3FAD0E700239360D1E77047B3
:10EB0000D4890020014B9860704700BFD489002051
:10EB1000014618B190F82D30DA0700D5704703F0A0
:10EB2000050243F0010C42F0010280F82DC0052AD5
:10EB3000F4D14268002AF1D01B07EFD50431FDF76C
:10EB4000BFBC00BF48B190F82D20D10705D522F0F9
:10EB50000101130780F82D1000D47047FDF79EBA0D
:10EB6000E8B110B590F82D3004465A0700D510BD15
:10EB700043F0040380F82D30FCF792FD94F82D301B
:10EB800003F00502052AF2D16268002AEFD01B07C4
:10EB9000EDD5211D2046BDE81040FDF791BC704722
:10EBA00038B190F82D305A0703D523F0040380F8CC
:10EBB0002D3070470246D0B10D4B586810B50C4649
:10EBC00010B913E0006888B190F830300133DBB23F
:10EBD0009A42F7D190F82E30013A0421237090F830
:10EBE0002F30A01C6370FFF7F1FD204610BD704769
:10EBF000D4890020024658B1064B586810B907E086
:10EC0000006830B190F830300133DBB29342F7D175
:10EC100070477047D4890020E0B110B50446023037
:10EC20000AF0D4F90C4BC2B2586810B910E0006871
:10EC300070B190F830309342F9D190F82E302178AD
:10EC40009942F4D190F82F3061789942EFD110BDFC
:10EC5000002010BD00207047D489002008B5FFF7C0
:10EC6000DBFF18B190F830000130C0B208BD00BF22
:10EC700038B50C461D469DF8181094429DF8143086
:10EC80000ED29B0708D504F21B2121F003018A4212
:10EC900028BF0A4691B204E0049B5B8B5B060BD550
:10ECA00021464FF42072FEF7D5FF20B143891B1B8C
:10ECB0002B800481448138BD0029E4D0049BDB6EA5
:10ECC000002BE0D1049B1B6F002BDCD1E8E700BFD9
:10ECD0002DE9F047074603209DF820A00E469046F8
:10ECE0009946FEF7C1FE044600283DD04FEA8A054A
:10ECF00080F80AA033894FF0000A05F00405466049
:10ED0000142130465B1BC4F800A02381FFF7AEF846
:10ED1000064610BB6368AD02F88AD3F804A005F577
:10ED2000A045C4F80CA0FFF7DBFCAAF80000388B64
:10ED3000E768FFF7D5FC78804846E768FFF7D4FC22
:10ED4000786045EA0800E768FFF7CAFCE368B88125
:10ED50009E74DE742046BDE8F0872046544602F0DB
:10ED6000C1F92046BDE8F0873046FFF781F9F1E7A9
:10ED700014312DE9F04789B20646174622204FF498
:10ED800020721C46BDF820A09DF82490BDF8288074
:10ED9000FEF760FF0546E8B120466C68FFF7A0FC6F
:10EDA00020805046FFF79CFC676060803046FFF78C
:10EDB0009BFC034649F4A040A360FFF791FC034687
:10EDC0004046A381FFF78CFC0023E0812374637429
:10EDD000A374E3742846BDE8F08700BF70B50D4604
:10EDE00086B00446164630B3007AB0B9184605938B
:10EDF000FDF744FC059AB0B1E37AA47A00940624A6
:10EE00003146029001942846FDF7BEFD044628468F
:10EE1000FFF72EF9204606B070BD0593FFF7EAFE16
:10EE2000059A0028E8D16FF003042846FFF720F97F
:10EE3000204606B070BD18460593FDF71FFC00285C
:10EE4000F1D0FF23059AD9E72DE9F04F002491B0C6
:10EE500007910993ADF83E40002800F0C781B0F853
:10EE600062A08046438E4FEA5A0A9A4528BF9A46C6
:10EE7000A24508BF9A46002900F0B881037D91465B
:10EE80009A1E022A02D9072B40F08D81B9F1000F9A
:10EE900013D0B8F864304B45C0F09F81B8F8666075
:10EEA000082E00F29A81D8F86C400B94002C40F0A8
:10EEB00013810A94CDE90C4436E0D8F86C70B8F8A8
:10EEC0006660002F00F095813B463F68002FFBD124
:10EED0001C460C939B7A21899B00B8F86800AAEB2A
:10EEE000010203F004030A90D21A92B268B14845B5
:10EEF0000346274628BF4B46934228BF1346D21AE3
:10EF0000C01A0A9392B2ADF83E000A9B002A18BFBD
:10EF10004B4502D2002940F0E18000230A9C0B936C
:10EF20000D93A14540F26D81099B4FF0000B03F05A
:10EF30000103CDE905B332E0099B5246294636204C
:10EF4000CDE90083BBFA8BF35B0902930DF13E031D
:10EF5000FFF78EFE074600284DD0079B2A464068E3
:10EF600019190AF0A1F83846FFF786F8304486B23E
:10EF7000092E3DD8D8F85C3000223946404623445B
:10EF80000092FFF7A5FE002835D0BBF1000F48D056
:10EF90002C44059BA4B21860A14547D90590A9EB64
:10EFA0000405069BADB2554528BF5546ADB2002BB2
:10EFB000C2D1012229463620FEF74CFED8B1079A6D
:10EFC00008902244069942604FF420723620FEF7E2
:10EFD00041FE089B0746002800F0B1801946FFF764
:10EFE00063F83846FFF748F8304486B2092EC1D995
:10EFF0003846FFF73DF8B8F81A3043F08003A8F818
:10F000001A300B9B13B11846FFF732F8BBF1000F13
:10F010005DD0584602F054F84FF0FF3011B0BDE813
:10F02000F08F2C448346A4B2A145B7D807460A9B6B
:10F0300013B30C9A5468D4B19A4623892268534476
:10F04000079D238132B114462389226853442381CA
:10F05000002AF8D1638952466068294618440AF0AC
:10F0600023F86389226853446381002AEBD10C9A08
:10F070000A99138919441181BDF83E300B9DA8F8F7
:10F080006830002D5FD00C9C29466068FFF70CF8B3
:10F090002A892389134423810C9BC3F800B0D8F834
:10F0A0005C30A8F866604B44C8F85C30B8F864304F
:10F0B000A3EB0909A8F864902FB1FB681BB1099A6A
:10F0C00012F002055CD0002011B0BDE8F08F4FF0C7
:10F0D000FF3011B0BDE8F08F0B9FF5E6A9EB0305FB
:10F0E000099B9542A8BF1546D907ACB25ED40C9BCC
:10F0F0005A6813461268002AFBD10B921A7B12F051
:10F10000C00F05D15A895B681344079A9A4248D0C8
:10F11000012221460020FEF79DFD0B9000285CD0C7
:10F12000079B0A990B444360FEF7A6FF06440023A1
:10F13000B6B20D930A9B0C9F1C44A4B2F1E618468C
:10F14000FEF796FF57E70D9B23B30C9B59680A689F
:10F15000002A54D00D9C00E002460B89106823441D
:10F160000B8111460028F7D113890D990B441381A7
:10F1700053890B4453810C9A13890B4413818BE7F9
:10F1800008209C89FFF7ACFA0246FB682846144326
:10F190009C8143E70C9B002B7FF47EAFC8F86CB0DA
:10F1A0007DE70D94C6E76FF00A0037E7CDE90083ED
:10F1B00001232146002002930DF13E03FFF758FD85
:10F1C00003460B9048B10A981D4607992246014410
:10F1D000586809F069FF2846A6E7B8F81A304FF0DA
:10F1E000FF3043F08003A8F81A3017E76FF00F00E4
:10F1F00014E7BDF83E30CB46A8F86830CEE70A46A3
:10F20000B2E74FF0000B12E72DE9F04FC56E83B067
:10F2100085B30C46002900F09480B5F80890894524
:10F2200003D8002003B0BDE8F08F95F80AA0A9EB41
:10F23000010806464FF420724FEA8A0B36201FFA67
:10F2400088F80BF0040B08EB0B0189B2FEF702FD06
:10F25000074678B168682A89038979689B1A42460B
:10F26000594423449BB2FEF775FF404507D038460A
:10F27000FEF7FEFE4FF0FF3003B0BDE8F08FEB6805
:10F280009889FFF72DFA10F0080B5FFA80F853D138
:10F2900008F03F0818F0010F03D008F0FE084BF00B
:10F2A000010BEB685868FFF71FFACDF800A0231890
:10F2B0005A4639463046FFF70BFD82460028D6D025
:10F2C0006868A4EB0904FEF7D7FE6A68B6F86630F2
:10F2D000A4B211891B1A10462144A6F8663089B2DF
:10F2E000FEF794FD2B8940461C44EB682C819C89D9
:10F2F000FFF7F6F9EB68044368689C81FEF7BCFEF3
:10F30000B6F866300344DAF80400A6F86630FEF773
:10F31000B3FEB6F8663018442B68A6F86600CAF843
:10F320000030C5F800A0DAF80030002B7FF479AF88
:10F330001846A6F8683075E708F037084FF0080B54
:10F34000A8E76FF005006DE770B5C1F3400682B025
:10F3500004460D464FF420723620B100FEF77AFCC9
:10F3600060B30146E36D2A4620460096FFF7B0FCE5
:10F3700020B3E36E03B39C461B68002BFBD1CCF893
:10F3800000000023AA07A4F8683002D0E36D01331F
:10F39000E365EB070BD44068FEF76EFEB4F8662019
:10F3A000034600201344A4F8663002B070BD638B9E
:10F3B00043F020036383EEE7E066E2E7638B4FF000
:10F3C000FF3043F080036383EFE700BFF8B5C46EFE
:10F3D00006464CB125462468002CFBD1EB68988981
:10F3E000FFF77EF9430705D030460121BDE8F8401C
:10F3F000FFF7AABFEB6801209F89FFF771F9738BB4
:10F400003843EA6843F02003908120467383F8BDB7
:10F41000026F62B3F8B506461446D4E9005335B11D
:10F420009B7B2C46012BF8D06FF00500F8BD9B7B31
:10F43000012BF9D1F36E2360738B43F40063738364
:10F44000E368C6E91B255868FFF74EF9E36827898A
:10F4500004469889FFF744F903463C44284613F0D4
:10F460000303756318BF01232344F364F8BD6FF0F1
:10F4700005007047F8B5066F56B373689B7B012B88
:10F4800026D132680746C36E00F16C0502671BB9CE
:10F490000FE02D682B6863B1DB685868FFF724F92B
:10F4A000F36804465868FFF71FF9241A002CF0DBB4
:10F4B0002B6833602E6033686BB197F84230FF2BB6
:10F4C00002D0013387F84230002318467B63F8BD31
:10F4D0006FF00500F8BDA7F86830EEE7036F3BB3A7
:10F4E000438B5B0710B5044600D510BDFFF7C2FF84
:10F4F0000028FAD1B4F86010B4F84830628E99420E
:10F500004FEA420028BF19464B08B0EB510FA4F850
:10F510004A3002D983B2A4F84A30618B024441F0E8
:10F52000040113440022A4F848306183228610BDF0
:10F53000704700BF2DE9F04186B014461E460546CF
:10F54000BDF834300846BDF8388005930C9FFFF7AE
:10F55000CBF814210246204646F20804059BCDF85C
:10F560000080CDE901140021FFF702FC38B101460B
:10F570003B463246284606B0BDE8F0412EE406B0D0
:10F58000BDE8F08130B5044685B0006D1025FFF769
:10F59000ABF8638D218B02460293E38ACDE9001517
:10F5A0000021606AFFF7E4FBA8B1658D0146626A3D
:10F5B000231D20462A44E2622246FFF70FFC638B9C
:10F5C00020B143F00303638305B030BD23F0030390
:10F5D000638305B030BD638B6FF00100F1E700BFBE
:10F5E000AD4B1B68834200F04F812DE9F04FC56E93
:10F5F00087B0044685B3B0F8487000F1040AB0F84B
:10F600006060007A002840F063815046FDF736F8CC
:10F610000590059A002A00F0718123680BB95368A0
:10F620002360EB68B742586828BF3746FFF75CF89D
:10F630002B89626C9B1A1844B84217D9B4F8603011
:10F64000BB4200F00F81628B910708D5204607B0BE
:10F65000BDE8F04FFFF796BF428B9507F7D422F035
:10F6600080020020628307B0BDE8F08F002384F899
:10F670009930236F002B00F0058198461B68002B02
:10F68000FBD1002691E0D5F80CB06B689B7B012B79
:10F6900046D1606AFFF728F8CBF80800608DD5F8EE
:10F6A0000CB0FFF71DF8628D636AABF80E001344CF
:10F6B000D5F80CB0E362AB7ADB0700F1B080B4F9A7
:10F6C0003030002B636BB8BF2686002B00F09C8087
:10F6D00068684FF0060C524621464368B0F80AE0CD
:10F6E000ABEB0303C0F804B09BB2AEEB030EA0F883
:10F6F0000AE0B0F808E0AEEB03030381059B8BF84A
:10F7000010608BF81160CDF804C00293A37A0093C7
:10F71000E37AFDF739F9002840F0EB80D5F80CB01A
:10F720002B68E366237D022B03D0638B23F0030356
:10F730006383DBF80400FEF7D7FFEA688346B5F879
:10F7400008909089FEF7CCFF10F00300CB44236DA6
:10F7500018BF01205844B5F808B01B1A002BEB68FD
:10F76000B8BF20659889FEF7BBFF10F0030018BFF3
:10F77000012010EB0B0F40D0236F2E60002B40D0E8
:10F78000EB685868FEF7B0FFD8F80C30834658682D
:10F79000FEF7AAFFABEB0000002877DBC8F80050AB
:10F7A000A846E56E002D00F09780EB685868FEF7DC
:10F7B0009BFF636CC01A2B891844B84200F29280F8
:10F7C000236F4BB1638B13F0440F1A4604D1E16EE3
:10F7D000002938D0086888B3237D022B3FF453AF4B
:10F7E000EB681020B3F80CB0FEF77AFF4BEA00008C
:10F7F000D5F80CB0ABF80C0047E7284601F072FCD6
:10F80000CFE7A8462567CCE7244B1B686363DBF88A
:10F810000400FEF769FFD5F80CB0A06358E7524624
:10F8200005994FF4067002F0D9F940F00170FEF727
:10F830005BFFCBF81400D5F80CB040E7B1F808C076
:10F84000608E8445C8D2B4F864000028C4D0B4F8EF
:10F8500066000828C0D813F0A00FBDD100297FF49E
:10F86000FEAE3AE0236F002B7FF4EDAE94F89930B2
:10F87000002B7FF4E8AE4FF4807284F89A30A4F83D
:10F880009820E0E69846FCE600207047226F04F1DD
:10F89000700952B918E000BF148A0020208A0020A5
:10F8A000D9F80090D9F8002072B1D3685868FEF7F3
:10F8B0001BFFEB6883465868FEF716FFABEB0000B2
:10F8C0000028EDDBD9F800202A60C9F8005068E76D
:10F8D000FFF790F905909CE6638B00211A46A4F887
:10F8E0006810BCE6638BE16E1A4600297FF4B7AE60
:10F8F000F3E7638B43F080036383B4E66FF00300A8
:10F90000B1E600BF90F84230FF2B02D0013380F8FF
:10F910004230FFF765BE00BF10B50446FFF778FD23
:10F9200000B110BD94F84230FF2B02D0013384F8AF
:10F9300042302046BDE81040FFF752BE30B50446C5
:10F94000006D85B010250138FEF7CEFE638D218B4A
:10F9500002460293E38ACDE900150021606AFFF7B1
:10F9600007FA60B1658D0146626A231D20462A446C
:10F97000E262224605B0BDE83040FFF72FBA4FF0F3
:10F98000FF3005B030BD00BF2DE9F041C56E84B039
:10F99000002D59D090F89A300446FF2B02D0013345
:10F9A00080F89A30EB689889FEF79AFE10F001060D
:10F9B00033D10121EB685A68638D0293238B009346
:10F9C00010230193E38A606AFFF7D2F9074698B3E0
:10F9D000628D636AD0F804801344E3620EB3B8F911
:10F9E0000C601120FEF77CFE26F47C563043A8F80C
:10F9F0000C00EB685868FEF777FE236D0130224655
:10FA000039461B1A002B04F10403B8BF20652046B9
:10FA100004B0BDE8F041FFF7E1B9298989B90126B1
:10FA2000C8E7686808F114012E89012203899B1B2D
:10FA30009BB2FEF78FFBDCE74FF0FF3004B0BDE870
:10FA4000F08101210026B5E7284604B0BDE8F08129
:10FA5000F8B5C36805460C469889FEF741FEC20713
:10FA600032D41C4E05E02768204601F03BFB3C46A3
:10FA7000EFB1E168238937682A8948683A4403442A
:10FA8000D31A002B15DB8889FEF72AFEC307EAD5B7
:10FA9000EB6801209F89FEF723FEEB683843276857
:10FAA0009881204601F01EFB3C46002FE1D12C60DE
:10FAB000F8BD121A002AFADDC11B686889B22981D3
:10FAC000FEF7A4F92C60F8BD2046002401F0F8FAF6
:10FAD0002C60F8BDE08900200D4B1B7913F010035A
:10FAE00001D118467047438BDB0610B5044606D497
:10FAF000D0F890301BB16FF00E0100699847214695
:10FB0000044801F05FFD204601F032F9012010BDEC
:10FB1000E0890020248A0020A9B32DE9F04107469E
:10FB20000D461A4E13E0D5E90040FEF7A5FAB7F8E6
:10FB3000661002462B89B6F806C028468A1A254662
:10FB40006344A7F86620F38001F0CCFAC4B1EB68F7
:10FB50005868FEF7C9FDEB680446B5F80880988937
:10FB6000FEF7BEFDB36810F00300A4EB030418BF5A
:10FB7000012044440444002CD5DD2846BDE8F08132
:10FB80000020BDE8F0810020704700BFE089002020
:10FB90002DE9F843AD4D04462B7BDB0600F18D804B
:10FBA000E8892B68002877D0227D062A74D8626AFB
:10FBB000D11A012905D4561CF61A301A002840F330
:10FBC000A881991A0029C0F29F8103F1010C208DB0
:10FBD000ACEB0201091A002934DC9A4200F0B7812B
:10FBE000666F002E00F0B682F068002703F1FF3E3A
:10FBF00042689A4217D0002F00F02E81F9684968B8
:10FC0000AEEB0101002904DBACEB0201002940F35B
:10FC1000AA8231683746002900F02D810E46F0682F
:10FC200042689A42E7D1AA8B33899A420AD9884816
:10FC300001F06AFA30B1002F00F01C8338603146C1
:10FC4000FFF706FF2046BDE8F843FFF79BBCE889B5
:10FC5000002840F0EA806744A16DB4F860C06144B8
:10FC6000B94240F0E280218E0F0400F1DE8096421E
:10FC700040F0DB8094F84310FF2900F0B18201319D
:10FC8000C9B2032984F8431000F2AA8200F0B482BA
:10FC9000616B002940F0A080626A991A002906DB96
:10FCA000C2F10102218D521A1344002B03DD638B34
:10FCB00043F002036383BDE8F883426D2B68B0F81C
:10FCC00060C0D11A876D00296EDB9A42AA6800F0E5
:10FCD000B080974200F0B480666C911B0029B6DDBD
:10FCE000236DD31A002B6DDC638B5E0709D523F0DF
:10FCF00004036383B4F84A30A4F848300023A4F81E
:10FD00006A30E38F6264B4F93C2003EBE203002223
:10FD1000A4F84030237DA4F84220032B13D9B4F873
:10FD2000483089B2B4F84A209A4200F26281B4F8AD
:10FD30006A20114489B28A4200F2F5818B4240F276
:10FD4000F481A4F86A10216F2046FFF7E5FE034610
:10FD5000E16E20462367FFF7DFFE226FE066B2FA0E
:10FD600082F35B095B42238600232377002800F09F
:10FD70003D81B4F86430E9880B44A4F86430638BA7
:10FD8000190522D5002A00F04B81D368E66C58682B
:10FD9000FEF7AAFC301A002817DC628BE88922F4EF
:10FDA00000622B68628312E02A69D189AA68B4F8DC
:10FDB0006200A4F860108842C4E9153238BFA4F884
:10FDC000621089E72046FFF7DDFBE8892B68616B4D
:10FDD00000293FF4E7AEAA68A66BB21A002ABFF664
:10FDE000E1AEB4F93C6089B21A4AC6F3CF07B2F863
:10FDF00000C0ACEB0702521A92B2164412F4004F44
:10FE000036B2A68703D0A7EB0C0739448AB2B4F9FF
:10FE10003E10A1EBA1011144002289B2626301EB03
:10FE2000E606E187A4F84060BCE6002284F843209F
:10FE3000CDE7B91A0029BFF64CAF2969C989B6E7E1
:10FE40002969C9898C45BFF447AFB0E7E089002034
:10FE5000F4890020208A0020991A0029BFF6D9AE23
:10FE60008C4801F051F900283FF4ECAE3146606750
:10FE7000FFF7EEFDE6E69B1A002B7FF7E3AE8089E5
:10FE8000FEF72EFCC1073FF5DDAE824801F03CF9DC
:10FE9000306000283FF4D6AEF2682B685168328992
:10FEA0000A44D21A002A05DD5B1A706899B23181C2
:10FEB000FDF7ACFF2A68EB891344626A9B1A228D16
:10FEC0009B1A002B7FF7BEAE3368DB689889FEF77C
:10FED00007FCC207336800F1CF812A68218D58687A
:10FEE000891A626A114489B21981FDF78FFF33685C
:10FEF000DA681E899089FEF7F3FB10F0030018BF43
:10FF000001203044E8819DE6638B43F00203638364
:10FF100098E689B2AB8BA8695B1A0289AB834389E7
:10FF2000521A8B4292B208D20026C91A4681028127
:10FF3000006889B243898B42F7D3FDF7E9FF636A12
:10FF4000296A228D2B604B60002A3FF47BAE2B6A1E
:10FF5000AE8B9889FEF7C4FB10F00303228D18BF07
:10FF6000012333449BB29A42EB81C0F01881636F46
:10FF7000002B6DD02B6A9889FEF7B2FBC30764D4BF
:10FF8000666F46B943E13768304601F0ABF83E464C
:10FF9000002F00F03C81F0683389E989D5F800C072
:10FFA000476801EB0C023B44D31A002BC0F22A81B4
:10FFB0008089FEF795FBC707E5D52B6A9889FEF780
:10FFC0008FFB8007DFD42B6A01209F89FEF788FB17
:10FFD0002B6A3843AF8B988180B2FEF781FB10F01B
:10FFE000030018BF01203844E881CCE7A4F868007A
:10FFF000BFE6628B12F4006F628E14BF01200220F4
:020000040801F1
:1000000012FB00F292B28A4294BF9818581882B23A
:10001000934240F293804FF6FF73A4F8483092E683
:1000200048B1C368E66C5868FEF75EFB301A0028DA
:100030003FF7CBAE638B23F40062E8892B686283C1
:10004000C5E60368636701F04DF8606F0028F8D1DA
:10005000E9892A680A44238D20466262591A21855B
:1000600000F03AFFAB691A8912B100226B62AA61F3
:100070002B6A9889FEF734FBC20703D52B7943F02E
:1000800020032B71666F002E5BD000274FF007080E
:100090001CE000BFF4890020FEF706F87760F368E3
:1000A0009889FEF71DFBC30708D52B7943F0200381
:1000B0002B71237D042B08BF84F8148033683046ED
:1000C000636701F00FF8666F002E3AD0F268616A3C
:1000D00053688B4235D12B609089B6F80890FEF7B3
:1000E000FFFA636A10F00300994418BF0120F36817
:1000F0004844B6F8089060629889FEF7F1FA10F06B
:100100000300238D18BF01204844181A208520467B
:1001100000F0E2FE71680B89002BC0D0686A0028ED
:10012000BAD16962BAE74FF6FF71628EC91A1A44F2
:10013000A4F86A1092B293423FF66DAFA4F848203B
:1001400001E6638BD8070AD523F0010343F00203CD
:100150006383B0E5504800F0D7FF606772E543F075
:1001600001036383A7E54C4800F0CEFF80460028DA
:100170003FF468ADFB682A6859683B890B449B1AB9
:10018000002B05DD521A786891B23981FDF73EFEE9
:1001900031464046C7F80080FFF75AFC52E52B6A0B
:1001A0009889FEF79DFAC1072B6A34D49889238D6C
:1001B000AB83FEF795FA8207A98B02D5013989B284
:1001C000A983A869FDF722FE2B6AAE8B9889FEF7FA
:1001D00087FA10F0030018BF01203044E881C6E61A
:1001E000B4F848204FF6FF71638E13449BB29A42D5
:1001F00088BF0B46A4F848302046FFF76FF9E8891E
:100200002B68E4E5D31B002B15DC666723E7E9893F
:100210002A680A44F9E79E89304626F47C56FEF7A0
:100220005FFA00F03E00FEF75BFA2A6A46EA000336
:1002300098B29381BBE7A7EB0C072B6AAF83988931
:10024000FEF74EFA810702D5AB8B013BAB83A98B3E
:10025000A869FDF7DBFD2B6AAF8B9889FEF740FAA2
:1002600010F003002A6818BF0120391889B20A4427
:10027000E981CAE76067E2E4DB689F89384627F4D2
:100280007C57FEF72DFA00F03E00FEF729FA33689E
:100290000743DA68978120E6F48900202DE9F043CE
:1002A000444D0021B5F830E02F8D5FFA8EF9EC6AED
:1002B0002E696A8E6FEA090802F1140CB444974261
:1002C00002F101036CD99BB2ACB1964508EB030176
:1002D00011D8C9B2615C012911D0022916D091B19F
:1002E0000CB1734541D233441B7D012B5ED91A44B6
:1002F00092B20121E0E79CF800100129EDD10CF148
:10030000010C1A46DBE76B86BDE8F083911C89B2CD
:100310000CB1734524D233441B7D042B44D14B1CB8
:10032000BB4241DAD31C9BB284B38E4522D8A1EBE9
:10033000090104329E45C9B292B214F801C04FEAD5
:100340000C2C20D8A3EB0901C9B2635C4CEA03036F
:10035000591EB1F5067F28BF4FF406734386C8E7E0
:10036000A3EB0903DBB2E35CD7E7A3EB0903DBB242
:10037000E35CBAE7314404329E4591F814C092B26E
:100380004FEA0C2CDED933441B7DDFE731440432C5
:10039000334491F814C092B21B7D4FEA0C2CD5E780
:1003A0000029B1D06A86AFE76986ADE702326A8676
:1003B000AAE700BFE089002043894268132B2DE99A
:1003C000F04FA34E87B00446326105D8204607B0EF
:1003D000BDE8F04FFDF74CBE9E4F39687869FCF7D9
:1003E00007FB05460028F1D17B6903F0F003E02B01
:1003F000ECD033699889FEF773F9800A00F0FC01AC
:100400001329E3D923898AB28B42DFD3A2F11403E3
:100410006089F5629BB29042338580F0D3801421CD
:100420002046FDF775FD6589B6F8289020462946D7
:100430003586A9EB0508FDF76BFD20681FFA88F8E3
:1004400043894345C2D343684146F362FDF760FDEB
:1004500023891D44A5EB0905258135692888FEF708
:100460003FF9288035696888FEF73AF96880356970
:100470006868FEF739F9686035693060A868FEF78A
:1004800033F9A8603569B060E889FEF729F9336966
:10049000E8819889FEF724F900F03F0885075FFAA4
:1004A00080FAB4F808C086F80C8040F0D980A6F82D
:1004B0000EC0694BD3F800E0BEF1000F00F03483AA
:1004C0007968754633690494D7E90492059200224D
:1004D00004E0E8682A46002879D005462C7A2CB139
:1004E00091F830000130C0B28442F2D1B5F818B0B2
:1004F00018888345EDD1B5F816B058888345E8D102
:1005000068684845E5D12868059CA042E1D1049C73
:100510002AB151490D60E968D160C5F80CE0336239
:100520001AF0080F4FF00003A6F81CC0B461736105
:1005300073623371F38003D0637B43F00103637311
:10054000AB6F6BB1284601F0BDFA0D3000F0208290
:10055000AB6F1BB1F389002B40F01A8296F80C8028
:1005600018F0040F756300F022812B7D022B00F040
:10057000CD826A6A33689A4200F0CD829B1A04D415
:100580002A8D9B1A002B40F3BC8233791A0740F165
:100590001382D5F890301BB16FF00D012869984790
:1005A0002D48294601F00EF8284600F0E1FB002412
:1005B000B0697463746210B1FDF75AFDB46107B09D
:1005C000BDE8F08F20463386FDF7A2FC45E7049C8A
:1005D000224A106800284BD07968D7E9049C02E0D1
:1005E000C068002844D0057A2DB191F8302001323E
:1005F000D2B29542F4D1B0F818801A889045EFD164
:10060000B0F816E05A889645EAD142684A45E7D1E3
:1006100002686245E4D11AF0040F7FF4D7AE1AF0F5
:10062000020F00F006833268436AD31A04D4018DA6
:100630005B1A002B40F31883F389002B3FF4C6AEFE
:10064000438B43F002034383FEF7CAFFBEE600BFBD
:10065000E0890020348A0020248A00202C8A00208F
:100660000CF101039BB29C45F3817FF622AFADE60E
:10067000DFF84093D9F80080B8F1000F00F0DC817A
:10068000D7F804C04546D7F814E0002005E0EA6832
:1006900028461546002A00F0CF81297A29B19CF816
:1006A00030200132D2B29142F1D1EA8A59888A428D
:1006B000EDD12A680AB17245E9D128B1EA68C9F8D2
:1006C0000050C260C5F80C801AF0040F7FF47EAEB3
:1006D0001AF0100840F02A821AF0020F3FF476AEAA
:1006E000687D01F05BF88146002800F0698231697D
:1006F00033680A780133497842EA0122E98A436281
:10070000C3627B69028303603B69C1824360032348
:10071000037501F057FA3368C9F85800013BC9F86E
:100720005000C9F84400C9F854302B69C9F85C007E
:10073000C9F81030C9F87C506B7A994A03F00C0361
:1007400089F809302B7A89F808301368C2F80090CC
:10075000C9F80C30FDF71AFF924B01221A70338D45
:1007600023B14846A6F83280FFF798FD336909F1B6
:100770000402B9F83250DB8910460492A9F86030BF
:10078000A9F86230FBF77AFF049A0146284601F087
:1007900025FA034612214846A9F83230FEF7D4FD67
:1007A000002840F018824846FEF71AFF0EE618F0BF
:1007B000020404D02B7D023B012B00F2A2816B8B43
:1007C000D80602D4784B1B682B620023328DA5F823
:1007D0009A301AB128467386FFF760FD2B7D023BE5
:1007E000072B3FF6D2AEDFE803F02F120481670437
:1007F00097522846FFF7CCF933799A067FF5C5AEB4
:100800006B8B072243F002032A756B83BDE618F059
:10081000100F00F0C3816B6CB168DB43CB4204D492
:100820002B6DCB1A002B40F3DC8130695F4B0288C3
:10083000F489029242882846CDE9003232680433B6
:100840002244FEF777FEA0E608F01203122B00F018
:10085000098118F0100F3FF498AE3369F1891888B8
:100860003268029028465B880A44B16801934F4B76
:1008700000930433FEF75EFE95F84230052B3FF6F9
:1008800084AE002328462B86FFF746F87DE62846EF
:10089000FFF77EF9337BD9067FF577AE2A6DB36813
:1008A0009A427FF472AEEB6E002B7FF46EAE33791A
:1008B00043F01003337168E62846FFF769F933798E
:1008C0009C067FF562AE6B8B284643F002036B8378
:1008D00000F04AFC324B1B68AB424AD0002B4BD095
:1008E000DA68AA4200F0AD811346F7E72846FFF721
:1008F0004FF9337913F0200F337B00F04081DB0692
:1009000003D52A6DB3689A4224D06B8B082243F03A
:1009100002032A756B8338E62846FFF739F9337BE3
:10092000D8067FF532AE2A6DB3689A427FF42DAEB9
:10093000EB6E002B7FF429AE284600F015FC184B17
:100940001B68AB4215D0BBB1DA68AA4200F07981CE
:100950001346F8E7EB6E002BD7D16B8B284643F09C
:1009600002036B8300F000FC0D4B1B68AB4240F0B0
:100970006B81EB680A4A13600D4B0A21094A2975FD
:1009800019681D600123E9601370FDF7FFFDFCE5A8
:100990006B8D002B7FF40BAE2846FEF7F3FD06E6C9
:1009A000248A0020288A0020208A0020448A0020EF
:1009B0002C8A0020188A0020F28852B1D5F88030A5
:1009C0002BB12946286998470D303FF4F0AD00233C
:1009D000F3802846FFF780F800287FF4E8AD726ABC
:1009E0009AB16B8B13F0100340F0AE80D5F88440C1
:1009F000002C00F0E08029462869A04710F10D0F77
:100A00003FF4D5AD08B1736AAB6733799B0607D560
:100A1000AB6F002B00F09F805A7B42F020025A738C
:100A2000002328467363FFF757F800287FF4BFAD13
:100A30002846FEF7D5FDBAE59889FDF751FE10F07E
:100A400004007FF4C3AC3169934B0A88F5890292A4
:100A50004A88B168CDE90032326804332A44FEF78F
:100A600069FDB3E46A6CB36801329A427FF4F1AE77
:100A700033686A6431695A1C013B6C8E6A62EA62AF
:100A80002A1DC9896B6504231046A5F860102B75D3
:100A9000A5F862100492FBF7F1FD049A0146204686
:100AA00001F09CF841F21C134200688681009A42D2
:100AB000144638BF1C46B4EB800F40F2E9808BB27D
:100AC000B5F86620A5F84830286F531EA5F86630A3
:100AD000002800F0D98003682B6700F003FB2B6F20
:100AE000002B00F0CD8000232B8685F84230D5F80E
:100AF000883033B100222946286998470D303FF4E9
:100B000056AD6B8B43F002036B833EE52A6DB368F1
:100B10009A427FF43AAD32796B8B42F0080223F0AF
:100B2000010332716B8330E5336951E51B88284638
:100B3000594AF5890092CDE90113131D3268B16855
:100B40002A44FEF7F7FC41E41046FDF791FA2846E7
:100B500000F0F8FD2BE52B8DB3F5066F01D00133C6
:100B60002B85D5F88440002C3FF45AAF002329464A
:100B700028691A46A0470D307FF452AF17E5DF060B
:100B80007FF503AD2A6DB3689A427FF4FEACEB6E3D
:100B9000002B7FF4FAAC06232B75F6E4002C3FF40F
:100BA000F4AC6B6A3268013B93427FF4EEAC2846AA
:100BB000FEF760FCE9E42346294600F065FF1DE7E7
:100BC000AB69002B3FF402AC01464FF0FF322869BD
:100BD0009847FFF7FBBB0021484600F021FDFFF7D7
:100BE000F5BB0422EB6F2A75002BB0D09B69002B5C
:100BF000ADD0002229462869984788BB2846FEF7D1
:100C0000C7FFF3880BB1013BF380698E41F21C13DF
:100C10004A0088009A42144638BF1C46B4EB810F44
:100C20001AD983B23279A5F8483091067FF5ADAC78
:100C3000E6E51AF0010F3FF4FFAC184B1B680362A6
:100C4000FAE4EA68DA6097E6002B3FF495AEDA68DA
:100C5000AA42F6D01346F7E79A4288BF93B2E1E77B
:100C60000D303FF4A4AC72E7F1890B4B0A44B16834
:100C700000930433CDE901E8FEF75CFCFFF7A6BB67
:100C80004FF6FF732B8632E7E86E0368EB6624E7C6
:100C90009A4288BF93B213E7448A0020208A00203A
:100CA000024A137943F0100313717047E089002062
:100CB000F0B4134F4FF48041124E4FF6FF7C38884A
:100CC000114D0130114C2B4680B2604508BF4FF4E6
:100CD00040401B6813B90BE0DB684BB1DA8A8242F3
:100CE000FAD1013989B20029EBD13880084605E0F4
:100CF000B44202D054F8043BEBE73880F0BC7047B4
:100D00001800002050430208188A002044430208BB
:100D100010B5037D0446042B05D0072B0DD0032B03
:100D200001D0002010BDFEF751FB48B90523237503
:100D30002046FEF755FC002010BDFEF747FB38B1FA
:100D4000431CEFD1638B002043F00803638310BD85
:100D500009232375ECE700BF08B508F08FFB024BB1
:100D6000024A0343138008BD00C0FFFF18000020A3
:100D700001460120FCF7A4BE0029244B2DE9F041D7
:100D80000F4614BF0F461F46002839D0037D80460A
:100D90009BBB4AB31E491F4E01F10C0033461B6832
:100DA00013B90FE0DB686BB1B3F816C09445F9D105
:100DB0001C681CB13D680DB1AC42F3D16FF0070067
:100DC000BDE8F081814215D13B680BB1C8F8003015
:100DD0007368A8F81620C8F80C30C6F80480FDF730
:100DE000D5FB0020BDE8F081FFF762FF024650B15D
:100DF000084EE9E751F8043BD1E76FF00500DFE763
:100E00006FF00F00DCE76FF00100D9E7B84102088E
:100E100044430208188A002019B191F830100131BA
:100E2000C9B20172704700BFF8B5044617460028E2
:100E300043D0057D002D34D10220FCF715FE064677
:100E400000283ED0236901220361E38A0275C38230
:100E5000627D4275627A05724272E27A1A4DC272FE
:100E6000A27A8272226802605BB16B68A3421CD0D6
:100E70002BB1D968A1421BD00B46002BF9D100231E
:100E8000E36021460120FCF71BFE2A680F4BF2604D
:100E9000B3612E60FDF77AFB002307B13B7030464B
:100EA000F8BD6FF00E030026F7E7E3686B60E6E736
:100EB000E268DA600023E360E3E706466FF00F03C1
:100EC000EBE74FF0FF33E8E7188A00204D170108E1
:100ED0000022FFF7A9BF00BF018DC26A10B58B1AAF
:100EE000B0F832E0446ABEF5866F234494BFA3EBAA
:100EF0000E0CA3F5866CBCF1000F02DB4185184691
:100F000010BDA31A002B04DD0022134642851846AB
:100F100010BD121B00234285184610BD88B3038DF7
:100F2000194489B28B4230B402D8B1F5066F26D984
:100F30004FF406631946456AC46AB0F832C02B44C0
:100F40000185BCF5866F94BF04EB0C0204F5866244
:100F50009A1A002A0BDB1B1B4185B3F5067F0CD3C5
:100F6000438B43F0020330BC4383FEF739BB2B1B9A
:100F7000002BCCBF0023631B438530BC70470B465E
:100F8000D9E770472DE9F041002978D004460028C0
:100F900075D01D46037D002B6ED10B68007A22832D
:100FA000636000283ED0FDF725FE8046B8F1000FB3
:100FB00068D0236813B9D8F804302360E68A002E7D
:100FC0004FD03249324F4A68B868324B0244A3626C
:100FD0004A604FF40661B8F824302265013AA4F85B
:100FE00060106264C4E9162200226262E2626BBB96
:100FF0004FF406720123C4F888500221204662860D
:10100000A4F84830FEF7A0F90546E0B9022323759D
:101010007EB17B68A3422CD05BB1DA68A24206D0D5
:101020001346F9E7201DFBF729FB8046BEE7E2687F
:10103000DA60FB68FC60E360FDF7A8FA0123204654
:101040003B74FEF7CDFA2846BDE8F081282BD1D9B4
:10105000A3F1280292B2B2F5067F28BF4FF40672C0
:10106000C8E7FFF725FEE0820028AAD16FF001054E
:10107000E9E7E3687B60DCE76FF00905E3E76FF021
:101080000F05E0E76FF00305DDE700BF1800002063
:10109000188A002060086008084B10B5DC6814B995
:1010A0000AE0E46844B1638B1B06FAD52046FEF7DC
:1010B00097FAE468002CF6D110BD00BF188A002012
:1010C00070B138B5044625462468686808B1FCF755
:1010D000CFFF29460320FCF7F3FC002CF3D138BDE9
:1010E000704700BF58B110B50446406808B1FCF71E
:1010F000BFFF21460320BDE81040FCF7E1BC70476C
:1011000000B14175704700BF38B505460320FCF7B4
:10111000ABFC044650B168682968AA68EB68606057
:1011200021606068A260E360FCF7B0FF204638BD34
:1011300000B10161704700BF08B1C0F8841070476A
:1011400008B1C0F88010704708B1C0F8901070471F
:1011500018B1037D012B08BF8161704710B1C0F841
:101160008C104277704700BF002841D070B5037DD6
:1011700005460A2B01D0012B00D870BD806F18B135
:10118000FCF776FF0023AB676C6F64B126462468DA
:10119000706808B1FCF76CFF31460320FCF790FC47
:1011A000002CF3D16C674FF6FF73EC6E2B865CB1AD
:1011B00026462468706808B1FCF75AFF31460320C0
:1011C000FCF77EFC002CF3D12C6F5CB12646246822
:1011D000706808B1FCF74CFF31460320FCF770FC47
:1011E000002CF3D10023C5E91B33A5F8683070BD8E
:1011F000704700BF2DE9F04F984C85B0DFF868824A
:10120000A3680133A360637C01336374D4F80CB02A
:10121000BBF1000F00F096800027627C9BF81E1047
:10122000914200F012819BF814C08BF81E20BCF193
:10123000020F9BF8422000F002810B2A00F2FD8091
:101240009BF89950002D00F011819BF89A200B2AF1
:1012500000F2F380824B9BF898201D44E97B8A4280
:10126000C0F09781BBF86050002D40F0B680584622
:10127000FEF78AFB002800F0B7809BF814C0BCF191
:10128000060F00F0C2809BF8096016F0080619D01E
:10129000BCF1040F05D0ACF10706B6FA86F6760964
:1012A00086B1DBF894106F48A668DBF82020081898
:1012B000B21AA8FB0030B2EB501F40F23E8101355C
:1012C0000126EDB2DBF874A0BAF1000F0AD0A168D4
:1012D000DBF82000BBF940C0091A0CEB4C0CB1EB59
:1012E0004C0F3FD29BF81420032A50D0092A54D126
:1012F000A268DBF82010521AF02A4ED95846DBF8C3
:101300009050FFF731FFDBF80C20002F00F03F81F9
:10131000FA60002E40F0298159460120DBE9036A7A
:10132000FCF7CEFB002323743DB16FF00C01504657
:10133000A847237C002B7FF469AFB346BBF1000FB5
:101340007FF46BAF656955B100262A6AA3689B1AC2
:10135000F02B00F2E2802E46ED68002DF5D105B0AD
:10136000BDE8F08FD146DAF800A0D9F8040008B142
:10137000FCF77EFE49460320FCF7A2FBBAF1000F02
:10138000F0D19BF81420CBF874A0032AAED1A26848
:10139000DBF82010521A282AB0D8002DAED19BF8C5
:1013A0001C209BF81D100132DBF80C60D2B2914278
:1013B0008BF81C200ED8DBF88C208BF81C50257481
:1013C0008AB35946DBF810009047227C002A7FF44C
:1013D0001DAF40B35F46B346B0E729465846FDF718
:1013E00013FF002800F0E1809BF899200025062AD1
:1013F0008BF898503FF641AF9BF814C00132BCF116
:10140000060F8BF899207FF43EAFBBF81A20D30665
:1014100007D5A268DBF82010521A282A01D9013515
:10142000EDB200264EE758465F46B346FEF7D8F8C1
:10143000BBF1000F7FF4F1AE84E701251FE7052A19
:101440007FF6FEAE002601253CE75F46DBF80CB0D8
:10145000BBF1000F7FF4E1AE74E700BF188A0020F3
:1014600040430208B84C0A00D34D6210BBF930204B
:1014700047F6FE7091B2814203D84A1C12B2ABF813
:101480003020BBF9401091423FF7F9AE5846FDF7C6
:10149000BFFF48B1DBF87020002A7FF4EEAEDBF826
:1014A0006C20002A3FF4E9AE9BF81420022A15D0E4
:1014B0009BF84210414ABBF93C000C2994BF5218DA
:1014C0000C32117EBBF93E2002EBE0028A4047F667
:1014D000FF718A42A8BF0A46ABF84020BBF848001B
:1014E000BBF86020BBF832108242ABF848104FEADC
:1014F000410128BF0246584689B2B1EB520F4FEA6C
:10150000520288BF0A46ABF84A200022ABF83020CE
:10151000ABF86A20FEF7F6F9AFE62846FFF724FE9F
:10152000002E3FD0EB68F36029461D460120FCF7F2
:10153000C7FA002D7FF409AF11E7214B9BF89B0000
:1015400003FB0011A8FB0131B2EB511F7FF669AF1D
:101550005846FEF7F3F900287FF463AF9BF89B2011
:10156000064601328BF89B20ACE6BBF818005B46C0
:10157000DBF82420DBF8501002900BF10400BBF8DC
:101580001660CDE900065846FDF7D4FFC4E6E260D8
:10159000BFE60132D2B28A428BF89820BFF462AE25
:1015A00000256CE6EB686361BEE75846FEF718F865
:1015B00000287FF419AF05465FE600BF40430208EC
:1015C000F824010003688B4210B50C4617D02BB1EC
:1015D000DA68A24216D01346002BF9D10023204628
:1015E000E360FFF7C1FD237D0A2B04D0012B02D05D
:1015F000638BDA0709D400232375E38210BDCB681F
:101600000360EBE7E268DA60E8E743F002032046B4
:101610006383FDF7E5FF00232375E38210BD00BF60
:10162000002800F08A802DE9F04F037D87B0054641
:101630000A2B77D0026DD0F824B0D0F89080D0F883
:10164000109005926BB9C78A002F54D03B4A53685B
:10165000834264D0002B52D0DA68AA424DD01346A0
:10166000F8E7364C0E46C78A014604F10C00FFF736
:10167000A9FF012323742C6F64B1A2462468DAF811
:10168000040008B1FCF7F4FC51460320FCF718FAFB
:10169000002CF2D1EC6E64B1A2462468DAF80400A2
:1016A00008B1FCF7E5FC51460320FCF709FA002CD1
:1016B000F2D16C6F64B1A2462468DAF8040008B174
:1016C000FCF7D6FC51460320FCF7FAF9002CF2D1C6
:1016D000CEB929460120FCF7F3F9B8F1000F07D085
:1016E0006FF00C014846434607B0BDE8F04F18477D
:1016F00007B0BDE8F08F3E46BDE7EA68DA60002734
:101700003E46EF60B7E701975A462B8B284605996E
:1017100002932B1D00932B46FDF70CFFD9E7C368FE
:101720005360ECE729460648FFF74CFF29460120A5
:1017300007B0BDE8F04FFCF7C3B97047188A002026
:101740002C8A00200121FFF76BBF00BF0846012152
:1017500008B5FFF765FF6FF00C0008BD0E4BD968A8
:10176000C9B1002230B49D68144601E0C96859B17E
:101770000B7D8342FAD10B6AEB1A9342F6D30C46E7
:10178000C9681A460029F3D11CB1204630BCFFF7C6
:1017900047BF30BC70477047188A0020F8B505462F
:1017A0000120FCF761F920B30346464E9C2200213C
:1017B0001846454C07F08EFD062203464FF486611D
:1017C000A0F84020C287B268A0F8641045753F4970
:1017D0001A623F4A707C9C62FF2419639A643D49F7
:1017E0003D4A98771846DC72C3F88410C3F89420F9
:1017F000F8BD344EF4685CB12046E468438B1907A9
:10180000F9D523F008034383FFF782FA002CF3D1C4
:1018100073698BB1B4681846196A611ADB6843B101
:101820001A6AA21A8A42F9D31846DB681146002BBD
:10183000F6D10121FFF7F4FE0120FCF715F903466C
:101840000028B3D10920FFF789FF0120FCF70CF92C
:1018500003460028AAD10820FFF780FF0120FCF7EB
:1018600003F903460028A1D12A0629D4FDB12A464E
:10187000511EF268C9B2D2B1D6F808E04FF0000CA0
:1018800006E0146AAEEB040C01461346D2684AB176
:10189000507D8842F5D3F9D1146AAEEB0407674551
:1018A000F4D3EFE71BB101211846FFF7B9FE012081
:1018B000FCF7DAF8034600287FF478AF1846F8BD45
:1018C0007F22D5E7188A002060086008FFFF180211
:1018D00001003004891A010800DD6D004020FFF787
:1018E0005DBF00BF4020FFF759BF00BF30B50446C1
:1018F00085B0037D19B1042B0CD0072B0AD0012B26
:101900003FD0022B2FD02BB3204605B0BDE830408E
:10191000FFF7FEB9A26F1AB9228DB2F5066FEED0AD
:10192000218B201DE28A2346CDE90121216D626AC7
:1019300000902046FDF7FEFD2046FFF715FC3149DB
:10194000CB68A34245D0002B45D0DA68A24252D0E2
:101950001346F8E7E38A93BB21460120FCF7B0F871
:10196000002005B030BD274D214605F10C00FFF7E2
:1019700029FE012021462874FCF7A2F8002005B0BA
:1019800030BD21490020214B01F1080C1A6832B109
:10199000D36F9C4208BFD067D268002AF8D18C452B
:1019A00002D051F8043BF1E721461648FFF70AFE42
:1019B00021460220FCF784F8002005B030BD114A12
:1019C0005368A3421AD09BB1DA68A2420ED01346E4
:1019D000F9E7E368CB600E4B002001221B68E06052
:1019E000A3420A74B8D1FFF75BF9B9E7E268DA609D
:1019F0000023E360B0E7E268DA60ECE7E368536095
:101A0000F6E700BF188A0020484302081C8A00201D
:101A1000148A002040B1037D012B03D0438B43F097
:101A200010034383012161E76FF00F00704700BF8F
:101A300038B338B5037D0446012B06D0154639B9B5
:101A4000CAB1042B10D8022B10D86FF00A0038BD91
:101A5000438B43F0100343837AB9806F58B1FCF78E
:101A600007FB2846A56738BD072BEED1204600218D
:101A7000BDE838403AE7002038BD0121BDE83840D4
:101A800034E76FF00F007047C9B1084610B514462F
:101A90003AB11189FFF742FA2046FCF7E9FA002033
:101AA00010BD0BB1104610BD0B7D012B03D04B8B2D
:101AB00043F010034B830121BDE8104016E76FF09F
:101AC0000F00704780B3F8B5856F0023D0F88460AD
:101AD00004466F7B836756B101462A460069B047CA
:101AE00058B10D301DD06FF00400A567F8BD2989ED
:101AF000FFF714FA2846FCF7BBFABB060FD5238D77
:101B0000B3F5066F01D001332385D4F8845035B185
:101B10000023214620691A46A8470D3001D0002035
:101B2000F8BD6FF00C00F8BD6FF00F00704700BFFC
:101B3000F8B51A4E0025737C01337374F468B4B1A0
:101B4000727CA37F934213D0638BA277D90718D4FA
:101B50001A070FD4A36FE76833B120463574FFF737
:101B6000B1FF337C002BE9D13C46002CE8D1F8BD15
:101B7000E468E4E723F0080320466383FFF7C8F82E
:101B8000E8E743F0020320466383FDF729FD638BFA
:101B900023F003039BB26383DAE700BF188A0020B7
:101BA00008B5FFF7C5FF064A137E0133DBB2137693
:101BB000DB0700D408BDBDE80840FFF71BBB00BF32
:101BC000188A0020034B044A5868926810445860F1
:101BD000704700BF18000020188A002051B18B8C7C
:101BE00043B1282B05D9283B9BB2984228BF184601
:101BF00070470020704700BF002833D0F8B5036855
:101C0000044603B9F8BD1B4D0E46E86878B102687A
:101C1000934205D0C06850B1236802689342F9D15D
:101C2000C7680121FFF7FCFC38460028F4D168683A
:101C300030B1026823689A4215D0C0680028F8D1F4
:101C4000002EDFD03368002BDCD02B68002BD9D0DE
:101C500019682268914201D132681A60DB68002B52
:101C6000F6D1F8BD7047C7680121FFF7D9FC3846A7
:101C7000DEE700BF188A0020024B03EB8000806A79
:101C8000704700BF4043020890B139B10AB1016802
:101C900011605BB1C28A00201A8070470AB14168A6
:101CA00011601BB1028B00201A8070470020704722
:101CB0006FF00500704700BF70B5446F6CB1064609
:101CC00025462468686808B1FCF7D2F92946032044
:101CD000FBF7F6FE002CF3D1746770BD08B507F072
:101CE000CDFB024B024A0343138008BD00C0FFFF37
:101CF000200000204389072B2DE9F04F064685B0D0
:101D000040F28680DFF85C9188464468D9F800107C
:101D1000D9F81400FAF76CFE05462088FCF7E0FCC1
:101D200007466088FCF7DCFC4C4A034614680394C1
:101D3000002C00F08E804FF0000ED9F804A0D9E9F5
:101D40000420F446029204E0E268A446002A4BD044
:101D50001446628A9A42F7D1217A29B19AF8302042
:101D60000132D2B29142EFD12268002D34D042B17B
:101D7000411C06D082EA000BD8F808101BEA010FBC
:101D8000E2D1217C490705D4BEF1000F46D00DB148
:101D9000411C48D0A28ABA42D6D1626812B10299D7
:101DA0008A42D1D1BCF1000F06D02C4B1C60E368F5
:101DB000CCF80C30039BE36008213046FCF7A8F810
:101DC00030BBA56925B3E06932462146244B009714
:101DD000A84705B0BDE8F08F002AD2D08242D0D00B
:101DE000E268A446002AB3D1BEF1000F34D1D8F87E
:101DF000043083420CD108213046FCF789F828438F
:101E0000C0B228B9D9F8143003F0F003E02B14D194
:101E1000304605B0BDE8F04FFCF72AB9A28AA646C5
:101E2000BA4291D1B9E7D8F804B0DEF800105945AC
:101E3000B0D0934508BFA646ACE7B9F80C103046C1
:101E4000083109B2FCF7B8F803213046FAF70EFC66
:101E5000DEE7D9F81400CAE77446ADE74C8A0020E3
:101E6000448A0020348A0020354B002908BF1946D7
:101E7000002860D02DE9F041324F3E684EB3B042A9
:101E800031D0344601E0A0422DD0E468002CFAD1D4
:101E900062B30D68334601E0DB689BB19842FBD02A
:101EA000598A9142F8D11968002918BFA94201D076
:101EB000002DF1D16FF007031846BDE8F0810D68E1
:101EC000AEF80020056042823CB100231846BDE810
:101ED000F08172B30B68428203600023C6603860F1
:101EE0001846BDE8F0810124002AD2D1DFF858E07D
:101EF0004FF480454FF6FF78BEF80020424515D0DC
:101F0000013292B2002EDAD0334602E0DB68002BB9
:101F1000D5D0B3F812C09445F8D1013DADB2002D33
:101F2000ECD16FF00703AEF80020CFE74FF440424A
:101F3000E8E73446DAE76FF00F031846704700BF52
:101F4000B84102084C8A0020200000202DE9F04F03
:101F500085B00C46DDE90E89B9F1000F18BFB8F164
:101F6000000F0CBF01210021002A08BF41F0010130
:101F7000002C08BF41F00101002940F08180054696
:101F800000287DD01646428A1F46002A6AD0228940
:101F90004FF6F7739A4276D808212046FBF766FF82
:101FA0008246002838D04FF4207208212220FBF707
:101FB00051FE8346002866D02389002B5CD1DBF8D4
:101FC00004A0688AFCF78CFBAAF800003846FCF7EE
:101FD00087FB0023AAF802008AF806308AF8073047
:101FE000BBF80800FCF77CFBAAF80400CDF80880D9
:101FF0001120AB7A324649460093EB7A019058465D
:10200000FAF760FC5C45824602D05846FCF730F88F
:10201000504605B0BDE8F08FD4F804B0688AFCF7EC
:102020005FFBABF800003846FCF75AFB8BF806A0C4
:10203000ABF802008BF807A02089FCF751FB1123B5
:10204000ABF804002046CDF808803246019349469B
:10205000AC7AEB7A0094FAF735FC8246504605B02C
:10206000BDE8F08F0146FFF7FFFE824600288ED0C4
:10207000504605B0BDE8F08F2146FCF729F89EE7F1
:102080006FF00F0AC4E74FF0FF3AC1E770B582B0B6
:10209000069C002C18BF002A0CBF4FF0010C4FF01B
:1020A000000C002908BF4CF0010CBCF1000F13D14B
:1020B00090B1056835B9251DCDE90045FFF746FF0C
:1020C00002B070BD05F0F00CBCF1E00FF3D0666813
:1020D000B54204D10546EFE76FF00F00F0E76FF06F
:1020E0000300EDE7002A18BF002922D02DE9F041B6
:1020F000044682B0B8B1007A0E469846154668B1DB
:10210000FCF778FD07468FB143462A463146204604
:102110000097FFF7BBFF02B0BDE8F0811046FAF769
:10212000ADFA0746EFE76FF00F00F4E76FF003003A
:10213000F1E76FF00F007047024620B119B1838AB2
:102140000432FFF7CFBF6FF00F00704719B191F85D
:1021500030100131C9B20172704700BF40B370B591
:102160000D4611B31646428A0446C2B12A68237C42
:10217000114943F0040362600A68A682237442B1E5
:1021800094420AD0134601E09C4206D0DB68002B43
:10219000FAD10020E2600C6070BD002070BD0146E5
:1021A000FFF762FE0028E1D070BD6FF00F0070BD38
:1021B0006FF00F00704700BF4C8A002038B1037CDD
:1021C000002223F00403426082820272037470478B
:1021D00008B1C0E9061270470146C0B10C4B1A683D
:1021E00082420AD032B1D3688B4200D153B91A4629
:1021F000002AF8D10020FBF763BCC26800201A60F7
:10220000FBF75EBCCB680020D360FBF759BC70477E
:102210004C8A002010B50020FBF726FC044628B1AC
:102220002022002107F056F8FF23E372204610BD5C
:1022300010B50020FBF718FC044628B1202200212D
:1022400007F048F8FF23E372204610BD10B1026882
:1022500001B102B970470B68002BFBD0084B1B681B
:10226000002BF7D010B400E002681C68944201D142
:102270000A681A60DB68002BF6D15DF8044B7047E2
:102280004C8A002043890E2B70B504461BD9C37BB2
:102290000D461BB991F830300133C3736068037881
:1022A0008689D9070AD5012B30D006221D4906F0B0
:1022B000C9FE18B9637B43F008036373082E16D078
:1022C000B6F5C16F04D02046FBF7D2FE002070BDEA
:1022D00095F82D301B07F6D50E212046FBF718FE8A
:1022E0000028F0D129462046F9F732FFEEE795F8AD
:1022F0002D301A07E7D50E212046FBF709FE0028EE
:10230000E1D129462046FAF7F1F9DFE74378002BBF
:10231000D4D183785E2BD1D1637B43F010036373F8
:10232000CCE700BF944302082DE9F0470C4606466F
:10233000BDF8200017469846FCF7D2F90E218146D9
:102340002046FBF793FD98B9656821463046A5F80D
:102350000C90D8F800302B60B8F80430AB803B68A4
:10236000C5F80630BB886B81B369BDE8F0471847F4
:102370006FF00100BDE8F08770B5044600295BD11D
:10238000D0E902311943E3690BB941F48061226855
:1023900001202E4B15682B400B4343F40073136050
:1023A0001568F7F751F82368402201201D600025C9
:1023B0005A605E68F7F748F823684FF641710120CC
:1023C0005E609D60DD609A690A4042F080029A6119
:1023D0009E69F7F739F8236801209E61DD61DD69A8
:1023E000F7F732F820681A4900F58053C561194A99
:1023F0009869014001200A439A619D69F7F724F822
:1024000023680120144A03F580539D611A601D68FA
:10241000F7F71AF82368A26903F58053012A1D60B3
:1024200003D1D9690D4A0A43DA6162690C4B91887C
:10243000196412685A6470BD4FF400624FF480430F
:102440004FF49041C0E902329DE700BF0F8120FFA9
:10245000233FDEF8040020028020C102400001007A
:10246000008002402DE9F047804690F845000128A1
:102470003BD04FF0010C0220C8F82C1088F845C062
:1024800088F844001BB31446D8F81CA003F1FF39A8
:102490000A464FF480100CF1FF3602F1200E0D4673
:1024A00010609460BAF1000F03D1176847F4400739
:1024B00017604E4504F2F45434BF754602F1200E05
:1024C0006345D5600CF101057246AC46E3D8D8F8F7
:1024D00000300022012003F58053196188F8440080
:1024E000104688F84520BDE8F0870220BDE8F08757
:1024F0002DE9F041064690F84500012833D04FF011
:10250000010C0220B16286F845C086F84400EBB1A8
:10251000144603F1FF380A464FF0004744F2F450E6
:102520000CF1FF3E0D46946004F2F454C64502F1EE
:10253000200E176034BF754602F1200E63455060CF
:10254000D5600CF101057246AC46E9D8336800222B
:10255000012003F58053D96086F84400104686F8C0
:102560004520BDE8F0810220BDE8F081704700BF42
:10257000704700BF022310B580F844300446F7F7D7
:102580008DF9002084F8440084F8450010BD00BF98
:1025900090F84530012B78D04FF0010C0223024611
:1025A00080F845C080F8443000293CD0C36A1868E0
:1025B000002860DB40F2F450814230B53CD9344C05
:1025C000A4FB014C4FEA9C2C00FB1C10002830D0CF
:1025D0000CF1010C2F4801F2F451002440F2F455A3
:1025E00000FB0C110CF1FF3EC1F30C010FE0A645FE
:1025F0005D6004D11868596040F000501860186898
:10260000013440F0004064451860DB683BD0186836
:1026100020F040501860002CE9D118685D6040F04F
:1026200080501860EBE7604682F844C082F845109D
:102630007047BCF1010FCDD11868C1F30C01DC6803
:1026400040F0405059601860196841F0004119602D
:10265000D462136803F580535969490703D50420F0
:1026600000215861596000230121184682F8441066
:1026700082F8453030BD12210023604682F84410B4
:1026800082F845307047D362E3E70220704700BF0D
:102690000BB002AC0CFAFFFF90F84520012A41D0A4
:1026A0000346022101209A6A10B483F8450083F89A
:1026B0004410116800290BDB116811F4807111D1ED
:1026C0001468A40528D5D46898639C62C3E90C21DA
:1026D0000122002183F84420104683F845105DF85C
:1026E000044B7047996B0144814299631CD0186B6D
:1026F00011688468D0685A63C1F30D421C640021DC
:102700000124043A83F8451083F84440986208464F
:102710005DF8044BDA637047996BD26801319A62B5
:102720009963D5E70220704710461A63E0E700BFBF
:1027300090F84530012B2FD00221836A024630B435
:10274000012480F8441080F845401968002915DB01
:1027500000201968013001F44071B1F5007F16D0F6
:10276000196811F4407F916B18D1DB6801319362D5
:1027700091631968002901DB0428EAD101230021B3
:10278000184682F8443082F8451030BC7047136315
:10279000DB6894639362ECE7022070470131536376
:1027A0000129916311D0106B196800248568D868DD
:1027B000C1F30D4301211564043B906282F844107B
:1027C0002046D36382F84540DFE718461363EBE702
:1027D000704700BF704700BF704700BF38B503683F
:1027E000044603F580535D6915F0400525D15A690B
:1027F000D20716D44FF480325A615B691B0400D4AF
:1028000038BD2046FFF7E8FF23684FF40040012160
:1028100003F580530022586184F8441084F8452061
:1028200038BDFFF7D5FF2368012203F580535A61B5
:1028300084F8442084F84550DCE7F7F765F823680E
:102840004020012103F580530022586184F8441090
:1028500084F84520CEE700BF90F84430822B33D077
:102860008223890170B50446006801F4F8611546B9
:1028700084F84430238A0269DB0202F01C029BB216
:102880000B43134343F001030361F6F7E1FD0646F2
:1028900004E021680B6913F001030DD0F6F7D8FDB1
:1028A000831BB3F5803FF4D301220023032084F877
:1028B000442084F8453070BD4A690121184692B21F
:1028C0002A6084F8441070BD0220704738B590F833
:1028D0004430422B30D0044642230068890184F8FA
:1028E000443092B2238A01F4F8610569DB02426147
:1028F00005F01C059BB20B432B4343F0030303611C
:10290000F6F7A6FD054604E023681B6913F00103F2
:102910000DD0F6F79DFD431BB3F5803FF4D30122A4
:102920000023032084F8442084F8453038BD012278
:10293000184684F8442038BD022038BDF0B5002385
:1029400083B00093002800F0C08090F84430044623
:1029500003F0FF02002B6FD0734B744A596C41F4A3
:10296000804159645B6C03F4804301930199516881
:10297000236821F4000103F5805351605168206AF7
:10298000014351601A6842F001021A60F6F760FDD7
:10299000054605E0F6F75CFD431BB3F5FA7F41D829
:1029A000236803F580521268D007F3D41D6901F043
:1029B00047F85F4B5F4A25F01C050344934253D20E
:1029C00045F0080523684FF40042002120461D61B0
:1029D000FFF77CFF054600283BD1FF20F6F734FDCA
:1029E0006368002B54D0F6F733FD41F28837064672
:1029F00002E0009B590724D46A4601212046FFF7D4
:102A00002BFFF6F725FD831BBB42F2D9012120469F
:102A1000FFF7B2FC01220023032584F8442084F848
:102A2000453006E0032300221D4684F8443084F834
:102A30004520284603B0F0BD80F84520F6F7C8FED3
:102A40008AE74FF4805200212046FFF73FFF00281D
:102A50003FD020460121FFF78FFC01231D4684F85B
:102A60004430284603B0F0BD334B344A034493420C
:102A700028D9334B334A03449342A3D3324B334ACE
:102A80000344934294BF45F0040545F0100599E7CF
:102A9000D4E90232294620465B0843EAD20292B2C8
:102AA000FFF714FF0028D4D140F6FF70F6F7CCFCF6
:102AB00020460021FFF760FC0123284684F84430BB
:102AC00003B0F0BD45F00C057CE70125284603B0B6
:102AD000F0BDF6F7BDFC41F28837064602E0009BE8
:102AE0009A060AD46A4601212046FFF7B5FEF6F79A
:102AF000AFFC801BB842F2D988E76A461021204615
:102B0000FFF7AAFE0028A4D1009B13F0040218BF0F
:102B10004FF400629B07E26001D5A060C8E74FF464
:102B20008043A360C4E700BF003802400038014082
:102B300000D3CEFEC0E1E40040F1E9FD3F787D0125
:102B400000796CFC005A6202001F0AFA7FF0FA0258
:102B500090F84530012B44D00368022270B501265D
:102B600084B0002580F8442080F845600446039531
:102B700030461A6842F008021A601B680393F6F7A1
:102B800063FC039A304623681A6002951A6842F083
:102B900004021A601B680293F6F756FC029A30464C
:102BA00023681A6003F5805301959A6942F48012F4
:102BB0009A619B690193F6F747FC23682846019ABE
:102BC00003F580539A619A6942F400529A619A69B6
:102BD00042F002029A6184F8446084F8455004B0DF
:102BE00070BD0220704700BF90F84530012B46D0E1
:102BF0000368022170B503F58052012680F8441065
:102C000084B080F84560002591690446304621F47F
:102C100000519161916921F00201916103951A6857
:102C200022F004021A601B680393F6F70DFC039A66
:102C3000304623681A6003F5805302959A6942F47E
:102C400080129A619B690293F6F7FEFB2368304677
:102C5000029903F58052916101951A6822F00802E9
:102C60001A601B680193F6F7EFFB019A2846236868
:102C70001A6084F8446084F8455004B070BD0220A6
:102C8000704700BFF8B590F84530012B00F0828006
:102C90000126022305460C46026880F8456080F84C
:102CA0004430002967D01168D4E900300343A0689C
:102CB0000343E06803432069034360690343A06959
:102CC0000343E0690343206A0343606A0343A06A45
:102CD0000343A8680343E86803432F4808400343BD
:102CE000304613601768F6F7AFFB2A683046D4E920
:102CF0000B3117600B43616B0B43A16B0B43E16B13
:102D00000B43216C0B43616C0B43A16C0B43536071
:102D10005768F6F799FB2A68E36C57609360236D58
:102D2000D3609169D4E916300343206E0343606E8B
:102D30000343A06E0343606D43EA00434FF64170C6
:102D4000014030460B4393619769F6F77DFB2B6892
:102D50003046D4E91B219F610A43DA61DC69F6F74A
:102D600073FB2B68DC6100230122184685F84420A0
:102D700085F84530F8BDD0E9023411683046234368
:102D800021F490410B4313601468F6F75DFB2B6848
:102D90001C60E8E70220F8BD0F8120FFF8B590F82D
:102DA0004530012B48D0012602230C46026880F8EA
:102DB0004560054680F8443002F58052D1E9003183
:102DC00090690B43A1680B43E1680B4321690B43F6
:102DD00061690B43A1690B43E1690B43216A0B4312
:102DE0001649014030460B4393619769F6F72CFB77
:102DF0002A683046D4E9093102F580520B43A16BB1
:102E0000976143EA8103E16A0B43216B0B43616BDA
:102E10000B43E16B0B4343F4000313601468F6F7B4
:102E200013FB2B68002203F5805310461C6085F8C5
:102E3000446085F84520F8BD0220F8BD233FDEF848
:102E400090F84400704700BF00222DE9F04F134670
:102E500083B00D68DFF86882934E03E001330232DD
:102E6000102B5FD001249C4004EA050EAC43F5D141
:102E70004C6824F0100909F1FF3CBCF1010F4FF040
:102E8000030C0CFA02FC00F2D480D0F808A0CF6842
:102E90002AEA0C0A6FEA0C0C07FA02FB4BEA0A0A50
:102EA000C0F808A0C4F3001AD0F804B00AFA03FA74
:102EB0002BEA0E0B4AEA0B0AC0F804A0D0F80CA0CB
:102EC000B9F1020F8F680AEA0C0A07FA02FB4BEA13
:102ED0000A0AC0F80CA028D14FEAD30903F0070E64
:102EE0004FF00F0A0F6900EB890904F003044FEA61
:102EF0008E0E0133D9F820B094400AFA0EFA07FA80
:102F00000EFE102B02F102022BEA0A0A4EEA0A0E0A
:102F1000C9F820E0D0F800E00EEA0C0C44EA0C04FA
:102F200004609FD103B0BDE8F08FD0F80090E700B7
:102F300009EA0C0904F0030C0CFA02FC4CEA090C37
:102F4000C0F800C08AD5594F23F0030903F0030AE3
:102F5000D7F844C0C1444FEA8A0A4CF4804CC7F801
:102F600044C0D7F844C0A7F560570CF4804CB84271
:102F7000CDF804C0DDF804C04FF00F0CD9F808B04C
:102F80000CFA0AFC2BEA0C0C27D007F58067B84234
:102F900052D0474FB84256D0464FB8425AD0464F0B
:102FA000B8425ED0454FB84269D0DFF818B15845F5
:102FB0006CD0DFF814B158455AD0DFF810B158453D
:102FC0006BD0DFF80CB158450CBF4FF0090B4FF038
:102FD0000A0B0BFA0AFA4CEA0A0CC9F808C0E70314
:102FE000D6F800C06FEA0E094CBF4EEA0C0C09EA95
:102FF0000C0CA703C6F800C0D6F804C054BF09EAF9
:103000000C0C4EEA0C0CE702C6F804C0D6F808C057
:1030100054BF09EA0C0C4EEA0C0CA402C6F808C016
:10302000D6F80CC054BF09EA0C044EEA0C04F46054
:1030300014E76FEA0C0C41E74FF0010B0BFA0AFAA8
:103040004CEA0A0CC9E74FF0020B0BFA0AFA4CEAF9
:103050000A0CC2E74FF0030B0BFA0AFA4CEA0A0C0F
:10306000BBE74FF0040B0BFA0AFA4CEA0A0CB4E780
:103070004FF0070B0BFA0AFA4CEA0A0CADE74FF0D7
:10308000050B0BFA0AFA4CEA0A0CA6E74FF0060BFE
:103090000BFA0AFA4CEA0A0C9FE74FF0080B0BFAFE
:1030A0000AFA4CEA0A0C98E7003C0140003802405A
:1030B00000080240000C02400010024000140240D0
:1030C0000038014000180240001C0240002002406D
:1030D000002402402DE9F04F0023DFF868A1DFF85B
:1030E0006891DFF86881DFF868B102E00133102BE6
:1030F00079D0012505FA03F232EA010402EA010C53
:10310000F4D123F0030603F003040F274845564487
:103110004FEA8404D6F808E007FA04F707EA0E0E2F
:103120001ED0584562D03F4DA84262D03E4DA842C5
:1031300063D03E4DA84264D03D4DA84265D03D4D80
:10314000A84252D03C4DA84263D03C4DA84264D026
:103150003B4DA84214BF0A25092505FA04F400E0F6
:103160000024A6451BD1D8F8004024EA0C04C8F876
:103170000040D8F8044024EA0C04C8F80440D8F809
:10318000084024EA0C04C8F80840D8F80C4024EAA7
:103190000C04C8F80C40B46824EA0707B7605C0068
:1031A000032503F007070F2605FA04F40568BF009E
:1031B00025EA040506FA07F70560DD08013300EB90
:1031C0008505102B2E6A26EA07062E62C56825EAB9
:1031D0000405C560456825EA02024260826822EA69
:1031E0000404846085D1BDE8F08F062505FA04F457
:1031F000B7E7022505FA04F4B3E7032505FA04F45A
:10320000AFE7042505FA04F4ABE7052505FA04F455
:10321000A7E7072505FA04F4A3E7082505FA04F44F
:103220009FE700BF00080240000C0240001002406F
:103230000014024000180240001C0240002002401E
:10324000002402400038014000000240003C0140E0
:10325000000402400369194214BF01200020704796
:1032600002B909048161704743690B4218BF090420
:103270008161704782B04FF480330193019B0B430F
:103280000193019BC361C161019BC361C369019348
:10329000C06980F48030C0F3004002B0704700BFC6
:1032A000704700BF044A5169014200D1704708B518
:1032B0005061FFF7F5FF08BD003C0140F8B5474CF1
:1032C000F6F7C6F80546236843F00103236004E0DF
:1032D000F6F7BEF8401B02287ED823689E07F7D574
:1032E000236841F288373D4E43F080032360F6F7B0
:1032F000AFF800230546A36004E0F6F7A9F8401BE9
:10330000B84269D8B36813F00C0FF6D1F6F7A0F8FD
:103310003368324D044623F45023336004E0F6F75B
:1033200097F8001B642857D82B689803F7D4F6F752
:103330008FF82B68294E044623F080732B6004E03D
:10334000F6F786F8001B022846D833689901F7D4AF
:10335000F6F77EF83368214D044623F0806333602E
:1033600004E0F6F775F8001B642835D82B681A01BD
:10337000F7D4F6F76DF82B68184C064623F0805307
:103380002B6004E0F6F764F8801B642824D82368D7
:103390009B00F7D4124B134913486160C4F8843082
:1033A000C4F88830E368114A23F4FE431049E3600F
:1033B000E36843F47F03E360636F23F00103636713
:1033C000636F43F0807363670068116001F022F956
:1033D000003818BF0120F8BD0320F8BD00380240B6
:1033E00000300024103000242800002004000020B9
:1033F0000024F400002800F0BD8103682DE9F041AD
:10340000DD0782B0044635D59A498A6802F00C027D
:10341000042A00F0E0808A6802F00C02082A00F01A
:10342000D6806368B3F5803F10D0002B00F0FD809C
:10343000B3F5A02F8F4B1A6800F08C8122F48032F4
:103440001A601A6822F480221A6004E0894A13681C
:1034500043F480331360F5F7FBFF864E054605E025
:10346000F5F7F6FF401B642800F2DB8033689A030F
:10347000F6D523689F0727D57E4A916811F00C0F77
:103480007ED0916801F00C01082976D0E368794D6F
:10349000002B00F004812B6843F001032B60F5F74B
:1034A000D7FF064605E0F5F7D3FF801B022800F2A0
:1034B000B8802B689807F6D52B68226923F0F803AB
:1034C00043EAC2032B6023681A071FD45D0734D573
:1034D000684B1A6CD0006FD50025674E3368D9054C
:1034E00040F18F80A368012B00F0EB80002B00F0EF
:1034F000B280052B5F4B1A6F00F0348122F001027D
:103500001A671A6F22F004021A67DFE06369594DE7
:10351000002B40D06B6F43F001036B67F5F798FF0A
:10352000064604E0F5F794FF801B022879D86B6FFC
:103530009B07F7D523685D07CAD4A069C8B14D4D74
:10354000AB6803F00C03082B00F0D3802B68022833
:1035500023F080732B6000F00F81F5F779FF0446AC
:1035600004E0F5F775FF001B02285AD82B689B0171
:10357000F7D4002002B0BDE8F0815268560285D42D
:103580003C4A1268950730D5E268012A2DD0012007
:1035900002B0BDE8F0816B6F23F001036B67F5F7B4
:1035A00057FF064604E0F5F753FF801B022838D882
:1035B0006B6F9F07F7D4BDE71A6C012542F080526C
:1035C0001A641B6C03F080530193019B85E74A68E2
:1035D00050027FF526AF274A126891037FF54AAF64
:1035E0006268002A7FF446AFD1E7224920690A6861
:1035F00022F0F80242EAC0020A601A077FF566AFBD
:1036000084E7336843F480733360F5F721FF07469E
:103610003368DA053FF566AFF5F71AFFC01B64287B
:10362000F6D9032002B0BDE8F081124D2B6823F4D7
:1036300080332B602B6823F480232B60F5F708FF81
:10364000064604E0F5F704FF801B6428E9D82B68E0
:103650009B03F7D40DE7074E41F28838336F23F010
:1036600001033367336F23F004033367F5F7F0FE8C
:10367000074608E00038024000700040F5F7E8FE19
:10368000C01B4045CDD8336F9807F7D4002D3FF4C9
:1036900054AF524A136C23F0805313644DE72B68E8
:1036A00023F001032B60F5F7D3FE064604E0F5F79F
:1036B000CFFE801B0228B4D82B689907F7D4236863
:1036C00002E7464A136F43F001031367F5F7C0FEA4
:1036D000424F41F28838064604E0F5F7B9FE801BF8
:1036E00040459ED83B6F9B07F7D5002D3FF425AF93
:1036F000CFE701286A683FF43DAF02F48003E16937
:103700008B427FF444AF02F03F03216A8B427FF487
:103710003EAF47F6C073616A1340B3EB811F7FF47D
:1037200036AFA36A02F440315B08013BB1EB034FB3
:103730007FF42DAF02F07063E16AB3EB016F7FF4A9
:1037400026AF236B02F0E042B2EB037F14BF0120EF
:1037500000200FE742F480221A601A6842F4803297
:103760001A6078E642F004021A671A6F42F001020A
:103770001A67ABE701207047F5F76AFE064605E0D9
:10378000F5F766FE801B02283FF64BAF2B689901C8
:10379000F6D4D4E90731626A0B43216B0F4E43EA3A
:1037A0008213D4E90A2043EA0063520843EA017312
:1037B000013A43EA02436B602B6843F080732B604D
:1037C000F5F746FE044605E0F5F742FE001B022829
:1037D0003FF627AF33689A01F6D5CAE600380240B3
:1037E00070B50D4688B01446204EE8B9336B03A976
:1037F00043F001033363336B059003F0010307903B
:103800001B4801934FF48073019A0393022304939E
:1038100003230693FFF718FBB26822F0EC622A43F9
:103820002243B26008B070BD336B00224FF40071C8
:10383000104843F004033363336B059203F0040331
:1038400007920222039102930323029903A906938C
:103850000492FFF7F9FAB36823F0784343EA0501CD
:1038600041EAC401B16008B070BD00BF0038024039
:103870000000024000080240024A136843F400239B
:103880001360704700380240024A136823F4002393
:103890001360704700380240164908B58B6803F082
:1038A0000C03042B1BD0082B17D14A684B6802F07D
:1038B0003F02496813F4800313D10F48C1F3881104
:1038C000A1FB00010FF0ACF80A4B5B68C3F30143A6
:1038D00001335B00B0FBF3F008BD074808BD0748A3
:1038E00008BD0648C1F388110023A1FB00010FF0B9
:1038F00097F8E9E7003802400024F40040787D01A1
:10390000002800F08C80494A136803F00F038B42B3
:103910002DE9F04104460D460CD2136823F00F0345
:103920000B431360136803F00F038B4202D0012096
:10393000BDE8F0812368980714D5590704D53C49A0
:103940008A6842F4E0528A601A0704D538498A68C6
:1039500042F460428A603649A0688A6822F0F00228
:1039600002438A60DF0720D56268314B012A1B6859
:1039700057D0022A50D09907D9D52D4E41F2883818
:10398000B36823F003031343B360F5F761FD074603
:1039900004E0F5F75DFDC01B404545D8B36862689B
:1039A00003F00C03B3EB820FF3D1204A136803F04A
:1039B0000F03AB4209D9136823F00F032B431360A5
:1039C000136803F00F03AB42B1D123685A0706D541
:1039D0001749E0688A6822F4E05202438A601B07B4
:1039E00007D5134A2169936823F4604343EAC1036E
:1039F0009360FFF751FF0E4A0E4C034692680E4843
:103A0000C2F303120D490068A25CD3400B6000F0C2
:103A100001FE0020BDE8F0819801AED487E70120C7
:103A200070479E03A9D482E7032081E7003C02404F
:103A300000380240002E0208280000200400002068
:103A4000014B1868704700BF04000020044B054973
:103A50009B68054AC3F382230868D35CD84070474B
:103A60000038024004000020102E0208044B0549D3
:103A70009B68054AC3F342330868D35CD84070475B
:103A80000038024004000020102E02080F22294BAB
:103A900002601A6851033ED54FF4A0234360254BC2
:103AA0001A6802F00102C2601A68C2F3C40202611D
:103AB0001A6F520737D5052383601E4B4FF0E04144
:103AC0005A6F02F0010242611A6812F0807F14BF3F
:103AD0000222012282615A6802F48002C2615A689D
:103AE00002F03F0202625A68C2F3881242625A68C8
:103AF00002F4403202F58032D20B82625A68C2F37D
:103B00000362C2625B680B4091FAA1F2B2FA82F2E0
:103B1000D340036370471B6813F4803318BF4FF41E
:103B200080334360BBE71B6F13F0010318BF012311
:103B30008360C2E7003802400E4B0F2202609A6891
:103B400002F0030242609A6802F0F00282609A6812
:103B500002F4E052C2609B68DB0810B403F4E05347
:103B6000054C036123685DF8044B03F00F030B6001
:103B7000704700BF00380240003C0240704700BF61
:103B800010B5054CE3681B0600D410BDFFF7F6FF27
:103B90008023A37310BD00BF003802402DE9F0411F
:103BA0009708056816D08C4601EB87069CF8013013
:103BB0000CF1040C1CF8048C1B041CF8014C1CF8C0
:103BC00002EC664543EA086343EA040343EA0E2332
:103BD0002B60EBD112F003020ED0012A0FD0022A83
:103BE00014D011F8272001EB87014B7843EA022318
:103BF0002B808B782B7005682868BDE8F08111F860
:103C000027302B7005682868BDE8F08101EB870339
:103C100011F827205B7843EA02232B802868BDE84F
:103C2000F08100BF30B55FEA520E04680BD000236C
:103C30008D1C31F823C035F82300013340EA0C40D5
:103C400073452060F5D1D30702D531F82E3023809B
:103C5000206830BD704700BF002836D010B5437FC4
:103C6000044603F0FF0263B3022223796277F3B9BB
:103C70002368174A5A619A6822F018029A6062799A
:103C80008AB122691A619968D4E9052021F060019E
:103C90001143996001219A6822F0800202430020BA
:103CA0009A60617710BD4FF0FF321A61EBE7D4E9FB
:103CB0000212204600F082F808B92368DFE70120ED
:103CC00010BD0277FFF7C6FFCEE70120704700BFA7
:103CD000B71DC104704700BF38B5A0B1427F04468C
:103CE000022AD3B20DD003680222002542779A68D7
:103CF00042F001029A601D71FFF7ECFF2B466577D9
:103D00002577184638BD0123184638BD70B5022600
:103D100004464677066A022E07D0032E0FD0012EE6
:103D200008D001230020637770BDFFF77BFF0123DC
:103D3000637770BDFFF732FF0123637770BD62B117
:103D40000439006801EB820251F8043F914203609C
:103D5000FAD101230068637770BD0068F9E700BFFE
:103D6000F8B50668022504464577B76847F00107AD
:103D7000B760076A022F07D0032F0FD0012F08D09A
:103D8000012300206377F8BDFFF74CFF0123637721
:103D9000F8BDFFF703FF01236377F8BD3AB104399B
:103DA00001EB820251F8043F91423360FAD10123C2
:103DB00030686377F8BD00BF407F7047CB071AD5E6
:103DC0001E2310B401E0013B17D321FA03FC1CF0C1
:103DD000010FF8D0182A11D8DFE802F016101010E1
:103DE00010101010241010101010101021101010AE
:103DF000101010101400012070472AB101205DF846
:103E0000044B7047062BF9D8046800206161A36851
:103E100023F018031A43A2605DF8044B7047072B88
:103E2000F2D9EBE70F2BEFD9E8E700BF03460222F8
:103E30004FF0010C002010B41C685A77A26822F0E1
:103E400060021143A16083F81DC05DF8044B704708
:103E5000034602224FF0010C002010B41C685A7770
:103E6000A26822F080021143A16083F81DC05DF8B2
:103E7000044B7047184BDB689B0704D5174A9369BE
:103E800043F020039361144BDB68D80604D5134A32
:103E9000936943F0100393610F4BDB68990604D5D7
:103EA0000E4A936943F0080393610B4BDB685A0693
:103EB00004D50A4A936943F004039361064BDB6817
:103EC0001B0604D5054A936943F002039361024B34
:103ED000F222DA60704700BF003C0240508A0020A6
:103EE00070B4374D2C7D012C64D0364C01262E75D4
:103EF000266946F080762661266946F000762661BE
:103F0000F326E66003242C702961032855D8DFE8E6
:103F100000F0182A3E022B48046924F4407404611E
:103F2000046944F440740461046944F001040461C8
:103F30000A60BFF36F8F4B60BFF34F8F002070BCE0
:103F40007047204BD2B2186920F44070186118698C
:103F50001861186940F0010018610A70BFF34F8FB3
:103F6000002070BC7047174B92B2186920F4407063
:103F70001861186940F480701861186940F00100F8
:103F800018610A80BFF34F8F002070BC70470D4B43
:103F9000186920F440701861186940F400701861C5
:103FA000186940F0010018610A60BFF34F8F0020CC
:103FB00070BC7047022070BC70470020BFE700BF94
:103FC000508A0020003C0240704700BF704700BF8D
:103FD0003A4B3B4A196921F0010170B51961196921
:103FE00021F002011961196921F0F80119611969BB
:103FF0000A401A61DC6814F0010423D1314D2F4BC3
:10400000DB6813F0F20F0ED02A78022AD3B244D024
:10401000032B3BD0012B3BD0FFF72CFF2046FFF7B3
:10402000D5FF00232B702B7803F0FF014BB9234BF6
:104030001A6922F080721A611A6922F000721A61FC
:10404000297570BD01221F4DDA602A78022AD3B289
:1040500025D0032B03D0012B08D00024CFE72869FB
:10406000FFF7B2FF00231C462B70C8E76B68013BCB
:104070006B606E68D6B1E868FFF7A6FFEC680134A4
:10408000EC602046297A00F0F9F9B8E72C69C3E71B
:104090004FF0FF33EC68EB60BEE70024BCE7002084
:1040A000FFF792FF00231C462B70A8E74FF0FF306C
:1040B0000446E860FFF788FF2E70A0E7003C02404E
:1040C000FB7FFFFF508A0020064B1A69002A01DBA4
:1040D000002070470449054A59605A601869C00FAA
:1040E000704700BF003C024023016745AB89EFCD1C
:1040F000034A0020136943F000431361704700BF77
:10410000003C0240054B5A69D20705D504490020FE
:10411000044A99609A60704701207047003C024051
:104120003B2A19087F6E5D4C034A0020536943F017
:1041300001035361704700BF003C024070B5144C4E
:104140000021144A4CF25036636943F00203636164
:104150009161F5F77DF9054604E0F5F779F9401B23
:10416000B0420ED8E368DB03F7D4E26812F0F20243
:1041700009D1E06810F0010002D001231046E3608D
:1041800070BD032070BDFFF775FE012070BD00BF3C
:10419000003C0240508A0020014B9869704700BFE4
:1041A000508A0020134B002270B504469A61124DCC
:1041B000F5F74EF9064601E0621C0ED1EB68DB0311
:1041C000FAD4EA6812F0F2020FD1E86810F00100A8
:1041D00002D001231046EB6070BD24B1F5F738F929
:1041E000801BA042EAD9032070BDFFF743FE0120E7
:1041F00070BD00BF508A0020003C02402DE9F04114
:10420000364E1546327D012A2CD0984601230446AD
:104210004CF250300F463375FFF7C4FF18B100233E
:104220003375BDE8F081032C12D8DFE804F00244B6
:10423000331E2B4BEDB2196921F4407119611A69D3
:104240001A61196941F0010119613D70BFF34F8F87
:104250004CF25030FFF7A6FF214A136923F0010307
:104260001361DCE70220BDE8F0811D4B1A6922F4DE
:1042700040721A611A6942F440721A611A6942F076
:1042800001021A613D60BFF36F8FC7F80480BFF36E
:104290004F8FDDE7124B1A6922F440721A611A69D6
:1042A00042F400721A611A6942F001021A613D601B
:1042B000BFF34F8FCCE70A4BADB2196921F44071BF
:1042C0001961196941F480711961196941F001019D
:1042D00019613D80BFF34F8FBAE700BF508A0020BD
:1042E000003C02400F4B03291A6922F440721A6104
:1042F00011D01A6902290CBF42F4004242F00402B4
:104300001A61084A136943EA002040F480301061C2
:10431000BFF34F8F7047196948F204020A431A61CC
:10432000EFE700BF003C024070B53A4D2B7D012BFA
:104330006ED0012204462A750368D90715D41046A9
:104340009A0722D45E072CD4190707D53248227C5D
:10435000416921F00C010A4342610020DA063ED493
:104360009B062ED400232B7570BD43684CF2503051
:10437000A668934241D0FFF715FF18B9264B5A693A
:1043800016435E6123689A07DCD54CF25030E6682C
:10439000FFF708FF10B9F6B21F4B5E7523685E0782
:1043A000D2D54CF250306669FFF7FCFE38B91A4995
:1043B0001A4B1B4A33404E69324013434B6123680A
:1043C000C2E74CF25030E469FFF7ECFE0028C9D197
:1043D000114A93699BB243EA04439361C2E74CF2EA
:1043E0005030A669FFF7DEFE28B90B4A0D4B9169E4
:1043F0000B40334393612368B2E7FFF7D3FE0028F5
:10440000C0D1054A536923EA06035361236897E73D
:10441000022070BD508A0020003C0240F00000F0F5
:104420000FFFFF0F0000FFFF114A3F21114B0160FA
:1044300051690B408360517DAA29CBB215D0537DC1
:10444000CC2B0CBFCC225522094BC2600A4A5969B9
:104450000A4042615A6902F00C0202619A6992B202
:1044600082619B691B0CC36170471A46ECE700BF71
:10447000003C02400000FF0FF00000F039B10129BC
:1044800021D002290CBF4FF400714FF440710F4B43
:104490000B281A6988BF043022F440721A611A6925
:1044A000114319611A6922F0F8021A611A6942EA85
:1044B000C00040F0020018611A6942F480321A61AB
:1044C000BFF34F8F70474FF48071E0E7003C02402C
:1044D0002DE9F843264F3B7D012B36D001230446BE
:1044E0004CF2503088463B75FFF75CFE064638BB01
:1044F0004FF0FF33C8F800302368012B29D0D4E9EE
:1045000002532B449D421BD2DFF8689005E0D4E9AA
:10451000022301351344AB4212D92846217CFFF710
:10452000ADFF4CF25030FFF73DFED9F8103023F0CC
:10453000FA03C9F810300028E9D00646C8F8005040
:10454000002330463B75BDE8F88302263046BDE8BF
:10455000F8836168207CFFF7C5FE4CF25030FFF70E
:1045600021FE044A044B064611690B401361E7E73C
:10457000508A0020003C0240FB7FFFFF10B5164C24
:10458000237D012B26D0154B4FF0010C1A6984F8BE
:1045900014C042F080721A611A6942F000721A6106
:1045A000F322DA60036863450CD08368C268017C3B
:1045B000184684F800C06260E3602172FFF75EFF76
:1045C000002010BD02234168007C2370FFF78AFEA3
:1045D000002010BD022010BD508A0020003C024087
:1045E000704700BF704700BF10B5094B00244FF063
:1045F000FF321A621C625A625C621A611C615A6163
:104600005C619A619C61FFF7EDFF204610BD00BF21
:104610000038024038B50D4D4FF47A730C4A044609
:1046200029781268B3FBF1F3B2FBF3F000F082F9E2
:1046300008B90F2C01D9012038BD002221464FF0C6
:10464000FF3000F005F900206C6038BD2400002028
:104650000400002008B5094B03201A6842F40072D8
:104660001A601A6842F480721A6000F0DFF80F20B6
:10467000FFF7D0FFFFF7B4FF002008BD003C024069
:10468000034A044B11681B780B441360704700BF4A
:104690006C8A002024000020014B1868704700BF7E
:1046A0006C8A0020014B5868704700BF240000202E
:1046B00038B5074C2578854201D1002038BD034626
:1046C00060682370FFF7A6FF0028F7D0257038BD7B
:1046D00024000020014B1878704700BF2400002000
:1046E00038B50446F4F7B4FE0546631C02D0044B0B
:1046F0001B781C44F4F7ACFE431BA342FAD338BD2D
:10470000240000204FF0E022136923F0020313611C
:10471000704700BF4FF0E022136943F002031361BA
:10472000704700BF0048704700080201014B18683D
:10473000000C7047002004E0024B1868C0F30B0027
:10474000704700BF002004E0014BD3F820047047FD
:1047500000F0F01F014BD3F82404704700F0F01F65
:10476000014BD3F82804704700F0F01F024A536849
:1047700043F0010353607047002004E0024A53688D
:1047800023F0010353607047002004E0024A53689D
:1047900043F0020353607047002004E0024A53686C
:1047A00023F0020353607047002004E0024A53687C
:1047B00043F0040353607047002004E0024A53684A
:1047C00023F0040353607047002004E0024A136A98
:1047D00043F001031362704700380140024A136A34
:1047E00023F001031362704700380140024A136846
:1047F00043F480631360704700380140024A136835
:1048000023F440631360704700380140024A136884
:1048100043F480731360704700380140024A136804
:1048200023F48073136070470038014006494FF647
:10483000FF0C0002054BCA6800F4E06002EA0C02BB
:1048400010430343CB60704700ED00E00000FA0521
:104850001B4BDB68C3F3022300B5C3F1070E03F162
:10486000040CBEF1040F28BF4FF0040EBCF1060F7C
:104870001AD9033B4FF0FF3C0CFA03FC22EA0C026E
:104880004FF0FF3C00280CFA0EFC21EA0C0101FA63
:1048900003F141EA02010ADB09010A4BC9B20344F0
:1048A00083F800135DF804FB00221346E8E700F0EC
:1048B0000F000901044BC9B2034419765DF804FBEB
:1048C00000ED00E000E100E0FCEC00E0002807DB88
:1048D000012300F01F01034A40098B4042F82030B9
:1048E000704700BF00E100E000280DDB4309012212
:1048F00000F01F000549203302FA00F041F82300C0
:10490000BFF34F8FBFF36F8F704700BF00E100E030
:10491000BFF34F8F0549064BCA6802F4E0621343A8
:10492000CB60BFF34F8F00BFFDE700BF00ED00E09D
:104930000400FA05431EB3F1807F0CD24FF0E02251
:10494000002006494FF0F00C5361072381F823C083
:104950009061136170470120704700BF00ED00E0D7
:10496000BFF35F8F044B00215A6A22F480325A62EF
:10497000C3F89410704700BF00ED00E0064B40F014
:104980000100C3F894005A6A42F480325A62BFF3BD
:104990004F8FBFF36F8F704700ED00E0174A4378E9
:1049A000C2F89830017821B3436800B5C2F89C3052
:1049B000C37A90F80CC01B0690F80FE043EA0C7322
:1049C00090F80AC00B43817B43EACC4390F80DC0BA
:1049D00043EA8C4390F809C043EA4143017A43EA31
:1049E0000E4343EA0C2343EA4103C2F8A0305DF8CA
:1049F00004FBC2F89C10C2F8A010704700ED00E064
:104A0000024BD868C0F30220704700BF00ED00E001
:104A1000002810B422DB144C205C000901F00701CF
:104A2000C1F1070C0C1DBCF1040F28BF4FF0040CA2
:104A3000062C11D903394FF0FF348C4020EA0404CE
:104A4000C8404FF0FF3101FA0CF120EA010010607C
:104A50001C605DF8044B70470024F2E700F00F0083
:104A6000024C205C0009D9E700E400E014ED00E00E
:104A7000002809DB4309012200F01F0003494033ED
:104A800002FA00F041F82300704700BF00E100E0A7
:104A900000280BDB4309064A00F01F00403352F8A0
:104AA000233023FA00F000F0010070470020704727
:104AB00000E100E0002809DB4309012200F01F00AB
:104AC0000349603302FA00F041F82300704700BF49
:104AD00000E100E000280BDB4309064A00F01F005C
:104AE000803352F8233023FA00F000F001007047C1
:104AF0000020704700E100E04FF0E0220428136935
:104B00000CBF43F0040323F004031361704700BF9C
:104B1000704700BF08B5FFF7FBFF08BD036B30B45B
:104B2000FBB1CD78002400E01346DA78AA4211D216
:104B30005A681C46002AF7D1C1E90123C1626160AD
:104B4000283050E8003F5A1C40E8002101B1F8E746
:104B500030BC7047C1E901349960002CEFD101638A
:104B6000EEE7C1E90133C162F9E700BF10B400F11B
:104B7000280353E8002F12B9BFF32F8F04E0511E12
:104B800043E8001404B1F4E7D2B1C06AC0B1831C99
:104B90000122D3E84F1FC3E8442F04B1F9E711F015
:104BA000FF0F09D10DE0D3E84F1FC3E8442F04B134
:104BB000F9E711F0FF0F04D08068831C0028F2D1C0
:104BC00000205DF8044B70472DE9F04186780446DB
:104BD000D0E90115002E39D0C668002945D08D6076
:104BE000A368002B45D05960002506F10C072570FD
:104BF0002146384600F0A2FDB368A3B3384600F062
:104C00002BFD044678B3304602F098FA2A4629462E
:104C1000074602F039FC384602F0B2FB8768726A38
:104C20008046394604F10C0004F03EFAF923A570E1
:104C30002370D8F80C30E37021463046FFF76EFF42
:104C400039463046BDE8F04104F0D6B8AB68284696
:104C500013B15B78832B0ED004F0CEF821462846A2
:104C6000BDE8F0415AE7BDE8F081F562A368002B8A
:104C7000B9D13163B8E704F0BFF8284602F05EFA14
:104C800032463146074602F0FFFB384602F078FB19
:104C900083686A6A064604F10C01184604F004FAB7
:104CA000F26803460AB1E17811701946284604F00B
:104CB000ADF80023237005F10C002146BDE8F0415A
:104CC00000F03CBD2DE9F04F83B0002870D00F46B6
:104CD00000296DD0CD1C25F003050C35B5FA85F102
:104CE000B0FA80F30B441F2B064661DD05FB00FB89
:104CF000002A35D09468D2F80090D2E90481002CC3
:104D000044D0A30745D1D368332B42D9B8F1000F63
:104D100058D018F0030371D18B456FD814B3DFF866
:104D20001CA1A37000204FF0FA0C43463146A0604E
:104D3000C4E90A002063C4F8049067622A4684F834
:104D400000C004F10C0000F055FC3B4B6168CAF850
:104D50007030204604F044F8204603B0BDE8F08FE0
:104D600091469046DFF8D4A0DAF8A000C0B100F078
:104D700073FC0446002C3CD16FF00401002004F0C9
:104D80002BF80024204603B0BDE8F08FD368002B39
:104D9000BCD06FF00801002004F01EF80024DBE70F
:104DA00001223421DAF8800000F058FF0446E1E7E0
:104DB0006FF00301002004F00FF80024204603B038
:104DC000BDE8F08FD1B9002CCCD0DFF870A04246FE
:104DD000DAF87C00594600F041FF80460028CBD02D
:104DE00002235A4600214046019304F073FA019BC6
:104DF00097E7B8F1000F08D0012392E76FF009019F
:104E0000002003F0E9FF0024A6E742465946DAF8FD
:104E10007C0000F023FF804608B10323E1E7DAF8C5
:104E2000A000214610B100F089FCA5E7DAF8800067
:104E300000F054FFA0E700BFC94B01082C00002080
:104E400010B5044638B10378FA2B04D1416803F059
:104E5000C9FF606810BD2046002103F0C3FF002099
:104E600010BD00BF2DE9F0410446002868D01F4660
:104E70000378FA2B64D10E46002961D090468268EF
:104E800012B15378832B3BD004F10C0000F0E4FB0B
:104E90000546C0B9002F5BD0314620463A4603F0A4
:104EA000A5FF3946932002F055FD10B32C4B204648
:104EB000596902F01FF9EFF309836FF00100C3E9AC
:104EC0000268BDE8F081626A31460C3004F0ECF80B
:104ED0000027F9232B702946204685F80380AF7000
:104EE000FFF71CFE2046314603F086FF3846BDE83A
:104EF000F081204603F07CFF6FF00100BDE8F081F7
:104F000003F07AFF204602F019F90122054600213C
:104F100002F0BAFA284602F033FA8368626A05465C
:104F20003146184604F0C0F8EA6803460AB182F830
:104F300000802046194603F069FF0020BDE8F0819B
:104F400020466FF0030103F047FF6FF00300CEE748
:104F50002046314603F052FF6FF00200C7E700BF62
:104F60002C0000202DE9F041044600287FD098460F
:104F70000378FA2B7BD10E46002978D01746FFF72D
:104F8000F5FD054600284BD0D0E90132002B61D059
:104F90009A60AA68002A61D05360626A05F10C0128
:104FA000304604F081F80FB1EB783B703146204673
:104FB000002604F10C0703F029FF2E70294638461D
:104FC00000F0BCFBA36843B3384600F045FB054640
:104FD00018B3204602F0B2F801220746314602F02B
:104FE00053FA384602F0CCF98768626A804639463F
:104FF00005F10C0004F058F8F923AE702B70D8F8C6
:105000000C30EB7029462046FFF788FD20463946D4
:1050100003F0F2FE3046BDE8F0810020BDE8F081EB
:10502000B8F1000F2BD031462046424603F0EAFE8D
:105030004146832002F08EFC90B1144B2046596902
:1050400002F058F8EFF309836FF00100C3E902673B
:10505000BDE8F081E262AA68002A9DD123639CE743
:10506000204603F0D1FE6FF00100BDE8F08120463C
:105070006FF0030103F0B0FE6FF00300CBE72046B2
:10508000314603F0C5FE6FF00200C4E72C0000209B
:1050900010B50446002835D00378FA2B32D1836846
:1050A00063B1204602F04AF800226FF0020102F0DC
:1050B000EBF9A0680028F4D102F090F9A37800225F
:1050C00022709A070DD4DB0706D5124BD3F8A00047
:1050D00070B1214600F032FB204603F0A9FE00200B
:1050E00010BD0C4BA169D86F00F0F8FDA378EAE77A
:1050F000D3F88000214600F0F1FD204603F098FE31
:105100000020EDE720466FF0030103F065FE6FF02D
:10511000030010BD2C00002010B5044610B1037828
:10512000FA2B05D02046002103F074FE002010BDAC
:10513000C16803F06FFEE06810BD00BF10B5044603
:1051400010B10378FA2B05D02046002103F064FE4D
:10515000002010BD416A03F05FFE606A10BD00BF11
:1051600010B5044610B10378FA2B05D02046002173
:1051700003F054FE002010BD816A03F04FFEA06AC8
:1051800010BD00BF10B5044610B10378FA2B05D04E
:105190002046002103F044FE002010BD836AC16850
:1051A000C91A03F03DFEE068A36AC01A10BD00BF33
:1051B0002DE9F047054600285FD00378FA2B5CD133
:1051C000002700F10C060CE09A60A268B2B15360AF
:1051D0000021284603F01AFE27702146304600F0D1
:1051E000ADFA2846FFF7C2FC044648B1D0E90132C7
:1051F000002BE9D1EA62A268002AE8D12B63E7E735
:10520000AB6813B15B78932B05D0284603F00CFEF6
:105210000020BDE8F08705F10C094FF0F90A22E003
:10522000284601F08BFF00221146074602F02CF9B8
:10523000384602F0A5F887686A6A8046394606F162
:105240000C0003F031FF86F800A0B470D8F80C30E1
:10525000F37031462846FFF761FC3946284603F0D3
:10526000CBFDAB682BB1484600F0F6F906460028A6
:10527000D6D1002002F0B2F8C7E728466FF003014C
:1052800003F0AAFD6FF00300C3E700BF70B5064648
:105290000D46144603F0A2FDEFF3058363B9EFF367
:1052A00010834BB9EFF3118333B9304629462246B8
:1052B000DFF814C000DF70BD6FF00501002003F0BF
:1052C0008BFD002070BD00BFC54C010808B503462A
:1052D000EFF305824AB9EFF3108232B9EFF311828E
:1052E0001AB9DFF814C000DF08BD1846002103F02A
:1052F00079FD002008BD00BF414E01082DE9F041B5
:1053000004460F4690461D4603F06EFDEFF30583FD
:1053100013B9EFF310830BB36CB32378FA2B2AD1B4
:105320004FB345BB04F10C0000F096F9064650B3AC
:10533000626A39460C3003F0B7FEF9233370304609
:10534000B57086F80380C6E9017403F005FE2046B7
:10535000394603F04FFD2846BDE8F081EFF3118395
:10536000002BD9D12046394642462B46DFF824C0CF
:1053700000DFBDE8F08120466FF0030103F02CFD53
:105380006FF00300E8E72046394603F037FD6FF081
:105390000200E1E7654E0108F8B504460E461746DF
:1053A0001D4603F02DFDEFF3058313B9EFF31083D2
:1053B000EBB144B32378FA2B25D126B31DBB20468D
:1053C000FFF7D4FB054630B300F10C01626A3046AA
:1053D00003F06AFE0FB1EB783B702846EC6003F0F7
:1053E000BBFD2046314603F011FD0020F8BDEFF370
:1053F0001183002BDDD1204631463A462B46DFF89B
:1054000024C000DFF8BD20466FF0030103F0E4FC88
:105410006FF00300F8BD2046314603F0F9FC6FF051
:105420000200F8BD654F01080246EFF3058313B98A
:10543000EFF310830BB110466EE6EFF31183002BF0
:10544000F9D1DFF808C000DF704700BF195101082B
:105450000246EFF3058313B9EFF310830BB1104647
:105460006CE6EFF31183002BF9D1DFF808C000DF01
:10547000704700BF3D5101080246EFF3058313B9A1
:10548000EFF310830BB110466AE6EFF31183002BA4
:10549000F9D1DFF808C000DF704700BF6151010893
:1054A0000246EFF3058313B9EFF310830BB11046F7
:1054B00068E6EFF31183002BF9D1DFF808C000DFB5
:1054C000704700BF8551010810B5044603F0AAFCDF
:1054D000EFF3058353B9EFF310833BB9EFF3118377
:1054E00023B92046DFF814C000DF10BD20466FF05E
:1054F000050103F071FC6FF0050010BDB15101080A
:1055000010B5044603F092FCEFF3058353B9EFF3B3
:1055100010833BB9EFF3118323B92046DFF814C0A1
:1055200000DF10BD20466FF0050103F055FC6FF061
:10553000050010BD9150010810B5044638B103783C
:10554000F72B04D1416803F029FC606810BD2046A8
:10555000002103F023FC002010BD00BF10B504465D
:1055600010B10378F72B05D02046002103F028FC6A
:10557000002010BDC16803F023FCE06810BD00BF2F
:1055800010B5044610B10378F72B05D02046002152
:1055900003F018FC002010BD416903F013FC6069A2
:1055A00010BD00BF10B5044610B10378F72B05D02D
:1055B0002046002103F008FC002010BD016903F023
:1055C00003FC206910BD00BF10B5044610B103787C
:1055D000F72B05D02046002103F0F8FB002010BD7A
:1055E000D0E90313C91A03F0F1FBD4E90303C01A8D
:1055F00010BD00BF2DE9F041074610B30C4611B3B2
:1056000015462AB31E460BB302FB01F803EB080E46
:105610004FF0000C3960C0E90223C0E904E3C0F890
:1056200004C003F0B5FA631E08D032465119013B9D
:1056300011600A46FAD1A8EB050006440023336046
:105640000120BDE8F0810846BDE8F0811846F8E782
:105650001046BDE8F08100BF70B50446D8B100F136
:10566000140353E8001F11B9BFF32F8F04E00A6839
:1056700043E8002000B1F4E70D4639B1231D53E89B
:10568000002F501C43E8000606B1F8E7204603F05F
:1056900081FA284670BD014603F07CFA2546F8E7FA
:1056A00038B5836893B104460C30FFF7D5FF054643
:1056B00060B1204601F042FD2946002201F0E4FEDF
:1056C00029462046BDE8384003F070BB38BD00BF16
:1056D00070B50446F0B10378F72B1BD10C300E46A1
:1056E000FFF7BAFF054678B9E6B13146204603F028
:1056F00059FB3146732002F02DF9C0B10E4B204604
:10570000596901F0F7FC03E02046294603F04EFBFF
:10571000284670BD20466FF00301002503F038FBDA
:10572000284670BD204603F043FB284670BD204646
:1057300003F03AFBECE700BF2C000020F8B50A4666
:10574000034608B3C4688C421ED804698C421BD936
:1057500000F1140425680D60BFF35F8F54E8005F0B
:105760000E68AE42F6D144E8001707B1F2E7043301
:1057700053E8002F541E43E8004505B1F8E7002226
:1057800003F00AFA0020F8BD114618466FF0030234
:1057900003F002FA6FF00300F8BD00BF2DE9F84FE7
:1057A000002867D0002965D0033121F00304B4FA42
:1057B00084F1B0FA80F30B441F2B06465ADD04FB3C
:1057C00000FA82B39568D2F80090D2E90473002DF4
:1057D0003ED0A9073FD1D268232A3CD9002F52D00E
:1057E00017F0030869D19A4567D8F5B1DFF80CB115
:1057F00085F802804FF0F70C00203B463146A86048
:10580000C5F80490224685F800C005F10C00FFF7AA
:10581000F1FE394B6968CBF86C30284603F0BCFACE
:105820002846BDE8F88F91461746DFF8D0B0DBF880
:105830009C00B8B1FFF710FF0546002D39D16FF07D
:1058400004010020002503F0A3FA2846BDE8F88FE4
:10585000D268002AC2D06FF00801002003F098FA45
:105860000025DDE701222421DBF8800000F0F6F9B5
:105870000546E2E76FF003010020002503F088FAF7
:105880002846BDE8F88FC3B9002DCED0DFF86CB044
:105890003A46DBF87800514600F0E0F90746002868
:1058A000CDD04FF0020852460021384603F012FDD9
:1058B0009EE74FB14FF001089AE76FF00901002011
:1058C00003F066FA0025ABE73A465146DBF878006C
:1058D00000F0C4F9074610B14FF00308E3E7DBF826
:1058E0009C00294610B1FFF729FFA8E7DBF88000EC
:1058F00000F0F4F9A3E700BFA15601082C00002036
:10590000F8B5044630B30378F72B23D100F10C0629
:1059100030460F46FFF712FF054639462046ADB91F
:1059200003F04AFAA3689BB13046FFF795FE06469E
:1059300070B1204601F002FC0122314601F0A4FDC5
:105940002046314603F032FA2846F8BD03F036FA15
:105950002846F8BD20466FF0030103F019FA6FF0F6
:105960000305F5E710B50446002834D00378F72B7B
:1059700031D183685BB1204601F0E0FB0022114683
:1059800001F082FDA0680028F5D101F027FDA37881
:10599000002222709A070DD4DB0706D5124BD3F8EC
:1059A0009C0070B12146FFF7C9FE204603F012FAB1
:1059B000002010BD0C4BA169986F00F08FF9A378FF
:1059C000EAE7D3F88000214600F088F9204603F08A
:1059D00001FA0020EDE720466FF0030103F0D8F94B
:1059E0006FF0030010BD00BF2C00002070B506460C
:1059F0000D46144603F0CEF9EFF3058363B9EFF3D8
:105A000010834BB9EFF3118333B930462946224650
:105A1000DFF814C000DF70BD6FF00501002003F057
:105A2000B7F9002070BD00BF9D57010808B50346B7
:105A3000EFF305824AB9EFF3108232B9EFF3118226
:105A40001AB9DFF814C000DF08BD1846002103F0C2
:105A5000A5F9002008BD00BF3955010838B5044636
:105A60000D4603F09DF9EFF3058313B9EFF31083AF
:105A700083B1DCB12378F72B18D1BDB904F10C0048
:105A8000FFF7EAFD05462046C5B1294603F08EF929
:105A9000284638BDEFF31183002BEAD12046294672
:105AA000DFF820C000DF0546284638BD20466FF0ED
:105AB0000301002503F06CF9284638BD03F078F99E
:105AC000284638BDD156010870B504460E4603F08D
:105AD00071F9EFF3058313B9EFF3108383B124B3A6
:105AE0002378F72B21D1314604F10C00FFF726FE75
:105AF000054688B13146204603F060F9284670BD5E
:105B0000EFF31183002BEAD120463146DFF82CC099
:105B100000DF0546284670BD204603F01DFA2046EA
:105B2000314603F049F9284670BD20466FF0030165
:105B300003F02EF96FF00305E0E700BF01590108FB
:105B40000246EFF3058313B9EFF310830BB1104650
:105B500004E5EFF31183002BF9D1DFF808C000DF73
:105B6000704700BF5D5501080246EFF3058313B986
:105B7000EFF310830BB1104602E5EFF31183002B16
:105B8000F9D1DFF808C000DF704700BF8155010878
:105B90000246EFF3058313B9EFF310830BB1104600
:105BA00000E5EFF31183002BF9D1DFF808C000DF27
:105BB000704700BFA55501080246EFF3058313B9EE
:105BC000EFF310830BB11046FEE4EFF31183002BCB
:105BD000F9D1DFF808C000DF704700BFC9550108E0
:105BE00010B5044603F0F4F8EFF3058353B9EFF36F
:105BF00010833BB9EFF3118323B92046DFF814C0BB
:105C000000DF10BD20466FF0050103F0C1F86FF012
:105C1000050010BD6559010870B50A46044620B15B
:105C200040EA010313F0070306D011462046002284
:105C300002F0A8FF002070BD1729F6D9A1F10805D0
:105C40002E1810222160C0E901262B5085686A6059
:105C5000C360012202F096FF012070BDF8B568B361
:105C600061B332F0030329D101F10F0C84682CF0E9
:105C7000070C00F1080503E023682546F3B11C4634
:105C80006E68631B26F00307DB1B9C45F4D8D0E944
:105C900000370344674453F804EC4760083B7745FA
:105CA00084BF5F606E6842EA0C036EB96B6005F1F9
:105CB0000804234602F068FF2046F8BD00230024B4
:105CC00002F062FF2046F8BD26F00306AF19AC5182
:105CD0007B6007F108042F60EBE700BF38B5F0B137
:105CE000E9B1A1F1080400F10805A5421CD08368C0
:105CF00023B914E01A681D468AB113469C42F9D1B3
:105D000051F8042C436851F8084C22F003029B1A06
:105D100043602C60012202F039FF012038BD0022CF
:105D200002F034FF002038BD51F8042C436822F003
:105D300003029B1A0022436041F8042CEAE700BFEB
:105D40002DE9F0414FF6FE730546013898423ED8E2
:105D50008D420E463BD3E2B1946817685CB314F0F1
:105D600003032BD1D2680F2A28D9DFF88880A370CB
:105D7000F6220023A3606760A681E58122701C4B98
:105D8000C8F868303946204602F0EAFF2046BDE8F0
:105D9000F0811746DFF85C80D8F8980000B3FFF771
:105DA0005BFC04468CB920466FF0040102F0D4FF7E
:105DB0002046BDE8F081D368002BEBD06FF00801DE
:105DC000002002F0C9FF0024E0E70123CFE76FF0D5
:105DD00003010020002402F0BFFF2046BDE8F0814F
:105DE00001221021D8F88000FFF738FF0446D9E7D8
:105DF000915E01082C00002010B5044638B10378EC
:105E0000F62B04D1416802F0ADFF606810BD20465A
:105E1000002102F0A7FF002010BD00BF10B504460E
:105E200060B30378F62B29D1836863B1204601F073
:105E300085F900226FF0020101F026FBA06800281E
:105E4000F4D101F0CBFAA3780022DB07227006D54B
:105E50000E4BD3F8980038B12146FFF76FFC20466F
:105E600002F094FF002010BDD3F880002146FFF718
:105E700035FF204602F08AFF0020F4E720466FF04D
:105E8000030102F069FF6FF0030010BD2C00002039
:105E90008268EAB138B500F10C01D1E85F2F12B980
:105EA000BFF32F8F04E0541EC1E8554F05B1F4E74E
:105EB00092B202B938BD044601F040F90022114601
:105EC00001F0E2FAA1892046BDE8384002F052BF55
:105ED000704700BFF8B5044668B30378F62B2AD1A3
:105EE00000F10C02D2E85F3F13B9BFF32F8F04E03B
:105EF0005E1EC2E8576F07B1F4E79BB2B3B90D4617
:105F000009B302F033FF2946632001F023FD38B1C5
:105F10000F4B2046596901F0EDF86FF00100F8BD14
:105F2000204602F025FF6FF00100F8BD818902F0E4
:105F300021FF0020F8BD20466FF0030102F00CFFA6
:105F40006FF00300F8BD02F017FF6FF00200F8BD1C
:105F50002C000020F8B5044600282CD00378F62B3E
:105F600029D18568BDB900F10C03C189D3E85F2F41
:105F7000914202D8BFF32F8F04E0561CC3E8576F3D
:105F800007B1F3E7C18993B299421CD9818902F024
:105F9000F7FE2846F8BD818902F0F2FE204601F0A6
:105FA000CDF80122002101F06FFA2046A18902F00C
:105FB000E1FE0020F8BD20466FF0030102F0CCFEA8
:105FC0006FF00300F8BD6FF0100102F0C5FE6FF036
:105FD0000200F8BD10B5044610B10378F62B05D0C9
:105FE0002046002102F0CEFE002010BD818902F083
:105FF000C9FEA08910BD00BF70B506460D46144607
:1060000002F0ACFEEFF3058363B9EFF310834BB9F5
:10601000EFF3118333B9304629462246DFF814C026
:1060200000DF70BD6FF00501002002F095FE00203A
:1060300070BD00BF415D010808B50346EFF305825E
:106040004AB9EFF3108232B9EFF311821AB9DFF8CF
:1060500014C000DF08BD1846002102F083FE0020B6
:1060600008BD00BFF95D010838B504460D4602F0D1
:106070007BFEEFF3058313B9EFF31083CBB114B3B9
:106080002378F62B1FD1F5B904F10C02D2E85F3F5B
:1060900013B9BFF32F8F04E0591EC2E8501F00B19F
:1060A000F4E79BB2BBB12046A18902F063FE28460B
:1060B00038BDEFF31183002BE1D120462946DFF8EC
:1060C00024C000DF38BD20466FF0030102F044FE1B
:1060D0006FF0030038BD204602F04EFE6FF0020064
:1060E00038BD00BFD55E010838B5044602F046FE53
:1060F000EFF3058313B9EFF31083FBB13CB32378BF
:10610000F62B24D104F10C03E189D3E85F2F9142EF
:1061100002D8BFF32F8F04E0501CC3E8550F05B120
:10612000F3E7E18993B29942204618D902F014FFAF
:106130002046A18902F024FE002038BDEFF3118330
:10614000002BDBD12046DFF824C000DF38BD20461D
:106150006FF0030102F000FE6FF0030038BD6FF036
:10616000100102F0F9FD6FF0020038BD555F010823
:106170000246EFF3058313B9EFF310830BB110461A
:1061800028E7EFF31183002BF9D1DFF808C000DF17
:10619000704700BFD55F010810B5044602F0F4FD5A
:1061A000EFF3058353B9EFF310833BB9EFF311839A
:1061B00023B92046DFF814C000DF10BD20466FF081
:1061C000050102F0C9FD6FF0050010BD1D5E01085C
:1061D00070B530B38468D0E90056B4B114F003024E
:1061E00031D1C3681B2B2ED90023F5202070A2705B
:1061F000E67065602946C4E90233C4E904332376B6
:10620000204602F091FD204670BDC368DBB9114BFA
:10621000D3F8940040B1FFF71FFA044664B101229D
:10622000E2E705460646F2E7D3F8800001221C218A
:10623000FFF714FD0446F1E720466FF0040102F079
:106240006FFD204670BD6FF00801002002F068FD70
:106250000024D8E72C00002010B5044638B103789C
:10626000F52B04D1416802F061FD606810BD204645
:10627000002102F05BFD002010BD00BF364B70B561
:106280005D69002D53D00446002848D00378F52BD3
:1062900045D10E46017E71B9EB6A4361C0E90351F5
:1062A00003B118610123EC6220461946237602F0FF
:1062B00045FD002070BDC378DA0702D5C268AA4246
:1062C0001FD0DEB39B0706D5E06895F9203090F922
:1062D00020209A421EDB3146204602F02BFD31463B
:1062E000532001F037FB30B12046294600F002FF71
:1062F0006FF0010070BD204602F01EFD6FF001003E
:1063000070BDFF2920D00131C9B2017602F016FD1F
:10631000002070BD80F8203000F01AFFDBE7204637
:106320006FF0030102F0FCFC6FF0030070BD6FF032
:10633000070102F0F5FC4FF0FF3070BD204602F07F
:10634000FFFC6FF0020070BD6FF00F0102F0E8FC7F
:106350006FF0020070BD00BF2C00002038B5384B34
:106360005D69002D64D00446002852D00378F52BD7
:106370004FD1017E002954D0C368AB4242D10139CC
:10638000C9B2017602F0E0FC237E002B36D1D4E9BD
:1063900004320AB11361236993B35A61E3789B070E
:1063A0000FD5EB6A95F921104BB19A6822B192F999
:1063B00020209142B8BF11465B69002BF5D185F8CA
:1063C0002010A368ABB1204600F0B8FE00220546BD
:1063D000114601F059F8EB6AE5600022C4E9042394
:1063E00003B11C610123EC6219462376204602F0BA
:1063F000A5FC002000F0F2FF002038BD002038BDD1
:10640000EA62CBE76FF00D0102F08AFC6FF0020048
:1064100038BD20466FF0030102F082FC6FF00300EC
:1064200038BD6FF00E0102F07BFC6FF0020038BD4A
:106430006FF0070102F074FC4FF0FF3038BD00BF71
:106440002C00002010B5044648B10378F52B06D186
:10645000037E23B1C16802F079FCE06810BD2046DC
:10646000002102F073FC002010BD00BF10B50446EF
:10647000002854D00378F52B51D1037E002B31D066
:106480004269D0E903030AB113612369002B3AD0B2
:106490005A61E3789A071FD5C36A90F921104BB16E
:1064A0009A6822B192F920209142B8BF11465B69E7
:1064B000002BF5D190F920308B420DD080F82010C0
:1064C00000F046FEA36853B1204600F037FE0022DC
:1064D0006FF0020100F0D8FFA368002BF4D1002078
:1064E00000F07CFFA3780022DB07227006D5104B5A
:1064F000D3F8940048B12146FFF720F9204602F076
:1065000029FC002010BDC262C3E7D3F880002146F9
:10651000FFF7E4FB204602F01DFC0020F2E72046D6
:106520006FF0030102F0FCFB6FF0030010BD00BF31
:106530002C00002070B32DE9F041044600274FF0F5
:10654000010801E02C461DB3E37865691B07F9D506
:1065500020462776002102F0F7FBA3682046002B97
:10656000F0D000F0EBFD00220646114600F08CFF53
:10657000F36AE66020460121C4E9047303B11C619B
:10658000F46284F8188002F0D9FB2C46002DDBD190
:10659000BDE8F081704700BF10B5044602F0C2FBB1
:1065A000EFF3058353B9EFF310833BB9EFF3118396
:1065B00023B92046DFF814C000DF10BD6FF00501DD
:1065C000002002F0ADFB002010BD00BFD16101082A
:1065D00008B50346EFF305824AB9EFF3108232B9EA
:1065E000EFF311821AB9DFF814C000DF08BD1846B6
:1065F000002102F09BFB002008BD00BF596201088A
:1066000038B504460D4602F093FBEFF305835BB902
:10661000EFF3108343B9EFF311832BB920462946DA
:10662000DFF814C000DF38BD20466FF0050102F02E
:1066300077FB6FF0050038BD7D62010810B5044698
:1066400002F080FBEFF3058353B9EFF310833BB9FE
:10665000EFF3118323B92046DFF814C000DF10BD2B
:1066600020466FF0050102F05BFB6FF0050010BDE6
:106670005D63010808B50346EFF305824AB9EFF3FD
:10668000108232B9EFF311821AB9DFF814C000DFBB
:1066900008BD1846002102F059FB002008BD00BFCC
:1066A0004564010810B5044602F052FBEFF3058380
:1066B00053B9EFF310833BB9EFF3118323B92046AD
:1066C000DFF814C000DF10BD20466FF0050102F0B6
:1066D00027FB6FF0050010BD6D640108174B10B467
:1066E0005C6CD4B12269914204D21DE01A698A42DD
:1066F00008D81C46E368891A002BF7D10161C0E96C
:10670000024306E001611A698460511AC36098600F
:106710001961E0605DF8044B7047C0E90244016113
:1067200058645DF8044B704701612269C460511AD6
:10673000002282602161A060F2E700BF2C000020EF
:10674000F8B5164E746C44B32069013820610127F6
:1067500006E0E378012B19D06770746CECB1206906
:10676000002304F118011A46B8B9E5680DB1A06814
:10677000A860F06C7564FEF7C1FD0028E9D02146E1
:106780000320F2F75DFEE378012BE5D16169204635
:10679000FFF7A4FF746C002CE1D1F8BD2C000020A1
:1067A0002DE9F04100283FD001290E463CD8904603
:1067B0000546F3B19C681F6864B314F003022CD142
:1067C000DB681F2B88BF134627D94FF4F972A370DB
:1067D0000023E6706760C4E9065839462280C4E9A0
:1067E0000233C4E90433204602F068FA2046BDE8CB
:1067F000F0811F46164BD3F88C0000B3FEF72CFF38
:106800000446D4B920466FF0040102F051FA204644
:10681000BDE8F081DB68002BECD06FF008010020B0
:1068200002F046FA0024E1E76FF0030100200024A3
:1068300002F03EFA2046BDE8F0810123C5E7D3F817
:10684000800001222021FFF709FA0446D9E700BFA2
:106850002C00002010B5044638B10378F22B04D187
:10686000416802F02DFA606810BD2046002102F058
:1068700027FA002010BD00BF38B5044610B30378D6
:10688000F22B1FD1F1B14378022B0CD0154B1B6DAD
:1068900003B30223416143702046FFF71FFF02F05C
:1068A00013FA002038BDD0E902232BB125691869FD
:1068B0009A602844A26818610AB1D360ECE7094ADB
:1068C0005364E9E720466FF0030102F0F1F96FF03D
:1068D000030038BD6FF0020102F0EAF96FF0020028
:1068E00038BD00BF2C00002010B50346D0B102789F
:1068F000F22A17D14278022A1CD1D0E902120120D3
:1069000058702AB11C69106991602044996810611F
:1069100029B1CA60184602F0DBF9002010BD094910
:106920004A64F7E718466FF0030102F0C1F96FF00F
:10693000030010BD6FF0020102F0BAF96FF002001F
:1069400010BD00BF2C00002010B5044678B30378BA
:10695000F22B2CD14378022B10D0A3780022DB0736
:10696000228006D5164BD3F88C0098B12146FEF74D
:10697000E5FE204602F0B2F9002010BDD0E9022366
:106980002BB1006919699A600144A26819615AB172
:10699000D360E2E7D3F880002146FFF79FF9204655
:1069A00002F09CF90020E8E7054A5364D5E7204649
:1069B0006FF0030102F07CF96FF0030010BD00BF1F
:1069C0002C00002008B5034610B10278F22A05D049
:1069D0001846002102F07EF9002008BD4278022A04
:1069E000F6D1012102F076F9012008BD00B50E4B69
:1069F0000E4CD3E9182083B00821FEF747FC0C4B5E
:106A0000C4E9130300E0E06C4FF0FF330022694655
:106A1000FEF7C2FC0028F6D1DDE9000102F04AF9D8
:106A2000DDE900309847EEE7443002082C000020F2
:106A300041670108F8B507460E4615461C4602F0A8
:106A40003BF9EFF305836BB9EFF3108353B9EFF321
:106A500011833BB9384631462A462346DFF814C035
:106A600000DFF8BD6FF00501002002F021F90020E1
:106A7000F8BD00BFA167010808B50346EFF3058222
:106A80004AB9EFF3108232B9EFF311821AB9DFF885
:106A900014C000DF08BD1846002102F011F90020E3
:106AA00008BD00BF5568010838B504460D4602F020
:106AB00009F9EFF305835BB9EFF3108343B9EFF303
:106AC00011832BB920462946DFF814C000DF38BDFA
:106AD00020466FF0050102F0EBF86FF0050038BDBD
:106AE0007968010810B5044602F0F0F8EFF3058369
:106AF00053B9EFF310833BB9EFF3118323B9204669
:106B0000DFF814C000DF10BD20466FF0050102F071
:106B1000CFF86FF0050010BDE968010808B503461D
:106B2000EFF3058212B9EFF310822AB11846002163
:106B300002F0D0F8002008BDEFF31182002AF5D151
:106B4000DFF804C000DF08BDC569010810B50446C0
:106B500002F0C2F8EFF3058353B9EFF310833BB9AA
:106B6000EFF3118323B92046DFF814C000DF10BD16
:106B700020466FF0050102F09BF86FF0050010BD94
:106B80004969010808B90020704710B5014604465C
:106B9000132000F0DFFE28B9054B586902F086F893
:106BA000002010BD204602F07DF8002010BD00BF7F
:106BB0002C00002070B50E4EF468041B002C0FDD75
:106BC0002146132000F0C6FE054620B9706902F088
:106BD0006DF8284670BD204602F066F8002070BDB2
:106BE0006FF0030002F058F86FF0030070BD00BFB3
:106BF0002C00002010B5044602F050F8EFF3058396
:106C000053B9EFF310833BB9EFF3118323B9204657
:106C1000DFF814C000DF10BD6FF0050002F03CF893
:106C20006FF0050010BD00BF856B010810B504466C
:106C300002F036F8EFF3058353B9EFF310833BB955
:106C4000EFF3118323B92046DFF814C000DF10BD35
:106C50006FF0050002F020F86FF0050010BD00BFD6
:106C6000B56B01080123154943704A6A10B490F9C5
:106C70002040FAB192F92030A34205DC0FE093F9ED
:106C800020108C420EDA1A469368002BF7D10023AD
:106C9000C0E902325DF8044B906001F0D9BF1346A1
:106CA00001F11C02C0E902325DF8044B9060D8602B
:106CB00001F0CEBF01F11C02E9E700BF2C0000206B
:106CC00010B5044638B10378F12B04D1416801F0C6
:106CD00097FF606810BD2046002101F091FF002061
:106CE00010BD00BF10B5034B5C69204601F08AFF60
:106CF000204610BD2C00002010B5034650B102788C
:106D0000F12A07D1447804F00F04214601F07CFFFA
:106D1000204610BD18464FF0FF3101F075FF4FF0CF
:106D2000FF34F5E710B5034660B10278F12A09D1C6
:106D30004278042A06D090F92040214601F06EFFE7
:106D4000204610BD18464FF0FF3101F067FF4FF0AD
:106D5000FF34F5E708B501F07FFFDFF810C000DF72
:106D60004FF0FF31002001F045FFFEE7317C0108C4
:106D70000C4A536A10B501241BB19B680134002BE7
:106D8000FBD1D36A1BB11B690134002BFBD1136B00
:106D90001BB11B690134002BFBD1204601F062FFBF
:106DA000204610BD2C000020064B10B55C6924B1B4
:106DB000A06A01F065FFA06A10BD204601F060FFE7
:106DC000204610BD2C000020930710B402F00104EF
:106DD00015D400F12803E4B153E8000F00EA0102E2
:106DE0008A4203D0BFF32F8F002005E020EA010282
:106DF00043E8002404B1EFE75DF8044B7047806A74
:106E000000EA0103B4B1994218BF00205DF8044BB9
:106E1000704753E8000F084203D1BFF32F8F0020C3
:106E200005E020EA010243E8002404B1F1E75DF83F
:106E3000044B7047002B08BF00205DF8044B7047DF
:106E40000A4B1A6B0AB90AE01A461369002BFBD1E8
:106E50004FF0FF31C0E90432C161106170474FF05B
:106E6000FF31C0E90422C161186370472C00002083
:106E7000C169B1F1FF3FD0E904320DD0A3B110B424
:106E8000DC695A6142692144D96192B100211361E0
:106E90005DF8044B416170470BB15A6142696AB1B8
:106EA0000021136141617047002AF9D1054AD3627C
:106EB0007047044A5DF8044BD3627047014A13637C
:106EC000704700BF2C00002010B58378002202809C
:106ED0009A07044609D513F0100F016B0F4B0FD022
:106EE000D3F88400FEF72AFCA378DB070ED50B4B02
:106EF000D3F88800214650B1BDE81040FEF71EBC13
:106F0000586FFEF7EBFEA378DB07F0D410BDD3F883
:106F10008000BDE81040FEF7E1BE00BF2C0000205D
:106F200010B5044600B30378F12B1DD1C378DA07FE
:106F300022D54278042A07D023F00103C3702046EB
:106F400001F07AFE002010BDD0E902230AB1D3601F
:106F5000C36833B100219A60E1602046FFF7B4FFB7
:106F6000EDE7094B5A63F8E720466FF0030101F0A3
:106F700041FE6FF0030010BD6FF00C0101F03AFE0E
:106F80006FF0020010BD00BF2C00002010B50446B9
:106F900010B10378F12B05D02046002101F036FE18
:106FA000002010BD416B01F031FE606B10BD00BFD1
:106FB00010B510B10378F12B05D00021002401F0A9
:106FC00027FE204610BD134B1B685B07F5D5036BEE
:106FD000114A1968914205D00024214601F018FE9B
:106FE000204610BD416B042911D95A68B2F1CC3F3B
:106FF00003F108034FF0040405D0EEE753F8042B27
:10700000B2F1CC3FE9D104348C42F7D3E5E7042454
:10701000E3E700BF44300208A52E5AE210B500286D
:1070200034D0002932D01E4A536940F8043B536AD9
:10703000012453B1012902D82EE0A1422CD040F8FE
:10704000043B9B680134002BF7D1D36A53B1A142B2
:1070500002D814E0A14212D040F8043B1B6901346D
:10706000002BF7D1136B53B1A14202D807E0A14224
:1070700005D040F8043B1B690134002BF7D1A0EB8D
:107080008400224601F0F0FD204610BD00220024BD
:1070900001F0EAFD204610BDD36A002BE2D0EEE7F6
:1070A0002C000020124B5B6910B5C3B100280DDB2A
:1070B000283353E8004F24EA000243E8002101B1DD
:1070C000F7E7204601F0DAFD204610BD18466FF0C4
:1070D00003016FF0030401F0C9FD204610BD1846FE
:1070E0006FF0070101F0C2FD4FF0FF34ECE700BF85
:1070F0002C000020826810B491F92040E2B192F98E
:107100002030A34205DA0EE093F9200084420CDC23
:107110001A469368002BF7D10023C1E902325DF8CB
:10712000044B9160704713460246C1E902325DF894
:10713000044B9160D96070470246EDE783689A6816
:10714000826002B1D0600022DA601846704700BF4A
:1071500050B10378F12B034603D006E01A78F12AE8
:1071600003D1DB68002BF9D17047C26810B422B19B
:1071700081689160816801B1CA60996890F9204086
:10718000E1B191F92020A24205DA0EE092F9203017
:107190009C420CDC11468A68002AF7D10023C0E922
:1071A00002315DF8044B886070470A461946C0E911
:1071B00002215DF8044B8860D06070471946EDE706
:1071C000C36833B182689A60826802B1D3600023D9
:1071D000C36070470123144943704A6A10B490F9A0
:1071E0002040EAB192F92030A34205DA0EE093F98B
:1071F00020108C420DDC1A469368002BF7D1002337
:10720000C0E902325DF8044B90607047134601F10B
:107210001C02C0E902325DF8044B9060D8607047F0
:1072200001F11C02EBE700BF2C0000202DE9F0412A
:10723000524EF46A002C4FD0E569013DE561002D06
:107240004AD1012706F11C086378532B68D04CD92A
:10725000732B7BD053D9832B00F08380932B09D1E0
:107260002378F12B204603D1C0680378F12BFBD0A3
:1072700001F0BEFD94F82230A26B13F0100F0CBF8A
:10728000602320232046D15801F0E0FCE3682BB1B5
:10729000A2689A60A26802B1D360E5606770726A02
:1072A00094F92000002A67D092F92030834205DA51
:1072B00014E093F92010884212DC1A469368002BE0
:1072C000F7D1C4E902529460246924B1E369002B28
:1072D000BAD000236361F462BDE8F08113464246F0
:1072E000C4E902329460DC60EEE7332B14D0432B08
:1072F00021D0132BBED1204601F0D8FCBAE7632B76
:10730000B8D12378F12B204603D1C0680378F12B44
:10731000FBD001F02DFDADE7204601F0B7FCA9E759
:107320002378F12B204603D1C0680378F12BFBD0E2
:1073300001F002FD9EE72378F12B204603D1C068BF
:107340000378F12BFBD001F0E1FC93E72378F12BDC
:10735000204603D1C0680378F12BFBD001F024FD57
:1073600088E72378F12B204603D1C0680378F12BFE
:10737000FBD001F049FD7DE74246A2E72C0000204A
:1073800090F82230806B13F0100F0CBF6023202385
:1073900018447047074B596951B10B6B8A6B934284
:1073A00003D21A68044B9A4202D00120F2F748B87F
:1073B000704700BF2C000020A52E5AE210B5022213
:1073C000054B427004469861FFF7E4FF2046BDE894
:1073D000104001F03FBC00BF2C000020F8B5284E43
:1073E0000446377A706984B3022F94F9205016D07E
:1073F00001236370726A002A40D092F92030AB42B8
:1074000005DA1BE093F920108D4219DC1A469368C7
:10741000002BF7D10023E260A3609460F8BD90F9DF
:107420002030AB42E4DAFFF71DFC6770B461FFF770
:10743000B1FF2046BDE8F84001F00CBC1346114AEC
:10744000C4E902329460DC60F8BD022FE6D1746AB0
:10745000002CE3D094F9202090F920309A42DDDD11
:10746000E36833B1A2689A60A26802B1D3600023D6
:10747000E360FFF7F7FB02236370D7E7014AC9E730
:107480002C0000204800002070B5044615460E462A
:1074900001F0DCFB94F82230A26B13F0100F0CBF4C
:1074A000602320232046D650FFF7E2FC05BB0123D2
:1074B000134963704A6A94F92000EAB192F92030C6
:1074C000834205DA0CE093F9201088420BDC1A465F
:1074D0009368002BF7D10023C4E90232946070BD99
:1074E000134601F11C02C4E902329460DC6070BDF5
:1074F000BDE87040FFF772BF01F11C02EBE700BF6F
:107500002C0000204278332A00D0704770B5416AC1
:1075100090F823200446FFF757FC054600B970BDDC
:10752000014600222046FFF7AFFF23462A4694F883
:107530002310606ABDE8704001F0AABB70B5044634
:10754000D0B10378F12B17D1002915DB4378042B38
:1075500038D000F1280353E8002F42EA010543E840
:10756000005606B1F7E74378332B0ED02046294664
:1075700001F080FB284670BD20466FF0030101F04A
:1075800075FB6FF00305284670BD90F82320416A13
:10759000FFF71AFC06460028E8D094F823309B0732
:1075A00056BF656A054620EA0505014601222046C8
:1075B000FFF76AFF2346324694F82310606A01F011
:1075C00067FBD3E76FF0020101F050FB6FF002059B
:1075D000D9E700BF2DE9F04F814685B0002800F0C3
:1075E000F7808B46002A00F08A8094689769D2E978
:1075F0000465002C79D0A3077AD1D368432B77D9BF
:10760000002E00F09F80700740F0B780002D00F042
:10761000B480002F00F08C807B1E372B00F2D180CD
:10762000690740F0AA80472D40F2A780D2E9008385
:107630000193002C68D0DFF8C4A10023002E00F0D5
:1076400089806A4A1168A370A5F140029DF8043050
:10765000E3707FB20023324484F8207084F82170F4
:10766000C4E90E29C4E90233C4E90433C4E906338A
:1076700084F82330C4E90933E3625D48C4F8048028
:1076800040F2F117FD224B07C4E90C65278084F80E
:107690002220306008D5AD08113D05D04FF0CC3325
:1076A000013D46F8043FFBD1A36B0021184603F1CE
:1076B000340243F8041B9A42FBD14E4A42634FF016
:1076C0008073C363C0F83890C0F820B0E16B4A4BB8
:1076D000CAF860302046424601F090FA2046FFF793
:1076E0007DFE204605B0BDE8F08FD368002B87D023
:1076F0006FF00801002001F07DFA0024F1E79046C8
:107700001546164601921827DFF8F0A0DAF888002F
:1077100080B1FDF7A1FF0446002C64D16FF0040195
:10772000002001F067FA0024204605B0BDE8F08F84
:10773000182775E701224421DAF88000FEF78EFA57
:107740000446E9E71FB37B1E372B3AD8002D3FF4E0
:107750006DAF65E705BB254ADAF88400556D0292E6
:10776000D0B10393FDF778FFDDE902230646F8B1B7
:1077700043F0100343F0020364E76FF00A010020B6
:1077800001F038FA0024204605B0BDE8F08F182734
:10779000002D3FF44BAF43E732462946DAF8740038
:1077A0000293FEF75BFA029B064608B10F4AE1E737
:1077B000002BB3D0DAF88800214678B1FDF7BEFF80
:1077C000ACE76FF00B01002001F014FA002488E709
:1077D0006FF00301044601F00DFA82E7DAF8800049
:1077E000FEF77CFA9AE7012328E700BF443002083D
:1077F000A52E5AE2556D0108057501082C000020E0
:1078000010B50446E8B10278F12A1AD14A1E372A87
:1078100017D84278042A1CD090F920204BB29A4203
:107820000DD080F8203080F8213001F0F5F92046A5
:10783000FFF78EFC0020FFF7D1FD002010BD0020D7
:1078400010BD20466FF0030101F0D4F96FF0030082
:1078500010BD6FF0020101F0CDF96FF0020010BD14
:1078600010B50446C8B10378F12B16D1437803F064
:107870000F03032B19D101F0DBF9E36833B1A268E0
:107880009A60A26802B1D3600023E3602046FFF74C
:10789000EFFAFFF7A3FD002010BD20466FF00301B3
:1078A00001F0A8F96FF0030010BD6FF0020101F0C4
:1078B000A1F96FF0020010BDF8B5244E75690746B6
:1078C0000C46284601F0C0F9631C6F7029D0F16A9C
:1078D000002935D0CA69944204D226E0DA69A2426E
:1078E00004D819460B69A41A002BF7D1EC61C5E93D
:1078F00004310D611BB1DA695D61141BDC61746ACE
:10790000A36873620BB1124ADA6000220223E260BC
:107910006370B461FFF73EFD204601F09BF9012042
:10792000F8BD2846FFF78CFAE9E70B46EC61002228
:107930006A61DA692961141BF5625D61DC61DEE769
:10794000EC61C5E90411F562D9E700BF2C00002005
:1079500048000020044B1A7A022A01D00020704708
:107960005B6A002BFAD0A7E72C00002038B504464C
:1079700000283ED00378F12B3BD1C378DB0740D5FC
:107980004378022B0DD0042B13D0214D2B7A022BE0
:1079900007D16B6A2BB14FF0FF312320FFF78CFF2B
:1079A000C0B920466FF0020101F024F96FF0020027
:1079B00038BDD0E902230AB1D360C368B3B1002156
:1079C0009A60E1602046FFF77FFA204601F03AF91D
:1079D000002038BDE3786A69A26123F001032046E4
:1079E000E37001F02DF96FF0020038BD084B5A63C7
:1079F000E8E720466FF0030101F0FCF86FF00300A8
:107A000038BD6FF00C0101F0F5F86FF0020038BDE1
:107A10002C0000202DE9F843DFF8AC80D8F81440A2
:107A2000002C49D0002805463CDB0F4691460A460B
:107A300001462046FFF7C8F9064608BBB9F1000F1A
:107A400027D04A463946284601F01EF998F80830F2
:107A50006562022B84F823700AD1D8F824303BB138
:107A600049463320FFF728FF10B16FF0010604E00C
:107A7000204601F00BF96FF001063046BDE8F883AF
:107A8000284623463946324601F002F93046BDE821
:107A9000F883284639466FF0020601F0FBF83046BD
:107AA000BDE8F88320466FF003016FF0030601F094
:107AB000DDF83046BDE8F88320466FF0070101F09D
:107AC000D5F84FF0FF36D8E72C00002070B5214CD8
:107AD000237A022B01D0002070BD656A002DFAD0F8
:107AE000606995F9201090F920308B42F3D1EB6852
:107AF00033B1AA689A60AA6802B1D3600023EB6030
:107B000001234370626A1AB392F920308B4205DA7E
:107B100017E093F92060B14215DC1A469368002BF8
:107B2000F7D10023C2608360906001F091F80223D6
:107B30006B70A561FFF72EFC284601F08BF8002042
:107B400070BD1346044AC0E902329060D860ECE789
:107B5000014AE6E72C0000204800002038B5044622
:107B600000285BD00378F12B58D1437803F00F0342
:107B7000022B44D0032B08D0012B35D06FF002012B
:107B800001F038F86FF0020038BDC36833B1826885
:107B90009A60826802B1D3600023E3602046FFF759
:107BA00067F9204601F040F86378022B09D00323DF
:107BB000002520466370C4E90255FFF741F92846C5
:107BC00038BD1A4B5D6AAA685A6212B103F11C01F2
:107BD000D16000210222E9606A709D61FFF7DAFB43
:107BE000284601F037F8E2E7C368002BD9D0826855
:107BF0009A60826802B1D3600023E360D1E70B4B47
:107C00001A7A022A02D15B6A002BCAD120466FF091
:107C1000020100F0EFFF6FF0020038BD20466FF068
:107C2000030100F0E7FF6FF0030038BD2C000020D7
:107C3000F8B51E4C237A022B00D0F8BD636A002BE6
:107C4000FBD06569E86AFEF775FCA86930B10022CF
:107C50001146FFF719FCA86900F0F4FFEFF3098360
:107C6000666AAB63B36863620BB1114ADA600223E0
:107C700000277370F760A661FFF78CFB304600F0B9
:107C8000E9FF6761EB78DB070CD504236B70636B4E
:107C9000C5E9023703B1DD6065632846BDE8F840F9
:107CA00000F0DEBF2846FFF70FF9F6E72C000020B2
:107CB00048000020F8B50446002879D00378F12B5D
:107CC00076D1437803F00F03022B62D0032B08D048
:107CD000012B53D06FF0020100F08CFF6FF0020017
:107CE000F8BDC36833B182689A60826802B1D3601C
:107CF0000023E3602046FFF7BBF8E06AFEF71AFCBA
:107D0000A06930B100221146FFF7BEFBA06900F068
:107D100099FF6378022B27D1EFF30983284DA363E2
:107D20006E6AB3686B6213B105F11C02DA6002235C
:107D300000277370F760AE61FFF72CFB304600F050
:107D400089FF6F61E378DB0714D504231C4D637052
:107D50006B6BA3600022E26003B1DC606C632046C1
:107D600000F07EFF0020F8BD0020FFF737FBE3782E
:107D7000DB07EAD42046FFF7A7F8F0E7C368002B3B
:107D8000BBD082689A60826802B1D3600023E3604E
:107D9000B3E70B4B1A7A022A02D15B6A002BACD1F3
:107DA00020466FF0020100F025FF6FF00200F8BDE1
:107DB00020466FF0030100F01DFF6FF00300F8BDD7
:107DC0002C00002038B50B4C0B48A26D0B4D002148
:107DD000FFF700FC636EA8620BB9012038BDE26DAD
:107DE00007480021FFF7F6FBA864003018BF012008
:107DF00038BD00BF443002083D9400082C0000202C
:107E0000ED69010870B506460D46144600F0F4FE13
:107E1000EFF3058363B9EFF310834BB9EFF31183ED
:107E200033B9304629462246DFF814C000DF70BD62
:107E30006FF00501002000F0DDFE002070BD00BFE6
:107E4000D575010808B50346EFF305824AB9EFF38B
:107E5000108232B9EFF311821AB9DFF814C000DFD3
:107E600008BD1846002100F0CBFE002008BD00BF71
:107E7000C16C010810B5EFF3058313B9EFF310835C
:107E800033B1084B5C69204600F0BCFE204610BDB3
:107E9000EFF31183002BF4D1DFF80CC000DF0446B0
:107EA000204610BD2C000020E56C010808B50346F3
:107EB000EFF305824AB9EFF3108232B9EFF3118282
:107EC0001AB9DFF818C000DF08BD18464FF0FF31BF
:107ED00000F09AFE4FF0FF3008BD00BFF96C0108BA
:107EE00008B50346EFF3058212B9EFF310822AB109
:107EF0001846002100F08AFE002008BDEFF3118231
:107F0000002AF5D1DFF804C000DF08BD8D6F01083D
:107F100008B50346EFF3058212B9EFF310822AB1D8
:107F20001846002100F074FE002008BDEFF3118216
:107F3000002AF5D1DFF804C000DF08BDB16F0108E9
:107F400038B504460D4600F065FEEFF305835BB9D6
:107F5000EFF3108343B9EFF311832BB92046294681
:107F6000DFF814C000DF38BD20466FF0050100F0D7
:107F700041FE6FF0050038BD0178010808B50346E1
:107F8000EFF305824AB9EFF3108232B9EFF31182B1
:107F90001AB9DFF818C000DF08BD18464FF0FF31EE
:107FA00000F03CFE4FF0FF3008BD00BF256D01081A
:107FB00008B500F035FEEFF305834BB9EFF31083FE
:107FC00033B9EFF311831BB9DFF814C000DF08BD2C
:107FD0006FF00501002000F00DFE6FF0050008BDF8
:107FE000CD7A010810B5044600F01CFEEFF30583BE
:107FF00053B9EFF310833BB9EFF3118323B9204654
:10800000DFF814C000DF10BD20466FF0050100F05E
:10801000F1FD6FF0050010BD5D7B010810B5044651
:1080200000F004FEEFF3058353B9EFF310833BB97F
:10803000EFF3118323B92046DFF814C000DF10BD31
:1080400020466FF0050100F0D5FD6FF0050010BD72
:108050006178010810B5044600F0ECFDEFF30583EC
:1080600053B9EFF310833BB9EFF3118323B92046E3
:10807000DFF814C000DF10BD20466FF0050100F0EE
:10808000B9FD6FF0050010BD216F010810B5044661
:1080900000F0D4FDEFF3058353B9EFF310833BB940
:1080A000EFF3118323B92046DFF814C000DF10BDC1
:1080B00020466FF0050100F09DFD6FF0050010BD3A
:1080C0006D79010810B5044600F0C8FDEFF3058393
:1080D00053B9EFF310833BB9EFF3118323B9204673
:1080E000DFF814C000DF10BD20466FF0050100F07E
:1080F00081FD6FF0050010BDB57C010808B5EFF3F8
:10810000058313B9EFF3108323B1002000F0AAFD1B
:10811000002008BDEFF31183002BF6D1DFF804C077
:1081200000DF08BD716D010810B503460A46EFF384
:10813000058414B9EFF3108434B1114618460022B7
:1081400000F092FD002010BDEFF31184002CF4D15B
:10815000DFF804C000DF10BD1D70010870B50446D3
:108160000E4600F085FDEFF3058313B9EFF310839E
:10817000DBB134B32378F12B23D1002E21DB6378DC
:10818000042B27D004F1280353E8002F42EA060508
:1081900043E8005101B1F7E7204600F0DDFE20463C
:1081A000294600F067FD284670BDEFF31183002BD0
:1081B000DFD120463146DFF82CC000DF05462846D7
:1081C00070BD20466FF0030100F050FD6FF0030515
:1081D000284670BD20466FF0020100F047FD6FF0A9
:1081E0000205F5E73D75010810B5044600F044FDB1
:1081F000EFF3058353B9EFF310833BB9EFF311832A
:1082000023B92046DFF814C000DF10BD6FF0050170
:10821000002000F02BFD6FF0050010BDA5700108D7
:1082200008B5EFF3058313B9EFF3108323B10020F2
:1082300000F026FD002008BDEFF31183002BF6D1DE
:10824000DFF804C000DF08BDA96D010870B506465F
:108250000D46144600F016FDEFF3058363B9EFF306
:1082600010834BB9EFF3118333B9304629462246C8
:10827000DFF814C000DF70BD6FF00501002000F0D2
:10828000F5FC6FF0050070BD157A010870B5554D0D
:10829000297A012900F08480002940F09B80524C0B
:1082A0009C2205F1080001F015F8E66AE368228ACD
:1082B000EB653046A368216BA5F854202B64FDF7CD
:1082C000ABFC08B1C5F88060D4E905613046FDF724
:1082D000A3FC002868D1D4E90761D5F880306B672A
:1082E0003046FDF799FC002866D0AE67D4E90961F5
:1082F0003046FDF791FC002868D0EE67666B3EB112
:10830000D6E9022331683046FDF774F9C5F8846078
:10831000A66B3EB1D6E9022331683046FDF76AF913
:10832000C5F88860E66B3EB1D6E902233168304675
:10833000FDF760F9C5F88C60266C3EB1D6E90223E2
:1083400031683046FDF756F9C5F89060666C3EB16D
:10835000D6E9022331683046FDF74CF9C5F8946040
:10836000A66C3EB1D6E9022331683046FDF742F9EA
:10837000C5F89860E66C3EB1D6E902233168304614
:10838000FDF738F9C5F89C60246D3CB1D4E90223AF
:1083900021682046FDF72EF9C5F8A04001232B7275
:1083A00000F000FC002070BD6E67D4E90761304624
:1083B000FDF732FC002898D1D4E90961D5F8803066
:1083C000AB673046FDF728FC002896D1D5F8803001
:1083D000EB6793E74FF0FF3000F0E0FB4FF0FF302A
:1083E00070BD00BF2C0000204430020838B50B4699
:1083F0001546044618B10B490B4AC0E900124BB1AF
:1084000045B10B2D2A46184628BF0B22074900F01C
:108410004BFE034620462A46194600F0C7FB0020C3
:1084200038BD00BF13543101D1B3FB02A44302088D
:1084300010B5034B1C7A204600F0BAFB204610BD55
:108440002C00002038B5284C237A012B44D1FFF7AB
:10845000B9FC002839D0254AFF2382F8223092F84F
:108460002230D26863F0FF03DB4325D1C2F302223E
:10847000531CFE2202FA03F31D4D1C4A1D49686875
:10848000DBB2D37700F008FBF8B900F05BFB2061AA
:1084900000F026FB1848FEF751FEFEF78FFF2B6811
:1084A000DB074CBF0223032383F3148802232372C8
:1084B00000F082FB002038BDB3FA83F3C2F302223E
:1084C000C3F120039342D4D8D2E74FF0FF3000F03D
:1084D00065FB4FF0FF3038BD6FF0060000F05EFB2B
:1084E0004FF0FF3038BD00BF2C00002000ED00E051
:1084F000443002087D8A01084800002010B5034C72
:10850000E06800F06FFBE06810BD00BF2C000020A9
:1085100010B5034B5C68204600F066FB204610BD9A
:108520004430020838B50A4BDC6800F01BFB0546F6
:1085300000F020FB18B100F015FB0134054600F0F7
:108540000BFB04FB0054204600F050FB204638BDD6
:108550002C00002010B500F0F9FA044600F048FBAA
:10856000204610BD08B50C4A137A022B0DD0032B00
:1085700004D1012000F024FB012008BD4FF0FF30A2
:1085800000F00CFB4FF0FF3008BD032300201372F6
:1085900000F016FB002008BD2C00002008B50C4A96
:1085A000137A022B0FD0032B06D102230120137262
:1085B00000F00AFB012008BD4FF0FF3000F0EEFA9A
:1085C0004FF0FF3008BD002000F0FEFA002008BD8B
:1085D0002C00002010B50E4A137A023B012B09D85B
:1085E000044670B1012805D10321117200F0F0FAA0
:1085F000204610BD4FF0FF3000F0D0FA4FF0FF30B2
:1086000010BD0223137200F0E3FA204610BD00BF34
:108610002C00002038B5164C237A022B06D06FF0C0
:108620000700002500F0BAFA284638BD00F06EFABF
:1086300001226272BFF34F8F0E4B5968C90003D5F8
:108640004FF00061A2725960E36A6BB1DD69636C3F
:108650001BB11B699D4228BF1D4604232846237277
:1086600000F0BAFA284638BD4FF0FF35EFE700BFFB
:108670002C00002000ED00E0F8B5224C237A042BFA
:108680002DD1E268E36A02440546E26063B1064622
:108690000127DA69B2422FD8DF61B61AFEF7C6FDAC
:1086A000E36A0BB1002EF4D1636C5BB1012618694B
:1086B000A8421ED81E61236D2D1A9847636C0BB11A
:1086C000002DF4D1022300202372FEF787FE002341
:1086D0006372BFF34F8FA27A2AB900F001FABDE8A6
:1086E000F84000F07DBA084AA3724FF080535360FF
:1086F000F3E7401B1861E5E7961BDE61636C002B16
:10870000D4D1DFE72C00002000ED00E0704700BF6F
:1087100008B5FFF7FBFF00F043FAEFF305834BB911
:10872000EFF3108333B9EFF311831BB9DFF814C0F3
:1087300000DF08BD6FF0050000F030FA6FF00500B3
:1087400008BD00BF8D82010870B504460D4616466F
:1087500000F02AFAEFF3058313B9EFF310832BB17E
:10876000324629462046BDE870403FE6EFF31183CC
:10877000002BF5D1EFF31483DB07F1D52046294612
:108780003246DFF808C000DF70BD00BFED8301088E
:1087900010B5EFF3058313B9EFF3108333B10A4B30
:1087A0001C7A204600F004FA204610BDEFF3118336
:1087B000002BF4D1EFF31483DB07F0D5DFF80CC006
:1087C00000DF0446204610BD2C0000203184010843
:1087D00008B500F0EFF9EFF305834BB9EFF3108321
:1087E00033B9EFF311831BB9DFF814C000DF08BD04
:1087F0006FF0050000F0D2F96FF0050008BD00BF72
:108800004584010808B500F0D9F9EFF305834BB9A9
:10881000EFF3108333B9EFF311831BB9DFF814C002
:1088200000DF08BD6FF0050000F0B8F96FF005003B
:1088300008BD00BF6585010808B500F0C3F9EFF376
:1088400005834BB9EFF3108333B9EFF311831BB9F1
:10885000DFF814C000DF08BD6FF0050000F09EF9DE
:108860006FF0050008BD00BF9D85010810B50446E6
:1088700000F0ACF9EFF3058353B9EFF310833BB984
:10888000EFF3118323B92046DFF814C000DF10BDD9
:108890006FF0050000F082F96FF0050010BD00BF19
:1088A000D585010808B500F095F9EFF3058313B9F4
:1088B000EFF310832BB16FF0050000F06FF900208B
:1088C00008BDEFF31183002BF5D1DFF808C000DFFE
:1088D00008BD00BF1586010810B5044600F07EF9FA
:1088E000EFF3058313B9EFF310832BB16FF005009D
:1088F000BDE8104000F052B9EFF31183002BF5D121
:108900002046DFF808C000DF10BD00BF79860108EF
:10891000EFF3058313B9EFF3108333B110B5074CB0
:10892000E06800F05FF9E06810BDEFF31183002B01
:10893000F4D1DFF80CC000DF704700BF2C0000202E
:10894000FD84010810B5EFF3058313B9EFF310832D
:1089500033B1084B5C68204600F046F9204610BD54
:10896000EFF31183002BF4D1DFF80CC000DF0446D5
:10897000204610BD4430020811850108EFF305833D
:1089800013B9EFF3108303B1CCE5EFF31183002BA0
:10899000FAD1DFF808C000DF704700BF2585010865
:1089A00010B5EFF3058313B9EFF3108333B100F083
:1089B000CDF8044600F01CF9204610BDEFF31183FA
:1089C000002BF4D1DFF808C000DF0446204610BDBC
:1089D000558501081EF0040F0CBFEFF30880EFF37C
:1089E0000980816911F8021C91BB01B590E80F1054
:1089F000E047BDE800508CE80300244B93E80600F4
:108A0000914208BF704741B91EF0100F10D12049A4
:108A1000086820F0010008600AE02CE9F00F1EF061
:108A2000100F08BF2CED108AC1F838C081F822E081
:108A30001A6092F82210906B61F0FF0E1EF0100F7A
:108A400008BFB0EC108AB0E8F00F80F309887047D7
:108A5000104A13689942FAD801B552F821C00FC8DC
:108A6000E047BDE80050CCF80000704701B500F0C9
:108A70001FFABDE80140EFF3098CBEE701B500F035
:108A8000D9F9BDE80140EFF3098CB6E740000020BA
:108A900034EF00E0A82F0208B8B10D4B1B68B3FB00
:108AA000F0F3013BB3F1807F0FD230B4094A0A4999
:108AB0000A4CFF2582F823500620002208604B60F4
:108AC00010468A60227030BC70474FF0FF3070470C
:108AD0000400002000ED00E010E000E0708A0020BB
:108AE000074B1A782AB1074A00204FF080611870AE
:108AF0005160054A136843F001031360704700BFDB
:108B0000708A002000ED00E010E000E0074A08490C
:108B1000136823F0010313604B685B0105D5054B17
:108B20004FF00070012248601A70704710E000E0BA
:108B300000ED00E0708A0020014B1B68704700BF09
:108B400010E000E04FF0FF30704700BF014B1868A5
:108B5000704700BF04000020014B58680130704787
:108B600010E000E0024B58689B68C01A704700BFD5
:108B700010E000E0024B1868C0F30040704700BFEF
:108B800010E000E0704700BF704700BF704700BFB3
:108B9000704700BF704700BF704700BF704700BFFD
:108BA000704700BF704700BF704700BF704700BFED
:108BB000704700BF704700BF704700BF704700BFDD
:108BC000704700BF704700BF704700BF704700BFCD
:108BD000704700BF704700BF704700BF704700BFBD
:108BE000704700BF704700BF704700BF704700BFAD
:108BF000704700BF704700BF704700BF704700BF9D
:108C0000704700BF704700BF704700BF704700BF8C
:108C1000704700BF704700BF704700BF704700BF7C
:108C2000704700BF704700BF704700BF704700BF6C
:108C3000704700BF704700BF704700BF704700BF5C
:108C4000704700BF704700BF704700BF704700BF4C
:108C5000704700BF704700BF704700BF704700BF3C
:108C6000704700BF704700BF704700BF704700BF2C
:108C7000704700BF704700BF704700BF704700BF1C
:108C8000704700BF704700BF704700BF704700BF0C
:108C9000704700BF704700BF704700BF704700BFFC
:108CA000704700BF704700BF704700BF704700BFEC
:108CB000704700BF704700BF704700BF704700BFDC
:108CC000704700BF704700BF704700BF704700BFCC
:108CD000704700BF704700BF704700BF704700BFBC
:108CE000704700BF704700BF704700BF704700BFAC
:108CF000704700BF704700BF704700BF704700BF9C
:108D0000704700BF704700BF704700BF704700BF8B
:108D1000704700BF704700BF704700BF704700BF7B
:108D2000704700BF704700BF704700BF704700BF6B
:108D3000704700BF704700BF704700BF704700BF5B
:108D4000704700BF704700BF704700BF704700BF4B
:108D5000704700BF704700BF704700BF704700BF3B
:108D6000704700BF704700BF704700BF704700BF2B
:108D7000704700BF704700BF704700BF704700BF1B
:108D8000704700BF704700BF704700BF704700BF0B
:108D9000704700BF704700BF704700BF704700BFFB
:108DA000704700BF704700BF704700BF704700BFEB
:108DB000704700BF704700BF704700BF704700BFDB
:108DC000704700BF704700BF704700BF704700BFCB
:108DD000704700BF704700BF704700BF704700BFBB
:108DE000704700BF704700BF704700BF704700BFAB
:108DF000704700BF704700BF704700BF704700BF9B
:108E0000704700BF704700BF704700BF704700BF8A
:108E1000704700BF704700BF704700BF704700BF7A
:108E2000704700BF704700BF704700BF704700BF6A
:108E3000704700BF38B51D4CFFF77EFEE368226D1A
:108E40000133E36002B19047FEF7F0F90020FEF72E
:108E5000C5FA236C2BB1A16BA269914202D0C4E97F
:108E60000E2338BDE36BDBB9237A022BF9D1656A97
:108E7000002DF6D091F9203095F920209A42F0D1BA
:108E80002846FEF79DF9A06BFEF7A4F9A06BFFF74B
:108E9000DFFE2846FEF792FA236CC4E90E5338BD74
:108EA000013BE363002BDFD038BD00BF2C00002066
:108EB00070B5284E06F1560406F15A05B6F854204E
:108EC000D4E85F3F13B9BFF32F8F04E0591EC4E805
:108ED000501F00B1F4E79BB2002B36D0D5E85F3FBE
:108EE000591C8A4200D80021C5E8501F00B1F5E79F
:108EF0009BB2F26D52F8230038B30378F13B082B94
:108F0000DCD801A252F823F0458F0108BD8E01087C
:108F10003F8F0108BD8E0108BD8E0108398F010801
:108F2000338F0108BD8E01082D8F0108336F9847DC
:108F3000C4E7F36E9847C1E7B36E9847BEE7736E18
:108F40009847BBE7336E9847B8E70020BDE870400C
:108F5000FEF744BA2C0000201A4A70B4B2F854301C
:108F600002F15605D5E85F4FA34202D8BFF32F8F19
:108F700004E0611CC5E8561F06B1F3E7A4B2A342A2
:108F80001BD902F15805D5E85F4F611C8B4200D810
:108F90000021C5E8561F06B1F5E7A3B2D16D41F82F
:108FA0002300537A1BB10123937270BC7047064BA8
:108FB0004FF080525A6070BC7047014670BC02206E
:108FC000F0F73EBA2C00002000ED00E00A2200215C
:108FD00000F02ABE0A23002200F002BE08B50021DC
:108FE000044604F0F3F8044B1868C36B03B19847C8
:108FF000204609F0E5FE00BFB444020870B50D4EEE
:109000000D4D761BB61006D0002455F8043B0134F4
:109010009847A642F9D1094E094D761B09F0D2FEB8
:10902000B61006D0002455F8043B01349847A642F8
:10903000F9D170BD800A0020800A0020880A002033
:10904000800A0020032A70B515D940EA010C1CF0F3
:10905000030F04460B4621D1194620460E680568C9
:10906000B54204F1040403F1040317D1043A032ABE
:1090700020461946F0D8541EA2B100F1FF3C013938
:1090800001E0C3180CD01CF801EF11F8012F964530
:10909000A4EB0C03F5D0AEEB020070BD541EECE760
:1090A000184670BD104670BD844641EA000313F0B7
:1090B00003036DD1403A41D351F8043B40F8043BDF
:1090C00051F8043B40F8043B51F8043B40F8043BA2
:1090D00051F8043B40F8043B51F8043B40F8043B92
:1090E00051F8043B40F8043B51F8043B40F8043B82
:1090F00051F8043B40F8043B51F8043B40F8043B72
:1091000051F8043B40F8043B51F8043B40F8043B61
:1091100051F8043B40F8043B51F8043B40F8043B51
:1091200051F8043B40F8043B51F8043B40F8043B41
:1091300051F8043B40F8043B403ABDD2303211D3E1
:1091400051F8043B40F8043B51F8043B40F8043B21
:1091500051F8043B40F8043B51F8043B40F8043B11
:10916000103AEDD20C3205D351F8043B40F8043BE1
:10917000043AF9D2043208D0D2071CBF11F8013BDF
:1091800000F8013B01D30B8803806046704700BFA5
:10919000082A13D38B078DD010F003038AD0C3F1B4
:1091A0000403D21ADB071CBF11F8013B00F8013B96
:1091B00080D331F8023B20F8023B7BE7043AD9D355
:1091C000013A11F8013B00F8013BF9D20B7803702A
:1091D0004B7843708B7883706046704788420DD916
:1091E0008B1883420AD900EB020CBAB1624613F81D
:1091F00001CD02F801CD9942F9D170470F2A0ED85E
:10920000034602F1FF3C4AB10CF1010C013B8C44D6
:1092100011F8012B03F8012F6145F9D1704740EA9D
:1092200001039B0750D1A2F1100370B501F1200C8E
:1092300023F00F0501F1100E00F11004AC441B09DE
:109240005EF8105C44F8105C5EF80C5C44F80C5C52
:109250005EF8085C44F8085C5EF8045C44F8045C62
:109260000EF1100EE64504F11004E9D1013312F0BD
:109270000C0F01EB031102F00F0400EB031327D0D6
:10928000043C24F003064FEA940C1E441C1F8E4637
:109290005EF8045B44F8045FB442F9D10CF10104B8
:1092A00002F0030203EB840301EB840102F1FF3CB3
:1092B0004AB10CF1010C013B8C4411F8012B03F86D
:1092C000012F6145F9D170BD02F1FF3C03469BE7D8
:1092D0002246EBE7830730B548D0541E002A3FD022
:1092E000CAB2034601E0013C3AD303F8012B9D07C3
:1092F000F9D1032C2DD9CDB245EA05250F2C45EA2D
:10930000054536D9A4F1100222F00F0C03F1200E0E
:10931000E6444FEA121C03F1100242E9045542E907
:10932000025510327245F8D10CF1010214F00C0F05
:1093300003EB021204F00F0C13D0ACF1040323F082
:1093400003030433134442F8045B9342FBD10CF053
:1093500003042CB1CAB21C4403F8012B9C42FBD17C
:1093600030BD64461346002CF4D1F9E70346144699
:10937000BFE71A46A446E0E70EB400B582B003ABDF
:10938000816853F8042B019302F00EF902B05DF8E6
:1093900004EB03B0704700BF0FB400B5074983B0BA
:1093A00004AB086853F8042B8168019302F0FCF8C1
:1093B00003B05DF804EB04B0704700BFD00000209C
:1093C00070B5054688B008460C4600F099FA224E62
:1093D000AA6B059001214318CDE9066104A802217A
:1093E00004940393AC680190029122B3636E13F06E
:1093F000010FB4F90C309AB201D1980525D591042A
:1094000006D4626E43F4005322F40052A3816266D4
:10941000284601AA214605F023FA636E002814BFEE
:109420004FF0FF350A25DA0702D4A3899B0506D53C
:10943000284608B070BD284604F080FFD6E7A06D2E
:1094400005F0E6FB284608B070BDA06D05F0D8FB1E
:10945000B4F90C309AB2D2E7D8310208024B014677
:109460001868FFF7ADBF00BFD0000020024B1B689B
:109470000022C3E92A027047D00000200B4A0C49A1
:1094800010B414680B4AD4E92A0300FB02F201FB72
:109490000322A0FB0101431C42EB0100C4E92A3076
:1094A00020F000405DF8044B704700BFD000002062
:1094B0002D7F954C2DF451580CB410B59CB01EABBB
:1094C0006FF00044CDE906140291084953F8042BCB
:1094D000059102A90193049400F0BEFB029B0022B7
:1094E0001A701CB0BDE8104002B070470802FFFFC0
:1094F0000EB410B59DB06FF000411FABCDE9060171
:109500000491094953F8042B0290084C0868019310
:1095100002A9059400F0A0FB029B00221A701DB066
:10952000BDE8104003B07047D00000200802FFFFE4
:1095300011F0FF01034644D0820732D110B5046810
:1095400041EA012E4EEA0E4E8EEA0402A2F10133E8
:1095500023EA0203A4F1013222EA0402134313F0C6
:10956000803F0FD150F8044F84EA0E0CA4F1013370
:10957000ACF1013223EA040322EA0C02134313F094
:10958000803FEFD0037823B936E010F8013F002B7D
:1095900032D09942F9D110BD8A4211D09A071846AB
:1095A000CCD0184613F8012B002AF5D1104670478D
:1095B0009907184607D0184601330278002AF7D1D8
:1095C00070478207F7D10268A2F1013323EA020350
:1095D00013F0803F08D150F8042FA2F1013323EAA1
:1095E000020313F0803FF6D00378002BE8D010F888
:1095F000013F002BFBD17047184610BD0000000052
:10960000A2EB0300704700BF02780B78012A28BF45
:109610009A42F5D16DE9044540EA0104CDE90267BB
:109620006FF0000C4FEA447212B380EA010414F0A8
:10963000070F6AD100F0070420F0070004F00305CB
:1096400021F007014FEAC505F0E8042314F0040FE8
:10965000F1E804670CFA05F462EA040266EA04061B
:109660000AD063EA0403624667EA0407664603E039
:10967000F0E80423F1E8046782FA4CF582EA060474
:10968000A4FA8CF46CBB83FA4CF583EA0705A5FABF
:109690008CF595B950E9022351E9026782FA4CF53D
:1096A00082EA0604A4FA8CF483FA4CF583EA0705EF
:1096B000A5FA8CF52543DBD09CB92DBAB5FA85F413
:1096C00024F0070427FA04F1DDE9026723FA04F322
:1096D00003F0FF0001F0FF01FDE80445A0EB0100ED
:1096E000704724BAB4FA84F424F0070426FA04F18B
:1096F000DDE9026722FA04F202F0FF0001F0FF0147
:10970000FDE80445A0EB0100704714F0030F3CD1C5
:1097100010F0030428D150F8082B51F8083B82FAC6
:109720004CF582EA0305A5FA8CF55DB950F8042CD6
:1097300051F8043C82FA4CF582EA0305A5FA8CF54F
:10974000002DE8D02DBAB5FA85F424F0070423FAE9
:1097500004F122FA04F202F0FF0001F0FF01FDE83B
:109760000445A0EB010070474FEAC40420F0030059
:1097700050F8082B21F0030151F8083B0CFA04F4CF
:1097800062EA040263EA0403C9E710F003041AD092
:10979000A1EB040120F00300E40750F8042B06D0ED
:1097A0000FD28B785FFAA2F4E41A06D12BB1CB78F2
:1097B0005FFAB2F4E41A00D11BB920465DF8104BF1
:1097C000704701F1040150F8042BCC0721F003018C
:1097D00051F8043B48D824D222F07F4482FA4CF559
:1097E00094EA1325A5FA8CF50AD165B951F8043B22
:1097F00084EA0204B4EB036F0ED150F8042BEBE7BC
:109800004FEA132355E035F07F454DD10878FDE848
:109810000445C0F1000070474FEA126203F0FF03F5
:1098200047E002EA1C4482FA4CF594EA1345A5FA93
:109830008CF50AD165B951F8043B84EA0204B4EB13
:10984000034F0CD150F8042BEBE74FEA134330E001
:1098500015EA1C4528D10B884FEA124229E04FEA4D
:10986000124203EA1C4324E002F0FF0482FA4CF5A2
:1098700094EA1365A5FA8CF50AD165B951F8043B51
:1098800084EA0204B4EB032F09D150F8042BEBE770
:109890004FEA13630DE015F0FF0F05D10B684FEA97
:1098A000122223F07F4304E04FF00000FDE804455E
:1098B000704712BA1BBA82FA4CF482EA0304A4FA83
:1098C0008CF5B5FA85F402FA04F203FA04F34FEAD0
:1098D0001260FDE80445A0EB136070470000000033
:1098E0000000000000000000000000000000000078
:1098F0000000000000000000000000000000000068
:1099000090F800F06DE9024520F007016FF0000CBF
:1099100010F0070491F820F040F049804FF0000467
:109920006FF00700D1E9002391F840F000F1080042
:1099300082FA4CF2A4FA8CF283FA4CF3A2FA8CF37A
:109940004BBBD1E9022382FA4CF200F10800A4FAE1
:109950008CF283FA4CF3A2FA8CF3E3B9D1E9042335
:1099600082FA4CF200F10800A4FA8CF283FA4CF36C
:10997000A2FA8CF37BB9D1E9062301F1200182FA26
:109980004CF200F10800A4FA8CF283FA4CF3A2FA2C
:109990008CF3002BC6D0002A04BF04301A4612BA3A
:1099A000B2FA82F2FDE8024500EBD2007047D1E93D
:1099B000002304F00305C4F100004FEAC50514F0CC
:1099C000040F91F840F00CFA05F562EA05021CBF9D
:1099D00063EA050362464FF00004A9E7A2B330B57D
:1099E00040EA0104A40784460B462AD09CF80000F4
:1099F0000C7884422FD1012A0DD0E64660B11EF8C2
:109A0000010F11F8014F6FEA0E03A042134422D157
:109A10001CEB0303F2D1002030BD0468194653F853
:109A2000045BA4F1013EAC4284462EEA040E00F130
:109A300004000BD1043A84461946ECD01EF0803F56
:109A4000E9D1032AE9D8D1E7104670479CF8000015
:109A50000C78A042D1D0001B30BD00BF30B540EA29
:109A60000104A30701D1032A0FD8844601F1FF3E68
:109A700007E01EF8011F03F8011B541EC1B19C46EC
:109A800022466346002AF4D130BD0B46844619466F
:109A900053F8045BA5F1013424EA050414F0803F77
:109AA000E4D1043A032A4CF8045B1946EFD8DDE709
:109AB0006244002CE8D003F8011B9342FBD130BD77
:109AC0002DE9F04F814645488E4675461EF801CB7C
:109AD00010F80C4014F00804F7D1BCF12D0FE34648
:109AE00054D0BCF12B0F08BF9EF800B06FF00048B7
:109AF00008BF05F1020E1BB1102B4FD01F4604E02A
:109B0000BBF1300F55D00A231F460025B8FBF7F6EE
:109B1000284607FB168A07E0864215D329D007FBA3
:109B200000C001251EF801BBABF1300CBCF1090FE0
:109B300006D9ABF1410CBCF1190F08D8ABF1370CC9
:109B400063450DDD002DE7DA4FF0FF35EAE7ABF1B5
:109B5000610CBCF1190F03D8ABF1570C6345F1DC74
:109B6000002D0BDB04B140420AB195BB1160BDE88A
:109B7000F08FE245D3DA4FF0FF35D3E72223C9F85F
:109B800000301AB30EF1FF314046EFE79EF800B007
:109B90004FF0004805F1020E0124ACE7BBF1300F95
:109BA000ACD19EF8000000F0DF00582807D01F4617
:109BB000ABE79EF8003003F0DF03582B0BD11027E2
:109BC0009EF801B03B460EF1020E9EE74046BDE80E
:109BD000F08F8046D6E708231F4696E7B143020878
:109BE000012B03D0242B01D8FFF76ABF10B504F076
:109BF0005BFA16230360002010BD00BF012A09D0C4
:109C0000242A07D884460748134600680A46614656
:109C1000FFF756BF10B504F047FA16230360002083
:109C200010BD00BFD0000020012A09D0242A07D887
:109C300084460748134600680A466146FFF740BF5E
:109C400010B504F031FA16230360002010BD00BFE8
:109C5000D0000020000000002DE9F04F2DED088B12
:109C6000CDB00C460BEE101A924609930BEE900AFB
:109C700004F0B4FF036811931846FFF741FEA3896F
:109C800010901D0603D52369002B00F04F87554621
:109C90000023CDE92133CDE91333CDE915330E93FC
:109CA000129306932B7823AA9FEDA18B9FEDA29B85
:109CB0001BEE90BA20921746002B00F0E981AA46CD
:109CC00004E01AF8013F002B00F01E81252BF8D18B
:109CD000BAEB050640F01C819AF80030002B00F02A
:109CE000D78100234FF0FF329AF801808DF863305E
:109CF00007930AF1010A059203932B2420260AF107
:109D0000010AA8F120035A2B00F24381DFE813F087
:109D1000BD0241014101B6024101410141016A0018
:109D2000410141014B02E90241015602CE024101CB
:109D3000C7025B005B005B005B005B005B005B00DD
:109D40005B005B00410141014101410141014101D1
:109D50004101CF0141011C028700CF01CF01CF019A
:109D60004101410141014101AF0241014101C800EE
:109D7000410141014101260241015D0241014101D0
:109D8000ED06410141014101410141014101410112
:109D90004101CF0141011C028B00CF01CF01CF0156
:109DA000A4028B0080004101990241018102CC0094
:109DB0006E028000410126027D00C606410141017C
:109DC000CA0641017D00A8F1300300221AF8018B78
:109DD00002EB820203EB4202A8F13003092BF5D912
:109DE00007928EE7584604F0F9FE4368159318462B
:109DF000FFF786FD80461690584604F0EFFE836814
:109E000013934346002B40F027869AF8008076E7AC
:109E1000039B9AF8008043F0200303936FE7039BB2
:109E200043F010030393039B9C0640F17C81099B44
:109E3000073323F007031A465B6852F8084B099270
:109E40001E46002BC0F20E85059B013300F0E7870C
:109E5000039B23F0800954EA060300F098840A2C3F
:109E600076F1000380F0428730348DF82F41CDF831
:109E70000C9001260DF22F15059A9DF86310B24241
:109E80004FF00003B8BF3246089304920C930F932F
:109E90000D93002900F08E80049B0133049389E028
:109EA000039B43F010030393039B13F0200600F081
:109EB0002981099B073323F007035E6853F8084B99
:109EC0000993039B23F48069002300228DF863200B
:109ED000059A1146013100F00B8229F080010391AF
:109EE00054EA060140F00282002A40F0D087002B9D
:109EF00040F0538419F0010600F0E38430238DF81C
:109F00002F310DF22F15B7E7BAEB050600F0C08030
:109F1000229B33442293219B0133072BC7E9005630
:109F200021930DDC0837069B33440693D4E600BF2B
:109F30000000000000000000FFFFFFFFFFFFEF7FB9
:109F40001BEE101A20AA584606F0E0F988B923AF94
:109F5000E9E71BEE101A20AA584606F0D7F90028A8
:109F600000F08880089B23B108991BEE900A04F04A
:109F700071FB1BEE103A9B8913F0400F069B18BF34
:109F80004FF0FF33069306984DB0BDEC088BBDE84B
:109F9000F08FB8F1000F7BD000218DF8CC808DF8C8
:109FA00063100123049308911E4605910C910F91B3
:109FB0000D9133AD039B13F002030A9302D0049B6F
:109FC00002330493039B13F084030B9305D1079B87
:109FD000049A9C1A002C00F3CA82229A71B121992A
:109FE0000DF1630001310132386007294FF00100A3
:109FF00022922191786000F3F98208370A9B6BB1B5
:10A00000219B19A9013302323960072B4FF002015D
:10A0100022922193796000F3F58208370B9B802B05
:10A0200000F0F081059B9C1B002C00F32882039B11
:10A03000D80500F19781219B3D6001333244072B05
:10A040007E602292219300F386820837039B590792
:10A0500005D5079B04995C1A002C00F3DF82DDE92B
:10A06000063104988142ACBF5B181B180693002A86
:10A070007FF46FAF00232193089B1BB108995846CA
:10A0800004F0E8FA23AF55462B78002B7FF417AE87
:10A09000229B002B3FF46DAF1BEE104A1BEE101AF3
:10A0A0001BEE900A20AA06F031F9A38964E7099B08
:10A0B000073323F00703B3EC028BB0EEC87BB4EE9A
:10A0C000497BF1EE10FA099340F30584B5EEC08B9D
:10A0D000F1EE10FA00F17F879DF86310039B9E4D0F
:10A0E00023F0800303939D4B0322B8F1470FC8BFB1
:10A0F0001D46002308930492164605930C930F9374
:10A100000D93C6E6039B13F0100340F0C184039A3D
:10A1100012F0400200F02687099A52F8044B099287
:10A120001E46A4B2CDE6039BD80600F18984039BAA
:10A13000590640F13587099B53F8044B099344F3C2
:10A14000C036334624B27CE6099B002153F8042B29
:10A150008DF863108DF8CC20099322E7099C54F800
:10A16000045B00268DF86360002D00F0A086059A40
:10A170001346013300F00A853146284605F0A0F861
:10A180000890002801F01680089A05963346561B61
:10A1900026EAE6729DF863100994049208930C93E2
:10A1A0000F930D9375E6099B53F8042B0792002A31
:10A1B00080F28283079A099352420792039B9AF88E
:10A1C000008043F00403039399E5039B43F01009D7
:10A1D00019F0200600F03683099B073323F00703AC
:10A1E0005E6853F8084B099301236EE6099B039AB6
:10A1F00053F8044B099330234FF078088DF86430FE
:10A20000574B129342F002098DF865800026022315
:10A210005BE6039B990600F13084039BDA0600F1AC
:10A220003D86039B5B0600F10787039B9E0540F17B
:10A230003586099B069953F8042B099311705546EE
:10A2400022E79AF80080039BB8F16C0F00F050846D
:10A2500043F01003039352E59AF80080039BB8F192
:10A26000680F00F04E8443F04003039347E5039BDF
:10A270009AF8008043F00803039340E5039B9AF8A3
:10A28000008043F00103039339E59DF86330002B10
:10A290007FF4BBAD9AF800808DF863602FE5039BD7
:10A2A0009AF8008043F08003039328E5524612F8A1
:10A2B000018BB8F12A0F01F04F81A8F13003092B6F
:10A2C000924698BF002200F296871AF8018B02EBA3
:10A2D000820203EB4202A8F13003092BF5D9059263
:10A2E0000FE59AF800808DF8634008E5DDF80C90E2
:10A2F000012B3FF4B4AD022B4CAD11D1129A04F0F6
:10A300000F032409D35C05F8013D44EA06743609BD
:10A3100054EA0603F3D14CABCDF80C905E1BABE5D1
:10A3200004F00703E40844EA4674F608303354EABC
:10A3300006012A4605F8013DF2D119F0010FEAD0D5
:10A34000302BE8D03023023A05F8013C4CABCDF875
:10A350000C909E1A15468FE5B8440208BC440208CA
:10A36000C8440208B8F1650F40F3BB80B5EE408BDE
:10A37000F1EE10FA40F09281219BAD493960013332
:10A3800001320121072B22922193796000F34B8542
:10A3900008371A9B0E998B4280F28982109B119983
:10A3A0001A44C7E90013219B22920133072B219302
:10A3B00000F3B08308370E9B5C1E002C7FF746AE7F
:10A3C000102C219B40F33C851BEE106A102504E005
:10A3D0000837103C102C40F3338501339549103277
:10A3E000072BC7E90015CDE92132F1DD20AA31465E
:10A3F000584605F08BFF00287FF4B4ADDDE921322B
:10A4000023AFE6E7079B04995C1A002C7FF70AAE9E
:10A41000102C219B22DD0A954FF010091BEE105ADB
:10A4200004E0103C102C07F1080716DD01338149C8
:10A430001032072BC7E90019CDE92132F1DD20AA3E
:10A440002946584623AF05F061FF00287FF48AAD06
:10A45000103C102CDDE92132E8DC0A9D75497C6056
:10A4600001332244072BCDE92132396000F3028504
:10A47000059B9C1B002C07F108077FF7D8AD102C1B
:10A48000219B22DD39464FF010091BEE107A04E0C3
:10A49000103C102C01F1080116DD01336548103223
:10A4A000072BC1E90009CDE92132F1DD20AA3946A7
:10A4B000584605F02BFF00287FF454AD103C102CBB
:10A4C000DDE9213223A9E8DC0F46013359497C60DC
:10A4D0002244072BCDE92132396000F3A6810837E9
:10A4E000A5E50E9B012B40F35E81219B3D6001336E
:10A4F00001320121072B22922193796000F3BD8163
:10A5000008371099119801330A44072BC7E9000155
:10A51000CDE9213200F3BE810837B5EE408BF1EE74
:10A5200010FA00F05C810E990133013901350A44BB
:10A53000072B3D6021937960229200F34381083715
:10A540001499796001330A44072B1CA9CDE9213203
:10A5500039607FF77AAD1BEE101A20AA584605F035
:10A56000D5FE00287FF4FEAC229A23AF6EE5102CB6
:10A57000DDE92112DFF8C0902ADD0846494617962A
:10A58000A9461BEE106A10230D4604E0103C102C67
:10A5900007F1080717DD013010320728C7E900531B
:10A5A000CDE92102F2DD20AA3146584623AF05F05D
:10A5B000ADFE00287FF4D6AC103C102CDDE9210262
:10A5C0004FF01003E7DC2B46179E4D460146994697
:10A5D000013122440729CDE92112C7F800907C609F
:10A5E00000F302849DF863100837F7E41BEE101A9D
:10A5F00020AA584605F08AFE00287FF4B3AC229AC0
:10A6000023AFFBE41BEE101A20AA584605F07EFE8D
:10A6100000287FF4A7AC229A23AFFFE4102C219BE3
:10A62000DFF8149026DD1BEE108A10254E460AE056
:10A63000F84402080C450208FC440208103C102CA7
:10A6400007F1080715DD01331032072BC7E9006554
:10A65000CDE92132F2DD20AA4146584623AF05F06C
:10A6600055FE00287FF47EAC103C102CDDE9213231
:10A67000E9DCB14601332244072BC7E90094CDE958
:10A6800021327FF7ECAC1BEE101A20AA584605F0D9
:10A690003DFE00287FF466AC229AE0E41A99002976
:10A6A00040F37283DDE90D318B42A8BF0B46002BCE
:10A6B0001E460ADD1A44C7E90053219B229201334A
:10A6C000072B219300F32E8508370D9B002EA8BF82
:10A6D0009B1B002B1C4600F337820D9B2B44984696
:10A6E000039B5B0500F168821A9C0E9B9C4203DB76
:10A6F000039BDE0740F19684109B11991A44C7E929
:10A700000013219B22920133072B219300F317851D
:10A7100008370E9B1D44A5EB08051C1BA542A8BFCE
:10A720002546002D0BDD219BC7F8008001332A440C
:10A73000072B7D602292219300F3E8850837002DD6
:10A74000A8BF641B002C7FF781AC102C219B40F329
:10A7500077831BEE106A102504E00837103C102C9C
:10A7600040F36E830133BA491032072BC7E9001555
:10A77000CDE92132F1DD20AA3146584605F0C6FD6B
:10A7800000287FF4EFABDDE9213223AFE6E7059B3C
:10A79000002B7FF469ABCDF80C90002305931E4687
:10A7A0004CADFFF769BB039BD8073FF59EAE219BDD
:10A7B0003D60013301320121072B22922193796000
:10A7C0007FF7BDAE1BEE101A20AA584605F09EFD7D
:10A7D00000287FF4C7ABDDE9213223AFB0E60E9944
:10A7E0004C1E002C7FF7ACAE102C40F3A2831BEE66
:10A7F000106A102504E00837103C102C40F39983B0
:10A80000013393491032072BC7E90015CDE92132F6
:10A81000F1DD20AA3146584605F078FD00287FF486
:10A82000A1ABDDE9213223AFE6E71BEE101A20AA27
:10A83000584605F06BFD00287FF494AB229A23AFB5
:10A84000FFF7F5BB19F010033ED119F0400200F0FC
:10A850009883099A52F8044B09921E46A4B2012328
:10A86000FFF733BB2D2364428DF86330DDF80C9085
:10A8700066EB46060123FFF72BBB1BEE101A20AA3E
:10A88000584605F043FD00287FF46CABDDE921322A
:10A8900023AF36E61BEE101A20AA584605F036FD07
:10A8A00000287FF45FABDDE9213223AF35E6039B5F
:10A8B000D9077FF5CBAB71E59AF800800993FFF7D4
:10A8C0001EBA4CADFFF7D8BA099B53F8044B099355
:10A8D0000123FFF7FABAB4EE488BF1EE10FA80F1DB
:10A8E000ED85B8F1610F00F02785B8F1410F00F058
:10A8F0008684059B5A1C28F0200400F0C883472C4E
:10A9000000F07485039B43F4807618EE903A002B98
:10A91000C0F22C85B0EE48AB4FF00009CDF8209086
:10A92000462C00F01A84452C00F00B85B0EE4A0B43
:10A930001EAB01931BAB0093059A1AAB022158463C
:10A9400002F046FD472C054640F023860398034657
:10A95000DB0700F1EB841E9B03965B1B0E93472CD9
:10A9600000F0A583462C00F031841A9B0D930D9BBB
:10A97000412C03F1FF331A9300F05C855FFA88F2F3
:10A980000021002BB8BF0D9B8DF87020BABFC3F11A
:10A9900001032D222B22092B8DF8712040F33A85DB
:10A9A0000DF17F0C2B4E6246144686FB0321DA170D
:10A9B000C2EBA10202EB8201A3EB4101303104F8AA
:10A9C000011C19466329134604F1FF32ECDC3033D5
:10A9D000A11EDBB28C4502F8013C40F2CD850DF1A1
:10A9E000720101E012F8013B01F8013B9445F9D1F5
:10A9F0000DF181030DF172021B1B13441CAA9B1A5B
:10AA000014930E9B149A012B02EB030640F37D85F1
:10AA1000109B1E4420F4806040F48073039326EA68
:10AA2000E67200230C9304920F930D93B9F1000F7B
:10AA300040F062839DF86310CDF81490FFF729BAB7
:10AA4000099B53F8044B0993E6173346FFF7F9B90E
:10AA50000C45020867666666139B002B3FF4D5A978
:10AA6000139B1B78002B3FF4D0A9039B9AF800801E
:10AA700043F480630393FFF742B9099B069853F8A8
:10AA8000041B0993C217C1E900025546FFF7FCBA3F
:10AA9000099B53F8044B0993FFF713BADDF80C90A8
:10AAA000FFF796BBB54B1293039B13F0200600F003
:10AAB0000781099B073323F007035E6853F8084BAF
:10AAC0000993039BDD070AD554EA060207D043F039
:10AAD0000203039330238DF865808DF86430039B67
:10AAE00023F480690223FFF7F0B9A54B1293DBE74B
:10AAF00043F020039AF8018003930AF1010AFFF75B
:10AB0000FEB843F400739AF8018003930AF1010A36
:10AB1000FFF7F5B81BEE101A20AA584605F0F6FB11
:10AB200000287FF41FAA229A23AF44E41BEE900A68
:10AB3000402104F00FF920602061002800F02B85EF
:10AB400040236361FFF7A3B8102C219B40F33782A9
:10AB50001BEE108A102604E00837103C102C40F33E
:10AB60002E82013387491032072BC7E90016CDE941
:10AB70002132F1DD20AA4146584605F0C7FB0028E6
:10AB80007FF4F0A9DDE9213223AFE6E728460596F8
:10AB90000994FEF7B5FEB14620EAE0729DF8631015
:10ABA00004920646CDF82090CDF83090CDF83C9038
:10ABB000CDF83490FFF76DB90E9BCDF828A0DDF8E5
:10ABC0003CA00B9505EB0309139E0C9B45461BEE21
:10ABD000101ADDF858803846BAF1000F31D09BBB0F
:10ABE000013E0AF1FF3A159BC0E90038219B013371
:10ABF0004244072B229221936CDC083096F800C067
:10AC0000A9EB05036345A8BF6346002B1F460CDD77
:10AC1000219C01341A44072CC0E90053229221944C
:10AC200000F31A8196F800C00830002FACBFACEBDF
:10AC300007046446002C0BDC65440C9BBAF1000F42
:10AC4000CDD1002B00F026820C9B013B0C93CAE770
:10AC5000102CDDF884C023DD0595102763460D46D2
:10AC600004E0103C102C00F1080016DD01334549CA
:10AC70001032072BC0E90017CDE92132F1DD20AAFF
:10AC80002946584605F042FB00287FF46BA9103C8A
:10AC9000102CDDE9213223A8E8DC2946059D9C46DD
:10ACA0000CF1010322444460072B364C0460CDE9CB
:10ACB000213200F3288296F800C008306544BCE7D2
:10ACC000039B13F0100300F09E80099B53F8044B84
:10ACD0000993F6E620AA5846059105F017FB0028CF
:10ACE0007FF440A9229A059923A887E709F4806395
:10ACF00000224CA9CDE9038A0AEE10BA0897DDF8C4
:10AD00004CB0884692461F460CE000232046314650
:10AD10000A2207F085FE0A2C76F100031DD30446B3
:10AD20000E46A84620460A220023314607F078FE48
:10AD3000303208F1FF350AF1010A08F8012C002F22
:10AD4000E3D09BF800309A45DFD1BAF1FF0FDCD099
:10AD50000A2C76F1000380F043814CABDDF80C80C7
:10AD6000CDF84CB0CDF838A0089FDDF810A0CDF894
:10AD70000C901AEE10BA5E1BFFF77EB8C8440208AA
:10AD8000DC4402080C450208219BB74838600133B7
:10AD900001320120072B22922193786000F3358144
:10ADA0000837002940F09380039B0E9903F00103BC
:10ADB0000B433FF44BA9109B11991A44C7E90013A8
:10ADC000219B22920133072B219300F33E81083708
:10ADD0000E993D6001330A44072BCDE92132796099
:10ADE0007FF733A9FFF7B7BB1BEE101A20AA58460E
:10ADF00005F08CFA00287FF4B5A89DF86310229A1C
:10AE000023AFFFF7EBB8039A12F0400200F09C80EA
:10AE1000099A52F8044B09921E46A4B251E6DDF895
:10AE20000C90FFF71CB81BEE101A20AA584605F02C
:10AE30006DFA00287FF496A8229A23AFFFF7A9BAEB
:10AE400001338A497C602244072B3960CDE92132E5
:10AE50007FF7FBA8FFF77FBB20AA5846059105F0B6
:10AE600055FA00287FF47EA896F800C0229A05992A
:10AE700023A8DAE61BEE101A20AA584605F046FA77
:10AE800000287FF46FA8229A23AFFFF7CBB8012BDD
:10AE9000DDF80C907FF42FAAFEF7E6BF099B069918
:10AEA00053F8042B554611600993FFF7EDB8059E42
:10AEB0000895062E2B4628BF06260595294604969A
:10AEC0006B4D09940C930F930D93FEF7E2BF109B0B
:10AED00011981A44C7E90003219B22920133072BE2
:10AEE000219300F3B28008370029BFF671AF4C42BE
:10AEF000103180F25A821BEE108A102604E00837C7
:10AF0000103C102C40F35182013358491032072B6A
:10AF1000C7E90016CDE92132F1DD20AA41465846A5
:10AF200005F0F4F900287FF41DA8DDE9213223AFF4
:10AF3000E6E701334D497C602244072BCDE92132FD
:10AF400039607FF7FCAA3DE4039B13F40076099B6C
:10AF500014BF53F8044B53F8044B09931CBF164617
:10AF6000E4B2AEE5039B13F40076099B14BF53F8DB
:10AF7000044B53F8044B09931CBF1646E4B2FEF78A
:10AF8000A0BF099B19F4007614BF53F8044B53F883
:10AF9000044B09931CBF1646E4B20123FEF795BF8C
:10AFA000039B13F4007F099B53F8044B099316BFCE
:10AFB00044F3C016E61764B23346FEF742BF0133CE
:10AFC0002A497C602244072BCDE92132396051DCCB
:10AFD0000837FFF782BB2D218DF86310FFF77EB88D
:10AFE000169B1599ED1A1A462846FEF737FD9BF871
:10AFF00001300BB10BF1010B204631460A22002330
:10B000004FF0000A07F00CFD89E61BEE101A20AA8B
:10B01000584605F07BF900287EF4A4AF1A99229ACD
:10B0200023AFBEE60E9B1D44A5EB08051C1BA542E5
:10B03000A8BF2546FFF783BB099B069953F8042B4D
:10B04000099311805546FFF71FB81BEE101A20AA6E
:10B05000584605F05BF900287EF484AFDDE9213223
:10B060001A9923AF40E700BFF84402080C450208D4
:10B07000F04402081BEE101A20AA584605F046F9C3
:10B0800000287EF46FAF229A23AFFFF726BB06237A
:10B09000059337E4A8460E9B0B9DDDF828A0139678
:10B0A000EB189845074628BF9846FFF71DBB1A9B2B
:10B0B0000D93DA1C02DB059A934204DDA8F1020825
:10B0C00028F0200453E4DDE90D318B42C0F21481F5
:10B0D000C40740F19D81109A9E18400503D50D9B31
:10B0E000002B00F3BF8126EAE67304934FF0670854
:10B0F00000230C930F9399E42D2100238DF8631006
:10B100000593FEF7C9BE20AA5846059105F0FEF842
:10B1100000287EF427AF96F800C0229A059923A84C
:10B1200065448AE51BEE101A20AA584605F0EEF891
:10B1300000287EF417AF229A23AFFFF7C6BA1BEEA2
:10B14000101A20AA584605F0E1F800287EF40AAF4C
:10B150001A9C229A23AFFFF7DCBA1EAB01931BABFC
:10B160000093059AB0EE4A0B1AAB0321584602F041
:10B170002FF90378302B054600F0BC811A9B059A05
:10B1800003980396134405EB030CB5EE40ABF1EEC8
:10B1900010FA02D16346FFF7E0BB1E9B6345BFF484
:10B1A000DCAB30215A1C1E9219701E9B9C45F9D8AD
:10B1B000FFF7D3BB059B9DF86310099404931E46CB
:10B1C00005900C900F900D90FEF763BE1A9A0D92A9
:10B1D000002A40F39F81059900F001030B4340F0E2
:10B1E00067810D9E4FF06608420500F13D8126EA19
:10B1F000E67304937CE700230593FEF782BD3023BA
:10B200008DF8643058238DF86530039B43F00204B9
:10B21000059B632B00F3E0800023089333AD039B71
:10B2200043F4817618EE903A002B5DDBB0EE48AB2C
:10B2300003944FF0000928F02004B8F1610F00F0EA
:10B24000FF80B8F1410F7FF46BABB0EE4A0B1AA848
:10B2500004F0C6FFB4EE007B20EE070BB5EE400B0A
:10B26000F1EE10FA01D101231A93B648059BB3EE13
:10B27000005B013B2A4604E0B5EE400BF1EE10FA0C
:10B2800013D020EE050BFDEEC07BB3F1FF3F17EEB0
:10B29000901A415CB8EEE76B944630EE460B02F82C
:10B2A000011B194603F1FF33E6D1B6EE006BB4EE95
:10B2B000C60BF1EE10FA5CDCB4EE460BF1EE10FAC0
:10B2C00003D117EE903ADB0753D4002906DB4B1C61
:10B2D0001344302102F8011B9342FBD1531B039806
:10B2E0000E930396FFF73BBB039428F020044FF026
:10B2F0002D09B1EE48ABA0E70E9B109A9E180D9B4E
:10B30000002B40F3EE804FF067086DE71BEE101A3C
:10B3100020AA584604F0FAFF00287EF423AE1A9CB7
:10B320000E9B229A1C1B23AFFFF709BA059B0398BB
:10B33000039605EB030C28E730238DF8643078235F
:10B3400061E7059BB0EE4A0B5A1C1EAB01931BAB89
:10B35000009302211AAB5846049202F039F8049A7D
:10B3600005460398039605EB020C0EE700230893AD
:10B37000BDE7CDF878C012F8011C90F80FC0614508
:10B3800013460AD14FF0300E03F801EC1E9B591EF4
:10B390001E9113F8011C8C45F6D0392916BF0131D6
:10B3A000817AC9B203F8011C98E7013366497C60D1
:10B3B0002244072BCDE9213239607FF708AD1BEE1F
:10B3C000101A20AA584604F0A1FF00287EF4CAAD46
:10B3D000DDE9213223AFFBE4591C584603F0BAFCE7
:10B3E0000546002800F0CC80089018E7002B08BF25
:10B3F00001230593039B43F4807618EE903A002BCB
:10B40000B4DBB0EE48AB002308939946FFF78EBA41
:10B410000D9E62E6002940F0928030228DF8722065
:10B420000DF17302303302F8013B1CABD31A1493B5
:10B43000FFF7E7BA08F10F02D2B20121FFF7A1BA74
:10B440001AA8B0EE4A0B04F0CBFEB4EE007B20EE5F
:10B45000070BB5EE400BF1EE10FA01D101231A9360
:10B460003A4803E74FF0670813990B78FF2B7FD01A
:10B4700000240D9A204603E001300131FF2B08D053
:10B48000934206DAD21A4B78002BF5D10B780134AF
:10B49000F4E713910D920F900C940C9A0F9B1344A8
:10B4A000169A02FB036626EAE6730493FFF7BEBA18
:10B4B000109BD6180E444FF0660895E618EE903AA9
:10B4C000002B039BA8BF9DF86310214D23F0800340
:10B4D000B8BF2D210393B8BF8DF863101D4BFEF745
:10B4E00003BEC3F101031E4426EAE67304934FF042
:10B4F0006708FDE5B5EE40ABF1EE10FA3FF43EAE65
:10B50000059BC3F101031A9339E6C3077FF582AAAD
:10B51000FFF77EBA059B00F0010050EA030205D157
:10B52000012304934FF066081E46E1E5109A561C6D
:10B530001E4426EAE67304934FF06608D8E50DF141
:10B5400072026FE7DC4402080C450208C844020896
:10B55000C0440208C4440208099B9AF8018092463C
:10B5600053F8042B099342EAE2720592FEF7C7BB37
:10B5700000230C930F9390E702231493FFF741BA33
:10B580001BEE101A8B8943F0400213468A81FEF7A6
:10B59000F3BC059AE5E61BEE902A0C2313604FF0EE
:10B5A000FF330693FEF7EFBC2DE9F04F2DED088B2E
:10B5B000CDB01C460F4692460BEE100A054603F02E
:10B5C0000DFB0368119318460994FEF799F9109042
:10B5D0001DB1AB6B002B00F0F1817B6EB7F90C2035
:10B5E000DB0791B202D4960540F172868D0407D430
:10B5F0007B6E42F4005223F40053BA8191B27B6611
:10B60000080740F1CA803B69002B00F0C68001F0BA
:10B610001A030A2B00F0CF8055460023CDE92133D1
:10B62000CDE91333CDE915330E93129307932B789D
:10B6300023AA9FED7D8B9FED7E9B20929046BA467C
:10B64000002B00F08381AB4604E01BF8013F002B88
:10B6500000F0C880252BF8D1BBEB050640F0C68072
:10B660009BF80030002B00F0718100234FF0FF3277
:10B670009BF801708DF8633006930BF1010B059276
:10B6800003932B2420260BF1010BA7F120035A2B47
:10B6900000F2D280DFE813F0BF02D000D000B80281
:10B6A000D000D000D0006A00D000D0002A023C02B6
:10B6B000D00035024802D00041025B005B005B0015
:10B6C0005B005B005B005B005B005B00D000D000B8
:10B6D000D000D000D000D000D0006201D000C8015E
:10B6E0009D01620162016201D000D000D000D00053
:10B6F000B102D000D000F701D000D000D000D201BC
:10B70000D000A002D000D0006507D000D000D0004B
:10B71000D000D000D000D000D0006201D000C8011D
:10B72000A1016201620162019602A1019601D000AD
:10B730008C02D0006202FB017A029601D000D20195
:10B740007E003F07D000D0004307D0007E00A7F165
:10B75000300300221BF8017B02EB820203EB420262
:10B76000A7F13003092BF5D906928EE71BEE100ADC
:10B7700003F034FA436815931846FEF7C1F81690A3
:10B7800007461BEE100A03F029FA83681393002F73
:10B7900040F0D6859BF8007075E71BEE100A39461D
:10B7A00001F0A0FC002841F0E082B98901F01A0301
:10B7B0000A2B7FF431AFB7F90E30002BFFF62CAF18
:10B7C0007B6EDE0702D48D0541F135811BEE100A38
:10B7D0002346524639464DB0BDEC088BBDE8F04FCC
:10B7E00001F040BCBBEB050600F0B080229B334467
:10B7F0002293219B0133072BC8E90056219305DCD6
:10B8000008F10808079B3344079329E71BEE100A49
:10B8100020AA514605F000FC002841F0B6830DF146
:10B820008C08EFE7AFF3008000000000000000008C
:10B83000FFFFFFFFFFFFEF7F002F00F08780002159
:10B840008DF8CC708DF863100123049308911E4687
:10B8500005910C910F910D9133AD039B13F00203F1
:10B860000A9302D0049B02330493039B13F08403D6
:10B870000B9305D1069B049A9C1A002C00F36A8353
:10B88000229A89B121990DF1630001310132C8F882
:10B89000000007294FF0010022922191C8F804000E
:10B8A00000F3B78308F108080A9B83B1219B19A90B
:10B8B00001330232C8F80010072B4FF00201229228
:10B8C0002193C8F8041000F3978308F108080B9B34
:10B8D000802B00F04982059B9C1B002C00F38C827E
:10B8E000039BDC0500F1EB81219BC8F8005001337C
:10B8F0003244072BC8F804602292219300F31E8380
:10B9000008F10808039B5C0705D5069B04995C1A9F
:10B91000002C00F38B83DDE9061304988142ACBF51
:10B920005B181B180793002A40F0A4820023219380
:10B93000089B23B108991BEE100A02F08BFE0DF153
:10B940008C085D462B78002B7FF47DAE229B5746FA
:10B95000002B40F0D087002321939BE2099B073303
:10B9600023F00703B3EC028BB0EEC87BB4EE497B47
:10B97000F1EE10FA099340F31B85B5EEC08BF1EEA2
:10B9800010FA00F19E879DF86310039BA74D23F0EA
:10B9900080030393A64B0322472FC8BF1D460023F5
:10B9A00008930492164605930C930F930D93002968
:10B9B0003FF453AF049B013304934EE7284602F053
:10B9C000BDFC0AE6039B9BF8007043F02003039341
:10B9D00059E6039B43F010030393039B9C0640F13D
:10B9E0005684099B073323F007031A465B6852F815
:10B9F000084B09921E46002BC0F25A84059B013366
:10BA000000F0EA82039B23F0800954EA060340F029
:10BA1000E582059B002B40F0E682CDF80C900023D8
:10BA200005931E464CAD20E1099B002153F8042BE1
:10BA30008DF863108DF8CC20099305E7099C54F824
:10BA4000045B00268DF86360002D00F0BB85059A2D
:10BA50001346013300F07C863146284603F030FC63
:10BA60000890002801F03B81089A05963346561B42
:10BA700026EAE6729DF863100994049208930C93E9
:10BA80000F930D9393E7039B43F010030393039BE2
:10BA900013F0200600F0DA83099B073323F0070335
:10BAA0005E6853F8084B0993039B23F480690023D5
:10BAB00000228DF86320059A1146013100F0BE8006
:10BAC00029F08001039154EA060140F0B580002A74
:10BAD00040F02F86002BA2D119F0010600F02E8431
:10BAE00030238DF82F310DF22F15BEE0099B53F84E
:10BAF000042B0692002A80F2F383069A099352429D
:10BB00000692039B9BF8007043F004030393BAE58D
:10BB10009BF800708DF86340B5E5039B9BF80070BF
:10BB200043F080030393AEE55A4612F8017B2A2FB7
:10BB300001F06482A7F13003092B934698BF0022DD
:10BB400001F2ED801BF8017B02EB820203EB420263
:10BB5000A7F13003092BF5D9059296E5039B9A06C8
:10BB600000F1FF83039BDB0600F1E985039B5F0681
:10BB700000F1D486039B9E0540F1E185099B07995E
:10BB800053F8042B099311705D46DBE6099B039A79
:10BB900053F8044B0993302378278DF86430254BF4
:10BBA000129342F002098DF86570002602237FE7A8
:10BBB0009BF80070039B6C2F00F0FB8443F0100394
:10BBC000039360E59BF80070039B682F00F0E88406
:10BBD00043F04003039356E5039B43F0100919F02B
:10BBE000200600F04483099B073323F007035E68B7
:10BBF00053F8084B099301235AE7039B9BF8007005
:10BC000043F0080303933EE5039B9BF8007043F069
:10BC10000103039337E59DF86330002B7FF4BAAD41
:10BC20009BF800708DF863602DE500BFB8440208F2
:10BC3000BC440208C8440208DDF80C90012B00F057
:10BC4000CD81022B4CAD1ED1129A04F00F032409B2
:10BC5000D35C05F8013D44EA0674360954EA06034C
:10BC6000F3D14CABCDF80C905E1B059A9DF8631098
:10BC7000B2424FF00003B8BF3246089304920C93CF
:10BC80000F930D9393E604F00703E40844EA467427
:10BC9000F608303354EA06012A4605F8013DF2D190
:10BCA00019F0010FDDD0302BDBD03023023A05F83C
:10BCB000013C4CABCDF80C909E1A1546D5E7652F8C
:10BCC00040F3F980B5EE408BF1EE10FA40F0EB81D5
:10BCD000219BBE49C8F80010013301320121072B16
:10BCE00022922193C8F8041000F3088508F108088F
:10BCF0001A9B0E998B4280F2E682109B11991A448E
:10BD0000C8E90013219B22920133072B219300F3F2
:10BD1000398408F108080E9B5C1E002C7FF7F2ADF9
:10BD2000102C219B40F3F8841BEE106A102505E0CF
:10BD300008F10808103C102C40F3EE840133A449AC
:10BD40001032072BC8E90015CDE92132F0DD20AA19
:10BD50005146304605F060F9002840F09480DDE956
:10BD600021320DF18C08E5E7069B04995C1A002C42
:10BD70007FF7B1AD102C219B2BDD0A954FF01009F8
:10BD80005546A2461BEE104A06E0AAF1100ABAF187
:10BD9000100F08F1080819DD01338D491032072B07
:10BDA000C8E90019CDE92132EFDD20AA2946204655
:10BDB0000DF18C0805F030F9002840F07281AAF1ED
:10BDC000100ABAF1100FDDE92132E5DC5446AA462B
:10BDD0000A9D7F49C8F8044001332244072BCDE96E
:10BDE0002132C8F8001000F3BF83059B9C1B002C78
:10BDF00008F108087FF774AD102C219B2BDD059509
:10BE00004FF010095546A2461BEE104A06E0AAF173
:10BE1000100ABAF1100F08F1080819DD01336C4956
:10BE20001032072BC8E90019CDE92132EFDD20AA35
:10BE30002946204605F0F0F8002840F03281AAF1AA
:10BE4000100ABAF1100FDDE921320DF18C08E5DCA2
:10BE50005446AA46059D5E49C8F804400133224471
:10BE6000072BCDE92132C8F8001000F3E18108F179
:10BE7000080835E51BEE100A20AA514605F0CCF85B
:10BE800000283FF453AD5746089919B11BEE100A2C
:10BE900002F0E0FB7B6E13F0010FBB8902D1980525
:10BEA00040F10A84590600F1698707984DB0BDEC4E
:10BEB000088BBDE8F08F0E9B012B40F37281219B14
:10BEC000C8F80050013301320121072B229221933F
:10BED000C8F8041000F38F8308F10808109911982E
:10BEE00001330A44072BC8E90001CDE9213200F3F0
:10BEF000908308F10808B5EE408BF1EE10FA00F0DF
:10BF00006F810E990133013901350A44072BC8F8B6
:10BF100000502193C8F80410229200F3538108F1D5
:10BF200008081499C8F8041001330A44072B1CA907
:10BF3000CDE92132C8F800107FF7E2AC1BEE100A01
:10BF400020AA514605F068F800289CD1229A0DF1EC
:10BF50008C08D7E4102CDDE92112DFF8789025DD7C
:10BF6000179510234D461BEE109A04E0103C102C40
:10BF700008F1080818DD013110320729C8E900531B
:10BF8000CDE92112F2DD20AA514648460DF18C0878
:10BF900005F042F800287FF476AF103C102CDDE964
:10BFA00021124FF01003E6DCA946179DC8F8009057
:10BFB000013122440729CDE92112C8F8044000F3D9
:10BFC00081839DF8631008F108085AE4F8440208D8
:10BFD0002C4502081C450208DDF80C900A2C76F16D
:10BFE000000380F0248330348DF82F41CDF80C907D
:10BFF00001260DF22F1538E61BEE100A20AA514635
:10C0000005F00AF800287FF43EAF229A0DF18C0863
:10C010005DE41BEE100A20AA514604F0FDFF002843
:10C020007FF431AF229A0DF18C083DE4102C219B56
:10C03000DFF8789321DD1BEE107A10254E4604E0E0
:10C04000103C102C08F1080816DD01331032072BC4
:10C05000C8E90065CDE92132F2DD20AA5146384613
:10C060000DF18C0804F0D8FF00287FF40CAF103CD1
:10C07000102CDDE92132E8DCB14601332244072BE4
:10C08000C8E90094CDE921327FF745AC1BEE100AD8
:10C0900020AA514604F0C0FF00287FF4F4AE229A93
:10C0A00039E42F46F0E61A99002940F31E81DDE9B4
:10C0B0000D318B42A8BF0B46002B1E460BDD1A44E8
:10C0C000C8E90053219B22920133072B219300F3EF
:10C0D000BB8508F108080D9B002EA8BF9B1B002BF9
:10C0E0001C4600F34B830D9B2B441F46039B5905B5
:10C0F00000F1E2841A9C0E9B9C4203DB039BDB074E
:10C1000040F10484109B11991A44C8E90013219B43
:10C1100022920133072B219300F3D28508F10808FE
:10C120000E9B1D44ED1B1C1BA542A8BF2546002DE0
:10C130000DDD219BC8F8007001332A44072BC8F895
:10C1400004502292219300F3F68508F10808002D8F
:10C15000A8BF641B002C7FF7D5AB102C219B40F3AC
:10C16000DB821BEE106A102505E008F10808103C80
:10C17000102C40F3D18201338A491032072BC8E9D1
:10C180000015CDE92132F0DD20AA5146304604F0F9
:10C1900043FF00287FF477AEDDE921320DF18C08F2
:10C1A000E5E7039BDE073FF58AAE219BC8F8005008
:10C1B000013301320121072B22922193C8F8041088
:10C1C0007FF7ADAE1BEE100A20AA514604F024FF03
:10C1D00000287FF458AEDDE921320DF18C08A0E68D
:10C1E0000E994C1E002C7FF79CAE102C40F312834E
:10C1F0001BEE106A102505E008F10808103C102C11
:10C2000040F30883013367491032072BC8E9001552
:10C21000CDE92132F0DD20AA5146304604F0FCFE83
:10C2200000287FF430AEDDE921320DF18C08E5E71E
:10C230001BEE100A20AA514604F0EEFE00287FF4FF
:10C2400022AE229A0DF18C08FFF74ABB039B13F034
:10C25000100340F0A080039A12F0400200F0058322
:10C26000099A52F8044B09921E46A4B21CE419F034
:10C27000100340F0898019F0400200F0E782099A2B
:10C2800052F8044B09921E46A4B2012310E4039B0A
:10C29000D80671D4039B590640F1C982099B53F813
:10C2A000044B099344F3C036334624B2FFF7A3BBD3
:10C2B0002D2364428DF86330DDF80C9066EB460662
:10C2C0000123FFF7F8BB039BD8077FF51BAB14E5F1
:10C2D000B86D02F095FCB7F90C2091B2FFF786B962
:10C2E0009BF800700993FFF7CEB9219B2E48C8F840
:10C2F0000000013301320120072B22922193C8F85C
:10C30000040000F3838408F10808002940F06382E8
:10C31000039B0E9903F001030B433FF4F3AA109B18
:10C3200011991A44C8E90013219B22920133072B6B
:10C33000219300F3718308F108085DE24CAD94E4A9
:10C34000139B002B3FF426AA139B1B78002B3FF472
:10C3500021AA039B9BF8007043F480630393FFF7CB
:10C3600092B9099B079853F8041B0993C217C1E9B6
:10C3700000025D46FFF7E6BA099B53F8044B0993A8
:10C38000E6173346FFF737BB099B53F8044B099375
:10C390000123FFF78DBB099B53F8044B0993FFF76B
:10C3A00083BB00BF2C450208F84402081C45020864
:10C3B000B4EE488BF1EE10FA80F1D485612F00F0D5
:10C3C0002485412F00F0B382059B5A1C27F02004DE
:10C3D00000F07585472C00F05F85039B43F4807661
:10C3E00018EE903A002BC0F25485B0EE48AB4FF0F7
:10C3F0000009CDF82090462C00F03484452C00F044
:10C400000985B0EE4A0B1EAB01931BAB0093059A56
:10C410001BEE100A1AAB022100F0DAFF472C05468A
:10C4200040F0FC8503980346DB0700F1AC841E9BBB
:10C4300003965B1B0E93472C00F01083462C00F0F4
:10C440005A841A9B0D930D9B412C03F1FF331A93D1
:10C4500000F03B85FAB20021002BB8BF0D9B8DF890
:10C460007020BABFC3F101032D222B22092B8DF8B6
:10C47000712040F330850DF17F0CC44E62461446A6
:10C4800086FB0321DA17C2EBA10202EB8201A3EBC8
:10C490004101303104F8011C19466329134604F1A7
:10C4A000FF32ECDC3033A11EDBB28C4502F8013CDC
:10C4B00040F2B6850DF1720101E012F8013B01F87E
:10C4C000013B9445F9D10DF181030DF172021B1B63
:10C4D00013441CAA9B1A14930E9B149A012B03EB72
:10C4E000020640F36285109B1E4420F4806040F4F5
:10C4F0008073039326EAE67200230C9304920F9351
:10C500000D93B9F1000F40F0B4829DF86310CDF89F
:10C510001490FFF74CBADDF80C90FFF760BB9C4B12
:10C520001293039B13F020065CD0099B073323F082
:10C5300007035E6853F8084B0993039BDD070AD590
:10C5400054EA060207D043F00203039330238DF828
:10C5500065708DF86430039B23F480690223FFF734
:10C56000A7BA8C4B1293DCE71BEE100A20AA5146A7
:10C5700004F052FD00287FF486AC229A0DF18C085D
:10C58000FFF7A9B91BEE100A20AA514604F044FD9A
:10C5900000287FF478AC229A0DF18C08FFF7BBBB22
:10C5A00043F400739BF8017003930BF1010BFFF749
:10C5B0006AB843F020039BF8017003930BF1010B61
:10C5C000FFF761B8059E0895062E2B4628BF062664
:10C5D000059529460496704D09940C930F930D937D
:10C5E000FFF7E5B9039B13F010037BD0099B53F8C9
:10C5F000044B0993A1E71BEE100A20AA514604F050
:10C600000BFD00287FF43FACDDE921320DF18C08F1
:10C6100064E41BEE100A20AA514604F0FDFC002839
:10C620007FF431ACDDE921320DF18C0863E409F4CB
:10C63000806300224CA9CDE9037B0AEE10AACDF855
:10C640002080DDF84CA00F46934698460CE000236E
:10C65000204631460A2206F0E3F90A2C76F100035F
:10C660001DD304460E462F4620460A22002331469B
:10C6700006F0D6F930327D1E0BF1010B07F8012CC4
:10C68000B8F1000FE3D09AF800309B45DFD1BBF141
:10C69000FF0FDCD00A2C76F1000380F01781CDF873
:10C6A0004CA0CDF838B0039FDDF82080DDF810B045
:10C6B0001AEE10AAFFF7D5BAB86D02F0A9FABB8935
:10C6C000FFF7F0BB1BEE100A20AA514604F0A4FCB1
:10C6D00000287FF4D8AB9DF86310229A0DF18C08E6
:10C6E000FFF7CFB8039A12F0400200F0CD80099A0C
:10C6F00052F8044B09921E46A4B21EE71BEE100A24
:10C7000020AA514604F088FC00287FF4BCAB229A92
:10C710000DF18C08FFF7ECBA01332049C8F804404A
:10C720002244072BC8F80010CDE921327FF7E8A892
:10C7300004E4012BDDF80C907FF483AA53E4099BF9
:10C74000079953F8042B5D4611600993FFF7FAB877
:10C75000284605960994FDF7D3F8B14620EAE07221
:10C760009DF8631004920646CDF82090CDF83090E5
:10C77000CDF83C90CDF83490FFF719B9102C219BDF
:10C7800040F390801BEE107A10260EE06766666616
:10C79000C8440208DC440208F04402082C450208A0
:10C7A00008F10808103C102C7CDD0133B44910322C
:10C7B000072BC8E90016CDE92132F1DD20AA514648
:10C7C000384604F029FC00287FF45DABDDE9213216
:10C7D0000DF18C08E6E7109B11981A44C8E9000394
:10C7E000219B22920133072B219300F3158108F13D
:10C7F00008080029C0F2CD820E99C8F80050013314
:10C800000A44072BCDE92132C8F804107FF778A835
:10C81000FFF794BB01339A49C8F804402244072B20
:10C82000CDE92132C8F800107FF779ABCAE4039B49
:10C8300013F4007F099B53F8044B099316BF44F38C
:10C84000C016E61764B23346FFF7D5B8099B19F452
:10C85000007614BF53F8044B53F8044B09931CBFE4
:10C860001646E4B20123FFF723B9039B13F40076C5
:10C87000099B14BF53F8044B53F8044B09931CBF96
:10C880001646E4B2FFF710B9039B13F40076099B38
:10C8900014BF53F8044B53F8044B09931CBF1646BE
:10C8A000E4B24AE601337649C8F804402244072B33
:10C8B000CDE92132C8F8001000F3C28008F1080861
:10C8C00011E42D218DF86310FFF75FB8169B1599C1
:10C8D000ED1A1A462846FDF7C1F89AF801300BB157
:10C8E0000AF1010A204631460A2200234FF0000BCC
:10C8F00006F096F8B5E61BEE100A20AA514604F0A1
:10C900008BFB00283FF427A8FFF7C4BA0E9B1D44F9
:10C91000ED1B1C1BA542A8BF254618E4099B0799DF
:10C9200053F8042B099311805D46FFF70BB83023B1
:10C930008DF8643058238DF86530039B43F0020472
:10C94000059B632B00F37E820023089333AD039B8A
:10C9500043F4817618EE903A002BC0F2E481B0EEF9
:10C9600048AB03944FF0000927F02004612F00F03A
:10C97000E782412F7FF43FADB0EE4A0B1AA803F0D7
:10C980002FFCB4EE007B20EE070BB5EE400BF1EE72
:10C9900010FA01D101231A933A48059BB3EE005BCC
:10C9A000013B2A4604E0B5EE400BF1EE10FA13D03D
:10C9B00020EE050BFDEEC07BB3F1FF3F17EE901AA2
:10C9C000415CB8EEE76B944630EE460B02F8011B73
:10C9D000194603F1FF33E6D1B6EE006BB4EEC60B99
:10C9E000F1EE10FA00F33982B4EE460BF1EE10FAD4
:10C9F00004D117EE903ADB0700F12F82002906DB05
:10CA00004B1C1344302102F8011B9342FBD1531BF2
:10CA100003980E9303960EE51BEE100A20AA5146CA
:10CA200004F0FAFA00287FF42EAADDE921321A99DF
:10CA30000DF18C08DDE6B86D02F0EAF8FEF7C6BE2F
:10CA40001BEE100A20AA514604F0E6FA00287FF4F3
:10CA50001AAA229A0DF18C08FFF745BB1A9B0D9379
:10CA6000DA1C02DB059A93420EDD023F27F0200418
:10CA7000E9E42D2100238DF863100593FEF79ABF9A
:10CA80002C450208DC440208DDE90D318B42C0F27E
:10CA90006381C40740F11782109A9E18410503D59F
:10CAA0000D9B002B00F3268226EAE673049367278A
:10CAB00000230C930F9324E50E9BCDF828B005EBD3
:10CAC00003095146CA46DDF83C900B954046DDF817
:10CAD00058B0139D0C9B1BEE108AB9F1000F31D09A
:10CAE000002B75D1013D09F1FF39159BC0E9003BD1
:10CAF000219B01335A44072B229221936CDC08308E
:10CB000095F800C0AAEB07036345A8BF6346002B56
:10CB10001E460BDD219C01341A44072CC0E900732A
:10CB20002292219464DC95F800C00830002EACBF3E
:10CB3000ACEB06046446002C13DC67440C9BB9F193
:10CB4000000FCDD1002B43D10E9B13950B9DDDF82B
:10CB500028B0EB189F4280468A4628BF1F46FFF741
:10CB6000C9BA102CDDF884C023DD05951026634674
:10CB70000D4604E0103C102C00F1080016DD0133D6
:10CB8000AF491032072BC0E90016CDE92132F1DDA3
:10CB900020AA2946404604F03FFA00287FF481AAE3
:10CBA000103C102CDDE9213223A8E8DC2946059D44
:10CBB0009C460CF1010322444460072BA04C046006
:10CBC000CDE9213231DC95F800C008306744B5E783
:10CBD0000C9B013B0C9388E720AA4046059104F08A
:10CBE0001BFA0599002840F0F081229A23A887E7D4
:10CBF00020AA4046059104F00FFA0599002840F05C
:10CC0000E48195F800C0229A23A88FE71BEE100A52
:10CC100020AA514604F000FA00287FF434A91A999A
:10CC2000229A0DF18C08FFF770BB20AA40460591AF
:10CC300004F0F2F90599002840F0C78195F800C08A
:10CC4000229A23A8674479E71BEE100A20AA5146CE
:10CC500004F0E2F900287FF416A9229A0DF18C085D
:10CC6000FFF739BA1EAB01931BAB0093059AB0EEE8
:10CC70004A0B1AAB1BEE100A032100F0A9FB037844
:10CC8000302B054600F096811A9B059A039803966F
:10CC9000134405EB030CB5EE40ABF1EE10FA02D1F4
:10CCA0006346FFF7C6BB1E9B6345BFF4C2AB302192
:10CCB0005A1C1E9219701E9B9C45F9D8FFF7B9BBF0
:10CCC0001BEE100A20AA514604F0A6F900287FF4B2
:10CCD000DAA81A9C229A0DF18C08FFF721BA059B5D
:10CCE0009DF86310099404931E4605900C900F90D4
:10CCF0000D90FEF75CBE1A9A0D92002A40F36B81EC
:10CD0000059900F001030B4340F042810D9E662718
:10CD1000420500F1F08026EAE6730493C8E600239A
:10CD20000593FEF7B2BC039427F020044FF02D09C1
:10CD3000B1EE48AB1AE61BEE100A20AA514604F0E9
:10CD40006BF900287FF49FA81A9C0E9B229A1C1B4B
:10CD50000DF18C08FFF7FBB90E9B109A9E180D9BE6
:10CD6000002B40F31A816727D2E77B6EDA0705D4E0
:10CD7000BB899B0502D4B86D01F04AFF4FF0FF3329
:10CD80000793FFF792B8059B0398039605EB030CF6
:10CD900081E74C4210311EDA1BEE107A102604E0B7
:10CDA00008F10808103C102C15DD0133244910321D
:10CDB000072BC8E90016CDE92132F1DD20AA514642
:10CDC000384604F029F900287FF45DA8DDE9213216
:10CDD0000DF18C08E6E701331949C8F804402244F4
:10CDE000072BCDE92132C8F800107FF7A4AA1BEE6B
:10CDF000100A20AA514604F00FF900287FF443A836
:10CE0000DDE921320DF18C08F6E430238DF8643031
:10CE1000782390E5059BB0EE4A0B5A1C1EAB01939C
:10CE20001BAB00931BEE100A1AAB0221049200F018
:10CE3000CFFA049A05460398039605EB020C2AE7FD
:10CE40002C4502081BEE100A591C01F083FF054611
:10CE5000002800F0E980089079E5CDF878C012F854
:10CE6000011C90F80FC0614513460AD14FF0300EF7
:10CE700003F801EC1E9B591E1E9113F8011C8C45F2
:10CE8000F6D0392916BF0131817AC9B203F8011CE5
:10CE9000BDE50023089349E7002B08BF0123059354
:10CEA000039B43F4807618EE903A002BF1DBB0EE52
:10CEB00048AB4FF00009CDF82090FFF7A2BA062347
:10CEC0000593FFF78ABA0D9EE8E507F10F02D2B28B
:10CED0000121FFF7C1BA00297AD130228DF87220E2
:10CEE0000DF17302303302F8013B1CABD31A1493DB
:10CEF000FFF7F2BA672713990B78FF2B00F08A80AF
:10CF000000240D9A204603E001300131FF2B08D0A8
:10CF1000934206DAD21A4B78002BF5D10B78013404
:10CF2000F4E713910D920F900C940C9A0F9B1344FD
:10CF3000169A02FB036626EAE6730493FFF7E1BA4A
:10CF40001AA8B0EE4A0B03F04BF9B4EE007B20EECA
:10CF5000070BB5EE400BF1EE10FA01D101231A9345
:10CF600036481AE518EE903A002B039BA8BF9DF8AF
:10CF70006310334D23F08003B8BF2D210393B8BF56
:10CF80008DF863102F4BFEF706BD5746FEF782BFA4
:10CF9000109BD6180E446627BAE6C3F101031E445F
:10CFA00026EAE6730493672782E5C3077FF59DAA07
:10CFB000FFF799BAB5EE40ABF1EE10FA3FF464AE6C
:10CFC000059BC3F101031A935FE60F46FEF75CBFB2
:10CFD0000DF1720286E7059B00F0010050EA0302A2
:10CFE00004D10123049366271E4661E5109A561C5E
:10CFF0001E4426EAE6730493662759E5099B9BF8CD
:10D000000170934653F8042B099342EAE2720592A9
:10D01000FEF739BB00230C930F9386E7059A0AE7C6
:10D0200002231493FFF758BABAF80C3043F04003C8
:10D030005746AAF80C30FEF72DBF00BFC8440208BF
:10D04000C0440208C444020810B4054C8446134688
:10D0500020685DF8044B0A466146FEF7A5BA00BF9A
:10D06000D000002070B50C468989ADF58E6D21F099
:10D070000201ADF81410616E1B91E189ADF8161034
:10D08000E1690991616A0B911CA9029106914FF423
:10D09000806106460491079118A80021CDE900326D
:10D0A000089101F0A5FDDDE9003202A93046FEF746
:10D0B0007BFA051E07DB02A9304601F093F8002831
:10D0C00018BF4FF0FF35BDF814305B0603D5A389B8
:10D0D00043F04003A381189801F08EFD28460DF51A
:10D0E0008E6D70BD38B5334B1B6805460C460BB1D1
:10D0F0009A6B12B3B4F90C3018079AB225D521698E
:10D1000000292DD012F0010007D00020A060606936
:10D110004042A06139B1002038BD950758BF606911
:10D12000A0600029F7D1120658BF0846F4D543F095
:10D130004003A3814FF0FF3038BD184601F0FEF8E0
:10D14000B4F90C3018079AB2D9D4D1062AD55207AF
:10D1500014D4216943F00803A3819AB20029D1D1E4
:10D1600002F42070B0F5007FCCD02146284601F0B3
:10D1700051FDB4F90C3021699AB2C3E7216B51B16A
:10D1800004F14002914204D0284601F063FAB4F958
:10D190000C300022226321690022C4E9001223F02E
:10D1A0002403D7E7092243F040032A604FF0FF3001
:10D1B000A38138BDD0000020024B13B1024800F01B
:10D1C0006BB870470000000089E501082DE9F84FB1
:10D1D0002F4B2DED028B834618680F4601F010FD92
:10D1E0002C4BD3F80080D8F84861AEB108EE10BAE5
:10D1F0004FF001094FF0000A7468651E0CD4013429
:10D2000006EB840487B1D4F80031BB420CD0013D59
:10D210006B1CA4F10404F5D1BDEC028B1C4B186807
:10D22000BDE8F84F01F0F4BC73682268013BAB42E3
:10D230000CBF7560C4F800A0002AE8D0D6F88801B9
:10D24000D6F804B009FA05F101420BD19047726893
:10D250005A4513D1D8F84831B342D8D01E46002ED3
:10D26000CAD1D9E7D6F88C0101420CD1D4F880108C
:10D2700018EE100A904772685A45EBD0D8F848610A
:10D28000002EB9D1C8E7D4F880009047DFE700BF8F
:10D2900000050020B4440208002301461A4618463F
:10D2A00004F024BE2DE9F04F03690C69A34283B05A
:10D2B000C0F28780013C01F11405A30000F11408BD
:10D2C000009355F8243058F82420013381469A42BF
:10D2D00008EB840005EB84070190B2FBF3F63BD327
:10D2E0000023AE4640469B465EF804AB02681FFA38
:10D2F0008AFC06FB0C334FEA134C4FEA1A4A06FB32
:10D300000ACA1FFA83FCABEB0C0C1FFA8AF31CFA57
:10D3100082FCC3EB124202EB2C421FFA8CFC4CEA5B
:10D320000243774540F8043B4FEA224B4FEA1A4349
:10D33000DAD2009B58F8033073B9019B043B98453F
:10D3400004D307E0984504F1FF3403D253F80429CD
:10D35000002AF7D0C9F81040484602F0EDFA00283C
:10D360002BDB01364046002355F8041BD0F800C0E3
:10D370008AB29A1A0B0C12FA8CF2C3EB1C4303EB21
:10D38000224392B242EA0342AF4240F8042B4FEAF2
:10D390002343E9D258F8242008EB84036AB9043BFC
:10D3A000984504D307E0984504F1FF3403D253F8BD
:10D3B0000429002AF7D0C9F81040304603B0BDE870
:10D3C000F08F002003B0BDE8F08F00BF0000000028
:10D3D0002DE9F04F2DED028B8FB0CDE90532019193
:10D3E000016C1A9D8DED020B57EC106B044641B198
:10D3F000426C4A60012393408B6001F0E3FF0023FD
:10D400002364B7F10008B4BF012300232B60BE4B97
:10D41000BCBF28F00048CDF80C8033EA080300F0C8
:10D420009F809DED028BB5EE408BF1EE10FA10D18E
:10D43000059A012313601B9B002B00F03982B3482F
:10D440001860431E009300980FB0BDEC028BBDE83E
:10D45000F08F0CAA0DA92046B0EE480B02F0C4FBD9
:10D460005FEA1853054640F09380DDE90C130B4446
:10D4700003F23242202A40F30083C2F1400208FA4C
:10D4800002F803F21242D64048EA060207EE102ADA
:10D49000B8EE477B581E17EE906A0123089353ECB1
:10D4A000172BA6F1F8739FED923B9FED937B9FEDB9
:10D4B000945B06EE900A43EC122BB8EEE64BB7EE07
:10D4C000086B32EE466BA6EE037BA4EE057BFDEE09
:10D4D000C76BB5EEC07BF1EE10FA16EE908A08D558
:10D4E000B8EEE66BB4EE476BF1EE10FA18BF08F138
:10D4F000FF38B8F1160F00F24581854B03EBC803E6
:10D5000093ED007BB4EEC78BF1EE10FA57D5091AF4
:10D5100000234F1E08F1FF38099300F139814FF0C5
:10D520000009B8F1000F51DA019BCDF81080092BEA
:10D53000A9EB0809C8F1000A4FF000084ED8052BE6
:10D5400040F3A282043B01930026019B9A1E032A0A
:10D5500000F22281DFE812F0AE03AB03A2038203E4
:10D56000059A42F20F73C8F31308136058EA0603D2
:10D570001ED11B9B002B00F08585664B0093083362
:10D580001B9A009813600FB0BDEC028BBDE8F08FC2
:10D5900018EE906AA3F2FF30C6F313060023089337
:10D5A00053EC182B46F07F530C9943F440137AE761
:10D5B0001B9B002B40F04183574B009343E7091A14
:10D5C00000234F1E099300F1E3809946019BCDF89B
:10D5D0001080092B47444FF0000AB0D900230126E0
:10D5E000019307964FF0FF3B069300216164CDF84D
:10D5F0002CB0204601F0C0FE0090002800F03185DC
:10D60000009B2364BBF10E0F00F2D980002E00F0C6
:10D61000D680049B002B40F3D2833D4A03F00F01D8
:10D6200002EBC10292ED007B1A11DB0540F174831D
:10D630003A4991ED086B02F00F02032088EE065B79
:10D640005AB13649D60704D591ED006B013027EE6B
:10D65000067B521001F10801F4D185EE076B099B9E
:10D660003BB1B7EE007BB4EEC76BF1EE10FA00F100
:10D67000988407EE900AB8EEE75BB1EE0C7BA5EE5E
:10D68000067B17EE902A51EC170BA2F15071BBF1FB
:10D69000000F00F06E83049E5A46079B002B00F09B
:10D6A0003184B6EE003B1A4BFDEEC64B03EBC20CC9
:10D6B000B8EEE47B36EE477B1CED026B83EE065B37
:10D6C00041EC160B14EE900A35EE465B0099B4EE71
:10D6D000C57B3030F1EE10FA01F8010B00F19B84AC
:10D6E000B7EE002BB2EE044B4FF0000C31E000BF60
:10D6F00061436F63A787D23FB3C8608B288AC63F58
:10D70000FB799F501344D33F0000F07FF944020897
:10D7100088460208404502083C4502086046020867
:10D720000CF1010C94454ADA27EE047B25EE045BEC
:10D73000FDEEC76B16EE903AB8EEE63B303337EEAF
:10D74000437BB4EEC57BF1EE10FA01F8013B00F12A
:10D75000628432EE476BB4EEC56BF1EE10FADFD5A2
:10D76000009A049602E0914200F03F84894611F845
:10D77000013D392BF7D00133DBB20B70049B013331
:10D78000049361E1091A01234F1E09937FF5C7AE87
:10D79000C1F101090027C4E600266664314620462F
:10D7A00001F0EAFD0090002800F05B84009B2364F8
:10D7B00001224FF0FF3306960B9307929B460D9A7A
:10D7C000002A55DB04990E2952DCBB4B03EBC10345
:10D7D00093ED006B069B002B15DABBF1000F12DCFA
:10D7E00040F0DB82B1EE047B26EE076BB4EEC68B15
:10D7F000F1EE10FADA465E4600F27582069BDDF81D
:10D800000080DF4377E288EE067BBDEEC77B0099A0
:10D8100017EE103ABBF1010F03F13003B8EEC75B0E
:10D8200001F8013BA5EE468B00F02283B2EE044BDB
:10D83000012311E088EE067BBDEEC77B013317EEB6
:10D84000102A5B4502F13002B8EEC75B01F8012BEC
:10D85000A5EE468B00F00C8328EE048BB5EE408BD2
:10D86000F1EE10FAE6D1049B013304938946EBE014
:10D87000079B2BB3019B012B40F361820BF1FF331C
:10D880009A4580F24682A3EB0A0AD0449A460023C6
:10D89000BBF1000FC0F21D83CDF820905F44D94446
:10D8A000012120460A9301F095FE0A9B06460BE0F3
:10D8B000824B009300980FB0BDEC028BBDE8F08F57
:10D8C000079ECDF820905346089900290ADD002FC5
:10D8D00008DDB9420A46A8BF3A46891AA9EB0209EF
:10D8E0000891BF1ABAF1000F1BD0079A002A00F066
:10D8F0005F82002B11DD1A46314620460A9301F063
:10D9000043FF2A4601460646204601F091FE29467D
:10D910000546204601F056FD0A9BBAEB030240F093
:10D92000D2820121204601F055FEB8F1000F824657
:10D9300000F3AC80019B012B40F3838100230A9309
:10D940000120B8F1000F40F0AD80384410F01F0006
:10D9500000F09180C0F12002042A40F39783C0F1C7
:10D960001C00089B0344814408930744B9F1000F4D
:10D9700005DD29464A46204601F066FF0546002F90
:10D9800005DD51463A46204601F05EFF8246099B7E
:10D99000002B40F03781BBF1000F40F31D81079B46
:10D9A000002B40F09B80049B01330493DDF8008042
:10D9B000012707E0294600230A22204601F00CFD3A
:10D9C0000137054651462846FFF76CFC5F4500F1DC
:10D9D000300008F8010BEDDBBBF1000F009AD8BF57
:10D9E0004FF0010B034693440027294601222046AD
:10D9F000019301F029FF5146054601F09DFF0028E3
:10DA000040F392811BF8013C009A0BF1FF3B04E0CC
:10DA10005A4500F0C6811BF8013D392B0BF1010975
:10DA2000F6D001338BF800305146204601F0CAFC95
:10DA300056B12FB1B74203D03946204601F0C2FC9F
:10DA40003146204601F0BEFC2946204601F0BAFCD2
:10DA5000002389F80030059B1A46049B13601B9B2A
:10DA6000002B3FF4F0AC0098C3F800900FB0BDEC71
:10DA7000028BBDE8F08F1C2073E7C2F1200206FA8A
:10DA800002F207EE102A03E501265EE50146424652
:10DA9000204601F079FE019B012B824640F3B481C0
:10DAA00000230A93DAF810200AEB8202106901F0D1
:10DAB00041FDC0F1200048E788460208F84402080A
:10DAC000314600230A22204601F086FC0B9B002BE6
:10DAD000064640F3B882CDF810809B46089B002B89
:10DAE00005DD31461A46204601F0AEFE06460A9B89
:10DAF000002B40F0D181B046029B009F03F0010251
:10DB00007B1E5B440893019B0A9213430993514681
:10DB10002846FFF7C7FB31468346284601F00CFF35
:10DB2000424651468146204601F028FFC268014620
:10DB30000BF13003002A42D1CDE90603284601F05B
:10DB4000FBFE06990290204601F03CFC029A079BDE
:10DB50001AB90999002900F06882B9F1000FC0F2E2
:10DB60006981019949EA01090A9951EA090100F01C
:10DB70006181002A00F3B181089A3B7007F1010925
:10DB80009742CB4600F0AF81294600230A22204667
:10DB900001F022FC4645054631464FF000034FF0A8
:10DBA0000A02204612D001F017FC41460646002327
:10DBB0000A22204601F010FC4F468046A7E7204687
:10DBC000029301F0FFFB029B0122C6E701F004FC77
:10DBD0004F46064680469AE7019B022B71DC079B65
:10DBE000002B7FF47BAF049B5146013328460493FE
:10DBF000FFF758FBDDF800B000F130030BF8013BF4
:10DC00000027F2E65146284601F096FE0028BFF6AE
:10DC1000C2AE294600230A22204601F0DDFB049B08
:10DC200003F1FF38079B0546002B7FF449AF0B9BA0
:10DC3000002B40F301829B46B8E6AE4B00930333C2
:10DC40009EE4DDE9020100287FF478AEC1F31302FF
:10DC5000002A00F0E480029B0A9371E601230793F7
:10DC6000069B049A134403F1010BBBF1010FDC4640
:10DC70000B93B8BF4FF0010C0021BCF1170F61648A
:10DC80007FF7B7AC01200422520002F11403634570
:10DC9000014600F10100F7D96164AAE4012307936A
:10DCA000069B002B3CDD0B939B469C46E4E7002340
:10DCB0000793D5E700230793F2E7DDF82CB0CDF802
:10DCC0001080BBF1000F7FF499AD51465B460522F1
:10DCD000204601F081FB01468246284601F02CFED9
:10DCE00000287FF78BAD0098049F3123804600F811
:10DCF000013B013700905146204601F063FB7B1C3D
:10DD0000DDF800900493CDF80080002E7FF498AEEB
:10DD10009AE6AAEB0303BBE50220B0EE485B8FE472
:10DD2000012306939B4660E403D1019BDB073FF58B
:10DD300069AED9461BF8013D302BFAD074E6089B3A
:10DD4000002B00F0258102F23342CDF820901744D9
:10DD500091445346A4E507EE900AB1EE0C5BB8EE91
:10DD6000E77BA6EE075B15EE902A51EC150BA2F1AE
:10DD7000507141EC150BB1EE047B36EE477BB4EEEF
:10DD8000C57BF1EE10FA00F34081B1EE455BB4EED5
:10DD9000C57BF1EE10FA7FF512AD4FF0000A564642
:10DDA0002CE5049B009A01330493312313703BE666
:10DDB00029465246204601F0E7FC0546B1E500F051
:10DDC0000F81049B4C495A4202F00F0001EBC00145
:10DDD00091ED006B121128EE066B00F03F81B0EE62
:10DDE000467B464900260220D30705D591ED005B0E
:10DDF0000130012627EE057B521001F10801F3D115
:10DE0000002E06FE076B2AE4029B002B7FF448AE2F
:10DE1000DDE90201C1F31302002A40F02981384AEA
:10DE20000A40002A00F0F580012309F101090137B9
:10DE30000A9385E5002A12DD294601222046019336
:10DE400001F002FD5146054601F076FD0028019BD8
:10DE500040F3E580392B00F0CE800BF13103B94659
:10DE600009F8013B049B0133374604934646DBE542
:10DE700038EE088BB4EEC68BF1EE10FA0ADCB4EE85
:10DE8000468BF1EE10FA7FF4EEAC17EE103AD8079D
:10DE90007FF5E9AC009A69E47168204601F06CFAFC
:10DEA0000746002800F0E780336902339A0006F144
:10DEB0000C010C30FBF7F8F839460122204601F03E
:10DEC000C3FC804618E62946204601F05DFC054665
:10DED00027E5A9EB0B020892E2E4392B00F08B80D6
:10DEE000B9460133BCE7049A0132374604924646EC
:10DEF0007BE500BF3C4502088846020860460208F0
:10DF00000000F07F644BFDEEC65B03EBC20C1CED22
:10DF1000023BB8EEE57B36EE477B41EC160B15EE87
:10DF2000901A23EE063B00983031012A00F8011BBD
:10DF300000F09280B2EE044B009B991827EE047B10
:10DF4000FDEEC76B16EE903A303300F8013B884285
:10DF5000B8EEE65B37EE457BF0D1B6EE006B33EE04
:10DF6000065BB4EEC75BF1EE10FA3FF5F9AB36EEA7
:10DF7000436BB4EEC76BF1EE10FA7FF720AC894625
:10DF8000013919F8013C302BF9D0731C04935BE57F
:10DF90000C9ACDF82090C2F13602174491445346B2
:10DFA0007EE4BBF1000F3FF4D6AE0B9A002A7FF758
:10DFB00006ACB2EE044B26EE046B013007EE900A7D
:10DFC000049BB8EEE75BB1EE0C7BA6EE057B17EE8B
:10DFD00090CA51EC170B5E1EACF15071FFF75DBBA0
:10DFE0000220B0EE486BFFF73ABB049B0133049369
:10DFF0003123FFF7C2BB049BBB4601330493392393
:10E0000037460BF8013B4646FEE44FF0000A564601
:10E0100069E60A9294E4731C0493894614E57FF43C
:10E020001EAFDA077FF51BAF14E7392BE3D0B9F148
:10E03000000F3FF712AF12E7019B022B3FF73DAEF7
:10E04000CDF81080CFE5019B022B3FF736AEDDF80F
:10E050002CB0CDF8108041E501467EE70220FFF7A5
:10E06000FEBA0E4B0E4800224FF4D57103F084FF28
:10E07000029B0A9316E5094B09483A4640F2EA2109
:10E0800003F07AFF074B0093FFF7DDB93FF46EAC66
:10E09000C0F13C0065E400BF884602084C45020818
:10E0A0006045020840450208014B1868704700BFF0
:10E0B000D0000020B1F90C202DE9F0410C461107E9
:10E0C000804647D4636842F40062002BA2815EDD83
:10E0D000A56A002D58D00023D8F80060C8F8003099
:10E0E00093B212F4805256D10123E1694046A84709
:10E0F000431C67D0A389A56A5F0705D56368C01A6A
:10E10000236B0BB1E36BC01AE16902460023404662
:10E11000A847411C41D1D8F80030002B3DD01D2B21
:10E1200001D0162B56D1A3892269226023F4006303
:10E1300000216160A381216BC8F8006021B304F164
:10E140004003994202D0404600F084FA0020206348
:10E15000BDE8F0812669BEB193B2256826609A07B2
:10E160000CBF63690023AD1BA3600BE02B46324656
:10E17000E169676A4046B847B0F1000CA5EB0C05B1
:10E18000664417DD002DF1DC0020BDE8F081E36B73
:10E19000002B9DDCF8E7206DAEE7B4F90C30226966
:10E1A000226023F40063A3810022DB046260C2D5F5
:10E1B0002065C0E7A38943F040034FF0FF30A381FF
:10E1C000BDE8F081D8F80030002B93D01D2B06D08D
:10E1D000162B04D0A38943F04003A381D5E7C8F8E8
:10E1E0000060D1E738B50C46054608B1836BA3B192
:10E1F000B4F90C00B8B1636EDB0701D4810515D505
:10E2000028462146FFF756FF636EDA07054602D41B
:10E21000A3899B050ED5284638BD00F08FF8B4F9C8
:10E220000C000028E7D10546284638BDA06D00F057
:10E23000E7FCE5E7A06D00F0EBFC284638BD00BF29
:10E2400038B548B3184B1D6804460DB1AB6BBBB174
:10E25000B4F90C0088B1636EDB0701D4810513D5D6
:10E2600028462146FFF726FF636EDA07054602D4EB
:10E27000A3899B050CD5284638BD0546284638BDE0
:10E28000284600F05BF8E3E7A06D00F0B9FCE7E793
:10E29000A06D00F0BDFCEEE7044B05491868BDE831
:10E2A000384000F075BC00BFD0000020B444020824
:10E2B000E5E10108014900F06BBC00BF49200208FC
:10E2C00008B5436EDA0702D483899B0501D5002087
:10E2D00008BD806D00F094FC002008BD08B5436EB9
:10E2E000DA0702D483899B0501D5002008BD806D23
:10E2F00000F08EFC002008BD70B568224D1E02FBA8
:10E3000005F50E4605F1740100F024FD044640B108
:10E3100000210C30C4E90016A06005F16802FAF78C
:10E32000D9FF204670BD00BF024B0349186800F0BA
:10E330002FBC00BFB4440208492002082DE9F04771
:10E340008246394800F05CFCDAF83840002C66D18F
:10E35000DAF80450354ACAF83C200323CAE9B84326
:10E36000DFF8DC90DFF8DC80314F324E04230AF511
:10E370003B72CAF8E8222146C5E90243C5E90044D8
:10E38000C5E904446C660822AC6105F15C00FAF74B
:10E39000A1FFC5E90759C5E90987EE6205F15800F3
:10E3A00000F026FCDAF80850234BEB602146C5E963
:10E3B0000044C5E904446C66AC60AC61082205F118
:10E3C0005C00FAF787FFC5E90759C5E90987EE62DE
:10E3D00005F1580000F00CFCDAF80C50174BEB601C
:10E3E0002146C5E90044C5E904446C66AC60AC61F3
:10E3F000082205F15C00FAF76DFF05F15800C5E948
:10E400000759C5E90A76C5F8248000F0F1FB01231D
:10E41000CAF838300448BDE8F04700F0F9BBBDE861
:10E42000F047014800F0F4BBE40D0120B5E201081B
:10E43000E5020208050302080900010012000200BB
:10E440007D020208A50202082DE9F04107462D4889
:10E4500000F0D6FB2C4B1E68B36B93B306F53876F1
:10E460004FF00408D6E90134013B04D525E05A1CDD
:10E4700004F1680421D0B4F90C50013B002DF6D111
:10E48000224BE36004F15800656600F0B1FB1D48C3
:10E4900000F0BEFBC4E90155C4E904552560A5613F
:10E4A0000822294604F15C00FAF714FFC4E90C5570
:10E4B000C4E911552046BDE8F08135682DB12E46DE
:10E4C000D0E73046FFF73AFFC8E74FF4D671384639
:10E4D00000F040FC044668B10560C0F804800C30D0
:10E4E0002946A06025464FF4D072FAF7F3FE346057
:10E4F0002E46B7E70348346000F08AFB0C233B60EC
:10E50000D8E700BFE00D0120B44402080100FFFF7E
:10E51000014800F075BB00BFE00D0120014800F08C
:10E5200077BB00BFE00D0120014800F069BB00BFD0
:10E53000E40D0120014800F06BBB00BFE40D012099
:10E5400008B5054800F05CFB044B05491868BDE8B8
:10E55000084000F0FDBA00BFE00D0120D00000200F
:10E56000C1E2010808B5054B0549186800F0F0FA4A
:10E57000BDE80840034800F04BBB00BFD0000020BE
:10E58000DDE20108E00D012038B5084B084D5B1BAA
:10E590009C1007D0043B1D44013C55F804399847B2
:10E5A000002CF9D1BDE8384004F012BC8C0A0020E0
:10E5B000880A0020F8B5244F0C46064600F0D0FE2D
:10E5C000BA685568C4F57E630F3325F003052B4404
:10E5D00023F47F6323F00F03A3F58054B4F5805F29
:10E5E00007DB0021304601F037FEBB682B44984220
:10E5F00004D0304600F0BAFE0020F8BD614230463B
:10E6000001F02AFE01300DD0104ABB682D1B45F0E9
:10E6100001055D60136830461B1B136000F0A6FE09
:10E620000120F8BD0021304601F016FEBA68831AB9
:10E630000F2BDEDD43F001035360054B03491B68DC
:10E64000C01A0860D5E700BF04050020EC0D0120CA
:10E650000C090020002961D0F8B50C46064600F0F0
:10E660007FFE54F8042C7B4FA4F1080522F0010131
:10E6700005EB010CB868DCF80430604523F00303B7
:10E6800000F08B80D207CCF8043032D454F8082C38
:10E69000AD1A1144AA6807F1080082426AD00CEB57
:10E6A0000304D4F804E0EC68D4601EF0010FA2600B
:10E6B00000F0978041F001036B60CCF80010B1F5D9
:10E6C000007F35D27A68CB084809012101338140A7
:10E6D0001143796007EBC30257F83310083AC5E9D4
:10E6E000021247F83350CD603046BDE8F84000F0E4
:10E6F0003DBE0CEB03025268D00710D4194407F159
:10E700000800DCF80830834273D0DCF80C20DA60B3
:10E71000936041F001036B606950D0E7704741F0AE
:10E720000103B1F5007F44F8043CCCF80010C9D3D4
:10E73000B1F5206F4FEA512348D28B0903F139001C
:10E7400003F13802C300F818FB580838984259D032
:10E750005A6822F003028A4202D99B689842F7D194
:10E76000D868C5E902308560DD603046BDE8F84014
:10E7700000F0FCBD0CEB03025268D20763D40B44DB
:10E78000DCE90212CA60916043F001026A6030461F
:10E79000EB50BDE8F84000F0E9BD0B44D10707D4C9
:10E7A00054F8082CAD1A1344D5E90212CA609160DE
:10E7B00043F001026A60284ABD6012689A4293D809
:10E7C000264B30461968FFF7F5FE8DE7142B0AD962
:10E7D000542B1FD80B0B03F16F0003F16E02C30023
:10E7E000B1E719448DE703F15C0003F15B02C3005C
:10E7F000A9E741F00103C7E90455C5E902006B60D0
:10E80000695071E779689210012404FA02F20A4310
:10E810007A60A6E7B3F5AA7F06D8CB0B03F17800A0
:10E8200003F17702C3008EE740F25452934206D8B8
:10E830008B0C03F17D0003F17C02C30083E74FF4EE
:10E840007E737E227FE741F001036B60CCF80010FD
:10E850004AE700BF04050020100900201C0E01201B
:10E860009368002B00F085802DE9F04FB1F90C3052
:10E870000C461907804683B0174698B225D5236900
:10E880001BB310F002033D682DD04FF0000ADFF8F3
:10E89000BCB25646B9465E453346524628BF5B4633
:10E8A0004046002E52D0E169676AB847002856DD1D
:10E8B000D9F808301B1A8244361AC9F80830002BE0
:10E8C000E9D1002003B0BDE8F08F21464046FEF7B5
:10E8D00009FC002840F03681B4F90C303D6898B24C
:10E8E00010F00203D1D110F0010944D14E46009737
:10E8F00046B38205D4F808B040F18380B3455A4648
:10E9000000F2B28010F4906F40F0BF802068019256
:10E910004946FAF763FCA368019AA3EB0B0123684D
:10E92000A1601344B24623600026009B9868A0EBC8
:10E930000A00D14498600028C3D0B4F90C0080B21A
:10E94000002ED6D1D5E900960835D1E7D5E900A645
:10E950000835A0E721464046FFF744FC80B3B4F9F0
:10E960000C3043F040034FF0FF30A38103B0BDE80B
:10E97000F08F002070471E46AA46994618461D464D
:10E98000009756B388B34A46D4E904132068B242CC
:10E9900028BF3246884205D9A16803EB010B5A45CE
:10E9A00000F3A680934263DCE169676A2A46404629
:10E9B000B847B0F1000BD2DDB9EB0B09CAD001208A
:10E9C000009A9368A3EB0B035D44A6EB0B069360E0
:10E9D000002B3FF476AF002ED4D10AF1080353E99F
:10E9E00002569A460833002EF9D032460A212846AC
:10E9F00000F066FC002800F09C800130A0EB0509C7
:10EA0000C1E720682369984216D86369B34213D8D6
:10EA10006FF00042B24228BF3246E16992FBF3F246
:10EA2000676A02FB03F340464A46B847B0F1000A62
:10EA300095DDA6EB0A0678E7B345DA4628BFB2466D
:10EA400052464946FAF7CAFBA3682268A3EB0A03B9
:10EA50005244A3602260002BEBD121464046FFF7D1
:10EA6000C1FB0028E5D07AE72068B34632464EE77E
:10EA700029460192FAF7B2FB019AA3689B1AA36098
:10EA8000236813442360934696E723682169A3EB28
:10EA9000010B636903EB430A0AEBDA7A0BF101031A
:10EAA0004FEA6A0A33445345524684BF9A46524657
:10EAB00043052CD51146404600F04CF900283BD0C8
:10EAC0005A4621690190FAF7EFFAA289019B22F4D4
:10EAD000906242F08002A28103EB0B002361AAEB5B
:10EAE0000B03C4F814A0A3602060B34632460EE7BF
:10EAF00029465A46FAF772FB23685B442360214695
:10EB00004046FFF76FFB00283FF456AF27E740462B
:10EB100001F078F903460028DED121694046FFF76D
:10EB200099FDB4F90C300C2223F08003C8F80020C2
:10EB300017E7721C914627E70C22B4F90C30C8F88D
:10EB400000200EE74FF0FF30BCE600BF00FCFF7F67
:10EB50002DE9F041884600F538770026D7E90154C1
:10EB6000013D0FD4A389012B05F1FF3506D9B4F976
:10EB70000E300133204601D0C04706436B1C04F120
:10EB80006804EFD13F68002FE8D13046BDE8F0813E
:10EB90002DE9F8430746884600F538764FF000091E
:10EBA000D6E90154013D11D4A389012B05F1FF35AC
:10EBB00008D9B4F90E300133214603D03846C04796
:10EBC00049EA00096B1C04F16804EDD13668002E97
:10EBD000E6D14846BDE8F883F030704700487047FA
:10EBE000040A002000487047040A0020704700BF54
:10EBF000704700BF704700BF704700BF704700BF3D
:10EC0000704700BF0120704701207047704700BF68
:10EC1000704700BF2DE9F0418B890C46990796B0EB
:10EC200008D504F143030122C4E90432236016B07D
:10EC3000BDE8F081B4F90E100029064627DB6A46CC
:10EC400003F054FB002821DB019D05F47045A5F578
:10EC50000055B5FA85F54FF480686D094FF40067EB
:10EC60004146304600F076F8B4F90C30F0B1204A55
:10EC7000F26343F08003C4F81480A3812060206114
:10EC800035BB3B43A38116B0BDE8F081A38913F0E7
:10EC9000800519D04FF040084146304600F05AF840
:10ECA0000025B4F90C302F460028E0D19A05BED4D7
:10ECB00023F0030304F1430243F002030121C4E9FA
:10ECC0000421A3812260B2E74FF480682F46C7E792
:10ECD000B4F90E10304603F01FFB10B9B4F90C3034
:10ECE000CFE7A38923F0030343F001031BB2C8E776
:10ECF000B5E2010870B50C46B1F90E10002996B0C6
:10ED000015461E4614DB6A4603F0F0FA00280FDBB6
:10ED1000019A02F47042A2F50052B2FA82F24FF464
:10ED2000806352094FF4006032602B6016B070BDF2
:10ED3000B4F90C10002311F08000336004D040229D
:10ED400018462A6016B070BD4FF480632B6016B071
:10ED500070BD00BF2DE9F04F01F10B06162E83B0F8
:10ED6000044624D8102900F2BA8000F0F9FA1026DF
:10ED700018220220B54F3A44A2F1080153688B4291
:10ED800000F0BA805A68D96822F003021A449D68DC
:10ED9000E9608D60516841F001012046516003F146
:10EDA000080500F0E3FA284603B0BDE8F08F36F01E
:10EDB000070600F19480B14200F2918000F0D0FA91
:10EDC000B6F5FC7FC0F09A81730A00F08F80042BA7
:10EDD00000F26F81B30903F1390003F1380CC3006D
:10EDE0009A4F3B44A3F108055B689D4206D10CE0B5
:10EDF000002980F22781DB689D4206D05A6822F004
:10EE00000302911B0F29F3DD60463D69DFF850C214
:10EE100065457CD06A6822F00302931B0F2B00F338
:10EE20007B81002BC7E904CC80F26C81B2F5007FB6
:10EE300080F01A81D308796801334FEA521E01220B
:10EE400002FA0EF20A4357F833E0C5F808E007EB80
:10EE5000C3010839E9607A6047F83350CEF80C50A6
:10EE6000831001219940914257D8114206D120F0D8
:10EE700003004900114200F10400FAD007EBC00979
:10EE80004D468646D5F80C80454508D11DE1002B3E
:10EE900080F22481D8F80C80454500F01681D8F81E
:10EEA000042022F00302931B0F2BF0DD2046D8E94B
:10EEB000025408EB060146F00106C8F80460EC6055
:10EEC000A56043F00104C7E90411C1E902CC4C601C
:10EED00048F8023000F04AFA08F1080502E00C2375
:10EEE00023600025284603B0BDE8F08F4FF400737F
:10EEF00040204FF03F0C73E7D3689A4208BF0230BE
:10EF00007FF440AF3D69DFF858C1654582D17A682A
:10EF10008310012199409142A7D9BD686B6823F005
:10EF200003094E4503D8A9EB06030F2B7ADCDFF863
:10EF300034B1474BDBF800201B680132334405EB4A
:10EF4000090A00F0338103F580530F3323F47F68FF
:10EF500028F00F084146204601F07EF9411C024688
:10EF600000F0F380824500F2EE803A4B196841448C
:10EF70001960084600F04E81DBF800100193013162
:10EF80001BBFA2EB0A0A5044CBF80020186012F015
:10EF9000070B00F01781CBF108010A44CBF5805133
:10EFA00090440831A1EB0801C1F30B0A51462046F9
:10EFB000009201F051F9421CDDE9002300F04F817D
:10EFC000801A00EB0A081968BA6048F00100514441
:10EFD000BD425060196000F02981B9F10F0F40F275
:10EFE00027816868A9F10C0C2CF0070C00F00100D7
:10EFF00040EA0C0068604FF0050E05EB0C00BCF118
:10F000000F0FC0E901EE00F2328150681546124B35
:10F010001A688A4238BF1960104B1A688A4238BF92
:10F02000196094E0AA1943F0010346F001066E60EE
:10F030002046BA60536000F099F90835284603B0BD
:10F04000BDE8F08FD9681A44A1E600BF040500208E
:10F050001C0E0120EC0D0120140E0120180E0120C1
:10F060000C0500200C090020B2F5206F4FEA522356
:10F0700063D3142B00F2B78003F15C01C9005B334A
:10F0800007EB010E7958AEF1080E8E4500F0918025
:10F090004B6823F00303934202D989688E45F7D168
:10F0A000D1F80CE07A68C5E9021ECEF80850CD60B0
:10F0B000D6E6142B59D9542B00F29D80330B03F163
:10F0C0006F0003F16E0CC3008AE60EF1010E1EF014
:10F0D000030F05F108057FF4D5AE51E042444546E3
:10F0E0005368D8F80C1043F00103536055F8083FFB
:10F0F0002046D9608B6000F039F9F3E6F00806F19C
:10F10000080237E62A442046536843F0010353605F
:10F11000083500F02BF9E5E6A919204646F001066E
:10F1200043F001046E60C7E90411C1E902CC4C60F0
:10F13000AB5000F01BF90835D4E6930903F139010F
:10F14000C90038339CE7BD425FD0BD68686820F0D5
:10F1500003084645A8EB060302D80F2B3FF762AF22
:10F16000204600F003F90025BCE603F15C0003F142
:10F170005B0CC30034E659F808394B4540F09680E3
:10F1800010F0030F00F1FF30F5D17B6823EA010393
:10F190007B60490099423FF6C0AE19B9BDE649000F
:10F1A0000EF1040E1942FAD0704667E603F110081A
:10F1B000D0E69A104FF001087B6808FA02F21A4371
:10F1C0007A6070E702EB08014942C1F30B0A51462D
:10F1D0002046009201F040F8431CDDE900237FF453
:10F1E000EFAEDA46EFE6542B25D8130B03F16F018F
:10F1F000C9006E3344E7B3F5AA7F25D8F30B03F1BA
:10F20000780003F1770CC300EAE5294B1868404405
:10F210001860B1E6CAF30B0CBCF1000F7FF4ACAE82
:10F22000BD68C84448F001006860F0E61546EEE6A7
:10F230000123536094E7B3F5AA7F23D8D30B03F1DE
:10F240007801C90077331BE740F25452934223D828
:10F25000B30C03F17D0003F17C0CC300C0E5ABF1FE
:10F26000080BD844A8EB02084FF0000AABE605F102
:10F27000080120460093FFF7EDF9BD68009B686820
:10F280001968C4E640F254518B420BD8930C03F139
:10F290007D01C9007C33F3E64FF47E737F204FF08D
:10F2A0007E0C9DE54FF47E717E23E9E67B6870E776
:10F2B000EC0D012000000000000000000000000034
:10F2C00001F0FF01102A2BDB10F0070F08D010F817
:10F2D000013B013A8B422DD010F0070F42B3F6D11B
:10F2E000F0B441EA012141EA014122F007047FF034
:10F2F00000070023F0E80256083C85EA010586EA8B
:10F30000010685FA47F5A3FA87F586FA47F6A5FAC6
:10F3100087F68EB9EED1F0BC01F0FF0102F00702D2
:10F3200032B110F8013B013A83EA010313B1F8D17D
:10F330000020704701387047002D06BF354603385E
:10F34000073815F0010F07D1013015F4807F02BF97
:10F35000013015F4C03F0130F0BC0138704700BFE8
:10F360000148FFF74DBC00BFDC0D01200148FFF74D
:10F370004FBC00BFDC0D0120C36C70B505460C46C8
:10F380004BB153F8240080B1026843F824200023D5
:10F39000C0E9033370BD2122042102F013FE0346AD
:10F3A000E8640028EDD1002070BD012101FA04F6C7
:10F3B000721D9200284602F005FE0028F3D0C0E935
:10F3C0000146E4E731B1C36C4A6853F82200086093
:10F3D00043F82210704700BFF0B50C69064683B0B1
:10F3E0000D4601F1140E0020DEF800101FFA81FC1A
:10F3F00002FB0C334FEA134C090C02FB01CC013029
:10F400009BB203EB0C4384424EF8043B4FEA1C438F
:10F41000EADC3BB1AA68A24207DD05EB84020134B5
:10F4200053612C61284603B0F0BD69680193013136
:10F430003046FFF7A1FF019B0746B8B12A69019347
:10F44000023205F10C0192000C30F9F72DFEF26C3E
:10F450006968019B52F82100286042F821503D461E
:10F4600005EB8402013453612C61DBE7024B034856
:10F470003A46B52102F080FD4C450208E0450208FD
:10F480002DE9F8430C4628491F46164603F10802A9
:10F4900081FB0231092F4FEAE2730546C3EB61039A
:10F4A00039DD4FF0010C00214FEA4C0C634501F1AE
:10F4B0000101F9DC2846FFF75FFF014668B3089BAE
:10F4C0004361092E4FF00103036112DC0A3409265F
:10F4D000B7420BDDBE1B264414F8013B0A22303B29
:10F4E0002846FFF779FFA6420146F5D10846BDE858
:10F4F000F88304F10909C846344418F8013B0A228C
:10F50000303B2846FFF768FFA0450146F5D1A6F13C
:10F5100008044C44DCE70021CCE70A46034B0448CE
:10F52000CE2102F029FD00BF398EE3384C45020898
:10F53000E0450208030C1B04D3B90004102310F0AB
:10F540007F4F04BF0002083310F0704F04BF00016A
:10F55000043310F0404F04BF80000233002805DB65
:10F5600010F0804F03F1010308BF202318467047B5
:10F570000023E4E7036813F00702014607D0DA0727
:10F580001FD4980721D55B080B600120704798B203
:10F59000A0B11046DAB20AB908301B0A1A0704BF34
:10F5A0001B0904309A0704BF9B080230DA0703D412
:10F5B0005B0800F1010006D00B6070471B0C1020A7
:10F5C000E8E700207047202070479B080B6002206E
:10F5D000704700BF38B5C36C04460D464BB1586840
:10F5E000B0B102685A6000220123C0E90435C2604C
:10F5F00038BD2122042102F0E5FC0346E064002826
:10F60000EDD1094B094800224FF4A07102F0B4FC7F
:10F610001C220121204602F0D5FC0028F1D0012255
:10F620000223C0E90123DEE74C450208E045020859
:10F630002DE9F04F0E691569AE4285B08846144633
:10F6400005DB2A46234635460C4616469846A368EF
:10F650006168AF19BB42B8BF0131FFF78DFE019061
:10F66000002800F08680019B03F1140909EB870A4A
:10F67000D14505D24B46002243F8042B9A45FBD8CE
:10F6800008F1140808EB860B04F11403D8451A4658
:10F6900003EB85055FD22B1B153B23F003030433DB
:10F6A0001534A54238BF0423CDE902A7AC461F4656
:10F6B000924605E0000C29D1C34509F1040948D957
:10F6C00058F8040B85B2002DF4D056464C46002362
:10F6D00056F8040B216882B21FFA81FE05FB02EE88
:10F6E000000C0A0C734405FB002202EB13429BB290
:10F6F00043EA0243B44544F8043B4FEA1243E7D8D7
:10F7000049F8073058F8040C000CD5D0D9F800306F
:10F71000544619464D4600222688090C00FB061166
:10F720000A449BB243EA024345F8043B54F8046B95
:10F730002968360C8BB200FB063303EB1243A44559
:10F740004FEA1342E8D8C34549F8073009F10409E4
:10F75000B6D8DDE902A7002F02DC05E0013F03D0A7
:10F760005AF8043D002BF9D00198076105B0BDE8B7
:10F77000F08F034B0348019A40F25D1102F0FCFB4D
:10F780004C450208E045020812F003032DE9F04160
:10F790001446064632D10D46A41020D0D6F8488033
:10F7A000B8F1000F33D0E3074FF0000707D464101F
:10F7B00015D0D8F80000A8B18046E307F7D5424637
:10F7C00029463046FFF734FFB5B16968F36C641021
:10F7D00053F821202A6043F821500546E9D12846F4
:10F7E000BDE8F081424641463046FFF721FFC8F8A8
:10F7F000000007608046E0E70546D8E7013B0F4A76
:10F8000052F823200023FFF7E7FD0546C4E7012156
:10F810003046FFF7B1FD804640B1012340F271222E
:10F82000C0E904320023B0640360BCE7044B054820
:10F8300042464FF4A07102F09FFB00BF78470208D8
:10F840004C450208E04502082DE9F0470C46904679
:10F850002669A368496806EB6216751C9D42074637
:10F860004FEA621904DD5B009D4201F10101FADCFF
:10F870003846FFF781FD8446002851D0B9F1000FCA
:10F8800000F114000EDD09F105024FEA820E034675
:10F890000CEB8202002143F8041B9342FBD1AEF132
:10F8A00014031844216904F1140318F01F0803EB32
:10F8B00081012DD0C8F1200986464FF0000A1A6850
:10F8C00002FA08F242EA0A024EF8042B53F8042B1B
:10F8D000994222FA09FAF2D80B1B153B23F00303D5
:10F8E000043304F11502914238BF0423BAF1000F2A
:10F8F00018BF2E4640F803A0FB6C6268CCF810607D
:10F9000053F822102160604643F82240BDE8F0879A
:10F91000043853F8042B40F8042F9942F9D8EBE748
:10F92000034B0448624640F2D91102F025FB00BFA8
:10F930004C450208E04502080B6984460069C01A7C
:10F9400016D10CF1140C14310CEB830210B401EB42
:10F95000830301E0944508D252F8044D53F8041D86
:10F960008C42F7D005D24FF0FF305DF8044B704762
:10F97000704701205DF8044B704700BF2DE9F84F38
:10F980000F691369FF1A002F0E4690467AD101F1D4
:10F990001405143202EB830205EB830301E09D4260
:10F9A00073D253F8041D52F8044DA142F7D064D32A
:10F9B0007168FFF7E1FC8146002872D03569D8F8FC
:10F9C0001020C76008F1140E06F1140009F1140AA2
:10F9D00006F1100C0EEB820200EB85075646002163
:10F9E0005EF8044B5CF804BFA3B211FA8BF1CB1A9A
:10F9F000210CC1EB1B4101EB23419BB243EA0143C4
:10FA0000724546F8043B4FEA2141E9D8A2EB0804CD
:10FA1000153C08F11508424524F0030606F10406DA
:10FA200038BF0426304424F0030238BF0022874246
:10FA30005244B24416D95646044654F8043B11FACF
:10FA400083F10A1402EB134289B241EA0243A7424E
:10FA500046F8043B4FEA2241EFD87A1E101A20F0F4
:10FA60000302524423B952F8043D013D002BFAD061
:10FA7000C9F810504846BDE8F88F3346012746467E
:10FA8000984695E7F9DB002792E70021FFF774FC21
:10FA9000814668B101220023C9E904234846BDE834
:10FAA000F88F074B07484A464FF4107102F064FA8A
:10FAB000034B04484A4640F2322102F05DFA00BF8F
:10FAC0004C450208E045020882B08DED000B154B55
:10FAD000019A1340A3F15073002B05DD0020194655
:10FAE00041EC100B02B070475B42B3F1A07F4FEACC
:10FAF000235208DA4FF40023002043FA02F141ECCC
:10FB0000100B02B07047143A1E2ADABF4FF00043C0
:10FB100023FA02F201220021104641EC100B02B040
:10FB2000704700BF0000F07FF8B5046900F11406CB
:10FB300006EB8404271F54F8045C2846FFF7FAFC00
:10FB4000C0F120030A280B6031DDBE421BD20B3806
:10FB500054F8081C23D0C0F1200C854021FA0CF782
:10FB60002F43A4F1080547F07F53AE4243F44013FE
:10FB700036D2814054F80C0C20FA0CF008430246AF
:10FB800043EC102BF8BD0B3808D005FA00F040F01C
:10FB90007F53002043F440130246F1E7014645F04D
:10FBA0007F5343F440130A4643EC102BF8BDC0F1D9
:10FBB0000B0C25FA0CF1BE4241F07F5338BF54F8CC
:10FBC000081C00F1150034BF21FA0CF1002105FAE0
:10FBD00000F043F4401340EA010243EC102BF8BD5F
:10FBE00001FA00F00246CBE72DE9F043884683B0E6
:10FBF000012157EC106B1546FFF7BEFB04460028A9
:10FC00004FD0C7F30A59C7F31303B9F1000F01D05E
:10FC100043F48013002E019324D068460096FFF72A
:10FC2000A9FC002839D0DDE90013C0F1200203FA55
:10FC300002F20A43C34062610193002B14BF022207
:10FC40000122A3612261B9F1000F16D0A9F233435A
:10FC50000344C0F13500C8F800302860204603B0E6
:10FC6000BDE8F08301A8FFF785FC019B63610122D9
:10FC700020302261B9F1000FE8D104EB8203A0F239
:10FC80003240C8F800001869FFF754FCC0EB42107E
:10FC90002860204603B0BDE8F083009B6361019BB0
:10FCA000CBE7034B0348224640F20A3102F064F9E5
:10FCB0004C450208E0450208F0B583B00E4669469F
:10FCC0000746FFF731FF01A9304655EC104BB0EE67
:10FCD000407BFFF729FF3B693169591ADDE90023B1
:10FCE000D31A03EB4113002B09DD17EE902A02EB28
:10FCF000035545EC174B87EE000B03B0F0BD10EE3B
:10FD0000902A51EC100BC3EB033302EB035141EC8F
:10FD1000100B87EE000B03B0F0BD00BF172808DD05
:10FD2000B7EE000BB2EE047B013820EE070BFBD1DF
:10FD30007047034B03EBC00090ED000B704700BF12
:10FD4000884602080139491101F1010C116902F1DB
:10FD5000140303EB81018B4200EB8C0C16D210B51F
:10FD6000A0F1040E53F8044B4EF8044F9942F9D811
:10FD70008B1A153B23F0030304331844844504D93C
:10FD8000002340F8043B8445FBD810BD844505D9C9
:10FD9000002340F8043B8445FBD87047704700BF00
:10FDA00003694A11934200F1140009DA00EB83035E
:10FDB00002E053F8042DCAB98342FAD800207047F4
:10FDC00011DD11F01F010ED010B450F8224000EBED
:10FDD000820324FA01F202FA01F18C420CD00120D4
:10FDE0005DF8044B704700EB8203E5E701207047A4
:10FDF00053F8042D002AF2D18342F9D800205DF88F
:10FE0000044B70472DE9F84F1746002900F0988001
:10FE100007F10B0580460C46FFF7A2FA162D5DD8B8
:10FE200010252A46AF425ED854F8041C21F0030680
:10FE30009642A4F1080962DABC4BD3F808C009EB7A
:10FE40000600844500F09780D0F804C02CF0010330
:10FE500003445B68DB0768D42CF0030C06EB0C034F
:10FE6000934247DACB0710D454F8083CA9EB030AB5
:10FE7000DAF8043023F003018C44B444944580F252
:10FE800011817318934280F2E88039464046FEF7AC
:10FE900061FF0746E0B154F8043C23F001034B44F2
:10FEA000A0F10802934200F0D280321F242A00F20F
:10FEB000F580132A00F2AC800346224611681960CF
:10FEC0005168596092689A6021464046FEF7C2FB2D
:10FED0004046FFF74BFA3846BDE8F88F25F0070596
:10FEE000002D2A469EDA0C23C8F800300027384639
:10FEF000BDE8F88F1E46D0E90223D3609A60731BD9
:10FF00000F2B22D8D9F8043003F0010333434E44B9
:10FF1000C9F80430736843F0010373604046274614
:10FF2000FFF724FA3846BDE8F88FC907ADD454F876
:10FF3000083CA9EB030ADAF8041021F00301A0E75A
:10FF4000BDE8F84F1146FEF705BFD9F8041001F0DF
:10FF500001012943C9F8041009EB05014E4443F09F
:10FF600001034B60736843F001030831736040463E
:10FF7000FEF770FBD2E7DCF8040020F0030B06EB81
:10FF80000B0C05F1100084454DDAC9073FF57DAF34
:10FF900054F8081CA9EB010ADAF8041021F0030157
:10FFA0008B44B34458453FF76CAF5746DAF80C1012
:10FFB00057F8080F321F242AC160886000F2DB80E6
:10FFC000132A40F2D6802168CAF808106168CAF87E
:10FFD0000C101B2A00F2DF8008340AF1100221689D
:10FFE000116061685160A16891600AEB0501ABEB9B
:10FFF000050242F0010299604A60DAF8043003F029
:020000040802F0
:1000000001031D434046CAF80450FFF7AFF96EE7FD
:1000100023680360636843601B2A68D804F1080200
:1000200000F108034AE709EB05029A60ACEB05030F
:1000300043F00103536054F8043C03F001031D43F3
:10004000404644F8045CFFF791F927464FE750F823
:10005000043C23F003031E4451E75746DAF80C1022
:1000600057F8080F321F242AC16088604CD8132A21
:1000700048D92168CAF808106168CAF80C101B2A10
:1000800056D808340AF110021E46236813606368CC
:100090005360A3689360D1463C4630E72146F9F7A8
:1000A0009DF811E7D0E902135746CB60996057F8E5
:1000B000081FDAF80C30CB60321F242A99602DD843
:1000C000132A29D92368CAF808306368CAF80C30A3
:1000D0001B2A42D808340AF1100322681A606268A9
:1000E0005A60A2689A606646D1463C4607E7A36814
:1000F0008360E368C360242A26D004F1100200F173
:100100001003DBE63A46BFE7214638461E46D14695
:10011000F9F764F83C46F2E63B46DEE7214638460E
:100120006646D146F9F75AF83C46E8E60405002051
:10013000A168CAF81010E168CAF81410242A20D067
:1001400010340AF118029FE7236903616169416174
:1001500004F1180200F11803B0E6A368CAF81030E1
:10016000E368CAF81430242A21D010340AF11803A5
:10017000B3E73A4633E721463846F9F72FF8164BEE
:1001800033E72269CAF818206269CAF81C201834BB
:100190000AF1200278E7A168CAF81010E168CAF8ED
:1001A0001410242A0DD010340AF1180217E723691D
:1001B000CAF818306369CAF81C3018340AF12003F1
:1001C0008BE72269CAF818206269CAF81C20183423
:1001D0000AF1200203E700BF040500200000000030
:1001E00030B482B08DED000B019A194C22F000431F
:1001F0000021A342016021DC009C1C431ED0154C51
:10020000144054B99FED107B20EE077B8DED007BF1
:10021000019A6FF0350122F0004322F0FF42DDE940
:10022000004522F4E00242F07F551B1545F400150D
:10023000A3F2FE33CDE900450B4403609DED000BB6
:1002400002B030BC704700BF000000000000504307
:10025000FFFFEF7F0000F07F38B5074D0022044616
:1002600008462A6002F096FD431C00D038BD2B687A
:10027000002BFBD0236038BD240E012010B50C46A6
:10028000B1F90E1002F0D6F8002803DB236D034409
:10029000236510BDA38923F48053A38110BD00BF43
:1002A000002070472DE9F0410C46B1F90C101F46B3
:1002B000CB05054616460BD421F48051A1813B465F
:1002C000B4F90E1032462846BDE8F04101F0F8BD01
:1002D000B4F90E100223002202F076F8B4F90C10E3
:1002E000EAE700BF10B50C46B1F90E1002F06CF849
:1002F000A389421C0EBF23F4805343F4805320652E
:10030000A38110BDB1F90E1001F08CBE2DE9F04FA4
:10031000936883B09146002B6ED017688D68804635
:100320000C460868083744E0A38913F4906F2ED078
:10033000D4E90415A0EB010A05EB450505EBD575DD
:100340000AEB06006D100130A8422A4684BF05461C
:100350002A465B0537D511464046FEF7FBFC0028D0
:100360003BD0524621690190F8F79EFEA289019B7D
:1003700022F4906242F08002A281A5EB0A0203EB14
:100380000A006561A260236120603546B246594685
:100390005246F8F723FFA068D9F808102368451BD8
:1003A0008E1B03EB0A00A5602060C9F808601EB32D
:1003B000083757E902B6002EFAD0B542AA46B3D99B
:1003C0003546B246E3E74046FFF71CFD03460028EA
:1003D000D3D121694046FEF73DF90C23C8F800301F
:1003E000A389002243F040034FF0FF30A381C9E905
:1003F000012203B0BDE8F08F0020C9F8040003B06B
:10040000BDE8F08F2DE9F04F2DED028BBBB008EE6B
:10041000101A03938B891B0608EE900A914603D5A8
:100420000B69002B00F0F08411AB0E930023CDE993
:100430000F33CDE90833069311AF0793019399F871
:100440000030002B00F039814C4604E014F8013FE5
:10045000002B00F01681252BF8D1B4EB090540F0F4
:1004600013812378002B00F028814FF00003002235
:100470004FF0FF318DF8333004F1010963780292B7
:10048000009193462B2409F10109A3F120025A2A75
:1004900000F22781DFE812F05F02250125015A02F0
:1004A0002501250125016A00250125014F024A0287
:1004B0002501F000300225012B025B005B005B0090
:1004C0005B005B005B005B005B005B0025012501BE
:1004D0002501250125012501250125012501C90148
:1004E000860025012501250125012501250125017C
:1004F000250125012501B000250125012501AE01B9
:1005000025011A0225012501840425012501250163
:100510002501250125012501250125012501C90107
:1005200088002501250125018E0288008100250112
:10053000810225016A02B200090281002501AE0193
:100540007E00820425012501A30425017E00A3F17C
:100550003002002119F8013B01EB810102EB41015E
:10056000A3F13002092AF5D902918EE718EE900A1C
:10057000FEF734FB436808931846F9F7C1F9099070
:10058000054618EE900AFEF729FB83680793002DB5
:1005900040F0F08399F8003075E799F800304BF09F
:1005A000200B70E74BF0100B1BF0200F039D00F0A9
:1005B0001381073525F007052A466B6852F8085B5A
:1005C00003921E46002BC0F24981009B013300F0CC
:1005D000588455EA06032BF0800800F056830A2D54
:1005E00076F1000380F0788330358DF8E750C3460C
:1005F00001260DF1E7042FE04BF0100B1BF0200655
:1006000000F0DB80039D073525F007052B466E685B
:1006100053F8085B03932BF4806800234FF000022B
:100620008DF83320009A1146013100F0268155EAF9
:10063000060128F0800B40F08982002A40F02484D3
:10064000002B40F0278318F0010600F0818330234F
:100650008DF8E7300DF1E704009A9DF83330B2428F
:10066000B8BF32469046002B49D002F1010846E05F
:10067000029A5242CDE9022399F800304BF0040B64
:1006800001E7B4EB090518D0109B2B4410930F9B86
:100690000133072BC7E900950F9304DC0837019B52
:1006A0002B440193DDE618EE101A18EE900A0EAAFC
:1006B000FFF72CFE28B911AFF1E7109B002B40F09B
:1006C0003F8418EE103A9B8913F0400F019B18BF2E
:1006D0004FF0FF33019301983BB0BDEC028BBDE8B6
:1006E000F08F002BE9D08DF884304FF001084FF0E7
:1006F00000038DF83330464621AC002300931BF0F5
:100700000203049318BF08F102081BF08403059349
:1007100005D1029BA3EB0805002D00F31982DDE94A
:100720000F219DF8330068B101320DF13300013122
:100730003860072A4FF00100CDE90F21786000F3FF
:1007400059820837049B63B101320DAB02313B6023
:10075000072A4FF00203CDE90F217B6000F33C82B2
:100760000837059B802B00F04F81009BA3EB060A06
:10077000BAF1000F00F3938101323144072ACDE929
:100780000F213C607E6000F3C98108371BF0040F25
:1007900005D0029BA3EB0804002C00F33982DDE9AD
:1007A00001324245ACBF9B1843440193002940F0FD
:1007B000C28100230F9311AF41E61BF0100340F0FC
:1007C000E8821BF0400200F08383039A52F8045B36
:1007D00003921E46ADB21EE755F8043B03951BF08D
:1007E000100F35D11BF0400F2ED043F3C0361DB291
:1007F0003346E7E6039D55F8044B4FF000038DF8B0
:100800003330002C00F05C83009A1346013300F073
:10081000F38200212046FEF753FD002800F0998363
:100820000023061B0395009316E7039D4FF000037A
:100830008DF833304FF0010855F8043B8DF88430C3
:100840000395464621AC58E71BF4007F40F06A83CD
:10085000DE171D463346002BBFF6B7AE009A6D4239
:1008600011464FF02D0366EB460601318DF833300B
:10087000D8464FF001037FF4DAAE012B3FF4AFAE60
:10088000022B3AAC40F0A380069A05F00F032D0925
:10089000D35C04F8013D45EA0675360955EA0603BE
:1008A000F3D13AABC3461E1BD6E6039B53F8045B59
:1008B000039330238DF8343078238DF83530C34BD3
:1008C00006934BF0020800260223A7E64BF010081F
:1008D00018F0200600F0E381039D073525F0070599
:1008E0002B466E6853F8085B0393012396E699F84C
:1008F00000304BF0800BC6E5494611F8013B2A2B2E
:1009000000F03083A3F13002092A894698BF002104
:1009100000F2248319F8013B01EB810102EB410154
:10092000A3F13002092AF5D90091AEE599F800301B
:100930008DF83340A7E5039B53F8042B0292002A5D
:10094000FFF696AE039399F800309CE599F80030D5
:100950004BF0010B97E59DF83330002B7FF41AAE76
:1009600020238DF8333099F800308CE51BF0200FF0
:1009700040F0F6811BF0100F40F09A821BF0400F00
:1009800040F0D6821BF4007F00F09282039D019A12
:1009900055F8043B03951A7051E599F800306C2B1B
:1009A00003BF99F801304BF0200B09F101094BF01E
:1009B000100B68E599F80030682B03BF99F80130F7
:1009C0004BF4007B09F101094BF0400B5BE505F0AE
:1009D0000703ED0845EA4675F608303355EA060187
:1009E000224604F8013DF2D118F0010F3FF459AF4F
:1009F000302B3FF456AF3023023A04F8013C3AABB7
:100A0000C3469E1A144627E6029BA3EB080ABAF1D6
:100A1000000F7FF7AAAEBAF1100F6D4D2CDDCDE9B6
:100A20000446102318EE904A18EE106A084606E0B5
:100A3000AAF1100ABAF1100F07F1080719DD013207
:100A40001030072AC7E90053CDE90F20F0DD0EAAC8
:100A50003146204611AFFFF759FC00287FF431AE34
:100A6000AAF1100ABAF1100FDDE90F204FF01003C0
:100A7000E5DCDDE90446014601325144072ACDE9AF
:100A80000F213D60C7F804A000F30482009BA3EB94
:100A9000060ABAF1000F07F108077FF76DAEBAF149
:100AA000100F4B4D2EDD00940496384618EE904AF8
:100AB00018EE107A10230E4606E0AAF1100ABAF1D9
:100AC000100F00F1080019DD01321036072AC0E9C5
:100AD0000053CDE90F26F0DD0EAA39462046FFF778
:100AE00015FC00287FF4EDADAAF1100ABAF1100F41
:100AF000DDE90F2611A84FF01003E5DC3146009C1C
:100B0000049E074601325144072ACDE90F213D607A
:100B1000C7F804A000F3D28008372DE618EE101AAB
:100B200018EE900A0EAAFFF7F1FB00287FF4C9AD7A
:100B3000109911AF2AE618EE101A18EE900A0EAAB4
:100B4000FFF7E4FB00283FF434AEBAE5D84694E65C
:100B5000102DDDE90F21DFF87CA02ADDCDE90A4662
:100B60001023544618EE106A18EE90AA084604E0C6
:100B7000103D102D07F1080717DD01321030072A4C
:100B8000C7E90043CDE90F20F2DD0EAA31465046F9
:100B900011AFFFF7BBFB00287FF493AD103D102D84
:100BA000DDE90F204FF01003E7DCA2460B9E0A9C04
:100BB000014601322944072ACDE90F21C7F800A0D8
:100BC0007D6000F346810837ABE500BFC8440208EA
:100BD000944702088447020818EE101A18EE900A8B
:100BE0000EAAFFF793FB00287FF46BADDDE90F2120
:100BF00011AFB6E518EE101A18EE900A0EAAFFF71C
:100C000085FB00287FF45DADDDE90F2111AF99E58B
:100C1000102C0F9BDFF884A322DD564618EE10BA85
:100C200018EE90AA102504E0103C102C07F10807DC
:100C300015DD01331031072BC7E90065CDE90F3110
:100C4000F2DD0EAA59465046FFF760FB00287FF4FC
:100C500038AD103C102CDDE90F3111AFE9DCB246A4
:100C600001332144072BC7E900A4CDE90F317FF7F9
:100C700096AD18EE101A18EE900A0EAAFFF746FB72
:100C800000287FF41EAD109989E5009B002B7FF4AE
:100C9000ABACC346002300931E463AACDCE418F02C
:100CA000100357D118F0400200F02081039A52F847
:100CB000045B03921E46ADB20123AFE418EE101A96
:100CC00018EE900A0EAAFFF721FB00287FF4F9AC7A
:100CD000DDE90F2111AF4FE508F4806B5B46CDF8DD
:100CE0001080BB46DDF81C804FF0000A3AAC1F466E
:100CF00008E0314601F094FE0A2D76F100031ED380
:100D000005460E46284631460A22002301F088FE99
:100D10001146303104F8011C28460A220023013C08
:100D20000AF1010A002FE4D098F800105145E0D1F3
:100D3000BAF1FF0FDDD00A2D76F1000374D2CDF8A1
:100D40001C80DDF810803AAB5F461E1BC34683E46F
:100D50003AAC81E4039B53F8045B039301235DE405
:100D6000039D019955F8042B0395CB17C2E9001395
:100D7000FFF765BB079B002B3FF40CAC079B1B7870
:100D8000002B3FF407AC99F800304BF4806BFFF771
:100D90007ABB039B53F8045B03933CE4D84697E586
:100DA0007B4A06921BF020061ED0039D073525F0D6
:100DB00007052A466E6852F8085B03921BF0010F84
:100DC00009D055EA060206D08DF8353030234BF0B5
:100DD000020B8DF834302BF4806802231EE46D4A38
:100DE00006921BF02006E0D11BF010023FD0039AC0
:100DF00052F8045B0392E1E720460395F8F780FD83
:100E000000230646009327E44021FDF7A3FF18EED8
:100E1000103A18601861002800F0B08018EE102A0F
:100E200040235361FFF700BB099B0899E41A1A4657
:100E30002046F8F713FE98F801300BB108F10108CD
:100E4000284631460A2200234FF0000A01F0E8FD4F
:100E500056E718EE101A18EE900A0EAAFFF756FA87
:100E600000287FF42EACDDE90F2111AF59E41BF00F
:100E700040014AD0039951F8045B03911646ADB284
:100E80009CE7D846FFF7ABBB012BD8467FF4F8AC04
:100E9000FFF7AABB18EE101A18EE900A0EAAFFF779
:100EA00035FA00287FF40DACDDE90F2111AF5CE4C9
:100EB000039D019A55F8043B1A600395FFF7BFBAEA
:100EC000009E354C0395062E28BF0626B04614E436
:100ED000039B1BF4007614BF53F8045B53F8045BC8
:100EE00003931CBF1646EDB2FFF795BB039B18F4A6
:100EF000007614BF53F8045B53F8045B03931CBFE4
:100F00001646EDB20123FFF789BB039A1BF4007666
:100F100014BF52F8045B52F8045B03921CBF0E46E8
:100F2000EDB24BE743F3C0165DB23346FFF74ABB61
:100F3000039D019A55F8043B03951A80FFF77FBA89
:100F400018EE101A18EE900A0EAAFFF7DFF9FFF755
:100F5000B8BB009E03950090FFF77EBB0022009275
:100F6000FFF793BA039A99F80130894652F8041BA7
:100F7000039241EAE1710091FFF785BA18EE902AD9
:100F80000C2313604FF0FF330193FFF7A4BB00BFA6
:100F9000DC440208C8440208F044020884470208FE
:100FA0002DE9F84F4B6E9C0490462DD5936812683E
:100FB00043B38B46064602F1080959E9025A5FEA33
:100FC0009A0715D0043D002401E0A7420ED055F841
:100FD000041F5A46304601F01BF9431C04F101047A
:100FE000F3D10023C8E90133BDE8F88FD8F8083001
:100FF0002AF0030AA3EB0A03C8F8083009F108092C
:10100000002BDAD10020ECE7FDF72AFC0023C8E929
:101010000133BDE8F88F00BF10B494681CB15DF8CF
:10102000044BFFF7BDBF204654605DF8044B70478A
:101030002DE9F04F2DED028BBBB008EE101A08EE33
:10104000900A1C461746039318B1836B002B00F0DF
:101050009C8218EE102A536EDE0740F19E81B2F991
:101060000C108AB2900409D441F4005218EE101A00
:101070004B6E8A8123F4005392B24B66110740F104
:10108000F88018EE103A1B69002B00F0F28002F095
:101090001A030A2B00F0FE8011AB0E930023CDE95A
:1010A0000F33CDE9083306930DF1440907930293FA
:1010B0003B78002B00F05B813C4604E014F8013FD4
:1010C000002B00F03481252BF8D1E51B40F0318155
:1010D0002378002B00F04B814FF0000300258DF8A2
:1010E0003330671C637801954FF0FF3B2B240137A9
:1010F000A3F120025A2A00F26181DFE812F0AB026C
:101100005F015F01A7025F015F015F016A005F018C
:101110005F0149027E025F015402B9025F01B5021C
:101120005B005B005B005B005B005B005B005B00E7
:101130005B005F015F015F015F015F015F015F01B4
:101140005F015F01360284005F015F015F015F01A3
:101150005F015F015F015F015F015F01E5005F010A
:101160005F015F011A025F016C025F015F014805C8
:101170005F015F015F015F015F015F015F015F016F
:101180005F015F01360286005F015F015F0162025D
:10119000860080005F0158025F019402E70082022E
:1011A00080005F011A027E0068055F015F016A0529
:1011B0005F017E00A3F13002002117F8013B01EB33
:1011C000810102EB4101A3F13002092AF5D9019115
:1011D0008EE718EE900AFDF701FD43680893184664
:1011E000F8F78EFB0990064618EE900AFDF7F6FC1C
:1011F00083680793002E40F0A5843B7877E73B781F
:1012000045F0200573E745F01005AC06039E40F15C
:101210008281073626F007063246736852F8086B5B
:1012200003929846002BC0F25584BBF1FF3F00F0BB
:101230003A8556EA080325F0800A00F030840A2E29
:1012400078F1000380F0E784303601238DF8E76001
:10125000554600930DF1E704009A9DF833305A4546
:10126000B8BF5A469046002B00F0B78002F1010843
:10127000B3E018EE101A18EE900A18EE105AFBF7A9
:1012800031FF002840F0A885AA8902F01A030A2B32
:101290007FF402AF18EE101AB1F90E30002BFFF6F2
:1012A000FBAE4B6EDE0702D4950540F1738518EE58
:1012B000101A18EE900A23463A463BB0BDEC028B5A
:1012C000BDE8F04F00F0BCBD45F0100515F020085A
:1012D00000F01281039E073626F007063346D6F843
:1012E000048053F8086B039325F4806A00234FF0C1
:1012F00000028DF83320BBF1FF3F00F0D38156EAA6
:1013000008022AF0800540F0CC81BBF1000F40F0CC
:10131000CD84002B40F0C8831AF00103009300F045
:10132000F88330238DF8E7300DF1E70494E7E51BEF
:101330001DD00F9B109A01332A44072BC9E9007571
:1013400010920F9305DC09F10809029B2B440293CC
:10135000BEE6002A00F09F8318EE101A18EE900ADD
:101360000EAAFFF71DFE40B90DF14409EDE7109BF1
:10137000002B40F0208500230F9318EE102A536EA7
:10138000D90740F1AE8093895B0600F12E85029863
:101390003BB0BDEC028BBDE8F08FB2F90C108D05AF
:1013A00018EE103A8AB23FF55DAE18EE105A986DFD
:1013B000FDF726FCB5F90C108AB253E6002BD6D007
:1013C0008DF884304FF001084FF000038DF8333072
:1013D000CDF8008021AC4FF0000B15F00203049310
:1013E00018BF08F1020815F08403059305D1019B8D
:1013F000A3EB0806002E00F37F82DDE90F21501CCD
:101400009DF833608EB10DF133020131C9F800202F
:1014100007284FF00102CDE90F01C9F8042000F3BD
:101420004C82024609F108090130049BEBB10DAB77
:101430000231C9F8003007284FF00203CDE90F014F
:10144000C9F8043040F35382002900F01F8318EEDE
:10145000101A18EE900A0EAAFFF7A2FD00288CD1F0
:10146000DDE90F210DF14409501C059B802B00F094
:101470005A81009BABEB0306002E00F3BD81009B5D
:10148000C9F8004019440728CDE90F01C9F8043014
:1014900040F34681002900F0858218EE101A18EEFC
:1014A000900A0EAAFFF77CFD00287FF466AF109922
:1014B0000DF14409680705D5019BA3EB0804002C36
:1014C00000F37A82DDE901234245ACBF9B18434417
:1014D0000293002940F0E08100230F930DF14409AD
:1014E000E6E593899A053FF54FAF18EE104AA06DD7
:1014F000FDF78EFBA38947E715F0100340F03A8310
:1015000015F0400200F0F983039A52F8046B03923D
:101510009846B6B2E8E656F8043B0396E80600F1B2
:101520000483690640F1FE8243F3C0381EB243468D
:1015300078E6039E56F8044B4FF000038DF83330E5
:10154000002C00F0C183BBF1FF3F00F045835A46F9
:1015500000212046FDF7B4FE002800F02084031B84
:10156000009303964FF0000B76E6039E4FF00003C6
:101570008DF833304FF0010856F8043B8DF8843075
:101580000396CDF8008021AC25E7FCF7D7FE60E597
:10159000039B53F8042B0192002A80F2B682019A31
:1015A0000393524201923B7845F004059FE53B7856
:1015B0006C2B03BF7B7845F02005013745F0100503
:1015C00095E53B78682B03BF7B7845F400750137C0
:1015D00045F040058BE545F0100A1AF0200800F0B0
:1015E0006A82039E073626F007063346D6F8048043
:1015F00053F8086B0393012379E63B788DF8334069
:1016000075E5039B53F8046B039330238DF8343056
:1016100078238DF83530C14B069345F0020A4FF020
:101620000008022363E6AE0600F19A82EC0600F1A0
:101630004383680600F1A083A90540F13D83039E22
:10164000029A56F8043B03961A7031E53B7845F050
:1016500001054CE59DF83330002B7FF4CEAD2023FF
:101660008DF833303B7842E53B7845F080053EE528
:10167000394611F8013B2A2B00F0C083A3F1300258
:10168000092A0F464FF0000B3FF632AD17F8013B29
:101690000BEB8B0B02EB4B0BA3F13002092AF5D9B4
:1016A00026E5AA46012B3FF4CAAD022B3AAC12D173
:1016B000069A06F00F033609D35C04F8013D46EAAA
:1016C00008764FEA181856EA0803F2D13AAB1B1B0A
:1016D00055460093C0E506F00703F60846EA48764B
:1016E0004FEAD808303356EA0801224604F8013D93
:1016F000F1D11AF0010FE9D0302BE7D03023023AB4
:1017000004F8013C3AAB9B1A554600931446A3E5F6
:10171000009911940123129110910F930DF1440936
:1017200009F10809C6E6019BA3EB0806002E7FF726
:10173000A0AE102E40F35E83DFF8E4A15346CDE95E
:101740000445BA4618EE904A18EE105A08469646D6
:101750001F4607E00EF1020C09F108099646103EFB
:10176000102E1FDD0EF1010210301023072ACDE9E3
:101770000F20C9F80070C9F80430EBDD0EAA00286C
:1017800000F09580294620460DF14409FFF708FC3A
:1017900000287FF4F2ADDDE90FE0103E102E0EF1CF
:1017A000010CDFDCDDE904453B46014657469A461D
:1017B0003144BCF1070FCDE90FC1C9F800A0C9F849
:1017C000046040F3A981002900F0C68218EE101AC7
:1017D00018EE900A0EAAFFF7E3FB00287FF4CDADC8
:1017E000009BDDE90F21ABEB0306002E02F10100A7
:1017F0000DF144097FF743AE102EDFF824A137DD49
:101800005346CDE90445BA4618EE904A18EE105AF0
:101810004FF0100B084694461F4607E00CF1020EED
:1018200009F108099446103E102E1ADD0CF1010250
:101830001030072AC9E9007BCDE90F20EEDD0EAAA2
:1018400020B3294620460DF14409FFF7A9FB0028E3
:101850007FF493ADDDE90FC0103E102E0CF1010EA8
:10186000E4DCDDE904453B460146574670469A46AE
:1018700031440728CDE90F01C9F800A0C9F8046078
:1018800000F3EE8009F108090130F8E54FF0010E90
:1018900084460DF14409C6E718EE101A18EE900AB6
:1018A0000EAAFFF77DFB00283FF416AE65E54FF06A
:1018B000010C86460DF1440951E7002900F0E38050
:1018C00018EE101A18EE900A0EAAFFF769FB00280E
:1018D0007FF453ADDDE90F210DF14409501CA4E55F
:1018E00002210DAB1291119301200DF14409024622
:1018F00009F10809501CB8E5102E40F35682DDE9C5
:101900000FC1DFF820A0CDE90A451023544618EE98
:10191000105A18EE90AA08460EE000BFC84402080C
:10192000B4470208A44702080CF1020E09F10809A5
:101930009446103E102E1CDD0CF101021030072AD7
:10194000C9E90043CDE90F20EEDD0EAA20B32946F8
:1019500050460DF14409FFF723FB00287FF40DAD3D
:10196000DDE90FC0103E102E0CF1010E4FF01003F8
:10197000E2DCA2460B9D0A9C014672463144072ACE
:10198000CDE90F21C9F800A0C9F8046000F3AB80CD
:1019900009F10809501C33E584464FF0010E0DF1A2
:1019A0004409C6E76C070F9152D5019BA3EB0804CD
:1019B000002C4DDD0DF14409102C40F30882DFF8B6
:1019C0005CA40F9A0B46BB464946574618EE109A40
:1019D00018EE90AA102505E0901C08313246103C04
:1019E000102C18DD561C1033072EC1E90075CDE907
:1019F0000F63F1DD0EAA3BB349465046FFF7D0FA1C
:101A000000287FF4BAACDDE90F23103C102C02F162
:101A1000010011A9E6DC8946BA4619465F46214411
:101A20000728C9E900A4CDE90F017FF74BAD79B1D3
:101A300018EE101A18EE900A0EAAFFF7B1FA002855
:101A40007FF49BAC10993DE501201A4611A9C6E729
:101A5000DDE901234245ACBF9B18434402933BE5BB
:101A600000293FF455AE18EE101A18EE900A0EAA8F
:101A7000FFF796FA00287FF480AC0F981099013098
:101A80000DF14409FBE4049B002B79D101200A46A7
:101A90000DF14409E9E40F920DF1440955E4BBF15D
:101AA000000F7FF4D1AB55464FF0000BCDF800B0DE
:101AB0003AACFFF7D1BB1AF010033CD11AF0400248
:101AC00000F00C81039A52F8046B03929846B6B268
:101AD00001230CE42D2376428DF8333068EB48085F
:101AE000AA46012307E400297FD018EE101A18EE49
:101AF000900A0EAAFFF754FA00287FF43EACDDE905
:101B00000F210DF14409501C7AE403933B78FFF751
:101B1000EEBA3AACFFF7A0BB09F108090CF10100DD
:101B20006246A6E4AA0500F12F814FEAE3781E463B
:101B30004346FFF777BB039B53F8046B03930123E2
:101B4000FFF7D5BB079B002B3FF457AB079B1B78D8
:101B5000002B3FF452AB3B7845F48065FFF7C7BAE2
:101B6000DDE9021656F8042B0396CB17C2E90013E1
:101B7000FFF79EBA039B53F8046B0393FFF7B4BBC4
:101B800002210DAB129111930DF14409B0E6A04A68
:101B9000069215F0200836D0039E073626F0070679
:101BA0003246D6F8048052F8086B0392EA0709D54A
:101BB00056EA080206D08DF83530302345F002058C
:101BC0008DF8343025F4806A0223FFF790BBAA46D3
:101BD00003E5904A0692DCE720460396F7F790FE6D
:101BE0004FF0000B0090FFF737BB9DF83320002A21
:101BF00000F0B88001200DF13302129011920DF126
:101C0000440901460DE415F0100242D0039A52F83F
:101C1000046B0392CAE70AF48063CDF800A0CDF804
:101C20001090BA46DDF81C9000253AAC1F4609E03A
:101C30003046414600F0F4FE0A2E78F100031BD333
:101C400006468846304641460A22002300F0E8FE58
:101C50001146303104F8011C0A220023013C0135F1
:101C6000002FE5D099F80010A942E1D1FF2DDFD077
:101C70000A2E78F100035BD257463AABDDF800A09C
:101C8000CDF81C901B1BDDF8109000935546FFF714
:101C9000E3BA15F040013ED0039951F8046B03916B
:101CA0009046B6B282E7AA46FFF7C9BA012BAA4608
:101CB0007FF4FBACFFF7C8BA039E029A56F8043BC8
:101CC0001A600396FFF7F4B95B46062B28BF06237C
:101CD000514C009303969846FFF77DBB039B1AF483
:101CE000007814BF53F8046B53F8046B03931CBFC4
:101CF0009046F6B20123FFF7FABA039B15F4007879
:101D000014BF53F8046B53F8046B03931CBF904645
:101D1000F6B2FFF7E9BA039A15F4007814BF52F847
:101D2000046B52F8046B03921CBF8846F6B23DE781
:101D3000099B0899E41A1A462046F7F78FFE99F88E
:101D400001300BB109F10109304641460A22002356
:101D5000002500F065FE73E701200A460DF14409F5
:101D6000FFF787BB049B002B7FF4BAAD0A46012026
:101D70000DF14409FFF77DBB039E029A56F8043B20
:101D800003961A80FFF794B943F3C0185EB2434636
:101D9000FFF748BA886DFCF73BFFFFF788BACDF82C
:101DA00000B003968346FFF757BA0F9A1099DFF8F1
:101DB0006CA00132E2E518EE101A18EE900A0EAA95
:101DC000FFF7EEF800283FF4D6AAFFF7D6BA0F982F
:101DD000DFF848A0013022E66B6EDB0705D4AB8943
:101DE0009F0502D4A86DFCF713FF4FF0FF33029359
:101DF000FFF7CDBADFF828A08446D9E4039A7B78B0
:101E00000F4652F8041B039241EAE17BFFF76FB9DA
:101E1000DC440208C8440208F0440208A44702084F
:101E2000B447020810B4054C8446134620685DF898
:101E3000044B0A466146FFF7FBB800BFD000002004
:101E400070B50C468989ADF58E6D21F00201ADF8B3
:101E50001410616E1B91E189ADF81610E1690991CA
:101E6000616A0B911CA9029106914FF480610646AC
:101E70000491079118A80021CDE900320891FCF7E0
:101E8000B7FEDDE9003202A93046FFF7D1F8051EA2
:101E900007DB02A93046FCF7A5F9002818BF4FF070
:101EA000FF35BDF814305B0603D5A38943F040032A
:101EB000A3811898FCF7A0FE28460DF58E6D70BD25
:101EC00038B50C46084D8446114620461A46002374
:101ED0002B60644600F06CFF431C00D038BD2B68BB
:101EE000002BFBD0236038BD240E01202DE9F047E4
:101EF000DFF880A00646DAF8000098460F469146C3
:101F0000FCF77EFE1A4B1B68D3F8484124B3656882
:101F10001F2D26DC5EB96B1C0235DAF80000636009
:101F200044F82570FCF774FE0020BDE8F08704EB50
:101F300085010123C1F88890D4F88821AB401A4369
:101F4000022EC4F88821C1F80881E4D1D4F88C218C
:101F50001343C4F88C31DEE703F5A674C3F8484197
:101F6000D5E7DAF80000FCF753FE4FF0FF30DCE76E
:101F7000B44402080005002000B50B4C2568144647
:101F8000EE681A4685B003460D464CB107490095E8
:101F9000CDE901143046064900F0D2F800F08CFB80
:101FA00004490C46F3E700BFD0000020C4470208F4
:101FB000D44702086C33020808B513460022FFF725
:101FC000DBFF00BF10B502FB01F1FCF7C3FE0446C6
:101FD00068B150F8042C22F00302043A242A18D8DD
:101FE000132A06D802460023C2E900339360204634
:101FF00010BD00231B2AC0E900330FD9242AC0E9F1
:10200000023311BF00F11002036100F118024361B5
:10201000E9E70021F7F75EF9204610BD00F108025C
:10202000E1E700BF38B5074D0022044608462A60A4
:1020300000F078FE431C00D038BD2B68002BFBD08D
:10204000236038BD240E012070B500294BD0064610
:102050000C4610B1836B002B48D0636ED80734D583
:10206000B4F90C30002B3ED021463046FCF722F864
:10207000E36A054633B1E169304698470028B8BFA6
:102080004FF0FF35A3891A063BD4216B41B104F10F
:102090004003994202D03046FCF7DCFA0023236368
:1020A000616C21B13046FCF7D5FA00236364FCF77C
:1020B0002FFA636E0022DB07A28127D5A06DFCF703
:1020C0009BFDFCF72BFA284670BDA3899905CBD45C
:1020D000A06DFCF795FDB4F90C30002BC4D1656EF2
:1020E00015F0010508D00025284670BDFCF726F93B
:1020F000636ED807B4D4E8E7A06DFCF789FD2846E5
:1021000070BD21693046FCF7A5FABEE7A06DFCF76B
:102110007FFDD3E7024B01461868FFF795BF00BF6C
:10212000D00000200CB400B583B004AB53F8042BEE
:102130000193FEF77DFF03B05DF804EB02B070473A
:102140000EB410B583B005AB064C53F8042B0193C5
:1021500001462068FEF76CFF03B0BDE8104003B0F5
:10216000704700BFD00000202DE9F04782B08246C2
:102170008846144600F002F9012803D108F1FF3324
:10218000FE2B36D9424604F15C0301A9504600F00B
:1021900037FA421C064632D030B39DF804C00DF128
:1021A0000509002509E023685A1C226083F800C055
:1021B0000135B54218D219F801CBA368013B002BB9
:1021C000A360F0DAA769BB4261462246504602DBB3
:1021D000BCF10A0FE7D100F0AFF9431CE8D1064685
:1021E000304602B0BDE8F0874646304602B0BDE852
:1021F000F0875FFA88FC8DF804C00646CFE7A38914
:10220000304643F04003A38102B0BDE8F08700BF31
:1022100030B5536E13F0010FB2F90C30144683B091
:1022200005469AB201D198051CD5900406D4626E79
:1022300043F4005342F40052A381626622462846CA
:10224000FFF792FF636EDA07054602D4A3899B0568
:1022500002D5284603B030BDA06DFCF7D9FC284656
:1022600003B030BDA06D0191FCF7CAFCB4F90C308D
:1022700001999AB2D9E700BF1B4B70B51E6805469D
:102280000C460EB1B36BFBB1636E13F0010FB4F9E2
:102290000C309AB201D198051FD5910406D4626E14
:1022A00043F4005342F40052A38162662246294659
:1022B0003046FFF759FF636EDA07054602D4A3895B
:1022C0009B0505D5284670BD3046FCF737F8DBE79F
:1022D000A06DFCF79DFC284670BDA06DFCF790FC3E
:1022E000B4F90C309AB2D8E7D000002070B50C4693
:1022F000084D03460026204611461C462E6000F07D
:1023000019FD431C00D070BD2B68002BFBD023604F
:1023100070BD00BF240E012038B5074D00220446D1
:1023200008462A6000F016FD431C00D038BD2B681B
:10233000002BFBD0236038BD240E012042B110B524
:102340000B4910461446F7F75FF918B9094810BD54
:102350000848704707492046F7F756F90028F5D096
:1023600005492046F7F750F90028EFD0002010BDAE
:1023700008480208044802086C330208014B93F82D
:10238000280170471409002041B110B50C462046C1
:102390000A49F7F739F918B9094810BD08487047D4
:1023A00007492046F7F730F90028F5D005492046BF
:1023B000F7F72AF90028EFD0002010BD08480208DE
:1023C000044802086C33020838B50C46084D8446B0
:1023D000114620461A4600232B60644600F0CAFCD2
:1023E000431C00D038BD2B68002BFBD0236038BDC8
:1023F000240E012010B4034CD4F8E440A4465DF848
:10240000044B60471409002082B049B15AB16BB146
:1024100013780B601278101E18BF012002B07047AD
:1024200001A9002AF3D1104602B070476FF00100F5
:10243000F4E700BF38B50C46084D844611462046E7
:102440001A4600232B60644600F09CFC431C00D01D
:1024500038BD2B68002BFBD0236038BD240E012033
:102460002DE9F0410E680C460546BEB137688FB1C4
:10247000D7F80080B8F1000F08D0D8F8001009B1E3
:10248000FFF7EEFF41462846FCF7E4F839462846B8
:10249000FCF7E0F831462846FCF7DCF821462846F0
:1024A000BDE8F041FCF7D6B8224B1B68834240D010
:1024B000C16C70B5054681B100268C593CB12146EE
:1024C00024682846FCF7C6F8002CF8D1E96C0436DD
:1024D000802EF2D12846FCF7BDF8296C11B12846B0
:1024E000FCF7B8F8D5F8484154B105F5A676B442E2
:1024F00006D0214624682846FCF7ACF8A642F8D15D
:10250000696D11B12846FCF7A5F8AB6B83B1EB6B95
:1025100028469847D5F8E04254B1216811B12846C1
:10252000FFF79EFF21462846BDE87040FCF792B8B1
:1025300070BD7047D0000020F8B50D461446064621
:1025400010B1836B002B43D0B4F90C20A369A360B6
:10255000170790B21BD52369CBB1EDB281042F468A
:1025600022D522686169D31A994229DD0133A16815
:102570000139A160511C2160157062699A422AD00C
:10258000A389DB0701D50A2D25D03846F8BD2146A1
:102590003046FAF7A7FD20BBB4F90C20236990B2AE
:1025A000EDB281042F46DCD442F40052A281626E67
:1025B000616922F4005262662268D31A9942D5DC1E
:1025C00021463046FBF70EFE58B922680123CEE7BC
:1025D000FBF7B4FEB8E721463046FBF703FE0028C0
:1025E000D3D04FF0FF37D0E710B4044C03460A466F
:1025F00020685DF8044B1946FFF79EBFD00000200D
:1026000070B5054684B01C4639B10B4ED6F8E06073
:10261000B047431C09D004B070BD0A460649D1F842
:10262000E06001A9B047431CF5D100228A23226053
:102630002B6004B070BD00BF1409002070B5104BB2
:1026400084B01D68144658B10E4B0A46D3F8E060BA
:10265000014623462846B047431C0BD004B070BD4A
:10266000084A2346D2F8E06001A902462846B0474E
:10267000431CF3D100228A2322602B6004B070BD7A
:10268000D00000201409002010B4034CD4F8E0401E
:10269000A4465DF8044B60471409002049B1FF2AA5
:1026A00002D80A70012070478A2303604FF0FF3080
:1026B00070470846704700BF08B5062000F0A0F834
:1026C000012000F07DFB00BF38B5D0F8DC420CB132
:1026D000002038BD80210546FCF73CFB0246C5F8CA
:1026E000DC0230B1031F7C3243F8044F9342FBD12C
:1026F000EEE74FF0FF3038BD1F29F8B5054609D881
:10270000D0F8DC620C4617464EB156F8240046F865
:102710002470F8BD162303604FF0FF30F8BD802110
:10272000FCF718FB0646C5F8DC0240B1031F00F1B8
:102730007C05002143F8041F9D42FBD1E5E74FF0E3
:10274000FF30F8BD1F2938B5054621D8D0F8DC2266
:102750000C466AB152F8213053B1012B16D0591CE6
:1027600010D00025204642F824509847284638BD0E
:10277000284600F003F9224601462846BDE83840C5
:1027800000F0E6B816230360012038BD002038BDF4
:10279000162303604FF0FF3038BD00BF1F292CD82F
:1027A000D0F8DC2238B50C46054682B152F8243008
:1027B00002EB84024BB1591C1AD0012B16D0002514
:1027C000204615609847284638BD012038BD802135
:1027D000FCF7C0FA0246C5F8DC0258B1031F00211D
:1027E0007C3043F8041F9842FBD1DFE7032038BD5B
:1027F000022038BD4FF0FF3038BD4FF0FF3070473A
:1028000038B5154B1F281D6820D8D5F8DC220446A2
:1028100062B152F820304BB1012B15D0591C0FD0AA
:10282000002542F820509847284638BD284600F039
:10283000A5F8224601462846BDE8384000F088B891
:1028400016232B60012038BD002038BD16232B60D5
:102850004FF0FF3038BD00BFD0000020134B1F28C1
:1028600070B51E6809D80D46D6F8DC12044649B189
:1028700051F8240041F8245070BD162333604FF006
:10288000FF3070BD80213046FCF764FA0146C6F87F
:10289000DC0240B1031F00F17C0C002243F8042F3E
:1028A0006345FBD1E4E74FF0FF3070BDD00000205E
:1028B00038B50C4B1D68D5F8DC420CB1002038BD92
:1028C00080212846FCF746FAC5F8DC0238B1031F20
:1028D00000F17C0243F8044F9342FBD1EEE74FF046
:1028E000FF3038BDD000002038B5184B1F281D68B8
:1028F00028D8D5F8DC22044682B152F8243002EB05
:1029000084024BB1591C1BD0012B17D00025204647
:1029100015609847284638BD012038BD80212846DB
:10292000FCF718FA0246C5F8DC0258B1031F002173
:102930007C3043F8041F8342FBD1DEE7032038BD1F
:10294000022038BD4FF0FF3038BD00BFD00000205E
:1029500070B50C46084D03460026204611461C461D
:102960002E6000F0FFF9431C00D070BD2B68002BD7
:10297000FBD0236070BD00BF240E012000F0E2B93F
:102980007BB972B90029BEBF00204FF0004106E0BC
:1029900008BF00281CBF6FF000414FF0FF3000F06F
:1029A000BFB9ADF1080C6DE904CE002909DB002B9D
:1029B0001ADB00F04DF8DDF804E0DDE9022304B095
:1029C0007047404261EB4101002B1BDB00F040F8F7
:1029D000DDF804E0DDE9022304B0404261EB41018F
:1029E000524263EB43037047524263EB430300F0F0
:1029F0002FF8DDF804E0DDE9022304B0404261EB8A
:102A000041017047524263EB430300F021F8DDF8C7
:102A100004E0DDE9022304B0524263EB4303704754
:102A200053B94AB9002908BF00281CBF4FF0FF3135
:102A30004FF0FF3000F074B9ADF1080C6DE904CE31
:102A400000F006F8DDF804E0DDE9022304B0704789
:102A50002DE9F047089D04468E46002B4DD18A4251
:102A6000944669D9B2FA82F252B101FA02F3C2F184
:102A7000200120FA01F10CFA02FC41EA030E944015
:102A80004FEA1C48210CBEFBF8F61FFA8CF708FB36
:102A900016E341EA034306FB07F199420AD91CEB0E
:102AA000030306F1FF3080F01F81994240F21C8140
:102AB000023E63445B1AA4B2B3FBF8F008FB103388
:102AC00044EA034400FB07F7A7420AD91CEB0404BD
:102AD00000F1FF3380F00A81A74240F2078164448D
:102AE000023840EA0640E41B00261DB1D440002312
:102AF000C5E900433146BDE8F0878B4209D9002D76
:102B000000F0EF800026C5E9000130463146BDE8FF
:102B1000F087B3FA83F6002E4AD18B4202D3824269
:102B200000F2F980841A61EB030301209E46002D18
:102B3000E0D0C5E9004EDDE702B9FFDEB2FA82F26D
:102B4000002A40F09280A1EB0C014FEA1C471FFACB
:102B50008CFE0126200CB1FBF7F307FB131140EAB2
:102B600001410EFB03F0884208D91CEB010103F17F
:102B7000FF3802D2884200F2CB804346091AA4B241
:102B8000B1FBF7F007FB101144EA01440EFB00FE15
:102B9000A64508D91CEB040400F1FF3102D2A6457A
:102BA00000F2BB800846A4EB0E0440EA03409CE719
:102BB000C6F12007B34022FA07FC4CEA030C20FAC6
:102BC00007F401FA06F31C43F9404FEA1C4900FAE6
:102BD00006F3B1FBF9F8200C1FFA8CFE09FB181163
:102BE00040EA014108FB0EF0884202FA06F20BD9D6
:102BF0001CEB010108F1FF3A80F08880884240F226
:102C00008580A8F102086144091AA4B2B1FBF9F069
:102C100009FB101144EA014100FB0EFE8E4508D964
:102C20001CEB010100F1FF346CD28E456AD90238E9
:102C3000614440EA0840A0FB0294A1EB0E01A142CE
:102C4000C846A64656D353D05DB1B3EB080261EB3C
:102C50000E0101FA07F722FA06F3F1401F43C5E916
:102C6000007100263146BDE8F087C2F12003D8404C
:102C70000CFA02FC21FA03F3914001434FEA1C478E
:102C80001FFA8CFEB3FBF7F007FB10360B0C43EA80
:102C9000064300FB0EF69E4204FA02F408D91CEB30
:102CA000030300F1FF382FD29E422DD9023863442E
:102CB0009B1B89B2B3FBF7F607FB163341EA0341CE
:102CC00006FB0EF38B4208D91CEB010106F1FF381D
:102CD00016D28B4214D9023E6144C91A46EA004614
:102CE00038E72E46284605E70646E3E61846F8E6A6
:102CF0004B45A9D2B9EB020864EB0C0E0138A3E7EF
:102D00004646EAE7204694E74046D1E7D0467BE7CF
:102D1000023B614432E7304609E76444023842E747
:102D2000704700BF024B58221A604FF0FF307047C7
:102D3000240E0120024B58221A604FF0FF307047DA
:102D4000240E0120024B58221A604FF0FF307047CA
:102D5000240E0120024B58221A600020704700BF49
:102D6000240E0120024B58221A604FF0FF307047AA
:102D7000240E0120024B58221A604FF0FF3070479A
:102D8000240E0120024B58221A604FF0FF3070478A
:102D9000240E0120044A05491368002B08BF0B4686
:102DA0001844106018467047280E0120300E01208C
:102DB000024B58221A604FF0FF307047240E01205A
:102DC000FEE700BFF8B500BFF8BC08BC9E467047E0
:102DD000F8B500BFF8BC08BC9E4670473A3D0A3DB6
:102DE0000F3D243D323D023D053D133D0D3D0C3D63
:102DF000233D113D263D013D173D083D093D0000A5
:102E0000000000000000000001020304060708099A
:102E1000000000000102030448656C6C6F20576FCE
:102E2000726C64210A0000005B424F4F545D202009
:102E3000535441525420424F4F542E2E2E0A00001C
:102E40005043414E2D526F757465725F50726F5FC3
:102E500046440000005A620201003F00101060006A
:102E60000100010007020200005A620201003F0057
:102E7000101060000100010007020200005A620207
:102E800001003F0010106000010001000702020075
:102E9000005A620201003F001010600001000100B2
:102EA00007020200005A620201003F001010600099
:102EB0000100010007020200005A620201003F0007
:102EC00010106000010001000702020000B4C404F9
:102ED00004007F00202060000100040007020200BF
:102EE00000B4C40404007F0020206000010004003E
:102EF0000702020000B4C40404007F002020600028
:102F0000010004000702020000B4C40404007F00B2
:102F100020206000010004000702020000B4C40485
:102F200004007F002020600001000400070202006E
:102F300000B4C40404007F002020600001000400ED
:102F40000702020063616C6C20626F6F746C6F61CA
:102F50006465722100000000030300020103030303
:102F600003020303030303031400180018001800EE
:102F700018001C001C001C001C002000240028005D
:102F80002C003400440054001400180018001800ED
:102F900018001C001C001C001C001C001C001C0055
:102FA0001C001C001C001C000000000000000000B1
:102FB00000000000B80A012034000000EC0A0120E3
:102FC0005000000000000000000000003C0B012049
:102FD00044000000C80B0120000100002800000090
:102FE00000000000000000000000000000000000E1
:102FF000800B012044000000C80C012000010000EB
:1030000001000000000000000000000000000000BF
:1030100000000000000000000000000000000000B0
:1030200000000000000000000000000000000000A0
:103030000000000000000000000000000000000090
:1030400000000000030000008813000005000000DD
:10305000788A00201000000000000000000000003E
:103060000000000000000000000000000000000060
:10307000B88A00200080000000000000000000006E
:103080000000000000000000000000000000000040
:10309000000000000000000000100000E82F0208FF
:1030A000C42F0208AC2F020804000000000000003A
:1030B0000300000000000000000000005B434845E2
:1030C000434B5D2055445020504342206E6F742086
:1030D000696E697469616C697A6564005B4348452F
:1030E000434B5D20706275665F616C6C6F63206638
:1030F00061696C65640000005B434845434B5D209B
:103100007564705F73656E64206661696C65643AAE
:103110002025640A000000005B424F4F545D2020D0
:103120004A554D5020424F4F5428736F66742052B9
:1031300045534554290A00005B424F4F545D2020FF
:103140004A554D50204657285245534554290A00A8
:103150005245534554205353534141410000000010
:10316000534F4654205245534554205353534141E5
:103170004100000043616E206E6F7420616C6C6FC3
:103180006361746520706275660A0000496E76613D
:103190006C69642064617461206C656E6774680A90
:1031A000000000005B424F4F545D2020546F74209C
:1031B00062797465732052656365697665643A2047
:1031C0002564206279746573200A00004352433DF0
:1031D00030782530386C580D0A0000005B424F4FA4
:1031E000545D20204352432073616D652C204A7545
:1031F0006D7020746F206E65772046570A000000BE
:103200005B424F4F545D2020435243206E6F742029
:1032100073616D652C204261636B20746F20626561
:10322000666F72652046570A000000005B424F4FF0
:10323000545D202052657365742074686520626F48
:10324000617264200A0000005B424F4F545D2020F1
:103250004261636B7570203A2025730A00000000FC
:103260005B424F4F545D20206661696C2042616370
:103270006B75702C206572726F72203A20256C7508
:103280000A00000043616E206E6F742063726561F6
:1032900074652070636231200A00000043616E2073
:1032A0006E6F742063726561746520706362322092
:1032B0000A0000004261642054465450206F70633D
:1032C0006F6465200A0000005B424F4F545D202070
:1032D0004E6577203A2025730A0000004D656D6F1A
:1032E0007279206572726F72200A00005B424F4F44
:1032F000545D20205570646174652046572E2E2E33
:10330000200A000043616E206E6F74206372656155
:1033100074652070636233200A00000043616E20F0
:103320006E6F74206372656174652070636234200F
:103330000A0000002F3430342E68746D6C000000D9
:103340002F3430342E68746D000000002F34303478
:103350002E7368746D6C00000D0A00004745542000
:1033600000000000200000000D0A0D0A000000000F
:103370002F696E6465782E7368746D6C00000000B0
:103380002F696E6465782E73736900002F696E640F
:1033900065782E7368746D002F696E6465782E6889
:1033A000746D6C002F696E6465782E68746D000012
:1033B00070330208010000008033020801000000A1
:1033C0008C3302080100000098330208000000005E
:1033D000A4330208000000002F696E6465782E682F
:1033E000746D6C00485454502F312E3020323030E0
:1033F000204F4B0D0A5365727665723A206C7749FF
:10340000502F322E302E33642028687474703A2F77
:103410002F736176616E6E61682E6E6F6E676E756A
:103420002E6F72672F70726F6A656374732F6C777B
:103430006970290D0A436F6E74656E742D4C656E4C
:103440006774683A20313735310D0A436F6E746501
:103450006E742D547970653A20746578742F687491
:103460006D6C0D0A0D0A3C68746D6C3E0D0A3C686B
:103470006561643E3C7469746C653E6C77495020AC
:103480002D2041204C6967687477656967687420EE
:103490005443502F495020537461636B3C2F74691F
:1034A000746C653E3C2F686561643E0D0A3C626F3A
:1034B0006479206267636F6C6F723D22776869740C
:1034C000652220746578743D22626C61636B223ED4
:1034D0000D0A0D0A202020203C7461626C65207763
:1034E000696474683D2231303025223E0D0A202067
:1034F000202020203C74722076616C69676E3D222A
:10350000746F70223E3C74642077696474683D2255
:103510003830223E0920200D0A0920203C61206815
:103520007265663D22687474703A2F2F7777772E14
:10353000736963732E73652F223E3C696D67207338
:1035400072633D222F696D672F736963732E6769FC
:1035500066220D0A092020626F726465723D223076
:103560002220616C743D2253494353206C6F676F76
:1035700022207469746C653D2253494353206C6F5B
:10358000676F223E3C2F613E0D0A093C2F74643E5A
:103590003C74642077696474683D22353030223E83
:1035A0000920200D0A0920203C68313E6C774950E3
:1035B000202D2041204C69676874776569676874BD
:1035C000205443502F495020537461636B3C2F6843
:1035D000313E0D0A0920203C703E0D0A09202020B2
:1035E0002054686520776562207061676520796F77
:1035F0007520617265207761746368696E672077F2
:10360000617320736572766564206279206120732E
:10361000696D706C65207765620D0A092020202095
:103620007365727665722072756E6E696E67206F53
:103630006E20746F70206F6620746865206C6967F7
:103640006874776569676874205443502F49502027
:10365000737461636B203C610D0A0920202020688F
:103660007265663D22687474703A2F2F7777772ED3
:10367000736963732E73652F7E6164616D2F6C7740
:1036800069702F223E6C7749503C2F613E2E0D0A07
:103690000920203C2F703E0D0A0920203C703E0D71
:1036A0000A09202020206C77495020697320616E20
:1036B000206F70656E20736F7572636520696D7021
:1036C0006C656D656E746174696F6E206F662074D1
:1036D0006865205443502F49500D0A0920202020AE
:1036E00070726F746F636F6C20737569746520748A
:1036F00068617420776173206F726967696E616CAD
:103700006C79207772697474656E206279203C61EF
:103710000D0A0920202020687265663D22687474B5
:10372000703A2F2F7777772E736963732E73652F17
:103730007E6164616D2F6C7769702F223E416461F8
:103740006D2044756E6B656C730D0A092020202076
:103750006F662074686520537765646973682049D3
:103760006E73746974757465206F6620436F6D7035
:103770007574657220536369656E63653C2F613EA5
:1037800020627574206E6F772069730D0A092020FE
:1037900020206265696E67206163746976656C7963
:1037A00020646576656C6F706564206279206120A5
:1037B0007465616D206F6620646576656C6F7065F9
:1037C00072730D0A09202020206469737472696283
:1037D0007574656420776F726C642D776964652EEB
:1037E0002053696E636520697427732072656C6568
:1037F0006173652C206C774950206861730D0A094C
:1038000020202020737075727265642061206C6FB7
:1038100074206F6620696E74657265737420616EC2
:103820006420686173206265656E20706F727465D4
:103830006420746F207365766572616C0D0A0920CF
:10384000202020706C6174666F726D7320616E64ED
:10385000206F7065726174696E6720737973746527
:103860006D732E206C7749502063616E2062652055
:1038700075736564206569746865720D0A09202096
:10388000202077697468206F7220776974686F757B
:103890007420616E20756E6465726C79696E672044
:1038A0004F532E0D0A0920203C2F703E0D0A09208F
:1038B000203C703E0D0A09202020205468652066B7
:1038C0006F637573206F6620746865206C7749504C
:1038D000205443502F495020696D706C656D656EA2
:1038E000746174696F6E20697320746F20726564EF
:1038F0007563650D0A0920202020746865205241F7
:103900004D207573616765207768696C65207374F5
:10391000696C6C20686176696E6720612066756CE1
:103920006C207363616C65205443502E2054686989
:10393000730D0A09202020206D616B6573206C7760
:103940004950207375697461626C6520666F7220DE
:1039500075736520696E20656D62656464656420B9
:1039600073797374656D7320776974682074656EFC
:10397000730D0A09202020206F66206B696C6F622E
:1039800079746573206F6620667265652052414DBB
:1039900020616E6420726F6F6D20666F722061729D
:1039A0006F756E64203430206B696C6F627974655A
:1039B000730D0A09202020206F6620636F64652044
:1039C000524F4D2E0D0A0920203C2F703E0D0A0942
:1039D00020203C703E0D0A09202020204D6F72658A
:1039E00020696E666F726D6174696F6E2061626FBF
:1039F0007574206C7749502063616E206265206683
:103A00006F756E6420617420746865206C7749500E
:103A10000D0A0920202020686F6D657061676520A0
:103A20006174203C610D0A092020202068726566BF
:103A30003D22687474703A2F2F736176616E6E61E7
:103A4000682E6E6F6E676E752E6F72672F70726F55
:103A50006A656374732F6C7769702F223E68747483
:103A6000703A2F2F736176616E6E61682E6E6F6E85
:103A7000676E752E6F72672F70726F6A65637473ED
:103A80002F6C7769702F3C2F613E0D0A0920202092
:103A9000206F7220617420746865206C7749502013
:103AA00077696B69206174203C610D0A0920202030
:103AB00020687265663D22687474703A2F2F6C77A7
:103AC00069702E77696B69612E636F6D2F223E6876
:103AD0007474703A2F2F6C7769702E77696B6961F7
:103AE0002E636F6D2F3C2F613E2E0D0A0920203C66
:103AF0002F703E0D0A093C2F74643E3C74643E0DE9
:103B00000A092020266E6273703B0D0A093C2F744F
:103B1000643E3C2F74723E0D0A2020202020203C61
:103B20002F7461626C653E0D0A3C2F626F64793EB2
:103B30000D0A3C2F68746D6C3E0D0A0D0A000000E2
:103B4000543B0208D8330208E43302085907000046
:103B500003000000683B02087C3B0208883B020827
:103B6000C202000003000000000000004C3E0208FA
:103B70005C3E020855030000030000002F3430347F
:103B80002E68746D6C000000485454502F312E3054
:103B9000203430342046696C65206E6F7420666F67
:103BA000756E640D0A5365727665723A206C7749BA
:103BB000502F322E302E33642028687474703A2FC0
:103BC0002F736176616E6E61682E6E6F6E676E75B3
:103BD0002E6F72672F70726F6A656374732F6C77C4
:103BE0006970290D0A436F6E74656E742D4C656E95
:103BF0006774683A203536350D0A436F6E74656E0A
:103C0000742D547970653A20746578742F68746DDA
:103C10006C0D0A0D0A3C68746D6C3E0D0A3C6865BB
:103C200061643E3C7469746C653E6C774950202D2C
:103C30002041204C6967687477656967687420540F
:103C400043502F495020537461636B3C2F74697447
:103C50006C653E3C2F686561643E0D0A3C626F6492
:103C600079206267636F6C6F723D22776869746553
:103C70002220746578743D22626C61636B223E0D74
:103C80000A0D0A202020203C7461626C652077694F
:103C90006474683D2231303025223E0D0A202020F8
:103CA0002020203C74722076616C69676E3D22741E
:103CB0006F70223E3C74642077696474683D2238DA
:103CC00030223E0920200D0A0920203C6120687224
:103CD00065663D22687474703A2F2F7777772E735C
:103CE0006963732E73652F223E3C696D6720737282
:103CF000633D222F696D672F736963732E67696651
:103D0000220D0A092020626F726465723D22302202
:103D100020616C743D2253494353206C6F676F22BE
:103D2000207469746C653D2253494353206C6F675E
:103D30006F223E3C2F613E0D0A093C2F74643E3CCD
:103D400074642077696474683D22353030223E09FE
:103D500020200D0A0920203C68313E6C7749502014
:103D60002D2041204C696768747765696768742005
:103D70005443502F495020537461636B3C2F68317A
:103D80003E0D0A0920203C68323E343034202D207C
:103D900050616765206E6F7420666F756E643C2F8E
:103DA00068323E0D0A0920203C703E0D0A09202091
:103DB0002020536F7272792C2074686520706167BF
:103DC0006520796F75206172652072657175657304
:103DD00074696E6720776173206E6F7420666F75EB
:103DE0006E64206F6E20746869730D0A09202020AC
:103DF000207365727665722E200D0A0920203C2FF3
:103E0000703E0D0A093C2F74643E3C74643E0D0AFA
:103E1000092020266E6273703B0D0A093C2F7464E2
:103E20003E3C2F74723E0D0A2020202020203C2F83
:103E30007461626C653E0D0A3C2F626F64793E0DC1
:103E40000A3C2F68746D6C3E0D0A00002F696D6787
:103E50002F736963732E67696600000048545450DD
:103E60002F312E3020323030204F4B0D0A536572E7
:103E70007665723A206C7749502F322E302E33649B
:103E80002028687474703A2F2F736176616E6E61AA
:103E9000682E6E6F6E676E752E6F72672F70726F01
:103EA0006A656374732F6C776970290D0A436F6EAE
:103EB00074656E742D4C656E6774683A20373234C1
:103EC0000D0A436F6E74656E742D547970653A20D7
:103ED000696D6167652F6769660D0A0D0A47494676
:103EE00038396146002200A50000D92B396A6A6A78
:103EF000BFBFBF9393930F0F0FB0B0B0A6A6A6801D
:103F000080807676761E1E1E9D9D9D2E2E2E494902
:103F1000495454548A8A8A606060C6A699BDB5B275
:103F2000C2ABA1D94140D56755C0B0AAD55E4ED627
:103F30005045CC937DC8A190CE8B76D27B65D18441
:103F40006DC999863A3A3A000000B8B8B8FFFFFF49
:103F5000FFFFFFFFFFFFFFFFFFFFFFFFFFFFFFFF71
:103F6000FFFFFFFFFFFFFFFFFFFFFFFFFFFFFFFF61
:103F7000FFFFFFFFFFFFFFFFFFFFFFFFFFFFFFFF51
:103F8000FFFFFFFFFFFFFFFFFFFFFFFFFFFFFFFF41
:103F9000FFFFFFFFFFFFFFFFFFFFFFFFFFFFFFFF31
:103FA000FFFFFFFFFFFFFFFFFFFF2C0000000046A9
:103FB0000022000006FE409070482C1A8FC8A472A0
:103FC000C96C3A9FD0A8744AAD5AAFD8AC76A94014
:103FD00004BE83E2603C50200D8E6F0031281C0D22
:103FE00007B5C36075243EF8FC871106E93D460716
:103FF0000B7A7A7C43061E84780B076E51018A8403
:10400000087E79808789917A930A049978964F037C
:104010009E7901949F439CA3A40577A3A04E987911
:104020000B1E83A4A61F96059DAA78010784041E73
:104030001EBBB851840E43050777A57F42B1B2017C
:1040400063080DBB010C7A0D440ED8AF4C057A0401
:10405000470707B780A2E17D4405010401D0EA8744
:10406000934FE09A49CED87904662015101011922A
:104070002980B6C09115451E90197146A85C040EA2
:1040800000224EE840249F3E0406A758D493A01C6B
:10409000913FE8F08803B121A249001986FC5244FF
:1040A000E0019D2921152550F767251E06FD4E9A32
:1040B000B490AC15FACB52531E8CF2F807922D082F
:1040C0003A4D12499549DB1404C4148529AAE70125
:1040D00008A449011451E05391D529061A6402F449
:1040E000C7819E05202264A530AEAB9E9753D8B9F8
:1040F000FD50EF9302427434E89C2021C901687896
:10410000E6552920564F4C40517182C070212285BE
:10411000BE4B1C4405EAA401BF22B5F01C06513871
:104120008FE022EC18AC3922D4D69344013282C8F5
:10413000FC61B301450C2E8330D00E17240F70851F
:1041400094EE0505534B321B3F98D31D2981B0AE29
:104150001E8C7E68E0605A548FB078697306A200A6
:104160006B57CA3D1150BD04304B3AD4AB5F1F9B17
:104170003D137427883C25E017BE7A79450D0CB0B5
:104180008BDA90CA80065D17601C224CD857220635
:104190002000980708E45680801CC5B7C5820C36FD
:1041A000E8E083104628E184145668A1104100001D
:1041B0003B000000FFFFFFFF000000007463706918
:1041C000705F746872656164000000002000040084
:1041D000DC58002060590020CC41020890420208BF
:1041E00084420208784202086C42020860420208D7
:1041F00054420208484202083C4202083042020887
:1042000024420208184202080C4202086002100010
:10421000685900206459002010001000707F0020B1
:104220006C7F002010000500788000207480002042
:1042300010000800D0800020CC8000201000080072
:10424000588100205481002028000400E0810020D3
:10425000DC8100201000020088820020848200207F
:1042600018000F00B0820020AC8200202000050062
:10427000208400201C84002010001000C88400202E
:10428000C48400201C000800D0850020CC850020BC
:104290009C000500B8860020B4860020FA000000CB
:1042A000A11B0108E8030000A5CD0008E8030000F9
:1042B00009C0000860EA0000F9BA0008F401000033
:1042C000D9BC000805000000434C4F534544000092
:1042D0004C495354454E000053594E5F53454E547C
:1042E0000000000053594E5F524356440000000046
:1042F00045535441424C49534845440046494E5F5A
:10430000574149545F31000046494E5F5741495477
:104310005F320000434C4F53455F57414954000002
:10432000434C4F53494E47004C4153545F41434B1C
:104330000000000054494D455F57414954000000BA
:10434000188A00201C8A0020248A00202C8A002041
:1043500003060C1830607800010203040506070705
:104360000707070707000000C8420208D0420208FA
:10437000D8420208E4420208F0420208FC42020865
:104380000843020814430208204302082843020895
:1043900034430208FFFFFFFFFFFF000000000000A2
:1043A000000000005254582056352E352E310000A2
:1043B00000202020202020202020282828282820F5
:1043C00020202020202020202020202020202020ED
:1043D0002088101010101010101010101010101055
:1043E0001004040404040404040404101010101045
:1043F000101041414141414101010101010101010F
:104400000101010101010101010101011010101060
:1044100010104242424242420202020202020202E0
:104420000202020202020202020202021010101034
:10443000200000000000000000000000000000005C
:10444000000000000000000000000000000000006C
:10445000000000000000000000000000000000005C
:10446000000000000000000000000000000000004C
:10447000000000000000000000000000000000003C
:10448000000000000000000000000000000000002C
:10449000000000000000000000000000000000001C
:1044A000000000000000000000000000000000000C
:1044B00000000000D8000020494E4600696E6600EA
:1044C0004E414E006E616E00303132333435363736
:1044D0003839616263646566000000003031323350
:1044E00034353637383941424344454600000000F0
:1044F000286E756C6C290000300000002020202000
:10450000202020202020202020202020303030306B
:1045100030303030303030303030303020202020DB
:10452000202020202020202020202020303030304B
:104530003030303030303030303030304E614E003E
:10454000496E66696E6974790000000042616C6CA6
:104550006F632073756363656564656400000000C4
:104560002F6D6E742F776F726B73706163652F7729
:104570006F726B73706163652F4743432D31302D2C
:10458000706970656C696E652F6A656E6B696E73B4
:104590002D4743432D31302D706970656C696E6510
:1045A0002D34385F32303230313132345F31363091
:1045B000363138303634312F7372632F6E65776C35
:1045C00069622F6E65776C69622F6C6962632F7305
:1045D00074646C69622F64746F612E630000000064
:1045E0002F6D6E742F776F726B73706163652F77A9
:1045F0006F726B73706163652F4743432D31302DAC
:10460000706970656C696E652F6A656E6B696E7333
:104610002D4743432D31302D706970656C696E658F
:104620002D34385F32303230313132345F31363010
:10463000363138303634312F7372632F6E65776CB4
:1046400069622F6E65776C69622F6C6962632F7384
:1046500074646C69622F6D707265632E6300000074
:104660000080E03779C34143176E05B5B5B893466E
:10467000F5F93FE9034F384D321D30F94877825A3A
:104680003CBF737FDD4F1575000000000000F03F58
:10469000000000000000244000000000000059401D
:1046A0000000000000408F40000000000088C34070
:1046B00000000000006AF8400000000080842E41E5
:1046C00000000000D01263410000000084D7974131
:1046D0000000000065CDCD41000000205FA0024237
:1046E000000000E876483742000000A2941A6D42AC
:1046F000000040E59C30A2420000901EC4BCD6429F
:1047000000003426F56B0C430080E03779C3414349
:1047100000A0D8855734764300C84E676DC1AB43BF
:10472000003D9160E458E143408CB5781DAF1544DD
:1047300050EFE2D6E41A4B4492D54D06CFF08044B8
:10474000F64AE1C7022DB544B49DD9794378EA44CD
:10475000BC89D897B2D29C3C33A7A8D523F6493957
:104760003DA7F444FD0FA5329D978CCF08BA5B2579
:10477000436FAC642806C80A050000001900000059
:104780007D0000002020202020202020202020202C
:104790002020202030303030303030303030303059
:1047A00030303030202020202020202020202020C9
:1047B0002020202030303030303030303030303039
:1047C000303030302C2066756E6374696F6E3A201D
:1047D00000000000617373657274696F6E2022259A
:1047E0007322206661696C65643A2066696C652095
:1047F000222573222C206C696E6520256425732583
:10480000730A000043000000504F53495800000055
:104810002E0000003A3D0A3D0F3D243D323D023D51
:10482000053D133D0D3D0C3D233D113D263D013D14
:0C483000173D083D093D0000000000009D
:08483C00043AFE7F01000000B8
:104844006C48020800000020A3020000F85202088D
:08485400000000C0000000009C
:10485C000000002000000000000000C0000000006C
:10486C000000000000C2EB0B01000000AF43020887
:10487C00603102085031020800C000006E190000BF
:10488C0000C000000100000010000000A44302085A
:10489C00D1B3FB020000000000000000000000008B
:1048AC0000000000000000000000000000000000FC
:1048BC0000000000000000000000000000000000EC
:1048CC0000000000000000000000000000000000DC
:1048DC0000000000000000000000000000000000CC
:1048EC0000000000000000000000000000000000BC
:1048FC0000000000000000000000000000000000AC
:10490C00000000000000000000000000000000009B
:10491C00000000000000000000000000000000008B
:10492C00000000000000000000000000000000007B
:10493C00D80000200000000000000000C40300208C
:10494C002C04002094040020000000000000000053
:10495C00000000000000000000000000000000004B
:10496C00000000000000000000000000000000003B
:10497C00000000000000000000000000000000002B
:10498C00000000000000000000000000000000001B
:10499C00000000000000000000000000000000000B
:1049AC0000000000000000000000000000000000FB
:1049BC0000000000000000000000000000000000EB
:1049CC0000000000000000000000000000000000DB
:1049DC0000000000000000000000000000000000CB
:1049EC0001000000000000000E33CDAB34126DE668
:1049FC00ECDE05000B0000000000000000000000D1
:104A0C00000000000000000000000000000000009A
:104A1C00000000000000000000000000000000008A
:104A2C00000000000000000000000000000000007A
:104A3C00000000000000000000000000000000006A
:104A4C00000000000000000000000000000000005A
:104A5C00000000000000000000000000000000004A
:104A6C00000000000000000000000000000000003A
:104A7C00000000000000000000000000000000002A
:104A8C00000000000000000000000000000000001A
:104A9C00000000000000000000000000000000000A
:104AAC0000000000000000000000000000000000FA
:104ABC0000000000000000000000000000000000EA
:104ACC0000000000000000000000000000000000DA
:104ADC0000000000000000000000000000000000CA
:104AEC0000000000000000000000000000000000BA
:104AFC0000000000000000000000000000000000AA
:104B0C000000000000000000000000000000000099
:104B1C000000000000000000000000000000000089
:104B2C000000000000000000000000000000000079
:104B3C000000000000000000000000000000000069
:104B4C000000000000000000000000000000000059
:104B5C000000000000000000000000000000000049
:104B6C000000000000000000000000000000000039
:104B7C000000000000000000000000000000000029
:104B8C000000000000000000000000000000000019
:104B9C000000000000000000000000000000000009
:104BAC0000000000000000000000000000000000F9
:104BBC0000000000000000000000000000000000E9
:104BCC0000000000000000000000000000000000D9
:104BDC0000000000000000000000000000000000C9
:104BEC0000000000000000000000000000000000B9
:104BFC0000000000000000000000000000000000A9
:104C0C000000000000000000000000000000000098
:104C1C000000000000000000000000000000000088
:104C2C000000000000000000000000000000000078
:104C3C000000000000000000000000000000000068
:104C4C000000000000000000000000000000000058
:104C5C000000000000000000000000000000000048
:104C6C000000000000000000000000000000000038
:104C7C000000000000000000000000000000000028
:104C8C000000000000000000000000000000000018
:104C9C000000000000000000000000000000000008
:104CAC0000000000000000000000000000000000F8
:104CBC0000000000000000000000000000000000E8
:104CCC0000000000000000000000000000000000D8
:104CDC0000000000000000000000000000000000C8
:104CEC0000000000000000000000000000000000B8
:104CFC0000000000000000000000000000000000A8
:104D0C000000000000000000000000000000000097
:104D1C000000000000000000000000000000000087
:104D2C000000000000000000000000000000000077
:104D3C000000000000000000000000000000000067
:104D4C000000000000000000000000000000000057
:104D5C000000000000000000000000000000000047
:104D6C00D00D012000000000000000000405002010
:104D7C00040500200C0500200C0500201405002063
:104D8C00140500201C0500201C0500202405002013
:104D9C00240500202C0500202C05002034050020C3
:104DAC00340500203C0500203C0500204405002073
:104DBC00440500204C0500204C0500205405002023
:104DCC00540500205C0500205C05002064050020D3
:104DDC00640500206C0500206C0500207405002083
:104DEC00740500207C0500207C0500208405002033
:104DFC00840500208C0500208C05002094050020E3
:104E0C00940500209C0500209C050020A405002092
:104E1C00A4050020AC050020AC050020B405002042
:104E2C00B4050020BC050020BC050020C4050020F2
:104E3C00C4050020CC050020CC050020D4050020A2
:104E4C00D4050020DC050020DC050020E405002052
:104E5C00E4050020EC050020EC050020F405002002
:104E6C00F4050020FC050020FC05002004060020B1
:104E7C00040600200C0600200C060020140600205E
:104E8C00140600201C0600201C060020240600200E
:104E9C00240600202C0600202C06002034060020BE
:104EAC00340600203C0600203C060020440600206E
:104EBC00440600204C0600204C060020540600201E
:104ECC00540600205C0600205C06002064060020CE
:104EDC00640600206C0600206C060020740600207E
:104EEC00740600207C0600207C060020840600202E
:104EFC00840600208C0600208C06002094060020DE
:104F0C00940600209C0600209C060020A40600208D
:104F1C00A4060020AC060020AC060020B40600203D
:104F2C00B4060020BC060020BC060020C4060020ED
:104F3C00C4060020CC060020CC060020D40600209D
:104F4C00D4060020DC060020DC060020E40600204D
:104F5C00E4060020EC060020EC060020F4060020FD
:104F6C00F4060020FC060020FC06002004070020AC
:104F7C00040700200C0700200C0700201407002059
:104F8C00140700201C0700201C0700202407002009
:104F9C00240700202C0700202C07002034070020B9
:104FAC00340700203C0700203C0700204407002069
:104FBC00440700204C0700204C0700205407002019
:104FCC00540700205C0700205C07002064070020C9
:104FDC00640700206C0700206C0700207407002079
:104FEC00740700207C0700207C0700208407002029
:104FFC00840700208C0700208C07002094070020D9
:10500C00940700209C0700209C070020A407002088
:10501C00A4070020AC070020AC070020B407002038
:10502C00B4070020BC070020BC070020C4070020E8
:10503C00C4070020CC070020CC070020D407002098
:10504C00D4070020DC070020DC070020E407002048
:10505C00E4070020EC070020EC070020F4070020F8
:10506C00F4070020FC070020FC07002004080020A7
:10507C00040800200C0800200C0800201408002054
:10508C00140800201C0800201C0800202408002004
:10509C00240800202C0800202C08002034080020B4
:1050AC00340800203C0800203C0800204408002064
:1050BC00440800204C0800204C0800205408002014
:1050CC00540800205C0800205C08002064080020C4
:1050DC00640800206C0800206C0800207408002074
:1050EC00740800207C0800207C0800208408002024
:1050FC00840800208C0800208C08002094080020D4
:10510C00940800209C0800209C080020A408002083
:10511C00A4080020AC080020AC080020B408002033
:10512C00B4080020BC080020BC080020C4080020E3
:10513C00C4080020CC080020CC080020D408002093
:10514C00D4080020DC080020DC080020E408002043
:10515C00E4080020EC080020EC080020F4080020F3
:10516C00F4080020FC080020FC080020FFFFFFFFD3
:10517C0000000200430000000000000000000000DE
:10518C000000000000000000000000000000000013
:10519C0000000000430000000000000000000000C0
:1051AC0000000000000000000000000000000000F3
:1051BC0000000000430000000000000000000000A0
:1051CC0000000000000000000000000000000000D3
:1051DC000000000043000000000000000000000080
:1051EC0000000000000000000000000000000000B3
:1051FC000000000043000000000000000000000060
:10520C000000000000000000000000000000000092
:10521C00000000004300000000000000000000003F
:10522C000000000000000000000000000000000072
:10523C00000000004300000000000000000000001F
:10524C000000000000000000000000000000000052
:10525C00000000009D26020809240208000000003E
:10526C00B0430208104802086C3302086C33020881
:10527C006C3302086C3302086C3302086C3302087E
:10528C006C3302086C3302086C330208FFFFFFFF1B
:10529C00FFFFFFFFFFFFFFFFFFFF00000100415377
:1052AC00434949000000000000000000000000001D
:1052BC00000000000000000000000000000041534E
:1052CC0043494900000000000000000000000000FD
:1052DC0000000000000000000000000000000000C2
:0C52EC00B9D101082582000801820008E9
:04000005080082C1AC
:00000001FF
