:020000040804EE
:1000000000000100FFFFFFFF01000100A5A5A5A55D
:100010007765627365727665722E62696E000000A4
:1000200000000000000000000000000000000000D0
:1000300000000000000000000000000000000000C0
:1000400000000000000000000000000000000000B0
:1000500000000000000000000000000000000000A0
:100060000000000000000000000000000000000090
:100070000000000000000000000000000000000080
:100080000000000000000000000000000000000070
:100090000000000000000000000000000000000060
:1000A0000000000000000000000000000000000050
:1000B0000000000000000000000000000000000040
:1000C0000000000000000000000000000000000030
:1000D0000000000000000000000000000000000020
:1000E0000000000000000000000000000000000010
:1000F0000000000000000000000000000000000000
:1001000000000000000000000000000000000000EF
:1001100000000000000000000000000000000000DF
:1001200000000000000000000000000000000000CF
:1001300000000000000000000000000000000000BF
:1001400000000000000000000000000000000000AF
:10015000000000000000000000000000000000009F
:10016000000000000000000000000000000000008F
:10017000000000000000000000000000000000007F
:10018000000000000000000000000000000000006F
:10019000000000000000000000000000000000005F
:1001A000000000000000000000000000000000004F
:1001B000000000000000000000000000000000003F
:1001C000000000000000000000000000000000002F
:1001D000000000000000000000000000000000001F
:1001E000000000000000000000000000000000000F
:1001F00000000000000000000000000000000000FF
:1002000000000000000000000000000000000000EE
:1002100000000000000000000000000000000000DE
:1002200000000000000000000000000000000000CE
:1002300000000000000000000000000000000000BE
:1002400000000000000000000000000000000000AE
:10025000000000000000000000000000000000009E
:10026000000000000000000000000000000000008E
:10027000000000000000000000000000000000007E
:10028000000000000000000000000000000000006E
:10029000000000000000000000000000000000005E
:1002A000000000000000000000000000000000004E
:1002B000000000000000000000000000000000003E
:1002C000000000000000000000000000000000002E
:1002D000000000000000000000000000000000001E
:1002E000000000000000000000000000000000000E
:1002F00000000000000000000000000000000000FE
:1003000000000000000000000000000000000000ED
:1003100000000000000000000000000000000000DD
:1003200000000000000000000000000000000000CD
:1003300000000000000000000000000000000000BD
:1003400000000000000000000000000000000000AD
:10035000000000000000000000000000000000009D
:10036000000000000000000000000000000000008D
:10037000000000000000000000000000000000007D
:10038000000000000000000000000000000000006D
:10039000000000000000000000000000000000005D
:1003A000000000000000000000000000000000004D
:1003B000000000000000000000000000000000003D
:1003C000000000000000000000000000000000002D
:1003D000000000000000000000000000000000001D
:1003E000000000000000000000000000000000000D
:1003F00000000000000000000000000000000000FD
:1004000000000820C1060408BD060408BD06040853
:10041000BD060408BD060408BD060408000000006F
:10042000000000000000000000000000D5020508E8
:10043000BD060408000000006D0305087D030508E3
:10044000BD060408BD060408BD060408BD06040870
:10045000BD060408BD060408BD060408BD06040860
:10046000BD060408BD060408BD060408BD06040850
:10047000BD060408BD060408BD060408BD06040840
:10048000BD060408BD060408BD060408BD06040830
:10049000BD060408BD060408BD060408BD06040820
:1004A000BD060408BD060408BD060408BD06040810
:1004B000BD060408BD060408BD060408BD06040800
:1004C000BD060408BD060408BD060408BD060408F0
:1004D000BD060408BD060408BD060408BD060408E0
:1004E000BD060408BD060408BD060408BD060408D0
:1004F000BD060408BD060408BD060408BD060408C0
:10050000BD060408BD060408BD060408BD060408AF
:10051000BD060408BD060408BD060408BD0604089F
:10052000BD060408BD060408BD060408BD0604088F
:10053000BD0604084D1F0408BD060408BD060408D6
:10054000BD060408BD060408BD060408BD0604086F
:10055000BD060408BD060408BD060408BD0604085F
:10056000BD060408BD060408BD060408BD0604084F
:10057000BD060408BD060408BD060408000000000E
:10058000BD060408BD060408BD060408BD0604082F
:10059000BD060408BD060408BD060408BD0604081F
:1005A0000000000000000000BD060408BD060408AD
:1005B000BD060408BD060408BD060408BD060408FF
:1005C000BD060408BD06040800000000BD060408BE
:1005D000BD060408BD060408BD060408BD060408DF
:1005E000BD060408BD060408BD060408BD060408CF
:1005F00000000000BD06040800000000000000002C
:1006000010B5054C237833B9044B13B10448AFF34C
:1006100000800123237010BDE80A002000000000C4
:10062000B8C5050808B5034B1BB103490348AFF330
:10063000008008BD00000000EC0A0020B8C50508D5
:10064000A3F5803A704700BF174B002B08BF134B30
:100650009D46FFF7F5FF00218B460F461348144ACD
:10066000121A10F0B7FA0E4B002B00D098470D4B22
:10067000002B00D098470020002104000D000D48F9
:10068000002802D00C4814F0F3FC10F037F92000D9
:10069000290000F025FA10F021F900BF0000080041
:1006A000000000007D1A040800000820E80A00206D
:1006B0007C0E01207150050861630508FEE700BF4C
:1006C000214B83F30888BFF36F8F00F07FF81F4C36
:1006D0001F4BA34215D29C46DCF808306BB10023B7
:1006E000DCE900120439043A51F8040F013342F8EE
:1006F000040FDCF808008342F6D30CF10C0CA4457F
:10070000EAD3144A144B9A421CD203F1FF3C02F183
:10071000100302F108000024ACEB020C2CF0070CD3
:100720009C4450F8043C53B150F8082C0023043A80
:10073000013342F8044F50F8041C8B42F8D30830C0
:100740006045EED1FFF780FF00000820DCC50508FA
:10075000C4C50508DCC50508ECC50508164A93683C
:1007600003F00C03042B0CD0082B0CD0134B124AB3
:10077000134892681349C2F30312825CD3400B60A2
:100780007047114BF3E7536851685B0253680A4A9C
:1007900001F03F0148BF0C48C3F3881358BF074816
:1007A0005268B0FBF1F1C2F3014201FB03F30132E5
:1007B0005200B3FBF2F3DAE7003802400024F40001
:1007C000E4AB050864000020002D3101064B074A08
:1007D00007499A60D3F88820064842F47002C3F8AB
:1007E00088200860FFF7BABF00ED00E000040408AD
:1007F0006400002000C2EB0B0BF0C2BBF0B5AD4EA5
:100800009BB00521AC4C30680DF0CEFD00F00EFA27
:100810000221012000F01EFB0221084600F01AFB15
:100820000221032000F016FB0221042000F012FB3D
:100830000221052000F00EFB0221062000F00AFB39
:100840009E4B4FF4405240F277109A610DF052FEE9
:10085000301D0BF03DFB0021084604F0E5FF334658
:10086000974A984843F8282F97490190002002940E
:100870006FF07F44F26106F124027161316206F18A
:100880002001009006F12C00B461746206F0F8F9C2
:1008900006F12C0006F09CFA96F8593006F12C006F
:1008A0005B0740F1048106F099FA0020874C884FDD
:1008B000054601F009FD87480BF00AFB9DF8203042
:1008C000082040F223124FF48051ADF8225060F31B
:1008D00007130992ADF8161028467F4A8DF820308C
:1008E0004FF0C8437D490B920A9105A91B688DF80A
:1008F000283000F0C9FB284601F074FD284601F0BD
:10090000B7FD2846734D01F0C7FC28460BF0E0FA0E
:1009100028460BF0DDFA2146FF2000F04FF9C8B958
:10092000E3781B09052B15D8DFE803F04127695749
:100930007A0396F86B300620012B83F0010214BF76
:100940000321022186F86B2000F084FA214604205E
:1009500000F09AFB01F098F8736EC01AB0F5FA6FC8
:1009600003D90221084600F075FA41F288300DF0F3
:10097000C1FD28460BF0ACFACAE796F8613083F067
:100980000102012B86F861205CD00321022000F0D7
:1009900061FAA26940F223139A425CD0E38A2146AD
:1009A000002023F03003E38200F06EFBD2E796F8DC
:1009B000600080F00103012886F860305ED00321DA
:1009C000012000F047FAA26940F223139A425DD059
:1009D0002146012000F058FBBCE796F8693004205E
:1009E000012B83F0010214BF0321022186F8692044
:1009F00000F030FA2146022000F046FBAAE796F804
:100A0000683083F00102012B86F868204AD0032168
:100A1000084600F01FFA2146032000F035FB99E755
:100A200096F86A300520012B83F0010214BF0321E0
:100A3000022186F86A2000F00DFA2146052000F018
:100A400023FB87E70221084600F004FAA26940F27E
:100A500023139A42A2D1237D13F0F00F9ED04FF0C2
:100A6000C843227F1B68DBB29A4297D10321022040
:100A700000F0F0F901F008F870668FE7022100F04D
:100A8000E9F9A26940F223139A42A1D1E38A002B2B
:100A90009ED1237D09213022676261F30713E28230
:100AA000237595E70221032000F0D4F9B3E706F09F
:100AB000AFF9FAE6040B0020CD560408000402400A
:100AC000C0A81401851F0408C0A814480000002015
:100AD00011223344080B002089ABCDEF0123456779
:100AE0002F48002330B5C0F884308BB0BFF34F8F50
:100AF000436923F480334361BFF34F8FD0F88030D4
:100B000043F6E07EC3F34E34C3F3C90C640104EA38
:100B10000E01634641EA8372013BC0F874225A1CFD
:100B2000F8D1203C14F1200FF1D1BFF34F8FBFF368
:100B30006F8F00F097FA1B4D0BF00CFA40F6FF7325
:100B400019490322C5E90333C5E9011262B6281D1C
:100B50000BF0BEF90FF05CFA2422002101A810F07E
:100B600039F84FF4805301AA0021104806930EF083
:100B7000C9FD80B1002301210D481A460D4C0DF02E
:100B8000D9FB28600FF0A4FA20460BF0A1F9012050
:100B90000DF0B0FCF8E7084810F0E0F8EAE700BF15
:100BA00000ED00E0040B002000300040FD070408C9
:100BB000F9070408080B0020FCAB050810B50C462B
:100BC00000F040FB50B96388C3F30B03012B06D040
:100BD000032B03D194F90C30002B01DB012010BD55
:100BE000E4782409204600F09FFC054B04EB8401C7
:100BF000204603EB810100F0ABFC012010BD00BFDB
:100C000028AC0508012804D0022805D0032806D006
:100C10007047002000F0F8B8024800F0F5B802482C
:100C200000F0F2B8A0AC050828AC050810B5254CBA
:100C30000020214600F08CFC002240F2FF73114698
:100C4000104600F053FB04F11401012000F080FC79
:100C5000002240F2FF730120114600F047FB04F12F
:100C60002801022000F074FC002240F2FF730220F1
:100C7000114600F03BFB04F13C01032000F068FC4E
:100C8000002240F2FF730320114600F02FFB04F115
:100C90005001042000F05CFC002240F2FF730420AD
:100CA000114600F023FB04F16401052000F050FC24
:100CB000002240F2FF7305201146BDE8104000F00D
:100CC00015BB00BF28AC0508BFF34F8F0549064B85
:100CD000CA6802F4E0621343CB60BFF34F8F00BFDA
:100CE000FDE700BF00ED00E00400FA05704700BF1B
:100CF000074A4FF4C0214FF4FA63916100BF013BF2
:100D0000FCD1BFF35F8F024B4FF400029A61704732
:100D100000240240124A80214FF4FA63916100BF1F
:100D2000013BFCD10E4A06214FF47A73916100BF5A
:100D3000013BFCD1BFF35F8F0C224FF0C8404FF056
:100D400080714FF4C873016100BF013BFCD14FF4C7
:100D5000C873816000BF013BFCD1013AF1D17047FB
:100D60000024024008B5054A4FF4800141F288335F
:100D7000916100BF013BFCD1FFF7A6FF00180240C4
:100D8000014698B10A4A0620D36CC3F30B030B60EB
:100D90005063936843F08043936013689B07FCD5CE
:100DA000D36C0020C3F30B030B6070470120704726
:100DB00000210140024640B1054B00201B696FEA4B
:100DC000131303F00F03136070470120704700BF37
:100DD0000028024028B102684FF0C84300209A65FD
:100DE00070470120704700BF024640B1054B00200C
:100DF0001B696FEA133303F00F0313707047012070
:100E0000704700BF0024024008B50D4901220D4B78
:100E10004FF4800504460C488D610C491A6020226D
:100E200010F0FCFA7822002109480FF0D3FE24B11B
:100E30007822214606480FF0B7FDFFF745FF00BFB7
:100E40000018024000FF012004FF012018AD050832
:100E500024FF0120082800F2A780DFE800F00E053B
:100E60000505050505251F000138C0B2032900F25C
:100E70009D80DFE801F0464E565E10B44C4A4FF4B8
:100E800000744C4B4FF4004002299461986120D0CB
:100E900003290FD0012917D0002012E003291DD803
:100EA000DFE801F071784F59032917D8DFE801F026
:100EB0005A6118224FF000744FF0004100209461F5
:100EC00099615DF8044B70474FF000730020936107
:100ED000F7E74FF0004200209A61F2E700207047E8
:100EE0004FF0C8434FF400114FF4801200201961F5
:100EF0009A6070474FF0C8434FF4401200201A61C7
:100F00007047C3022C4A4FF4206100201A4411603C
:100F10007047C302284A4FF4106100201A44116040
:100F20007047C302244A4FF4C06100201A44116084
:100F30007047C302204A4FF4A06100201A44116098
:100F400070474FF0C8434FF400014FF48002002077
:100F500019619A6070474FF0C8434FF44002002077
:100F60001A6170474FF0C8434FF4401200209A6056
:100F700070474FF0C8434FF480114FF40012002027
:100F800019619A6070474FF0C8434FF44002002047
:100F90009A6070474FF0C8434FF480014FF400024D
:100FA000002019619A607047022070470120704745
:100FB0000024024000040240000800644FF0C843CF
:100FC000254AD3F8201803F5805C03F5005001F0A2
:100FD0000F01515C090741F0404110B4C3F82018DB
:100FE00003F54053DCF820101C4C01F00F01515C5C
:100FF000090741F04041CCF82010DCF8201801F03E
:101000000F01515C090741F04041CCF82018016AFA
:1010100001F00F01515C090741F040410162D0F835
:10102000201801F00F01515C090741F04041C0F860
:1010300020184FF48030196A01F00F01525C12073A
:1010400042F040421A624FF08072054BA0615DF899
:10105000044B9A61704700BF2CAD05080028024080
:101060000020024008B500F03DFB00F0F7FC002036
:1010700008BD00BF642303FB00F020B1002300BFC4
:1010800001339842FBD1704709B305281FD8C0022D
:1010900000F1C843D3F80838DB072CD54B88C3F3DD
:1010A0000B02012A10B414D0B3F5805F25D041F2B1
:1010B000020293421DD118305E4B5F4C0431C218BE
:1010C000C4500B68002013605DF8044B7047042087
:1010D0007047CB8ADA0720D4DC0640F193800B7D81
:1010E000564A1B0932F81320930842F08052013B04
:1010F00015E00320E8E702207047CB89DA077DD4AA
:10110000DB0640F18A800B7B4C4A1B0932F8132026
:10111000930842F08052013B72E00423484A0C31AC
:101120001830444C013B02510219132B00F280800D
:101130000FF2040C5CF823F0C3100408F511040846
:10114000EF110408E9110408E3110408DD11040893
:10115000D7110408D1110408CB110408C5110408E3
:10116000BF110408B9110408B3110408AD11040833
:10117000A7110408A11104089B1104089511040883
:101180008F1104088911040851F8043B035151F8E8
:10119000043B035151F8043B035151F8043B035104
:1011A00051F8043B035151F8043B035151F8043BFF
:1011B000035151F8043B035151F8043B035151F8DA
:1011C000043B035151F8043B035151F8043B0351D4
:1011D00051F8043B035151F8043B035151F8043BCF
:1011E000035151F8043B035151F8043B035151F8AA
:1011F000043B035151F8043B035162E70423104AB6
:1012000004318DE70A7D0D4B120903EB42031A8C62
:10121000930842F08052013B81E70A7B074B120999
:1012200003EB42031A8C930842F08052013BE7E73C
:10123000002049E700080064080002103CAD0508E2
:1012400014000010002947D04FF0C843DA69BFF3FB
:101250004F8F9B69BFF34F8FD8071FD51F4B10B41B
:101260001A78EAB91E4AD164BFF35F8F116C3F242C
:10127000072041F0010111641821D460C2F88400F4
:10128000184C516701211848946710671970136C46
:10129000D907FCD400205DF8044B7047012070474B
:1012A0000F4AD167BFF35F8F116F4FF47C14072093
:1012B00041F001011167182194605065094C516497
:1012C00000210948946410641970136FDB07FCD483
:1012D00000205DF8044B704704207047700B00201D
:1012E00000640240800000648056A000052868D891
:1012F0009A4266D8B3F5006F63D22DE9F043364EBB
:101300004FEA801E012700E00A460EEB521402F05D
:101310001F0C12F0070F02F1010106EB840407FA1B
:101320000CFCB146F0464ED065688B424CEA050590
:101330006560E9D20832934227D3FF2708EB5116A4
:1013400001F01F040A46083109EB860607FA04F487
:101350000F327568934244EA05047460EED29942F4
:1013600013D8DFF874904FEA8018012608EB511467
:1013700001F01F02013109EB840406FA02F28B42EC
:10138000656842EA05026260F0D20202134BC102B4
:1013900003F1FC0C101F01F1C841944403440022E6
:1013A00042F0060453F8040FC1F81048BFF34F8F02
:1013B0009C4502F18072C1F81408F1D10020BDE80B
:1013C000F08304207047D11D8B421146C7D3DFF84C
:1013D00008904FEA8018B0E7700B0020740B0020D3
:1013E00005286CD89A426AD8B3F5006F67D22DE908
:1013F000F0438146374F86014FF0010800E00A466E
:1014000006EB521402F01F0C12F0070F02F101015B
:1014100007EB840408FA0CFC3D46B64651D06068E0
:101420008B4220EA0C0CC4F804C0E8D20832934284
:1014300027D34FF0FF0C0EEB511401F01F060A46A4
:10144000083105EB84040CFA06F70F326668934204
:1014500026EA07066660EED2994212D81D4D4FEA81
:10146000891E01270EEB511201F01F04013105EB1B
:10147000820207FA04F68B42546824EA0604546098
:10148000F0D24FEA0922144B4FEAC921101F03F191
:10149000FC0C01F1C84194440344002242F00604CC
:1014A00053F8040FC1F81048BFF34F8F9C4502F169
:1014B0008072C1F81408F1D10020BDE8F083042047
:1014C0007047D11D8B421146C6D3024D4FEA891E8B
:1014D000AFE700BF700B0020740B002005281FD859
:1014E000104B0202C00203F1FC0C111F00F1C840B6
:1014F000944400220B4430B500F6140E15461446F1
:1015000042F0060143F8045FC0F81018BFF34F8F94
:10151000634502F18072CEF80040F1D1002030BD69
:1015200004207047740B002005280ED80203C00267
:1015300042F0010200F1C843C3F81028BFF34F8FF7
:1015400000221046C3F8142870470420704700BFDB
:10155000052872D8B1FA81F35B0900296DD04FEAF2
:10156000C02C020342F001000CF1C84210B5C2F8D1
:101570001008BFF34F8F4020C2F81438C2F800089B
:101580004FF4FA7000BF0138FCD1D2F808389B073D
:10159000F6D58023494CC2F800380B68A34212D01C
:1015A000474CA3427ED0474CA3427FD0464CA34237
:1015B00045D0464CA3427DD0454CA3423BD131237C
:1015C000C2F8003802E03223C2F800384B7A0CF13E
:1015D000C84E8A7A013B120442EA03628B885C1E81
:1015E000CB8842F00402013B1B0243EA04430C7A1D
:1015F000CEF81028013C2343BFF34F8FCEF81438A8
:101600008A7C0B7CCC89013A013B013C12061B020F
:1016100042F0050243EA04434C7CCEF81028621ED7
:101620001343BFF34F8FCEF814380B7B012B29D017
:10163000022B08D0F3B1052010BD042070472923E8
:10164000C2F80038C2E7234BCEF81038BFF34F8FF3
:101650000023CEF81438CB7A0CF1C84C002B14BF01
:1016600003230223CCF81038BFF34F8F0023CCF8AC
:10167000143810BD184ACEF81028BFF34F8FCEF89B
:101680001438E8E7154BCEF81038BFF34F8F00231E
:10169000134ACEF81438CEF81028BFF34F8FCEF887
:1016A0001438D8E72123C2F800388FE72523C2F881
:1016B00000388BE72D23C2F8003887E700B4C40454
:1016C00000879303005A620280C3C90100366E018D
:1016D000002D31010B0014000C0014000B0004005D
:1016E0000C001000094B002009494FF47C1210B483
:1016F000087007249A6018200649074A5C655864F8
:101700005DF8044B99641A64704700BF006402409E
:10171000700B0020800000648056A0001A4B9A696C
:1017200012F0300F05D03021D9619A6912F0300FD4
:10173000FAD1164B14491B7843F000734B60BFF38A
:101740004F8F4A680020124B42F400524A608A6967
:1017500012F0100F0DD010B44C68012044F48044F6
:101760004C60013B0AD0920609D48A69D406F8D5A8
:10177000F2E7013B06D09206E9D5704704205DF8F8
:10178000044B70470420704700540040741100203F
:10179000A086010010B5FFF7C1FF0028FBD1274B41
:1017A0009A6912F0220F05D02221D9619A6912F0AC
:1017B000220FFAD1224C214AD4E90131DB0B02314C
:1017C00003F00E0343F0A00343EA0141237051608C
:1017D000BFF34F8F536843F40053536093699907E5
:1017E000FCD560681549C0F3072393628B699A079B
:1017F000FCD5C0B2A36888626BB112490F4A0B4492
:10180000083103F1080093699B07FCD511F8013FEB
:1018100081429362F7D1094A93695906FCD50023A6
:101820005360BFF34F8F4FF48043044953608B697B
:101830009B06FCD50023237310BD00BF005400405D
:101840007411002078110020002A00F09A80B0F571
:10185000002F2DE9F047064680F0828083189146DC
:10186000B3F5002F7CD80C46002979D0464D2B7B50
:10187000002B7FD1A0466627444CC1446B68B3421D
:1018800003D8F31AAA68934260D32B7B26F07F0A11
:10189000002B68D18023C5E901A3FFF73FFF002893
:1018A000FBD1A36913F0660F04D0E761A36913F0BD
:1018B000660FFAD14FEADA3303F00E0343F0A003C8
:1018C00043F400322B706260BFF34F8F636843F4C0
:1018D00000536360A3699807FCD56A68C2F30723C5
:1018E000A362A3699907FCD5D3B2A362A3695B067F
:1018F000FCD5D30B264A03F00E0343F0A0031A4392
:101900002B706260BFF34F8F6268AB6842F4005285
:10191000012B62600CD91F4A1344083203F10801FD
:10192000A3695807FCD5636A02F8013F8A42F7D1E0
:1019300000236360BFF34F8F4FF480436360A3695C
:101940009B06FCD56B680022F31A2A732B440136E0
:101950005B7B08F8013BC84590D10020BDE8F087CB
:101960000220BDE8F087AB6813B1FFF713FF91E7E2
:101970002B738FE7AB6813B1FFF70CFF7AE72B737C
:1019800078E70220704700BF741100200054004027
:101990000004800078110020002A40D0B0F5002F0C
:1019A0002DE9F041044632D200EB0208B8F5002FD1
:1019B0002DD80E4659B31C4D01270DE0AB68BBB1C5
:1019C000FFF7E8FE2B7B9BB1D5E901231A44A24225
:1019D00027D00134A04517D06A6844F07F0342F055
:1019E0007F018B4201D1A24214D92B7B002BE5D180
:1019F000012200236C602F7301342B44AA60A045A0
:101A000016F8012B5A73E7D10020BDE8F0810220BF
:101A1000BDE8F081AB681A44A242D3D2E5E70220C8
:101A200070475A1CE8E700BF7411002010B50A4C3B
:101A3000237B43B1A36833B1FFF7ACFEFFF76EFE23
:101A400018B9A06010BD00232373FFF767FE0028BC
:101A5000FBD1A06010BD00BF74110020044B002218
:101A60004FF0FF30A0211A731970C3E9010255E647
:101A700074110020FEE700BFFEE700BF0EF0C8BAF9
:101A800000EB80000CF036BD08B50EF0C1FB024B38
:101A9000A3FB0030800808BDCDCCCCCC08B50EF03F
:101AA000B7FB024BA3FB0030800808BDCDCCCCCCEB
:101AB000704700BFF0B58BB016460D460446202295
:101AC000002102A81F460FF085F8109B01AA31469D
:101AD00028460697019407930DF014FE0BB0F0BD55
:101AE00010B5044604480CF0D7F9B0FA80F3206032
:101AF0005B09584210BD00BF80AE05084FF0FF31B2
:101B000000680CF0FDB900BF00680CF017BA00BF08
:101B10000B460022042110B5044618460BF036F897
:101B2000B0FA80F320605B09584210BD10B582B056
:101B30000C464FF0FF33002201A9006801940BF01E
:101B40005DF802B010BD00BF10B5002382B00C4696
:101B5000006801A91A4601940BF050F8003818BF2C
:101B60000120404202B010BD10B5002382B00C46E7
:101B7000006801A91A4601940BF040F8003818BF1C
:101B80000120404202B010BD10B50C4682B06AB1CF
:101B900002EB820301A9002200680BF07DF80230FD
:101BA0000CD0019B0020236002B010BD4FF0FF332A
:101BB00001A900680BF070F80230F2D14FF0FF304D
:101BC00002B010BD10B50022044601200BF094FEB7
:101BD00018B103460020236010BD4FF0FF3010BD48
:101BE00000680BF00DB900BF00680BF0FDBE00BF30
:101BF00000680BF051BF00BF10B5002382B00C4647
:101C0000006801A91A460BF047F818B9019B236038
:101C100002B010BD4FF0FF3002B010BD08B549B1A1
:101C200001EB810100680BF09FFE003818BF012016
:101C3000404208BD4FF0FF3100680BF095FE0038C0
:101C400018BF0120404208BD00680CF0ABB900BFCE
:101C50002C4B2DE9F04FDC6A83B08B46A36800293A
:101C60004DD0002640F2F459B0462268002A1BDB12
:101C7000BBF80A2095194D453CD9002702E04D4597
:101C8000A36821D9A9EB060ADBF8041098190026ED
:101C9000394452460EF088FEE468A5F2F4555744E4
:101CA0002368D044B342EADA6FF00700154B1B6893
:101CB00003F580535A69920603D520210022596109
:101CC0005A6003B0BDE8F08F18462E46DBF80410CA
:101CD0002A460193A84439440EF066FEDBF800B0B2
:101CE000019BBBF1000FC0D14146064808F0B6FD8C
:101CF0000020DBE7981900272E461546E6E78846C0
:101D0000F2E700BF041200202DE9F04FDFF8F49055
:101D100083B001904FF0FF31D9F848000BF024FE5A
:101D20000028F7D1374808F069FE04460028F1D1B1
:101D3000B9F83C1051BB4FF0000AD9F83800D9F877
:101D4000303040B100211A68013142F00042814236
:101D50001A60DB68F7D1D9F80030002203F5805310
:101D6000C9F838205A69120603D580225A61002228
:101D70009A60BAF1000FCDD0019950460B6998478F
:101D80000028CFD0504604F0D9FACBE74FF4C17207
:101D9000D9F8407004F0C4F882460028CBD08346BE
:101DA000214640F2F458D9F83060BBF80A205418A4
:101DB000444523D90025DBF80400A8EB0102A4F276
:101DC000F4543944284415440EF0EEFDF6684445B9
:101DD0004FF00001B768EED839462246DBF8040020
:101DE00028440EF0E1FDDBF800B0BBF1000FA4D0F9
:101DF0002146BBF80A2054184445DBD83944002555
:101E0000ECE700BF041200202D4B02689A4200D07C
:101E10007047A3F590432B481A6B42F00072F0B55F
:101E20001A6389B01A6B00240227032602F000729D
:101E30000B2503A90092009A1A6B42F080621A6384
:101E40001A6B02F080620192019A1A6B42F00062F2
:101E50001A631B6B03F0006302934FF4C043CDE998
:101E600004740393029BCDE9066509F053F932230C
:101E700003A915480393CDE90474CDE9066509F07B
:101E800049F9862303A911480393CDE90474CDE9E8
:101E9000066509F03FF94FF4006303A90C4803936A
:101EA00004970795CDE9054609F034F92246052146
:101EB0003D200AF04DF93D200AF088F909B0F0BD47
:101EC000008002400018024000080240000002406A
:101ED00000040240026808B5144B9A4200D008BDC5
:101EE000A3F590434FF4C04111481A6B22F0806271
:101EF0001A631A6B22F000621A631A6B22F00072E6
:101F00001A6309F04DFA32210A4809F049FA86218C
:101F1000094809F045FA09484FF4006109F040FA10
:101F20003D20BDE808400AF05FB900BF00800240D4
:101F30000018024000080240000002400004024075
:101F4000014B986C0BF050BD04120020014808F0C2
:101F5000ABBD00BF0412002010B5094C82B01121A6
:101F600001AA204608F0DEFD019A1121204622F444
:101F7000F04242F4B042019208F00EFE02B010BDF1
:101F8000041200203A4B47F273413A4AF0B53A4DF9
:101F90008DB043610126394B01AFC18504462B60EA
:101FA0004FF4006382613946EB604FF480430622B0
:101FB0003348AB6003236E602B82FFF745FC0022A1
:101FC0004FF400032846C5E90576C5E9072308F064
:101FD0001BFE28B994F82D3043F0040384F82D300B
:101FE00028490423284AA1F14C0008F0A1FB274905
:101FF0000423274AA1F1CC0008F0E0FB6B6906221C
:1020000084F82C201A7884F826205A7884F827201F
:102010009A7884F82820DA7884F829201A7984F8C4
:102020002A2094F82D20597940F2DC5384F82B10A3
:102030000121A38442F00A030846002284F82D30CF
:102040000BF05AFC2422A864002103A84FF4007569
:102050000EF0C0FD302303AA21460E48CDE90853F7
:102060000DF050FB044808F0D9FE00200DB0F0BD83
:102070008D460408511C0408041200200080024010
:10208000F8FF07005012002050130020D01200204B
:10209000202B0020091D0408BFF34F8F0549064B74
:1020A000CA6802F4E0621343CB60BFF34F8F00BFF6
:1020B000FDE700BF00ED00E00400FA050AB3F0B54B
:1020C000558985B0144600262A4601A86168039602
:1020D000174FCDE901660EF067FC04AB396801A823
:1020E0001D4405F80C6C0EF00FFFB0B1796801A823
:1020F0000EF00AFF30B1204605B0BDE8F04004F014
:102100001DB970470B480EF029FE4FF47A700CF0A1
:10211000F1F900F0C5F9FFF7BFFF07480EF01EFE0A
:102120004FF47A700CF0E6F900F0B2F9FFF7B4FF63
:102130006C000020ACAE050890AE050830B517481D
:10214000ADF5017D164D00224FF0FF336946006862
:102150000AF0A2FD694628460FF040F828460FF025
:10216000AFF801464FF4C172362089B203F0D8FEB1
:1021700080B1044628460FF0A3F8024629462046BF
:1021800092B204F0B7F92146686E08F03BF9204698
:1021900004F0D4F80DF5017D30BD00BF644300208C
:1021A000F042002008B5FFF7C9FF01200CF0A2F9AA
:1021B000F9E700BF70B51A4EB36E33B305460FF0A2
:1021C0007FF801464FF4C172362089B203F0A8FEB1
:1021D0000446F8B128460FF073F8294682B220462B
:1021E00004F088F92146B06E08F00CF920B92046B9
:1021F000BDE8704004F0A2B801460A480EF04CFD5C
:102200002046BDE8704004F099B80748BDE870402A
:102210000EF0A4BD0548BDE870400EF09FBD00BFA4
:10222000F042002000AF0508C4AE0508E4AE050882
:1022300030B583B0134C144D08F052F9072201A9B0
:102240006066019508F0F0F808F04AF901A90A2241
:102250000195A06608F0E8F808F042F9E06658B188
:1022600041F69072094907F065FF00220849E06EC7
:1022700008F014F903B030BD0648FFF79BFFE06E8D
:10228000EEE700BFF0420020C0A8144538BF0508A3
:10229000BD20040820AF050808B5074A00210748FB
:1022A0000DF030FA064B186700B108BD0548BDE8CF
:1022B00008400EF053BD00BFA4AF0508A5210408D7
:1022C000F042002038AF050808B5FFF7B1FF064817
:1022D0000EF044FD00224FF4007105200AF056FC78
:1022E000024B186008BD00BFC8AF0508644300205A
:1022F000F0B50E46ADF5017D1C49154630460FF090
:1023000019FA18B128460DF5017DF0BD04461849AB
:1023100030460FF00FFA4FF4FE72074690B1214697
:1023200001A800940EF056FC2A46314668460FF08C
:1023300075F868460DF80540FFF73CFF28460DF597
:10234000017DF0BD0146009001A80EF043FC2A4635
:10235000314668460FF062F806483B463A46694601
:1023600000680DF805700AF049FCCBE7D8AF050806
:10237000E0AF05086443002080B5144CADF5816DD5
:10238000DFF85C80124F134E172543463A4631461C
:1023900002A800950EF02CFD0DF5027C94E80F00CC
:1023A0004FEA134EACE8070082AA2CF8023B02A9C0
:1023B0008CF800E008480EF06FFC084809F088FD32
:1023C0004FF47A700CF096F8DEE700BF04B0050811
:1023D000EEAF0508F8AF050814B00508080B00209B
:1023E00024B0050808B5044A002104480DF08AF914
:1023F000034B186008BD00BF34B0050879230408FA
:102400008C43002080B5144CADF5816DDFF85C8005
:10241000124F134E172543463A46314602A80095FF
:102420000EF0E6FC0DF5027C94E80F004FEA134E27
:10243000ACE8070082AA2CF8023B02A98CF800E065
:1024400008480EF029FC084809F042FD4FF47A7064
:102450000CF050F8DEE700BF68B005085EB0050874
:10246000F8AF050814B00508080B002080B0050877
:1024700008B5044A002104480DF044F9034B1860E4
:1024800008BD00BF90B00508052404089043002053
:10249000024B4AF2A5525A65704700BF002800401F
:1024A000014B00225A65704700280040044A4AF256
:1024B000A553506DC01AB0FA80F04009704700BFB4
:1024C00000280040074B08491A6C42F080521A64F9
:1024D0000A6842F480720A601A6F42F400421A6776
:1024E000704700BF003802400070004038B50E4B06
:1024F0000D46044619462B6000F0F0FA08B9204654
:1025000038BD0A492046296000F0E8FA0028F6D0D4
:1025100007492046296000F0E1FA0028EFD00023A7
:102520001C462B60EBE700BFB4B00508C0B005083F
:10253000CCB0050882BB70B5B1FA81F50C466D09C7
:1025400039B30121204606F041FF2C2003F010FB97
:102550000646D8B12C2229460EF03CFB31462046D7
:10256000F46106F04BFF20460D4906F04BFF204674
:102570000C4906F04FFF042220460B4906F054FF99
:1025800020460A4906F042FF284670BD4FF0FF3052
:1025900070BD6FF0050070BD6FF00500704700BFA3
:1025A0004D270408B12504080D2704086D2A0408E6
:1025B00090B110B50446406918B100F0B5FA002397
:1025C0006361206A18B103F0B9FE0023236220463C
:1025D000BDE8104003F0B8B9704700BF38B50446F5
:1025E0000D46002106F00AFF0021204606F00AFFF2
:1025F0000021204606F00EFF00222046114606F07C
:1026000013FF0021204606F001FF75B1686918B17B
:1026100000F08AFA00236B61286A18B103F08EFE7D
:1026200000232B62284603F08FF9204607F058FB61
:1026300000B938BD204604220249BDE8384006F002
:10264000F3BE00BF0D270408F8B54FF6FE734C6AC1
:102650000E4605469C428F690DD8002C3AD10127C1
:10266000706900F063FA002824DC31462846002710
:10267000FFF7B4FF1EE04FF6FF746A8EB5F86430C2
:10268000520092B29A4228BF1A46944228BF14467A
:10269000002322463946284604F03CFD431C0BD05B
:1026A00090B9736A0127B2691B1B22447362B2613D
:1026B000002BD5D03846F8BDB5F8643023B1B5F855
:1026C00066306408082B02D9736A0027F0E7012CF2
:1026D000DED8F9E7A4B2D0E7A9B138B54B6A044611
:1026E0000D462BB9486940B100F020FA002804DDFE
:1026F00029462046BDE83840A6E720462946FFF790
:102700006DFF002038BD0020704700BF10B50C469B
:1027100080B190F828300133DBB2042B80F82830E8
:1027200008D0436923B101462046FFF7D5FF38B9E9
:10273000002010BD01462046FFF750FF002010BDCD
:10274000204605F0B3F8002010BD00BF2DE9F04F82
:1027500005460E4614462DED028B87B083B9BAB1FB
:1027600078B11189304606F03FFD6B69D3B1204640
:1027700003F0E4FD002007B0BDEC028BBDE8F08F54
:1027800032B13046218906F02FFD204603F0D6FDF8
:1027900029463046FFF722FF002007B0BDEC028B30
:1027A000BDE8F08FAB69002B40F0B380286A0028A9
:1027B00000F0A680214603F0DDFD204603F0CCFDAD
:1027C000286A0368002B00F09680B0F8088040F279
:1027D000FF339F499845894628BF984600234246C3
:1027E00003F01EFEB8F1060F71D9424699494846DA
:1027F00004F0E2F800286AD00422974948460EF017
:10280000CDFD0746002840F0A980A8F1040209F197
:10281000040B924909F1030A92B25846019204F05E
:10282000CBF8019A034600286CD0002B4FD09A4574
:1028300001934CD242468A49484604F0BDF8019BB8
:10284000002844D0A3EB0B03002258469BB289F822
:1028500003200BF80320CDF814B00EF031FD8146B3
:1028600028B100F1FF3A1BF80A302F2B7CD03F2112
:1028700058460EF0DDFA18B100230370DDF814B0ED
:1028800059462846A84600F029F9002852D1D8F820
:1028900000000023D8F80420C5F81480A8616A62FB
:1028A00085F8283027B198F81030DB0700F1B380A5
:1028B000286A00283AD003F041FD002320462B620D
:1028C00003F03CFD29463046FFF706FF64E7286A1F
:1028D00003F038FD2B6A1A89B2F5806F02D2052801
:1028E0007FF645AF184603F029FD002320462B62F2
:1028F00003F024FD4CE7D4F80490B4F80A8071E7A3
:102900002C625AE75349584604F056F8012703460B
:102910008BE76FF00707286A002840F09080204678
:1029200003F00CFD10373FF433AF35E7204603F0DA
:1029300005FDC7E7284605A9FFF7D8FD8046002812
:10294000A5D105A92846FFF7D1FD804600289ED1D4
:10295000686285F82800C5E90500A9E700236FF043
:102960000F0789F80430D6E7012802D03D4B9B457C
:102970005FD0BAF13F0F28BF4FF03F0AB9F1010F06
:102980000BD0DFF8CC805946524608F58060D04421
:102990000EF00AF8002388F80034324BA8464FF0B6
:1029A000000B0194534408EE103AB9F1010F12D014
:1029B000DAF13F0213D12B4C284621460BF1010BD3
:1029C00000F08CF8002836D0BBF1050FEDD1019C4A
:1029D000DDF814B04BE7244B53F83B40ECE7224BB7
:1029E000039253F83B101F4C084602910EF068FC0E
:1029F000039A0299824228BF024618EE100A0292F8
:102A00000DF0D2FFA4F58063029A534413440022D0
:102A100083F80024D0E7124903F0CEFF00283FF4EA
:102A200047AF0430AA696B6A821AA8619B1A6B626D
:102A30003EE79B461BE72346019C059327E703F0EF
:102A40007DFC002320462B6203F078FC6AE700BF80
:102A500094430020D8B00508DCB00508E4B00508B0
:102A6000E8B005089447002030B1050898B100226D
:102A700038B5436A04460D4680F828202BB94069D2
:102A800058B100F053F8002807DD21462846FFF72B
:102A9000DBFD002038BD0020704721462846FFF7A7
:102AA0009DFDF6E710B52E2007F082F888B10446A8
:102AB000012106F08BFC50220649204606F0C2FA9E
:102AC000FF21204606F06AFB0349BDE8104006F0EE
:102AD000A5BC10BD38BF050835250408F0B170B598
:102AE0000D46C1B10F49064601F5ED6400E061688D
:102AF00028460EF009FA28B12468002CF7D16FF0AF
:102B0000050070BDD4E90223F060B360C6E900237C
:102B1000237C337470BD6FF00F0070BD6FF00F0039
:102B2000704700BF58B10508704700BFD0E90120C9
:102B3000101A70472DE9F843002973D0B0FA80F5D8
:102B400004466D0900286DD0894616464FF49A71E7
:102B50004FF4207236201F4603F0E2F98046002829
:102B600060D0032E42D099F80630002B65D0354B4B
:102B70001868D8F804504FF49A720021C9F8000080
:102B800028460EF027F801232B706B7094F82C3038
:102B9000AB70D9F8000003F00DFF042E686046D139
:102BA0006368EB6004F1260105F11C0C2C3411F86C
:102BB00001EB8C420CF801EBF9D163236FF07D023D
:102BC00085F8F260404685F8EC3085F8EF30352323
:102BD00085F8ED20532285F8F030012385F8EE20AA
:102BE00085F8F13003233B80BDE8F88399F8053080
:102BF000032BB8D0294645684FF49A7228460DF049
:102C0000E9FF01232B706B7094F82C30AB70D9F86E
:102C1000000003F0CFFE686099F80530043B012BFB
:102C2000C0D8BDE74FF000084046BDE8F883F31F69
:102C3000012BB5D9032EB5D1EEE70EF09FF8014B6D
:102C4000186096E7D447002010B5046A6379082B12
:102C500004D000230822A37162712381002204F1B1
:102C60001C0101F079FCA379FF2B01D00133A37182
:102C70000123238110BD00BF002800F08D80016A70
:102C8000002900F089808B6A0022B3F1FF3F00B574
:102C90004A8283B00DD01E33B3F5701F6DD2A2F1FE
:102CA00077323B2BA2FB03C2C2F34F1275D801232C
:102CB0008B82CB6A5A1C44D01E33B3F5701F57D297
:102CC000394A3B2BA2FB032CCCF34F1C67D80123C2
:102CD0009C464B810A6BA1F80EC0531C36D01E32A5
:102CE000B2F5701F3FD2304B3B2AA3FB02E3C3F384
:102CF0004F1357D8012213468A8101220B829C452B
:102D000002D30AB100234B81CB7923B30B6A009322
:102D10004B6A01932BB9CB69009A134043F080733F
:102D200001934B790A2B04D000230A228B714A713C
:102D30000B8101AB6A461C3103F070FF03B05DF8F4
:102D400004FB0A6BB1F80AC0531CC8D18B891A1E48
:102D500018BF0122D3E791F91C300A7F002B13DB47
:102D6000FF230093D4E74FF6FF7213468A81C4E72E
:102D70004FF6FF739C464B81ACE74FF6FF738B8297
:102D8000CB6A5A1C98D1DCE7BF2A8CBF6FF07F4317
:102D90004FF6FF730093BBE770478A8289E7A1F87B
:102DA0000AC097E78B81A8E78988888838B5114DD4
:102DB0002C791CB1013400202C7138BD07F090FB38
:102DC000A86098B1427A0C4942F020024272442233
:102DD00007F0B0F908494322A86807F025FB22460E
:102DE0000649A86807F05AFB2C79E3E74FF0FF305B
:102DF00038BD00BFD447002038BF05086133040840
:102E000038B51A4D00230446EA7BC0E908330AB1FD
:102E10002B6A83622B7C2BB36B6A6A7CE3624AB1B8
:102E2000AB6A2363AB7C0A69E2616BB9E371EB7C4B
:102E30009BB938BDA36AC3EBC303DB082363AB7C38
:102E40000A69E261002BF1D0E86A03F0B3FD0123C7
:102E50002062E371EB7C002BEBD0286B03F0AAFD22
:102E6000606238BDA36A5B08D7E700BFD447002083
:102E70002DE9F04FD0F820808BB0074698F8053048
:102E8000032B07D00023032288F8063088F805209A
:102E9000A8F808300DF12603032241463846FFF713
:102EA00049FE0646002800F09080BDF826404FF00D
:102EB000020E45684FF0390A04F1010CA01CF035F0
:102EC000E11C1FFA8CFC221D80B205F804A089B217
:102ED00005F80CE005F800E0402092B2631D68544C
:102EE000322104F106099BB2A95404221FFA89F980
:102EF000EA54D8F81C00ADF8269003F05BFD04F10D
:102F000009034FEA106B04F1070E04F10E029BB2A5
:102F100005F809B01FFA8EFE04F1080C029304F1C3
:102F20000A0392B299B204F10B034FEA10490792D7
:102F30009BB2029A05F80E901FFA8CFC049304F1E0
:102F40000C034FEA102E039199B204F10D0305F81A
:102F50000CE01FFA83FAA8543720039ACDF818A082
:102F60004FF0030AA8540120049A04F10F030591BD
:102F700004F1100105F802A09BB2059A89B2A85489
:102F80001C20069A432905F802A0079AA8544FF07E
:102F9000FF02ADF82630EA5407D8C4F134026818AD
:102FA000002192B20DF016FE4421F031304689B274
:102FB00003F092F815484323154A8068314600977C
:102FC00007F0CAF9304603F0B9F998F80630FF2B3C
:102FD00016D00133DBB2092B88F8063010D8C3EBCA
:102FE00043110C4A03EB8103DB0003F2F3139BB2A2
:102FF000A2FB03235B09A8F808300BB0BDE8F08FF3
:103000001423A8F808300BB0BDE8F08FD447002097
:1030100034BF0508D34D62102DE9F04F066A002336
:1030200089B005467279F361062A03D00622B3718E
:10303000338172710DF11E03012231462846FFF7DC
:1030400079FD0446002866D0BDF81E20392140686D
:103050004FF00309531CD71C00F1F00C02F1050ED0
:103060009BB20CF802100221BFB20CF80310931DA2
:10307000B5F824A002EB01089BB2111D1FFA88F8D5
:1030800003934FEA1A2BD31D89B20CF808B01FFA2C
:103090008EFE0CF807A098B2372702F108030490BF
:1030A00002F109000CF801709BB20121039F0CF89A
:1030B0000E9080B20CF80710059302F10A030499F0
:1030C0009BB2059F0CF801901C21432B0CF80710B4
:1030D0004FF0FF01ADF81E000CF8001008D8C2F147
:1030E0003A020CEB0300002192B20DF073FD442371
:1030F00003F1F0012046164F89B202F0EDFF1548AA
:103100004323154A80682146CDE9005707F084F82B
:10311000204603F013F9B379FF2B13D00133DAB251
:10312000052AB2710ED84FF47A730C4900209340EF
:1031300003F2F3139BB2A1FB03235B09338109B0B4
:10314000BDE8F08F78230020338109B0BDE8F08F0F
:1031500038BF0508D447002034BF0508D34D62109E
:10316000002800F0F3802DE9F04F076A8BB080460D
:10317000002F00F0E6807B79012B04D00023012290
:10318000BB717A713B810DF126030322394640461B
:10319000FFF7D0FC0646002800F0C080BDF82640AE
:1031A000392245684FF0040A631CE11CF03504F134
:1031B00006099BB204F10C0B2A55022289B2EA548B
:1031C000A018B8F824C0221D80B2631D4FEA1C2E3F
:1031D00092B205F800E09BB205F801C032211FFA57
:1031E00089F9A95405F803A0F869ADF8269003F011
:1031F000E1FB04F10B0304F1070E04F1080C04F1E8
:1032000009019BB204F10A021FFA8EFE02931FFA13
:103210008BF34FEA106B1FFA8CFC05F809B04FEAEC
:10322000104989B204F10F0B05F80E904FEA102EE9
:1032300092B205F80CE01FFA8BFB68543621A954B2
:10324000029A029305F802A0B869ADF8263003F09F
:10325000B1FB04F1100304F114024FEA106A04F107
:103260000D0E99B204F1110392B204F10E0C9BB24F
:10327000039107921FFA8EFE029A1FFA8CFC0493A8
:1032800004F1120305F802A04FEA104A99B204F1C2
:10329000130305F80EA04FEA102E1FFA83F9039AC4
:1032A00005F80CE004F1150305F80B003720CDF804
:1032B00018904FF00309A8540120049A9BB205917D
:1032C00004F1160105F80290059A89B2A8541C2051
:1032D000069A432905F80290079AA8544FF0FF0276
:1032E000ADF82630EA5407D8C4F12E026818002140
:1032F00092B20DF06FFC4421F0313046144C89B28B
:1033000002F0EAFE13484323134A80683146CDE9B0
:10331000008406F081FF304603F010F8BB79FF2BE4
:1033200012D00133DAB2052ABA710DD84FF47A738C
:103330000A49934003F2F3139BB2A1FB03235B09F9
:103340003B810BB0BDE8F08F7823F9E7704700BFF1
:1033500038BF0508D447002034BF0508D34D62109C
:10336000A74B2DE9F04FD3F804A087B01446DAF844
:103370002070002F45D03B79002B42D053892B2B56
:103380003FD956683378022B3BD19AF82CC0BCF158
:10339000000F10D00AF1260106F11C02002311F8DB
:1033A000015B013312F8010BDBB2854229D1062BF8
:1033B00001D06345F3D3706803F0FCFA3B68984290
:1033C0001FD190490022C1E9032263892B2B18D910
:1033D000B4F808904FF0F00B01920094CDE902A7E9
:1033E000009E00E073895B45ABEB0302A9EB03038E
:1033F0000DD836681FFA82FB1FFA83F9002EF1D12F
:10340000009C204607B0BDE8F04F02F097BFCB45C7
:10341000746880F00F815D46625DFF2A00F00A81CA
:10342000AB1C9BB2AB42EBD3691C7089814280F22A
:10343000F880671997F801803B2A00F29781DFE84E
:1034400012F03C004D009501B100950195019501E8
:1034500095019501950195019501950195019501BC
:1034600095019501950195019501950195019501AC
:10347000950195019501950195019501950195019C
:10348000950195019501950195019501950195018C
:10349000950195019501950195019501950195017C
:1034A0009501950195019501A3008D00D100C30000
:1034B000950195019501E3007F008DB28542C0F032
:1034C000B6802D1AA9EB0009ADB21FFA89F94D4556
:1034D00096D23668002E93D074689DE7B8F1040F39
:1034E0008ED14FF6F97295428AD806354FF0060A0A
:1034F000ADB200220592434A5244127B002ADDD12C
:103500001FFA88F705A930463A4602F089FF87423C
:103510007FF476AFB8F1040F00F03881B8F1010FF5
:103520007FF46EAF9DF81400364A4FF0010102EBB4
:103530000A0302EB8A0A1973CAF814007089BDE7FE
:10354000B8F1040F7FF45CAF4FF6F97295423FF685
:1035500057AF06354FF0050AADB2CAE7BBF1F00F21
:103560007FF44EAFB8F1010218BF0122002A7FF4A8
:1035700047AF4FF6FE77B9423FF442AF033592466C
:103580004FF00108ADB2B4E7B8F1040F7FF438AFE3
:103590004FF6F97295423FF633AF06354FF0030A06
:1035A000ADB2A6E7B8F1030F7FF62AAF45444FF658
:1035B000FD7295423FF724AF03EB08054FF0070A71
:1035C0004FF00408ADB294E7B8F1040F7FF418AFE0
:1035D0004FF6F97295423FF613AF06354FF0020AE7
:1035E000ADB286E7B8F1010F7FF40AAF4FF6FE7275
:1035F00091423FF405AF0335C246ADB279E700BF53
:10360000A08A0020D4470020B8F1040F7FF4F8AE60
:103610004FF6F97295423FF6F3AE0635C246ADB2AB
:1036200067E737681FB37F6897F8008004E7A9450C
:103630003FF6F2AE894B1B7B63B1884B4FF0000223
:103640001A735B69012B00F09C80022B06D0032BC0
:1036500000F09580019B002B00F09C8000234FF030
:103660006C094FF02C0B0193009B5B89B8E63B2A59
:103670007AD801A757F822F0BB34040801340408B3
:1036800069370408013404086937040869370408F5
:10369000693704086937040869370408693704087A
:1036A000693704086937040869370408693704086A
:1036B000693704086937040869370408693704085A
:1036C000693704086937040869370408693704084A
:1036D000693704086937040869370408693704083A
:1036E000693704086937040869370408693704082A
:1036F000693704086937040869370408693704081A
:103700006937040869370408693704086937040809
:1037100069370408693704086937040869370408F9
:1037200069370408693704086937040869370408E9
:1037300069370408693704086937040869370408D9
:10374000693704080134040801340408013404080A
:103750000134040869370408693704086937040824
:1037600001340408013404084FF0000845444FF6C2
:10377000FD7295423FF744AE43449DB29EE601235D
:1037800001934FF0EC094FF06C0B6DE7059803F0D7
:1037900011F9C9E6314B009C5B7BDDE902A7002BE8
:1037A0003FF42FAE2D4B65681B7E052B1DD0062BDD
:1037B0002BD0022B7FF425AE7B79062B7FF421AE34
:1037C000264B9B7B002B3FF41CAE244BDAF8206089
:1037D000D869019B338103F0EDF803465046B3618D
:1037E0002B69F361FFF7BCFC0BE67B79012B27D03B
:1037F000033B022B3FF605AEDAF820002946FFF71F
:10380000FFFA5046FFF738FAFBE57B79DA1E022A09
:1038100002D9012B7FF4F5ADDAF820305A790C2A61
:1038200004D000220C219A7159711A810C4B504618
:103830001A46194603F0F2F95046FFF7EDFBE0E5B2
:10384000DAF820002946FFF7DBFA9AF82D305046C7
:103850001B07D7D5FFF7F8F9D3E500BFD447002001
:1038600038BF05080B463422002110B5044618461F
:103870000DF0B0F9206210BD10B50446006A18B111
:1038800002F062F80023236210BD00BF002865D05B
:103890002DE9F04190B00446FFF788FA064610B1D2
:1038A00010B0BDE8F0810146342203A80DF092F972
:1038B00007220DF10A0303A98DF8112020460822E2
:1038C000FFF738F90546002849D0BDF80A2039210C
:1038D0004068531C02F1030CF0309BB2815402216A
:1038E0001FFA8CFCC15402EB010EA78C531D1FFA6A
:1038F0008EFE111D4FEA17289BB200F80E8089B288
:1039000000F80C70432B4FF0FF07ADF80A10475436
:1039100007D8C2F13F021844314692B20DF05AF96D
:103920004423F0330F4E284699B202F0D5FB0094A1
:1039300043230D4A2946B06806F00EFD284602F0E2
:10394000FDFC3479013CE4B23471002CA8D1B0689C
:1039500006F0A8FDB46010B0BDE8F0817047014EDC
:10396000EFE700BFD447002034BF0508026A2AB140
:103970005379052B03D8022B07D813B970470A2BAC
:1039800003D000239371FFF747BB00239371FFF728
:103990006FBA00BF00287DD02DE9F04F056A85B0D1
:1039A000044615B16B79082B02D005B0BDE8F08F45
:1039B0000A68EB699A42F8D14FF000090C230422FF
:1039C00029466B710DF10E0385F80690A5F8089055
:1039D000FFF7B0F80746002854D0BDF80E60322239
:1039E000436806F1020A03F1F008731C1FFA8AFA11
:1039F00008F806209BB2042208F80320E869ADF815
:103A00000EA002F0D7FF06F1030E4FEA106B06F18D
:103A1000040C721D08F80AB01FFA8EFEF11D4FEA61
:103A2000104A92B2B31D08F80EA01FFA8CFC89B29E
:103A30004FEA102E9BB2432908F80CE008F8020068
:103A40004FF0FF02ADF80E3008F8032008D8C6F199
:103A50003D0208EB0100494692B20DF0BBF844214B
:103A6000F031384689B202F037FB0B490B4A432349
:103A70000094886839460192094A06F0CDFB384621
:103A800002F05CFCAB79FF2B01D00133AB71142346
:103A90002B818AE7704700BFD447002038BF050854
:103AA00034BF05082DE9F04F056A89B006466B79E9
:103AB000052B04D000230522AB716A712B810DF117
:103AC0001E03032229463046FFF734F80446002837
:103AD00000F08580BDF81E2043683920511CD71C9A
:103AE000F03302F1040E89B202F1050C9854022061
:103AF000BFB25854911DB6F824A002EB000889B259
:103B000002F109001FFA88F80391D11D4FEA1A2B20
:103B100089B203F808B080B2049102F1080103F8F9
:103B200007A01FFA8EFE1FFA81F9372702901FFAAD
:103B30008CFC03F80E700127039802F10A01CDF8FE
:103B400014904FF0030989B203F80C901F541C27FE
:103B50000498432903F8009005981F544FF0FF077D
:103B60000298ADF81E001F5407D8C2F13A02581847
:103B7000002192B20DF02EF84421F031204689B296
:103B800002F0AAFA174843232146806805F118027B
:103B9000009606F0E1FB034620461C4602F0CEFBF1
:103BA000AB79FF2B15D00133DBB2092BAB7110D8E9
:103BB000C3EB43110C4A204603EB81031B0103F2C4
:103BC000F3139BB2A2FB03235B092B8109B0BDE871
:103BD000F08F282320462B8109B0BDE8F08F4FF0ED
:103BE000FF34DDE7D4470020D34D62102DE9F047C4
:103BF000046A84B0002C7FD06279002A7CD0A1694D
:103C0000002305460391111FE3610129A361A3620B
:103C1000E3812361A382C4E90833C4E90B3301D9EA
:103C20000A2A5BD10DF10A03072221462846FEF736
:103C300081FF0646002851D0BDF80A70362273680D
:103C400007F1020903F1F0087B1C1FFA89F908F853
:103C500007209BB2042208F803200398ADF80A90CD
:103C600002F0A8FEF91C4FEA106A07F1040EFB1DD2
:103C700008F809A089B24FEA1049BA1D1FFA8EFE52
:103C800007F1050C08F801909BB2010A92B2432B90
:103C900008F80E101FFA8CFC4FF0FF0108F80C001A
:103CA000ADF80A2008F8021008D8C7F13D0208EB69
:103CB0000300002192B20CF08DFF4423F033304614
:103CC00099B202F009FA164A0095432390683146EA
:103CD00003AA06F041FB304602F030FB114B2846A8
:103CE0001A46194602F09AFF63791BB100236371EB
:103CF000A3712381237913B904B0BDE8F087084E7E
:103D00003579013DEDB2357125B10023237104B041
:103D1000BDE8F087B06806F0C5FBB560F5E700BF09
:103D2000D447002038BF0508F8B5002845D090F8E2
:103D30002D300446DA0740D5838C056AB3F5107F31
:103D400038D385B32B7913BB3422002128460CF0DD
:103D500041FFFFF72BF8064660BB01232B7194F857
:103D60002D305B0708D46B79022B03D00223A87196
:103D700028816B713046F8BD2046FFF74DF90028C9
:103D8000F8D020464FF0FF36FFF730FFF2E70C4F38
:103D90003E79013EF6B23E71002ED5D1B86806F0EC
:103DA00081FBBE60D0E7342001F0E2FE054608B199
:103DB0002062C9E74FF0FF36DCE76FF00F06D9E766
:103DC000D4470020734B2DE9F04F1D688DB00DB323
:103DD000DFF8C4A1DFF8C491DFF8C4B12C6AB4B134
:103DE0006379A3B1A18A29B1628A013292B2914268
:103DF000628212D0228A1AB1511E012A218213D066
:103E0000E28922B1511E012AE18100F0AD802D68C6
:103E1000002DE3D10DB0BDE8F08F2846FFF7E6FE98
:103E20002846FFF781FFF2E75A1ED1B20929EED8E2
:103E300040F21922CA40D24312F00102E7D1042B0A
:103E400003D00423A271228163710DF12E0303229A
:103E500021462846FEF76EFE0646002867D0BDF8CC
:103E60002E2039214068531CF0309BB2815402212E
:103E7000C154D31C5718B5F824E09BB2BFB20493C9
:103E8000131D4FEA1E2899B2531D00F807800591B3
:103E900099B2931D049F069102F108011FFA83FC59
:103EA000D31D00F807E03727CDF81CC01FFA83FCAC
:103EB00002F10903CDF820C01FFA81FC9BB202F188
:103EC0000A01CDF824C04FF0030C039389B2059B7F
:103ED0004329C7544FF00107069B00F803C0079B16
:103EE000C7544FF01C07089B00F803C0099BC75438
:103EF0004FF0FF07039BADF82E30C75407D8C2F12F
:103F00003A020844002192B20CF064FE4421F031E0
:103F1000304689B202F0E0F843235A463146D9F8D8
:103F20000800009506F018FA304602F007FAA37967
:103F3000FF2B2CD00133DBB2092BA37127D8C3EBA5
:103F4000431203EB8203DB0003F2F3139BB2AAFBE1
:103F500003235B09628A2381A38A9B1A012B7FF7C3
:103F600056AF5B10238252E703F0FB02012A02D016
:103F70000A2B7FF44CAF2846FFF794FDA389628A91
:103F80009B1A012B7FF743AF5B10E3813FE71423BC
:103F9000E0E700BF448A0020D34D6210D4470020E0
:103FA00034BF050838B5214B1C68FCB1002503E07F
:103FB000013A1A812468CCB1236A002BFAD01A89FD
:103FC000012AF5D8F6D15A791D810C2A16D0062A75
:103FD00014D0012A16D0082A09D0032AEAD19B79E5
:103FE0002046012B1ED9FFF717F8E3E738BD9B7970
:103FF0002046012B13D9FEF73FFEDBE72046FFF7F3
:104000000BF8D7E79B792046052B02D8FFF7A8F8D5
:10401000D0E7FFF7EBFD2046FFF786FECAE7FEF785
:1040200013FEC7E7FEF724FFC4E700BF448A002061
:1040300008B5FFF7DBFD002008BD00BFFFF7D6BDC8
:1040400048B1006A38B14379181F0A2B18BF0128FC
:1040500094BF0120002070472DE9F04F8B460023CC
:104060004FF00A0E85B0424E17465A460546314675
:1040700098467446F146F3460393CDE9012304E0E4
:104080006446013318310A2B17D00A2C0FFA83FC2F
:104090000A7D2DD1002AF3D025B1286882464868D0
:1040A000824531D0012A26D04A8A4245E9D30133DC
:1040B0009046E14618310A2BE7D1DA46DDF804B024
:1040C000BBF1010F50D10A2C24D04FEA44082DB186
:1040D00008EB04032A6806EBC3035A60A0440023DC
:1040E00006EBC8067382B760204605B0BDE8F08FC6
:1040F000002AC6D0D0E70A685AB34A8A0298824298
:10410000BFD3E6460292BCE717B18868B842C9D16E
:104110006446E9E7B9F10A0F24D1BAF10A0F1FD1B9
:10412000BEF10A0F20D0744604EB44094FEA44085C
:104130004FEAC90956F8090020B102F0FFF8002340
:1041400046F8093008EB0403002206EBC3031A7596
:10415000BDE74A8A0398824293D3E346039290E7ED
:104160005446E1E74C46DFE74FF0FF34BCE700BFC1
:10417000084800202DE9F04782B00746884691465E
:104180001C214FF420720E201E46DDF82CA0BDF835
:10419000344001F0C5FE90B3054620466C6802F03D
:1041A00005FC4B464246E08038463168A160B18844
:1041B0000026A181DAF80010C4F81210BAF8041031
:1041C000E1820A990968C4F80E100C9909682670F2
:1041D000A1610121E67061700821A17006212171A1
:1041E0000421617140F606010091294606F002FAA9
:1041F000284602F0A3F8304602B0BDE8F0874FF041
:10420000FF30F9E72DE9F0432F4E02EB420785B06E
:10421000044606EBC7070D463B7D022B12D0182340
:1042200004F1260803FB026303F10C094FF4006656
:104230004B46424629462046009606F0DBF905B07B
:10424000BDE8F0837B8AB3F58E7F20D8B3F5877FF6
:10425000E5D302EB4202012300F126084FEAC20C2B
:10426000039341460CF10C030CF1040C06EB03091B
:10427000164B66440193031D4A460296009343463B
:10428000FFF778FF0028D1D103233B75CEE702EB7F
:104290004202012300F126084FEAC20903930C4AA7
:1042A000414609F1040333440293084B0193031D73
:1042B00000934346FFF75EFF09F10C0206EB02098B
:1042C0000028E1D0B2E700BF084800201CC1050863
:1042D00014C105082DE9F041204C84B00026DFF818
:1042E00084801F4F04F1F0050CE0012A01D1042B5A
:1042F00012D8032A1ED0042A1FD0012A20D0183435
:10430000AC4214D0227C002AF9D0E38901339BB25D
:10431000B3F5967FE381E8D354F8040C18B102F0AA
:104320000DF844F8046C26741834AC42EAD104B099
:10433000BDE8F08104232374E1E702232374DEE760
:104340006068CDF8048000F12603011DCDE902422A
:1043500000913A461946FFF70DFFD0E70C480020C0
:1043600014C105081CC10508F8B50A4C002706460B
:1043700004F1F005237D13B1A368B34203D01834D0
:10438000AC42F7D1F8BD206810B101F0D7FF27602B
:104390002775F4E70848002038B504461546084656
:1043A000022122461C46FFF757FE002810DB00EBD7
:1043B0004001094B03EBC102C900127D012A07D954
:1043C00001F10C0204311A4419442A60216038BDFD
:1043D0004FF0FF3038BD00BF08480020092819D829
:1043E00000EB400070B40C4C04EBC00CC0009CF817
:1043F0001450012D0BD9051D0C30DCF80860254444
:10440000044401200D6016601C6070BC70470020E1
:1044100070BC70470020704708480020002900F059
:1044200081802DE9F047466886B004463388B3F5AD
:10443000807F02D13379062B05D0204606B0BDE837
:10444000F04701F07BBF7379042BF6D17388082BFA
:10445000F3D1D6F80E000D464F68B3690590002FD2
:104460005AD0FF1A06F10808B7FA87F77F09C7F193
:10447000020A5FFA8AFA00283DD0294600F01EFCA5
:104480008146C0BB059B03F0F003E02B33D05146BF
:104490002A4605A8FFF7E0FD031E2CDB2D4903EBA0
:1044A000430202204FF0180E01EBC20CD2008CF830
:1044B00014000C20CCF8085013FB0E03D8F80000B1
:1044C000C8500B44B8F80400988051F802A0ACF82A
:1044D0001290BAF1000F0ED04FF4006341F8029031
:1044E000284605F1260200935146434606F082F81D
:1044F000504601F023FFF388B3F5807F13D0B3F566
:10450000007F03D105A92846FFF744FA204601F0B1
:1045100015FF06B0BDE8F08706F10808A8B14FF016
:10452000020AAAE77047002FF0D0022105F1260306
:1045300042462846039105A9CDF804800291291D21
:1045400000911946FFF716FEE0E7F388B3F5807F88
:10455000D5D1DBE7084800202DE9F04F8A4685B029
:1045600004460146DAF80000154600F0A7FB0028D3
:1045700074D1DAF8003003F0F002E02A6ED0002B9C
:104580006CD0224601215046FFF766FD031E3CDB3E
:10459000DEB2DFF8F48004F1260B06EB46074FEAA3
:1045A000460908EBC7073B7D4BB1002D59D0012BC5
:1045B0004FF0FF3018D82CD005B0BDE8F08F0123A4
:1045C000CDF808A0BC605946039320463B752C4BA0
:1045D0002C4A0193231D00935B46FFF7CBFD002D72
:1045E000EAD03B7D012BE6D9182320464FF4006426
:1045F0005A4603FB0683294600940C3388F8F06082
:1046000005F0F8FF05B0BDE8F08F58B205B0BDE881
:10461000F08F2B461A7B520614D41B68002BF9D15D
:10462000284601F099FE09EB060358F8330008B15B
:1046300001F084FE09EB0603002048F8335005B072
:10464000BDE8F08F2A464FF420710E2001F0E6FFFE
:1046500005460028E7D14FF0FF30ADE76FF00F00BF
:10466000AAE7221D0123064D59462046CDE902A3A3
:10467000CDE900255B46034AFFF77CFD9CE700BFC0
:104680001CC1050814C1050808480020F0B50546FE
:1046900085B00F4601461068164600F00FFB002853
:1046A00063D1336803F0F002E02A37D06A68A96862
:1046B0005A400A4209D09BB24FF6A962934204D0F5
:1046C000EB68002B5AD005F10C06DFF8B8C09CF857
:1046D000F02002EB42030CEBC303197D012902D940
:1046E0009968A94243D0274C002303E00A2B04F128
:1046F000180432D0207DDAB201330128F6D9A0683F
:10470000A842F3D1306861688842EFD13946284623
:104710008CF8F02005B0BDE8F04073E501225E237F
:10472000F1788DF808208DF80A307278B37802F0AD
:104730007F028DF809008DF80C3002AB8DF80B204C
:104740008DF80D104FF4006405F126023946284615
:10475000009405F04FFF05B0F0BD3A4631462846BB
:1047600005B0BDE8F040FFF7F7BE074BEAE75B682E
:1047700031689942B7D139462846CBE76FF003003C
:10478000E9E700BF0848002014C1050810B501235F
:1047900084B0074C074A0194041DCDE9021300F1CF
:1047A000260300941946FFF7E5FC04B010BD00BFD6
:1047B0001CC1050814C105082DE9F0410E4686B05C
:1047C0001746804624214FF42072222001F0A8FBD6
:1047D00068B344680546D8F8043026700026677030
:1047E00026716671A671E671186859689A68DF6863
:1047F000A060E16022616761186959699A69A061E6
:1048000005A8E1612262DB68059300F09DF858B1CC
:104810000123A670E67005AA02903146019328464E
:10482000FF23009600F016FA284601F087FD06B037
:10483000BDE8F0812DE9F0433D4F87B00546D7F83C
:10484000088098F8004004F00F04A400132C13D93A
:104850004389032B10D943681B78082B0CD1786946
:1048600000F0F003E02B07D00E46396800F026FA7E
:1048700010B92B89072B05D8284607B0BDE8F043AF
:1048800001F05CBD04F10E012846059101F054FCD5
:104890000599002841D02B89191989B28B42EBD890
:1048A0004FF420720E2001F03BFB81460028E3D03C
:1048B000428904F108039A4235D3414622464068B2
:1048C0000CF072F82146484601F088FC58BB294696
:1048D000484601F099FD30BB28464D4601F02EFDBB
:1048E000214628466C6801F027FC0028C4D16A687C
:1048F0007B691049D3603B691361FF232070A0706E
:10490000E0709072D072137201220090CDE90126FE
:104910000246284600F09EF9AEE7284601F05EFC0C
:104920000028DDD0A8E7484601F008FDA4E700BF55
:10493000A08A0020B48A00200A4603213CE700BF79
:104940000A460B2138E700BF194B30B41B68ABB1E6
:1049500093F82D20D407F9D55107F7D559680029C8
:10496000F4D004689D686140294204D09207EDD4D8
:10497000DA689442EAD1184630BC70470D4B1B6888
:10498000002BF8D093F82D2002F00502052A08D15B
:104990005A6852B102787F2A08BF002330BC1846FB
:1049A0007047002330BC184670471346E3E700BF4A
:1049B000448A0020488A00202DE9F84347680446CD
:1049C0003B781A09042A40F09E8003F00F03788890
:1049D0000E464FEA830901F0E9FF23894D468046E0
:1049E000834200F296806389AB42C0F08C802389B9
:1049F0004345C0F08880132D40F285803B69DFF885
:104A00008C8103F0F002C8F81430E02AF868C8F886
:104A1000100069D096F82D20D20703D57268002ABD
:104A200040F08A80DBB27F2B62D0574B1D6835B9CE
:104A30005EE000F043F980B92D68002D58D0AE42F9
:104A4000FAD095F82D30DB07F6D56B68002BF3D044
:104A5000D8F8140029468342EBD1D8F8100000287A
:104A60004DD1FB8823F0C00333B1204600F018FB82
:104A7000044600284AD04768C8F8087049462046CE
:104A8000C8E900563B7803F00F039B00A8F80C30F0
:104A900001F0A4FB7B7A062B6CD0112B65D0012B87
:104AA0005ED02946D8F8140000F008F968B9D8F8A3
:104AB000143003F0F003E02B07D04946204601F004
:104AC000E1FB02212046FFF737FF204601F036FCCC
:104AD00000230020C8E90033C8F80830A8F80C30DB
:104AE000C8E90433BDE8F88396F82D30D9071ED401
:104AF0007B7A112B2AD0D8F8100020B1002531463E
:104B000000F0DCF850B1204601F018FC0020BDE8B0
:104B1000F8830146204601F0DFFA64E7D8F8103048
:104B200003F0F003E02BEED0002D9AD1EBE7736891
:104B3000002BDDD0354692E79342FBD01846314634
:104B400000F0BCF8D8B9D8F814306BE707EB0903CC
:104B50005B88B3F5884FCED13546002D81D1D2E7A1
:104B600031462046FFF766FEB2E73146204605F0A3
:104B700027FAADE73146204603F084FDA8E7D8F8D0
:104B8000100035466BE700BF448A0020A08A002051
:104B90002DE9F04F85B09A4605469DF83C309DF8CA
:104BA00038B0DDF840800193002A3BD00F46142135
:104BB000164601F0C1FA019B8146002843D16C687A
:104BC000452284F808A0637233682270236184F858
:104BD00001B0288901F0EAFE84F8069084F8079075
:104BE000DFF86C906080B9F8000001F0DFFEB9F8E2
:104BF0000030A0800133A9F80030DFB13B68E360EA
:104C00000023A372E372B8F8243013B12A899A42C0
:104C100013D8D8F81430324629464046984705B094
:104C2000BDE8F08F4389132B0DD9436803AE1B6990
:104C30000393E8E7054B1B68E1E732464146284607
:104C400000F0F0FBEBE76FF00100E8E738BF050884
:104C5000FA480020F0B4069C9DF810509DF81460AE
:104C60001AB109B10F6807B9211D0495CDE9056492
:104C7000F0BCFFF78DBF00BFF0B587B00646104609
:104C80001D460C4605929DF83070FFF75DFE9DF8BD
:104C9000343078B1059A1AB10CB1216801B9041DFC
:104CA00021460097CDE901302B463046FFF770FFD3
:104CB00007B0F0BD6FF00300FAE700BF431E0333F7
:104CC00014D891F82D3013F002030DD04B688342B5
:104CD0000FD08A68434013420BD1D34320EA02002D
:104CE000C31AB3FA83F35B091846704701231846C9
:104CF000704700231846704708B501F05BFE20227C
:104D00004FF0004303E0013A4FEA530308D0184242
:104D1000F9D12BB15B0803D01842FBD0002008BDAD
:104D2000012008BD2DE9F04F4C4E87B00378F25CAE
:104D3000540738D50DF108090DF114084F46302BF2
:104D400035D00A25421C002403E0A0F1300413787A
:104D5000013216F803C003F10A0E02F1FF3B04FB17
:104D600005301CF0040F0CF0030AEED1102D0DD10C
:104D70001CF0440F0AD0BAF1020F13780CBF612067
:104D80004120AEEB000E4EEA0414E1E72E2B1AD1BF
:104D9000474508D09BF801300BF1010047F8044B60
:104DA000F25C5207CBD4002007B0BDE8F08F437807
:104DB00003F0DF02582A02D001300825C2E78378C9
:104DC00010250230BEE713B11CF0080FEBD0A7EBA3
:104DD00009008010013004281DD801A353F820F0E9
:104DE000A94D0408174E04082B4E04083D4E040834
:104DF000F54D0408FF2CD6D80298FF28D3D8039B82
:104E0000FF2BD0D8049AFF2ACDD81B0443EA0063B5
:104E100043EA02231C430191F1B1204601F0CAFD8F
:104E20000199034601200B60BEE7B4F1807FBAD23E
:104E3000029BFF2BB7D844EA0364ECE7B4F5803F4C
:104E4000B1D2029AFF2AAED8039BFF2BABD81B042A
:104E500043EA02631C43DEE70120A5E731C10508F0
:104E600000B583B001A9FFF75DFF20B94FF0FF3017
:104E700003B05DF804FB019803B05DF804FB00BFCC
:104E80002DE9F04F83B00368884600260DF1040930
:104E90000DF1080A2B4F2E20019319F801CB4FF08A
:104EA000000BA7FB0C43DE460BF1010465464FEAFD
:104EB000D30B092D0BEB8B03ACEB43035FFA8BFC9D
:104EC0000DF1080B03F13003F34403F0FF030BF87B
:104ED000083C5FFA84FBE4D809F801CCBBF1000F71
:104EE0002DD0B24227DD4546A2EB060C01364444E4
:104EF000C644E044761B03E045451CD013F8083C4B
:104F000005EB060C05F8013BAEEB05030DF1080BB4
:104F1000AC42DBB25B44EFD194450CF101060ADAF6
:104F2000A046D14508F8010BB7D1002308462370ED
:104F300003B0BDE8F08F002003B0BDE8F08FB446A9
:104F40004446E9E7CDCCCCCC10220149FFF798BF0D
:104F5000FC48002010B50446406908B101F0EEF9A4
:104F600021460520BDE8104000F010BF2DE9F041BA
:104F70004568074688466B689A880AB3002600E0B1
:104F8000636828461C6801F0DDF90346284625467B
:104F900033449EB201F0D2F9002CF1D1164C04201A
:104FA000394623689F423B6814BFC8F8003023602D
:104FB00000F0ECFEA38830469B1BA380BDE8F08187
:104FC0001A68C4684260826879690069D960012101
:104FD000986028461A605C60BA691A61FFF7B0FCF5
:104FE000284601F0AFF90646284601F0A7F97D688A
:104FF000002DD3D06B68C4E70C4900202DE9F8439D
:105000000027DFF8688005460E46D8F80030F3B177
:105010000024D5F80CE02146A44620465A69724582
:1050200018D0013420B193F81F90C27F914501D868
:10503000614618461A689C461346002AEED110B104
:10504000FFF794FF0744B74201DA012CDDDC384654
:10505000BDE8F8839A69D5F810904A45E1D1B3F8D4
:105060000C90AA889145DCD1E4E700BF0C490020F0
:1050700038B50A4B186840B10024C37F5A1E2BB1C3
:105080000446C27700680028F7D138BD056821467C
:10509000FFF76CFF28460028EFD1F6E70C49002007
:1050A0002DE9F04F476883B005463B7803F00F03C6
:1050B000052B6DD1F88801F079FC8246788801F0E3
:1050C00075FC3B7803F00F03B0EB830F4FEA8306C8
:1050D0005ED3DFF84C93861B284601F033F9B9F80C
:1050E0000430B6B2804603440A2B47DCD9F80040AE
:1050F000002C00F0C180FA6803E02468002C00F066
:10510000BB8063699342F8D13B69A1699942F4D1AC
:10511000A189BB889942F0D1F88801F047FCC0F31F
:105120000C00002800F09580FB88CAF30C0A13F0ED
:1051300020034FEACA07009307D1BB199BB29F42D5
:1051400012D84FF6EB7293420ED8D5F804B0BBF8E4
:10515000020001F02BFC9BF8002002F00F02B0EBE4
:10516000820F4FEA82031BD263688BB9D9F8002003
:10517000944200F0968022681A60FFDE01463846AD
:10518000FFF73CFF20B1B9F8043043440A2BADDDF2
:105190002846002601F0D2F8304603B0BDE8F08F73
:1051A000C31ABBF806001FFA83FA01F0FFFBC0F335
:1051B0000C00D5F804B0C2000AEB0203ABF80420DF
:1051C000ABF806309BB21946019300238A428BF854
:1051D00000308BF801308BF802308BF80330C3D8E5
:1051E0006168002900F0AE804FF0010A94460DE09E
:1051F000CED0B3F806E0F445CAD322B1D2888242B9
:1052000018BF4FF0000A1968002960D01A464B6891
:1052100098888445ECD21346CBF8001062469C4631
:10522000002B7AD0DB889A42B2D301998142AFD861
:105230009A42CCF800504DD0009B002B76D0A37F33
:10524000DB074FD4B9F8043000269844A9F804804D
:10525000A2E7E08901F0AAFBC0F30C0000283FF4AC
:1052600063AF3B687868B968FA68A360E060216161
:1052700062613B69A36157E7042000F05BFD0446CF
:10528000B8B10023E361A360E36023616361A361BC
:105290006360D9F80030C9F8004023600F23E3773A
:1052A000DFE7236821460420C9F8003000F06EFDD6
:1052B0006EE741463846FFF7A1FE80453FF768AFED
:1052C000042000F037FD04460028DAD160E7F445F9
:1052D0001D60B1D1009B7BB1A37FD907B2D5BAF1D4
:1052E000000F37D1B9F804309844A9F8048000269B
:1052F000304603B0BDE8F08FBAF1000F16D06368F6
:10530000A3B15B689B884BB3B9F804309844009B09
:10531000A9F80480002BEAD10DE0019B83423FF6FF
:1053200037AF6560D6E7BBF80430BBB1B9F80430DD
:105330009844A9F80480A37F3E4443F00103A68368
:10534000A377D4E7009B6560002BECD0A37FDA073E
:105350007FF578AF6368002BC4D0D2E7DBF800207C
:105360004AB1019900E0D98853689A888A42CBD122
:105370001A68002AF7D1B9F804309844009BA9F8BC
:105380000480002B4AD1A37FB81943F0010380B2F7
:10539000A377A08363681430E7685E6880B2A3686F
:1053A00021696269356877603360B160F260A36932
:1053B000336101F0FBFA00237080B371F371B372B3
:1053C000F37266685DB16F682846142100F006FF2D
:1053D0002946304600F0CEFF3D68002DF3D1D9F8C4
:1053E0000030A34207D0002B3FF4C5AE1A68A2429A
:1053F00011D01346F7E72368C9F80030214604208E
:1054000000F0C4FC304600F09DFFB9F80430181AD3
:10541000A9F80400C0E622681A60EFE7A08BB9E79C
:105420000C4900202DE9F04F8B8C8DB0D0F8049002
:1054300005460A92B3F11402079148BFA3F10D0289
:10544000C2F3CF03069399F8003003F00F03052B46
:105450004FEA830740F0BD804389132B40F2B980A7
:10546000B9F8060001F0A2FA2B89C0F30C02143B34
:10547000059200F400529BB20B920393002B00F0B4
:105480009180069B0024DB009BB208934FF42072AE
:1054900014210E2000F044FD089B039A804693429D
:1054A00028BF13460493002800F090804368D9F881
:1054B0000020D9F80460D9F80800D9F80C101A6057
:1054C0005E609860D960D9F810201A61049BD8F802
:1054D00004200992002B32D002936C890520029B94
:1054E000E41BA4B29C4228BF1C46002C5CD000F0F8
:1054F00021FC8246412221460020BAF1000F5AD0F9
:10550000019453466E6806EB070CCDF800C000F01E
:10551000C7FD83462846BBF1000F48D000F01CFFB2
:105520002D4B59464046CAF81030CAF8145000F0C6
:1055300021FF029B1E1BB3B20293002B34D1079BA9
:105540002744059A9B8CBFB2C2F30C00039A133B0D
:10555000934238DD0B9B002B35D101F027FA099ED1
:10556000049BF08003F1140080B201F01FFA0023C5
:105570007080414607980A9AB372F372436998475C
:10558000404600F0DBFEDDE90323A2EB030BDDE97F
:10559000053213441FFA8BF29BB203920593002A43
:1055A0007FF474AF00200BE02D68002795E751468B
:1055B000052000F0EBFB404600F0C0FE4FF0FF304E
:1055C0000DB0BDE8F08F40F40050C6E74FF0FF305B
:1055D000F6E76FF00500F3E7554F040800F0AEBEA4
:1055E000294C00B5204683B0FCF788FA63680BB1FC
:1055F000A0689847244D05F10C0610E068B12846D4
:10560000FCF782FA224601A93046FCF7BDFA0446AF
:105610002846FCF773FA013411D101F07FF901F04B
:10562000B3F9431C0446E9D12846FCF76DFA002281
:1056300001A93046FCF7A8FA2846FCF75FFA019C5E
:10564000002CECD02378012B11D0022B0BD0002B97
:10565000E5D16068D4E90213984780B92146092052
:1056600000F094FBDBE7D4E901309847D7E7D4E9B1
:10567000013098472146082000F088FBCFE760689A
:1056800000F05CFEEAE700BF14490020F8B50746C9
:1056900009200E46154600F04DFB90B1044600234C
:1056A00047600146866003700748E560FCF74CFAE6
:1056B00000B9F8BD2146092000F068FB4FF0FF302B
:1056C000F8BD4FF0FF30F8BD20490020F8B591F843
:1056D0002D3007460C46092013F0180515D000F0B0
:1056E00029FB054628B30022134B0146C0E901748B
:1056F00012482A70EB60FCF727FAA0B1294609206E
:1057000000F044FB4FF0FF30F8BD00F013FB0646FD
:1057100078B10B4B0146057047600848C6E9024363
:10572000FCF712FA08B90020F8BD3146092000F054
:105730002DFB4FF0FF30F8BD51A504082049002093
:10574000B949040838B5054608200C4600F0F2FABD
:1057500048B101460122C0E9015404480A70FCF72F
:10576000E5F9002038BD4FF0FF3038BD204900205A
:1057700070B5064608200D4600F0DCFA88B10446F4
:1057800001230146C0E9016507482370FCF7DCF9F5
:1057900000B970BD2146082000F0F8FA4FF0FF3044
:1057A00070BD4FF0FF3070BD2049002070B5064E2F
:1057B0000D4604463046FCF7A1F92846A04730467E
:1057C000FCF7A2F9002070BD1449002070B5074E07
:1057D0000D4604463046FCF791F92846A04704469A
:1057E0003046FCF791F9204670BD00BF14490020F7
:1057F00038B5054608200C4600F09CFA18B1022383
:10580000C0E90154037038BD0146082000F0BEBA5B
:1058100001460148FCF798B920490020014601489B
:10582000FCF7A2B92049002070B50D4C82B00646A5
:105830000D4600F05BF8062104F10C00C4E9016597
:10584000FCF766F920462024FCF74AF94FF4006380
:105850000022044900940448FCF72CF902B070BD02
:1058600014490020E15504083CBF050838B5054639
:10587000082000F05FFA90B101220A4B044601466D
:105880008560027043600848FCF75EF900B938BDD6
:105890002146082000F07AFA4FF0FF3038BD4FF073
:1058A000FF3038BDDD5504082049002038B50546D5
:1058B000082000F03FFA90B101220A4B044601464D
:1058C0008560027043600848FCF73EF900B938BDB6
:1058D0002146082000F05AFA4FF0FF3038BD4FF053
:1058E000FF3038BD495904082049002008B5FCF7AD
:1058F000DFF800F00DF800F0DDF901F03FF904F0F9
:1059000053FB03F08FFBBDE8084000F0C3BF00BFAE
:105910000B4B00200B4A23F0030330B44FF48055A7
:1059200018714FF01024012059191D6093600871FF
:1059300002F10C000C6030BCC2E90031FCF7D0B8B9
:10594000374900202449002000287AD02DE9F84367
:10595000830704460AD13F4DA0F108062B68B342E5
:1059600004D800F10C036A689A420AD2EFF310835C
:1059700072B6BFF34F8FBFF36F8F03B962B6BDE846
:10598000F88305F10C00FCF7B9F814F8043C002B7F
:105990005CD034F8063C34F8080CB3F5805F51D87D
:1059A000B0F5805F4ED82A68A6EB020C02EB030824
:1059B0001FFA8CFC9C4502D0D15A614542D1111886
:1059C000D5F80490494502D04F8867453AD1AF6871
:1059D0004FF0000EB74204F804EC88BFAE608E4270
:1059E00015D00F799FB9494511D0AF68B942115A06
:1059F00024F8081C115A08BFAE60B1F5805F06D0CC
:105A00001144A1F802C034F8063C02EB03084645F5
:105A100012D098F8041079B9A9688E4234F8081C9D
:105A2000A8F8001034F8081C08BFC5F80880B1F5C4
:105A3000805F01D00A4453800748BDE8F843FCF773
:105A400063B870470448FCF75FF88FE705F10C0076
:105A5000F9E700BF2449002030490020CB1C23F087
:105A600003039BB20C2B2DE9F0411E4638BF0C26D8
:105A700082B0B142019056D8B3F5805F94BF002345
:105A80000123002B4FD1384F04463A6882423CD85C
:105A90007968814239D9A0F1080830F8085CA8EB90
:105AA0000208083D1FFA88F8A5EB0805ADB2B5421B
:105AB00057D326D007F10C00FCF720F834F8082C57
:105AC0003B6899180879002831D1985A08F10802E2
:105AD0001644BA68B6B28A424FF0000103EB0602E0
:105AE00008BFBA601080A2F80280117124F8086C17
:105AF0001288B2F5805F01D013445E801B48FCF72A
:105B000003F8204602B0BDE8F081EFF3108372B6CF
:105B1000BFF34F8FBFF36F8F002BF2D162B62046D9
:105B200002B0BDE8F081002002B0BDE8F08106F1CE
:105B30001401A942E2D808F10801B8680E44B6B2CF
:105B4000991988424FF0000008719A53A1F8028019
:105B500024F8086C9A5B88BFB960B2F5805FCBD13E
:105B6000CCE71846DCE700BF24490020304900207C
:105B700000285FD02DE9F843C31C23F003039BB238
:105B80000C2B1E4638BF0C26864230D3B3F5805FFF
:105B90002DD8304FC6F5805507F10C00FBF7AEFF4E
:105BA000D7F808903968A9EB010C1FFA8CF3AB42C7
:105BB0009C4616D26FF0070808E031F803E0724403
:105BC0007346B24216D29D42F4460AD9CC18A8EBCD
:105BD000030220790028F0D031F803C063469D42CB
:105BE000F4D81D48FBF790FF0020BDE8F8830020A3
:105BF000BDE8F88306F114039A421CD306F10803AA
:105C0000012563449BB2CA18107121F803E0A2F881
:105C100002C025712380CA5AB2F5805F01D00A44C0
:105C20005380A1450AD00C48FBF76EFF04F1080031
:105C3000BDE8F883704701232371F2E778682346B3
:105C400003E01B880B441A790AB19842F9D1BB6072
:105C5000E9E700BF244900203049002038B501FBA6
:105C600000F4A3B29C420AD11846FFF781FF054613
:105C700018B1224600210AF0ADFF284638BD0025A4
:105C8000284638BD30B400214588D0E90134216070
:105C900075B10333B0F800C00A4623F003030132A4
:105CA00003EB0C0019601946AA4223600346F6D1A3
:105CB00030BC7047F0B5134B0425DFF84CE00027EB
:105CC00003F184040EF13006AEF10C0203332760B9
:105CD00023F0030365B10021B2F800C00A46013287
:105CE00003EB0C0019601946AA4223600346F6D163
:105CF000764505D05EF8042FD2E901345588E5E7F2
:105D0000F0BD00BF4859002058BF050880B1EFF32F
:105D1000108272B6BFF34F8FBFF36F8F836818681E
:105D200020B10168196002B962B67047002AFBD041
:105D3000002070470C2814D80B4B03EB8000C3687D
:105D4000EFF3108272B6BFF34F8FBFF36F8F9B6874
:105D5000186820B10168196002B962B67047002A5C
:105D6000FBD00020704700BF4CBF050868B161B18F
:105D7000EFF3108272B6BFF34F8FBFF36F8F83685C
:105D800018680860196002B962B670470C2811D80B
:105D900081B1094B03EB8000C368EFF3108272B648
:105DA000BFF34F8FBFF36F8F9B681868086019604F
:105DB00002B962B6704700BF4CBF0508EFF310830D
:105DC00072B6BFF34F8FBFF36F8F084A0021117077
:105DD00003B962B6064B186810B906E0C06820B176
:105DE000436F002BFAD004F0CDB87047338A0020FF
:105DF000908A002038B5002834D00024EFF31082B8
:105E000072B6BFF34F8FBFF36F8F837B013BDBB263
:105E1000837302B962B6CBB9437B05689B0706D58D
:105E2000036998470134E4B285B12846E6E7037B6D
:105E300003F00F03022B0BD0012B0ED0002BF1D15E
:105E40000134FFF781FDE4B2002DEED1204638BDCC
:105E500001460C20FFF79AFFE4E701460B20FFF70D
:105E600095FFDFE70446F1E72DE9F04100270546FD
:105E70000E464289B8467389DB1BA2EB08046868AA
:105E80009C427168404428BF1C463944224627443E
:105E90000AF08AFD7389A0449F4210D36B8936684B
:105EA00098452BD03EBB2A896B899A422CD12B680E
:105EB000002B0CBF00206FF00500BDE8F0816A895F
:105EC000904524D032899A420CD06A89002DD3D0D3
:105ED0002B899342CFD12B68002BCCD06FF00500DB
:105EE000BDE8F0813268002AEFD06FF00500F7E7D7
:105EF00046B14FF0000800277389E3E72D68002DB5
:105F0000F6D14EB9002DCED10020BDE8F0812D682C
:105F100015B14FF00008EFE76FF00F00BDE8F0811A
:105F2000B2F5C17F2DE9F84388461FFA80F946D0C3
:105F3000144608D822F04003012B9DB22CD0002734
:105F40003846BDE8F883B2F5207FF8D109F10303A4
:105F5000CA1C054622F0030223F0030313449BB23C
:105F600003F11000934280B2E9D38242E7D8FFF7F1
:105F7000FFFD07460028E3D0431900213B4A1333B5
:105F8000A0F80880016023F00303A0F80A80C26033
:105F900043603846BDE8F8830B20FFF7CBFE074689
:105FA0000028CDD00023A0F80880A0F80A80047350
:105FB0004373C581C0E900333846BDE8F88300214A
:105FC0002B4C0F460D4609E03060A8EB03034FF061
:105FD00000091FFA83F8B8F1000FB1D00C200E466B
:105FE000FFF7A8FE09F103020146B0B122F0030257
:105FF0008144A0F80880C2F5147209F11309056004
:1060000093B229F00302C4604345426028BF43466F
:106010004381002FD8D10746D7E7EFF3108372B63C
:10602000BFF34F8FBFF36F8F124D01222C782A7070
:10603000E4B203B962B634B1002F80D038460027ED
:10604000FFF7D8FE7CE721460B48FFF791FB0028BD
:10605000F2D0EFF3108372B6BFF34F8FBFF36F8FA1
:106060002C70002BE8D162B6E6E700BF800001008B
:1060700082000100338A0020BD5D040870B5064629
:106080000B200C461546FFF755FE40B100230122B8
:10609000466004810360448105734373C28170BD0F
:1060A000033020F0030010B501EB000EBDF80CC06A
:1060B000029CE6450DD804B1044418460023446010
:1060C0000224036001230181418102734473C3816F
:1060D00010BD002010BD00BF02898A4222D938B508
:1060E000438904460D4699420BD9891A89B200E0CA
:1060F00022890A44EB1A22819DB224686389AB424B
:10610000F6D3227B120704D19D4202D0637B9B070A
:1061100009D520686581258108B1FFF76BFE002352
:10612000236038BD7047636820461B1BE91889B29D
:10613000FFF794FC0446ECE7C0B1B1F5803F03469D
:1061400034BF0020012088B971B11FFA81FC1A897F
:10615000624492B2944509D810B593F90CE0BEF1AF
:10616000000F05DB012010BD084670470120704775
:106170005C6803F1100E611A7145F3D359605989B7
:106180001A818C44A3F80AC010BD00BF08B3B1F552
:10619000803F1ED2F9B11FFA81FC02890346624496
:1061A00092B2944515D890F90C0000285868A0EBDD
:1061B00001010ADB002000B5B3F80AE05960F4449D
:1061C0001A81A3F80AC05DF804FB03F110008142B4
:1061D000F0D2012070470846704700BF0346C8B19F
:1061E000B1F5803F34BF0020012098B981B11FFA7A
:1061F00081FC5A8994450DD8A2EB0C025A811A8968
:10620000A2EB0C0C5A681144A3F808C059607047FF
:1062100008467047012070470029034610B51BDB74
:1062200000B369B31FFA81FC0289624492B29445BB
:1062300018D890F90C00002814DA5868411A03F1B4
:10624000100081420ED3B3F80AE000205960F444F4
:106250001A81A3F80AC010BD20B14942428988B210
:10626000904201D9012010BD121A5C68B3F808C031
:1062700021445A81ACEB0002002059601A8110BD04
:10628000084610BD0029034610B518DBE8B151B32C
:106290001FFA81FC0289624492B2944515D890F9A4
:1062A0000C0000285868A0EB01011EDBB3F80AE0DF
:1062B00000205960F4441A81A3F80AC010BD20B12F
:1062C0004942428988B2904201D9012010BD121A78
:1062D0005C68B3F808C021445A81ACEB000200208E
:1062E00059601A8110BD084610BD03F110008142AB
:1062F000DCD2EAE70346F1B1E8B170B50C460026FE
:106300005A891846A242A4EB020109D95868121B07
:10631000198920445A810C1B58601C81184670BD95
:106320001D688CB21E60FFF765FD2B460CB1002D79
:10633000E6D12B46F2E71846704700BF00B159E599
:10634000704700BF034630B1002001301B6880B2A7
:10635000002BFAD17047704758B1EFF3108272B634
:10636000BFF34F8FBFF36F8F837B0133837302B90A
:1063700062B6704780B179B1036843B10289B1F860
:1063800008C06244028118461B68002BF6D10A89B6
:106390000389016013440381704700BFE8B1D9B19C
:1063A000036843B10289B1F808C06244028118460B
:1063B0001B68002BF6D10A8903890160134403810D
:1063C000EFF3108272B6BFF34F8FBFF36F8F8B7BEB
:1063D00001338B7302B962B670470029F0D1704760
:1063E00010B504686CB14189034602890020521A35
:1063F0002281186020461981FFF7FCFC08B920466D
:1064000010BD0024204610BD30B129B1B0F808C03D
:106410000B899C4500D327E56FF00F00704700BF44
:106420002DE9F04160B3B1FA81F68846760939B3B7
:106430000546174622B927E093B22D68EFB1E5B1C2
:1064400008EB0600B5F80AC01BB19C45A3EB0C0293
:10645000F2D9ACEB030C69681FFA8CF41944BC4206
:1064600028BF3C46224626443C1B0AF09DFAB6B2A1
:106470000023A7B22D68002FE1D13046BDE8F0819E
:1064800000263046BDE8F0811646F6E770B5BDF847
:1064900010C079B170B193421E460D460AD8B0F8CB
:1064A0000AE0E645ACEB0E0406D800681FFA84FC4F
:1064B0000028F4D1002070BD0CEB06039E4502DBE2
:1064C0004068604470BD634632462946FFF7A8FF26
:1064D000B042EFD1284670BD40B143898B42A1EB59
:1064E000030303D8006899B20028F6D102B11180E5
:1064F000704700BF19B32DE9F041B0FA80F70546A7
:106500007F09C8B103891646934212D388466AB1FF
:106510006C8908EB07016868B44228BF34462246FC
:1065200027440AF041FA361B2D68F1D10020BDE85E
:10653000F0814FF0FF30FAE76FF00F00F7E76FF0F0
:106540000F00704790B32DE9F0410F46044602E07A
:10655000246883B234B365899D42A3EB0500F7D963
:1065600021899E18B1421DDBE91A8A4207DC606866
:10657000394618440AF018FA0020BDE8F0811FFAE5
:1065800081F860683946424618440AF00DFA701BDB
:1065900082B2002AF0D007EB08012068BDE8F04184
:1065A000FFF7A8BF4FF0FF30BDE8F0814FF0FF309C
:1065B000704700BFF8B50368064653B30789CB1C84
:1065C0000C46FA1C23F0030322F0030213449BB28F
:1065D00003F11000934280B21BD3824219D8FFF717
:1065E000C7FA0546A8B10C4B0444078100221334B6
:1065F000C360338924F003044781BB4202604460D6
:1066000002D83146FFF730FC3046FFF7F3FB28464F
:10661000F8BD35462846F8BD8000010038B515465E
:106620000A462989FFF77CFC044630B102892B8990
:106630009A4202D32946FFF717FC204638BD00BF17
:1066400018B90AE0006899B230B143898B42A1EBD6
:106650000303F7D94368585C7047704740B14389DA
:106660008B42A1EB030306D8006899B20028F6D14B
:106670004FF0FF3070474368585C704718B90AE024
:10668000006899B230B143898B42A1EB0303F7D97B
:1066900043685A547047704770B50589CC18A542B5
:1066A0002EDB44898C42A1EB040403D80068A1B21C
:1066B0000028F6D1F3B10025561EAE4601EB0E0CB4
:1066C00004461FFA8CFC20B90BE024681FFA82FCF8
:1066D0003CB162899445ACEB0202F6D2626812F8D2
:1066E0000C4016F8012FA24206D101351FFA85FE93
:1066F0007345E3D8002070BD0EF1010080B270BD7B
:106700004FF6FF7070BD00BFF8B51C4605891346F3
:106710002244954215DBED1A06460F46ADB2A5425E
:1067200004D20EE01FFA8CF4A5420AD321463A4661
:106730003046FFF7B1FF04F1010C0028F2D12046EA
:10674000F8BD4FF6FF70F8BD2DE9F04111B30B789D
:106750000D46FBB104894FF6FF760746B4421BD0C5
:1067600008460AF0ADFD4FF6FE73984212D88442F7
:1067700015DB83B20026E41A32461FFA84F8144669
:1067800001362A4638462146FFF786FFB2B218B1D5
:106790009045F4D24FF6FF742046BDE8F0813446B0
:1067A0002046BDE8F08100BF70B504460A200E46C1
:1067B0001546FFF7BFFA88B1002309498660C56016
:1067C000C0E900340B681BB907E019461B681BB110
:1067D0005A68A21A002AF8DA0360086070BD00BF88
:1067E000348A002038B5436804469847FBF756F9C9
:1067F000084B25685B6808492B441A1A002A224670
:1068000003DA2844BDE83840CEE71846BDE83840F2
:10681000CAE700BF348A0020E567040808B503F022
:1068200025FB094B1B683BB1FBF738F900220749F0
:10683000FA30BDE80840B7E7054B1B68002BF3D1E1
:10684000044A936008BD00BF908A00201D680408B8
:10685000988A0020348A002008B50A4B9A6882B9C9
:10686000094A12684AB101229A60FBF717F900221F
:106870000649FA30BDE8084096E7054A1268002A42
:10688000F1D108BD348A0020908A00201D680408D8
:10689000988A0020F8B5094C4FF47A75084F04F136
:1068A0001806FBF7FBF8224639462844FFF77CFF21
:1068B000B44202D054F8085FF3E7F8BD24C00508DD
:1068C000E567040810B5044682B0CDE90021FBF766
:1068D000E5F82044DDE9002102B0BDE8104063E79F
:1068E00030B40D4D2B689BB1002403E01A681C46A0
:1068F00013466AB19A688242F8D1DA688A42F5D1C1
:106900001A683CB1226019460A2030BCFFF73EBA33
:1069100030BC70472A60F6E7348A00202DE9F04148
:10692000FBF7BCF80D4C07460EE05A68A7EB020CCB
:10693000BCF1000F0DDB9D681E68D3F80C80C4E924
:106940000062FFF723FA35B923680A201946002BA5
:10695000EBD1BDE8F0814046A847F5E7348A002036
:1069600010B5084C23685BB1FBF798F823685A68A8
:10697000801A00E05A6802445A601B68002BF9D163
:1069800010BD00BF348A002010B5074C23683BB10E
:10699000FBF784F823685B68181A48BF002010BD15
:1069A0004FF0FF3010BD00BF348A002040BA80B2E3
:1069B000704700BF00BA70472DE9F0410446084611
:1069C000884616460AF07CFCC0B105462078B0B176
:1069D00026446219964214D398F8007005E014F822
:1069E000010F621958B196420BD38742F7D1204666
:1069F0002A4641460AF0D2FC0028F0D12046BDE8E4
:106A0000F0810020BDE8F08110F8013B11F8012B66
:106A100093421CD043F0200C00B542F0200EACF1A4
:106A20006102192A10D8F4450ED1A3B110F8013B28
:106A300011F8012B9342F8D043F0200C42F0200EC5
:106A4000ACF16102192AEED901205DF804FB002B9C
:106A5000DAD11846704718465DF804FB844670B5D5
:106A600004E0B44213D1E84213D093B11CF8013BC7
:106A700011F801EB43F02004A2EB0C0573454EF036
:106A80002006A4F1610EEED0BEF1190FE9D9012064
:106A900070BD002070BD00BF012930D9002A30B57B
:106AA00022DB01F1FF334FF0000500EB0304C55476
:106AB00032D0A04230D2054682EAE27EAEEBE27EE0
:106AC000184AA2FB0EC3DB0803EB830CAEEB4C0CA5
:106AD0009E460CF1300C04F801CD93B1A542F0D3E1
:106AE0007BB10023037030BD05462D234C1E05F8F5
:106AF000013B002303550444A542DDD3F1E708D050
:106B00007047421821462846121BBDE8304009F064
:106B1000E5BF00230370F3E7002AE2D1302342707F
:106B2000037030BDCDCCCCCC6FF00B00704700BFF4
:106B300070B50B681646426882B0934201D102B02C
:106B400070BD044632600D46304601A9019303F042
:106B5000B9F901A9304603F0DFFC94F82D202B6829
:106B600002F0050163600529E9D1002BE7D0130786
:106B7000E5D5211D2046FDF709FEE0E7704700BF7F
:106B800091F82D3013F0180F01D003F0E1BCFDF7A0
:106B900013BF00BF38B330B5044683B00D4601B310
:106BA00063682A689A4201D103B030BD01A96846E2
:106BB000CDE9003203F086F901A9684603F0ACFC88
:106BC00094F82D202B6802F0050163600529EBD1B4
:106BD000002BE9D01307E7D5211D2046FDF7D6FD90
:106BE000E2E7014DDCE7704738BF050828B129B15D
:106BF0000B688268934218BF836070470049F7E7CB
:106C000038BF050828B129B10B68C268934218BF84
:106C1000C36070470049F7E738BF0508F0B50029A1
:106C20001F46164B0C4683B0054614BF0C461C4647
:106C30000AB31646EFB1236893B9214601AA284644
:106C4000FFF776FF01213368AA689342EA6818BF0C
:106C5000AB603B68934218BFEB6019B103B0F0BD65
:106C60000021F0E701AA21462846FFF761FF03B0A3
:106C7000F0BD024FDFE71E46DCE700BF38BF050866
:106C800070B5059E002E4DD0044600284AD000293C
:106C900042D0002A3BD0002B3CD00498224DE0612A
:106CA000069820610020C4E90100E060A08484F817
:106CB0002D002062287884F830001C48606120464E
:106CC000FFF7ACFF2046B04760BB94F830106E6809
:106CD000FF290ED096B1334601E01B6873B193F8DB
:106CE00030208A42F9D10131C9B2FF2984F830102D
:106CF000F0D1002184F83000002EECD1FE290FD015
:106D00004B1CDBB2266020462B706C6070BD084ABD
:106D1000002BC2D1064BC0E70549002ABBD1F6E7DC
:106D20000023EFE7002070BD408A0020296B040893
:106D300038BF050810B51C4684B000230294CDE985
:106D400000121A461946FFF79BFF04B010BD00BFA2
:106D500000283AD0436810B5044682B0DBB994F8F5
:106D60002D30DA0724D4194A9368A3422AD05368F5
:106D7000A34208D02BB11A68A24208D01346002BB8
:106D8000F9D102B010BD2368536002B010BD226873
:106D90001A6002B010BD04300021019003F092F897
:106DA0000021019803F0B8FB94F82D30DA07DAD50A
:106DB00023F001021B0784F82D20D4D52046FDF7CF
:106DC000D3FAD0E700239360D1E77047408A0020D0
:106DD000014B9860704700BF408A0020014618B1FF
:106DE00090F82D30DA0700D5704703F0050243F024
:106DF000010C42F0010280F82DC0052AF4D142684E
:106E0000002AF1D01B07EFD50431FDF7BFBC00BF4E
:106E100048B190F82D20D10705D522F001011307C4
:106E200080F82D1000D47047FDF79EBAE8B110B578
:106E300090F82D3004465A0700D510BD43F00403E6
:106E400080F82D30FCF792FD94F82D3003F0050208
:106E5000052AF2D16268002AEFD01B07EDD5211D6B
:106E60002046BDE81040FDF791BC704738B190F85E
:106E70002D305A0703D523F0040380F82D307047D6
:106E80000246D0B10D4B586810B50C4610B913E04E
:106E9000006888B190F830300133DBB29A42F7D104
:106EA00090F82E30013A0421237090F82F30A01C66
:106EB0006370FFF7F1FD204610BD7047408A002047
:106EC000024658B1064B586810B907E0006830B167
:106ED00090F830300133DBB29342F7D170477047FE
:106EE000408A0020E0B110B50446023009F0EEFC03
:106EF0000C4BC2B2586810B910E0006870B190F83D
:106F000030309342F9D190F82E3021789942F4D163
:106F100090F82F3061789942EFD110BD002010BD5C
:106F200000207047408A002008B5FFF7DBFF18B14A
:106F300090F830000130C0B208BD00BF38B50C4633
:106F40001D469DF8181094429DF814300ED29B07F0
:106F500008D504F21B2121F003018A4228BF0A460A
:106F600091B204E0049B5B8B5B060BD521464FF48A
:106F70002072FEF7D5FF20B143891B1B2B800481B3
:106F8000448138BD0029E4D0049BDB6E002BE0D1A6
:106F9000049B1B6F002BDCD1E8E700BF2DE9F04715
:106FA000074603209DF820A00E4690469946FEF71E
:106FB000C1FE044600283DD04FEA8A0580F80AA0A9
:106FC00033894FF0000A05F004054660142130466D
:106FD0005B1BC4F800A02381FFF7AEF8064610BB88
:106FE0006368AD02F88AD3F804A005F5A045C4F89B
:106FF0000CA0FFF7DBFCAAF80000388BE768FFF76E
:10700000D5FC78804846E768FFF7D4FC786045EA0D
:107010000800E768FFF7CAFCE368B8819E74DE7475
:107020002046BDE8F0872046544602F0C1F92046CC
:10703000BDE8F0873046FFF781F9F1E714312DE91B
:10704000F04789B20646174622204FF420721C46AC
:10705000BDF820A09DF82490BDF82880FEF760FFC1
:107060000546E8B120466C68FFF7A0FC208050463A
:10707000FFF79CFC676060803046FFF79BFC03468F
:1070800049F4A040A360FFF791FC03464046A3816A
:10709000FFF78CFC0023E08123746374A374E37412
:1070A0002846BDE8F08700BF70B50D4686B004469F
:1070B000164630B3007AB0B918460593FDF744FC84
:1070C000059AB0B1E37AA47A00940624314602907E
:1070D00001942846FDF7BEFD04462846FFF72EF929
:1070E000204606B070BD0593FFF7EAFE059A00281A
:1070F000E8D16FF003042846FFF720F9204606B0D8
:1071000070BD18460593FDF71FFC0028F1D0FF2342
:10711000059AD9E72DE9F04F002491B00791099322
:10712000ADF83E40002800F0C781B0F862A080466C
:10713000438E4FEA5A0A9A4528BF9A46A24508BF8D
:107140009A46002900F0B881037D91469A1E022AD2
:1071500002D9072B40F08D81B9F1000F13D0B8F898
:1071600064304B45C0F09F81B8F86660082E00F28D
:107170009A81D8F86C400B94002C40F013810A944B
:10718000CDE90C4436E0D8F86C70B8F86660002F92
:1071900000F095813B463F68002FFBD11C460C93C5
:1071A0009B7A21899B00B8F86800AAEB010203F0E2
:1071B00004030A90D21A92B268B1484503462746A2
:1071C00028BF4B46934228BF1346D21AC01A0A93CF
:1071D00092B2ADF83E000A9B002A18BF4B4502D27E
:1071E000002940F0E18000230A9C0B930D93A145F8
:1071F00040F26D81099B4FF0000B03F00103CDE9D4
:1072000005B332E0099B524629463620CDE900837A
:10721000BBFA8BF35B0902930DF13E03FFF78EFE81
:10722000074600284DD0079B2A464068191909F0E7
:10723000BBFB3846FFF786F8304486B2092E3DD8AE
:10724000D8F85C3000223946404623440092FFF7CC
:10725000A5FE002835D0BBF1000F48D02C44059B7B
:10726000A4B21860A14547D90590A9EB0405069B77
:10727000ADB2554528BF5546ADB2002BC2D1012253
:1072800029463620FEF74CFED8B1079A08902244D2
:10729000069942604FF420723620FEF741FE089BAB
:1072A0000746002800F0B1801946FFF763F838461A
:1072B000FFF748F8304486B2092EC1D93846FFF7A7
:1072C0003DF8B8F81A3043F08003A8F81A300B9B49
:1072D00013B11846FFF732F8BBF1000F5DD05846E6
:1072E00002F054F84FF0FF3011B0BDE8F08F2C449D
:1072F0008346A4B2A145B7D807460A9B13B30C9A9C
:107300005468D4B19A46238922685344079D238147
:1073100032B114462389226853442381002AF8D1CC
:107320006389524660682946184409F03DFB638929
:10733000226853446381002AEBD10C9A0A9913897D
:1073400019441181BDF83E300B9DA8F86830002D1E
:107350005FD00C9C29466068FFF70CF82A892389C6
:10736000134423810C9BC3F800B0D8F85C30A8F814
:1073700066604B44C8F85C30B8F86430A3EB090988
:10738000A8F864902FB1FB681BB1099A12F00205AE
:107390005CD0002011B0BDE8F08F4FF0FF3011B08D
:1073A000BDE8F08F0B9FF5E6A9EB0305099B95421D
:1073B000A8BF1546D907ACB25ED40C9B5A681346D9
:1073C0001268002AFBD10B921A7B12F0C00F05D174
:1073D0005A895B681344079A9A4248D00122214691
:1073E0000020FEF79DFD0B9000285CD0079B0A99BA
:1073F0000B444360FEF7A6FF06440023B6B20D938C
:107400000A9B0C9F1C44A4B2F1E61846FEF796FFB7
:1074100057E70D9B23B30C9B59680A68002A54D088
:107420000D9C00E002460B89106823440B81114635
:107430000028F7D113890D990B44138153890B440C
:1074400053810C9A13890B4413818BE708209C8984
:10745000FFF7ACFA0246FB68284614439C8143E7D9
:107460000C9B002B7FF47EAFC8F86CB07DE70D94C9
:10747000C6E76FF00A0037E7CDE900830123214614
:10748000002002930DF13E03FFF758FD03460B90D9
:1074900048B10A981D46079922460144586809F0E8
:1074A00083FA2846A6E7B8F81A304FF0FF3043F0C9
:1074B0008003A8F81A3017E76FF00F0014E7BDF843
:1074C0003E30CB46A8F86830CEE70A46B2E74FF028
:1074D000000B12E72DE9F04FC56E83B085B30C4663
:1074E000002900F09480B5F80890894503D8002061
:1074F00003B0BDE8F08F95F80AA0A9EB0108064695
:107500004FF420724FEA8A0B36201FFA88F80BF0EE
:10751000040B08EB0B0189B2FEF702FD074678B1B8
:1075200068682A89038979689B1A4246594423442A
:107530009BB2FEF775FF404507D03846FEF7FEFECA
:107540004FF0FF3003B0BDE8F08FEB689889FFF78C
:107550002DFA10F0080B5FFA80F853D108F03F08BD
:1075600018F0010F03D008F0FE084BF0010BEB6898
:107570005868FFF71FFACDF800A023185A4639467D
:107580003046FFF70BFD82460028D6D06868A4EB92
:107590000904FEF7D7FE6A68B6F86630A4B211890E
:1075A0001B1A10462144A6F8663089B2FEF794FDF6
:1075B0002B8940461C44EB682C819C89FFF7F6F927
:1075C000EB68044368689C81FEF7BCFEB6F8663041
:1075D0000344DAF80400A6F86630FEF7B3FEB6F806
:1075E000663018442B68A6F86600CAF80030C5F863
:1075F00000A0DAF80030002B7FF479AF1846A6F827
:10760000683075E708F037084FF0080BA8E76FF00F
:1076100005006DE770B5C1F3400682B004460D4623
:107620004FF420723620B100FEF77AFC60B30146B9
:10763000E36D2A4620460096FFF7B0FC20B3E36EC8
:1076400003B39C461B68002BFBD1CCF80000002341
:10765000AA07A4F8683002D0E36D0133E365EB07B5
:107660000BD44068FEF76EFEB4F866200346002097
:107670001344A4F8663002B070BD638B43F020035E
:107680006383EEE7E066E2E7638B4FF0FF3043F0A1
:1076900080036383EFE700BFF8B5C46E06464CB1C4
:1076A00025462468002CFBD1EB689889FFF77EF90A
:1076B000430705D030460121BDE8F840FFF7AABFD7
:1076C000EB6801209F89FFF771F9738B3843EA68F3
:1076D00043F02003908120467383F8BD026F62B3AC
:1076E000F8B506461446D4E9005335B19B7B2C46C9
:1076F000012BF8D06FF00500F8BD9B7B012BF9D171
:10770000F36E2360738B43F400637383E368C6E90D
:107710001B255868FFF74EF9E368278904469889C6
:10772000FFF744F903463C44284613F0030375630E
:1077300018BF01232344F364F8BD6FF005007047C0
:10774000F8B5066F56B373689B7B012B26D1326860
:107750000746C36E00F16C0502671BB90FE02D6888
:107760002B6863B1DB685868FFF724F9F3680446B7
:107770005868FFF71FF9241A002CF0DB2B683360E0
:107780002E6033686BB197F84230FF2B02D0013383
:1077900087F84230002318467B63F8BD6FF0050080
:1077A000F8BDA7F86830EEE7036F3BB3438B5B0788
:1077B00010B5044600D510BDFFF7C2FF0028FAD16E
:1077C000B4F86010B4F84830628E99424FEA420033
:1077D00028BF19464B08B0EB510FA4F84A3002D924
:1077E00083B2A4F84A30618B024441F0040113448F
:1077F0000022A4F848306183228610BD704700BF84
:107800002DE9F04186B014461E460546BDF83430D9
:107810000846BDF8388005930C9FFFF7CBF814217C
:107820000246204646F20804059BCDF80080CDE9CB
:1078300001140021FFF702FC38B101463B463246F5
:10784000284606B0BDE8F0412EE406B0BDE8F08160
:1078500030B5044685B0006D1025FFF7ABF8638D99
:10786000218B02460293E38ACDE900150021606A6C
:10787000FFF7E4FBA8B1658D0146626A231D20462F
:107880002A44E2622246FFF70FFC638B20B143F0EB
:107890000303638305B030BD23F00303638305B0A6
:1078A00030BD638B6FF00100F1E700BFAD4B1B688B
:1078B000834200F04F812DE9F04FC56E87B004463A
:1078C00085B3B0F8487000F1040AB0F86060007A3F
:1078D000002840F063815046FDF736F80590059A80
:1078E000002A00F0718123680BB953682360EB68AC
:1078F000B742586828BF3746FFF75CF82B89626C9F
:107900009B1A1844B84217D9B4F86030BB4200F053
:107910000F81628B910708D5204607B0BDE8F04F74
:10792000FFF796BF428B9507F7D422F08002002024
:10793000628307B0BDE8F08F002384F89930236F8D
:10794000002B00F0058198461B68002BFBD1002618
:1079500091E0D5F80CB06B689B7B012B46D1606A37
:10796000FFF728F8CBF80800608DD5F80CB0FFF7CA
:107970001DF8628D636AABF80E001344D5F80CB0A5
:10798000E362AB7ADB0700F1B080B4F93030002B52
:10799000636BB8BF2686002B00F09C8068684FF0B0
:1079A000060C524621464368B0F80AE0ABEB0303ED
:1079B000C0F804B09BB2AEEB030EA0F80AE0B0F83A
:1079C00008E0AEEB03030381059B8BF810608BF896
:1079D0001160CDF804C00293A37A0093E37AFDF717
:1079E00039F9002840F0EB80D5F80CB02B68E3663D
:1079F000237D022B03D0638B23F003036383DBF827
:107A00000400FEF7D7FFEA688346B5F8089090892E
:107A1000FEF7CCFF10F00300CB44236D18BF01200C
:107A20005844B5F808B01B1A002BEB68B8BF2065A6
:107A30009889FEF7BBFF10F0030018BF012010EB80
:107A40000B0F40D0236F2E60002B40D0EB6858689E
:107A5000FEF7B0FFD8F80C3083465868FEF7AAFF4F
:107A6000ABEB0000002877DBC8F80050A846E56EB5
:107A7000002D00F09780EB685868FEF79BFF636C61
:107A8000C01A2B891844B84200F29280236F4BB180
:107A9000638B13F0440F1A4604D1E16E002938D0ED
:107AA000086888B3237D022B3FF453AFEB681020A6
:107AB000B3F80CB0FEF77AFF4BEA0000D5F80CB033
:107AC000ABF80C0047E7284601F072FCCFE7A84668
:107AD0002567CCE7244B1B686363DBF80400FEF7E3
:107AE00069FFD5F80CB0A06358E7524605994FF4EA
:107AF000067002F0D9F940F00170FEF75BFFCBF899
:107B00001400D5F80CB040E7B1F808C0608E844589
:107B1000C8D2B4F864000028C4D0B4F866000828BD
:107B2000C0D813F0A00FBDD100297FF4FEAE3AE01B
:107B3000236F002B7FF4EDAE94F89930002B7FF487
:107B4000E8AE4FF4807284F89A30A4F89820E0E60A
:107B50009846FCE600207047226F04F1700952B984
:107B600018E000BF808A00208C8A0020D9F800909D
:107B7000D9F8002072B1D3685868FEF71BFFEB6894
:107B800083465868FEF716FFABEB00000028EDDBDC
:107B9000D9F800202A60C9F8005068E7FFF790F98B
:107BA00005909CE6638B00211A46A4F86810BCE699
:107BB000638BE16E1A4600297FF4B7AEF3E7638B5F
:107BC00043F080036383B4E66FF00300B1E600BFC7
:107BD00090F84230FF2B02D0013380F84230FFF79B
:107BE00065BE00BF10B50446FFF778FD00B110BDBB
:107BF00094F84230FF2B02D0013384F84230204603
:107C0000BDE81040FFF752BE30B50446006D85B0A8
:107C100010250138FEF7CEFE638D218B02460293BC
:107C2000E38ACDE900150021606AFFF707FA60B129
:107C3000658D0146626A231D20462A44E26222467F
:107C400005B0BDE83040FFF72FBA4FF0FF3005B068
:107C500030BD00BF2DE9F041C56E84B0002D59D074
:107C600090F89A300446FF2B02D0013380F89A3006
:107C7000EB689889FEF79AFE10F0010633D10121D6
:107C8000EB685A68638D0293238B00931023019352
:107C9000E38A606AFFF7D2F9074698B3628D636A98
:107CA000D0F804801344E3620EB3B8F90C601120DD
:107CB000FEF77CFE26F47C563043A8F80C00EB68F7
:107CC0005868FEF777FE236D0130224639461B1AAD
:107CD000002B04F10403B8BF2065204604B0BDE8C2
:107CE000F041FFF7E1B9298989B90126C8E7686839
:107CF00008F114012E89012203899B1B9BB2FEF718
:107D00008FFBDCE74FF0FF3004B0BDE8F0810121CC
:107D10000026B5E7284604B0BDE8F081F8B5C36891
:107D200005460C469889FEF741FEC20732D41C4E28
:107D300005E02768204601F03BFB3C46EFB1E168D7
:107D4000238937682A8948683A440344D31A002BA8
:107D500015DB8889FEF72AFEC307EAD5EB68012008
:107D60009F89FEF723FEEB683843276898812046F9
:107D700001F01EFB3C46002FE1D12C60F8BD121A29
:107D8000002AFADDC11B686889B22981FEF7A4F9CF
:107D90002C60F8BD2046002401F0F8FA2C60F8BDF4
:107DA0004C8A00200D4B1B7913F0100301D11846AB
:107DB0007047438BDB0610B5044606D4D0F89030EC
:107DC0001BB16FF00E01006998472146044801F08D
:107DD0005FFD204601F032F9012010BD4C8A0020E1
:107DE000908A0020A9B32DE9F04107460D461A4EAE
:107DF00013E0D5E90040FEF7A5FAB7F86610024691
:107E00002B89B6F806C028468A1A25466344A7F887
:107E10006620F38001F0CCFAC4B1EB685868FEF735
:107E2000C9FDEB680446B5F808809889FEF7BEFDE9
:107E3000B36810F00300A4EB030418BF012044440E
:107E40000444002CD5DD2846BDE8F0810020BDE8C3
:107E5000F0810020704700BF4C8A00202DE9F843D4
:107E6000AD4D04462B7BDB0600F18D80E8892B6845
:107E7000002877D0227D062A74D8626AD11A012997
:107E800005D4561CF61A301A002840F3A881991A16
:107E90000029C0F29F8103F1010C208DACEB02019F
:107EA000091A002934DC9A4200F0B781666F002E6F
:107EB00000F0B682F068002703F1FF3E42689A4264
:107EC00017D0002F00F02E81F9684968AEEB010150
:107ED000002904DBACEB0201002940F3AA823168DF
:107EE0003746002900F02D810E46F06842689A421C
:107EF000E7D1AA8B33899A420AD9884801F06AFAF5
:107F000030B1002F00F01C8338603146FFF706FFC8
:107F10002046BDE8F843FFF79BBCE889002840F005
:107F2000EA806744A16DB4F860C06144B94240F092
:107F3000E280218E0F0400F1DE80964240F0DB806B
:107F400094F84310FF2900F0B1820131C9B203292E
:107F500084F8431000F2AA8200F0B482616B002919
:107F600040F0A080626A991A002906DBC2F1010282
:107F7000218D521A1344002B03DD638B43F002035F
:107F80006383BDE8F883426D2B68B0F860C0D11AF6
:107F9000876D00296EDB9A42AA6800F0B080974294
:107FA00000F0B480666C911B0029B6DD236DD31AF6
:107FB000002B6DDC638B5E0709D523F0040363831C
:107FC000B4F84A30A4F848300023A4F86A30E38FAC
:107FD0006264B4F93C2003EBE2030022A4F84030D1
:107FE000237DA4F84220032B13D9B4F8483089B27A
:107FF000B4F84A209A4200F26281B4F86A2011442F
:1080000089B28A4200F2F5818B4240F2F481A4F8F1
:108010006A10216F2046FFF7E5FE0346E16E204619
:108020002367FFF7DFFE226FE066B2FA82F35B0997
:108030005B42238600232377002800F03D81B4F8BB
:108040006430E9880B44A4F86430638B190522D5A9
:10805000002A00F04B81D368E66C5868FEF7AAFC52
:10806000301A002817DC628BE88922F400622B6842
:10807000628312E02A69D189AA68B4F86200A4F880
:1080800060108842C4E9153238BFA4F8621089E74D
:108090002046FFF7DDFBE8892B68616B00293FF480
:1080A000E7AEAA68A66BB21A002ABFF6E1AEB4F931
:1080B0003C6089B21A4AC6F3CF07B2F800C0ACEBF5
:1080C0000702521A92B2164412F4004F36B2A68733
:1080D00003D0A7EB0C0739448AB2B4F93E10A1EBE8
:1080E000A1011144002289B2626301EBE606E18737
:1080F000A4F84060BCE6002284F84320CDE7B91A1A
:108100000029BFF64CAF2969C989B6E72969C98931
:108110008C45BFF447AFB0E74C8A0020608A00204E
:108120008C8A0020991A0029BFF6D9AE8C4801F03C
:1081300051F900283FF4ECAE31466067FFF7EEFDE1
:10814000E6E69B1A002B7FF7E3AE8089FEF72EFC54
:10815000C1073FF5DDAE824801F03CF930600028F0
:108160003FF4D6AEF2682B68516832890A44D21ABD
:10817000002A05DD5B1A706899B23181FDF7ACFF0A
:108180002A68EB891344626A9B1A228D9B1A002B82
:108190007FF7BEAE3368DB689889FEF707FCC2073D
:1081A000336800F1CF812A68218D5868891A626A84
:1081B000114489B21981FDF78FFF3368DA681E898F
:1081C0009089FEF7F3FB10F0030018BF0120304444
:1081D000E8819DE6638B43F00203638398E689B2EE
:1081E000AB8BA8695B1A0289AB834389521A8B4215
:1081F00092B208D20026C91A46810281006889B26B
:1082000043898B42F7D3FDF7E9FF636A296A228D20
:108210002B604B60002A3FF47BAE2B6AAE8B9889B3
:10822000FEF7C4FB10F00303228D18BF0123334473
:108230009BB29A42EB81C0F01881636F002B6DD026
:108240002B6A9889FEF7B2FBC30764D4666F46B900
:1082500043E13768304601F0ABF83E46002F00F0AE
:108260003C81F0683389E989D5F800C0476801EBA3
:108270000C023B44D31A002BC0F22A818089FEF7FE
:1082800095FBC707E5D52B6A9889FEF78FFB80071A
:10829000DFD42B6A01209F89FEF788FB2B6A3843C5
:1082A000AF8B988180B2FEF781FB10F0030018BFFE
:1082B00001203844E881CCE7A4F86800BFE6628B6F
:1082C00012F4006F628E14BF0120022012FB00F234
:1082D00092B28A4294BF9818581882B2934240F2E0
:1082E00093804FF6FF73A4F8483092E648B1C36814
:1082F000E66C5868FEF75EFB301A00283FF7CBAEFD
:10830000638B23F40062E8892B686283C5E6036807
:10831000636701F04DF8606F0028F8D1E9892A6899
:108320000A44238D20466262591A218500F03AFFE3
:10833000AB691A8912B100226B62AA612B6A988913
:10834000FEF734FBC20703D52B7943F020032B71D2
:10835000666F002E5BD000274FF007081CE000BFBF
:10836000608A0020FEF706F87760F3689889FEF7C8
:108370001DFBC30708D52B7943F020032B71237D08
:10838000042B08BF84F8148033683046636701F01B
:108390000FF8666F002E3AD0F268616A53688B421C
:1083A00035D12B609089B6F80890FEF7FFFA636A22
:1083B00010F00300994418BF0120F3684844B6F850
:1083C000089060629889FEF7F1FA10F00300238D9F
:1083D00018BF01204844181A2085204600F0E2FE0C
:1083E00071680B89002BC0D0686A0028BAD1696215
:1083F000BAE74FF6FF71628EC91A1A44A4F86A10E0
:1084000092B293423FF66DAFA4F8482001E6638B29
:10841000D8070AD523F0010343F002036383B0E5D4
:10842000504800F0D7FF606772E543F001036383B3
:10843000A7E54C4800F0CEFF804600283FF468AD29
:10844000FB682A6859683B890B449B1A002B05DDA1
:10845000521A786891B23981FDF73EFE31464046A6
:10846000C7F80080FFF75AFC52E52B6A9889FEF79F
:108470009DFAC1072B6A34D49889238DAB83FEF70C
:1084800095FA8207A98B02D5013989B2A983A86917
:10849000FDF722FE2B6AAE8B9889FEF787FA10F063
:1084A000030018BF01203044E881C6E6B4F8482034
:1084B0004FF6FF71638E13449BB29A4288BF0B46FE
:1084C000A4F848302046FFF76FF9E8892B68E4E507
:1084D000D31B002B15DC666723E7E9892A680A4469
:1084E000F9E79E89304626F47C56FEF75FFA00F0E5
:1084F0003E00FEF75BFA2A6A46EA000398B29381CF
:10850000BBE7A7EB0C072B6AAF839889FEF74EFAFF
:10851000810702D5AB8B013BAB83A98BA869FDF723
:10852000DBFD2B6AAF8B9889FEF740FA10F0030051
:108530002A6818BF0120391889B20A44E981CAE7BC
:108540006067E2E4DB689F89384627F47C57FEF7D2
:108550002DFA00F03E00FEF729FA33680743DA6887
:10856000978120E6608A00202DE9F043444D0021E8
:10857000B5F830E02F8D5FFA8EF9EC6A2E696A8EBD
:108580006FEA090802F1140CB444974202F10103A6
:108590006CD99BB2ACB1964508EB030111D8C9B2B6
:1085A000615C012911D0022916D091B10CB173453B
:1085B00041D233441B7D012B5ED91A4492B2012172
:1085C000E0E79CF800100129EDD10CF1010C1A46EE
:1085D000DBE76B86BDE8F083911C89B20CB1734573
:1085E00024D233441B7D042B44D14B1CBB4241DAC3
:1085F000D31C9BB284B38E4522D8A1EB090104326F
:108600009E45C9B292B214F801C04FEA0C2C20D892
:10861000A3EB0901C9B2635C4CEA0303591EB1F52F
:10862000067F28BF4FF406734386C8E7A3EB090310
:10863000DBB2E35CD7E7A3EB0903DBB2E35CBAE7A9
:10864000314404329E4591F814C092B24FEA0C2C8A
:10865000DED933441B7DDFE731440432334491F8E3
:1086600014C092B21B7D4FEA0C2CD5E70029B1D083
:108670006A86AFE76986ADE702326A86AAE700BF7D
:108680004C8A002043894268132B2DE9F04FA34EFA
:1086900087B00446326105D8204607B0BDE8F04FE8
:1086A000FDF74CBE9E4F39687869FCF707FB05461D
:1086B0000028F1D17B6903F0F003E02BECD03369A3
:1086C0009889FEF773F9800A00F0FC011329E3D9B9
:1086D00023898AB28B42DFD3A2F114036089F56249
:1086E0009BB29042338580F0D38014212046FDF761
:1086F00075FD6589B6F82890204629463586A9EB90
:108700000508FDF76BFD20681FFA88F8438943458B
:10871000C2D343684146F362FDF760FD23891D44DF
:10872000A5EB0905258135692888FEF73FF92880E2
:1087300035696888FEF73AF9688035696868FEF738
:1087400039F9686035693060A868FEF733F9A860C8
:108750003569B060E889FEF729F93369E8819889BD
:10876000FEF724F900F03F0885075FFA80FAB4F8B5
:1087700008C086F80C8040F0D980A6F80EC0694B7E
:10878000D3F800E0BEF1000F00F03483796875463D
:1087900033690494D7E904920592002204E0E86862
:1087A0002A46002879D005462C7A2CB191F8300061
:1087B0000130C0B28442F2D1B5F818B018888345B0
:1087C000EDD1B5F816B058888345E8D168684845BA
:1087D000E5D12868059CA042E1D1049C2AB1514909
:1087E0000D60E968D160C5F80CE033621AF0080F3B
:1087F0004FF00003A6F81CC0B4617361736233715B
:10880000F38003D0637B43F001036373AB6F6BB101
:10881000284601F0BDFA0D3000F02082AB6F1BB18D
:10882000F389002B40F01A8296F80C8018F0040FA0
:10883000756300F022812B7D022B00F0CD826A6AE5
:1088400033689A4200F0CD829B1A04D42A8D9B1A79
:10885000002B40F3BC8233791A0740F11382D5F81C
:1088600090301BB16FF00D01286998472D482946BB
:1088700001F00EF8284600F0E1FB0024B0697463B3
:10888000746210B1FDF75AFDB46107B0BDE8F08F16
:1088900020463386FDF7A2FC45E7049C224A106877
:1088A00000284BD07968D7E9049C02E0C068002812
:1088B00044D0057A2DB191F830200132D2B29542E0
:1088C000F4D1B0F818801A889045EFD1B0F816E0CE
:1088D0005A889645EAD142684A45E7D1026862451E
:1088E000E4D11AF0040F7FF4D7AE1AF0020F00F0B3
:1088F00006833268436AD31A04D4018D5B1A002BB5
:1089000040F31883F389002B3FF4C6AE438B43F04A
:1089100002034383FEF7CAFFBEE600BF4C8A002075
:10892000A08A0020908A0020988A00200CF1010380
:108930009BB29C45F3817FF622AFADE6DFF8409312
:10894000D9F80080B8F1000F00F0DC81D7F804C03E
:108950004546D7F814E0002005E0EA6828461546A9
:10896000002A00F0CF81297A29B19CF83020013209
:10897000D2B29142F1D1EA8A59888A42EDD12A686D
:108980000AB17245E9D128B1EA68C9F80050C2605D
:10899000C5F80C801AF0040F7FF47EAE1AF01008B0
:1089A00040F02A821AF0020F3FF476AE687D01F0A3
:1089B0005BF88146002800F06982316933680A78E3
:1089C0000133497842EA0122E98A4362C3627B6942
:1089D000028303603B69C18243600323037501F096
:1089E00057FA3368C9F85800013BC9F85000C9F874
:1089F0004400C9F854302B69C9F85C00C9F810303C
:108A0000C9F87C506B7A994A03F00C0389F8093055
:108A10002B7A89F808301368C2F80090C9F80C3036
:108A2000FDF71AFF924B01221A70338D23B148468D
:108A3000A6F83280FFF798FD336909F10402B9F80E
:108A40003250DB8910460492A9F86030A9F86230F0
:108A5000FBF77AFF049A0146284601F025FA0346FF
:108A600012214846A9F83230FEF7D4FD002840F024
:108A700018824846FEF71AFF0EE618F0020404D0EA
:108A80002B7D023B012B00F2A2816B8BD80602D416
:108A9000784B1B682B620023328DA5F89A301AB1EF
:108AA00028467386FFF760FD2B7D023B072B3FF6C0
:108AB000D2AEDFE803F02F120481670497522846F4
:108AC000FFF7CCF933799A067FF5C5AE6B8B072299
:108AD00043F002032A756B83BDE618F0100F00F017
:108AE000C3816B6CB168DB43CB4204D42B6DCB1AD2
:108AF000002B40F3DC8130695F4B0288F4890292DD
:108B000042882846CDE90032326804332244FEF719
:108B100077FEA0E608F01203122B00F0098118F08E
:108B2000100F3FF498AE3369F189188832680290CB
:108B300028465B880A44B16801934F4B0093043385
:108B4000FEF75EFE95F84230052B3FF684AE00231B
:108B500028462B86FFF746F87DE62846FFF77EF984
:108B6000337BD9067FF577AE2A6DB3689A427FF4DE
:108B700072AEEB6E002B7FF46EAE337943F01003D0
:108B8000337168E62846FFF769F933799C067FF56B
:108B900062AE6B8B284643F002036B8300F04AFC05
:108BA000324B1B68AB424AD0002B4BD0DA68AA424A
:108BB00000F0AD811346F7E72846FFF74FF9337908
:108BC00013F0200F337B00F04081DB0603D52A6DC4
:108BD000B3689A4224D06B8B082243F002032A75B3
:108BE0006B8338E62846FFF739F9337BD8067FF5E3
:108BF00032AE2A6DB3689A427FF42DAEEB6E002B35
:108C00007FF429AE284600F015FC184B1B68AB42D8
:108C100015D0BBB1DA68AA4200F079811346F8E7B3
:108C2000EB6E002BD7D16B8B284643F002036B838E
:108C300000F000FC0D4B1B68AB4240F06B81EB6811
:108C40000A4A13600D4B0A21094A297519681D60EB
:108C50000123E9601370FDF7FFFDFCE56B8D002B30
:108C60007FF40BAE2846FEF7F3FD06E6908A00205F
:108C7000948A00208C8A0020B08A0020988A0020E4
:108C8000848A0020F28852B1D5F880302BB1294671
:108C9000286998470D303FF4F0AD0023F380284653
:108CA000FFF780F800287FF4E8AD726A9AB16B8B09
:108CB00013F0100340F0AE80D5F88440002C00F093
:108CC000E08029462869A04710F10D0F3FF4D5AD8B
:108CD00008B1736AAB6733799B0607D5AB6F002B7E
:108CE00000F09F805A7B42F020025A7300232846EE
:108CF0007363FFF757F800287FF4BFAD2846FEF7EF
:108D0000D5FDBAE59889FDF751FE10F004007FF417
:108D1000C3AC3169934B0A88F58902924A88B168DD
:108D2000CDE90032326804332A44FEF769FDB3E42A
:108D30006A6CB36801329A427FF4F1AE33686A64B8
:108D400031695A1C013B6C8E6A62EA622A1DC9892C
:108D50006B6504231046A5F860102B75A5F862100A
:108D60000492FBF7F1FD049A0146204601F09CF8BD
:108D700041F21C134200688681009A42144638BFB3
:108D80001C46B4EB800F40F2E9808BB2B5F8662048
:108D9000A5F84830286F531EA5F86630002800F06B
:108DA000D98003682B6700F003FB2B6F002B00F0CA
:108DB000CD8000232B8685F84230D5F8883033B13A
:108DC00000222946286998470D303FF456AD6B8B39
:108DD00043F002036B833EE52A6DB3689A427FF449
:108DE0003AAD32796B8B42F0080223F00103327105
:108DF0006B8330E5336951E51B882846594AF5896C
:108E00000092CDE90113131D3268B1682A44FEF7C0
:108E1000F7FC41E41046FDF791FA284600F0F8FD12
:108E20002BE52B8DB3F5066F01D001332B85D5F8DB
:108E30008440002C3FF45AAF0023294628691A4683
:108E4000A0470D307FF452AF17E5DF067FF503AD85
:108E50002A6DB3689A427FF4FEACEB6E002B7FF470
:108E6000FAAC06232B75F6E4002C3FF4F4AC6B6AE5
:108E70003268013B93427FF4EEAC2846FEF760FC7B
:108E8000E9E42346294600F065FF1DE7AB69002BA6
:108E90003FF402AC01464FF0FF3228699847FFF7D4
:108EA000FBBB0021484600F021FDFFF7F5BB042283
:108EB000EB6F2A75002BB0D09B69002BADD0002240
:108EC00029462869984788BB2846FEF7C7FFF388DC
:108ED0000BB1013BF380698E41F21C134A008800FC
:108EE0009A42144638BF1C46B4EB810F1AD983B29C
:108EF0003279A5F8483091067FF5ADACE6E51AF079
:108F0000010F3FF4FFAC184B1B680362FAE4EA68F8
:108F1000DA6097E6002B3FF495AEDA68AA42F6D005
:108F20001346F7E79A4288BF93B2E1E70D303FF46A
:108F3000A4AC72E7F1890B4B0A44B1680093043387
:108F4000CDE901E8FEF75CFCFFF7A6BB4FF6FF7327
:108F50002B8632E7E86E0368EB6624E79A4288BF07
:108F600093B213E7B08A00208C8A0020024A13795A
:108F700043F01003137170474C8A0020F0B4134F74
:108F80004FF48041124E4FF6FF7C3888114D01306E
:108F9000114C2B4680B2604508BF4FF440401B681F
:108FA00013B90BE0DB684BB1DA8A8242FAD101399E
:108FB00089B20029EBD13880084605E0B44202D0DE
:108FC00054F8043BEBE73880F0BC70477400002095
:108FD000D0C00508848A0020C4C0050810B5037DF0
:108FE0000446042B05D0072B0DD0032B01D0002005
:108FF00010BDFEF751FB48B9052323752046FEF747
:1090000055FC002010BDFEF747FB38B1431CEFD1E3
:10901000638B002043F00803638310BD092323758D
:10902000ECE700BF08B507F0A9FE024B024A034374
:10903000138008BD00C0FFFF74000020014601201E
:10904000FCF7A4BE0029244B2DE9F0410F4614BFC4
:109050000F461F46002839D0037D80469BBB4AB38C
:109060001E491F4E01F10C0033461B6813B90FE077
:10907000DB686BB1B3F816C09445F9D11C681CB11C
:109080003D680DB1AC42F3D16FF00700BDE8F0814F
:10909000814215D13B680BB1C8F800307368A8F85D
:1090A0001620C8F80C30C6F80480FDF7D5FB002068
:1090B000BDE8F081FFF762FF024650B1084EE9E7D4
:1090C00051F8043BD1E76FF00500DFE76FF00F00C8
:1090D000DCE76FF00100D9E738BF0508C4C0050818
:1090E000848A002019B191F830100131C9B201729F
:1090F000704700BFF8B504461746002843D0057DE9
:10910000002D34D10220FCF715FE064600283ED083
:10911000236901220361E38A0275C382627D42757D
:10912000627A05724272E27A1A4DC272A27A827231
:10913000226802605BB16B68A3421CD02BB1D96876
:10914000A1421BD00B46002BF9D10023E36021463E
:109150000120FCF71BFE2A680F4BF260B3612E6002
:10916000FDF77AFB002307B13B703046F8BD6FF086
:109170000E030026F7E7E3686B60E6E7E268DA6073
:109180000023E360E3E706466FF00F03EBE74FF0E1
:10919000FF33E8E7848A0020199A04080022FFF7C9
:1091A000A9BF00BF018DC26A10B58B1AB0F832E0BA
:1091B000446ABEF5866F234494BFA3EB0E0CA3F55F
:1091C000866CBCF1000F02DB4185184610BDA31A66
:1091D000002B04DD002213464285184610BD121BE9
:1091E00000234285184610BD88B3038D194489B207
:1091F0008B4230B402D8B1F5066F26D94FF406631E
:109200001946456AC46AB0F832C02B440185BCF5E2
:10921000866F94BF04EB0C0204F586629A1A002A4A
:109220000BDB1B1B4185B3F5067F0CD3438B43F04F
:10923000020330BC4383FEF739BB2B1B002BCCBF92
:109240000023631B438530BC70470B46D9E770474A
:109250002DE9F041002978D00446002875D01D463C
:10926000037D002B6ED10B68007A22836360002897
:109270003ED0FDF725FE8046B8F1000F68D0236888
:1092800013B9D8F804302360E68A002E4FD0324953
:10929000324F4A68B868324B0244A3624A604FF4C6
:1092A0000661B8F824302265013AA4F860106264BF
:1092B000C4E9162200226262E2626BBB4FF40672BE
:1092C0000123C4F88850022120466286A4F8483061
:1092D000FEF7A0F90546E0B9022323757EB17B684D
:1092E000A3422CD05BB1DA68A24206D01346F9E75C
:1092F000201DFBF729FB8046BEE7E268DA60FB68C9
:10930000FC60E360FDF7A8FA012320463B74FEF7FA
:10931000CDFA2846BDE8F081282BD1D9A3F1280247
:1093200092B2B2F5067F28BF4FF40672C8E7FFF786
:1093300025FEE0820028AAD16FF00105E9E7E36885
:109340007B60DCE76FF00905E3E76FF00F05E0E70E
:109350006FF00305DDE700BF74000020848A002061
:1093600060086008084B10B5DC6814B90AE0E468CE
:1093700044B1638B1B06FAD52046FEF797FAE468E2
:10938000002CF6D110BD00BF848A002070B138B522
:10939000044625462468686808B1FCF7CFFF2946D3
:1093A0000320FCF7F3FC002CF3D138BD704700BF5D
:1093B00058B110B50446406808B1FCF7BFFF21461C
:1093C0000320BDE81040FCF7E1BC704700B14175D7
:1093D000704700BF38B505460320FCF7ABFC0446D8
:1093E00050B168682968AA68EB68606021606068AD
:1093F000A260E360FCF7B0FF204638BD00B1016118
:10940000704700BF08B1C0F88410704708B1C0F8B9
:109410008010704708B1C0F89010704718B1037DF4
:10942000012B08BF8161704710B1C0F88C104277E2
:10943000704700BF002841D070B5037D05460A2B58
:1094400001D0012B00D870BD806F18B1FCF776FFFA
:109450000023AB676C6F64B126462468706808B15E
:10946000FCF76CFF31460320FCF790FC002CF3D195
:109470006C674FF6FF73EC6E2B865CB12646246852
:10948000706808B1FCF75AFF31460320FCF77EFCF8
:10949000002CF3D12C6F5CB126462468706808B1AB
:1094A000FCF74CFF31460320FCF770FC002CF3D195
:1094B0000023C5E91B33A5F8683070BD704700BFB5
:1094C0002DE9F04F984C85B0DFF86882A36801332E
:1094D000A360637C01336374D4F80CB0BBF1000F5C
:1094E00000F096800027627C9BF81E10914200F0ED
:1094F00012819BF814C08BF81E20BCF1020F9BF860
:10950000422000F002810B2A00F2FD809BF8995066
:10951000002D00F011819BF89A200B2A00F2F380B5
:10952000824B9BF898201D44E97B8A42C0F09781CA
:10953000BBF86050002D40F0B6805846FEF78AFB1D
:10954000002800F0B7809BF814C0BCF1060F00F0B3
:10955000C2809BF8096016F0080619D0BCF1040F10
:1095600005D0ACF10706B6FA86F6760986B1DBF8C7
:1095700094106F48A668DBF820200818B21AA8FBE0
:109580000030B2EB501F40F23E8101350126EDB2B2
:10959000DBF874A0BAF1000F0AD0A168DBF8200054
:1095A000BBF940C0091A0CEB4C0CB1EB4C0F3FD28D
:1095B0009BF81420032A50D0092A54D1A268DBF862
:1095C0002010521AF02A4ED95846DBF89050FFF777
:1095D00031FFDBF80C20002F00F03F81FA60002EF5
:1095E00040F0298159460120DBE9036AFCF7CEFBF4
:1095F000002323743DB16FF00C015046A847237C33
:10960000002B7FF469AFB346BBF1000F7FF46BAF63
:10961000656955B100262A6AA3689B1AF02B00F2EF
:10962000E2802E46ED68002DF5D105B0BDE8F08F43
:10963000D146DAF800A0D9F8040008B1FCF77EFEA4
:1096400049460320FCF7A2FBBAF1000FF0D19BF8CA
:109650001420CBF874A0032AAED1A268DBF8201046
:10966000521A282AB0D8002DAED19BF81C209BF8A6
:109670001D100132DBF80C60D2B291428BF81C2035
:109680000ED8DBF88C208BF81C5025748AB3594611
:10969000DBF810009047227C002A7FF41DAF40B316
:1096A0005F46B346B0E729465846FDF713FF00284A
:1096B00000F0E1809BF899200025062A8BF898504D
:1096C0003FF641AF9BF814C00132BCF1060F8BF896
:1096D00099207FF43EAFBBF81A20D30607D5A268C5
:1096E000DBF82010521A282A01D90135EDB20026E4
:1096F0004EE758465F46B346FEF7D8F8BBF1000F79
:109700007FF4F1AE84E701251FE7052A7FF6FEAE60
:10971000002601253CE75F46DBF80CB0BBF1000FEB
:109720007FF4E1AE74E700BF848A0020C0C0050862
:10973000B84C0A00D34D6210BBF9302047F6FE70DA
:1097400091B2814203D84A1C12B2ABF83020BBF967
:10975000401091423FF7F9AE5846FDF7BFFF48B1C0
:10976000DBF87020002A7FF4EEAEDBF86C20002AD4
:109770003FF4E9AE9BF81420022A15D09BF8421062
:10978000414ABBF93C000C2994BF52180C32117E9F
:10979000BBF93E2002EBE0028A4047F6FF718A42A5
:1097A000A8BF0A46ABF84020BBF84800BBF86020D1
:1097B000BBF832108242ABF848104FEA410128BF93
:1097C0000246584689B2B1EB520F4FEA520288BFA7
:1097D0000A46ABF84A200022ABF83020ABF86A20EA
:1097E000FEF7F6F9AFE62846FFF724FE002E3FD03D
:1097F000EB68F36029461D460120FCF7C7FA002DEF
:109800007FF409AF11E7214B9BF89B0003FB00118C
:10981000A8FB0131B2EB511F7FF669AF5846FEF746
:10982000F3F900287FF463AF9BF89B2006460132D2
:109830008BF89B20ACE6BBF818005B46DBF82420D5
:10984000DBF8501002900BF10400BBF81660CDE974
:1098500000065846FDF7D4FFC4E6E260BFE60132D9
:10986000D2B28A428BF89820BFF462AE00256CE633
:10987000EB686361BEE75846FEF718F800287FF4EE
:1098800019AF05465FE600BFC0C00508F824010017
:1098900003688B4210B50C4617D02BB1DA68A24290
:1098A00016D01346002BF9D100232046E360FFF7C2
:1098B000C1FD237D0A2B04D0012B02D0638BDA0774
:1098C00009D400232375E38210BDCB680360EBE766
:1098D000E268DA60E8E743F0020320466383FDF7BD
:1098E000E5FF00232375E38210BD00BF002800F0D0
:1098F0008A802DE9F04F037D87B005460A2B77D08B
:10990000026DD0F824B0D0F89080D0F81090059275
:109910006BB9C78A002F54D03B4A5368834264D046
:10992000002B52D0DA68AA424DD01346F8E7364CE5
:109930000E46C78A014604F10C00FFF7A9FF012378
:1099400023742C6F64B1A2462468DAF8040008B1CD
:10995000FCF7F4FC51460320FCF718FA002CF2D176
:10996000EC6E64B1A2462468DAF8040008B1FCF792
:10997000E5FC51460320FCF709FA002CF2D16C6F8C
:1099800064B1A2462468DAF8040008B1FCF7D6FCFA
:1099900051460320FCF7FAF9002CF2D1CEB9294642
:1099A0000120FCF7F3F9B8F1000F07D06FF00C01BC
:1099B0004846434607B0BDE8F04F184707B0BDE83A
:1099C000F08F3E46BDE7EA68DA6000273E46EF606A
:1099D000B7E701975A462B8B2846059902932B1D12
:1099E00000932B46FDF70CFFD9E7C3685360ECE703
:1099F00029460648FFF74CFF2946012007B0BDE87D
:109A0000F04FFCF7C3B97047848A0020988A002081
:109A10000121FFF76BBF00BF0846012108B5FFF722
:109A200065FF6FF00C0008BD0E4BD968C9B100226C
:109A300030B49D68144601E0C96859B10B7D83427A
:109A4000FAD10B6AEB1A9342F6D30C46C9681A4650
:109A50000029F3D11CB1204630BCFFF747BF30BC12
:109A600070477047848A0020F8B505460120FCF74E
:109A700061F920B30346464E9C2200211846454C0E
:109A800007F0A8F8062203464FF48661A0F84020AC
:109A9000C287B268A0F8641045753F491A623F4A10
:109AA000707C9C62FF2419639A643D493D4A987713
:109AB0001846DC72C3F88410C3F89420F8BD344E05
:109AC000F4685CB12046E468438B1907F9D523F0AC
:109AD00008034383FFF782FA002CF3D173698BB13B
:109AE000B4681846196A611ADB6843B11A6AA21A87
:109AF0008A42F9D31846DB681146002BF6D10121C2
:109B0000FFF7F4FE0120FCF715F903460028B3D156
:109B10000920FFF789FF0120FCF70CF90346002814
:109B2000AAD10820FFF780FF0120FCF703F90346C4
:109B30000028A1D12A0629D4FDB12A46511EF26877
:109B4000C9B2D2B1D6F808E04FF0000C06E0146AB2
:109B5000AEEB040C01461346D2684AB1507D8842F0
:109B6000F5D3F9D1146AAEEB04076745F4D3EFE7F8
:109B70001BB101211846FFF7B9FE0120FCF7DAF806
:109B8000034600287FF478AF1846F8BD7F22D5E75A
:109B9000848A002060086008FFFF1802010030047A
:109BA000559D040800DD6D004020FFF75DBF00BF3C
:109BB0004020FFF759BF00BF30B5044685B0037D94
:109BC00019B1042B0CD0072B0AD0012B3FD0022B4C
:109BD0002FD02BB3204605B0BDE83040FFF7FEB9CB
:109BE000A26F1AB9228DB2F5066FEED0218B201D1F
:109BF000E28A2346CDE90121216D626A0090204668
:109C0000FDF7FEFD2046FFF715FC3149CB68A34266
:109C100045D0002B45D0DA68A24252D01346F8E76F
:109C2000E38A93BB21460120FCF7B0F8002005B081
:109C300030BD274D214605F10C00FFF729FE01201C
:109C400021462874FCF7A2F8002005B030BD214958
:109C50000020214B01F1080C1A6832B1D36F9C42ED
:109C600008BFD067D268002AF8D18C4502D051F8DD
:109C7000043BF1E721461648FFF70AFE2146022081
:109C8000FCF784F8002005B030BD114A5368A342A8
:109C90001AD09BB1DA68A2420ED01346F9E7E36806
:109CA000CB600E4B002001221B68E060A3420A74C7
:109CB000B8D1FFF75BF9B9E7E268DA600023E36047
:109CC000B0E7E268DA60ECE7E3685360F6E700BF0C
:109CD000848A0020C8C00508888A0020808A002065
:109CE00040B1037D012B03D0438B43F0100343832A
:109CF000012161E76FF00F00704700BF38B338B53E
:109D0000037D0446012B06D0154639B9CAB1042B90
:109D100010D8022B10D86FF00A0038BD438B43F0E7
:109D2000100343837AB9806F58B1FCF707FB2846CC
:109D3000A56738BD072BEED120460021BDE838408D
:109D40003AE7002038BD0121BDE8384034E76FF024
:109D50000F007047C9B1084610B514463AB11189D1
:109D6000FFF742FA2046FCF7E9FA002010BD0BB1DC
:109D7000104610BD0B7D012B03D04B8B43F010031D
:109D80004B830121BDE8104016E76FF00F007047CC
:109D900080B3F8B5856F0023D0F8846004466F7BEC
:109DA000836756B101462A460069B04758B10D3065
:109DB0001DD06FF00400A567F8BD2989FFF714FADC
:109DC0002846FCF7BBFABB060FD5238DB3F5066F0B
:109DD00001D001332385D4F8845035B100232146C6
:109DE00020691A46A8470D3001D00020F8BD6FF059
:109DF0000C00F8BD6FF00F00704700BFF8B51A4EA9
:109E00000025737C01337374F468B4B1727CA37F52
:109E1000934213D0638BA277D90718D41A070FD4B3
:109E2000A36FE76833B120463574FFF7B1FF337C89
:109E3000002BE9D13C46002CE8D1F8BDE468E4E70A
:109E400023F0080320466383FFF7C8F8E8E743F0F0
:109E5000020320466383FDF729FD638B23F0030390
:109E60009BB26383DAE700BF848A002008B5FFF75E
:109E7000C5FF064A137E0133DBB21376DB0700D43D
:109E800008BDBDE80840FFF71BBB00BF848A002067
:109E9000034B044A5868926810445860704700BFEA
:109EA00074000020848A002051B18B8C43B1282B90
:109EB00005D9283B9BB2984228BF1846704700201E
:109EC000704700BF002833D0F8B50368044603B9D3
:109ED000F8BD1B4D0E46E86878B10268934205D084
:109EE000C06850B1236802689342F9D1C768012164
:109EF000FFF7FCFC38460028F4D1686830B10268EE
:109F000023689A4215D0C0680028F8D1002EDFD00F
:109F10003368002BDCD02B68002BD9D0196822685D
:109F2000914201D132681A60DB68002BF6D1F8BD8E
:109F30007047C7680121FFF7D9FC3846DEE700BF4C
:109F4000848A0020024B03EB8000806A704700BFC8
:109F5000C0C0050890B139B10AB1016811605BB1A8
:109F6000C28A00201A8070470AB1416811601BB193
:109F7000028B00201A807047002070476FF00500A8
:109F8000704700BF70B5446F6CB106462546246823
:109F9000686808B1FCF7D2F929460320FBF7F6FE02
:109FA000002CF3D1746770BD08B506F0E7FE024BD4
:109FB000024A0343138008BD00C0FFFF7C0000205D
:109FC0004389072B2DE9F04F064685B040F2868085
:109FD000DFF85C9188464468D9F80010D9F814007D
:109FE000FAF76CFE05462088FCF7E0FC074660881F
:109FF000FCF7DCFC4C4A034614680394002C00F088
:10A000008E804FF0000ED9F804A0D9E90420F44660
:10A01000029204E0E268A446002A4BD01446628A09
:10A020009A42F7D1217A29B19AF830200132D2B27E
:10A030009142EFD12268002D34D042B1411C06D0AC
:10A0400082EA000BD8F808101BEA010FE2D1217C4C
:10A05000490705D4BEF1000F46D00DB1411C48D0D0
:10A06000A28ABA42D6D1626812B102998A42D1D18B
:10A07000BCF1000F06D02C4B1C60E368CCF80C3010
:10A08000039BE36008213046FCF7A8F830BBA569C4
:10A0900025B3E06932462146244B0097A84705B016
:10A0A000BDE8F08F002AD2D08242D0D0E268A44628
:10A0B000002AB3D1BEF1000F34D1D8F80430834266
:10A0C0000CD108213046FCF789F82843C0B228B9E2
:10A0D000D9F8143003F0F003E02B14D1304605B06A
:10A0E000BDE8F04FFCF72AB9A28AA646BA4291D140
:10A0F000B9E7D8F804B0DEF800105945B0D0934560
:10A1000008BFA646ACE7B9F80C103046083109B2D2
:10A11000FCF7B8F803213046FAF70EFCDEE7D9F871
:10A120001400CAE77446ADE7B88A0020B08A002060
:10A13000A08A0020354B002908BF1946002860D0AE
:10A140002DE9F041324F3E684EB3B04231D0344633
:10A1500001E0A0422DD0E468002CFAD162B30D6872
:10A16000334601E0DB689BB19842FBD0598A9142AB
:10A17000F8D11968002918BFA94201D0002DF1D1EA
:10A180006FF007031846BDE8F0810D68AEF80020B7
:10A19000056042823CB100231846BDE8F08172B3ED
:10A1A0000B68428203600023C66038601846BDE831
:10A1B000F0810124002AD2D1DFF858E04FF4804525
:10A1C0004FF6FF78BEF80020424515D0013292B21A
:10A1D000002EDAD0334602E0DB68002BD5D0B3F88E
:10A1E00012C09445F8D1013DADB2002DECD16FF015
:10A1F0000703AEF80020CFE74FF44042E8E73446CB
:10A20000DAE76FF00F031846704700BF38BF050844
:10A21000B88A00207C0000202DE9F04F85B00C4664
:10A22000DDE90E89B9F1000F18BFB8F1000F0CBFBE
:10A2300001210021002A08BF41F00101002C08BFC4
:10A2400041F00101002940F08180054600287DD0C1
:10A250001646428A1F46002A6AD022894FF6F773B3
:10A260009A4276D808212046FBF766FF82460028EE
:10A2700038D04FF4207208212220FBF751FE83468C
:10A28000002866D02389002B5CD1DBF804A0688A03
:10A29000FCF78CFBAAF800003846FCF787FB00238C
:10A2A000AAF802008AF806308AF80730BBF80800DE
:10A2B000FCF77CFBAAF80400CDF808801120AB7AEB
:10A2C000324649460093EB7A01905846FAF760FC13
:10A2D0005C45824602D05846FCF730F8504605B03F
:10A2E000BDE8F08FD4F804B0688AFCF75FFBABF8E8
:10A2F00000003846FCF75AFB8BF806A0ABF80200CA
:10A300008BF807A02089FCF751FB1123ABF8040060
:10A310002046CDF80880324601934946AC7AEB7A64
:10A320000094FAF735FC8246504605B0BDE8F08F40
:10A330000146FFF7FFFE824600288ED0504605B04A
:10A34000BDE8F08F2146FCF729F89EE76FF00F0A71
:10A35000C4E74FF0FF3AC1E770B582B0069C002C0D
:10A3600018BF002A0CBF4FF0010C4FF0000C002961
:10A3700008BF4CF0010CBCF1000F13D190B105687F
:10A3800035B9251DCDE90045FFF746FF02B070BD88
:10A3900005F0F00CBCF1E00FF3D06668B54204D1D3
:10A3A0000546EFE76FF00F00F0E76FF00300EDE711
:10A3B000002A18BF002922D02DE9F041044682B0BE
:10A3C000B8B1007A0E469846154668B1FCF778FD9C
:10A3D00007468FB143462A46314620460097FFF78D
:10A3E000BBFF02B0BDE8F0811046FAF7ADFA0746B0
:10A3F000EFE76FF00F00F4E76FF00300F1E76FF0A5
:10A400000F007047024620B119B1838A0432FFF76A
:10A41000CFBF6FF00F00704719B191F830100131C4
:10A42000C9B20172704700BF40B370B50D4611B399
:10A430001646428A0446C2B12A68237C114943F079
:10A44000040362600A68A682237442B194420AD06F
:10A45000134601E09C4206D0DB68002BFAD10020B5
:10A46000E2600C6070BD002070BD0146FFF762FE27
:10A470000028E1D070BD6FF00F0070BD6FF00F00CD
:10A48000704700BFB88A002038B1037C002223F057
:10A4900004034260828202720374704708B1C0E90B
:10A4A000061270470146C0B10C4B1A6882420AD0AE
:10A4B00032B1D3688B4200D153B91A46002AF8D181
:10A4C0000020FBF763BCC26800201A60FBF75EBC8B
:10A4D000CB680020D360FBF759BC7047B88A0020D6
:10A4E00010B50020FBF726FC044628B120220021ED
:10A4F00006F070FBFF23E372204610BD10B500206C
:10A50000FBF718FC044628B12022002106F062FB6C
:10A51000FF23E372204610BD10B1026801B102B9F9
:10A5200070470B68002BFBD0084B1B68002BF7D043
:10A5300010B400E002681C68944201D10A681A60F5
:10A54000DB68002BF6D15DF8044B7047B88A002019
:10A5500043890E2B70B504461BD9C37B0D461BB92E
:10A5600091F830300133C373606803788689D90766
:10A570000AD5012B30D006221D4906F0E3F918B99F
:10A58000637B43F008036373082E16D0B6F5C16FE2
:10A5900004D02046FBF7D2FE002070BD95F82D3088
:10A5A0001B07F6D50E212046FBF718FE0028F0D138
:10A5B00029462046F9F732FFEEE795F82D301A07C5
:10A5C000E7D50E212046FBF709FE0028E1D12946F8
:10A5D0002046FAF7F1F9DFE74378002BD4D18378EE
:10A5E0005E2BD1D1637B43F010036373CCE700BFD4
:10A5F00014C105082DE9F0470C460646BDF82000B9
:10A6000017469846FCF7D2F90E2181462046FBF703
:10A6100093FD98B9656821463046A5F80C90D8F8A6
:10A6200000302B60B8F80430AB803B68C5F80630CA
:10A63000BB886B81B369BDE8F04718476FF0010034
:10A64000BDE8F08770B5044600295BD1D0E902313E
:10A650001943E3690BB941F48061226801202E4B54
:10A6600015682B400B4343F4007313601568F7F72C
:10A6700007FA2368402201201D6000255A605E68A9
:10A68000F7F7FEF923684FF6417101205E609D6087
:10A69000DD609A690A4042F080029A619E69F7F78C
:10A6A000EFF9236801209E61DD61DD69F7F7E8F9C4
:10A6B00020681A4900F58053C561194A986901401C
:10A6C00001200A439A619D69F7F7DAF923680120AE
:10A6D000144A03F580539D611A601D68F7F7D0F99D
:10A6E0002368A26903F58053012A1D6003D1D9694B
:10A6F0000D4A0A43DA6162690C4B91881964126849
:10A700005A6470BD4FF400624FF480434FF490419F
:10A71000C0E902329DE700BF0F8120FF233FDEF832
:10A72000040020028020C10240000100008002409D
:10A730002DE9F047804690F8450001283BD04FF0C6
:10A74000010C0220C8F82C1088F845C088F8440095
:10A750001BB31446D8F81CA003F1FF390A464FF486
:10A7600080100CF1FF3602F1200E0D46106094604F
:10A77000BAF1000F03D1176847F4400717604E4540
:10A7800004F2F45434BF754602F1200E6345D560DF
:10A790000CF101057246AC46E3D8D8F8003000222F
:10A7A000012003F58053196188F84400104688F8A9
:10A7B0004520BDE8F0870220BDE8F0872DE9F04193
:10A7C000064690F84500012833D04FF0010C0220D6
:10A7D000B16286F845C086F84400EBB1144603F137
:10A7E000FF380A464FF0004744F2F4500CF1FF3EA8
:10A7F0000D46946004F2F454C64502F1200E176031
:10A8000034BF754602F1200E63455060D5600CF1EF
:10A8100001057246AC46E9D833680022012003F5F1
:10A820008053D96086F84400104686F84520BDE87C
:10A83000F0810220BDE8F081704700BF704700BF83
:10A84000022310B580F844300446F7F743FB00209C
:10A8500084F8440084F8450010BD00BF90F84530EE
:10A86000012B78D04FF0010C0223024680F845C03E
:10A8700080F8443000293CD0C36A1868002860DBA7
:10A8800040F2F450814230B53CD9344CA4FB014C29
:10A890004FEA9C2C00FB1C10002830D00CF1010C5E
:10A8A0002F4801F2F451002440F2F45500FB0C1142
:10A8B0000CF1FF3EC1F30C010FE0A6455D6004D131
:10A8C0001868596040F0005018601868013440F072
:10A8D000004064451860DB683BD0186820F04050A9
:10A8E0001860002CE9D118685D6040F08050186055
:10A8F000EBE7604682F844C082F845107047BCF12F
:10A90000010FCDD11868C1F30C01DC6840F0405054
:10A9100059601860196841F000411960D4621368E9
:10A9200003F580535969490703D504200021586174
:10A93000596000230121184682F8441082F84530FE
:10A9400030BD12210023604682F8441082F8453061
:10A950007047D362E3E70220704700BF0BB002AC40
:10A960000CFAFFFF90F84520012A41D0034602214E
:10A9700001209A6A10B483F8450083F844101168E6
:10A9800000290BDB116811F4807111D11468A40542
:10A9900028D5D46898639C62C3E90C210122002168
:10A9A00083F84420104683F845105DF8044B704747
:10A9B000996B0144814299631CD0186B11688468BB
:10A9C000D0685A63C1F30D421C6400210124043A8B
:10A9D00083F8451083F84440986208465DF8044BBC
:10A9E000DA637047996BD26801319A629963D5E74F
:10A9F0000220704710461A63E0E700BF90F8453028
:10AA0000012B2FD00221836A024630B4012480F842
:10AA1000441080F845401968002915DB00201968AA
:10AA2000013001F44071B1F5007F16D0196811F4BE
:10AA3000407F916B18D1DB68013193629163196893
:10AA4000002901DB0428EAD101230021184682F8FD
:10AA5000443082F8451030BC70471363DB68946360
:10AA60009362ECE70220704701315363012991633F
:10AA700011D0106B196800248568D868C1F30D43A4
:10AA800001211564043B906282F844102046D36390
:10AA900082F84540DFE718461363EBE7704700BFD5
:10AAA000704700BF704700BF38B50368044603F520
:10AAB00080535D6915F0400525D15A69D20716D437
:10AAC0004FF480325A615B691B0400D438BD2046C4
:10AAD000FFF7E8FF23684FF40040012103F580539E
:10AAE0000022586184F8441084F8452038BDFFF7EF
:10AAF000D5FF2368012203F580535A6184F844206E
:10AB000084F84550DCE7F7F71BFA23684020012161
:10AB100003F580530022586184F8441084F84520DE
:10AB2000CEE700BF90F84430822B33D082238901D6
:10AB300070B50446006801F4F861154684F84430A5
:10AB4000238A0269DB0202F01C029BB20B4313430F
:10AB500043F001030361F6F797FF064604E021681E
:10AB60000B6913F001030DD0F6F78EFF831BB3F5CD
:10AB7000803FF4D301220023032084F8442084F88A
:10AB8000453070BD4A690121184692B22A6084F8A6
:10AB9000441070BD0220704738B590F84430422B05
:10ABA00030D0044642230068890184F8443092B2D0
:10ABB000238A01F4F8610569DB02426105F01C0596
:10ABC0009BB20B432B4343F003030361F6F75CFF97
:10ABD000054604E023681B6913F001030DD0F6F766
:10ABE00053FF431BB3F5803FF4D30122002303201E
:10ABF00084F8442084F8453038BD0122184684F892
:10AC0000442038BD022038BDF0B5002383B0009346
:10AC1000002800F0C08090F84430044603F0FF02A2
:10AC2000002B6FD0734B744A596C41F480415964C6
:10AC30005B6C03F48043019301995168236821F40C
:10AC4000000103F5805351605168206A014351604F
:10AC50001A6842F001021A60F6F716FF054605E091
:10AC6000F6F712FF431BB3F5FA7F41D8236803F5CB
:10AC700080521268D007F3D41D6901F047F85F4B8A
:10AC80005F4A25F01C050344934253D245F0080562
:10AC900023684FF40042002120461D61FFF77CFF2E
:10ACA000054600283BD1FF20F6F7EAFE6368002B3B
:10ACB00054D0F6F7E9FE41F28837064602E0009BE1
:10ACC000590724D46A4601212046FFF72BFFF6F7E7
:10ACD000DBFE831BBB42F2D901212046FFF7B2FC09
:10ACE00001220023032584F8442084F8453006E03F
:10ACF000032300221D4684F8443084F8452028466A
:10AD000003B0F0BD80F84520F7F77EF88AE74FF4EE
:10AD1000805200212046FFF73FFF00283FD0204609
:10AD20000121FFF78FFC01231D4684F8443028469B
:10AD300003B0F0BD334B344A0344934228D9334B1C
:10AD4000334A03449342A3D3324B334A03449342DE
:10AD500094BF45F0040545F0100599E7D4E90232A7
:10AD6000294620465B0843EAD20292B2FFF714FF5D
:10AD70000028D4D140F6FF70F6F782FE204600216D
:10AD8000FFF760FC0123284684F8443003B0F0BD8F
:10AD900045F00C057CE70125284603B0F0BDF6F729
:10ADA00073FE41F28837064602E0009B9A060AD4F9
:10ADB0006A4601212046FFF7B5FEF6F765FE801BC7
:10ADC000B842F2D988E76A4610212046FFF7AAFE6A
:10ADD0000028A4D1009B13F0040218BF4FF40062B6
:10ADE0009B07E26001D5A060C8E74FF48043A360F1
:10ADF000C4E700BF003802400038014000D3CEFE57
:10AE0000C0E1E40040F1E9FD3F787D0100796CFC90
:10AE1000005A6202001F0AFA7FF0FA0290F84530E9
:10AE2000012B44D00368022270B5012684B00025AE
:10AE300080F8442080F845600446039530461A683F
:10AE400042F008021A601B680393F6F719FE039A92
:10AE5000304623681A6002951A6842F004021A60AC
:10AE60001B680293F6F70CFE029A304623681A60BC
:10AE700003F5805301959A6942F480129A619B69A7
:10AE80000193F6F7FDFD23682846019A03F58053E8
:10AE90009A619A6942F400529A619A6942F00202F8
:10AEA0009A6184F8446084F8455004B070BD022073
:10AEB000704700BF90F84530012B46D0036802214F
:10AEC00070B503F58052012680F8441084B080F8F4
:10AED0004560002591690446304621F40051916196
:10AEE000916921F00201916103951A6822F0040230
:10AEF0001A601B680393F6F7C3FD039A3046236874
:10AF00001A6003F5805302959A6942F480129A619F
:10AF10009B690293F6F7B4FD23683046029903F566
:10AF20008052916101951A6822F008021A601B682C
:10AF30000193F6F7A5FD019A284623681A6084F864
:10AF4000446084F8455004B070BD0220704700BFD3
:10AF5000F8B590F84530012B00F0828001260223DD
:10AF600005460C46026880F8456080F844300029A8
:10AF700067D01168D4E900300343A0680343E06858
:10AF800003432069034360690343A0690343E06905
:10AF90000343206A0343606A0343A06A0343A8682B
:10AFA0000343E86803432F480840034330461360D7
:10AFB0001768F6F765FD2A683046D4E90B3117604B
:10AFC0000B43616B0B43A16B0B43E16B0B43216C98
:10AFD0000B43616C0B43A16C0B4353605768F6F74E
:10AFE0004FFD2A68E36C57609360236DD3609169CD
:10AFF000D4E916300343206E0343606E0343A06E12
:10B000000343606D43EA00434FF641700140304610
:10B010000B4393619769F6F733FD2B683046D4E90B
:10B020001B219F610A43DA61DC69F6F729FD2B6871
:10B03000DC6100230122184685F8442085F845305C
:10B04000F8BDD0E9023411683046234321F4904121
:10B050000B4313601468F6F713FD2B681C60E8E7D8
:10B060000220F8BD0F8120FFF8B590F84530012B84
:10B0700048D0012602230C46026880F84560054648
:10B0800080F8443002F58052D1E9003190690B43D9
:10B09000A1680B43E1680B4321690B4361690B43D2
:10B0A000A1690B43E1690B43216A0B431649014037
:10B0B00030460B4393619769F6F7E2FC2A68304605
:10B0C000D4E9093102F580520B43A16B976143EA41
:10B0D0008103E16A0B43216B0B43616B0B43E16B13
:10B0E0000B4343F4000313601468F6F7C9FC2B68A4
:10B0F000002203F5805310461C6085F8446085F8F3
:10B100004520F8BD0220F8BD233FDEF890F844004A
:10B11000704700BF00222DE9F04F134683B00D6841
:10B12000DFF86882934E03E001330232102B5FD0C8
:10B1300001249C4004EA050EAC43F5D14C6824F090
:10B14000100909F1FF3CBCF1010F4FF0030C0CFAA0
:10B1500002FC00F2D480D0F808A0CF682AEA0C0ADA
:10B160006FEA0C0C07FA02FB4BEA0A0AC0F808A0C7
:10B17000C4F3001AD0F804B00AFA03FA2BEA0E0B53
:10B180004AEA0B0AC0F804A0D0F80CA0B9F1020FEB
:10B190008F680AEA0C0A07FA02FB4BEA0A0AC0F8AF
:10B1A0000CA028D14FEAD30903F0070E4FF00F0A85
:10B1B0000F6900EB890904F003044FEA8E0E013396
:10B1C000D9F820B094400AFA0EFA07FA0EFE102BB6
:10B1D00002F102022BEA0A0A4EEA0A0EC9F820E03E
:10B1E000D0F800E00EEA0C0C44EA0C0404609FD195
:10B1F00003B0BDE8F08FD0F80090E70009EA0C0931
:10B2000004F0030C0CFA02FC4CEA090CC0F800C074
:10B210008AD5594F23F0030903F0030AD7F844C035
:10B22000C1444FEA8A0A4CF4804CC7F844C0D7F8AE
:10B2300044C0A7F560570CF4804CB842CDF804C068
:10B24000DDF804C04FF00F0CD9F808B00CFA0AFC76
:10B250002BEA0C0C27D007F58067B84252D0474F35
:10B26000B84256D0464FB8425AD0464FB8425ED048
:10B27000454FB84269D0DFF818B158456CD0DFF8B7
:10B2800014B158455AD0DFF810B158456BD0DFF8EB
:10B290000CB158450CBF4FF0090B4FF00A0B0BFADD
:10B2A0000AFA4CEA0A0CC9F808C0E703D6F800C04D
:10B2B0006FEA0E094CBF4EEA0C0C09EA0C0CA7030E
:10B2C000C6F800C0D6F804C054BF09EA0C0C4EEA18
:10B2D0000C0CE702C6F804C0D6F808C054BF09EA4F
:10B2E0000C0C4EEA0C0CA402C6F808C0D6F80CC030
:10B2F00054BF09EA0C044EEA0C04F46014E76FEA48
:10B300000C0C41E74FF0010B0BFA0AFA4CEA0A0C5D
:10B31000C9E74FF0020B0BFA0AFA4CEA0A0CC2E733
:10B320004FF0030B0BFA0AFA4CEA0A0CBBE74FF09A
:10B33000040B0BFA0AFA4CEA0A0CB4E74FF0070BBD
:10B340000BFA0AFA4CEA0A0CADE74FF0050B0BFAC0
:10B350000AFA4CEA0A0CA6E74FF0060B0BFA0AFAB7
:10B360004CEA0A0C9FE74FF0080B0BFA0AFA4CEA7A
:10B370000A0C98E7003C01400038024000080240F7
:10B38000000C02400010024000140240003801404E
:10B3900000180240001C024000200240002402402D
:10B3A0002DE9F04F0023DFF868A1DFF86891DFF89E
:10B3B0006881DFF868B102E00133102B79D00125F4
:10B3C00005FA03F232EA010402EA010CF4D123F097
:10B3D000030603F003040F27484556444FEA84044C
:10B3E000D6F808E007FA04F707EA0E0E1ED0584513
:10B3F00062D03F4DA84262D03E4DA84263D03E4D40
:10B40000A84264D03D4DA84265D03D4DA84252D0DF
:10B410003C4DA84263D03C4DA84264D03B4DA8426D
:10B4200014BF0A25092505FA04F400E00024A64506
:10B430001BD1D8F8004024EA0C04C8F80040D8F822
:10B44000044024EA0C04C8F80440D8F8084024EA70
:10B450000C04C8F80840D8F80C4024EA0C04C8F8DA
:10B460000C40B46824EA0707B7605C00032503F0CA
:10B4700007070F2605FA04F40568BF0025EA04054E
:10B4800006FA07F70560DD08013300EB8505102B90
:10B490002E6A26EA07062E62C56825EA0405C560FD
:10B4A000456825EA02024260826822EA0404846058
:10B4B00085D1BDE8F08F062505FA04F4B7E702252B
:10B4C00005FA04F4B3E7032505FA04F4AFE704250D
:10B4D00005FA04F4ABE7052505FA04F4A7E7072508
:10B4E00005FA04F4A3E7082505FA04F49FE700BF72
:10B4F00000080240000C024000100240001402400C
:10B5000000180240001C02400020024000240240BB
:10B510000038014000000240003C014000040240AD
:10B520000369194214BF01200020704702B90904C1
:10B530008161704743690B4218BF090481617047FC
:10B5400082B04FF480330193019B0B430193019B25
:10B55000C361C161019BC361C3690193C06980F488
:10B560008030C0F3004002B0704700BF704700BF9A
:10B57000044A5169014200D1704708B55061FFF794
:10B58000F5FF08BD003C0140F8B5474CF6F77CFAE2
:10B590000546236843F00103236004E0F6F774FADC
:10B5A000401B02287ED823689E07F7D5236841F206
:10B5B00088373D4E43F080032360F6F765FA002399
:10B5C0000546A36004E0F6F75FFA401BB84269D86D
:10B5D000B36813F00C0FF6D1F6F756FA3368324D14
:10B5E000044623F45023336004E0F6F74DFA001BC1
:10B5F000642857D82B689803F7D4F6F745FA2B68D8
:10B60000294E044623F080732B6004E0F6F73CFAE1
:10B61000001B022846D833689901F7D4F6F734FAAC
:10B620003368214D044623F08063336004E0F6F76D
:10B630002BFA001B642835D82B681A01F7D4F6F7CB
:10B6400023FA2B68184C064623F080532B6004E045
:10B65000F6F71AFA801B642824D823689B00F7D4D5
:10B66000124B134913486160C4F88430C4F8883021
:10B67000E368114A23F4FE431049E360E36843F4AE
:10B680007F03E360636F23F001036367636F43F03D
:10B69000807363670068116000F03CFC003818BFDD
:10B6A0000120F8BD0320F8BD00380240003000241E
:10B6B0001030002484000020640000200024F400E6
:10B6C000002800F0BD8103682DE9F041DD0782B05C
:10B6D000044635D59A498A6802F00C02042A00F023
:10B6E000E0808A6802F00C02082A00F0D6806368C5
:10B6F000B3F5803F10D0002B00F0FD80B3F5A02FF4
:10B700008F4B1A6800F08C8122F480321A601A681C
:10B7100022F480221A6004E0894A136843F48033DB
:10B720001360F6F7B1F9864E054605E0F6F7ACF979
:10B73000401B642800F2DB8033689A03F6D5236847
:10B740009F0727D57E4A916811F00C0F7ED0916833
:10B7500001F00C01082976D0E368794D002B00F048
:10B7600004812B6843F001032B60F6F78DF9064640
:10B7700005E0F6F789F9801B022800F2B8802B68F3
:10B780009807F6D52B68226923F0F80343EAC20331
:10B790002B6023681A071FD45D0734D5684B1A6CD9
:10B7A000D0006FD50025674E3368D90540F18F80F2
:10B7B000A368012B00F0EB80002B00F0B280052B7A
:10B7C0005F4B1A6F00F0348122F001021A671A6F82
:10B7D00022F004021A67DFE06369594D002B40D064
:10B7E0006B6F43F001036B67F6F74EF9064604E012
:10B7F000F6F74AF9801B022879D86B6F9B07F7D5BB
:10B8000023685D07CAD4A069C8B14D4DAB6803F089
:10B810000C03082B00F0D3802B68022823F08073E0
:10B820002B6000F00F81F6F72FF9044604E0F6F7DD
:10B830002BF9001B02285AD82B689B01F7D4002053
:10B8400002B0BDE8F0815268560285D43C4A1268C5
:10B85000950730D5E268012A2DD0012002B0BDE85D
:10B86000F0816B6F23F001036B67F6F70DF9064665
:10B8700004E0F6F709F9801B022838D86B6F9F07A0
:10B88000F7D4BDE71A6C012542F080521A641B6C94
:10B8900003F080530193019B85E74A6850027FF5CE
:10B8A00026AF274A126891037FF54AAF6268002AE3
:10B8B0007FF446AFD1E7224920690A6822F0F802F6
:10B8C00042EAC0020A601A077FF566AF84E7336870
:10B8D00043F480733360F6F7D7F807463368DA0528
:10B8E0003FF566AFF6F7D0F8C01B6428F6D9032001
:10B8F00002B0BDE8F081124D2B6823F480332B6039
:10B900002B6823F480232B60F6F7BEF8064604E08C
:10B91000F6F7BAF8801B6428E9D82B689B03F7D4A4
:10B920000DE7074E41F28838336F23F00103336788
:10B93000336F23F004033367F6F7A6F8074608E0F1
:10B940000038024000700040F6F79EF8C01B4045EA
:10B95000CDD8336F9807F7D4002D3FF454AF524A37
:10B96000136C23F0805313644DE72B6823F001031D
:10B970002B60F6F789F8064604E0F6F785F8801B99
:10B980000228B4D82B689907F7D4236802E7464AFF
:10B99000136F43F001031367F6F776F8424F41F255
:10B9A0008838064604E0F6F76FF8801B40459ED8BD
:10B9B0003B6F9B07F7D5002D3FF425AFCFE701285C
:10B9C0006A683FF43DAF02F48003E1698B427FF483
:10B9D00044AF02F03F03216A8B427FF43EAF47F64B
:10B9E000C073616A1340B3EB811F7FF436AFA36A63
:10B9F00002F440315B08013BB1EB034F7FF42DAF04
:10BA000002F07063E16AB3EB016F7FF426AF236B42
:10BA100002F0E042B2EB037F14BF012000200FE7E9
:10BA200042F480221A601A6842F480321A6078E682
:10BA300042F004021A671A6F42F001021A67ABE77C
:10BA400001207047F6F720F8064605E0F6F71CF8E7
:10BA5000801B02283FF64BAF2B689901F6D4D4E93E
:10BA60000731626A0B43216B0F4E43EA8213D4E91C
:10BA70000A2043EA0063520843EA0173013A43EAA9
:10BA800002436B602B6843F080732B60F5F7FCFF7B
:10BA9000044605E0F5F7F8FF001B02283FF627AF44
:10BAA00033689A01F6D5CAE60038024070B50D46F3
:10BAB00088B01446204EE8B9336B03A943F0010364
:10BAC0003363336B059003F0010307901B48019328
:10BAD0004FF48073019A0393022304930323069384
:10BAE000FFF718FBB26822F0EC622A432243B260EF
:10BAF00008B070BD336B00224FF40071104843F062
:10BB000004033363336B059203F0040307920222AC
:10BB1000039102930323029903A906930492FFF76A
:10BB2000F9FAB36823F0784343EA050141EAC40116
:10BB3000B16008B070BD00BF003802400000024094
:10BB400000080240024A136843F400231360704760
:10BB500000380240024A136823F400231360704740
:10BB600000380240164908B58B6803F00C03042B1B
:10BB70001BD0082B17D14A684B6802F03F02496876
:10BB800013F4800313D10F48C1F38811A1FB000106
:10BB90000EF040FE0A4B5B68C3F3014301335B00C8
:10BBA000B0FBF3F008BD074808BD074808BD0648CC
:10BBB000C1F388110023A1FB00010EF02BFEE9E781
:10BBC000003802400024F40040787D01002800F095
:10BBD0008C80494A136803F00F038B422DE9F04132
:10BBE00004460D460CD2136823F00F030B43136079
:10BBF000136803F00F038B4202D00120BDE8F081EF
:10BC00002368980714D5590704D53C498A6842F43B
:10BC1000E0528A601A0704D538498A6842F46042C3
:10BC20008A603649A0688A6822F0F00202438A607E
:10BC3000DF0720D56268314B012A1B6857D0022AE2
:10BC400050D09907D9D52D4E41F28838B36823F0EA
:10BC500003031343B360F5F717FF074604E0F5F756
:10BC600013FFC01B404545D8B368626803F00C035E
:10BC7000B3EB820FF3D1204A136803F00F03AB42FA
:10BC800009D9136823F00F032B431360136803F0E3
:10BC90000F03AB42B1D123685A0706D51749E068B4
:10BCA0008A6822F4E05202438A601B0707D5134AD0
:10BCB0002169936823F4604343EAC1039360FFF76B
:10BCC00051FF0E4A0E4C034692680E48C2F303120F
:10BCD0000D490068A25CD3400B6000F01BF9002006
:10BCE000BDE8F0819801AED487E7012070479E033C
:10BCF000A9D482E7032081E7003C024000380240DB
:10BD0000E4AB05088400002064000020014B1868A3
:10BD1000704700BF64000020044B05499B68054A3A
:10BD2000C3F382230868D35CD840704700380240D0
:10BD300064000020F4AB0508044B05499B68054AE4
:10BD4000C3F342330868D35CD840704700380240E0
:10BD500064000020F4AB05080F22294B02601A682A
:10BD600051033ED54FF4A0234360254B1A6802F0DF
:10BD70000102C2601A68C2F3C40202611A6F52075C
:10BD800037D5052383601E4B4FF0E0415A6F02F018
:10BD9000010242611A6812F0807F14BF0222012260
:10BDA00082615A6802F48002C2615A6802F03F025E
:10BDB00002625A68C2F3881242625A6802F4403240
:10BDC00002F58032D20B82625A68C2F30362C26209
:10BDD0005B680B4091FAA1F2B2FA82F2D34003639E
:10BDE00070471B6813F4803318BF4FF480334360EF
:10BDF000BBE71B6F13F0010318BF01238360C2E789
:10BE0000003802400E4B0F2202609A6802F00302D3
:10BE100042609A6802F0F00282609A6802F4E0528E
:10BE2000C2609B68DB0810B403F4E053054C036167
:10BE300023685DF8044B03F00F030B60704700BFED
:10BE400000380240003C0240704700BF10B5054C6E
:10BE5000E3681B0600D410BDFFF7F6FF8023A37331
:10BE600010BD00BF0038024040B38268D0E9003105
:10BE700070B504464CF6CC40186045F25550186039
:10BE800059609A60F5F700FE23680546DA685007A6
:10BE90000DD041F60106F5F7F7FD431BB3422368C9
:10BEA00002D9DA6851070BD1DA685207F3D1196960
:10BEB000E268914206D000201A6170BD01207047EF
:10BEC000032070BD4AF6AA2200201A6070BD00BF90
:10BED00003464AF6AA2200201B681A60704700BF7A
:10BEE000704700BF704700BF10B5094B00244FF0EA
:10BEF000FF321A621C625A625C621A611C615A61EA
:10BF00005C619A619C61FFF7EDFF204610BD00BFA8
:10BF10000038024038B50D4D4FF47A730C4A044690
:10BF200029781268B3FBF1F3B2FBF3F000F082F969
:10BF300008B90F2C01D9012038BD002221464FF04D
:10BF4000FF3000F005F900206C6038BD8000002053
:10BF50006400002008B5094B03201A6842F40072FF
:10BF60001A601A6842F480721A6000F0DFF80F203D
:10BF7000FFF7D0FFFFF7B4FF002008BD003C0240F0
:10BF8000034A044B11681B780B441360704700BFD1
:10BF9000BC8A002080000020014B1868704700BF59
:10BFA000BC8A0020014B5868704700BF8000002009
:10BFB00038B5074C2578854201D1002038BD0346AD
:10BFC00060682370FFF7A6FF0028F7D0257038BD02
:10BFD00080000020014B1878704700BF80000020CF
:10BFE00038B50446F5F750FD0546631C02D0044BF6
:10BFF0001B781C44F5F748FD431BA342FAD338BD18
:10C00000800000204FF0E022136923F00203136147
:10C01000704700BF4FF0E022136943F00203136141
:10C02000704700BF0048704700080201014B1868C4
:10C03000000C7047002004E0024B1868C0F30B00AE
:10C04000704700BF002004E0014BD3F82004704784
:10C0500000F0F01F014BD3F82404704700F0F01FEC
:10C06000014BD3F82804704700F0F01F024A5368D0
:10C0700043F0010353607047002004E0024A536814
:10C0800023F0010353607047002004E0024A536824
:10C0900043F0020353607047002004E0024A5368F3
:10C0A00023F0020353607047002004E0024A536803
:10C0B00043F0040353607047002004E0024A5368D1
:10C0C00023F0040353607047002004E0024A136A1F
:10C0D00043F001031362704700380140024A136ABB
:10C0E00023F001031362704700380140024A1368CD
:10C0F00043F480631360704700380140024A1368BC
:10C1000023F440631360704700380140024A13680B
:10C1100043F480731360704700380140024A13688B
:10C1200023F48073136070470038014006494FF6CE
:10C13000FF0C0002054BCA6800F4E06002EA0C0242
:10C1400010430343CB60704700ED00E00000FA05A8
:10C150001B4BDB68C3F3022300B5C3F1070E03F1E9
:10C16000040CBEF1040F28BF4FF0040EBCF1060F03
:10C170001AD9033B4FF0FF3C0CFA03FC22EA0C02F5
:10C180004FF0FF3C00280CFA0EFC21EA0C0101FAEA
:10C1900003F141EA02010ADB09010A4BC9B2034477
:10C1A00083F800135DF804FB00221346E8E700F073
:10C1B0000F000901044BC9B2034419765DF804FB72
:10C1C00000ED00E000E100E0FCEC00E0002807DB0F
:10C1D000012300F01F01034A40098B4042F8203040
:10C1E000704700BF00E100E000280DDB4309012299
:10C1F00000F01F000549203302FA00F041F8230047
:10C20000BFF34F8FBFF36F8F704700BF00E100E0B7
:10C21000BFF34F8F0549064BCA6802F4E06213432F
:10C22000CB60BFF34F8F00BFFDE700BF00ED00E024
:10C230000400FA05431EB3F1807F0CD24FF0E022D8
:10C24000002006494FF0F00C5361072381F823C00A
:10C250009061136170470120704700BF00ED00E05E
:10C26000BFF35F8F044B00215A6A22F480325A6276
:10C27000C3F89410704700BF00ED00E0064B40F09B
:10C280000100C3F894005A6A42F480325A62BFF344
:10C290004F8FBFF36F8F704700ED00E0174A437870
:10C2A000C2F89830017821B3436800B5C2F89C30D9
:10C2B000C37A90F80CC01B0690F80FE043EA0C73A9
:10C2C00090F80AC00B43817B43EACC4390F80DC041
:10C2D00043EA8C4390F809C043EA4143017A43EAB8
:10C2E0000E4343EA0C2343EA4103C2F8A0305DF851
:10C2F00004FBC2F89C10C2F8A010704700ED00E0EB
:10C30000024BD868C0F30220704700BF00ED00E088
:10C31000002810B422DB144C205C000901F0070156
:10C32000C1F1070C0C1DBCF1040F28BF4FF0040C29
:10C33000062C11D903394FF0FF348C4020EA040455
:10C34000C8404FF0FF3101FA0CF120EA0100106003
:10C350001C605DF8044B70470024F2E700F00F000A
:10C36000024C205C0009D9E700E400E014ED00E095
:10C37000002809DB4309012200F01F000349403374
:10C3800002FA00F041F82300704700BF00E100E02E
:10C3900000280BDB4309064A00F01F00403352F827
:10C3A000233023FA00F000F00100704700207047AE
:10C3B00000E100E0002809DB4309012200F01F0032
:10C3C0000349603302FA00F041F82300704700BFD0
:10C3D00000E100E000280BDB4309064A00F01F00E3
:10C3E000803352F8233023FA00F000F00100704748
:10C3F0000020704700E100E04FF0E02204281369BC
:10C400000CBF43F0040323F004031361704700BF23
:10C41000704700BF08B5FFF7FBFF08BD036B30B4E2
:10C42000FBB1CD78002400E01346DA78AA4211D29D
:10C430005A681C46002AF7D1C1E90123C162616034
:10C44000283050E8003F5A1C40E8002101B1F8E7CD
:10C4500030BC7047C1E901349960002CEFD1016311
:10C46000EEE7C1E90133C162F9E700BF10B400F1A2
:10C47000280353E8002F12B9BFF32F8F04E0511E99
:10C4800043E8001404B1F4E7D2B1C06AC0B1831C20
:10C490000122D3E84F1FC3E8442F04B1F9E711F09C
:10C4A000FF0F09D10DE0D3E84F1FC3E8442F04B1BB
:10C4B000F9E711F0FF0F04D08068831C0028F2D147
:10C4C00000205DF8044B70472DE9F0418678044662
:10C4D000D0E90115002E39D0C668002945D08D60FD
:10C4E000A368002B45D05960002506F10C07257084
:10C4F0002146384600F0A2FDB368A3B3384600F0E9
:10C500002BFD044678B3304602F098FA2A462946B5
:10C51000074602F039FC384602F0B2FB8768726ABF
:10C520008046394604F10C0004F03EFAF923A57068
:10C530002370D8F80C30E37021463046FFF76EFFC9
:10C5400039463046BDE8F04104F0D6B8AB6828461D
:10C5500013B15B78832B0ED004F0CEF82146284629
:10C56000BDE8F0415AE7BDE8F081F562A368002B11
:10C57000B9D13163B8E704F0BFF8284602F05EFA9B
:10C5800032463146074602F0FFFB384602F078FBA0
:10C5900083686A6A064604F10C01184604F004FA3E
:10C5A000F26803460AB1E17811701946284604F092
:10C5B000ADF80023237005F10C002146BDE8F041E1
:10C5C00000F03CBD2DE9F04F83B0002870D00F463D
:10C5D00000296DD0CD1C25F003050C35B5FA85F189
:10C5E000B0FA80F30B441F2B064661DD05FB00FB10
:10C5F000002A35D09468D2F80090D2E90481002C4A
:10C6000044D0A30745D1D368332B42D9B8F1000FEA
:10C6100058D018F0030371D18B456FD814B3DFF8ED
:10C620001CA1A37000204FF0FA0C43463146A060D5
:10C63000C4E90A002063C4F8049067622A4684F8BB
:10C6400000C004F10C0000F055FC3B4B6168CAF8D7
:10C650007030204604F044F8204603B0BDE8F08F67
:10C6600091469046DFF8D4A0DAF8A000C0B100F0FF
:10C6700073FC0446002C3CD16FF00401002004F050
:10C680002BF80024204603B0BDE8F08FD368002BC0
:10C69000BCD06FF00801002004F01EF80024DBE796
:10C6A00001223421DAF8800000F058FF0446E1E767
:10C6B0006FF00301002004F00FF80024204603B0BF
:10C6C000BDE8F08FD1B9002CCCD0DFF870A0424685
:10C6D000DAF87C00594600F041FF80460028CBD0B4
:10C6E00002235A4600214046019304F073FA019B4D
:10C6F00097E7B8F1000F08D0012392E76FF0090126
:10C70000002003F0E9FF0024A6E742465946DAF884
:10C710007C0000F023FF804608B10323E1E7DAF84C
:10C72000A000214610B100F089FCA5E7DAF88000EE
:10C7300000F054FFA0E700BFC9C40408880000202F
:10C7400010B5044638B10378FA2B04D1416803F0E0
:10C75000C9FF606810BD2046002103F0C3FF002020
:10C7600010BD00BF2DE9F0410446002868D01F46E7
:10C770000378FA2B64D10E46002961D09046826876
:10C7800012B15378832B3BD004F10C0000F0E4FB92
:10C790000546C0B9002F5BD0314620463A4603F02B
:10C7A000A5FF3946932002F055FD10B32C4B2046CF
:10C7B000596902F01FF9EFF309836FF00100C3E933
:10C7C0000268BDE8F081626A31460C3004F0ECF892
:10C7D0000027F9232B702946204685F80380AF7087
:10C7E000FFF71CFE2046314603F086FF3846BDE8C1
:10C7F000F081204603F07CFF6FF00100BDE8F0817E
:10C8000003F07AFF204602F019F9012205460021C3
:10C8100002F0BAFA284602F033FA8368626A0546E3
:10C820003146184604F0C0F8EA6803460AB182F8B7
:10C8300000802046194603F069FF0020BDE8F08122
:10C8400020466FF0030103F047FF6FF00300CEE7CF
:10C850002046314603F052FF6FF00200C7E700BFE9
:10C86000880000202DE9F041044600287FD098463A
:10C870000378FA2B7BD10E46002978D01746FFF7B4
:10C88000F5FD054600284BD0D0E90132002B61D0E0
:10C890009A60AA68002A61D05360626A05F10C01AF
:10C8A000304604F081F80FB1EB783B7031462046FA
:10C8B000002604F10C0703F029FF2E7029463846A4
:10C8C00000F0BCFBA36843B3384600F045FB0546C7
:10C8D00018B3204602F0B2F801220746314602F0B2
:10C8E00053FA384602F0CCF98768626A80463946C6
:10C8F00005F10C0004F058F8F923AE702B70D8F84D
:10C900000C30EB7029462046FFF788FD204639465B
:10C9100003F0F2FE3046BDE8F0810020BDE8F08172
:10C92000B8F1000F2BD031462046424603F0EAFE14
:10C930004146832002F08EFC90B1144B2046596989
:10C9400002F058F8EFF309836FF00100C3E90267C2
:10C95000BDE8F081E262AA68002A9DD123639CE7CA
:10C96000204603F0D1FE6FF00100BDE8F0812046C3
:10C970006FF0030103F0B0FE6FF00300CBE7204639
:10C98000314603F0C5FE6FF00200C4E788000020C6
:10C9900010B50446002835D00378FA2B32D18368CD
:10C9A00063B1204602F04AF800226FF0020102F063
:10C9B000EBF9A0680028F4D102F090F9A3780022E6
:10C9C00022709A070DD4DB0706D5124BD3F8A000CE
:10C9D00070B1214600F032FB204603F0A9FE002092
:10C9E00010BD0C4BA169D86F00F0F8FDA378EAE701
:10C9F000D3F88000214600F0F1FD204603F098FEB8
:10CA00000020EDE720466FF0030103F065FE6FF0B4
:10CA1000030010BD8800002010B5044610B1037853
:10CA2000FA2B05D02046002103F074FE002010BD33
:10CA3000C16803F06FFEE06810BD00BF10B504468A
:10CA400010B10378FA2B05D02046002103F064FED4
:10CA5000002010BD416A03F05FFE606A10BD00BF98
:10CA600010B5044610B10378FA2B05D020460021FA
:10CA700003F054FE002010BD816A03F04FFEA06A4F
:10CA800010BD00BF10B5044610B10378FA2B05D0D5
:10CA90002046002103F044FE002010BD836AC168D7
:10CAA000C91A03F03DFEE068A36AC01A10BD00BFBA
:10CAB0002DE9F047054600285FD00378FA2B5CD1BA
:10CAC000002700F10C060CE09A60A268B2B1536036
:10CAD0000021284603F01AFE27702146304600F058
:10CAE000ADFA2846FFF7C2FC044648B1D0E901324E
:10CAF000002BE9D1EA62A268002AE8D12B63E7E7BC
:10CB0000AB6813B15B78932B05D0284603F00CFE7D
:10CB10000020BDE8F08705F10C094FF0F90A22E08A
:10CB2000284601F08BFF00221146074602F02CF93F
:10CB3000384602F0A5F887686A6A8046394606F1E9
:10CB40000C0003F031FF86F800A0B470D8F80C3068
:10CB5000F37031462846FFF761FC3946284603F05A
:10CB6000CBFDAB682BB1484600F0F6F9064600282D
:10CB7000D6D1002002F0B2F8C7E728466FF00301D3
:10CB800003F0AAFD6FF00300C3E700BF70B50646CF
:10CB90000D46144603F0A2FDEFF3058363B9EFF3EE
:10CBA00010834BB9EFF3118333B93046294622463F
:10CBB000DFF814C000DF70BD6FF00501002003F046
:10CBC0008BFD002070BD00BFC5C5040808B5034635
:10CBD000EFF305824AB9EFF3108232B9EFF3118215
:10CBE0001AB9DFF814C000DF08BD1846002103F0B1
:10CBF00079FD002008BD00BF41C704082DE9F041C0
:10CC000004460F4690461D4603F06EFDEFF3058384
:10CC100013B9EFF310830BB36CB32378FA2B2AD13B
:10CC20004FB345BB04F10C0000F096F9064650B333
:10CC3000626A39460C3003F0B7FEF9233370304690
:10CC4000B57086F80380C6E9017403F005FE20463E
:10CC5000394603F04FFD2846BDE8F081EFF311831C
:10CC6000002BD9D12046394642462B46DFF824C056
:10CC700000DFBDE8F08120466FF0030103F02CFDDA
:10CC80006FF00300E8E72046394603F037FD6FF008
:10CC90000200E1E765C70408F8B504460E461746EA
:10CCA0001D4603F02DFDEFF3058313B9EFF3108359
:10CCB000EBB144B32378FA2B25D126B31DBB204614
:10CCC000FFF7D4FB054630B300F10C01626A304631
:10CCD00003F06AFE0FB1EB783B702846EC6003F07E
:10CCE000BBFD2046314603F011FD0020F8BDEFF3F7
:10CCF0001183002BDDD1204631463A462B46DFF822
:10CD000024C000DFF8BD20466FF0030103F0E4FC0F
:10CD10006FF00300F8BD2046314603F0F9FC6FF0D8
:10CD20000200F8BD65C804080246EFF3058313B995
:10CD3000EFF310830BB110466EE6EFF31183002B77
:10CD4000F9D1DFF808C000DF704700BF19CA040836
:10CD50000246EFF3058313B9EFF310830BB11046CE
:10CD60006CE6EFF31183002BF9D1DFF808C000DF88
:10CD7000704700BF3DCA04080246EFF3058313B9AC
:10CD8000EFF310830BB110466AE6EFF31183002B2B
:10CD9000F9D1DFF808C000DF704700BF61CA04089E
:10CDA0000246EFF3058313B9EFF310830BB110467E
:10CDB00068E6EFF31183002BF9D1DFF808C000DF3C
:10CDC000704700BF85CA040810B5044603F0AAFCEA
:10CDD000EFF3058353B9EFF310833BB9EFF31183FE
:10CDE00023B92046DFF814C000DF10BD20466FF0E5
:10CDF000050103F071FC6FF0050010BDB1CA040815
:10CE000010B5044603F092FCEFF3058353B9EFF33A
:10CE100010833BB9EFF3118323B92046DFF814C028
:10CE200000DF10BD20466FF0050103F055FC6FF0E8
:10CE3000050010BD91C9040810B5044638B1037847
:10CE4000F72B04D1416803F029FC606810BD20462F
:10CE5000002103F023FC002010BD00BF10B50446E4
:10CE600010B10378F72B05D02046002103F028FCF1
:10CE7000002010BDC16803F023FCE06810BD00BFB6
:10CE800010B5044610B10378F72B05D020460021D9
:10CE900003F018FC002010BD416903F013FC606929
:10CEA00010BD00BF10B5044610B10378F72B05D0B4
:10CEB0002046002103F008FC002010BD016903F0AA
:10CEC00003FC206910BD00BF10B5044610B1037803
:10CED000F72B05D02046002103F0F8FB002010BD01
:10CEE000D0E90313C91A03F0F1FBD4E90303C01A14
:10CEF00010BD00BF2DE9F041074610B30C4611B339
:10CF000015462AB31E460BB302FB01F803EB080ECD
:10CF10004FF0000C3960C0E90223C0E904E3C0F817
:10CF200004C003F0B5FA631E08D032465119013B24
:10CF300011600A46FAD1A8EB0500064400233360CD
:10CF40000120BDE8F0810846BDE8F0811846F8E709
:10CF50001046BDE8F08100BF70B50446D8B100F1BD
:10CF6000140353E8001F11B9BFF32F8F04E00A68C0
:10CF700043E8002000B1F4E70D4639B1231D53E822
:10CF8000002F501C43E8000606B1F8E7204603F0E6
:10CF900081FA284670BD014603F07CFA2546F8E781
:10CFA00038B5836893B104460C30FFF7D5FF0546CA
:10CFB00060B1204601F042FD2946002201F0E4FE66
:10CFC00029462046BDE8384003F070BB38BD00BF9D
:10CFD00070B50446F0B10378F72B1BD10C300E4628
:10CFE000FFF7BAFF054678B9E6B13146204603F0AF
:10CFF00059FB3146732002F02DF9C0B10E4B20468B
:10D00000596901F0F7FC03E02046294603F04EFB86
:10D01000284670BD20466FF00301002503F038FB61
:10D02000284670BD204603F043FB284670BD2046CD
:10D0300003F03AFBECE700BF88000020F8B50A4691
:10D04000034608B3C4688C421ED804698C421BD9BD
:10D0500000F1140425680D60BFF35F8F54E8005F92
:10D060000E68AE42F6D144E8001707B1F2E7043388
:10D0700053E8002F541E43E8004505B1F8E70022AD
:10D0800003F00AFA0020F8BD114618466FF00302BB
:10D0900003F002FA6FF00300F8BD00BF2DE9F84F6E
:10D0A000002867D0002965D0033121F00304B4FAC9
:10D0B00084F1B0FA80F30B441F2B06465ADD04FBC3
:10D0C00000FA82B39568D2F80090D2E90473002D7B
:10D0D0003ED0A9073FD1D268232A3CD9002F52D095
:10D0E00017F0030869D19A4567D8F5B1DFF80CB19C
:10D0F00085F802804FF0F70C00203B463146A860CF
:10D10000C5F80490224685F800C005F10C00FFF731
:10D11000F1FE394B6968CBF86C30284603F0BCFA55
:10D120002846BDE8F88F91461746DFF8D0B0DBF807
:10D130009C00B8B1FFF710FF0546002D39D16FF004
:10D1400004010020002503F0A3FA2846BDE8F88F6B
:10D15000D268002AC2D06FF00801002003F098FACC
:10D160000025DDE701222421DBF8800000F0F6F93C
:10D170000546E2E76FF003010020002503F088FA7E
:10D180002846BDE8F88FC3B9002DCED0DFF86CB0CB
:10D190003A46DBF87800514600F0E0F907460028EF
:10D1A000CDD04FF0020852460021384603F012FD60
:10D1B0009EE74FB14FF001089AE76FF00901002098
:10D1C00003F066FA0025ABE73A465146DBF87800F3
:10D1D00000F0C4F9074610B14FF00308E3E7DBF8AD
:10D1E0009C00294610B1FFF729FFA8E7DBF8800073
:10D1F00000F0F4F9A3E700BFA1CF040888000020E5
:10D20000F8B5044630B30378F72B23D100F10C06B0
:10D2100030460F46FFF712FF054639462046ADB9A6
:10D2200003F04AFAA3689BB13046FFF795FE064625
:10D2300070B1204601F002FC0122314601F0A4FD4C
:10D240002046314603F032FA2846F8BD03F036FA9C
:10D250002846F8BD20466FF0030103F019FA6FF07D
:10D260000305F5E710B50446002834D00378F72B02
:10D2700031D183685BB1204601F0E0FB002211460A
:10D2800001F082FDA0680028F5D101F027FDA37808
:10D29000002222709A070DD4DB0706D5124BD3F873
:10D2A0009C0070B12146FFF7C9FE204603F012FA38
:10D2B000002010BD0C4BA169986F00F08FF9A37886
:10D2C000EAE7D3F88000214600F088F9204603F011
:10D2D00001FA0020EDE720466FF0030103F0D8F9D2
:10D2E0006FF0030010BD00BF8800002070B5064637
:10D2F0000D46144603F0CEF9EFF3058363B9EFF35F
:10D3000010834BB9EFF3118333B9304629462246D7
:10D31000DFF814C000DF70BD6FF00501002003F0DE
:10D32000B7F9002070BD00BF9DD0040808B50346C2
:10D33000EFF305824AB9EFF3108232B9EFF31182AD
:10D340001AB9DFF814C000DF08BD1846002103F049
:10D35000A5F9002008BD00BF39CE040838B5044641
:10D360000D4603F09DF9EFF3058313B9EFF3108336
:10D3700083B1DCB12378F72B18D1BDB904F10C00CF
:10D38000FFF7EAFD05462046C5B1294603F08EF9B0
:10D39000284638BDEFF31183002BEAD120462946F9
:10D3A000DFF820C000DF0546284638BD20466FF074
:10D3B0000301002503F06CF9284638BD03F078F925
:10D3C000284638BDD1CF040870B504460E4603F098
:10D3D00071F9EFF3058313B9EFF3108383B124B32D
:10D3E0002378F72B21D1314604F10C00FFF726FEFC
:10D3F000054688B13146204603F060F9284670BDE5
:10D40000EFF31183002BEAD120463146DFF82CC020
:10D4100000DF0546284670BD204603F01DFA204671
:10D42000314603F049F9284670BD20466FF00301EC
:10D4300003F02EF96FF00305E0E700BF01D2040806
:10D440000246EFF3058313B9EFF310830BB11046D7
:10D4500004E5EFF31183002BF9D1DFF808C000DFFA
:10D46000704700BF5DCE04080246EFF3058313B991
:10D47000EFF310830BB1104602E5EFF31183002B9D
:10D48000F9D1DFF808C000DF704700BF81CE040883
:10D490000246EFF3058313B9EFF310830BB1104687
:10D4A00000E5EFF31183002BF9D1DFF808C000DFAE
:10D4B000704700BFA5CE04080246EFF3058313B9F9
:10D4C000EFF310830BB11046FEE4EFF31183002B52
:10D4D000F9D1DFF808C000DF704700BFC9CE0408EB
:10D4E00010B5044603F0F4F8EFF3058353B9EFF3F6
:10D4F00010833BB9EFF3118323B92046DFF814C042
:10D5000000DF10BD20466FF0050103F0C1F86FF099
:10D51000050010BD65D2040870B50A46044620B166
:10D5200040EA010313F0070306D01146204600220B
:10D5300002F0A8FF002070BD1729F6D9A1F1080557
:10D540002E1810222160C0E901262B5085686A60E0
:10D55000C360012202F096FF012070BDF8B568B3E8
:10D5600061B332F0030329D101F10F0C84682CF070
:10D57000070C00F1080503E023682546F3B11C46BB
:10D580006E68631B26F00307DB1B9C45F4D8D0E9CB
:10D5900000370344674453F804EC4760083B774581
:10D5A00084BF5F606E6842EA0C036EB96B6005F180
:10D5B0000804234602F068FF2046F8BD002300243B
:10D5C00002F062FF2046F8BD26F00306AF19AC5109
:10D5D0007B6007F108042F60EBE700BF38B5F0B1BE
:10D5E000E9B1A1F1080400F10805A5421CD0836847
:10D5F00023B914E01A681D468AB113469C42F9D13A
:10D6000051F8042C436851F8084C22F003029B1A8D
:10D6100043602C60012202F039FF012038BD002256
:10D6200002F034FF002038BD51F8042C436822F08A
:10D6300003029B1A0022436041F8042CEAE700BF72
:10D640002DE9F0414FF6FE730546013898423ED869
:10D650008D420E463BD3E2B1946817685CB314F078
:10D6600003032BD1D2680F2A28D9DFF88880A37052
:10D67000F6220023A3606760A681E58122701C4B1F
:10D68000C8F868303946204602F0EAFF2046BDE877
:10D69000F0811746DFF85C80D8F8980000B3FFF7F8
:10D6A0005BFC04468CB920466FF0040102F0D4FF05
:10D6B0002046BDE8F081D368002BEBD06FF0080165
:10D6C000002002F0C9FF0024E0E70123CFE76FF05C
:10D6D00003010020002402F0BFFF2046BDE8F081D6
:10D6E00001221021D8F88000FFF738FF0446D9E75F
:10D6F00091D704088800002010B5044638B103789B
:10D70000F62B04D1416802F0ADFF606810BD2046E1
:10D71000002102F0A7FF002010BD00BF10B5044695
:10D7200060B30378F62B29D1836863B1204601F0FA
:10D7300085F900226FF0020101F026FBA0680028A5
:10D74000F4D101F0CBFAA3780022DB07227006D5D2
:10D750000E4BD3F8980038B12146FFF76FFC2046F6
:10D7600002F094FF002010BDD3F880002146FFF79F
:10D7700035FF204602F08AFF0020F4E720466FF0D4
:10D78000030102F069FF6FF0030010BD8800002064
:10D790008268EAB138B500F10C01D1E85F2F12B907
:10D7A000BFF32F8F04E0541EC1E8554F05B1F4E7D5
:10D7B00092B202B938BD044601F040F90022114688
:10D7C00001F0E2FAA1892046BDE8384002F052BFDC
:10D7D000704700BFF8B5044668B30378F62B2AD12A
:10D7E00000F10C02D2E85F3F13B9BFF32F8F04E0C2
:10D7F0005E1EC2E8576F07B1F4E79BB2B3B90D469E
:10D8000009B302F033FF2946632001F023FD38B14C
:10D810000F4B2046596901F0EDF86FF00100F8BD9B
:10D82000204602F025FF6FF00100F8BD818902F06B
:10D8300021FF0020F8BD20466FF0030102F00CFF2D
:10D840006FF00300F8BD02F017FF6FF00200F8BDA3
:10D8500088000020F8B5044600282CD00378F62B69
:10D8600029D18568BDB900F10C03C189D3E85F2FC8
:10D87000914202D8BFF32F8F04E0561CC3E8576FC4
:10D8800007B1F3E7C18993B299421CD9818902F0AB
:10D89000F7FE2846F8BD818902F0F2FE204601F02D
:10D8A000CDF80122002101F06FFA2046A18902F093
:10D8B000E1FE0020F8BD20466FF0030102F0CCFE2F
:10D8C0006FF00300F8BD6FF0100102F0C5FE6FF0BD
:10D8D0000200F8BD10B5044610B10378F62B05D050
:10D8E0002046002102F0CEFE002010BD818902F00A
:10D8F000C9FEA08910BD00BF70B506460D4614468E
:10D9000002F0ACFEEFF3058363B9EFF310834BB97C
:10D91000EFF3118333B9304629462246DFF814C0AD
:10D9200000DF70BD6FF00501002002F095FE0020C1
:10D9300070BD00BF41D6040808B50346EFF3058269
:10D940004AB9EFF3108232B9EFF311821AB9DFF856
:10D9500014C000DF08BD1846002102F083FE00203D
:10D9600008BD00BFF9D6040838B504460D4602F0DC
:10D970007BFEEFF3058313B9EFF31083CBB114B340
:10D980002378F62B1FD1F5B904F10C02D2E85F3FE2
:10D9900013B9BFF32F8F04E0591EC2E8501F00B126
:10D9A000F4E79BB2BBB12046A18902F063FE284692
:10D9B00038BDEFF31183002BE1D120462946DFF873
:10D9C00024C000DF38BD20466FF0030102F044FEA2
:10D9D0006FF0030038BD204602F04EFE6FF00200EB
:10D9E00038BD00BFD5D7040838B5044602F046FE5E
:10D9F000EFF3058313B9EFF31083FBB13CB3237846
:10DA0000F62B24D104F10C03E189D3E85F2F914276
:10DA100002D8BFF32F8F04E0501CC3E8550F05B1A7
:10DA2000F3E7E18993B29942204618D902F014FF36
:10DA30002046A18902F024FE002038BDEFF31183B7
:10DA4000002BDBD12046DFF824C000DF38BD2046A4
:10DA50006FF0030102F000FE6FF0030038BD6FF0BD
:10DA6000100102F0F9FD6FF0020038BD55D804082E
:10DA70000246EFF3058313B9EFF310830BB11046A1
:10DA800028E7EFF31183002BF9D1DFF808C000DF9E
:10DA9000704700BFD5D8040810B5044602F0F4FD65
:10DAA000EFF3058353B9EFF310833BB9EFF3118321
:10DAB00023B92046DFF814C000DF10BD20466FF008
:10DAC000050102F0C9FD6FF0050010BD1DD7040867
:10DAD00070B530B38468D0E90056B4B114F00302D5
:10DAE00031D1C3681B2B2ED90023F5202070A270E2
:10DAF000E67065602946C4E90233C4E9043323763D
:10DB0000204602F091FD204670BDC368DBB9114B81
:10DB1000D3F8940040B1FFF71FFA044664B1012224
:10DB2000E2E705460646F2E7D3F8800001221C2111
:10DB3000FFF714FD0446F1E720466FF0040102F000
:10DB40006FFD204670BD6FF00801002002F068FDF7
:10DB50000024D8E78800002010B5044638B10378C7
:10DB6000F52B04D1416802F061FD606810BD2046CC
:10DB7000002102F05BFD002010BD00BF364B70B5E8
:10DB80005D69002D53D00446002848D00378F52B5A
:10DB900045D10E46017E71B9EB6A4361C0E903517C
:10DBA00003B118610123EC6220461946237602F086
:10DBB00045FD002070BDC378DA0702D5C268AA42CD
:10DBC0001FD0DEB39B0706D5E06895F9203090F9A9
:10DBD00020209A421EDB3146204602F02BFD3146C2
:10DBE000532001F037FB30B12046294600F002FFF8
:10DBF0006FF0010070BD204602F01EFD6FF00100C5
:10DC000070BDFF2920D00131C9B2017602F016FDA6
:10DC1000002070BD80F8203000F01AFFDBE72046BE
:10DC20006FF0030102F0FCFC6FF0030070BD6FF0B9
:10DC3000070102F0F5FC4FF0FF3070BD204602F006
:10DC4000FFFC6FF0020070BD6FF00F0102F0E8FC06
:10DC50006FF0020070BD00BF8800002038B5384B5F
:10DC60005D69002D64D00446002852D00378F52B5E
:10DC70004FD1017E002954D0C368AB4242D1013953
:10DC8000C9B2017602F0E0FC237E002B36D1D4E944
:10DC900004320AB11361236993B35A61E3789B0795
:10DCA0000FD5EB6A95F921104BB19A6822B192F920
:10DCB00020209142B8BF11465B69002BF5D185F851
:10DCC0002010A368ABB1204600F0B8FE0022054644
:10DCD000114601F059F8EB6AE5600022C4E904231B
:10DCE00003B11C610123EC6219462376204602F041
:10DCF000A5FC002000F0F2FF002038BD002038BD58
:10DD0000EA62CBE76FF00D0102F08AFC6FF00200CF
:10DD100038BD20466FF0030102F082FC6FF0030073
:10DD200038BD6FF00E0102F07BFC6FF0020038BDD1
:10DD30006FF0070102F074FC4FF0FF3038BD00BFF8
:10DD40008800002010B5044648B10378F52B06D1B1
:10DD5000037E23B1C16802F079FCE06810BD204663
:10DD6000002102F073FC002010BD00BF10B5044676
:10DD7000002854D00378F52B51D1037E002B31D0ED
:10DD80004269D0E903030AB113612369002B3AD039
:10DD90005A61E3789A071FD5C36A90F921104BB1F5
:10DDA0009A6822B192F920209142B8BF11465B696E
:10DDB000002BF5D190F920308B420DD080F8201047
:10DDC00000F046FEA36853B1204600F037FE002263
:10DDD0006FF0020100F0D8FFA368002BF4D10020FF
:10DDE00000F07CFFA3780022DB07227006D5104BE1
:10DDF000D3F8940048B12146FFF720F9204602F0FD
:10DE000029FC002010BDC262C3E7D3F88000214680
:10DE1000FFF7E4FB204602F01DFC0020F2E720465D
:10DE20006FF0030102F0FCFB6FF0030010BD00BFB8
:10DE30008800002070B32DE9F041044600274FF020
:10DE4000010801E02C461DB3E37865691B07F9D58D
:10DE500020462776002102F0F7FBA3682046002B1E
:10DE6000F0D000F0EBFD00220646114600F08CFFDA
:10DE7000F36AE66020460121C4E9047303B11C6122
:10DE8000F46284F8188002F0D9FB2C46002DDBD117
:10DE9000BDE8F081704700BF10B5044602F0C2FB38
:10DEA000EFF3058353B9EFF310833BB9EFF311831D
:10DEB00023B92046DFF814C000DF10BD6FF0050164
:10DEC000002002F0ADFB002010BD00BFD1DA040835
:10DED00008B50346EFF305824AB9EFF3108232B971
:10DEE000EFF311821AB9DFF814C000DF08BD18463D
:10DEF000002102F09BFB002008BD00BF59DB040895
:10DF000038B504460D4602F093FBEFF305835BB989
:10DF1000EFF3108343B9EFF311832BB92046294661
:10DF2000DFF814C000DF38BD20466FF0050102F0B5
:10DF300077FB6FF0050038BD7DDB040810B50446A3
:10DF400002F080FBEFF3058353B9EFF310833BB985
:10DF5000EFF3118323B92046DFF814C000DF10BDB2
:10DF600020466FF0050102F05BFB6FF0050010BD6D
:10DF70005DDC040808B50346EFF305824AB9EFF308
:10DF8000108232B9EFF311821AB9DFF814C000DF42
:10DF900008BD1846002102F059FB002008BD00BF53
:10DFA00045DD040810B5044602F052FBEFF305838B
:10DFB00053B9EFF310833BB9EFF3118323B9204634
:10DFC000DFF814C000DF10BD20466FF0050102F03D
:10DFD00027FB6FF0050010BD6DDD0408174B10B472
:10DFE0005C6CD4B12269914204D21DE01A698A4264
:10DFF00008D81C46E368891A002BF7D10161C0E9F3
:10E00000024306E001611A698460511AC360986096
:10E010001961E0605DF8044B7047C0E9024401619A
:10E0200058645DF8044B704701612269C460511A5D
:10E03000002282602161A060F2E700BF880000201A
:10E04000F8B5164E746C44B320690138206101277D
:10E0500006E0E378012B19D06770746CECB120698D
:10E06000002304F118011A46B8B9E5680DB1A0689B
:10E07000A860F06C7564FEF7C1FD0028E9D0214668
:10E080000320F3F7F9FCE378012BE5D16169204621
:10E09000FFF7A4FF746C002CE1D1F8BD88000020CC
:10E0A0002DE9F04100283FD001290E463CD890468A
:10E0B0000546F3B19C681F6864B314F003022CD1C9
:10E0C000DB681F2B88BF134627D94FF4F972A37062
:10E0D0000023E6706760C4E9065839462280C4E927
:10E0E0000233C4E90433204602F068FA2046BDE852
:10E0F000F0811F46164BD3F88C0000B3FEF72CFFBF
:10E100000446D4B920466FF0040102F051FA2046CB
:10E11000BDE8F081DB68002BECD06FF00801002037
:10E1200002F046FA0024E1E76FF00301002000242A
:10E1300002F03EFA2046BDE8F0810123C5E7D3F89E
:10E14000800001222021FFF709FA0446D9E700BF29
:10E150008800002010B5044638B10378F22B04D1B2
:10E16000416802F02DFA606810BD2046002102F0DF
:10E1700027FA002010BD00BF38B5044610B303785D
:10E18000F22B1FD1F1B14378022B0CD0154B1B6D34
:10E1900003B30223416143702046FFF71FFF02F0E3
:10E1A00013FA002038BDD0E902232BB12569186984
:10E1B0009A602844A26818610AB1D360ECE7094A62
:10E1C0005364E9E720466FF0030102F0F1F96FF0C4
:10E1D000030038BD6FF0020102F0EAF96FF00200AF
:10E1E00038BD00BF8800002010B50346D0B10278CA
:10E1F000F22A17D14278022A1CD1D0E9021201205A
:10E2000058702AB11C6910699160204499681061A6
:10E2100029B1CA60184602F0DBF9002010BD094997
:10E220004A64F7E718466FF0030102F0C1F96FF096
:10E23000030010BD6FF0020102F0BAF96FF00200A6
:10E2400010BD00BF8800002010B5044678B30378E5
:10E25000F22B2CD14378022B10D0A3780022DB07BD
:10E26000228006D5164BD3F88C0098B12146FEF7D4
:10E27000E5FE204602F0B2F9002010BDD0E90223ED
:10E280002BB1006919699A600144A26819615AB1F9
:10E29000D360E2E7D3F880002146FFF79FF92046DC
:10E2A00002F09CF90020E8E7054A5364D5E72046D0
:10E2B0006FF0030102F07CF96FF0030010BD00BFA6
:10E2C0008800002008B5034610B10278F22A05D074
:10E2D0001846002102F07EF9002008BD4278022A8B
:10E2E000F6D1012102F076F9012008BD00B50E4BF0
:10E2F0000E4CD3E9182083B00821FEF747FC0C4BE5
:10E30000C4E9130300E0E06C4FF0FF3300226946DC
:10E31000FEF7C2FC0028F6D1DDE9000102F04AF95F
:10E32000DDE900309847EEE718AE050888000020C8
:10E3300041E00408F8B507460E4615461C4602F0B3
:10E340003BF9EFF305836BB9EFF3108353B9EFF3A8
:10E3500011833BB9384631462A462346DFF814C0BC
:10E3600000DFF8BD6FF00501002002F021F9002068
:10E37000F8BD00BFA1E0040808B50346EFF305822D
:10E380004AB9EFF3108232B9EFF311821AB9DFF80C
:10E3900014C000DF08BD1846002102F011F900206A
:10E3A00008BD00BF55E1040838B504460D4602F02B
:10E3B00009F9EFF305835BB9EFF3108343B9EFF38A
:10E3C00011832BB920462946DFF814C000DF38BD81
:10E3D00020466FF0050102F0EBF86FF0050038BD44
:10E3E00079E1040810B5044602F0F0F8EFF3058374
:10E3F00053B9EFF310833BB9EFF3118323B92046F0
:10E40000DFF814C000DF10BD20466FF0050102F0F8
:10E41000CFF86FF0050010BDE9E1040808B5034628
:10E42000EFF3058212B9EFF310822AB118460021EA
:10E4300002F0D0F8002008BDEFF31182002AF5D1D8
:10E44000DFF804C000DF08BDC5E2040810B50446CB
:10E4500002F0C2F8EFF3058353B9EFF310833BB931
:10E46000EFF3118323B92046DFF814C000DF10BD9D
:10E4700020466FF0050102F09BF86FF0050010BD1B
:10E4800049E2040808B90020704710B50146044667
:10E49000132000F0DFFE28B9054B586902F086F81A
:10E4A000002010BD204602F07DF8002010BD00BF06
:10E4B0008800002070B50E4EF468041B002C0FDDA0
:10E4C0002146132000F0C6FE054620B9706902F00F
:10E4D0006DF8284670BD204602F066F8002070BD39
:10E4E0006FF0030002F058F86FF0030070BD00BF3A
:10E4F0008800002010B5044602F050F8EFF30583C1
:10E5000053B9EFF310833BB9EFF3118323B92046DE
:10E51000DFF814C000DF10BD6FF0050002F03CF81A
:10E520006FF0050010BD00BF85E4040810B5044677
:10E5300002F036F8EFF3058353B9EFF310833BB9DC
:10E54000EFF3118323B92046DFF814C000DF10BDBC
:10E550006FF0050002F020F86FF0050010BD00BF5D
:10E56000B5E404080123154943704A6A10B490F9D0
:10E570002040FAB192F92030A34205DC0FE093F974
:10E5800020108C420EDA1A469368002BF7D1002334
:10E59000C0E902325DF8044B906001F0D9BF134628
:10E5A00001F11C02C0E902325DF8044B9060D860B2
:10E5B00001F0CEBF01F11C02E9E700BF8800002096
:10E5C00010B5044638B10378F12B04D1416801F04D
:10E5D00097FF606810BD2046002101F091FF0020E8
:10E5E00010BD00BF10B5034B5C69204601F08AFFE7
:10E5F000204610BD8800002010B5034650B10278B7
:10E60000F12A07D1447804F00F04214601F07CFF81
:10E61000204610BD18464FF0FF3101F075FF4FF056
:10E62000FF34F5E710B5034660B10278F12A09D14D
:10E630004278042A06D090F92040214601F06EFF6E
:10E64000204610BD18464FF0FF3101F067FF4FF034
:10E65000FF34F5E708B501F07FFFDFF810C000DFF9
:10E660004FF0FF31002001F045FFFEE731F50408CF
:10E670000C4A536A10B501241BB19B680134002B6E
:10E68000FBD1D36A1BB11B690134002BFBD1136B87
:10E690001BB11B690134002BFBD1204601F062FF46
:10E6A000204610BD88000020064B10B55C6924B1DF
:10E6B000A06A01F065FFA06A10BD204601F060FF6E
:10E6C000204610BD88000020930710B402F001041A
:10E6D00015D400F12803E4B153E8000F00EA010269
:10E6E0008A4203D0BFF32F8F002005E020EA010209
:10E6F00043E8002404B1EFE75DF8044B7047806AFB
:10E7000000EA0103B4B1994218BF00205DF8044B40
:10E71000704753E8000F084203D1BFF32F8F00204A
:10E7200005E020EA010243E8002404B1F1E75DF8C6
:10E73000044B7047002B08BF00205DF8044B704766
:10E740000A4B1A6B0AB90AE01A461369002BFBD16F
:10E750004FF0FF31C0E90432C161106170474FF0E2
:10E76000FF31C0E90422C1611863704788000020AE
:10E77000C169B1F1FF3FD0E904320DD0A3B110B4AB
:10E78000DC695A6142692144D96192B10021136167
:10E790005DF8044B416170470BB15A6142696AB13F
:10E7A0000021136141617047002AF9D1054AD36203
:10E7B0007047044A5DF8044BD3627047014A136303
:10E7C000704700BF8800002010B5837800220280C7
:10E7D0009A07044609D513F0100F016B0F4B0FD0A9
:10E7E000D3F88400FEF72AFCA378DB070ED50B4B89
:10E7F000D3F88800214650B1BDE81040FEF71EBC9A
:10E80000586FFEF7EBFEA378DB07F0D410BDD3F80A
:10E810008000BDE81040FEF7E1BE00BF8800002088
:10E8200010B5044600B30378F12B1DD1C378DA0785
:10E8300022D54278042A07D023F00103C370204672
:10E8400001F07AFE002010BDD0E902230AB1D360A6
:10E85000C36833B100219A60E1602046FFF7B4FF3E
:10E86000EDE7094B5A63F8E720466FF0030101F02A
:10E8700041FE6FF0030010BD6FF00C0101F03AFE95
:10E880006FF0020010BD00BF8800002010B50446E4
:10E8900010B10378F12B05D02046002101F036FE9F
:10E8A000002010BD416B01F031FE606B10BD00BF58
:10E8B00010B510B10378F12B05D00021002401F030
:10E8C00027FE204610BD134B1B685B07F5D5036B75
:10E8D000114A1968914205D00024214601F018FE22
:10E8E000204610BD416B042911D95A68B2F1CC3FC2
:10E8F00003F108034FF0040405D0EEE753F8042BAE
:10E90000B2F1CC3FE9D104348C42F7D3E5E70424DB
:10E91000E3E700BF18AE0508A52E5AE210B500289F
:10E9200034D0002932D01E4A536940F8043B536A60
:10E93000012453B1012902D82EE0A1422CD040F885
:10E94000043B9B680134002BF7D1D36A53B1A14239
:10E9500002D814E0A14212D040F8043B1B690134F4
:10E96000002BF7D1136B53B1A14202D807E0A142AB
:10E9700005D040F8043B1B690134002BF7D1A0EB14
:10E980008400224601F0F0FD204610BD0022002444
:10E9900001F0EAFD204610BDD36A002BE2D0EEE77D
:10E9A00088000020124B5B6910B5C3B100280DDB55
:10E9B000283353E8004F24EA000243E8002101B164
:10E9C000F7E7204601F0DAFD204610BD18466FF04B
:10E9D00003016FF0030401F0C9FD204610BD184685
:10E9E0006FF0070101F0C2FD4FF0FF34ECE700BF0C
:10E9F00088000020826810B491F92040E2B192F9B9
:10EA00002030A34205DA0EE093F9200084420CDCAA
:10EA10001A469368002BF7D10023C1E902325DF852
:10EA2000044B9160704713460246C1E902325DF81B
:10EA3000044B9160D96070470246EDE783689A689D
:10EA4000826002B1D0600022DA601846704700BFD1
:10EA500050B10378F12B034603D006E01A78F12A6F
:10EA600003D1DB68002BF9D17047C26810B422B122
:10EA700081689160816801B1CA60996890F920400D
:10EA8000E1B191F92020A24205DA0EE092F920309E
:10EA90009C420CDC11468A68002AF7D10023C0E9A9
:10EAA00002315DF8044B886070470A461946C0E998
:10EAB00002215DF8044B8860D06070471946EDE78D
:10EAC000C36833B182689A60826802B1D360002360
:10EAD000C36070470123144943704A6A10B490F927
:10EAE0002040EAB192F92030A34205DA0EE093F912
:10EAF00020108C420DDC1A469368002BF7D10023BE
:10EB0000C0E902325DF8044B90607047134601F192
:10EB10001C02C0E902325DF8044B9060D860704777
:10EB200001F11C02EBE700BF880000202DE9F04155
:10EB3000524EF46A002C4FD0E569013DE561002D8D
:10EB40004AD1012706F11C086378532B68D04CD9B1
:10EB5000732B7BD053D9832B00F08380932B09D167
:10EB60002378F12B204603D1C0680378F12BFBD02A
:10EB700001F0BEFD94F82230A26B13F0100F0CBF11
:10EB8000602320232046D15801F0E0FCE3682BB13C
:10EB9000A2689A60A26802B1D360E5606770726A89
:10EBA00094F92000002A67D092F92030834205DAD8
:10EBB00014E093F92010884212DC1A469368002B67
:10EBC000F7D1C4E902529460246924B1E369002BAF
:10EBD000BAD000236361F462BDE8F0811346424677
:10EBE000C4E902329460DC60EEE7332B14D0432B8F
:10EBF00021D0132BBED1204601F0D8FCBAE7632BFD
:10EC0000B8D12378F12B204603D1C0680378F12BCB
:10EC1000FBD001F02DFDADE7204601F0B7FCA9E7E0
:10EC20002378F12B204603D1C0680378F12BFBD069
:10EC300001F002FD9EE72378F12B204603D1C06846
:10EC40000378F12BFBD001F0E1FC93E72378F12B63
:10EC5000204603D1C0680378F12BFBD001F024FDDE
:10EC600088E72378F12B204603D1C0680378F12B85
:10EC7000FBD001F049FD7DE74246A2E78800002075
:10EC800090F82230806B13F0100F0CBF602320230C
:10EC900018447047074B596951B10B6B8A6B93420B
:10ECA00003D21A68044B9A4202D00120F2F7E4BE64
:10ECB000704700BF88000020A52E5AE210B502223E
:10ECC000054B427004469861FFF7E4FF2046BDE81B
:10ECD000104001F03FBC00BF88000020F8B5284E6E
:10ECE0000446377A706984B3022F94F9205016D005
:10ECF00001236370726A002A40D092F92030AB423F
:10ED000005DA1BE093F920108D4219DC1A4693684E
:10ED1000002BF7D10023E260A3609460F8BD90F966
:10ED20002030AB42E4DAFFF71DFC6770B461FFF7F7
:10ED3000B1FF2046BDE8F84001F00CBC1346114A73
:10ED4000C4E902329460DC60F8BD022FE6D1746A37
:10ED5000002CE3D094F9202090F920309A42DDDD98
:10ED6000E36833B1A2689A60A26802B1D36000235D
:10ED7000E360FFF7F7FB02236370D7E7014AC9E7B7
:10ED800088000020A400002070B5044615460E46F9
:10ED900001F0DCFB94F82230A26B13F0100F0CBFD3
:10EDA000602320232046D650FFF7E2FC05BB012359
:10EDB000134963704A6A94F92000EAB192F920304D
:10EDC000834205DA0CE093F9201088420BDC1A46E6
:10EDD0009368002BF7D10023C4E90232946070BD20
:10EDE000134601F11C02C4E902329460DC6070BD7C
:10EDF000BDE87040FFF772BF01F11C02EBE700BFF6
:10EE0000880000204278332A00D0704770B5416AEC
:10EE100090F823200446FFF757FC054600B970BD63
:10EE2000014600222046FFF7AFFF23462A4694F80A
:10EE30002310606ABDE8704001F0AABB70B50446BB
:10EE4000D0B10378F12B17D1002915DB4378042BBF
:10EE500038D000F1280353E8002F42EA010543E8C7
:10EE6000005606B1F7E74378332B0ED020462946EB
:10EE700001F080FB284670BD20466FF0030101F0D1
:10EE800075FB6FF00305284670BD90F82320416A9A
:10EE9000FFF71AFC06460028E8D094F823309B07B9
:10EEA00056BF656A054620EA05050146012220464F
:10EEB000FFF76AFF2346324694F82310606A01F098
:10EEC00067FBD3E76FF0020101F050FB6FF0020522
:10EED000D9E700BF2DE9F04F814685B0002800F04A
:10EEE000F7808B46002A00F08A8094689769D2E9FF
:10EEF0000465002C79D0A3077AD1D368432B77D946
:10EF0000002E00F09F80700740F0B780002D00F0C9
:10EF1000B480002F00F08C807B1E372B00F2D18054
:10EF2000690740F0AA80472D40F2A780D2E900830C
:10EF30000193002C68D0DFF8C4A10023002E00F05C
:10EF400089806A4A1168A370A5F140029DF80430D7
:10EF5000E3707FB20023324484F8207084F821707B
:10EF6000C4E90E29C4E90233C4E90433C4E9063311
:10EF700084F82330C4E90933E3625D48C4F80480AF
:10EF800040F2F117FD224B07C4E90C65278084F895
:10EF90002220306008D5AD08113D05D04FF0CC33AC
:10EFA000013D46F8043FFBD1A36B0021184603F155
:10EFB000340243F8041B9A42FBD14E4A42634FF09D
:10EFC0008073C363C0F83890C0F820B0E16B4A4B3F
:10EFD000CAF860302046424601F090FA2046FFF71A
:10EFE0007DFE204605B0BDE8F08FD368002B87D0AA
:10EFF0006FF00801002001F07DFA0024F1E790464F
:10F000001546164601921827DFF8F0A0DAF88800B6
:10F0100080B1FDF7A1FF0446002C64D16FF004011C
:10F02000002001F067FA0024204605B0BDE8F08F0B
:10F03000182775E701224421DAF88000FEF78EFADE
:10F040000446E9E71FB37B1E372B3AD8002D3FF467
:10F050006DAF65E705BB254ADAF88400556D02926D
:10F06000D0B10393FDF778FFDDE902230646F8B13E
:10F0700043F0100343F0020364E76FF00A0100203D
:10F0800001F038FA0024204605B0BDE8F08F1827BB
:10F09000002D3FF44BAF43E732462946DAF87400BF
:10F0A0000293FEF75BFA029B064608B10F4AE1E7BE
:10F0B000002BB3D0DAF88800214678B1FDF7BEFF07
:10F0C000ACE76FF00B01002001F014FA002488E790
:10F0D0006FF00301044601F00DFA82E7DAF88000D0
:10F0E000FEF77CFA9AE7012328E700BF18AE05086F
:10F0F000A52E5AE255E6040805EE04088800002013
:10F1000010B50446E8B10278F12A1AD14A1E372A0E
:10F1100017D84278042A1CD090F920204BB29A428A
:10F120000DD080F8203080F8213001F0F5F920462C
:10F13000FFF78EFC0020FFF7D1FD002010BD00205E
:10F1400010BD20466FF0030101F0D4F96FF0030009
:10F1500010BD6FF0020101F0CDF96FF0020010BD9B
:10F1600010B50446C8B10378F12B16D1437803F0EB
:10F170000F03032B19D101F0DBF9E36833B1A26867
:10F180009A60A26802B1D3600023E3602046FFF7D3
:10F19000EFFAFFF7A3FD002010BD20466FF003013A
:10F1A00001F0A8F96FF0030010BD6FF0020101F04B
:10F1B000A1F96FF0020010BDF8B5244E756907463D
:10F1C0000C46284601F0C0F9631C6F7029D0F16A23
:10F1D000002935D0CA69944204D226E0DA69A242F5
:10F1E00004D819460B69A41A002BF7D1EC61C5E9C4
:10F1F00004310D611BB1DA695D61141BDC61746A55
:10F20000A36873620BB1124ADA6000220223E26043
:10F210006370B461FFF73EFD204601F09BF90120C9
:10F22000F8BD2846FFF78CFAE9E70B46EC610022AF
:10F230006A61DA692961141BF5625D61DC61DEE7F0
:10F24000EC61C5E90411F562D9E700BF8800002030
:10F25000A4000020044B1A7A022A01D00020704733
:10F260005B6A002BFAD0A7E78800002038B5044677
:10F2700000283ED00378F12B3BD1C378DB0740D583
:10F280004378022B0DD0042B13D0214D2B7A022B67
:10F2900007D16B6A2BB14FF0FF312320FFF78CFFB2
:10F2A000C0B920466FF0020101F024F96FF00200AE
:10F2B00038BDD0E902230AB1D360C368B3B10021DD
:10F2C0009A60E1602046FFF77FFA204601F03AF9A4
:10F2D000002038BDE3786A69A26123F0010320466B
:10F2E000E37001F02DF96FF0020038BD084B5A634E
:10F2F000E8E720466FF0030101F0FCF86FF003002F
:10F3000038BD6FF00C0101F0F5F86FF0020038BD68
:10F31000880000202DE9F843DFF8AC80D8F81440CD
:10F32000002C49D0002805463CDB0F4691460A4692
:10F3300001462046FFF7C8F9064608BBB9F1000FA1
:10F3400027D04A463946284601F01EF998F8083079
:10F350006562022B84F823700AD1D8F824303BB1BF
:10F3600049463320FFF728FF10B16FF0010604E093
:10F37000204601F00BF96FF001063046BDE8F88336
:10F38000284623463946324601F002F93046BDE8A8
:10F39000F883284639466FF0020601F0FBF8304644
:10F3A000BDE8F88320466FF003016FF0030601F01B
:10F3B000DDF83046BDE8F88320466FF0070101F024
:10F3C000D5F84FF0FF36D8E78800002070B5214C03
:10F3D000237A022B01D0002070BD656A002DFAD07F
:10F3E000606995F9201090F920308B42F3D1EB68D9
:10F3F00033B1AA689A60AA6802B1D3600023EB60B7
:10F4000001234370626A1AB392F920308B4205DA05
:10F4100017E093F92060B14215DC1A469368002B7F
:10F42000F7D10023C2608360906001F091F802235D
:10F430006B70A561FFF72EFC284601F08BF80020C9
:10F4400070BD1346044AC0E902329060D860ECE710
:10F45000014AE6E788000020A400002038B50446F1
:10F4600000285BD00378F12B58D1437803F00F03C9
:10F47000022B44D0032B08D0012B35D06FF00201B2
:10F4800001F038F86FF0020038BDC36833B182680C
:10F490009A60826802B1D3600023E3602046FFF7E0
:10F4A00067F9204601F040F86378022B09D0032366
:10F4B000002520466370C4E90255FFF741F928464C
:10F4C00038BD1A4B5D6AAA685A6212B103F11C0179
:10F4D000D16000210222E9606A709D61FFF7DAFBCA
:10F4E000284601F037F8E2E7C368002BD9D08268DC
:10F4F0009A60826802B1D3600023E360D1E70B4BCE
:10F500001A7A022A02D15B6A002BCAD120466FF018
:10F51000020100F0EFFF6FF0020038BD20466FF0EF
:10F52000030100F0E7FF6FF0030038BD8800002002
:10F53000F8B51E4C237A022B00D0F8BD636A002B6D
:10F54000FBD06569E86AFEF775FCA86930B1002256
:10F550001146FFF719FCA86900F0F4FFEFF30983E7
:10F56000666AAB63B36863620BB1114ADA60022367
:10F5700000277370F760A661FFF78CFB304600F040
:10F58000E9FF6761EB78DB070CD504236B70636BD5
:10F59000C5E9023703B1DD6065632846BDE8F84080
:10F5A00000F0DEBF2846FFF70FF9F6E788000020DD
:10F5B000A4000020F8B50446002879D00378F12B88
:10F5C00076D1437803F00F03022B62D0032B08D0CF
:10F5D000012B53D06FF0020100F08CFF6FF002009E
:10F5E000F8BDC36833B182689A60826802B1D360A3
:10F5F0000023E3602046FFF7BBF8E06AFEF71AFC41
:10F60000A06930B100221146FFF7BEFBA06900F0EF
:10F6100099FF6378022B27D1EFF30983284DA36369
:10F620006E6AB3686B6213B105F11C02DA600223E3
:10F6300000277370F760AE61FFF72CFB304600F0D7
:10F6400089FF6F61E378DB0714D504231C4D6370D9
:10F650006B6BA3600022E26003B1DC606C63204648
:10F6600000F07EFF0020F8BD0020FFF737FBE378B5
:10F67000DB07EAD42046FFF7A7F8F0E7C368002BC2
:10F68000BBD082689A60826802B1D3600023E360D5
:10F69000B3E70B4B1A7A022A02D15B6A002BACD17A
:10F6A00020466FF0020100F025FF6FF00200F8BD68
:10F6B00020466FF0030100F01DFF6FF00300F8BD5E
:10F6C0008800002038B50B4C0B48A26D0B4D002173
:10F6D000FFF700FC636EA8620BB9012038BDE26D34
:10F6E00007480021FFF7F6FBA864003018BF01208F
:10F6F00038BD00BF18AE0508751A04088800002040
:10F70000EDE2040870B506460D46144600F0F4FE1E
:10F71000EFF3058363B9EFF310834BB9EFF3118374
:10F7200033B9304629462246DFF814C000DF70BDE9
:10F730006FF00501002000F0DDFE002070BD00BF6D
:10F74000D5EE040808B50346EFF305824AB9EFF396
:10F75000108232B9EFF311821AB9DFF814C000DF5A
:10F7600008BD1846002100F0CBFE002008BD00BFF8
:10F77000C1E5040810B5EFF3058313B9EFF3108367
:10F7800033B1084B5C69204600F0BCFE204610BD3A
:10F79000EFF31183002BF4D1DFF80CC000DF044637
:10F7A000204610BD88000020E5E5040808B50346A2
:10F7B000EFF305824AB9EFF3108232B9EFF3118209
:10F7C0001AB9DFF818C000DF08BD18464FF0FF3146
:10F7D00000F09AFE4FF0FF3008BD00BFF9E50408C5
:10F7E00008B50346EFF3058212B9EFF310822AB190
:10F7F0001846002100F08AFE002008BDEFF31182B8
:10F80000002AF5D1DFF804C000DF08BD8DE8040848
:10F8100008B50346EFF3058212B9EFF310822AB15F
:10F820001846002100F074FE002008BDEFF311829D
:10F83000002AF5D1DFF804C000DF08BDB1E80408F4
:10F8400038B504460D4600F065FEEFF305835BB95D
:10F85000EFF3108343B9EFF311832BB92046294608
:10F86000DFF814C000DF38BD20466FF0050100F05E
:10F8700041FE6FF0050038BD01F1040808B50346EC
:10F88000EFF305824AB9EFF3108232B9EFF3118238
:10F890001AB9DFF818C000DF08BD18464FF0FF3175
:10F8A00000F03CFE4FF0FF3008BD00BF25E6040825
:10F8B00008B500F035FEEFF305834BB9EFF3108385
:10F8C00033B9EFF311831BB9DFF814C000DF08BDB3
:10F8D0006FF00501002000F00DFE6FF0050008BD7F
:10F8E000CDF3040810B5044600F01CFEEFF30583C9
:10F8F00053B9EFF310833BB9EFF3118323B92046DB
:10F90000DFF814C000DF10BD20466FF0050100F0E5
:10F91000F1FD6FF0050010BD5DF4040810B504465C
:10F9200000F004FEEFF3058353B9EFF310833BB906
:10F93000EFF3118323B92046DFF814C000DF10BDB8
:10F9400020466FF0050100F0D5FD6FF0050010BDF9
:10F9500061F1040810B5044600F0ECFDEFF30583F7
:10F9600053B9EFF310833BB9EFF3118323B920466A
:10F97000DFF814C000DF10BD20466FF0050100F075
:10F98000B9FD6FF0050010BD21E8040810B504466C
:10F9900000F0D4FDEFF3058353B9EFF310833BB9C7
:10F9A000EFF3118323B92046DFF814C000DF10BD48
:10F9B00020466FF0050100F09DFD6FF0050010BDC1
:10F9C0006DF2040810B5044600F0C8FDEFF305839E
:10F9D00053B9EFF310833BB9EFF3118323B92046FA
:10F9E000DFF814C000DF10BD20466FF0050100F005
:10F9F00081FD6FF0050010BDB5F5040808B5EFF303
:10FA0000058313B9EFF3108323B1002000F0AAFDA2
:10FA1000002008BDEFF31183002BF6D1DFF804C0FE
:10FA200000DF08BD71E6040810B503460A46EFF38F
:10FA3000058414B9EFF3108434B11146184600223E
:10FA400000F092FD002010BDEFF31184002CF4D1E2
:10FA5000DFF804C000DF10BD1DE9040870B50446DE
:10FA60000E4600F085FDEFF3058313B9EFF3108325
:10FA7000DBB134B32378F12B23D1002E21DB637863
:10FA8000042B27D004F1280353E8002F42EA06058F
:10FA900043E8005101B1F7E7204600F0DDFE2046C3
:10FAA000294600F067FD284670BDEFF31183002B57
:10FAB000DFD120463146DFF82CC000DF054628465E
:10FAC00070BD20466FF0030100F050FD6FF003059C
:10FAD000284670BD20466FF0020100F047FD6FF030
:10FAE0000205F5E73DEE040810B5044600F044FDBC
:10FAF000EFF3058353B9EFF310833BB9EFF31183B1
:10FB000023B92046DFF814C000DF10BD6FF00501F7
:10FB1000002000F02BFD6FF0050010BDA5E90408E2
:10FB200008B5EFF3058313B9EFF3108323B1002079
:10FB300000F026FD002008BDEFF31183002BF6D165
:10FB4000DFF804C000DF08BDA9E6040870B506466A
:10FB50000D46144600F016FDEFF3058363B9EFF38D
:10FB600010834BB9EFF3118333B93046294622464F
:10FB7000DFF814C000DF70BD6FF00501002000F059
:10FB8000F5FC6FF0050070BD15F3040870B5554D18
:10FB9000297A012900F08480002940F09B80524C92
:10FBA0009C2205F1080001F015F8E66AE368228A54
:10FBB000EB653046A368216BA5F854202B64FDF754
:10FBC000ABFC08B1C5F88060D4E905613046FDF7AB
:10FBD000A3FC002868D1D4E90761D5F880306B67B1
:10FBE0003046FDF799FC002866D0AE67D4E909617C
:10FBF0003046FDF791FC002868D0EE67666B3EB199
:10FC0000D6E9022331683046FDF774F9C5F88460FF
:10FC1000A66B3EB1D6E9022331683046FDF76AF99A
:10FC2000C5F88860E66B3EB1D6E9022331683046FC
:10FC3000FDF760F9C5F88C60266C3EB1D6E9022369
:10FC400031683046FDF756F9C5F89060666C3EB1F4
:10FC5000D6E9022331683046FDF74CF9C5F89460C7
:10FC6000A66C3EB1D6E9022331683046FDF742F971
:10FC7000C5F89860E66C3EB1D6E90223316830469B
:10FC8000FDF738F9C5F89C60246D3CB1D4E9022336
:10FC900021682046FDF72EF9C5F8A04001232B72FC
:10FCA00000F000FC002070BD6E67D4E907613046AB
:10FCB000FDF732FC002898D1D4E90961D5F88030ED
:10FCC000AB673046FDF728FC002896D1D5F8803088
:10FCD000EB6793E74FF0FF3000F0E0FB4FF0FF30B1
:10FCE00070BD00BF8800002018AE050838B50B466F
:10FCF0001546044618B10B490B4AC0E900124BB136
:10FD000045B10B2D2A46184628BF0B22074900F0A3
:10FD10004BFE034620462A46194600F0C7FB00204A
:10FD200038BD00BF13543101D1B3FB0224C1050813
:10FD300010B5034B1C7A204600F0BAFB204610BDDC
:10FD40008800002038B5284C237A012B44D1FFF7D6
:10FD5000B9FC002839D0254AFF2382F8223092F8D6
:10FD60002230D26863F0FF03DB4325D1C2F30222C5
:10FD7000531CFE2202FA03F31D4D1C4A1D496868FC
:10FD8000DBB2D37700F008FBF8B900F05BFB206131
:10FD900000F026FB1848FEF751FEFEF78FFF2B6898
:10FDA000DB074CBF0223032383F31488022323724F
:10FDB00000F082FB002038BDB3FA83F3C2F30222C5
:10FDC000C3F120039342D4D8D2E74FF0FF3000F0C4
:10FDD00065FB4FF0FF3038BD6FF0060000F05EFBB2
:10FDE0004FF0FF3038BD00BF8800002000ED00E07C
:10FDF00018AE05087D030508A400002010B5034CCB
:10FE0000E06800F06FFBE06810BD00BF88000020D4
:10FE100010B5034B5C68204600F066FB204610BD21
:10FE200018AE050838B50A4BDC6800F01BFB054628
:10FE300000F020FB18B100F015FB0134054600F07E
:10FE40000BFB04FB0054204600F050FB204638BD5D
:10FE50008800002010B500F0F9FA044600F048FBD5
:10FE6000204610BD08B50C4A137A022B0DD0032B87
:10FE700004D1012000F024FB012008BD4FF0FF3029
:10FE800000F00CFB4FF0FF3008BD0323002013727D
:10FE900000F016FB002008BD8800002008B50C4AC1
:10FEA000137A022B0FD0032B06D1022301201372E9
:10FEB00000F00AFB012008BD4FF0FF3000F0EEFA21
:10FEC0004FF0FF3008BD002000F0FEFA002008BD12
:10FED0008800002010B50E4A137A023B012B09D886
:10FEE000044670B1012805D10321117200F0F0FA27
:10FEF000204610BD4FF0FF3000F0D0FA4FF0FF3039
:10FF000010BD0223137200F0E3FA204610BD00BFBB
:10FF10008800002038B5164C237A022B06D06FF0EB
:10FF20000700002500F0BAFA284638BD00F06EFA46
:10FF300001226272BFF34F8F0E4B5968C90003D57F
:10FF40004FF00061A2725960E36A6BB1DD69636CC6
:10FF50001BB11B699D4228BF1D46042328462372FE
:10FF600000F0BAFA284638BD4FF0FF35EFE700BF82
:10FF70008800002000ED00E0F8B5224C237A042B25
:10FF80002DD1E268E36A02440546E26063B10646A9
:10FF90000127DA69B2422FD8DF61B61AFEF7C6FD33
:10FFA000E36A0BB1002EF4D1636C5BB101261869D2
:10FFB000A8421ED81E61236D2D1A9847636C0BB1A1
:10FFC000002DF4D1022300202372FEF787FE0023C8
:10FFD0006372BFF34F8FA27A2AB900F001FABDE82D
:10FFE000F84000F07DBA084AA3724FF08053536086
:10FFF000F3E7401B1861E5E7961BDE61636C002B9D
:020000040805ED
:10000000D4D1DFE78800002000ED00E0704700BF9A
:1000100008B5FFF7FBFF00F043FAEFF305834BB998
:10002000EFF3108333B9EFF311831BB9DFF814C07A
:1000300000DF08BD6FF0050000F030FA6FF005003A
:1000400008BD00BF8DFB040870B504460D4616467A
:1000500000F02AFAEFF3058313B9EFF310832BB105
:10006000324629462046BDE870403FE6EFF3118353
:10007000002BF5D1EFF31483DB07F1D52046294699
:100080003246DFF808C000DF70BD00BFEDFC040899
:1000900010B5EFF3058313B9EFF3108333B10A4BB7
:1000A0001C7A204600F004FA204610BDEFF31183BD
:1000B000002BF4D1EFF31483DB07F0D5DFF80CC08D
:1000C00000DF0446204610BD8800002031FD0408F2
:1000D00008B500F0EFF9EFF305834BB9EFF31083A8
:1000E00033B9EFF311831BB9DFF814C000DF08BD8B
:1000F0006FF0050000F0D2F96FF0050008BD00BFF9
:1001000045FD040808B500F0D9F9EFF305834BB9B4
:10011000EFF3108333B9EFF311831BB9DFF814C089
:1001200000DF08BD6FF0050000F0B8F96FF00500C2
:1001300008BD00BF65FE040808B500F0C3F9EFF381
:1001400005834BB9EFF3108333B9EFF311831BB978
:10015000DFF814C000DF08BD6FF0050000F09EF965
:100160006FF0050008BD00BF9DFE040810B50446F1
:1001700000F0ACF9EFF3058353B9EFF310833BB90B
:10018000EFF3118323B92046DFF814C000DF10BD60
:100190006FF0050000F082F96FF0050010BD00BFA0
:1001A000D5FE040808B500F095F9EFF3058313B9FF
:1001B000EFF310832BB16FF0050000F06FF9002012
:1001C00008BDEFF31183002BF5D1DFF808C000DF85
:1001D00008BD00BF15FF040810B5044600F07EF905
:1001E000EFF3058313B9EFF310832BB16FF0050024
:1001F000BDE8104000F052B9EFF31183002BF5D1A8
:100200002046DFF808C000DF10BD00BF79FF0408FA
:10021000EFF3058313B9EFF3108333B110B5074C37
:10022000E06800F05FF9E06810BDEFF31183002B88
:10023000F4D1DFF80CC000DF704700BF8800002059
:10024000FDFD040810B5EFF3058313B9EFF3108338
:1002500033B1084B5C68204600F046F9204610BDDB
:10026000EFF31183002BF4D1DFF80CC000DF04465C
:10027000204610BD18AE050811FE0408EFF30583F3
:1002800013B9EFF3108303B1CCE5EFF31183002B27
:10029000FAD1DFF808C000DF704700BF25FE040870
:1002A00010B5EFF3058313B9EFF3108333B100F00A
:1002B000CDF8044600F01CF9204610BDEFF3118381
:1002C000002BF4D1DFF808C000DF0446204610BD43
:1002D00055FE04081EF0040F0CBFEFF30880EFF387
:1002E0000980816911F8021C91BB01B590E80F10DB
:1002F000E047BDE800508CE80300244B93E806007B
:10030000914208BF704741B91EF0100F10D120492B
:10031000086820F0010008600AE02CE9F00F1EF0E8
:10032000100F08BF2CED108AC1F838C081F822E008
:100330001A6092F82210906B61F0FF0E1EF0100F01
:1003400008BFB0EC108AB0E8F00F80F3098870475E
:10035000104A13689942FAD801B552F821C00FC863
:10036000E047BDE80050CCF80000704701B500F050
:100370001FFABDE80140EFF3098CBEE701B500F0BC
:10038000D9F9BDE80140EFF3098CB6E79C000020E5
:1003900034EF00E07CAD0508B8B10D4B1B68B3FB32
:1003A000F0F3013BB3F1807F0FD230B4094A0A4920
:1003B0000A4CFF2582F823500620002208604B607B
:1003C00010468A60227030BC70474FF0FF30704793
:1003D0006400002000ED00E010E000E0C08A002092
:1003E000074B1A782AB1074A00204FF08061187035
:1003F0005160054A136843F001031360704700BF62
:10040000C08A002000ED00E010E000E0074A084943
:10041000136823F0010313604B685B0105D5054B9E
:100420004FF00070012248601A70704710E000E041
:1004300000ED00E0C08A0020014B1B68704700BF40
:1004400010E000E04FF0FF30704700BF014B18682C
:10045000704700BF64000020014B586801307047AE
:1004600010E000E0024B58689B68C01A704700BF5C
:1004700010E000E0024B1868C0F30040704700BF76
:1004800010E000E0704700BF704700BF704700BF3A
:10049000704700BF704700BF704700BF704700BF84
:1004A000704700BF704700BF704700BF704700BF74
:1004B000704700BF704700BF704700BF704700BF64
:1004C000704700BF704700BF704700BF704700BF54
:1004D000704700BF704700BF704700BF704700BF44
:1004E000704700BF704700BF704700BF704700BF34
:1004F000704700BF704700BF704700BF704700BF24
:10050000704700BF704700BF704700BF704700BF13
:10051000704700BF704700BF704700BF704700BF03
:10052000704700BF704700BF704700BF704700BFF3
:10053000704700BF704700BF704700BF704700BFE3
:10054000704700BF704700BF704700BF704700BFD3
:10055000704700BF704700BF704700BF704700BFC3
:10056000704700BF704700BF704700BF704700BFB3
:10057000704700BF704700BF704700BF704700BFA3
:10058000704700BF704700BF704700BF704700BF93
:10059000704700BF704700BF704700BF704700BF83
:1005A000704700BF704700BF704700BF704700BF73
:1005B000704700BF704700BF704700BF704700BF63
:1005C000704700BF704700BF704700BF704700BF53
:1005D000704700BF704700BF704700BF704700BF43
:1005E000704700BF704700BF704700BF704700BF33
:1005F000704700BF704700BF704700BF704700BF23
:10060000704700BF704700BF704700BF704700BF12
:10061000704700BF704700BF704700BF704700BF02
:10062000704700BF704700BF704700BF704700BFF2
:10063000704700BF704700BF704700BF704700BFE2
:10064000704700BF704700BF704700BF704700BFD2
:10065000704700BF704700BF704700BF704700BFC2
:10066000704700BF704700BF704700BF704700BFB2
:10067000704700BF704700BF704700BF704700BFA2
:10068000704700BF704700BF704700BF704700BF92
:10069000704700BF704700BF704700BF704700BF82
:1006A000704700BF704700BF704700BF704700BF72
:1006B000704700BF704700BF704700BF704700BF62
:1006C000704700BF704700BF704700BF704700BF52
:1006D000704700BF704700BF704700BF704700BF42
:1006E000704700BF704700BF704700BF704700BF32
:1006F000704700BF704700BF704700BF704700BF22
:10070000704700BF704700BF704700BF704700BF11
:10071000704700BF704700BF704700BF704700BF01
:10072000704700BF704700BF704700BF704700BFF1
:10073000704700BF38B51D4CFFF77EFEE368226DA1
:100740000133E36002B19047FEF7F0F90020FEF7B5
:10075000C5FA236C2BB1A16BA269914202D0C4E906
:100760000E2338BDE36BDBB9237A022BF9D1656A1E
:10077000002DF6D091F9203095F920209A42F0D141
:100780002846FEF79DF9A06BFEF7A4F9A06BFFF7D2
:10079000DFFE2846FEF792FA236CC4E90E5338BDFB
:1007A000013BE363002BDFD038BD00BF8800002091
:1007B00070B5284E06F1560406F15A05B6F85420D5
:1007C000D4E85F3F13B9BFF32F8F04E0591EC4E88C
:1007D000501F00B1F4E79BB2002B36D0D5E85F3F45
:1007E000591C8A4200D80021C5E8501F00B1F5E726
:1007F0009BB2F26D52F8230038B30378F13B082B1B
:10080000DCD801A252F823F045080508BD07050809
:100810003F080508BD070508BD0705083908050894
:1008200033080508BD0705082D080508336F9847EC
:10083000C4E7F36E9847C1E7B36E9847BEE7736E9F
:100840009847BBE7336E9847B8E70020BDE8704093
:10085000FEF744BA880000201A4A70B4B2F8543047
:1008600002F15605D5E85F4FA34202D8BFF32F8FA0
:1008700004E0611CC5E8561F06B1F3E7A4B2A34229
:100880001BD902F15805D5E85F4F611C8B4200D897
:100890000021C5E8561F06B1F5E7A3B2D16D41F8B6
:1008A0002300537A1BB10123937270BC7047064B2F
:1008B0004FF080525A6070BC7047014670BC0220F5
:1008C000F1F7DAB88800002000ED00E00A220021EC
:1008D00001F096B80A23002201F06EB808B5002195
:1008E000044604F05FFB044B1868C36B03B19847E0
:1008F00020460AF057F900BF34C2050870B50D4E06
:100900000D4D761BB61006D0002455F8043B01347B
:100910009847A642F9D1094E094D761B0AF044F9D1
:10092000B61006D0002455F8043B01349847A6427F
:10093000F9D170BDD80A0020D80A0020E00A0020B2
:10094000D80A0020032A70B515D940EA010C1CF022
:10095000030F04460B4621D1194620460E68056850
:10096000B54204F1040403F1040317D1043A032A45
:1009700020461946F0D8541EA2B100F1FF3C0139BF
:1009800001E0C3180CD01CF801EF11F8012F9645B7
:10099000A4EB0C03F5D0AEEB020070BD541EECE7E7
:1009A000184670BD104670BD844641EA000313F03E
:1009B00003036DD1403A41D351F8043B40F8043B66
:1009C00051F8043B40F8043B51F8043B40F8043B29
:1009D00051F8043B40F8043B51F8043B40F8043B19
:1009E00051F8043B40F8043B51F8043B40F8043B09
:1009F00051F8043B40F8043B51F8043B40F8043BF9
:100A000051F8043B40F8043B51F8043B40F8043BE8
:100A100051F8043B40F8043B51F8043B40F8043BD8
:100A200051F8043B40F8043B51F8043B40F8043BC8
:100A300051F8043B40F8043B403ABDD2303211D368
:100A400051F8043B40F8043B51F8043B40F8043BA8
:100A500051F8043B40F8043B51F8043B40F8043B98
:100A6000103AEDD20C3205D351F8043B40F8043B68
:100A7000043AF9D2043208D0D2071CBF11F8013B66
:100A800000F8013B01D30B8803806046704700BF2C
:100A9000082A13D38B078DD010F003038AD0C3F13B
:100AA0000403D21ADB071CBF11F8013B00F8013B1D
:100AB00080D331F8023B20F8023B7BE7043AD9D3DC
:100AC000013A11F8013B00F8013BF9D20B780370B1
:100AD0004B7843708B7883706046704788420DD99D
:100AE0008B1883420AD900EB020CBAB1624613F8A4
:100AF00001CD02F801CD9942F9D170470F2A0ED8E5
:100B0000034602F1FF3C4AB10CF1010C013B8C445D
:100B100011F8012B03F8012F6145F9D1704740EA24
:100B200001039B0750D1A2F1100370B501F1200C15
:100B300023F00F0501F1100E00F11004AC441B0965
:100B40005EF8105C44F8105C5EF80C5C44F80C5CD9
:100B50005EF8085C44F8085C5EF8045C44F8045CE9
:100B60000EF1100EE64504F11004E9D1013312F044
:100B70000C0F01EB031102F00F0400EB031327D05D
:100B8000043C24F003064FEA940C1E441C1F8E46BE
:100B90005EF8045B44F8045FB442F9D10CF101043F
:100BA00002F0030203EB840301EB840102F1FF3C3A
:100BB0004AB10CF1010C013B8C4411F8012B03F8F4
:100BC000012F6145F9D170BD02F1FF3C03469BE75F
:100BD0002246EBE7830730B548D0541E002A3FD0A9
:100BE000CAB2034601E0013C3AD303F8012B9D074A
:100BF000F9D1032C2DD9CDB245EA05250F2C45EAB4
:100C0000054536D9A4F1100222F00F0C03F1200E95
:100C1000E6444FEA121C03F1100242E9045542E98E
:100C2000025510327245F8D10CF1010214F00C0F8C
:100C300003EB021204F00F0C13D0ACF1040323F009
:100C400003030433134442F8045B9342FBD10CF0DA
:100C500003042CB1CAB21C4403F8012B9C42FBD103
:100C600030BD64461346002CF4D1F9E70346144620
:100C7000BFE71A46A446E0E70EB400B582B003AB66
:100C8000816853F8042B019302F07AFB02B05DF8FF
:100C900004EB03B0704700BF0FB400B5074983B041
:100CA00004AB086853F8042B8168019302F068FBD9
:100CB00003B05DF804EB04B0704700BF2C010020C6
:100CC00070B5054688B008460C4600F0F9FA224E89
:100CD000AA6B059001214318CDE9066104A8022101
:100CE00004940393AC680190029122B3636E13F0F5
:100CF000010FB4F90C309AB201D1980525D59104B1
:100D000006D4626E43F4005322F40052A38162665B
:100D1000284601AA214605F08FFC636E002814BF07
:100D20004FF0FF350A25DA0702D4A3899B0506D5C3
:100D3000284608B070BD284605F0ECF9D6E7A06D4E
:100D400005F052FE284608B070BDA06D05F044FEC7
:100D5000B4F90C309AB2D2E734AF0508024B014621
:100D60001868FFF7ADBF00BF2C010020024B1B68C5
:100D70000022C3E92A0270472C0100200B4A0C49CB
:100D800010B414680B4AD4E92A0300FB02F201FBF9
:100D90000322A0FB0101431C42EB0100C4E92A30FD
:100DA00020F000405DF8044B704700BF2C0100208C
:100DB0002D7F954C2DF451580CB410B59CB01EAB42
:100DC0006FF00044CDE906140291084953F8042B52
:100DD000059102A90193049400F02AFE029B0022CF
:100DE0001A701CB0BDE8104002B070470802FFFF47
:100DF0000EB410B59DB06FF000411FABCDE90601F8
:100E00000491094953F8042B0290084C0868019397
:100E100002A9059400F00CFE029B00221A701DB07E
:100E2000BDE8104003B070472C0100200802FFFF0E
:100E300011F0FF01034644D0820732D110B5046897
:100E400041EA012E4EEA0E4E8EEA0402A2F101336F
:100E500023EA0203A4F1013222EA0402134313F04D
:100E6000803F0FD150F8044F84EA0E0CA4F10133F7
:100E7000ACF1013223EA040322EA0C02134313F01B
:100E8000803FEFD0037823B936E010F8013F002B04
:100E900032D09942F9D110BD8A4211D09A07184632
:100EA000CCD0184613F8012B002AF5D11046704714
:100EB0009907184607D0184601330278002AF7D15F
:100EC00070478207F7D10268A2F1013323EA0203D7
:100ED00013F0803F08D150F8042FA2F1013323EA28
:100EE000020313F0803FF6D00378002BE8D010F80F
:100EF000013F002BFBD17047184610BD00000000D9
:100F0000A2EB0300704700BF02780B78012A28BFCC
:100F10009A42F5D16DE9044540EA0104CDE9026742
:100F20006FF0000C4FEA447212B380EA010414F02F
:100F3000070F6AD100F0070420F0070004F0030552
:100F400021F007014FEAC505F0E8042314F0040F6F
:100F5000F1E804670CFA05F462EA040266EA0406A2
:100F60000AD063EA0403624667EA0407664603E0C0
:100F7000F0E80423F1E8046782FA4CF582EA0604FB
:100F8000A4FA8CF46CBB83FA4CF583EA0705A5FA46
:100F90008CF595B950E9022351E9026782FA4CF5C4
:100FA00082EA0604A4FA8CF483FA4CF583EA070576
:100FB000A5FA8CF52543DBD09CB92DBAB5FA85F49A
:100FC00024F0070427FA04F1DDE9026723FA04F3A9
:100FD00003F0FF0001F0FF01FDE80445A0EB010074
:100FE000704724BAB4FA84F424F0070426FA04F112
:100FF000DDE9026722FA04F202F0FF0001F0FF01CE
:10100000FDE80445A0EB0100704714F0030F3CD14C
:1010100010F0030428D150F8082B51F8083B82FA4D
:101020004CF582EA0305A5FA8CF55DB950F8042C5D
:1010300051F8043C82FA4CF582EA0305A5FA8CF5D6
:10104000002DE8D02DBAB5FA85F424F0070423FA70
:1010500004F122FA04F202F0FF0001F0FF01FDE8C2
:101060000445A0EB010070474FEAC40420F00300E0
:1010700050F8082B21F0030151F8083B0CFA04F456
:1010800062EA040263EA0403C9E710F003041AD019
:10109000A1EB040120F00300E40750F8042B06D074
:1010A0000FD28B785FFAA2F4E41A06D12BB1CB7879
:1010B0005FFAB2F4E41A00D11BB920465DF8104B78
:1010C000704701F1040150F8042BCC0721F0030113
:1010D00051F8043B48D824D222F07F4482FA4CF5E0
:1010E00094EA1325A5FA8CF50AD165B951F8043BA9
:1010F00084EA0204B4EB036F0ED150F8042BEBE743
:101100004FEA132355E035F07F454DD10878FDE8CF
:101110000445C0F1000070474FEA126203F0FF037C
:1011200047E002EA1C4482FA4CF594EA1345A5FA1A
:101130008CF50AD165B951F8043B84EA0204B4EB9A
:10114000034F0CD150F8042BEBE74FEA134330E088
:1011500015EA1C4528D10B884FEA124229E04FEAD4
:10116000124203EA1C4324E002F0FF0482FA4CF529
:1011700094EA1365A5FA8CF50AD165B951F8043BD8
:1011800084EA0204B4EB032F09D150F8042BEBE7F7
:101190004FEA13630DE015F0FF0F05D10B684FEA1E
:1011A000122223F07F4304E04FF00000FDE80445E5
:1011B000704712BA1BBA82FA4CF482EA0304A4FA0A
:1011C0008CF5B5FA85F402FA04F203FA04F34FEA57
:1011D0001260FDE80445A0EB1360704780EA01024D
:1011E000844612F0030F4FD111F0030F32D14DF8A6
:1011F000044D11F0040F51F8043B0BD0A3F1013260
:101200009A4312F0803F04BF4CF8043B51F8043B72
:1012100016D100BF51F8044BA3F101329A4312F0EA
:10122000803FA4F101320BD14CF8043BA24312F0F1
:10123000803F04BF51F8043B4CF8044BEAD02346EE
:101240000CF8013B13F0FF0F4FEA3323F8D15DF8A0
:10125000044B704711F0010F06D011F8012B0CF868
:10126000012B002A08BF704711F0020FBFD031F8E0
:10127000022B12F0FF0F16BF2CF8022B8CF8002067
:1012800012F47F4FB3D1704711F8012B0CF8012BEA
:10129000002AF9D1704700BF0000000000000000E4
:1012A000000000000000000000000000000000003E
:1012B000000000000000000000000000000000002E
:1012C00090F800F06DE9024520F007016FF0000C86
:1012D00010F0070491F820F040F049804FF000042E
:1012E0006FF00700D1E9002391F840F000F1080009
:1012F00082FA4CF2A4FA8CF283FA4CF3A2FA8CF341
:101300004BBBD1E9022382FA4CF200F10800A4FAA7
:101310008CF283FA4CF3A2FA8CF3E3B9D1E90423FB
:1013200082FA4CF200F10800A4FA8CF283FA4CF332
:10133000A2FA8CF37BB9D1E9062301F1200182FAEC
:101340004CF200F10800A4FA8CF283FA4CF3A2FAF2
:101350008CF3002BC6D0002A04BF04301A4612BA00
:10136000B2FA82F2FDE8024500EBD2007047D1E903
:10137000002304F00305C4F100004FEAC50514F092
:10138000040F91F840F00CFA05F562EA05021CBF63
:1013900063EA050362464FF00004A9E7A2B330B543
:1013A00040EA0104A40784460B462AD09CF80000BA
:1013B0000C7884422FD1012A0DD0E64660B11EF888
:1013C000010F11F8014F6FEA0E03A042134422D11E
:1013D0001CEB0303F2D1002030BD0468194653F81A
:1013E000045BA4F1013EAC4284462EEA040E00F1F7
:1013F00004000BD1043A84461946ECD01EF0803F1D
:10140000E9D1032AE9D8D1E7104670479CF80000DB
:101410000C78A042D1D0001B30BD00BF30B540EAEF
:101420000104A30701D1032A0FD8844601F1FF3E2E
:1014300007E01EF8011F03F8011B541EC1B19C46B2
:1014400022466346002AF4D130BD0B468446194635
:1014500053F8045BA5F1013424EA050414F0803F3D
:10146000E4D1043A032A4CF8045B1946EFD8DDE7CF
:101470006244002CE8D003F8011B9342FBD130BD3D
:101480002DE9F04F012BADF21C4D1D4681460F4654
:10149000904640F245810123002419464FF0FF3069
:1014A0009C4606E0A3EB000C1C46012163189D42FC
:1014B00010D908EB000218F80360525C9642F1D391
:1014C00000F082804FF0010C2046614664446318AE
:1014D0009D42EED8CDF808C04FF0010C00246146C3
:1014E0004FF0FF36634606E0A3EB060C1C460121D5
:1014F00063189D420FD908EB010218F803E0925DD2
:101500009645F1D866D04FF0010C264661466444FA
:1015100063189D42EFD8013600F1010BB34502D8A4
:10152000CDF808C0B34605AB0DF2144243F8045F92
:101530009342FBD1002D00F0F8806C1E06AE08F13E
:10154000FF3208EB0400019612F8011FD3432B442D
:101550004344904246F82130F6D1029B5A4608EBAC
:1015600003014046FFF7EEF9002840F08280029B1D
:101570000BF1FF32EB1A824606460592039309EB04
:10158000060E019A1EF8043052F8233043B3BAF124
:10159000000F04D0029A9342039A38BF13461E44A8
:1015A0004FF0000A7B1BB342E9D209EB070045F478
:1015B000006106F093FD07447B1BB342DFD200209D
:1015C0000DF21C4DBDE8F08F8C4512BF0131644413
:1015D00001216BE761450ABF64180131012187E7EA
:1015E000D3455B4638BF5346A34211D2591E9A19C0
:1015F00041444A4402E00133A34209D212F8010BEC
:1016000011F801CF8445F6D0CBF101021644C6E7AC
:10161000D345059B40F282800BEB06024A4408EB5F
:101620000B01CDF810B002E0534516D0034612F876
:10163000010D11F801CD844503F1010B03F1FF30D9
:10164000F2D05B46DDF810B00AF1010A9A450BD8DA
:10165000029BDDF80CA01E44A4E753460AF1010AE0
:101660009A45DDF810B0F3D970460DF21C4DBDE877
:10167000F08FA5EB0B035B4538BF5B46013304934A
:101680000BF1FF330293CBF101030026039345F4E2
:10169000006A09EB0601019A0B5D52F823306BB129
:1016A0001E447B1B9E42F4D909EB0700514606F00D
:1016B00015FD07447B1B9E42EBD980E7A34514D25E
:1016C000029B0BEB060208EB030C4A445B4602E06C
:1016D0000133A34209D212F8010B1CF801EF864531
:1016E000F6D0039A16441E44DBE7BBF1000F10D07E
:1016F0000BEB0600484408EB0B0201E0434508D021
:1017000012F801ED10F801CDE6451346F6D0049B22
:10171000C6E708460DF21C4DBDE8F08F5B4693E727
:10172000012302934FF0000BFDE606AB4FF0FF34B0
:10173000019312E72DE9F0410D46097890B0044677
:10174000002951D06A78002A00F08180AB78002B04
:101750004ED0E878002800F081802B79002B55D0FE
:101760002846FFF7ADFD064640F40071204606F01E
:10177000B5FC86425AD8FE2E00F28580801B2718C1
:101780004022711C6846FFF725FA7EB16A1E5FFA97
:1017900086FC901912F8013F10A903F03F030B4497
:1017A000A91A6144824203F8401CF3D1013C10AAFB
:1017B000A35D03F03F03134413F8400C0444A74215
:1017C00003D238E04444A74235D314F806C010AB26
:1017D0000CF03F0C9C442046324629461CF8408CB5
:1017E000FFF7B0F80028EDD1204610B0BDE8F08139
:1017F000007842EA014200E00C4640EA0343611CE3
:10180000A0B19A426078F7D1013CEDE722786AB145
:10181000296809BA01E099421ED042EA0323204612
:1018200014F8012F002AF6D1994215D00024204641
:1018300010B0BDE8F081BB5DB819002BF6D04FF4B5
:10184000006106F04BFC0744BC42AFD9EEE710B094
:10185000BDE8F041FFF7ECBAC41EC5E7120442EA46
:10186000016242EA03232178024600E02C4641EA65
:101870000200651C02020029D8D0B3EB002F61786A
:10188000F4D1023CB0E7014633462A46204610B068
:10189000BDE8F041FFF7F4BD2DE9F04F8146454822
:1018A0008E4675461EF801CB10F80C4014F0080463
:1018B000F7D1BCF12D0FE34654D0BCF12B0F08BF7C
:1018C0009EF800B06FF0004808BF05F1020E1BB192
:1018D000102B4FD01F4604E0BBF1300F55D00A2328
:1018E0001F460025B8FBF7F6284607FB168A07E0D7
:1018F000864215D329D007FB00C001251EF801BB85
:10190000ABF1300CBCF1090F06D9ABF1410CBCF1C5
:10191000190F08D8ABF1370C63450DDD002DE7DA60
:101920004FF0FF35EAE7ABF1610CBCF1190F03D8BA
:10193000ABF1570C6345F1DC002D0BDB04B14042E9
:101940000AB195BB1160BDE8F08FE245D3DA4FF0E4
:10195000FF35D3E72223C9F800301AB30EF1FF3167
:101960004046EFE79EF800B04FF0004805F1020E48
:101970000124ACE7BBF1300FACD19EF8000000F0C1
:10198000DF00582807D01F46ABE79EF8003003F071
:10199000DF03582B0BD110279EF801B03B460EF108
:1019A000020E9EE74046BDE8F08F8046D6E708234A
:1019B0001F4696E731C10508012B03D0242B01D81F
:1019C000FFF76ABF10B504F05BFA1623036000202E
:1019D00010BD00BF012A09D0242A07D88446074831
:1019E000134600680A466146FFF756BF10B504F07B
:1019F00047FA16230360002010BD00BF2C01002011
:101A0000012A09D0242A07D88446074813460068CB
:101A10000A466146FFF740BF10B504F031FA1623BD
:101A20000360002010BD00BF2C010020000000005A
:101A30002DE9F04F2DED088BCDB00C460BEE101AB2
:101A4000924609930BEE900A04F0B4FF03681193D9
:101A50001846FFF735FCA38910901D0603D52369AE
:101A6000002B00F04F8755460023CDE92133CDE907
:101A70001333CDE915330E93129306932B7823AAD3
:101A80009FEDA18B9FEDA29B1BEE90BA2092174673
:101A9000002B00F0E981AA4604E01AF8013F002B70
:101AA00000F01E81252BF8D1BAEB050640F01C8111
:101AB0009AF80030002B00F0D78100234FF0FF325E
:101AC0009AF801808DF8633007930AF1010A0592B4
:101AD00003932B2420260AF1010AA8F120035A2B94
:101AE00000F24381DFE813F0BD0241014101B6027B
:101AF0004101410141016A00410141014B02E902FA
:101B000041015602CE024101C7025B005B005B004F
:101B10005B005B005B005B005B005B00410141011F
:101B200041014101410141014101CF0141011C023B
:101B30008700CF01CF01CF014101410141014101A6
:101B4000AF0241014101C8004101410141012602AA
:101B500041015D0241014101ED06410141014101A7
:101B600041014101410141014101CF0141011C02FB
:101B70008B00CF01CF01CF01A4028B008000410177
:101B8000990241018102CC006E02800041012602CF
:101B90007D00C60641014101CA0641017D00A8F150
:101BA000300300221AF8018B02EB820203EB42029F
:101BB000A8F13003092BF5D907928EE7584604F0B7
:101BC000F9FE436815931846FFF77AFB8046169096
:101BD000584604F0EFFE836813934346002B40F011
:101BE00027869AF8008076E7039B9AF8008043F0F6
:101BF000200303936FE7039B43F010030393039BBE
:101C00009C0640F17C81099B073323F007031A46A9
:101C10005B6852F8084B09921E46002BC0F20E85F5
:101C2000059B013300F0E787039B23F0800954EA0A
:101C3000060300F098840A2C76F1000380F04287B6
:101C400030348DF82F41CDF80C9001260DF22F1570
:101C5000059A9DF86310B2424FF00003B8BF3246B8
:101C6000089304920C930F930D93002900F08E803B
:101C7000049B0133049389E0039B43F01003039317
:101C8000039B13F0200600F02981099B073323F002
:101C900007035E6853F8084B0993039B23F480699C
:101CA000002300228DF86320059A1146013100F0CF
:101CB0000B8229F08001039154EA060140F0028270
:101CC000002A40F0D087002B40F0538419F0010621
:101CD00000F0E38430238DF82F310DF22F15B7E794
:101CE000BAEB050600F0C080229B33442293219B6F
:101CF0000133072BC7E9005621930DDC0837069BFB
:101D000033440693D4E600BF00000000000000004A
:101D1000FFFFFFFFFFFFEF7F1BEE101A20AA5846C0
:101D200006F0EEF988B923AFE9E71BEE101A20AAF6
:101D3000584606F0E5F9002800F08880089B23B19A
:101D400008991BEE900A04F071FB1BEE103A9B8978
:101D500013F0400F069B18BF4FF0FF330693069811
:101D60004DB0BDEC088BBDE8F08FB8F1000F7BD013
:101D700000218DF8CC808DF8631001230493089125
:101D80001E4605910C910F910D9133AD039B13F0FD
:101D900002030A9302D0049B02330493039B13F0C3
:101DA00084030B9305D1079B049A9C1A002C00F323
:101DB000CA82229A71B121990DF163000131013279
:101DC000386007294FF0010022922191786000F3DA
:101DD000F98208370A9B6BB1219B19A901330232A2
:101DE0003960072B4FF0020122922193796000F3B2
:101DF000F58208370B9B802B00F0F081059B9C1B24
:101E0000002C00F32882039BD80500F19781219BC9
:101E10003D6001333244072B7E602292219300F310
:101E200086820837039B590705D5079B04995C1ADE
:101E3000002C00F3DF82DDE9063104988142ACBF5B
:101E40005B181B180693002A7FF46FAF00232193C1
:101E5000089B1BB10899584604F0E8FA23AF554691
:101E60002B78002B7FF417AE229B002B3FF46DAF35
:101E70001BEE104A1BEE101A1BEE900A20AA06F069
:101E80003FF9A38964E7099B073323F00703B3EC09
:101E9000028BB0EEC87BB4EE497BF1EE10FA0993E9
:101EA00040F30584B5EEC08BF1EE10FA00F17F87A8
:101EB0009DF86310039B9E4D23F0800303939D4B7D
:101EC0000322B8F1470FC8BF1D46002308930492B0
:101ED000164605930C930F930D93C6E6039B13F0E0
:101EE000100340F0C184039A12F0400200F02687EC
:101EF000099A52F8044B09921E46A4B2CDE6039B00
:101F0000D80600F18984039B590640F13587099B67
:101F100053F8044B099344F3C036334624B27CE6AD
:101F2000099B002153F8042B8DF863108DF8CC2009
:101F3000099322E7099C54F8045B00268DF863603E
:101F4000002D00F0A086059A1346013300F00A85A3
:101F50003146284605F09CF80890002801F01680CC
:101F6000089A05963346561B26EAE6729DF86310DA
:101F70000994049208930C930F930D9375E6099BB3
:101F800053F8042B0792002A80F28283079A099360
:101F900052420792039B9AF8008043F00403039394
:101FA00099E5039B43F0100919F0200600F03683F1
:101FB000099B073323F007035E6853F8084B099326
:101FC00001236EE6099B039A53F8044B09933023CF
:101FD0004FF078088DF86430574B129342F00209A5
:101FE0008DF86580002602235BE6039B990600F1CD
:101FF0003084039BDA0600F13D86039B5B0600F10B
:102000000787039B9E0540F13586099B069953F887
:10201000042B09931170554622E79AF80080039B20
:10202000B8F16C0F00F0508443F01003039352E5B5
:102030009AF80080039BB8F1680F00F04E8443F0DB
:102040004003039347E5039B9AF8008043F008039D
:10205000039340E5039B9AF8008043F00103039348
:1020600039E59DF86330002B7FF4BBAD9AF8008012
:102070008DF863602FE5039B9AF8008043F080039E
:10208000039328E5524612F8018BB8F12A0F01F0AC
:102090004F81A8F13003092B924698BF002200F22D
:1020A00096871AF8018B02EB820203EB4202A8F139
:1020B0003003092BF5D905920FE59AF800808DF8C9
:1020C000634008E5DDF80C90012B3FF4B4AD022B22
:1020D0004CAD11D1129A04F00F032409D35C05F81A
:1020E000013D44EA0674360954EA0603F3D14CABC9
:1020F000CDF80C905E1BABE504F00703E40844EA5E
:102100004674F608303354EA06012A4605F8013DC4
:10211000F2D119F0010FEAD0302BE8D03023023A87
:1021200005F8013C4CABCDF80C909E1A15468FE596
:1021300038C205083CC2050848C20508B8F1650F59
:1021400040F3BB80B5EE408BF1EE10FA40F0928187
:10215000219BAD493960013301320121072B2292C5
:102160002193796000F34B8508371A9B0E998B42B7
:1021700080F28982109B11991A44C7E90013219BB0
:1021800022920133072B219300F3B08308370E9B73
:102190005C1E002C7FF746AE102C219B40F33C8543
:1021A0001BEE106A102504E00837103C102C40F399
:1021B0003385013395491032072BC7E90015CDE966
:1021C0002132F1DD20AA3146584605F099FF00285A
:1021D0007FF4B4ADDDE9213223AFE6E7079B049934
:1021E0005C1A002C7FF70AAE102C219B22DD0A9589
:1021F0004FF010091BEE105A04E0103C102C07F1B0
:10220000080716DD013381491032072BC7E9001991
:10221000CDE92132F1DD20AA2946584623AF05F049
:102220006FFF00287FF48AAD103C102CDDE92132CD
:10223000E8DC0A9D75497C6001332244072BCDE917
:102240002132396000F30285059B9C1B002C07F1AD
:1022500008077FF7D8AD102C219B22DD39464FF0BF
:1022600010091BEE107A04E0103C102C01F108015B
:1022700016DD013365481032072BC1E90009CDE9AD
:102280002132F1DD20AA3946584605F039FF0028F1
:102290007FF454AD103C102CDDE9213223A9E8DC99
:1022A0000F46013359497C602244072BCDE9213286
:1022B000396000F3A6810837A5E50E9B012B40F39A
:1022C0005E81219B3D60013301320121072B229267
:1022D0002193796000F3BD8108371099119801337B
:1022E0000A44072BC7E90001CDE9213200F3BE8182
:1022F0000837B5EE408BF1EE10FA00F05C810E99D4
:102300000133013901350A44072B3D60219379607F
:10231000229200F3438108371499796001330A440B
:10232000072B1CA9CDE9213239607FF77AAD1BEE6E
:10233000101A20AA584605F0E3FE00287FF4FEACF0
:10234000229A23AF6EE5102CDDE92112DFF8C09050
:102350002ADD084649461796A9461BEE106A102347
:102360000D4604E0103C102C07F1080717DD013082
:1023700010320728C7E90053CDE92102F2DD20AA77
:102380003146584623AF05F0BBFE00287FF4D6AC9B
:10239000103C102CDDE921024FF01003E7DC2B4646
:1023A000179E4D4601469946013122440729CDE941
:1023B0002112C7F800907C6000F302849DF863103E
:1023C0000837F7E41BEE101A20AA584605F098FECD
:1023D00000287FF4B3AC229A23AFFBE41BEE101A63
:1023E00020AA584605F08CFE00287FF4A7AC229A5C
:1023F00023AFFFE4102C219BDFF8149026DD1BEEA9
:10240000108A10254E460AE078C205088CC20508DD
:102410007CC20508103C102C07F1080715DD0133BC
:102420001032072BC7E90065CDE92132F2DD20AA81
:102430004146584623AF05F063FE00287FF47EAC8A
:10244000103C102CDDE92132E9DCB1460133224495
:10245000072BC7E90094CDE921327FF7ECAC1BEEE6
:10246000101A20AA584605F04BFE00287FF466ACEF
:10247000229AE0E41A99002940F37283DDE90D31D4
:102480008B42A8BF0B46002B1E460ADD1A44C7E943
:102490000053219B22920133072B219300F32E85B9
:1024A00008370D9B002EA8BF9B1B002B1C4600F37A
:1024B00037820D9B2B449846039B5B0500F1688295
:1024C0001A9C0E9B9C4203DB039BDE0740F1968423
:1024D000109B11991A44C7E90013219B22920133E2
:1024E000072B219300F3178508370E9B1D44A5EB9E
:1024F00008051C1BA542A8BF2546002D0BDD219B0E
:10250000C7F8008001332A44072B7D602292219373
:1025100000F3E8850837002DA8BF641B002C7FF767
:1025200081AC102C219B40F377831BEE106A1025A1
:1025300004E00837103C102C40F36E830133BA4995
:102540001032072BC7E90015CDE92132F1DD20AAB1
:102550003146584605F0D4FD00287FF4EFABDDE9A5
:10256000213223AFE6E7059B002B7FF469ABCDF862
:102570000C90002305931E464CADFFF769BB039BEF
:10258000D8073FF59EAE219B3D600133013201210A
:10259000072B2292219379607FF7BDAE1BEE101AB4
:1025A00020AA584605F0ACFD00287FF4C7ABDDE952
:1025B000213223AFB0E60E994C1E002C7FF7ACAE53
:1025C000102C40F3A2831BEE106A102504E008379C
:1025D000103C102C40F39983013393491032072BA0
:1025E000C7E90015CDE92132F1DD20AA3146584670
:1025F00005F086FD00287FF4A1ABDDE9213223AF91
:10260000E6E71BEE101A20AA584605F079FD0028CF
:102610007FF494AB229A23AFFFF7F5BB19F01003B8
:102620003ED119F0400200F09883099A52F8044B09
:1026300009921E46A4B20123FFF733BB2D23644247
:102640008DF86330DDF80C9066EB46060123FFF74A
:102650002BBB1BEE101A20AA584605F051FD00288E
:102660007FF46CABDDE9213223AF36E61BEE101AA6
:1026700020AA584605F044FD00287FF45FABDDE951
:10268000213223AF35E6039BD9077FF5CBAB71E54C
:102690009AF800800993FFF71EBA4CADFFF7D8BA3D
:1026A000099B53F8044B09930123FFF7FABAB4EEE0
:1026B000488BF1EE10FA80F1ED85B8F1610F00F072
:1026C0002785B8F1410F00F08684059B5A1C28F03D
:1026D000200400F0C883472C00F07485039B43F46A
:1026E000807618EE903A002BC0F22C85B0EE48AB05
:1026F0004FF00009CDF82090462C00F01A84452CAC
:1027000000F00B85B0EE4A0B1EAB01931BAB0093A0
:10271000059A1AAB0221584602F046FD472C0546A1
:1027200040F0238603980346DB0700F1EB841E9BF1
:1027300003965B1B0E93472C00F0A583462C00F0FC
:1027400031841A9B0D930D9B412C03F1FF331A9397
:1027500000F05C855FFA88F20021002BB8BF0D9B6A
:102760008DF87020BABFC3F101032D222B22092B53
:102770008DF8712040F33A850DF17F0C2B4E6246A7
:10278000144686FB0321DA17C2EBA10202EB820199
:10279000A3EB4101303104F8011C194663291346AB
:1027A00004F1FF32ECDC3033A11EDBB28C4502F8C1
:1027B000013C40F2CD850DF1720101E012F8013BC0
:1027C00001F8013B9445F9D10DF181030DF172023D
:1027D0001B1B13441CAA9B1A14930E9B149A012BC7
:1027E00002EB030640F37D85109B1E4420F48060BD
:1027F00040F48073039326EAE67200230C9304925C
:102800000F930D93B9F1000F40F062839DF86310B0
:10281000CDF81490FFF729BA099B53F8044B09939C
:10282000E6173346FFF7F9B98CC205086766666696
:10283000139B002B3FF4D5A9139B1B78002B3FF46F
:10284000D0A9039B9AF8008043F480630393FFF7B9
:1028500042B9099B069853F8041B0993C217C1E9B2
:1028600000025546FFF7FCBA099B53F8044B099345
:10287000FFF713BADDF80C90FFF796BBB54B129338
:10288000039B13F0200600F00781099B073323F018
:1028900007035E6853F8084B0993039BDD070AD5CD
:1028A00054EA060207D043F00203039330238DF865
:1028B00065808DF86430039B23F480690223FFF761
:1028C000F0B9A54B1293DBE743F020039AF801809F
:1028D00003930AF1010AFFF7FEB843F400739AF874
:1028E000018003930AF1010AFFF7F5B81BEE101AF5
:1028F00020AA584605F004FC00287FF41FAA229A5B
:1029000023AF44E41BEE900A402104F00FF920604D
:102910002061002800F02B8540236361FFF7A3B8F6
:10292000102C219B40F337821BEE108A102604E006
:102930000837103C102C40F32E82013387491032A7
:10294000072BC7E90016CDE92132F1DD20AA414667
:10295000584605F0D5FB00287FF4F0A9DDE92132C7
:1029600023AFE6E7284605960994FEF7A9FCB14691
:1029700020EAE0729DF8631004920646CDF820909C
:10298000CDF83090CDF83C90CDF83490FFF76DB98C
:102990000E9BCDF828A0DDF83CA00B9505EB0309B4
:1029A000139E0C9B45461BEE101ADDF858803846E6
:1029B000BAF1000F31D09BBB013E0AF1FF3A159BE3
:1029C000C0E90038219B01334244072B2292219316
:1029D0006CDC083096F800C0A9EB05036345A8BF7E
:1029E0006346002B1F460CDD219C01341A44072C42
:1029F000C0E900532292219400F31A8196F800C096
:102A00000830002FACBFACEB07046446002C0BDC95
:102A100065440C9BBAF1000FCDD1002B00F026824B
:102A20000C9B013B0C93CAE7102CDDF884C023DD1E
:102A30000595102763460D4604E0103C102C00F16C
:102A4000080016DD013345491032072BC0E9001795
:102A5000CDE92132F1DD20AA2946584605F050FB88
:102A600000287FF46BA9103C102CDDE9213223A84B
:102A7000E8DC2946059D9C460CF101032244446094
:102A8000072B364C0460CDE9213200F3288296F8FA
:102A900000C008306544BCE7039B13F0100300F04E
:102AA0009E80099B53F8044B0993F6E620AA5846EA
:102AB000059105F025FB00287FF440A9229A05998D
:102AC00023A887E709F4806300224CA9CDE9038A93
:102AD0000AEE10BA0897DDF84CB0884692461F46B9
:102AE0000CE00023204631460A2207F093FE0A2C10
:102AF00076F100031DD304460E46A84620460A225E
:102B00000023314607F086FE303208F1FF350AF126
:102B1000010A08F8012C002FE3D09BF800309A45F9
:102B2000DFD1BAF1FF0FDCD00A2C76F1000380F080
:102B300043814CABDDF80C80CDF84CB0CDF838A01B
:102B4000089FDDF810A0CDF80C901AEE10BA5E1BAD
:102B5000FFF77EB848C205085CC205088CC20508AC
:102B6000219BB7483860013301320120072B2292A4
:102B70002193786000F335810837002940F0938075
:102B8000039B0E9903F001030B433FF44BA9109BE9
:102B900011991A44C7E90013219B22920133072B94
:102BA000219300F33E8108370E993D6001330A44BA
:102BB000072BCDE9213279607FF733A9FFF7B7BB47
:102BC0001BEE101A20AA584605F09AFA00287FF446
:102BD000B5A89DF86310229A23AFFFF7EBB8039ACC
:102BE00012F0400200F09C80099A52F8044B0992BE
:102BF0001E46A4B251E6DDF80C90FFF71CB81BEEA0
:102C0000101A20AA584605F07BFA00287FF496A8EF
:102C1000229A23AFFFF7A9BA01338A497C60224484
:102C2000072B3960CDE921327FF7FBA8FFF77FBB87
:102C300020AA5846059105F063FA00287FF47EA883
:102C400096F800C0229A059923A8DAE61BEE101A1E
:102C500020AA584605F054FA00287FF46FA8229A5B
:102C600023AFFFF7CBB8012BDDF80C907FF42FAA30
:102C7000FEF7E6BF099B069953F8042B55461160F1
:102C80000993FFF7EDB8059E0895062E2B4628BF41
:102C900006260595294604966B4D09940C930F93CF
:102CA0000D93FEF7E2BF109B11981A44C7E9000389
:102CB000219B22920133072B219300F3B280083726
:102CC0000029BFF671AF4C42103180F25A821BEEE0
:102CD000108A102604E00837103C102C40F3518273
:102CE000013358491032072BC7E90016CDE92132CC
:102CF000F1DD20AA4146584605F002FA00287FF48B
:102D00001DA8DDE9213223AFE6E701334D497C60A0
:102D10002244072BCDE9213239607FF7FCAA3DE43C
:102D2000039B13F40076099B14BF53F8044B53F82C
:102D3000044B09931CBF1646E4B2AEE5039B13F4A3
:102D40000076099B14BF53F8044B53F8044B0993C6
:102D50001CBF1646E4B2FEF7A0BF099B19F400762B
:102D600014BF53F8044B53F8044B09931CBF164689
:102D7000E4B20123FEF795BF039B13F4007F099B88
:102D800053F8044B099316BF44F3C016E61764B218
:102D90003346FEF742BF01332A497C602244072BA9
:102DA000CDE92132396051DC0837FFF782BB2D2194
:102DB0008DF86310FFF77EB8169B1599ED1A1A4629
:102DC0002846FEF72BFB9BF801300BB10BF1010BF2
:102DD000204631460A2200234FF0000A07F01AFD70
:102DE00089E61BEE101A20AA584605F089F900283A
:102DF0007EF4A4AF1A99229A23AFBEE60E9B1D441F
:102E0000A5EB08051C1BA542A8BF2546FFF783BB01
:102E1000099B069953F8042B099311805546FFF737
:102E20001FB81BEE101A20AA584605F069F90028B1
:102E30007EF484AFDDE921321A9923AF40E700BF69
:102E400078C205088CC2050870C205081BEE101A6E
:102E500020AA584605F054F900287EF46FAF229A54
:102E600023AFFFF726BB0623059337E4A8460E9B46
:102E70000B9DDDF828A01396EB189845074628BF50
:102E80009846FFF71DBB1A9B0D93DA1C02DB059ACF
:102E9000934204DDA8F1020828F0200453E4DDE9A0
:102EA0000D318B42C0F21481C40740F19D81109A0C
:102EB0009E18400503D50D9B002B00F3BF8126EA29
:102EC000E67304934FF0670800230C930F9399E483
:102ED0002D2100238DF863100593FEF7C9BE20AAAB
:102EE0005846059105F00CF900287EF427AF96F8B6
:102EF00000C0229A059923A865448AE51BEE101AA2
:102F000020AA584605F0FCF800287EF417AF229A54
:102F100023AFFFF7C6BA1BEE101A20AA584605F0D9
:102F2000EFF800287EF40AAF1A9C229A23AFFFF72D
:102F3000DCBA1EAB01931BAB0093059AB0EE4A0BB3
:102F40001AAB0321584602F02FF90378302B0546BF
:102F500000F0BC811A9B059A03980396134405EB75
:102F6000030CB5EE40ABF1EE10FA02D16346FFF769
:102F7000E0BB1E9B6345BFF4DCAB30215A1C1E92A4
:102F800019701E9B9C45F9D8FFF7D3BB059B9DF894
:102F90006310099404931E4605900C900F900D90B9
:102FA000FEF763BE1A9A0D92002A40F39F8105999D
:102FB00000F001030B4340F067810D9E4FF066085F
:102FC000420500F13D8126EAE67304937CE7002385
:102FD0000593FEF782BD30238DF8643058238DF8B9
:102FE0006530039B43F00204059B632B00F3E080F4
:102FF0000023089333AD039B43F4817618EE903A97
:10300000002B5DDBB0EE48AB03944FF0000928F0D5
:103010002004B8F1610F00F0FF80B8F1410F7FF498
:103020006BABB0EE4A0B1AA804F0C2FFB4EE007B03
:1030300020EE070BB5EE400BF1EE10FA01D10123A3
:103040001A93B648059BB3EE005B013B2A4604E0A9
:10305000B5EE400BF1EE10FA13D020EE050BFDEEAD
:10306000C07BB3F1FF3F17EE901A415CB8EEE76BFF
:10307000944630EE460B02F8011B194603F1FF336C
:10308000E6D1B6EE006BB4EEC60BF1EE10FA5CDCE6
:10309000B4EE460BF1EE10FA03D117EE903ADB07CF
:1030A00053D4002906DB4B1C1344302102F8011BCA
:1030B0009342FBD1531B03980E930396FFF73BBB40
:1030C000039428F020044FF02D09B1EE48ABA0E79F
:1030D0000E9B109A9E180D9B002B40F3EE804FF034
:1030E00067086DE71BEE101A20AA584605F008F88D
:1030F00000287EF423AE1A9C0E9B229A1C1B23AF41
:10310000FFF709BA059B0398039605EB030C28E724
:1031100030238DF86430782361E7059BB0EE4A0BCD
:103120005A1C1EAB01931BAB009302211AAB5846ED
:10313000049202F039F8049A05460398039605EBC9
:10314000020C0EE700230893BDE7CDF878C012F813
:10315000011C90F80FC0614513460AD14FF0300EA4
:1031600003F801EC1E9B591E1E9113F8011C8C459F
:10317000F6D0392916BF0131817AC9B203F8011C92
:1031800098E7013366497C602244072BCDE9213260
:1031900039607FF708AD1BEE101A20AA584604F0DC
:1031A000AFFF00287EF4CAADDDE9213223AFFBE496
:1031B000591C584603F0BAFC0546002800F0CC80A4
:1031C000089018E7002B08BF01230593039B43F4E5
:1031D000807618EE903A002BB4DBB0EE48AB0023BB
:1031E00008939946FFF78EBA0D9E62E6002940F0DB
:1031F000928030228DF872200DF17302303302F884
:10320000013B1CABD31A1493FFF7E7BA08F10F0286
:10321000D2B20121FFF7A1BA1AA8B0EE4A0B04F00E
:10322000C7FEB4EE007B20EE070BB5EE400BF1EECF
:1032300010FA01D101231A933A4803E74FF06708C7
:1032400013990B78FF2B7FD000240D9A204603E0C2
:1032500001300131FF2B08D0934206DAD21A4B78A5
:10326000002BF5D10B780134F4E713910D920F90F8
:103270000C940C9A0F9B1344169A02FB036626EAE1
:10328000E6730493FFF7BEBA109BD6180E444FF0B6
:10329000660895E618EE903A002B039BA8BF9DF8B0
:1032A0006310214D23F08003B8BF2D210393B8BFD5
:1032B0008DF863101D4BFEF703BEC3F101031E44DE
:1032C00026EAE67304934FF06708FDE5B5EE40ABE0
:1032D000F1EE10FA3FF43EAE059BC3F101031A93E1
:1032E00039E6C3077FF582AAFFF77EBA059B00F097
:1032F000010050EA030205D1012304934FF0660850
:103300001E46E1E5109A561C1E4426EAE673049315
:103310004FF06608D8E50DF172026FE75CC2050850
:103320008CC2050848C2050840C2050844C2050809
:10333000099B9AF80180924653F8042B099342EABC
:10334000E2720592FEF7C7BB00230C930F9390E740
:1033500002231493FFF741BA1BEE101A8B8943F036
:10336000400213468A81FEF7F3BC059AE5E61BEEA0
:10337000902A0C2313604FF0FF330693FEF7EFBC47
:103380002DE9F04F2DED088BCDB01C460F4692462F
:103390000BEE100A054603F00DFB03681193184667
:1033A0000994FDF78DFF10901DB1AB6B002B00F061
:1033B000F1817B6EB7F90C20DB0791B202D4960540
:1033C00040F172868D0407D47B6E42F4005223F4E0
:1033D0000053BA8191B27B66080740F1CA803B690D
:1033E000002B00F0C68001F01A030A2B00F0CF80FA
:1033F00055460023CDE92133CDE91333CDE915330B
:103400000E93129307932B7823AA9FED7D8B9FED4C
:103410007E9B20929046BA46002B00F08381AB46FB
:1034200004E01BF8013F002B00F0C880252BF8D1E9
:10343000BBEB050640F0C6809BF80030002B00F087
:10344000718100234FF0FF329BF801708DF86330DB
:1034500006930BF1010B059203932B2420260BF10D
:10346000010BA7F120035A2B00F2D280DFE813F002
:10347000BF02D000D000B802D000D000D0006A0057
:10348000D000D0002A023C02D00035024802D00011
:1034900041025B005B005B005B005B005B005B006C
:1034A0005B005B00D000D000D000D000D000D00086
:1034B000D0006201D000C8019D0162016201620179
:1034C000D000D000D000D000B102D000D000F70171
:1034D000D000D000D000D201D000A002D000D00097
:1034E0006507D000D000D000D000D000D000D000C0
:1034F000D0006201D000C801A10162016201620135
:103500009602A1019601D0008C02D0006202FB015C
:103510007A029601D000D2017E003F07D000D00091
:103520004307D0007E00A7F1300300221BF8017B87
:1035300002EB820203EB4202A7F13003092BF5D91B
:1035400006928EE71BEE100A03F034FA43681593D7
:103550001846FDF7B5FE169007461BEE100A03F05D
:1035600029FA83681393002F40F0D6859BF80070EA
:1035700075E71BEE100A394601F0A0FC002841F067
:10358000E082B98901F01A030A2B7FF431AFB7F951
:103590000E30002BFFF62CAF7B6EDE0702D48D05BC
:1035A00041F135811BEE100A2346524639464DB093
:1035B000BDEC088BBDE8F04F01F040BCBBEB05064D
:1035C00000F0B080229B33442293219B0133072BD0
:1035D000C8E90056219305DC08F10808079B33442D
:1035E000079329E71BEE100A20AA514605F00EFCAE
:1035F000002841F0B6830DF18C08EFE7AFF30080AF
:103600000000000000000000FFFFFFFFFFFFEF7F52
:10361000002F00F0878000218DF8CC708DF86310AA
:103620000123049308911E4605910C910F910D9171
:1036300033AD039B13F002030A9302D0049B0233C1
:103640000493039B13F084030B9305D1069B049A08
:103650009C1A002C00F36A83229A89B121990DF1FA
:10366000630001310132C8F8000007294FF0010062
:1036700022922191C8F8040000F3B78308F10808EA
:103680000A9B83B1219B19A901330232C8F80010AB
:10369000072B4FF0020122922193C8F8041000F387
:1036A000978308F108080B9B802B00F04982059B4B
:1036B0009C1B002C00F38C82039BDC0500F1EB814A
:1036C000219BC8F8005001333244072BC8F804602E
:1036D0002292219300F31E8308F10808039B5C07E4
:1036E00005D5069B04995C1A002C00F38B83DDE959
:1036F000061304988142ACBF5B181B180793002A7D
:1037000040F0A48200232193089B23B108991BEE6B
:10371000100A02F08BFE0DF18C085D462B78002B11
:103720007FF47DAE229B5746002B40F0D0870023CC
:1037300021939BE2099B073323F00703B3EC028B31
:10374000B0EEC87BB4EE497BF1EE10FA099340F37A
:103750001B85B5EEC08BF1EE10FA00F19E879DF847
:103760006310039BA74D23F080030393A64B032212
:10377000472FC8BF1D4600230893049216460593A1
:103780000C930F930D9300293FF453AF049B013327
:1037900004934EE7284602F0BDFC0AE6039B9BF823
:1037A000007043F02003039359E6039B43F010039A
:1037B0000393039B9C0640F15684099B073323F037
:1037C00007031A465B6852F8084B09921E46002B05
:1037D000C0F25A84059B013300F0EA82039B23F078
:1037E000800954EA060340F0E582059B002B40F077
:1037F000E682CDF80C90002305931E464CAD20E1E7
:10380000099B002153F8042B8DF863108DF8CC2010
:10381000099305E7099C54F8045B00268DF8636062
:10382000002D00F0BB85059A1346013300F07C861D
:103830003146284603F02CFC0890002801F03B811B
:10384000089A05963346561B26EAE6729DF86310E1
:103850000994049208930C930F930D9393E7039BA1
:1038600043F010030393039B13F0200600F0DA8368
:10387000099B073323F007035E6853F8084B09934D
:10388000039B23F48069002300228DF86320059AAE
:103890001146013100F0BE8029F08001039154EA05
:1038A000060140F0B580002A40F02F86002BA2D1FF
:1038B00019F0010600F02E8430238DF82F310DF21F
:1038C0002F15BEE0099B53F8042B0692002A80F2C4
:1038D000F383069A099352420692039B9BF8007069
:1038E00043F004030393BAE59BF800708DF863403E
:1038F000B5E5039B9BF8007043F080030393AEE5AE
:103900005A4612F8017B2A2F01F06482A7F1300396
:10391000092B934698BF002201F2ED801BF8017B32
:1039200002EB820203EB4202A7F13003092BF5D927
:10393000059296E5039B9A0600F1FF83039BDB0645
:1039400000F1E985039B5F0600F1D486039B9E0589
:1039500040F1E185099B079953F8042B09931170F5
:103960005D46DBE6099B039A53F8044B0993302329
:1039700078278DF86430254B129342F002098DF8B8
:103980006570002602237FE79BF80070039B6C2F75
:1039900000F0FB8443F01003039360E59BF8007094
:1039A000039B682F00F0E88443F04003039356E53F
:1039B000039B43F0100919F0200600F04483099B93
:1039C000073323F007035E6853F8084B099301237C
:1039D0005AE7039B9BF8007043F0080303933EE50E
:1039E000039B9BF8007043F00103039337E59DF8B8
:1039F0006330002B7FF4BAAD9BF800708DF86360E4
:103A00002DE500BF38C205083CC2050848C20508BC
:103A1000DDF80C90012B00F0CD81022B4CAD1ED1B6
:103A2000129A04F00F032409D35C05F8013D44EA1F
:103A30000674360954EA0603F3D14CABCDF80C906A
:103A40005E1B059A9DF86310B2424FF00003B8BFA9
:103A50003246089304920C930F930D9393E604F06F
:103A60000703E40844EA4674F608303354EA0601D2
:103A70002A4605F8013DF2D119F0010FDDD0302BB7
:103A8000DBD03023023A05F8013C4CABCDF80C906A
:103A90009E1A1546D5E7652F40F3F980B5EE408BA9
:103AA000F1EE10FA40F0EB81219BBE49C8F80010FE
:103AB000013301320121072B22922193C8F804100F
:103AC00000F3088508F108081A9B0E998B4280F2D2
:103AD000E682109B11991A44C8E90013219B229297
:103AE0000133072B219300F3398408F108080E9B5A
:103AF0005C1E002C7FF7F2AD102C219B40F3F88464
:103B00001BEE106A102505E008F10808103C102C87
:103B100040F3EE840133A4491032072BC8E90015A5
:103B2000CDE92132F0DD20AA5146304605F06EF98C
:103B3000002840F09480DDE921320DF18C08E5E7A2
:103B4000069B04995C1A002C7FF7B1AD102C219BC9
:103B50002BDD0A954FF010095546A2461BEE104A80
:103B600006E0AAF1100ABAF1100F08F1080819DDF1
:103B700001338D491032072BC8E90019CDE92132F4
:103B8000EFDD20AA294620460DF18C0805F03EF90C
:103B9000002840F07281AAF1100ABAF1100FDDE995
:103BA0002132E5DC5446AA460A9D7F49C8F8044004
:103BB00001332244072BCDE92132C8F8001000F36D
:103BC000BF83059B9C1B002C08F108087FF774AD90
:103BD000102C219B2BDD05954FF010095546A24670
:103BE0001BEE104A06E0AAF1100ABAF1100F08F114
:103BF000080819DD01336C491032072BC8E9001998
:103C0000CDE92132EFDD20AA2946204605F0FEF855
:103C1000002840F03281AAF1100ABAF1100FDDE954
:103C200021320DF18C08E5DC5446AA46059D5E491B
:103C3000C8F8044001332244072BCDE92132C8F8EB
:103C4000001000F3E18108F1080835E51BEE100AC9
:103C500020AA514605F0DAF800283FF453AD574644
:103C6000089919B11BEE100A02F0E0FB7B6E13F00D
:103C7000010FBB8902D1980540F10A84590600F171
:103C8000698707984DB0BDEC088BBDE8F08F0E9B9F
:103C9000012B40F37281219BC8F80050013301329F
:103CA0000121072B22922193C8F8041000F38F837F
:103CB00008F108081099119801330A44072BC8E944
:103CC0000001CDE9213200F3908308F10808B5EE38
:103CD000408BF1EE10FA00F06F810E99013301393B
:103CE00001350A44072BC8F800502193C8F8041086
:103CF000229200F3538108F108081499C8F80410BF
:103D000001330A44072B1CA9CDE92132C8F8001061
:103D10007FF7E2AC1BEE100A20AA514605F076F8B8
:103D200000289CD1229A0DF18C08D7E4102CDDE9F3
:103D30002112DFF8789025DD179510234D461BEEF4
:103D4000109A04E0103C102C08F1080818DD01312D
:103D500010320729C8E90053CDE92112F2DD20AA6B
:103D6000514648460DF18C0805F050F800287FF4C4
:103D700076AF103C102CDDE921124FF01003E6DC89
:103D8000A946179DC8F80090013122440729CDE9C2
:103D90002112C8F8044000F381839DF8631008F1F4
:103DA00008085AE478C20508ACC205089CC2050898
:103DB000DDF80C900A2C76F1000380F02483303477
:103DC0008DF82F41CDF80C9001260DF22F1538E615
:103DD0001BEE100A20AA514605F018F800287FF4BF
:103DE0003EAF229A0DF18C085DE41BEE100A20AA6A
:103DF000514605F00BF800287FF431AF229A0DF1FF
:103E00008C083DE4102C219BDFF8789321DD1BEE1C
:103E1000107A10254E4604E0103C102C08F10808DA
:103E200016DD01331032072BC8E90065CDE92132D8
:103E3000F2DD20AA514638460DF18C0804F0E6FF69
:103E400000287FF40CAF103C102CDDE92132E8DCB7
:103E5000B14601332244072BC8E90094CDE9213251
:103E60007FF745AC1BEE100A20AA514604F0CEFFA6
:103E700000287FF4F4AE229A39E42F46F0E61A992E
:103E8000002940F31E81DDE90D318B42A8BF0B46AE
:103E9000002B1E460BDD1A44C8E90053219B2292D9
:103EA0000133072B219300F3BB8508F108080D9B14
:103EB000002EA8BF9B1B002B1C4600F34B830D9BC1
:103EC0002B441F46039B590500F1E2841A9C0E9B6C
:103ED0009C4203DB039BDB0740F10484109B119998
:103EE0001A44C8E90013219B22920133072B219326
:103EF00000F3D28508F108080E9B1D44ED1B1C1B26
:103F0000A542A8BF2546002D0DDD219BC8F80070F5
:103F100001332A44072BC8F804502292219300F35E
:103F2000F68508F10808002DA8BF641B002C7FF758
:103F3000D5AB102C219B40F3DB821BEE106A1025C1
:103F400005E008F10808103C102C40F3D182013341
:103F50008A491032072BC8E90015CDE92132F0DD7E
:103F600020AA5146304604F051FF00287FF477AE76
:103F7000DDE921320DF18C08E5E7039BDE073FF513
:103F80008AAE219BC8F80050013301320121072B72
:103F900022922193C8F804107FF7ADAE1BEE100AF1
:103FA00020AA514604F032FF00287FF458AEDDE924
:103FB00021320DF18C08A0E60E994C1E002C7FF7E3
:103FC0009CAE102C40F312831BEE106A102505E006
:103FD00008F10808103C102C40F3088301336749AE
:103FE0001032072BC8E90015CDE92132F0DD20AAF7
:103FF0005146304604F00AFF00287FF430AEDDE978
:1040000021320DF18C08E5E71BEE100A20AA51467B
:1040100004F0FCFE00287FF422AE229A0DF18C08F9
:10402000FFF74ABB039B13F0100340F0A080039AF4
:1040300012F0400200F00583099A52F8044B0992ED
:104040001E46A4B21CE419F0100340F0898019F058
:10405000400200F0E782099A52F8044B09921E468A
:10406000A4B2012310E4039BD80671D4039B590624
:1040700040F1C982099B53F8044B099344F3C036BD
:10408000334624B2FFF7A3BB2D2364428DF863307F
:10409000DDF80C9066EB46060123FFF7F8BB039BA7
:1040A000D8077FF51BAB14E5B86D02F095FCB7F9A6
:1040B0000C2091B2FFF786B99BF800700993FFF7C7
:1040C000CEB9219B2E48C8F80000013301320120EF
:1040D000072B22922193C8F8040000F3838408F18F
:1040E0000808002940F06382039B0E9903F0010346
:1040F0000B433FF4F3AA109B11991A44C8E900132B
:10410000219B22920133072B219300F3718308F145
:1041100008085DE24CAD94E4139B002B3FF426AA03
:10412000139B1B78002B3FF421AA039B9BF8007084
:1041300043F480630393FFF792B9099B079853F800
:10414000041B0993C217C1E900025D46FFF7E6BAF6
:10415000099B53F8044B0993E6173346FFF737BB27
:10416000099B53F8044B09930123FFF78DBB099B6F
:1041700053F8044B0993FFF783BB00BFACC205089B
:1041800078C205089CC20508B4EE488BF1EE10FA1F
:1041900080F1D485612F00F02485412F00F0B38297
:1041A000059B5A1C27F0200400F07585472C00F071
:1041B0005F85039B43F4807618EE903A002BC0F2A3
:1041C0005485B0EE48AB4FF00009CDF82090462C56
:1041D00000F03484452C00F00985B0EE4A0B1EAB8C
:1041E00001931BAB0093059A1BEE100A1AAB022138
:1041F00000F0DAFF472C054640F0FC8503980346A3
:10420000DB0700F1AC841E9B03965B1B0E93472CCF
:1042100000F01083462C00F05A841A9B0D930D9BDE
:10422000412C03F1FF331A9300F03B85FAB20021D1
:10423000002BB8BF0D9B8DF87020BABFC3F10103EE
:104240002D222B22092B8DF8712040F330850DF1A2
:104250007F0CC44E6246144686FB0321DA17C2EB7C
:10426000A10202EB8201A3EB4101303104F8011CF1
:1042700019466329134604F1FF32ECDC3033A11EEA
:10428000DBB28C4502F8013C40F2B6850DF17201BB
:1042900001E012F8013B01F8013B9445F9D10DF121
:1042A00081030DF172021B1B13441CAA9B1A149369
:1042B0000E9B149A012B03EB020640F36285109BC0
:1042C0001E4420F4806040F48073039326EAE67273
:1042D00000230C9304920F930D93B9F1000F40F05B
:1042E000B4829DF86310CDF81490FFF74CBADDF856
:1042F0000C90FFF760BB9C4B1293039B13F02006BE
:104300005CD0099B073323F007035E6853F8084B22
:104310000993039BDD070AD554EA060207D043F050
:104320000203039330238DF865708DF86430039B8E
:1043300023F480690223FFF7A7BA8C4B1293DCE7C2
:104340001BEE100A20AA514604F060FD00287FF4FD
:1043500086AC229A0DF18C08FFF7A9B91BEE100A62
:1043600020AA514604F052FD00287FF478AC229A2E
:104370000DF18C08FFF7BBBB43F400739BF8017091
:1043800003930BF1010BFFF76AB843F020039BF88E
:10439000017003930BF1010BFFF761B8059E0895BF
:1043A000062E2B4628BF0626059529460496704DF5
:1043B00009940C930F930D93FFF7E5B9039B13F04A
:1043C00010037BD0099B53F8044B0993A1E71BEE24
:1043D000100A20AA514604F019FD00287FF43FACD2
:1043E000DDE921320DF18C0864E41BEE100A20AAED
:1043F000514604F00BFD00287FF431ACDDE9213299
:104400000DF18C0863E409F4806300224CA9CDE926
:10441000037B0AEE10AACDF82080DDF84CA00F46F1
:10442000934698460CE00023204631460A2206F0C7
:10443000F1F90A2C76F100031DD304460E462F46EF
:1044400020460A220023314606F0E4F930327D1E70
:104450000BF1010B07F8012CB8F1000FE3D09AF82B
:1044600000309B45DFD1BBF1FF0FDCD00A2C76F189
:10447000000380F01781CDF84CA0CDF838B0039F31
:10448000DDF82080DDF810B01AEE10AAFFF7D5BADB
:10449000B86D02F0A9FABB89FFF7F0BB1BEE100A5A
:1044A00020AA514604F0B2FC00287FF4D8AB9DF856
:1044B0006310229A0DF18C08FFF7CFB8039A12F01F
:1044C000400200F0CD80099A52F8044B09921E4632
:1044D000A4B21EE71BEE100A20AA514604F096FC77
:1044E00000287FF4BCAB229A0DF18C08FFF7ECBAE0
:1044F00001332049C8F804402244072BC8F80010B3
:10450000CDE921327FF7E8A804E4012BDDF80C9017
:104510007FF483AA53E4099B079953F8042B5D4663
:1045200011600993FFF7FAB8284605960994FCF73D
:10453000C7FEB14620EAE0729DF863100492064679
:10454000CDF82090CDF83090CDF83C90CDF8349057
:10455000FFF719B9102C219B40F390801BEE107AC5
:1045600010260EE06766666648C205085CC205084C
:1045700070C20508ACC2050808F10808103C102CF0
:104580007CDD0133B4491032072BC8E90016CDE9B0
:104590002132F1DD20AA5146384604F037FC0028CC
:1045A0007FF45DABDDE921320DF18C08E6E7109B6D
:1045B00011981A44C8E90003219B22920133072B6A
:1045C000219300F3158108F108080029C0F2CD827B
:1045D0000E99C8F8005001330A44072BCDE9213267
:1045E000C8F804107FF778A8FFF794BB01339A4905
:1045F000C8F804402244072BCDE92132C8F8001046
:104600007FF779ABCAE4039B13F4007F099B53F84F
:10461000044B099316BF44F3C016E61764B2334641
:10462000FFF7D5B8099B19F4007614BF53F8044B73
:1046300053F8044B09931CBF1646E4B20123FFF75D
:1046400023B9039B13F40076099B14BF53F8044B62
:1046500053F8044B09931CBF1646E4B2FFF710B998
:10466000039B13F40076099B14BF53F8044B53F8D3
:10467000044B09931CBF1646E4B24AE6013376495F
:10468000C8F804402244072BCDE92132C8F80010B5
:1046900000F3C28008F1080811E42D218DF86310A1
:1046A000FFF75FB8169B1599ED1A1A462846FCF7D6
:1046B000B5FE9AF801300BB10AF1010A20463146E5
:1046C0000A2200234FF0000B06F0A4F8B5E61BEE1B
:1046D000100A20AA514604F099FB00283FF427A8AD
:1046E000FFF7C4BA0E9B1D44ED1B1C1BA542A8BFBF
:1046F000254618E4099B079953F8042B0993118068
:104700005D46FFF70BB830238DF8643058238DF8E1
:104710006530039B43F00204059B632B00F37E820C
:104720000023089333AD039B43F4817618EE903A4F
:10473000002BC0F2E481B0EE48AB03944FF00009C7
:1047400027F02004612F00F0E782412F7FF43FAD76
:10475000B0EE4A0B1AA803F02BFCB4EE007B20EE5F
:10476000070BB5EE400BF1EE10FA01D101231A93BD
:104770003A48059BB3EE005B013B2A4604E0B5EEE8
:10478000400BF1EE10FA13D020EE050BFDEEC07BCE
:10479000B3F1FF3F17EE901A415CB8EEE76B944619
:1047A00030EE460B02F8011B194603F1FF33E6D148
:1047B000B6EE006BB4EEC60BF1EE10FA00F33982E0
:1047C000B4EE460BF1EE10FA04D117EE903ADB0787
:1047D00000F12F82002906DB4B1C1344302102F824
:1047E000011B9342FBD1531B03980E9303960EE5D6
:1047F0001BEE100A20AA514604F008FB00287FF4A3
:104800002EAADDE921321A990DF18C08DDE6B86D8A
:1048100002F0EAF8FEF7C6BE1BEE100A20AA5146C7
:1048200004F0F4FA00287FF41AAA229A0DF18C08F9
:10483000FFF745BB1A9B0D93DA1C02DB059A9342E6
:104840000EDD023F27F02004E9E42D2100238DF83E
:1048500063100593FEF79ABFACC205085CC2050859
:10486000DDE90D318B42C0F26381C40740F117824C
:10487000109A9E18410503D50D9B002B00F326824C
:1048800026EAE6730493672700230C930F9324E52D
:104890000E9BCDF828B005EB03095146CA46DDF85A
:1048A0003C900B954046DDF858B0139D0C9B1BEED9
:1048B000108AB9F1000F31D0002B75D1013D09F1FB
:1048C000FF39159BC0E9003B219B01335A44072B5C
:1048D000229221936CDC083095F800C0AAEB070304
:1048E0006345A8BF6346002B1E460BDD219C0134A7
:1048F0001A44072CC0E900732292219464DC95F8D5
:1049000000C00830002EACBFACEB06046446002C9F
:1049100013DC67440C9BB9F1000FCDD1002B43D1C0
:104920000E9B13950B9DDDF828B0EB189F42804637
:104930008A4628BF1F46FFF7C9BA102CDDF884C08D
:1049400023DD0595102663460D4604E0103C102C2F
:1049500000F1080016DD0133AF491032072BC0E922
:104960000016CDE92132F1DD20AA2946404604F0A7
:104970004DFA00287FF481AA103C102CDDE9213289
:1049800023A8E8DC2946059D9C460CF1010322443E
:104990004460072BA04C0460CDE9213231DC95F84E
:1049A00000C008306744B5E70C9B013B0C9388E7D7
:1049B00020AA4046059104F029FA0599002840F004
:1049C000F081229A23A887E720AA4046059104F0A7
:1049D0001DFA0599002840F0E48195F800C0229A5C
:1049E00023A88FE71BEE100A20AA514604F00EFA06
:1049F00000287FF434A91A99229A0DF18C08FFF748
:104A000070BB20AA4046059104F000FA05990028E1
:104A100040F0C78195F800C0229A23A8674479E73F
:104A20001BEE100A20AA514604F0F0F900287FF48A
:104A300016A9229A0DF18C08FFF739BA1EAB019323
:104A40001BAB0093059AB0EE4A0B1AAB1BEE100A93
:104A5000032100F0A9FB0378302B054600F0968176
:104A60001A9B059A03980396134405EB030CB5EEC5
:104A700040ABF1EE10FA02D16346FFF7C6BB1E9BB6
:104A80006345BFF4C2AB30215A1C1E9219701E9BA5
:104A90009C45F9D8FFF7B9BB1BEE100A20AA514676
:104AA00004F0B4F900287FF4DAA81A9C229A0DF1D8
:104AB0008C08FFF721BA059B9DF8631009940493B5
:104AC0001E4605900C900F900D90FEF75CBE1A9A52
:104AD0000D92002A40F36B81059900F001030B430E
:104AE00040F042810D9E6627420500F1F08026EAE3
:104AF000E6730493C8E600230593FEF7B2BC039463
:104B000027F020044FF02D09B1EE48AB1AE61BEE5A
:104B1000100A20AA514604F079F900287FF49FA8D2
:104B20001A9C0E9B229A1C1B0DF18C08FFF7FBB9F7
:104B30000E9B109A9E180D9B002B40F31A8167273D
:104B4000D2E77B6EDA0705D4BB899B0502D4B86D2A
:104B500001F04AFF4FF0FF330793FFF792B8059B30
:104B60000398039605EB030C81E74C4210311EDAE3
:104B70001BEE107A102604E008F10808103C102CF7
:104B800015DD013324491032072BC8E90016CDE9A1
:104B90002132F1DD20AA5146384604F037F90028C9
:104BA0007FF45DA8DDE921320DF18C08E6E70133E1
:104BB0001949C8F804402244072BCDE92132C8F82E
:104BC00000107FF7A4AA1BEE100A20AA514604F099
:104BD0001DF900287FF443A8DDE921320DF18C088E
:104BE000F6E430238DF86430782390E5059BB0EE31
:104BF0004A0B5A1C1EAB01931BAB00931BEE100A11
:104C00001AAB0221049200F0CFFA049A05460398E9
:104C1000039605EB020C2AE7ACC205081BEE100A4E
:104C2000591C01F083FF0546002800F0E980089038
:104C300079E5CDF878C012F8011C90F80FC06145F5
:104C400013460AD14FF0300E03F801EC1E9B591E9B
:104C50001E9113F8011C8C45F6D0392916BF01317D
:104C6000817AC9B203F8011CBDE50023089349E726
:104C7000002B08BF01230593039B43F4807618EEB5
:104C8000903A002BF1DBB0EE48AB4FF00009CDF8C5
:104C90002090FFF7A2BA06230593FFF78ABA0D9E6C
:104CA000E8E507F10F02D2B20121FFF7C1BA0029EE
:104CB0007AD130228DF872200DF17302303302F870
:104CC000013B1CABD31A1493FFF7F2BA6727139971
:104CD0000B78FF2B00F08A8000240D9A204603E019
:104CE00001300131FF2B08D0934206DAD21A4B78FB
:104CF000002BF5D10B780134F4E713910D920F904E
:104D00000C940C9A0F9B1344169A02FB036626EA36
:104D1000E6730493FFF7E1BA1AA8B0EE4A0B03F06A
:104D200047F9B4EE007B20EE070BB5EE400BF1EE39
:104D300010FA01D101231A9336481AE518EE903A79
:104D4000002B039BA8BF9DF86310334D23F0800315
:104D5000B8BF2D210393B8BF8DF863102F4BFEF71A
:104D600006BD5746FEF782BF109BD6180E44662735
:104D7000BAE6C3F101031E4426EAE67304936727EB
:104D800082E5C3077FF59DAAFFF799BAB5EE40AB60
:104D9000F1EE10FA3FF464AE059BC3F101031A93E0
:104DA0005FE60F46FEF75CBF0DF1720286E7059BDA
:104DB00000F0010050EA030204D1012304936627A6
:104DC0001E4661E5109A561C1E4426EAE6730493BB
:104DD000662759E5099B9BF80170934653F8042B0D
:104DE000099342EAE2720592FEF739BB00230C9365
:104DF0000F9386E7059A0AE702231493FFF758BA40
:104E0000BAF80C3043F040035746AAF80C30FEF7CE
:104E10002DBF00BF48C2050840C2050844C20508AE
:104E200010B4054C8446134620685DF8044B0A46CE
:104E30006146FEF7A5BA00BF2C01002070B50C46F4
:104E40008989ADF58E6D21F00201ADF81410616E07
:104E50001B91E189ADF81610E1690991616A0B9126
:104E60001CA9029106914FF48061064604910791B6
:104E700018A80021CDE90032089101F0A5FDDDE977
:104E8000003202A93046FEF77BFA051E07DB02A9B5
:104E9000304601F093F8002818BF4FF0FF35BDF8F9
:104EA00014305B0603D5A38943F04003A38118980F
:104EB00001F08EFD28460DF58E6D70BD38B5334B73
:104EC0001B6805460C460BB19A6B12B3B4F90C3053
:104ED00018079AB225D5216900292DD012F00100BA
:104EE00007D00020A06060694042A06139B1002075
:104EF00038BD950758BF6069A0600029F7D1120638
:104F000058BF0846F4D543F04003A3814FF0FF306B
:104F100038BD184601F0FEF8B4F90C3018079AB203
:104F2000D9D4D1062AD5520714D4216943F00803F5
:104F3000A3819AB20029D1D102F42070B0F5007F8C
:104F4000CCD02146284601F051FDB4F90C3021693E
:104F50009AB2C3E7216B51B104F14002914204D0EF
:104F6000284601F063FAB4F90C300022226321696B
:104F70000022C4E9001223F02403D7E7092243F0FA
:104F800040032A604FF0FF30A38138BD2C01002080
:104F9000024B13B1024800F06BB8704700000000EC
:104FA000616305082DE9F84F2F4B2DED028B8346E9
:104FB00018680F4601F010FD2C4BD3F80080D8F88C
:104FC0004861AEB108EE10BA4FF001094FF0000A87
:104FD0007468651E0CD4013406EB840487B1D4F8E0
:104FE0000031BB420CD0013D6B1CA4F10404F5D18F
:104FF000BDEC028B1C4B1868BDE8F84F01F0F4BC07
:1050000073682268013BAB420CBF7560C4F800A016
:10501000002AE8D0D6F88801D6F804B009FA05F1DC
:1050200001420BD1904772685A4513D1D8F84831E4
:10503000B342D8D01E46002ECAD1D9E7D6F88C018B
:1050400001420CD1D4F8801018EE100A9047726813
:105050005A45EBD0D8F84861002EB9D1C8E7D4F84A
:1050600080009047DFE700BF5805002034C20508E4
:10507000002301461A46184604F032BE2DE9F04FCF
:1050800003690C69A34283B0C0F28780013C01F13F
:105090001405A30000F11408009355F8243058F8C3
:1050A0002420013381469A4208EB840005EB8407F3
:1050B0000190B2FBF3F63BD30023AE4640469B463D
:1050C0005EF804AB02681FFA8AFC06FB0C334FEA59
:1050D000134C4FEA1A4A06FB0ACA1FFA83FCABEBD1
:1050E0000C0C1FFA8AF31CFA82FCC3EB124202EB8F
:1050F0002C421FFA8CFC4CEA0243774540F8043BF3
:105100004FEA224B4FEA1A43DAD2009B58F8033099
:1051100073B9019B043B984504D307E0984504F11B
:10512000FF3403D253F80429002AF7D0C9F81040FD
:10513000484602F0E9FA00282BDB013640460023FE
:1051400055F8041BD0F800C08AB29A1A0B0C12FA58
:105150008CF2C3EB1C4303EB224392B242EA0342BC
:10516000AF4240F8042B4FEA2343E9D258F82420F9
:1051700008EB84036AB9043B984504D307E09845DB
:1051800004F1FF3403D253F80429002AF7D0C9F8F8
:105190001040304603B0BDE8F08F002003B0BDE8FA
:1051A000F08F00BF000000002DE9F04F2DED028BC5
:1051B0008FB0CDE905320191016C1A9D8DED020B86
:1051C00057EC106B044641B1426C4A600123934096
:1051D0008B6001F0DFFF00232364B7F10008B4BF48
:1051E000012300232B60BE4BBCBF28F00048CDF844
:1051F0000C8033EA080300F09F809DED028BB5EE32
:10520000408BF1EE10FA10D1059A012313601B9B1D
:10521000002B00F03982B3481860431E00930098B9
:105220000FB0BDEC028BBDE8F08F0CAA0DA9204693
:10523000B0EE480B02F0C0FB5FEA1853054640F0A1
:105240009380DDE90C130B4403F23242202A40F331
:105250000083C2F1400208FA02F803F21242D6407B
:1052600048EA060207EE102AB8EE477B581E17EEF2
:10527000906A0123089353EC172BA6F1F8739FED66
:10528000923B9FED937B9FED945B06EE900A43EC7F
:10529000122BB8EEE64BB7EE086B32EE466BA6EE7D
:1052A000037BA4EE057BFDEEC76BB5EEC07BF1EE94
:1052B00010FA16EE908A08D5B8EEE66BB4EE476B9E
:1052C000F1EE10FA18BF08F1FF38B8F1160F00F22E
:1052D0004581854B03EBC80393ED007BB4EEC78B90
:1052E000F1EE10FA57D5091A00234F1E08F1FF38C6
:1052F000099300F139814FF00009B8F1000F51DA3C
:10530000019BCDF81080092BA9EB0809C8F1000A10
:105310004FF000084ED8052B40F3A282043B0193C6
:105320000026019B9A1E032A00F22281DFE812F078
:10533000AE03AB03A2038203059A42F20F73C8F3D4
:105340001308136058EA06031ED11B9B002B00F0C4
:105350008585664B009308331B9A009813600FB045
:10536000BDEC028BBDE8F08F18EE906AA3F2FF301F
:10537000C6F313060023089353EC182B46F07F5313
:105380000C9943F440137AE71B9B002B40F04183B8
:10539000574B009343E7091A00234F1E099300F16E
:1053A000E3809946019BCDF81080092B47444FF0CC
:1053B000000AB0D900230126019307964FF0FF3B66
:1053C000069300216164CDF82CB0204601F0BCFEAC
:1053D0000090002800F03185009B2364BBF10E0F84
:1053E00000F2D980002E00F0D680049B002B40F301
:1053F000D2833D4A03F00F0102EBC10292ED007B24
:105400001A11DB0540F174833A4991ED086B02F003
:105410000F02032088EE065B5AB13649D60704D541
:1054200091ED006B013027EE067B521001F108016F
:10543000F4D185EE076B099B3BB1B7EE007BB4EE70
:10544000C76BF1EE10FA00F1988407EE900AB8EEFF
:10545000E75BB1EE0C7BA5EE067B17EE902A51ECD4
:10546000170BA2F15071BBF1000F00F06E83049E88
:105470005A46079B002B00F03184B6EE003B1A4BD6
:10548000FDEEC64B03EBC20CB8EEE47B36EE477B79
:105490001CED026B83EE065B41EC160B14EE900ADA
:1054A00035EE465B0099B4EEC57B3030F1EE10FA74
:1054B00001F8010B00F19B84B7EE002BB2EE044B18
:1054C0004FF0000C31E000BF61436F63A787D23F0C
:1054D000B3C8608B288AC63FFB799F501344D33FE3
:1054E0000000F07F79C2050808C40508C0C205089D
:1054F000BCC20508E0C305080CF1010C94454ADA6A
:1055000027EE047B25EE045BFDEEC76B16EE903AAA
:10551000B8EEE63B303337EE437BB4EEC57BF1EEBD
:1055200010FA01F8013B00F1628432EE476BB4EEF1
:10553000C56BF1EE10FADFD5009A049602E09142B5
:1055400000F03F84894611F8013D392BF7D0013333
:10555000DBB20B70049B0133049361E1091A012350
:105560004F1E09937FF5C7AEC1F101090027C4E6BC
:10557000002666643146204601F0E6FD00900028D2
:1055800000F05B84009B236401224FF0FF330696FA
:105590000B9307929B460D9A002A55DB04990E291E
:1055A00052DCBB4B03EBC10393ED006B069B002B5E
:1055B00015DABBF1000F12DC40F0DB82B1EE047BA8
:1055C00026EE076BB4EEC68BF1EE10FADA465E46B5
:1055D00000F27582069BDDF80080DF4377E288EEFB
:1055E000067BBDEEC77B009917EE103ABBF1010FA9
:1055F00003F13003B8EEC75B01F8013BA5EE468B23
:1056000000F02283B2EE044B012311E088EE067B0A
:10561000BDEEC77B013317EE102A5B4502F1300265
:10562000B8EEC75B01F8012BA5EE468B00F00C83AA
:1056300028EE048BB5EE408BF1EE10FAE6D1049B18
:10564000013304938946EBE0079B2BB3019B012BAD
:1056500040F361820BF1FF339A4580F24682A3EB5F
:105660000A0AD0449A460023BBF1000FC0F21D8302
:10567000CDF820905F44D944012120460A9301F0DF
:1056800091FE0A9B06460BE0824B009300980FB0F8
:10569000BDEC028BBDE8F08F079ECDF820905346FD
:1056A000089900290ADD002F08DDB9420A46A8BF83
:1056B0003A46891AA9EB02090891BF1ABAF1000FFC
:1056C0001BD0079A002A00F05F82002B11DD1A46DA
:1056D000314620460A9301F03FFF2A46014606461E
:1056E000204601F08DFE29460546204601F052FD78
:1056F0000A9BBAEB030240F0D2820121204601F05E
:1057000051FEB8F1000F824600F3AC80019B012BE3
:1057100040F3838100230A930120B8F1000F40F089
:10572000AD80384410F01F0000F09180C0F12002DD
:10573000042A40F39783C0F11C00089B0344814472
:1057400008930744B9F1000F05DD29464A46204673
:1057500001F062FF0546002F05DD51463A4620461E
:1057600001F05AFF8246099B002B40F03781BBF1C4
:10577000000F40F31D81079B002B40F09B80049B92
:1057800001330493DDF80080012707E02946002358
:105790000A22204601F008FD0137054651462846F9
:1057A000FFF76CFC5F4500F1300008F8010BEDDB02
:1057B000BBF1000F009AD8BF4FF0010B0346934492
:1057C0000027294601222046019301F025FF51467A
:1057D000054601F099FF002840F392811BF8013C37
:1057E000009A0BF1FF3B04E05A4500F0C6811BF81C
:1057F000013D392B0BF10109F6D001338BF8003054
:105800005146204601F0C6FC56B12FB1B74203D035
:105810003946204601F0BEFC3146204601F0BAFC74
:105820002946204601F0B6FC002389F80030059B8C
:105830001A46049B13601B9B002B3FF4F0AC0098AE
:10584000C3F800900FB0BDEC028BBDE8F08F1C20B8
:1058500073E7C2F1200206FA02F207EE102A03E50E
:1058600001265EE501464246204601F075FE019B99
:10587000012B824640F3B48100230A93DAF810200A
:105880000AEB8202106901F03DFDC0F1200048E7FB
:1058900008C4050878C20508314600230A222046BC
:1058A00001F082FC0B9B002B064640F3B882CDF83A
:1058B00010809B46089B002B05DD31461A4620468A
:1058C00001F0AAFE06460A9B002B40F0D181B046AB
:1058D000029B009F03F001027B1E5B440893019B27
:1058E0000A921343099351462846FFF7C7FB3146F6
:1058F0008346284601F008FF42465146814620462D
:1059000001F024FFC26801460BF13003002A42D1A6
:10591000CDE90603284601F0F7FE069902902046DD
:1059200001F038FC029A079B1AB90999002900F086
:105930006882B9F1000FC0F26981019949EA010951
:105940000A9951EA090100F06181002A00F3B1814E
:10595000089A3B7007F101099742CB4600F0AF81EE
:10596000294600230A22204601F01EFC4645054632
:1059700031464FF000034FF00A02204612D001F0EA
:1059800013FC4146064600230A22204601F00CFC87
:105990004F468046A7E72046029301F0FBFB029B9F
:1059A0000122C6E701F000FC4F46064680469AE712
:1059B000019B022B71DC079B002B7FF47BAF049BC8
:1059C0005146013328460493FFF758FBDDF800B039
:1059D00000F130030BF8013B0027F2E65146284660
:1059E00001F092FE0028BFF6C2AE294600230A222B
:1059F000204601F0D9FB049B03F1FF38079B0546C5
:105A0000002B7FF449AF0B9B002B40F301829B4698
:105A1000B8E6AE4B009303339EE4DDE902010028B3
:105A20007FF478AEC1F31302002A00F0E480029BF9
:105A30000A9371E601230793069B049A134403F12A
:105A4000010BBBF1010FDC460B93B8BF4FF0010C0B
:105A50000021BCF1170F61647FF7B7AC012004226D
:105A6000520002F114036345014600F10100F7D929
:105A70006164AAE401230793069B002B3CDD0B9392
:105A80009B469C46E4E700230793D5E70023079352
:105A9000F2E7DDF82CB0CDF81080BBF1000F7FF4F9
:105AA00099AD51465B460522204601F07DFB01463B
:105AB0008246284601F028FE00287FF78BAD00982B
:105AC000049F3123804600F8013B01370090514686
:105AD000204601F05FFB7B1CDDF800900493CDF8BD
:105AE0000080002E7FF498AE9AE6AAEB0303BBE594
:105AF0000220B0EE485B8FE4012306939B4660E4EE
:105B000003D1019BDB073FF569AED9461BF8013D88
:105B1000302BFAD074E6089B002B00F0258102F2AE
:105B20003342CDF82090174491445346A4E507EE44
:105B3000900AB1EE0C5BB8EEE77BA6EE075B15EEC4
:105B4000902A51EC150BA2F1507141EC150BB1EEFE
:105B5000047B36EE477BB4EEC57BF1EE10FA00F322
:105B60004081B1EE455BB4EEC57BF1EE10FA7FF5F6
:105B700012AD4FF0000A56462CE5049B009A013303
:105B80000493312313703BE629465246204601F028
:105B9000E3FC0546B1E500F00F81049B4C495A42F5
:105BA00002F00F0001EBC00191ED006B121128EE25
:105BB000066B00F03F81B0EE467B4649002602208E
:105BC000D30705D591ED005B0130012627EE057B5B
:105BD000521001F10801F3D1002E06FE076B2AE4F2
:105BE000029B002B7FF448AEDDE90201C1F31302F2
:105BF000002A40F02981384A0A40002A00F0F58046
:105C0000012309F1010901370A9385E5002A12DD14
:105C1000294601222046019301F0FEFC514605462B
:105C200001F072FD0028019B40F3E580392B00F064
:105C3000CE800BF13103B94609F8013B049B0133D7
:105C4000374604934646DBE538EE088BB4EEC68B48
:105C5000F1EE10FA0ADCB4EE468BF1EE10FA7FF4A6
:105C6000EEAC17EE103AD8077FF5E9AC009A69E47C
:105C70007168204601F068FA0746002800F0E780C6
:105C8000336902339A0006F10C010C30FAF78CFEEE
:105C900039460122204601F0BFFC804618E629461D
:105CA000204601F059FC054627E5A9EB0B020892B6
:105CB000E2E4392B00F08B80B9460133BCE7049A4B
:105CC00001323746049246467BE500BFBCC2050858
:105CD00008C40508E0C305080000F07F644BFDEE32
:105CE000C65B03EBC20C1CED023BB8EEE57B36EE67
:105CF000477B41EC160B15EE901A23EE063B0098FD
:105D00003031012A00F8011B00F09280B2EE044B02
:105D1000009B991827EE047BFDEEC76B16EE903AB8
:105D2000303300F8013B8842B8EEE65B37EE457B46
:105D3000F0D1B6EE006B33EE065BB4EEC75BF1EE6E
:105D400010FA3FF5F9AB36EE436BB4EEC76BF1EEEC
:105D500010FA7FF720AC8946013919F8013C302B45
:105D6000F9D0731C04935BE50C9ACDF82090C2F136
:105D700036021744914453467EE4BBF1000F3FF4D2
:105D8000D6AE0B9A002A7FF706ACB2EE044B26EE95
:105D9000046B013007EE900A049BB8EEE75BB1EEAE
:105DA0000C7BA6EE057B17EE90CA51EC170B5E1E1E
:105DB000ACF15071FFF75DBB0220B0EE486BFFF70E
:105DC0003ABB049B013304933123FFF7C2BB049B0E
:105DD000BB4601330493392337460BF8013B464653
:105DE000FEE44FF0000A564669E60A9294E4731CFA
:105DF0000493894614E57FF41EAFDA077FF51BAFE5
:105E000014E7392BE3D0B9F1000F3FF712AF12E7D7
:105E1000019B022B3FF73DAECDF81080CFE5019BF3
:105E2000022B3FF736AEDDF82CB0CDF8108041E5FF
:105E300001467EE70220FFF7FEBA0E4B0E48002215
:105E40004FF4D57103F092FF029B0A9316E5094BBC
:105E500009483A4640F2EA2103F088FF074B0093D5
:105E6000FFF7DDB93FF46EACC0F13C0065E400BF64
:105E700008C40508CCC20508E0C20508C0C2050870
:105E8000014B1868704700BF2C010020B1F90C20AD
:105E90002DE9F0410C461107804647D4636842F46F
:105EA0000062002BA2815EDDA56A002D58D0002380
:105EB000D8F80060C8F8003093B212F4805256D17E
:105EC0000123E1694046A847431C67D0A389A56A1E
:105ED0005F0705D56368C01A236B0BB1E36BC01A6B
:105EE000E169024600234046A847411C41D1D8F849
:105EF0000030002B3DD01D2B01D0162B56D1A3898D
:105F00002269226023F4006300216160A381216B78
:105F1000C8F8006021B304F14003994202D0404622
:105F200000F084FA00202063BDE8F0812669BEB14C
:105F300093B2256826609A070CBF63690023AD1BE6
:105F4000A3600BE02B463246E169676A4046B847DA
:105F5000B0F1000CA5EB0C05664417DD002DF1DC5B
:105F60000020BDE8F081E36B002B9DDCF8E7206D9D
:105F7000AEE7B4F90C302269226023F40063A381F8
:105F80000022DB046260C2D52065C0E7A38943F02C
:105F900040034FF0FF30A381BDE8F081D8F8003016
:105FA000002B93D01D2B06D0162B04D0A38943F0D1
:105FB0004003A381D5E7C8F80060D1E738B50C46A7
:105FC000054608B1836BA3B1B4F90C00B8B1636E98
:105FD000DB0701D4810515D528462146FFF756FF7A
:105FE000636EDA07054602D4A3899B050ED52846C1
:105FF00038BD00F08FF8B4F90C000028E7D1054651
:10600000284638BDA06D00F0E7FCE5E7A06D00F084
:10601000EBFC284638BD00BF38B548B3184B1D68A7
:1060200004460DB1AB6BBBB1B4F90C0088B1636E23
:10603000DB0701D4810513D528462146FFF726FF4B
:10604000636EDA07054602D4A3899B050CD5284662
:1060500038BD0546284638BD284600F05BF8E3E722
:10606000A06D00F0B9FCE7E7A06D00F0BDFCEEE725
:10607000044B05491868BDE8384000F075BC00BF06
:106080002C01002034C20508BD5F0508014900F05D
:106090006BBC00BF3D9E050808B5436EDA0702D40D
:1060A00083899B0501D5002008BD806D00F094FC1C
:1060B000002008BD08B5436EDA0702D483899B052A
:1060C00001D5002008BD806D00F08EFC002008BDC9
:1060D00070B568224D1E02FB05F50E4605F17401F0
:1060E00000F024FD044640B100210C30C4E9001644
:1060F000A06005F16802FAF76DFD204670BD00BF93
:10610000024B0349186800F02FBC00BF34C20508D9
:106110003D9E05082DE9F0478246394800F05CFCB9
:10612000DAF83840002C66D1DAF80450354ACAF85B
:106130003C200323CAE9B843DFF8DC90DFF8DC80B9
:10614000314F324E04230AF53B72CAF8E822214649
:10615000C5E90243C5E90044C5E904446C66082268
:10616000AC6105F15C00FAF735FDC5E90759C5E9F1
:106170000987EE6205F1580000F026FCDAF80850B5
:10618000234BEB602146C5E90044C5E904446C6635
:10619000AC60AC61082205F15C00FAF71BFDC5E9B3
:1061A0000759C5E90987EE6205F1580000F00CFCBB
:1061B000DAF80C50174BEB602146C5E90044C5E9FD
:1061C00004446C66AC60AC61082205F15C00FAF72F
:1061D00001FD05F15800C5E90759C5E90A76C5F87A
:1061E000248000F0F1FB0123CAF838300448BDE8F0
:1061F000F04700F0F9BBBDE8F047014800F0F4BB00
:10620000340E01208D600508B5800508D58005088D
:1062100009000100120002004D8005087580050884
:106220002DE9F04107462D4800F0D6FB2C4B1E68A7
:10623000B36B93B306F538764FF00408D6E9013412
:10624000013B04D525E05A1C04F1680421D0B4F9BF
:106250000C50013B002DF6D1224BE36004F15800B5
:10626000656600F0B1FB1D4800F0BEFBC4E90155B6
:10627000C4E904552560A5610822294604F15C00A3
:10628000FAF7A8FCC4E90C55C4E911552046BDE84D
:10629000F08135682DB12E46D0E73046FFF73AFF42
:1062A000C8E74FF4D671384600F040FC044668B1A8
:1062B0000560C0F804800C302946A06025464FF4E4
:1062C000D072FAF787FC34602E46B7E70348346093
:1062D00000F08AFB0C233B60D8E700BF300E0120A2
:1062E00034C205080100FFFF014800F075BB00BF84
:1062F000300E0120014800F077BB00BF300E0120B6
:10630000014800F069BB00BF340E0120014800F0D5
:106310006BBB00BF340E012008B5054800F05CFBE4
:10632000044B05491868BDE8084000F0FDBA00BFFD
:10633000300E01202C0100209960050808B5054B9E
:106340000549186800F0F0FABDE80840034800F07D
:106350004BBB00BF2C010020B5600508300E0120AA
:1063600038B5084B084D5B1B9C1007D0043B1D44FF
:10637000013C55F804399847002CF9D1BDE8384064
:1063800004F018BCE40A0020E00A0020F8B5244F0D
:106390000C46064600F0CCFEBA685568C4F57E632C
:1063A0000F3325F003052B4423F47F6323F00F0301
:1063B000A3F58054B4F5805F07DB0021304601F07F
:1063C00033FEBB682B44984204D0304600F0B6FE42
:1063D0000020F8BD6142304601F026FE01300DD0AC
:1063E000104ABB682D1B45F001055D6013683046FF
:1063F0001B1B136000F0A2FE0120F8BD00213046F7
:1064000001F012FEBA68831A0F2BDEDD43F00103A0
:106410005360054B03491B68C01A0860D5E700BFED
:106420005C0500203C0E012064090020002961D099
:10643000F8B50C46064600F07BFE54F8042C7B4F62
:10644000A4F1080522F0010105EB010CB868DCF8A5
:106450000430604523F0030300F08B80D207CCF8B2
:10646000043032D454F8082CAD1A1144AA6807F14C
:10647000080082426AD00CEB0304D4F804E0EC6814
:10648000D4601EF0010FA26000F0978041F001037C
:106490006B60CCF80010B1F5007F35D27A68CB087C
:1064A00048090121013381401143796007EBC302A0
:1064B00057F83310083AC5E9021247F83350CD6057
:1064C0003046BDE8F84000F039BE0CEB03025268DC
:1064D000D00710D4194407F10800DCF808308342D3
:1064E00073D0DCF80C20DA60936041F001036B603C
:1064F0006950D0E7704741F00103B1F5007F44F8DF
:10650000043CCCF80010C9D3B1F5206F4FEA5123F9
:1065100048D28B0903F1390003F13802C300F8189F
:10652000FB580838984259D05A6822F003028A4230
:1065300002D99B689842F7D1D868C5E902308560D6
:10654000DD603046BDE8F84000F0F8BD0CEB03021A
:106550005268D20763D40B44DCE90212CA6091602E
:1065600043F001026A603046EB50BDE8F84000F0AD
:10657000E5BD0B44D10707D454F8082CAD1A1344D9
:10658000D5E90212CA60916043F001026A60284AAC
:10659000BD6012689A4293D8264B30461968FFF7BF
:1065A000F5FE8DE7142B0AD9542B1FD80B0B03F1E2
:1065B0006F0003F16E02C300B1E719448DE703F1E8
:1065C0005C0003F15B02C300A9E741F00103C7E9E6
:1065D0000455C5E902006B60695071E77968921053
:1065E000012404FA02F20A437A60A6E7B3F5AA7F0F
:1065F00006D8CB0B03F1780003F17702C3008EE7D6
:1066000040F25452934206D88B0C03F17D0003F103
:106610007C02C30083E74FF47E737E227FE741F064
:1066200001036B60CCF800104AE700BF5C05002056
:10663000680900206C0E01209368002B00F0858013
:106640002DE9F04FB1F90C300C461907804683B0A4
:10665000174698B225D523691BB310F002033D6895
:106660002DD04FF0000ADFF8BCB25646B9465E4561
:106670003346524628BF5B464046002E52D0E16961
:10668000676AB847002856DDD9F808301B1A8244DB
:10669000361AC9F80830002BE9D1002003B0BDE854
:1066A000F08F21464046FEF709FC002840F0368175
:1066B000B4F90C303D6898B210F00203D1D110F05B
:1066C000010944D14E46009746B38205D4F808B07C
:1066D00040F18380B3455A4600F2B28010F4906FC7
:1066E00040F0BF80206801924946FAF7F7F9A368A5
:1066F000019AA3EB0B012368A1601344B246236007
:106700000026009B9868A0EB0A00D14498600028FE
:10671000C3D0B4F90C0080B2002ED6D1D5E90096D2
:106720000835D1E7D5E900A60835A0E7214640465F
:10673000FFF744FC80B3B4F90C3043F040034FF052
:10674000FF30A38103B0BDE8F08F002070471E46E4
:10675000AA46994618461D46009756B388B34A463E
:10676000D4E904132068B24228BF3246884205D9D2
:10677000A16803EB010B5A4500F3A680934263DC4A
:10678000E169676A2A464046B847B0F1000BD2DD9E
:10679000B9EB0B09CAD00120009A9368A3EB0B0355
:1067A0005D44A6EB0B069360002B3FF476AF002E02
:1067B000D4D10AF1080353E902569A460833002E51
:1067C000F9D032460A21284600F062FC002800F089
:1067D0009C800130A0EB0509C1E72068236998423D
:1067E00016D86369B34213D86FF00042B24228BF93
:1067F0003246E16992FBF3F2676A02FB03F340461B
:106800004A46B847B0F1000A95DDA6EB0A0678E7DC
:10681000B345DA4628BFB24652464946FAF75EF912
:10682000A3682268A3EB0A035244A3602260002BF2
:10683000EBD121464046FFF7C1FB0028E5D07AE7BF
:106840002068B34632464EE729460192FAF746F9E8
:10685000019AA3689B1AA36023681344236093469C
:1068600096E723682169A3EB010B636903EB430AF5
:106870000AEBDA7A0BF101034FEA6A0A3344534513
:10688000524684BF9A46524643052CD5114640468F
:1068900000F04CF900283BD05A4621690190FAF7E4
:1068A00083F8A289019B22F4906242F08002A281C7
:1068B00003EB0B002361AAEB0B03C4F814A0A36045
:1068C0002060B34632460EE729465A46FAF706F9E3
:1068D00023685B44236021464046FFF76FFB002896
:1068E0003FF456AF27E7404601F074F9034600280D
:1068F000DED121694046FFF799FDB4F90C300C2236
:1069000023F08003C8F8002017E7721C914627E7A0
:106910000C22B4F90C30C8F800200EE74FF0FF301D
:10692000BCE600BF00FCFF7F2DE9F041884600F582
:1069300038770026D7E90154013D0FD4A389012BF4
:1069400005F1FF3506D9B4F90E300133204601D0E8
:10695000C04706436B1C04F16804EFD13F68002F69
:10696000E8D13046BDE8F0812DE9F8430746884676
:1069700000F538764FF00009D6E90154013D11D4F5
:10698000A389012B05F1FF3508D9B4F90E30013385
:10699000214603D03846C04749EA00096B1C04F180
:1069A0006804EDD13668002EE6D14846BDE8F8838C
:1069B000F0307047004870475C0A0020004870477C
:1069C0005C0A0020704700BF704700BF704700BFDF
:1069D000704700BF704700BF704700BF012070477D
:1069E00001207047704700BF704700BF2DE9F0419C
:1069F0008B890C46990796B008D504F14303012210
:106A0000C4E90432236016B0BDE8F081B4F90E1079
:106A10000029064627DB6A4603F062FB002821DBDB
:106A2000019D05F47045A5F50055B5FA85F54FF4BF
:106A300080686D094FF400674146304600F076F8F3
:106A4000B4F90C30F0B1204AF26343F08003C4F88B
:106A50001480A3812060206135BB3B43A38116B025
:106A6000BDE8F081A38913F0800519D04FF04008EC
:106A70004146304600F05AF80025B4F90C302F4654
:106A80000028E0D19A05BED423F0030304F14302A9
:106A900043F002030121C4E90421A3812260B2E78B
:106AA0004FF480682F46C7E7B4F90E10304603F064
:106AB0002DFB10B9B4F90C30CFE7A38923F0030301
:106AC00043F001031BB2C8E78D60050870B50C46A2
:106AD000B1F90E10002996B015461E4614DB6A4621
:106AE00003F0FEFA00280FDB019A02F47042A2F5CF
:106AF0000052B2FA82F24FF4806352094FF4006000
:106B000032602B6016B070BDB4F90C10002311F088
:106B10008000336004D0402218462A6016B070BD51
:106B20004FF480632B6016B070BD00BF2DE9F04FAD
:106B300001F10B06162E83B0044624D8102900F26A
:106B4000BA8000F0F5FA102618220220B54F3A4418
:106B5000A2F1080153688B4200F0BA805A68D968E4
:106B600022F003021A449D68E9608D60516841F08B
:106B700001012046516003F1080500F0DFFA2846C4
:106B800003B0BDE8F08F36F0070600F19480B14203
:106B900000F2918000F0CCFAB6F5FC7FC0F09A814B
:106BA000730A00F08F80042B00F26F81B30903F1A8
:106BB000390003F1380CC3009A4F3B44A3F1080598
:106BC0005B689D4206D10CE0002980F22781DB68DA
:106BD0009D4206D05A6822F00302911B0F29F3DD73
:106BE00060463D69DFF850C265457CD06A6822F096
:106BF0000302931B0F2B00F37B81002BC7E904CC0E
:106C000080F26C81B2F5007F80F01A81D308796838
:106C100001334FEA521E012202FA0EF20A4357F8DC
:106C200033E0C5F808E007EBC3010839E9607A6092
:106C300047F83350CEF80C5083100121994091420F
:106C400057D8114206D120F003004900114200F14B
:106C50000400FAD007EBC0094D468646D5F80C80F3
:106C6000454508D11DE1002B80F22481D8F80C8025
:106C7000454500F01681D8F8042022F00302931B4A
:106C80000F2BF0DD2046D8E9025408EB060146F050
:106C90000106C8F80460EC60A56043F00104C7E990
:106CA0000411C1E902CC4C6048F8023000F046FA09
:106CB00008F1080502E00C2323600025284603B0F4
:106CC000BDE8F08F4FF4007340204FF03F0C73E7A6
:106CD000D3689A4208BF02307FF440AF3D69DFF8C5
:106CE00058C1654582D17A6883100121994091424B
:106CF000A7D9BD686B6823F003094E4503D8A9EBFB
:106D000006030F2B7ADCDFF834B1474BDBF80020A9
:106D10001B680132334405EB090A00F0338103F5A7
:106D200080530F3323F47F6828F00F084146204634
:106D300001F07AF9411C024600F0F380824500F22E
:106D4000EE803A4B196841441960084600F04E81C4
:106D5000DBF80010019301311BBFA2EB0A0A50447B
:106D6000CBF80020186012F0070B00F01781CBF170
:106D700008010A44CBF5805190440831A1EB080189
:106D8000C1F30B0A51462046009201F04DF9421C16
:106D9000DDE9002300F04F81801A00EB0A08196832
:106DA000BA6048F001005144BD425060196000F0E3
:106DB0002981B9F10F0F40F227816868A9F10C0C05
:106DC0002CF0070C00F0010040EA0C0068604FF066
:106DD000050E05EB0C00BCF10F0FC0E901EE00F24F
:106DE000328150681546124B1A688A4238BF1960C2
:106DF000104B1A688A4238BF196094E0AA1943F010
:106E0000010346F001066E602046BA60536000F050
:106E100095F90835284603B0BDE8F08FD9681A44C3
:106E2000A1E600BF5C0500206C0E01203C0E012095
:106E3000640E0120680E0120640500206409002012
:106E4000B2F5206F4FEA522363D3142B00F2B780C0
:106E500003F15C01C9005B3307EB010E7958AEF119
:106E6000080E8E4500F091804B6823F00303934297
:106E700002D989688E45F7D1D1F80CE07A68C5E966
:106E8000021ECEF80850CD60D6E6142B59D9542BEB
:106E900000F29D80330B03F16F0003F16E0CC30011
:106EA0008AE60EF1010E1EF0030F05F108057FF4CE
:106EB000D5AE51E0424445465368D8F80C1043F033
:106EC0000103536055F8083F2046D9608B6000F0FD
:106ED00035F9F3E6F00806F1080237E62A442046C1
:106EE000536843F001035360083500F027F9E5E6E5
:106EF000A919204646F0010643F001046E60C7E977
:106F00000411C1E902CC4C60AB5000F017F9083510
:106F1000D4E6930903F13901C90038339CE7BD4237
:106F20005FD0BD68686820F003084645A8EB0603FB
:106F300002D80F2B3FF762AF204600F0FFF8002584
:106F4000BCE603F15C0003F15B0CC30034E659F8C6
:106F500008394B4540F0968010F0030F00F1FF30E8
:106F6000F5D17B6823EA01037B60490099423FF633
:106F7000C0AE19B9BDE649000EF1040E1942FAD0AF
:106F8000704667E603F11008D0E69A104FF001084A
:106F90007B6808FA02F21A437A6070E702EB080194
:106FA0004942C1F30B0A51462046009201F03CF8D9
:106FB000431CDDE900237FF4EFAEDA46EFE6542B05
:106FC00025D8130B03F16F01C9006E3344E7B3F505
:106FD000AA7F25D8F30B03F1780003F1770CC300E7
:106FE000EAE5294B186840441860B1E6CAF30B0C77
:106FF000BCF1000F7FF4ACAEBD68C84448F001009E
:107000006860F0E61546EEE60123536094E7B3F5B9
:10701000AA7F23D8D30B03F17801C90077331BE78C
:1070200040F25452934223D8B30C03F17D0003F194
:107030007C0CC300C0E5ABF1080BD844A8EB0208F8
:107040004FF0000AABE605F1080120460093FFF778
:10705000EDF9BD68009B68681968C4E640F25451B8
:107060008B420BD8930C03F17D01C9007C33F3E60E
:107070004FF47E737F204FF07E0C9DE54FF47E71C0
:107080007E23E9E67B6870E73C0E012000000000EB
:1070900001F0FF01102A2BDB10F0070F08D010F8C9
:1070A000013B013A8B422DD010F0070F42B3F6D1CD
:1070B000F0B441EA012141EA014122F007047FF0E6
:1070C00000070023F0E80256083C85EA010586EA3D
:1070D000010685FA47F5A3FA87F586FA47F6A5FA79
:1070E00087F68EB9EED1F0BC01F0FF0102F0070285
:1070F00032B110F8013B013A83EA010313B1F8D130
:107100000020704701387047002D06BF3546033810
:10711000073815F0010F07D1013015F4807F02BF49
:10712000013015F4C03F0130F0BC0138704700BF9A
:107130000148FFF751BC00BF2C0E01200148FFF7AA
:1071400053BC00BF2C0E0120C36C70B505460C4625
:107150004BB153F8240080B1026843F82420002387
:10716000C0E9033370BD2122042102F025FE03464D
:10717000E8640028EDD1002070BD012101FA04F679
:10718000721D9200284602F017FE0028F3D0C0E9D5
:107190000146E4E731B1C36C4A6853F82200086045
:1071A00043F82210704700BFF0B50C69064683B063
:1071B0000D4601F1140E0020DEF800101FFA81FCCC
:1071C00002FB0C334FEA134C090C02FB01CC0130DB
:1071D0009BB203EB0C4384424EF8043B4FEA1C4342
:1071E000EADC3BB1AA68A24207DD05EB8402013468
:1071F00053612C61284603B0F0BD696801930131E9
:107200003046FFF7A1FF019B0746B8B12A690193F9
:10721000023205F10C0192000C30F9F7C5FBF26C5B
:107220006968019B52F82100286042F821503D46D0
:1072300005EB8402013453612C61DBE7024B034808
:107240003A46B52102F092FDCCC2050860C305089C
:107250002DE9F8430C4628491F46164603F108025B
:1072600081FB0231092F4FEAE2730546C3EB61034C
:1072700039DD4FF0010C00214FEA4C0C634501F160
:107280000101F9DC2846FFF75FFF014668B3089B60
:107290004361092E4FF00103036112DC0A34092611
:1072A000B7420BDDBE1B264414F8013B0A22303BDB
:1072B0002846FFF779FFA6420146F5D10846BDE80A
:1072C000F88304F10909C846344418F8013B0A223E
:1072D000303B2846FFF768FFA0450146F5D1A6F1EF
:1072E00008044C44DCE70021CCE70A46034B044881
:1072F000CE2102F03BFD00BF398EE338CCC2050839
:1073000060C30508030C1B04D3B90004102310F05C
:107310007F4F04BF0002083310F0704F04BF00011C
:10732000043310F0404F04BF80000233002805DB17
:1073300010F0804F03F1010308BF20231846704767
:107340000023E4E7036813F00702014607D0DA07D9
:107350001FD4980721D55B080B600120704798B2B5
:10736000A0B11046DAB20AB908301B0A1A0704BFE6
:107370001B0904309A0704BF9B080230DA0703D4C4
:107380005B0800F1010006D00B6070471B0C102059
:10739000E8E700207047202070479B080B60022020
:1073A000704700BF38B5C36C04460D464BB15868F2
:1073B000B0B102685A6000220123C0E90435C260FE
:1073C00038BD2122042102F0F7FC0346E0640028C6
:1073D000EDD1094B094800224FF4A07102F0C6FC20
:1073E0001C220121204602F0E7FC0028F1D00122F6
:1073F0000223C0E90123DEE7CCC2050860C305080B
:107400002DE9F04F0E691569AE4285B088461446E5
:1074100005DB2A46234635460C4616469846A368A1
:107420006168AF19BB42B8BF0131FFF78DFE019013
:10743000002800F08680019B03F1140909EB870AFC
:10744000D14505D24B46002243F8042B9A45FBD880
:1074500008F1140808EB860B04F11403D8451A460A
:1074600003EB85055FD22B1B153B23F0030304338D
:107470001534A54238BF0423CDE902A7AC461F4608
:10748000924605E0000C29D1C34509F1040948D909
:1074900058F8040B85B2002DF4D056464C46002314
:1074A00056F8040B216882B21FFA81FE05FB02EE3A
:1074B000000C0A0C734405FB002202EB13429BB242
:1074C00043EA0243B44544F8043B4FEA1243E7D889
:1074D00049F8073058F8040C000CD5D0D9F8003022
:1074E000544619464D4600222688090C00FB061119
:1074F0000A449BB243EA024345F8043B54F8046B48
:107500002968360C8BB200FB063303EB1243A4450B
:107510004FEA1342E8D8C34549F8073009F1040996
:10752000B6D8DDE902A7002F02DC05E0013F03D059
:107530005AF8043D002BF9D00198076105B0BDE869
:10754000F08F034B0348019A40F25D1102F00EFCEC
:10755000CCC2050860C3050812F003032DE9F04111
:107560001446064632D10D46A41020D0D6F84880E5
:10757000B8F1000F33D0E3074FF0000707D46410D1
:1075800015D0D8F80000A8B18046E307F7D54246E9
:1075900029463046FFF734FFB5B16968F36C6410D3
:1075A00053F821202A6043F821500546E9D12846A6
:1075B000BDE8F081424641463046FFF721FFC8F85A
:1075C000000007608046E0E70546D8E7013B0F4A28
:1075D00052F823200023FFF7E7FD0546C4E7012109
:1075E0003046FFF7B1FD804640B1012340F27122E1
:1075F000C0E904320023B0640360BCE7044B0548D3
:1076000042464FF4A07102F0B1FB00BFF8C4050878
:10761000CCC2050860C305082DE9F0470C4690462A
:107620002669A368496806EB6216751C9D420746E9
:107630004FEA621904DD5B009D4201F10101FADCB1
:107640003846FFF781FD8446002851D0B9F1000F7C
:1076500000F114000EDD09F105024FEA820E034627
:107660000CEB8202002143F8041B9342FBD1AEF1E4
:1076700014031844216904F1140318F01F0803EBE4
:1076800081012DD0C8F1200986464FF0000A1A6802
:1076900002FA08F242EA0A024EF8042B53F8042BCD
:1076A000994222FA09FAF2D80B1B153B23F0030387
:1076B000043304F11502914238BF0423BAF1000FDC
:1076C00018BF2E4640F803A0FB6C6268CCF810602F
:1076D00053F822102160604643F82240BDE8F0874D
:1076E000043853F8042B40F8042F9942F9D8EBE7FB
:1076F000034B0448624640F2D91102F037FB00BF49
:10770000CCC2050860C305080B6984460069C01A2D
:1077100016D10CF1140C14310CEB830210B401EBF4
:10772000830301E0944508D252F8044D53F8041D38
:107730008C42F7D005D24FF0FF305DF8044B704714
:10774000704701205DF8044B704700BF2DE9F84FEA
:107750000F691369FF1A002F0E4690467AD101F186
:107760001405143202EB830205EB830301E09D4212
:1077700073D253F8041D52F8044DA142F7D064D3DC
:107780007168FFF7E1FC8146002872D03569D8F8AE
:107790001020C76008F1140E06F1140009F1140A54
:1077A00006F1100C0EEB820200EB85075646002115
:1077B0005EF8044B5CF804BFA3B211FA8BF1CB1A4C
:1077C000210CC1EB1B4101EB23419BB243EA014376
:1077D000724546F8043B4FEA2141E9D8A2EB080480
:1077E000153C08F11508424524F0030606F104068D
:1077F00038BF0426304424F0030238BF00228742F9
:107800005244B24416D95646044654F8043B11FA81
:1078100083F10A1402EB134289B241EA0243A74200
:1078200046F8043B4FEA2241EFD87A1E101A20F0A6
:107830000302524423B952F8043D013D002BFAD013
:10784000C9F810504846BDE8F88F33460127464630
:10785000984695E7F9DB002792E70021FFF774FCD3
:10786000814668B101220023C9E904234846BDE8E6
:10787000F88F074B07484A464FF4107102F076FA2A
:10788000034B04484A4640F2322102F06FFA00BF2F
:10789000CCC2050860C3050882B08DED000B154B06
:1078A000019A1340A3F15073002B05DD0020194607
:1078B00041EC100B02B070475B42B3F1A07F4FEA7E
:1078C000235208DA4FF40023002043FA02F141EC7E
:1078D000100B02B07047143A1E2ADABF4FF0004373
:1078E00023FA02F201220021104641EC100B02B0F3
:1078F000704700BF0000F07FF8B5046900F114067E
:1079000006EB8404271F54F8045C2846FFF7FAFCB2
:10791000C0F120030A280B6031DDBE421BD20B38B8
:1079200054F8081C23D0C0F1200C854021FA0CF734
:107930002F43A4F1080547F07F53AE4243F44013B0
:1079400036D2814054F80C0C20FA0CF00843024661
:1079500043EC102BF8BD0B3808D005FA00F040F0CE
:107960007F53002043F440130246F1E7014645F0FF
:107970007F5343F440130A4643EC102BF8BDC0F18B
:107980000B0C25FA0CF1BE4241F07F5338BF54F87E
:10799000081C00F1150034BF21FA0CF1002105FA92
:1079A00000F043F4401340EA010243EC102BF8BD11
:1079B00001FA00F00246CBE72DE9F043884683B098
:1079C000012157EC106B1546FFF7BEFB044600285B
:1079D0004FD0C7F30A59C7F31303B9F1000F01D011
:1079E00043F48013002E019324D068460096FFF7DD
:1079F000A9FC002839D0DDE90013C0F1200203FA08
:107A000002F20A43C34062610193002B14BF0222B9
:107A10000122A3612261B9F1000F16D0A9F233430C
:107A20000344C0F13500C8F800302860204603B098
:107A3000BDE8F08301A8FFF785FC019B636101228B
:107A400020302261B9F1000FE8D104EB8203A0F2EB
:107A50003240C8F800001869FFF754FCC0EB421030
:107A60002860204603B0BDE8F083009B6361019B62
:107A7000CBE7034B0348224640F20A3102F076F985
:107A8000CCC2050860C30508F0B583B00E46694650
:107A90000746FFF731FF01A9304655EC104BB0EE19
:107AA000407BFFF729FF3B693169591ADDE9002363
:107AB000D31A03EB4113002B09DD17EE902A02EBDA
:107AC000035545EC174B87EE000B03B0F0BD10EEED
:107AD000902A51EC100BC3EB033302EB035141EC42
:107AE000100B87EE000B03B0F0BD00BF172808DDB8
:107AF000B7EE000BB2EE047B013820EE070BFBD192
:107B00007047034B03EBC00090ED000B704700BFC4
:107B100008C405080139491101F1010C116902F18C
:107B2000140303EB81018B4200EB8C0C16D210B5D1
:107B3000A0F1040E53F8044B4EF8044F9942F9D8C3
:107B40008B1A153B23F0030304331844844504D9EE
:107B5000002340F8043B8445FBD810BD844505D97B
:107B6000002340F8043B8445FBD87047704700BFB2
:107B700003694A11934200F1140009DA00EB830310
:107B800002E053F8042DCAB98342FAD800207047A6
:107B900011DD11F01F010ED010B450F8224000EB9F
:107BA000820324FA01F202FA01F18C420CD0012086
:107BB0005DF8044B704700EB8203E5E70120704756
:107BC00053F8042D002AF2D18342F9D800205DF841
:107BD000044B70472DE9F84F1746002900F09880B4
:107BE00007F10B0580460C46FFF7A2FA162D5DD86B
:107BF00010252A46AF425ED854F8041C21F0030633
:107C00009642A4F1080962DABC4BD3F808C009EB2C
:107C10000600844500F09780D0F804C02CF00103E2
:107C200003445B68DB0768D42CF0030C06EB0C0301
:107C3000934247DACB0710D454F8083CA9EB030A67
:107C4000DAF8043023F003018C44B444944580F204
:107C500011817318934280F2E88039464046FEF75E
:107C600065FF0746E0B154F8043C23F001034B44A0
:107C7000A0F10802934200F0D280321F242A00F2C1
:107C8000F580132A00F2AC80034622461168196081
:107C90005168596092689A6021464046FEF7C6FBDB
:107CA0004046FFF74BFA3846BDE8F88F25F0070548
:107CB000002D2A469EDA0C23C8F8003000273846EB
:107CC000BDE8F88F1E46D0E90223D3609A60731B8B
:107CD0000F2B22D8D9F8043003F0010333434E446C
:107CE000C9F80430736843F00103736040462746C7
:107CF000FFF724FA3846BDE8F88FC907ADD454F829
:107D0000083CA9EB030ADAF8041021F00301A0E70C
:107D1000BDE8F84F1146FEF709BFD9F8041001F08D
:107D200001012943C9F8041009EB05014E4443F051
:107D300001034B60736843F00103083173604046F0
:107D4000FEF774FBD2E7DCF8040020F0030B06EB2F
:107D50000B0C05F1100084454DDAC9073FF57DAFE6
:107D600054F8081CA9EB010ADAF8041021F0030109
:107D70008B44B34458453FF76CAF5746DAF80C10C4
:107D800057F8080F321F242AC160886000F2DB8098
:107D9000132A40F2D6802168CAF808106168CAF830
:107DA0000C101B2A00F2DF8008340AF1100221684F
:107DB000116061685160A16891600AEB0501ABEB4D
:107DC000050242F0010299604A60DAF8043003F0DB
:107DD00001031D434046CAF80450FFF7AFF96EE7B0
:107DE00023680360636843601B2A68D804F10802B3
:107DF00000F108034AE709EB05029A60ACEB0503C2
:107E000043F00103536054F8043C03F001031D43A5
:107E1000404644F8045CFFF791F927464FE750F8D5
:107E2000043C23F003031E4451E75746DAF80C10D4
:107E300057F8080F321F242AC16088604CD8132AD3
:107E400048D92168CAF808106168CAF80C101B2AC2
:107E500056D808340AF110021E462368136063687E
:107E60005360A3689360D1463C4630E72146F8F75B
:107E700035FE11E7D0E902135746CB60996057F8F9
:107E8000081FDAF80C30CB60321F242A99602DD8F5
:107E9000132A29D92368CAF808306368CAF80C3055
:107EA0001B2A42D808340AF1100322681A6062685B
:107EB0005A60A2689A606646D1463C4607E7A368C6
:107EC0008360E368C360242A26D004F1100200F125
:107ED0001003DBE63A46BFE7214638461E46D14648
:107EE000F8F7FCFD3C46F2E63B46DEE72146384625
:107EF0006646D146F8F7F2FD3C46E8E65C05002010
:107F0000A168CAF81010E168CAF81410242A20D019
:107F100010340AF118029FE7236903616169416126
:107F200004F1180200F11803B0E6A368CAF8103093
:107F3000E368CAF81430242A21D010340AF1180357
:107F4000B3E73A4633E721463846F8F7C7FD164B04
:107F500033E72269CAF818206269CAF81C2018346D
:107F60000AF1200278E7A168CAF81010E168CAF89F
:107F70001410242A0DD010340AF1180217E72369CF
:107F8000CAF818306369CAF81C3018340AF12003A3
:107F90008BE72269CAF818206269CAF81C201834D5
:107FA0000AF1200203E700BF5C050020000000008A
:107FB00030B482B08DED000B019A194C22F00043D1
:107FC0000021A342016021DC009C1C431ED0154C03
:107FD000144054B99FED107B20EE077B8DED007BA4
:107FE000019A6FF0350122F0004322F0FF42DDE9F3
:107FF000004522F4E00242F07F551B1545F40015C0
:10800000A3F2FE33CDE900450B4403609DED000B68
:1080100002B030BC704700BF0000000000005043B9
:10802000FFFFEF7F0000F07F38B5074D00220446C8
:1080300008462A6002F0A8FD431C00D038BD2B681A
:10804000002BFBD0236038BD740E012010B50C4608
:10805000B1F90E1002F0E8F8002803DB236D0344A9
:10806000236510BDA38923F48053A38110BD00BFF5
:10807000002070472DE9F0410C46B1F90C101F4665
:10808000CB05054616460BD421F48051A1813B4611
:10809000B4F90E1032462846BDE8F04101F00ABEA0
:1080A000B4F90E100223002202F088F8B4F90C1083
:1080B000EAE700BF10B50C46B1F90E1002F07EF8E9
:1080C000A389421C0EBF23F4805343F480532065E0
:1080D000A38110BDB1F90E1001F09EBE71B103462F
:1080E00000EB010C01E0634506D01A46013311781C
:1080F0000029F8D1101A7047181A704708467047BF
:108100002DE9F04F936883B09146002B6ED017682D
:108110008D6880460C460868083744E0A38913F44C
:10812000906F2ED0D4E90415A0EB010A05EB4505AC
:1081300005EBD5750AEB06006D100130A8422A4602
:1081400084BF05462A465B0537D511464046FEF7F3
:10815000EDFC00283BD0524621690190F8F724FC41
:10816000A289019B22F4906242F08002A281A5EBD9
:108170000A0203EB0A006561A260236120603546B4
:10818000B24659465246F8F7A9FCA068D9F808103B
:108190002368451B8E1B03EB0A00A5602060C9F80D
:1081A00008601EB3083757E902B6002EFAD0B54270
:1081B000AA46B3D93546B246E3E74046FFF70AFD83
:1081C00003460028D3D121694046FEF72FF90C233E
:1081D000C8F80030A389002243F040034FF0FF307D
:1081E000A381C9E9012203B0BDE8F08F0020C9F8DE
:1081F000040003B0BDE8F08F2DE9F04F2DED028BA8
:10820000BBB008EE101A03938B891B0608EE900A88
:10821000914603D50B69002B00F0F08411AB0E934F
:108220000023CDE90F33CDE90833069311AF07934F
:10823000019399F80030002B00F039814C4604E09E
:1082400014F8013F002B00F01681252BF8D1B4EB78
:10825000090540F013812378002B00F028814FF0AE
:10826000000300224FF0FF318DF8333004F1010993
:1082700063780292009193462B2409F10109A3F13E
:1082800020025A2A00F22781DFE812F05F0225015E
:1082900025015A022501250125016A002501250134
:1082A0004F024A022501F000300225012B025B003B
:1082B0005B005B005B005B005B005B005B005B00E6
:1082C000250125012501250125012501250125017E
:1082D0002501C9018600250125012501250125016A
:1082E00025012501250125012501B00025012501D4
:1082F0002501AE0125011A0225012501840425016D
:10830000250125012501250125012501250125013D
:108310002501C90188002501250125018E0288005B
:1083200081002501810225016A02B2000902810053
:108330002501AE017E00820425012501A30425014B
:108340007E00A3F13002002119F8013B01EB81010D
:1083500002EB4101A3F13002092AF5D902918EE71F
:1083600018EE900AFEF726FB436808931846F8F7C4
:10837000A7FF0990054618EE900AFEF71BFB8368DD
:108380000793002D40F0F08399F8003075E799F8D5
:1083900000304BF0200B70E74BF0100B1BF0200F60
:1083A000039D00F01381073525F007052A466B6809
:1083B00052F8085B03921E46002BC0F24981009BD5
:1083C000013300F0588455EA06032BF0800800F0D2
:1083D00056830A2D76F1000380F0788330358DF8CE
:1083E000E750C34601260DF1E7042FE04BF0100BD8
:1083F0001BF0200600F0DB80039D073525F0070504
:108400002B466E6853F8085B03932BF480680023B7
:108410004FF000028DF83320009A1146013100F030
:10842000268155EA060128F0800B40F08982002A57
:1084300040F02484002B40F0278318F0010600F060
:10844000818330238DF8E7300DF1E704009A9DF821
:108450003330B242B8BF32469046002B49D002F1C9
:10846000010846E0029A5242CDE9022399F8003011
:108470004BF0040B01E7B4EB090518D0109B2B441B
:1084800010930F9B0133072BC7E900950F9304DC72
:108490000837019B2B440193DDE618EE101A18EE05
:1084A000900A0EAAFFF72CFE28B911AFF1E7109B36
:1084B000002B40F03F8418EE103A9B8913F0400FD8
:1084C000019B18BF4FF0FF33019301983BB0BDEC07
:1084D000028BBDE8F08F002BE9D08DF884304FF08F
:1084E00001084FF000038DF83330464621AC0023DD
:1084F00000931BF00203049318BF08F102081BF05D
:108500008403059305D1029BA3EB0805002D00F31E
:108510001982DDE90F219DF8330068B101320DF1B8
:10852000330001313860072A4FF00100CDE90F21F7
:10853000786000F359820837049B63B101320DABB8
:1085400002313B60072A4FF00203CDE90F217B6027
:1085500000F33C820837059B802B00F04F81009B85
:10856000A3EB060ABAF1000F00F393810132314404
:10857000072ACDE90F213C607E6000F3C9810837EE
:108580001BF0040F05D0029BA3EB0804002C00F3A2
:108590003982DDE901324245ACBF9B184344019367
:1085A000002940F0C28100230F9311AF41E61BF078
:1085B000100340F0E8821BF0400200F08383039A2E
:1085C00052F8045B03921E46ADB21EE755F8043B19
:1085D00003951BF0100F35D11BF0400F2ED043F345
:1085E000C0361DB23346E7E6039D55F8044B4FF005
:1085F00000038DF83330002C00F05C83009A1346A2
:10860000013300F0F38200212046FEF741FD0028EF
:1086100000F099830023061B0395009316E7039D42
:108620004FF000038DF833304FF0010855F8043B4C
:108630008DF884300395464621AC58E71BF4007F43
:1086400040F06A83DE171D463346002BBFF6B7AEF7
:10865000009A6D4211464FF02D0366EB460601313C
:108660008DF83330D8464FF001037FF4DAAE012B9A
:108670003FF4AFAE022B3AAC40F0A380069A05F06F
:108680000F032D09D35C04F8013D45EA0675360950
:1086900055EA0603F3D13AABC3461E1BD6E6039B4D
:1086A00053F8045B039330238DF8343078238DF82E
:1086B0003530C34B06934BF0020800260223A7E691
:1086C0004BF0100818F0200600F0E381039D0735F9
:1086D00025F007052B466E6853F8085B03930123CA
:1086E00096E699F800304BF0800BC6E5494611F844
:1086F000013B2A2B00F03083A3F13002092A89467E
:1087000098BF002100F2248319F8013B01EB81019D
:1087100002EB4101A3F13002092AF5D90091AEE53F
:1087200099F800308DF83340A7E5039B53F8042BEC
:108730000292002AFFF696AE039399F800309CE56A
:1087400099F800304BF0010B97E59DF83330002B82
:108750007FF41AAE20238DF8333099F800308CE581
:108760001BF0200F40F0F6811BF0100F40F09A82B2
:108770001BF0400F40F0D6821BF4007F00F0928285
:10878000039D019A55F8043B03951A7051E599F839
:1087900000306C2B03BF99F801304BF0200B09F12E
:1087A00001094BF0100B68E599F80030682B03BF06
:1087B00099F801304BF4007B09F101094BF0400BB3
:1087C0005BE505F00703ED0845EA4675F60830332A
:1087D00055EA0601224604F8013DF2D118F0010FD6
:1087E0003FF459AF302B3FF456AF3023023A04F830
:1087F000013C3AABC3469E1A144627E6029BA3EB04
:10880000080ABAF1000F7FF7AAAEBAF1100F6D4D4A
:108810002CDDCDE90446102318EE904A18EE106ABC
:10882000084606E0AAF1100ABAF1100F07F108078E
:1088300019DD01321030072AC7E90053CDE90F20B6
:10884000F0DD0EAA3146204611AFFFF759FC002893
:108850007FF431AEAAF1100ABAF1100FDDE90F2052
:108860004FF01003E5DCDDE90446014601325144D6
:10887000072ACDE90F213D60C7F804A000F3048268
:10888000009BA3EB060ABAF1000F07F108077FF778
:108890006DAEBAF1100F4B4D2EDD009404963846A4
:1088A00018EE904A18EE107A10230E4606E0AAF150
:1088B000100ABAF1100F00F1080019DD013210366C
:1088C000072AC0E90053CDE90F26F0DD0EAA39468C
:1088D0002046FFF715FC00287FF4EDADAAF1100A41
:1088E000BAF1100FDDE90F2611A84FF01003E5DCF7
:1088F0003146009C049E074601325144072ACDE9C7
:108900000F213D60C7F804A000F3D28008372DE6A0
:1089100018EE101A18EE900A0EAAFFF7F1FB0028C5
:108920007FF4C9AD109911AF2AE618EE101A18EEAF
:10893000900A0EAAFFF7E4FB00283FF434AEBAE534
:10894000D84694E6102DDDE90F21DFF87CA02ADD62
:10895000CDE90A461023544618EE106A18EE90AA84
:10896000084604E0103D102D07F1080717DD01321D
:108970001030072AC7E90043CDE90F20F2DD0EAA27
:108980003146504611AFFFF7BBFB00287FF493AD93
:10899000103D102DDDE90F204FF01003E7DCA2465B
:1089A0000B9E0A9C014601322944072ACDE90F217A
:1089B000C7F800A07D6000F346810837ABE500BF33
:1089C00048C2050814C5050804C5050818EE101AA4
:1089D00018EE900A0EAAFFF793FB00287FF46BAD08
:1089E000DDE90F2111AFB6E518EE101A18EE900A66
:1089F0000EAAFFF785FB00287FF45DADDDE90F21AE
:108A000011AF99E5102C0F9BDFF884A322DD5646A9
:108A100018EE10BA18EE90AA102504E0103C102CA5
:108A200007F1080715DD01331031072BC7E9006591
:108A3000CDE90F31F2DD0EAA59465046FFF760FB33
:108A400000287FF438AD103C102CDDE90F3111AF58
:108A5000E9DCB24601332144072BC7E900A4CDE984
:108A60000F317FF796AD18EE101A18EE900A0EAA85
:108A7000FFF746FB00287FF41EAD109989E5009BA7
:108A8000002B7FF4ABACC346002300931E463AACE8
:108A9000DCE418F0100357D118F0400200F02081F8
:108AA000039A52F8045B03921E46ADB20123AFE471
:108AB00018EE101A18EE900A0EAAFFF721FB0028F4
:108AC0007FF4F9ACDDE90F2111AF4FE508F4806BBD
:108AD0005B46CDF81080BB46DDF81C804FF0000AE5
:108AE0003AAC1F4608E0314601F094FE0A2D76F1BB
:108AF00000031ED305460E46284631460A220023AF
:108B000001F088FE1146303104F8011C28460A2283
:108B10000023013C0AF1010A002FE4D098F800106C
:108B20005145E0D1BAF1FF0FDDD00A2D76F10003F7
:108B300074D2CDF81C80DDF810803AAB5F461E1B66
:108B4000C34683E43AAC81E4039B53F8045B03938C
:108B500001235DE4039D019955F8042B0395CB1780
:108B6000C2E90013FFF765BB079B002B3FF40CAC79
:108B7000079B1B78002B3FF407AC99F800304BF4AF
:108B8000806BFFF77ABB039B53F8045B03933CE4D1
:108B9000D84697E57B4A06921BF020061ED0039D1F
:108BA000073525F007052A466E6852F8085B0392E0
:108BB0001BF0010F09D055EA060206D08DF83530BA
:108BC00030234BF0020B8DF834302BF480680223F5
:108BD0001EE46D4A06921BF02006E0D11BF0100245
:108BE0003FD0039A52F8045B0392E1E720460395D5
:108BF000F8F766FB00230646009327E44021FDF7C3
:108C000095FF18EE103A18601861002800F0B08047
:108C100018EE102A40235361FFF700BB099B089907
:108C2000E41A1A462046F8F7F9FB98F801300BB120
:108C300008F10108284631460A2200234FF0000AB5
:108C400001F0E8FD56E718EE101A18EE900A0EAA89
:108C5000FFF756FA00287FF42EACDDE90F2111AFA3
:108C600059E41BF040014AD0039951F8045B039189
:108C70001646ADB29CE7D846FFF7ABBB012BD846F2
:108C80007FF4F8ACFFF7AABB18EE101A18EE900AA2
:108C90000EAAFFF735FA00287FF40DACDDE90F21AD
:108CA00011AF5CE4039D019A55F8043B1A600395EB
:108CB000FFF7BFBA009E354C0395062E28BF062647
:108CC000B04614E4039B1BF4007614BF53F8045B16
:108CD00053F8045B03931CBF1646EDB2FFF795BB38
:108CE000039B18F4007614BF53F8045B53F8045B3D
:108CF00003931CBF1646EDB20123FFF789BB039A0D
:108D00001BF4007614BF52F8045B52F8045B039224
:108D10001CBF0E46EDB24BE743F3C0165DB23346BF
:108D2000FFF74ABB039D019A55F8043B03951A804F
:108D3000FFF77FBA18EE101A18EE900A0EAAFFF786
:108D4000DFF9FFF7B8BB009E03950090FFF77EBBED
:108D500000220092FFF793BA039A99F801308946EE
:108D600052F8041B039241EAE1710091FFF785BAC2
:108D700018EE902A0C2313604FF0FF330193FFF796
:108D8000A4BB00BF5CC2050848C2050870C2050844
:108D900004C505082DE9F84F4B6E9C0490462DD56F
:108DA0009368126843B38B46064602F1080959E9F5
:108DB000025A5FEA9A0715D0043D002401E0A74259
:108DC0000ED055F8041F5A46304601F01BF9431CDB
:108DD00004F10104F3D10023C8E90133BDE8F88FA1
:108DE000D8F808302AF0030AA3EB0A03C8F80830C1
:108DF00009F10809002BDAD10020ECE7FDF71CFC93
:108E00000023C8E90133BDE8F88F00BF10B49468AF
:108E10001CB15DF8044BFFF7BDBF204654605DF800
:108E2000044B70472DE9F04F2DED028BBBB008EEDF
:108E3000101A08EE900A1C461746039318B1836B6C
:108E4000002B00F09C8218EE102A536EDE0740F1D2
:108E50009E81B2F90C108AB2900409D441F40052F8
:108E600018EE101A4B6E8A8123F4005392B24B66AF
:108E7000110740F1F88018EE103A1B69002B00F042
:108E8000F28002F01A030A2B00F0FE8011AB0E9361
:108E90000023CDE90F33CDE9083306930DF14409E2
:108EA000079302933B78002B00F05B813C4604E083
:108EB00014F8013F002B00F03481252BF8D1E51B7D
:108EC00040F031812378002B00F04B814FF00003FC
:108ED00000258DF83330671C637801954FF0FF3B18
:108EE0002B240137A3F120025A2A00F26181DFE826
:108EF00012F0AB025F015F01A7025F015F015F013A
:108F00006A005F015F0149027E025F015402B902FB
:108F10005F01B5025B005B005B005B005B005B0018
:108F20005B005B005B005F015F015F015F015F0150
:108F30005F015F015F015F01360284005F015F0135
:108F40005F015F015F015F015F015F015F015F0121
:108F5000E5005F015F015F011A025F016C025F01C2
:108F60005F0148055F015F015F015F015F015F0114
:108F70005F015F015F015F01360286005F015F01F3
:108F80005F016202860080005F0158025F01940267
:108F9000E700820280005F011A027E0068055F011F
:108FA0005F016A055F017E00A3F13002002117F81E
:108FB000013B01EB810102EB4101A3F13002092ADF
:108FC000F5D901918EE718EE900AFDF7F3FC43689E
:108FD00008931846F8F774F90990064618EE900AB7
:108FE000FDF7E8FC83680793002E40F0A5843B78EA
:108FF00077E73B7845F0200573E745F01005AC06B0
:10900000039E40F18281073626F0070632467368D8
:1090100052F8086B03929846002BC0F25584BBF1BE
:10902000FF3F00F03A8556EA080325F0800A00F079
:1090300030840A2E78F1000380F0E7843036012373
:109040008DF8E760554600930DF1E704009A9DF80E
:1090500033305A45B8BF5A469046002B00F0B780CF
:1090600002F10108B3E018EE101A18EE900A18EE9B
:10907000105AFBF723FF002840F0A885AA8902F0C8
:109080001A030A2B7FF402AF18EE101AB1F90E3052
:10909000002BFFF6FBAE4B6EDE0702D4950540F1C8
:1090A000738518EE101A18EE900A23463A463BB024
:1090B000BDEC028BBDE8F04F00F0BCBD45F01005E3
:1090C00015F0200800F01281039E073626F00706EF
:1090D0003346D6F8048053F8086B039325F4806A6E
:1090E00000234FF000028DF83320BBF1FF3F00F06A
:1090F000D38156EA08022AF0800540F0CC81BBF10A
:10910000000F40F0CD84002B40F0C8831AF001031B
:10911000009300F0F88330238DF8E7300DF1E70479
:1091200094E7E51B1DD00F9B109A01332A44072BAF
:10913000C9E9007510920F9305DC09F10809029B3B
:109140002B440293BEE6002A00F09F8318EE101A0B
:1091500018EE900A0EAAFFF71DFE40B90DF1440962
:10916000EDE7109B002B40F0208500230F9318EEB5
:10917000102A536ED90740F1AE8093895B0600F147
:109180002E8502983BB0BDEC028BBDE8F08FB2F9A2
:109190000C108D0518EE103A8AB23FF55DAE18EE50
:1091A000105A986DFDF718FCB5F90C108AB253E609
:1091B000002BD6D08DF884304FF001084FF000031B
:1091C0008DF83330CDF8008021AC4FF0000B15F056
:1091D0000203049318BF08F1020815F084030593F5
:1091E00005D1019BA3EB0806002E00F37F82DDE989
:1091F0000F21501C9DF833608EB10DF13302013107
:10920000C9F8002007284FF00102CDE90F01C9F885
:10921000042000F34C82024609F108090130049B46
:10922000EBB10DAB0231C9F8003007284FF0020353
:10923000CDE90F01C9F8043040F35382002900F052
:109240001F8318EE101A18EE900A0EAAFFF7A2FD5F
:1092500000288CD1DDE90F210DF14409501C059B3C
:10926000802B00F05A81009BABEB0306002E00F32D
:10927000BD81009BC9F8004019440728CDE90F01C2
:10928000C9F8043040F34681002900F0858218EEC9
:10929000101A18EE900A0EAAFFF77CFD00287FF442
:1092A00066AF10990DF14409680705D5019BA3EB42
:1092B0000804002C00F37A82DDE901234245ACBFAB
:1092C0009B1843440293002940F0E08100230F9350
:1092D0000DF14409E6E593899A053FF54FAF18EE85
:1092E000104AA06DFDF780FBA38947E715F0100336
:1092F00040F03A8315F0400200F0F983039A52F8E7
:10930000046B03929846B6B2E8E656F8043B03961F
:10931000E80600F10483690640F1FE8243F3C03899
:109320001EB2434678E6039E56F8044B4FF0000306
:109330008DF83330002C00F0C183BBF1FF3F00F00B
:1093400045835A4600212046FDF7A2FE002800F082
:109350002084031B009303964FF0000B76E6039ED8
:109360004FF000038DF833304FF0010856F8043BFE
:109370008DF884300396CDF8008021AC25E7FCF70A
:10938000C9FE60E5039B53F8042B0192002A80F28A
:10939000B682019A0393524201923B7845F004054C
:1093A0009FE53B786C2B03BF7B7845F020050137A8
:1093B00045F0100595E53B78682B03BF7B7845F4B5
:1093C0000075013745F040058BE545F0100A1AF0AD
:1093D000200800F06A82039E073626F0070633460F
:1093E000D6F8048053F8086B0393012379E63B78A1
:1093F0008DF8334075E5039B53F8046B03933023DA
:109400008DF8343078238DF83530C14B069345F014
:10941000020A4FF00008022363E6AE0600F19A82CA
:10942000EC0600F14383680600F1A083A90540F132
:109430003D83039E029A56F8043B03961A7031E569
:109440003B7845F001054CE59DF83330002B7FF467
:10945000CEAD20238DF833303B7842E53B7845F0A4
:1094600080053EE5394611F8013B2A2B00F0C08308
:10947000A3F13002092A0F464FF0000B3FF632AD40
:1094800017F8013B0BEB8B0B02EB4B0BA3F13002FC
:10949000092AF5D926E5AA46012B3FF4CAAD022BCD
:1094A0003AAC12D1069A06F00F033609D35C04F8E1
:1094B000013D46EA08764FEA181856EA0803F2D149
:1094C0003AAB1B1B55460093C0E506F00703F608B0
:1094D00046EA48764FEAD808303356EA0801224671
:1094E00004F8013DF1D11AF0010FE9D0302BE7D09B
:1094F0003023023A04F8013C3AAB9B1A55460093DC
:109500001446A3E5009911940123129110910F9331
:109510000DF1440909F10809C6E6019BA3EB080611
:10952000002E7FF7A0AE102E40F35E83DFF8E4A19B
:109530005346CDE90445BA4618EE904A18EE105A43
:10954000084696461F4607E00EF1020C09F108098D
:109550009646103E102E1FDD0EF101021030102332
:10956000072ACDE90F20C9F80070C9F80430EBDDF7
:109570000EAA002800F09580294620460DF14409E6
:10958000FFF708FC00287FF4F2ADDDE90FE0103EA4
:10959000102E0EF1010CDFDCDDE904453B460146EF
:1095A00057469A463144BCF1070FCDE90FC1C9F8BF
:1095B00000A0C9F8046040F3A981002900F0C68228
:1095C00018EE101A18EE900A0EAAFFF7E3FB002817
:1095D0007FF4CDAD009BDDE90F21ABEB0306002E40
:1095E00002F101000DF144097FF743AE102EDFF8C0
:1095F00024A137DD5346CDE90445BA4618EE904A1A
:1096000018EE105A4FF0100B084694461F4607E01C
:109610000CF1020E09F108099446103E102E1ADDD5
:109620000CF101021030072AC9E9007BCDE90F20B7
:10963000EEDD0EAA20B3294620460DF14409FFF7BE
:10964000A9FB00287FF493ADDDE90FC0103E102E7A
:109650000CF1010EE4DCDDE904453B4601465746CA
:1096600070469A4631440728CDE90F01C9F800A099
:10967000C9F8046000F3EE8009F108090130F8E54B
:109680004FF0010E84460DF14409C6E718EE101A9A
:1096900018EE900A0EAAFFF77DFB00283FF416AEE5
:1096A00065E54FF0010C86460DF1440951E70029AC
:1096B00000F0E38018EE101A18EE900A0EAAFFF7D9
:1096C00069FB00287FF453ADDDE90F210DF144095A
:1096D000501CA4E502210DAB1291119301200DF154
:1096E0004409024609F10809501CB8E5102E40F360
:1096F0005682DDE90FC1DFF820A0CDE90A4510232D
:10970000544618EE105A18EE90AA08460EE000BF14
:1097100048C2050834C5050824C505080CF1020E29
:1097200009F108099446103E102E1CDD0CF10102CF
:109730001030072AC9E90043CDE90F20EEDD0EAA5B
:1097400020B3294650460DF14409FFF723FB0028BA
:109750007FF40DADDDE90FC0103E102E0CF1010EAF
:109760004FF01003E2DCA2460B9D0A9C01467246B4
:109770003144072ACDE90F21C9F800A0C9F80460D7
:1097800000F3AB8009F10809501C33E584464FF023
:10979000010E0DF14409C6E76C070F9152D5019BEC
:1097A000A3EB0804002C4DDD0DF14409102C40F30F
:1097B0000882DFF85CA40F9A0B46BB464946574621
:1097C00018EE109A18EE90AA102505E0901C0831AA
:1097D0003246103C102C18DD561C1033072EC1E900
:1097E0000075CDE90F63F1DD0EAA3BB34946504643
:1097F000FFF7D0FA00287FF4BAACDDE90F23103C64
:10980000102C02F1010011A9E6DC8946BA4619467E
:109810005F4621440728C9E900A4CDE90F017FF77D
:109820004BAD79B118EE101A18EE900A0EAAFFF798
:10983000B1FA00287FF49BAC10993DE501201A464F
:1098400011A9C6E7DDE901234245ACBF9B1843449B
:1098500002933BE500293FF455AE18EE101A18EEBE
:10986000900A0EAAFFF796FA00287FF480AC0F98B2
:10987000109901300DF14409FBE4049B002B79D1D0
:1098800001200A460DF14409E9E40F920DF1440963
:1098900055E4BBF1000F7FF4D1AB55464FF0000B00
:1098A000CDF800B03AACFFF7D1BB1AF010033CD1B1
:1098B0001AF0400200F00C81039A52F8046B0392F4
:1098C0009846B6B201230CE42D2376428DF833304E
:1098D00068EB4808AA46012307E400297FD018EE68
:1098E000101A18EE900A0EAAFFF754FA00287FF417
:1098F0003EACDDE90F210DF14409501C7AE40393DD
:109900003B78FFF7EEBA3AACFFF7A0BB09F10809C4
:109910000CF101006246A6E4AA0500F12F814FEA8E
:10992000E3781E464346FFF777BB039B53F8046B6F
:1099300003930123FFF7D5BB079B002B3FF457ABE5
:10994000079B1B78002B3FF452AB3B7845F48065B6
:10995000FFF7C7BADDE9021656F8042B0396CB17BA
:10996000C2E90013FFF79EBA039B53F8046B0393FD
:10997000FFF7B4BB02210DAB129111930DF1440915
:10998000B0E6A04A069215F0200836D0039E0736AE
:1099900026F007063246D6F8048052F8086B039288
:1099A000EA0709D556EA080206D08DF8353030238B
:1099B00045F002058DF8343025F4806A0223FFF764
:1099C00090BBAA4603E5904A0692DCE72046039640
:1099D000F7F776FC4FF0000B0090FFF737BB9DF8D0
:1099E0003320002A00F0B88001200DF133021290DC
:1099F00011920DF1440901460DE415F0100242D018
:109A0000039A52F8046B0392CAE70AF48063CDF814
:109A100000A0CDF81090BA46DDF81C9000253AACB5
:109A20001F4609E03046414600F0F4FE0A2E78F168
:109A300000031BD306468846304641460A220023CF
:109A400000F0E8FE1146303104F8011C0A22002320
:109A5000013C0135002FE5D099F80010A942E1D171
:109A6000FF2DDFD00A2E78F100035BD257463AABC8
:109A7000DDF800A0CDF81C901B1BDDF810900093C2
:109A80005546FFF7E3BA15F040013ED0039951F86F
:109A9000046B03919046B6B282E7AA46FFF7C9BAB3
:109AA000012BAA467FF4FBACFFF7C8BA039E029ACB
:109AB00056F8043B1A600396FFF7F4B95B46062B91
:109AC00028BF0623514C009303969846FFF77DBBB1
:109AD000039B1AF4007814BF53F8046B53F8046B1B
:109AE00003931CBF9046F6B20123FFF7FABA039B1B
:109AF00015F4007814BF53F8046B53F8046B039308
:109B00001CBF9046F6B2FFF7E9BA039A15F4007845
:109B100014BF52F8046B52F8046B03921CBF8846C2
:109B2000F6B23DE7099B0899E41A1A462046F7F772
:109B300075FC99F801300BB109F101093046414635
:109B40000A220023002500F065FE73E701200A4683
:109B50000DF14409FFF787BB049B002B7FF4BAADDE
:109B60000A4601200DF14409FFF77DBB039E029ACE
:109B700056F8043B03961A80FFF794B943F3C018D4
:109B80005EB24346FFF748BA886DFCF72DFFFFF73A
:109B900088BACDF800B003968346FFF757BA0F9AFC
:109BA0001099DFF86CA00132E2E518EE101A18EEF9
:109BB000900A0EAAFFF7EEF800283FF4D6AAFFF7A6
:109BC000D6BA0F98DFF848A0013022E66B6EDB07AB
:109BD00005D4AB899F0502D4A86DFCF705FF4FF0B3
:109BE000FF330293FFF7CDBADFF828A08446D9E40B
:109BF000039A7B780F4652F8041B039241EAE17BFB
:109C0000FFF76FB95CC2050848C2050870C20508B5
:109C100024C5050834C5050810B4054C8446134610
:109C200020685DF8044B0A466146FFF7FBB800BFA9
:109C30002C01002070B50C468989ADF58E6D21F0A0
:109C40000201ADF81410616E1B91E189ADF8161098
:109C5000E1690991616A0B911CA9029106914FF487
:109C6000806106460491079118A80021CDE90032D1
:109C70000891FCF7A9FEDDE9003202A93046FFF7A2
:109C8000D1F8051E07DB02A93046FCF797F900283A
:109C900018BF4FF0FF35BDF814305B0603D5A3891C
:109CA00043F04003A3811898FCF792FE28460DF577
:109CB0008E6D70BD38B50C46084D84461146204661
:109CC0001A4600232B606446E8F712FB431C00D0C1
:109CD00038BD2B68002BFBD0236038BD740E0120EB
:109CE0002DE9F047DFF880A00646DAF80000984634
:109CF0000F469146FCF770FE1A4B1B68D3F848419B
:109D000024B365681F2D26DC5EB96B1C0235DAF8BA
:109D10000000636044F82570FCF766FE0020BDE893
:109D2000F08704EB85010123C1F88890D4F88821DD
:109D3000AB401A43022EC4F88821C1F80881E4D14F
:109D4000D4F88C211343C4F88C31DEE703F5A674F4
:109D5000C3F84841D5E7DAF80000FCF745FE4FF0BC
:109D6000FF30DCE734C205085805002000B50B4C75
:109D700025681446EE681A4685B003460D464CB178
:109D800007490095CDE901143046064900F0D2F8A4
:109D900000F08CFB04490C46F3E700BF2C010020C7
:109DA00044C5050854C50508ECB0050808B51346B8
:109DB0000022FFF7DBFF00BF10B502FB01F1FCF74B
:109DC000B5FE044668B150F8042C22F00302043AB0
:109DD000242A18D8132A06D802460023C2E90033E1
:109DE0009360204610BD00231B2AC0E900330FD921
:109DF000242AC0E9023311BF00F11002036100F10F
:109E000018024361E9E70021F6F7E4FE204610BDA1
:109E100000F10802E1E700BF38B5074D0022044613
:109E200008462A6000F078FE431C00D038BD2B683D
:109E3000002BFBD0236038BD740E012070B50029C3
:109E40004BD006460C4610B1836B002B48D0636E96
:109E5000D80734D5B4F90C30002B3ED0214630461B
:109E6000FCF714F8E36A054633B1E16930469847D8
:109E70000028B8BF4FF0FF35A3891A063BD4216BE9
:109E800041B104F14003994202D03046FCF7CEFACA
:109E900000232363616C21B13046FCF7C7FA00232D
:109EA0006364FCF721FA636E0022DB07A28127D5E9
:109EB000A06DFCF78DFDFCF71DFA284670BDA38947
:109EC0009905CBD4A06DFCF787FDB4F90C30002BBD
:109ED000C4D1656E15F0010508D00025284670BD77
:109EE000FCF718F9636ED807B4D4E8E7A06DFCF767
:109EF0007BFD284670BD21693046FCF797FABEE726
:109F0000A06DFCF771FDD3E7024B01461868FFF71F
:109F100095BF00BF2C0100200CB400B583B004AB8A
:109F200053F8042B0193FEF77DFF03B05DF804EBBB
:109F300002B070470EB410B583B005AB064C53F8B1
:109F4000042B019301462068FEF76CFF03B0BDE8C7
:109F5000104003B0704700BF2C0100202DE9F047EE
:109F600082B082468846144600F002F9012803D1E7
:109F700008F1FF33FE2B36D9424604F15C0301A9F8
:109F8000504600F037FA421C064632D030B39DF8F6
:109F900004C00DF10509002509E023685A1C226060
:109FA00083F800C00135B54218D219F801CBA36877
:109FB000013B002BA360F0DAA769BB426146224651
:109FC000504602DBBCF10A0FE7D100F0AFF9431CA9
:109FD000E8D10646304602B0BDE8F0874646304636
:109FE00002B0BDE8F0875FFA88FC8DF804C0064631
:109FF000CFE7A389304643F04003A38102B0BDE818
:10A00000F08700BF30B5536E13F0010FB2F90C307A
:10A01000144683B005469AB201D198051CD5900428
:10A0200006D4626E43F4005342F40052A381626688
:10A0300022462846FFF792FF636EDA07054602D4F0
:10A04000A3899B0502D5284603B030BDA06DFCF75F
:10A05000CBFC284603B030BDA06D0191FCF7BCFCE1
:10A06000B4F90C3001999AB2D9E700BF1B4B70B517
:10A070001E6805460C460EB1B36BFBB1636E13F060
:10A08000010FB4F90C309AB201D198051FD5910493
:10A0900006D4626E43F4005342F40052A381626618
:10A0A000224629463046FFF759FF636EDA07054618
:10A0B00002D4A3899B0505D5284670BD3046FCF720
:10A0C00029F8DBE7A06DFCF78FFC284670BDA06D7A
:10A0D000FCF782FCB4F90C309AB2D8E72C010020CE
:10A0E00070B50C46084D03460026204611461C4616
:10A0F0002E6000F019FD431C00D070BD2B68002BB2
:10A10000FBD0236070BD00BF740E012038B5074D31
:10A110000022044608462A6000F016FD431C00D0C9
:10A1200038BD2B68002BFBD0236038BD740E012096
:10A1300042B110B50B4910461446F6F7E5FE18B9C2
:10A14000094810BD0848704707492046F6F7DCFE6D
:10A150000028F5D005492046F6F7D6FE0028EFD0B6
:10A16000002010BD88C5050884C50508ECB00508A9
:10A17000014B93F8280170476C09002041B110B5DC
:10A180000C4620460A49F6F7BFFE18B9094810BD2B
:10A190000848704707492046F6F7B6FE0028F5D074
:10A1A00005492046F6F7B0FE0028EFD0002010BD8C
:10A1B00088C5050884C50508ECB0050838B50C4607
:10A1C000084D8446114620461A4600232B606446FB
:10A1D00000F0CAFC431C00D038BD2B68002BFBD01C
:10A1E000236038BD740E012010B4034CD4F8E44051
:10A1F000A4465DF8044B60476C09002082B049B169
:10A200005AB16BB113780B601278101E18BF012081
:10A2100002B0704701A9002AF3D1104602B070477E
:10A220006FF00100F4E700BF38B50C46084D8446D6
:10A23000114620461A4600232B60644600F09CFC21
:10A24000431C00D038BD2B68002BFBD0236038BDE9
:10A25000740E01202DE9F0410E680C460546BEB192
:10A2600037688FB1D7F80080B8F1000F08D0D8F860
:10A27000001009B1FFF7EEFF41462846FCF7D6F87B
:10A2800039462846FCF7D2F831462846FCF7CEF886
:10A2900021462846BDE8F041FCF7C8B8224B1B68B0
:10A2A000834240D0C16C70B5054681B100268C59FF
:10A2B0003CB1214624682846FCF7B8F8002CF8D1B8
:10A2C000E96C0436802EF2D12846FCF7AFF8296CF1
:10A2D00011B12846FCF7AAF8D5F8484154B105F564
:10A2E000A676B44206D0214624682846FCF79EF89C
:10A2F000A642F8D1696D11B12846FCF797F8AB6B0F
:10A3000083B1EB6B28469847D5F8E04254B12168F9
:10A3100011B12846FFF79EFF21462846BDE8704050
:10A32000FCF784B870BD70472C010020F8B50D46CD
:10A330001446064610B1836B002B43D0B4F90C20B1
:10A34000A369A360170790B21BD52369CBB1EDB207
:10A3500081042F4622D522686169D31A994229DDEA
:10A360000133A1680139A160511C21601570626937
:10A370009A422AD0A389DB0701D50A2D25D0384679
:10A38000F8BD21463046FAF799FD20BBB4F90C2000
:10A39000236990B2EDB281042F46DCD442F400521E
:10A3A000A281626E616922F4005262662268D31A49
:10A3B0009942D5DC21463046FBF700FE58B92268A9
:10A3C0000123CEE7FBF7A6FEB8E721463046FBF7B0
:10A3D000F5FD0028D3D04FF0FF37D0E710B4044C80
:10A3E00003460A4620685DF8044B1946FFF79EBFF6
:10A3F0002C01002070B5054684B01C4639B10B4EC7
:10A40000D6F8E060B047431C09D004B070BD0A46DE
:10A410000649D1F8E06001A9B047431CF5D10022FC
:10A420008A2322602B6004B070BD00BF6C0900203D
:10A4300070B5104B84B01D68144658B10E4B0A46D7
:10A44000D3F8E060014623462846B047431C0BD0B2
:10A4500004B070BD084A2346D2F8E06001A9024664
:10A460002846B047431CF3D100228A2322602B6088
:10A4700004B070BD2C0100206C09002010B4034C06
:10A48000D4F8E040A4465DF8044B60476C09002016
:10A4900049B1FF2A02D80A70012070478A2303605D
:10A4A0004FF0FF3070470846704700BF08B50620E0
:10A4B00000F0A0F8012000F075FB00BF38B5D0F81F
:10A4C000DC420CB1002038BD80210546FCF72EFB94
:10A4D0000246C5F8DC0230B1031F7C3243F8044F5A
:10A4E0009342FBD1EEE74FF0FF3038BD1F29F8B59E
:10A4F000054609D8D0F8DC620C4617464EB156F82E
:10A50000240046F82470F8BD162303604FF0FF3096
:10A51000F8BD8021FCF70AFB0646C5F8DC0240B115
:10A52000031F00F17C05002143F8041F9D42FBD16D
:10A53000E5E74FF0FF30F8BD1F2938B5054621D8B3
:10A54000D0F8DC220C466AB152F8213053B1012B0D
:10A5500016D0591C10D00025204642F824509847A8
:10A56000284638BD284600F003F922460146284611
:10A57000BDE8384000F0E6B816230360012038BD7E
:10A58000002038BD162303604FF0FF3038BD00BFF8
:10A590001F292CD8D0F8DC2238B50C46054682B1EC
:10A5A00052F8243002EB84024BB1591C1AD0012B13
:10A5B00016D00025204615609847284638BD012052
:10A5C00038BD8021FCF7B2FA0246C5F8DC0258B16A
:10A5D000031F00217C3043F8041F9842FBD1DFE7C2
:10A5E000032038BD022038BD4FF0FF3038BD4FF09A
:10A5F000FF30704738B5154B1F281D6820D8D5F897
:10A60000DC22044662B152F820304BB1012B15D048
:10A61000591C0FD0002542F820509847284638BDD5
:10A62000284600F0A5F8224601462846BDE83840F5
:10A6300000F088B816232B60012038BD002038BDFB
:10A6400016232B604FF0FF3038BD00BF2C010020D7
:10A65000134B1F2870B51E6809D80D46D6F8DC12BA
:10A66000044649B151F8240041F8245070BD162326
:10A6700033604FF0FF3070BD80213046FCF756FA52
:10A680000146C6F8DC0240B1031F00F17C0C002239
:10A6900043F8042F6345FBD1E4E74FF0FF3070BD72
:10A6A0002C01002038B50C4B1D68D5F8DC420CB1EC
:10A6B000002038BD80212846FCF738FAC5F8DC02B6
:10A6C00038B1031F00F17C0243F8044F9342FBD1E1
:10A6D000EEE74FF0FF3038BD2C01002038B5184BA5
:10A6E0001F281D6828D8D5F8DC22044682B152F80C
:10A6F000243002EB84024BB1591C1BD0012B17D024
:10A700000025204615609847284638BD012038BDF1
:10A7100080212846FCF70AFA0246C5F8DC0258B147
:10A72000031F00217C3043F8041F8342FBD1DEE786
:10A73000032038BD022038BD4FF0FF3038BD00BFC8
:10A740002C01002070B50C46084D0346002620461B
:10A7500011461C462E6000F0FFF9431C00D070BD6E
:10A760002B68002BFBD0236070BD00BF740E01204E
:10A7700000F0E2B97BB972B90029BEBF00204FF0EA
:10A78000004106E008BF00281CBF6FF000414FF0F9
:10A79000FF3000F0BFB9ADF1080C6DE904CE00291F
:10A7A00009DB002B1ADB00F04DF8DDF804E0DDE9F1
:10A7B000022304B07047404261EB4101002B1BDBD8
:10A7C00000F040F8DDF804E0DDE9022304B0404287
:10A7D00061EB4101524263EB43037047524263EB2A
:10A7E000430300F02FF8DDF804E0DDE9022304B0B4
:10A7F000404261EB41017047524263EB430300F07A
:10A8000021F8DDF804E0DDE9022304B0524263EBF5
:10A810004303704753B94AB9002908BF00281CBF39
:10A820004FF0FF314FF0FF3000F074B9ADF1080C7C
:10A830006DE904CE00F006F8DDF804E0DDE902235E
:10A8400004B070472DE9F047089D04468E46002B62
:10A850004DD18A42944669D9B2FA82F252B101FAD4
:10A8600002F3C2F1200120FA01F10CFA02FC41EAE4
:10A87000030E94404FEA1C48210CBEFBF8F61FFA69
:10A880008CF708FB16E341EA034306FB07F1994204
:10A890000AD91CEB030306F1FF3080F01F819942B7
:10A8A00040F21C81023E63445B1AA4B2B3FBF8F091
:10A8B00008FB103344EA034400FB07F7A7420AD918
:10A8C0001CEB040400F1FF3380F00A81A74240F240
:10A8D00007816444023840EA0640E41B00261DB1AB
:10A8E000D4400023C5E900433146BDE8F0878B42E0
:10A8F00009D9002D00F0EF800026C5E9000130469F
:10A900003146BDE8F087B3FA83F6002E4AD18B4278
:10A9100002D3824200F2F980841A61EB0303012022
:10A920009E46002DE0D0C5E9004EDDE702B9FFDE0E
:10A93000B2FA82F2002A40F09280A1EB0C014FEAB9
:10A940001C471FFA8CFE0126200CB1FBF7F307FB16
:10A95000131140EA01410EFB03F0884208D91CEBB9
:10A96000010103F1FF3802D2884200F2CB80434656
:10A97000091AA4B2B1FBF7F007FB101144EA014435
:10A980000EFB00FEA64508D91CEB040400F1FF31C4
:10A9900002D2A64500F2BB800846A4EB0E0440EAB2
:10A9A00003409CE7C6F12007B34022FA07FC4CEABB
:10A9B000030C20FA07F401FA06F31C43F9404FEAAE
:10A9C0001C4900FA06F3B1FBF9F8200C1FFA8CFEC3
:10A9D00009FB181140EA014108FB0EF0884202FA17
:10A9E00006F20BD91CEB010108F1FF3A80F08880D8
:10A9F000884240F28580A8F102086144091AA4B295
:10AA0000B1FBF9F009FB101144EA014100FB0EFE15
:10AA10008E4508D91CEB010100F1FF346CD28E4544
:10AA20006AD90238614440EA0840A0FB0294A1EBD5
:10AA30000E01A142C846A64656D353D05DB1B3EB32
:10AA4000080261EB0E0101FA07F722FA06F3F14062
:10AA50001F43C5E9007100263146BDE8F087C2F109
:10AA60002003D8400CFA02FC21FA03F39140014381
:10AA70004FEA1C471FFA8CFEB3FBF7F007FB1036BA
:10AA80000B0C43EA064300FB0EF69E4204FA02F466
:10AA900008D91CEB030300F1FF382FD29E422DD9B9
:10AAA000023863449B1B89B2B3FBF7F607FB1633EE
:10AAB00041EA034106FB0EF38B4208D91CEB01016E
:10AAC00006F1FF3816D28B4214D9023E6144C91AEE
:10AAD00046EA004638E72E46284605E70646E3E6FE
:10AAE0001846F8E64B45A9D2B9EB020864EB0C0E08
:10AAF0000138A3E74646EAE7204694E74046D1E717
:10AB0000D0467BE7023B614432E7304609E76444C4
:10AB1000023842E7704700BF024B58221A604FF0DC
:10AB2000FF307047740E0120024B58221A604FF01C
:10AB3000FF307047740E0120024B58221A604FF00C
:10AB4000FF307047740E0120024B58221A6000201B
:10AB5000704700BF740E0120024B58221A604FF05C
:10AB6000FF307047740E0120024B58221A604FF0DC
:10AB7000FF307047740E0120024B58221A604FF0CC
:10AB8000FF307047740E0120044A05491368002BFA
:10AB900008BF0B461844106018467047780E012015
:10ABA000800E0120FEE700BFF8B500BFF8BC08BC6E
:10ABB0009E467047F8B500BFF8BC08BC9E4670477B
:10ABC0003A3D0A3D0F3D243D323D023D053D133DDA
:10ABD0000D3D0C3D233D113D263D013D173D083DFA
:10ABE000093D000000000000000000000102030415
:10ABF0000607080900000000010203045461736B9A
:10AC0000206372656174696F6E206661696C65644A
:10AC1000210000005043414E2D526F757465725FE4
:10AC200050726F5F46440000005A620201003F000C
:10AC3000101060000100010007020200005A6202C9
:10AC400001003F0010106000010001000702020037
:10AC5000005A620201003F00101060000100010074
:10AC600007020200005A620201003F00101060005B
:10AC70000100010007020200005A620201003F00C9
:10AC8000101060000100010007020200005A620279
:10AC900001003F00101060000100010007020200E7
:10ACA00000B4C40404007F00202060000100040000
:10ACB0000702020000B4C40404007F0020206000EA
:10ACC000010004000702020000B4C40404007F0075
:10ACD00020206000010004000702020000B4C40448
:10ACE00004007F0020206000010004000702020031
:10ACF00000B4C40404007F002020600001000400B0
:10AD00000702020000B4C40404007F002020600099
:10AD1000010004000702020063616C6C20626F6F27
:10AD2000746C6F616465722100000000030300020F
:10AD300001030303030203030303030314001800C6
:10AD40001800180018001C001C001C001C0020002B
:10AD5000240028002C003400440054001400180083
:10AD60001800180018001C001C001C001C001C000F
:10AD70001C001C001C001C001C001C00000000002B
:10AD80000000000000000000080B0120340000005B
:10AD90003C0B0120500000000000000000000000FB
:10ADA0008C0B012044000000180C01200001000061
:10ADB000280000000000000000000000000000006B
:10ADC00000000000D00B012044000000180D0120FD
:10ADD0000001000001000000000000000000000071
:10ADE0000000000000000000000000000000000063
:10ADF0000000000000000000000000000000000053
:10AE00000000000000000000000000000000000042
:10AE10000000000000000000030000008813000094
:10AE200005000000C88A002010000000000000009B
:10AE30000000000000000000000000000000000012
:10AE400000000000088B00200080000000000000CF
:10AE500000000000000000000000000000000000F2
:10AE600000000000000000000000000000100000D2
:10AE7000BCAD050898AD050880AD050804000000CC
:10AE800000000000030000000000000000000000BF
:10AE90005B46575D20204A554D5020424F4F542865
:10AEA000736F667420524553455429005B46575DC5
:10AEB00020204A554D502046572852455345542985
:10AEC000000000005B434845434B5D205544502043
:10AED000504342206E6F7420696E697469616C69B9
:10AEE0007A6564005B434845434B5D20706275663C
:10AEF0005F616C6C6F63206661696C656400000063
:10AF00005B434845434B5D207564705F73656E64B9
:10AF1000206661696C65643A2025640A00000000BF
:10AF200043616E206E6F742063726561746520707A
:10AF3000636231200A0000005B434845434B5D20BB
:10AF40007461736B206372656174696F6E206661F2
:10AF5000696C6564212C206E6F7420656E6F756757
:10AF60006820746F74616C2068656170206D656D18
:10AF70006F7279007564705F73656E640000000025
:10AF80005245534554205353534141410000000062
:10AF9000534F465420524553455420535353414137
:10AFA0004100000074AF0508000000000000000030
:10AFB0000000000000000000000800001800000071
:10AFC00000000000000000005B46575D2020535445
:10AFD00041525420465700005B434845434B5D00B7
:10AFE0005B46575D000000002E2F7372632F746163
:10AFF000736B30312E63000025732F257328256471
:10B00000292000005461736B312054657374212131
:10B01000210A000025732573000000005461736B42
:10B02000303100007461736B30315F746872656138
:10B03000640000001CB005080000000000000000D3
:10B0400000000000000000000014000009000000E3
:10B0500000000000000000002E2F7372632F746147
:10B06000736B30322E6300005461736B3220546571
:10B0700073742121210A00005461736B3032000087
:10B080007461736B30325F746872656164000000D4
:10B0900078B005080000000000000000000000007B
:10B0A00000000000001400000A0000000000000082
:10B0B000000000002F3430342E68746D6C000000E6
:10B0C0002F3430342E68746D000000002F3430347B
:10B0D0002E7368746D6C00000D0A00004745542003
:10B0E00000000000200000000D0A0D0A0000000012
:10B0F0002F696E6465782E7368746D6C00000000B3
:10B100002F696E6465782E73736900002F696E6411
:10B1100065782E7368746D002F696E6465782E688B
:10B12000746D6C002F696E6465782E68746D000014
:10B13000F0B005080100000000B1050801000000A2
:10B140000CB105080100000018B10508000000005E
:10B1500024B10508000000002F696E6465782E6830
:10B16000746D6C00485454502F312E3020323030E2
:10B17000204F4B0D0A5365727665723A206C774901
:10B18000502F322E302E33642028687474703A2F7A
:10B190002F736176616E6E61682E6E6F6E676E756D
:10B1A0002E6F72672F70726F6A656374732F6C777E
:10B1B0006970290D0A436F6E74656E742D4C656E4F
:10B1C0006774683A20313735310D0A436F6E746504
:10B1D0006E742D547970653A20746578742F687494
:10B1E0006D6C0D0A0D0A3C68746D6C3E0D0A3C686E
:10B1F0006561643E3C7469746C653E6C77495020AF
:10B200002D2041204C6967687477656967687420F0
:10B210005443502F495020537461636B3C2F746921
:10B22000746C653E3C2F686561643E0D0A3C626F3C
:10B230006479206267636F6C6F723D22776869740E
:10B24000652220746578743D22626C61636B223ED6
:10B250000D0A0D0A202020203C7461626C65207765
:10B26000696474683D2231303025223E0D0A202069
:10B27000202020203C74722076616C69676E3D222C
:10B28000746F70223E3C74642077696474683D2258
:10B290003830223E0920200D0A0920203C61206818
:10B2A0007265663D22687474703A2F2F7777772E17
:10B2B000736963732E73652F223E3C696D6720733B
:10B2C00072633D222F696D672F736963732E6769FF
:10B2D00066220D0A092020626F726465723D223079
:10B2E0002220616C743D2253494353206C6F676F79
:10B2F00022207469746C653D2253494353206C6F5E
:10B30000676F223E3C2F613E0D0A093C2F74643E5C
:10B310003C74642077696474683D22353030223E85
:10B320000920200D0A0920203C68313E6C774950E5
:10B33000202D2041204C69676874776569676874BF
:10B34000205443502F495020537461636B3C2F6845
:10B35000313E0D0A0920203C703E0D0A09202020B4
:10B360002054686520776562207061676520796F79
:10B370007520617265207761746368696E672077F4
:10B380006173207365727665642062792061207331
:10B39000696D706C65207765620D0A092020202098
:10B3A0007365727665722072756E6E696E67206F56
:10B3B0006E20746F70206F6620746865206C6967FA
:10B3C0006874776569676874205443502F4950202A
:10B3D000737461636B203C610D0A09202020206892
:10B3E0007265663D22687474703A2F2F7777772ED6
:10B3F000736963732E73652F7E6164616D2F6C7743
:10B4000069702F223E6C7749503C2F613E2E0D0A09
:10B410000920203C2F703E0D0A0920203C703E0D73
:10B420000A09202020206C77495020697320616E22
:10B43000206F70656E20736F7572636520696D7023
:10B440006C656D656E746174696F6E206F662074D3
:10B450006865205443502F49500D0A0920202020B0
:10B4600070726F746F636F6C20737569746520748C
:10B4700068617420776173206F726967696E616CAF
:10B480006C79207772697474656E206279203C61F2
:10B490000D0A0920202020687265663D22687474B8
:10B4A000703A2F2F7777772E736963732E73652F1A
:10B4B0007E6164616D2F6C7769702F223E416461FB
:10B4C0006D2044756E6B656C730D0A092020202079
:10B4D0006F662074686520537765646973682049D6
:10B4E0006E73746974757465206F6620436F6D7038
:10B4F0007574657220536369656E63653C2F613EA8
:10B5000020627574206E6F772069730D0A09202000
:10B5100020206265696E67206163746976656C7965
:10B5200020646576656C6F706564206279206120A7
:10B530007465616D206F6620646576656C6F7065FB
:10B5400072730D0A09202020206469737472696285
:10B550007574656420776F726C642D776964652EED
:10B560002053696E636520697427732072656C656A
:10B570006173652C206C774950206861730D0A094E
:10B5800020202020737075727265642061206C6FBA
:10B5900074206F6620696E74657265737420616EC5
:10B5A0006420686173206265656E20706F727465D7
:10B5B0006420746F207365766572616C0D0A0920D2
:10B5C000202020706C6174666F726D7320616E64F0
:10B5D000206F7065726174696E672073797374652A
:10B5E0006D732E206C7749502063616E2062652058
:10B5F00075736564206569746865720D0A09202099
:10B60000202077697468206F7220776974686F757D
:10B610007420616E20756E6465726C79696E672046
:10B620004F532E0D0A0920203C2F703E0D0A092091
:10B63000203C703E0D0A09202020205468652066B9
:10B640006F637573206F6620746865206C7749504E
:10B65000205443502F495020696D706C656D656EA4
:10B66000746174696F6E20697320746F20726564F1
:10B670007563650D0A0920202020746865205241F9
:10B680004D207573616765207768696C65207374F8
:10B69000696C6C20686176696E6720612066756CE4
:10B6A0006C207363616C65205443502E205468698C
:10B6B000730D0A09202020206D616B6573206C7763
:10B6C0004950207375697461626C6520666F7220E1
:10B6D00075736520696E20656D62656464656420BC
:10B6E00073797374656D7320776974682074656EFF
:10B6F000730D0A09202020206F66206B696C6F6231
:10B7000079746573206F6620667265652052414DBD
:10B7100020616E6420726F6F6D20666F722061729F
:10B720006F756E64203430206B696C6F627974655C
:10B73000730D0A09202020206F6620636F64652046
:10B74000524F4D2E0D0A0920203C2F703E0D0A0944
:10B7500020203C703E0D0A09202020204D6F72658C
:10B7600020696E666F726D6174696F6E2061626FC1
:10B770007574206C7749502063616E206265206685
:10B780006F756E6420617420746865206C77495011
:10B790000D0A0920202020686F6D657061676520A3
:10B7A0006174203C610D0A092020202068726566C2
:10B7B0003D22687474703A2F2F736176616E6E61EA
:10B7C000682E6E6F6E676E752E6F72672F70726F58
:10B7D0006A656374732F6C7769702F223E68747486
:10B7E000703A2F2F736176616E6E61682E6E6F6E88
:10B7F000676E752E6F72672F70726F6A65637473F0
:10B800002F6C7769702F3C2F613E0D0A0920202094
:10B81000206F7220617420746865206C7749502015
:10B8200077696B69206174203C610D0A0920202032
:10B8300020687265663D22687474703A2F2F6C77A9
:10B8400069702E77696B69612E636F6D2F223E6878
:10B850007474703A2F2F6C7769702E77696B6961F9
:10B860002E636F6D2F3C2F613E2E0D0A0920203C68
:10B870002F703E0D0A093C2F74643E3C74643E0DEB
:10B880000A092020266E6273703B0D0A093C2F7452
:10B89000643E3C2F74723E0D0A2020202020203C64
:10B8A0002F7461626C653E0D0A3C2F626F64793EB5
:10B8B0000D0A3C2F68746D6C3E0D0A0D0A000000E5
:10B8C000D4B8050858B1050864B105085907000047
:10B8D00003000000E8B80508FCB8050808B9050829
:10B8E000C20200000300000000000000CCBB0508FD
:10B8F000DCBB050855030000030000002F34303482
:10B900002E68746D6C000000485454502F312E3056
:10B91000203430342046696C65206E6F7420666F69
:10B92000756E640D0A5365727665723A206C7749BC
:10B93000502F322E302E33642028687474703A2FC2
:10B940002F736176616E6E61682E6E6F6E676E75B5
:10B950002E6F72672F70726F6A656374732F6C77C6
:10B960006970290D0A436F6E74656E742D4C656E97
:10B970006774683A203536350D0A436F6E74656E0C
:10B98000742D547970653A20746578742F68746DDD
:10B990006C0D0A0D0A3C68746D6C3E0D0A3C6865BE
:10B9A00061643E3C7469746C653E6C774950202D2F
:10B9B0002041204C69676874776569676874205412
:10B9C00043502F495020537461636B3C2F7469744A
:10B9D0006C653E3C2F686561643E0D0A3C626F6495
:10B9E00079206267636F6C6F723D22776869746556
:10B9F0002220746578743D22626C61636B223E0D77
:10BA00000A0D0A202020203C7461626C6520776951
:10BA10006474683D2231303025223E0D0A202020FA
:10BA20002020203C74722076616C69676E3D227420
:10BA30006F70223E3C74642077696474683D2238DC
:10BA400030223E0920200D0A0920203C6120687226
:10BA500065663D22687474703A2F2F7777772E735E
:10BA60006963732E73652F223E3C696D6720737284
:10BA7000633D222F696D672F736963732E67696653
:10BA8000220D0A092020626F726465723D22302205
:10BA900020616C743D2253494353206C6F676F22C1
:10BAA000207469746C653D2253494353206C6F6761
:10BAB0006F223E3C2F613E0D0A093C2F74643E3CD0
:10BAC00074642077696474683D22353030223E0901
:10BAD00020200D0A0920203C68313E6C7749502017
:10BAE0002D2041204C696768747765696768742008
:10BAF0005443502F495020537461636B3C2F68317D
:10BB00003E0D0A0920203C68323E343034202D207E
:10BB100050616765206E6F7420666F756E643C2F90
:10BB200068323E0D0A0920203C703E0D0A09202093
:10BB30002020536F7272792C2074686520706167C1
:10BB40006520796F75206172652072657175657306
:10BB500074696E6720776173206E6F7420666F75ED
:10BB60006E64206F6E20746869730D0A09202020AE
:10BB7000207365727665722E200D0A0920203C2FF5
:10BB8000703E0D0A093C2F74643E3C74643E0D0AFD
:10BB9000092020266E6273703B0D0A093C2F7464E5
:10BBA0003E3C2F74723E0D0A2020202020203C2F86
:10BBB0007461626C653E0D0A3C2F626F64793E0DC4
:10BBC0000A3C2F68746D6C3E0D0A00002F696D678A
:10BBD0002F736963732E67696600000048545450E0
:10BBE0002F312E3020323030204F4B0D0A536572EA
:10BBF0007665723A206C7749502F322E302E33649E
:10BC00002028687474703A2F2F736176616E6E61AC
:10BC1000682E6E6F6E676E752E6F72672F70726F03
:10BC20006A656374732F6C776970290D0A436F6EB0
:10BC300074656E742D4C656E6774683A20373234C3
:10BC40000D0A436F6E74656E742D547970653A20D9
:10BC5000696D6167652F6769660D0A0D0A47494678
:10BC600038396146002200A50000D92B396A6A6A7A
:10BC7000BFBFBF9393930F0F0FB0B0B0A6A6A6801F
:10BC800080807676761E1E1E9D9D9D2E2E2E494905
:10BC9000495454548A8A8A606060C6A699BDB5B278
:10BCA000C2ABA1D94140D56755C0B0AAD55E4ED62A
:10BCB0005045CC937DC8A190CE8B76D27B65D18444
:10BCC0006DC999863A3A3A000000B8B8B8FFFFFF4C
:10BCD000FFFFFFFFFFFFFFFFFFFFFFFFFFFFFFFF74
:10BCE000FFFFFFFFFFFFFFFFFFFFFFFFFFFFFFFF64
:10BCF000FFFFFFFFFFFFFFFFFFFFFFFFFFFFFFFF54
:10BD0000FFFFFFFFFFFFFFFFFFFFFFFFFFFFFFFF43
:10BD1000FFFFFFFFFFFFFFFFFFFFFFFFFFFFFFFF33
:10BD2000FFFFFFFFFFFFFFFFFFFF2C0000000046AB
:10BD30000022000006FE409070482C1A8FC8A472A2
:10BD4000C96C3A9FD0A8744AAD5AAFD8AC76A94016
:10BD500004BE83E2603C50200D8E6F0031281C0D24
:10BD600007B5C36075243EF8FC871106E93D460718
:10BD70000B7A7A7C43061E84780B076E51018A8405
:10BD8000087E79808789917A930A049978964F037F
:10BD90009E7901949F439CA3A40577A3A04E987914
:10BDA0000B1E83A4A61F96059DAA78010784041E76
:10BDB0001EBBB851840E43050777A57F42B1B2017F
:10BDC00063080DBB010C7A0D440ED8AF4C057A0404
:10BDD000470707B780A2E17D4405010401D0EA8747
:10BDE000934FE09A49CED87904662015101011922D
:10BDF0002980B6C09115451E90197146A85C040EA5
:10BE000000224EE840249F3E0406A758D493A01C6D
:10BE1000913FE8F08803B121A249001986FC524401
:10BE2000E0019D2921152550F767251E06FD4E9A34
:10BE3000B490AC15FACB52531E8CF2F807922D0831
:10BE40003A4D12499549DB1404C4148529AAE70127
:10BE500008A449011451E05391D529061A6402F44B
:10BE6000C7819E05202264A530AEAB9E9753D8B9FA
:10BE7000FD50EF9302427434E89C2021C901687898
:10BE8000E6552920564F4C40517182C070212285C1
:10BE9000BE4B1C4405EAA401BF22B5F01C06513874
:10BEA0008FE022EC18AC3922D4D69344013282C8F8
:10BEB000FC61B301450C2E8330D00E17240F708522
:10BEC00094EE0505534B321B3F98D31D2981B0AE2C
:10BED0001E8C7E68E0605A548FB078697306A200A9
:10BEE0006B57CA3D1150BD04304B3AD4AB5F1F9B1A
:10BEF0003D137427883C25E017BE7A79450D0CB0B8
:10BF00008BDA90CA80065D17601C224CD857220637
:10BF10002000980708E45680801CC5B7C5820C36FF
:10BF2000E8E083104628E184145668A1104100001F
:10BF30003B000000FFFFFFFF00000000746370691A
:10BF4000705F746872656164000000002000040086
:10BF500048590020CC5900204CBF050810C00508E6
:10BF600004C00508F8BF0508ECBF0508E0BF0508D8
:10BF7000D4BF0508C8BF0508BCBF0508B0BF050889
:10BF8000A4BF050898BF05088CBF05086002100013
:10BF9000D4590020D059002010001000DC7F002070
:10BFA000D87F002010000500E4800020E080002001
:10BFB000100008003C81002038810020100008009B
:10BFC000C4810020C0810020280004004C82002091
:10BFD0004882002010000200F4820020F08200203D
:10BFE00018000F001C83002018830020200005008B
:10BFF0008C840020888400201000100034850020EC
:10C00000308500201C0008003C8600203886002077
:10C010009C0005002487002020870020FA000000F3
:10C020006D9E0408E803000071500408E803000056
:10C03000D542040860EA0000C53D0408F401000090
:10C04000A53F040805000000434C4F534544000041
:10C050004C495354454E000053594E5F53454E547E
:10C060000000000053594E5F524356440000000048
:10C0700045535441424C49534845440046494E5F5C
:10C08000574149545F31000046494E5F574149547A
:10C090005F320000434C4F53455F57414954000005
:10C0A000434C4F53494E47004C4153545F41434B1F
:10C0B0000000000054494D455F57414954000000BD
:10C0C000848A0020888A0020908A0020988A002094
:10C0D00003060C1830607800010203040506070708
:10C0E000070707070700000048C0050850C00508FB
:10C0F00058C0050864C0050870C005087CC0050864
:10C1000088C0050894C00508A0C00508A8C0050897
:10C11000B4C00508FFFFFFFFFFFF000000000000A4
:10C12000000000005254582056352E352E310000A4
:10C1300000202020202020202020282828282820F7
:10C1400020202020202020202020202020202020EF
:10C150002088101010101010101010101010101057
:10C160001004040404040404040404101010101047
:10C170001010414141414141010101010101010111
:10C180000101010101010101010101011010101063
:10C1900010104242424242420202020202020202E3
:10C1A0000202020202020202020202021010101037
:10C1B000200000000000000000000000000000005F
:10C1C000000000000000000000000000000000006F
:10C1D000000000000000000000000000000000005F
:10C1E000000000000000000000000000000000004F
:10C1F000000000000000000000000000000000003F
:10C20000000000000000000000000000000000002E
:10C21000000000000000000000000000000000001E
:10C22000000000000000000000000000000000000E
:10C230000000000030010020494E4600696E660093
:10C240004E414E006E616E00303132333435363738
:10C250003839616263646566000000003031323352
:10C2600034353637383941424344454600000000F2
:10C27000286E756C6C290000300000002020202002
:10C28000202020202020202020202020303030306E
:10C2900030303030303030303030303020202020DE
:10C2A000202020202020202020202020303030304E
:10C2B0003030303030303030303030304E614E0041
:10C2C000496E66696E6974790000000042616C6CA9
:10C2D0006F632073756363656564656400000000C7
:10C2E0002F6D6E742F776F726B73706163652F772C
:10C2F0006F726B73706163652F4743432D31302D2F
:10C30000706970656C696E652F6A656E6B696E73B6
:10C310002D4743432D31302D706970656C696E6512
:10C320002D34385F32303230313132345F31363093
:10C33000363138303634312F7372632F6E65776C37
:10C3400069622F6E65776C69622F6C6962632F7307
:10C3500074646C69622F64746F612E630000000066
:10C360002F6D6E742F776F726B73706163652F77AB
:10C370006F726B73706163652F4743432D31302DAE
:10C38000706970656C696E652F6A656E6B696E7336
:10C390002D4743432D31302D706970656C696E6592
:10C3A0002D34385F32303230313132345F31363013
:10C3B000363138303634312F7372632F6E65776CB7
:10C3C00069622F6E65776C69622F6C6962632F7387
:10C3D00074646C69622F6D707265632E6300000077
:10C3E0000080E03779C34143176E05B5B5B8934671
:10C3F000F5F93FE9034F384D321D30F94877825A3D
:10C400003CBF737FDD4F1575000000000000F03F5A
:10C41000000000000000244000000000000059401F
:10C420000000000000408F40000000000088C34072
:10C4300000000000006AF8400000000080842E41E7
:10C4400000000000D01263410000000084D7974133
:10C450000000000065CDCD41000000205FA0024239
:10C46000000000E876483742000000A2941A6D42AE
:10C47000000040E59C30A2420000901EC4BCD642A1
:10C4800000003426F56B0C430080E03779C341434C
:10C4900000A0D8855734764300C84E676DC1AB43C2
:10C4A000003D9160E458E143408CB5781DAF1544E0
:10C4B00050EFE2D6E41A4B4492D54D06CFF08044BB
:10C4C000F64AE1C7022DB544B49DD9794378EA44D0
:10C4D000BC89D897B2D29C3C33A7A8D523F649395A
:10C4E0003DA7F444FD0FA5329D978CCF08BA5B257C
:10C4F000436FAC642806C80A05000000190000005C
:10C500007D0000002020202020202020202020202E
:10C51000202020203030303030303030303030305B
:10C5200030303030202020202020202020202020CB
:10C53000202020203030303030303030303030303B
:10C54000303030302C2066756E6374696F6E3A201F
:10C5500000000000617373657274696F6E2022259C
:10C560007322206661696C65643A2066696C652097
:10C57000222573222C206C696E6520256425732585
:10C58000730A000043000000504F53495800000058
:10C590002E0000003A3D0A3D0F3D243D323D023D54
:10C5A000053D133D0D3D0C3D233D113D263D013D17
:0CC5B000173D083D093D000000000000A0
:08C5BC008440FE7F0100000035
:10C5C400ECC5050860000020A102000070D0050839
:08C5D400000000C0000000009F
:10C5DC000000002018000000000000C00000000057
:10C5EC000000000000C2EB0B2FC1050890AF05083E
:10C5FC0080AF050800C000006E19000000C00000EC
:10C60C00010000001000000024C10508D1B3FB029A
:10C61C00000000000000000000000000000000000E
:10C62C0000000000000000000000000000000000FE
:10C63C0000000000000000000000000000000000EE
:10C64C0000000000000000000000000000000000DE
:10C65C0000000000000000000000000000000000CE
:10C66C0000000000000000000000000000000000BE
:10C67C0000000000000000000000000000000000AE
:10C68C00000000000000000000000000000000009E
:10C69C00000000000000000000000000000000008E
:10C6AC00000000000000000000000000300100202D
:10C6BC00000000001C04002084040020EC04002076
:10C6CC00000000000000000000000000000000005E
:10C6DC00000000000000000000000000000000004E
:10C6EC00000000000000000000000000000000003E
:10C6FC00000000000000000000000000000000002E
:10C70C00000000000000000000000000000000001D
:10C71C00000000000000000000000000000000000D
:10C72C0000000000000000000000000000000000FD
:10C73C0000000000000000000000000000000000ED
:10C74C0000000000000000000000000000000000DD
:10C75C0000000000000000000100000000000000CC
:10C76C000E33CDAB34126DE6ECDE05000B00000091
:10C77C0000000000000000000000000000000000AD
:10C78C00000000000000000000000000000000009D
:10C79C00000000000000000000000000000000008D
:10C7AC00000000000000000000000000000000007D
:10C7BC00000000000000000000000000000000006D
:10C7CC00000000000000000000000000000000005D
:10C7DC00000000000000000000000000000000004D
:10C7EC00000000000000000000000000000000003D
:10C7FC00000000000000000000000000000000002D
:10C80C00000000000000000000000000000000001C
:10C81C00000000000000000000000000000000000C
:10C82C0000000000000000000000000000000000FC
:10C83C0000000000000000000000000000000000EC
:10C84C0000000000000000000000000000000000DC
:10C85C0000000000000000000000000000000000CC
:10C86C0000000000000000000000000000000000BC
:10C87C0000000000000000000000000000000000AC
:10C88C00000000000000000000000000000000009C
:10C89C00000000000000000000000000000000008C
:10C8AC00000000000000000000000000000000007C
:10C8BC00000000000000000000000000000000006C
:10C8CC00000000000000000000000000000000005C
:10C8DC00000000000000000000000000000000004C
:10C8EC00000000000000000000000000000000003C
:10C8FC00000000000000000000000000000000002C
:10C90C00000000000000000000000000000000001B
:10C91C00000000000000000000000000000000000B
:10C92C0000000000000000000000000000000000FB
:10C93C0000000000000000000000000000000000EB
:10C94C0000000000000000000000000000000000DB
:10C95C0000000000000000000000000000000000CB
:10C96C0000000000000000000000000000000000BB
:10C97C0000000000000000000000000000000000AB
:10C98C00000000000000000000000000000000009B
:10C99C00000000000000000000000000000000008B
:10C9AC00000000000000000000000000000000007B
:10C9BC00000000000000000000000000000000006B
:10C9CC00000000000000000000000000000000005B
:10C9DC00000000000000000000000000000000004B
:10C9EC00000000000000000000000000000000003B
:10C9FC00000000000000000000000000000000002B
:10CA0C00000000000000000000000000000000001A
:10CA1C00000000000000000000000000000000000A
:10CA2C0000000000000000000000000000000000FA
:10CA3C0000000000000000000000000000000000EA
:10CA4C0000000000000000000000000000000000DA
:10CA5C0000000000000000000000000000000000CA
:10CA6C0000000000000000000000000000000000BA
:10CA7C0000000000000000000000000000000000AA
:10CA8C00000000000000000000000000000000009A
:10CA9C00000000000000000000000000000000008A
:10CAAC00000000000000000000000000000000007A
:10CABC00000000000000000000000000000000006A
:10CACC00000000000000000000000000000000005A
:10CADC000000000000000000200E012000000000FB
:10CAEC00000000005C0500205C05002064050020AF
:10CAFC00640500206C0500206C05002074050020E6
:10CB0C00740500207C0500207C0500208405002095
:10CB1C00840500208C0500208C0500209405002045
:10CB2C00940500209C0500209C050020A4050020F5
:10CB3C00A4050020AC050020AC050020B4050020A5
:10CB4C00B4050020BC050020BC050020C405002055
:10CB5C00C4050020CC050020CC050020D405002005
:10CB6C00D4050020DC050020DC050020E4050020B5
:10CB7C00E4050020EC050020EC050020F405002065
:10CB8C00F4050020FC050020FC0500200406002014
:10CB9C00040600200C0600200C06002014060020C1
:10CBAC00140600201C0600201C0600202406002071
:10CBBC00240600202C0600202C0600203406002021
:10CBCC00340600203C0600203C06002044060020D1
:10CBDC00440600204C0600204C0600205406002081
:10CBEC00540600205C0600205C0600206406002031
:10CBFC00640600206C0600206C06002074060020E1
:10CC0C00740600207C0600207C0600208406002090
:10CC1C00840600208C0600208C0600209406002040
:10CC2C00940600209C0600209C060020A4060020F0
:10CC3C00A4060020AC060020AC060020B4060020A0
:10CC4C00B4060020BC060020BC060020C406002050
:10CC5C00C4060020CC060020CC060020D406002000
:10CC6C00D4060020DC060020DC060020E4060020B0
:10CC7C00E4060020EC060020EC060020F406002060
:10CC8C00F4060020FC060020FC060020040700200F
:10CC9C00040700200C0700200C07002014070020BC
:10CCAC00140700201C0700201C070020240700206C
:10CCBC00240700202C0700202C070020340700201C
:10CCCC00340700203C0700203C07002044070020CC
:10CCDC00440700204C0700204C070020540700207C
:10CCEC00540700205C0700205C070020640700202C
:10CCFC00640700206C0700206C07002074070020DC
:10CD0C00740700207C0700207C070020840700208B
:10CD1C00840700208C0700208C070020940700203B
:10CD2C00940700209C0700209C070020A4070020EB
:10CD3C00A4070020AC070020AC070020B40700209B
:10CD4C00B4070020BC070020BC070020C40700204B
:10CD5C00C4070020CC070020CC070020D4070020FB
:10CD6C00D4070020DC070020DC070020E4070020AB
:10CD7C00E4070020EC070020EC070020F40700205B
:10CD8C00F4070020FC070020FC070020040800200A
:10CD9C00040800200C0800200C08002014080020B7
:10CDAC00140800201C0800201C0800202408002067
:10CDBC00240800202C0800202C0800203408002017
:10CDCC00340800203C0800203C08002044080020C7
:10CDDC00440800204C0800204C0800205408002077
:10CDEC00540800205C0800205C0800206408002027
:10CDFC00640800206C0800206C08002074080020D7
:10CE0C00740800207C0800207C0800208408002086
:10CE1C00840800208C0800208C0800209408002036
:10CE2C00940800209C0800209C080020A4080020E6
:10CE3C00A4080020AC080020AC080020B408002096
:10CE4C00B4080020BC080020BC080020C408002046
:10CE5C00C4080020CC080020CC080020D4080020F6
:10CE6C00D4080020DC080020DC080020E4080020A6
:10CE7C00E4080020EC080020EC080020F408002056
:10CE8C00F4080020FC080020FC0800200409002005
:10CE9C00040900200C0900200C09002014090020B2
:10CEAC00140900201C0900201C0900202409002062
:10CEBC00240900202C0900202C0900203409002012
:10CECC00340900203C0900203C09002044090020C2
:10CEDC00440900204C0900204C0900205409002072
:10CEEC0054090020FFFFFFFF000002004300000078
:10CEFC000000000000000000000000000000000026
:10CF0C0000000000000000000000000043000000D2
:10CF1C000000000000000000000000000000000005
:10CF2C0000000000000000000000000043000000B2
:10CF3C0000000000000000000000000000000000E5
:10CF4C000000000000000000000000004300000092
:10CF5C0000000000000000000000000000000000C5
:10CF6C000000000000000000000000004300000072
:10CF7C0000000000000000000000000000000000A5
:10CF8C000000000000000000000000004300000052
:10CF9C000000000000000000000000000000000085
:10CFAC000000000000000000000000004300000032
:10CFBC000000000000000000000000000000000065
:10CFCC0000000000000000000000000091A4050813
:10CFDC00FDA105080000000030C1050890C505083A
:10CFEC00ECB00508ECB00508ECB00508ECB0050891
:10CFFC00ECB00508ECB00508ECB00508ECB0050881
:10D00C00ECB00508FFFFFFFFFFFFFFFFFFFFFFFF77
:10D01C00FFFF00000100415343494900000000009C
:10D02C0000000000000000000000000000000000F4
:10D03C00000000000000415343494900000000007B
:10D04C0000000000000000000000000000000000D4
:10D05C000000000000000000914F050825060408A0
:04D06C0001060408AD
:04000005080406C124
:00000001FF
