   1              		.cpu cortex-m7
   2              		.arch armv7e-m
   3              		.fpu fpv5-d16
   4              		.eabi_attribute 28, 1
   5              		.eabi_attribute 20, 1
   6              		.eabi_attribute 21, 1
   7              		.eabi_attribute 23, 3
   8              		.eabi_attribute 24, 1
   9              		.eabi_attribute 25, 1
  10              		.eabi_attribute 26, 1
  11              		.eabi_attribute 30, 2
  12              		.eabi_attribute 34, 1
  13              		.eabi_attribute 18, 4
  14              		.file	"api_msg.c"
  15              		.text
  16              	.Ltext0:
  17              		.cfi_sections	.debug_frame
  18              		.file 1 "./lwip-2.1.2/src/api/api_msg.c"
  19              		.align	1
  20              		.p2align 2,,3
  21              		.syntax unified
  22              		.thumb
  23              		.thumb_func
  25              	recv_udp:
  26              	.LVL0:
  27              	.LFB172:
   1:./lwip-2.1.2/src/api/api_msg.c **** /**
   2:./lwip-2.1.2/src/api/api_msg.c ****  * @file
   3:./lwip-2.1.2/src/api/api_msg.c ****  * Sequential API Internal module
   4:./lwip-2.1.2/src/api/api_msg.c ****  *
   5:./lwip-2.1.2/src/api/api_msg.c ****  */
   6:./lwip-2.1.2/src/api/api_msg.c **** 
   7:./lwip-2.1.2/src/api/api_msg.c **** /*
   8:./lwip-2.1.2/src/api/api_msg.c ****  * Copyright (c) 2001-2004 Swedish Institute of Computer Science.
   9:./lwip-2.1.2/src/api/api_msg.c ****  * All rights reserved.
  10:./lwip-2.1.2/src/api/api_msg.c ****  *
  11:./lwip-2.1.2/src/api/api_msg.c ****  * Redistribution and use in source and binary forms, with or without modification,
  12:./lwip-2.1.2/src/api/api_msg.c ****  * are permitted provided that the following conditions are met:
  13:./lwip-2.1.2/src/api/api_msg.c ****  *
  14:./lwip-2.1.2/src/api/api_msg.c ****  * 1. Redistributions of source code must retain the above copyright notice,
  15:./lwip-2.1.2/src/api/api_msg.c ****  *    this list of conditions and the following disclaimer.
  16:./lwip-2.1.2/src/api/api_msg.c ****  * 2. Redistributions in binary form must reproduce the above copyright notice,
  17:./lwip-2.1.2/src/api/api_msg.c ****  *    this list of conditions and the following disclaimer in the documentation
  18:./lwip-2.1.2/src/api/api_msg.c ****  *    and/or other materials provided with the distribution.
  19:./lwip-2.1.2/src/api/api_msg.c ****  * 3. The name of the author may not be used to endorse or promote products
  20:./lwip-2.1.2/src/api/api_msg.c ****  *    derived from this software without specific prior written permission.
  21:./lwip-2.1.2/src/api/api_msg.c ****  *
  22:./lwip-2.1.2/src/api/api_msg.c ****  * THIS SOFTWARE IS PROVIDED BY THE AUTHOR ``AS IS'' AND ANY EXPRESS OR IMPLIED
  23:./lwip-2.1.2/src/api/api_msg.c ****  * WARRANTIES, INCLUDING, BUT NOT LIMITED TO, THE IMPLIED WARRANTIES OF
  24:./lwip-2.1.2/src/api/api_msg.c ****  * MERCHANTABILITY AND FITNESS FOR A PARTICULAR PURPOSE ARE DISCLAIMED. IN NO EVENT
  25:./lwip-2.1.2/src/api/api_msg.c ****  * SHALL THE AUTHOR BE LIABLE FOR ANY DIRECT, INDIRECT, INCIDENTAL, SPECIAL,
  26:./lwip-2.1.2/src/api/api_msg.c ****  * EXEMPLARY, OR CONSEQUENTIAL DAMAGES (INCLUDING, BUT NOT LIMITED TO, PROCUREMENT
  27:./lwip-2.1.2/src/api/api_msg.c ****  * OF SUBSTITUTE GOODS OR SERVICES; LOSS OF USE, DATA, OR PROFITS; OR BUSINESS
  28:./lwip-2.1.2/src/api/api_msg.c ****  * INTERRUPTION) HOWEVER CAUSED AND ON ANY THEORY OF LIABILITY, WHETHER IN
  29:./lwip-2.1.2/src/api/api_msg.c ****  * CONTRACT, STRICT LIABILITY, OR TORT (INCLUDING NEGLIGENCE OR OTHERWISE) ARISING
  30:./lwip-2.1.2/src/api/api_msg.c ****  * IN ANY WAY OUT OF THE USE OF THIS SOFTWARE, EVEN IF ADVISED OF THE POSSIBILITY
  31:./lwip-2.1.2/src/api/api_msg.c ****  * OF SUCH DAMAGE.
  32:./lwip-2.1.2/src/api/api_msg.c ****  *
  33:./lwip-2.1.2/src/api/api_msg.c ****  * This file is part of the lwIP TCP/IP stack.
  34:./lwip-2.1.2/src/api/api_msg.c ****  *
  35:./lwip-2.1.2/src/api/api_msg.c ****  * Author: Adam Dunkels <adam@sics.se>
  36:./lwip-2.1.2/src/api/api_msg.c ****  *
  37:./lwip-2.1.2/src/api/api_msg.c ****  */
  38:./lwip-2.1.2/src/api/api_msg.c **** 
  39:./lwip-2.1.2/src/api/api_msg.c **** #include "lwip/opt.h"
  40:./lwip-2.1.2/src/api/api_msg.c **** 
  41:./lwip-2.1.2/src/api/api_msg.c **** #if LWIP_NETCONN /* don't build if not configured for use in lwipopts.h */
  42:./lwip-2.1.2/src/api/api_msg.c **** 
  43:./lwip-2.1.2/src/api/api_msg.c **** #include "lwip/priv/api_msg.h"
  44:./lwip-2.1.2/src/api/api_msg.c **** 
  45:./lwip-2.1.2/src/api/api_msg.c **** #include "lwip/ip.h"
  46:./lwip-2.1.2/src/api/api_msg.c **** #include "lwip/ip_addr.h"
  47:./lwip-2.1.2/src/api/api_msg.c **** #include "lwip/udp.h"
  48:./lwip-2.1.2/src/api/api_msg.c **** #include "lwip/tcp.h"
  49:./lwip-2.1.2/src/api/api_msg.c **** #include "lwip/raw.h"
  50:./lwip-2.1.2/src/api/api_msg.c **** 
  51:./lwip-2.1.2/src/api/api_msg.c **** #include "lwip/memp.h"
  52:./lwip-2.1.2/src/api/api_msg.c **** #include "lwip/igmp.h"
  53:./lwip-2.1.2/src/api/api_msg.c **** #include "lwip/dns.h"
  54:./lwip-2.1.2/src/api/api_msg.c **** #include "lwip/mld6.h"
  55:./lwip-2.1.2/src/api/api_msg.c **** #include "lwip/priv/tcpip_priv.h"
  56:./lwip-2.1.2/src/api/api_msg.c **** 
  57:./lwip-2.1.2/src/api/api_msg.c **** #include <string.h>
  58:./lwip-2.1.2/src/api/api_msg.c **** 
  59:./lwip-2.1.2/src/api/api_msg.c **** /* netconns are polled once per second (e.g. continue write on memory error) */
  60:./lwip-2.1.2/src/api/api_msg.c **** #define NETCONN_TCP_POLL_INTERVAL 2
  61:./lwip-2.1.2/src/api/api_msg.c **** 
  62:./lwip-2.1.2/src/api/api_msg.c **** #define SET_NONBLOCKING_CONNECT(conn, val)  do { if (val) { \
  63:./lwip-2.1.2/src/api/api_msg.c ****   netconn_set_flags(conn, NETCONN_FLAG_IN_NONBLOCKING_CONNECT); \
  64:./lwip-2.1.2/src/api/api_msg.c **** } else { \
  65:./lwip-2.1.2/src/api/api_msg.c ****   netconn_clear_flags(conn, NETCONN_FLAG_IN_NONBLOCKING_CONNECT); }} while(0)
  66:./lwip-2.1.2/src/api/api_msg.c **** #define IN_NONBLOCKING_CONNECT(conn) netconn_is_flag_set(conn, NETCONN_FLAG_IN_NONBLOCKING_CONNECT)
  67:./lwip-2.1.2/src/api/api_msg.c **** 
  68:./lwip-2.1.2/src/api/api_msg.c **** #if LWIP_NETCONN_FULLDUPLEX
  69:./lwip-2.1.2/src/api/api_msg.c **** #define NETCONN_MBOX_VALID(conn, mbox) (sys_mbox_valid(mbox) && ((conn->flags & NETCONN_FLAG_MBOXIN
  70:./lwip-2.1.2/src/api/api_msg.c **** #else
  71:./lwip-2.1.2/src/api/api_msg.c **** #define NETCONN_MBOX_VALID(conn, mbox) sys_mbox_valid(mbox)
  72:./lwip-2.1.2/src/api/api_msg.c **** #endif
  73:./lwip-2.1.2/src/api/api_msg.c **** 
  74:./lwip-2.1.2/src/api/api_msg.c **** /* forward declarations */
  75:./lwip-2.1.2/src/api/api_msg.c **** #if LWIP_TCP
  76:./lwip-2.1.2/src/api/api_msg.c **** #if LWIP_TCPIP_CORE_LOCKING
  77:./lwip-2.1.2/src/api/api_msg.c **** #define WRITE_DELAYED         , 1
  78:./lwip-2.1.2/src/api/api_msg.c **** #define WRITE_DELAYED_PARAM   , u8_t delayed
  79:./lwip-2.1.2/src/api/api_msg.c **** #else /* LWIP_TCPIP_CORE_LOCKING */
  80:./lwip-2.1.2/src/api/api_msg.c **** #define WRITE_DELAYED
  81:./lwip-2.1.2/src/api/api_msg.c **** #define WRITE_DELAYED_PARAM
  82:./lwip-2.1.2/src/api/api_msg.c **** #endif /* LWIP_TCPIP_CORE_LOCKING */
  83:./lwip-2.1.2/src/api/api_msg.c **** static err_t lwip_netconn_do_writemore(struct netconn *conn  WRITE_DELAYED_PARAM);
  84:./lwip-2.1.2/src/api/api_msg.c **** static err_t lwip_netconn_do_close_internal(struct netconn *conn  WRITE_DELAYED_PARAM);
  85:./lwip-2.1.2/src/api/api_msg.c **** #endif
  86:./lwip-2.1.2/src/api/api_msg.c **** 
  87:./lwip-2.1.2/src/api/api_msg.c **** static void netconn_drain(struct netconn *conn);
  88:./lwip-2.1.2/src/api/api_msg.c **** 
  89:./lwip-2.1.2/src/api/api_msg.c **** #if LWIP_TCPIP_CORE_LOCKING
  90:./lwip-2.1.2/src/api/api_msg.c **** #define TCPIP_APIMSG_ACK(m)
  91:./lwip-2.1.2/src/api/api_msg.c **** #else /* LWIP_TCPIP_CORE_LOCKING */
  92:./lwip-2.1.2/src/api/api_msg.c **** #define TCPIP_APIMSG_ACK(m)   do { sys_sem_signal(LWIP_API_MSG_SEM(m)); } while(0)
  93:./lwip-2.1.2/src/api/api_msg.c **** #endif /* LWIP_TCPIP_CORE_LOCKING */
  94:./lwip-2.1.2/src/api/api_msg.c **** 
  95:./lwip-2.1.2/src/api/api_msg.c **** #if LWIP_NETCONN_FULLDUPLEX
  96:./lwip-2.1.2/src/api/api_msg.c **** const u8_t netconn_deleted = 0;
  97:./lwip-2.1.2/src/api/api_msg.c **** 
  98:./lwip-2.1.2/src/api/api_msg.c **** int
  99:./lwip-2.1.2/src/api/api_msg.c **** lwip_netconn_is_deallocated_msg(void *msg)
 100:./lwip-2.1.2/src/api/api_msg.c **** {
 101:./lwip-2.1.2/src/api/api_msg.c ****   if (msg == &netconn_deleted) {
 102:./lwip-2.1.2/src/api/api_msg.c ****     return 1;
 103:./lwip-2.1.2/src/api/api_msg.c ****   }
 104:./lwip-2.1.2/src/api/api_msg.c ****   return 0;
 105:./lwip-2.1.2/src/api/api_msg.c **** }
 106:./lwip-2.1.2/src/api/api_msg.c **** #endif /* LWIP_NETCONN_FULLDUPLEX */
 107:./lwip-2.1.2/src/api/api_msg.c **** 
 108:./lwip-2.1.2/src/api/api_msg.c **** #if LWIP_TCP
 109:./lwip-2.1.2/src/api/api_msg.c **** const u8_t netconn_aborted = 0;
 110:./lwip-2.1.2/src/api/api_msg.c **** const u8_t netconn_reset = 0;
 111:./lwip-2.1.2/src/api/api_msg.c **** const u8_t netconn_closed = 0;
 112:./lwip-2.1.2/src/api/api_msg.c **** 
 113:./lwip-2.1.2/src/api/api_msg.c **** /** Translate an error to a unique void* passed via an mbox */
 114:./lwip-2.1.2/src/api/api_msg.c **** static void *
 115:./lwip-2.1.2/src/api/api_msg.c **** lwip_netconn_err_to_msg(err_t err)
 116:./lwip-2.1.2/src/api/api_msg.c **** {
 117:./lwip-2.1.2/src/api/api_msg.c ****   switch (err) {
 118:./lwip-2.1.2/src/api/api_msg.c ****     case ERR_ABRT:
 119:./lwip-2.1.2/src/api/api_msg.c ****       return LWIP_CONST_CAST(void *, &netconn_aborted);
 120:./lwip-2.1.2/src/api/api_msg.c ****     case ERR_RST:
 121:./lwip-2.1.2/src/api/api_msg.c ****       return LWIP_CONST_CAST(void *, &netconn_reset);
 122:./lwip-2.1.2/src/api/api_msg.c ****     case ERR_CLSD:
 123:./lwip-2.1.2/src/api/api_msg.c ****       return LWIP_CONST_CAST(void *, &netconn_closed);
 124:./lwip-2.1.2/src/api/api_msg.c ****     default:
 125:./lwip-2.1.2/src/api/api_msg.c ****       LWIP_ASSERT("unhandled error", err == ERR_OK);
 126:./lwip-2.1.2/src/api/api_msg.c ****       return NULL;
 127:./lwip-2.1.2/src/api/api_msg.c ****   }
 128:./lwip-2.1.2/src/api/api_msg.c **** }
 129:./lwip-2.1.2/src/api/api_msg.c **** 
 130:./lwip-2.1.2/src/api/api_msg.c **** int
 131:./lwip-2.1.2/src/api/api_msg.c **** lwip_netconn_is_err_msg(void *msg, err_t *err)
 132:./lwip-2.1.2/src/api/api_msg.c **** {
 133:./lwip-2.1.2/src/api/api_msg.c ****   LWIP_ASSERT("err != NULL", err != NULL);
 134:./lwip-2.1.2/src/api/api_msg.c **** 
 135:./lwip-2.1.2/src/api/api_msg.c ****   if (msg == &netconn_aborted) {
 136:./lwip-2.1.2/src/api/api_msg.c ****     *err = ERR_ABRT;
 137:./lwip-2.1.2/src/api/api_msg.c ****     return 1;
 138:./lwip-2.1.2/src/api/api_msg.c ****   } else if (msg == &netconn_reset) {
 139:./lwip-2.1.2/src/api/api_msg.c ****     *err = ERR_RST;
 140:./lwip-2.1.2/src/api/api_msg.c ****     return 1;
 141:./lwip-2.1.2/src/api/api_msg.c ****   } else if (msg == &netconn_closed) {
 142:./lwip-2.1.2/src/api/api_msg.c ****     *err = ERR_CLSD;
 143:./lwip-2.1.2/src/api/api_msg.c ****     return 1;
 144:./lwip-2.1.2/src/api/api_msg.c ****   }
 145:./lwip-2.1.2/src/api/api_msg.c ****   return 0;
 146:./lwip-2.1.2/src/api/api_msg.c **** }
 147:./lwip-2.1.2/src/api/api_msg.c **** #endif /* LWIP_TCP */
 148:./lwip-2.1.2/src/api/api_msg.c **** 
 149:./lwip-2.1.2/src/api/api_msg.c **** 
 150:./lwip-2.1.2/src/api/api_msg.c **** #if LWIP_RAW
 151:./lwip-2.1.2/src/api/api_msg.c **** /**
 152:./lwip-2.1.2/src/api/api_msg.c ****  * Receive callback function for RAW netconns.
 153:./lwip-2.1.2/src/api/api_msg.c ****  * Doesn't 'eat' the packet, only copies it and sends it to
 154:./lwip-2.1.2/src/api/api_msg.c ****  * conn->recvmbox
 155:./lwip-2.1.2/src/api/api_msg.c ****  *
 156:./lwip-2.1.2/src/api/api_msg.c ****  * @see raw.h (struct raw_pcb.recv) for parameters and return value
 157:./lwip-2.1.2/src/api/api_msg.c ****  */
 158:./lwip-2.1.2/src/api/api_msg.c **** static u8_t
 159:./lwip-2.1.2/src/api/api_msg.c **** recv_raw(void *arg, struct raw_pcb *pcb, struct pbuf *p,
 160:./lwip-2.1.2/src/api/api_msg.c ****          const ip_addr_t *addr)
 161:./lwip-2.1.2/src/api/api_msg.c **** {
 162:./lwip-2.1.2/src/api/api_msg.c ****   struct pbuf *q;
 163:./lwip-2.1.2/src/api/api_msg.c ****   struct netbuf *buf;
 164:./lwip-2.1.2/src/api/api_msg.c ****   struct netconn *conn;
 165:./lwip-2.1.2/src/api/api_msg.c **** 
 166:./lwip-2.1.2/src/api/api_msg.c ****   LWIP_UNUSED_ARG(addr);
 167:./lwip-2.1.2/src/api/api_msg.c ****   conn = (struct netconn *)arg;
 168:./lwip-2.1.2/src/api/api_msg.c **** 
 169:./lwip-2.1.2/src/api/api_msg.c ****   if ((conn != NULL) && NETCONN_MBOX_VALID(conn, &conn->recvmbox)) {
 170:./lwip-2.1.2/src/api/api_msg.c **** #if LWIP_SO_RCVBUF
 171:./lwip-2.1.2/src/api/api_msg.c ****     int recv_avail;
 172:./lwip-2.1.2/src/api/api_msg.c ****     SYS_ARCH_GET(conn->recv_avail, recv_avail);
 173:./lwip-2.1.2/src/api/api_msg.c ****     if ((recv_avail + (int)(p->tot_len)) > conn->recv_bufsize) {
 174:./lwip-2.1.2/src/api/api_msg.c ****       return 0;
 175:./lwip-2.1.2/src/api/api_msg.c ****     }
 176:./lwip-2.1.2/src/api/api_msg.c **** #endif /* LWIP_SO_RCVBUF */
 177:./lwip-2.1.2/src/api/api_msg.c ****     /* copy the whole packet into new pbufs */
 178:./lwip-2.1.2/src/api/api_msg.c ****     q = pbuf_clone(PBUF_RAW, PBUF_RAM, p);
 179:./lwip-2.1.2/src/api/api_msg.c ****     if (q != NULL) {
 180:./lwip-2.1.2/src/api/api_msg.c ****       u16_t len;
 181:./lwip-2.1.2/src/api/api_msg.c ****       buf = (struct netbuf *)memp_malloc(MEMP_NETBUF);
 182:./lwip-2.1.2/src/api/api_msg.c ****       if (buf == NULL) {
 183:./lwip-2.1.2/src/api/api_msg.c ****         pbuf_free(q);
 184:./lwip-2.1.2/src/api/api_msg.c ****         return 0;
 185:./lwip-2.1.2/src/api/api_msg.c ****       }
 186:./lwip-2.1.2/src/api/api_msg.c **** 
 187:./lwip-2.1.2/src/api/api_msg.c ****       buf->p = q;
 188:./lwip-2.1.2/src/api/api_msg.c ****       buf->ptr = q;
 189:./lwip-2.1.2/src/api/api_msg.c ****       ip_addr_copy(buf->addr, *ip_current_src_addr());
 190:./lwip-2.1.2/src/api/api_msg.c ****       buf->port = pcb->protocol;
 191:./lwip-2.1.2/src/api/api_msg.c **** 
 192:./lwip-2.1.2/src/api/api_msg.c ****       len = q->tot_len;
 193:./lwip-2.1.2/src/api/api_msg.c ****       if (sys_mbox_trypost(&conn->recvmbox, buf) != ERR_OK) {
 194:./lwip-2.1.2/src/api/api_msg.c ****         netbuf_delete(buf);
 195:./lwip-2.1.2/src/api/api_msg.c ****         return 0;
 196:./lwip-2.1.2/src/api/api_msg.c ****       } else {
 197:./lwip-2.1.2/src/api/api_msg.c **** #if LWIP_SO_RCVBUF
 198:./lwip-2.1.2/src/api/api_msg.c ****         SYS_ARCH_INC(conn->recv_avail, len);
 199:./lwip-2.1.2/src/api/api_msg.c **** #endif /* LWIP_SO_RCVBUF */
 200:./lwip-2.1.2/src/api/api_msg.c ****         /* Register event with callback */
 201:./lwip-2.1.2/src/api/api_msg.c ****         API_EVENT(conn, NETCONN_EVT_RCVPLUS, len);
 202:./lwip-2.1.2/src/api/api_msg.c ****       }
 203:./lwip-2.1.2/src/api/api_msg.c ****     }
 204:./lwip-2.1.2/src/api/api_msg.c ****   }
 205:./lwip-2.1.2/src/api/api_msg.c **** 
 206:./lwip-2.1.2/src/api/api_msg.c ****   return 0; /* do not eat the packet */
 207:./lwip-2.1.2/src/api/api_msg.c **** }
 208:./lwip-2.1.2/src/api/api_msg.c **** #endif /* LWIP_RAW*/
 209:./lwip-2.1.2/src/api/api_msg.c **** 
 210:./lwip-2.1.2/src/api/api_msg.c **** #if LWIP_UDP
 211:./lwip-2.1.2/src/api/api_msg.c **** /**
 212:./lwip-2.1.2/src/api/api_msg.c ****  * Receive callback function for UDP netconns.
 213:./lwip-2.1.2/src/api/api_msg.c ****  * Posts the packet to conn->recvmbox or deletes it on memory error.
 214:./lwip-2.1.2/src/api/api_msg.c ****  *
 215:./lwip-2.1.2/src/api/api_msg.c ****  * @see udp.h (struct udp_pcb.recv) for parameters
 216:./lwip-2.1.2/src/api/api_msg.c ****  */
 217:./lwip-2.1.2/src/api/api_msg.c **** static void
 218:./lwip-2.1.2/src/api/api_msg.c **** recv_udp(void *arg, struct udp_pcb *pcb, struct pbuf *p,
 219:./lwip-2.1.2/src/api/api_msg.c ****          const ip_addr_t *addr, u16_t port)
 220:./lwip-2.1.2/src/api/api_msg.c **** {
  28              		.loc 1 220 1 view -0
  29              		.cfi_startproc
  30              		@ args = 4, pretend = 0, frame = 0
  31              		@ frame_needed = 0, uses_anonymous_args = 0
 221:./lwip-2.1.2/src/api/api_msg.c ****   struct netbuf *buf;
  32              		.loc 1 221 3 view .LVU1
 222:./lwip-2.1.2/src/api/api_msg.c ****   struct netconn *conn;
  33              		.loc 1 222 3 view .LVU2
 223:./lwip-2.1.2/src/api/api_msg.c ****   u16_t len;
  34              		.loc 1 223 3 view .LVU3
 224:./lwip-2.1.2/src/api/api_msg.c **** #if LWIP_SO_RCVBUF
 225:./lwip-2.1.2/src/api/api_msg.c ****   int recv_avail;
 226:./lwip-2.1.2/src/api/api_msg.c **** #endif /* LWIP_SO_RCVBUF */
 227:./lwip-2.1.2/src/api/api_msg.c **** 
 228:./lwip-2.1.2/src/api/api_msg.c ****   LWIP_UNUSED_ARG(pcb); /* only used for asserts... */
  35              		.loc 1 228 3 view .LVU4
 229:./lwip-2.1.2/src/api/api_msg.c ****   LWIP_ASSERT("recv_udp must have a pcb argument", pcb != NULL);
  36              		.loc 1 229 64 view .LVU5
 230:./lwip-2.1.2/src/api/api_msg.c ****   LWIP_ASSERT("recv_udp must have an argument", arg != NULL);
  37              		.loc 1 230 61 view .LVU6
 231:./lwip-2.1.2/src/api/api_msg.c ****   conn = (struct netconn *)arg;
  38              		.loc 1 231 3 view .LVU7
 232:./lwip-2.1.2/src/api/api_msg.c **** 
 233:./lwip-2.1.2/src/api/api_msg.c ****   if (conn == NULL) {
  39              		.loc 1 233 3 view .LVU8
 220:./lwip-2.1.2/src/api/api_msg.c ****   struct netbuf *buf;
  40              		.loc 1 220 1 is_stmt 0 view .LVU9
  41 0000 2DE9F041 		push	{r4, r5, r6, r7, r8, lr}
  42              	.LCFI0:
  43              		.cfi_def_cfa_offset 24
  44              		.cfi_offset 4, -24
  45              		.cfi_offset 5, -20
  46              		.cfi_offset 6, -16
  47              		.cfi_offset 7, -12
  48              		.cfi_offset 8, -8
  49              		.cfi_offset 14, -4
 220:./lwip-2.1.2/src/api/api_msg.c ****   struct netbuf *buf;
  50              		.loc 1 220 1 view .LVU10
  51 0004 1746     		mov	r7, r2
  52 0006 BDF81880 		ldrh	r8, [sp, #24]
  53              		.loc 1 233 6 view .LVU11
  54 000a F0B1     		cbz	r0, .L3
 234:./lwip-2.1.2/src/api/api_msg.c ****     pbuf_free(p);
 235:./lwip-2.1.2/src/api/api_msg.c ****     return;
 236:./lwip-2.1.2/src/api/api_msg.c ****   }
 237:./lwip-2.1.2/src/api/api_msg.c **** 
 238:./lwip-2.1.2/src/api/api_msg.c ****   LWIP_ASSERT("recv_udp: recv for wrong pcb!", conn->pcb.udp == pcb);
  55              		.loc 1 238 69 is_stmt 1 view .LVU12
 239:./lwip-2.1.2/src/api/api_msg.c **** 
 240:./lwip-2.1.2/src/api/api_msg.c **** #if LWIP_SO_RCVBUF
 241:./lwip-2.1.2/src/api/api_msg.c ****   SYS_ARCH_GET(conn->recv_avail, recv_avail);
 242:./lwip-2.1.2/src/api/api_msg.c ****   if (!NETCONN_MBOX_VALID(conn, &conn->recvmbox) ||
 243:./lwip-2.1.2/src/api/api_msg.c ****       ((recv_avail + (int)(p->tot_len)) > conn->recv_bufsize)) {
 244:./lwip-2.1.2/src/api/api_msg.c **** #else  /* LWIP_SO_RCVBUF */
 245:./lwip-2.1.2/src/api/api_msg.c ****   if (!NETCONN_MBOX_VALID(conn, &conn->recvmbox)) {
  56              		.loc 1 245 3 view .LVU13
  57 000c 1E46     		mov	r6, r3
  58              		.loc 1 245 7 is_stmt 0 discriminator 1 view .LVU14
  59 000e 0369     		ldr	r3, [r0, #16]
  60              	.LVL1:
  61              		.loc 1 245 7 discriminator 1 view .LVU15
  62 0010 0446     		mov	r4, r0
  63 0012 D3B1     		cbz	r3, .L3
 246:./lwip-2.1.2/src/api/api_msg.c **** #endif /* LWIP_SO_RCVBUF */
 247:./lwip-2.1.2/src/api/api_msg.c ****     pbuf_free(p);
 248:./lwip-2.1.2/src/api/api_msg.c ****     return;
 249:./lwip-2.1.2/src/api/api_msg.c ****   }
 250:./lwip-2.1.2/src/api/api_msg.c **** 
 251:./lwip-2.1.2/src/api/api_msg.c ****   buf = (struct netbuf *)memp_malloc(MEMP_NETBUF);
  64              		.loc 1 251 3 is_stmt 1 view .LVU16
  65              		.loc 1 251 26 is_stmt 0 view .LVU17
  66 0014 0620     		movs	r0, #6
  67              	.LVL2:
  68              		.loc 1 251 26 view .LVU18
  69 0016 FFF7FEFF 		bl	memp_malloc
  70              	.LVL3:
 252:./lwip-2.1.2/src/api/api_msg.c ****   if (buf == NULL) {
  71              		.loc 1 252 3 is_stmt 1 view .LVU19
  72              		.loc 1 252 6 is_stmt 0 view .LVU20
  73 001a 0546     		mov	r5, r0
  74 001c A8B1     		cbz	r0, .L3
 253:./lwip-2.1.2/src/api/api_msg.c ****     pbuf_free(p);
 254:./lwip-2.1.2/src/api/api_msg.c ****     return;
 255:./lwip-2.1.2/src/api/api_msg.c ****   } else {
 256:./lwip-2.1.2/src/api/api_msg.c ****     buf->p = p;
  75              		.loc 1 256 5 is_stmt 1 view .LVU21
 257:./lwip-2.1.2/src/api/api_msg.c ****     buf->ptr = p;
  76              		.loc 1 257 5 view .LVU22
 256:./lwip-2.1.2/src/api/api_msg.c ****     buf->ptr = p;
  77              		.loc 1 256 12 is_stmt 0 view .LVU23
  78 001e C0E90077 		strd	r7, r7, [r0]
 258:./lwip-2.1.2/src/api/api_msg.c ****     ip_addr_set(&buf->addr, addr);
  79              		.loc 1 258 5 is_stmt 1 view .LVU24
  80 0022 06B1     		cbz	r6, .L4
  81              		.loc 1 258 5 is_stmt 0 discriminator 1 view .LVU25
  82 0024 3668     		ldr	r6, [r6]
  83              	.LVL4:
  84              	.L4:
 259:./lwip-2.1.2/src/api/api_msg.c ****     buf->port = port;
 260:./lwip-2.1.2/src/api/api_msg.c **** #if LWIP_NETBUF_RECVINFO
 261:./lwip-2.1.2/src/api/api_msg.c ****     if (conn->flags & NETCONN_FLAG_PKTINFO) {
 262:./lwip-2.1.2/src/api/api_msg.c ****       /* get the UDP header - always in the first pbuf, ensured by udp_input */
 263:./lwip-2.1.2/src/api/api_msg.c ****       const struct udp_hdr *udphdr = (const struct udp_hdr *)ip_next_header_ptr();
 264:./lwip-2.1.2/src/api/api_msg.c ****       buf->flags = NETBUF_FLAG_DESTADDR;
 265:./lwip-2.1.2/src/api/api_msg.c ****       ip_addr_set(&buf->toaddr, ip_current_dest_addr());
 266:./lwip-2.1.2/src/api/api_msg.c ****       buf->toport_chksum = udphdr->dest;
 267:./lwip-2.1.2/src/api/api_msg.c ****     }
 268:./lwip-2.1.2/src/api/api_msg.c **** #endif /* LWIP_NETBUF_RECVINFO */
 269:./lwip-2.1.2/src/api/api_msg.c ****   }
 270:./lwip-2.1.2/src/api/api_msg.c **** 
 271:./lwip-2.1.2/src/api/api_msg.c ****   len = p->tot_len;
 272:./lwip-2.1.2/src/api/api_msg.c ****   if (sys_mbox_trypost(&conn->recvmbox, buf) != ERR_OK) {
  85              		.loc 1 272 7 view .LVU26
  86 0026 2946     		mov	r1, r5
 258:./lwip-2.1.2/src/api/api_msg.c ****     ip_addr_set(&buf->addr, addr);
  87              		.loc 1 258 5 discriminator 4 view .LVU27
  88 0028 AE60     		str	r6, [r5, #8]
 259:./lwip-2.1.2/src/api/api_msg.c ****     buf->port = port;
  89              		.loc 1 259 5 is_stmt 1 view .LVU28
  90              		.loc 1 272 7 is_stmt 0 view .LVU29
  91 002a 04F11000 		add	r0, r4, #16
  92              	.LVL5:
 259:./lwip-2.1.2/src/api/api_msg.c ****     buf->port = port;
  93              		.loc 1 259 15 view .LVU30
  94 002e A5F80C80 		strh	r8, [r5, #12]	@ movhi
 271:./lwip-2.1.2/src/api/api_msg.c ****   if (sys_mbox_trypost(&conn->recvmbox, buf) != ERR_OK) {
  95              		.loc 1 271 3 is_stmt 1 view .LVU31
 271:./lwip-2.1.2/src/api/api_msg.c ****   if (sys_mbox_trypost(&conn->recvmbox, buf) != ERR_OK) {
  96              		.loc 1 271 7 is_stmt 0 view .LVU32
  97 0032 3E89     		ldrh	r6, [r7, #8]
  98              	.LVL6:
  99              		.loc 1 272 3 is_stmt 1 view .LVU33
 100              		.loc 1 272 7 is_stmt 0 view .LVU34
 101 0034 FFF7FEFF 		bl	sys_mbox_trypost
 102              	.LVL7:
 103              		.loc 1 272 6 discriminator 1 view .LVU35
 104 0038 0146     		mov	r1, r0
 105 003a 68B9     		cbnz	r0, .L16
 273:./lwip-2.1.2/src/api/api_msg.c ****     netbuf_delete(buf);
 274:./lwip-2.1.2/src/api/api_msg.c ****     return;
 275:./lwip-2.1.2/src/api/api_msg.c ****   } else {
 276:./lwip-2.1.2/src/api/api_msg.c **** #if LWIP_SO_RCVBUF
 277:./lwip-2.1.2/src/api/api_msg.c ****     SYS_ARCH_INC(conn->recv_avail, len);
 278:./lwip-2.1.2/src/api/api_msg.c **** #endif /* LWIP_SO_RCVBUF */
 279:./lwip-2.1.2/src/api/api_msg.c ****     /* Register event with callback */
 280:./lwip-2.1.2/src/api/api_msg.c ****     API_EVENT(conn, NETCONN_EVT_RCVPLUS, len);
 106              		.loc 1 280 5 is_stmt 1 view .LVU36
 107 003c 636A     		ldr	r3, [r4, #36]
 108 003e 4BB1     		cbz	r3, .L1
 109              		.loc 1 280 5 discriminator 1 view .LVU37
 110 0040 3246     		mov	r2, r6
 111 0042 2046     		mov	r0, r4
 281:./lwip-2.1.2/src/api/api_msg.c ****   }
 282:./lwip-2.1.2/src/api/api_msg.c **** }
 112              		.loc 1 282 1 is_stmt 0 view .LVU38
 113 0044 BDE8F041 		pop	{r4, r5, r6, r7, r8, lr}
 114              	.LCFI1:
 115              		.cfi_remember_state
 116              		.cfi_restore 14
 117              		.cfi_restore 8
 118              		.cfi_restore 7
 119              		.cfi_restore 6
 120              		.cfi_restore 5
 121              		.cfi_restore 4
 122              		.cfi_def_cfa_offset 0
 123              	.LVL8:
 280:./lwip-2.1.2/src/api/api_msg.c ****   }
 124              		.loc 1 280 5 discriminator 1 view .LVU39
 125 0048 1847     		bx	r3	@ indirect register sibling call
 126              	.LVL9:
 127              	.L3:
 128              	.LCFI2:
 129              		.cfi_restore_state
 234:./lwip-2.1.2/src/api/api_msg.c ****     return;
 130              		.loc 1 234 5 is_stmt 1 view .LVU40
 131 004a 3846     		mov	r0, r7
 132              		.loc 1 282 1 is_stmt 0 view .LVU41
 133 004c BDE8F041 		pop	{r4, r5, r6, r7, r8, lr}
 134              	.LCFI3:
 135              		.cfi_remember_state
 136              		.cfi_restore 14
 137              		.cfi_restore 8
 138              		.cfi_restore 7
 139              		.cfi_restore 6
 140              		.cfi_restore 5
 141              		.cfi_restore 4
 142              		.cfi_def_cfa_offset 0
 143              	.LVL10:
 234:./lwip-2.1.2/src/api/api_msg.c ****     return;
 144              		.loc 1 234 5 view .LVU42
 145 0050 FFF7FEBF 		b	pbuf_free
 146              	.LVL11:
 147              	.L1:
 148              	.LCFI4:
 149              		.cfi_restore_state
 150              		.loc 1 282 1 view .LVU43
 151 0054 BDE8F081 		pop	{r4, r5, r6, r7, r8, pc}
 152              	.LVL12:
 153              	.L16:
 273:./lwip-2.1.2/src/api/api_msg.c ****     return;
 154              		.loc 1 273 5 is_stmt 1 view .LVU44
 155 0058 2846     		mov	r0, r5
 156              		.loc 1 282 1 is_stmt 0 view .LVU45
 157 005a BDE8F041 		pop	{r4, r5, r6, r7, r8, lr}
 158              	.LCFI5:
 159              		.cfi_restore 14
 160              		.cfi_restore 8
 161              		.cfi_restore 7
 162              		.cfi_restore 6
 163              		.cfi_restore 5
 164              		.cfi_restore 4
 165              		.cfi_def_cfa_offset 0
 166              	.LVL13:
 273:./lwip-2.1.2/src/api/api_msg.c ****     return;
 167              		.loc 1 273 5 view .LVU46
 168 005e FFF7FEBF 		b	netbuf_delete
 169              	.LVL14:
 273:./lwip-2.1.2/src/api/api_msg.c ****     return;
 170              		.loc 1 273 5 view .LVU47
 171              		.cfi_endproc
 172              	.LFE172:
 174              		.align	1
 175 0062 00BF     		.p2align 2,,3
 176              		.syntax unified
 177              		.thumb
 178              		.thumb_func
 180              	setup_tcp:
 181              	.LVL15:
 182              	.LFB177:
 283:./lwip-2.1.2/src/api/api_msg.c **** #endif /* LWIP_UDP */
 284:./lwip-2.1.2/src/api/api_msg.c **** 
 285:./lwip-2.1.2/src/api/api_msg.c **** #if LWIP_TCP
 286:./lwip-2.1.2/src/api/api_msg.c **** /**
 287:./lwip-2.1.2/src/api/api_msg.c ****  * Receive callback function for TCP netconns.
 288:./lwip-2.1.2/src/api/api_msg.c ****  * Posts the packet to conn->recvmbox, but doesn't delete it on errors.
 289:./lwip-2.1.2/src/api/api_msg.c ****  *
 290:./lwip-2.1.2/src/api/api_msg.c ****  * @see tcp.h (struct tcp_pcb.recv) for parameters and return value
 291:./lwip-2.1.2/src/api/api_msg.c ****  */
 292:./lwip-2.1.2/src/api/api_msg.c **** static err_t
 293:./lwip-2.1.2/src/api/api_msg.c **** recv_tcp(void *arg, struct tcp_pcb *pcb, struct pbuf *p, err_t err)
 294:./lwip-2.1.2/src/api/api_msg.c **** {
 295:./lwip-2.1.2/src/api/api_msg.c ****   struct netconn *conn;
 296:./lwip-2.1.2/src/api/api_msg.c ****   u16_t len;
 297:./lwip-2.1.2/src/api/api_msg.c ****   void *msg;
 298:./lwip-2.1.2/src/api/api_msg.c **** 
 299:./lwip-2.1.2/src/api/api_msg.c ****   LWIP_UNUSED_ARG(pcb);
 300:./lwip-2.1.2/src/api/api_msg.c ****   LWIP_ASSERT("recv_tcp must have a pcb argument", pcb != NULL);
 301:./lwip-2.1.2/src/api/api_msg.c ****   LWIP_ASSERT("recv_tcp must have an argument", arg != NULL);
 302:./lwip-2.1.2/src/api/api_msg.c ****   LWIP_ASSERT("err != ERR_OK unhandled", err == ERR_OK);
 303:./lwip-2.1.2/src/api/api_msg.c ****   LWIP_UNUSED_ARG(err); /* for LWIP_NOASSERT */
 304:./lwip-2.1.2/src/api/api_msg.c ****   conn = (struct netconn *)arg;
 305:./lwip-2.1.2/src/api/api_msg.c **** 
 306:./lwip-2.1.2/src/api/api_msg.c ****   if (conn == NULL) {
 307:./lwip-2.1.2/src/api/api_msg.c ****     return ERR_VAL;
 308:./lwip-2.1.2/src/api/api_msg.c ****   }
 309:./lwip-2.1.2/src/api/api_msg.c ****   LWIP_ASSERT("recv_tcp: recv for wrong pcb!", conn->pcb.tcp == pcb);
 310:./lwip-2.1.2/src/api/api_msg.c **** 
 311:./lwip-2.1.2/src/api/api_msg.c ****   if (!NETCONN_MBOX_VALID(conn, &conn->recvmbox)) {
 312:./lwip-2.1.2/src/api/api_msg.c ****     /* recvmbox already deleted */
 313:./lwip-2.1.2/src/api/api_msg.c ****     if (p != NULL) {
 314:./lwip-2.1.2/src/api/api_msg.c ****       tcp_recved(pcb, p->tot_len);
 315:./lwip-2.1.2/src/api/api_msg.c ****       pbuf_free(p);
 316:./lwip-2.1.2/src/api/api_msg.c ****     }
 317:./lwip-2.1.2/src/api/api_msg.c ****     return ERR_OK;
 318:./lwip-2.1.2/src/api/api_msg.c ****   }
 319:./lwip-2.1.2/src/api/api_msg.c ****   /* Unlike for UDP or RAW pcbs, don't check for available space
 320:./lwip-2.1.2/src/api/api_msg.c ****      using recv_avail since that could break the connection
 321:./lwip-2.1.2/src/api/api_msg.c ****      (data is already ACKed) */
 322:./lwip-2.1.2/src/api/api_msg.c **** 
 323:./lwip-2.1.2/src/api/api_msg.c ****   if (p != NULL) {
 324:./lwip-2.1.2/src/api/api_msg.c ****     msg = p;
 325:./lwip-2.1.2/src/api/api_msg.c ****     len = p->tot_len;
 326:./lwip-2.1.2/src/api/api_msg.c ****   } else {
 327:./lwip-2.1.2/src/api/api_msg.c ****     msg = LWIP_CONST_CAST(void *, &netconn_closed);
 328:./lwip-2.1.2/src/api/api_msg.c ****     len = 0;
 329:./lwip-2.1.2/src/api/api_msg.c ****   }
 330:./lwip-2.1.2/src/api/api_msg.c **** 
 331:./lwip-2.1.2/src/api/api_msg.c ****   if (sys_mbox_trypost(&conn->recvmbox, msg) != ERR_OK) {
 332:./lwip-2.1.2/src/api/api_msg.c ****     /* don't deallocate p: it is presented to us later again from tcp_fasttmr! */
 333:./lwip-2.1.2/src/api/api_msg.c ****     return ERR_MEM;
 334:./lwip-2.1.2/src/api/api_msg.c ****   } else {
 335:./lwip-2.1.2/src/api/api_msg.c **** #if LWIP_SO_RCVBUF
 336:./lwip-2.1.2/src/api/api_msg.c ****     SYS_ARCH_INC(conn->recv_avail, len);
 337:./lwip-2.1.2/src/api/api_msg.c **** #endif /* LWIP_SO_RCVBUF */
 338:./lwip-2.1.2/src/api/api_msg.c ****     /* Register event with callback */
 339:./lwip-2.1.2/src/api/api_msg.c ****     API_EVENT(conn, NETCONN_EVT_RCVPLUS, len);
 340:./lwip-2.1.2/src/api/api_msg.c ****   }
 341:./lwip-2.1.2/src/api/api_msg.c **** 
 342:./lwip-2.1.2/src/api/api_msg.c ****   return ERR_OK;
 343:./lwip-2.1.2/src/api/api_msg.c **** }
 344:./lwip-2.1.2/src/api/api_msg.c **** 
 345:./lwip-2.1.2/src/api/api_msg.c **** /**
 346:./lwip-2.1.2/src/api/api_msg.c ****  * Poll callback function for TCP netconns.
 347:./lwip-2.1.2/src/api/api_msg.c ****  * Wakes up an application thread that waits for a connection to close
 348:./lwip-2.1.2/src/api/api_msg.c ****  * or data to be sent. The application thread then takes the
 349:./lwip-2.1.2/src/api/api_msg.c ****  * appropriate action to go on.
 350:./lwip-2.1.2/src/api/api_msg.c ****  *
 351:./lwip-2.1.2/src/api/api_msg.c ****  * Signals the conn->sem.
 352:./lwip-2.1.2/src/api/api_msg.c ****  * netconn_close waits for conn->sem if closing failed.
 353:./lwip-2.1.2/src/api/api_msg.c ****  *
 354:./lwip-2.1.2/src/api/api_msg.c ****  * @see tcp.h (struct tcp_pcb.poll) for parameters and return value
 355:./lwip-2.1.2/src/api/api_msg.c ****  */
 356:./lwip-2.1.2/src/api/api_msg.c **** static err_t
 357:./lwip-2.1.2/src/api/api_msg.c **** poll_tcp(void *arg, struct tcp_pcb *pcb)
 358:./lwip-2.1.2/src/api/api_msg.c **** {
 359:./lwip-2.1.2/src/api/api_msg.c ****   struct netconn *conn = (struct netconn *)arg;
 360:./lwip-2.1.2/src/api/api_msg.c **** 
 361:./lwip-2.1.2/src/api/api_msg.c ****   LWIP_UNUSED_ARG(pcb);
 362:./lwip-2.1.2/src/api/api_msg.c ****   LWIP_ASSERT("conn != NULL", (conn != NULL));
 363:./lwip-2.1.2/src/api/api_msg.c **** 
 364:./lwip-2.1.2/src/api/api_msg.c ****   if (conn->state == NETCONN_WRITE) {
 365:./lwip-2.1.2/src/api/api_msg.c ****     lwip_netconn_do_writemore(conn  WRITE_DELAYED);
 366:./lwip-2.1.2/src/api/api_msg.c ****   } else if (conn->state == NETCONN_CLOSE) {
 367:./lwip-2.1.2/src/api/api_msg.c **** #if !LWIP_SO_SNDTIMEO && !LWIP_SO_LINGER
 368:./lwip-2.1.2/src/api/api_msg.c ****     if (conn->current_msg && conn->current_msg->msg.sd.polls_left) {
 369:./lwip-2.1.2/src/api/api_msg.c ****       conn->current_msg->msg.sd.polls_left--;
 370:./lwip-2.1.2/src/api/api_msg.c ****     }
 371:./lwip-2.1.2/src/api/api_msg.c **** #endif /* !LWIP_SO_SNDTIMEO && !LWIP_SO_LINGER */
 372:./lwip-2.1.2/src/api/api_msg.c ****     lwip_netconn_do_close_internal(conn  WRITE_DELAYED);
 373:./lwip-2.1.2/src/api/api_msg.c ****   }
 374:./lwip-2.1.2/src/api/api_msg.c ****   /* @todo: implement connect timeout here? */
 375:./lwip-2.1.2/src/api/api_msg.c **** 
 376:./lwip-2.1.2/src/api/api_msg.c ****   /* Did a nonblocking write fail before? Then check available write-space. */
 377:./lwip-2.1.2/src/api/api_msg.c ****   if (conn->flags & NETCONN_FLAG_CHECK_WRITESPACE) {
 378:./lwip-2.1.2/src/api/api_msg.c ****     /* If the queued byte- or pbuf-count drops below the configured low-water limit,
 379:./lwip-2.1.2/src/api/api_msg.c ****        let select mark this pcb as writable again. */
 380:./lwip-2.1.2/src/api/api_msg.c ****     if ((conn->pcb.tcp != NULL) && (tcp_sndbuf(conn->pcb.tcp) > TCP_SNDLOWAT) &&
 381:./lwip-2.1.2/src/api/api_msg.c ****         (tcp_sndqueuelen(conn->pcb.tcp) < TCP_SNDQUEUELOWAT)) {
 382:./lwip-2.1.2/src/api/api_msg.c ****       netconn_clear_flags(conn, NETCONN_FLAG_CHECK_WRITESPACE);
 383:./lwip-2.1.2/src/api/api_msg.c ****       API_EVENT(conn, NETCONN_EVT_SENDPLUS, 0);
 384:./lwip-2.1.2/src/api/api_msg.c ****     }
 385:./lwip-2.1.2/src/api/api_msg.c ****   }
 386:./lwip-2.1.2/src/api/api_msg.c **** 
 387:./lwip-2.1.2/src/api/api_msg.c ****   return ERR_OK;
 388:./lwip-2.1.2/src/api/api_msg.c **** }
 389:./lwip-2.1.2/src/api/api_msg.c **** 
 390:./lwip-2.1.2/src/api/api_msg.c **** /**
 391:./lwip-2.1.2/src/api/api_msg.c ****  * Sent callback function for TCP netconns.
 392:./lwip-2.1.2/src/api/api_msg.c ****  * Signals the conn->sem and calls API_EVENT.
 393:./lwip-2.1.2/src/api/api_msg.c ****  * netconn_write waits for conn->sem if send buffer is low.
 394:./lwip-2.1.2/src/api/api_msg.c ****  *
 395:./lwip-2.1.2/src/api/api_msg.c ****  * @see tcp.h (struct tcp_pcb.sent) for parameters and return value
 396:./lwip-2.1.2/src/api/api_msg.c ****  */
 397:./lwip-2.1.2/src/api/api_msg.c **** static err_t
 398:./lwip-2.1.2/src/api/api_msg.c **** sent_tcp(void *arg, struct tcp_pcb *pcb, u16_t len)
 399:./lwip-2.1.2/src/api/api_msg.c **** {
 400:./lwip-2.1.2/src/api/api_msg.c ****   struct netconn *conn = (struct netconn *)arg;
 401:./lwip-2.1.2/src/api/api_msg.c **** 
 402:./lwip-2.1.2/src/api/api_msg.c ****   LWIP_UNUSED_ARG(pcb);
 403:./lwip-2.1.2/src/api/api_msg.c ****   LWIP_ASSERT("conn != NULL", (conn != NULL));
 404:./lwip-2.1.2/src/api/api_msg.c **** 
 405:./lwip-2.1.2/src/api/api_msg.c ****   if (conn) {
 406:./lwip-2.1.2/src/api/api_msg.c ****     if (conn->state == NETCONN_WRITE) {
 407:./lwip-2.1.2/src/api/api_msg.c ****       lwip_netconn_do_writemore(conn  WRITE_DELAYED);
 408:./lwip-2.1.2/src/api/api_msg.c ****     } else if (conn->state == NETCONN_CLOSE) {
 409:./lwip-2.1.2/src/api/api_msg.c ****       lwip_netconn_do_close_internal(conn  WRITE_DELAYED);
 410:./lwip-2.1.2/src/api/api_msg.c ****     }
 411:./lwip-2.1.2/src/api/api_msg.c **** 
 412:./lwip-2.1.2/src/api/api_msg.c ****     /* If the queued byte- or pbuf-count drops below the configured low-water limit,
 413:./lwip-2.1.2/src/api/api_msg.c ****        let select mark this pcb as writable again. */
 414:./lwip-2.1.2/src/api/api_msg.c ****     if ((conn->pcb.tcp != NULL) && (tcp_sndbuf(conn->pcb.tcp) > TCP_SNDLOWAT) &&
 415:./lwip-2.1.2/src/api/api_msg.c ****         (tcp_sndqueuelen(conn->pcb.tcp) < TCP_SNDQUEUELOWAT)) {
 416:./lwip-2.1.2/src/api/api_msg.c ****       netconn_clear_flags(conn, NETCONN_FLAG_CHECK_WRITESPACE);
 417:./lwip-2.1.2/src/api/api_msg.c ****       API_EVENT(conn, NETCONN_EVT_SENDPLUS, len);
 418:./lwip-2.1.2/src/api/api_msg.c ****     }
 419:./lwip-2.1.2/src/api/api_msg.c ****   }
 420:./lwip-2.1.2/src/api/api_msg.c **** 
 421:./lwip-2.1.2/src/api/api_msg.c ****   return ERR_OK;
 422:./lwip-2.1.2/src/api/api_msg.c **** }
 423:./lwip-2.1.2/src/api/api_msg.c **** 
 424:./lwip-2.1.2/src/api/api_msg.c **** /**
 425:./lwip-2.1.2/src/api/api_msg.c ****  * Error callback function for TCP netconns.
 426:./lwip-2.1.2/src/api/api_msg.c ****  * Signals conn->sem, posts to all conn mboxes and calls API_EVENT.
 427:./lwip-2.1.2/src/api/api_msg.c ****  * The application thread has then to decide what to do.
 428:./lwip-2.1.2/src/api/api_msg.c ****  *
 429:./lwip-2.1.2/src/api/api_msg.c ****  * @see tcp.h (struct tcp_pcb.err) for parameters
 430:./lwip-2.1.2/src/api/api_msg.c ****  */
 431:./lwip-2.1.2/src/api/api_msg.c **** static void
 432:./lwip-2.1.2/src/api/api_msg.c **** err_tcp(void *arg, err_t err)
 433:./lwip-2.1.2/src/api/api_msg.c **** {
 434:./lwip-2.1.2/src/api/api_msg.c ****   struct netconn *conn;
 435:./lwip-2.1.2/src/api/api_msg.c ****   enum netconn_state old_state;
 436:./lwip-2.1.2/src/api/api_msg.c ****   void *mbox_msg;
 437:./lwip-2.1.2/src/api/api_msg.c ****   SYS_ARCH_DECL_PROTECT(lev);
 438:./lwip-2.1.2/src/api/api_msg.c **** 
 439:./lwip-2.1.2/src/api/api_msg.c ****   conn = (struct netconn *)arg;
 440:./lwip-2.1.2/src/api/api_msg.c ****   LWIP_ASSERT("conn != NULL", (conn != NULL));
 441:./lwip-2.1.2/src/api/api_msg.c **** 
 442:./lwip-2.1.2/src/api/api_msg.c ****   SYS_ARCH_PROTECT(lev);
 443:./lwip-2.1.2/src/api/api_msg.c **** 
 444:./lwip-2.1.2/src/api/api_msg.c ****   /* when err is called, the pcb is deallocated, so delete the reference */
 445:./lwip-2.1.2/src/api/api_msg.c ****   conn->pcb.tcp = NULL;
 446:./lwip-2.1.2/src/api/api_msg.c ****   /* store pending error */
 447:./lwip-2.1.2/src/api/api_msg.c ****   conn->pending_err = err;
 448:./lwip-2.1.2/src/api/api_msg.c ****   /* prevent application threads from blocking on 'recvmbox'/'acceptmbox' */
 449:./lwip-2.1.2/src/api/api_msg.c ****   conn->flags |= NETCONN_FLAG_MBOXCLOSED;
 450:./lwip-2.1.2/src/api/api_msg.c **** 
 451:./lwip-2.1.2/src/api/api_msg.c ****   /* reset conn->state now before waking up other threads */
 452:./lwip-2.1.2/src/api/api_msg.c ****   old_state = conn->state;
 453:./lwip-2.1.2/src/api/api_msg.c ****   conn->state = NETCONN_NONE;
 454:./lwip-2.1.2/src/api/api_msg.c **** 
 455:./lwip-2.1.2/src/api/api_msg.c ****   SYS_ARCH_UNPROTECT(lev);
 456:./lwip-2.1.2/src/api/api_msg.c **** 
 457:./lwip-2.1.2/src/api/api_msg.c ****   /* Notify the user layer about a connection error. Used to signal select. */
 458:./lwip-2.1.2/src/api/api_msg.c ****   API_EVENT(conn, NETCONN_EVT_ERROR, 0);
 459:./lwip-2.1.2/src/api/api_msg.c ****   /* Try to release selects pending on 'read' or 'write', too.
 460:./lwip-2.1.2/src/api/api_msg.c ****      They will get an error if they actually try to read or write. */
 461:./lwip-2.1.2/src/api/api_msg.c ****   API_EVENT(conn, NETCONN_EVT_RCVPLUS, 0);
 462:./lwip-2.1.2/src/api/api_msg.c ****   API_EVENT(conn, NETCONN_EVT_SENDPLUS, 0);
 463:./lwip-2.1.2/src/api/api_msg.c **** 
 464:./lwip-2.1.2/src/api/api_msg.c ****   mbox_msg = lwip_netconn_err_to_msg(err);
 465:./lwip-2.1.2/src/api/api_msg.c ****   /* pass error message to recvmbox to wake up pending recv */
 466:./lwip-2.1.2/src/api/api_msg.c ****   if (NETCONN_MBOX_VALID(conn, &conn->recvmbox)) {
 467:./lwip-2.1.2/src/api/api_msg.c ****     /* use trypost to prevent deadlock */
 468:./lwip-2.1.2/src/api/api_msg.c ****     sys_mbox_trypost(&conn->recvmbox, mbox_msg);
 469:./lwip-2.1.2/src/api/api_msg.c ****   }
 470:./lwip-2.1.2/src/api/api_msg.c ****   /* pass error message to acceptmbox to wake up pending accept */
 471:./lwip-2.1.2/src/api/api_msg.c ****   if (NETCONN_MBOX_VALID(conn, &conn->acceptmbox)) {
 472:./lwip-2.1.2/src/api/api_msg.c ****     /* use trypost to preven deadlock */
 473:./lwip-2.1.2/src/api/api_msg.c ****     sys_mbox_trypost(&conn->acceptmbox, mbox_msg);
 474:./lwip-2.1.2/src/api/api_msg.c ****   }
 475:./lwip-2.1.2/src/api/api_msg.c **** 
 476:./lwip-2.1.2/src/api/api_msg.c ****   if ((old_state == NETCONN_WRITE) || (old_state == NETCONN_CLOSE) ||
 477:./lwip-2.1.2/src/api/api_msg.c ****       (old_state == NETCONN_CONNECT)) {
 478:./lwip-2.1.2/src/api/api_msg.c ****     /* calling lwip_netconn_do_writemore/lwip_netconn_do_close_internal is not necessary
 479:./lwip-2.1.2/src/api/api_msg.c ****        since the pcb has already been deleted! */
 480:./lwip-2.1.2/src/api/api_msg.c ****     int was_nonblocking_connect = IN_NONBLOCKING_CONNECT(conn);
 481:./lwip-2.1.2/src/api/api_msg.c ****     SET_NONBLOCKING_CONNECT(conn, 0);
 482:./lwip-2.1.2/src/api/api_msg.c **** 
 483:./lwip-2.1.2/src/api/api_msg.c ****     if (!was_nonblocking_connect) {
 484:./lwip-2.1.2/src/api/api_msg.c ****       sys_sem_t *op_completed_sem;
 485:./lwip-2.1.2/src/api/api_msg.c ****       /* set error return code */
 486:./lwip-2.1.2/src/api/api_msg.c ****       LWIP_ASSERT("conn->current_msg != NULL", conn->current_msg != NULL);
 487:./lwip-2.1.2/src/api/api_msg.c ****       if (old_state == NETCONN_CLOSE) {
 488:./lwip-2.1.2/src/api/api_msg.c ****         /* let close succeed: the connection is closed after all... */
 489:./lwip-2.1.2/src/api/api_msg.c ****         conn->current_msg->err = ERR_OK;
 490:./lwip-2.1.2/src/api/api_msg.c ****       } else {
 491:./lwip-2.1.2/src/api/api_msg.c ****         /* Write and connect fail */
 492:./lwip-2.1.2/src/api/api_msg.c ****         conn->current_msg->err = err;
 493:./lwip-2.1.2/src/api/api_msg.c ****       }
 494:./lwip-2.1.2/src/api/api_msg.c ****       op_completed_sem = LWIP_API_MSG_SEM(conn->current_msg);
 495:./lwip-2.1.2/src/api/api_msg.c ****       LWIP_ASSERT("inavlid op_completed_sem", sys_sem_valid(op_completed_sem));
 496:./lwip-2.1.2/src/api/api_msg.c ****       conn->current_msg = NULL;
 497:./lwip-2.1.2/src/api/api_msg.c ****       /* wake up the waiting task */
 498:./lwip-2.1.2/src/api/api_msg.c ****       sys_sem_signal(op_completed_sem);
 499:./lwip-2.1.2/src/api/api_msg.c ****     } else {
 500:./lwip-2.1.2/src/api/api_msg.c ****       /* @todo: test what happens for error on nonblocking connect */
 501:./lwip-2.1.2/src/api/api_msg.c ****     }
 502:./lwip-2.1.2/src/api/api_msg.c ****   } else {
 503:./lwip-2.1.2/src/api/api_msg.c ****     LWIP_ASSERT("conn->current_msg == NULL", conn->current_msg == NULL);
 504:./lwip-2.1.2/src/api/api_msg.c ****   }
 505:./lwip-2.1.2/src/api/api_msg.c **** }
 506:./lwip-2.1.2/src/api/api_msg.c **** 
 507:./lwip-2.1.2/src/api/api_msg.c **** /**
 508:./lwip-2.1.2/src/api/api_msg.c ****  * Setup a tcp_pcb with the correct callback function pointers
 509:./lwip-2.1.2/src/api/api_msg.c ****  * and their arguments.
 510:./lwip-2.1.2/src/api/api_msg.c ****  *
 511:./lwip-2.1.2/src/api/api_msg.c ****  * @param conn the TCP netconn to setup
 512:./lwip-2.1.2/src/api/api_msg.c ****  */
 513:./lwip-2.1.2/src/api/api_msg.c **** static void
 514:./lwip-2.1.2/src/api/api_msg.c **** setup_tcp(struct netconn *conn)
 515:./lwip-2.1.2/src/api/api_msg.c **** {
 183              		.loc 1 515 1 is_stmt 1 view -0
 184              		.cfi_startproc
 185              		@ args = 0, pretend = 0, frame = 0
 186              		@ frame_needed = 0, uses_anonymous_args = 0
 516:./lwip-2.1.2/src/api/api_msg.c ****   struct tcp_pcb *pcb;
 187              		.loc 1 516 3 view .LVU49
 517:./lwip-2.1.2/src/api/api_msg.c **** 
 518:./lwip-2.1.2/src/api/api_msg.c ****   pcb = conn->pcb.tcp;
 188              		.loc 1 518 3 view .LVU50
 515:./lwip-2.1.2/src/api/api_msg.c ****   struct tcp_pcb *pcb;
 189              		.loc 1 515 1 is_stmt 0 view .LVU51
 190 0064 10B5     		push	{r4, lr}
 191              	.LCFI6:
 192              		.cfi_def_cfa_offset 8
 193              		.cfi_offset 4, -8
 194              		.cfi_offset 14, -4
 195              		.loc 1 518 7 view .LVU52
 196 0066 4468     		ldr	r4, [r0, #4]
 197              	.LVL16:
 519:./lwip-2.1.2/src/api/api_msg.c ****   tcp_arg(pcb, conn);
 198              		.loc 1 519 3 is_stmt 1 view .LVU53
 515:./lwip-2.1.2/src/api/api_msg.c ****   struct tcp_pcb *pcb;
 199              		.loc 1 515 1 is_stmt 0 view .LVU54
 200 0068 0146     		mov	r1, r0
 201              		.loc 1 519 3 view .LVU55
 202 006a 2046     		mov	r0, r4
 203              	.LVL17:
 204              		.loc 1 519 3 view .LVU56
 205 006c FFF7FEFF 		bl	tcp_arg
 206              	.LVL18:
 520:./lwip-2.1.2/src/api/api_msg.c ****   tcp_recv(pcb, recv_tcp);
 207              		.loc 1 520 3 is_stmt 1 view .LVU57
 208 0070 2046     		mov	r0, r4
 209 0072 0949     		ldr	r1, .L19
 210 0074 FFF7FEFF 		bl	tcp_recv
 211              	.LVL19:
 521:./lwip-2.1.2/src/api/api_msg.c ****   tcp_sent(pcb, sent_tcp);
 212              		.loc 1 521 3 view .LVU58
 213 0078 2046     		mov	r0, r4
 214 007a 0849     		ldr	r1, .L19+4
 215 007c FFF7FEFF 		bl	tcp_sent
 216              	.LVL20:
 522:./lwip-2.1.2/src/api/api_msg.c ****   tcp_poll(pcb, poll_tcp, NETCONN_TCP_POLL_INTERVAL);
 217              		.loc 1 522 3 view .LVU59
 218 0080 2046     		mov	r0, r4
 219 0082 0749     		ldr	r1, .L19+8
 220 0084 0222     		movs	r2, #2
 221 0086 FFF7FEFF 		bl	tcp_poll
 222              	.LVL21:
 523:./lwip-2.1.2/src/api/api_msg.c ****   tcp_err(pcb, err_tcp);
 223              		.loc 1 523 3 view .LVU60
 224 008a 2046     		mov	r0, r4
 225 008c 0549     		ldr	r1, .L19+12
 524:./lwip-2.1.2/src/api/api_msg.c **** }
 226              		.loc 1 524 1 is_stmt 0 view .LVU61
 227 008e BDE81040 		pop	{r4, lr}
 228              	.LCFI7:
 229              		.cfi_restore 14
 230              		.cfi_restore 4
 231              		.cfi_def_cfa_offset 0
 232              	.LVL22:
 523:./lwip-2.1.2/src/api/api_msg.c ****   tcp_err(pcb, err_tcp);
 233              		.loc 1 523 3 view .LVU62
 234 0092 FFF7FEBF 		b	tcp_err
 235              	.LVL23:
 236              	.L20:
 523:./lwip-2.1.2/src/api/api_msg.c ****   tcp_err(pcb, err_tcp);
 237              		.loc 1 523 3 view .LVU63
 238 0096 00BF     		.align	2
 239              	.L19:
 240 0098 00000000 		.word	recv_tcp
 241 009c 00000000 		.word	sent_tcp
 242 00a0 00000000 		.word	poll_tcp
 243 00a4 00000000 		.word	err_tcp
 244              		.cfi_endproc
 245              	.LFE177:
 247              		.align	1
 248              		.p2align 2,,3
 249              		.syntax unified
 250              		.thumb
 251              		.thumb_func
 253              	err_tcp:
 254              	.LVL24:
 255              	.LFB176:
 433:./lwip-2.1.2/src/api/api_msg.c ****   struct netconn *conn;
 256              		.loc 1 433 1 is_stmt 1 view -0
 257              		.cfi_startproc
 258              		@ args = 0, pretend = 0, frame = 0
 259              		@ frame_needed = 0, uses_anonymous_args = 0
 434:./lwip-2.1.2/src/api/api_msg.c ****   enum netconn_state old_state;
 260              		.loc 1 434 3 view .LVU65
 435:./lwip-2.1.2/src/api/api_msg.c ****   void *mbox_msg;
 261              		.loc 1 435 3 view .LVU66
 436:./lwip-2.1.2/src/api/api_msg.c ****   SYS_ARCH_DECL_PROTECT(lev);
 262              		.loc 1 436 3 view .LVU67
 437:./lwip-2.1.2/src/api/api_msg.c **** 
 263              		.loc 1 437 3 view .LVU68
 439:./lwip-2.1.2/src/api/api_msg.c ****   LWIP_ASSERT("conn != NULL", (conn != NULL));
 264              		.loc 1 439 3 view .LVU69
 433:./lwip-2.1.2/src/api/api_msg.c ****   struct netconn *conn;
 265              		.loc 1 433 1 is_stmt 0 view .LVU70
 266 00a8 F8B5     		push	{r3, r4, r5, r6, r7, lr}
 267              	.LCFI8:
 268              		.cfi_def_cfa_offset 24
 269              		.cfi_offset 3, -24
 270              		.cfi_offset 4, -20
 271              		.cfi_offset 5, -16
 272              		.cfi_offset 6, -12
 273              		.cfi_offset 7, -8
 274              		.cfi_offset 14, -4
 433:./lwip-2.1.2/src/api/api_msg.c ****   struct netconn *conn;
 275              		.loc 1 433 1 view .LVU71
 276 00aa 0446     		mov	r4, r0
 277              	.LVL25:
 440:./lwip-2.1.2/src/api/api_msg.c **** 
 278              		.loc 1 440 46 is_stmt 1 view .LVU72
 442:./lwip-2.1.2/src/api/api_msg.c **** 
 279              		.loc 1 442 3 view .LVU73
 280              	.LBB40:
 281              	.LBI40:
 282              		.file 2 "./inc/cmsis_gcc.h"
   1:./inc/cmsis_gcc.h **** /**************************************************************************//**
   2:./inc/cmsis_gcc.h ****  * @file     cmsis_gcc.h
   3:./inc/cmsis_gcc.h ****  * @brief    CMSIS compiler GCC header file
   4:./inc/cmsis_gcc.h ****  * @version  V5.2.0
   5:./inc/cmsis_gcc.h ****  * @date     08. May 2019
   6:./inc/cmsis_gcc.h ****  ******************************************************************************/
   7:./inc/cmsis_gcc.h **** /*
   8:./inc/cmsis_gcc.h ****  * Copyright (c) 2009-2019 Arm Limited. All rights reserved.
   9:./inc/cmsis_gcc.h ****  *
  10:./inc/cmsis_gcc.h ****  * SPDX-License-Identifier: Apache-2.0
  11:./inc/cmsis_gcc.h ****  *
  12:./inc/cmsis_gcc.h ****  * Licensed under the Apache License, Version 2.0 (the License); you may
  13:./inc/cmsis_gcc.h ****  * not use this file except in compliance with the License.
  14:./inc/cmsis_gcc.h ****  * You may obtain a copy of the License at
  15:./inc/cmsis_gcc.h ****  *
  16:./inc/cmsis_gcc.h ****  * www.apache.org/licenses/LICENSE-2.0
  17:./inc/cmsis_gcc.h ****  *
  18:./inc/cmsis_gcc.h ****  * Unless required by applicable law or agreed to in writing, software
  19:./inc/cmsis_gcc.h ****  * distributed under the License is distributed on an AS IS BASIS, WITHOUT
  20:./inc/cmsis_gcc.h ****  * WARRANTIES OR CONDITIONS OF ANY KIND, either express or implied.
  21:./inc/cmsis_gcc.h ****  * See the License for the specific language governing permissions and
  22:./inc/cmsis_gcc.h ****  * limitations under the License.
  23:./inc/cmsis_gcc.h ****  */
  24:./inc/cmsis_gcc.h **** 
  25:./inc/cmsis_gcc.h **** #ifndef __CMSIS_GCC_H
  26:./inc/cmsis_gcc.h **** #define __CMSIS_GCC_H
  27:./inc/cmsis_gcc.h **** 
  28:./inc/cmsis_gcc.h **** /* ignore some GCC warnings */
  29:./inc/cmsis_gcc.h **** #pragma GCC diagnostic push
  30:./inc/cmsis_gcc.h **** #pragma GCC diagnostic ignored "-Wsign-conversion"
  31:./inc/cmsis_gcc.h **** #pragma GCC diagnostic ignored "-Wconversion"
  32:./inc/cmsis_gcc.h **** #pragma GCC diagnostic ignored "-Wunused-parameter"
  33:./inc/cmsis_gcc.h **** 
  34:./inc/cmsis_gcc.h **** /* Fallback for __has_builtin */
  35:./inc/cmsis_gcc.h **** #ifndef __has_builtin
  36:./inc/cmsis_gcc.h ****   #define __has_builtin(x) (0)
  37:./inc/cmsis_gcc.h **** #endif
  38:./inc/cmsis_gcc.h **** 
  39:./inc/cmsis_gcc.h **** /* CMSIS compiler specific defines */
  40:./inc/cmsis_gcc.h **** #ifndef   __ASM
  41:./inc/cmsis_gcc.h ****   #define __ASM                                  __asm
  42:./inc/cmsis_gcc.h **** #endif
  43:./inc/cmsis_gcc.h **** #ifndef   __INLINE
  44:./inc/cmsis_gcc.h ****   #define __INLINE                               inline
  45:./inc/cmsis_gcc.h **** #endif
  46:./inc/cmsis_gcc.h **** #ifndef   __STATIC_INLINE
  47:./inc/cmsis_gcc.h ****   #define __STATIC_INLINE                        static inline
  48:./inc/cmsis_gcc.h **** #endif
  49:./inc/cmsis_gcc.h **** #ifndef   __STATIC_FORCEINLINE                 
  50:./inc/cmsis_gcc.h ****   #define __STATIC_FORCEINLINE                   __attribute__((always_inline)) static inline
  51:./inc/cmsis_gcc.h **** #endif                                           
  52:./inc/cmsis_gcc.h **** #ifndef   __NO_RETURN
  53:./inc/cmsis_gcc.h ****   #define __NO_RETURN                            __attribute__((__noreturn__))
  54:./inc/cmsis_gcc.h **** #endif
  55:./inc/cmsis_gcc.h **** #ifndef   __USED
  56:./inc/cmsis_gcc.h ****   #define __USED                                 __attribute__((used))
  57:./inc/cmsis_gcc.h **** #endif
  58:./inc/cmsis_gcc.h **** #ifndef   __WEAK
  59:./inc/cmsis_gcc.h ****   #define __WEAK                                 __attribute__((weak))
  60:./inc/cmsis_gcc.h **** #endif
  61:./inc/cmsis_gcc.h **** #ifndef   __PACKED
  62:./inc/cmsis_gcc.h ****   #define __PACKED                               __attribute__((packed, aligned(1)))
  63:./inc/cmsis_gcc.h **** #endif
  64:./inc/cmsis_gcc.h **** #ifndef   __PACKED_STRUCT
  65:./inc/cmsis_gcc.h ****   #define __PACKED_STRUCT                        struct __attribute__((packed, aligned(1)))
  66:./inc/cmsis_gcc.h **** #endif
  67:./inc/cmsis_gcc.h **** #ifndef   __PACKED_UNION
  68:./inc/cmsis_gcc.h ****   #define __PACKED_UNION                         union __attribute__((packed, aligned(1)))
  69:./inc/cmsis_gcc.h **** #endif
  70:./inc/cmsis_gcc.h **** #ifndef   __UNALIGNED_UINT32        /* deprecated */
  71:./inc/cmsis_gcc.h ****   #pragma GCC diagnostic push
  72:./inc/cmsis_gcc.h ****   #pragma GCC diagnostic ignored "-Wpacked"
  73:./inc/cmsis_gcc.h ****   #pragma GCC diagnostic ignored "-Wattributes"
  74:./inc/cmsis_gcc.h ****   struct __attribute__((packed)) T_UINT32 { uint32_t v; };
  75:./inc/cmsis_gcc.h ****   #pragma GCC diagnostic pop
  76:./inc/cmsis_gcc.h ****   #define __UNALIGNED_UINT32(x)                  (((struct T_UINT32 *)(x))->v)
  77:./inc/cmsis_gcc.h **** #endif
  78:./inc/cmsis_gcc.h **** #ifndef   __UNALIGNED_UINT16_WRITE
  79:./inc/cmsis_gcc.h ****   #pragma GCC diagnostic push
  80:./inc/cmsis_gcc.h ****   #pragma GCC diagnostic ignored "-Wpacked"
  81:./inc/cmsis_gcc.h ****   #pragma GCC diagnostic ignored "-Wattributes"
  82:./inc/cmsis_gcc.h ****   __PACKED_STRUCT T_UINT16_WRITE { uint16_t v; };
  83:./inc/cmsis_gcc.h ****   #pragma GCC diagnostic pop
  84:./inc/cmsis_gcc.h ****   #define __UNALIGNED_UINT16_WRITE(addr, val)    (void)((((struct T_UINT16_WRITE *)(void *)(addr))-
  85:./inc/cmsis_gcc.h **** #endif
  86:./inc/cmsis_gcc.h **** #ifndef   __UNALIGNED_UINT16_READ
  87:./inc/cmsis_gcc.h ****   #pragma GCC diagnostic push
  88:./inc/cmsis_gcc.h ****   #pragma GCC diagnostic ignored "-Wpacked"
  89:./inc/cmsis_gcc.h ****   #pragma GCC diagnostic ignored "-Wattributes"
  90:./inc/cmsis_gcc.h ****   __PACKED_STRUCT T_UINT16_READ { uint16_t v; };
  91:./inc/cmsis_gcc.h ****   #pragma GCC diagnostic pop
  92:./inc/cmsis_gcc.h ****   #define __UNALIGNED_UINT16_READ(addr)          (((const struct T_UINT16_READ *)(const void *)(add
  93:./inc/cmsis_gcc.h **** #endif
  94:./inc/cmsis_gcc.h **** #ifndef   __UNALIGNED_UINT32_WRITE
  95:./inc/cmsis_gcc.h ****   #pragma GCC diagnostic push
  96:./inc/cmsis_gcc.h ****   #pragma GCC diagnostic ignored "-Wpacked"
  97:./inc/cmsis_gcc.h ****   #pragma GCC diagnostic ignored "-Wattributes"
  98:./inc/cmsis_gcc.h ****   __PACKED_STRUCT T_UINT32_WRITE { uint32_t v; };
  99:./inc/cmsis_gcc.h ****   #pragma GCC diagnostic pop
 100:./inc/cmsis_gcc.h ****   #define __UNALIGNED_UINT32_WRITE(addr, val)    (void)((((struct T_UINT32_WRITE *)(void *)(addr))-
 101:./inc/cmsis_gcc.h **** #endif
 102:./inc/cmsis_gcc.h **** #ifndef   __UNALIGNED_UINT32_READ
 103:./inc/cmsis_gcc.h ****   #pragma GCC diagnostic push
 104:./inc/cmsis_gcc.h ****   #pragma GCC diagnostic ignored "-Wpacked"
 105:./inc/cmsis_gcc.h ****   #pragma GCC diagnostic ignored "-Wattributes"
 106:./inc/cmsis_gcc.h ****   __PACKED_STRUCT T_UINT32_READ { uint32_t v; };
 107:./inc/cmsis_gcc.h ****   #pragma GCC diagnostic pop
 108:./inc/cmsis_gcc.h ****   #define __UNALIGNED_UINT32_READ(addr)          (((const struct T_UINT32_READ *)(const void *)(add
 109:./inc/cmsis_gcc.h **** #endif
 110:./inc/cmsis_gcc.h **** #ifndef   __ALIGNED
 111:./inc/cmsis_gcc.h ****   #define __ALIGNED(x)                           __attribute__((aligned(x)))
 112:./inc/cmsis_gcc.h **** #endif
 113:./inc/cmsis_gcc.h **** #ifndef   __RESTRICT
 114:./inc/cmsis_gcc.h ****   #define __RESTRICT                             __restrict
 115:./inc/cmsis_gcc.h **** #endif
 116:./inc/cmsis_gcc.h **** #ifndef   __COMPILER_BARRIER
 117:./inc/cmsis_gcc.h ****   #define __COMPILER_BARRIER()                   __ASM volatile("":::"memory")
 118:./inc/cmsis_gcc.h **** #endif
 119:./inc/cmsis_gcc.h **** 
 120:./inc/cmsis_gcc.h **** /* #########################  Startup and Lowlevel Init  ######################## */
 121:./inc/cmsis_gcc.h **** 
 122:./inc/cmsis_gcc.h **** #ifndef __PROGRAM_START
 123:./inc/cmsis_gcc.h **** 
 124:./inc/cmsis_gcc.h **** /**
 125:./inc/cmsis_gcc.h ****   \brief   Initializes data and bss sections
 126:./inc/cmsis_gcc.h ****   \details This default implementations initialized all data and additional bss
 127:./inc/cmsis_gcc.h ****            sections relying on .copy.table and .zero.table specified properly
 128:./inc/cmsis_gcc.h ****            in the used linker script.
 129:./inc/cmsis_gcc.h ****   
 130:./inc/cmsis_gcc.h ****  */
 131:./inc/cmsis_gcc.h **** __STATIC_FORCEINLINE __NO_RETURN void __cmsis_start(void)
 132:./inc/cmsis_gcc.h **** {
 133:./inc/cmsis_gcc.h ****   extern void _start(void) __NO_RETURN;
 134:./inc/cmsis_gcc.h ****   
 135:./inc/cmsis_gcc.h ****   typedef struct {
 136:./inc/cmsis_gcc.h ****     uint32_t const* src;
 137:./inc/cmsis_gcc.h ****     uint32_t* dest;
 138:./inc/cmsis_gcc.h ****     uint32_t  wlen;
 139:./inc/cmsis_gcc.h ****   } __copy_table_t;
 140:./inc/cmsis_gcc.h ****   
 141:./inc/cmsis_gcc.h ****   typedef struct {
 142:./inc/cmsis_gcc.h ****     uint32_t* dest;
 143:./inc/cmsis_gcc.h ****     uint32_t  wlen;
 144:./inc/cmsis_gcc.h ****   } __zero_table_t;
 145:./inc/cmsis_gcc.h ****   
 146:./inc/cmsis_gcc.h ****   extern const __copy_table_t __copy_table_start__;
 147:./inc/cmsis_gcc.h ****   extern const __copy_table_t __copy_table_end__;
 148:./inc/cmsis_gcc.h ****   extern const __zero_table_t __zero_table_start__;
 149:./inc/cmsis_gcc.h ****   extern const __zero_table_t __zero_table_end__;
 150:./inc/cmsis_gcc.h **** 
 151:./inc/cmsis_gcc.h ****   for (__copy_table_t const* pTable = &__copy_table_start__; pTable < &__copy_table_end__; ++pTable
 152:./inc/cmsis_gcc.h ****     for(uint32_t i=0u; i<pTable->wlen; ++i) {
 153:./inc/cmsis_gcc.h ****       pTable->dest[i] = pTable->src[i];
 154:./inc/cmsis_gcc.h ****     }
 155:./inc/cmsis_gcc.h ****   }
 156:./inc/cmsis_gcc.h ****  
 157:./inc/cmsis_gcc.h ****   for (__zero_table_t const* pTable = &__zero_table_start__; pTable < &__zero_table_end__; ++pTable
 158:./inc/cmsis_gcc.h ****     for(uint32_t i=0u; i<pTable->wlen; ++i) {
 159:./inc/cmsis_gcc.h ****       pTable->dest[i] = 0u;
 160:./inc/cmsis_gcc.h ****     }
 161:./inc/cmsis_gcc.h ****   }
 162:./inc/cmsis_gcc.h ****  
 163:./inc/cmsis_gcc.h ****   _start();
 164:./inc/cmsis_gcc.h **** }
 165:./inc/cmsis_gcc.h ****   
 166:./inc/cmsis_gcc.h **** #define __PROGRAM_START           __cmsis_start
 167:./inc/cmsis_gcc.h **** #endif
 168:./inc/cmsis_gcc.h **** 
 169:./inc/cmsis_gcc.h **** #ifndef __INITIAL_SP
 170:./inc/cmsis_gcc.h **** #define __INITIAL_SP              __StackTop
 171:./inc/cmsis_gcc.h **** #endif
 172:./inc/cmsis_gcc.h **** 
 173:./inc/cmsis_gcc.h **** #ifndef __STACK_LIMIT
 174:./inc/cmsis_gcc.h **** #define __STACK_LIMIT             __StackLimit
 175:./inc/cmsis_gcc.h **** #endif
 176:./inc/cmsis_gcc.h **** 
 177:./inc/cmsis_gcc.h **** #ifndef __VECTOR_TABLE
 178:./inc/cmsis_gcc.h **** #define __VECTOR_TABLE            __Vectors
 179:./inc/cmsis_gcc.h **** #endif
 180:./inc/cmsis_gcc.h **** 
 181:./inc/cmsis_gcc.h **** #ifndef __VECTOR_TABLE_ATTRIBUTE
 182:./inc/cmsis_gcc.h **** #define __VECTOR_TABLE_ATTRIBUTE  __attribute((used, section(".vectors")))
 183:./inc/cmsis_gcc.h **** #endif
 184:./inc/cmsis_gcc.h **** 
 185:./inc/cmsis_gcc.h **** /* ###########################  Core Function Access  ########################### */
 186:./inc/cmsis_gcc.h **** /** \ingroup  CMSIS_Core_FunctionInterface
 187:./inc/cmsis_gcc.h ****     \defgroup CMSIS_Core_RegAccFunctions CMSIS Core Register Access Functions
 188:./inc/cmsis_gcc.h ****   @{
 189:./inc/cmsis_gcc.h ****  */
 190:./inc/cmsis_gcc.h **** 
 191:./inc/cmsis_gcc.h **** /**
 192:./inc/cmsis_gcc.h ****   \brief   Enable IRQ Interrupts
 193:./inc/cmsis_gcc.h ****   \details Enables IRQ interrupts by clearing the I-bit in the CPSR.
 194:./inc/cmsis_gcc.h ****            Can only be executed in Privileged modes.
 195:./inc/cmsis_gcc.h ****  */
 196:./inc/cmsis_gcc.h **** __STATIC_FORCEINLINE void __enable_irq(void)
 197:./inc/cmsis_gcc.h **** {
 198:./inc/cmsis_gcc.h ****   __ASM volatile ("cpsie i" : : : "memory");
 199:./inc/cmsis_gcc.h **** }
 200:./inc/cmsis_gcc.h **** 
 201:./inc/cmsis_gcc.h **** 
 202:./inc/cmsis_gcc.h **** /**
 203:./inc/cmsis_gcc.h ****   \brief   Disable IRQ Interrupts
 204:./inc/cmsis_gcc.h ****   \details Disables IRQ interrupts by setting the I-bit in the CPSR.
 205:./inc/cmsis_gcc.h ****            Can only be executed in Privileged modes.
 206:./inc/cmsis_gcc.h ****  */
 207:./inc/cmsis_gcc.h **** __STATIC_FORCEINLINE void __disable_irq(void)
 208:./inc/cmsis_gcc.h **** {
 209:./inc/cmsis_gcc.h ****   __ASM volatile ("cpsid i" : : : "memory");
 210:./inc/cmsis_gcc.h **** }
 211:./inc/cmsis_gcc.h **** 
 212:./inc/cmsis_gcc.h **** 
 213:./inc/cmsis_gcc.h **** /**
 214:./inc/cmsis_gcc.h ****   \brief   Get Control Register
 215:./inc/cmsis_gcc.h ****   \details Returns the content of the Control Register.
 216:./inc/cmsis_gcc.h ****   \return               Control Register value
 217:./inc/cmsis_gcc.h ****  */
 218:./inc/cmsis_gcc.h **** __STATIC_FORCEINLINE uint32_t __get_CONTROL(void)
 219:./inc/cmsis_gcc.h **** {
 220:./inc/cmsis_gcc.h ****   uint32_t result;
 221:./inc/cmsis_gcc.h **** 
 222:./inc/cmsis_gcc.h ****   __ASM volatile ("MRS %0, control" : "=r" (result) );
 223:./inc/cmsis_gcc.h ****   return(result);
 224:./inc/cmsis_gcc.h **** }
 225:./inc/cmsis_gcc.h **** 
 226:./inc/cmsis_gcc.h **** 
 227:./inc/cmsis_gcc.h **** #if (defined (__ARM_FEATURE_CMSE ) && (__ARM_FEATURE_CMSE == 3))
 228:./inc/cmsis_gcc.h **** /**
 229:./inc/cmsis_gcc.h ****   \brief   Get Control Register (non-secure)
 230:./inc/cmsis_gcc.h ****   \details Returns the content of the non-secure Control Register when in secure mode.
 231:./inc/cmsis_gcc.h ****   \return               non-secure Control Register value
 232:./inc/cmsis_gcc.h ****  */
 233:./inc/cmsis_gcc.h **** __STATIC_FORCEINLINE uint32_t __TZ_get_CONTROL_NS(void)
 234:./inc/cmsis_gcc.h **** {
 235:./inc/cmsis_gcc.h ****   uint32_t result;
 236:./inc/cmsis_gcc.h **** 
 237:./inc/cmsis_gcc.h ****   __ASM volatile ("MRS %0, control_ns" : "=r" (result) );
 238:./inc/cmsis_gcc.h ****   return(result);
 239:./inc/cmsis_gcc.h **** }
 240:./inc/cmsis_gcc.h **** #endif
 241:./inc/cmsis_gcc.h **** 
 242:./inc/cmsis_gcc.h **** 
 243:./inc/cmsis_gcc.h **** /**
 244:./inc/cmsis_gcc.h ****   \brief   Set Control Register
 245:./inc/cmsis_gcc.h ****   \details Writes the given value to the Control Register.
 246:./inc/cmsis_gcc.h ****   \param [in]    control  Control Register value to set
 247:./inc/cmsis_gcc.h ****  */
 248:./inc/cmsis_gcc.h **** __STATIC_FORCEINLINE void __set_CONTROL(uint32_t control)
 249:./inc/cmsis_gcc.h **** {
 250:./inc/cmsis_gcc.h ****   __ASM volatile ("MSR control, %0" : : "r" (control) : "memory");
 251:./inc/cmsis_gcc.h **** }
 252:./inc/cmsis_gcc.h **** 
 253:./inc/cmsis_gcc.h **** 
 254:./inc/cmsis_gcc.h **** #if (defined (__ARM_FEATURE_CMSE ) && (__ARM_FEATURE_CMSE == 3))
 255:./inc/cmsis_gcc.h **** /**
 256:./inc/cmsis_gcc.h ****   \brief   Set Control Register (non-secure)
 257:./inc/cmsis_gcc.h ****   \details Writes the given value to the non-secure Control Register when in secure state.
 258:./inc/cmsis_gcc.h ****   \param [in]    control  Control Register value to set
 259:./inc/cmsis_gcc.h ****  */
 260:./inc/cmsis_gcc.h **** __STATIC_FORCEINLINE void __TZ_set_CONTROL_NS(uint32_t control)
 261:./inc/cmsis_gcc.h **** {
 262:./inc/cmsis_gcc.h ****   __ASM volatile ("MSR control_ns, %0" : : "r" (control) : "memory");
 263:./inc/cmsis_gcc.h **** }
 264:./inc/cmsis_gcc.h **** #endif
 265:./inc/cmsis_gcc.h **** 
 266:./inc/cmsis_gcc.h **** 
 267:./inc/cmsis_gcc.h **** /**
 268:./inc/cmsis_gcc.h ****   \brief   Get IPSR Register
 269:./inc/cmsis_gcc.h ****   \details Returns the content of the IPSR Register.
 270:./inc/cmsis_gcc.h ****   \return               IPSR Register value
 271:./inc/cmsis_gcc.h ****  */
 272:./inc/cmsis_gcc.h **** __STATIC_FORCEINLINE uint32_t __get_IPSR(void)
 273:./inc/cmsis_gcc.h **** {
 274:./inc/cmsis_gcc.h ****   uint32_t result;
 275:./inc/cmsis_gcc.h **** 
 276:./inc/cmsis_gcc.h ****   __ASM volatile ("MRS %0, ipsr" : "=r" (result) );
 277:./inc/cmsis_gcc.h ****   return(result);
 278:./inc/cmsis_gcc.h **** }
 279:./inc/cmsis_gcc.h **** 
 280:./inc/cmsis_gcc.h **** 
 281:./inc/cmsis_gcc.h **** /**
 282:./inc/cmsis_gcc.h ****   \brief   Get APSR Register
 283:./inc/cmsis_gcc.h ****   \details Returns the content of the APSR Register.
 284:./inc/cmsis_gcc.h ****   \return               APSR Register value
 285:./inc/cmsis_gcc.h ****  */
 286:./inc/cmsis_gcc.h **** __STATIC_FORCEINLINE uint32_t __get_APSR(void)
 287:./inc/cmsis_gcc.h **** {
 288:./inc/cmsis_gcc.h ****   uint32_t result;
 289:./inc/cmsis_gcc.h **** 
 290:./inc/cmsis_gcc.h ****   __ASM volatile ("MRS %0, apsr" : "=r" (result) );
 291:./inc/cmsis_gcc.h ****   return(result);
 292:./inc/cmsis_gcc.h **** }
 293:./inc/cmsis_gcc.h **** 
 294:./inc/cmsis_gcc.h **** 
 295:./inc/cmsis_gcc.h **** /**
 296:./inc/cmsis_gcc.h ****   \brief   Get xPSR Register
 297:./inc/cmsis_gcc.h ****   \details Returns the content of the xPSR Register.
 298:./inc/cmsis_gcc.h ****   \return               xPSR Register value
 299:./inc/cmsis_gcc.h ****  */
 300:./inc/cmsis_gcc.h **** __STATIC_FORCEINLINE uint32_t __get_xPSR(void)
 301:./inc/cmsis_gcc.h **** {
 302:./inc/cmsis_gcc.h ****   uint32_t result;
 303:./inc/cmsis_gcc.h **** 
 304:./inc/cmsis_gcc.h ****   __ASM volatile ("MRS %0, xpsr" : "=r" (result) );
 305:./inc/cmsis_gcc.h ****   return(result);
 306:./inc/cmsis_gcc.h **** }
 307:./inc/cmsis_gcc.h **** 
 308:./inc/cmsis_gcc.h **** 
 309:./inc/cmsis_gcc.h **** /**
 310:./inc/cmsis_gcc.h ****   \brief   Get Process Stack Pointer
 311:./inc/cmsis_gcc.h ****   \details Returns the current value of the Process Stack Pointer (PSP).
 312:./inc/cmsis_gcc.h ****   \return               PSP Register value
 313:./inc/cmsis_gcc.h ****  */
 314:./inc/cmsis_gcc.h **** __STATIC_FORCEINLINE uint32_t __get_PSP(void)
 315:./inc/cmsis_gcc.h **** {
 316:./inc/cmsis_gcc.h ****   uint32_t result;
 317:./inc/cmsis_gcc.h **** 
 318:./inc/cmsis_gcc.h ****   __ASM volatile ("MRS %0, psp"  : "=r" (result) );
 319:./inc/cmsis_gcc.h ****   return(result);
 320:./inc/cmsis_gcc.h **** }
 321:./inc/cmsis_gcc.h **** 
 322:./inc/cmsis_gcc.h **** 
 323:./inc/cmsis_gcc.h **** #if (defined (__ARM_FEATURE_CMSE ) && (__ARM_FEATURE_CMSE == 3))
 324:./inc/cmsis_gcc.h **** /**
 325:./inc/cmsis_gcc.h ****   \brief   Get Process Stack Pointer (non-secure)
 326:./inc/cmsis_gcc.h ****   \details Returns the current value of the non-secure Process Stack Pointer (PSP) when in secure s
 327:./inc/cmsis_gcc.h ****   \return               PSP Register value
 328:./inc/cmsis_gcc.h ****  */
 329:./inc/cmsis_gcc.h **** __STATIC_FORCEINLINE uint32_t __TZ_get_PSP_NS(void)
 330:./inc/cmsis_gcc.h **** {
 331:./inc/cmsis_gcc.h ****   uint32_t result;
 332:./inc/cmsis_gcc.h **** 
 333:./inc/cmsis_gcc.h ****   __ASM volatile ("MRS %0, psp_ns"  : "=r" (result) );
 334:./inc/cmsis_gcc.h ****   return(result);
 335:./inc/cmsis_gcc.h **** }
 336:./inc/cmsis_gcc.h **** #endif
 337:./inc/cmsis_gcc.h **** 
 338:./inc/cmsis_gcc.h **** 
 339:./inc/cmsis_gcc.h **** /**
 340:./inc/cmsis_gcc.h ****   \brief   Set Process Stack Pointer
 341:./inc/cmsis_gcc.h ****   \details Assigns the given value to the Process Stack Pointer (PSP).
 342:./inc/cmsis_gcc.h ****   \param [in]    topOfProcStack  Process Stack Pointer value to set
 343:./inc/cmsis_gcc.h ****  */
 344:./inc/cmsis_gcc.h **** __STATIC_FORCEINLINE void __set_PSP(uint32_t topOfProcStack)
 345:./inc/cmsis_gcc.h **** {
 346:./inc/cmsis_gcc.h ****   __ASM volatile ("MSR psp, %0" : : "r" (topOfProcStack) : );
 347:./inc/cmsis_gcc.h **** }
 348:./inc/cmsis_gcc.h **** 
 349:./inc/cmsis_gcc.h **** 
 350:./inc/cmsis_gcc.h **** #if (defined (__ARM_FEATURE_CMSE ) && (__ARM_FEATURE_CMSE == 3))
 351:./inc/cmsis_gcc.h **** /**
 352:./inc/cmsis_gcc.h ****   \brief   Set Process Stack Pointer (non-secure)
 353:./inc/cmsis_gcc.h ****   \details Assigns the given value to the non-secure Process Stack Pointer (PSP) when in secure sta
 354:./inc/cmsis_gcc.h ****   \param [in]    topOfProcStack  Process Stack Pointer value to set
 355:./inc/cmsis_gcc.h ****  */
 356:./inc/cmsis_gcc.h **** __STATIC_FORCEINLINE void __TZ_set_PSP_NS(uint32_t topOfProcStack)
 357:./inc/cmsis_gcc.h **** {
 358:./inc/cmsis_gcc.h ****   __ASM volatile ("MSR psp_ns, %0" : : "r" (topOfProcStack) : );
 359:./inc/cmsis_gcc.h **** }
 360:./inc/cmsis_gcc.h **** #endif
 361:./inc/cmsis_gcc.h **** 
 362:./inc/cmsis_gcc.h **** 
 363:./inc/cmsis_gcc.h **** /**
 364:./inc/cmsis_gcc.h ****   \brief   Get Main Stack Pointer
 365:./inc/cmsis_gcc.h ****   \details Returns the current value of the Main Stack Pointer (MSP).
 366:./inc/cmsis_gcc.h ****   \return               MSP Register value
 367:./inc/cmsis_gcc.h ****  */
 368:./inc/cmsis_gcc.h **** __STATIC_FORCEINLINE uint32_t __get_MSP(void)
 369:./inc/cmsis_gcc.h **** {
 370:./inc/cmsis_gcc.h ****   uint32_t result;
 371:./inc/cmsis_gcc.h **** 
 372:./inc/cmsis_gcc.h ****   __ASM volatile ("MRS %0, msp" : "=r" (result) );
 373:./inc/cmsis_gcc.h ****   return(result);
 374:./inc/cmsis_gcc.h **** }
 375:./inc/cmsis_gcc.h **** 
 376:./inc/cmsis_gcc.h **** 
 377:./inc/cmsis_gcc.h **** #if (defined (__ARM_FEATURE_CMSE ) && (__ARM_FEATURE_CMSE == 3))
 378:./inc/cmsis_gcc.h **** /**
 379:./inc/cmsis_gcc.h ****   \brief   Get Main Stack Pointer (non-secure)
 380:./inc/cmsis_gcc.h ****   \details Returns the current value of the non-secure Main Stack Pointer (MSP) when in secure stat
 381:./inc/cmsis_gcc.h ****   \return               MSP Register value
 382:./inc/cmsis_gcc.h ****  */
 383:./inc/cmsis_gcc.h **** __STATIC_FORCEINLINE uint32_t __TZ_get_MSP_NS(void)
 384:./inc/cmsis_gcc.h **** {
 385:./inc/cmsis_gcc.h ****   uint32_t result;
 386:./inc/cmsis_gcc.h **** 
 387:./inc/cmsis_gcc.h ****   __ASM volatile ("MRS %0, msp_ns" : "=r" (result) );
 388:./inc/cmsis_gcc.h ****   return(result);
 389:./inc/cmsis_gcc.h **** }
 390:./inc/cmsis_gcc.h **** #endif
 391:./inc/cmsis_gcc.h **** 
 392:./inc/cmsis_gcc.h **** 
 393:./inc/cmsis_gcc.h **** /**
 394:./inc/cmsis_gcc.h ****   \brief   Set Main Stack Pointer
 395:./inc/cmsis_gcc.h ****   \details Assigns the given value to the Main Stack Pointer (MSP).
 396:./inc/cmsis_gcc.h ****   \param [in]    topOfMainStack  Main Stack Pointer value to set
 397:./inc/cmsis_gcc.h ****  */
 398:./inc/cmsis_gcc.h **** __STATIC_FORCEINLINE void __set_MSP(uint32_t topOfMainStack)
 399:./inc/cmsis_gcc.h **** {
 400:./inc/cmsis_gcc.h ****   __ASM volatile ("MSR msp, %0" : : "r" (topOfMainStack) : );
 401:./inc/cmsis_gcc.h **** }
 402:./inc/cmsis_gcc.h **** 
 403:./inc/cmsis_gcc.h **** 
 404:./inc/cmsis_gcc.h **** #if (defined (__ARM_FEATURE_CMSE ) && (__ARM_FEATURE_CMSE == 3))
 405:./inc/cmsis_gcc.h **** /**
 406:./inc/cmsis_gcc.h ****   \brief   Set Main Stack Pointer (non-secure)
 407:./inc/cmsis_gcc.h ****   \details Assigns the given value to the non-secure Main Stack Pointer (MSP) when in secure state.
 408:./inc/cmsis_gcc.h ****   \param [in]    topOfMainStack  Main Stack Pointer value to set
 409:./inc/cmsis_gcc.h ****  */
 410:./inc/cmsis_gcc.h **** __STATIC_FORCEINLINE void __TZ_set_MSP_NS(uint32_t topOfMainStack)
 411:./inc/cmsis_gcc.h **** {
 412:./inc/cmsis_gcc.h ****   __ASM volatile ("MSR msp_ns, %0" : : "r" (topOfMainStack) : );
 413:./inc/cmsis_gcc.h **** }
 414:./inc/cmsis_gcc.h **** #endif
 415:./inc/cmsis_gcc.h **** 
 416:./inc/cmsis_gcc.h **** 
 417:./inc/cmsis_gcc.h **** #if (defined (__ARM_FEATURE_CMSE ) && (__ARM_FEATURE_CMSE == 3))
 418:./inc/cmsis_gcc.h **** /**
 419:./inc/cmsis_gcc.h ****   \brief   Get Stack Pointer (non-secure)
 420:./inc/cmsis_gcc.h ****   \details Returns the current value of the non-secure Stack Pointer (SP) when in secure state.
 421:./inc/cmsis_gcc.h ****   \return               SP Register value
 422:./inc/cmsis_gcc.h ****  */
 423:./inc/cmsis_gcc.h **** __STATIC_FORCEINLINE uint32_t __TZ_get_SP_NS(void)
 424:./inc/cmsis_gcc.h **** {
 425:./inc/cmsis_gcc.h ****   uint32_t result;
 426:./inc/cmsis_gcc.h **** 
 427:./inc/cmsis_gcc.h ****   __ASM volatile ("MRS %0, sp_ns" : "=r" (result) );
 428:./inc/cmsis_gcc.h ****   return(result);
 429:./inc/cmsis_gcc.h **** }
 430:./inc/cmsis_gcc.h **** 
 431:./inc/cmsis_gcc.h **** 
 432:./inc/cmsis_gcc.h **** /**
 433:./inc/cmsis_gcc.h ****   \brief   Set Stack Pointer (non-secure)
 434:./inc/cmsis_gcc.h ****   \details Assigns the given value to the non-secure Stack Pointer (SP) when in secure state.
 435:./inc/cmsis_gcc.h ****   \param [in]    topOfStack  Stack Pointer value to set
 436:./inc/cmsis_gcc.h ****  */
 437:./inc/cmsis_gcc.h **** __STATIC_FORCEINLINE void __TZ_set_SP_NS(uint32_t topOfStack)
 438:./inc/cmsis_gcc.h **** {
 439:./inc/cmsis_gcc.h ****   __ASM volatile ("MSR sp_ns, %0" : : "r" (topOfStack) : );
 440:./inc/cmsis_gcc.h **** }
 441:./inc/cmsis_gcc.h **** #endif
 442:./inc/cmsis_gcc.h **** 
 443:./inc/cmsis_gcc.h **** 
 444:./inc/cmsis_gcc.h **** /**
 445:./inc/cmsis_gcc.h ****   \brief   Get Priority Mask
 446:./inc/cmsis_gcc.h ****   \details Returns the current state of the priority mask bit from the Priority Mask Register.
 447:./inc/cmsis_gcc.h ****   \return               Priority Mask value
 448:./inc/cmsis_gcc.h ****  */
 449:./inc/cmsis_gcc.h **** __STATIC_FORCEINLINE uint32_t __get_PRIMASK(void)
 283              		.loc 2 449 31 view .LVU74
 284              	.LBB41:
 450:./inc/cmsis_gcc.h **** {
 451:./inc/cmsis_gcc.h ****   uint32_t result;
 285              		.loc 2 451 3 view .LVU75
 452:./inc/cmsis_gcc.h **** 
 453:./inc/cmsis_gcc.h ****   __ASM volatile ("MRS %0, primask" : "=r" (result) :: "memory");
 286              		.loc 2 453 3 view .LVU76
 287              	.LBE41:
 288              	.LBE40:
 433:./lwip-2.1.2/src/api/api_msg.c ****   struct netconn *conn;
 289              		.loc 1 433 1 is_stmt 0 view .LVU77
 290 00ac 0D46     		mov	r5, r1
 291              	.LBB43:
 292              	.LBB42:
 293              		.loc 2 453 3 view .LVU78
 294              		.syntax unified
 295              	@ 453 "./inc/cmsis_gcc.h" 1
 296 00ae EFF31081 		MRS r1, primask
 297              	@ 0 "" 2
 298              	.LVL26:
 454:./inc/cmsis_gcc.h ****   return(result);
 299              		.loc 2 454 3 is_stmt 1 view .LVU79
 300              		.loc 2 454 3 is_stmt 0 view .LVU80
 301              		.thumb
 302              		.syntax unified
 303              	.LBE42:
 304              	.LBE43:
 442:./lwip-2.1.2/src/api/api_msg.c **** 
 305              		.loc 1 442 3 is_stmt 1 discriminator 1 view .LVU81
 306              	.LBB44:
 307              	.LBI44:
 207:./inc/cmsis_gcc.h **** {
 308              		.loc 2 207 27 view .LVU82
 309              	.LBB45:
 209:./inc/cmsis_gcc.h **** }
 310              		.loc 2 209 3 view .LVU83
 311              		.syntax unified
 312              	@ 209 "./inc/cmsis_gcc.h" 1
 313 00b2 72B6     		cpsid i
 314              	@ 0 "" 2
 315              		.thumb
 316              		.syntax unified
 317              	.LBE45:
 318              	.LBE44:
 442:./lwip-2.1.2/src/api/api_msg.c **** 
 319              		.loc 1 442 3 discriminator 2 view .LVU84
 320              	.LBB46:
 321              	.LBI46:
 455:./inc/cmsis_gcc.h **** }
 456:./inc/cmsis_gcc.h **** 
 457:./inc/cmsis_gcc.h **** 
 458:./inc/cmsis_gcc.h **** #if (defined (__ARM_FEATURE_CMSE ) && (__ARM_FEATURE_CMSE == 3))
 459:./inc/cmsis_gcc.h **** /**
 460:./inc/cmsis_gcc.h ****   \brief   Get Priority Mask (non-secure)
 461:./inc/cmsis_gcc.h ****   \details Returns the current state of the non-secure priority mask bit from the Priority Mask Reg
 462:./inc/cmsis_gcc.h ****   \return               Priority Mask value
 463:./inc/cmsis_gcc.h ****  */
 464:./inc/cmsis_gcc.h **** __STATIC_FORCEINLINE uint32_t __TZ_get_PRIMASK_NS(void)
 465:./inc/cmsis_gcc.h **** {
 466:./inc/cmsis_gcc.h ****   uint32_t result;
 467:./inc/cmsis_gcc.h **** 
 468:./inc/cmsis_gcc.h ****   __ASM volatile ("MRS %0, primask_ns" : "=r" (result) :: "memory");
 469:./inc/cmsis_gcc.h ****   return(result);
 470:./inc/cmsis_gcc.h **** }
 471:./inc/cmsis_gcc.h **** #endif
 472:./inc/cmsis_gcc.h **** 
 473:./inc/cmsis_gcc.h **** 
 474:./inc/cmsis_gcc.h **** /**
 475:./inc/cmsis_gcc.h ****   \brief   Set Priority Mask
 476:./inc/cmsis_gcc.h ****   \details Assigns the given value to the Priority Mask Register.
 477:./inc/cmsis_gcc.h ****   \param [in]    priMask  Priority Mask
 478:./inc/cmsis_gcc.h ****  */
 479:./inc/cmsis_gcc.h **** __STATIC_FORCEINLINE void __set_PRIMASK(uint32_t priMask)
 480:./inc/cmsis_gcc.h **** {
 481:./inc/cmsis_gcc.h ****   __ASM volatile ("MSR primask, %0" : : "r" (priMask) : "memory");
 482:./inc/cmsis_gcc.h **** }
 483:./inc/cmsis_gcc.h **** 
 484:./inc/cmsis_gcc.h **** 
 485:./inc/cmsis_gcc.h **** #if (defined (__ARM_FEATURE_CMSE ) && (__ARM_FEATURE_CMSE == 3))
 486:./inc/cmsis_gcc.h **** /**
 487:./inc/cmsis_gcc.h ****   \brief   Set Priority Mask (non-secure)
 488:./inc/cmsis_gcc.h ****   \details Assigns the given value to the non-secure Priority Mask Register when in secure state.
 489:./inc/cmsis_gcc.h ****   \param [in]    priMask  Priority Mask
 490:./inc/cmsis_gcc.h ****  */
 491:./inc/cmsis_gcc.h **** __STATIC_FORCEINLINE void __TZ_set_PRIMASK_NS(uint32_t priMask)
 492:./inc/cmsis_gcc.h **** {
 493:./inc/cmsis_gcc.h ****   __ASM volatile ("MSR primask_ns, %0" : : "r" (priMask) : "memory");
 494:./inc/cmsis_gcc.h **** }
 495:./inc/cmsis_gcc.h **** #endif
 496:./inc/cmsis_gcc.h **** 
 497:./inc/cmsis_gcc.h **** 
 498:./inc/cmsis_gcc.h **** #if ((defined (__ARM_ARCH_7M__      ) && (__ARM_ARCH_7M__      == 1)) || \
 499:./inc/cmsis_gcc.h ****      (defined (__ARM_ARCH_7EM__     ) && (__ARM_ARCH_7EM__     == 1)) || \
 500:./inc/cmsis_gcc.h ****      (defined (__ARM_ARCH_8M_MAIN__ ) && (__ARM_ARCH_8M_MAIN__ == 1))    )
 501:./inc/cmsis_gcc.h **** /**
 502:./inc/cmsis_gcc.h ****   \brief   Enable FIQ
 503:./inc/cmsis_gcc.h ****   \details Enables FIQ interrupts by clearing the F-bit in the CPSR.
 504:./inc/cmsis_gcc.h ****            Can only be executed in Privileged modes.
 505:./inc/cmsis_gcc.h ****  */
 506:./inc/cmsis_gcc.h **** __STATIC_FORCEINLINE void __enable_fault_irq(void)
 507:./inc/cmsis_gcc.h **** {
 508:./inc/cmsis_gcc.h ****   __ASM volatile ("cpsie f" : : : "memory");
 509:./inc/cmsis_gcc.h **** }
 510:./inc/cmsis_gcc.h **** 
 511:./inc/cmsis_gcc.h **** 
 512:./inc/cmsis_gcc.h **** /**
 513:./inc/cmsis_gcc.h ****   \brief   Disable FIQ
 514:./inc/cmsis_gcc.h ****   \details Disables FIQ interrupts by setting the F-bit in the CPSR.
 515:./inc/cmsis_gcc.h ****            Can only be executed in Privileged modes.
 516:./inc/cmsis_gcc.h ****  */
 517:./inc/cmsis_gcc.h **** __STATIC_FORCEINLINE void __disable_fault_irq(void)
 518:./inc/cmsis_gcc.h **** {
 519:./inc/cmsis_gcc.h ****   __ASM volatile ("cpsid f" : : : "memory");
 520:./inc/cmsis_gcc.h **** }
 521:./inc/cmsis_gcc.h **** 
 522:./inc/cmsis_gcc.h **** 
 523:./inc/cmsis_gcc.h **** /**
 524:./inc/cmsis_gcc.h ****   \brief   Get Base Priority
 525:./inc/cmsis_gcc.h ****   \details Returns the current value of the Base Priority register.
 526:./inc/cmsis_gcc.h ****   \return               Base Priority register value
 527:./inc/cmsis_gcc.h ****  */
 528:./inc/cmsis_gcc.h **** __STATIC_FORCEINLINE uint32_t __get_BASEPRI(void)
 529:./inc/cmsis_gcc.h **** {
 530:./inc/cmsis_gcc.h ****   uint32_t result;
 531:./inc/cmsis_gcc.h **** 
 532:./inc/cmsis_gcc.h ****   __ASM volatile ("MRS %0, basepri" : "=r" (result) );
 533:./inc/cmsis_gcc.h ****   return(result);
 534:./inc/cmsis_gcc.h **** }
 535:./inc/cmsis_gcc.h **** 
 536:./inc/cmsis_gcc.h **** 
 537:./inc/cmsis_gcc.h **** #if (defined (__ARM_FEATURE_CMSE ) && (__ARM_FEATURE_CMSE == 3))
 538:./inc/cmsis_gcc.h **** /**
 539:./inc/cmsis_gcc.h ****   \brief   Get Base Priority (non-secure)
 540:./inc/cmsis_gcc.h ****   \details Returns the current value of the non-secure Base Priority register when in secure state.
 541:./inc/cmsis_gcc.h ****   \return               Base Priority register value
 542:./inc/cmsis_gcc.h ****  */
 543:./inc/cmsis_gcc.h **** __STATIC_FORCEINLINE uint32_t __TZ_get_BASEPRI_NS(void)
 544:./inc/cmsis_gcc.h **** {
 545:./inc/cmsis_gcc.h ****   uint32_t result;
 546:./inc/cmsis_gcc.h **** 
 547:./inc/cmsis_gcc.h ****   __ASM volatile ("MRS %0, basepri_ns" : "=r" (result) );
 548:./inc/cmsis_gcc.h ****   return(result);
 549:./inc/cmsis_gcc.h **** }
 550:./inc/cmsis_gcc.h **** #endif
 551:./inc/cmsis_gcc.h **** 
 552:./inc/cmsis_gcc.h **** 
 553:./inc/cmsis_gcc.h **** /**
 554:./inc/cmsis_gcc.h ****   \brief   Set Base Priority
 555:./inc/cmsis_gcc.h ****   \details Assigns the given value to the Base Priority register.
 556:./inc/cmsis_gcc.h ****   \param [in]    basePri  Base Priority value to set
 557:./inc/cmsis_gcc.h ****  */
 558:./inc/cmsis_gcc.h **** __STATIC_FORCEINLINE void __set_BASEPRI(uint32_t basePri)
 559:./inc/cmsis_gcc.h **** {
 560:./inc/cmsis_gcc.h ****   __ASM volatile ("MSR basepri, %0" : : "r" (basePri) : "memory");
 561:./inc/cmsis_gcc.h **** }
 562:./inc/cmsis_gcc.h **** 
 563:./inc/cmsis_gcc.h **** 
 564:./inc/cmsis_gcc.h **** #if (defined (__ARM_FEATURE_CMSE ) && (__ARM_FEATURE_CMSE == 3))
 565:./inc/cmsis_gcc.h **** /**
 566:./inc/cmsis_gcc.h ****   \brief   Set Base Priority (non-secure)
 567:./inc/cmsis_gcc.h ****   \details Assigns the given value to the non-secure Base Priority register when in secure state.
 568:./inc/cmsis_gcc.h ****   \param [in]    basePri  Base Priority value to set
 569:./inc/cmsis_gcc.h ****  */
 570:./inc/cmsis_gcc.h **** __STATIC_FORCEINLINE void __TZ_set_BASEPRI_NS(uint32_t basePri)
 571:./inc/cmsis_gcc.h **** {
 572:./inc/cmsis_gcc.h ****   __ASM volatile ("MSR basepri_ns, %0" : : "r" (basePri) : "memory");
 573:./inc/cmsis_gcc.h **** }
 574:./inc/cmsis_gcc.h **** #endif
 575:./inc/cmsis_gcc.h **** 
 576:./inc/cmsis_gcc.h **** 
 577:./inc/cmsis_gcc.h **** /**
 578:./inc/cmsis_gcc.h ****   \brief   Set Base Priority with condition
 579:./inc/cmsis_gcc.h ****   \details Assigns the given value to the Base Priority register only if BASEPRI masking is disable
 580:./inc/cmsis_gcc.h ****            or the new value increases the BASEPRI priority level.
 581:./inc/cmsis_gcc.h ****   \param [in]    basePri  Base Priority value to set
 582:./inc/cmsis_gcc.h ****  */
 583:./inc/cmsis_gcc.h **** __STATIC_FORCEINLINE void __set_BASEPRI_MAX(uint32_t basePri)
 584:./inc/cmsis_gcc.h **** {
 585:./inc/cmsis_gcc.h ****   __ASM volatile ("MSR basepri_max, %0" : : "r" (basePri) : "memory");
 586:./inc/cmsis_gcc.h **** }
 587:./inc/cmsis_gcc.h **** 
 588:./inc/cmsis_gcc.h **** 
 589:./inc/cmsis_gcc.h **** /**
 590:./inc/cmsis_gcc.h ****   \brief   Get Fault Mask
 591:./inc/cmsis_gcc.h ****   \details Returns the current value of the Fault Mask register.
 592:./inc/cmsis_gcc.h ****   \return               Fault Mask register value
 593:./inc/cmsis_gcc.h ****  */
 594:./inc/cmsis_gcc.h **** __STATIC_FORCEINLINE uint32_t __get_FAULTMASK(void)
 595:./inc/cmsis_gcc.h **** {
 596:./inc/cmsis_gcc.h ****   uint32_t result;
 597:./inc/cmsis_gcc.h **** 
 598:./inc/cmsis_gcc.h ****   __ASM volatile ("MRS %0, faultmask" : "=r" (result) );
 599:./inc/cmsis_gcc.h ****   return(result);
 600:./inc/cmsis_gcc.h **** }
 601:./inc/cmsis_gcc.h **** 
 602:./inc/cmsis_gcc.h **** 
 603:./inc/cmsis_gcc.h **** #if (defined (__ARM_FEATURE_CMSE ) && (__ARM_FEATURE_CMSE == 3))
 604:./inc/cmsis_gcc.h **** /**
 605:./inc/cmsis_gcc.h ****   \brief   Get Fault Mask (non-secure)
 606:./inc/cmsis_gcc.h ****   \details Returns the current value of the non-secure Fault Mask register when in secure state.
 607:./inc/cmsis_gcc.h ****   \return               Fault Mask register value
 608:./inc/cmsis_gcc.h ****  */
 609:./inc/cmsis_gcc.h **** __STATIC_FORCEINLINE uint32_t __TZ_get_FAULTMASK_NS(void)
 610:./inc/cmsis_gcc.h **** {
 611:./inc/cmsis_gcc.h ****   uint32_t result;
 612:./inc/cmsis_gcc.h **** 
 613:./inc/cmsis_gcc.h ****   __ASM volatile ("MRS %0, faultmask_ns" : "=r" (result) );
 614:./inc/cmsis_gcc.h ****   return(result);
 615:./inc/cmsis_gcc.h **** }
 616:./inc/cmsis_gcc.h **** #endif
 617:./inc/cmsis_gcc.h **** 
 618:./inc/cmsis_gcc.h **** 
 619:./inc/cmsis_gcc.h **** /**
 620:./inc/cmsis_gcc.h ****   \brief   Set Fault Mask
 621:./inc/cmsis_gcc.h ****   \details Assigns the given value to the Fault Mask register.
 622:./inc/cmsis_gcc.h ****   \param [in]    faultMask  Fault Mask value to set
 623:./inc/cmsis_gcc.h ****  */
 624:./inc/cmsis_gcc.h **** __STATIC_FORCEINLINE void __set_FAULTMASK(uint32_t faultMask)
 625:./inc/cmsis_gcc.h **** {
 626:./inc/cmsis_gcc.h ****   __ASM volatile ("MSR faultmask, %0" : : "r" (faultMask) : "memory");
 627:./inc/cmsis_gcc.h **** }
 628:./inc/cmsis_gcc.h **** 
 629:./inc/cmsis_gcc.h **** 
 630:./inc/cmsis_gcc.h **** #if (defined (__ARM_FEATURE_CMSE ) && (__ARM_FEATURE_CMSE == 3))
 631:./inc/cmsis_gcc.h **** /**
 632:./inc/cmsis_gcc.h ****   \brief   Set Fault Mask (non-secure)
 633:./inc/cmsis_gcc.h ****   \details Assigns the given value to the non-secure Fault Mask register when in secure state.
 634:./inc/cmsis_gcc.h ****   \param [in]    faultMask  Fault Mask value to set
 635:./inc/cmsis_gcc.h ****  */
 636:./inc/cmsis_gcc.h **** __STATIC_FORCEINLINE void __TZ_set_FAULTMASK_NS(uint32_t faultMask)
 637:./inc/cmsis_gcc.h **** {
 638:./inc/cmsis_gcc.h ****   __ASM volatile ("MSR faultmask_ns, %0" : : "r" (faultMask) : "memory");
 639:./inc/cmsis_gcc.h **** }
 640:./inc/cmsis_gcc.h **** #endif
 641:./inc/cmsis_gcc.h **** 
 642:./inc/cmsis_gcc.h **** #endif /* ((defined (__ARM_ARCH_7M__      ) && (__ARM_ARCH_7M__      == 1)) || \
 643:./inc/cmsis_gcc.h ****            (defined (__ARM_ARCH_7EM__     ) && (__ARM_ARCH_7EM__     == 1)) || \
 644:./inc/cmsis_gcc.h ****            (defined (__ARM_ARCH_8M_MAIN__ ) && (__ARM_ARCH_8M_MAIN__ == 1))    ) */
 645:./inc/cmsis_gcc.h **** 
 646:./inc/cmsis_gcc.h **** 
 647:./inc/cmsis_gcc.h **** #if ((defined (__ARM_ARCH_8M_MAIN__ ) && (__ARM_ARCH_8M_MAIN__ == 1)) || \
 648:./inc/cmsis_gcc.h ****      (defined (__ARM_ARCH_8M_BASE__ ) && (__ARM_ARCH_8M_BASE__ == 1))    )
 649:./inc/cmsis_gcc.h **** 
 650:./inc/cmsis_gcc.h **** /**
 651:./inc/cmsis_gcc.h ****   \brief   Get Process Stack Pointer Limit
 652:./inc/cmsis_gcc.h ****   Devices without ARMv8-M Main Extensions (i.e. Cortex-M23) lack the non-secure
 653:./inc/cmsis_gcc.h ****   Stack Pointer Limit register hence zero is returned always in non-secure
 654:./inc/cmsis_gcc.h ****   mode.
 655:./inc/cmsis_gcc.h ****   
 656:./inc/cmsis_gcc.h ****   \details Returns the current value of the Process Stack Pointer Limit (PSPLIM).
 657:./inc/cmsis_gcc.h ****   \return               PSPLIM Register value
 658:./inc/cmsis_gcc.h ****  */
 659:./inc/cmsis_gcc.h **** __STATIC_FORCEINLINE uint32_t __get_PSPLIM(void)
 660:./inc/cmsis_gcc.h **** {
 661:./inc/cmsis_gcc.h **** #if (!(defined (__ARM_ARCH_8M_MAIN__ ) && (__ARM_ARCH_8M_MAIN__ == 1)) && \
 662:./inc/cmsis_gcc.h ****     (!defined (__ARM_FEATURE_CMSE) || (__ARM_FEATURE_CMSE < 3)))
 663:./inc/cmsis_gcc.h ****     // without main extensions, the non-secure PSPLIM is RAZ/WI
 664:./inc/cmsis_gcc.h ****   return 0U;
 665:./inc/cmsis_gcc.h **** #else
 666:./inc/cmsis_gcc.h ****   uint32_t result;
 667:./inc/cmsis_gcc.h ****   __ASM volatile ("MRS %0, psplim"  : "=r" (result) );
 668:./inc/cmsis_gcc.h ****   return result;
 669:./inc/cmsis_gcc.h **** #endif
 670:./inc/cmsis_gcc.h **** }
 671:./inc/cmsis_gcc.h **** 
 672:./inc/cmsis_gcc.h **** #if (defined (__ARM_FEATURE_CMSE) && (__ARM_FEATURE_CMSE == 3))
 673:./inc/cmsis_gcc.h **** /**
 674:./inc/cmsis_gcc.h ****   \brief   Get Process Stack Pointer Limit (non-secure)
 675:./inc/cmsis_gcc.h ****   Devices without ARMv8-M Main Extensions (i.e. Cortex-M23) lack the non-secure
 676:./inc/cmsis_gcc.h ****   Stack Pointer Limit register hence zero is returned always.
 677:./inc/cmsis_gcc.h **** 
 678:./inc/cmsis_gcc.h ****   \details Returns the current value of the non-secure Process Stack Pointer Limit (PSPLIM) when in
 679:./inc/cmsis_gcc.h ****   \return               PSPLIM Register value
 680:./inc/cmsis_gcc.h ****  */
 681:./inc/cmsis_gcc.h **** __STATIC_FORCEINLINE uint32_t __TZ_get_PSPLIM_NS(void)
 682:./inc/cmsis_gcc.h **** {
 683:./inc/cmsis_gcc.h **** #if (!(defined (__ARM_ARCH_8M_MAIN__ ) && (__ARM_ARCH_8M_MAIN__ == 1)))
 684:./inc/cmsis_gcc.h ****   // without main extensions, the non-secure PSPLIM is RAZ/WI
 685:./inc/cmsis_gcc.h ****   return 0U;
 686:./inc/cmsis_gcc.h **** #else
 687:./inc/cmsis_gcc.h ****   uint32_t result;
 688:./inc/cmsis_gcc.h ****   __ASM volatile ("MRS %0, psplim_ns"  : "=r" (result) );
 689:./inc/cmsis_gcc.h ****   return result;
 690:./inc/cmsis_gcc.h **** #endif
 691:./inc/cmsis_gcc.h **** }
 692:./inc/cmsis_gcc.h **** #endif
 693:./inc/cmsis_gcc.h **** 
 694:./inc/cmsis_gcc.h **** 
 695:./inc/cmsis_gcc.h **** /**
 696:./inc/cmsis_gcc.h ****   \brief   Set Process Stack Pointer Limit
 697:./inc/cmsis_gcc.h ****   Devices without ARMv8-M Main Extensions (i.e. Cortex-M23) lack the non-secure
 698:./inc/cmsis_gcc.h ****   Stack Pointer Limit register hence the write is silently ignored in non-secure
 699:./inc/cmsis_gcc.h ****   mode.
 700:./inc/cmsis_gcc.h ****   
 701:./inc/cmsis_gcc.h ****   \details Assigns the given value to the Process Stack Pointer Limit (PSPLIM).
 702:./inc/cmsis_gcc.h ****   \param [in]    ProcStackPtrLimit  Process Stack Pointer Limit value to set
 703:./inc/cmsis_gcc.h ****  */
 704:./inc/cmsis_gcc.h **** __STATIC_FORCEINLINE void __set_PSPLIM(uint32_t ProcStackPtrLimit)
 705:./inc/cmsis_gcc.h **** {
 706:./inc/cmsis_gcc.h **** #if (!(defined (__ARM_ARCH_8M_MAIN__ ) && (__ARM_ARCH_8M_MAIN__ == 1)) && \
 707:./inc/cmsis_gcc.h ****     (!defined (__ARM_FEATURE_CMSE) || (__ARM_FEATURE_CMSE < 3)))
 708:./inc/cmsis_gcc.h ****   // without main extensions, the non-secure PSPLIM is RAZ/WI
 709:./inc/cmsis_gcc.h ****   (void)ProcStackPtrLimit;
 710:./inc/cmsis_gcc.h **** #else
 711:./inc/cmsis_gcc.h ****   __ASM volatile ("MSR psplim, %0" : : "r" (ProcStackPtrLimit));
 712:./inc/cmsis_gcc.h **** #endif
 713:./inc/cmsis_gcc.h **** }
 714:./inc/cmsis_gcc.h **** 
 715:./inc/cmsis_gcc.h **** 
 716:./inc/cmsis_gcc.h **** #if (defined (__ARM_FEATURE_CMSE  ) && (__ARM_FEATURE_CMSE   == 3))
 717:./inc/cmsis_gcc.h **** /**
 718:./inc/cmsis_gcc.h ****   \brief   Set Process Stack Pointer (non-secure)
 719:./inc/cmsis_gcc.h ****   Devices without ARMv8-M Main Extensions (i.e. Cortex-M23) lack the non-secure
 720:./inc/cmsis_gcc.h ****   Stack Pointer Limit register hence the write is silently ignored.
 721:./inc/cmsis_gcc.h **** 
 722:./inc/cmsis_gcc.h ****   \details Assigns the given value to the non-secure Process Stack Pointer Limit (PSPLIM) when in s
 723:./inc/cmsis_gcc.h ****   \param [in]    ProcStackPtrLimit  Process Stack Pointer Limit value to set
 724:./inc/cmsis_gcc.h ****  */
 725:./inc/cmsis_gcc.h **** __STATIC_FORCEINLINE void __TZ_set_PSPLIM_NS(uint32_t ProcStackPtrLimit)
 726:./inc/cmsis_gcc.h **** {
 727:./inc/cmsis_gcc.h **** #if (!(defined (__ARM_ARCH_8M_MAIN__ ) && (__ARM_ARCH_8M_MAIN__ == 1)))
 728:./inc/cmsis_gcc.h ****   // without main extensions, the non-secure PSPLIM is RAZ/WI
 729:./inc/cmsis_gcc.h ****   (void)ProcStackPtrLimit;
 730:./inc/cmsis_gcc.h **** #else
 731:./inc/cmsis_gcc.h ****   __ASM volatile ("MSR psplim_ns, %0\n" : : "r" (ProcStackPtrLimit));
 732:./inc/cmsis_gcc.h **** #endif
 733:./inc/cmsis_gcc.h **** }
 734:./inc/cmsis_gcc.h **** #endif
 735:./inc/cmsis_gcc.h **** 
 736:./inc/cmsis_gcc.h **** 
 737:./inc/cmsis_gcc.h **** /**
 738:./inc/cmsis_gcc.h ****   \brief   Get Main Stack Pointer Limit
 739:./inc/cmsis_gcc.h ****   Devices without ARMv8-M Main Extensions (i.e. Cortex-M23) lack the non-secure
 740:./inc/cmsis_gcc.h ****   Stack Pointer Limit register hence zero is returned always in non-secure
 741:./inc/cmsis_gcc.h ****   mode.
 742:./inc/cmsis_gcc.h **** 
 743:./inc/cmsis_gcc.h ****   \details Returns the current value of the Main Stack Pointer Limit (MSPLIM).
 744:./inc/cmsis_gcc.h ****   \return               MSPLIM Register value
 745:./inc/cmsis_gcc.h ****  */
 746:./inc/cmsis_gcc.h **** __STATIC_FORCEINLINE uint32_t __get_MSPLIM(void)
 747:./inc/cmsis_gcc.h **** {
 748:./inc/cmsis_gcc.h **** #if (!(defined (__ARM_ARCH_8M_MAIN__ ) && (__ARM_ARCH_8M_MAIN__ == 1)) && \
 749:./inc/cmsis_gcc.h ****     (!defined (__ARM_FEATURE_CMSE) || (__ARM_FEATURE_CMSE < 3)))
 750:./inc/cmsis_gcc.h ****   // without main extensions, the non-secure MSPLIM is RAZ/WI
 751:./inc/cmsis_gcc.h ****   return 0U;
 752:./inc/cmsis_gcc.h **** #else
 753:./inc/cmsis_gcc.h ****   uint32_t result;
 754:./inc/cmsis_gcc.h ****   __ASM volatile ("MRS %0, msplim" : "=r" (result) );
 755:./inc/cmsis_gcc.h ****   return result;
 756:./inc/cmsis_gcc.h **** #endif
 757:./inc/cmsis_gcc.h **** }
 758:./inc/cmsis_gcc.h **** 
 759:./inc/cmsis_gcc.h **** 
 760:./inc/cmsis_gcc.h **** #if (defined (__ARM_FEATURE_CMSE  ) && (__ARM_FEATURE_CMSE   == 3))
 761:./inc/cmsis_gcc.h **** /**
 762:./inc/cmsis_gcc.h ****   \brief   Get Main Stack Pointer Limit (non-secure)
 763:./inc/cmsis_gcc.h ****   Devices without ARMv8-M Main Extensions (i.e. Cortex-M23) lack the non-secure
 764:./inc/cmsis_gcc.h ****   Stack Pointer Limit register hence zero is returned always.
 765:./inc/cmsis_gcc.h **** 
 766:./inc/cmsis_gcc.h ****   \details Returns the current value of the non-secure Main Stack Pointer Limit(MSPLIM) when in sec
 767:./inc/cmsis_gcc.h ****   \return               MSPLIM Register value
 768:./inc/cmsis_gcc.h ****  */
 769:./inc/cmsis_gcc.h **** __STATIC_FORCEINLINE uint32_t __TZ_get_MSPLIM_NS(void)
 770:./inc/cmsis_gcc.h **** {
 771:./inc/cmsis_gcc.h **** #if (!(defined (__ARM_ARCH_8M_MAIN__ ) && (__ARM_ARCH_8M_MAIN__ == 1)))
 772:./inc/cmsis_gcc.h ****   // without main extensions, the non-secure MSPLIM is RAZ/WI
 773:./inc/cmsis_gcc.h ****   return 0U;
 774:./inc/cmsis_gcc.h **** #else
 775:./inc/cmsis_gcc.h ****   uint32_t result;
 776:./inc/cmsis_gcc.h ****   __ASM volatile ("MRS %0, msplim_ns" : "=r" (result) );
 777:./inc/cmsis_gcc.h ****   return result;
 778:./inc/cmsis_gcc.h **** #endif
 779:./inc/cmsis_gcc.h **** }
 780:./inc/cmsis_gcc.h **** #endif
 781:./inc/cmsis_gcc.h **** 
 782:./inc/cmsis_gcc.h **** 
 783:./inc/cmsis_gcc.h **** /**
 784:./inc/cmsis_gcc.h ****   \brief   Set Main Stack Pointer Limit
 785:./inc/cmsis_gcc.h ****   Devices without ARMv8-M Main Extensions (i.e. Cortex-M23) lack the non-secure
 786:./inc/cmsis_gcc.h ****   Stack Pointer Limit register hence the write is silently ignored in non-secure
 787:./inc/cmsis_gcc.h ****   mode.
 788:./inc/cmsis_gcc.h **** 
 789:./inc/cmsis_gcc.h ****   \details Assigns the given value to the Main Stack Pointer Limit (MSPLIM).
 790:./inc/cmsis_gcc.h ****   \param [in]    MainStackPtrLimit  Main Stack Pointer Limit value to set
 791:./inc/cmsis_gcc.h ****  */
 792:./inc/cmsis_gcc.h **** __STATIC_FORCEINLINE void __set_MSPLIM(uint32_t MainStackPtrLimit)
 793:./inc/cmsis_gcc.h **** {
 794:./inc/cmsis_gcc.h **** #if (!(defined (__ARM_ARCH_8M_MAIN__ ) && (__ARM_ARCH_8M_MAIN__ == 1)) && \
 795:./inc/cmsis_gcc.h ****     (!defined (__ARM_FEATURE_CMSE) || (__ARM_FEATURE_CMSE < 3)))
 796:./inc/cmsis_gcc.h ****   // without main extensions, the non-secure MSPLIM is RAZ/WI
 797:./inc/cmsis_gcc.h ****   (void)MainStackPtrLimit;
 798:./inc/cmsis_gcc.h **** #else
 799:./inc/cmsis_gcc.h ****   __ASM volatile ("MSR msplim, %0" : : "r" (MainStackPtrLimit));
 800:./inc/cmsis_gcc.h **** #endif
 801:./inc/cmsis_gcc.h **** }
 802:./inc/cmsis_gcc.h **** 
 803:./inc/cmsis_gcc.h **** 
 804:./inc/cmsis_gcc.h **** #if (defined (__ARM_FEATURE_CMSE  ) && (__ARM_FEATURE_CMSE   == 3))
 805:./inc/cmsis_gcc.h **** /**
 806:./inc/cmsis_gcc.h ****   \brief   Set Main Stack Pointer Limit (non-secure)
 807:./inc/cmsis_gcc.h ****   Devices without ARMv8-M Main Extensions (i.e. Cortex-M23) lack the non-secure
 808:./inc/cmsis_gcc.h ****   Stack Pointer Limit register hence the write is silently ignored.
 809:./inc/cmsis_gcc.h **** 
 810:./inc/cmsis_gcc.h ****   \details Assigns the given value to the non-secure Main Stack Pointer Limit (MSPLIM) when in secu
 811:./inc/cmsis_gcc.h ****   \param [in]    MainStackPtrLimit  Main Stack Pointer value to set
 812:./inc/cmsis_gcc.h ****  */
 813:./inc/cmsis_gcc.h **** __STATIC_FORCEINLINE void __TZ_set_MSPLIM_NS(uint32_t MainStackPtrLimit)
 814:./inc/cmsis_gcc.h **** {
 815:./inc/cmsis_gcc.h **** #if (!(defined (__ARM_ARCH_8M_MAIN__ ) && (__ARM_ARCH_8M_MAIN__ == 1)))
 816:./inc/cmsis_gcc.h ****   // without main extensions, the non-secure MSPLIM is RAZ/WI
 817:./inc/cmsis_gcc.h ****   (void)MainStackPtrLimit;
 818:./inc/cmsis_gcc.h **** #else
 819:./inc/cmsis_gcc.h ****   __ASM volatile ("MSR msplim_ns, %0" : : "r" (MainStackPtrLimit));
 820:./inc/cmsis_gcc.h **** #endif
 821:./inc/cmsis_gcc.h **** }
 822:./inc/cmsis_gcc.h **** #endif
 823:./inc/cmsis_gcc.h **** 
 824:./inc/cmsis_gcc.h **** #endif /* ((defined (__ARM_ARCH_8M_MAIN__ ) && (__ARM_ARCH_8M_MAIN__ == 1)) || \
 825:./inc/cmsis_gcc.h ****            (defined (__ARM_ARCH_8M_BASE__ ) && (__ARM_ARCH_8M_BASE__ == 1))    ) */
 826:./inc/cmsis_gcc.h **** 
 827:./inc/cmsis_gcc.h **** 
 828:./inc/cmsis_gcc.h **** /**
 829:./inc/cmsis_gcc.h ****   \brief   Get FPSCR
 830:./inc/cmsis_gcc.h ****   \details Returns the current value of the Floating Point Status/Control register.
 831:./inc/cmsis_gcc.h ****   \return               Floating Point Status/Control register value
 832:./inc/cmsis_gcc.h ****  */
 833:./inc/cmsis_gcc.h **** __STATIC_FORCEINLINE uint32_t __get_FPSCR(void)
 834:./inc/cmsis_gcc.h **** {
 835:./inc/cmsis_gcc.h **** #if ((defined (__FPU_PRESENT) && (__FPU_PRESENT == 1U)) && \
 836:./inc/cmsis_gcc.h ****      (defined (__FPU_USED   ) && (__FPU_USED    == 1U))     )
 837:./inc/cmsis_gcc.h **** #if __has_builtin(__builtin_arm_get_fpscr) 
 838:./inc/cmsis_gcc.h **** // Re-enable using built-in when GCC has been fixed
 839:./inc/cmsis_gcc.h **** // || (__GNUC__ > 7) || (__GNUC__ == 7 && __GNUC_MINOR__ >= 2)
 840:./inc/cmsis_gcc.h ****   /* see https://gcc.gnu.org/ml/gcc-patches/2017-04/msg00443.html */
 841:./inc/cmsis_gcc.h ****   return __builtin_arm_get_fpscr();
 842:./inc/cmsis_gcc.h **** #else
 843:./inc/cmsis_gcc.h ****   uint32_t result;
 844:./inc/cmsis_gcc.h **** 
 845:./inc/cmsis_gcc.h ****   __ASM volatile ("VMRS %0, fpscr" : "=r" (result) );
 846:./inc/cmsis_gcc.h ****   return(result);
 847:./inc/cmsis_gcc.h **** #endif
 848:./inc/cmsis_gcc.h **** #else
 849:./inc/cmsis_gcc.h ****   return(0U);
 850:./inc/cmsis_gcc.h **** #endif
 851:./inc/cmsis_gcc.h **** }
 852:./inc/cmsis_gcc.h **** 
 853:./inc/cmsis_gcc.h **** 
 854:./inc/cmsis_gcc.h **** /**
 855:./inc/cmsis_gcc.h ****   \brief   Set FPSCR
 856:./inc/cmsis_gcc.h ****   \details Assigns the given value to the Floating Point Status/Control register.
 857:./inc/cmsis_gcc.h ****   \param [in]    fpscr  Floating Point Status/Control value to set
 858:./inc/cmsis_gcc.h ****  */
 859:./inc/cmsis_gcc.h **** __STATIC_FORCEINLINE void __set_FPSCR(uint32_t fpscr)
 860:./inc/cmsis_gcc.h **** {
 861:./inc/cmsis_gcc.h **** #if ((defined (__FPU_PRESENT) && (__FPU_PRESENT == 1U)) && \
 862:./inc/cmsis_gcc.h ****      (defined (__FPU_USED   ) && (__FPU_USED    == 1U))     )
 863:./inc/cmsis_gcc.h **** #if __has_builtin(__builtin_arm_set_fpscr)
 864:./inc/cmsis_gcc.h **** // Re-enable using built-in when GCC has been fixed
 865:./inc/cmsis_gcc.h **** // || (__GNUC__ > 7) || (__GNUC__ == 7 && __GNUC_MINOR__ >= 2)
 866:./inc/cmsis_gcc.h ****   /* see https://gcc.gnu.org/ml/gcc-patches/2017-04/msg00443.html */
 867:./inc/cmsis_gcc.h ****   __builtin_arm_set_fpscr(fpscr);
 868:./inc/cmsis_gcc.h **** #else
 869:./inc/cmsis_gcc.h ****   __ASM volatile ("VMSR fpscr, %0" : : "r" (fpscr) : "vfpcc", "memory");
 870:./inc/cmsis_gcc.h **** #endif
 871:./inc/cmsis_gcc.h **** #else
 872:./inc/cmsis_gcc.h ****   (void)fpscr;
 873:./inc/cmsis_gcc.h **** #endif
 874:./inc/cmsis_gcc.h **** }
 875:./inc/cmsis_gcc.h **** 
 876:./inc/cmsis_gcc.h **** 
 877:./inc/cmsis_gcc.h **** /*@} end of CMSIS_Core_RegAccFunctions */
 878:./inc/cmsis_gcc.h **** 
 879:./inc/cmsis_gcc.h **** 
 880:./inc/cmsis_gcc.h **** /* ##########################  Core Instruction Access  ######################### */
 881:./inc/cmsis_gcc.h **** /** \defgroup CMSIS_Core_InstructionInterface CMSIS Core Instruction Interface
 882:./inc/cmsis_gcc.h ****   Access to dedicated instructions
 883:./inc/cmsis_gcc.h ****   @{
 884:./inc/cmsis_gcc.h **** */
 885:./inc/cmsis_gcc.h **** 
 886:./inc/cmsis_gcc.h **** /* Define macros for porting to both thumb1 and thumb2.
 887:./inc/cmsis_gcc.h ****  * For thumb1, use low register (r0-r7), specified by constraint "l"
 888:./inc/cmsis_gcc.h ****  * Otherwise, use general registers, specified by constraint "r" */
 889:./inc/cmsis_gcc.h **** #if defined (__thumb__) && !defined (__thumb2__)
 890:./inc/cmsis_gcc.h **** #define __CMSIS_GCC_OUT_REG(r) "=l" (r)
 891:./inc/cmsis_gcc.h **** #define __CMSIS_GCC_RW_REG(r) "+l" (r)
 892:./inc/cmsis_gcc.h **** #define __CMSIS_GCC_USE_REG(r) "l" (r)
 893:./inc/cmsis_gcc.h **** #else
 894:./inc/cmsis_gcc.h **** #define __CMSIS_GCC_OUT_REG(r) "=r" (r)
 895:./inc/cmsis_gcc.h **** #define __CMSIS_GCC_RW_REG(r) "+r" (r)
 896:./inc/cmsis_gcc.h **** #define __CMSIS_GCC_USE_REG(r) "r" (r)
 897:./inc/cmsis_gcc.h **** #endif
 898:./inc/cmsis_gcc.h **** 
 899:./inc/cmsis_gcc.h **** /**
 900:./inc/cmsis_gcc.h ****   \brief   No Operation
 901:./inc/cmsis_gcc.h ****   \details No Operation does nothing. This instruction can be used for code alignment purposes.
 902:./inc/cmsis_gcc.h ****  */
 903:./inc/cmsis_gcc.h **** #define __NOP()                             __ASM volatile ("nop")
 904:./inc/cmsis_gcc.h **** 
 905:./inc/cmsis_gcc.h **** /**
 906:./inc/cmsis_gcc.h ****   \brief   Wait For Interrupt
 907:./inc/cmsis_gcc.h ****   \details Wait For Interrupt is a hint instruction that suspends execution until one of a number o
 908:./inc/cmsis_gcc.h ****  */
 909:./inc/cmsis_gcc.h **** #define __WFI()                             __ASM volatile ("wfi")
 910:./inc/cmsis_gcc.h **** 
 911:./inc/cmsis_gcc.h **** 
 912:./inc/cmsis_gcc.h **** /**
 913:./inc/cmsis_gcc.h ****   \brief   Wait For Event
 914:./inc/cmsis_gcc.h ****   \details Wait For Event is a hint instruction that permits the processor to enter
 915:./inc/cmsis_gcc.h ****            a low-power state until one of a number of events occurs.
 916:./inc/cmsis_gcc.h ****  */
 917:./inc/cmsis_gcc.h **** #define __WFE()                             __ASM volatile ("wfe")
 918:./inc/cmsis_gcc.h **** 
 919:./inc/cmsis_gcc.h **** 
 920:./inc/cmsis_gcc.h **** /**
 921:./inc/cmsis_gcc.h ****   \brief   Send Event
 922:./inc/cmsis_gcc.h ****   \details Send Event is a hint instruction. It causes an event to be signaled to the CPU.
 923:./inc/cmsis_gcc.h ****  */
 924:./inc/cmsis_gcc.h **** #define __SEV()                             __ASM volatile ("sev")
 925:./inc/cmsis_gcc.h **** 
 926:./inc/cmsis_gcc.h **** 
 927:./inc/cmsis_gcc.h **** /**
 928:./inc/cmsis_gcc.h ****   \brief   Instruction Synchronization Barrier
 929:./inc/cmsis_gcc.h ****   \details Instruction Synchronization Barrier flushes the pipeline in the processor,
 930:./inc/cmsis_gcc.h ****            so that all instructions following the ISB are fetched from cache or memory,
 931:./inc/cmsis_gcc.h ****            after the instruction has been completed.
 932:./inc/cmsis_gcc.h ****  */
 933:./inc/cmsis_gcc.h **** __STATIC_FORCEINLINE void __ISB(void)
 934:./inc/cmsis_gcc.h **** {
 935:./inc/cmsis_gcc.h ****   __ASM volatile ("isb 0xF":::"memory");
 936:./inc/cmsis_gcc.h **** }
 937:./inc/cmsis_gcc.h **** 
 938:./inc/cmsis_gcc.h **** 
 939:./inc/cmsis_gcc.h **** /**
 940:./inc/cmsis_gcc.h ****   \brief   Data Synchronization Barrier
 941:./inc/cmsis_gcc.h ****   \details Acts as a special kind of Data Memory Barrier.
 942:./inc/cmsis_gcc.h ****            It completes when all explicit memory accesses before this instruction complete.
 943:./inc/cmsis_gcc.h ****  */
 944:./inc/cmsis_gcc.h **** __STATIC_FORCEINLINE void __DSB(void)
 322              		.loc 2 944 27 view .LVU85
 323              	.LBB47:
 945:./inc/cmsis_gcc.h **** {
 946:./inc/cmsis_gcc.h ****   __ASM volatile ("dsb 0xF":::"memory");
 324              		.loc 2 946 3 view .LVU86
 325              		.syntax unified
 326              	@ 946 "./inc/cmsis_gcc.h" 1
 327 00b4 BFF34F8F 		dsb 0xF
 328              	@ 0 "" 2
 329              		.thumb
 330              		.syntax unified
 331              	.LBE47:
 332              	.LBE46:
 442:./lwip-2.1.2/src/api/api_msg.c **** 
 333              		.loc 1 442 3 discriminator 3 view .LVU87
 334              	.LBB48:
 335              	.LBI48:
 933:./inc/cmsis_gcc.h **** {
 336              		.loc 2 933 27 view .LVU88
 337              	.LBB49:
 935:./inc/cmsis_gcc.h **** }
 338              		.loc 2 935 3 view .LVU89
 339              		.syntax unified
 340              	@ 935 "./inc/cmsis_gcc.h" 1
 341 00b8 BFF36F8F 		isb 0xF
 342              	@ 0 "" 2
 343              		.thumb
 344              		.syntax unified
 345              	.LBE49:
 346              	.LBE48:
 445:./lwip-2.1.2/src/api/api_msg.c ****   /* store pending error */
 347              		.loc 1 445 3 view .LVU90
 449:./lwip-2.1.2/src/api/api_msg.c **** 
 348              		.loc 1 449 15 is_stmt 0 view .LVU91
 349 00bc 037F     		ldrb	r3, [r0, #28]	@ zero_extendqisi2
 445:./lwip-2.1.2/src/api/api_msg.c ****   /* store pending error */
 350              		.loc 1 445 17 view .LVU92
 351 00be 0022     		movs	r2, #0
 452:./lwip-2.1.2/src/api/api_msg.c ****   conn->state = NETCONN_NONE;
 352              		.loc 1 452 13 view .LVU93
 353 00c0 4678     		ldrb	r6, [r0, #1]	@ zero_extendqisi2
 449:./lwip-2.1.2/src/api/api_msg.c **** 
 354              		.loc 1 449 15 view .LVU94
 355 00c2 43F00103 		orr	r3, r3, #1
 447:./lwip-2.1.2/src/api/api_msg.c ****   /* prevent application threads from blocking on 'recvmbox'/'acceptmbox' */
 356              		.loc 1 447 21 view .LVU95
 357 00c6 0572     		strb	r5, [r0, #8]
 445:./lwip-2.1.2/src/api/api_msg.c ****   /* store pending error */
 358              		.loc 1 445 17 view .LVU96
 359 00c8 4260     		str	r2, [r0, #4]
 447:./lwip-2.1.2/src/api/api_msg.c ****   /* prevent application threads from blocking on 'recvmbox'/'acceptmbox' */
 360              		.loc 1 447 3 is_stmt 1 view .LVU97
 449:./lwip-2.1.2/src/api/api_msg.c **** 
 361              		.loc 1 449 3 view .LVU98
 449:./lwip-2.1.2/src/api/api_msg.c **** 
 362              		.loc 1 449 15 is_stmt 0 view .LVU99
 363 00ca 0377     		strb	r3, [r0, #28]
 452:./lwip-2.1.2/src/api/api_msg.c ****   conn->state = NETCONN_NONE;
 364              		.loc 1 452 3 is_stmt 1 view .LVU100
 365              	.LVL27:
 453:./lwip-2.1.2/src/api/api_msg.c **** 
 366              		.loc 1 453 3 view .LVU101
 453:./lwip-2.1.2/src/api/api_msg.c **** 
 367              		.loc 1 453 15 is_stmt 0 view .LVU102
 368 00cc 4270     		strb	r2, [r0, #1]
 455:./lwip-2.1.2/src/api/api_msg.c **** 
 369              		.loc 1 455 3 is_stmt 1 view .LVU103
 370 00ce 01B9     		cbnz	r1, .L22
 455:./lwip-2.1.2/src/api/api_msg.c **** 
 371              		.loc 1 455 3 discriminator 1 view .LVU104
 372              	.LBB50:
 373              	.LBI50:
 196:./inc/cmsis_gcc.h **** {
 374              		.loc 2 196 27 view .LVU105
 375              	.LBB51:
 198:./inc/cmsis_gcc.h **** }
 376              		.loc 2 198 3 view .LVU106
 377              		.syntax unified
 378              	@ 198 "./inc/cmsis_gcc.h" 1
 379 00d0 62B6     		cpsie i
 380              	@ 0 "" 2
 381              		.thumb
 382              		.syntax unified
 383              	.L22:
 384              	.LBE51:
 385              	.LBE50:
 458:./lwip-2.1.2/src/api/api_msg.c ****   /* Try to release selects pending on 'read' or 'write', too.
 386              		.loc 1 458 3 view .LVU107
 387 00d2 636A     		ldr	r3, [r4, #36]
 388 00d4 7BB1     		cbz	r3, .L34
 458:./lwip-2.1.2/src/api/api_msg.c ****   /* Try to release selects pending on 'read' or 'write', too.
 389              		.loc 1 458 3 discriminator 1 view .LVU108
 390 00d6 0022     		movs	r2, #0
 391 00d8 0421     		movs	r1, #4
 392              	.LVL28:
 458:./lwip-2.1.2/src/api/api_msg.c ****   /* Try to release selects pending on 'read' or 'write', too.
 393              		.loc 1 458 3 is_stmt 0 discriminator 1 view .LVU109
 394 00da 2046     		mov	r0, r4
 395              	.LVL29:
 458:./lwip-2.1.2/src/api/api_msg.c ****   /* Try to release selects pending on 'read' or 'write', too.
 396              		.loc 1 458 3 discriminator 1 view .LVU110
 397 00dc 9847     		blx	r3
 398              	.LVL30:
 458:./lwip-2.1.2/src/api/api_msg.c ****   /* Try to release selects pending on 'read' or 'write', too.
 399              		.loc 1 458 40 is_stmt 1 discriminator 3 view .LVU111
 461:./lwip-2.1.2/src/api/api_msg.c ****   API_EVENT(conn, NETCONN_EVT_SENDPLUS, 0);
 400              		.loc 1 461 3 view .LVU112
 401 00de 636A     		ldr	r3, [r4, #36]
 402 00e0 4BB1     		cbz	r3, .L34
 461:./lwip-2.1.2/src/api/api_msg.c ****   API_EVENT(conn, NETCONN_EVT_SENDPLUS, 0);
 403              		.loc 1 461 3 discriminator 1 view .LVU113
 404 00e2 0022     		movs	r2, #0
 405 00e4 2046     		mov	r0, r4
 406 00e6 1146     		mov	r1, r2
 407 00e8 9847     		blx	r3
 408              	.LVL31:
 461:./lwip-2.1.2/src/api/api_msg.c ****   API_EVENT(conn, NETCONN_EVT_SENDPLUS, 0);
 409              		.loc 1 461 42 discriminator 3 view .LVU114
 462:./lwip-2.1.2/src/api/api_msg.c **** 
 410              		.loc 1 462 3 view .LVU115
 411 00ea 636A     		ldr	r3, [r4, #36]
 412 00ec 1BB1     		cbz	r3, .L34
 462:./lwip-2.1.2/src/api/api_msg.c **** 
 413              		.loc 1 462 3 discriminator 1 view .LVU116
 414 00ee 0022     		movs	r2, #0
 415 00f0 0221     		movs	r1, #2
 416 00f2 2046     		mov	r0, r4
 417 00f4 9847     		blx	r3
 418              	.LVL32:
 419              	.L34:
 462:./lwip-2.1.2/src/api/api_msg.c **** 
 420              		.loc 1 462 43 discriminator 3 view .LVU117
 464:./lwip-2.1.2/src/api/api_msg.c ****   /* pass error message to recvmbox to wake up pending recv */
 421              		.loc 1 464 3 view .LVU118
 422              	.LBB52:
 423              	.LBI52:
 115:./lwip-2.1.2/src/api/api_msg.c **** {
 424              		.loc 1 115 1 view .LVU119
 425              	.LBB53:
 117:./lwip-2.1.2/src/api/api_msg.c ****     case ERR_ABRT:
 426              		.loc 1 117 3 view .LVU120
 427 00f6 05F10F03 		add	r3, r5, #15
 428 00fa DBB2     		uxtb	r3, r3
 429 00fc 022B     		cmp	r3, #2
 430 00fe 23D8     		bhi	.L35
 431 0100 1A4A     		ldr	r2, .L55
 432 0102 52F82370 		ldr	r7, [r2, r3, lsl #2]
 433              	.LVL33:
 117:./lwip-2.1.2/src/api/api_msg.c ****     case ERR_ABRT:
 434              		.loc 1 117 3 is_stmt 0 view .LVU121
 435              	.LBE53:
 436              	.LBE52:
 466:./lwip-2.1.2/src/api/api_msg.c ****     /* use trypost to prevent deadlock */
 437              		.loc 1 466 3 is_stmt 1 view .LVU122
 438              	.L25:
 466:./lwip-2.1.2/src/api/api_msg.c ****     /* use trypost to prevent deadlock */
 439              		.loc 1 466 7 is_stmt 0 discriminator 1 view .LVU123
 440 0106 2369     		ldr	r3, [r4, #16]
 441 0108 23B1     		cbz	r3, .L26
 468:./lwip-2.1.2/src/api/api_msg.c ****   }
 442              		.loc 1 468 5 is_stmt 1 view .LVU124
 443 010a 3946     		mov	r1, r7
 444 010c 04F11000 		add	r0, r4, #16
 445 0110 FFF7FEFF 		bl	sys_mbox_trypost
 446              	.LVL34:
 471:./lwip-2.1.2/src/api/api_msg.c ****     /* use trypost to preven deadlock */
 447              		.loc 1 471 3 view .LVU125
 448              	.L26:
 471:./lwip-2.1.2/src/api/api_msg.c ****     /* use trypost to preven deadlock */
 449              		.loc 1 471 7 is_stmt 0 discriminator 1 view .LVU126
 450 0114 6369     		ldr	r3, [r4, #20]
 451 0116 23B1     		cbz	r3, .L27
 473:./lwip-2.1.2/src/api/api_msg.c ****   }
 452              		.loc 1 473 5 is_stmt 1 view .LVU127
 453 0118 3946     		mov	r1, r7
 454 011a 04F11400 		add	r0, r4, #20
 455 011e FFF7FEFF 		bl	sys_mbox_trypost
 456              	.LVL35:
 457              	.L27:
 476:./lwip-2.1.2/src/api/api_msg.c ****       (old_state == NETCONN_CONNECT)) {
 458              		.loc 1 476 3 view .LVU128
 476:./lwip-2.1.2/src/api/api_msg.c ****       (old_state == NETCONN_CONNECT)) {
 459              		.loc 1 476 6 is_stmt 0 view .LVU129
 460 0122 012E     		cmp	r6, #1
 461 0124 04D0     		beq	.L28
 462 0126 042E     		cmp	r6, #4
 463 0128 02D0     		beq	.L28
 476:./lwip-2.1.2/src/api/api_msg.c ****       (old_state == NETCONN_CONNECT)) {
 464              		.loc 1 476 68 discriminator 1 view .LVU130
 465 012a 032E     		cmp	r6, #3
 466 012c 0ED0     		beq	.L54
 467              	.L21:
 505:./lwip-2.1.2/src/api/api_msg.c **** 
 468              		.loc 1 505 1 view .LVU131
 469 012e F8BD     		pop	{r3, r4, r5, r6, r7, pc}
 470              	.LVL36:
 471              	.L28:
 472              	.LBB55:
 480:./lwip-2.1.2/src/api/api_msg.c ****     SET_NONBLOCKING_CONNECT(conn, 0);
 473              		.loc 1 480 5 is_stmt 1 view .LVU132
 480:./lwip-2.1.2/src/api/api_msg.c ****     SET_NONBLOCKING_CONNECT(conn, 0);
 474              		.loc 1 480 35 is_stmt 0 view .LVU133
 475 0130 237F     		ldrb	r3, [r4, #28]	@ zero_extendqisi2
 476              	.LVL37:
 481:./lwip-2.1.2/src/api/api_msg.c **** 
 477              		.loc 1 481 5 is_stmt 1 view .LVU134
 481:./lwip-2.1.2/src/api/api_msg.c **** 
 478              		.loc 1 481 5 view .LVU135
 481:./lwip-2.1.2/src/api/api_msg.c **** 
 479              		.loc 1 481 5 discriminator 2 view .LVU136
 481:./lwip-2.1.2/src/api/api_msg.c **** 
 480              		.loc 1 481 5 discriminator 2 view .LVU137
 481 0132 23F00402 		bic	r2, r3, #4
 483:./lwip-2.1.2/src/api/api_msg.c ****       sys_sem_t *op_completed_sem;
 482              		.loc 1 483 8 is_stmt 0 view .LVU138
 483 0136 13F00403 		ands	r3, r3, #4
 484              	.LVL38:
 481:./lwip-2.1.2/src/api/api_msg.c **** 
 485              		.loc 1 481 5 discriminator 2 view .LVU139
 486 013a 2277     		strb	r2, [r4, #28]
 487              	.LVL39:
 481:./lwip-2.1.2/src/api/api_msg.c **** 
 488              		.loc 1 481 5 is_stmt 1 discriminator 4 view .LVU140
 481:./lwip-2.1.2/src/api/api_msg.c **** 
 489              		.loc 1 481 5 discriminator 4 view .LVU141
 483:./lwip-2.1.2/src/api/api_msg.c ****       sys_sem_t *op_completed_sem;
 490              		.loc 1 483 5 view .LVU142
 483:./lwip-2.1.2/src/api/api_msg.c ****       sys_sem_t *op_completed_sem;
 491              		.loc 1 483 8 is_stmt 0 view .LVU143
 492 013c F7D1     		bne	.L21
 493              	.LBB56:
 484:./lwip-2.1.2/src/api/api_msg.c ****       /* set error return code */
 494              		.loc 1 484 7 is_stmt 1 view .LVU144
 486:./lwip-2.1.2/src/api/api_msg.c ****       if (old_state == NETCONN_CLOSE) {
 495              		.loc 1 486 74 view .LVU145
 487:./lwip-2.1.2/src/api/api_msg.c ****         /* let close succeed: the connection is closed after all... */
 496              		.loc 1 487 7 view .LVU146
 487:./lwip-2.1.2/src/api/api_msg.c ****         /* let close succeed: the connection is closed after all... */
 497              		.loc 1 487 10 is_stmt 0 view .LVU147
 498 013e 042E     		cmp	r6, #4
 489:./lwip-2.1.2/src/api/api_msg.c ****       } else {
 499              		.loc 1 489 13 view .LVU148
 500 0140 226A     		ldr	r2, [r4, #32]
 487:./lwip-2.1.2/src/api/api_msg.c ****         /* let close succeed: the connection is closed after all... */
 501              		.loc 1 487 10 view .LVU149
 502 0142 0AD1     		bne	.L31
 489:./lwip-2.1.2/src/api/api_msg.c ****       } else {
 503              		.loc 1 489 9 is_stmt 1 view .LVU150
 489:./lwip-2.1.2/src/api/api_msg.c ****       } else {
 504              		.loc 1 489 32 is_stmt 0 view .LVU151
 505 0144 1371     		strb	r3, [r2, #4]
 506 0146 09E0     		b	.L33
 507              	.LVL40:
 508              	.L35:
 489:./lwip-2.1.2/src/api/api_msg.c ****       } else {
 509              		.loc 1 489 32 view .LVU152
 510              	.LBE56:
 511              	.LBE55:
 512              	.LBB59:
 513              	.LBB54:
 117:./lwip-2.1.2/src/api/api_msg.c ****     case ERR_ABRT:
 514              		.loc 1 117 3 view .LVU153
 515 0148 0027     		movs	r7, #0
 516 014a DCE7     		b	.L25
 517              	.LVL41:
 518              	.L54:
 117:./lwip-2.1.2/src/api/api_msg.c ****     case ERR_ABRT:
 519              		.loc 1 117 3 view .LVU154
 520              	.LBE54:
 521              	.LBE59:
 522              	.LBB60:
 480:./lwip-2.1.2/src/api/api_msg.c ****     SET_NONBLOCKING_CONNECT(conn, 0);
 523              		.loc 1 480 5 is_stmt 1 view .LVU155
 480:./lwip-2.1.2/src/api/api_msg.c ****     SET_NONBLOCKING_CONNECT(conn, 0);
 524              		.loc 1 480 35 is_stmt 0 view .LVU156
 525 014c 237F     		ldrb	r3, [r4, #28]	@ zero_extendqisi2
 526              	.LVL42:
 481:./lwip-2.1.2/src/api/api_msg.c **** 
 527              		.loc 1 481 5 is_stmt 1 view .LVU157
 481:./lwip-2.1.2/src/api/api_msg.c **** 
 528              		.loc 1 481 5 view .LVU158
 481:./lwip-2.1.2/src/api/api_msg.c **** 
 529              		.loc 1 481 5 discriminator 2 view .LVU159
 481:./lwip-2.1.2/src/api/api_msg.c **** 
 530              		.loc 1 481 5 discriminator 2 view .LVU160
 531 014e 23F00402 		bic	r2, r3, #4
 483:./lwip-2.1.2/src/api/api_msg.c ****       sys_sem_t *op_completed_sem;
 532              		.loc 1 483 8 is_stmt 0 view .LVU161
 533 0152 5B07     		lsls	r3, r3, #29
 534              	.LVL43:
 481:./lwip-2.1.2/src/api/api_msg.c **** 
 535              		.loc 1 481 5 discriminator 2 view .LVU162
 536 0154 2277     		strb	r2, [r4, #28]
 537              	.LVL44:
 481:./lwip-2.1.2/src/api/api_msg.c **** 
 538              		.loc 1 481 5 is_stmt 1 discriminator 4 view .LVU163
 481:./lwip-2.1.2/src/api/api_msg.c **** 
 539              		.loc 1 481 5 discriminator 4 view .LVU164
 483:./lwip-2.1.2/src/api/api_msg.c ****       sys_sem_t *op_completed_sem;
 540              		.loc 1 483 5 view .LVU165
 483:./lwip-2.1.2/src/api/api_msg.c ****       sys_sem_t *op_completed_sem;
 541              		.loc 1 483 8 is_stmt 0 view .LVU166
 542 0156 EAD4     		bmi	.L21
 543 0158 226A     		ldr	r2, [r4, #32]
 544              	.LVL45:
 545              	.L31:
 546              	.LBB57:
 492:./lwip-2.1.2/src/api/api_msg.c ****       }
 547              		.loc 1 492 9 is_stmt 1 view .LVU167
 492:./lwip-2.1.2/src/api/api_msg.c ****       }
 548              		.loc 1 492 32 is_stmt 0 view .LVU168
 549 015a 1571     		strb	r5, [r2, #4]
 550              	.L33:
 494:./lwip-2.1.2/src/api/api_msg.c ****       LWIP_ASSERT("inavlid op_completed_sem", sys_sem_valid(op_completed_sem));
 551              		.loc 1 494 7 is_stmt 1 view .LVU169
 494:./lwip-2.1.2/src/api/api_msg.c ****       LWIP_ASSERT("inavlid op_completed_sem", sys_sem_valid(op_completed_sem));
 552              		.loc 1 494 24 is_stmt 0 view .LVU170
 553 015c 1068     		ldr	r0, [r2]
 554              	.LVL46:
 495:./lwip-2.1.2/src/api/api_msg.c ****       conn->current_msg = NULL;
 555              		.loc 1 495 79 is_stmt 1 view .LVU171
 496:./lwip-2.1.2/src/api/api_msg.c ****       /* wake up the waiting task */
 556              		.loc 1 496 7 view .LVU172
 496:./lwip-2.1.2/src/api/api_msg.c ****       /* wake up the waiting task */
 557              		.loc 1 496 25 is_stmt 0 view .LVU173
 558 015e 0023     		movs	r3, #0
 498:./lwip-2.1.2/src/api/api_msg.c ****     } else {
 559              		.loc 1 498 7 view .LVU174
 560 0160 0C30     		adds	r0, r0, #12
 561              	.LVL47:
 496:./lwip-2.1.2/src/api/api_msg.c ****       /* wake up the waiting task */
 562              		.loc 1 496 25 view .LVU175
 563 0162 2362     		str	r3, [r4, #32]
 498:./lwip-2.1.2/src/api/api_msg.c ****     } else {
 564              		.loc 1 498 7 is_stmt 1 view .LVU176
 565              	.LBE57:
 566              	.LBE60:
 505:./lwip-2.1.2/src/api/api_msg.c **** 
 567              		.loc 1 505 1 is_stmt 0 view .LVU177
 568 0164 BDE8F840 		pop	{r3, r4, r5, r6, r7, lr}
 569              	.LCFI9:
 570              		.cfi_restore 14
 571              		.cfi_restore 7
 572              		.cfi_restore 6
 573              		.cfi_restore 5
 574              		.cfi_restore 4
 575              		.cfi_restore 3
 576              		.cfi_def_cfa_offset 0
 577              	.LVL48:
 578              	.LBB61:
 579              	.LBB58:
 498:./lwip-2.1.2/src/api/api_msg.c ****     } else {
 580              		.loc 1 498 7 view .LVU178
 581 0168 FFF7FEBF 		b	sys_sem_signal
 582              	.LVL49:
 583              	.L56:
 498:./lwip-2.1.2/src/api/api_msg.c ****     } else {
 584              		.loc 1 498 7 view .LVU179
 585              		.align	2
 586              	.L55:
 587 016c 00000000 		.word	.LANCHOR0
 588              	.LBE58:
 589              	.LBE61:
 590              		.cfi_endproc
 591              	.LFE176:
 593              		.align	1
 594              		.p2align 2,,3
 595              		.syntax unified
 596              		.thumb
 597              		.thumb_func
 599              	lwip_netconn_do_connected:
 600              	.LVL50:
 601              	.LFB188:
 525:./lwip-2.1.2/src/api/api_msg.c **** 
 526:./lwip-2.1.2/src/api/api_msg.c **** /**
 527:./lwip-2.1.2/src/api/api_msg.c ****  * Accept callback function for TCP netconns.
 528:./lwip-2.1.2/src/api/api_msg.c ****  * Allocates a new netconn and posts that to conn->acceptmbox.
 529:./lwip-2.1.2/src/api/api_msg.c ****  *
 530:./lwip-2.1.2/src/api/api_msg.c ****  * @see tcp.h (struct tcp_pcb_listen.accept) for parameters and return value
 531:./lwip-2.1.2/src/api/api_msg.c ****  */
 532:./lwip-2.1.2/src/api/api_msg.c **** static err_t
 533:./lwip-2.1.2/src/api/api_msg.c **** accept_function(void *arg, struct tcp_pcb *newpcb, err_t err)
 534:./lwip-2.1.2/src/api/api_msg.c **** {
 535:./lwip-2.1.2/src/api/api_msg.c ****   struct netconn *newconn;
 536:./lwip-2.1.2/src/api/api_msg.c ****   struct netconn *conn = (struct netconn *)arg;
 537:./lwip-2.1.2/src/api/api_msg.c **** 
 538:./lwip-2.1.2/src/api/api_msg.c ****   if (conn == NULL) {
 539:./lwip-2.1.2/src/api/api_msg.c ****     return ERR_VAL;
 540:./lwip-2.1.2/src/api/api_msg.c ****   }
 541:./lwip-2.1.2/src/api/api_msg.c ****   if (!NETCONN_MBOX_VALID(conn, &conn->acceptmbox)) {
 542:./lwip-2.1.2/src/api/api_msg.c ****     LWIP_DEBUGF(API_MSG_DEBUG, ("accept_function: acceptmbox already deleted\n"));
 543:./lwip-2.1.2/src/api/api_msg.c ****     return ERR_VAL;
 544:./lwip-2.1.2/src/api/api_msg.c ****   }
 545:./lwip-2.1.2/src/api/api_msg.c **** 
 546:./lwip-2.1.2/src/api/api_msg.c ****   if (newpcb == NULL) {
 547:./lwip-2.1.2/src/api/api_msg.c ****     /* out-of-pcbs during connect: pass on this error to the application */
 548:./lwip-2.1.2/src/api/api_msg.c ****     if (sys_mbox_trypost(&conn->acceptmbox, lwip_netconn_err_to_msg(ERR_ABRT)) == ERR_OK) {
 549:./lwip-2.1.2/src/api/api_msg.c ****       /* Register event with callback */
 550:./lwip-2.1.2/src/api/api_msg.c ****       API_EVENT(conn, NETCONN_EVT_RCVPLUS, 0);
 551:./lwip-2.1.2/src/api/api_msg.c ****     }
 552:./lwip-2.1.2/src/api/api_msg.c ****     return ERR_VAL;
 553:./lwip-2.1.2/src/api/api_msg.c ****   }
 554:./lwip-2.1.2/src/api/api_msg.c ****   LWIP_ASSERT("expect newpcb == NULL or err == ERR_OK", err == ERR_OK);
 555:./lwip-2.1.2/src/api/api_msg.c ****   LWIP_UNUSED_ARG(err); /* for LWIP_NOASSERT */
 556:./lwip-2.1.2/src/api/api_msg.c **** 
 557:./lwip-2.1.2/src/api/api_msg.c ****   LWIP_DEBUGF(API_MSG_DEBUG, ("accept_function: newpcb->state: %s\n", tcp_debug_state_str(newpcb->s
 558:./lwip-2.1.2/src/api/api_msg.c **** 
 559:./lwip-2.1.2/src/api/api_msg.c ****   /* We have to set the callback here even though
 560:./lwip-2.1.2/src/api/api_msg.c ****    * the new socket is unknown. newconn->socket is marked as -1. */
 561:./lwip-2.1.2/src/api/api_msg.c ****   newconn = netconn_alloc(conn->type, conn->callback);
 562:./lwip-2.1.2/src/api/api_msg.c ****   if (newconn == NULL) {
 563:./lwip-2.1.2/src/api/api_msg.c ****     /* outof netconns: pass on this error to the application */
 564:./lwip-2.1.2/src/api/api_msg.c ****     if (sys_mbox_trypost(&conn->acceptmbox, lwip_netconn_err_to_msg(ERR_ABRT)) == ERR_OK) {
 565:./lwip-2.1.2/src/api/api_msg.c ****       /* Register event with callback */
 566:./lwip-2.1.2/src/api/api_msg.c ****       API_EVENT(conn, NETCONN_EVT_RCVPLUS, 0);
 567:./lwip-2.1.2/src/api/api_msg.c ****     }
 568:./lwip-2.1.2/src/api/api_msg.c ****     return ERR_MEM;
 569:./lwip-2.1.2/src/api/api_msg.c ****   }
 570:./lwip-2.1.2/src/api/api_msg.c ****   newconn->pcb.tcp = newpcb;
 571:./lwip-2.1.2/src/api/api_msg.c ****   setup_tcp(newconn);
 572:./lwip-2.1.2/src/api/api_msg.c **** 
 573:./lwip-2.1.2/src/api/api_msg.c ****   /* handle backlog counter */
 574:./lwip-2.1.2/src/api/api_msg.c ****   tcp_backlog_delayed(newpcb);
 575:./lwip-2.1.2/src/api/api_msg.c **** 
 576:./lwip-2.1.2/src/api/api_msg.c ****   if (sys_mbox_trypost(&conn->acceptmbox, newconn) != ERR_OK) {
 577:./lwip-2.1.2/src/api/api_msg.c ****     /* When returning != ERR_OK, the pcb is aborted in tcp_process(),
 578:./lwip-2.1.2/src/api/api_msg.c ****        so do nothing here! */
 579:./lwip-2.1.2/src/api/api_msg.c ****     /* remove all references to this netconn from the pcb */
 580:./lwip-2.1.2/src/api/api_msg.c ****     struct tcp_pcb *pcb = newconn->pcb.tcp;
 581:./lwip-2.1.2/src/api/api_msg.c ****     tcp_arg(pcb, NULL);
 582:./lwip-2.1.2/src/api/api_msg.c ****     tcp_recv(pcb, NULL);
 583:./lwip-2.1.2/src/api/api_msg.c ****     tcp_sent(pcb, NULL);
 584:./lwip-2.1.2/src/api/api_msg.c ****     tcp_poll(pcb, NULL, 0);
 585:./lwip-2.1.2/src/api/api_msg.c ****     tcp_err(pcb, NULL);
 586:./lwip-2.1.2/src/api/api_msg.c ****     /* remove reference from to the pcb from this netconn */
 587:./lwip-2.1.2/src/api/api_msg.c ****     newconn->pcb.tcp = NULL;
 588:./lwip-2.1.2/src/api/api_msg.c ****     /* no need to drain since we know the recvmbox is empty. */
 589:./lwip-2.1.2/src/api/api_msg.c ****     sys_mbox_free(&newconn->recvmbox);
 590:./lwip-2.1.2/src/api/api_msg.c ****     sys_mbox_set_invalid(&newconn->recvmbox);
 591:./lwip-2.1.2/src/api/api_msg.c ****     netconn_free(newconn);
 592:./lwip-2.1.2/src/api/api_msg.c ****     return ERR_MEM;
 593:./lwip-2.1.2/src/api/api_msg.c ****   } else {
 594:./lwip-2.1.2/src/api/api_msg.c ****     /* Register event with callback */
 595:./lwip-2.1.2/src/api/api_msg.c ****     API_EVENT(conn, NETCONN_EVT_RCVPLUS, 0);
 596:./lwip-2.1.2/src/api/api_msg.c ****   }
 597:./lwip-2.1.2/src/api/api_msg.c **** 
 598:./lwip-2.1.2/src/api/api_msg.c ****   return ERR_OK;
 599:./lwip-2.1.2/src/api/api_msg.c **** }
 600:./lwip-2.1.2/src/api/api_msg.c **** #endif /* LWIP_TCP */
 601:./lwip-2.1.2/src/api/api_msg.c **** 
 602:./lwip-2.1.2/src/api/api_msg.c **** /**
 603:./lwip-2.1.2/src/api/api_msg.c ****  * Create a new pcb of a specific type.
 604:./lwip-2.1.2/src/api/api_msg.c ****  * Called from lwip_netconn_do_newconn().
 605:./lwip-2.1.2/src/api/api_msg.c ****  *
 606:./lwip-2.1.2/src/api/api_msg.c ****  * @param msg the api_msg describing the connection type
 607:./lwip-2.1.2/src/api/api_msg.c ****  */
 608:./lwip-2.1.2/src/api/api_msg.c **** static void
 609:./lwip-2.1.2/src/api/api_msg.c **** pcb_new(struct api_msg *msg)
 610:./lwip-2.1.2/src/api/api_msg.c **** {
 611:./lwip-2.1.2/src/api/api_msg.c ****   enum lwip_ip_addr_type iptype = IPADDR_TYPE_V4;
 612:./lwip-2.1.2/src/api/api_msg.c **** 
 613:./lwip-2.1.2/src/api/api_msg.c ****   LWIP_ASSERT("pcb_new: pcb already allocated", msg->conn->pcb.tcp == NULL);
 614:./lwip-2.1.2/src/api/api_msg.c **** 
 615:./lwip-2.1.2/src/api/api_msg.c **** #if LWIP_IPV6 && LWIP_IPV4
 616:./lwip-2.1.2/src/api/api_msg.c ****   /* IPv6: Dual-stack by default, unless netconn_set_ipv6only() is called */
 617:./lwip-2.1.2/src/api/api_msg.c ****   if (NETCONNTYPE_ISIPV6(netconn_type(msg->conn))) {
 618:./lwip-2.1.2/src/api/api_msg.c ****     iptype = IPADDR_TYPE_ANY;
 619:./lwip-2.1.2/src/api/api_msg.c ****   }
 620:./lwip-2.1.2/src/api/api_msg.c **** #endif
 621:./lwip-2.1.2/src/api/api_msg.c **** 
 622:./lwip-2.1.2/src/api/api_msg.c ****   /* Allocate a PCB for this connection */
 623:./lwip-2.1.2/src/api/api_msg.c ****   switch (NETCONNTYPE_GROUP(msg->conn->type)) {
 624:./lwip-2.1.2/src/api/api_msg.c **** #if LWIP_RAW
 625:./lwip-2.1.2/src/api/api_msg.c ****     case NETCONN_RAW:
 626:./lwip-2.1.2/src/api/api_msg.c ****       msg->conn->pcb.raw = raw_new_ip_type(iptype, msg->msg.n.proto);
 627:./lwip-2.1.2/src/api/api_msg.c ****       if (msg->conn->pcb.raw != NULL) {
 628:./lwip-2.1.2/src/api/api_msg.c **** #if LWIP_IPV6
 629:./lwip-2.1.2/src/api/api_msg.c ****         /* ICMPv6 packets should always have checksum calculated by the stack as per RFC 3542 chapt
 630:./lwip-2.1.2/src/api/api_msg.c ****         if (NETCONNTYPE_ISIPV6(msg->conn->type) && msg->conn->pcb.raw->protocol == IP6_NEXTH_ICMP6)
 631:./lwip-2.1.2/src/api/api_msg.c ****           msg->conn->pcb.raw->chksum_reqd = 1;
 632:./lwip-2.1.2/src/api/api_msg.c ****           msg->conn->pcb.raw->chksum_offset = 2;
 633:./lwip-2.1.2/src/api/api_msg.c ****         }
 634:./lwip-2.1.2/src/api/api_msg.c **** #endif /* LWIP_IPV6 */
 635:./lwip-2.1.2/src/api/api_msg.c ****         raw_recv(msg->conn->pcb.raw, recv_raw, msg->conn);
 636:./lwip-2.1.2/src/api/api_msg.c ****       }
 637:./lwip-2.1.2/src/api/api_msg.c ****       break;
 638:./lwip-2.1.2/src/api/api_msg.c **** #endif /* LWIP_RAW */
 639:./lwip-2.1.2/src/api/api_msg.c **** #if LWIP_UDP
 640:./lwip-2.1.2/src/api/api_msg.c ****     case NETCONN_UDP:
 641:./lwip-2.1.2/src/api/api_msg.c ****       msg->conn->pcb.udp = udp_new_ip_type(iptype);
 642:./lwip-2.1.2/src/api/api_msg.c ****       if (msg->conn->pcb.udp != NULL) {
 643:./lwip-2.1.2/src/api/api_msg.c **** #if LWIP_UDPLITE
 644:./lwip-2.1.2/src/api/api_msg.c ****         if (NETCONNTYPE_ISUDPLITE(msg->conn->type)) {
 645:./lwip-2.1.2/src/api/api_msg.c ****           udp_setflags(msg->conn->pcb.udp, UDP_FLAGS_UDPLITE);
 646:./lwip-2.1.2/src/api/api_msg.c ****         }
 647:./lwip-2.1.2/src/api/api_msg.c **** #endif /* LWIP_UDPLITE */
 648:./lwip-2.1.2/src/api/api_msg.c ****         if (NETCONNTYPE_ISUDPNOCHKSUM(msg->conn->type)) {
 649:./lwip-2.1.2/src/api/api_msg.c ****           udp_setflags(msg->conn->pcb.udp, UDP_FLAGS_NOCHKSUM);
 650:./lwip-2.1.2/src/api/api_msg.c ****         }
 651:./lwip-2.1.2/src/api/api_msg.c ****         udp_recv(msg->conn->pcb.udp, recv_udp, msg->conn);
 652:./lwip-2.1.2/src/api/api_msg.c ****       }
 653:./lwip-2.1.2/src/api/api_msg.c ****       break;
 654:./lwip-2.1.2/src/api/api_msg.c **** #endif /* LWIP_UDP */
 655:./lwip-2.1.2/src/api/api_msg.c **** #if LWIP_TCP
 656:./lwip-2.1.2/src/api/api_msg.c ****     case NETCONN_TCP:
 657:./lwip-2.1.2/src/api/api_msg.c ****       msg->conn->pcb.tcp = tcp_new_ip_type(iptype);
 658:./lwip-2.1.2/src/api/api_msg.c ****       if (msg->conn->pcb.tcp != NULL) {
 659:./lwip-2.1.2/src/api/api_msg.c ****         setup_tcp(msg->conn);
 660:./lwip-2.1.2/src/api/api_msg.c ****       }
 661:./lwip-2.1.2/src/api/api_msg.c ****       break;
 662:./lwip-2.1.2/src/api/api_msg.c **** #endif /* LWIP_TCP */
 663:./lwip-2.1.2/src/api/api_msg.c ****     default:
 664:./lwip-2.1.2/src/api/api_msg.c ****       /* Unsupported netconn type, e.g. protocol disabled */
 665:./lwip-2.1.2/src/api/api_msg.c ****       msg->err = ERR_VAL;
 666:./lwip-2.1.2/src/api/api_msg.c ****       return;
 667:./lwip-2.1.2/src/api/api_msg.c ****   }
 668:./lwip-2.1.2/src/api/api_msg.c ****   if (msg->conn->pcb.ip == NULL) {
 669:./lwip-2.1.2/src/api/api_msg.c ****     msg->err = ERR_MEM;
 670:./lwip-2.1.2/src/api/api_msg.c ****   }
 671:./lwip-2.1.2/src/api/api_msg.c **** }
 672:./lwip-2.1.2/src/api/api_msg.c **** 
 673:./lwip-2.1.2/src/api/api_msg.c **** /**
 674:./lwip-2.1.2/src/api/api_msg.c ****  * Create a new pcb of a specific type inside a netconn.
 675:./lwip-2.1.2/src/api/api_msg.c ****  * Called from netconn_new_with_proto_and_callback.
 676:./lwip-2.1.2/src/api/api_msg.c ****  *
 677:./lwip-2.1.2/src/api/api_msg.c ****  * @param m the api_msg describing the connection type
 678:./lwip-2.1.2/src/api/api_msg.c ****  */
 679:./lwip-2.1.2/src/api/api_msg.c **** void
 680:./lwip-2.1.2/src/api/api_msg.c **** lwip_netconn_do_newconn(void *m)
 681:./lwip-2.1.2/src/api/api_msg.c **** {
 682:./lwip-2.1.2/src/api/api_msg.c ****   struct api_msg *msg = (struct api_msg *)m;
 683:./lwip-2.1.2/src/api/api_msg.c **** 
 684:./lwip-2.1.2/src/api/api_msg.c ****   msg->err = ERR_OK;
 685:./lwip-2.1.2/src/api/api_msg.c ****   if (msg->conn->pcb.tcp == NULL) {
 686:./lwip-2.1.2/src/api/api_msg.c ****     pcb_new(msg);
 687:./lwip-2.1.2/src/api/api_msg.c ****   }
 688:./lwip-2.1.2/src/api/api_msg.c ****   /* Else? This "new" connection already has a PCB allocated. */
 689:./lwip-2.1.2/src/api/api_msg.c ****   /* Is this an error condition? Should it be deleted? */
 690:./lwip-2.1.2/src/api/api_msg.c ****   /* We currently just are happy and return. */
 691:./lwip-2.1.2/src/api/api_msg.c **** 
 692:./lwip-2.1.2/src/api/api_msg.c ****   TCPIP_APIMSG_ACK(msg);
 693:./lwip-2.1.2/src/api/api_msg.c **** }
 694:./lwip-2.1.2/src/api/api_msg.c **** 
 695:./lwip-2.1.2/src/api/api_msg.c **** /**
 696:./lwip-2.1.2/src/api/api_msg.c ****  * Create a new netconn (of a specific type) that has a callback function.
 697:./lwip-2.1.2/src/api/api_msg.c ****  * The corresponding pcb is NOT created!
 698:./lwip-2.1.2/src/api/api_msg.c ****  *
 699:./lwip-2.1.2/src/api/api_msg.c ****  * @param t the type of 'connection' to create (@see enum netconn_type)
 700:./lwip-2.1.2/src/api/api_msg.c ****  * @param callback a function to call on status changes (RX available, TX'ed)
 701:./lwip-2.1.2/src/api/api_msg.c ****  * @return a newly allocated struct netconn or
 702:./lwip-2.1.2/src/api/api_msg.c ****  *         NULL on memory error
 703:./lwip-2.1.2/src/api/api_msg.c ****  */
 704:./lwip-2.1.2/src/api/api_msg.c **** struct netconn *
 705:./lwip-2.1.2/src/api/api_msg.c **** netconn_alloc(enum netconn_type t, netconn_callback callback)
 706:./lwip-2.1.2/src/api/api_msg.c **** {
 707:./lwip-2.1.2/src/api/api_msg.c ****   struct netconn *conn;
 708:./lwip-2.1.2/src/api/api_msg.c ****   int size;
 709:./lwip-2.1.2/src/api/api_msg.c ****   u8_t init_flags = 0;
 710:./lwip-2.1.2/src/api/api_msg.c **** 
 711:./lwip-2.1.2/src/api/api_msg.c ****   conn = (struct netconn *)memp_malloc(MEMP_NETCONN);
 712:./lwip-2.1.2/src/api/api_msg.c ****   if (conn == NULL) {
 713:./lwip-2.1.2/src/api/api_msg.c ****     return NULL;
 714:./lwip-2.1.2/src/api/api_msg.c ****   }
 715:./lwip-2.1.2/src/api/api_msg.c **** 
 716:./lwip-2.1.2/src/api/api_msg.c ****   conn->pending_err = ERR_OK;
 717:./lwip-2.1.2/src/api/api_msg.c ****   conn->type = t;
 718:./lwip-2.1.2/src/api/api_msg.c ****   conn->pcb.tcp = NULL;
 719:./lwip-2.1.2/src/api/api_msg.c **** 
 720:./lwip-2.1.2/src/api/api_msg.c ****   /* If all sizes are the same, every compiler should optimize this switch to nothing */
 721:./lwip-2.1.2/src/api/api_msg.c ****   switch (NETCONNTYPE_GROUP(t)) {
 722:./lwip-2.1.2/src/api/api_msg.c **** #if LWIP_RAW
 723:./lwip-2.1.2/src/api/api_msg.c ****     case NETCONN_RAW:
 724:./lwip-2.1.2/src/api/api_msg.c ****       size = DEFAULT_RAW_RECVMBOX_SIZE;
 725:./lwip-2.1.2/src/api/api_msg.c ****       break;
 726:./lwip-2.1.2/src/api/api_msg.c **** #endif /* LWIP_RAW */
 727:./lwip-2.1.2/src/api/api_msg.c **** #if LWIP_UDP
 728:./lwip-2.1.2/src/api/api_msg.c ****     case NETCONN_UDP:
 729:./lwip-2.1.2/src/api/api_msg.c ****       size = DEFAULT_UDP_RECVMBOX_SIZE;
 730:./lwip-2.1.2/src/api/api_msg.c **** #if LWIP_NETBUF_RECVINFO
 731:./lwip-2.1.2/src/api/api_msg.c ****       init_flags |= NETCONN_FLAG_PKTINFO;
 732:./lwip-2.1.2/src/api/api_msg.c **** #endif /* LWIP_NETBUF_RECVINFO */
 733:./lwip-2.1.2/src/api/api_msg.c ****       break;
 734:./lwip-2.1.2/src/api/api_msg.c **** #endif /* LWIP_UDP */
 735:./lwip-2.1.2/src/api/api_msg.c **** #if LWIP_TCP
 736:./lwip-2.1.2/src/api/api_msg.c ****     case NETCONN_TCP:
 737:./lwip-2.1.2/src/api/api_msg.c ****       size = DEFAULT_TCP_RECVMBOX_SIZE;
 738:./lwip-2.1.2/src/api/api_msg.c ****       break;
 739:./lwip-2.1.2/src/api/api_msg.c **** #endif /* LWIP_TCP */
 740:./lwip-2.1.2/src/api/api_msg.c ****     default:
 741:./lwip-2.1.2/src/api/api_msg.c ****       LWIP_ASSERT("netconn_alloc: undefined netconn_type", 0);
 742:./lwip-2.1.2/src/api/api_msg.c ****       goto free_and_return;
 743:./lwip-2.1.2/src/api/api_msg.c ****   }
 744:./lwip-2.1.2/src/api/api_msg.c **** 
 745:./lwip-2.1.2/src/api/api_msg.c ****   if (sys_mbox_new(&conn->recvmbox, size) != ERR_OK) {
 746:./lwip-2.1.2/src/api/api_msg.c ****     goto free_and_return;
 747:./lwip-2.1.2/src/api/api_msg.c ****   }
 748:./lwip-2.1.2/src/api/api_msg.c **** #if !LWIP_NETCONN_SEM_PER_THREAD
 749:./lwip-2.1.2/src/api/api_msg.c ****   if (sys_sem_new(&conn->op_completed, 0) != ERR_OK) {
 750:./lwip-2.1.2/src/api/api_msg.c ****     sys_mbox_free(&conn->recvmbox);
 751:./lwip-2.1.2/src/api/api_msg.c ****     goto free_and_return;
 752:./lwip-2.1.2/src/api/api_msg.c ****   }
 753:./lwip-2.1.2/src/api/api_msg.c **** #endif
 754:./lwip-2.1.2/src/api/api_msg.c **** 
 755:./lwip-2.1.2/src/api/api_msg.c **** #if LWIP_TCP
 756:./lwip-2.1.2/src/api/api_msg.c ****   sys_mbox_set_invalid(&conn->acceptmbox);
 757:./lwip-2.1.2/src/api/api_msg.c **** #endif
 758:./lwip-2.1.2/src/api/api_msg.c ****   conn->state        = NETCONN_NONE;
 759:./lwip-2.1.2/src/api/api_msg.c **** #if LWIP_SOCKET
 760:./lwip-2.1.2/src/api/api_msg.c ****   /* initialize socket to -1 since 0 is a valid socket */
 761:./lwip-2.1.2/src/api/api_msg.c ****   conn->socket       = -1;
 762:./lwip-2.1.2/src/api/api_msg.c **** #endif /* LWIP_SOCKET */
 763:./lwip-2.1.2/src/api/api_msg.c ****   conn->callback     = callback;
 764:./lwip-2.1.2/src/api/api_msg.c **** #if LWIP_TCP
 765:./lwip-2.1.2/src/api/api_msg.c ****   conn->current_msg  = NULL;
 766:./lwip-2.1.2/src/api/api_msg.c **** #endif /* LWIP_TCP */
 767:./lwip-2.1.2/src/api/api_msg.c **** #if LWIP_SO_SNDTIMEO
 768:./lwip-2.1.2/src/api/api_msg.c ****   conn->send_timeout = 0;
 769:./lwip-2.1.2/src/api/api_msg.c **** #endif /* LWIP_SO_SNDTIMEO */
 770:./lwip-2.1.2/src/api/api_msg.c **** #if LWIP_SO_RCVTIMEO
 771:./lwip-2.1.2/src/api/api_msg.c ****   conn->recv_timeout = 0;
 772:./lwip-2.1.2/src/api/api_msg.c **** #endif /* LWIP_SO_RCVTIMEO */
 773:./lwip-2.1.2/src/api/api_msg.c **** #if LWIP_SO_RCVBUF
 774:./lwip-2.1.2/src/api/api_msg.c ****   conn->recv_bufsize = RECV_BUFSIZE_DEFAULT;
 775:./lwip-2.1.2/src/api/api_msg.c ****   conn->recv_avail   = 0;
 776:./lwip-2.1.2/src/api/api_msg.c **** #endif /* LWIP_SO_RCVBUF */
 777:./lwip-2.1.2/src/api/api_msg.c **** #if LWIP_SO_LINGER
 778:./lwip-2.1.2/src/api/api_msg.c ****   conn->linger = -1;
 779:./lwip-2.1.2/src/api/api_msg.c **** #endif /* LWIP_SO_LINGER */
 780:./lwip-2.1.2/src/api/api_msg.c ****   conn->flags = init_flags;
 781:./lwip-2.1.2/src/api/api_msg.c ****   return conn;
 782:./lwip-2.1.2/src/api/api_msg.c **** free_and_return:
 783:./lwip-2.1.2/src/api/api_msg.c ****   memp_free(MEMP_NETCONN, conn);
 784:./lwip-2.1.2/src/api/api_msg.c ****   return NULL;
 785:./lwip-2.1.2/src/api/api_msg.c **** }
 786:./lwip-2.1.2/src/api/api_msg.c **** 
 787:./lwip-2.1.2/src/api/api_msg.c **** /**
 788:./lwip-2.1.2/src/api/api_msg.c ****  * Delete a netconn and all its resources.
 789:./lwip-2.1.2/src/api/api_msg.c ****  * The pcb is NOT freed (since we might not be in the right thread context do this).
 790:./lwip-2.1.2/src/api/api_msg.c ****  *
 791:./lwip-2.1.2/src/api/api_msg.c ****  * @param conn the netconn to free
 792:./lwip-2.1.2/src/api/api_msg.c ****  */
 793:./lwip-2.1.2/src/api/api_msg.c **** void
 794:./lwip-2.1.2/src/api/api_msg.c **** netconn_free(struct netconn *conn)
 795:./lwip-2.1.2/src/api/api_msg.c **** {
 796:./lwip-2.1.2/src/api/api_msg.c ****   LWIP_ASSERT("PCB must be deallocated outside this function", conn->pcb.tcp == NULL);
 797:./lwip-2.1.2/src/api/api_msg.c **** 
 798:./lwip-2.1.2/src/api/api_msg.c **** #if LWIP_NETCONN_FULLDUPLEX
 799:./lwip-2.1.2/src/api/api_msg.c ****   /* in fullduplex, netconn is drained here */
 800:./lwip-2.1.2/src/api/api_msg.c ****   netconn_drain(conn);
 801:./lwip-2.1.2/src/api/api_msg.c **** #endif /* LWIP_NETCONN_FULLDUPLEX */
 802:./lwip-2.1.2/src/api/api_msg.c **** 
 803:./lwip-2.1.2/src/api/api_msg.c ****   LWIP_ASSERT("recvmbox must be deallocated before calling this function",
 804:./lwip-2.1.2/src/api/api_msg.c ****               !sys_mbox_valid(&conn->recvmbox));
 805:./lwip-2.1.2/src/api/api_msg.c **** #if LWIP_TCP
 806:./lwip-2.1.2/src/api/api_msg.c ****   LWIP_ASSERT("acceptmbox must be deallocated before calling this function",
 807:./lwip-2.1.2/src/api/api_msg.c ****               !sys_mbox_valid(&conn->acceptmbox));
 808:./lwip-2.1.2/src/api/api_msg.c **** #endif /* LWIP_TCP */
 809:./lwip-2.1.2/src/api/api_msg.c **** 
 810:./lwip-2.1.2/src/api/api_msg.c **** #if !LWIP_NETCONN_SEM_PER_THREAD
 811:./lwip-2.1.2/src/api/api_msg.c ****   sys_sem_free(&conn->op_completed);
 812:./lwip-2.1.2/src/api/api_msg.c ****   sys_sem_set_invalid(&conn->op_completed);
 813:./lwip-2.1.2/src/api/api_msg.c **** #endif
 814:./lwip-2.1.2/src/api/api_msg.c **** 
 815:./lwip-2.1.2/src/api/api_msg.c ****   memp_free(MEMP_NETCONN, conn);
 816:./lwip-2.1.2/src/api/api_msg.c **** }
 817:./lwip-2.1.2/src/api/api_msg.c **** 
 818:./lwip-2.1.2/src/api/api_msg.c **** /**
 819:./lwip-2.1.2/src/api/api_msg.c ****  * Delete rcvmbox and acceptmbox of a netconn and free the left-over data in
 820:./lwip-2.1.2/src/api/api_msg.c ****  * these mboxes
 821:./lwip-2.1.2/src/api/api_msg.c ****  *
 822:./lwip-2.1.2/src/api/api_msg.c ****  * @param conn the netconn to free
 823:./lwip-2.1.2/src/api/api_msg.c ****  * @bytes_drained bytes drained from recvmbox
 824:./lwip-2.1.2/src/api/api_msg.c ****  * @accepts_drained pending connections drained from acceptmbox
 825:./lwip-2.1.2/src/api/api_msg.c ****  */
 826:./lwip-2.1.2/src/api/api_msg.c **** static void
 827:./lwip-2.1.2/src/api/api_msg.c **** netconn_drain(struct netconn *conn)
 828:./lwip-2.1.2/src/api/api_msg.c **** {
 829:./lwip-2.1.2/src/api/api_msg.c ****   void *mem;
 830:./lwip-2.1.2/src/api/api_msg.c **** 
 831:./lwip-2.1.2/src/api/api_msg.c ****   /* This runs when mbox and netconn are marked as closed,
 832:./lwip-2.1.2/src/api/api_msg.c ****      so we don't need to lock against rx packets */
 833:./lwip-2.1.2/src/api/api_msg.c **** #if LWIP_NETCONN_FULLDUPLEX
 834:./lwip-2.1.2/src/api/api_msg.c ****   LWIP_ASSERT("netconn marked closed", conn->flags & NETCONN_FLAG_MBOXINVALID);
 835:./lwip-2.1.2/src/api/api_msg.c **** #endif /* LWIP_NETCONN_FULLDUPLEX */
 836:./lwip-2.1.2/src/api/api_msg.c **** 
 837:./lwip-2.1.2/src/api/api_msg.c ****   /* Delete and drain the recvmbox. */
 838:./lwip-2.1.2/src/api/api_msg.c ****   if (sys_mbox_valid(&conn->recvmbox)) {
 839:./lwip-2.1.2/src/api/api_msg.c ****     while (sys_mbox_tryfetch(&conn->recvmbox, &mem) != SYS_MBOX_EMPTY) {
 840:./lwip-2.1.2/src/api/api_msg.c **** #if LWIP_NETCONN_FULLDUPLEX
 841:./lwip-2.1.2/src/api/api_msg.c ****       if (!lwip_netconn_is_deallocated_msg(mem))
 842:./lwip-2.1.2/src/api/api_msg.c **** #endif /* LWIP_NETCONN_FULLDUPLEX */
 843:./lwip-2.1.2/src/api/api_msg.c ****       {
 844:./lwip-2.1.2/src/api/api_msg.c **** #if LWIP_TCP
 845:./lwip-2.1.2/src/api/api_msg.c ****         if (NETCONNTYPE_GROUP(conn->type) == NETCONN_TCP) {
 846:./lwip-2.1.2/src/api/api_msg.c ****           err_t err;
 847:./lwip-2.1.2/src/api/api_msg.c ****           if (!lwip_netconn_is_err_msg(mem, &err)) {
 848:./lwip-2.1.2/src/api/api_msg.c ****             pbuf_free((struct pbuf *)mem);
 849:./lwip-2.1.2/src/api/api_msg.c ****           }
 850:./lwip-2.1.2/src/api/api_msg.c ****         } else
 851:./lwip-2.1.2/src/api/api_msg.c **** #endif /* LWIP_TCP */
 852:./lwip-2.1.2/src/api/api_msg.c ****         {
 853:./lwip-2.1.2/src/api/api_msg.c ****           netbuf_delete((struct netbuf *)mem);
 854:./lwip-2.1.2/src/api/api_msg.c ****         }
 855:./lwip-2.1.2/src/api/api_msg.c ****       }
 856:./lwip-2.1.2/src/api/api_msg.c ****     }
 857:./lwip-2.1.2/src/api/api_msg.c ****     sys_mbox_free(&conn->recvmbox);
 858:./lwip-2.1.2/src/api/api_msg.c ****     sys_mbox_set_invalid(&conn->recvmbox);
 859:./lwip-2.1.2/src/api/api_msg.c ****   }
 860:./lwip-2.1.2/src/api/api_msg.c **** 
 861:./lwip-2.1.2/src/api/api_msg.c ****   /* Delete and drain the acceptmbox. */
 862:./lwip-2.1.2/src/api/api_msg.c **** #if LWIP_TCP
 863:./lwip-2.1.2/src/api/api_msg.c ****   if (sys_mbox_valid(&conn->acceptmbox)) {
 864:./lwip-2.1.2/src/api/api_msg.c ****     while (sys_mbox_tryfetch(&conn->acceptmbox, &mem) != SYS_MBOX_EMPTY) {
 865:./lwip-2.1.2/src/api/api_msg.c **** #if LWIP_NETCONN_FULLDUPLEX
 866:./lwip-2.1.2/src/api/api_msg.c ****       if (!lwip_netconn_is_deallocated_msg(mem))
 867:./lwip-2.1.2/src/api/api_msg.c **** #endif /* LWIP_NETCONN_FULLDUPLEX */
 868:./lwip-2.1.2/src/api/api_msg.c ****       {
 869:./lwip-2.1.2/src/api/api_msg.c ****         err_t err;
 870:./lwip-2.1.2/src/api/api_msg.c ****         if (!lwip_netconn_is_err_msg(mem, &err)) {
 871:./lwip-2.1.2/src/api/api_msg.c ****           struct netconn *newconn = (struct netconn *)mem;
 872:./lwip-2.1.2/src/api/api_msg.c ****           /* Only tcp pcbs have an acceptmbox, so no need to check conn->type */
 873:./lwip-2.1.2/src/api/api_msg.c ****           /* pcb might be set to NULL already by err_tcp() */
 874:./lwip-2.1.2/src/api/api_msg.c ****           /* drain recvmbox */
 875:./lwip-2.1.2/src/api/api_msg.c ****           netconn_drain(newconn);
 876:./lwip-2.1.2/src/api/api_msg.c ****           if (newconn->pcb.tcp != NULL) {
 877:./lwip-2.1.2/src/api/api_msg.c ****             tcp_abort(newconn->pcb.tcp);
 878:./lwip-2.1.2/src/api/api_msg.c ****             newconn->pcb.tcp = NULL;
 879:./lwip-2.1.2/src/api/api_msg.c ****           }
 880:./lwip-2.1.2/src/api/api_msg.c ****           netconn_free(newconn);
 881:./lwip-2.1.2/src/api/api_msg.c ****         }
 882:./lwip-2.1.2/src/api/api_msg.c ****       }
 883:./lwip-2.1.2/src/api/api_msg.c ****     }
 884:./lwip-2.1.2/src/api/api_msg.c ****     sys_mbox_free(&conn->acceptmbox);
 885:./lwip-2.1.2/src/api/api_msg.c ****     sys_mbox_set_invalid(&conn->acceptmbox);
 886:./lwip-2.1.2/src/api/api_msg.c ****   }
 887:./lwip-2.1.2/src/api/api_msg.c **** #endif /* LWIP_TCP */
 888:./lwip-2.1.2/src/api/api_msg.c **** }
 889:./lwip-2.1.2/src/api/api_msg.c **** 
 890:./lwip-2.1.2/src/api/api_msg.c **** #if LWIP_NETCONN_FULLDUPLEX
 891:./lwip-2.1.2/src/api/api_msg.c **** static void
 892:./lwip-2.1.2/src/api/api_msg.c **** netconn_mark_mbox_invalid(struct netconn *conn)
 893:./lwip-2.1.2/src/api/api_msg.c **** {
 894:./lwip-2.1.2/src/api/api_msg.c ****   int i, num_waiting;
 895:./lwip-2.1.2/src/api/api_msg.c ****   void *msg = LWIP_CONST_CAST(void *, &netconn_deleted);
 896:./lwip-2.1.2/src/api/api_msg.c **** 
 897:./lwip-2.1.2/src/api/api_msg.c ****   /* Prevent new calls/threads from reading from the mbox */
 898:./lwip-2.1.2/src/api/api_msg.c ****   conn->flags |= NETCONN_FLAG_MBOXINVALID;
 899:./lwip-2.1.2/src/api/api_msg.c **** 
 900:./lwip-2.1.2/src/api/api_msg.c ****   SYS_ARCH_LOCKED(num_waiting = conn->mbox_threads_waiting);
 901:./lwip-2.1.2/src/api/api_msg.c ****   for (i = 0; i < num_waiting; i++) {
 902:./lwip-2.1.2/src/api/api_msg.c ****     if (sys_mbox_valid_val(conn->recvmbox)) {
 903:./lwip-2.1.2/src/api/api_msg.c ****       sys_mbox_trypost(&conn->recvmbox, msg);
 904:./lwip-2.1.2/src/api/api_msg.c ****     } else {
 905:./lwip-2.1.2/src/api/api_msg.c ****       sys_mbox_trypost(&conn->acceptmbox, msg);
 906:./lwip-2.1.2/src/api/api_msg.c ****     }
 907:./lwip-2.1.2/src/api/api_msg.c ****   }
 908:./lwip-2.1.2/src/api/api_msg.c **** }
 909:./lwip-2.1.2/src/api/api_msg.c **** #endif /* LWIP_NETCONN_FULLDUPLEX */
 910:./lwip-2.1.2/src/api/api_msg.c **** 
 911:./lwip-2.1.2/src/api/api_msg.c **** #if LWIP_TCP
 912:./lwip-2.1.2/src/api/api_msg.c **** /**
 913:./lwip-2.1.2/src/api/api_msg.c ****  * Internal helper function to close a TCP netconn: since this sometimes
 914:./lwip-2.1.2/src/api/api_msg.c ****  * doesn't work at the first attempt, this function is called from multiple
 915:./lwip-2.1.2/src/api/api_msg.c ****  * places.
 916:./lwip-2.1.2/src/api/api_msg.c ****  *
 917:./lwip-2.1.2/src/api/api_msg.c ****  * @param conn the TCP netconn to close
 918:./lwip-2.1.2/src/api/api_msg.c ****  */
 919:./lwip-2.1.2/src/api/api_msg.c **** static err_t
 920:./lwip-2.1.2/src/api/api_msg.c **** lwip_netconn_do_close_internal(struct netconn *conn  WRITE_DELAYED_PARAM)
 921:./lwip-2.1.2/src/api/api_msg.c **** {
 922:./lwip-2.1.2/src/api/api_msg.c ****   err_t err;
 923:./lwip-2.1.2/src/api/api_msg.c ****   u8_t shut, shut_rx, shut_tx, shut_close;
 924:./lwip-2.1.2/src/api/api_msg.c ****   u8_t close_finished = 0;
 925:./lwip-2.1.2/src/api/api_msg.c ****   struct tcp_pcb *tpcb;
 926:./lwip-2.1.2/src/api/api_msg.c **** #if LWIP_SO_LINGER
 927:./lwip-2.1.2/src/api/api_msg.c ****   u8_t linger_wait_required = 0;
 928:./lwip-2.1.2/src/api/api_msg.c **** #endif /* LWIP_SO_LINGER */
 929:./lwip-2.1.2/src/api/api_msg.c **** 
 930:./lwip-2.1.2/src/api/api_msg.c ****   LWIP_ASSERT("invalid conn", (conn != NULL));
 931:./lwip-2.1.2/src/api/api_msg.c ****   LWIP_ASSERT("this is for tcp netconns only", (NETCONNTYPE_GROUP(conn->type) == NETCONN_TCP));
 932:./lwip-2.1.2/src/api/api_msg.c ****   LWIP_ASSERT("conn must be in state NETCONN_CLOSE", (conn->state == NETCONN_CLOSE));
 933:./lwip-2.1.2/src/api/api_msg.c ****   LWIP_ASSERT("pcb already closed", (conn->pcb.tcp != NULL));
 934:./lwip-2.1.2/src/api/api_msg.c ****   LWIP_ASSERT("conn->current_msg != NULL", conn->current_msg != NULL);
 935:./lwip-2.1.2/src/api/api_msg.c **** 
 936:./lwip-2.1.2/src/api/api_msg.c ****   tpcb = conn->pcb.tcp;
 937:./lwip-2.1.2/src/api/api_msg.c ****   shut = conn->current_msg->msg.sd.shut;
 938:./lwip-2.1.2/src/api/api_msg.c ****   shut_rx = shut & NETCONN_SHUT_RD;
 939:./lwip-2.1.2/src/api/api_msg.c ****   shut_tx = shut & NETCONN_SHUT_WR;
 940:./lwip-2.1.2/src/api/api_msg.c ****   /* shutting down both ends is the same as closing
 941:./lwip-2.1.2/src/api/api_msg.c ****      (also if RD or WR side was shut down before already) */
 942:./lwip-2.1.2/src/api/api_msg.c ****   if (shut == NETCONN_SHUT_RDWR) {
 943:./lwip-2.1.2/src/api/api_msg.c ****     shut_close = 1;
 944:./lwip-2.1.2/src/api/api_msg.c ****   } else if (shut_rx &&
 945:./lwip-2.1.2/src/api/api_msg.c ****              ((tpcb->state == FIN_WAIT_1) ||
 946:./lwip-2.1.2/src/api/api_msg.c ****               (tpcb->state == FIN_WAIT_2) ||
 947:./lwip-2.1.2/src/api/api_msg.c ****               (tpcb->state == CLOSING))) {
 948:./lwip-2.1.2/src/api/api_msg.c ****     shut_close = 1;
 949:./lwip-2.1.2/src/api/api_msg.c ****   } else if (shut_tx && ((tpcb->flags & TF_RXCLOSED) != 0)) {
 950:./lwip-2.1.2/src/api/api_msg.c ****     shut_close = 1;
 951:./lwip-2.1.2/src/api/api_msg.c ****   } else {
 952:./lwip-2.1.2/src/api/api_msg.c ****     shut_close = 0;
 953:./lwip-2.1.2/src/api/api_msg.c ****   }
 954:./lwip-2.1.2/src/api/api_msg.c **** 
 955:./lwip-2.1.2/src/api/api_msg.c ****   /* Set back some callback pointers */
 956:./lwip-2.1.2/src/api/api_msg.c ****   if (shut_close) {
 957:./lwip-2.1.2/src/api/api_msg.c ****     tcp_arg(tpcb, NULL);
 958:./lwip-2.1.2/src/api/api_msg.c ****   }
 959:./lwip-2.1.2/src/api/api_msg.c ****   if (tpcb->state == LISTEN) {
 960:./lwip-2.1.2/src/api/api_msg.c ****     tcp_accept(tpcb, NULL);
 961:./lwip-2.1.2/src/api/api_msg.c ****   } else {
 962:./lwip-2.1.2/src/api/api_msg.c ****     /* some callbacks have to be reset if tcp_close is not successful */
 963:./lwip-2.1.2/src/api/api_msg.c ****     if (shut_rx) {
 964:./lwip-2.1.2/src/api/api_msg.c ****       tcp_recv(tpcb, NULL);
 965:./lwip-2.1.2/src/api/api_msg.c ****       tcp_accept(tpcb, NULL);
 966:./lwip-2.1.2/src/api/api_msg.c ****     }
 967:./lwip-2.1.2/src/api/api_msg.c ****     if (shut_tx) {
 968:./lwip-2.1.2/src/api/api_msg.c ****       tcp_sent(tpcb, NULL);
 969:./lwip-2.1.2/src/api/api_msg.c ****     }
 970:./lwip-2.1.2/src/api/api_msg.c ****     if (shut_close) {
 971:./lwip-2.1.2/src/api/api_msg.c ****       tcp_poll(tpcb, NULL, 0);
 972:./lwip-2.1.2/src/api/api_msg.c ****       tcp_err(tpcb, NULL);
 973:./lwip-2.1.2/src/api/api_msg.c ****     }
 974:./lwip-2.1.2/src/api/api_msg.c ****   }
 975:./lwip-2.1.2/src/api/api_msg.c ****   /* Try to close the connection */
 976:./lwip-2.1.2/src/api/api_msg.c ****   if (shut_close) {
 977:./lwip-2.1.2/src/api/api_msg.c **** #if LWIP_SO_LINGER
 978:./lwip-2.1.2/src/api/api_msg.c ****     /* check linger possibilites before calling tcp_close */
 979:./lwip-2.1.2/src/api/api_msg.c ****     err = ERR_OK;
 980:./lwip-2.1.2/src/api/api_msg.c ****     /* linger enabled/required at all? (i.e. is there untransmitted data left?) */
 981:./lwip-2.1.2/src/api/api_msg.c ****     if ((conn->linger >= 0) && (conn->pcb.tcp->unsent || conn->pcb.tcp->unacked)) {
 982:./lwip-2.1.2/src/api/api_msg.c ****       if ((conn->linger == 0)) {
 983:./lwip-2.1.2/src/api/api_msg.c ****         /* data left but linger prevents waiting */
 984:./lwip-2.1.2/src/api/api_msg.c ****         tcp_abort(tpcb);
 985:./lwip-2.1.2/src/api/api_msg.c ****         tpcb = NULL;
 986:./lwip-2.1.2/src/api/api_msg.c ****       } else if (conn->linger > 0) {
 987:./lwip-2.1.2/src/api/api_msg.c ****         /* data left and linger says we should wait */
 988:./lwip-2.1.2/src/api/api_msg.c ****         if (netconn_is_nonblocking(conn)) {
 989:./lwip-2.1.2/src/api/api_msg.c ****           /* data left on a nonblocking netconn -> cannot linger */
 990:./lwip-2.1.2/src/api/api_msg.c ****           err = ERR_WOULDBLOCK;
 991:./lwip-2.1.2/src/api/api_msg.c ****         } else if ((s32_t)(sys_now() - conn->current_msg->msg.sd.time_started) >=
 992:./lwip-2.1.2/src/api/api_msg.c ****                    (conn->linger * 1000)) {
 993:./lwip-2.1.2/src/api/api_msg.c ****           /* data left but linger timeout has expired (this happens on further
 994:./lwip-2.1.2/src/api/api_msg.c ****              calls to this function through poll_tcp */
 995:./lwip-2.1.2/src/api/api_msg.c ****           tcp_abort(tpcb);
 996:./lwip-2.1.2/src/api/api_msg.c ****           tpcb = NULL;
 997:./lwip-2.1.2/src/api/api_msg.c ****         } else {
 998:./lwip-2.1.2/src/api/api_msg.c ****           /* data left -> need to wait for ACK after successful close */
 999:./lwip-2.1.2/src/api/api_msg.c ****           linger_wait_required = 1;
1000:./lwip-2.1.2/src/api/api_msg.c ****         }
1001:./lwip-2.1.2/src/api/api_msg.c ****       }
1002:./lwip-2.1.2/src/api/api_msg.c ****     }
1003:./lwip-2.1.2/src/api/api_msg.c ****     if ((err == ERR_OK) && (tpcb != NULL))
1004:./lwip-2.1.2/src/api/api_msg.c **** #endif /* LWIP_SO_LINGER */
1005:./lwip-2.1.2/src/api/api_msg.c ****     {
1006:./lwip-2.1.2/src/api/api_msg.c ****       err = tcp_close(tpcb);
1007:./lwip-2.1.2/src/api/api_msg.c ****     }
1008:./lwip-2.1.2/src/api/api_msg.c ****   } else {
1009:./lwip-2.1.2/src/api/api_msg.c ****     err = tcp_shutdown(tpcb, shut_rx, shut_tx);
1010:./lwip-2.1.2/src/api/api_msg.c ****   }
1011:./lwip-2.1.2/src/api/api_msg.c ****   if (err == ERR_OK) {
1012:./lwip-2.1.2/src/api/api_msg.c ****     close_finished = 1;
1013:./lwip-2.1.2/src/api/api_msg.c **** #if LWIP_SO_LINGER
1014:./lwip-2.1.2/src/api/api_msg.c ****     if (linger_wait_required) {
1015:./lwip-2.1.2/src/api/api_msg.c ****       /* wait for ACK of all unsent/unacked data by just getting called again */
1016:./lwip-2.1.2/src/api/api_msg.c ****       close_finished = 0;
1017:./lwip-2.1.2/src/api/api_msg.c ****       err = ERR_INPROGRESS;
1018:./lwip-2.1.2/src/api/api_msg.c ****     }
1019:./lwip-2.1.2/src/api/api_msg.c **** #endif /* LWIP_SO_LINGER */
1020:./lwip-2.1.2/src/api/api_msg.c ****   } else {
1021:./lwip-2.1.2/src/api/api_msg.c ****     if (err == ERR_MEM) {
1022:./lwip-2.1.2/src/api/api_msg.c ****       /* Closing failed because of memory shortage, try again later. Even for
1023:./lwip-2.1.2/src/api/api_msg.c ****          nonblocking netconns, we have to wait since no standard socket application
1024:./lwip-2.1.2/src/api/api_msg.c ****          is prepared for close failing because of resource shortage.
1025:./lwip-2.1.2/src/api/api_msg.c ****          Check the timeout: this is kind of an lwip addition to the standard sockets:
1026:./lwip-2.1.2/src/api/api_msg.c ****          we wait for some time when failing to allocate a segment for the FIN */
1027:./lwip-2.1.2/src/api/api_msg.c **** #if LWIP_SO_SNDTIMEO || LWIP_SO_LINGER
1028:./lwip-2.1.2/src/api/api_msg.c ****       s32_t close_timeout = LWIP_TCP_CLOSE_TIMEOUT_MS_DEFAULT;
1029:./lwip-2.1.2/src/api/api_msg.c **** #if LWIP_SO_SNDTIMEO
1030:./lwip-2.1.2/src/api/api_msg.c ****       if (conn->send_timeout > 0) {
1031:./lwip-2.1.2/src/api/api_msg.c ****         close_timeout = conn->send_timeout;
1032:./lwip-2.1.2/src/api/api_msg.c ****       }
1033:./lwip-2.1.2/src/api/api_msg.c **** #endif /* LWIP_SO_SNDTIMEO */
1034:./lwip-2.1.2/src/api/api_msg.c **** #if LWIP_SO_LINGER
1035:./lwip-2.1.2/src/api/api_msg.c ****       if (conn->linger >= 0) {
1036:./lwip-2.1.2/src/api/api_msg.c ****         /* use linger timeout (seconds) */
1037:./lwip-2.1.2/src/api/api_msg.c ****         close_timeout = conn->linger * 1000U;
1038:./lwip-2.1.2/src/api/api_msg.c ****       }
1039:./lwip-2.1.2/src/api/api_msg.c **** #endif
1040:./lwip-2.1.2/src/api/api_msg.c ****       if ((s32_t)(sys_now() - conn->current_msg->msg.sd.time_started) >= close_timeout) {
1041:./lwip-2.1.2/src/api/api_msg.c **** #else /* LWIP_SO_SNDTIMEO || LWIP_SO_LINGER */
1042:./lwip-2.1.2/src/api/api_msg.c ****       if (conn->current_msg->msg.sd.polls_left == 0) {
1043:./lwip-2.1.2/src/api/api_msg.c **** #endif /* LWIP_SO_SNDTIMEO || LWIP_SO_LINGER */
1044:./lwip-2.1.2/src/api/api_msg.c ****         close_finished = 1;
1045:./lwip-2.1.2/src/api/api_msg.c ****         if (shut_close) {
1046:./lwip-2.1.2/src/api/api_msg.c ****           /* in this case, we want to RST the connection */
1047:./lwip-2.1.2/src/api/api_msg.c ****           tcp_abort(tpcb);
1048:./lwip-2.1.2/src/api/api_msg.c ****           err = ERR_OK;
1049:./lwip-2.1.2/src/api/api_msg.c ****         }
1050:./lwip-2.1.2/src/api/api_msg.c ****       }
1051:./lwip-2.1.2/src/api/api_msg.c ****     } else {
1052:./lwip-2.1.2/src/api/api_msg.c ****       /* Closing failed for a non-memory error: give up */
1053:./lwip-2.1.2/src/api/api_msg.c ****       close_finished = 1;
1054:./lwip-2.1.2/src/api/api_msg.c ****     }
1055:./lwip-2.1.2/src/api/api_msg.c ****   }
1056:./lwip-2.1.2/src/api/api_msg.c ****   if (close_finished) {
1057:./lwip-2.1.2/src/api/api_msg.c ****     /* Closing done (succeeded, non-memory error, nonblocking error or timeout) */
1058:./lwip-2.1.2/src/api/api_msg.c ****     sys_sem_t *op_completed_sem = LWIP_API_MSG_SEM(conn->current_msg);
1059:./lwip-2.1.2/src/api/api_msg.c ****     conn->current_msg->err = err;
1060:./lwip-2.1.2/src/api/api_msg.c ****     conn->current_msg = NULL;
1061:./lwip-2.1.2/src/api/api_msg.c ****     conn->state = NETCONN_NONE;
1062:./lwip-2.1.2/src/api/api_msg.c ****     if (err == ERR_OK) {
1063:./lwip-2.1.2/src/api/api_msg.c ****       if (shut_close) {
1064:./lwip-2.1.2/src/api/api_msg.c ****         /* Set back some callback pointers as conn is going away */
1065:./lwip-2.1.2/src/api/api_msg.c ****         conn->pcb.tcp = NULL;
1066:./lwip-2.1.2/src/api/api_msg.c ****         /* Trigger select() in socket layer. Make sure everybody notices activity
1067:./lwip-2.1.2/src/api/api_msg.c ****          on the connection, error first! */
1068:./lwip-2.1.2/src/api/api_msg.c ****         API_EVENT(conn, NETCONN_EVT_ERROR, 0);
1069:./lwip-2.1.2/src/api/api_msg.c ****       }
1070:./lwip-2.1.2/src/api/api_msg.c ****       if (shut_rx) {
1071:./lwip-2.1.2/src/api/api_msg.c ****         API_EVENT(conn, NETCONN_EVT_RCVPLUS, 0);
1072:./lwip-2.1.2/src/api/api_msg.c ****       }
1073:./lwip-2.1.2/src/api/api_msg.c ****       if (shut_tx) {
1074:./lwip-2.1.2/src/api/api_msg.c ****         API_EVENT(conn, NETCONN_EVT_SENDPLUS, 0);
1075:./lwip-2.1.2/src/api/api_msg.c ****       }
1076:./lwip-2.1.2/src/api/api_msg.c ****     }
1077:./lwip-2.1.2/src/api/api_msg.c **** #if LWIP_TCPIP_CORE_LOCKING
1078:./lwip-2.1.2/src/api/api_msg.c ****     if (delayed)
1079:./lwip-2.1.2/src/api/api_msg.c **** #endif
1080:./lwip-2.1.2/src/api/api_msg.c ****     {
1081:./lwip-2.1.2/src/api/api_msg.c ****       /* wake up the application task */
1082:./lwip-2.1.2/src/api/api_msg.c ****       sys_sem_signal(op_completed_sem);
1083:./lwip-2.1.2/src/api/api_msg.c ****     }
1084:./lwip-2.1.2/src/api/api_msg.c ****     return ERR_OK;
1085:./lwip-2.1.2/src/api/api_msg.c ****   }
1086:./lwip-2.1.2/src/api/api_msg.c ****   if (!close_finished) {
1087:./lwip-2.1.2/src/api/api_msg.c ****     /* Closing failed and we want to wait: restore some of the callbacks */
1088:./lwip-2.1.2/src/api/api_msg.c ****     /* Closing of listen pcb will never fail! */
1089:./lwip-2.1.2/src/api/api_msg.c ****     LWIP_ASSERT("Closing a listen pcb may not fail!", (tpcb->state != LISTEN));
1090:./lwip-2.1.2/src/api/api_msg.c ****     if (shut_tx) {
1091:./lwip-2.1.2/src/api/api_msg.c ****       tcp_sent(tpcb, sent_tcp);
1092:./lwip-2.1.2/src/api/api_msg.c ****     }
1093:./lwip-2.1.2/src/api/api_msg.c ****     /* when waiting for close, set up poll interval to 500ms */
1094:./lwip-2.1.2/src/api/api_msg.c ****     tcp_poll(tpcb, poll_tcp, 1);
1095:./lwip-2.1.2/src/api/api_msg.c ****     tcp_err(tpcb, err_tcp);
1096:./lwip-2.1.2/src/api/api_msg.c ****     tcp_arg(tpcb, conn);
1097:./lwip-2.1.2/src/api/api_msg.c ****     /* don't restore recv callback: we don't want to receive any more data */
1098:./lwip-2.1.2/src/api/api_msg.c ****   }
1099:./lwip-2.1.2/src/api/api_msg.c ****   /* If closing didn't succeed, we get called again either
1100:./lwip-2.1.2/src/api/api_msg.c ****      from poll_tcp or from sent_tcp */
1101:./lwip-2.1.2/src/api/api_msg.c ****   LWIP_ASSERT("err != ERR_OK", err != ERR_OK);
1102:./lwip-2.1.2/src/api/api_msg.c ****   return err;
1103:./lwip-2.1.2/src/api/api_msg.c **** }
1104:./lwip-2.1.2/src/api/api_msg.c **** #endif /* LWIP_TCP */
1105:./lwip-2.1.2/src/api/api_msg.c **** 
1106:./lwip-2.1.2/src/api/api_msg.c **** /**
1107:./lwip-2.1.2/src/api/api_msg.c ****  * Delete the pcb inside a netconn.
1108:./lwip-2.1.2/src/api/api_msg.c ****  * Called from netconn_delete.
1109:./lwip-2.1.2/src/api/api_msg.c ****  *
1110:./lwip-2.1.2/src/api/api_msg.c ****  * @param m the api_msg pointing to the connection
1111:./lwip-2.1.2/src/api/api_msg.c ****  */
1112:./lwip-2.1.2/src/api/api_msg.c **** void
1113:./lwip-2.1.2/src/api/api_msg.c **** lwip_netconn_do_delconn(void *m)
1114:./lwip-2.1.2/src/api/api_msg.c **** {
1115:./lwip-2.1.2/src/api/api_msg.c ****   struct api_msg *msg = (struct api_msg *)m;
1116:./lwip-2.1.2/src/api/api_msg.c **** 
1117:./lwip-2.1.2/src/api/api_msg.c ****   enum netconn_state state = msg->conn->state;
1118:./lwip-2.1.2/src/api/api_msg.c ****   LWIP_ASSERT("netconn state error", /* this only happens for TCP netconns */
1119:./lwip-2.1.2/src/api/api_msg.c ****               (state == NETCONN_NONE) || (NETCONNTYPE_GROUP(msg->conn->type) == NETCONN_TCP));
1120:./lwip-2.1.2/src/api/api_msg.c **** #if LWIP_NETCONN_FULLDUPLEX
1121:./lwip-2.1.2/src/api/api_msg.c ****   /* In full duplex mode, blocking write/connect is aborted with ERR_CLSD */
1122:./lwip-2.1.2/src/api/api_msg.c ****   if (state != NETCONN_NONE) {
1123:./lwip-2.1.2/src/api/api_msg.c ****     if ((state == NETCONN_WRITE) ||
1124:./lwip-2.1.2/src/api/api_msg.c ****         ((state == NETCONN_CONNECT) && !IN_NONBLOCKING_CONNECT(msg->conn))) {
1125:./lwip-2.1.2/src/api/api_msg.c ****       /* close requested, abort running write/connect */
1126:./lwip-2.1.2/src/api/api_msg.c ****       sys_sem_t *op_completed_sem;
1127:./lwip-2.1.2/src/api/api_msg.c ****       LWIP_ASSERT("msg->conn->current_msg != NULL", msg->conn->current_msg != NULL);
1128:./lwip-2.1.2/src/api/api_msg.c ****       op_completed_sem = LWIP_API_MSG_SEM(msg->conn->current_msg);
1129:./lwip-2.1.2/src/api/api_msg.c ****       msg->conn->current_msg->err = ERR_CLSD;
1130:./lwip-2.1.2/src/api/api_msg.c ****       msg->conn->current_msg = NULL;
1131:./lwip-2.1.2/src/api/api_msg.c ****       msg->conn->state = NETCONN_NONE;
1132:./lwip-2.1.2/src/api/api_msg.c ****       sys_sem_signal(op_completed_sem);
1133:./lwip-2.1.2/src/api/api_msg.c ****     }
1134:./lwip-2.1.2/src/api/api_msg.c ****   }
1135:./lwip-2.1.2/src/api/api_msg.c **** #else /* LWIP_NETCONN_FULLDUPLEX */
1136:./lwip-2.1.2/src/api/api_msg.c ****   if (((state != NETCONN_NONE) &&
1137:./lwip-2.1.2/src/api/api_msg.c ****        (state != NETCONN_LISTEN) &&
1138:./lwip-2.1.2/src/api/api_msg.c ****        (state != NETCONN_CONNECT)) ||
1139:./lwip-2.1.2/src/api/api_msg.c ****       ((state == NETCONN_CONNECT) && !IN_NONBLOCKING_CONNECT(msg->conn))) {
1140:./lwip-2.1.2/src/api/api_msg.c ****     /* This means either a blocking write or blocking connect is running
1141:./lwip-2.1.2/src/api/api_msg.c ****        (nonblocking write returns and sets state to NONE) */
1142:./lwip-2.1.2/src/api/api_msg.c ****     msg->err = ERR_INPROGRESS;
1143:./lwip-2.1.2/src/api/api_msg.c ****   } else
1144:./lwip-2.1.2/src/api/api_msg.c **** #endif /* LWIP_NETCONN_FULLDUPLEX */
1145:./lwip-2.1.2/src/api/api_msg.c ****   {
1146:./lwip-2.1.2/src/api/api_msg.c ****     LWIP_ASSERT("blocking connect in progress",
1147:./lwip-2.1.2/src/api/api_msg.c ****                 (state != NETCONN_CONNECT) || IN_NONBLOCKING_CONNECT(msg->conn));
1148:./lwip-2.1.2/src/api/api_msg.c ****     msg->err = ERR_OK;
1149:./lwip-2.1.2/src/api/api_msg.c **** #if LWIP_NETCONN_FULLDUPLEX
1150:./lwip-2.1.2/src/api/api_msg.c ****     /* Mark mboxes invalid */
1151:./lwip-2.1.2/src/api/api_msg.c ****     netconn_mark_mbox_invalid(msg->conn);
1152:./lwip-2.1.2/src/api/api_msg.c **** #else /* LWIP_NETCONN_FULLDUPLEX */
1153:./lwip-2.1.2/src/api/api_msg.c ****     netconn_drain(msg->conn);
1154:./lwip-2.1.2/src/api/api_msg.c **** #endif /* LWIP_NETCONN_FULLDUPLEX */
1155:./lwip-2.1.2/src/api/api_msg.c **** 
1156:./lwip-2.1.2/src/api/api_msg.c ****     if (msg->conn->pcb.tcp != NULL) {
1157:./lwip-2.1.2/src/api/api_msg.c **** 
1158:./lwip-2.1.2/src/api/api_msg.c ****       switch (NETCONNTYPE_GROUP(msg->conn->type)) {
1159:./lwip-2.1.2/src/api/api_msg.c **** #if LWIP_RAW
1160:./lwip-2.1.2/src/api/api_msg.c ****         case NETCONN_RAW:
1161:./lwip-2.1.2/src/api/api_msg.c ****           raw_remove(msg->conn->pcb.raw);
1162:./lwip-2.1.2/src/api/api_msg.c ****           break;
1163:./lwip-2.1.2/src/api/api_msg.c **** #endif /* LWIP_RAW */
1164:./lwip-2.1.2/src/api/api_msg.c **** #if LWIP_UDP
1165:./lwip-2.1.2/src/api/api_msg.c ****         case NETCONN_UDP:
1166:./lwip-2.1.2/src/api/api_msg.c ****           msg->conn->pcb.udp->recv_arg = NULL;
1167:./lwip-2.1.2/src/api/api_msg.c ****           udp_remove(msg->conn->pcb.udp);
1168:./lwip-2.1.2/src/api/api_msg.c ****           break;
1169:./lwip-2.1.2/src/api/api_msg.c **** #endif /* LWIP_UDP */
1170:./lwip-2.1.2/src/api/api_msg.c **** #if LWIP_TCP
1171:./lwip-2.1.2/src/api/api_msg.c ****         case NETCONN_TCP:
1172:./lwip-2.1.2/src/api/api_msg.c ****           LWIP_ASSERT("already writing or closing", msg->conn->current_msg == NULL);
1173:./lwip-2.1.2/src/api/api_msg.c ****           msg->conn->state = NETCONN_CLOSE;
1174:./lwip-2.1.2/src/api/api_msg.c ****           msg->msg.sd.shut = NETCONN_SHUT_RDWR;
1175:./lwip-2.1.2/src/api/api_msg.c ****           msg->conn->current_msg = msg;
1176:./lwip-2.1.2/src/api/api_msg.c **** #if LWIP_TCPIP_CORE_LOCKING
1177:./lwip-2.1.2/src/api/api_msg.c ****           if (lwip_netconn_do_close_internal(msg->conn, 0) != ERR_OK) {
1178:./lwip-2.1.2/src/api/api_msg.c ****             LWIP_ASSERT("state!", msg->conn->state == NETCONN_CLOSE);
1179:./lwip-2.1.2/src/api/api_msg.c ****             UNLOCK_TCPIP_CORE();
1180:./lwip-2.1.2/src/api/api_msg.c ****             sys_arch_sem_wait(LWIP_API_MSG_SEM(msg), 0);
1181:./lwip-2.1.2/src/api/api_msg.c ****             LOCK_TCPIP_CORE();
1182:./lwip-2.1.2/src/api/api_msg.c ****             LWIP_ASSERT("state!", msg->conn->state == NETCONN_NONE);
1183:./lwip-2.1.2/src/api/api_msg.c ****           }
1184:./lwip-2.1.2/src/api/api_msg.c **** #else /* LWIP_TCPIP_CORE_LOCKING */
1185:./lwip-2.1.2/src/api/api_msg.c ****           lwip_netconn_do_close_internal(msg->conn);
1186:./lwip-2.1.2/src/api/api_msg.c **** #endif /* LWIP_TCPIP_CORE_LOCKING */
1187:./lwip-2.1.2/src/api/api_msg.c ****           /* API_EVENT is called inside lwip_netconn_do_close_internal, before releasing
1188:./lwip-2.1.2/src/api/api_msg.c ****              the application thread, so we can return at this point! */
1189:./lwip-2.1.2/src/api/api_msg.c ****           return;
1190:./lwip-2.1.2/src/api/api_msg.c **** #endif /* LWIP_TCP */
1191:./lwip-2.1.2/src/api/api_msg.c ****         default:
1192:./lwip-2.1.2/src/api/api_msg.c ****           break;
1193:./lwip-2.1.2/src/api/api_msg.c ****       }
1194:./lwip-2.1.2/src/api/api_msg.c ****       msg->conn->pcb.tcp = NULL;
1195:./lwip-2.1.2/src/api/api_msg.c ****     }
1196:./lwip-2.1.2/src/api/api_msg.c ****     /* tcp netconns don't come here! */
1197:./lwip-2.1.2/src/api/api_msg.c **** 
1198:./lwip-2.1.2/src/api/api_msg.c ****     /* @todo: this lets select make the socket readable and writable,
1199:./lwip-2.1.2/src/api/api_msg.c ****        which is wrong! errfd instead? */
1200:./lwip-2.1.2/src/api/api_msg.c ****     API_EVENT(msg->conn, NETCONN_EVT_RCVPLUS, 0);
1201:./lwip-2.1.2/src/api/api_msg.c ****     API_EVENT(msg->conn, NETCONN_EVT_SENDPLUS, 0);
1202:./lwip-2.1.2/src/api/api_msg.c ****   }
1203:./lwip-2.1.2/src/api/api_msg.c ****   if (sys_sem_valid(LWIP_API_MSG_SEM(msg))) {
1204:./lwip-2.1.2/src/api/api_msg.c ****     TCPIP_APIMSG_ACK(msg);
1205:./lwip-2.1.2/src/api/api_msg.c ****   }
1206:./lwip-2.1.2/src/api/api_msg.c **** }
1207:./lwip-2.1.2/src/api/api_msg.c **** 
1208:./lwip-2.1.2/src/api/api_msg.c **** /**
1209:./lwip-2.1.2/src/api/api_msg.c ****  * Bind a pcb contained in a netconn
1210:./lwip-2.1.2/src/api/api_msg.c ****  * Called from netconn_bind.
1211:./lwip-2.1.2/src/api/api_msg.c ****  *
1212:./lwip-2.1.2/src/api/api_msg.c ****  * @param m the api_msg pointing to the connection and containing
1213:./lwip-2.1.2/src/api/api_msg.c ****  *          the IP address and port to bind to
1214:./lwip-2.1.2/src/api/api_msg.c ****  */
1215:./lwip-2.1.2/src/api/api_msg.c **** void
1216:./lwip-2.1.2/src/api/api_msg.c **** lwip_netconn_do_bind(void *m)
1217:./lwip-2.1.2/src/api/api_msg.c **** {
1218:./lwip-2.1.2/src/api/api_msg.c ****   struct api_msg *msg = (struct api_msg *)m;
1219:./lwip-2.1.2/src/api/api_msg.c ****   err_t err;
1220:./lwip-2.1.2/src/api/api_msg.c **** 
1221:./lwip-2.1.2/src/api/api_msg.c ****   if (msg->conn->pcb.tcp != NULL) {
1222:./lwip-2.1.2/src/api/api_msg.c ****     switch (NETCONNTYPE_GROUP(msg->conn->type)) {
1223:./lwip-2.1.2/src/api/api_msg.c **** #if LWIP_RAW
1224:./lwip-2.1.2/src/api/api_msg.c ****       case NETCONN_RAW:
1225:./lwip-2.1.2/src/api/api_msg.c ****         err = raw_bind(msg->conn->pcb.raw, API_EXPR_REF(msg->msg.bc.ipaddr));
1226:./lwip-2.1.2/src/api/api_msg.c ****         break;
1227:./lwip-2.1.2/src/api/api_msg.c **** #endif /* LWIP_RAW */
1228:./lwip-2.1.2/src/api/api_msg.c **** #if LWIP_UDP
1229:./lwip-2.1.2/src/api/api_msg.c ****       case NETCONN_UDP:
1230:./lwip-2.1.2/src/api/api_msg.c ****         err = udp_bind(msg->conn->pcb.udp, API_EXPR_REF(msg->msg.bc.ipaddr), msg->msg.bc.port);
1231:./lwip-2.1.2/src/api/api_msg.c ****         break;
1232:./lwip-2.1.2/src/api/api_msg.c **** #endif /* LWIP_UDP */
1233:./lwip-2.1.2/src/api/api_msg.c **** #if LWIP_TCP
1234:./lwip-2.1.2/src/api/api_msg.c ****       case NETCONN_TCP:
1235:./lwip-2.1.2/src/api/api_msg.c ****         err = tcp_bind(msg->conn->pcb.tcp, API_EXPR_REF(msg->msg.bc.ipaddr), msg->msg.bc.port);
1236:./lwip-2.1.2/src/api/api_msg.c ****         break;
1237:./lwip-2.1.2/src/api/api_msg.c **** #endif /* LWIP_TCP */
1238:./lwip-2.1.2/src/api/api_msg.c ****       default:
1239:./lwip-2.1.2/src/api/api_msg.c ****         err = ERR_VAL;
1240:./lwip-2.1.2/src/api/api_msg.c ****         break;
1241:./lwip-2.1.2/src/api/api_msg.c ****     }
1242:./lwip-2.1.2/src/api/api_msg.c ****   } else {
1243:./lwip-2.1.2/src/api/api_msg.c ****     err = ERR_VAL;
1244:./lwip-2.1.2/src/api/api_msg.c ****   }
1245:./lwip-2.1.2/src/api/api_msg.c ****   msg->err = err;
1246:./lwip-2.1.2/src/api/api_msg.c ****   TCPIP_APIMSG_ACK(msg);
1247:./lwip-2.1.2/src/api/api_msg.c **** }
1248:./lwip-2.1.2/src/api/api_msg.c **** /**
1249:./lwip-2.1.2/src/api/api_msg.c ****  * Bind a pcb contained in a netconn to an interface
1250:./lwip-2.1.2/src/api/api_msg.c ****  * Called from netconn_bind_if.
1251:./lwip-2.1.2/src/api/api_msg.c ****  *
1252:./lwip-2.1.2/src/api/api_msg.c ****  * @param m the api_msg pointing to the connection and containing
1253:./lwip-2.1.2/src/api/api_msg.c ****  *          the IP address and port to bind to
1254:./lwip-2.1.2/src/api/api_msg.c ****  */
1255:./lwip-2.1.2/src/api/api_msg.c **** void
1256:./lwip-2.1.2/src/api/api_msg.c **** lwip_netconn_do_bind_if(void *m)
1257:./lwip-2.1.2/src/api/api_msg.c **** {
1258:./lwip-2.1.2/src/api/api_msg.c ****   struct netif *netif;
1259:./lwip-2.1.2/src/api/api_msg.c ****   struct api_msg *msg = (struct api_msg *)m;
1260:./lwip-2.1.2/src/api/api_msg.c ****   err_t err;
1261:./lwip-2.1.2/src/api/api_msg.c **** 
1262:./lwip-2.1.2/src/api/api_msg.c ****   netif = netif_get_by_index(msg->msg.bc.if_idx);
1263:./lwip-2.1.2/src/api/api_msg.c **** 
1264:./lwip-2.1.2/src/api/api_msg.c ****   if ((netif != NULL) && (msg->conn->pcb.tcp != NULL)) {
1265:./lwip-2.1.2/src/api/api_msg.c ****     err = ERR_OK;
1266:./lwip-2.1.2/src/api/api_msg.c ****     switch (NETCONNTYPE_GROUP(msg->conn->type)) {
1267:./lwip-2.1.2/src/api/api_msg.c **** #if LWIP_RAW
1268:./lwip-2.1.2/src/api/api_msg.c ****       case NETCONN_RAW:
1269:./lwip-2.1.2/src/api/api_msg.c ****         raw_bind_netif(msg->conn->pcb.raw, netif);
1270:./lwip-2.1.2/src/api/api_msg.c ****         break;
1271:./lwip-2.1.2/src/api/api_msg.c **** #endif /* LWIP_RAW */
1272:./lwip-2.1.2/src/api/api_msg.c **** #if LWIP_UDP
1273:./lwip-2.1.2/src/api/api_msg.c ****       case NETCONN_UDP:
1274:./lwip-2.1.2/src/api/api_msg.c ****         udp_bind_netif(msg->conn->pcb.udp, netif);
1275:./lwip-2.1.2/src/api/api_msg.c ****         break;
1276:./lwip-2.1.2/src/api/api_msg.c **** #endif /* LWIP_UDP */
1277:./lwip-2.1.2/src/api/api_msg.c **** #if LWIP_TCP
1278:./lwip-2.1.2/src/api/api_msg.c ****       case NETCONN_TCP:
1279:./lwip-2.1.2/src/api/api_msg.c ****         tcp_bind_netif(msg->conn->pcb.tcp, netif);
1280:./lwip-2.1.2/src/api/api_msg.c ****         break;
1281:./lwip-2.1.2/src/api/api_msg.c **** #endif /* LWIP_TCP */
1282:./lwip-2.1.2/src/api/api_msg.c ****       default:
1283:./lwip-2.1.2/src/api/api_msg.c ****         err = ERR_VAL;
1284:./lwip-2.1.2/src/api/api_msg.c ****         break;
1285:./lwip-2.1.2/src/api/api_msg.c ****     }
1286:./lwip-2.1.2/src/api/api_msg.c ****   } else {
1287:./lwip-2.1.2/src/api/api_msg.c ****     err = ERR_VAL;
1288:./lwip-2.1.2/src/api/api_msg.c ****   }
1289:./lwip-2.1.2/src/api/api_msg.c ****   msg->err = err;
1290:./lwip-2.1.2/src/api/api_msg.c ****   TCPIP_APIMSG_ACK(msg);
1291:./lwip-2.1.2/src/api/api_msg.c **** }
1292:./lwip-2.1.2/src/api/api_msg.c **** 
1293:./lwip-2.1.2/src/api/api_msg.c **** #if LWIP_TCP
1294:./lwip-2.1.2/src/api/api_msg.c **** /**
1295:./lwip-2.1.2/src/api/api_msg.c ****  * TCP callback function if a connection (opened by tcp_connect/lwip_netconn_do_connect) has
1296:./lwip-2.1.2/src/api/api_msg.c ****  * been established (or reset by the remote host).
1297:./lwip-2.1.2/src/api/api_msg.c ****  *
1298:./lwip-2.1.2/src/api/api_msg.c ****  * @see tcp.h (struct tcp_pcb.connected) for parameters and return values
1299:./lwip-2.1.2/src/api/api_msg.c ****  */
1300:./lwip-2.1.2/src/api/api_msg.c **** static err_t
1301:./lwip-2.1.2/src/api/api_msg.c **** lwip_netconn_do_connected(void *arg, struct tcp_pcb *pcb, err_t err)
1302:./lwip-2.1.2/src/api/api_msg.c **** {
 602              		.loc 1 1302 1 is_stmt 1 view -0
 603              		.cfi_startproc
 604              		@ args = 0, pretend = 0, frame = 8
 605              		@ frame_needed = 0, uses_anonymous_args = 0
1303:./lwip-2.1.2/src/api/api_msg.c ****   struct netconn *conn;
 606              		.loc 1 1303 3 view .LVU181
1304:./lwip-2.1.2/src/api/api_msg.c ****   int was_blocking;
 607              		.loc 1 1304 3 view .LVU182
1305:./lwip-2.1.2/src/api/api_msg.c ****   sys_sem_t *op_completed_sem = NULL;
 608              		.loc 1 1305 3 view .LVU183
1306:./lwip-2.1.2/src/api/api_msg.c **** 
1307:./lwip-2.1.2/src/api/api_msg.c ****   LWIP_UNUSED_ARG(pcb);
 609              		.loc 1 1307 3 view .LVU184
1308:./lwip-2.1.2/src/api/api_msg.c **** 
1309:./lwip-2.1.2/src/api/api_msg.c ****   conn = (struct netconn *)arg;
 610              		.loc 1 1309 3 view .LVU185
1310:./lwip-2.1.2/src/api/api_msg.c **** 
1311:./lwip-2.1.2/src/api/api_msg.c ****   if (conn == NULL) {
 611              		.loc 1 1311 3 view .LVU186
 612              		.loc 1 1311 6 is_stmt 0 view .LVU187
 613 0170 48B3     		cbz	r0, .L64
1312:./lwip-2.1.2/src/api/api_msg.c ****     return ERR_VAL;
1313:./lwip-2.1.2/src/api/api_msg.c ****   }
1314:./lwip-2.1.2/src/api/api_msg.c **** 
1315:./lwip-2.1.2/src/api/api_msg.c ****   LWIP_ASSERT("conn->state == NETCONN_CONNECT", conn->state == NETCONN_CONNECT);
 614              		.loc 1 1315 80 is_stmt 1 view .LVU188
1316:./lwip-2.1.2/src/api/api_msg.c ****   LWIP_ASSERT("(conn->current_msg != NULL) || conn->in_non_blocking_connect",
1317:./lwip-2.1.2/src/api/api_msg.c ****               (conn->current_msg != NULL) || IN_NONBLOCKING_CONNECT(conn));
 615              		.loc 1 1317 75 view .LVU189
1318:./lwip-2.1.2/src/api/api_msg.c **** 
1319:./lwip-2.1.2/src/api/api_msg.c ****   if (conn->current_msg != NULL) {
 616              		.loc 1 1319 3 view .LVU190
1302:./lwip-2.1.2/src/api/api_msg.c ****   struct netconn *conn;
 617              		.loc 1 1302 1 is_stmt 0 view .LVU191
 618 0172 30B5     		push	{r4, r5, lr}
 619              	.LCFI10:
 620              		.cfi_def_cfa_offset 12
 621              		.cfi_offset 4, -12
 622              		.cfi_offset 5, -8
 623              		.cfi_offset 14, -4
 624              		.loc 1 1319 11 view .LVU192
 625 0174 056A     		ldr	r5, [r0, #32]
1302:./lwip-2.1.2/src/api/api_msg.c ****   struct netconn *conn;
 626              		.loc 1 1302 1 view .LVU193
 627 0176 83B0     		sub	sp, sp, #12
 628              	.LCFI11:
 629              		.cfi_def_cfa_offset 24
 630              		.loc 1 1319 6 view .LVU194
 631 0178 1DB1     		cbz	r5, .L59
1320:./lwip-2.1.2/src/api/api_msg.c ****     conn->current_msg->err = err;
 632              		.loc 1 1320 5 is_stmt 1 view .LVU195
1321:./lwip-2.1.2/src/api/api_msg.c ****     op_completed_sem = LWIP_API_MSG_SEM(conn->current_msg);
 633              		.loc 1 1321 22 is_stmt 0 view .LVU196
 634 017a 2B68     		ldr	r3, [r5]
1320:./lwip-2.1.2/src/api/api_msg.c ****     conn->current_msg->err = err;
 635              		.loc 1 1320 28 view .LVU197
 636 017c 2A71     		strb	r2, [r5, #4]
 637              		.loc 1 1321 5 is_stmt 1 view .LVU198
 638              		.loc 1 1321 22 is_stmt 0 view .LVU199
 639 017e 03F10C05 		add	r5, r3, #12
 640              	.LVL51:
 641              	.L59:
1322:./lwip-2.1.2/src/api/api_msg.c ****   }
1323:./lwip-2.1.2/src/api/api_msg.c ****   if ((NETCONNTYPE_GROUP(conn->type) == NETCONN_TCP) && (err == ERR_OK)) {
 642              		.loc 1 1323 3 is_stmt 1 view .LVU200
 643              		.loc 1 1323 6 is_stmt 0 view .LVU201
 644 0182 0378     		ldrb	r3, [r0]	@ zero_extendqisi2
 645 0184 03F0F003 		and	r3, r3, #240
 646              		.loc 1 1323 54 discriminator 1 view .LVU202
 647 0188 102B     		cmp	r3, #16
 648 018a 00D1     		bne	.L60
 649 018c B2B1     		cbz	r2, .L81
 650              	.LVL52:
 651              	.L60:
1324:./lwip-2.1.2/src/api/api_msg.c ****     setup_tcp(conn);
1325:./lwip-2.1.2/src/api/api_msg.c ****   }
1326:./lwip-2.1.2/src/api/api_msg.c ****   was_blocking = !IN_NONBLOCKING_CONNECT(conn);
 652              		.loc 1 1326 3 is_stmt 1 view .LVU203
 653              		.loc 1 1326 19 is_stmt 0 view .LVU204
 654 018e 037F     		ldrb	r3, [r0, #28]	@ zero_extendqisi2
1327:./lwip-2.1.2/src/api/api_msg.c ****   SET_NONBLOCKING_CONNECT(conn, 0);
1328:./lwip-2.1.2/src/api/api_msg.c ****   LWIP_ASSERT("blocking connect state error",
1329:./lwip-2.1.2/src/api/api_msg.c ****               (was_blocking && op_completed_sem != NULL) ||
1330:./lwip-2.1.2/src/api/api_msg.c ****               (!was_blocking && op_completed_sem == NULL));
1331:./lwip-2.1.2/src/api/api_msg.c ****   conn->current_msg = NULL;
 655              		.loc 1 1331 21 view .LVU205
 656 0190 0022     		movs	r2, #0
1327:./lwip-2.1.2/src/api/api_msg.c ****   SET_NONBLOCKING_CONNECT(conn, 0);
 657              		.loc 1 1327 3 discriminator 2 view .LVU206
 658 0192 23F00401 		bic	r1, r3, #4
 659 0196 03F00404 		and	r4, r3, #4
 660              	.LVL53:
1327:./lwip-2.1.2/src/api/api_msg.c ****   SET_NONBLOCKING_CONNECT(conn, 0);
 661              		.loc 1 1327 3 is_stmt 1 view .LVU207
1327:./lwip-2.1.2/src/api/api_msg.c ****   SET_NONBLOCKING_CONNECT(conn, 0);
 662              		.loc 1 1327 3 view .LVU208
1327:./lwip-2.1.2/src/api/api_msg.c ****   SET_NONBLOCKING_CONNECT(conn, 0);
 663              		.loc 1 1327 3 discriminator 2 view .LVU209
1327:./lwip-2.1.2/src/api/api_msg.c ****   SET_NONBLOCKING_CONNECT(conn, 0);
 664              		.loc 1 1327 3 discriminator 2 view .LVU210
1332:./lwip-2.1.2/src/api/api_msg.c ****   conn->state = NETCONN_NONE;
1333:./lwip-2.1.2/src/api/api_msg.c ****   API_EVENT(conn, NETCONN_EVT_SENDPLUS, 0);
 665              		.loc 1 1333 3 is_stmt 0 view .LVU211
 666 019a 436A     		ldr	r3, [r0, #36]
1327:./lwip-2.1.2/src/api/api_msg.c ****   SET_NONBLOCKING_CONNECT(conn, 0);
 667              		.loc 1 1327 3 discriminator 2 view .LVU212
 668 019c 0177     		strb	r1, [r0, #28]
1327:./lwip-2.1.2/src/api/api_msg.c ****   SET_NONBLOCKING_CONNECT(conn, 0);
 669              		.loc 1 1327 3 is_stmt 1 discriminator 4 view .LVU213
1327:./lwip-2.1.2/src/api/api_msg.c ****   SET_NONBLOCKING_CONNECT(conn, 0);
 670              		.loc 1 1327 3 discriminator 4 view .LVU214
1330:./lwip-2.1.2/src/api/api_msg.c ****   conn->current_msg = NULL;
 671              		.loc 1 1330 59 view .LVU215
1331:./lwip-2.1.2/src/api/api_msg.c ****   conn->state = NETCONN_NONE;
 672              		.loc 1 1331 3 view .LVU216
1331:./lwip-2.1.2/src/api/api_msg.c ****   conn->state = NETCONN_NONE;
 673              		.loc 1 1331 21 is_stmt 0 view .LVU217
 674 019e 0262     		str	r2, [r0, #32]
1332:./lwip-2.1.2/src/api/api_msg.c ****   conn->state = NETCONN_NONE;
 675              		.loc 1 1332 3 is_stmt 1 view .LVU218
1332:./lwip-2.1.2/src/api/api_msg.c ****   conn->state = NETCONN_NONE;
 676              		.loc 1 1332 15 is_stmt 0 view .LVU219
 677 01a0 4270     		strb	r2, [r0, #1]
 678              		.loc 1 1333 3 is_stmt 1 view .LVU220
 679 01a2 0BB1     		cbz	r3, .L61
 680              		.loc 1 1333 3 discriminator 1 view .LVU221
 681 01a4 0221     		movs	r1, #2
 682 01a6 9847     		blx	r3
 683              	.LVL54:
 684              	.L61:
 685              		.loc 1 1333 43 discriminator 3 view .LVU222
1334:./lwip-2.1.2/src/api/api_msg.c **** 
1335:./lwip-2.1.2/src/api/api_msg.c ****   if (was_blocking) {
 686              		.loc 1 1335 3 view .LVU223
 687              		.loc 1 1335 6 is_stmt 0 view .LVU224
 688 01a8 14B1     		cbz	r4, .L62
1336:./lwip-2.1.2/src/api/api_msg.c ****     sys_sem_signal(op_completed_sem);
1337:./lwip-2.1.2/src/api/api_msg.c ****   }
1338:./lwip-2.1.2/src/api/api_msg.c ****   return ERR_OK;
 689              		.loc 1 1338 10 view .LVU225
 690 01aa 0020     		movs	r0, #0
1339:./lwip-2.1.2/src/api/api_msg.c **** }
 691              		.loc 1 1339 1 view .LVU226
 692 01ac 03B0     		add	sp, sp, #12
 693              	.LCFI12:
 694              		.cfi_remember_state
 695              		.cfi_def_cfa_offset 12
 696              		@ sp needed
 697 01ae 30BD     		pop	{r4, r5, pc}
 698              	.LVL55:
 699              	.L62:
 700              	.LCFI13:
 701              		.cfi_restore_state
1336:./lwip-2.1.2/src/api/api_msg.c ****     sys_sem_signal(op_completed_sem);
 702              		.loc 1 1336 5 is_stmt 1 view .LVU227
 703 01b0 2846     		mov	r0, r5
 704 01b2 FFF7FEFF 		bl	sys_sem_signal
 705              	.LVL56:
1338:./lwip-2.1.2/src/api/api_msg.c **** }
 706              		.loc 1 1338 10 is_stmt 0 view .LVU228
 707 01b6 0020     		movs	r0, #0
 708              		.loc 1 1339 1 view .LVU229
 709 01b8 03B0     		add	sp, sp, #12
 710              	.LCFI14:
 711              		.cfi_remember_state
 712              		.cfi_def_cfa_offset 12
 713              		@ sp needed
 714 01ba 30BD     		pop	{r4, r5, pc}
 715              	.LVL57:
 716              	.L81:
 717              	.LCFI15:
 718              		.cfi_restore_state
1324:./lwip-2.1.2/src/api/api_msg.c ****   }
 719              		.loc 1 1324 5 is_stmt 1 view .LVU230
 720 01bc 0190     		str	r0, [sp, #4]
 721 01be FFF751FF 		bl	setup_tcp
 722              	.LVL58:
1324:./lwip-2.1.2/src/api/api_msg.c ****   }
 723              		.loc 1 1324 5 is_stmt 0 view .LVU231
 724 01c2 0198     		ldr	r0, [sp, #4]
 725 01c4 E3E7     		b	.L60
 726              	.LVL59:
 727              	.L64:
 728              	.LCFI16:
 729              		.cfi_def_cfa_offset 0
 730              		.cfi_restore 4
 731              		.cfi_restore 5
 732              		.cfi_restore 14
1312:./lwip-2.1.2/src/api/api_msg.c ****   }
 733              		.loc 1 1312 12 view .LVU232
 734 01c6 6FF00500 		mvn	r0, #5
 735              	.LVL60:
 736              		.loc 1 1339 1 view .LVU233
 737 01ca 7047     		bx	lr
 738              		.cfi_endproc
 739              	.LFE188:
 741              		.align	1
 742              		.p2align 2,,3
 743              		.syntax unified
 744              		.thumb
 745              		.thumb_func
 747              	lwip_netconn_do_writemore:
 748              	.LVL61:
 749              	.LFB194:
1340:./lwip-2.1.2/src/api/api_msg.c **** #endif /* LWIP_TCP */
1341:./lwip-2.1.2/src/api/api_msg.c **** 
1342:./lwip-2.1.2/src/api/api_msg.c **** /**
1343:./lwip-2.1.2/src/api/api_msg.c ****  * Connect a pcb contained inside a netconn
1344:./lwip-2.1.2/src/api/api_msg.c ****  * Called from netconn_connect.
1345:./lwip-2.1.2/src/api/api_msg.c ****  *
1346:./lwip-2.1.2/src/api/api_msg.c ****  * @param m the api_msg pointing to the connection and containing
1347:./lwip-2.1.2/src/api/api_msg.c ****  *          the IP address and port to connect to
1348:./lwip-2.1.2/src/api/api_msg.c ****  */
1349:./lwip-2.1.2/src/api/api_msg.c **** void
1350:./lwip-2.1.2/src/api/api_msg.c **** lwip_netconn_do_connect(void *m)
1351:./lwip-2.1.2/src/api/api_msg.c **** {
1352:./lwip-2.1.2/src/api/api_msg.c ****   struct api_msg *msg = (struct api_msg *)m;
1353:./lwip-2.1.2/src/api/api_msg.c ****   err_t err;
1354:./lwip-2.1.2/src/api/api_msg.c **** 
1355:./lwip-2.1.2/src/api/api_msg.c ****   if (msg->conn->pcb.tcp == NULL) {
1356:./lwip-2.1.2/src/api/api_msg.c ****     /* This may happen when calling netconn_connect() a second time */
1357:./lwip-2.1.2/src/api/api_msg.c ****     err = ERR_CLSD;
1358:./lwip-2.1.2/src/api/api_msg.c ****   } else {
1359:./lwip-2.1.2/src/api/api_msg.c ****     switch (NETCONNTYPE_GROUP(msg->conn->type)) {
1360:./lwip-2.1.2/src/api/api_msg.c **** #if LWIP_RAW
1361:./lwip-2.1.2/src/api/api_msg.c ****       case NETCONN_RAW:
1362:./lwip-2.1.2/src/api/api_msg.c ****         err = raw_connect(msg->conn->pcb.raw, API_EXPR_REF(msg->msg.bc.ipaddr));
1363:./lwip-2.1.2/src/api/api_msg.c ****         break;
1364:./lwip-2.1.2/src/api/api_msg.c **** #endif /* LWIP_RAW */
1365:./lwip-2.1.2/src/api/api_msg.c **** #if LWIP_UDP
1366:./lwip-2.1.2/src/api/api_msg.c ****       case NETCONN_UDP:
1367:./lwip-2.1.2/src/api/api_msg.c ****         err = udp_connect(msg->conn->pcb.udp, API_EXPR_REF(msg->msg.bc.ipaddr), msg->msg.bc.port);
1368:./lwip-2.1.2/src/api/api_msg.c ****         break;
1369:./lwip-2.1.2/src/api/api_msg.c **** #endif /* LWIP_UDP */
1370:./lwip-2.1.2/src/api/api_msg.c **** #if LWIP_TCP
1371:./lwip-2.1.2/src/api/api_msg.c ****       case NETCONN_TCP:
1372:./lwip-2.1.2/src/api/api_msg.c ****         /* Prevent connect while doing any other action. */
1373:./lwip-2.1.2/src/api/api_msg.c ****         if (msg->conn->state == NETCONN_CONNECT) {
1374:./lwip-2.1.2/src/api/api_msg.c ****           err = ERR_ALREADY;
1375:./lwip-2.1.2/src/api/api_msg.c ****         } else if (msg->conn->state != NETCONN_NONE) {
1376:./lwip-2.1.2/src/api/api_msg.c ****           err = ERR_ISCONN;
1377:./lwip-2.1.2/src/api/api_msg.c ****         } else {
1378:./lwip-2.1.2/src/api/api_msg.c ****           setup_tcp(msg->conn);
1379:./lwip-2.1.2/src/api/api_msg.c ****           err = tcp_connect(msg->conn->pcb.tcp, API_EXPR_REF(msg->msg.bc.ipaddr),
1380:./lwip-2.1.2/src/api/api_msg.c ****                             msg->msg.bc.port, lwip_netconn_do_connected);
1381:./lwip-2.1.2/src/api/api_msg.c ****           if (err == ERR_OK) {
1382:./lwip-2.1.2/src/api/api_msg.c ****             u8_t non_blocking = netconn_is_nonblocking(msg->conn);
1383:./lwip-2.1.2/src/api/api_msg.c ****             msg->conn->state = NETCONN_CONNECT;
1384:./lwip-2.1.2/src/api/api_msg.c ****             SET_NONBLOCKING_CONNECT(msg->conn, non_blocking);
1385:./lwip-2.1.2/src/api/api_msg.c ****             if (non_blocking) {
1386:./lwip-2.1.2/src/api/api_msg.c ****               err = ERR_INPROGRESS;
1387:./lwip-2.1.2/src/api/api_msg.c ****             } else {
1388:./lwip-2.1.2/src/api/api_msg.c ****               msg->conn->current_msg = msg;
1389:./lwip-2.1.2/src/api/api_msg.c ****               /* sys_sem_signal() is called from lwip_netconn_do_connected (or err_tcp()),
1390:./lwip-2.1.2/src/api/api_msg.c ****                  when the connection is established! */
1391:./lwip-2.1.2/src/api/api_msg.c **** #if LWIP_TCPIP_CORE_LOCKING
1392:./lwip-2.1.2/src/api/api_msg.c ****               LWIP_ASSERT("state!", msg->conn->state == NETCONN_CONNECT);
1393:./lwip-2.1.2/src/api/api_msg.c ****               UNLOCK_TCPIP_CORE();
1394:./lwip-2.1.2/src/api/api_msg.c ****               sys_arch_sem_wait(LWIP_API_MSG_SEM(msg), 0);
1395:./lwip-2.1.2/src/api/api_msg.c ****               LOCK_TCPIP_CORE();
1396:./lwip-2.1.2/src/api/api_msg.c ****               LWIP_ASSERT("state!", msg->conn->state != NETCONN_CONNECT);
1397:./lwip-2.1.2/src/api/api_msg.c **** #endif /* LWIP_TCPIP_CORE_LOCKING */
1398:./lwip-2.1.2/src/api/api_msg.c ****               return;
1399:./lwip-2.1.2/src/api/api_msg.c ****             }
1400:./lwip-2.1.2/src/api/api_msg.c ****           }
1401:./lwip-2.1.2/src/api/api_msg.c ****         }
1402:./lwip-2.1.2/src/api/api_msg.c ****         break;
1403:./lwip-2.1.2/src/api/api_msg.c **** #endif /* LWIP_TCP */
1404:./lwip-2.1.2/src/api/api_msg.c ****       default:
1405:./lwip-2.1.2/src/api/api_msg.c ****         LWIP_ERROR("Invalid netconn type", 0, do {
1406:./lwip-2.1.2/src/api/api_msg.c ****           err = ERR_VAL;
1407:./lwip-2.1.2/src/api/api_msg.c ****         } while (0));
1408:./lwip-2.1.2/src/api/api_msg.c ****         break;
1409:./lwip-2.1.2/src/api/api_msg.c ****     }
1410:./lwip-2.1.2/src/api/api_msg.c ****   }
1411:./lwip-2.1.2/src/api/api_msg.c ****   msg->err = err;
1412:./lwip-2.1.2/src/api/api_msg.c ****   /* For all other protocols, netconn_connect() calls netconn_apimsg(),
1413:./lwip-2.1.2/src/api/api_msg.c ****      so use TCPIP_APIMSG_ACK() here. */
1414:./lwip-2.1.2/src/api/api_msg.c ****   TCPIP_APIMSG_ACK(msg);
1415:./lwip-2.1.2/src/api/api_msg.c **** }
1416:./lwip-2.1.2/src/api/api_msg.c **** 
1417:./lwip-2.1.2/src/api/api_msg.c **** /**
1418:./lwip-2.1.2/src/api/api_msg.c ****  * Disconnect a pcb contained inside a netconn
1419:./lwip-2.1.2/src/api/api_msg.c ****  * Only used for UDP netconns.
1420:./lwip-2.1.2/src/api/api_msg.c ****  * Called from netconn_disconnect.
1421:./lwip-2.1.2/src/api/api_msg.c ****  *
1422:./lwip-2.1.2/src/api/api_msg.c ****  * @param m the api_msg pointing to the connection to disconnect
1423:./lwip-2.1.2/src/api/api_msg.c ****  */
1424:./lwip-2.1.2/src/api/api_msg.c **** void
1425:./lwip-2.1.2/src/api/api_msg.c **** lwip_netconn_do_disconnect(void *m)
1426:./lwip-2.1.2/src/api/api_msg.c **** {
1427:./lwip-2.1.2/src/api/api_msg.c ****   struct api_msg *msg = (struct api_msg *)m;
1428:./lwip-2.1.2/src/api/api_msg.c **** 
1429:./lwip-2.1.2/src/api/api_msg.c **** #if LWIP_UDP
1430:./lwip-2.1.2/src/api/api_msg.c ****   if (NETCONNTYPE_GROUP(msg->conn->type) == NETCONN_UDP) {
1431:./lwip-2.1.2/src/api/api_msg.c ****     udp_disconnect(msg->conn->pcb.udp);
1432:./lwip-2.1.2/src/api/api_msg.c ****     msg->err = ERR_OK;
1433:./lwip-2.1.2/src/api/api_msg.c ****   } else
1434:./lwip-2.1.2/src/api/api_msg.c **** #endif /* LWIP_UDP */
1435:./lwip-2.1.2/src/api/api_msg.c ****   {
1436:./lwip-2.1.2/src/api/api_msg.c ****     msg->err = ERR_VAL;
1437:./lwip-2.1.2/src/api/api_msg.c ****   }
1438:./lwip-2.1.2/src/api/api_msg.c ****   TCPIP_APIMSG_ACK(msg);
1439:./lwip-2.1.2/src/api/api_msg.c **** }
1440:./lwip-2.1.2/src/api/api_msg.c **** 
1441:./lwip-2.1.2/src/api/api_msg.c **** #if LWIP_TCP
1442:./lwip-2.1.2/src/api/api_msg.c **** /**
1443:./lwip-2.1.2/src/api/api_msg.c ****  * Set a TCP pcb contained in a netconn into listen mode
1444:./lwip-2.1.2/src/api/api_msg.c ****  * Called from netconn_listen.
1445:./lwip-2.1.2/src/api/api_msg.c ****  *
1446:./lwip-2.1.2/src/api/api_msg.c ****  * @param m the api_msg pointing to the connection
1447:./lwip-2.1.2/src/api/api_msg.c ****  */
1448:./lwip-2.1.2/src/api/api_msg.c **** void
1449:./lwip-2.1.2/src/api/api_msg.c **** lwip_netconn_do_listen(void *m)
1450:./lwip-2.1.2/src/api/api_msg.c **** {
1451:./lwip-2.1.2/src/api/api_msg.c ****   struct api_msg *msg = (struct api_msg *)m;
1452:./lwip-2.1.2/src/api/api_msg.c ****   err_t err;
1453:./lwip-2.1.2/src/api/api_msg.c **** 
1454:./lwip-2.1.2/src/api/api_msg.c ****   if (msg->conn->pcb.tcp != NULL) {
1455:./lwip-2.1.2/src/api/api_msg.c ****     if (NETCONNTYPE_GROUP(msg->conn->type) == NETCONN_TCP) {
1456:./lwip-2.1.2/src/api/api_msg.c ****       if (msg->conn->state == NETCONN_NONE) {
1457:./lwip-2.1.2/src/api/api_msg.c ****         struct tcp_pcb *lpcb;
1458:./lwip-2.1.2/src/api/api_msg.c ****         if (msg->conn->pcb.tcp->state != CLOSED) {
1459:./lwip-2.1.2/src/api/api_msg.c ****           /* connection is not closed, cannot listen */
1460:./lwip-2.1.2/src/api/api_msg.c ****           err = ERR_VAL;
1461:./lwip-2.1.2/src/api/api_msg.c ****         } else {
1462:./lwip-2.1.2/src/api/api_msg.c ****           u8_t backlog;
1463:./lwip-2.1.2/src/api/api_msg.c **** #if TCP_LISTEN_BACKLOG
1464:./lwip-2.1.2/src/api/api_msg.c ****           backlog = msg->msg.lb.backlog;
1465:./lwip-2.1.2/src/api/api_msg.c **** #else  /* TCP_LISTEN_BACKLOG */
1466:./lwip-2.1.2/src/api/api_msg.c ****           backlog = TCP_DEFAULT_LISTEN_BACKLOG;
1467:./lwip-2.1.2/src/api/api_msg.c **** #endif /* TCP_LISTEN_BACKLOG */
1468:./lwip-2.1.2/src/api/api_msg.c **** #if LWIP_IPV4 && LWIP_IPV6
1469:./lwip-2.1.2/src/api/api_msg.c ****           /* "Socket API like" dual-stack support: If IP to listen to is IP6_ADDR_ANY,
1470:./lwip-2.1.2/src/api/api_msg.c ****             * and NETCONN_FLAG_IPV6_V6ONLY is NOT set, use IP_ANY_TYPE to listen
1471:./lwip-2.1.2/src/api/api_msg.c ****             */
1472:./lwip-2.1.2/src/api/api_msg.c ****           if (ip_addr_cmp(&msg->conn->pcb.ip->local_ip, IP6_ADDR_ANY) &&
1473:./lwip-2.1.2/src/api/api_msg.c ****               (netconn_get_ipv6only(msg->conn) == 0)) {
1474:./lwip-2.1.2/src/api/api_msg.c ****             /* change PCB type to IPADDR_TYPE_ANY */
1475:./lwip-2.1.2/src/api/api_msg.c ****             IP_SET_TYPE_VAL(msg->conn->pcb.tcp->local_ip,  IPADDR_TYPE_ANY);
1476:./lwip-2.1.2/src/api/api_msg.c ****             IP_SET_TYPE_VAL(msg->conn->pcb.tcp->remote_ip, IPADDR_TYPE_ANY);
1477:./lwip-2.1.2/src/api/api_msg.c ****           }
1478:./lwip-2.1.2/src/api/api_msg.c **** #endif /* LWIP_IPV4 && LWIP_IPV6 */
1479:./lwip-2.1.2/src/api/api_msg.c **** 
1480:./lwip-2.1.2/src/api/api_msg.c ****           lpcb = tcp_listen_with_backlog_and_err(msg->conn->pcb.tcp, backlog, &err);
1481:./lwip-2.1.2/src/api/api_msg.c **** 
1482:./lwip-2.1.2/src/api/api_msg.c ****           if (lpcb == NULL) {
1483:./lwip-2.1.2/src/api/api_msg.c ****             /* in this case, the old pcb is still allocated */
1484:./lwip-2.1.2/src/api/api_msg.c ****           } else {
1485:./lwip-2.1.2/src/api/api_msg.c ****             /* delete the recvmbox and allocate the acceptmbox */
1486:./lwip-2.1.2/src/api/api_msg.c ****             if (sys_mbox_valid(&msg->conn->recvmbox)) {
1487:./lwip-2.1.2/src/api/api_msg.c ****               /** @todo: should we drain the recvmbox here? */
1488:./lwip-2.1.2/src/api/api_msg.c ****               sys_mbox_free(&msg->conn->recvmbox);
1489:./lwip-2.1.2/src/api/api_msg.c ****               sys_mbox_set_invalid(&msg->conn->recvmbox);
1490:./lwip-2.1.2/src/api/api_msg.c ****             }
1491:./lwip-2.1.2/src/api/api_msg.c ****             err = ERR_OK;
1492:./lwip-2.1.2/src/api/api_msg.c ****             if (!sys_mbox_valid(&msg->conn->acceptmbox)) {
1493:./lwip-2.1.2/src/api/api_msg.c ****               err = sys_mbox_new(&msg->conn->acceptmbox, DEFAULT_ACCEPTMBOX_SIZE);
1494:./lwip-2.1.2/src/api/api_msg.c ****             }
1495:./lwip-2.1.2/src/api/api_msg.c ****             if (err == ERR_OK) {
1496:./lwip-2.1.2/src/api/api_msg.c ****               msg->conn->state = NETCONN_LISTEN;
1497:./lwip-2.1.2/src/api/api_msg.c ****               msg->conn->pcb.tcp = lpcb;
1498:./lwip-2.1.2/src/api/api_msg.c ****               tcp_arg(msg->conn->pcb.tcp, msg->conn);
1499:./lwip-2.1.2/src/api/api_msg.c ****               tcp_accept(msg->conn->pcb.tcp, accept_function);
1500:./lwip-2.1.2/src/api/api_msg.c ****             } else {
1501:./lwip-2.1.2/src/api/api_msg.c ****               /* since the old pcb is already deallocated, free lpcb now */
1502:./lwip-2.1.2/src/api/api_msg.c ****               tcp_close(lpcb);
1503:./lwip-2.1.2/src/api/api_msg.c ****               msg->conn->pcb.tcp = NULL;
1504:./lwip-2.1.2/src/api/api_msg.c ****             }
1505:./lwip-2.1.2/src/api/api_msg.c ****           }
1506:./lwip-2.1.2/src/api/api_msg.c ****         }
1507:./lwip-2.1.2/src/api/api_msg.c ****       } else if (msg->conn->state == NETCONN_LISTEN) {
1508:./lwip-2.1.2/src/api/api_msg.c ****         /* already listening, allow updating of the backlog */
1509:./lwip-2.1.2/src/api/api_msg.c ****         err = ERR_OK;
1510:./lwip-2.1.2/src/api/api_msg.c ****         tcp_backlog_set(msg->conn->pcb.tcp, msg->msg.lb.backlog);
1511:./lwip-2.1.2/src/api/api_msg.c ****       } else {
1512:./lwip-2.1.2/src/api/api_msg.c ****         err = ERR_CONN;
1513:./lwip-2.1.2/src/api/api_msg.c ****       }
1514:./lwip-2.1.2/src/api/api_msg.c ****     } else {
1515:./lwip-2.1.2/src/api/api_msg.c ****       err = ERR_ARG;
1516:./lwip-2.1.2/src/api/api_msg.c ****     }
1517:./lwip-2.1.2/src/api/api_msg.c ****   } else {
1518:./lwip-2.1.2/src/api/api_msg.c ****     err = ERR_CONN;
1519:./lwip-2.1.2/src/api/api_msg.c ****   }
1520:./lwip-2.1.2/src/api/api_msg.c ****   msg->err = err;
1521:./lwip-2.1.2/src/api/api_msg.c ****   TCPIP_APIMSG_ACK(msg);
1522:./lwip-2.1.2/src/api/api_msg.c **** }
1523:./lwip-2.1.2/src/api/api_msg.c **** #endif /* LWIP_TCP */
1524:./lwip-2.1.2/src/api/api_msg.c **** 
1525:./lwip-2.1.2/src/api/api_msg.c **** /**
1526:./lwip-2.1.2/src/api/api_msg.c ****  * Send some data on a RAW or UDP pcb contained in a netconn
1527:./lwip-2.1.2/src/api/api_msg.c ****  * Called from netconn_send
1528:./lwip-2.1.2/src/api/api_msg.c ****  *
1529:./lwip-2.1.2/src/api/api_msg.c ****  * @param m the api_msg pointing to the connection
1530:./lwip-2.1.2/src/api/api_msg.c ****  */
1531:./lwip-2.1.2/src/api/api_msg.c **** void
1532:./lwip-2.1.2/src/api/api_msg.c **** lwip_netconn_do_send(void *m)
1533:./lwip-2.1.2/src/api/api_msg.c **** {
1534:./lwip-2.1.2/src/api/api_msg.c ****   struct api_msg *msg = (struct api_msg *)m;
1535:./lwip-2.1.2/src/api/api_msg.c **** 
1536:./lwip-2.1.2/src/api/api_msg.c ****   err_t err = netconn_err(msg->conn);
1537:./lwip-2.1.2/src/api/api_msg.c ****   if (err == ERR_OK) {
1538:./lwip-2.1.2/src/api/api_msg.c ****     if (msg->conn->pcb.tcp != NULL) {
1539:./lwip-2.1.2/src/api/api_msg.c ****       switch (NETCONNTYPE_GROUP(msg->conn->type)) {
1540:./lwip-2.1.2/src/api/api_msg.c **** #if LWIP_RAW
1541:./lwip-2.1.2/src/api/api_msg.c ****         case NETCONN_RAW:
1542:./lwip-2.1.2/src/api/api_msg.c ****           if (ip_addr_isany(&msg->msg.b->addr) || IP_IS_ANY_TYPE_VAL(msg->msg.b->addr)) {
1543:./lwip-2.1.2/src/api/api_msg.c ****             err = raw_send(msg->conn->pcb.raw, msg->msg.b->p);
1544:./lwip-2.1.2/src/api/api_msg.c ****           } else {
1545:./lwip-2.1.2/src/api/api_msg.c ****             err = raw_sendto(msg->conn->pcb.raw, msg->msg.b->p, &msg->msg.b->addr);
1546:./lwip-2.1.2/src/api/api_msg.c ****           }
1547:./lwip-2.1.2/src/api/api_msg.c ****           break;
1548:./lwip-2.1.2/src/api/api_msg.c **** #endif
1549:./lwip-2.1.2/src/api/api_msg.c **** #if LWIP_UDP
1550:./lwip-2.1.2/src/api/api_msg.c ****         case NETCONN_UDP:
1551:./lwip-2.1.2/src/api/api_msg.c **** #if LWIP_CHECKSUM_ON_COPY
1552:./lwip-2.1.2/src/api/api_msg.c ****           if (ip_addr_isany(&msg->msg.b->addr) || IP_IS_ANY_TYPE_VAL(msg->msg.b->addr)) {
1553:./lwip-2.1.2/src/api/api_msg.c ****             err = udp_send_chksum(msg->conn->pcb.udp, msg->msg.b->p,
1554:./lwip-2.1.2/src/api/api_msg.c ****                                   msg->msg.b->flags & NETBUF_FLAG_CHKSUM, msg->msg.b->toport_chksum
1555:./lwip-2.1.2/src/api/api_msg.c ****           } else {
1556:./lwip-2.1.2/src/api/api_msg.c ****             err = udp_sendto_chksum(msg->conn->pcb.udp, msg->msg.b->p,
1557:./lwip-2.1.2/src/api/api_msg.c ****                                     &msg->msg.b->addr, msg->msg.b->port,
1558:./lwip-2.1.2/src/api/api_msg.c ****                                     msg->msg.b->flags & NETBUF_FLAG_CHKSUM, msg->msg.b->toport_chks
1559:./lwip-2.1.2/src/api/api_msg.c ****           }
1560:./lwip-2.1.2/src/api/api_msg.c **** #else /* LWIP_CHECKSUM_ON_COPY */
1561:./lwip-2.1.2/src/api/api_msg.c ****           if (ip_addr_isany_val(msg->msg.b->addr) || IP_IS_ANY_TYPE_VAL(msg->msg.b->addr)) {
1562:./lwip-2.1.2/src/api/api_msg.c ****             err = udp_send(msg->conn->pcb.udp, msg->msg.b->p);
1563:./lwip-2.1.2/src/api/api_msg.c ****           } else {
1564:./lwip-2.1.2/src/api/api_msg.c ****             err = udp_sendto(msg->conn->pcb.udp, msg->msg.b->p, &msg->msg.b->addr, msg->msg.b->port
1565:./lwip-2.1.2/src/api/api_msg.c ****           }
1566:./lwip-2.1.2/src/api/api_msg.c **** #endif /* LWIP_CHECKSUM_ON_COPY */
1567:./lwip-2.1.2/src/api/api_msg.c ****           break;
1568:./lwip-2.1.2/src/api/api_msg.c **** #endif /* LWIP_UDP */
1569:./lwip-2.1.2/src/api/api_msg.c ****         default:
1570:./lwip-2.1.2/src/api/api_msg.c ****           err = ERR_CONN;
1571:./lwip-2.1.2/src/api/api_msg.c ****           break;
1572:./lwip-2.1.2/src/api/api_msg.c ****       }
1573:./lwip-2.1.2/src/api/api_msg.c ****     } else {
1574:./lwip-2.1.2/src/api/api_msg.c ****       err = ERR_CONN;
1575:./lwip-2.1.2/src/api/api_msg.c ****     }
1576:./lwip-2.1.2/src/api/api_msg.c ****   }
1577:./lwip-2.1.2/src/api/api_msg.c ****   msg->err = err;
1578:./lwip-2.1.2/src/api/api_msg.c ****   TCPIP_APIMSG_ACK(msg);
1579:./lwip-2.1.2/src/api/api_msg.c **** }
1580:./lwip-2.1.2/src/api/api_msg.c **** 
1581:./lwip-2.1.2/src/api/api_msg.c **** #if LWIP_TCP
1582:./lwip-2.1.2/src/api/api_msg.c **** /**
1583:./lwip-2.1.2/src/api/api_msg.c ****  * Indicate data has been received from a TCP pcb contained in a netconn
1584:./lwip-2.1.2/src/api/api_msg.c ****  * Called from netconn_recv
1585:./lwip-2.1.2/src/api/api_msg.c ****  *
1586:./lwip-2.1.2/src/api/api_msg.c ****  * @param m the api_msg pointing to the connection
1587:./lwip-2.1.2/src/api/api_msg.c ****  */
1588:./lwip-2.1.2/src/api/api_msg.c **** void
1589:./lwip-2.1.2/src/api/api_msg.c **** lwip_netconn_do_recv(void *m)
1590:./lwip-2.1.2/src/api/api_msg.c **** {
1591:./lwip-2.1.2/src/api/api_msg.c ****   struct api_msg *msg = (struct api_msg *)m;
1592:./lwip-2.1.2/src/api/api_msg.c **** 
1593:./lwip-2.1.2/src/api/api_msg.c ****   msg->err = ERR_OK;
1594:./lwip-2.1.2/src/api/api_msg.c ****   if (msg->conn->pcb.tcp != NULL) {
1595:./lwip-2.1.2/src/api/api_msg.c ****     if (NETCONNTYPE_GROUP(msg->conn->type) == NETCONN_TCP) {
1596:./lwip-2.1.2/src/api/api_msg.c ****       size_t remaining = msg->msg.r.len;
1597:./lwip-2.1.2/src/api/api_msg.c ****       do {
1598:./lwip-2.1.2/src/api/api_msg.c ****         u16_t recved = (u16_t)((remaining > 0xffff) ? 0xffff : remaining);
1599:./lwip-2.1.2/src/api/api_msg.c ****         tcp_recved(msg->conn->pcb.tcp, recved);
1600:./lwip-2.1.2/src/api/api_msg.c ****         remaining -= recved;
1601:./lwip-2.1.2/src/api/api_msg.c ****       } while (remaining != 0);
1602:./lwip-2.1.2/src/api/api_msg.c ****     }
1603:./lwip-2.1.2/src/api/api_msg.c ****   }
1604:./lwip-2.1.2/src/api/api_msg.c ****   TCPIP_APIMSG_ACK(msg);
1605:./lwip-2.1.2/src/api/api_msg.c **** }
1606:./lwip-2.1.2/src/api/api_msg.c **** 
1607:./lwip-2.1.2/src/api/api_msg.c **** #if TCP_LISTEN_BACKLOG
1608:./lwip-2.1.2/src/api/api_msg.c **** /** Indicate that a TCP pcb has been accepted
1609:./lwip-2.1.2/src/api/api_msg.c ****  * Called from netconn_accept
1610:./lwip-2.1.2/src/api/api_msg.c ****  *
1611:./lwip-2.1.2/src/api/api_msg.c ****  * @param m the api_msg pointing to the connection
1612:./lwip-2.1.2/src/api/api_msg.c ****  */
1613:./lwip-2.1.2/src/api/api_msg.c **** void
1614:./lwip-2.1.2/src/api/api_msg.c **** lwip_netconn_do_accepted(void *m)
1615:./lwip-2.1.2/src/api/api_msg.c **** {
1616:./lwip-2.1.2/src/api/api_msg.c ****   struct api_msg *msg = (struct api_msg *)m;
1617:./lwip-2.1.2/src/api/api_msg.c **** 
1618:./lwip-2.1.2/src/api/api_msg.c ****   msg->err = ERR_OK;
1619:./lwip-2.1.2/src/api/api_msg.c ****   if (msg->conn->pcb.tcp != NULL) {
1620:./lwip-2.1.2/src/api/api_msg.c ****     if (NETCONNTYPE_GROUP(msg->conn->type) == NETCONN_TCP) {
1621:./lwip-2.1.2/src/api/api_msg.c ****       tcp_backlog_accepted(msg->conn->pcb.tcp);
1622:./lwip-2.1.2/src/api/api_msg.c ****     }
1623:./lwip-2.1.2/src/api/api_msg.c ****   }
1624:./lwip-2.1.2/src/api/api_msg.c ****   TCPIP_APIMSG_ACK(msg);
1625:./lwip-2.1.2/src/api/api_msg.c **** }
1626:./lwip-2.1.2/src/api/api_msg.c **** #endif /* TCP_LISTEN_BACKLOG */
1627:./lwip-2.1.2/src/api/api_msg.c **** 
1628:./lwip-2.1.2/src/api/api_msg.c **** /**
1629:./lwip-2.1.2/src/api/api_msg.c ****  * See if more data needs to be written from a previous call to netconn_write.
1630:./lwip-2.1.2/src/api/api_msg.c ****  * Called initially from lwip_netconn_do_write. If the first call can't send all data
1631:./lwip-2.1.2/src/api/api_msg.c ****  * (because of low memory or empty send-buffer), this function is called again
1632:./lwip-2.1.2/src/api/api_msg.c ****  * from sent_tcp() or poll_tcp() to send more data. If all data is sent, the
1633:./lwip-2.1.2/src/api/api_msg.c ****  * blocking application thread (waiting in netconn_write) is released.
1634:./lwip-2.1.2/src/api/api_msg.c ****  *
1635:./lwip-2.1.2/src/api/api_msg.c ****  * @param conn netconn (that is currently in state NETCONN_WRITE) to process
1636:./lwip-2.1.2/src/api/api_msg.c ****  * @return ERR_OK
1637:./lwip-2.1.2/src/api/api_msg.c ****  *         ERR_MEM if LWIP_TCPIP_CORE_LOCKING=1 and sending hasn't yet finished
1638:./lwip-2.1.2/src/api/api_msg.c ****  */
1639:./lwip-2.1.2/src/api/api_msg.c **** static err_t
1640:./lwip-2.1.2/src/api/api_msg.c **** lwip_netconn_do_writemore(struct netconn *conn  WRITE_DELAYED_PARAM)
1641:./lwip-2.1.2/src/api/api_msg.c **** {
 750              		.loc 1 1641 1 is_stmt 1 view -0
 751              		.cfi_startproc
 752              		@ args = 0, pretend = 0, frame = 0
 753              		@ frame_needed = 0, uses_anonymous_args = 0
1642:./lwip-2.1.2/src/api/api_msg.c ****   err_t err;
 754              		.loc 1 1642 3 view .LVU235
1643:./lwip-2.1.2/src/api/api_msg.c ****   const void *dataptr;
 755              		.loc 1 1643 3 view .LVU236
1644:./lwip-2.1.2/src/api/api_msg.c ****   u16_t len, available;
 756              		.loc 1 1644 3 view .LVU237
1645:./lwip-2.1.2/src/api/api_msg.c ****   u8_t write_finished = 0;
 757              		.loc 1 1645 3 view .LVU238
1646:./lwip-2.1.2/src/api/api_msg.c ****   size_t diff;
 758              		.loc 1 1646 3 view .LVU239
1647:./lwip-2.1.2/src/api/api_msg.c ****   u8_t dontblock;
 759              		.loc 1 1647 3 view .LVU240
1648:./lwip-2.1.2/src/api/api_msg.c ****   u8_t apiflags;
 760              		.loc 1 1648 3 view .LVU241
1649:./lwip-2.1.2/src/api/api_msg.c ****   u8_t write_more;
 761              		.loc 1 1649 3 view .LVU242
1650:./lwip-2.1.2/src/api/api_msg.c **** 
1651:./lwip-2.1.2/src/api/api_msg.c ****   LWIP_ASSERT("conn != NULL", conn != NULL);
 762              		.loc 1 1651 44 view .LVU243
1652:./lwip-2.1.2/src/api/api_msg.c ****   LWIP_ASSERT("conn->state == NETCONN_WRITE", (conn->state == NETCONN_WRITE));
 763              		.loc 1 1652 78 view .LVU244
1653:./lwip-2.1.2/src/api/api_msg.c ****   LWIP_ASSERT("conn->current_msg != NULL", conn->current_msg != NULL);
 764              		.loc 1 1653 70 view .LVU245
1654:./lwip-2.1.2/src/api/api_msg.c ****   LWIP_ASSERT("conn->pcb.tcp != NULL", conn->pcb.tcp != NULL);
 765              		.loc 1 1654 62 view .LVU246
1655:./lwip-2.1.2/src/api/api_msg.c ****   LWIP_ASSERT("conn->current_msg->msg.w.offset < conn->current_msg->msg.w.len",
1656:./lwip-2.1.2/src/api/api_msg.c ****               conn->current_msg->msg.w.offset < conn->current_msg->msg.w.len);
 766              		.loc 1 1656 78 view .LVU247
1657:./lwip-2.1.2/src/api/api_msg.c ****   LWIP_ASSERT("conn->current_msg->msg.w.vector_cnt > 0", conn->current_msg->msg.w.vector_cnt > 0);
 767              		.loc 1 1657 98 view .LVU248
1658:./lwip-2.1.2/src/api/api_msg.c **** 
1659:./lwip-2.1.2/src/api/api_msg.c ****   apiflags = conn->current_msg->msg.w.apiflags;
 768              		.loc 1 1659 3 view .LVU249
 769              		.loc 1 1659 18 is_stmt 0 view .LVU250
 770 01cc D0F820C0 		ldr	ip, [r0, #32]
1641:./lwip-2.1.2/src/api/api_msg.c ****   err_t err;
 771              		.loc 1 1641 1 view .LVU251
 772 01d0 2DE9F84F 		push	{r3, r4, r5, r6, r7, r8, r9, r10, fp, lr}
 773              	.LCFI17:
 774              		.cfi_def_cfa_offset 40
 775              		.cfi_offset 3, -40
 776              		.cfi_offset 4, -36
 777              		.cfi_offset 5, -32
 778              		.cfi_offset 6, -28
 779              		.cfi_offset 7, -24
 780              		.cfi_offset 8, -20
 781              		.cfi_offset 9, -16
 782              		.cfi_offset 10, -12
 783              		.cfi_offset 11, -8
 784              		.cfi_offset 14, -4
 785              		.loc 1 1659 12 view .LVU252
 786 01d4 9CF81CB0 		ldrb	fp, [ip, #28]	@ zero_extendqisi2
 787              	.LVL62:
1660:./lwip-2.1.2/src/api/api_msg.c ****   dontblock = netconn_is_nonblocking(conn) || (apiflags & NETCONN_DONTBLOCK);
 788              		.loc 1 1660 3 is_stmt 1 view .LVU253
1641:./lwip-2.1.2/src/api/api_msg.c ****   err_t err;
 789              		.loc 1 1641 1 is_stmt 0 view .LVU254
 790 01d8 0646     		mov	r6, r0
 791 01da 90F81C80 		ldrb	r8, [r0, #28]	@ zero_extendqisi2
 792 01de 8A46     		mov	r10, r1
 793 01e0 0BF00403 		and	r3, fp, #4
1661:./lwip-2.1.2/src/api/api_msg.c **** 
1662:./lwip-2.1.2/src/api/api_msg.c **** #if LWIP_SO_SNDTIMEO
1663:./lwip-2.1.2/src/api/api_msg.c ****   if ((conn->send_timeout != 0) &&
1664:./lwip-2.1.2/src/api/api_msg.c ****       ((s32_t)(sys_now() - conn->current_msg->msg.w.time_started) >= conn->send_timeout)) {
1665:./lwip-2.1.2/src/api/api_msg.c ****     write_finished = 1;
1666:./lwip-2.1.2/src/api/api_msg.c ****     if (conn->current_msg->msg.w.offset == 0) {
1667:./lwip-2.1.2/src/api/api_msg.c ****       /* nothing has been written */
1668:./lwip-2.1.2/src/api/api_msg.c ****       err = ERR_WOULDBLOCK;
1669:./lwip-2.1.2/src/api/api_msg.c ****     } else {
1670:./lwip-2.1.2/src/api/api_msg.c ****       /* partial write */
1671:./lwip-2.1.2/src/api/api_msg.c ****       err = ERR_OK;
1672:./lwip-2.1.2/src/api/api_msg.c ****     }
1673:./lwip-2.1.2/src/api/api_msg.c ****   } else
1674:./lwip-2.1.2/src/api/api_msg.c **** #endif /* LWIP_SO_SNDTIMEO */
1675:./lwip-2.1.2/src/api/api_msg.c ****   {
1676:./lwip-2.1.2/src/api/api_msg.c ****     do {
1677:./lwip-2.1.2/src/api/api_msg.c ****       dataptr = (const u8_t *)conn->current_msg->msg.w.vector->ptr + conn->current_msg->msg.w.vecto
1678:./lwip-2.1.2/src/api/api_msg.c ****       diff = conn->current_msg->msg.w.vector->len - conn->current_msg->msg.w.vector_off;
1679:./lwip-2.1.2/src/api/api_msg.c ****       if (diff > 0xffffUL) { /* max_u16_t */
1680:./lwip-2.1.2/src/api/api_msg.c ****         len = 0xffff;
1681:./lwip-2.1.2/src/api/api_msg.c ****         apiflags |= TCP_WRITE_FLAG_MORE;
1682:./lwip-2.1.2/src/api/api_msg.c ****       } else {
1683:./lwip-2.1.2/src/api/api_msg.c ****         len = (u16_t)diff;
1684:./lwip-2.1.2/src/api/api_msg.c ****       }
1685:./lwip-2.1.2/src/api/api_msg.c ****       available = tcp_sndbuf(conn->pcb.tcp);
1686:./lwip-2.1.2/src/api/api_msg.c ****       if (available < len) {
 794              		.loc 1 1686 10 view .LVU255
 795 01e4 4FF6FF79 		movw	r9, #65535
 796 01e8 08F00208 		and	r8, r8, #2
 797 01ec 48EA0308 		orr	r8, r8, r3
 798              	.LVL63:
 799              	.L95:
1676:./lwip-2.1.2/src/api/api_msg.c ****       dataptr = (const u8_t *)conn->current_msg->msg.w.vector->ptr + conn->current_msg->msg.w.vecto
 800              		.loc 1 1676 5 is_stmt 1 view .LVU256
1677:./lwip-2.1.2/src/api/api_msg.c ****       diff = conn->current_msg->msg.w.vector->len - conn->current_msg->msg.w.vector_off;
 801              		.loc 1 1677 7 view .LVU257
1677:./lwip-2.1.2/src/api/api_msg.c ****       diff = conn->current_msg->msg.w.vector->len - conn->current_msg->msg.w.vector_off;
 802              		.loc 1 1677 55 is_stmt 0 view .LVU258
 803 01f0 DCF80810 		ldr	r1, [ip, #8]
1677:./lwip-2.1.2/src/api/api_msg.c ****       diff = conn->current_msg->msg.w.vector->len - conn->current_msg->msg.w.vector_off;
 804              		.loc 1 1677 94 view .LVU259
 805 01f4 DCF81020 		ldr	r2, [ip, #16]
1685:./lwip-2.1.2/src/api/api_msg.c ****       if (available < len) {
 806              		.loc 1 1685 19 view .LVU260
 807 01f8 7068     		ldr	r0, [r6, #4]
1677:./lwip-2.1.2/src/api/api_msg.c ****       diff = conn->current_msg->msg.w.vector->len - conn->current_msg->msg.w.vector_off;
 808              		.loc 1 1677 15 view .LVU261
 809 01fa D1E90013 		ldrd	r1, r3, [r1]
1685:./lwip-2.1.2/src/api/api_msg.c ****       if (available < len) {
 810              		.loc 1 1685 17 view .LVU262
 811 01fe B0F86440 		ldrh	r4, [r0, #100]
1678:./lwip-2.1.2/src/api/api_msg.c ****       if (diff > 0xffffUL) { /* max_u16_t */
 812              		.loc 1 1678 12 view .LVU263
 813 0202 9B1A     		subs	r3, r3, r2
1677:./lwip-2.1.2/src/api/api_msg.c ****       diff = conn->current_msg->msg.w.vector->len - conn->current_msg->msg.w.vector_off;
 814              		.loc 1 1677 15 view .LVU264
 815 0204 1144     		add	r1, r1, r2
 816              	.LVL64:
1678:./lwip-2.1.2/src/api/api_msg.c ****       if (diff > 0xffffUL) { /* max_u16_t */
 817              		.loc 1 1678 7 is_stmt 1 view .LVU265
1679:./lwip-2.1.2/src/api/api_msg.c ****         len = 0xffff;
 818              		.loc 1 1679 7 view .LVU266
1679:./lwip-2.1.2/src/api/api_msg.c ****         len = 0xffff;
 819              		.loc 1 1679 10 is_stmt 0 view .LVU267
 820 0206 B3F5803F 		cmp	r3, #65536
 821 020a 23D3     		bcc	.L83
1680:./lwip-2.1.2/src/api/api_msg.c ****         apiflags |= TCP_WRITE_FLAG_MORE;
 822              		.loc 1 1680 9 is_stmt 1 view .LVU268
 823              	.LVL65:
1681:./lwip-2.1.2/src/api/api_msg.c ****       } else {
 824              		.loc 1 1681 9 view .LVU269
 825              		.loc 1 1686 10 is_stmt 0 view .LVU270
 826 020c 4C45     		cmp	r4, r9
1681:./lwip-2.1.2/src/api/api_msg.c ****       } else {
 827              		.loc 1 1681 18 view .LVU271
 828 020e 4BF0020B 		orr	fp, fp, #2
 829              	.LVL66:
1685:./lwip-2.1.2/src/api/api_msg.c ****       if (available < len) {
 830              		.loc 1 1685 7 is_stmt 1 view .LVU272
 831              		.loc 1 1686 7 view .LVU273
 832              		.loc 1 1686 10 is_stmt 0 view .LVU274
 833 0212 29D0     		beq	.L85
 834              	.LVL67:
 835              	.L84:
1687:./lwip-2.1.2/src/api/api_msg.c ****         /* don't try to write more than sendbuf */
1688:./lwip-2.1.2/src/api/api_msg.c ****         len = available;
 836              		.loc 1 1688 9 is_stmt 1 view .LVU275
1689:./lwip-2.1.2/src/api/api_msg.c ****         if (dontblock) {
 837              		.loc 1 1689 9 view .LVU276
 838              		.loc 1 1689 12 is_stmt 0 view .LVU277
 839 0214 B8F1000F 		cmp	r8, #0
 840 0218 63D0     		beq	.L87
1690:./lwip-2.1.2/src/api/api_msg.c ****           if (!len) {
 841              		.loc 1 1690 11 is_stmt 1 view .LVU278
 842              		.loc 1 1690 14 is_stmt 0 view .LVU279
 843 021a 002C     		cmp	r4, #0
 844 021c 6DD0     		beq	.L164
 845              	.L88:
 846              	.LVL68:
1691:./lwip-2.1.2/src/api/api_msg.c ****             /* set error according to partial write or not */
1692:./lwip-2.1.2/src/api/api_msg.c ****             err = (conn->current_msg->msg.w.offset == 0) ? ERR_WOULDBLOCK : ERR_OK;
1693:./lwip-2.1.2/src/api/api_msg.c ****             goto err_mem;
1694:./lwip-2.1.2/src/api/api_msg.c ****           }
1695:./lwip-2.1.2/src/api/api_msg.c ****         } else {
1696:./lwip-2.1.2/src/api/api_msg.c ****           apiflags |= TCP_WRITE_FLAG_MORE;
1697:./lwip-2.1.2/src/api/api_msg.c ****         }
1698:./lwip-2.1.2/src/api/api_msg.c ****       }
1699:./lwip-2.1.2/src/api/api_msg.c ****       LWIP_ASSERT("lwip_netconn_do_writemore: invalid length!",
1700:./lwip-2.1.2/src/api/api_msg.c ****                   ((conn->current_msg->msg.w.vector_off + len) <= conn->current_msg->msg.w.vector->
1701:./lwip-2.1.2/src/api/api_msg.c ****       /* we should loop around for more sending in the following cases:
1702:./lwip-2.1.2/src/api/api_msg.c ****            1) We couldn't finish the current vector because of 16-bit size limitations.
1703:./lwip-2.1.2/src/api/api_msg.c ****               tcp_write() and tcp_sndbuf() both are limited to 16-bit sizes
1704:./lwip-2.1.2/src/api/api_msg.c ****            2) We are sending the remainder of the current vector and have more */
1705:./lwip-2.1.2/src/api/api_msg.c ****       if ((len == 0xffff && diff > 0xffffUL) ||
 847              		.loc 1 1705 46 discriminator 1 view .LVU280
 848 021e 9BB2     		uxth	r3, r3
 849              	.LVL69:
 850              		.loc 1 1705 46 discriminator 1 view .LVU281
 851 0220 A342     		cmp	r3, r4
 852 0222 00F0D280 		beq	.L165
 853              	.L155:
1706:./lwip-2.1.2/src/api/api_msg.c ****           (len == (u16_t)diff && conn->current_msg->msg.w.vector_cnt > 1)) {
1707:./lwip-2.1.2/src/api/api_msg.c ****         write_more = 1;
1708:./lwip-2.1.2/src/api/api_msg.c ****         apiflags |= TCP_WRITE_FLAG_MORE;
1709:./lwip-2.1.2/src/api/api_msg.c ****       } else {
1710:./lwip-2.1.2/src/api/api_msg.c ****         write_more = 0;
1711:./lwip-2.1.2/src/api/api_msg.c ****       }
1712:./lwip-2.1.2/src/api/api_msg.c ****       err = tcp_write(conn->pcb.tcp, dataptr, len, apiflags);
 854              		.loc 1 1712 13 view .LVU282
 855 0226 5B46     		mov	r3, fp
 856 0228 2246     		mov	r2, r4
 857 022a FFF7FEFF 		bl	tcp_write
 858              	.LVL70:
1710:./lwip-2.1.2/src/api/api_msg.c ****       }
 859              		.loc 1 1710 20 view .LVU283
 860 022e 0027     		movs	r7, #0
 861              	.LVL71:
 862              		.loc 1 1712 7 is_stmt 1 view .LVU284
1713:./lwip-2.1.2/src/api/api_msg.c ****       if (err == ERR_OK) {
 863              		.loc 1 1713 7 view .LVU285
 864              		.loc 1 1713 10 is_stmt 0 view .LVU286
 865 0230 0546     		mov	r5, r0
 866 0232 08B3     		cbz	r0, .L166
 867              	.L91:
1714:./lwip-2.1.2/src/api/api_msg.c ****         conn->current_msg->msg.w.offset += len;
1715:./lwip-2.1.2/src/api/api_msg.c ****         conn->current_msg->msg.w.vector_off += len;
1716:./lwip-2.1.2/src/api/api_msg.c ****         /* check if current vector is finished */
1717:./lwip-2.1.2/src/api/api_msg.c ****         if (conn->current_msg->msg.w.vector_off == conn->current_msg->msg.w.vector->len) {
1718:./lwip-2.1.2/src/api/api_msg.c ****           conn->current_msg->msg.w.vector_cnt--;
1719:./lwip-2.1.2/src/api/api_msg.c ****           /* if we have additional vectors, move on to them */
1720:./lwip-2.1.2/src/api/api_msg.c ****           if (conn->current_msg->msg.w.vector_cnt > 0) {
1721:./lwip-2.1.2/src/api/api_msg.c ****             conn->current_msg->msg.w.vector++;
1722:./lwip-2.1.2/src/api/api_msg.c ****             conn->current_msg->msg.w.vector_off = 0;
1723:./lwip-2.1.2/src/api/api_msg.c ****           }
1724:./lwip-2.1.2/src/api/api_msg.c ****         }
1725:./lwip-2.1.2/src/api/api_msg.c ****       }
1726:./lwip-2.1.2/src/api/api_msg.c ****     } while (write_more && err == ERR_OK);
1727:./lwip-2.1.2/src/api/api_msg.c ****     /* if OK or memory error, check available space */
1728:./lwip-2.1.2/src/api/api_msg.c ****     if ((err == ERR_OK) || (err == ERR_MEM)) {
 868              		.loc 1 1728 5 is_stmt 1 view .LVU287
 869              		.loc 1 1728 25 is_stmt 0 view .LVU288
 870 0234 431C     		adds	r3, r0, #1
 871              		.loc 1 1728 8 view .LVU289
 872 0236 DBB2     		uxtb	r3, r3
 873 0238 012B     		cmp	r3, #1
 874 023a 55D9     		bls	.L123
 875              	.LVL72:
 876              	.L158:
 877              	.LBB62:
1729:./lwip-2.1.2/src/api/api_msg.c **** err_mem:
1730:./lwip-2.1.2/src/api/api_msg.c ****       if (dontblock && (conn->current_msg->msg.w.offset < conn->current_msg->msg.w.len)) {
1731:./lwip-2.1.2/src/api/api_msg.c ****         /* non-blocking write did not write everything: mark the pcb non-writable
1732:./lwip-2.1.2/src/api/api_msg.c ****            and let poll_tcp check writable space to mark the pcb writable again */
1733:./lwip-2.1.2/src/api/api_msg.c ****         API_EVENT(conn, NETCONN_EVT_SENDMINUS, 0);
1734:./lwip-2.1.2/src/api/api_msg.c ****         conn->flags |= NETCONN_FLAG_CHECK_WRITESPACE;
1735:./lwip-2.1.2/src/api/api_msg.c ****       } else if ((tcp_sndbuf(conn->pcb.tcp) <= TCP_SNDLOWAT) ||
1736:./lwip-2.1.2/src/api/api_msg.c ****                  (tcp_sndqueuelen(conn->pcb.tcp) >= TCP_SNDQUEUELOWAT)) {
1737:./lwip-2.1.2/src/api/api_msg.c ****         /* The queued byte- or pbuf-count exceeds the configured low-water limit,
1738:./lwip-2.1.2/src/api/api_msg.c ****            let select mark this pcb as non-writable. */
1739:./lwip-2.1.2/src/api/api_msg.c ****         API_EVENT(conn, NETCONN_EVT_SENDMINUS, 0);
1740:./lwip-2.1.2/src/api/api_msg.c ****       }
1741:./lwip-2.1.2/src/api/api_msg.c ****     }
1742:./lwip-2.1.2/src/api/api_msg.c **** 
1743:./lwip-2.1.2/src/api/api_msg.c ****     if (err == ERR_OK) {
1744:./lwip-2.1.2/src/api/api_msg.c ****       err_t out_err;
1745:./lwip-2.1.2/src/api/api_msg.c ****       if ((conn->current_msg->msg.w.offset == conn->current_msg->msg.w.len) || dontblock) {
1746:./lwip-2.1.2/src/api/api_msg.c ****         /* return sent length (caller reads length from msg.w.offset) */
1747:./lwip-2.1.2/src/api/api_msg.c ****         write_finished = 1;
1748:./lwip-2.1.2/src/api/api_msg.c ****       }
1749:./lwip-2.1.2/src/api/api_msg.c ****       out_err = tcp_output(conn->pcb.tcp);
1750:./lwip-2.1.2/src/api/api_msg.c ****       if (out_err == ERR_RTE) {
1751:./lwip-2.1.2/src/api/api_msg.c ****         /* If tcp_output fails because no route is found,
1752:./lwip-2.1.2/src/api/api_msg.c ****            don't try writing any more but return the error
1753:./lwip-2.1.2/src/api/api_msg.c ****            to the application thread. */
1754:./lwip-2.1.2/src/api/api_msg.c ****         err = out_err;
1755:./lwip-2.1.2/src/api/api_msg.c ****         write_finished = 1;
1756:./lwip-2.1.2/src/api/api_msg.c ****       }
1757:./lwip-2.1.2/src/api/api_msg.c ****     } else if (err == ERR_MEM) {
1758:./lwip-2.1.2/src/api/api_msg.c ****       /* If ERR_MEM, we wait for sent_tcp or poll_tcp to be called.
1759:./lwip-2.1.2/src/api/api_msg.c ****          For blocking sockets, we do NOT return to the application
1760:./lwip-2.1.2/src/api/api_msg.c ****          thread, since ERR_MEM is only a temporary error! Non-blocking
1761:./lwip-2.1.2/src/api/api_msg.c ****          will remain non-writable until sent_tcp/poll_tcp is called */
1762:./lwip-2.1.2/src/api/api_msg.c **** 
1763:./lwip-2.1.2/src/api/api_msg.c ****       /* tcp_write returned ERR_MEM, try tcp_output anyway */
1764:./lwip-2.1.2/src/api/api_msg.c ****       err_t out_err = tcp_output(conn->pcb.tcp);
1765:./lwip-2.1.2/src/api/api_msg.c ****       if (out_err == ERR_RTE) {
1766:./lwip-2.1.2/src/api/api_msg.c ****         /* If tcp_output fails because no route is found,
1767:./lwip-2.1.2/src/api/api_msg.c ****            don't try writing any more but return the error
1768:./lwip-2.1.2/src/api/api_msg.c ****            to the application thread. */
1769:./lwip-2.1.2/src/api/api_msg.c ****         err = out_err;
1770:./lwip-2.1.2/src/api/api_msg.c ****         write_finished = 1;
1771:./lwip-2.1.2/src/api/api_msg.c ****       } else if (dontblock) {
1772:./lwip-2.1.2/src/api/api_msg.c ****         /* non-blocking write is done on ERR_MEM, set error according
1773:./lwip-2.1.2/src/api/api_msg.c ****            to partial write or not */
1774:./lwip-2.1.2/src/api/api_msg.c ****         err = (conn->current_msg->msg.w.offset == 0) ? ERR_WOULDBLOCK : ERR_OK;
 878              		.loc 1 1774 20 view .LVU290
 879 023c 336A     		ldr	r3, [r6, #32]
 880              	.L97:
 881              		.loc 1 1774 20 view .LVU291
 882              	.LBE62:
 883              	.LBB63:
1775:./lwip-2.1.2/src/api/api_msg.c ****         write_finished = 1;
1776:./lwip-2.1.2/src/api/api_msg.c ****       }
1777:./lwip-2.1.2/src/api/api_msg.c ****     } else {
1778:./lwip-2.1.2/src/api/api_msg.c ****       /* On errors != ERR_MEM, we don't try writing any more but return
1779:./lwip-2.1.2/src/api/api_msg.c ****          the error to the application thread. */
1780:./lwip-2.1.2/src/api/api_msg.c ****       write_finished = 1;
1781:./lwip-2.1.2/src/api/api_msg.c ****     }
1782:./lwip-2.1.2/src/api/api_msg.c ****   }
1783:./lwip-2.1.2/src/api/api_msg.c ****   if (write_finished) {
1784:./lwip-2.1.2/src/api/api_msg.c ****     /* everything was written: set back connection state
1785:./lwip-2.1.2/src/api/api_msg.c ****        and back to application task */
1786:./lwip-2.1.2/src/api/api_msg.c ****     sys_sem_t *op_completed_sem = LWIP_API_MSG_SEM(conn->current_msg);
 884              		.loc 1 1786 5 is_stmt 1 view .LVU292
 885              		.loc 1 1786 35 is_stmt 0 view .LVU293
 886 023e 1868     		ldr	r0, [r3]
 887              	.LVL73:
1787:./lwip-2.1.2/src/api/api_msg.c ****     conn->current_msg->err = err;
 888              		.loc 1 1787 5 is_stmt 1 view .LVU294
 889              		.loc 1 1787 28 is_stmt 0 view .LVU295
 890 0240 1D71     		strb	r5, [r3, #4]
1788:./lwip-2.1.2/src/api/api_msg.c ****     conn->current_msg = NULL;
 891              		.loc 1 1788 5 is_stmt 1 view .LVU296
 892              		.loc 1 1788 23 is_stmt 0 view .LVU297
 893 0242 0023     		movs	r3, #0
 894 0244 3362     		str	r3, [r6, #32]
1789:./lwip-2.1.2/src/api/api_msg.c ****     conn->state = NETCONN_NONE;
 895              		.loc 1 1789 5 is_stmt 1 view .LVU298
 896              		.loc 1 1789 17 is_stmt 0 view .LVU299
 897 0246 7370     		strb	r3, [r6, #1]
1790:./lwip-2.1.2/src/api/api_msg.c **** #if LWIP_TCPIP_CORE_LOCKING
1791:./lwip-2.1.2/src/api/api_msg.c ****     if (delayed)
 898              		.loc 1 1791 5 is_stmt 1 view .LVU300
 899              		.loc 1 1791 8 is_stmt 0 view .LVU301
 900 0248 BAF1000F 		cmp	r10, #0
 901 024c 51D1     		bne	.L115
 902              	.LVL74:
 903              	.L116:
 904              		.loc 1 1791 8 view .LVU302
 905              	.LBE63:
1792:./lwip-2.1.2/src/api/api_msg.c **** #endif
1793:./lwip-2.1.2/src/api/api_msg.c ****     {
1794:./lwip-2.1.2/src/api/api_msg.c ****       sys_sem_signal(op_completed_sem);
1795:./lwip-2.1.2/src/api/api_msg.c ****     }
1796:./lwip-2.1.2/src/api/api_msg.c ****   }
1797:./lwip-2.1.2/src/api/api_msg.c **** #if LWIP_TCPIP_CORE_LOCKING
1798:./lwip-2.1.2/src/api/api_msg.c ****   else {
1799:./lwip-2.1.2/src/api/api_msg.c ****     return ERR_MEM;
1800:./lwip-2.1.2/src/api/api_msg.c ****   }
1801:./lwip-2.1.2/src/api/api_msg.c **** #endif
1802:./lwip-2.1.2/src/api/api_msg.c ****   return ERR_OK;
 906              		.loc 1 1802 10 view .LVU303
 907 024e 0020     		movs	r0, #0
 908              	.LVL75:
 909              	.L152:
1803:./lwip-2.1.2/src/api/api_msg.c **** }
 910              		.loc 1 1803 1 view .LVU304
 911 0250 BDE8F88F 		pop	{r3, r4, r5, r6, r7, r8, r9, r10, fp, pc}
 912              	.LVL76:
 913              	.L83:
1683:./lwip-2.1.2/src/api/api_msg.c ****       }
 914              		.loc 1 1683 9 is_stmt 1 view .LVU305
1683:./lwip-2.1.2/src/api/api_msg.c ****       }
 915              		.loc 1 1683 13 is_stmt 0 view .LVU306
 916 0254 9AB2     		uxth	r2, r3
 917              	.LVL77:
1685:./lwip-2.1.2/src/api/api_msg.c ****       if (available < len) {
 918              		.loc 1 1685 7 is_stmt 1 view .LVU307
1686:./lwip-2.1.2/src/api/api_msg.c ****         /* don't try to write more than sendbuf */
 919              		.loc 1 1686 7 view .LVU308
1686:./lwip-2.1.2/src/api/api_msg.c ****         /* don't try to write more than sendbuf */
 920              		.loc 1 1686 10 is_stmt 0 view .LVU309
 921 0256 A242     		cmp	r2, r4
 922 0258 DCD8     		bhi	.L84
 923              	.LVL78:
 924              	.L86:
1706:./lwip-2.1.2/src/api/api_msg.c ****         write_more = 1;
 925              		.loc 1 1706 31 view .LVU310
 926 025a BCF80C30 		ldrh	r3, [ip, #12]
 927 025e 012B     		cmp	r3, #1
 928 0260 45D9     		bls	.L122
1708:./lwip-2.1.2/src/api/api_msg.c ****       } else {
 929              		.loc 1 1708 18 view .LVU311
 930 0262 4BF0020B 		orr	fp, fp, #2
 931 0266 1446     		mov	r4, r2
 932              	.L85:
1707:./lwip-2.1.2/src/api/api_msg.c ****         apiflags |= TCP_WRITE_FLAG_MORE;
 933              		.loc 1 1707 9 is_stmt 1 view .LVU312
 934              	.LVL79:
1708:./lwip-2.1.2/src/api/api_msg.c ****       } else {
 935              		.loc 1 1708 9 view .LVU313
1712:./lwip-2.1.2/src/api/api_msg.c ****       if (err == ERR_OK) {
 936              		.loc 1 1712 13 is_stmt 0 view .LVU314
 937 0268 5B46     		mov	r3, fp
 938 026a 2246     		mov	r2, r4
 939 026c FFF7FEFF 		bl	tcp_write
 940              	.LVL80:
1707:./lwip-2.1.2/src/api/api_msg.c ****         apiflags |= TCP_WRITE_FLAG_MORE;
 941              		.loc 1 1707 20 view .LVU315
 942 0270 0127     		movs	r7, #1
 943              	.LVL81:
1712:./lwip-2.1.2/src/api/api_msg.c ****       if (err == ERR_OK) {
 944              		.loc 1 1712 7 is_stmt 1 view .LVU316
1713:./lwip-2.1.2/src/api/api_msg.c ****         conn->current_msg->msg.w.offset += len;
 945              		.loc 1 1713 7 view .LVU317
1713:./lwip-2.1.2/src/api/api_msg.c ****         conn->current_msg->msg.w.offset += len;
 946              		.loc 1 1713 10 is_stmt 0 view .LVU318
 947 0272 0546     		mov	r5, r0
 948 0274 0028     		cmp	r0, #0
 949 0276 DDD1     		bne	.L91
 950              	.L166:
1714:./lwip-2.1.2/src/api/api_msg.c ****         conn->current_msg->msg.w.vector_off += len;
 951              		.loc 1 1714 9 is_stmt 1 view .LVU319
1714:./lwip-2.1.2/src/api/api_msg.c ****         conn->current_msg->msg.w.vector_off += len;
 952              		.loc 1 1714 13 is_stmt 0 view .LVU320
 953 0278 D6F820C0 		ldr	ip, [r6, #32]
1714:./lwip-2.1.2/src/api/api_msg.c ****         conn->current_msg->msg.w.vector_off += len;
 954              		.loc 1 1714 41 view .LVU321
 955 027c DCF81830 		ldr	r3, [ip, #24]
1715:./lwip-2.1.2/src/api/api_msg.c ****         /* check if current vector is finished */
 956              		.loc 1 1715 45 view .LVU322
 957 0280 DCF81020 		ldr	r2, [ip, #16]
1714:./lwip-2.1.2/src/api/api_msg.c ****         conn->current_msg->msg.w.vector_off += len;
 958              		.loc 1 1714 41 view .LVU323
 959 0284 2344     		add	r3, r3, r4
1717:./lwip-2.1.2/src/api/api_msg.c ****           conn->current_msg->msg.w.vector_cnt--;
 960              		.loc 1 1717 76 view .LVU324
 961 0286 DCF80810 		ldr	r1, [ip, #8]
1715:./lwip-2.1.2/src/api/api_msg.c ****         /* check if current vector is finished */
 962              		.loc 1 1715 45 view .LVU325
 963 028a 1444     		add	r4, r4, r2
1714:./lwip-2.1.2/src/api/api_msg.c ****         conn->current_msg->msg.w.vector_off += len;
 964              		.loc 1 1714 41 view .LVU326
 965 028c CCF81830 		str	r3, [ip, #24]
1715:./lwip-2.1.2/src/api/api_msg.c ****         /* check if current vector is finished */
 966              		.loc 1 1715 9 is_stmt 1 view .LVU327
1717:./lwip-2.1.2/src/api/api_msg.c ****           conn->current_msg->msg.w.vector_cnt--;
 967              		.loc 1 1717 12 is_stmt 0 view .LVU328
 968 0290 4B68     		ldr	r3, [r1, #4]
1715:./lwip-2.1.2/src/api/api_msg.c ****         /* check if current vector is finished */
 969              		.loc 1 1715 45 view .LVU329
 970 0292 CCF81040 		str	r4, [ip, #16]
1717:./lwip-2.1.2/src/api/api_msg.c ****           conn->current_msg->msg.w.vector_cnt--;
 971              		.loc 1 1717 9 is_stmt 1 view .LVU330
1717:./lwip-2.1.2/src/api/api_msg.c ****           conn->current_msg->msg.w.vector_cnt--;
 972              		.loc 1 1717 12 is_stmt 0 view .LVU331
 973 0296 9C42     		cmp	r4, r3
 974 0298 13D0     		beq	.L167
 975              	.L93:
1726:./lwip-2.1.2/src/api/api_msg.c ****     /* if OK or memory error, check available space */
 976              		.loc 1 1726 25 is_stmt 1 view .LVU332
 977 029a 002F     		cmp	r7, #0
 978 029c A8D1     		bne	.L95
 979              	.L96:
 980              	.LVL82:
1730:./lwip-2.1.2/src/api/api_msg.c ****         /* non-blocking write did not write everything: mark the pcb non-writable
 981              		.loc 1 1730 7 view .LVU333
1730:./lwip-2.1.2/src/api/api_msg.c ****         /* non-blocking write did not write everything: mark the pcb non-writable
 982              		.loc 1 1730 10 is_stmt 0 view .LVU334
 983 029e B8F1000F 		cmp	r8, #0
 984 02a2 51D1     		bne	.L168
 985              	.LVL83:
 986              	.L98:
1735:./lwip-2.1.2/src/api/api_msg.c ****                  (tcp_sndqueuelen(conn->pcb.tcp) >= TCP_SNDQUEUELOWAT)) {
 987              		.loc 1 1735 14 is_stmt 1 view .LVU335
1735:./lwip-2.1.2/src/api/api_msg.c ****                  (tcp_sndqueuelen(conn->pcb.tcp) >= TCP_SNDQUEUELOWAT)) {
 988              		.loc 1 1735 19 is_stmt 0 view .LVU336
 989 02a4 7068     		ldr	r0, [r6, #4]
1735:./lwip-2.1.2/src/api/api_msg.c ****                  (tcp_sndqueuelen(conn->pcb.tcp) >= TCP_SNDQUEUELOWAT)) {
 990              		.loc 1 1735 17 view .LVU337
 991 02a6 B0F86430 		ldrh	r3, [r0, #100]
 992 02aa B3F5866F 		cmp	r3, #1072
 993 02ae 66D3     		bcc	.L103
1735:./lwip-2.1.2/src/api/api_msg.c ****                  (tcp_sndqueuelen(conn->pcb.tcp) >= TCP_SNDQUEUELOWAT)) {
 994              		.loc 1 1735 62 discriminator 1 view .LVU338
 995 02b0 B0F86630 		ldrh	r3, [r0, #102]
 996 02b4 042B     		cmp	r3, #4
 997 02b6 62D8     		bhi	.L103
 998              	.L160:
 999              	.LVL84:
1739:./lwip-2.1.2/src/api/api_msg.c ****       }
 1000              		.loc 1 1739 50 is_stmt 1 discriminator 3 view .LVU339
1743:./lwip-2.1.2/src/api/api_msg.c ****       err_t out_err;
 1001              		.loc 1 1743 5 view .LVU340
1743:./lwip-2.1.2/src/api/api_msg.c ****       err_t out_err;
 1002              		.loc 1 1743 8 is_stmt 0 view .LVU341
 1003 02b8 002D     		cmp	r5, #0
 1004 02ba 72D1     		bne	.L106
 1005 02bc D6F820C0 		ldr	ip, [r6, #32]
 1006 02c0 32E0     		b	.L105
 1007              	.LVL85:
 1008              	.L167:
1718:./lwip-2.1.2/src/api/api_msg.c ****           /* if we have additional vectors, move on to them */
 1009              		.loc 1 1718 11 is_stmt 1 view .LVU342
1718:./lwip-2.1.2/src/api/api_msg.c ****           /* if we have additional vectors, move on to them */
 1010              		.loc 1 1718 46 is_stmt 0 view .LVU343
 1011 02c2 BCF80C30 		ldrh	r3, [ip, #12]
 1012 02c6 013B     		subs	r3, r3, #1
 1013 02c8 9BB2     		uxth	r3, r3
 1014 02ca ACF80C30 		strh	r3, [ip, #12]	@ movhi
1720:./lwip-2.1.2/src/api/api_msg.c ****             conn->current_msg->msg.w.vector++;
 1015              		.loc 1 1720 11 is_stmt 1 view .LVU344
1720:./lwip-2.1.2/src/api/api_msg.c ****             conn->current_msg->msg.w.vector++;
 1016              		.loc 1 1720 14 is_stmt 0 view .LVU345
 1017 02ce 002B     		cmp	r3, #0
 1018 02d0 E3D0     		beq	.L93
1721:./lwip-2.1.2/src/api/api_msg.c ****             conn->current_msg->msg.w.vector_off = 0;
 1019              		.loc 1 1721 13 is_stmt 1 view .LVU346
1721:./lwip-2.1.2/src/api/api_msg.c ****             conn->current_msg->msg.w.vector_off = 0;
 1020              		.loc 1 1721 44 is_stmt 0 view .LVU347
 1021 02d2 0831     		adds	r1, r1, #8
1722:./lwip-2.1.2/src/api/api_msg.c ****           }
 1022              		.loc 1 1722 49 view .LVU348
 1023 02d4 CCF81000 		str	r0, [ip, #16]
1721:./lwip-2.1.2/src/api/api_msg.c ****             conn->current_msg->msg.w.vector_off = 0;
 1024              		.loc 1 1721 44 view .LVU349
 1025 02d8 CCF80810 		str	r1, [ip, #8]
1722:./lwip-2.1.2/src/api/api_msg.c ****           }
 1026              		.loc 1 1722 13 is_stmt 1 view .LVU350
1726:./lwip-2.1.2/src/api/api_msg.c ****     /* if OK or memory error, check available space */
 1027              		.loc 1 1726 25 view .LVU351
 1028 02dc 002F     		cmp	r7, #0
 1029 02de 87D1     		bne	.L95
 1030 02e0 DDE7     		b	.L96
 1031              	.LVL86:
 1032              	.L87:
1696:./lwip-2.1.2/src/api/api_msg.c ****         }
 1033              		.loc 1 1696 11 view .LVU352
1696:./lwip-2.1.2/src/api/api_msg.c ****         }
 1034              		.loc 1 1696 20 is_stmt 0 view .LVU353
 1035 02e2 4BF0020B 		orr	fp, fp, #2
 1036              	.LVL87:
1700:./lwip-2.1.2/src/api/api_msg.c ****       /* we should loop around for more sending in the following cases:
 1037              		.loc 1 1700 105 is_stmt 1 view .LVU354
1705:./lwip-2.1.2/src/api/api_msg.c ****           (len == (u16_t)diff && conn->current_msg->msg.w.vector_cnt > 1)) {
 1038              		.loc 1 1705 7 view .LVU355
 1039 02e6 9AE7     		b	.L88
 1040              	.LVL88:
 1041              	.L123:
1729:./lwip-2.1.2/src/api/api_msg.c ****       if (dontblock && (conn->current_msg->msg.w.offset < conn->current_msg->msg.w.len)) {
 1042              		.loc 1 1729 1 is_stmt 0 view .LVU356
 1043 02e8 4FF0FF35 		mov	r5, #-1
 1044 02ec D7E7     		b	.L96
 1045              	.LVL89:
 1046              	.L122:
1729:./lwip-2.1.2/src/api/api_msg.c ****       if (dontblock && (conn->current_msg->msg.w.offset < conn->current_msg->msg.w.len)) {
 1047              		.loc 1 1729 1 view .LVU357
 1048 02ee 1446     		mov	r4, r2
 1049 02f0 99E7     		b	.L155
 1050              	.LVL90:
 1051              	.L115:
 1052              	.LBB64:
1794:./lwip-2.1.2/src/api/api_msg.c ****     }
 1053              		.loc 1 1794 7 is_stmt 1 view .LVU358
 1054 02f2 0C30     		adds	r0, r0, #12
 1055              	.LVL91:
1794:./lwip-2.1.2/src/api/api_msg.c ****     }
 1056              		.loc 1 1794 7 is_stmt 0 view .LVU359
 1057 02f4 FFF7FEFF 		bl	sys_sem_signal
 1058              	.LVL92:
1794:./lwip-2.1.2/src/api/api_msg.c ****     }
 1059              		.loc 1 1794 7 view .LVU360
 1060 02f8 A9E7     		b	.L116
 1061              	.LVL93:
 1062              	.L164:
1794:./lwip-2.1.2/src/api/api_msg.c ****     }
 1063              		.loc 1 1794 7 view .LVU361
 1064              	.LBE64:
1692:./lwip-2.1.2/src/api/api_msg.c ****             goto err_mem;
 1065              		.loc 1 1692 13 is_stmt 1 view .LVU362
1692:./lwip-2.1.2/src/api/api_msg.c ****             goto err_mem;
 1066              		.loc 1 1692 44 is_stmt 0 view .LVU363
 1067 02fa DCF81830 		ldr	r3, [ip, #24]
 1068              	.LVL94:
1730:./lwip-2.1.2/src/api/api_msg.c ****         /* non-blocking write did not write everything: mark the pcb non-writable
 1069              		.loc 1 1730 21 discriminator 1 view .LVU364
 1070 02fe DCF81420 		ldr	r2, [ip, #20]
1692:./lwip-2.1.2/src/api/api_msg.c ****             goto err_mem;
 1071              		.loc 1 1692 17 discriminator 1 view .LVU365
 1072 0302 002B     		cmp	r3, #0
 1073 0304 14BF     		ite	ne
 1074 0306 0025     		movne	r5, #0
 1075 0308 6FF00605 		mvneq	r5, #6
1730:./lwip-2.1.2/src/api/api_msg.c ****         /* non-blocking write did not write everything: mark the pcb non-writable
 1076              		.loc 1 1730 21 discriminator 1 view .LVU366
 1077 030c 9A42     		cmp	r2, r3
 1078 030e 21D8     		bhi	.L118
1735:./lwip-2.1.2/src/api/api_msg.c ****                  (tcp_sndqueuelen(conn->pcb.tcp) >= TCP_SNDQUEUELOWAT)) {
 1079              		.loc 1 1735 14 is_stmt 1 view .LVU367
1739:./lwip-2.1.2/src/api/api_msg.c ****       }
 1080              		.loc 1 1739 9 view .LVU368
 1081 0310 736A     		ldr	r3, [r6, #36]
 1082 0312 002B     		cmp	r3, #0
 1083 0314 56D0     		beq	.L169
1739:./lwip-2.1.2/src/api/api_msg.c ****       }
 1084              		.loc 1 1739 9 discriminator 1 view .LVU369
 1085 0316 0022     		movs	r2, #0
 1086 0318 0321     		movs	r1, #3
 1087              	.LVL95:
1739:./lwip-2.1.2/src/api/api_msg.c ****       }
 1088              		.loc 1 1739 9 is_stmt 0 discriminator 1 view .LVU370
 1089 031a 3046     		mov	r0, r6
 1090 031c 9847     		blx	r3
 1091              	.LVL96:
1739:./lwip-2.1.2/src/api/api_msg.c ****       }
 1092              		.loc 1 1739 50 is_stmt 1 discriminator 3 view .LVU371
1743:./lwip-2.1.2/src/api/api_msg.c ****       err_t out_err;
 1093              		.loc 1 1743 5 view .LVU372
1743:./lwip-2.1.2/src/api/api_msg.c ****       err_t out_err;
 1094              		.loc 1 1743 8 is_stmt 0 view .LVU373
 1095 031e 002D     		cmp	r5, #0
 1096 0320 36D1     		bne	.L100
 1097              	.LVL97:
 1098              	.L170:
1743:./lwip-2.1.2/src/api/api_msg.c ****       err_t out_err;
 1099              		.loc 1 1743 8 view .LVU374
 1100 0322 D6F820C0 		ldr	ip, [r6, #32]
 1101 0326 7068     		ldr	r0, [r6, #4]
 1102              	.L105:
 1103              	.LBB65:
1744:./lwip-2.1.2/src/api/api_msg.c ****       if ((conn->current_msg->msg.w.offset == conn->current_msg->msg.w.len) || dontblock) {
 1104              		.loc 1 1744 7 is_stmt 1 view .LVU375
1745:./lwip-2.1.2/src/api/api_msg.c ****         /* return sent length (caller reads length from msg.w.offset) */
 1105              		.loc 1 1745 7 view .LVU376
1745:./lwip-2.1.2/src/api/api_msg.c ****         /* return sent length (caller reads length from msg.w.offset) */
 1106              		.loc 1 1745 10 is_stmt 0 view .LVU377
 1107 0328 DCE90532 		ldrd	r3, r2, [ip, #20]
1745:./lwip-2.1.2/src/api/api_msg.c ****         /* return sent length (caller reads length from msg.w.offset) */
 1108              		.loc 1 1745 77 discriminator 1 view .LVU378
 1109 032c 9A42     		cmp	r2, r3
 1110 032e 1DD0     		beq	.L109
 1111 0330 B8F1000F 		cmp	r8, #0
 1112 0334 1AD1     		bne	.L109
1749:./lwip-2.1.2/src/api/api_msg.c ****       if (out_err == ERR_RTE) {
 1113              		.loc 1 1749 7 is_stmt 1 view .LVU379
1749:./lwip-2.1.2/src/api/api_msg.c ****       if (out_err == ERR_RTE) {
 1114              		.loc 1 1749 17 is_stmt 0 view .LVU380
 1115 0336 FFF7FEFF 		bl	tcp_output
 1116              	.LVL98:
1750:./lwip-2.1.2/src/api/api_msg.c ****         /* If tcp_output fails because no route is found,
 1117              		.loc 1 1750 10 view .LVU381
 1118 033a 021D     		adds	r2, r0, #4
1749:./lwip-2.1.2/src/api/api_msg.c ****       if (out_err == ERR_RTE) {
 1119              		.loc 1 1749 17 view .LVU382
 1120 033c 0546     		mov	r5, r0
 1121              	.LVL99:
1750:./lwip-2.1.2/src/api/api_msg.c ****         /* If tcp_output fails because no route is found,
 1122              		.loc 1 1750 7 is_stmt 1 view .LVU383
1750:./lwip-2.1.2/src/api/api_msg.c ****         /* If tcp_output fails because no route is found,
 1123              		.loc 1 1750 10 is_stmt 0 view .LVU384
 1124 033e 3FF47DAF 		beq	.L158
 1125              	.LVL100:
 1126              	.L114:
1750:./lwip-2.1.2/src/api/api_msg.c ****         /* If tcp_output fails because no route is found,
 1127              		.loc 1 1750 10 view .LVU385
 1128              	.LBE65:
1799:./lwip-2.1.2/src/api/api_msg.c ****   }
 1129              		.loc 1 1799 12 view .LVU386
 1130 0342 4FF0FF30 		mov	r0, #-1
 1131 0346 83E7     		b	.L152
 1132              	.LVL101:
 1133              	.L168:
1714:./lwip-2.1.2/src/api/api_msg.c ****         conn->current_msg->msg.w.vector_off += len;
 1134              		.loc 1 1714 13 view .LVU387
 1135 0348 D6F820C0 		ldr	ip, [r6, #32]
 1136              	.LVL102:
1730:./lwip-2.1.2/src/api/api_msg.c ****         /* non-blocking write did not write everything: mark the pcb non-writable
 1137              		.loc 1 1730 21 discriminator 1 view .LVU388
 1138 034c DCE90523 		ldrd	r2, r3, [ip, #20]
 1139 0350 9A42     		cmp	r2, r3
 1140 0352 A7D9     		bls	.L98
 1141              	.LVL103:
 1142              	.L118:
1733:./lwip-2.1.2/src/api/api_msg.c ****         conn->flags |= NETCONN_FLAG_CHECK_WRITESPACE;
 1143              		.loc 1 1733 9 is_stmt 1 view .LVU389
 1144 0354 736A     		ldr	r3, [r6, #36]
 1145 0356 1BB1     		cbz	r3, .L99
1733:./lwip-2.1.2/src/api/api_msg.c ****         conn->flags |= NETCONN_FLAG_CHECK_WRITESPACE;
 1146              		.loc 1 1733 9 discriminator 1 view .LVU390
 1147 0358 0022     		movs	r2, #0
 1148 035a 0321     		movs	r1, #3
 1149 035c 3046     		mov	r0, r6
 1150 035e 9847     		blx	r3
 1151              	.LVL104:
 1152              	.L99:
1733:./lwip-2.1.2/src/api/api_msg.c ****         conn->flags |= NETCONN_FLAG_CHECK_WRITESPACE;
 1153              		.loc 1 1733 50 discriminator 3 view .LVU391
1734:./lwip-2.1.2/src/api/api_msg.c ****       } else if ((tcp_sndbuf(conn->pcb.tcp) <= TCP_SNDLOWAT) ||
 1154              		.loc 1 1734 9 view .LVU392
1734:./lwip-2.1.2/src/api/api_msg.c ****       } else if ((tcp_sndbuf(conn->pcb.tcp) <= TCP_SNDLOWAT) ||
 1155              		.loc 1 1734 21 is_stmt 0 view .LVU393
 1156 0360 337F     		ldrb	r3, [r6, #28]	@ zero_extendqisi2
 1157 0362 43F01003 		orr	r3, r3, #16
 1158 0366 3377     		strb	r3, [r6, #28]
 1159              	.LVL105:
1739:./lwip-2.1.2/src/api/api_msg.c ****       }
 1160              		.loc 1 1739 50 is_stmt 1 discriminator 3 view .LVU394
1743:./lwip-2.1.2/src/api/api_msg.c ****       err_t out_err;
 1161              		.loc 1 1743 5 view .LVU395
1743:./lwip-2.1.2/src/api/api_msg.c ****       err_t out_err;
 1162              		.loc 1 1743 8 is_stmt 0 view .LVU396
 1163 0368 95B9     		cbnz	r5, .L100
 1164 036a 7068     		ldr	r0, [r6, #4]
 1165              	.L109:
 1166              	.LBB66:
1747:./lwip-2.1.2/src/api/api_msg.c ****       }
 1167              		.loc 1 1747 9 is_stmt 1 view .LVU397
 1168              	.LVL106:
1749:./lwip-2.1.2/src/api/api_msg.c ****       if (out_err == ERR_RTE) {
 1169              		.loc 1 1749 7 view .LVU398
1749:./lwip-2.1.2/src/api/api_msg.c ****       if (out_err == ERR_RTE) {
 1170              		.loc 1 1749 17 is_stmt 0 view .LVU399
 1171 036c FFF7FEFF 		bl	tcp_output
 1172              	.LVL107:
1750:./lwip-2.1.2/src/api/api_msg.c ****         /* If tcp_output fails because no route is found,
 1173              		.loc 1 1750 10 view .LVU400
 1174 0370 011D     		adds	r1, r0, #4
1749:./lwip-2.1.2/src/api/api_msg.c ****       if (out_err == ERR_RTE) {
 1175              		.loc 1 1749 17 view .LVU401
 1176 0372 0546     		mov	r5, r0
 1177              	.LVL108:
1750:./lwip-2.1.2/src/api/api_msg.c ****         /* If tcp_output fails because no route is found,
 1178              		.loc 1 1750 7 is_stmt 1 view .LVU402
1750:./lwip-2.1.2/src/api/api_msg.c ****         /* If tcp_output fails because no route is found,
 1179              		.loc 1 1750 10 is_stmt 0 view .LVU403
 1180 0374 3FF462AF 		beq	.L158
 1181              	.LVL109:
1750:./lwip-2.1.2/src/api/api_msg.c ****         /* If tcp_output fails because no route is found,
 1182              		.loc 1 1750 10 view .LVU404
 1183              	.LBE66:
1783:./lwip-2.1.2/src/api/api_msg.c ****     /* everything was written: set back connection state
 1184              		.loc 1 1783 3 is_stmt 1 view .LVU405
 1185              	.LBB67:
1786:./lwip-2.1.2/src/api/api_msg.c ****     conn->current_msg->err = err;
 1186              		.loc 1 1786 35 is_stmt 0 view .LVU406
 1187 0378 336A     		ldr	r3, [r6, #32]
 1188 037a 0025     		movs	r5, #0
 1189 037c 5FE7     		b	.L97
 1190              	.LVL110:
 1191              	.L103:
1786:./lwip-2.1.2/src/api/api_msg.c ****     conn->current_msg->err = err;
 1192              		.loc 1 1786 35 view .LVU407
 1193              	.LBE67:
1739:./lwip-2.1.2/src/api/api_msg.c ****       }
 1194              		.loc 1 1739 9 is_stmt 1 view .LVU408
 1195 037e 736A     		ldr	r3, [r6, #36]
 1196 0380 002B     		cmp	r3, #0
 1197 0382 99D0     		beq	.L160
1739:./lwip-2.1.2/src/api/api_msg.c ****       }
 1198              		.loc 1 1739 9 discriminator 1 view .LVU409
 1199 0384 0022     		movs	r2, #0
 1200 0386 0321     		movs	r1, #3
 1201 0388 3046     		mov	r0, r6
 1202 038a 9847     		blx	r3
 1203              	.LVL111:
1739:./lwip-2.1.2/src/api/api_msg.c ****       }
 1204              		.loc 1 1739 50 discriminator 3 view .LVU410
1743:./lwip-2.1.2/src/api/api_msg.c ****       err_t out_err;
 1205              		.loc 1 1743 5 view .LVU411
1743:./lwip-2.1.2/src/api/api_msg.c ****       err_t out_err;
 1206              		.loc 1 1743 8 is_stmt 0 view .LVU412
 1207 038c 002D     		cmp	r5, #0
 1208 038e C8D0     		beq	.L170
 1209              	.LVL112:
 1210              	.L100:
1757:./lwip-2.1.2/src/api/api_msg.c ****       /* If ERR_MEM, we wait for sent_tcp or poll_tcp to be called.
 1211              		.loc 1 1757 12 is_stmt 1 view .LVU413
1757:./lwip-2.1.2/src/api/api_msg.c ****       /* If ERR_MEM, we wait for sent_tcp or poll_tcp to be called.
 1212              		.loc 1 1757 15 is_stmt 0 view .LVU414
 1213 0390 0135     		adds	r5, r5, #1
 1214 0392 05D0     		beq	.L137
 1215 0394 D6F820C0 		ldr	ip, [r6, #32]
 1216              	.L108:
 1217              	.LBB68:
1786:./lwip-2.1.2/src/api/api_msg.c ****     conn->current_msg->err = err;
 1218              		.loc 1 1786 35 view .LVU415
 1219 0398 6346     		mov	r3, ip
 1220 039a 6FF00605 		mvn	r5, #6
 1221 039e 4EE7     		b	.L97
 1222              	.L137:
1786:./lwip-2.1.2/src/api/api_msg.c ****     conn->current_msg->err = err;
 1223              		.loc 1 1786 35 view .LVU416
 1224 03a0 7068     		ldr	r0, [r6, #4]
 1225              	.L106:
1786:./lwip-2.1.2/src/api/api_msg.c ****     conn->current_msg->err = err;
 1226              		.loc 1 1786 35 view .LVU417
 1227              	.LBE68:
 1228              	.LBB69:
1764:./lwip-2.1.2/src/api/api_msg.c ****       if (out_err == ERR_RTE) {
 1229              		.loc 1 1764 7 is_stmt 1 view .LVU418
1764:./lwip-2.1.2/src/api/api_msg.c ****       if (out_err == ERR_RTE) {
 1230              		.loc 1 1764 23 is_stmt 0 view .LVU419
 1231 03a2 FFF7FEFF 		bl	tcp_output
 1232              	.LVL113:
1765:./lwip-2.1.2/src/api/api_msg.c ****         /* If tcp_output fails because no route is found,
 1233              		.loc 1 1765 10 view .LVU420
 1234 03a6 031D     		adds	r3, r0, #4
1764:./lwip-2.1.2/src/api/api_msg.c ****       if (out_err == ERR_RTE) {
 1235              		.loc 1 1764 23 view .LVU421
 1236 03a8 0546     		mov	r5, r0
 1237              	.LVL114:
1765:./lwip-2.1.2/src/api/api_msg.c ****         /* If tcp_output fails because no route is found,
 1238              		.loc 1 1765 7 is_stmt 1 view .LVU422
1765:./lwip-2.1.2/src/api/api_msg.c ****         /* If tcp_output fails because no route is found,
 1239              		.loc 1 1765 10 is_stmt 0 view .LVU423
 1240 03aa 3FF447AF 		beq	.L158
1771:./lwip-2.1.2/src/api/api_msg.c ****         /* non-blocking write is done on ERR_MEM, set error according
 1241              		.loc 1 1771 14 is_stmt 1 view .LVU424
1771:./lwip-2.1.2/src/api/api_msg.c ****         /* non-blocking write is done on ERR_MEM, set error according
 1242              		.loc 1 1771 17 is_stmt 0 view .LVU425
 1243 03ae B8F1000F 		cmp	r8, #0
 1244 03b2 C6D0     		beq	.L114
1774:./lwip-2.1.2/src/api/api_msg.c ****         write_finished = 1;
 1245              		.loc 1 1774 9 is_stmt 1 view .LVU426
1774:./lwip-2.1.2/src/api/api_msg.c ****         write_finished = 1;
 1246              		.loc 1 1774 20 is_stmt 0 view .LVU427
 1247 03b4 336A     		ldr	r3, [r6, #32]
1774:./lwip-2.1.2/src/api/api_msg.c ****         write_finished = 1;
 1248              		.loc 1 1774 13 view .LVU428
 1249 03b6 9A69     		ldr	r2, [r3, #24]
1774:./lwip-2.1.2/src/api/api_msg.c ****         write_finished = 1;
 1250              		.loc 1 1774 13 discriminator 1 view .LVU429
 1251 03b8 002A     		cmp	r2, #0
 1252 03ba 14BF     		ite	ne
 1253 03bc 0025     		movne	r5, #0
 1254 03be 6FF00605 		mvneq	r5, #6
 1255 03c2 3CE7     		b	.L97
 1256              	.LVL115:
 1257              	.L169:
1774:./lwip-2.1.2/src/api/api_msg.c ****         write_finished = 1;
 1258              		.loc 1 1774 13 discriminator 1 view .LVU430
 1259              	.LBE69:
1739:./lwip-2.1.2/src/api/api_msg.c ****       }
 1260              		.loc 1 1739 50 is_stmt 1 discriminator 3 view .LVU431
1743:./lwip-2.1.2/src/api/api_msg.c ****       err_t out_err;
 1261              		.loc 1 1743 5 view .LVU432
1743:./lwip-2.1.2/src/api/api_msg.c ****       err_t out_err;
 1262              		.loc 1 1743 8 is_stmt 0 view .LVU433
 1263 03c4 002D     		cmp	r5, #0
 1264 03c6 AFD0     		beq	.L105
 1265 03c8 E6E7     		b	.L108
 1266              	.LVL116:
 1267              	.L165:
1743:./lwip-2.1.2/src/api/api_msg.c ****       err_t out_err;
 1268              		.loc 1 1743 8 view .LVU434
 1269 03ca 2246     		mov	r2, r4
 1270 03cc 45E7     		b	.L86
 1271              		.cfi_endproc
 1272              	.LFE194:
 1274              		.align	1
 1275 03ce 00BF     		.p2align 2,,3
 1276              		.syntax unified
 1277              		.thumb
 1278              		.thumb_func
 1280              	lwip_netconn_do_close_internal:
 1281              	.LVL117:
 1282              	.LFB184:
 921:./lwip-2.1.2/src/api/api_msg.c ****   err_t err;
 1283              		.loc 1 921 1 is_stmt 1 view -0
 1284              		.cfi_startproc
 1285              		@ args = 0, pretend = 0, frame = 0
 1286              		@ frame_needed = 0, uses_anonymous_args = 0
 922:./lwip-2.1.2/src/api/api_msg.c ****   u8_t shut, shut_rx, shut_tx, shut_close;
 1287              		.loc 1 922 3 view .LVU436
 923:./lwip-2.1.2/src/api/api_msg.c ****   u8_t close_finished = 0;
 1288              		.loc 1 923 3 view .LVU437
 924:./lwip-2.1.2/src/api/api_msg.c ****   struct tcp_pcb *tpcb;
 1289              		.loc 1 924 3 view .LVU438
 925:./lwip-2.1.2/src/api/api_msg.c **** #if LWIP_SO_LINGER
 1290              		.loc 1 925 3 view .LVU439
 930:./lwip-2.1.2/src/api/api_msg.c ****   LWIP_ASSERT("this is for tcp netconns only", (NETCONNTYPE_GROUP(conn->type) == NETCONN_TCP));
 1291              		.loc 1 930 46 view .LVU440
 931:./lwip-2.1.2/src/api/api_msg.c ****   LWIP_ASSERT("conn must be in state NETCONN_CLOSE", (conn->state == NETCONN_CLOSE));
 1292              		.loc 1 931 95 view .LVU441
 932:./lwip-2.1.2/src/api/api_msg.c ****   LWIP_ASSERT("pcb already closed", (conn->pcb.tcp != NULL));
 1293              		.loc 1 932 85 view .LVU442
 933:./lwip-2.1.2/src/api/api_msg.c ****   LWIP_ASSERT("conn->current_msg != NULL", conn->current_msg != NULL);
 1294              		.loc 1 933 61 view .LVU443
 934:./lwip-2.1.2/src/api/api_msg.c **** 
 1295              		.loc 1 934 70 view .LVU444
 936:./lwip-2.1.2/src/api/api_msg.c ****   shut = conn->current_msg->msg.sd.shut;
 1296              		.loc 1 936 3 view .LVU445
 921:./lwip-2.1.2/src/api/api_msg.c ****   err_t err;
 1297              		.loc 1 921 1 is_stmt 0 view .LVU446
 1298 03d0 2DE9F843 		push	{r3, r4, r5, r6, r7, r8, r9, lr}
 1299              	.LCFI18:
 1300              		.cfi_def_cfa_offset 32
 1301              		.cfi_offset 3, -32
 1302              		.cfi_offset 4, -28
 1303              		.cfi_offset 5, -24
 1304              		.cfi_offset 6, -20
 1305              		.cfi_offset 7, -16
 1306              		.cfi_offset 8, -12
 1307              		.cfi_offset 9, -8
 1308              		.cfi_offset 14, -4
 937:./lwip-2.1.2/src/api/api_msg.c ****   shut_rx = shut & NETCONN_SHUT_RD;
 1309              		.loc 1 937 8 view .LVU447
 1310 03d4 036A     		ldr	r3, [r0, #32]
 921:./lwip-2.1.2/src/api/api_msg.c ****   err_t err;
 1311              		.loc 1 921 1 view .LVU448
 1312 03d6 0446     		mov	r4, r0
 1313 03d8 0E46     		mov	r6, r1
 936:./lwip-2.1.2/src/api/api_msg.c ****   shut = conn->current_msg->msg.sd.shut;
 1314              		.loc 1 936 8 view .LVU449
 1315 03da 4568     		ldr	r5, [r0, #4]
 1316              	.LVL118:
 937:./lwip-2.1.2/src/api/api_msg.c ****   shut_rx = shut & NETCONN_SHUT_RD;
 1317              		.loc 1 937 3 is_stmt 1 view .LVU450
 937:./lwip-2.1.2/src/api/api_msg.c ****   shut_rx = shut & NETCONN_SHUT_RD;
 1318              		.loc 1 937 8 is_stmt 0 view .LVU451
 1319 03dc 1B7A     		ldrb	r3, [r3, #8]	@ zero_extendqisi2
 1320              	.LVL119:
 938:./lwip-2.1.2/src/api/api_msg.c ****   shut_tx = shut & NETCONN_SHUT_WR;
 1321              		.loc 1 938 3 is_stmt 1 view .LVU452
 942:./lwip-2.1.2/src/api/api_msg.c ****     shut_close = 1;
 1322              		.loc 1 942 6 is_stmt 0 view .LVU453
 1323 03de 032B     		cmp	r3, #3
 938:./lwip-2.1.2/src/api/api_msg.c ****   shut_tx = shut & NETCONN_SHUT_WR;
 1324              		.loc 1 938 11 view .LVU454
 1325 03e0 03F00107 		and	r7, r3, #1
 1326              	.LVL120:
 939:./lwip-2.1.2/src/api/api_msg.c ****   /* shutting down both ends is the same as closing
 1327              		.loc 1 939 3 is_stmt 1 view .LVU455
 939:./lwip-2.1.2/src/api/api_msg.c ****   /* shutting down both ends is the same as closing
 1328              		.loc 1 939 11 is_stmt 0 view .LVU456
 1329 03e4 03F00208 		and	r8, r3, #2
 1330              	.LVL121:
 942:./lwip-2.1.2/src/api/api_msg.c ****     shut_close = 1;
 1331              		.loc 1 942 3 is_stmt 1 view .LVU457
 942:./lwip-2.1.2/src/api/api_msg.c ****     shut_close = 1;
 1332              		.loc 1 942 6 is_stmt 0 view .LVU458
 1333 03e8 41D0     		beq	.L172
 944:./lwip-2.1.2/src/api/api_msg.c ****              ((tpcb->state == FIN_WAIT_1) ||
 1334              		.loc 1 944 10 is_stmt 1 view .LVU459
 944:./lwip-2.1.2/src/api/api_msg.c ****              ((tpcb->state == FIN_WAIT_1) ||
 1335              		.loc 1 944 13 is_stmt 0 view .LVU460
 1336 03ea 6FB3     		cbz	r7, .L173
 945:./lwip-2.1.2/src/api/api_msg.c ****               (tpcb->state == FIN_WAIT_2) ||
 1337              		.loc 1 945 20 view .LVU461
 1338 03ec 2B7D     		ldrb	r3, [r5, #20]	@ zero_extendqisi2
 1339              	.LVL122:
 946:./lwip-2.1.2/src/api/api_msg.c ****               (tpcb->state == CLOSING))) {
 1340              		.loc 1 946 43 view .LVU462
 1341 03ee 5A1F     		subs	r2, r3, #5
 944:./lwip-2.1.2/src/api/api_msg.c ****              ((tpcb->state == FIN_WAIT_1) ||
 1342              		.loc 1 944 22 discriminator 1 view .LVU463
 1343 03f0 012A     		cmp	r2, #1
 1344 03f2 71D9     		bls	.L212
 1345 03f4 082B     		cmp	r3, #8
 1346 03f6 6FD0     		beq	.L212
 949:./lwip-2.1.2/src/api/api_msg.c ****     shut_close = 1;
 1347              		.loc 1 949 10 is_stmt 1 view .LVU464
 949:./lwip-2.1.2/src/api/api_msg.c ****     shut_close = 1;
 1348              		.loc 1 949 13 is_stmt 0 view .LVU465
 1349 03f8 B8F1000F 		cmp	r8, #0
 1350 03fc 32D1     		bne	.L181
 959:./lwip-2.1.2/src/api/api_msg.c ****     tcp_accept(tpcb, NULL);
 1351              		.loc 1 959 3 is_stmt 1 view .LVU466
 959:./lwip-2.1.2/src/api/api_msg.c ****     tcp_accept(tpcb, NULL);
 1352              		.loc 1 959 6 is_stmt 0 view .LVU467
 1353 03fe 012B     		cmp	r3, #1
 1354 0400 65D0     		beq	.L184
 963:./lwip-2.1.2/src/api/api_msg.c ****       tcp_recv(tpcb, NULL);
 1355              		.loc 1 963 5 is_stmt 1 view .LVU468
 964:./lwip-2.1.2/src/api/api_msg.c ****       tcp_accept(tpcb, NULL);
 1356              		.loc 1 964 7 view .LVU469
 1357 0402 4146     		mov	r1, r8
 1358              	.LVL123:
 964:./lwip-2.1.2/src/api/api_msg.c ****       tcp_accept(tpcb, NULL);
 1359              		.loc 1 964 7 is_stmt 0 view .LVU470
 1360 0404 2846     		mov	r0, r5
 1361              	.LVL124:
 964:./lwip-2.1.2/src/api/api_msg.c ****       tcp_accept(tpcb, NULL);
 1362              		.loc 1 964 7 view .LVU471
 1363 0406 FFF7FEFF 		bl	tcp_recv
 1364              	.LVL125:
 965:./lwip-2.1.2/src/api/api_msg.c ****     }
 1365              		.loc 1 965 7 is_stmt 1 view .LVU472
 1366 040a 4146     		mov	r1, r8
 1367 040c 2846     		mov	r0, r5
 1368 040e FFF7FEFF 		bl	tcp_accept
 1369              	.LVL126:
 967:./lwip-2.1.2/src/api/api_msg.c ****       tcp_sent(tpcb, NULL);
 1370              		.loc 1 967 5 view .LVU473
 970:./lwip-2.1.2/src/api/api_msg.c ****       tcp_poll(tpcb, NULL, 0);
 1371              		.loc 1 970 5 view .LVU474
 1372              	.L183:
1009:./lwip-2.1.2/src/api/api_msg.c ****   }
 1373              		.loc 1 1009 5 view .LVU475
1009:./lwip-2.1.2/src/api/api_msg.c ****   }
 1374              		.loc 1 1009 11 is_stmt 0 view .LVU476
 1375 0412 4246     		mov	r2, r8
 1376 0414 3946     		mov	r1, r7
 1377 0416 2846     		mov	r0, r5
 1378 0418 FFF7FEFF 		bl	tcp_shutdown
 1379              	.LVL127:
 1380              	.LBB70:
1058:./lwip-2.1.2/src/api/api_msg.c ****     conn->current_msg->err = err;
 1381              		.loc 1 1058 35 view .LVU477
 1382 041c 236A     		ldr	r3, [r4, #32]
 1383              	.LBE70:
1009:./lwip-2.1.2/src/api/api_msg.c ****   }
 1384              		.loc 1 1009 11 view .LVU478
 1385 041e 0246     		mov	r2, r0
 1386              	.LVL128:
1011:./lwip-2.1.2/src/api/api_msg.c ****     close_finished = 1;
 1387              		.loc 1 1011 3 is_stmt 1 view .LVU479
1011:./lwip-2.1.2/src/api/api_msg.c ****     close_finished = 1;
 1388              		.loc 1 1011 6 is_stmt 0 view .LVU480
 1389 0420 0028     		cmp	r0, #0
 1390 0422 00F09880 		beq	.L240
1021:./lwip-2.1.2/src/api/api_msg.c ****       /* Closing failed because of memory shortage, try again later. Even for
 1391              		.loc 1 1021 5 is_stmt 1 view .LVU481
1021:./lwip-2.1.2/src/api/api_msg.c ****       /* Closing failed because of memory shortage, try again later. Even for
 1392              		.loc 1 1021 8 is_stmt 0 view .LVU482
 1393 0426 411C     		adds	r1, r0, #1
 1394 0428 40F08E80 		bne	.L196
1042:./lwip-2.1.2/src/api/api_msg.c **** #endif /* LWIP_SO_SNDTIMEO || LWIP_SO_LINGER */
 1395              		.loc 1 1042 7 is_stmt 1 view .LVU483
1042:./lwip-2.1.2/src/api/api_msg.c **** #endif /* LWIP_SO_SNDTIMEO || LWIP_SO_LINGER */
 1396              		.loc 1 1042 10 is_stmt 0 view .LVU484
 1397 042c 5A7A     		ldrb	r2, [r3, #9]	@ zero_extendqisi2
 1398 042e 002A     		cmp	r2, #0
 1399 0430 40F0AF80 		bne	.L198
1044:./lwip-2.1.2/src/api/api_msg.c ****         if (shut_close) {
 1400              		.loc 1 1044 9 is_stmt 1 view .LVU485
 1401              	.LVL129:
1045:./lwip-2.1.2/src/api/api_msg.c ****           /* in this case, we want to RST the connection */
 1402              		.loc 1 1045 9 view .LVU486
 1403              	.LBB71:
1058:./lwip-2.1.2/src/api/api_msg.c ****     conn->current_msg->err = err;
 1404              		.loc 1 1058 5 view .LVU487
1058:./lwip-2.1.2/src/api/api_msg.c ****     conn->current_msg->err = err;
 1405              		.loc 1 1058 16 is_stmt 0 view .LVU488
 1406 0434 1D68     		ldr	r5, [r3]
 1407              	.LVL130:
1059:./lwip-2.1.2/src/api/api_msg.c ****     conn->current_msg = NULL;
 1408              		.loc 1 1059 28 view .LVU489
 1409 0436 1871     		strb	r0, [r3, #4]
1058:./lwip-2.1.2/src/api/api_msg.c ****     conn->current_msg->err = err;
 1410              		.loc 1 1058 16 view .LVU490
 1411 0438 0C35     		adds	r5, r5, #12
 1412              	.LVL131:
1059:./lwip-2.1.2/src/api/api_msg.c ****     conn->current_msg = NULL;
 1413              		.loc 1 1059 5 is_stmt 1 view .LVU491
1060:./lwip-2.1.2/src/api/api_msg.c ****     conn->state = NETCONN_NONE;
 1414              		.loc 1 1060 5 view .LVU492
1061:./lwip-2.1.2/src/api/api_msg.c ****     if (err == ERR_OK) {
 1415              		.loc 1 1061 5 view .LVU493
1062:./lwip-2.1.2/src/api/api_msg.c ****       if (shut_close) {
 1416              		.loc 1 1062 5 view .LVU494
1060:./lwip-2.1.2/src/api/api_msg.c ****     conn->state = NETCONN_NONE;
 1417              		.loc 1 1060 23 is_stmt 0 view .LVU495
 1418 043a 2262     		str	r2, [r4, #32]
1061:./lwip-2.1.2/src/api/api_msg.c ****     if (err == ERR_OK) {
 1419              		.loc 1 1061 17 view .LVU496
 1420 043c 6270     		strb	r2, [r4, #1]
 1421              	.L201:
1074:./lwip-2.1.2/src/api/api_msg.c ****       }
 1422              		.loc 1 1074 49 is_stmt 1 discriminator 3 view .LVU497
1078:./lwip-2.1.2/src/api/api_msg.c **** #endif
 1423              		.loc 1 1078 5 view .LVU498
1078:./lwip-2.1.2/src/api/api_msg.c **** #endif
 1424              		.loc 1 1078 8 is_stmt 0 view .LVU499
 1425 043e 002E     		cmp	r6, #0
 1426 0440 7ED1     		bne	.L241
 1427              	.L208:
1084:./lwip-2.1.2/src/api/api_msg.c ****   }
 1428              		.loc 1 1084 12 view .LVU500
 1429 0442 0020     		movs	r0, #0
 1430              	.LVL132:
 1431              	.L238:
1084:./lwip-2.1.2/src/api/api_msg.c ****   }
 1432              		.loc 1 1084 12 view .LVU501
 1433              	.LBE71:
1103:./lwip-2.1.2/src/api/api_msg.c **** #endif /* LWIP_TCP */
 1434              		.loc 1 1103 1 view .LVU502
 1435 0444 BDE8F883 		pop	{r3, r4, r5, r6, r7, r8, r9, pc}
 1436              	.LVL133:
 1437              	.L173:
 949:./lwip-2.1.2/src/api/api_msg.c ****     shut_close = 1;
 1438              		.loc 1 949 10 is_stmt 1 view .LVU503
 949:./lwip-2.1.2/src/api/api_msg.c ****     shut_close = 1;
 1439              		.loc 1 949 13 is_stmt 0 view .LVU504
 1440 0448 B8F1000F 		cmp	r8, #0
 1441 044c 3CD0     		beq	.L242
 949:./lwip-2.1.2/src/api/api_msg.c ****     shut_close = 1;
 1442              		.loc 1 949 22 discriminator 1 view .LVU505
 1443 044e 6B8B     		ldrh	r3, [r5, #26]
 1444              	.LVL134:
 949:./lwip-2.1.2/src/api/api_msg.c ****     shut_close = 1;
 1445              		.loc 1 949 22 discriminator 1 view .LVU506
 1446 0450 D806     		lsls	r0, r3, #27
 1447              	.LVL135:
 949:./lwip-2.1.2/src/api/api_msg.c ****     shut_close = 1;
 1448              		.loc 1 949 22 discriminator 1 view .LVU507
 1449 0452 0CD4     		bmi	.L172
 959:./lwip-2.1.2/src/api/api_msg.c ****     tcp_accept(tpcb, NULL);
 1450              		.loc 1 959 3 is_stmt 1 view .LVU508
 959:./lwip-2.1.2/src/api/api_msg.c ****     tcp_accept(tpcb, NULL);
 1451              		.loc 1 959 6 is_stmt 0 view .LVU509
 1452 0454 2B7D     		ldrb	r3, [r5, #20]	@ zero_extendqisi2
 1453 0456 012B     		cmp	r3, #1
 1454 0458 39D0     		beq	.L184
 963:./lwip-2.1.2/src/api/api_msg.c ****       tcp_recv(tpcb, NULL);
 1455              		.loc 1 963 5 is_stmt 1 view .LVU510
 968:./lwip-2.1.2/src/api/api_msg.c ****     }
 1456              		.loc 1 968 7 view .LVU511
 1457 045a 3946     		mov	r1, r7
 1458              	.LVL136:
 968:./lwip-2.1.2/src/api/api_msg.c ****     }
 1459              		.loc 1 968 7 is_stmt 0 view .LVU512
 1460 045c 2846     		mov	r0, r5
 1461 045e FFF7FEFF 		bl	tcp_sent
 1462              	.LVL137:
 970:./lwip-2.1.2/src/api/api_msg.c ****       tcp_poll(tpcb, NULL, 0);
 1463              		.loc 1 970 5 is_stmt 1 view .LVU513
 1464 0462 D6E7     		b	.L183
 1465              	.LVL138:
 1466              	.L181:
 949:./lwip-2.1.2/src/api/api_msg.c ****     shut_close = 1;
 1467              		.loc 1 949 22 is_stmt 0 discriminator 1 view .LVU514
 1468 0464 698B     		ldrh	r1, [r5, #26]
 1469              	.LVL139:
 949:./lwip-2.1.2/src/api/api_msg.c ****     shut_close = 1;
 1470              		.loc 1 949 22 discriminator 1 view .LVU515
 1471 0466 11F01009 		ands	r9, r1, #16
 1472 046a 00F08380 		beq	.L243
 1473              	.LVL140:
 1474              	.L172:
 957:./lwip-2.1.2/src/api/api_msg.c ****   }
 1475              		.loc 1 957 5 is_stmt 1 view .LVU516
 1476 046e 0021     		movs	r1, #0
 1477 0470 2846     		mov	r0, r5
 1478 0472 FFF7FEFF 		bl	tcp_arg
 1479              	.LVL141:
 959:./lwip-2.1.2/src/api/api_msg.c ****     tcp_accept(tpcb, NULL);
 1480              		.loc 1 959 3 view .LVU517
 959:./lwip-2.1.2/src/api/api_msg.c ****     tcp_accept(tpcb, NULL);
 1481              		.loc 1 959 6 is_stmt 0 view .LVU518
 1482 0476 2B7D     		ldrb	r3, [r5, #20]	@ zero_extendqisi2
 1483 0478 012B     		cmp	r3, #1
 1484 047a 72D0     		beq	.L176
 963:./lwip-2.1.2/src/api/api_msg.c ****       tcp_recv(tpcb, NULL);
 1485              		.loc 1 963 5 is_stmt 1 view .LVU519
 963:./lwip-2.1.2/src/api/api_msg.c ****       tcp_recv(tpcb, NULL);
 1486              		.loc 1 963 8 is_stmt 0 view .LVU520
 1487 047c 002F     		cmp	r7, #0
 1488 047e 40F0A080 		bne	.L189
 1489              	.L210:
 968:./lwip-2.1.2/src/api/api_msg.c ****     }
 1490              		.loc 1 968 7 is_stmt 1 view .LVU521
 1491 0482 0021     		movs	r1, #0
 1492 0484 2846     		mov	r0, r5
 1493 0486 FFF7FEFF 		bl	tcp_sent
 1494              	.LVL142:
 970:./lwip-2.1.2/src/api/api_msg.c ****       tcp_poll(tpcb, NULL, 0);
 1495              		.loc 1 970 5 view .LVU522
 1496              	.L190:
 971:./lwip-2.1.2/src/api/api_msg.c ****       tcp_err(tpcb, NULL);
 1497              		.loc 1 971 7 view .LVU523
 1498 048a 0022     		movs	r2, #0
 1499 048c 2846     		mov	r0, r5
 1500 048e 1146     		mov	r1, r2
 1501 0490 FFF7FEFF 		bl	tcp_poll
 1502              	.LVL143:
 972:./lwip-2.1.2/src/api/api_msg.c ****     }
 1503              		.loc 1 972 7 view .LVU524
 1504 0494 0021     		movs	r1, #0
 1505 0496 2846     		mov	r0, r5
 1506 0498 FFF7FEFF 		bl	tcp_err
 1507              	.LVL144:
 976:./lwip-2.1.2/src/api/api_msg.c **** #if LWIP_SO_LINGER
 1508              		.loc 1 976 3 view .LVU525
 1509              	.L188:
1006:./lwip-2.1.2/src/api/api_msg.c ****     }
 1510              		.loc 1 1006 7 view .LVU526
1006:./lwip-2.1.2/src/api/api_msg.c ****     }
 1511              		.loc 1 1006 13 is_stmt 0 view .LVU527
 1512 049c 2846     		mov	r0, r5
 1513 049e FFF7FEFF 		bl	tcp_close
 1514              	.LVL145:
 1515 04a2 0246     		mov	r2, r0
 1516              	.LVL146:
1011:./lwip-2.1.2/src/api/api_msg.c ****     close_finished = 1;
 1517              		.loc 1 1011 3 is_stmt 1 view .LVU528
1011:./lwip-2.1.2/src/api/api_msg.c ****     close_finished = 1;
 1518              		.loc 1 1011 6 is_stmt 0 view .LVU529
 1519 04a4 58B3     		cbz	r0, .L244
1021:./lwip-2.1.2/src/api/api_msg.c ****       /* Closing failed because of memory shortage, try again later. Even for
 1520              		.loc 1 1021 5 is_stmt 1 view .LVU530
1021:./lwip-2.1.2/src/api/api_msg.c ****       /* Closing failed because of memory shortage, try again later. Even for
 1521              		.loc 1 1021 8 is_stmt 0 view .LVU531
 1522 04a6 0130     		adds	r0, r0, #1
 1523              	.LVL147:
1042:./lwip-2.1.2/src/api/api_msg.c **** #endif /* LWIP_SO_SNDTIMEO || LWIP_SO_LINGER */
 1524              		.loc 1 1042 15 view .LVU532
 1525 04a8 236A     		ldr	r3, [r4, #32]
1021:./lwip-2.1.2/src/api/api_msg.c ****       /* Closing failed because of memory shortage, try again later. Even for
 1526              		.loc 1 1021 8 view .LVU533
 1527 04aa 4DD1     		bne	.L196
1042:./lwip-2.1.2/src/api/api_msg.c **** #endif /* LWIP_SO_SNDTIMEO || LWIP_SO_LINGER */
 1528              		.loc 1 1042 7 is_stmt 1 view .LVU534
1042:./lwip-2.1.2/src/api/api_msg.c **** #endif /* LWIP_SO_SNDTIMEO || LWIP_SO_LINGER */
 1529              		.loc 1 1042 10 is_stmt 0 view .LVU535
 1530 04ac 93F80990 		ldrb	r9, [r3, #9]	@ zero_extendqisi2
 1531 04b0 B9F1000F 		cmp	r9, #0
 1532 04b4 6DD1     		bne	.L198
1044:./lwip-2.1.2/src/api/api_msg.c ****         if (shut_close) {
 1533              		.loc 1 1044 9 is_stmt 1 view .LVU536
 1534              	.LVL148:
1045:./lwip-2.1.2/src/api/api_msg.c ****           /* in this case, we want to RST the connection */
 1535              		.loc 1 1045 9 view .LVU537
1047:./lwip-2.1.2/src/api/api_msg.c ****           err = ERR_OK;
 1536              		.loc 1 1047 11 view .LVU538
 1537 04b6 2846     		mov	r0, r5
 1538 04b8 FFF7FEFF 		bl	tcp_abort
 1539              	.LVL149:
1048:./lwip-2.1.2/src/api/api_msg.c ****         }
 1540              		.loc 1 1048 11 view .LVU539
1056:./lwip-2.1.2/src/api/api_msg.c ****     /* Closing done (succeeded, non-memory error, nonblocking error or timeout) */
 1541              		.loc 1 1056 3 view .LVU540
 1542              	.LBB72:
1058:./lwip-2.1.2/src/api/api_msg.c ****     conn->current_msg->err = err;
 1543              		.loc 1 1058 5 view .LVU541
1058:./lwip-2.1.2/src/api/api_msg.c ****     conn->current_msg->err = err;
 1544              		.loc 1 1058 35 is_stmt 0 view .LVU542
 1545 04bc 236A     		ldr	r3, [r4, #32]
1058:./lwip-2.1.2/src/api/api_msg.c ****     conn->current_msg->err = err;
 1546              		.loc 1 1058 16 view .LVU543
 1547 04be 1D68     		ldr	r5, [r3]
 1548              	.LVL150:
1059:./lwip-2.1.2/src/api/api_msg.c ****     conn->current_msg = NULL;
 1549              		.loc 1 1059 28 view .LVU544
 1550 04c0 83F80490 		strb	r9, [r3, #4]
1058:./lwip-2.1.2/src/api/api_msg.c ****     conn->current_msg->err = err;
 1551              		.loc 1 1058 16 view .LVU545
 1552 04c4 0C35     		adds	r5, r5, #12
 1553              	.LVL151:
1059:./lwip-2.1.2/src/api/api_msg.c ****     conn->current_msg = NULL;
 1554              		.loc 1 1059 5 is_stmt 1 view .LVU546
1060:./lwip-2.1.2/src/api/api_msg.c ****     conn->state = NETCONN_NONE;
 1555              		.loc 1 1060 5 view .LVU547
1061:./lwip-2.1.2/src/api/api_msg.c ****     if (err == ERR_OK) {
 1556              		.loc 1 1061 5 view .LVU548
1062:./lwip-2.1.2/src/api/api_msg.c ****       if (shut_close) {
 1557              		.loc 1 1062 5 view .LVU549
 1558 04c6 1EE0     		b	.L195
 1559              	.LVL152:
 1560              	.L242:
1062:./lwip-2.1.2/src/api/api_msg.c ****       if (shut_close) {
 1561              		.loc 1 1062 5 is_stmt 0 view .LVU550
 1562              	.LBE72:
 959:./lwip-2.1.2/src/api/api_msg.c ****     tcp_accept(tpcb, NULL);
 1563              		.loc 1 959 3 is_stmt 1 view .LVU551
 959:./lwip-2.1.2/src/api/api_msg.c ****     tcp_accept(tpcb, NULL);
 1564              		.loc 1 959 6 is_stmt 0 view .LVU552
 1565 04c8 2B7D     		ldrb	r3, [r5, #20]	@ zero_extendqisi2
 1566              	.LVL153:
 959:./lwip-2.1.2/src/api/api_msg.c ****     tcp_accept(tpcb, NULL);
 1567              		.loc 1 959 6 view .LVU553
 1568 04ca 012B     		cmp	r3, #1
 1569 04cc A1D1     		bne	.L183
 1570              	.LVL154:
 1571              	.L184:
 960:./lwip-2.1.2/src/api/api_msg.c ****   } else {
 1572              		.loc 1 960 5 is_stmt 1 view .LVU554
 1573 04ce 0021     		movs	r1, #0
 1574 04d0 2846     		mov	r0, r5
 1575 04d2 FFF7FEFF 		bl	tcp_accept
 1576              	.LVL155:
 976:./lwip-2.1.2/src/api/api_msg.c **** #if LWIP_SO_LINGER
 1577              		.loc 1 976 3 view .LVU555
 1578 04d6 9CE7     		b	.L183
 1579              	.LVL156:
 1580              	.L212:
 957:./lwip-2.1.2/src/api/api_msg.c ****   }
 1581              		.loc 1 957 5 view .LVU556
 1582 04d8 0021     		movs	r1, #0
 1583              	.LVL157:
 957:./lwip-2.1.2/src/api/api_msg.c ****   }
 1584              		.loc 1 957 5 is_stmt 0 view .LVU557
 1585 04da 2846     		mov	r0, r5
 1586              	.LVL158:
 957:./lwip-2.1.2/src/api/api_msg.c ****   }
 1587              		.loc 1 957 5 view .LVU558
 1588 04dc FFF7FEFF 		bl	tcp_arg
 1589              	.LVL159:
 959:./lwip-2.1.2/src/api/api_msg.c ****     tcp_accept(tpcb, NULL);
 1590              		.loc 1 959 3 is_stmt 1 view .LVU559
 959:./lwip-2.1.2/src/api/api_msg.c ****     tcp_accept(tpcb, NULL);
 1591              		.loc 1 959 6 is_stmt 0 view .LVU560
 1592 04e0 2B7D     		ldrb	r3, [r5, #20]	@ zero_extendqisi2
 1593 04e2 012B     		cmp	r3, #1
 1594 04e4 3DD0     		beq	.L176
 964:./lwip-2.1.2/src/api/api_msg.c ****       tcp_accept(tpcb, NULL);
 1595              		.loc 1 964 7 is_stmt 1 view .LVU561
 1596 04e6 0021     		movs	r1, #0
 1597 04e8 2846     		mov	r0, r5
 1598 04ea FFF7FEFF 		bl	tcp_recv
 1599              	.LVL160:
 965:./lwip-2.1.2/src/api/api_msg.c ****     }
 1600              		.loc 1 965 7 view .LVU562
 1601 04ee 0021     		movs	r1, #0
 1602 04f0 2846     		mov	r0, r5
 1603 04f2 FFF7FEFF 		bl	tcp_accept
 1604              	.LVL161:
 967:./lwip-2.1.2/src/api/api_msg.c ****       tcp_sent(tpcb, NULL);
 1605              		.loc 1 967 5 view .LVU563
 967:./lwip-2.1.2/src/api/api_msg.c ****       tcp_sent(tpcb, NULL);
 1606              		.loc 1 967 8 is_stmt 0 view .LVU564
 1607 04f6 B8F1000F 		cmp	r8, #0
 1608 04fa C2D1     		bne	.L210
 1609 04fc C5E7     		b	.L190
 1610              	.LVL162:
 1611              	.L244:
 1612              	.LBB73:
1058:./lwip-2.1.2/src/api/api_msg.c ****     conn->current_msg->err = err;
 1613              		.loc 1 1058 5 is_stmt 1 view .LVU565
1058:./lwip-2.1.2/src/api/api_msg.c ****     conn->current_msg->err = err;
 1614              		.loc 1 1058 35 is_stmt 0 view .LVU566
 1615 04fe 236A     		ldr	r3, [r4, #32]
1058:./lwip-2.1.2/src/api/api_msg.c ****     conn->current_msg->err = err;
 1616              		.loc 1 1058 16 view .LVU567
 1617 0500 1D68     		ldr	r5, [r3]
 1618              	.LVL163:
1059:./lwip-2.1.2/src/api/api_msg.c ****     conn->current_msg = NULL;
 1619              		.loc 1 1059 28 view .LVU568
 1620 0502 1871     		strb	r0, [r3, #4]
1058:./lwip-2.1.2/src/api/api_msg.c ****     conn->current_msg->err = err;
 1621              		.loc 1 1058 16 view .LVU569
 1622 0504 0C35     		adds	r5, r5, #12
 1623              	.LVL164:
1059:./lwip-2.1.2/src/api/api_msg.c ****     conn->current_msg = NULL;
 1624              		.loc 1 1059 5 is_stmt 1 view .LVU570
1060:./lwip-2.1.2/src/api/api_msg.c ****     conn->state = NETCONN_NONE;
 1625              		.loc 1 1060 5 view .LVU571
1061:./lwip-2.1.2/src/api/api_msg.c ****     if (err == ERR_OK) {
 1626              		.loc 1 1061 5 view .LVU572
1062:./lwip-2.1.2/src/api/api_msg.c ****       if (shut_close) {
 1627              		.loc 1 1062 5 view .LVU573
1063:./lwip-2.1.2/src/api/api_msg.c ****         /* Set back some callback pointers as conn is going away */
 1628              		.loc 1 1063 7 view .LVU574
 1629              	.L195:
1060:./lwip-2.1.2/src/api/api_msg.c ****     conn->state = NETCONN_NONE;
 1630              		.loc 1 1060 23 is_stmt 0 view .LVU575
 1631 0506 0022     		movs	r2, #0
1068:./lwip-2.1.2/src/api/api_msg.c ****       }
 1632              		.loc 1 1068 9 view .LVU576
 1633 0508 636A     		ldr	r3, [r4, #36]
1060:./lwip-2.1.2/src/api/api_msg.c ****     conn->state = NETCONN_NONE;
 1634              		.loc 1 1060 23 view .LVU577
 1635 050a 2262     		str	r2, [r4, #32]
1061:./lwip-2.1.2/src/api/api_msg.c ****     if (err == ERR_OK) {
 1636              		.loc 1 1061 17 view .LVU578
 1637 050c 6270     		strb	r2, [r4, #1]
1065:./lwip-2.1.2/src/api/api_msg.c ****         /* Trigger select() in socket layer. Make sure everybody notices activity
 1638              		.loc 1 1065 9 is_stmt 1 view .LVU579
1065:./lwip-2.1.2/src/api/api_msg.c ****         /* Trigger select() in socket layer. Make sure everybody notices activity
 1639              		.loc 1 1065 23 is_stmt 0 view .LVU580
 1640 050e 6260     		str	r2, [r4, #4]
1068:./lwip-2.1.2/src/api/api_msg.c ****       }
 1641              		.loc 1 1068 9 is_stmt 1 view .LVU581
 1642 0510 63B3     		cbz	r3, .L202
1068:./lwip-2.1.2/src/api/api_msg.c ****       }
 1643              		.loc 1 1068 9 discriminator 1 view .LVU582
 1644 0512 0421     		movs	r1, #4
 1645 0514 2046     		mov	r0, r4
 1646 0516 9847     		blx	r3
 1647              	.LVL165:
 1648              	.L194:
1068:./lwip-2.1.2/src/api/api_msg.c ****       }
 1649              		.loc 1 1068 46 discriminator 3 view .LVU583
1070:./lwip-2.1.2/src/api/api_msg.c ****         API_EVENT(conn, NETCONN_EVT_RCVPLUS, 0);
 1650              		.loc 1 1070 7 view .LVU584
1070:./lwip-2.1.2/src/api/api_msg.c ****         API_EVENT(conn, NETCONN_EVT_RCVPLUS, 0);
 1651              		.loc 1 1070 10 is_stmt 0 view .LVU585
 1652 0518 37B1     		cbz	r7, .L204
1071:./lwip-2.1.2/src/api/api_msg.c ****       }
 1653              		.loc 1 1071 9 is_stmt 1 view .LVU586
 1654 051a 636A     		ldr	r3, [r4, #36]
 1655 051c 002B     		cmp	r3, #0
 1656 051e 8ED0     		beq	.L201
1071:./lwip-2.1.2/src/api/api_msg.c ****       }
 1657              		.loc 1 1071 9 discriminator 1 view .LVU587
 1658 0520 0022     		movs	r2, #0
 1659 0522 2046     		mov	r0, r4
 1660 0524 1146     		mov	r1, r2
 1661 0526 9847     		blx	r3
 1662              	.LVL166:
 1663              	.L204:
1071:./lwip-2.1.2/src/api/api_msg.c ****       }
 1664              		.loc 1 1071 48 discriminator 3 view .LVU588
1073:./lwip-2.1.2/src/api/api_msg.c ****         API_EVENT(conn, NETCONN_EVT_SENDPLUS, 0);
 1665              		.loc 1 1073 7 view .LVU589
1073:./lwip-2.1.2/src/api/api_msg.c ****         API_EVENT(conn, NETCONN_EVT_SENDPLUS, 0);
 1666              		.loc 1 1073 10 is_stmt 0 view .LVU590
 1667 0528 B8F1000F 		cmp	r8, #0
 1668 052c 87D0     		beq	.L201
1074:./lwip-2.1.2/src/api/api_msg.c ****       }
 1669              		.loc 1 1074 9 is_stmt 1 view .LVU591
 1670 052e 636A     		ldr	r3, [r4, #36]
 1671 0530 002B     		cmp	r3, #0
 1672 0532 84D0     		beq	.L201
1074:./lwip-2.1.2/src/api/api_msg.c ****       }
 1673              		.loc 1 1074 9 discriminator 1 view .LVU592
 1674 0534 0022     		movs	r2, #0
 1675 0536 2046     		mov	r0, r4
 1676 0538 0221     		movs	r1, #2
 1677 053a 9847     		blx	r3
 1678              	.LVL167:
1074:./lwip-2.1.2/src/api/api_msg.c ****       }
 1679              		.loc 1 1074 49 discriminator 3 view .LVU593
1078:./lwip-2.1.2/src/api/api_msg.c **** #endif
 1680              		.loc 1 1078 5 view .LVU594
1078:./lwip-2.1.2/src/api/api_msg.c **** #endif
 1681              		.loc 1 1078 8 is_stmt 0 view .LVU595
 1682 053c 002E     		cmp	r6, #0
 1683 053e 80D0     		beq	.L208
 1684              	.L241:
1082:./lwip-2.1.2/src/api/api_msg.c ****     }
 1685              		.loc 1 1082 7 is_stmt 1 view .LVU596
 1686 0540 2846     		mov	r0, r5
 1687 0542 FFF7FEFF 		bl	sys_sem_signal
 1688              	.LVL168:
 1689 0546 7CE7     		b	.L208
 1690              	.LVL169:
 1691              	.L196:
1058:./lwip-2.1.2/src/api/api_msg.c ****     conn->current_msg->err = err;
 1692              		.loc 1 1058 5 view .LVU597
1058:./lwip-2.1.2/src/api/api_msg.c ****     conn->current_msg->err = err;
 1693              		.loc 1 1058 16 is_stmt 0 view .LVU598
 1694 0548 1D68     		ldr	r5, [r3]
 1695              	.LVL170:
1059:./lwip-2.1.2/src/api/api_msg.c ****     conn->current_msg = NULL;
 1696              		.loc 1 1059 28 view .LVU599
 1697 054a 1A71     		strb	r2, [r3, #4]
1060:./lwip-2.1.2/src/api/api_msg.c ****     conn->state = NETCONN_NONE;
 1698              		.loc 1 1060 23 view .LVU600
 1699 054c 0023     		movs	r3, #0
1058:./lwip-2.1.2/src/api/api_msg.c ****     conn->current_msg->err = err;
 1700              		.loc 1 1058 16 view .LVU601
 1701 054e 0C35     		adds	r5, r5, #12
 1702              	.LVL171:
1059:./lwip-2.1.2/src/api/api_msg.c ****     conn->current_msg = NULL;
 1703              		.loc 1 1059 5 is_stmt 1 view .LVU602
1060:./lwip-2.1.2/src/api/api_msg.c ****     conn->state = NETCONN_NONE;
 1704              		.loc 1 1060 5 view .LVU603
1060:./lwip-2.1.2/src/api/api_msg.c ****     conn->state = NETCONN_NONE;
 1705              		.loc 1 1060 23 is_stmt 0 view .LVU604
 1706 0550 2362     		str	r3, [r4, #32]
1061:./lwip-2.1.2/src/api/api_msg.c ****     if (err == ERR_OK) {
 1707              		.loc 1 1061 5 is_stmt 1 view .LVU605
1061:./lwip-2.1.2/src/api/api_msg.c ****     if (err == ERR_OK) {
 1708              		.loc 1 1061 17 is_stmt 0 view .LVU606
 1709 0552 6370     		strb	r3, [r4, #1]
1062:./lwip-2.1.2/src/api/api_msg.c ****       if (shut_close) {
 1710              		.loc 1 1062 5 is_stmt 1 view .LVU607
 1711 0554 73E7     		b	.L201
 1712              	.LVL172:
 1713              	.L240:
1058:./lwip-2.1.2/src/api/api_msg.c ****     conn->current_msg->err = err;
 1714              		.loc 1 1058 5 view .LVU608
1058:./lwip-2.1.2/src/api/api_msg.c ****     conn->current_msg->err = err;
 1715              		.loc 1 1058 16 is_stmt 0 view .LVU609
 1716 0556 1D68     		ldr	r5, [r3]
 1717              	.LVL173:
1059:./lwip-2.1.2/src/api/api_msg.c ****     conn->current_msg = NULL;
 1718              		.loc 1 1059 28 view .LVU610
 1719 0558 1871     		strb	r0, [r3, #4]
1058:./lwip-2.1.2/src/api/api_msg.c ****     conn->current_msg->err = err;
 1720              		.loc 1 1058 16 view .LVU611
 1721 055a 0C35     		adds	r5, r5, #12
 1722              	.LVL174:
1059:./lwip-2.1.2/src/api/api_msg.c ****     conn->current_msg = NULL;
 1723              		.loc 1 1059 5 is_stmt 1 view .LVU612
1060:./lwip-2.1.2/src/api/api_msg.c ****     conn->state = NETCONN_NONE;
 1724              		.loc 1 1060 5 view .LVU613
1061:./lwip-2.1.2/src/api/api_msg.c ****     if (err == ERR_OK) {
 1725              		.loc 1 1061 5 view .LVU614
1062:./lwip-2.1.2/src/api/api_msg.c ****       if (shut_close) {
 1726              		.loc 1 1062 5 view .LVU615
1063:./lwip-2.1.2/src/api/api_msg.c ****         /* Set back some callback pointers as conn is going away */
 1727              		.loc 1 1063 7 view .LVU616
1060:./lwip-2.1.2/src/api/api_msg.c ****     conn->state = NETCONN_NONE;
 1728              		.loc 1 1060 23 is_stmt 0 view .LVU617
 1729 055c 2062     		str	r0, [r4, #32]
1061:./lwip-2.1.2/src/api/api_msg.c ****     if (err == ERR_OK) {
 1730              		.loc 1 1061 17 view .LVU618
 1731 055e 6070     		strb	r0, [r4, #1]
 1732 0560 DAE7     		b	.L194
 1733              	.LVL175:
 1734              	.L176:
1061:./lwip-2.1.2/src/api/api_msg.c ****     if (err == ERR_OK) {
 1735              		.loc 1 1061 17 view .LVU619
 1736              	.LBE73:
 960:./lwip-2.1.2/src/api/api_msg.c ****   } else {
 1737              		.loc 1 960 5 is_stmt 1 view .LVU620
 1738 0562 0021     		movs	r1, #0
 1739 0564 2846     		mov	r0, r5
 1740 0566 FFF7FEFF 		bl	tcp_accept
 1741              	.LVL176:
 976:./lwip-2.1.2/src/api/api_msg.c **** #if LWIP_SO_LINGER
 1742              		.loc 1 976 3 view .LVU621
 1743 056a 97E7     		b	.L188
 1744              	.LVL177:
 1745              	.L202:
 1746              	.LBB74:
1068:./lwip-2.1.2/src/api/api_msg.c ****       }
 1747              		.loc 1 1068 46 discriminator 3 view .LVU622
1070:./lwip-2.1.2/src/api/api_msg.c ****         API_EVENT(conn, NETCONN_EVT_RCVPLUS, 0);
 1748              		.loc 1 1070 7 view .LVU623
1070:./lwip-2.1.2/src/api/api_msg.c ****         API_EVENT(conn, NETCONN_EVT_RCVPLUS, 0);
 1749              		.loc 1 1070 10 is_stmt 0 view .LVU624
 1750 056c 002F     		cmp	r7, #0
 1751 056e 7FF466AF 		bne	.L201
 1752 0572 D9E7     		b	.L204
 1753              	.LVL178:
 1754              	.L243:
1070:./lwip-2.1.2/src/api/api_msg.c ****         API_EVENT(conn, NETCONN_EVT_RCVPLUS, 0);
 1755              		.loc 1 1070 10 view .LVU625
 1756              	.LBE74:
 959:./lwip-2.1.2/src/api/api_msg.c ****     tcp_accept(tpcb, NULL);
 1757              		.loc 1 959 3 is_stmt 1 view .LVU626
 959:./lwip-2.1.2/src/api/api_msg.c ****     tcp_accept(tpcb, NULL);
 1758              		.loc 1 959 6 is_stmt 0 view .LVU627
 1759 0574 012B     		cmp	r3, #1
 1760 0576 AAD0     		beq	.L184
 963:./lwip-2.1.2/src/api/api_msg.c ****       tcp_recv(tpcb, NULL);
 1761              		.loc 1 963 5 is_stmt 1 view .LVU628
 964:./lwip-2.1.2/src/api/api_msg.c ****       tcp_accept(tpcb, NULL);
 1762              		.loc 1 964 7 view .LVU629
 1763 0578 4946     		mov	r1, r9
 1764 057a 2846     		mov	r0, r5
 1765              	.LVL179:
 964:./lwip-2.1.2/src/api/api_msg.c ****       tcp_accept(tpcb, NULL);
 1766              		.loc 1 964 7 is_stmt 0 view .LVU630
 1767 057c FFF7FEFF 		bl	tcp_recv
 1768              	.LVL180:
 965:./lwip-2.1.2/src/api/api_msg.c ****     }
 1769              		.loc 1 965 7 is_stmt 1 view .LVU631
 1770 0580 4946     		mov	r1, r9
 1771 0582 2846     		mov	r0, r5
 1772 0584 FFF7FEFF 		bl	tcp_accept
 1773              	.LVL181:
 967:./lwip-2.1.2/src/api/api_msg.c ****       tcp_sent(tpcb, NULL);
 1774              		.loc 1 967 5 view .LVU632
 968:./lwip-2.1.2/src/api/api_msg.c ****     }
 1775              		.loc 1 968 7 view .LVU633
 1776 0588 4946     		mov	r1, r9
 1777 058a 2846     		mov	r0, r5
 1778 058c FFF7FEFF 		bl	tcp_sent
 1779              	.LVL182:
 970:./lwip-2.1.2/src/api/api_msg.c ****       tcp_poll(tpcb, NULL, 0);
 1780              		.loc 1 970 5 view .LVU634
 1781 0590 3FE7     		b	.L183
 1782              	.L198:
 1783              	.LVL183:
1056:./lwip-2.1.2/src/api/api_msg.c ****     /* Closing done (succeeded, non-memory error, nonblocking error or timeout) */
 1784              		.loc 1 1056 3 view .LVU635
1086:./lwip-2.1.2/src/api/api_msg.c ****     /* Closing failed and we want to wait: restore some of the callbacks */
 1785              		.loc 1 1086 3 view .LVU636
1089:./lwip-2.1.2/src/api/api_msg.c ****     if (shut_tx) {
 1786              		.loc 1 1089 79 view .LVU637
1090:./lwip-2.1.2/src/api/api_msg.c ****       tcp_sent(tpcb, sent_tcp);
 1787              		.loc 1 1090 5 view .LVU638
1090:./lwip-2.1.2/src/api/api_msg.c ****       tcp_sent(tpcb, sent_tcp);
 1788              		.loc 1 1090 8 is_stmt 0 view .LVU639
 1789 0592 B8F1000F 		cmp	r8, #0
 1790 0596 0FD1     		bne	.L245
 1791              	.L200:
1094:./lwip-2.1.2/src/api/api_msg.c ****     tcp_err(tpcb, err_tcp);
 1792              		.loc 1 1094 5 is_stmt 1 view .LVU640
 1793 0598 0122     		movs	r2, #1
 1794 059a 1049     		ldr	r1, .L246
 1795 059c 2846     		mov	r0, r5
 1796 059e FFF7FEFF 		bl	tcp_poll
 1797              	.LVL184:
1095:./lwip-2.1.2/src/api/api_msg.c ****     tcp_arg(tpcb, conn);
 1798              		.loc 1 1095 5 view .LVU641
 1799 05a2 0F49     		ldr	r1, .L246+4
 1800 05a4 2846     		mov	r0, r5
 1801 05a6 FFF7FEFF 		bl	tcp_err
 1802              	.LVL185:
1096:./lwip-2.1.2/src/api/api_msg.c ****     /* don't restore recv callback: we don't want to receive any more data */
 1803              		.loc 1 1096 5 view .LVU642
 1804 05aa 2846     		mov	r0, r5
 1805 05ac 2146     		mov	r1, r4
 1806 05ae FFF7FEFF 		bl	tcp_arg
 1807              	.LVL186:
1101:./lwip-2.1.2/src/api/api_msg.c ****   return err;
 1808              		.loc 1 1101 46 view .LVU643
1102:./lwip-2.1.2/src/api/api_msg.c **** }
 1809              		.loc 1 1102 3 view .LVU644
1102:./lwip-2.1.2/src/api/api_msg.c **** }
 1810              		.loc 1 1102 10 is_stmt 0 view .LVU645
 1811 05b2 4FF0FF30 		mov	r0, #-1
 1812 05b6 45E7     		b	.L238
 1813              	.L245:
1091:./lwip-2.1.2/src/api/api_msg.c ****     }
 1814              		.loc 1 1091 7 is_stmt 1 view .LVU646
 1815 05b8 0A49     		ldr	r1, .L246+8
 1816 05ba 2846     		mov	r0, r5
 1817 05bc FFF7FEFF 		bl	tcp_sent
 1818              	.LVL187:
 1819 05c0 EAE7     		b	.L200
 1820              	.LVL188:
 1821              	.L189:
 964:./lwip-2.1.2/src/api/api_msg.c ****       tcp_accept(tpcb, NULL);
 1822              		.loc 1 964 7 view .LVU647
 1823 05c2 2846     		mov	r0, r5
 1824 05c4 0021     		movs	r1, #0
 1825 05c6 FFF7FEFF 		bl	tcp_recv
 1826              	.LVL189:
 965:./lwip-2.1.2/src/api/api_msg.c ****     }
 1827              		.loc 1 965 7 view .LVU648
 1828 05ca 2846     		mov	r0, r5
 1829 05cc 0021     		movs	r1, #0
 1830 05ce FFF7FEFF 		bl	tcp_accept
 1831              	.LVL190:
 967:./lwip-2.1.2/src/api/api_msg.c ****       tcp_sent(tpcb, NULL);
 1832              		.loc 1 967 5 view .LVU649
 968:./lwip-2.1.2/src/api/api_msg.c ****     }
 1833              		.loc 1 968 7 view .LVU650
 1834 05d2 0021     		movs	r1, #0
 1835 05d4 2846     		mov	r0, r5
 1836 05d6 FFF7FEFF 		bl	tcp_sent
 1837              	.LVL191:
 970:./lwip-2.1.2/src/api/api_msg.c ****       tcp_poll(tpcb, NULL, 0);
 1838              		.loc 1 970 5 view .LVU651
 1839 05da 56E7     		b	.L190
 1840              	.L247:
 1841              		.align	2
 1842              	.L246:
 1843 05dc 00000000 		.word	poll_tcp
 1844 05e0 00000000 		.word	err_tcp
 1845 05e4 00000000 		.word	sent_tcp
 1846              		.cfi_endproc
 1847              	.LFE184:
 1849              		.align	1
 1850              		.p2align 2,,3
 1851              		.syntax unified
 1852              		.thumb
 1853              		.thumb_func
 1855              	poll_tcp:
 1856              	.LVL192:
 1857              	.LFB174:
 358:./lwip-2.1.2/src/api/api_msg.c ****   struct netconn *conn = (struct netconn *)arg;
 1858              		.loc 1 358 1 view -0
 1859              		.cfi_startproc
 1860              		@ args = 0, pretend = 0, frame = 0
 1861              		@ frame_needed = 0, uses_anonymous_args = 0
 359:./lwip-2.1.2/src/api/api_msg.c **** 
 1862              		.loc 1 359 3 view .LVU653
 358:./lwip-2.1.2/src/api/api_msg.c ****   struct netconn *conn = (struct netconn *)arg;
 1863              		.loc 1 358 1 is_stmt 0 view .LVU654
 1864 05e8 38B5     		push	{r3, r4, r5, lr}
 1865              	.LCFI19:
 1866              		.cfi_def_cfa_offset 16
 1867              		.cfi_offset 3, -16
 1868              		.cfi_offset 4, -12
 1869              		.cfi_offset 5, -8
 1870              		.cfi_offset 14, -4
 364:./lwip-2.1.2/src/api/api_msg.c ****     lwip_netconn_do_writemore(conn  WRITE_DELAYED);
 1871              		.loc 1 364 11 view .LVU655
 1872 05ea 4178     		ldrb	r1, [r0, #1]	@ zero_extendqisi2
 1873              	.LVL193:
 358:./lwip-2.1.2/src/api/api_msg.c ****   struct netconn *conn = (struct netconn *)arg;
 1874              		.loc 1 358 1 view .LVU656
 1875 05ec 0446     		mov	r4, r0
 1876              	.LVL194:
 361:./lwip-2.1.2/src/api/api_msg.c ****   LWIP_ASSERT("conn != NULL", (conn != NULL));
 1877              		.loc 1 361 3 is_stmt 1 view .LVU657
 362:./lwip-2.1.2/src/api/api_msg.c **** 
 1878              		.loc 1 362 46 view .LVU658
 364:./lwip-2.1.2/src/api/api_msg.c ****     lwip_netconn_do_writemore(conn  WRITE_DELAYED);
 1879              		.loc 1 364 3 view .LVU659
 364:./lwip-2.1.2/src/api/api_msg.c ****     lwip_netconn_do_writemore(conn  WRITE_DELAYED);
 1880              		.loc 1 364 6 is_stmt 0 view .LVU660
 1881 05ee 0129     		cmp	r1, #1
 1882 05f0 25D0     		beq	.L268
 366:./lwip-2.1.2/src/api/api_msg.c **** #if !LWIP_SO_SNDTIMEO && !LWIP_SO_LINGER
 1883              		.loc 1 366 10 is_stmt 1 view .LVU661
 366:./lwip-2.1.2/src/api/api_msg.c **** #if !LWIP_SO_SNDTIMEO && !LWIP_SO_LINGER
 1884              		.loc 1 366 13 is_stmt 0 view .LVU662
 1885 05f2 0429     		cmp	r1, #4
 1886 05f4 18D0     		beq	.L269
 1887              	.LVL195:
 1888              	.L250:
 377:./lwip-2.1.2/src/api/api_msg.c ****     /* If the queued byte- or pbuf-count drops below the configured low-water limit,
 1889              		.loc 1 377 3 is_stmt 1 view .LVU663
 377:./lwip-2.1.2/src/api/api_msg.c ****     /* If the queued byte- or pbuf-count drops below the configured low-water limit,
 1890              		.loc 1 377 11 is_stmt 0 view .LVU664
 1891 05f6 237F     		ldrb	r3, [r4, #28]	@ zero_extendqisi2
 377:./lwip-2.1.2/src/api/api_msg.c ****     /* If the queued byte- or pbuf-count drops below the configured low-water limit,
 1892              		.loc 1 377 6 view .LVU665
 1893 05f8 DA06     		lsls	r2, r3, #27
 1894 05fa 13D5     		bpl	.L253
 380:./lwip-2.1.2/src/api/api_msg.c ****         (tcp_sndqueuelen(conn->pcb.tcp) < TCP_SNDQUEUELOWAT)) {
 1895              		.loc 1 380 5 is_stmt 1 view .LVU666
 380:./lwip-2.1.2/src/api/api_msg.c ****         (tcp_sndqueuelen(conn->pcb.tcp) < TCP_SNDQUEUELOWAT)) {
 1896              		.loc 1 380 19 is_stmt 0 view .LVU667
 1897 05fc 6268     		ldr	r2, [r4, #4]
 380:./lwip-2.1.2/src/api/api_msg.c ****         (tcp_sndqueuelen(conn->pcb.tcp) < TCP_SNDQUEUELOWAT)) {
 1898              		.loc 1 380 8 view .LVU668
 1899 05fe 8AB1     		cbz	r2, .L253
 380:./lwip-2.1.2/src/api/api_msg.c ****         (tcp_sndqueuelen(conn->pcb.tcp) < TCP_SNDQUEUELOWAT)) {
 1900              		.loc 1 380 33 discriminator 1 view .LVU669
 1901 0600 B2F86410 		ldrh	r1, [r2, #100]
 1902 0604 B1F5866F 		cmp	r1, #1072
 1903 0608 0CD3     		bcc	.L253
 380:./lwip-2.1.2/src/api/api_msg.c ****         (tcp_sndqueuelen(conn->pcb.tcp) < TCP_SNDQUEUELOWAT)) {
 1904              		.loc 1 380 79 discriminator 2 view .LVU670
 1905 060a B2F86620 		ldrh	r2, [r2, #102]
 1906 060e 042A     		cmp	r2, #4
 1907 0610 08D8     		bhi	.L253
 382:./lwip-2.1.2/src/api/api_msg.c ****       API_EVENT(conn, NETCONN_EVT_SENDPLUS, 0);
 1908              		.loc 1 382 7 is_stmt 1 view .LVU671
 382:./lwip-2.1.2/src/api/api_msg.c ****       API_EVENT(conn, NETCONN_EVT_SENDPLUS, 0);
 1909              		.loc 1 382 7 view .LVU672
 1910 0612 23F01003 		bic	r3, r3, #16
 383:./lwip-2.1.2/src/api/api_msg.c ****     }
 1911              		.loc 1 383 7 is_stmt 0 view .LVU673
 1912 0616 656A     		ldr	r5, [r4, #36]
 382:./lwip-2.1.2/src/api/api_msg.c ****       API_EVENT(conn, NETCONN_EVT_SENDPLUS, 0);
 1913              		.loc 1 382 7 view .LVU674
 1914 0618 2377     		strb	r3, [r4, #28]
 382:./lwip-2.1.2/src/api/api_msg.c ****       API_EVENT(conn, NETCONN_EVT_SENDPLUS, 0);
 1915              		.loc 1 382 7 is_stmt 1 view .LVU675
 383:./lwip-2.1.2/src/api/api_msg.c ****     }
 1916              		.loc 1 383 7 view .LVU676
 1917 061a 1DB1     		cbz	r5, .L253
 383:./lwip-2.1.2/src/api/api_msg.c ****     }
 1918              		.loc 1 383 7 discriminator 1 view .LVU677
 1919 061c 0022     		movs	r2, #0
 1920 061e 0221     		movs	r1, #2
 1921 0620 2046     		mov	r0, r4
 1922 0622 A847     		blx	r5
 1923              	.LVL196:
 1924              	.L253:
 383:./lwip-2.1.2/src/api/api_msg.c ****     }
 1925              		.loc 1 383 47 discriminator 3 view .LVU678
 387:./lwip-2.1.2/src/api/api_msg.c **** }
 1926              		.loc 1 387 3 view .LVU679
 388:./lwip-2.1.2/src/api/api_msg.c **** 
 1927              		.loc 1 388 1 is_stmt 0 view .LVU680
 1928 0624 0020     		movs	r0, #0
 1929 0626 38BD     		pop	{r3, r4, r5, pc}
 1930              	.LVL197:
 1931              	.L269:
 368:./lwip-2.1.2/src/api/api_msg.c ****       conn->current_msg->msg.sd.polls_left--;
 1932              		.loc 1 368 5 is_stmt 1 view .LVU681
 368:./lwip-2.1.2/src/api/api_msg.c ****       conn->current_msg->msg.sd.polls_left--;
 1933              		.loc 1 368 13 is_stmt 0 view .LVU682
 1934 0628 036A     		ldr	r3, [r0, #32]
 368:./lwip-2.1.2/src/api/api_msg.c ****       conn->current_msg->msg.sd.polls_left--;
 1935              		.loc 1 368 8 view .LVU683
 1936 062a 1BB1     		cbz	r3, .L251
 368:./lwip-2.1.2/src/api/api_msg.c ****       conn->current_msg->msg.sd.polls_left--;
 1937              		.loc 1 368 55 discriminator 1 view .LVU684
 1938 062c 5A7A     		ldrb	r2, [r3, #9]	@ zero_extendqisi2
 368:./lwip-2.1.2/src/api/api_msg.c ****       conn->current_msg->msg.sd.polls_left--;
 1939              		.loc 1 368 27 discriminator 1 view .LVU685
 1940 062e 0AB1     		cbz	r2, .L251
 369:./lwip-2.1.2/src/api/api_msg.c ****     }
 1941              		.loc 1 369 7 is_stmt 1 view .LVU686
 369:./lwip-2.1.2/src/api/api_msg.c ****     }
 1942              		.loc 1 369 43 is_stmt 0 view .LVU687
 1943 0630 013A     		subs	r2, r2, #1
 1944 0632 5A72     		strb	r2, [r3, #9]
 1945              	.L251:
 372:./lwip-2.1.2/src/api/api_msg.c ****   }
 1946              		.loc 1 372 5 is_stmt 1 view .LVU688
 1947 0634 0121     		movs	r1, #1
 1948 0636 2046     		mov	r0, r4
 1949              	.LVL198:
 372:./lwip-2.1.2/src/api/api_msg.c ****   }
 1950              		.loc 1 372 5 is_stmt 0 view .LVU689
 1951 0638 FFF7CAFE 		bl	lwip_netconn_do_close_internal
 1952              	.LVL199:
 1953 063c DBE7     		b	.L250
 1954              	.LVL200:
 1955              	.L268:
 365:./lwip-2.1.2/src/api/api_msg.c ****   } else if (conn->state == NETCONN_CLOSE) {
 1956              		.loc 1 365 5 is_stmt 1 view .LVU690
 1957 063e FFF7C5FD 		bl	lwip_netconn_do_writemore
 1958              	.LVL201:
 365:./lwip-2.1.2/src/api/api_msg.c ****   } else if (conn->state == NETCONN_CLOSE) {
 1959              		.loc 1 365 5 is_stmt 0 view .LVU691
 1960 0642 D8E7     		b	.L250
 1961              		.cfi_endproc
 1962              	.LFE174:
 1964              		.align	1
 1965              		.p2align 2,,3
 1966              		.syntax unified
 1967              		.thumb
 1968              		.thumb_func
 1970              	sent_tcp:
 1971              	.LVL202:
 1972              	.LFB175:
 399:./lwip-2.1.2/src/api/api_msg.c ****   struct netconn *conn = (struct netconn *)arg;
 1973              		.loc 1 399 1 is_stmt 1 view -0
 1974              		.cfi_startproc
 1975              		@ args = 0, pretend = 0, frame = 0
 1976              		@ frame_needed = 0, uses_anonymous_args = 0
 400:./lwip-2.1.2/src/api/api_msg.c **** 
 1977              		.loc 1 400 3 view .LVU693
 402:./lwip-2.1.2/src/api/api_msg.c ****   LWIP_ASSERT("conn != NULL", (conn != NULL));
 1978              		.loc 1 402 3 view .LVU694
 403:./lwip-2.1.2/src/api/api_msg.c **** 
 1979              		.loc 1 403 46 view .LVU695
 405:./lwip-2.1.2/src/api/api_msg.c ****     if (conn->state == NETCONN_WRITE) {
 1980              		.loc 1 405 3 view .LVU696
 405:./lwip-2.1.2/src/api/api_msg.c ****     if (conn->state == NETCONN_WRITE) {
 1981              		.loc 1 405 6 is_stmt 0 view .LVU697
 1982 0644 F0B1     		cbz	r0, .L283
 399:./lwip-2.1.2/src/api/api_msg.c ****   struct netconn *conn = (struct netconn *)arg;
 1983              		.loc 1 399 1 view .LVU698
 1984 0646 70B5     		push	{r4, r5, r6, lr}
 1985              	.LCFI20:
 1986              		.cfi_def_cfa_offset 16
 1987              		.cfi_offset 4, -16
 1988              		.cfi_offset 5, -12
 1989              		.cfi_offset 6, -8
 1990              		.cfi_offset 14, -4
 406:./lwip-2.1.2/src/api/api_msg.c ****       lwip_netconn_do_writemore(conn  WRITE_DELAYED);
 1991              		.loc 1 406 13 view .LVU699
 1992 0648 4178     		ldrb	r1, [r0, #1]	@ zero_extendqisi2
 1993              	.LVL203:
 406:./lwip-2.1.2/src/api/api_msg.c ****       lwip_netconn_do_writemore(conn  WRITE_DELAYED);
 1994              		.loc 1 406 13 view .LVU700
 1995 064a 0446     		mov	r4, r0
 1996 064c 1546     		mov	r5, r2
 406:./lwip-2.1.2/src/api/api_msg.c ****       lwip_netconn_do_writemore(conn  WRITE_DELAYED);
 1997              		.loc 1 406 5 is_stmt 1 view .LVU701
 406:./lwip-2.1.2/src/api/api_msg.c ****       lwip_netconn_do_writemore(conn  WRITE_DELAYED);
 1998              		.loc 1 406 8 is_stmt 0 view .LVU702
 1999 064e 0129     		cmp	r1, #1
 2000 0650 21D0     		beq	.L286
 408:./lwip-2.1.2/src/api/api_msg.c ****       lwip_netconn_do_close_internal(conn  WRITE_DELAYED);
 2001              		.loc 1 408 12 is_stmt 1 view .LVU703
 408:./lwip-2.1.2/src/api/api_msg.c ****       lwip_netconn_do_close_internal(conn  WRITE_DELAYED);
 2002              		.loc 1 408 15 is_stmt 0 view .LVU704
 2003 0652 0429     		cmp	r1, #4
 2004 0654 18D0     		beq	.L287
 414:./lwip-2.1.2/src/api/api_msg.c ****         (tcp_sndqueuelen(conn->pcb.tcp) < TCP_SNDQUEUELOWAT)) {
 2005              		.loc 1 414 5 is_stmt 1 view .LVU705
 414:./lwip-2.1.2/src/api/api_msg.c ****         (tcp_sndqueuelen(conn->pcb.tcp) < TCP_SNDQUEUELOWAT)) {
 2006              		.loc 1 414 19 is_stmt 0 view .LVU706
 2007 0656 6368     		ldr	r3, [r4, #4]
 414:./lwip-2.1.2/src/api/api_msg.c ****         (tcp_sndqueuelen(conn->pcb.tcp) < TCP_SNDQUEUELOWAT)) {
 2008              		.loc 1 414 8 view .LVU707
 2009 0658 93B1     		cbz	r3, .L272
 2010              	.LVL204:
 2011              	.L288:
 414:./lwip-2.1.2/src/api/api_msg.c ****         (tcp_sndqueuelen(conn->pcb.tcp) < TCP_SNDQUEUELOWAT)) {
 2012              		.loc 1 414 33 discriminator 1 view .LVU708
 2013 065a B3F86420 		ldrh	r2, [r3, #100]
 2014 065e B2F5866F 		cmp	r2, #1072
 2015 0662 0DD3     		bcc	.L272
 414:./lwip-2.1.2/src/api/api_msg.c ****         (tcp_sndqueuelen(conn->pcb.tcp) < TCP_SNDQUEUELOWAT)) {
 2016              		.loc 1 414 79 discriminator 2 view .LVU709
 2017 0664 B3F86630 		ldrh	r3, [r3, #102]
 2018 0668 042B     		cmp	r3, #4
 2019 066a 09D8     		bhi	.L272
 416:./lwip-2.1.2/src/api/api_msg.c ****       API_EVENT(conn, NETCONN_EVT_SENDPLUS, len);
 2020              		.loc 1 416 7 is_stmt 1 view .LVU710
 416:./lwip-2.1.2/src/api/api_msg.c ****       API_EVENT(conn, NETCONN_EVT_SENDPLUS, len);
 2021              		.loc 1 416 7 view .LVU711
 2022 066c 237F     		ldrb	r3, [r4, #28]	@ zero_extendqisi2
 417:./lwip-2.1.2/src/api/api_msg.c ****     }
 2023              		.loc 1 417 7 is_stmt 0 view .LVU712
 2024 066e 666A     		ldr	r6, [r4, #36]
 416:./lwip-2.1.2/src/api/api_msg.c ****       API_EVENT(conn, NETCONN_EVT_SENDPLUS, len);
 2025              		.loc 1 416 7 view .LVU713
 2026 0670 23F01003 		bic	r3, r3, #16
 2027 0674 2377     		strb	r3, [r4, #28]
 416:./lwip-2.1.2/src/api/api_msg.c ****       API_EVENT(conn, NETCONN_EVT_SENDPLUS, len);
 2028              		.loc 1 416 7 is_stmt 1 view .LVU714
 417:./lwip-2.1.2/src/api/api_msg.c ****     }
 2029              		.loc 1 417 7 view .LVU715
 2030 0676 1EB1     		cbz	r6, .L272
 417:./lwip-2.1.2/src/api/api_msg.c ****     }
 2031              		.loc 1 417 7 discriminator 1 view .LVU716
 2032 0678 2A46     		mov	r2, r5
 2033 067a 0221     		movs	r1, #2
 2034 067c 2046     		mov	r0, r4
 2035 067e B047     		blx	r6
 2036              	.LVL205:
 2037              	.L272:
 417:./lwip-2.1.2/src/api/api_msg.c ****     }
 2038              		.loc 1 417 49 discriminator 3 view .LVU717
 421:./lwip-2.1.2/src/api/api_msg.c **** }
 2039              		.loc 1 421 3 view .LVU718
 422:./lwip-2.1.2/src/api/api_msg.c **** 
 2040              		.loc 1 422 1 is_stmt 0 view .LVU719
 2041 0680 0020     		movs	r0, #0
 2042 0682 70BD     		pop	{r4, r5, r6, pc}
 2043              	.LVL206:
 2044              	.L283:
 2045              	.LCFI21:
 2046              		.cfi_def_cfa_offset 0
 2047              		.cfi_restore 4
 2048              		.cfi_restore 5
 2049              		.cfi_restore 6
 2050              		.cfi_restore 14
 417:./lwip-2.1.2/src/api/api_msg.c ****     }
 2051              		.loc 1 417 49 is_stmt 1 discriminator 3 view .LVU720
 421:./lwip-2.1.2/src/api/api_msg.c **** }
 2052              		.loc 1 421 3 view .LVU721
 422:./lwip-2.1.2/src/api/api_msg.c **** 
 2053              		.loc 1 422 1 is_stmt 0 view .LVU722
 2054 0684 0020     		movs	r0, #0
 2055              	.LVL207:
 422:./lwip-2.1.2/src/api/api_msg.c **** 
 2056              		.loc 1 422 1 view .LVU723
 2057 0686 7047     		bx	lr
 2058              	.LVL208:
 2059              	.L287:
 2060              	.LCFI22:
 2061              		.cfi_def_cfa_offset 16
 2062              		.cfi_offset 4, -16
 2063              		.cfi_offset 5, -12
 2064              		.cfi_offset 6, -8
 2065              		.cfi_offset 14, -4
 409:./lwip-2.1.2/src/api/api_msg.c ****     }
 2066              		.loc 1 409 7 is_stmt 1 view .LVU724
 2067 0688 0121     		movs	r1, #1
 2068 068a FFF7A1FE 		bl	lwip_netconn_do_close_internal
 2069              	.LVL209:
 414:./lwip-2.1.2/src/api/api_msg.c ****         (tcp_sndqueuelen(conn->pcb.tcp) < TCP_SNDQUEUELOWAT)) {
 2070              		.loc 1 414 5 view .LVU725
 414:./lwip-2.1.2/src/api/api_msg.c ****         (tcp_sndqueuelen(conn->pcb.tcp) < TCP_SNDQUEUELOWAT)) {
 2071              		.loc 1 414 19 is_stmt 0 view .LVU726
 2072 068e 6368     		ldr	r3, [r4, #4]
 414:./lwip-2.1.2/src/api/api_msg.c ****         (tcp_sndqueuelen(conn->pcb.tcp) < TCP_SNDQUEUELOWAT)) {
 2073              		.loc 1 414 8 view .LVU727
 2074 0690 002B     		cmp	r3, #0
 2075 0692 E2D1     		bne	.L288
 2076 0694 F4E7     		b	.L272
 2077              	.LVL210:
 2078              	.L286:
 407:./lwip-2.1.2/src/api/api_msg.c ****     } else if (conn->state == NETCONN_CLOSE) {
 2079              		.loc 1 407 7 is_stmt 1 view .LVU728
 2080 0696 FFF799FD 		bl	lwip_netconn_do_writemore
 2081              	.LVL211:
 414:./lwip-2.1.2/src/api/api_msg.c ****         (tcp_sndqueuelen(conn->pcb.tcp) < TCP_SNDQUEUELOWAT)) {
 2082              		.loc 1 414 5 view .LVU729
 414:./lwip-2.1.2/src/api/api_msg.c ****         (tcp_sndqueuelen(conn->pcb.tcp) < TCP_SNDQUEUELOWAT)) {
 2083              		.loc 1 414 19 is_stmt 0 view .LVU730
 2084 069a 6368     		ldr	r3, [r4, #4]
 414:./lwip-2.1.2/src/api/api_msg.c ****         (tcp_sndqueuelen(conn->pcb.tcp) < TCP_SNDQUEUELOWAT)) {
 2085              		.loc 1 414 8 view .LVU731
 2086 069c 002B     		cmp	r3, #0
 2087 069e DCD1     		bne	.L288
 2088 06a0 EEE7     		b	.L272
 2089              		.cfi_endproc
 2090              	.LFE175:
 2092              		.align	1
 2093 06a2 00BF     		.p2align 2,,3
 2094              		.syntax unified
 2095              		.thumb
 2096              		.thumb_func
 2098              	recv_tcp:
 2099              	.LVL212:
 2100              	.LFB173:
 294:./lwip-2.1.2/src/api/api_msg.c ****   struct netconn *conn;
 2101              		.loc 1 294 1 is_stmt 1 view -0
 2102              		.cfi_startproc
 2103              		@ args = 0, pretend = 0, frame = 0
 2104              		@ frame_needed = 0, uses_anonymous_args = 0
 295:./lwip-2.1.2/src/api/api_msg.c ****   u16_t len;
 2105              		.loc 1 295 3 view .LVU733
 296:./lwip-2.1.2/src/api/api_msg.c ****   void *msg;
 2106              		.loc 1 296 3 view .LVU734
 297:./lwip-2.1.2/src/api/api_msg.c **** 
 2107              		.loc 1 297 3 view .LVU735
 299:./lwip-2.1.2/src/api/api_msg.c ****   LWIP_ASSERT("recv_tcp must have a pcb argument", pcb != NULL);
 2108              		.loc 1 299 3 view .LVU736
 300:./lwip-2.1.2/src/api/api_msg.c ****   LWIP_ASSERT("recv_tcp must have an argument", arg != NULL);
 2109              		.loc 1 300 64 view .LVU737
 301:./lwip-2.1.2/src/api/api_msg.c ****   LWIP_ASSERT("err != ERR_OK unhandled", err == ERR_OK);
 2110              		.loc 1 301 61 view .LVU738
 302:./lwip-2.1.2/src/api/api_msg.c ****   LWIP_UNUSED_ARG(err); /* for LWIP_NOASSERT */
 2111              		.loc 1 302 56 view .LVU739
 303:./lwip-2.1.2/src/api/api_msg.c ****   conn = (struct netconn *)arg;
 2112              		.loc 1 303 3 view .LVU740
 304:./lwip-2.1.2/src/api/api_msg.c **** 
 2113              		.loc 1 304 3 view .LVU741
 306:./lwip-2.1.2/src/api/api_msg.c ****     return ERR_VAL;
 2114              		.loc 1 306 3 view .LVU742
 306:./lwip-2.1.2/src/api/api_msg.c ****     return ERR_VAL;
 2115              		.loc 1 306 6 is_stmt 0 view .LVU743
 2116 06a4 28B3     		cbz	r0, .L296
 309:./lwip-2.1.2/src/api/api_msg.c **** 
 2117              		.loc 1 309 69 is_stmt 1 view .LVU744
 311:./lwip-2.1.2/src/api/api_msg.c ****     /* recvmbox already deleted */
 2118              		.loc 1 311 3 view .LVU745
 2119 06a6 0B46     		mov	r3, r1
 2120              	.LVL213:
 311:./lwip-2.1.2/src/api/api_msg.c ****     /* recvmbox already deleted */
 2121              		.loc 1 311 7 is_stmt 0 discriminator 1 view .LVU746
 2122 06a8 0169     		ldr	r1, [r0, #16]
 2123              	.LVL214:
 294:./lwip-2.1.2/src/api/api_msg.c ****   struct netconn *conn;
 2124              		.loc 1 294 1 view .LVU747
 2125 06aa 70B5     		push	{r4, r5, r6, lr}
 2126              	.LCFI23:
 2127              		.cfi_def_cfa_offset 16
 2128              		.cfi_offset 4, -16
 2129              		.cfi_offset 5, -12
 2130              		.cfi_offset 6, -8
 2131              		.cfi_offset 14, -4
 2132 06ac 0446     		mov	r4, r0
 2133 06ae 1546     		mov	r5, r2
 311:./lwip-2.1.2/src/api/api_msg.c ****     /* recvmbox already deleted */
 2134              		.loc 1 311 7 discriminator 1 view .LVU748
 2135 06b0 91B1     		cbz	r1, .L306
 323:./lwip-2.1.2/src/api/api_msg.c ****     msg = p;
 2136              		.loc 1 323 3 is_stmt 1 view .LVU749
 323:./lwip-2.1.2/src/api/api_msg.c ****     msg = p;
 2137              		.loc 1 323 6 is_stmt 0 view .LVU750
 2138 06b2 72B1     		cbz	r2, .L297
 324:./lwip-2.1.2/src/api/api_msg.c ****     len = p->tot_len;
 2139              		.loc 1 324 5 is_stmt 1 view .LVU751
 2140              	.LVL215:
 325:./lwip-2.1.2/src/api/api_msg.c ****   } else {
 2141              		.loc 1 325 5 view .LVU752
 325:./lwip-2.1.2/src/api/api_msg.c ****   } else {
 2142              		.loc 1 325 9 is_stmt 0 view .LVU753
 2143 06b4 1689     		ldrh	r6, [r2, #8]
 2144              	.LVL216:
 2145              	.L294:
 331:./lwip-2.1.2/src/api/api_msg.c ****     /* don't deallocate p: it is presented to us later again from tcp_fasttmr! */
 2146              		.loc 1 331 3 is_stmt 1 view .LVU754
 331:./lwip-2.1.2/src/api/api_msg.c ****     /* don't deallocate p: it is presented to us later again from tcp_fasttmr! */
 2147              		.loc 1 331 7 is_stmt 0 view .LVU755
 2148 06b6 2946     		mov	r1, r5
 2149 06b8 04F11000 		add	r0, r4, #16
 2150              	.LVL217:
 331:./lwip-2.1.2/src/api/api_msg.c ****     /* don't deallocate p: it is presented to us later again from tcp_fasttmr! */
 2151              		.loc 1 331 7 view .LVU756
 2152 06bc FFF7FEFF 		bl	sys_mbox_trypost
 2153              	.LVL218:
 331:./lwip-2.1.2/src/api/api_msg.c ****     /* don't deallocate p: it is presented to us later again from tcp_fasttmr! */
 2154              		.loc 1 331 6 discriminator 1 view .LVU757
 2155 06c0 0146     		mov	r1, r0
 2156 06c2 98B9     		cbnz	r0, .L298
 339:./lwip-2.1.2/src/api/api_msg.c ****   }
 2157              		.loc 1 339 5 is_stmt 1 view .LVU758
 2158 06c4 636A     		ldr	r3, [r4, #36]
 2159 06c6 13B1     		cbz	r3, .L293
 339:./lwip-2.1.2/src/api/api_msg.c ****   }
 2160              		.loc 1 339 5 discriminator 1 view .LVU759
 2161 06c8 3246     		mov	r2, r6
 2162 06ca 2046     		mov	r0, r4
 2163 06cc 9847     		blx	r3
 2164              	.LVL219:
 2165              	.L293:
 317:./lwip-2.1.2/src/api/api_msg.c ****   }
 2166              		.loc 1 317 12 is_stmt 0 view .LVU760
 2167 06ce 0020     		movs	r0, #0
 343:./lwip-2.1.2/src/api/api_msg.c **** 
 2168              		.loc 1 343 1 view .LVU761
 2169 06d0 70BD     		pop	{r4, r5, r6, pc}
 2170              	.LVL220:
 2171              	.L297:
 327:./lwip-2.1.2/src/api/api_msg.c ****     len = 0;
 2172              		.loc 1 327 9 view .LVU762
 2173 06d2 094D     		ldr	r5, .L307
 328:./lwip-2.1.2/src/api/api_msg.c ****   }
 2174              		.loc 1 328 9 view .LVU763
 2175 06d4 1646     		mov	r6, r2
 2176 06d6 EEE7     		b	.L294
 2177              	.L306:
 313:./lwip-2.1.2/src/api/api_msg.c ****       tcp_recved(pcb, p->tot_len);
 2178              		.loc 1 313 5 is_stmt 1 view .LVU764
 313:./lwip-2.1.2/src/api/api_msg.c ****       tcp_recved(pcb, p->tot_len);
 2179              		.loc 1 313 8 is_stmt 0 view .LVU765
 2180 06d8 002A     		cmp	r2, #0
 2181 06da F8D0     		beq	.L293
 314:./lwip-2.1.2/src/api/api_msg.c ****       pbuf_free(p);
 2182              		.loc 1 314 7 is_stmt 1 view .LVU766
 2183 06dc 1846     		mov	r0, r3
 2184              	.LVL221:
 314:./lwip-2.1.2/src/api/api_msg.c ****       pbuf_free(p);
 2185              		.loc 1 314 7 is_stmt 0 view .LVU767
 2186 06de 1189     		ldrh	r1, [r2, #8]
 2187 06e0 FFF7FEFF 		bl	tcp_recved
 2188              	.LVL222:
 315:./lwip-2.1.2/src/api/api_msg.c ****     }
 2189              		.loc 1 315 7 is_stmt 1 view .LVU768
 2190 06e4 2846     		mov	r0, r5
 2191 06e6 FFF7FEFF 		bl	pbuf_free
 2192              	.LVL223:
 2193 06ea F0E7     		b	.L293
 2194              	.LVL224:
 2195              	.L298:
 333:./lwip-2.1.2/src/api/api_msg.c ****   } else {
 2196              		.loc 1 333 12 is_stmt 0 view .LVU769
 2197 06ec 4FF0FF30 		mov	r0, #-1
 343:./lwip-2.1.2/src/api/api_msg.c **** 
 2198              		.loc 1 343 1 view .LVU770
 2199 06f0 70BD     		pop	{r4, r5, r6, pc}
 2200              	.LVL225:
 2201              	.L296:
 2202              	.LCFI24:
 2203              		.cfi_def_cfa_offset 0
 2204              		.cfi_restore 4
 2205              		.cfi_restore 5
 2206              		.cfi_restore 6
 2207              		.cfi_restore 14
 307:./lwip-2.1.2/src/api/api_msg.c ****   }
 2208              		.loc 1 307 12 view .LVU771
 2209 06f2 6FF00500 		mvn	r0, #5
 2210              	.LVL226:
 343:./lwip-2.1.2/src/api/api_msg.c **** 
 2211              		.loc 1 343 1 view .LVU772
 2212 06f6 7047     		bx	lr
 2213              	.L308:
 2214              		.align	2
 2215              	.L307:
 2216 06f8 0C000000 		.word	.LANCHOR0+12
 2217              		.cfi_endproc
 2218              	.LFE173:
 2220              		.align	1
 2221              		.p2align 2,,3
 2222              		.syntax unified
 2223              		.thumb
 2224              		.thumb_func
 2226              	netconn_drain:
 2227              	.LVL227:
 2228              	.LFB183:
 828:./lwip-2.1.2/src/api/api_msg.c ****   void *mem;
 2229              		.loc 1 828 1 is_stmt 1 view -0
 2230              		.cfi_startproc
 2231              		@ args = 0, pretend = 0, frame = 8
 2232              		@ frame_needed = 0, uses_anonymous_args = 0
 829:./lwip-2.1.2/src/api/api_msg.c **** 
 2233              		.loc 1 829 3 view .LVU774
 838:./lwip-2.1.2/src/api/api_msg.c ****     while (sys_mbox_tryfetch(&conn->recvmbox, &mem) != SYS_MBOX_EMPTY) {
 2234              		.loc 1 838 3 view .LVU775
 838:./lwip-2.1.2/src/api/api_msg.c ****     while (sys_mbox_tryfetch(&conn->recvmbox, &mem) != SYS_MBOX_EMPTY) {
 2235              		.loc 1 838 7 is_stmt 0 discriminator 1 view .LVU776
 2236 06fc 0369     		ldr	r3, [r0, #16]
 828:./lwip-2.1.2/src/api/api_msg.c ****   void *mem;
 2237              		.loc 1 828 1 view .LVU777
 2238 06fe 2DE9F047 		push	{r4, r5, r6, r7, r8, r9, r10, lr}
 2239              	.LCFI25:
 2240              		.cfi_def_cfa_offset 32
 2241              		.cfi_offset 4, -32
 2242              		.cfi_offset 5, -28
 2243              		.cfi_offset 6, -24
 2244              		.cfi_offset 7, -20
 2245              		.cfi_offset 8, -16
 2246              		.cfi_offset 9, -12
 2247              		.cfi_offset 10, -8
 2248              		.cfi_offset 14, -4
 2249 0702 0446     		mov	r4, r0
 2250 0704 82B0     		sub	sp, sp, #8
 2251              	.LCFI26:
 2252              		.cfi_def_cfa_offset 40
 838:./lwip-2.1.2/src/api/api_msg.c ****     while (sys_mbox_tryfetch(&conn->recvmbox, &mem) != SYS_MBOX_EMPTY) {
 2253              		.loc 1 838 7 discriminator 1 view .LVU778
 2254 0706 3BB3     		cbz	r3, .L311
 2255              	.LBB84:
 2256              	.LBB85:
 2257              	.LBB86:
 138:./lwip-2.1.2/src/api/api_msg.c ****     *err = ERR_RST;
 2258              		.loc 1 138 13 view .LVU779
 2259 0708 304F     		ldr	r7, .L329
 2260 070a 00F11006 		add	r6, r0, #16
 2261 070e 01AD     		add	r5, sp, #4
 135:./lwip-2.1.2/src/api/api_msg.c ****     *err = ERR_ABRT;
 2262              		.loc 1 135 6 view .LVU780
 2263 0710 07F10108 		add	r8, r7, #1
 141:./lwip-2.1.2/src/api/api_msg.c ****     *err = ERR_CLSD;
 2264              		.loc 1 141 13 view .LVU781
 2265 0714 07F1FF39 		add	r9, r7, #-1
 2266              	.LVL228:
 2267              	.L310:
 141:./lwip-2.1.2/src/api/api_msg.c ****     *err = ERR_CLSD;
 2268              		.loc 1 141 13 view .LVU782
 2269              	.LBE86:
 2270              	.LBE85:
 2271              	.LBE84:
 839:./lwip-2.1.2/src/api/api_msg.c **** #if LWIP_NETCONN_FULLDUPLEX
 2272              		.loc 1 839 53 is_stmt 1 view .LVU783
 839:./lwip-2.1.2/src/api/api_msg.c **** #if LWIP_NETCONN_FULLDUPLEX
 2273              		.loc 1 839 12 is_stmt 0 view .LVU784
 2274 0718 2946     		mov	r1, r5
 2275 071a 3046     		mov	r0, r6
 2276 071c FFF7FEFF 		bl	sys_arch_mbox_tryfetch
 2277              	.LVL229:
 845:./lwip-2.1.2/src/api/api_msg.c ****           err_t err;
 2278              		.loc 1 845 9 is_stmt 1 view .LVU785
 2279              	.LBB93:
 846:./lwip-2.1.2/src/api/api_msg.c ****           if (!lwip_netconn_is_err_msg(mem, &err)) {
 2280              		.loc 1 846 11 view .LVU786
 847:./lwip-2.1.2/src/api/api_msg.c ****             pbuf_free((struct pbuf *)mem);
 2281              		.loc 1 847 11 view .LVU787
 2282              	.LBB90:
 2283              	.LBI85:
 131:./lwip-2.1.2/src/api/api_msg.c **** {
 2284              		.loc 1 131 1 view .LVU788
 2285              	.LBB87:
 133:./lwip-2.1.2/src/api/api_msg.c **** 
 2286              		.loc 1 133 42 view .LVU789
 135:./lwip-2.1.2/src/api/api_msg.c ****     *err = ERR_ABRT;
 2287              		.loc 1 135 3 view .LVU790
 138:./lwip-2.1.2/src/api/api_msg.c ****     *err = ERR_RST;
 2288              		.loc 1 138 10 view .LVU791
 141:./lwip-2.1.2/src/api/api_msg.c ****     *err = ERR_CLSD;
 2289              		.loc 1 141 10 view .LVU792
 2290              	.LBE87:
 2291              	.LBE90:
 2292              	.LBE93:
 853:./lwip-2.1.2/src/api/api_msg.c ****         }
 2293              		.loc 1 853 11 view .LVU793
 839:./lwip-2.1.2/src/api/api_msg.c **** #if LWIP_NETCONN_FULLDUPLEX
 2294              		.loc 1 839 53 is_stmt 0 discriminator 1 view .LVU794
 2295 0720 0130     		adds	r0, r0, #1
 2296 0722 14D0     		beq	.L327
 2297              	.L314:
 845:./lwip-2.1.2/src/api/api_msg.c ****           err_t err;
 2298              		.loc 1 845 12 view .LVU795
 2299 0724 2378     		ldrb	r3, [r4]	@ zero_extendqisi2
 2300              	.LBB94:
 847:./lwip-2.1.2/src/api/api_msg.c ****             pbuf_free((struct pbuf *)mem);
 2301              		.loc 1 847 16 view .LVU796
 2302 0726 019A     		ldr	r2, [sp, #4]
 2303              	.LBE94:
 845:./lwip-2.1.2/src/api/api_msg.c ****           err_t err;
 2304              		.loc 1 845 12 view .LVU797
 2305 0728 03F0F003 		and	r3, r3, #240
 853:./lwip-2.1.2/src/api/api_msg.c ****         }
 2306              		.loc 1 853 11 view .LVU798
 2307 072c 1046     		mov	r0, r2
 845:./lwip-2.1.2/src/api/api_msg.c ****           err_t err;
 2308              		.loc 1 845 12 view .LVU799
 2309 072e 102B     		cmp	r3, #16
 2310 0730 40D1     		bne	.L312
 2311              	.LVL230:
 2312              	.LBB95:
 848:./lwip-2.1.2/src/api/api_msg.c ****           }
 2313              		.loc 1 848 13 is_stmt 1 view .LVU800
 2314              	.LBB91:
 2315              	.LBB88:
 141:./lwip-2.1.2/src/api/api_msg.c ****     *err = ERR_CLSD;
 2316              		.loc 1 141 13 is_stmt 0 view .LVU801
 2317 0732 4245     		cmp	r2, r8
 2318 0734 18BF     		it	ne
 2319 0736 BA42     		cmpne	r2, r7
 2320 0738 EED0     		beq	.L310
 2321 073a 4A45     		cmp	r2, r9
 2322 073c ECD0     		beq	.L310
 2323              	.LBE88:
 2324              	.LBE91:
 848:./lwip-2.1.2/src/api/api_msg.c ****           }
 2325              		.loc 1 848 13 view .LVU802
 2326 073e FFF7FEFF 		bl	pbuf_free
 2327              	.LVL231:
 2328              	.LBE95:
 839:./lwip-2.1.2/src/api/api_msg.c **** #if LWIP_NETCONN_FULLDUPLEX
 2329              		.loc 1 839 53 is_stmt 1 view .LVU803
 839:./lwip-2.1.2/src/api/api_msg.c **** #if LWIP_NETCONN_FULLDUPLEX
 2330              		.loc 1 839 12 is_stmt 0 view .LVU804
 2331 0742 2946     		mov	r1, r5
 2332 0744 3046     		mov	r0, r6
 2333 0746 FFF7FEFF 		bl	sys_arch_mbox_tryfetch
 2334              	.LVL232:
 845:./lwip-2.1.2/src/api/api_msg.c ****           err_t err;
 2335              		.loc 1 845 9 is_stmt 1 view .LVU805
 2336              	.LBB96:
 846:./lwip-2.1.2/src/api/api_msg.c ****           if (!lwip_netconn_is_err_msg(mem, &err)) {
 2337              		.loc 1 846 11 view .LVU806
 847:./lwip-2.1.2/src/api/api_msg.c ****             pbuf_free((struct pbuf *)mem);
 2338              		.loc 1 847 11 view .LVU807
 2339              	.LBB92:
 131:./lwip-2.1.2/src/api/api_msg.c **** {
 2340              		.loc 1 131 1 view .LVU808
 2341              	.LBB89:
 133:./lwip-2.1.2/src/api/api_msg.c **** 
 2342              		.loc 1 133 42 view .LVU809
 135:./lwip-2.1.2/src/api/api_msg.c ****     *err = ERR_ABRT;
 2343              		.loc 1 135 3 view .LVU810
 138:./lwip-2.1.2/src/api/api_msg.c ****     *err = ERR_RST;
 2344              		.loc 1 138 10 view .LVU811
 141:./lwip-2.1.2/src/api/api_msg.c ****     *err = ERR_CLSD;
 2345              		.loc 1 141 10 view .LVU812
 2346              	.LBE89:
 2347              	.LBE92:
 2348              	.LBE96:
 853:./lwip-2.1.2/src/api/api_msg.c ****         }
 2349              		.loc 1 853 11 view .LVU813
 839:./lwip-2.1.2/src/api/api_msg.c **** #if LWIP_NETCONN_FULLDUPLEX
 2350              		.loc 1 839 53 is_stmt 0 discriminator 1 view .LVU814
 2351 074a 0130     		adds	r0, r0, #1
 2352 074c EAD1     		bne	.L314
 2353              	.L327:
 857:./lwip-2.1.2/src/api/api_msg.c ****     sys_mbox_set_invalid(&conn->recvmbox);
 2354              		.loc 1 857 5 is_stmt 1 view .LVU815
 2355 074e 3046     		mov	r0, r6
 2356 0750 FFF7FEFF 		bl	sys_mbox_free
 2357              	.LVL233:
 858:./lwip-2.1.2/src/api/api_msg.c ****   }
 2358              		.loc 1 858 5 view .LVU816
 858:./lwip-2.1.2/src/api/api_msg.c ****   }
 2359              		.loc 1 858 5 discriminator 1 view .LVU817
 2360 0754 0023     		movs	r3, #0
 2361 0756 2361     		str	r3, [r4, #16]
 858:./lwip-2.1.2/src/api/api_msg.c ****   }
 2362              		.loc 1 858 42 discriminator 3 view .LVU818
 863:./lwip-2.1.2/src/api/api_msg.c ****     while (sys_mbox_tryfetch(&conn->acceptmbox, &mem) != SYS_MBOX_EMPTY) {
 2363              		.loc 1 863 3 view .LVU819
 2364              	.LVL234:
 2365              	.L311:
 863:./lwip-2.1.2/src/api/api_msg.c ****     while (sys_mbox_tryfetch(&conn->acceptmbox, &mem) != SYS_MBOX_EMPTY) {
 2366              		.loc 1 863 7 is_stmt 0 discriminator 1 view .LVU820
 2367 0758 6369     		ldr	r3, [r4, #20]
 2368 075a 9BB3     		cbz	r3, .L309
 2369              	.LBB97:
 2370              	.LBB98:
 2371              	.LBB99:
 138:./lwip-2.1.2/src/api/api_msg.c ****     *err = ERR_RST;
 2372              		.loc 1 138 13 view .LVU821
 2373 075c DFF86C90 		ldr	r9, .L329
 2374 0760 01AD     		add	r5, sp, #4
 2375 0762 04F11408 		add	r8, r4, #20
 135:./lwip-2.1.2/src/api/api_msg.c ****     *err = ERR_ABRT;
 2376              		.loc 1 135 6 view .LVU822
 2377 0766 09F1010A 		add	r10, r9, #1
 2378              	.L324:
 2379              	.LBE99:
 2380              	.LBE98:
 2381              	.LBE97:
 864:./lwip-2.1.2/src/api/api_msg.c **** #if LWIP_NETCONN_FULLDUPLEX
 2382              		.loc 1 864 55 is_stmt 1 view .LVU823
 864:./lwip-2.1.2/src/api/api_msg.c **** #if LWIP_NETCONN_FULLDUPLEX
 2383              		.loc 1 864 12 is_stmt 0 view .LVU824
 2384 076a 2946     		mov	r1, r5
 2385 076c 4046     		mov	r0, r8
 2386 076e FFF7FEFF 		bl	sys_arch_mbox_tryfetch
 2387              	.LVL235:
 2388              	.LBB114:
 869:./lwip-2.1.2/src/api/api_msg.c ****         if (!lwip_netconn_is_err_msg(mem, &err)) {
 2389              		.loc 1 869 9 is_stmt 1 view .LVU825
 870:./lwip-2.1.2/src/api/api_msg.c ****           struct netconn *newconn = (struct netconn *)mem;
 2390              		.loc 1 870 9 view .LVU826
 2391              	.LBB104:
 871:./lwip-2.1.2/src/api/api_msg.c ****           /* Only tcp pcbs have an acceptmbox, so no need to check conn->type */
 2392              		.loc 1 871 11 view .LVU827
 2393              	.LBE104:
 2394              	.LBE114:
 864:./lwip-2.1.2/src/api/api_msg.c **** #if LWIP_NETCONN_FULLDUPLEX
 2395              		.loc 1 864 55 is_stmt 0 discriminator 1 view .LVU828
 2396 0772 0130     		adds	r0, r0, #1
 2397              	.LBB115:
 2398              	.LBB107:
 2399              	.LBB100:
 141:./lwip-2.1.2/src/api/api_msg.c ****     *err = ERR_CLSD;
 2400              		.loc 1 141 13 view .LVU829
 2401 0774 164F     		ldr	r7, .L329+4
 2402              	.LBE100:
 2403              	.LBE107:
 2404              	.LBE115:
 864:./lwip-2.1.2/src/api/api_msg.c **** #if LWIP_NETCONN_FULLDUPLEX
 2405              		.loc 1 864 55 discriminator 1 view .LVU830
 2406 0776 20D0     		beq	.L328
 2407              	.LBB116:
 870:./lwip-2.1.2/src/api/api_msg.c ****           struct netconn *newconn = (struct netconn *)mem;
 2408              		.loc 1 870 14 view .LVU831
 2409 0778 019E     		ldr	r6, [sp, #4]
 2410              	.LVL236:
 2411              	.LBB108:
 2412              	.LBI98:
 131:./lwip-2.1.2/src/api/api_msg.c **** {
 2413              		.loc 1 131 1 is_stmt 1 view .LVU832
 2414              	.LBB101:
 133:./lwip-2.1.2/src/api/api_msg.c **** 
 2415              		.loc 1 133 42 view .LVU833
 135:./lwip-2.1.2/src/api/api_msg.c ****     *err = ERR_ABRT;
 2416              		.loc 1 135 3 view .LVU834
 138:./lwip-2.1.2/src/api/api_msg.c ****     *err = ERR_RST;
 2417              		.loc 1 138 10 view .LVU835
 141:./lwip-2.1.2/src/api/api_msg.c ****     *err = ERR_CLSD;
 2418              		.loc 1 141 10 view .LVU836
 141:./lwip-2.1.2/src/api/api_msg.c ****     *err = ERR_CLSD;
 2419              		.loc 1 141 10 is_stmt 0 view .LVU837
 2420              	.LBE101:
 2421              	.LBE108:
 2422              	.LBB109:
 875:./lwip-2.1.2/src/api/api_msg.c ****           if (newconn->pcb.tcp != NULL) {
 2423              		.loc 1 875 11 is_stmt 1 view .LVU838
 2424              	.LBE109:
 2425              	.LBB110:
 2426              	.LBB102:
 141:./lwip-2.1.2/src/api/api_msg.c ****     *err = ERR_CLSD;
 2427              		.loc 1 141 13 is_stmt 0 view .LVU839
 2428 077a 5645     		cmp	r6, r10
 2429 077c 18BF     		it	ne
 2430 077e 4E45     		cmpne	r6, r9
 2431              	.LBE102:
 2432              	.LBE110:
 2433              	.LBB111:
 875:./lwip-2.1.2/src/api/api_msg.c ****           if (newconn->pcb.tcp != NULL) {
 2434              		.loc 1 875 11 view .LVU840
 2435 0780 3046     		mov	r0, r6
 2436              	.LBE111:
 2437              	.LBB112:
 2438              	.LBB103:
 141:./lwip-2.1.2/src/api/api_msg.c ****     *err = ERR_CLSD;
 2439              		.loc 1 141 13 view .LVU841
 2440 0782 F2D0     		beq	.L324
 2441 0784 F71B     		subs	r7, r6, r7
 2442 0786 B7FA87F7 		clz	r7, r7
 2443 078a 7F09     		lsrs	r7, r7, #5
 2444 078c 002F     		cmp	r7, #0
 2445 078e ECD1     		bne	.L324
 2446              	.LBE103:
 2447              	.LBE112:
 2448              	.LBB113:
 875:./lwip-2.1.2/src/api/api_msg.c ****           if (newconn->pcb.tcp != NULL) {
 2449              		.loc 1 875 11 view .LVU842
 2450 0790 FFF7B4FF 		bl	netconn_drain
 2451              	.LVL237:
 876:./lwip-2.1.2/src/api/api_msg.c ****             tcp_abort(newconn->pcb.tcp);
 2452              		.loc 1 876 11 is_stmt 1 view .LVU843
 877:./lwip-2.1.2/src/api/api_msg.c ****             newconn->pcb.tcp = NULL;
 2453              		.loc 1 877 13 view .LVU844
 876:./lwip-2.1.2/src/api/api_msg.c ****             tcp_abort(newconn->pcb.tcp);
 2454              		.loc 1 876 27 is_stmt 0 view .LVU845
 2455 0794 7068     		ldr	r0, [r6, #4]
 876:./lwip-2.1.2/src/api/api_msg.c ****             tcp_abort(newconn->pcb.tcp);
 2456              		.loc 1 876 14 view .LVU846
 2457 0796 10B1     		cbz	r0, .L318
 877:./lwip-2.1.2/src/api/api_msg.c ****             newconn->pcb.tcp = NULL;
 2458              		.loc 1 877 13 view .LVU847
 2459 0798 FFF7FEFF 		bl	tcp_abort
 2460              	.LVL238:
 878:./lwip-2.1.2/src/api/api_msg.c ****           }
 2461              		.loc 1 878 13 is_stmt 1 view .LVU848
 878:./lwip-2.1.2/src/api/api_msg.c ****           }
 2462              		.loc 1 878 30 is_stmt 0 view .LVU849
 2463 079c 7760     		str	r7, [r6, #4]
 2464              	.L318:
 880:./lwip-2.1.2/src/api/api_msg.c ****         }
 2465              		.loc 1 880 11 is_stmt 1 view .LVU850
 2466              	.LVL239:
 2467              	.LBB105:
 2468              	.LBI105:
 794:./lwip-2.1.2/src/api/api_msg.c **** {
 2469              		.loc 1 794 1 view .LVU851
 2470              	.LBB106:
 796:./lwip-2.1.2/src/api/api_msg.c **** 
 2471              		.loc 1 796 86 view .LVU852
 804:./lwip-2.1.2/src/api/api_msg.c **** #if LWIP_TCP
 2472              		.loc 1 804 48 view .LVU853
 807:./lwip-2.1.2/src/api/api_msg.c **** #endif /* LWIP_TCP */
 2473              		.loc 1 807 50 view .LVU854
 811:./lwip-2.1.2/src/api/api_msg.c ****   sys_sem_set_invalid(&conn->op_completed);
 2474              		.loc 1 811 3 view .LVU855
 2475 079e 06F10C00 		add	r0, r6, #12
 2476 07a2 FFF7FEFF 		bl	sys_sem_free
 2477              	.LVL240:
 812:./lwip-2.1.2/src/api/api_msg.c **** #endif
 2478              		.loc 1 812 3 view .LVU856
 812:./lwip-2.1.2/src/api/api_msg.c **** #endif
 2479              		.loc 1 812 3 discriminator 1 view .LVU857
 2480 07a6 0023     		movs	r3, #0
 815:./lwip-2.1.2/src/api/api_msg.c **** }
 2481              		.loc 1 815 3 is_stmt 0 view .LVU858
 2482 07a8 3146     		mov	r1, r6
 2483 07aa 0720     		movs	r0, #7
 812:./lwip-2.1.2/src/api/api_msg.c **** #endif
 2484              		.loc 1 812 3 discriminator 1 view .LVU859
 2485 07ac F360     		str	r3, [r6, #12]
 812:./lwip-2.1.2/src/api/api_msg.c **** #endif
 2486              		.loc 1 812 43 is_stmt 1 discriminator 3 view .LVU860
 815:./lwip-2.1.2/src/api/api_msg.c **** }
 2487              		.loc 1 815 3 view .LVU861
 2488 07ae FFF7FEFF 		bl	memp_free
 2489              	.LVL241:
 816:./lwip-2.1.2/src/api/api_msg.c **** 
 2490              		.loc 1 816 1 is_stmt 0 view .LVU862
 2491 07b2 DAE7     		b	.L324
 2492              	.LVL242:
 2493              	.L312:
 816:./lwip-2.1.2/src/api/api_msg.c **** 
 2494              		.loc 1 816 1 view .LVU863
 2495              	.LBE106:
 2496              	.LBE105:
 2497              	.LBE113:
 2498              	.LBE116:
 853:./lwip-2.1.2/src/api/api_msg.c ****         }
 2499              		.loc 1 853 11 view .LVU864
 2500 07b4 FFF7FEFF 		bl	netbuf_delete
 2501              	.LVL243:
 853:./lwip-2.1.2/src/api/api_msg.c ****         }
 2502              		.loc 1 853 11 view .LVU865
 2503 07b8 AEE7     		b	.L310
 2504              	.LVL244:
 2505              	.L328:
 884:./lwip-2.1.2/src/api/api_msg.c ****     sys_mbox_set_invalid(&conn->acceptmbox);
 2506              		.loc 1 884 5 is_stmt 1 view .LVU866
 2507 07ba 4046     		mov	r0, r8
 2508 07bc FFF7FEFF 		bl	sys_mbox_free
 2509              	.LVL245:
 885:./lwip-2.1.2/src/api/api_msg.c ****   }
 2510              		.loc 1 885 5 view .LVU867
 885:./lwip-2.1.2/src/api/api_msg.c ****   }
 2511              		.loc 1 885 5 discriminator 1 view .LVU868
 2512 07c0 0023     		movs	r3, #0
 2513 07c2 6361     		str	r3, [r4, #20]
 885:./lwip-2.1.2/src/api/api_msg.c ****   }
 2514              		.loc 1 885 44 discriminator 3 view .LVU869
 2515              	.L309:
 888:./lwip-2.1.2/src/api/api_msg.c **** 
 2516              		.loc 1 888 1 is_stmt 0 view .LVU870
 2517 07c4 02B0     		add	sp, sp, #8
 2518              	.LCFI27:
 2519              		.cfi_def_cfa_offset 32
 2520              		@ sp needed
 2521 07c6 BDE8F087 		pop	{r4, r5, r6, r7, r8, r9, r10, pc}
 2522              	.LVL246:
 2523              	.L330:
 888:./lwip-2.1.2/src/api/api_msg.c **** 
 2524              		.loc 1 888 1 view .LVU871
 2525 07ca 00BF     		.align	2
 2526              	.L329:
 2527 07cc 0D000000 		.word	.LANCHOR0+13
 2528 07d0 0C000000 		.word	.LANCHOR0+12
 2529              		.cfi_endproc
 2530              	.LFE183:
 2532              		.align	1
 2533              		.p2align 2,,3
 2534              		.global	lwip_netconn_is_err_msg
 2535              		.syntax unified
 2536              		.thumb
 2537              		.thumb_func
 2539              	lwip_netconn_is_err_msg:
 2540              	.LVL247:
 2541              	.LFB171:
 132:./lwip-2.1.2/src/api/api_msg.c ****   LWIP_ASSERT("err != NULL", err != NULL);
 2542              		.loc 1 132 1 is_stmt 1 view -0
 2543              		.cfi_startproc
 2544              		@ args = 0, pretend = 0, frame = 0
 2545              		@ frame_needed = 0, uses_anonymous_args = 0
 2546              		@ link register save eliminated.
 133:./lwip-2.1.2/src/api/api_msg.c **** 
 2547              		.loc 1 133 42 view .LVU873
 135:./lwip-2.1.2/src/api/api_msg.c ****     *err = ERR_ABRT;
 2548              		.loc 1 135 3 view .LVU874
 135:./lwip-2.1.2/src/api/api_msg.c ****     *err = ERR_ABRT;
 2549              		.loc 1 135 6 is_stmt 0 view .LVU875
 2550 07d4 0A4B     		ldr	r3, .L340
 2551 07d6 9842     		cmp	r0, r3
 2552 07d8 07D0     		beq	.L337
 138:./lwip-2.1.2/src/api/api_msg.c ****     *err = ERR_RST;
 2553              		.loc 1 138 10 is_stmt 1 view .LVU876
 138:./lwip-2.1.2/src/api/api_msg.c ****     *err = ERR_RST;
 2554              		.loc 1 138 13 is_stmt 0 view .LVU877
 2555 07da 5A1E     		subs	r2, r3, #1
 2556 07dc 9042     		cmp	r0, r2
 2557 07de 08D0     		beq	.L338
 141:./lwip-2.1.2/src/api/api_msg.c ****     *err = ERR_CLSD;
 2558              		.loc 1 141 10 is_stmt 1 view .LVU878
 141:./lwip-2.1.2/src/api/api_msg.c ****     *err = ERR_CLSD;
 2559              		.loc 1 141 13 is_stmt 0 view .LVU879
 2560 07e0 023B     		subs	r3, r3, #2
 2561 07e2 9842     		cmp	r0, r3
 2562 07e4 09D0     		beq	.L339
 145:./lwip-2.1.2/src/api/api_msg.c **** }
 2563              		.loc 1 145 10 view .LVU880
 2564 07e6 0020     		movs	r0, #0
 2565              	.LVL248:
 146:./lwip-2.1.2/src/api/api_msg.c **** #endif /* LWIP_TCP */
 2566              		.loc 1 146 1 view .LVU881
 2567 07e8 7047     		bx	lr
 2568              	.LVL249:
 2569              	.L337:
 136:./lwip-2.1.2/src/api/api_msg.c ****     return 1;
 2570              		.loc 1 136 5 is_stmt 1 view .LVU882
 136:./lwip-2.1.2/src/api/api_msg.c ****     return 1;
 2571              		.loc 1 136 10 is_stmt 0 view .LVU883
 2572 07ea F323     		movs	r3, #243
 2573 07ec 0B70     		strb	r3, [r1]
 137:./lwip-2.1.2/src/api/api_msg.c ****   } else if (msg == &netconn_reset) {
 2574              		.loc 1 137 5 is_stmt 1 view .LVU884
 2575              	.L333:
 137:./lwip-2.1.2/src/api/api_msg.c ****   } else if (msg == &netconn_reset) {
 2576              		.loc 1 137 12 is_stmt 0 view .LVU885
 2577 07ee 0120     		movs	r0, #1
 2578              	.LVL250:
 137:./lwip-2.1.2/src/api/api_msg.c ****   } else if (msg == &netconn_reset) {
 2579              		.loc 1 137 12 view .LVU886
 2580 07f0 7047     		bx	lr
 2581              	.LVL251:
 2582              	.L338:
 139:./lwip-2.1.2/src/api/api_msg.c ****     return 1;
 2583              		.loc 1 139 5 is_stmt 1 view .LVU887
 139:./lwip-2.1.2/src/api/api_msg.c ****     return 1;
 2584              		.loc 1 139 10 is_stmt 0 view .LVU888
 2585 07f2 F223     		movs	r3, #242
 137:./lwip-2.1.2/src/api/api_msg.c ****   } else if (msg == &netconn_reset) {
 2586              		.loc 1 137 12 view .LVU889
 2587 07f4 0120     		movs	r0, #1
 2588              	.LVL252:
 139:./lwip-2.1.2/src/api/api_msg.c ****     return 1;
 2589              		.loc 1 139 10 view .LVU890
 2590 07f6 0B70     		strb	r3, [r1]
 140:./lwip-2.1.2/src/api/api_msg.c ****   } else if (msg == &netconn_closed) {
 2591              		.loc 1 140 5 is_stmt 1 view .LVU891
 2592 07f8 7047     		bx	lr
 2593              	.LVL253:
 2594              	.L339:
 142:./lwip-2.1.2/src/api/api_msg.c ****     return 1;
 2595              		.loc 1 142 5 view .LVU892
 142:./lwip-2.1.2/src/api/api_msg.c ****     return 1;
 2596              		.loc 1 142 10 is_stmt 0 view .LVU893
 2597 07fa F123     		movs	r3, #241
 2598 07fc 0B70     		strb	r3, [r1]
 143:./lwip-2.1.2/src/api/api_msg.c ****   }
 2599              		.loc 1 143 5 is_stmt 1 view .LVU894
 143:./lwip-2.1.2/src/api/api_msg.c ****   }
 2600              		.loc 1 143 12 is_stmt 0 view .LVU895
 2601 07fe F6E7     		b	.L333
 2602              	.L341:
 2603              		.align	2
 2604              	.L340:
 2605 0800 0E000000 		.word	.LANCHOR0+14
 2606              		.cfi_endproc
 2607              	.LFE171:
 2609              		.align	1
 2610              		.p2align 2,,3
 2611              		.global	lwip_netconn_do_newconn
 2612              		.syntax unified
 2613              		.thumb
 2614              		.thumb_func
 2616              	lwip_netconn_do_newconn:
 2617              	.LVL254:
 2618              	.LFB180:
 681:./lwip-2.1.2/src/api/api_msg.c ****   struct api_msg *msg = (struct api_msg *)m;
 2619              		.loc 1 681 1 is_stmt 1 view -0
 2620              		.cfi_startproc
 2621              		@ args = 0, pretend = 0, frame = 0
 2622              		@ frame_needed = 0, uses_anonymous_args = 0
 682:./lwip-2.1.2/src/api/api_msg.c **** 
 2623              		.loc 1 682 3 view .LVU897
 681:./lwip-2.1.2/src/api/api_msg.c ****   struct api_msg *msg = (struct api_msg *)m;
 2624              		.loc 1 681 1 is_stmt 0 view .LVU898
 2625 0804 38B5     		push	{r3, r4, r5, lr}
 2626              	.LCFI28:
 2627              		.cfi_def_cfa_offset 16
 2628              		.cfi_offset 3, -16
 2629              		.cfi_offset 4, -12
 2630              		.cfi_offset 5, -8
 2631              		.cfi_offset 14, -4
 684:./lwip-2.1.2/src/api/api_msg.c ****   if (msg->conn->pcb.tcp == NULL) {
 2632              		.loc 1 684 12 view .LVU899
 2633 0806 0023     		movs	r3, #0
 685:./lwip-2.1.2/src/api/api_msg.c ****     pcb_new(msg);
 2634              		.loc 1 685 10 view .LVU900
 2635 0808 0568     		ldr	r5, [r0]
 681:./lwip-2.1.2/src/api/api_msg.c ****   struct api_msg *msg = (struct api_msg *)m;
 2636              		.loc 1 681 1 view .LVU901
 2637 080a 0446     		mov	r4, r0
 2638              	.LVL255:
 684:./lwip-2.1.2/src/api/api_msg.c ****   if (msg->conn->pcb.tcp == NULL) {
 2639              		.loc 1 684 3 is_stmt 1 view .LVU902
 684:./lwip-2.1.2/src/api/api_msg.c ****   if (msg->conn->pcb.tcp == NULL) {
 2640              		.loc 1 684 12 is_stmt 0 view .LVU903
 2641 080c 0371     		strb	r3, [r0, #4]
 685:./lwip-2.1.2/src/api/api_msg.c ****     pcb_new(msg);
 2642              		.loc 1 685 3 is_stmt 1 view .LVU904
 685:./lwip-2.1.2/src/api/api_msg.c ****     pcb_new(msg);
 2643              		.loc 1 685 6 is_stmt 0 view .LVU905
 2644 080e 6868     		ldr	r0, [r5, #4]
 2645              	.LVL256:
 685:./lwip-2.1.2/src/api/api_msg.c ****     pcb_new(msg);
 2646              		.loc 1 685 6 view .LVU906
 2647 0810 00B1     		cbz	r0, .L362
 2648              	.L342:
 693:./lwip-2.1.2/src/api/api_msg.c **** 
 2649              		.loc 1 693 1 view .LVU907
 2650 0812 38BD     		pop	{r3, r4, r5, pc}
 2651              	.LVL257:
 2652              	.L362:
 686:./lwip-2.1.2/src/api/api_msg.c ****   }
 2653              		.loc 1 686 5 is_stmt 1 view .LVU908
 2654              	.LBB119:
 2655              	.LBI119:
 609:./lwip-2.1.2/src/api/api_msg.c **** {
 2656              		.loc 1 609 1 view .LVU909
 2657              	.LBB120:
 611:./lwip-2.1.2/src/api/api_msg.c **** 
 2658              		.loc 1 611 3 view .LVU910
 613:./lwip-2.1.2/src/api/api_msg.c **** 
 2659              		.loc 1 613 76 view .LVU911
 623:./lwip-2.1.2/src/api/api_msg.c **** #if LWIP_RAW
 2660              		.loc 1 623 3 view .LVU912
 2661 0814 2B78     		ldrb	r3, [r5]	@ zero_extendqisi2
 2662 0816 03F0F003 		and	r3, r3, #240
 2663 081a 102B     		cmp	r3, #16
 2664 081c 16D0     		beq	.L345
 2665 081e 202B     		cmp	r3, #32
 2666 0820 1FD1     		bne	.L346
 641:./lwip-2.1.2/src/api/api_msg.c ****       if (msg->conn->pcb.udp != NULL) {
 2667              		.loc 1 641 7 view .LVU913
 641:./lwip-2.1.2/src/api/api_msg.c ****       if (msg->conn->pcb.udp != NULL) {
 2668              		.loc 1 641 28 is_stmt 0 view .LVU914
 2669 0822 FFF7FEFF 		bl	udp_new_ip_type
 2670              	.LVL258:
 642:./lwip-2.1.2/src/api/api_msg.c **** #if LWIP_UDPLITE
 2671              		.loc 1 642 14 view .LVU915
 2672 0826 2268     		ldr	r2, [r4]
 641:./lwip-2.1.2/src/api/api_msg.c ****       if (msg->conn->pcb.udp != NULL) {
 2673              		.loc 1 641 26 discriminator 1 view .LVU916
 2674 0828 6860     		str	r0, [r5, #4]
 642:./lwip-2.1.2/src/api/api_msg.c **** #if LWIP_UDPLITE
 2675              		.loc 1 642 7 is_stmt 1 view .LVU917
 642:./lwip-2.1.2/src/api/api_msg.c **** #if LWIP_UDPLITE
 2676              		.loc 1 642 25 is_stmt 0 view .LVU918
 2677 082a 5068     		ldr	r0, [r2, #4]
 642:./lwip-2.1.2/src/api/api_msg.c **** #if LWIP_UDPLITE
 2678              		.loc 1 642 10 view .LVU919
 2679 082c 58B1     		cbz	r0, .L350
 648:./lwip-2.1.2/src/api/api_msg.c ****           udp_setflags(msg->conn->pcb.udp, UDP_FLAGS_NOCHKSUM);
 2680              		.loc 1 648 9 is_stmt 1 view .LVU920
 648:./lwip-2.1.2/src/api/api_msg.c ****           udp_setflags(msg->conn->pcb.udp, UDP_FLAGS_NOCHKSUM);
 2681              		.loc 1 648 12 is_stmt 0 view .LVU921
 2682 082e 1378     		ldrb	r3, [r2]	@ zero_extendqisi2
 2683 0830 222B     		cmp	r3, #34
 2684 0832 01D1     		bne	.L348
 649:./lwip-2.1.2/src/api/api_msg.c ****         }
 2685              		.loc 1 649 11 is_stmt 1 view .LVU922
 2686 0834 0123     		movs	r3, #1
 2687 0836 0374     		strb	r3, [r0, #16]
 2688              	.L348:
 651:./lwip-2.1.2/src/api/api_msg.c ****       }
 2689              		.loc 1 651 9 view .LVU923
 2690 0838 0B49     		ldr	r1, .L363
 2691 083a FFF7FEFF 		bl	udp_recv
 2692              	.LVL259:
 2693              	.L349:
 668:./lwip-2.1.2/src/api/api_msg.c ****     msg->err = ERR_MEM;
 2694              		.loc 1 668 3 view .LVU924
 668:./lwip-2.1.2/src/api/api_msg.c ****     msg->err = ERR_MEM;
 2695              		.loc 1 668 21 is_stmt 0 view .LVU925
 2696 083e 2368     		ldr	r3, [r4]
 668:./lwip-2.1.2/src/api/api_msg.c ****     msg->err = ERR_MEM;
 2697              		.loc 1 668 6 view .LVU926
 2698 0840 5B68     		ldr	r3, [r3, #4]
 2699 0842 002B     		cmp	r3, #0
 2700 0844 E5D1     		bne	.L342
 2701              	.L350:
 668:./lwip-2.1.2/src/api/api_msg.c ****     msg->err = ERR_MEM;
 2702              		.loc 1 668 3 is_stmt 1 view .LVU927
 669:./lwip-2.1.2/src/api/api_msg.c ****   }
 2703              		.loc 1 669 5 view .LVU928
 669:./lwip-2.1.2/src/api/api_msg.c ****   }
 2704              		.loc 1 669 14 is_stmt 0 view .LVU929
 2705 0846 FF23     		movs	r3, #255
 2706 0848 2371     		strb	r3, [r4, #4]
 2707              	.LBE120:
 2708              	.LBE119:
 693:./lwip-2.1.2/src/api/api_msg.c **** 
 2709              		.loc 1 693 1 view .LVU930
 2710 084a 38BD     		pop	{r3, r4, r5, pc}
 2711              	.LVL260:
 2712              	.L345:
 2713              	.LBB122:
 2714              	.LBB121:
 657:./lwip-2.1.2/src/api/api_msg.c ****       if (msg->conn->pcb.tcp != NULL) {
 2715              		.loc 1 657 7 is_stmt 1 view .LVU931
 657:./lwip-2.1.2/src/api/api_msg.c ****       if (msg->conn->pcb.tcp != NULL) {
 2716              		.loc 1 657 28 is_stmt 0 view .LVU932
 2717 084c FFF7FEFF 		bl	tcp_new_ip_type
 2718              	.LVL261:
 658:./lwip-2.1.2/src/api/api_msg.c ****         setup_tcp(msg->conn);
 2719              		.loc 1 658 14 view .LVU933
 2720 0850 2368     		ldr	r3, [r4]
 657:./lwip-2.1.2/src/api/api_msg.c ****       if (msg->conn->pcb.tcp != NULL) {
 2721              		.loc 1 657 26 discriminator 1 view .LVU934
 2722 0852 6860     		str	r0, [r5, #4]
 658:./lwip-2.1.2/src/api/api_msg.c ****         setup_tcp(msg->conn);
 2723              		.loc 1 658 7 is_stmt 1 view .LVU935
 658:./lwip-2.1.2/src/api/api_msg.c ****         setup_tcp(msg->conn);
 2724              		.loc 1 658 10 is_stmt 0 view .LVU936
 2725 0854 5A68     		ldr	r2, [r3, #4]
 2726 0856 002A     		cmp	r2, #0
 2727 0858 F5D0     		beq	.L350
 659:./lwip-2.1.2/src/api/api_msg.c ****       }
 2728              		.loc 1 659 9 is_stmt 1 view .LVU937
 2729 085a 1846     		mov	r0, r3
 2730 085c FFF702FC 		bl	setup_tcp
 2731              	.LVL262:
 2732 0860 EDE7     		b	.L349
 2733              	.L346:
 665:./lwip-2.1.2/src/api/api_msg.c ****       return;
 2734              		.loc 1 665 7 view .LVU938
 665:./lwip-2.1.2/src/api/api_msg.c ****       return;
 2735              		.loc 1 665 16 is_stmt 0 view .LVU939
 2736 0862 FA23     		movs	r3, #250
 2737 0864 2371     		strb	r3, [r4, #4]
 666:./lwip-2.1.2/src/api/api_msg.c ****   }
 2738              		.loc 1 666 7 is_stmt 1 view .LVU940
 2739              	.LBE121:
 2740              	.LBE122:
 693:./lwip-2.1.2/src/api/api_msg.c **** 
 2741              		.loc 1 693 1 is_stmt 0 view .LVU941
 2742 0866 38BD     		pop	{r3, r4, r5, pc}
 2743              	.LVL263:
 2744              	.L364:
 693:./lwip-2.1.2/src/api/api_msg.c **** 
 2745              		.loc 1 693 1 view .LVU942
 2746              		.align	2
 2747              	.L363:
 2748 0868 00000000 		.word	recv_udp
 2749              		.cfi_endproc
 2750              	.LFE180:
 2752              		.align	1
 2753              		.p2align 2,,3
 2754              		.global	netconn_alloc
 2755              		.syntax unified
 2756              		.thumb
 2757              		.thumb_func
 2759              	netconn_alloc:
 2760              	.LVL264:
 2761              	.LFB181:
 706:./lwip-2.1.2/src/api/api_msg.c ****   struct netconn *conn;
 2762              		.loc 1 706 1 is_stmt 1 view -0
 2763              		.cfi_startproc
 2764              		@ args = 0, pretend = 0, frame = 0
 2765              		@ frame_needed = 0, uses_anonymous_args = 0
 707:./lwip-2.1.2/src/api/api_msg.c ****   int size;
 2766              		.loc 1 707 3 view .LVU944
 708:./lwip-2.1.2/src/api/api_msg.c ****   u8_t init_flags = 0;
 2767              		.loc 1 708 3 view .LVU945
 709:./lwip-2.1.2/src/api/api_msg.c **** 
 2768              		.loc 1 709 3 view .LVU946
 711:./lwip-2.1.2/src/api/api_msg.c ****   if (conn == NULL) {
 2769              		.loc 1 711 3 view .LVU947
 706:./lwip-2.1.2/src/api/api_msg.c ****   struct netconn *conn;
 2770              		.loc 1 706 1 is_stmt 0 view .LVU948
 2771 086c 70B5     		push	{r4, r5, r6, lr}
 2772              	.LCFI29:
 2773              		.cfi_def_cfa_offset 16
 2774              		.cfi_offset 4, -16
 2775              		.cfi_offset 5, -12
 2776              		.cfi_offset 6, -8
 2777              		.cfi_offset 14, -4
 706:./lwip-2.1.2/src/api/api_msg.c ****   struct netconn *conn;
 2778              		.loc 1 706 1 view .LVU949
 2779 086e 0546     		mov	r5, r0
 711:./lwip-2.1.2/src/api/api_msg.c ****   if (conn == NULL) {
 2780              		.loc 1 711 28 view .LVU950
 2781 0870 0720     		movs	r0, #7
 2782              	.LVL265:
 706:./lwip-2.1.2/src/api/api_msg.c ****   struct netconn *conn;
 2783              		.loc 1 706 1 view .LVU951
 2784 0872 0E46     		mov	r6, r1
 711:./lwip-2.1.2/src/api/api_msg.c ****   if (conn == NULL) {
 2785              		.loc 1 711 28 view .LVU952
 2786 0874 FFF7FEFF 		bl	memp_malloc
 2787              	.LVL266:
 712:./lwip-2.1.2/src/api/api_msg.c ****     return NULL;
 2788              		.loc 1 712 3 is_stmt 1 view .LVU953
 712:./lwip-2.1.2/src/api/api_msg.c ****     return NULL;
 2789              		.loc 1 712 6 is_stmt 0 view .LVU954
 2790 0878 40B3     		cbz	r0, .L366
 716:./lwip-2.1.2/src/api/api_msg.c ****   conn->type = t;
 2791              		.loc 1 716 3 is_stmt 1 view .LVU955
 2792 087a 05F0F002 		and	r2, r5, #240
 716:./lwip-2.1.2/src/api/api_msg.c ****   conn->type = t;
 2793              		.loc 1 716 21 is_stmt 0 view .LVU956
 2794 087e 0023     		movs	r3, #0
 2795 0880 0446     		mov	r4, r0
 717:./lwip-2.1.2/src/api/api_msg.c ****   conn->pcb.tcp = NULL;
 2796              		.loc 1 717 14 view .LVU957
 2797 0882 0570     		strb	r5, [r0]
 721:./lwip-2.1.2/src/api/api_msg.c **** #if LWIP_RAW
 2798              		.loc 1 721 3 view .LVU958
 2799 0884 102A     		cmp	r2, #16
 716:./lwip-2.1.2/src/api/api_msg.c ****   conn->type = t;
 2800              		.loc 1 716 21 view .LVU959
 2801 0886 0372     		strb	r3, [r0, #8]
 717:./lwip-2.1.2/src/api/api_msg.c ****   conn->pcb.tcp = NULL;
 2802              		.loc 1 717 3 is_stmt 1 view .LVU960
 718:./lwip-2.1.2/src/api/api_msg.c **** 
 2803              		.loc 1 718 3 view .LVU961
 718:./lwip-2.1.2/src/api/api_msg.c **** 
 2804              		.loc 1 718 17 is_stmt 0 view .LVU962
 2805 0888 4360     		str	r3, [r0, #4]
 721:./lwip-2.1.2/src/api/api_msg.c **** #if LWIP_RAW
 2806              		.loc 1 721 3 is_stmt 1 view .LVU963
 2807 088a 01D0     		beq	.L367
 2808 088c 202A     		cmp	r2, #32
 2809 088e 19D1     		bne	.L368
 2810              	.L367:
 2811              	.LVL267:
 745:./lwip-2.1.2/src/api/api_msg.c ****     goto free_and_return;
 2812              		.loc 1 745 3 view .LVU964
 745:./lwip-2.1.2/src/api/api_msg.c ****     goto free_and_return;
 2813              		.loc 1 745 7 is_stmt 0 view .LVU965
 2814 0890 04F11005 		add	r5, r4, #16
 2815              	.LVL268:
 745:./lwip-2.1.2/src/api/api_msg.c ****     goto free_and_return;
 2816              		.loc 1 745 7 view .LVU966
 2817 0894 0621     		movs	r1, #6
 2818 0896 2846     		mov	r0, r5
 2819              	.LVL269:
 745:./lwip-2.1.2/src/api/api_msg.c ****     goto free_and_return;
 2820              		.loc 1 745 7 view .LVU967
 2821 0898 FFF7FEFF 		bl	sys_mbox_new
 2822              	.LVL270:
 745:./lwip-2.1.2/src/api/api_msg.c ****     goto free_and_return;
 2823              		.loc 1 745 6 discriminator 1 view .LVU968
 2824 089c 0146     		mov	r1, r0
 2825 089e 88B9     		cbnz	r0, .L368
 749:./lwip-2.1.2/src/api/api_msg.c ****     sys_mbox_free(&conn->recvmbox);
 2826              		.loc 1 749 3 is_stmt 1 view .LVU969
 749:./lwip-2.1.2/src/api/api_msg.c ****     sys_mbox_free(&conn->recvmbox);
 2827              		.loc 1 749 7 is_stmt 0 view .LVU970
 2828 08a0 04F10C00 		add	r0, r4, #12
 2829 08a4 FFF7FEFF 		bl	sys_sem_new
 2830              	.LVL271:
 749:./lwip-2.1.2/src/api/api_msg.c ****     sys_mbox_free(&conn->recvmbox);
 2831              		.loc 1 749 6 discriminator 1 view .LVU971
 2832 08a8 48B9     		cbnz	r0, .L378
 756:./lwip-2.1.2/src/api/api_msg.c **** #endif
 2833              		.loc 1 756 3 is_stmt 1 view .LVU972
 756:./lwip-2.1.2/src/api/api_msg.c **** #endif
 2834              		.loc 1 756 3 discriminator 1 view .LVU973
 761:./lwip-2.1.2/src/api/api_msg.c **** #endif /* LWIP_SOCKET */
 2835              		.loc 1 761 22 is_stmt 0 view .LVU974
 2836 08aa 4FF0FF33 		mov	r3, #-1
 756:./lwip-2.1.2/src/api/api_msg.c **** #endif
 2837              		.loc 1 756 3 discriminator 1 view .LVU975
 2838 08ae 6061     		str	r0, [r4, #20]
 756:./lwip-2.1.2/src/api/api_msg.c **** #endif
 2839              		.loc 1 756 42 is_stmt 1 discriminator 3 view .LVU976
 758:./lwip-2.1.2/src/api/api_msg.c **** #if LWIP_SOCKET
 2840              		.loc 1 758 3 view .LVU977
 758:./lwip-2.1.2/src/api/api_msg.c **** #if LWIP_SOCKET
 2841              		.loc 1 758 22 is_stmt 0 view .LVU978
 2842 08b0 6070     		strb	r0, [r4, #1]
 761:./lwip-2.1.2/src/api/api_msg.c **** #endif /* LWIP_SOCKET */
 2843              		.loc 1 761 3 is_stmt 1 view .LVU979
 765:./lwip-2.1.2/src/api/api_msg.c **** #endif /* LWIP_TCP */
 2844              		.loc 1 765 22 is_stmt 0 view .LVU980
 2845 08b2 2062     		str	r0, [r4, #32]
 780:./lwip-2.1.2/src/api/api_msg.c ****   return conn;
 2846              		.loc 1 780 15 view .LVU981
 2847 08b4 2077     		strb	r0, [r4, #28]
 785:./lwip-2.1.2/src/api/api_msg.c **** 
 2848              		.loc 1 785 1 view .LVU982
 2849 08b6 2046     		mov	r0, r4
 763:./lwip-2.1.2/src/api/api_msg.c **** #if LWIP_TCP
 2850              		.loc 1 763 22 view .LVU983
 2851 08b8 6662     		str	r6, [r4, #36]
 761:./lwip-2.1.2/src/api/api_msg.c **** #endif /* LWIP_SOCKET */
 2852              		.loc 1 761 22 view .LVU984
 2853 08ba A361     		str	r3, [r4, #24]
 763:./lwip-2.1.2/src/api/api_msg.c **** #if LWIP_TCP
 2854              		.loc 1 763 3 is_stmt 1 view .LVU985
 765:./lwip-2.1.2/src/api/api_msg.c **** #endif /* LWIP_TCP */
 2855              		.loc 1 765 3 view .LVU986
 780:./lwip-2.1.2/src/api/api_msg.c ****   return conn;
 2856              		.loc 1 780 3 view .LVU987
 781:./lwip-2.1.2/src/api/api_msg.c **** free_and_return:
 2857              		.loc 1 781 3 view .LVU988
 785:./lwip-2.1.2/src/api/api_msg.c **** 
 2858              		.loc 1 785 1 is_stmt 0 view .LVU989
 2859 08bc 70BD     		pop	{r4, r5, r6, pc}
 2860              	.LVL272:
 2861              	.L378:
 750:./lwip-2.1.2/src/api/api_msg.c ****     goto free_and_return;
 2862              		.loc 1 750 5 is_stmt 1 view .LVU990
 2863 08be 2846     		mov	r0, r5
 2864 08c0 FFF7FEFF 		bl	sys_mbox_free
 2865              	.LVL273:
 751:./lwip-2.1.2/src/api/api_msg.c ****   }
 2866              		.loc 1 751 5 view .LVU991
 2867              	.L368:
 783:./lwip-2.1.2/src/api/api_msg.c ****   return NULL;
 2868              		.loc 1 783 3 view .LVU992
 2869 08c4 2146     		mov	r1, r4
 2870 08c6 0720     		movs	r0, #7
 2871 08c8 FFF7FEFF 		bl	memp_free
 2872              	.LVL274:
 784:./lwip-2.1.2/src/api/api_msg.c **** }
 2873              		.loc 1 784 3 view .LVU993
 2874              	.L366:
 713:./lwip-2.1.2/src/api/api_msg.c ****   }
 2875              		.loc 1 713 12 is_stmt 0 view .LVU994
 2876 08cc 0024     		movs	r4, #0
 785:./lwip-2.1.2/src/api/api_msg.c **** 
 2877              		.loc 1 785 1 view .LVU995
 2878 08ce 2046     		mov	r0, r4
 2879 08d0 70BD     		pop	{r4, r5, r6, pc}
 785:./lwip-2.1.2/src/api/api_msg.c **** 
 2880              		.loc 1 785 1 view .LVU996
 2881              		.cfi_endproc
 2882              	.LFE181:
 2884              		.align	1
 2885 08d2 00BF     		.p2align 2,,3
 2886              		.syntax unified
 2887              		.thumb
 2888              		.thumb_func
 2890              	accept_function:
 2891              	.LVL275:
 2892              	.LFB178:
 534:./lwip-2.1.2/src/api/api_msg.c ****   struct netconn *newconn;
 2893              		.loc 1 534 1 is_stmt 1 view -0
 2894              		.cfi_startproc
 2895              		@ args = 0, pretend = 0, frame = 0
 2896              		@ frame_needed = 0, uses_anonymous_args = 0
 535:./lwip-2.1.2/src/api/api_msg.c ****   struct netconn *conn = (struct netconn *)arg;
 2897              		.loc 1 535 3 view .LVU998
 536:./lwip-2.1.2/src/api/api_msg.c **** 
 2898              		.loc 1 536 3 view .LVU999
 538:./lwip-2.1.2/src/api/api_msg.c ****     return ERR_VAL;
 2899              		.loc 1 538 3 view .LVU1000
 534:./lwip-2.1.2/src/api/api_msg.c ****   struct netconn *newconn;
 2900              		.loc 1 534 1 is_stmt 0 view .LVU1001
 2901 08d4 70B5     		push	{r4, r5, r6, lr}
 2902              	.LCFI30:
 2903              		.cfi_def_cfa_offset 16
 2904              		.cfi_offset 4, -16
 2905              		.cfi_offset 5, -12
 2906              		.cfi_offset 6, -8
 2907              		.cfi_offset 14, -4
 538:./lwip-2.1.2/src/api/api_msg.c ****     return ERR_VAL;
 2908              		.loc 1 538 6 view .LVU1002
 2909 08d6 0028     		cmp	r0, #0
 2910 08d8 4DD0     		beq	.L381
 541:./lwip-2.1.2/src/api/api_msg.c ****     LWIP_DEBUGF(API_MSG_DEBUG, ("accept_function: acceptmbox already deleted\n"));
 2911              		.loc 1 541 3 is_stmt 1 view .LVU1003
 541:./lwip-2.1.2/src/api/api_msg.c ****     LWIP_DEBUGF(API_MSG_DEBUG, ("accept_function: acceptmbox already deleted\n"));
 2912              		.loc 1 541 7 is_stmt 0 discriminator 1 view .LVU1004
 2913 08da 4369     		ldr	r3, [r0, #20]
 2914 08dc 0446     		mov	r4, r0
 2915 08de 002B     		cmp	r3, #0
 2916 08e0 49D0     		beq	.L381
 546:./lwip-2.1.2/src/api/api_msg.c ****     /* out-of-pcbs during connect: pass on this error to the application */
 2917              		.loc 1 546 3 is_stmt 1 view .LVU1005
 2918 08e2 0D46     		mov	r5, r1
 546:./lwip-2.1.2/src/api/api_msg.c ****     /* out-of-pcbs during connect: pass on this error to the application */
 2919              		.loc 1 546 6 is_stmt 0 view .LVU1006
 2920 08e4 0029     		cmp	r1, #0
 2921 08e6 41D0     		beq	.L400
 554:./lwip-2.1.2/src/api/api_msg.c ****   LWIP_UNUSED_ARG(err); /* for LWIP_NOASSERT */
 2922              		.loc 1 554 71 is_stmt 1 view .LVU1007
 555:./lwip-2.1.2/src/api/api_msg.c **** 
 2923              		.loc 1 555 3 view .LVU1008
 557:./lwip-2.1.2/src/api/api_msg.c **** 
 2924              		.loc 1 557 107 view .LVU1009
 561:./lwip-2.1.2/src/api/api_msg.c ****   if (newconn == NULL) {
 2925              		.loc 1 561 3 view .LVU1010
 561:./lwip-2.1.2/src/api/api_msg.c ****   if (newconn == NULL) {
 2926              		.loc 1 561 13 is_stmt 0 view .LVU1011
 2927 08e8 416A     		ldr	r1, [r0, #36]
 2928              	.LVL276:
 561:./lwip-2.1.2/src/api/api_msg.c ****   if (newconn == NULL) {
 2929              		.loc 1 561 13 view .LVU1012
 2930 08ea 0078     		ldrb	r0, [r0]	@ zero_extendqisi2
 2931              	.LVL277:
 561:./lwip-2.1.2/src/api/api_msg.c ****   if (newconn == NULL) {
 2932              		.loc 1 561 13 view .LVU1013
 2933 08ec FFF7FEFF 		bl	netconn_alloc
 2934              	.LVL278:
 562:./lwip-2.1.2/src/api/api_msg.c ****     /* outof netconns: pass on this error to the application */
 2935              		.loc 1 562 3 is_stmt 1 view .LVU1014
 562:./lwip-2.1.2/src/api/api_msg.c ****     /* outof netconns: pass on this error to the application */
 2936              		.loc 1 562 6 is_stmt 0 view .LVU1015
 2937 08f0 0646     		mov	r6, r0
 2938 08f2 0028     		cmp	r0, #0
 2939 08f4 42D0     		beq	.L401
 570:./lwip-2.1.2/src/api/api_msg.c ****   setup_tcp(newconn);
 2940              		.loc 1 570 3 is_stmt 1 view .LVU1016
 570:./lwip-2.1.2/src/api/api_msg.c ****   setup_tcp(newconn);
 2941              		.loc 1 570 20 is_stmt 0 view .LVU1017
 2942 08f6 4560     		str	r5, [r0, #4]
 571:./lwip-2.1.2/src/api/api_msg.c **** 
 2943              		.loc 1 571 3 is_stmt 1 view .LVU1018
 2944 08f8 FFF7B4FB 		bl	setup_tcp
 2945              	.LVL279:
 574:./lwip-2.1.2/src/api/api_msg.c **** 
 2946              		.loc 1 574 30 view .LVU1019
 576:./lwip-2.1.2/src/api/api_msg.c ****     /* When returning != ERR_OK, the pcb is aborted in tcp_process(),
 2947              		.loc 1 576 3 view .LVU1020
 576:./lwip-2.1.2/src/api/api_msg.c ****     /* When returning != ERR_OK, the pcb is aborted in tcp_process(),
 2948              		.loc 1 576 7 is_stmt 0 view .LVU1021
 2949 08fc 3146     		mov	r1, r6
 2950 08fe 04F11400 		add	r0, r4, #20
 2951 0902 FFF7FEFF 		bl	sys_mbox_trypost
 2952              	.LVL280:
 576:./lwip-2.1.2/src/api/api_msg.c ****     /* When returning != ERR_OK, the pcb is aborted in tcp_process(),
 2953              		.loc 1 576 6 discriminator 1 view .LVU1022
 2954 0906 0546     		mov	r5, r0
 2955              	.LVL281:
 576:./lwip-2.1.2/src/api/api_msg.c ****     /* When returning != ERR_OK, the pcb is aborted in tcp_process(),
 2956              		.loc 1 576 6 discriminator 1 view .LVU1023
 2957 0908 38B9     		cbnz	r0, .L402
 595:./lwip-2.1.2/src/api/api_msg.c ****   }
 2958              		.loc 1 595 5 is_stmt 1 view .LVU1024
 2959 090a 636A     		ldr	r3, [r4, #36]
 2960 090c 1BB1     		cbz	r3, .L384
 595:./lwip-2.1.2/src/api/api_msg.c ****   }
 2961              		.loc 1 595 5 discriminator 1 view .LVU1025
 2962 090e 0246     		mov	r2, r0
 2963 0910 0146     		mov	r1, r0
 2964 0912 2046     		mov	r0, r4
 2965 0914 9847     		blx	r3
 2966              	.LVL282:
 2967              	.L384:
 599:./lwip-2.1.2/src/api/api_msg.c **** #endif /* LWIP_TCP */
 2968              		.loc 1 599 1 is_stmt 0 view .LVU1026
 2969 0916 2846     		mov	r0, r5
 2970 0918 70BD     		pop	{r4, r5, r6, pc}
 2971              	.LVL283:
 2972              	.L402:
 2973              	.LBB126:
 580:./lwip-2.1.2/src/api/api_msg.c ****     tcp_arg(pcb, NULL);
 2974              		.loc 1 580 5 is_stmt 1 view .LVU1027
 580:./lwip-2.1.2/src/api/api_msg.c ****     tcp_arg(pcb, NULL);
 2975              		.loc 1 580 21 is_stmt 0 view .LVU1028
 2976 091a 7468     		ldr	r4, [r6, #4]
 2977              	.LVL284:
 581:./lwip-2.1.2/src/api/api_msg.c ****     tcp_recv(pcb, NULL);
 2978              		.loc 1 581 5 is_stmt 1 view .LVU1029
 2979 091c 0021     		movs	r1, #0
 2980 091e 2046     		mov	r0, r4
 2981 0920 FFF7FEFF 		bl	tcp_arg
 2982              	.LVL285:
 582:./lwip-2.1.2/src/api/api_msg.c ****     tcp_sent(pcb, NULL);
 2983              		.loc 1 582 5 view .LVU1030
 2984 0924 2046     		mov	r0, r4
 2985 0926 0021     		movs	r1, #0
 2986 0928 FFF7FEFF 		bl	tcp_recv
 2987              	.LVL286:
 583:./lwip-2.1.2/src/api/api_msg.c ****     tcp_poll(pcb, NULL, 0);
 2988              		.loc 1 583 5 view .LVU1031
 2989 092c 2046     		mov	r0, r4
 2990 092e 0021     		movs	r1, #0
 2991 0930 FFF7FEFF 		bl	tcp_sent
 2992              	.LVL287:
 584:./lwip-2.1.2/src/api/api_msg.c ****     tcp_err(pcb, NULL);
 2993              		.loc 1 584 5 view .LVU1032
 2994 0934 0022     		movs	r2, #0
 2995 0936 2046     		mov	r0, r4
 2996 0938 1146     		mov	r1, r2
 2997 093a FFF7FEFF 		bl	tcp_poll
 2998              	.LVL288:
 585:./lwip-2.1.2/src/api/api_msg.c ****     /* remove reference from to the pcb from this netconn */
 2999              		.loc 1 585 5 view .LVU1033
 3000 093e 2046     		mov	r0, r4
 587:./lwip-2.1.2/src/api/api_msg.c ****     /* no need to drain since we know the recvmbox is empty. */
 3001              		.loc 1 587 22 is_stmt 0 view .LVU1034
 3002 0940 0024     		movs	r4, #0
 3003              	.LVL289:
 585:./lwip-2.1.2/src/api/api_msg.c ****     /* remove reference from to the pcb from this netconn */
 3004              		.loc 1 585 5 view .LVU1035
 3005 0942 0021     		movs	r1, #0
 3006 0944 FFF7FEFF 		bl	tcp_err
 3007              	.LVL290:
 587:./lwip-2.1.2/src/api/api_msg.c ****     /* no need to drain since we know the recvmbox is empty. */
 3008              		.loc 1 587 5 is_stmt 1 view .LVU1036
 589:./lwip-2.1.2/src/api/api_msg.c ****     sys_mbox_set_invalid(&newconn->recvmbox);
 3009              		.loc 1 589 5 is_stmt 0 view .LVU1037
 3010 0948 06F11000 		add	r0, r6, #16
 587:./lwip-2.1.2/src/api/api_msg.c ****     /* no need to drain since we know the recvmbox is empty. */
 3011              		.loc 1 587 22 view .LVU1038
 3012 094c 7460     		str	r4, [r6, #4]
 589:./lwip-2.1.2/src/api/api_msg.c ****     sys_mbox_set_invalid(&newconn->recvmbox);
 3013              		.loc 1 589 5 is_stmt 1 view .LVU1039
 3014 094e FFF7FEFF 		bl	sys_mbox_free
 3015              	.LVL291:
 590:./lwip-2.1.2/src/api/api_msg.c ****     netconn_free(newconn);
 3016              		.loc 1 590 5 view .LVU1040
 590:./lwip-2.1.2/src/api/api_msg.c ****     netconn_free(newconn);
 3017              		.loc 1 590 5 discriminator 1 view .LVU1041
 3018              	.LBB127:
 3019              	.LBB128:
 811:./lwip-2.1.2/src/api/api_msg.c ****   sys_sem_set_invalid(&conn->op_completed);
 3020              		.loc 1 811 3 is_stmt 0 view .LVU1042
 3021 0952 06F10C00 		add	r0, r6, #12
 3022              	.LBE128:
 3023              	.LBE127:
 590:./lwip-2.1.2/src/api/api_msg.c ****     netconn_free(newconn);
 3024              		.loc 1 590 5 discriminator 1 view .LVU1043
 3025 0956 3461     		str	r4, [r6, #16]
 590:./lwip-2.1.2/src/api/api_msg.c ****     netconn_free(newconn);
 3026              		.loc 1 590 45 is_stmt 1 discriminator 3 view .LVU1044
 591:./lwip-2.1.2/src/api/api_msg.c ****     return ERR_MEM;
 3027              		.loc 1 591 5 view .LVU1045
 3028              	.LVL292:
 3029              	.LBB130:
 3030              	.LBI127:
 794:./lwip-2.1.2/src/api/api_msg.c **** {
 3031              		.loc 1 794 1 view .LVU1046
 3032              	.LBB129:
 796:./lwip-2.1.2/src/api/api_msg.c **** 
 3033              		.loc 1 796 86 view .LVU1047
 804:./lwip-2.1.2/src/api/api_msg.c **** #if LWIP_TCP
 3034              		.loc 1 804 48 view .LVU1048
 807:./lwip-2.1.2/src/api/api_msg.c **** #endif /* LWIP_TCP */
 3035              		.loc 1 807 50 view .LVU1049
 811:./lwip-2.1.2/src/api/api_msg.c ****   sys_sem_set_invalid(&conn->op_completed);
 3036              		.loc 1 811 3 view .LVU1050
 3037 0958 FFF7FEFF 		bl	sys_sem_free
 3038              	.LVL293:
 812:./lwip-2.1.2/src/api/api_msg.c **** #endif
 3039              		.loc 1 812 3 view .LVU1051
 812:./lwip-2.1.2/src/api/api_msg.c **** #endif
 3040              		.loc 1 812 3 discriminator 1 view .LVU1052
 815:./lwip-2.1.2/src/api/api_msg.c **** }
 3041              		.loc 1 815 3 is_stmt 0 view .LVU1053
 3042 095c 0720     		movs	r0, #7
 3043 095e 3146     		mov	r1, r6
 812:./lwip-2.1.2/src/api/api_msg.c **** #endif
 3044              		.loc 1 812 3 discriminator 1 view .LVU1054
 3045 0960 F460     		str	r4, [r6, #12]
 812:./lwip-2.1.2/src/api/api_msg.c **** #endif
 3046              		.loc 1 812 43 is_stmt 1 discriminator 3 view .LVU1055
 815:./lwip-2.1.2/src/api/api_msg.c **** }
 3047              		.loc 1 815 3 view .LVU1056
 3048 0962 FFF7FEFF 		bl	memp_free
 3049              	.LVL294:
 815:./lwip-2.1.2/src/api/api_msg.c **** }
 3050              		.loc 1 815 3 is_stmt 0 view .LVU1057
 3051              	.LBE129:
 3052              	.LBE130:
 592:./lwip-2.1.2/src/api/api_msg.c ****   } else {
 3053              		.loc 1 592 5 is_stmt 1 view .LVU1058
 3054              	.L386:
 592:./lwip-2.1.2/src/api/api_msg.c ****   } else {
 3055              		.loc 1 592 5 is_stmt 0 view .LVU1059
 3056              	.LBE126:
 568:./lwip-2.1.2/src/api/api_msg.c ****   }
 3057              		.loc 1 568 12 view .LVU1060
 3058 0966 4FF0FF35 		mov	r5, #-1
 3059 096a D4E7     		b	.L384
 3060              	.LVL295:
 3061              	.L400:
 548:./lwip-2.1.2/src/api/api_msg.c ****       /* Register event with callback */
 3062              		.loc 1 548 5 is_stmt 1 view .LVU1061
 548:./lwip-2.1.2/src/api/api_msg.c ****       /* Register event with callback */
 3063              		.loc 1 548 9 is_stmt 0 discriminator 1 view .LVU1062
 3064 096c 0F49     		ldr	r1, .L404
 3065              	.LVL296:
 548:./lwip-2.1.2/src/api/api_msg.c ****       /* Register event with callback */
 3066              		.loc 1 548 9 discriminator 1 view .LVU1063
 3067 096e 1430     		adds	r0, r0, #20
 3068              	.LVL297:
 548:./lwip-2.1.2/src/api/api_msg.c ****       /* Register event with callback */
 3069              		.loc 1 548 9 discriminator 1 view .LVU1064
 3070 0970 FFF7FEFF 		bl	sys_mbox_trypost
 3071              	.LVL298:
 548:./lwip-2.1.2/src/api/api_msg.c ****       /* Register event with callback */
 3072              		.loc 1 548 8 discriminator 2 view .LVU1065
 3073 0974 88B1     		cbz	r0, .L403
 3074              	.LVL299:
 3075              	.L381:
 539:./lwip-2.1.2/src/api/api_msg.c ****   }
 3076              		.loc 1 539 12 view .LVU1066
 3077 0976 6FF00505 		mvn	r5, #5
 3078 097a CCE7     		b	.L384
 3079              	.LVL300:
 3080              	.L401:
 564:./lwip-2.1.2/src/api/api_msg.c ****       /* Register event with callback */
 3081              		.loc 1 564 5 is_stmt 1 view .LVU1067
 564:./lwip-2.1.2/src/api/api_msg.c ****       /* Register event with callback */
 3082              		.loc 1 564 9 is_stmt 0 discriminator 1 view .LVU1068
 3083 097c 0B49     		ldr	r1, .L404
 3084 097e 04F11400 		add	r0, r4, #20
 3085              	.LVL301:
 564:./lwip-2.1.2/src/api/api_msg.c ****       /* Register event with callback */
 3086              		.loc 1 564 9 discriminator 1 view .LVU1069
 3087 0982 FFF7FEFF 		bl	sys_mbox_trypost
 3088              	.LVL302:
 564:./lwip-2.1.2/src/api/api_msg.c ****       /* Register event with callback */
 3089              		.loc 1 564 8 discriminator 2 view .LVU1070
 3090 0986 0028     		cmp	r0, #0
 3091 0988 EDD1     		bne	.L386
 566:./lwip-2.1.2/src/api/api_msg.c ****     }
 3092              		.loc 1 566 7 is_stmt 1 view .LVU1071
 3093 098a 636A     		ldr	r3, [r4, #36]
 3094 098c 002B     		cmp	r3, #0
 3095 098e EAD0     		beq	.L386
 566:./lwip-2.1.2/src/api/api_msg.c ****     }
 3096              		.loc 1 566 7 discriminator 1 view .LVU1072
 3097 0990 0246     		mov	r2, r0
 3098 0992 0146     		mov	r1, r0
 3099 0994 2046     		mov	r0, r4
 3100 0996 9847     		blx	r3
 3101              	.LVL303:
 3102 0998 E5E7     		b	.L386
 3103              	.LVL304:
 3104              	.L403:
 550:./lwip-2.1.2/src/api/api_msg.c ****     }
 3105              		.loc 1 550 7 view .LVU1073
 3106 099a 636A     		ldr	r3, [r4, #36]
 3107 099c 002B     		cmp	r3, #0
 3108 099e EAD0     		beq	.L381
 550:./lwip-2.1.2/src/api/api_msg.c ****     }
 3109              		.loc 1 550 7 discriminator 1 view .LVU1074
 3110 09a0 0246     		mov	r2, r0
 3111 09a2 0146     		mov	r1, r0
 3112 09a4 2046     		mov	r0, r4
 3113 09a6 9847     		blx	r3
 3114              	.LVL305:
 3115 09a8 E5E7     		b	.L381
 3116              	.L405:
 3117 09aa 00BF     		.align	2
 3118              	.L404:
 3119 09ac 0E000000 		.word	.LANCHOR0+14
 3120              		.cfi_endproc
 3121              	.LFE178:
 3123              		.align	1
 3124              		.p2align 2,,3
 3125              		.global	netconn_free
 3126              		.syntax unified
 3127              		.thumb
 3128              		.thumb_func
 3130              	netconn_free:
 3131              	.LVL306:
 3132              	.LFB182:
 795:./lwip-2.1.2/src/api/api_msg.c ****   LWIP_ASSERT("PCB must be deallocated outside this function", conn->pcb.tcp == NULL);
 3133              		.loc 1 795 1 view -0
 3134              		.cfi_startproc
 3135              		@ args = 0, pretend = 0, frame = 0
 3136              		@ frame_needed = 0, uses_anonymous_args = 0
 796:./lwip-2.1.2/src/api/api_msg.c **** 
 3137              		.loc 1 796 86 view .LVU1076
 804:./lwip-2.1.2/src/api/api_msg.c **** #if LWIP_TCP
 3138              		.loc 1 804 48 view .LVU1077
 807:./lwip-2.1.2/src/api/api_msg.c **** #endif /* LWIP_TCP */
 3139              		.loc 1 807 50 view .LVU1078
 811:./lwip-2.1.2/src/api/api_msg.c ****   sys_sem_set_invalid(&conn->op_completed);
 3140              		.loc 1 811 3 view .LVU1079
 795:./lwip-2.1.2/src/api/api_msg.c ****   LWIP_ASSERT("PCB must be deallocated outside this function", conn->pcb.tcp == NULL);
 3141              		.loc 1 795 1 is_stmt 0 view .LVU1080
 3142 09b0 10B5     		push	{r4, lr}
 3143              	.LCFI31:
 3144              		.cfi_def_cfa_offset 8
 3145              		.cfi_offset 4, -8
 3146              		.cfi_offset 14, -4
 795:./lwip-2.1.2/src/api/api_msg.c ****   LWIP_ASSERT("PCB must be deallocated outside this function", conn->pcb.tcp == NULL);
 3147              		.loc 1 795 1 view .LVU1081
 3148 09b2 0446     		mov	r4, r0
 811:./lwip-2.1.2/src/api/api_msg.c ****   sys_sem_set_invalid(&conn->op_completed);
 3149              		.loc 1 811 3 view .LVU1082
 3150 09b4 0C30     		adds	r0, r0, #12
 3151              	.LVL307:
 811:./lwip-2.1.2/src/api/api_msg.c ****   sys_sem_set_invalid(&conn->op_completed);
 3152              		.loc 1 811 3 view .LVU1083
 3153 09b6 FFF7FEFF 		bl	sys_sem_free
 3154              	.LVL308:
 812:./lwip-2.1.2/src/api/api_msg.c **** #endif
 3155              		.loc 1 812 3 is_stmt 1 view .LVU1084
 812:./lwip-2.1.2/src/api/api_msg.c **** #endif
 3156              		.loc 1 812 3 discriminator 1 view .LVU1085
 3157 09ba 0023     		movs	r3, #0
 815:./lwip-2.1.2/src/api/api_msg.c **** }
 3158              		.loc 1 815 3 is_stmt 0 view .LVU1086
 3159 09bc 2146     		mov	r1, r4
 3160 09be 0720     		movs	r0, #7
 812:./lwip-2.1.2/src/api/api_msg.c **** #endif
 3161              		.loc 1 812 3 discriminator 1 view .LVU1087
 3162 09c0 E360     		str	r3, [r4, #12]
 812:./lwip-2.1.2/src/api/api_msg.c **** #endif
 3163              		.loc 1 812 43 is_stmt 1 discriminator 3 view .LVU1088
 815:./lwip-2.1.2/src/api/api_msg.c **** }
 3164              		.loc 1 815 3 view .LVU1089
 816:./lwip-2.1.2/src/api/api_msg.c **** 
 3165              		.loc 1 816 1 is_stmt 0 view .LVU1090
 3166 09c2 BDE81040 		pop	{r4, lr}
 3167              	.LCFI32:
 3168              		.cfi_restore 14
 3169              		.cfi_restore 4
 3170              		.cfi_def_cfa_offset 0
 3171              	.LVL309:
 815:./lwip-2.1.2/src/api/api_msg.c **** }
 3172              		.loc 1 815 3 view .LVU1091
 3173 09c6 FFF7FEBF 		b	memp_free
 3174              	.LVL310:
 815:./lwip-2.1.2/src/api/api_msg.c **** }
 3175              		.loc 1 815 3 view .LVU1092
 3176              		.cfi_endproc
 3177              	.LFE182:
 3179              		.align	1
 3180 09ca 00BF     		.p2align 2,,3
 3181              		.global	lwip_netconn_do_delconn
 3182              		.syntax unified
 3183              		.thumb
 3184              		.thumb_func
 3186              	lwip_netconn_do_delconn:
 3187              	.LVL311:
 3188              	.LFB185:
1114:./lwip-2.1.2/src/api/api_msg.c ****   struct api_msg *msg = (struct api_msg *)m;
 3189              		.loc 1 1114 1 is_stmt 1 view -0
 3190              		.cfi_startproc
 3191              		@ args = 0, pretend = 0, frame = 0
 3192              		@ frame_needed = 0, uses_anonymous_args = 0
1115:./lwip-2.1.2/src/api/api_msg.c **** 
 3193              		.loc 1 1115 3 view .LVU1094
1114:./lwip-2.1.2/src/api/api_msg.c ****   struct api_msg *msg = (struct api_msg *)m;
 3194              		.loc 1 1114 1 is_stmt 0 view .LVU1095
 3195 09cc 70B5     		push	{r4, r5, r6, lr}
 3196              	.LCFI33:
 3197              		.cfi_def_cfa_offset 16
 3198              		.cfi_offset 4, -16
 3199              		.cfi_offset 5, -12
 3200              		.cfi_offset 6, -8
 3201              		.cfi_offset 14, -4
1114:./lwip-2.1.2/src/api/api_msg.c ****   struct api_msg *msg = (struct api_msg *)m;
 3202              		.loc 1 1114 1 view .LVU1096
 3203 09ce 0446     		mov	r4, r0
 3204              	.LVL312:
1117:./lwip-2.1.2/src/api/api_msg.c ****   LWIP_ASSERT("netconn state error", /* this only happens for TCP netconns */
 3205              		.loc 1 1117 3 is_stmt 1 view .LVU1097
1117:./lwip-2.1.2/src/api/api_msg.c ****   LWIP_ASSERT("netconn state error", /* this only happens for TCP netconns */
 3206              		.loc 1 1117 33 is_stmt 0 view .LVU1098
 3207 09d0 0068     		ldr	r0, [r0]
 3208              	.LVL313:
1117:./lwip-2.1.2/src/api/api_msg.c ****   LWIP_ASSERT("netconn state error", /* this only happens for TCP netconns */
 3209              		.loc 1 1117 22 view .LVU1099
 3210 09d2 4378     		ldrb	r3, [r0, #1]	@ zero_extendqisi2
 3211              	.LVL314:
1119:./lwip-2.1.2/src/api/api_msg.c **** #if LWIP_NETCONN_FULLDUPLEX
 3212              		.loc 1 1119 94 is_stmt 1 view .LVU1100
1136:./lwip-2.1.2/src/api/api_msg.c ****        (state != NETCONN_LISTEN) &&
 3213              		.loc 1 1136 3 view .LVU1101
1136:./lwip-2.1.2/src/api/api_msg.c ****        (state != NETCONN_LISTEN) &&
 3214              		.loc 1 1136 6 is_stmt 0 view .LVU1102
 3215 09d4 13F0FD0F 		tst	r3, #253
 3216 09d8 07D0     		beq	.L409
1137:./lwip-2.1.2/src/api/api_msg.c ****        (state != NETCONN_CONNECT)) ||
 3217              		.loc 1 1137 34 view .LVU1103
 3218 09da 032B     		cmp	r3, #3
 3219 09dc 02D0     		beq	.L430
 3220              	.LVL315:
 3221              	.L410:
1142:./lwip-2.1.2/src/api/api_msg.c ****   } else
 3222              		.loc 1 1142 5 is_stmt 1 view .LVU1104
1142:./lwip-2.1.2/src/api/api_msg.c ****   } else
 3223              		.loc 1 1142 14 is_stmt 0 view .LVU1105
 3224 09de FB23     		movs	r3, #251
 3225 09e0 2371     		strb	r3, [r4, #4]
 3226              	.LVL316:
 3227              	.L408:
1206:./lwip-2.1.2/src/api/api_msg.c **** 
 3228              		.loc 1 1206 1 view .LVU1106
 3229 09e2 70BD     		pop	{r4, r5, r6, pc}
 3230              	.LVL317:
 3231              	.L430:
1139:./lwip-2.1.2/src/api/api_msg.c ****     /* This means either a blocking write or blocking connect is running
 3232              		.loc 1 1139 35 view .LVU1107
 3233 09e4 037F     		ldrb	r3, [r0, #28]	@ zero_extendqisi2
 3234              	.LVL318:
1139:./lwip-2.1.2/src/api/api_msg.c ****     /* This means either a blocking write or blocking connect is running
 3235              		.loc 1 1139 35 view .LVU1108
 3236 09e6 5B07     		lsls	r3, r3, #29
 3237 09e8 F9D5     		bpl	.L410
 3238              	.L409:
1147:./lwip-2.1.2/src/api/api_msg.c ****     msg->err = ERR_OK;
 3239              		.loc 1 1147 81 is_stmt 1 view .LVU1109
1148:./lwip-2.1.2/src/api/api_msg.c **** #if LWIP_NETCONN_FULLDUPLEX
 3240              		.loc 1 1148 5 view .LVU1110
1148:./lwip-2.1.2/src/api/api_msg.c **** #if LWIP_NETCONN_FULLDUPLEX
 3241              		.loc 1 1148 14 is_stmt 0 view .LVU1111
 3242 09ea 0025     		movs	r5, #0
 3243 09ec 2571     		strb	r5, [r4, #4]
 3244              	.LVL319:
1153:./lwip-2.1.2/src/api/api_msg.c **** #endif /* LWIP_NETCONN_FULLDUPLEX */
 3245              		.loc 1 1153 5 is_stmt 1 view .LVU1112
 3246 09ee FFF785FE 		bl	netconn_drain
 3247              	.LVL320:
1156:./lwip-2.1.2/src/api/api_msg.c **** 
 3248              		.loc 1 1156 5 view .LVU1113
1156:./lwip-2.1.2/src/api/api_msg.c **** 
 3249              		.loc 1 1156 12 is_stmt 0 view .LVU1114
 3250 09f2 2068     		ldr	r0, [r4]
1156:./lwip-2.1.2/src/api/api_msg.c **** 
 3251              		.loc 1 1156 23 view .LVU1115
 3252 09f4 4268     		ldr	r2, [r0, #4]
1156:./lwip-2.1.2/src/api/api_msg.c **** 
 3253              		.loc 1 1156 8 view .LVU1116
 3254 09f6 42B1     		cbz	r2, .L412
1158:./lwip-2.1.2/src/api/api_msg.c **** #if LWIP_RAW
 3255              		.loc 1 1158 7 is_stmt 1 view .LVU1117
 3256 09f8 0378     		ldrb	r3, [r0]	@ zero_extendqisi2
 3257 09fa 03F0F003 		and	r3, r3, #240
 3258 09fe 102B     		cmp	r3, #16
 3259 0a00 18D0     		beq	.L413
 3260 0a02 202B     		cmp	r3, #32
 3261 0a04 10D0     		beq	.L431
 3262              	.L414:
1194:./lwip-2.1.2/src/api/api_msg.c ****     }
 3263              		.loc 1 1194 7 view .LVU1118
1194:./lwip-2.1.2/src/api/api_msg.c ****     }
 3264              		.loc 1 1194 26 is_stmt 0 view .LVU1119
 3265 0a06 0023     		movs	r3, #0
 3266 0a08 4360     		str	r3, [r0, #4]
 3267              	.L412:
1200:./lwip-2.1.2/src/api/api_msg.c ****     API_EVENT(msg->conn, NETCONN_EVT_SENDPLUS, 0);
 3268              		.loc 1 1200 5 is_stmt 1 view .LVU1120
 3269 0a0a 436A     		ldr	r3, [r0, #36]
 3270 0a0c 002B     		cmp	r3, #0
 3271 0a0e E8D0     		beq	.L408
1200:./lwip-2.1.2/src/api/api_msg.c ****     API_EVENT(msg->conn, NETCONN_EVT_SENDPLUS, 0);
 3272              		.loc 1 1200 5 discriminator 1 view .LVU1121
 3273 0a10 0022     		movs	r2, #0
 3274 0a12 1146     		mov	r1, r2
 3275 0a14 9847     		blx	r3
 3276              	.LVL321:
1200:./lwip-2.1.2/src/api/api_msg.c ****     API_EVENT(msg->conn, NETCONN_EVT_SENDPLUS, 0);
 3277              		.loc 1 1200 49 discriminator 3 view .LVU1122
1201:./lwip-2.1.2/src/api/api_msg.c ****   }
 3278              		.loc 1 1201 5 view .LVU1123
 3279 0a16 2068     		ldr	r0, [r4]
 3280 0a18 436A     		ldr	r3, [r0, #36]
 3281 0a1a 002B     		cmp	r3, #0
 3282 0a1c E1D0     		beq	.L408
1201:./lwip-2.1.2/src/api/api_msg.c ****   }
 3283              		.loc 1 1201 5 discriminator 1 view .LVU1124
 3284 0a1e 0022     		movs	r2, #0
 3285 0a20 0221     		movs	r1, #2
1206:./lwip-2.1.2/src/api/api_msg.c **** 
 3286              		.loc 1 1206 1 is_stmt 0 view .LVU1125
 3287 0a22 BDE87040 		pop	{r4, r5, r6, lr}
 3288              	.LCFI34:
 3289              		.cfi_remember_state
 3290              		.cfi_restore 14
 3291              		.cfi_restore 6
 3292              		.cfi_restore 5
 3293              		.cfi_restore 4
 3294              		.cfi_def_cfa_offset 0
 3295              	.LVL322:
1201:./lwip-2.1.2/src/api/api_msg.c ****   }
 3296              		.loc 1 1201 5 discriminator 1 view .LVU1126
 3297 0a26 1847     		bx	r3	@ indirect register sibling call
 3298              	.LVL323:
 3299              	.L431:
 3300              	.LCFI35:
 3301              		.cfi_restore_state
1166:./lwip-2.1.2/src/api/api_msg.c ****           udp_remove(msg->conn->pcb.udp);
 3302              		.loc 1 1166 11 is_stmt 1 view .LVU1127
1167:./lwip-2.1.2/src/api/api_msg.c ****           break;
 3303              		.loc 1 1167 11 is_stmt 0 view .LVU1128
 3304 0a28 1046     		mov	r0, r2
1166:./lwip-2.1.2/src/api/api_msg.c ****           udp_remove(msg->conn->pcb.udp);
 3305              		.loc 1 1166 40 view .LVU1129
 3306 0a2a D561     		str	r5, [r2, #28]
1167:./lwip-2.1.2/src/api/api_msg.c ****           break;
 3307              		.loc 1 1167 11 is_stmt 1 view .LVU1130
 3308 0a2c FFF7FEFF 		bl	udp_remove
 3309              	.LVL324:
1168:./lwip-2.1.2/src/api/api_msg.c **** #endif /* LWIP_UDP */
 3310              		.loc 1 1168 11 view .LVU1131
1194:./lwip-2.1.2/src/api/api_msg.c ****     }
 3311              		.loc 1 1194 10 is_stmt 0 view .LVU1132
 3312 0a30 2068     		ldr	r0, [r4]
1168:./lwip-2.1.2/src/api/api_msg.c **** #endif /* LWIP_UDP */
 3313              		.loc 1 1168 11 view .LVU1133
 3314 0a32 E8E7     		b	.L414
 3315              	.L413:
1172:./lwip-2.1.2/src/api/api_msg.c ****           msg->conn->state = NETCONN_CLOSE;
 3316              		.loc 1 1172 84 is_stmt 1 view .LVU1134
1173:./lwip-2.1.2/src/api/api_msg.c ****           msg->msg.sd.shut = NETCONN_SHUT_RDWR;
 3317              		.loc 1 1173 11 view .LVU1135
1173:./lwip-2.1.2/src/api/api_msg.c ****           msg->msg.sd.shut = NETCONN_SHUT_RDWR;
 3318              		.loc 1 1173 28 is_stmt 0 view .LVU1136
 3319 0a34 0422     		movs	r2, #4
1174:./lwip-2.1.2/src/api/api_msg.c ****           msg->conn->current_msg = msg;
 3320              		.loc 1 1174 28 view .LVU1137
 3321 0a36 0323     		movs	r3, #3
1177:./lwip-2.1.2/src/api/api_msg.c ****             LWIP_ASSERT("state!", msg->conn->state == NETCONN_CLOSE);
 3322              		.loc 1 1177 15 view .LVU1138
 3323 0a38 2946     		mov	r1, r5
1173:./lwip-2.1.2/src/api/api_msg.c ****           msg->msg.sd.shut = NETCONN_SHUT_RDWR;
 3324              		.loc 1 1173 28 view .LVU1139
 3325 0a3a 4270     		strb	r2, [r0, #1]
1174:./lwip-2.1.2/src/api/api_msg.c ****           msg->conn->current_msg = msg;
 3326              		.loc 1 1174 11 is_stmt 1 view .LVU1140
1174:./lwip-2.1.2/src/api/api_msg.c ****           msg->conn->current_msg = msg;
 3327              		.loc 1 1174 28 is_stmt 0 view .LVU1141
 3328 0a3c 2372     		strb	r3, [r4, #8]
1175:./lwip-2.1.2/src/api/api_msg.c **** #if LWIP_TCPIP_CORE_LOCKING
 3329              		.loc 1 1175 11 is_stmt 1 view .LVU1142
1175:./lwip-2.1.2/src/api/api_msg.c **** #if LWIP_TCPIP_CORE_LOCKING
 3330              		.loc 1 1175 34 is_stmt 0 view .LVU1143
 3331 0a3e 0462     		str	r4, [r0, #32]
1177:./lwip-2.1.2/src/api/api_msg.c ****             LWIP_ASSERT("state!", msg->conn->state == NETCONN_CLOSE);
 3332              		.loc 1 1177 11 is_stmt 1 view .LVU1144
1177:./lwip-2.1.2/src/api/api_msg.c ****             LWIP_ASSERT("state!", msg->conn->state == NETCONN_CLOSE);
 3333              		.loc 1 1177 15 is_stmt 0 view .LVU1145
 3334 0a40 FFF7C6FC 		bl	lwip_netconn_do_close_internal
 3335              	.LVL325:
1177:./lwip-2.1.2/src/api/api_msg.c ****             LWIP_ASSERT("state!", msg->conn->state == NETCONN_CLOSE);
 3336              		.loc 1 1177 14 discriminator 1 view .LVU1146
 3337 0a44 0028     		cmp	r0, #0
 3338 0a46 CCD0     		beq	.L408
1178:./lwip-2.1.2/src/api/api_msg.c ****             UNLOCK_TCPIP_CORE();
 3339              		.loc 1 1178 69 is_stmt 1 view .LVU1147
1179:./lwip-2.1.2/src/api/api_msg.c ****             sys_arch_sem_wait(LWIP_API_MSG_SEM(msg), 0);
 3340              		.loc 1 1179 13 view .LVU1148
 3341 0a48 0648     		ldr	r0, .L432
 3342 0a4a FFF7FEFF 		bl	sys_mutex_unlock
 3343              	.LVL326:
1180:./lwip-2.1.2/src/api/api_msg.c ****             LOCK_TCPIP_CORE();
 3344              		.loc 1 1180 13 view .LVU1149
 3345 0a4e 2068     		ldr	r0, [r4]
 3346 0a50 2946     		mov	r1, r5
 3347 0a52 0C30     		adds	r0, r0, #12
 3348 0a54 FFF7FEFF 		bl	sys_arch_sem_wait
 3349              	.LVL327:
1181:./lwip-2.1.2/src/api/api_msg.c ****             LWIP_ASSERT("state!", msg->conn->state == NETCONN_NONE);
 3350              		.loc 1 1181 13 view .LVU1150
 3351 0a58 0248     		ldr	r0, .L432
1206:./lwip-2.1.2/src/api/api_msg.c **** 
 3352              		.loc 1 1206 1 is_stmt 0 view .LVU1151
 3353 0a5a BDE87040 		pop	{r4, r5, r6, lr}
 3354              	.LCFI36:
 3355              		.cfi_restore 14
 3356              		.cfi_restore 6
 3357              		.cfi_restore 5
 3358              		.cfi_restore 4
 3359              		.cfi_def_cfa_offset 0
 3360              	.LVL328:
1181:./lwip-2.1.2/src/api/api_msg.c ****             LWIP_ASSERT("state!", msg->conn->state == NETCONN_NONE);
 3361              		.loc 1 1181 13 view .LVU1152
 3362 0a5e FFF7FEBF 		b	sys_mutex_lock
 3363              	.LVL329:
 3364              	.L433:
 3365 0a62 00BF     		.align	2
 3366              	.L432:
 3367 0a64 00000000 		.word	lock_tcpip_core
 3368              		.cfi_endproc
 3369              	.LFE185:
 3371              		.align	1
 3372              		.p2align 2,,3
 3373              		.global	lwip_netconn_do_bind
 3374              		.syntax unified
 3375              		.thumb
 3376              		.thumb_func
 3378              	lwip_netconn_do_bind:
 3379              	.LVL330:
 3380              	.LFB186:
1217:./lwip-2.1.2/src/api/api_msg.c ****   struct api_msg *msg = (struct api_msg *)m;
 3381              		.loc 1 1217 1 is_stmt 1 view -0
 3382              		.cfi_startproc
 3383              		@ args = 0, pretend = 0, frame = 0
 3384              		@ frame_needed = 0, uses_anonymous_args = 0
1218:./lwip-2.1.2/src/api/api_msg.c ****   err_t err;
 3385              		.loc 1 1218 3 view .LVU1154
1221:./lwip-2.1.2/src/api/api_msg.c ****     switch (NETCONNTYPE_GROUP(msg->conn->type)) {
 3386              		.loc 1 1221 10 is_stmt 0 view .LVU1155
 3387 0a68 0368     		ldr	r3, [r0]
1217:./lwip-2.1.2/src/api/api_msg.c ****   struct api_msg *msg = (struct api_msg *)m;
 3388              		.loc 1 1217 1 view .LVU1156
 3389 0a6a 10B5     		push	{r4, lr}
 3390              	.LCFI37:
 3391              		.cfi_def_cfa_offset 8
 3392              		.cfi_offset 4, -8
 3393              		.cfi_offset 14, -4
1217:./lwip-2.1.2/src/api/api_msg.c ****   struct api_msg *msg = (struct api_msg *)m;
 3394              		.loc 1 1217 1 view .LVU1157
 3395 0a6c 0446     		mov	r4, r0
 3396              	.LVL331:
1219:./lwip-2.1.2/src/api/api_msg.c **** 
 3397              		.loc 1 1219 3 is_stmt 1 view .LVU1158
1221:./lwip-2.1.2/src/api/api_msg.c ****     switch (NETCONNTYPE_GROUP(msg->conn->type)) {
 3398              		.loc 1 1221 3 view .LVU1159
1221:./lwip-2.1.2/src/api/api_msg.c ****     switch (NETCONNTYPE_GROUP(msg->conn->type)) {
 3399              		.loc 1 1221 21 is_stmt 0 view .LVU1160
 3400 0a6e 5868     		ldr	r0, [r3, #4]
 3401              	.LVL332:
1221:./lwip-2.1.2/src/api/api_msg.c ****     switch (NETCONNTYPE_GROUP(msg->conn->type)) {
 3402              		.loc 1 1221 6 view .LVU1161
 3403 0a70 60B1     		cbz	r0, .L438
1222:./lwip-2.1.2/src/api/api_msg.c **** #if LWIP_RAW
 3404              		.loc 1 1222 5 is_stmt 1 view .LVU1162
 3405 0a72 1B78     		ldrb	r3, [r3]	@ zero_extendqisi2
 3406 0a74 03F0F003 		and	r3, r3, #240
 3407 0a78 102B     		cmp	r3, #16
 3408 0a7a 0BD0     		beq	.L436
 3409 0a7c 202B     		cmp	r3, #32
 3410 0a7e 05D1     		bne	.L438
1230:./lwip-2.1.2/src/api/api_msg.c ****         break;
 3411              		.loc 1 1230 9 view .LVU1163
1230:./lwip-2.1.2/src/api/api_msg.c ****         break;
 3412              		.loc 1 1230 15 is_stmt 0 view .LVU1164
 3413 0a80 A289     		ldrh	r2, [r4, #12]
 3414 0a82 A168     		ldr	r1, [r4, #8]
 3415 0a84 FFF7FEFF 		bl	udp_bind
 3416              	.LVL333:
1231:./lwip-2.1.2/src/api/api_msg.c **** #endif /* LWIP_UDP */
 3417              		.loc 1 1231 9 is_stmt 1 view .LVU1165
1245:./lwip-2.1.2/src/api/api_msg.c ****   TCPIP_APIMSG_ACK(msg);
 3418              		.loc 1 1245 3 view .LVU1166
1245:./lwip-2.1.2/src/api/api_msg.c ****   TCPIP_APIMSG_ACK(msg);
 3419              		.loc 1 1245 12 is_stmt 0 view .LVU1167
 3420 0a88 2071     		strb	r0, [r4, #4]
1246:./lwip-2.1.2/src/api/api_msg.c **** }
 3421              		.loc 1 1246 24 is_stmt 1 view .LVU1168
1247:./lwip-2.1.2/src/api/api_msg.c **** /**
 3422              		.loc 1 1247 1 is_stmt 0 view .LVU1169
 3423 0a8a 10BD     		pop	{r4, pc}
 3424              	.LVL334:
 3425              	.L438:
1222:./lwip-2.1.2/src/api/api_msg.c **** #if LWIP_RAW
 3426              		.loc 1 1222 5 view .LVU1170
 3427 0a8c 6FF00500 		mvn	r0, #5
 3428              	.LVL335:
1245:./lwip-2.1.2/src/api/api_msg.c ****   TCPIP_APIMSG_ACK(msg);
 3429              		.loc 1 1245 3 is_stmt 1 view .LVU1171
1245:./lwip-2.1.2/src/api/api_msg.c ****   TCPIP_APIMSG_ACK(msg);
 3430              		.loc 1 1245 12 is_stmt 0 view .LVU1172
 3431 0a90 2071     		strb	r0, [r4, #4]
1246:./lwip-2.1.2/src/api/api_msg.c **** }
 3432              		.loc 1 1246 24 is_stmt 1 view .LVU1173
1247:./lwip-2.1.2/src/api/api_msg.c **** /**
 3433              		.loc 1 1247 1 is_stmt 0 view .LVU1174
 3434 0a92 10BD     		pop	{r4, pc}
 3435              	.LVL336:
 3436              	.L436:
1235:./lwip-2.1.2/src/api/api_msg.c ****         break;
 3437              		.loc 1 1235 9 is_stmt 1 view .LVU1175
1235:./lwip-2.1.2/src/api/api_msg.c ****         break;
 3438              		.loc 1 1235 15 is_stmt 0 view .LVU1176
 3439 0a94 A289     		ldrh	r2, [r4, #12]
 3440 0a96 A168     		ldr	r1, [r4, #8]
 3441 0a98 FFF7FEFF 		bl	tcp_bind
 3442              	.LVL337:
1236:./lwip-2.1.2/src/api/api_msg.c **** #endif /* LWIP_TCP */
 3443              		.loc 1 1236 9 is_stmt 1 view .LVU1177
1245:./lwip-2.1.2/src/api/api_msg.c ****   TCPIP_APIMSG_ACK(msg);
 3444              		.loc 1 1245 3 view .LVU1178
1245:./lwip-2.1.2/src/api/api_msg.c ****   TCPIP_APIMSG_ACK(msg);
 3445              		.loc 1 1245 12 is_stmt 0 view .LVU1179
 3446 0a9c 2071     		strb	r0, [r4, #4]
1246:./lwip-2.1.2/src/api/api_msg.c **** }
 3447              		.loc 1 1246 24 is_stmt 1 view .LVU1180
1247:./lwip-2.1.2/src/api/api_msg.c **** /**
 3448              		.loc 1 1247 1 is_stmt 0 view .LVU1181
 3449 0a9e 10BD     		pop	{r4, pc}
1247:./lwip-2.1.2/src/api/api_msg.c **** /**
 3450              		.loc 1 1247 1 view .LVU1182
 3451              		.cfi_endproc
 3452              	.LFE186:
 3454              		.align	1
 3455              		.p2align 2,,3
 3456              		.global	lwip_netconn_do_bind_if
 3457              		.syntax unified
 3458              		.thumb
 3459              		.thumb_func
 3461              	lwip_netconn_do_bind_if:
 3462              	.LVL338:
 3463              	.LFB187:
1257:./lwip-2.1.2/src/api/api_msg.c ****   struct netif *netif;
 3464              		.loc 1 1257 1 is_stmt 1 view -0
 3465              		.cfi_startproc
 3466              		@ args = 0, pretend = 0, frame = 0
 3467              		@ frame_needed = 0, uses_anonymous_args = 0
1258:./lwip-2.1.2/src/api/api_msg.c ****   struct api_msg *msg = (struct api_msg *)m;
 3468              		.loc 1 1258 3 view .LVU1184
1259:./lwip-2.1.2/src/api/api_msg.c ****   err_t err;
 3469              		.loc 1 1259 3 view .LVU1185
1257:./lwip-2.1.2/src/api/api_msg.c ****   struct netif *netif;
 3470              		.loc 1 1257 1 is_stmt 0 view .LVU1186
 3471 0aa0 10B5     		push	{r4, lr}
 3472              	.LCFI38:
 3473              		.cfi_def_cfa_offset 8
 3474              		.cfi_offset 4, -8
 3475              		.cfi_offset 14, -4
1257:./lwip-2.1.2/src/api/api_msg.c ****   struct netif *netif;
 3476              		.loc 1 1257 1 view .LVU1187
 3477 0aa2 0446     		mov	r4, r0
 3478              	.LVL339:
1260:./lwip-2.1.2/src/api/api_msg.c **** 
 3479              		.loc 1 1260 3 is_stmt 1 view .LVU1188
1262:./lwip-2.1.2/src/api/api_msg.c **** 
 3480              		.loc 1 1262 3 view .LVU1189
1262:./lwip-2.1.2/src/api/api_msg.c **** 
 3481              		.loc 1 1262 11 is_stmt 0 view .LVU1190
 3482 0aa4 807B     		ldrb	r0, [r0, #14]	@ zero_extendqisi2
 3483              	.LVL340:
1262:./lwip-2.1.2/src/api/api_msg.c **** 
 3484              		.loc 1 1262 11 view .LVU1191
 3485 0aa6 FFF7FEFF 		bl	netif_get_by_index
 3486              	.LVL341:
1264:./lwip-2.1.2/src/api/api_msg.c ****     err = ERR_OK;
 3487              		.loc 1 1264 3 is_stmt 1 view .LVU1192
1264:./lwip-2.1.2/src/api/api_msg.c ****     err = ERR_OK;
 3488              		.loc 1 1264 6 is_stmt 0 view .LVU1193
 3489 0aaa 50B1     		cbz	r0, .L446
1264:./lwip-2.1.2/src/api/api_msg.c ****     err = ERR_OK;
 3490              		.loc 1 1264 30 discriminator 1 view .LVU1194
 3491 0aac 2368     		ldr	r3, [r4]
 3492 0aae 0146     		mov	r1, r0
1264:./lwip-2.1.2/src/api/api_msg.c ****     err = ERR_OK;
 3493              		.loc 1 1264 41 discriminator 1 view .LVU1195
 3494 0ab0 5868     		ldr	r0, [r3, #4]
 3495              	.LVL342:
1264:./lwip-2.1.2/src/api/api_msg.c ****     err = ERR_OK;
 3496              		.loc 1 1264 23 discriminator 1 view .LVU1196
 3497 0ab2 30B1     		cbz	r0, .L446
1265:./lwip-2.1.2/src/api/api_msg.c ****     switch (NETCONNTYPE_GROUP(msg->conn->type)) {
 3498              		.loc 1 1265 5 is_stmt 1 view .LVU1197
 3499              	.LVL343:
1266:./lwip-2.1.2/src/api/api_msg.c **** #if LWIP_RAW
 3500              		.loc 1 1266 5 view .LVU1198
 3501 0ab4 1B78     		ldrb	r3, [r3]	@ zero_extendqisi2
 3502 0ab6 03F0F003 		and	r3, r3, #240
 3503 0aba 102B     		cmp	r3, #16
 3504 0abc 0AD0     		beq	.L442
 3505 0abe 202B     		cmp	r3, #32
 3506 0ac0 03D0     		beq	.L448
 3507              	.LVL344:
 3508              	.L446:
1266:./lwip-2.1.2/src/api/api_msg.c **** #if LWIP_RAW
 3509              		.loc 1 1266 5 is_stmt 0 view .LVU1199
 3510 0ac2 6FF00503 		mvn	r3, #5
 3511              	.LVL345:
1289:./lwip-2.1.2/src/api/api_msg.c ****   TCPIP_APIMSG_ACK(msg);
 3512              		.loc 1 1289 3 is_stmt 1 view .LVU1200
1289:./lwip-2.1.2/src/api/api_msg.c ****   TCPIP_APIMSG_ACK(msg);
 3513              		.loc 1 1289 12 is_stmt 0 view .LVU1201
 3514 0ac6 2371     		strb	r3, [r4, #4]
1290:./lwip-2.1.2/src/api/api_msg.c **** }
 3515              		.loc 1 1290 24 is_stmt 1 view .LVU1202
1291:./lwip-2.1.2/src/api/api_msg.c **** 
 3516              		.loc 1 1291 1 is_stmt 0 view .LVU1203
 3517 0ac8 10BD     		pop	{r4, pc}
 3518              	.LVL346:
 3519              	.L448:
1274:./lwip-2.1.2/src/api/api_msg.c ****         break;
 3520              		.loc 1 1274 9 is_stmt 1 view .LVU1204
 3521 0aca FFF7FEFF 		bl	udp_bind_netif
 3522              	.LVL347:
1275:./lwip-2.1.2/src/api/api_msg.c **** #endif /* LWIP_UDP */
 3523              		.loc 1 1275 9 view .LVU1205
 3524              	.L443:
1265:./lwip-2.1.2/src/api/api_msg.c ****     switch (NETCONNTYPE_GROUP(msg->conn->type)) {
 3525              		.loc 1 1265 9 is_stmt 0 view .LVU1206
 3526 0ace 0023     		movs	r3, #0
 3527              	.LVL348:
1289:./lwip-2.1.2/src/api/api_msg.c ****   TCPIP_APIMSG_ACK(msg);
 3528              		.loc 1 1289 3 is_stmt 1 view .LVU1207
1289:./lwip-2.1.2/src/api/api_msg.c ****   TCPIP_APIMSG_ACK(msg);
 3529              		.loc 1 1289 12 is_stmt 0 view .LVU1208
 3530 0ad0 2371     		strb	r3, [r4, #4]
1290:./lwip-2.1.2/src/api/api_msg.c **** }
 3531              		.loc 1 1290 24 is_stmt 1 view .LVU1209
1291:./lwip-2.1.2/src/api/api_msg.c **** 
 3532              		.loc 1 1291 1 is_stmt 0 view .LVU1210
 3533 0ad2 10BD     		pop	{r4, pc}
 3534              	.LVL349:
 3535              	.L442:
1279:./lwip-2.1.2/src/api/api_msg.c ****         break;
 3536              		.loc 1 1279 9 is_stmt 1 view .LVU1211
 3537 0ad4 FFF7FEFF 		bl	tcp_bind_netif
 3538              	.LVL350:
1280:./lwip-2.1.2/src/api/api_msg.c **** #endif /* LWIP_TCP */
 3539              		.loc 1 1280 9 view .LVU1212
 3540 0ad8 F9E7     		b	.L443
 3541              		.cfi_endproc
 3542              	.LFE187:
 3544              		.align	1
 3545 0ada 00BF     		.p2align 2,,3
 3546              		.global	lwip_netconn_do_connect
 3547              		.syntax unified
 3548              		.thumb
 3549              		.thumb_func
 3551              	lwip_netconn_do_connect:
 3552              	.LVL351:
 3553              	.LFB189:
1351:./lwip-2.1.2/src/api/api_msg.c ****   struct api_msg *msg = (struct api_msg *)m;
 3554              		.loc 1 1351 1 view -0
 3555              		.cfi_startproc
 3556              		@ args = 0, pretend = 0, frame = 0
 3557              		@ frame_needed = 0, uses_anonymous_args = 0
1352:./lwip-2.1.2/src/api/api_msg.c ****   err_t err;
 3558              		.loc 1 1352 3 view .LVU1214
1355:./lwip-2.1.2/src/api/api_msg.c ****     /* This may happen when calling netconn_connect() a second time */
 3559              		.loc 1 1355 10 is_stmt 0 view .LVU1215
 3560 0adc 0268     		ldr	r2, [r0]
1351:./lwip-2.1.2/src/api/api_msg.c ****   struct api_msg *msg = (struct api_msg *)m;
 3561              		.loc 1 1351 1 view .LVU1216
 3562 0ade 38B5     		push	{r3, r4, r5, lr}
 3563              	.LCFI39:
 3564              		.cfi_def_cfa_offset 16
 3565              		.cfi_offset 3, -16
 3566              		.cfi_offset 4, -12
 3567              		.cfi_offset 5, -8
 3568              		.cfi_offset 14, -4
1351:./lwip-2.1.2/src/api/api_msg.c ****   struct api_msg *msg = (struct api_msg *)m;
 3569              		.loc 1 1351 1 view .LVU1217
 3570 0ae0 0446     		mov	r4, r0
 3571              	.LVL352:
1353:./lwip-2.1.2/src/api/api_msg.c **** 
 3572              		.loc 1 1353 3 is_stmt 1 view .LVU1218
1355:./lwip-2.1.2/src/api/api_msg.c ****     /* This may happen when calling netconn_connect() a second time */
 3573              		.loc 1 1355 3 view .LVU1219
1355:./lwip-2.1.2/src/api/api_msg.c ****     /* This may happen when calling netconn_connect() a second time */
 3574              		.loc 1 1355 21 is_stmt 0 view .LVU1220
 3575 0ae2 5068     		ldr	r0, [r2, #4]
 3576              	.LVL353:
1355:./lwip-2.1.2/src/api/api_msg.c ****     /* This may happen when calling netconn_connect() a second time */
 3577              		.loc 1 1355 6 view .LVU1221
 3578 0ae4 A0B1     		cbz	r0, .L453
1359:./lwip-2.1.2/src/api/api_msg.c **** #if LWIP_RAW
 3579              		.loc 1 1359 5 is_stmt 1 view .LVU1222
 3580 0ae6 1378     		ldrb	r3, [r2]	@ zero_extendqisi2
 3581 0ae8 03F0F003 		and	r3, r3, #240
 3582 0aec 102B     		cmp	r3, #16
 3583 0aee 07D0     		beq	.L451
 3584 0af0 202B     		cmp	r3, #32
 3585 0af2 11D1     		bne	.L454
1367:./lwip-2.1.2/src/api/api_msg.c ****         break;
 3586              		.loc 1 1367 9 view .LVU1223
1367:./lwip-2.1.2/src/api/api_msg.c ****         break;
 3587              		.loc 1 1367 15 is_stmt 0 view .LVU1224
 3588 0af4 A289     		ldrh	r2, [r4, #12]
 3589 0af6 A168     		ldr	r1, [r4, #8]
 3590 0af8 FFF7FEFF 		bl	udp_connect
 3591              	.LVL354:
1368:./lwip-2.1.2/src/api/api_msg.c **** #endif /* LWIP_UDP */
 3592              		.loc 1 1368 9 is_stmt 1 view .LVU1225
 3593              	.L450:
1411:./lwip-2.1.2/src/api/api_msg.c ****   /* For all other protocols, netconn_connect() calls netconn_apimsg(),
 3594              		.loc 1 1411 3 view .LVU1226
1411:./lwip-2.1.2/src/api/api_msg.c ****   /* For all other protocols, netconn_connect() calls netconn_apimsg(),
 3595              		.loc 1 1411 12 is_stmt 0 view .LVU1227
 3596 0afc 2071     		strb	r0, [r4, #4]
1414:./lwip-2.1.2/src/api/api_msg.c **** }
 3597              		.loc 1 1414 24 is_stmt 1 view .LVU1228
1415:./lwip-2.1.2/src/api/api_msg.c **** 
 3598              		.loc 1 1415 1 is_stmt 0 view .LVU1229
 3599 0afe 38BD     		pop	{r3, r4, r5, pc}
 3600              	.LVL355:
 3601              	.L451:
1373:./lwip-2.1.2/src/api/api_msg.c ****           err = ERR_ALREADY;
 3602              		.loc 1 1373 9 is_stmt 1 view .LVU1230
1373:./lwip-2.1.2/src/api/api_msg.c ****           err = ERR_ALREADY;
 3603              		.loc 1 1373 22 is_stmt 0 view .LVU1231
 3604 0b00 5378     		ldrb	r3, [r2, #1]	@ zero_extendqisi2
1373:./lwip-2.1.2/src/api/api_msg.c ****           err = ERR_ALREADY;
 3605              		.loc 1 1373 12 view .LVU1232
 3606 0b02 032B     		cmp	r3, #3
 3607 0b04 0CD0     		beq	.L455
1375:./lwip-2.1.2/src/api/api_msg.c ****           err = ERR_ISCONN;
 3608              		.loc 1 1375 16 is_stmt 1 view .LVU1233
1375:./lwip-2.1.2/src/api/api_msg.c ****           err = ERR_ISCONN;
 3609              		.loc 1 1375 19 is_stmt 0 view .LVU1234
 3610 0b06 73B1     		cbz	r3, .L458
1376:./lwip-2.1.2/src/api/api_msg.c ****         } else {
 3611              		.loc 1 1376 15 view .LVU1235
 3612 0b08 6FF00900 		mvn	r0, #9
 3613              	.LVL356:
1411:./lwip-2.1.2/src/api/api_msg.c ****   /* For all other protocols, netconn_connect() calls netconn_apimsg(),
 3614              		.loc 1 1411 3 is_stmt 1 view .LVU1236
1411:./lwip-2.1.2/src/api/api_msg.c ****   /* For all other protocols, netconn_connect() calls netconn_apimsg(),
 3615              		.loc 1 1411 12 is_stmt 0 view .LVU1237
 3616 0b0c 2071     		strb	r0, [r4, #4]
1414:./lwip-2.1.2/src/api/api_msg.c **** }
 3617              		.loc 1 1414 24 is_stmt 1 view .LVU1238
1415:./lwip-2.1.2/src/api/api_msg.c **** 
 3618              		.loc 1 1415 1 is_stmt 0 view .LVU1239
 3619 0b0e 38BD     		pop	{r3, r4, r5, pc}
 3620              	.LVL357:
 3621              	.L453:
1357:./lwip-2.1.2/src/api/api_msg.c ****   } else {
 3622              		.loc 1 1357 9 view .LVU1240
 3623 0b10 6FF00E00 		mvn	r0, #14
 3624              	.LVL358:
1411:./lwip-2.1.2/src/api/api_msg.c ****   /* For all other protocols, netconn_connect() calls netconn_apimsg(),
 3625              		.loc 1 1411 3 is_stmt 1 view .LVU1241
1411:./lwip-2.1.2/src/api/api_msg.c ****   /* For all other protocols, netconn_connect() calls netconn_apimsg(),
 3626              		.loc 1 1411 12 is_stmt 0 view .LVU1242
 3627 0b14 2071     		strb	r0, [r4, #4]
1414:./lwip-2.1.2/src/api/api_msg.c **** }
 3628              		.loc 1 1414 24 is_stmt 1 view .LVU1243
1415:./lwip-2.1.2/src/api/api_msg.c **** 
 3629              		.loc 1 1415 1 is_stmt 0 view .LVU1244
 3630 0b16 38BD     		pop	{r3, r4, r5, pc}
 3631              	.LVL359:
 3632              	.L454:
1359:./lwip-2.1.2/src/api/api_msg.c **** #if LWIP_RAW
 3633              		.loc 1 1359 5 view .LVU1245
 3634 0b18 6FF00500 		mvn	r0, #5
 3635              	.LVL360:
1411:./lwip-2.1.2/src/api/api_msg.c ****   /* For all other protocols, netconn_connect() calls netconn_apimsg(),
 3636              		.loc 1 1411 3 is_stmt 1 view .LVU1246
1411:./lwip-2.1.2/src/api/api_msg.c ****   /* For all other protocols, netconn_connect() calls netconn_apimsg(),
 3637              		.loc 1 1411 12 is_stmt 0 view .LVU1247
 3638 0b1c 2071     		strb	r0, [r4, #4]
1414:./lwip-2.1.2/src/api/api_msg.c **** }
 3639              		.loc 1 1414 24 is_stmt 1 view .LVU1248
1415:./lwip-2.1.2/src/api/api_msg.c **** 
 3640              		.loc 1 1415 1 is_stmt 0 view .LVU1249
 3641 0b1e 38BD     		pop	{r3, r4, r5, pc}
 3642              	.LVL361:
 3643              	.L455:
1374:./lwip-2.1.2/src/api/api_msg.c ****         } else if (msg->conn->state != NETCONN_NONE) {
 3644              		.loc 1 1374 15 view .LVU1250
 3645 0b20 6FF00800 		mvn	r0, #8
 3646 0b24 EAE7     		b	.L450
 3647              	.L458:
1378:./lwip-2.1.2/src/api/api_msg.c ****           err = tcp_connect(msg->conn->pcb.tcp, API_EXPR_REF(msg->msg.bc.ipaddr),
 3648              		.loc 1 1378 11 is_stmt 1 view .LVU1251
 3649 0b26 1046     		mov	r0, r2
 3650 0b28 FFF79CFA 		bl	setup_tcp
 3651              	.LVL362:
1379:./lwip-2.1.2/src/api/api_msg.c ****                             msg->msg.bc.port, lwip_netconn_do_connected);
 3652              		.loc 1 1379 11 view .LVU1252
1379:./lwip-2.1.2/src/api/api_msg.c ****                             msg->msg.bc.port, lwip_netconn_do_connected);
 3653              		.loc 1 1379 17 is_stmt 0 view .LVU1253
 3654 0b2c 2068     		ldr	r0, [r4]
 3655 0b2e 134B     		ldr	r3, .L459
 3656 0b30 A289     		ldrh	r2, [r4, #12]
 3657 0b32 A168     		ldr	r1, [r4, #8]
 3658 0b34 4068     		ldr	r0, [r0, #4]
 3659 0b36 FFF7FEFF 		bl	tcp_connect
 3660              	.LVL363:
1381:./lwip-2.1.2/src/api/api_msg.c ****             u8_t non_blocking = netconn_is_nonblocking(msg->conn);
 3661              		.loc 1 1381 11 is_stmt 1 view .LVU1254
1381:./lwip-2.1.2/src/api/api_msg.c ****             u8_t non_blocking = netconn_is_nonblocking(msg->conn);
 3662              		.loc 1 1381 14 is_stmt 0 view .LVU1255
 3663 0b3a 0028     		cmp	r0, #0
 3664 0b3c DED1     		bne	.L450
 3665              	.LBB131:
1382:./lwip-2.1.2/src/api/api_msg.c ****             msg->conn->state = NETCONN_CONNECT;
 3666              		.loc 1 1382 13 is_stmt 1 view .LVU1256
1382:./lwip-2.1.2/src/api/api_msg.c ****             msg->conn->state = NETCONN_CONNECT;
 3667              		.loc 1 1382 33 is_stmt 0 view .LVU1257
 3668 0b3e 2268     		ldr	r2, [r4]
1383:./lwip-2.1.2/src/api/api_msg.c ****             SET_NONBLOCKING_CONNECT(msg->conn, non_blocking);
 3669              		.loc 1 1383 30 view .LVU1258
 3670 0b40 0321     		movs	r1, #3
1382:./lwip-2.1.2/src/api/api_msg.c ****             msg->conn->state = NETCONN_CONNECT;
 3671              		.loc 1 1382 33 view .LVU1259
 3672 0b42 137F     		ldrb	r3, [r2, #28]	@ zero_extendqisi2
 3673              	.LVL364:
1383:./lwip-2.1.2/src/api/api_msg.c ****             SET_NONBLOCKING_CONNECT(msg->conn, non_blocking);
 3674              		.loc 1 1383 13 is_stmt 1 view .LVU1260
1383:./lwip-2.1.2/src/api/api_msg.c ****             SET_NONBLOCKING_CONNECT(msg->conn, non_blocking);
 3675              		.loc 1 1383 30 is_stmt 0 view .LVU1261
 3676 0b44 5170     		strb	r1, [r2, #1]
1384:./lwip-2.1.2/src/api/api_msg.c ****             if (non_blocking) {
 3677              		.loc 1 1384 13 is_stmt 1 view .LVU1262
1384:./lwip-2.1.2/src/api/api_msg.c ****             if (non_blocking) {
 3678              		.loc 1 1384 13 view .LVU1263
 3679 0b46 13F00205 		ands	r5, r3, #2
 3680 0b4a 05D0     		beq	.L452
1384:./lwip-2.1.2/src/api/api_msg.c ****             if (non_blocking) {
 3681              		.loc 1 1384 13 discriminator 1 view .LVU1264
1384:./lwip-2.1.2/src/api/api_msg.c ****             if (non_blocking) {
 3682              		.loc 1 1384 13 discriminator 1 view .LVU1265
 3683 0b4c 43F00403 		orr	r3, r3, #4
 3684              	.LVL365:
1386:./lwip-2.1.2/src/api/api_msg.c ****             } else {
 3685              		.loc 1 1386 19 is_stmt 0 view .LVU1266
 3686 0b50 6FF00400 		mvn	r0, #4
 3687              	.LVL366:
1384:./lwip-2.1.2/src/api/api_msg.c ****             if (non_blocking) {
 3688              		.loc 1 1384 13 discriminator 1 view .LVU1267
 3689 0b54 1377     		strb	r3, [r2, #28]
 3690              	.LVL367:
1384:./lwip-2.1.2/src/api/api_msg.c ****             if (non_blocking) {
 3691              		.loc 1 1384 13 is_stmt 1 discriminator 1 view .LVU1268
1384:./lwip-2.1.2/src/api/api_msg.c ****             if (non_blocking) {
 3692              		.loc 1 1384 13 discriminator 4 view .LVU1269
1384:./lwip-2.1.2/src/api/api_msg.c ****             if (non_blocking) {
 3693              		.loc 1 1384 13 discriminator 4 view .LVU1270
1385:./lwip-2.1.2/src/api/api_msg.c ****               err = ERR_INPROGRESS;
 3694              		.loc 1 1385 13 view .LVU1271
 3695 0b56 D1E7     		b	.L450
 3696              	.LVL368:
 3697              	.L452:
1384:./lwip-2.1.2/src/api/api_msg.c ****             if (non_blocking) {
 3698              		.loc 1 1384 13 discriminator 2 view .LVU1272
1384:./lwip-2.1.2/src/api/api_msg.c ****             if (non_blocking) {
 3699              		.loc 1 1384 13 discriminator 2 view .LVU1273
 3700 0b58 23F00403 		bic	r3, r3, #4
 3701              	.LVL369:
1388:./lwip-2.1.2/src/api/api_msg.c ****               /* sys_sem_signal() is called from lwip_netconn_do_connected (or err_tcp()),
 3702              		.loc 1 1388 38 is_stmt 0 view .LVU1274
 3703 0b5c 1462     		str	r4, [r2, #32]
1393:./lwip-2.1.2/src/api/api_msg.c ****               sys_arch_sem_wait(LWIP_API_MSG_SEM(msg), 0);
 3704              		.loc 1 1393 15 view .LVU1275
 3705 0b5e 0848     		ldr	r0, .L459+4
 3706              	.LVL370:
1384:./lwip-2.1.2/src/api/api_msg.c ****             if (non_blocking) {
 3707              		.loc 1 1384 13 discriminator 2 view .LVU1276
 3708 0b60 1377     		strb	r3, [r2, #28]
 3709              	.LVL371:
1384:./lwip-2.1.2/src/api/api_msg.c ****             if (non_blocking) {
 3710              		.loc 1 1384 13 is_stmt 1 discriminator 4 view .LVU1277
1384:./lwip-2.1.2/src/api/api_msg.c ****             if (non_blocking) {
 3711              		.loc 1 1384 13 discriminator 4 view .LVU1278
1385:./lwip-2.1.2/src/api/api_msg.c ****               err = ERR_INPROGRESS;
 3712              		.loc 1 1385 13 view .LVU1279
1388:./lwip-2.1.2/src/api/api_msg.c ****               /* sys_sem_signal() is called from lwip_netconn_do_connected (or err_tcp()),
 3713              		.loc 1 1388 15 view .LVU1280
1392:./lwip-2.1.2/src/api/api_msg.c ****               UNLOCK_TCPIP_CORE();
 3714              		.loc 1 1392 73 view .LVU1281
1393:./lwip-2.1.2/src/api/api_msg.c ****               sys_arch_sem_wait(LWIP_API_MSG_SEM(msg), 0);
 3715              		.loc 1 1393 15 view .LVU1282
 3716 0b62 FFF7FEFF 		bl	sys_mutex_unlock
 3717              	.LVL372:
1394:./lwip-2.1.2/src/api/api_msg.c ****               LOCK_TCPIP_CORE();
 3718              		.loc 1 1394 15 view .LVU1283
 3719 0b66 2068     		ldr	r0, [r4]
 3720 0b68 2946     		mov	r1, r5
 3721 0b6a 0C30     		adds	r0, r0, #12
 3722 0b6c FFF7FEFF 		bl	sys_arch_sem_wait
 3723              	.LVL373:
1395:./lwip-2.1.2/src/api/api_msg.c ****               LWIP_ASSERT("state!", msg->conn->state != NETCONN_CONNECT);
 3724              		.loc 1 1395 15 view .LVU1284
 3725 0b70 0348     		ldr	r0, .L459+4
 3726              	.LBE131:
1415:./lwip-2.1.2/src/api/api_msg.c **** 
 3727              		.loc 1 1415 1 is_stmt 0 view .LVU1285
 3728 0b72 BDE83840 		pop	{r3, r4, r5, lr}
 3729              	.LCFI40:
 3730              		.cfi_restore 14
 3731              		.cfi_restore 5
 3732              		.cfi_restore 4
 3733              		.cfi_restore 3
 3734              		.cfi_def_cfa_offset 0
 3735              	.LVL374:
 3736              	.LBB132:
1395:./lwip-2.1.2/src/api/api_msg.c ****               LWIP_ASSERT("state!", msg->conn->state != NETCONN_CONNECT);
 3737              		.loc 1 1395 15 view .LVU1286
 3738 0b76 FFF7FEBF 		b	sys_mutex_lock
 3739              	.LVL375:
 3740              	.L460:
 3741 0b7a 00BF     		.align	2
 3742              	.L459:
 3743 0b7c 00000000 		.word	lwip_netconn_do_connected
 3744 0b80 00000000 		.word	lock_tcpip_core
 3745              	.LBE132:
 3746              		.cfi_endproc
 3747              	.LFE189:
 3749              		.align	1
 3750              		.p2align 2,,3
 3751              		.global	lwip_netconn_do_disconnect
 3752              		.syntax unified
 3753              		.thumb
 3754              		.thumb_func
 3756              	lwip_netconn_do_disconnect:
 3757              	.LVL376:
 3758              	.LFB190:
1426:./lwip-2.1.2/src/api/api_msg.c ****   struct api_msg *msg = (struct api_msg *)m;
 3759              		.loc 1 1426 1 is_stmt 1 view -0
 3760              		.cfi_startproc
 3761              		@ args = 0, pretend = 0, frame = 0
 3762              		@ frame_needed = 0, uses_anonymous_args = 0
1427:./lwip-2.1.2/src/api/api_msg.c **** 
 3763              		.loc 1 1427 3 view .LVU1288
1430:./lwip-2.1.2/src/api/api_msg.c ****     udp_disconnect(msg->conn->pcb.udp);
 3764              		.loc 1 1430 7 is_stmt 0 view .LVU1289
 3765 0b84 0268     		ldr	r2, [r0]
1426:./lwip-2.1.2/src/api/api_msg.c ****   struct api_msg *msg = (struct api_msg *)m;
 3766              		.loc 1 1426 1 view .LVU1290
 3767 0b86 10B5     		push	{r4, lr}
 3768              	.LCFI41:
 3769              		.cfi_def_cfa_offset 8
 3770              		.cfi_offset 4, -8
 3771              		.cfi_offset 14, -4
1430:./lwip-2.1.2/src/api/api_msg.c ****     udp_disconnect(msg->conn->pcb.udp);
 3772              		.loc 1 1430 6 view .LVU1291
 3773 0b88 1378     		ldrb	r3, [r2]	@ zero_extendqisi2
1426:./lwip-2.1.2/src/api/api_msg.c ****   struct api_msg *msg = (struct api_msg *)m;
 3774              		.loc 1 1426 1 view .LVU1292
 3775 0b8a 0446     		mov	r4, r0
 3776              	.LVL377:
1430:./lwip-2.1.2/src/api/api_msg.c ****     udp_disconnect(msg->conn->pcb.udp);
 3777              		.loc 1 1430 3 is_stmt 1 view .LVU1293
1430:./lwip-2.1.2/src/api/api_msg.c ****     udp_disconnect(msg->conn->pcb.udp);
 3778              		.loc 1 1430 6 is_stmt 0 view .LVU1294
 3779 0b8c 03F0F003 		and	r3, r3, #240
 3780 0b90 202B     		cmp	r3, #32
 3781 0b92 03D0     		beq	.L465
 3782 0b94 6FF00503 		mvn	r3, #5
1432:./lwip-2.1.2/src/api/api_msg.c ****   } else
 3783              		.loc 1 1432 14 view .LVU1295
 3784 0b98 2371     		strb	r3, [r4, #4]
1438:./lwip-2.1.2/src/api/api_msg.c **** }
 3785              		.loc 1 1438 24 is_stmt 1 view .LVU1296
1439:./lwip-2.1.2/src/api/api_msg.c **** 
 3786              		.loc 1 1439 1 is_stmt 0 view .LVU1297
 3787 0b9a 10BD     		pop	{r4, pc}
 3788              	.L465:
1431:./lwip-2.1.2/src/api/api_msg.c ****     msg->err = ERR_OK;
 3789              		.loc 1 1431 5 is_stmt 1 view .LVU1298
 3790 0b9c 5068     		ldr	r0, [r2, #4]
 3791              	.LVL378:
1431:./lwip-2.1.2/src/api/api_msg.c ****     msg->err = ERR_OK;
 3792              		.loc 1 1431 5 is_stmt 0 view .LVU1299
 3793 0b9e FFF7FEFF 		bl	udp_disconnect
 3794              	.LVL379:
1432:./lwip-2.1.2/src/api/api_msg.c ****   } else
 3795              		.loc 1 1432 5 is_stmt 1 view .LVU1300
 3796 0ba2 0023     		movs	r3, #0
1432:./lwip-2.1.2/src/api/api_msg.c ****   } else
 3797              		.loc 1 1432 14 is_stmt 0 view .LVU1301
 3798 0ba4 2371     		strb	r3, [r4, #4]
1438:./lwip-2.1.2/src/api/api_msg.c **** }
 3799              		.loc 1 1438 24 is_stmt 1 view .LVU1302
1439:./lwip-2.1.2/src/api/api_msg.c **** 
 3800              		.loc 1 1439 1 is_stmt 0 view .LVU1303
 3801 0ba6 10BD     		pop	{r4, pc}
1439:./lwip-2.1.2/src/api/api_msg.c **** 
 3802              		.loc 1 1439 1 view .LVU1304
 3803              		.cfi_endproc
 3804              	.LFE190:
 3806              		.align	1
 3807              		.p2align 2,,3
 3808              		.global	lwip_netconn_do_listen
 3809              		.syntax unified
 3810              		.thumb
 3811              		.thumb_func
 3813              	lwip_netconn_do_listen:
 3814              	.LVL380:
 3815              	.LFB191:
1450:./lwip-2.1.2/src/api/api_msg.c ****   struct api_msg *msg = (struct api_msg *)m;
 3816              		.loc 1 1450 1 is_stmt 1 view -0
 3817              		.cfi_startproc
 3818              		@ args = 0, pretend = 0, frame = 8
 3819              		@ frame_needed = 0, uses_anonymous_args = 0
1451:./lwip-2.1.2/src/api/api_msg.c ****   err_t err;
 3820              		.loc 1 1451 3 view .LVU1306
1454:./lwip-2.1.2/src/api/api_msg.c ****     if (NETCONNTYPE_GROUP(msg->conn->type) == NETCONN_TCP) {
 3821              		.loc 1 1454 10 is_stmt 0 view .LVU1307
 3822 0ba8 0368     		ldr	r3, [r0]
1450:./lwip-2.1.2/src/api/api_msg.c ****   struct api_msg *msg = (struct api_msg *)m;
 3823              		.loc 1 1450 1 view .LVU1308
 3824 0baa 70B5     		push	{r4, r5, r6, lr}
 3825              	.LCFI42:
 3826              		.cfi_def_cfa_offset 16
 3827              		.cfi_offset 4, -16
 3828              		.cfi_offset 5, -12
 3829              		.cfi_offset 6, -8
 3830              		.cfi_offset 14, -4
 3831 0bac 0446     		mov	r4, r0
 3832              	.LVL381:
1452:./lwip-2.1.2/src/api/api_msg.c **** 
 3833              		.loc 1 1452 3 is_stmt 1 view .LVU1309
1454:./lwip-2.1.2/src/api/api_msg.c ****     if (NETCONNTYPE_GROUP(msg->conn->type) == NETCONN_TCP) {
 3834              		.loc 1 1454 3 view .LVU1310
1454:./lwip-2.1.2/src/api/api_msg.c ****     if (NETCONNTYPE_GROUP(msg->conn->type) == NETCONN_TCP) {
 3835              		.loc 1 1454 21 is_stmt 0 view .LVU1311
 3836 0bae 5868     		ldr	r0, [r3, #4]
 3837              	.LVL382:
1450:./lwip-2.1.2/src/api/api_msg.c ****   struct api_msg *msg = (struct api_msg *)m;
 3838              		.loc 1 1450 1 view .LVU1312
 3839 0bb0 82B0     		sub	sp, sp, #8
 3840              	.LCFI43:
 3841              		.cfi_def_cfa_offset 24
1454:./lwip-2.1.2/src/api/api_msg.c ****     if (NETCONNTYPE_GROUP(msg->conn->type) == NETCONN_TCP) {
 3842              		.loc 1 1454 6 view .LVU1313
 3843 0bb2 80B1     		cbz	r0, .L473
1455:./lwip-2.1.2/src/api/api_msg.c ****       if (msg->conn->state == NETCONN_NONE) {
 3844              		.loc 1 1455 5 is_stmt 1 view .LVU1314
1455:./lwip-2.1.2/src/api/api_msg.c ****       if (msg->conn->state == NETCONN_NONE) {
 3845              		.loc 1 1455 8 is_stmt 0 view .LVU1315
 3846 0bb4 1A78     		ldrb	r2, [r3]	@ zero_extendqisi2
 3847 0bb6 02F0F002 		and	r2, r2, #240
 3848 0bba 102A     		cmp	r2, #16
 3849 0bbc 04D0     		beq	.L482
 3850 0bbe 6FF00F03 		mvn	r3, #15
 3851              	.L467:
1520:./lwip-2.1.2/src/api/api_msg.c ****   TCPIP_APIMSG_ACK(msg);
 3852              		.loc 1 1520 3 is_stmt 1 view .LVU1316
1520:./lwip-2.1.2/src/api/api_msg.c ****   TCPIP_APIMSG_ACK(msg);
 3853              		.loc 1 1520 12 is_stmt 0 view .LVU1317
 3854 0bc2 2371     		strb	r3, [r4, #4]
1521:./lwip-2.1.2/src/api/api_msg.c **** }
 3855              		.loc 1 1521 24 is_stmt 1 view .LVU1318
1522:./lwip-2.1.2/src/api/api_msg.c **** #endif /* LWIP_TCP */
 3856              		.loc 1 1522 1 is_stmt 0 view .LVU1319
 3857 0bc4 02B0     		add	sp, sp, #8
 3858              	.LCFI44:
 3859              		.cfi_remember_state
 3860              		.cfi_def_cfa_offset 16
 3861              		@ sp needed
 3862 0bc6 70BD     		pop	{r4, r5, r6, pc}
 3863              	.LVL383:
 3864              	.L482:
 3865              	.LCFI45:
 3866              		.cfi_restore_state
1456:./lwip-2.1.2/src/api/api_msg.c ****         struct tcp_pcb *lpcb;
 3867              		.loc 1 1456 7 is_stmt 1 view .LVU1320
1456:./lwip-2.1.2/src/api/api_msg.c ****         struct tcp_pcb *lpcb;
 3868              		.loc 1 1456 20 is_stmt 0 view .LVU1321
 3869 0bc8 5B78     		ldrb	r3, [r3, #1]	@ zero_extendqisi2
1456:./lwip-2.1.2/src/api/api_msg.c ****         struct tcp_pcb *lpcb;
 3870              		.loc 1 1456 10 view .LVU1322
 3871 0bca 4BB9     		cbnz	r3, .L468
 3872              	.LBB133:
1457:./lwip-2.1.2/src/api/api_msg.c ****         if (msg->conn->pcb.tcp->state != CLOSED) {
 3873              		.loc 1 1457 9 is_stmt 1 view .LVU1323
1458:./lwip-2.1.2/src/api/api_msg.c ****           /* connection is not closed, cannot listen */
 3874              		.loc 1 1458 9 view .LVU1324
1458:./lwip-2.1.2/src/api/api_msg.c ****           /* connection is not closed, cannot listen */
 3875              		.loc 1 1458 12 is_stmt 0 view .LVU1325
 3876 0bcc 057D     		ldrb	r5, [r0, #20]	@ zero_extendqisi2
 3877 0bce 7DB1     		cbz	r5, .L483
 3878 0bd0 6FF00503 		mvn	r3, #5
 3879 0bd4 F5E7     		b	.L467
 3880              	.L473:
 3881              	.LBE133:
 3882 0bd6 6FF00A03 		mvn	r3, #10
1520:./lwip-2.1.2/src/api/api_msg.c ****   TCPIP_APIMSG_ACK(msg);
 3883              		.loc 1 1520 3 is_stmt 1 view .LVU1326
1520:./lwip-2.1.2/src/api/api_msg.c ****   TCPIP_APIMSG_ACK(msg);
 3884              		.loc 1 1520 12 is_stmt 0 view .LVU1327
 3885 0bda 2371     		strb	r3, [r4, #4]
1521:./lwip-2.1.2/src/api/api_msg.c **** }
 3886              		.loc 1 1521 24 is_stmt 1 view .LVU1328
1522:./lwip-2.1.2/src/api/api_msg.c **** #endif /* LWIP_TCP */
 3887              		.loc 1 1522 1 is_stmt 0 view .LVU1329
 3888 0bdc 02B0     		add	sp, sp, #8
 3889              	.LCFI46:
 3890              		.cfi_remember_state
 3891              		.cfi_def_cfa_offset 16
 3892              		@ sp needed
 3893 0bde 70BD     		pop	{r4, r5, r6, pc}
 3894              	.LVL384:
 3895              	.L468:
 3896              	.LCFI47:
 3897              		.cfi_restore_state
1507:./lwip-2.1.2/src/api/api_msg.c ****         /* already listening, allow updating of the backlog */
 3898              		.loc 1 1507 14 is_stmt 1 view .LVU1330
1507:./lwip-2.1.2/src/api/api_msg.c ****         /* already listening, allow updating of the backlog */
 3899              		.loc 1 1507 17 is_stmt 0 view .LVU1331
 3900 0be0 022B     		cmp	r3, #2
 3901 0be2 0CBF     		ite	eq
 3902 0be4 0023     		moveq	r3, #0
 3903 0be6 6FF00A03 		mvnne	r3, #10
1520:./lwip-2.1.2/src/api/api_msg.c ****   TCPIP_APIMSG_ACK(msg);
 3904              		.loc 1 1520 3 is_stmt 1 view .LVU1332
1520:./lwip-2.1.2/src/api/api_msg.c ****   TCPIP_APIMSG_ACK(msg);
 3905              		.loc 1 1520 12 is_stmt 0 view .LVU1333
 3906 0bea 2371     		strb	r3, [r4, #4]
1521:./lwip-2.1.2/src/api/api_msg.c **** }
 3907              		.loc 1 1521 24 is_stmt 1 view .LVU1334
1522:./lwip-2.1.2/src/api/api_msg.c **** #endif /* LWIP_TCP */
 3908              		.loc 1 1522 1 is_stmt 0 view .LVU1335
 3909 0bec 02B0     		add	sp, sp, #8
 3910              	.LCFI48:
 3911              		.cfi_remember_state
 3912              		.cfi_def_cfa_offset 16
 3913              		@ sp needed
 3914 0bee 70BD     		pop	{r4, r5, r6, pc}
 3915              	.LVL385:
 3916              	.L483:
 3917              	.LCFI49:
 3918              		.cfi_restore_state
 3919              	.LBB137:
 3920              	.LBB134:
1462:./lwip-2.1.2/src/api/api_msg.c **** #if TCP_LISTEN_BACKLOG
 3921              		.loc 1 1462 11 is_stmt 1 view .LVU1336
1466:./lwip-2.1.2/src/api/api_msg.c **** #endif /* TCP_LISTEN_BACKLOG */
 3922              		.loc 1 1466 11 view .LVU1337
1480:./lwip-2.1.2/src/api/api_msg.c **** 
 3923              		.loc 1 1480 11 view .LVU1338
1480:./lwip-2.1.2/src/api/api_msg.c **** 
 3924              		.loc 1 1480 18 is_stmt 0 view .LVU1339
 3925 0bf0 0DF10702 		add	r2, sp, #7
 3926 0bf4 FF21     		movs	r1, #255
 3927 0bf6 FFF7FEFF 		bl	tcp_listen_with_backlog_and_err
 3928              	.LVL386:
1482:./lwip-2.1.2/src/api/api_msg.c ****             /* in this case, the old pcb is still allocated */
 3929              		.loc 1 1482 11 is_stmt 1 view .LVU1340
1482:./lwip-2.1.2/src/api/api_msg.c ****             /* in this case, the old pcb is still allocated */
 3930              		.loc 1 1482 14 is_stmt 0 view .LVU1341
 3931 0bfa 0646     		mov	r6, r0
 3932 0bfc C8B1     		cbz	r0, .L481
1486:./lwip-2.1.2/src/api/api_msg.c ****               /** @todo: should we drain the recvmbox here? */
 3933              		.loc 1 1486 13 is_stmt 1 view .LVU1342
1486:./lwip-2.1.2/src/api/api_msg.c ****               /** @todo: should we drain the recvmbox here? */
 3934              		.loc 1 1486 17 is_stmt 0 view .LVU1343
 3935 0bfe 2368     		ldr	r3, [r4]
1486:./lwip-2.1.2/src/api/api_msg.c ****               /** @todo: should we drain the recvmbox here? */
 3936              		.loc 1 1486 17 discriminator 1 view .LVU1344
 3937 0c00 1A69     		ldr	r2, [r3, #16]
 3938 0c02 2AB1     		cbz	r2, .L470
1488:./lwip-2.1.2/src/api/api_msg.c ****               sys_mbox_set_invalid(&msg->conn->recvmbox);
 3939              		.loc 1 1488 15 is_stmt 1 view .LVU1345
 3940 0c04 03F11000 		add	r0, r3, #16
 3941              	.LVL387:
1488:./lwip-2.1.2/src/api/api_msg.c ****               sys_mbox_set_invalid(&msg->conn->recvmbox);
 3942              		.loc 1 1488 15 is_stmt 0 view .LVU1346
 3943 0c08 FFF7FEFF 		bl	sys_mbox_free
 3944              	.LVL388:
1489:./lwip-2.1.2/src/api/api_msg.c ****             }
 3945              		.loc 1 1489 15 is_stmt 1 view .LVU1347
 3946 0c0c 2368     		ldr	r3, [r4]
1489:./lwip-2.1.2/src/api/api_msg.c ****             }
 3947              		.loc 1 1489 15 discriminator 1 view .LVU1348
 3948 0c0e 1D61     		str	r5, [r3, #16]
 3949              	.L470:
1489:./lwip-2.1.2/src/api/api_msg.c ****             }
 3950              		.loc 1 1489 57 discriminator 3 view .LVU1349
1491:./lwip-2.1.2/src/api/api_msg.c ****             if (!sys_mbox_valid(&msg->conn->acceptmbox)) {
 3951              		.loc 1 1491 13 view .LVU1350
1491:./lwip-2.1.2/src/api/api_msg.c ****             if (!sys_mbox_valid(&msg->conn->acceptmbox)) {
 3952              		.loc 1 1491 17 is_stmt 0 view .LVU1351
 3953 0c10 0022     		movs	r2, #0
1492:./lwip-2.1.2/src/api/api_msg.c ****               err = sys_mbox_new(&msg->conn->acceptmbox, DEFAULT_ACCEPTMBOX_SIZE);
 3954              		.loc 1 1492 17 discriminator 1 view .LVU1352
 3955 0c12 5D69     		ldr	r5, [r3, #20]
1491:./lwip-2.1.2/src/api/api_msg.c ****             if (!sys_mbox_valid(&msg->conn->acceptmbox)) {
 3956              		.loc 1 1491 17 view .LVU1353
 3957 0c14 8DF80720 		strb	r2, [sp, #7]
1492:./lwip-2.1.2/src/api/api_msg.c ****               err = sys_mbox_new(&msg->conn->acceptmbox, DEFAULT_ACCEPTMBOX_SIZE);
 3958              		.loc 1 1492 13 is_stmt 1 view .LVU1354
1492:./lwip-2.1.2/src/api/api_msg.c ****               err = sys_mbox_new(&msg->conn->acceptmbox, DEFAULT_ACCEPTMBOX_SIZE);
 3959              		.loc 1 1492 17 is_stmt 0 discriminator 1 view .LVU1355
 3960 0c18 75B1     		cbz	r5, .L484
 3961              	.L471:
1496:./lwip-2.1.2/src/api/api_msg.c ****               msg->conn->pcb.tcp = lpcb;
 3962              		.loc 1 1496 15 is_stmt 1 view .LVU1356
1496:./lwip-2.1.2/src/api/api_msg.c ****               msg->conn->pcb.tcp = lpcb;
 3963              		.loc 1 1496 32 is_stmt 0 view .LVU1357
 3964 0c1a 0222     		movs	r2, #2
1498:./lwip-2.1.2/src/api/api_msg.c ****               tcp_accept(msg->conn->pcb.tcp, accept_function);
 3965              		.loc 1 1498 15 view .LVU1358
 3966 0c1c 1946     		mov	r1, r3
 3967 0c1e 3046     		mov	r0, r6
1497:./lwip-2.1.2/src/api/api_msg.c ****               tcp_arg(msg->conn->pcb.tcp, msg->conn);
 3968              		.loc 1 1497 34 view .LVU1359
 3969 0c20 5E60     		str	r6, [r3, #4]
1496:./lwip-2.1.2/src/api/api_msg.c ****               msg->conn->pcb.tcp = lpcb;
 3970              		.loc 1 1496 32 view .LVU1360
 3971 0c22 5A70     		strb	r2, [r3, #1]
1497:./lwip-2.1.2/src/api/api_msg.c ****               tcp_arg(msg->conn->pcb.tcp, msg->conn);
 3972              		.loc 1 1497 15 is_stmt 1 view .LVU1361
1498:./lwip-2.1.2/src/api/api_msg.c ****               tcp_accept(msg->conn->pcb.tcp, accept_function);
 3973              		.loc 1 1498 15 view .LVU1362
 3974 0c24 FFF7FEFF 		bl	tcp_arg
 3975              	.LVL389:
1499:./lwip-2.1.2/src/api/api_msg.c ****             } else {
 3976              		.loc 1 1499 15 view .LVU1363
 3977 0c28 2368     		ldr	r3, [r4]
 3978 0c2a 0C49     		ldr	r1, .L486
 3979 0c2c 5868     		ldr	r0, [r3, #4]
 3980 0c2e FFF7FEFF 		bl	tcp_accept
 3981              	.LVL390:
 3982              	.L481:
1499:./lwip-2.1.2/src/api/api_msg.c ****             } else {
 3983              		.loc 1 1499 15 is_stmt 0 view .LVU1364
 3984              	.LBE134:
 3985              	.LBE137:
1520:./lwip-2.1.2/src/api/api_msg.c ****   TCPIP_APIMSG_ACK(msg);
 3986              		.loc 1 1520 12 view .LVU1365
 3987 0c32 9DF90730 		ldrsb	r3, [sp, #7]
 3988              	.LBB138:
 3989              	.LBB135:
 3990 0c36 C4E7     		b	.L467
 3991              	.L484:
1493:./lwip-2.1.2/src/api/api_msg.c ****             }
 3992              		.loc 1 1493 15 is_stmt 1 view .LVU1366
1493:./lwip-2.1.2/src/api/api_msg.c ****             }
 3993              		.loc 1 1493 21 is_stmt 0 view .LVU1367
 3994 0c38 0621     		movs	r1, #6
 3995 0c3a 03F11400 		add	r0, r3, #20
 3996 0c3e FFF7FEFF 		bl	sys_mbox_new
 3997              	.LVL391:
1493:./lwip-2.1.2/src/api/api_msg.c ****             }
 3998              		.loc 1 1493 19 discriminator 1 view .LVU1368
 3999 0c42 8DF80700 		strb	r0, [sp, #7]
1495:./lwip-2.1.2/src/api/api_msg.c ****               msg->conn->state = NETCONN_LISTEN;
 4000              		.loc 1 1495 13 is_stmt 1 view .LVU1369
1495:./lwip-2.1.2/src/api/api_msg.c ****               msg->conn->state = NETCONN_LISTEN;
 4001              		.loc 1 1495 16 is_stmt 0 view .LVU1370
 4002 0c46 38B1     		cbz	r0, .L485
1502:./lwip-2.1.2/src/api/api_msg.c ****               msg->conn->pcb.tcp = NULL;
 4003              		.loc 1 1502 15 is_stmt 1 view .LVU1371
 4004 0c48 3046     		mov	r0, r6
 4005 0c4a FFF7FEFF 		bl	tcp_close
 4006              	.LVL392:
1503:./lwip-2.1.2/src/api/api_msg.c ****             }
 4007              		.loc 1 1503 15 view .LVU1372
1503:./lwip-2.1.2/src/api/api_msg.c ****             }
 4008              		.loc 1 1503 34 is_stmt 0 view .LVU1373
 4009 0c4e 2268     		ldr	r2, [r4]
 4010              	.LBE135:
 4011              	.LBE138:
1520:./lwip-2.1.2/src/api/api_msg.c ****   TCPIP_APIMSG_ACK(msg);
 4012              		.loc 1 1520 12 view .LVU1374
 4013 0c50 9DF90730 		ldrsb	r3, [sp, #7]
 4014              	.LBB139:
 4015              	.LBB136:
1503:./lwip-2.1.2/src/api/api_msg.c ****             }
 4016              		.loc 1 1503 34 view .LVU1375
 4017 0c54 5560     		str	r5, [r2, #4]
 4018 0c56 B4E7     		b	.L467
 4019              	.L485:
1496:./lwip-2.1.2/src/api/api_msg.c ****               msg->conn->pcb.tcp = lpcb;
 4020              		.loc 1 1496 18 view .LVU1376
 4021 0c58 2368     		ldr	r3, [r4]
 4022 0c5a DEE7     		b	.L471
 4023              	.L487:
 4024              		.align	2
 4025              	.L486:
 4026 0c5c 00000000 		.word	accept_function
 4027              	.LBE136:
 4028              	.LBE139:
 4029              		.cfi_endproc
 4030              	.LFE191:
 4032              		.align	1
 4033              		.p2align 2,,3
 4034              		.global	lwip_netconn_do_send
 4035              		.syntax unified
 4036              		.thumb
 4037              		.thumb_func
 4039              	lwip_netconn_do_send:
 4040              	.LVL393:
 4041              	.LFB192:
1533:./lwip-2.1.2/src/api/api_msg.c ****   struct api_msg *msg = (struct api_msg *)m;
 4042              		.loc 1 1533 1 is_stmt 1 view -0
 4043              		.cfi_startproc
 4044              		@ args = 0, pretend = 0, frame = 0
 4045              		@ frame_needed = 0, uses_anonymous_args = 0
1534:./lwip-2.1.2/src/api/api_msg.c **** 
 4046              		.loc 1 1534 3 view .LVU1378
1533:./lwip-2.1.2/src/api/api_msg.c ****   struct api_msg *msg = (struct api_msg *)m;
 4047              		.loc 1 1533 1 is_stmt 0 view .LVU1379
 4048 0c60 10B5     		push	{r4, lr}
 4049              	.LCFI50:
 4050              		.cfi_def_cfa_offset 8
 4051              		.cfi_offset 4, -8
 4052              		.cfi_offset 14, -4
1533:./lwip-2.1.2/src/api/api_msg.c ****   struct api_msg *msg = (struct api_msg *)m;
 4053              		.loc 1 1533 1 view .LVU1380
 4054 0c62 0446     		mov	r4, r0
 4055              	.LVL394:
1536:./lwip-2.1.2/src/api/api_msg.c ****   if (err == ERR_OK) {
 4056              		.loc 1 1536 3 is_stmt 1 view .LVU1381
1536:./lwip-2.1.2/src/api/api_msg.c ****   if (err == ERR_OK) {
 4057              		.loc 1 1536 15 is_stmt 0 view .LVU1382
 4058 0c64 0068     		ldr	r0, [r0]
 4059              	.LVL395:
1536:./lwip-2.1.2/src/api/api_msg.c ****   if (err == ERR_OK) {
 4060              		.loc 1 1536 15 view .LVU1383
 4061 0c66 FFF7FEFF 		bl	netconn_err
 4062              	.LVL396:
1537:./lwip-2.1.2/src/api/api_msg.c ****     if (msg->conn->pcb.tcp != NULL) {
 4063              		.loc 1 1537 3 is_stmt 1 view .LVU1384
1537:./lwip-2.1.2/src/api/api_msg.c ****     if (msg->conn->pcb.tcp != NULL) {
 4064              		.loc 1 1537 6 is_stmt 0 view .LVU1385
 4065 0c6a 48B9     		cbnz	r0, .L489
1538:./lwip-2.1.2/src/api/api_msg.c ****       switch (NETCONNTYPE_GROUP(msg->conn->type)) {
 4066              		.loc 1 1538 5 is_stmt 1 view .LVU1386
1538:./lwip-2.1.2/src/api/api_msg.c ****       switch (NETCONNTYPE_GROUP(msg->conn->type)) {
 4067              		.loc 1 1538 12 is_stmt 0 view .LVU1387
 4068 0c6c 2368     		ldr	r3, [r4]
1538:./lwip-2.1.2/src/api/api_msg.c ****       switch (NETCONNTYPE_GROUP(msg->conn->type)) {
 4069              		.loc 1 1538 23 view .LVU1388
 4070 0c6e 5868     		ldr	r0, [r3, #4]
 4071              	.LVL397:
1538:./lwip-2.1.2/src/api/api_msg.c ****       switch (NETCONNTYPE_GROUP(msg->conn->type)) {
 4072              		.loc 1 1538 8 view .LVU1389
 4073 0c70 20B1     		cbz	r0, .L492
1539:./lwip-2.1.2/src/api/api_msg.c **** #if LWIP_RAW
 4074              		.loc 1 1539 7 is_stmt 1 view .LVU1390
 4075 0c72 1B78     		ldrb	r3, [r3]	@ zero_extendqisi2
 4076 0c74 03F0F003 		and	r3, r3, #240
 4077 0c78 202B     		cmp	r3, #32
 4078 0c7a 03D0     		beq	.L494
 4079              	.L492:
1570:./lwip-2.1.2/src/api/api_msg.c ****           break;
 4080              		.loc 1 1570 15 is_stmt 0 view .LVU1391
 4081 0c7c 6FF00A00 		mvn	r0, #10
 4082              	.LVL398:
 4083              	.L489:
1577:./lwip-2.1.2/src/api/api_msg.c ****   TCPIP_APIMSG_ACK(msg);
 4084              		.loc 1 1577 3 is_stmt 1 view .LVU1392
1577:./lwip-2.1.2/src/api/api_msg.c ****   TCPIP_APIMSG_ACK(msg);
 4085              		.loc 1 1577 12 is_stmt 0 view .LVU1393
 4086 0c80 2071     		strb	r0, [r4, #4]
1578:./lwip-2.1.2/src/api/api_msg.c **** }
 4087              		.loc 1 1578 24 is_stmt 1 view .LVU1394
1579:./lwip-2.1.2/src/api/api_msg.c **** 
 4088              		.loc 1 1579 1 is_stmt 0 view .LVU1395
 4089 0c82 10BD     		pop	{r4, pc}
 4090              	.LVL399:
 4091              	.L494:
1561:./lwip-2.1.2/src/api/api_msg.c ****             err = udp_send(msg->conn->pcb.udp, msg->msg.b->p);
 4092              		.loc 1 1561 11 is_stmt 1 view .LVU1396
1561:./lwip-2.1.2/src/api/api_msg.c ****             err = udp_send(msg->conn->pcb.udp, msg->msg.b->p);
 4093              		.loc 1 1561 15 is_stmt 0 view .LVU1397
 4094 0c84 A268     		ldr	r2, [r4, #8]
1561:./lwip-2.1.2/src/api/api_msg.c ****             err = udp_send(msg->conn->pcb.udp, msg->msg.b->p);
 4095              		.loc 1 1561 14 view .LVU1398
 4096 0c86 9368     		ldr	r3, [r2, #8]
1562:./lwip-2.1.2/src/api/api_msg.c ****           } else {
 4097              		.loc 1 1562 19 view .LVU1399
 4098 0c88 1168     		ldr	r1, [r2]
1561:./lwip-2.1.2/src/api/api_msg.c ****             err = udp_send(msg->conn->pcb.udp, msg->msg.b->p);
 4099              		.loc 1 1561 14 view .LVU1400
 4100 0c8a 13B9     		cbnz	r3, .L490
1562:./lwip-2.1.2/src/api/api_msg.c ****           } else {
 4101              		.loc 1 1562 13 is_stmt 1 view .LVU1401
1562:./lwip-2.1.2/src/api/api_msg.c ****           } else {
 4102              		.loc 1 1562 19 is_stmt 0 view .LVU1402
 4103 0c8c FFF7FEFF 		bl	udp_send
 4104              	.LVL400:
1562:./lwip-2.1.2/src/api/api_msg.c ****           } else {
 4105              		.loc 1 1562 19 view .LVU1403
 4106 0c90 F6E7     		b	.L489
 4107              	.LVL401:
 4108              	.L490:
1564:./lwip-2.1.2/src/api/api_msg.c ****           }
 4109              		.loc 1 1564 13 is_stmt 1 view .LVU1404
1564:./lwip-2.1.2/src/api/api_msg.c ****           }
 4110              		.loc 1 1564 19 is_stmt 0 view .LVU1405
 4111 0c92 9389     		ldrh	r3, [r2, #12]
 4112 0c94 0832     		adds	r2, r2, #8
 4113 0c96 FFF7FEFF 		bl	udp_sendto
 4114              	.LVL402:
1564:./lwip-2.1.2/src/api/api_msg.c ****           }
 4115              		.loc 1 1564 19 view .LVU1406
 4116 0c9a F1E7     		b	.L489
 4117              		.cfi_endproc
 4118              	.LFE192:
 4120              		.align	1
 4121              		.p2align 2,,3
 4122              		.global	lwip_netconn_do_recv
 4123              		.syntax unified
 4124              		.thumb
 4125              		.thumb_func
 4127              	lwip_netconn_do_recv:
 4128              	.LVL403:
 4129              	.LFB193:
1590:./lwip-2.1.2/src/api/api_msg.c ****   struct api_msg *msg = (struct api_msg *)m;
 4130              		.loc 1 1590 1 is_stmt 1 view -0
 4131              		.cfi_startproc
 4132              		@ args = 0, pretend = 0, frame = 0
 4133              		@ frame_needed = 0, uses_anonymous_args = 0
1591:./lwip-2.1.2/src/api/api_msg.c **** 
 4134              		.loc 1 1591 3 view .LVU1408
1590:./lwip-2.1.2/src/api/api_msg.c ****   struct api_msg *msg = (struct api_msg *)m;
 4135              		.loc 1 1590 1 is_stmt 0 view .LVU1409
 4136 0c9c F8B5     		push	{r3, r4, r5, r6, r7, lr}
 4137              	.LCFI51:
 4138              		.cfi_def_cfa_offset 24
 4139              		.cfi_offset 3, -24
 4140              		.cfi_offset 4, -20
 4141              		.cfi_offset 5, -16
 4142              		.cfi_offset 6, -12
 4143              		.cfi_offset 7, -8
 4144              		.cfi_offset 14, -4
1593:./lwip-2.1.2/src/api/api_msg.c ****   if (msg->conn->pcb.tcp != NULL) {
 4145              		.loc 1 1593 12 view .LVU1410
 4146 0c9e 0022     		movs	r2, #0
1594:./lwip-2.1.2/src/api/api_msg.c ****     if (NETCONNTYPE_GROUP(msg->conn->type) == NETCONN_TCP) {
 4147              		.loc 1 1594 10 view .LVU1411
 4148 0ca0 0368     		ldr	r3, [r0]
1590:./lwip-2.1.2/src/api/api_msg.c ****   struct api_msg *msg = (struct api_msg *)m;
 4149              		.loc 1 1590 1 view .LVU1412
 4150 0ca2 0646     		mov	r6, r0
 4151              	.LVL404:
1593:./lwip-2.1.2/src/api/api_msg.c ****   if (msg->conn->pcb.tcp != NULL) {
 4152              		.loc 1 1593 3 is_stmt 1 view .LVU1413
1593:./lwip-2.1.2/src/api/api_msg.c ****   if (msg->conn->pcb.tcp != NULL) {
 4153              		.loc 1 1593 12 is_stmt 0 view .LVU1414
 4154 0ca4 0271     		strb	r2, [r0, #4]
1594:./lwip-2.1.2/src/api/api_msg.c ****     if (NETCONNTYPE_GROUP(msg->conn->type) == NETCONN_TCP) {
 4155              		.loc 1 1594 3 is_stmt 1 view .LVU1415
1594:./lwip-2.1.2/src/api/api_msg.c ****     if (NETCONNTYPE_GROUP(msg->conn->type) == NETCONN_TCP) {
 4156              		.loc 1 1594 21 is_stmt 0 view .LVU1416
 4157 0ca6 5868     		ldr	r0, [r3, #4]
 4158              	.LVL405:
1594:./lwip-2.1.2/src/api/api_msg.c ****     if (NETCONNTYPE_GROUP(msg->conn->type) == NETCONN_TCP) {
 4159              		.loc 1 1594 6 view .LVU1417
 4160 0ca8 20B1     		cbz	r0, .L495
1595:./lwip-2.1.2/src/api/api_msg.c ****       size_t remaining = msg->msg.r.len;
 4161              		.loc 1 1595 5 is_stmt 1 view .LVU1418
1595:./lwip-2.1.2/src/api/api_msg.c ****       size_t remaining = msg->msg.r.len;
 4162              		.loc 1 1595 8 is_stmt 0 view .LVU1419
 4163 0caa 1B78     		ldrb	r3, [r3]	@ zero_extendqisi2
 4164 0cac 03F0F003 		and	r3, r3, #240
 4165 0cb0 102B     		cmp	r3, #16
 4166 0cb2 00D0     		beq	.L506
 4167              	.L495:
1605:./lwip-2.1.2/src/api/api_msg.c **** 
 4168              		.loc 1 1605 1 view .LVU1420
 4169 0cb4 F8BD     		pop	{r3, r4, r5, r6, r7, pc}
 4170              	.LVL406:
 4171              	.L506:
 4172              	.LBB140:
1596:./lwip-2.1.2/src/api/api_msg.c ****       do {
 4173              		.loc 1 1596 7 is_stmt 1 view .LVU1421
1596:./lwip-2.1.2/src/api/api_msg.c ****       do {
 4174              		.loc 1 1596 14 is_stmt 0 view .LVU1422
 4175 0cb6 B468     		ldr	r4, [r6, #8]
 4176              	.LVL407:
 4177              	.LBB141:
1598:./lwip-2.1.2/src/api/api_msg.c ****         tcp_recved(msg->conn->pcb.tcp, recved);
 4178              		.loc 1 1598 24 view .LVU1423
 4179 0cb8 4FF6FF77 		movw	r7, #65535
 4180 0cbc 01E0     		b	.L497
 4181              	.LVL408:
 4182              	.L507:
1599:./lwip-2.1.2/src/api/api_msg.c ****         remaining -= recved;
 4183              		.loc 1 1599 9 view .LVU1424
 4184 0cbe 3368     		ldr	r3, [r6]
 4185 0cc0 5868     		ldr	r0, [r3, #4]
 4186              	.LVL409:
 4187              	.L497:
1599:./lwip-2.1.2/src/api/api_msg.c ****         remaining -= recved;
 4188              		.loc 1 1599 9 view .LVU1425
 4189              	.LBE141:
1597:./lwip-2.1.2/src/api/api_msg.c ****         u16_t recved = (u16_t)((remaining > 0xffff) ? 0xffff : remaining);
 4190              		.loc 1 1597 7 is_stmt 1 view .LVU1426
 4191              	.LBB142:
1598:./lwip-2.1.2/src/api/api_msg.c ****         tcp_recved(msg->conn->pcb.tcp, recved);
 4192              		.loc 1 1598 9 view .LVU1427
1598:./lwip-2.1.2/src/api/api_msg.c ****         tcp_recved(msg->conn->pcb.tcp, recved);
 4193              		.loc 1 1598 24 is_stmt 0 view .LVU1428
 4194 0cc2 BC42     		cmp	r4, r7
 4195 0cc4 2546     		mov	r5, r4
 4196 0cc6 28BF     		it	cs
 4197 0cc8 3D46     		movcs	r5, r7
 4198              	.LVL410:
1599:./lwip-2.1.2/src/api/api_msg.c ****         remaining -= recved;
 4199              		.loc 1 1599 9 is_stmt 1 view .LVU1429
 4200 0cca A9B2     		uxth	r1, r5
 4201 0ccc FFF7FEFF 		bl	tcp_recved
 4202              	.LVL411:
1600:./lwip-2.1.2/src/api/api_msg.c ****       } while (remaining != 0);
 4203              		.loc 1 1600 9 view .LVU1430
1600:./lwip-2.1.2/src/api/api_msg.c ****       } while (remaining != 0);
 4204              		.loc 1 1600 9 is_stmt 0 view .LVU1431
 4205              	.LBE142:
1601:./lwip-2.1.2/src/api/api_msg.c ****     }
 4206              		.loc 1 1601 26 is_stmt 1 view .LVU1432
 4207 0cd0 641B     		subs	r4, r4, r5
 4208              	.LVL412:
1601:./lwip-2.1.2/src/api/api_msg.c ****     }
 4209              		.loc 1 1601 26 is_stmt 0 view .LVU1433
 4210 0cd2 F4D1     		bne	.L507
 4211              	.LBE140:
1605:./lwip-2.1.2/src/api/api_msg.c **** 
 4212              		.loc 1 1605 1 view .LVU1434
 4213 0cd4 F8BD     		pop	{r3, r4, r5, r6, r7, pc}
1605:./lwip-2.1.2/src/api/api_msg.c **** 
 4214              		.loc 1 1605 1 view .LVU1435
 4215              		.cfi_endproc
 4216              	.LFE193:
 4218              		.align	1
 4219 0cd6 00BF     		.p2align 2,,3
 4220              		.global	lwip_netconn_do_write
 4221              		.syntax unified
 4222              		.thumb
 4223              		.thumb_func
 4225              	lwip_netconn_do_write:
 4226              	.LVL413:
 4227              	.LFB195:
1804:./lwip-2.1.2/src/api/api_msg.c **** #endif /* LWIP_TCP */
1805:./lwip-2.1.2/src/api/api_msg.c **** 
1806:./lwip-2.1.2/src/api/api_msg.c **** /**
1807:./lwip-2.1.2/src/api/api_msg.c ****  * Send some data on a TCP pcb contained in a netconn
1808:./lwip-2.1.2/src/api/api_msg.c ****  * Called from netconn_write
1809:./lwip-2.1.2/src/api/api_msg.c ****  *
1810:./lwip-2.1.2/src/api/api_msg.c ****  * @param m the api_msg pointing to the connection
1811:./lwip-2.1.2/src/api/api_msg.c ****  */
1812:./lwip-2.1.2/src/api/api_msg.c **** void
1813:./lwip-2.1.2/src/api/api_msg.c **** lwip_netconn_do_write(void *m)
1814:./lwip-2.1.2/src/api/api_msg.c **** {
 4228              		.loc 1 1814 1 is_stmt 1 view -0
 4229              		.cfi_startproc
 4230              		@ args = 0, pretend = 0, frame = 0
 4231              		@ frame_needed = 0, uses_anonymous_args = 0
1815:./lwip-2.1.2/src/api/api_msg.c ****   struct api_msg *msg = (struct api_msg *)m;
 4232              		.loc 1 1815 3 view .LVU1437
1814:./lwip-2.1.2/src/api/api_msg.c ****   struct api_msg *msg = (struct api_msg *)m;
 4233              		.loc 1 1814 1 is_stmt 0 view .LVU1438
 4234 0cd8 38B5     		push	{r3, r4, r5, lr}
 4235              	.LCFI52:
 4236              		.cfi_def_cfa_offset 16
 4237              		.cfi_offset 3, -16
 4238              		.cfi_offset 4, -12
 4239              		.cfi_offset 5, -8
 4240              		.cfi_offset 14, -4
1814:./lwip-2.1.2/src/api/api_msg.c ****   struct api_msg *msg = (struct api_msg *)m;
 4241              		.loc 1 1814 1 view .LVU1439
 4242 0cda 0446     		mov	r4, r0
 4243              	.LVL414:
1816:./lwip-2.1.2/src/api/api_msg.c **** 
1817:./lwip-2.1.2/src/api/api_msg.c ****   err_t err = netconn_err(msg->conn);
 4244              		.loc 1 1817 3 is_stmt 1 view .LVU1440
 4245              		.loc 1 1817 15 is_stmt 0 view .LVU1441
 4246 0cdc 0068     		ldr	r0, [r0]
 4247              	.LVL415:
 4248              		.loc 1 1817 15 view .LVU1442
 4249 0cde FFF7FEFF 		bl	netconn_err
 4250              	.LVL416:
1818:./lwip-2.1.2/src/api/api_msg.c ****   if (err == ERR_OK) {
 4251              		.loc 1 1818 3 is_stmt 1 view .LVU1443
 4252              		.loc 1 1818 6 is_stmt 0 view .LVU1444
 4253 0ce2 38B9     		cbnz	r0, .L509
1819:./lwip-2.1.2/src/api/api_msg.c ****     if (NETCONNTYPE_GROUP(msg->conn->type) == NETCONN_TCP) {
 4254              		.loc 1 1819 5 is_stmt 1 view .LVU1445
 4255              		.loc 1 1819 9 is_stmt 0 view .LVU1446
 4256 0ce4 2068     		ldr	r0, [r4]
 4257              	.LVL417:
 4258              		.loc 1 1819 8 view .LVU1447
 4259 0ce6 0378     		ldrb	r3, [r0]	@ zero_extendqisi2
 4260 0ce8 03F0F003 		and	r3, r3, #240
 4261 0cec 102B     		cmp	r3, #16
 4262 0cee 03D0     		beq	.L518
1820:./lwip-2.1.2/src/api/api_msg.c **** #if LWIP_TCP
1821:./lwip-2.1.2/src/api/api_msg.c ****       if (msg->conn->state != NETCONN_NONE) {
1822:./lwip-2.1.2/src/api/api_msg.c ****         /* netconn is connecting, closing or in blocking write */
1823:./lwip-2.1.2/src/api/api_msg.c ****         err = ERR_INPROGRESS;
1824:./lwip-2.1.2/src/api/api_msg.c ****       } else if (msg->conn->pcb.tcp != NULL) {
1825:./lwip-2.1.2/src/api/api_msg.c ****         msg->conn->state = NETCONN_WRITE;
1826:./lwip-2.1.2/src/api/api_msg.c ****         /* set all the variables used by lwip_netconn_do_writemore */
1827:./lwip-2.1.2/src/api/api_msg.c ****         LWIP_ASSERT("already writing or closing", msg->conn->current_msg == NULL);
1828:./lwip-2.1.2/src/api/api_msg.c ****         LWIP_ASSERT("msg->msg.w.len != 0", msg->msg.w.len != 0);
1829:./lwip-2.1.2/src/api/api_msg.c ****         msg->conn->current_msg = msg;
1830:./lwip-2.1.2/src/api/api_msg.c **** #if LWIP_TCPIP_CORE_LOCKING
1831:./lwip-2.1.2/src/api/api_msg.c ****         if (lwip_netconn_do_writemore(msg->conn, 0) != ERR_OK) {
1832:./lwip-2.1.2/src/api/api_msg.c ****           LWIP_ASSERT("state!", msg->conn->state == NETCONN_WRITE);
1833:./lwip-2.1.2/src/api/api_msg.c ****           UNLOCK_TCPIP_CORE();
1834:./lwip-2.1.2/src/api/api_msg.c ****           sys_arch_sem_wait(LWIP_API_MSG_SEM(msg), 0);
1835:./lwip-2.1.2/src/api/api_msg.c ****           LOCK_TCPIP_CORE();
1836:./lwip-2.1.2/src/api/api_msg.c ****           LWIP_ASSERT("state!", msg->conn->state != NETCONN_WRITE);
1837:./lwip-2.1.2/src/api/api_msg.c ****         }
1838:./lwip-2.1.2/src/api/api_msg.c **** #else /* LWIP_TCPIP_CORE_LOCKING */
1839:./lwip-2.1.2/src/api/api_msg.c ****         lwip_netconn_do_writemore(msg->conn);
1840:./lwip-2.1.2/src/api/api_msg.c **** #endif /* LWIP_TCPIP_CORE_LOCKING */
1841:./lwip-2.1.2/src/api/api_msg.c ****         /* for both cases: if lwip_netconn_do_writemore was called, don't ACK the APIMSG
1842:./lwip-2.1.2/src/api/api_msg.c ****            since lwip_netconn_do_writemore ACKs it! */
1843:./lwip-2.1.2/src/api/api_msg.c ****         return;
1844:./lwip-2.1.2/src/api/api_msg.c ****       } else {
1845:./lwip-2.1.2/src/api/api_msg.c ****         err = ERR_CONN;
1846:./lwip-2.1.2/src/api/api_msg.c ****       }
1847:./lwip-2.1.2/src/api/api_msg.c **** #else /* LWIP_TCP */
1848:./lwip-2.1.2/src/api/api_msg.c ****       err = ERR_VAL;
1849:./lwip-2.1.2/src/api/api_msg.c **** #endif /* LWIP_TCP */
1850:./lwip-2.1.2/src/api/api_msg.c **** #if (LWIP_UDP || LWIP_RAW)
1851:./lwip-2.1.2/src/api/api_msg.c ****     } else {
1852:./lwip-2.1.2/src/api/api_msg.c ****       err = ERR_VAL;
 4263              		.loc 1 1852 11 view .LVU1448
 4264 0cf0 6FF00500 		mvn	r0, #5
 4265              	.L509:
 4266              	.LVL418:
1853:./lwip-2.1.2/src/api/api_msg.c **** #endif /* (LWIP_UDP || LWIP_RAW) */
1854:./lwip-2.1.2/src/api/api_msg.c ****     }
1855:./lwip-2.1.2/src/api/api_msg.c ****   }
1856:./lwip-2.1.2/src/api/api_msg.c ****   msg->err = err;
 4267              		.loc 1 1856 3 is_stmt 1 view .LVU1449
 4268              		.loc 1 1856 12 is_stmt 0 view .LVU1450
 4269 0cf4 2071     		strb	r0, [r4, #4]
1857:./lwip-2.1.2/src/api/api_msg.c ****   TCPIP_APIMSG_ACK(msg);
 4270              		.loc 1 1857 24 is_stmt 1 view .LVU1451
 4271              	.LVL419:
 4272              	.L508:
1858:./lwip-2.1.2/src/api/api_msg.c **** }
 4273              		.loc 1 1858 1 is_stmt 0 view .LVU1452
 4274 0cf6 38BD     		pop	{r3, r4, r5, pc}
 4275              	.LVL420:
 4276              	.L518:
1821:./lwip-2.1.2/src/api/api_msg.c ****         /* netconn is connecting, closing or in blocking write */
 4277              		.loc 1 1821 7 is_stmt 1 view .LVU1453
1821:./lwip-2.1.2/src/api/api_msg.c ****         /* netconn is connecting, closing or in blocking write */
 4278              		.loc 1 1821 10 is_stmt 0 view .LVU1454
 4279 0cf8 4578     		ldrb	r5, [r0, #1]	@ zero_extendqisi2
 4280 0cfa 2DB9     		cbnz	r5, .L512
1824:./lwip-2.1.2/src/api/api_msg.c ****         msg->conn->state = NETCONN_WRITE;
 4281              		.loc 1 1824 14 is_stmt 1 view .LVU1455
1824:./lwip-2.1.2/src/api/api_msg.c ****         msg->conn->state = NETCONN_WRITE;
 4282              		.loc 1 1824 17 is_stmt 0 view .LVU1456
 4283 0cfc 4368     		ldr	r3, [r0, #4]
 4284 0cfe 3BB9     		cbnz	r3, .L519
1845:./lwip-2.1.2/src/api/api_msg.c ****       }
 4285              		.loc 1 1845 13 view .LVU1457
 4286 0d00 6FF00A00 		mvn	r0, #10
 4287              	.LVL421:
1856:./lwip-2.1.2/src/api/api_msg.c ****   TCPIP_APIMSG_ACK(msg);
 4288              		.loc 1 1856 3 is_stmt 1 view .LVU1458
1856:./lwip-2.1.2/src/api/api_msg.c ****   TCPIP_APIMSG_ACK(msg);
 4289              		.loc 1 1856 12 is_stmt 0 view .LVU1459
 4290 0d04 2071     		strb	r0, [r4, #4]
1857:./lwip-2.1.2/src/api/api_msg.c **** }
 4291              		.loc 1 1857 24 is_stmt 1 view .LVU1460
 4292 0d06 F6E7     		b	.L508
 4293              	.LVL422:
 4294              	.L512:
1823:./lwip-2.1.2/src/api/api_msg.c ****       } else if (msg->conn->pcb.tcp != NULL) {
 4295              		.loc 1 1823 13 is_stmt 0 view .LVU1461
 4296 0d08 6FF00400 		mvn	r0, #4
 4297              	.LVL423:
1856:./lwip-2.1.2/src/api/api_msg.c ****   TCPIP_APIMSG_ACK(msg);
 4298              		.loc 1 1856 3 is_stmt 1 view .LVU1462
1856:./lwip-2.1.2/src/api/api_msg.c ****   TCPIP_APIMSG_ACK(msg);
 4299              		.loc 1 1856 12 is_stmt 0 view .LVU1463
 4300 0d0c 2071     		strb	r0, [r4, #4]
1857:./lwip-2.1.2/src/api/api_msg.c **** }
 4301              		.loc 1 1857 24 is_stmt 1 view .LVU1464
 4302 0d0e F2E7     		b	.L508
 4303              	.LVL424:
 4304              	.L519:
1825:./lwip-2.1.2/src/api/api_msg.c ****         /* set all the variables used by lwip_netconn_do_writemore */
 4305              		.loc 1 1825 9 view .LVU1465
1825:./lwip-2.1.2/src/api/api_msg.c ****         /* set all the variables used by lwip_netconn_do_writemore */
 4306              		.loc 1 1825 26 is_stmt 0 view .LVU1466
 4307 0d10 0123     		movs	r3, #1
1831:./lwip-2.1.2/src/api/api_msg.c ****           LWIP_ASSERT("state!", msg->conn->state == NETCONN_WRITE);
 4308              		.loc 1 1831 13 view .LVU1467
 4309 0d12 2946     		mov	r1, r5
1829:./lwip-2.1.2/src/api/api_msg.c **** #if LWIP_TCPIP_CORE_LOCKING
 4310              		.loc 1 1829 32 view .LVU1468
 4311 0d14 0462     		str	r4, [r0, #32]
1825:./lwip-2.1.2/src/api/api_msg.c ****         /* set all the variables used by lwip_netconn_do_writemore */
 4312              		.loc 1 1825 26 view .LVU1469
 4313 0d16 4370     		strb	r3, [r0, #1]
1827:./lwip-2.1.2/src/api/api_msg.c ****         LWIP_ASSERT("msg->msg.w.len != 0", msg->msg.w.len != 0);
 4314              		.loc 1 1827 82 is_stmt 1 view .LVU1470
1828:./lwip-2.1.2/src/api/api_msg.c ****         msg->conn->current_msg = msg;
 4315              		.loc 1 1828 64 view .LVU1471
1829:./lwip-2.1.2/src/api/api_msg.c **** #if LWIP_TCPIP_CORE_LOCKING
 4316              		.loc 1 1829 9 view .LVU1472
1831:./lwip-2.1.2/src/api/api_msg.c ****           LWIP_ASSERT("state!", msg->conn->state == NETCONN_WRITE);
 4317              		.loc 1 1831 9 view .LVU1473
1831:./lwip-2.1.2/src/api/api_msg.c ****           LWIP_ASSERT("state!", msg->conn->state == NETCONN_WRITE);
 4318              		.loc 1 1831 13 is_stmt 0 view .LVU1474
 4319 0d18 FFF758FA 		bl	lwip_netconn_do_writemore
 4320              	.LVL425:
1831:./lwip-2.1.2/src/api/api_msg.c ****           LWIP_ASSERT("state!", msg->conn->state == NETCONN_WRITE);
 4321              		.loc 1 1831 12 discriminator 1 view .LVU1475
 4322 0d1c 0028     		cmp	r0, #0
 4323 0d1e EAD0     		beq	.L508
1832:./lwip-2.1.2/src/api/api_msg.c ****           UNLOCK_TCPIP_CORE();
 4324              		.loc 1 1832 67 is_stmt 1 view .LVU1476
1833:./lwip-2.1.2/src/api/api_msg.c ****           sys_arch_sem_wait(LWIP_API_MSG_SEM(msg), 0);
 4325              		.loc 1 1833 11 view .LVU1477
 4326 0d20 0648     		ldr	r0, .L520
 4327 0d22 FFF7FEFF 		bl	sys_mutex_unlock
 4328              	.LVL426:
1834:./lwip-2.1.2/src/api/api_msg.c ****           LOCK_TCPIP_CORE();
 4329              		.loc 1 1834 11 view .LVU1478
 4330 0d26 2068     		ldr	r0, [r4]
 4331 0d28 2946     		mov	r1, r5
 4332 0d2a 0C30     		adds	r0, r0, #12
 4333 0d2c FFF7FEFF 		bl	sys_arch_sem_wait
 4334              	.LVL427:
1835:./lwip-2.1.2/src/api/api_msg.c ****           LWIP_ASSERT("state!", msg->conn->state != NETCONN_WRITE);
 4335              		.loc 1 1835 11 view .LVU1479
 4336 0d30 0248     		ldr	r0, .L520
 4337              		.loc 1 1858 1 is_stmt 0 view .LVU1480
 4338 0d32 BDE83840 		pop	{r3, r4, r5, lr}
 4339              	.LCFI53:
 4340              		.cfi_restore 14
 4341              		.cfi_restore 5
 4342              		.cfi_restore 4
 4343              		.cfi_restore 3
 4344              		.cfi_def_cfa_offset 0
 4345              	.LVL428:
1835:./lwip-2.1.2/src/api/api_msg.c ****           LWIP_ASSERT("state!", msg->conn->state != NETCONN_WRITE);
 4346              		.loc 1 1835 11 view .LVU1481
 4347 0d36 FFF7FEBF 		b	sys_mutex_lock
 4348              	.LVL429:
 4349              	.L521:
 4350 0d3a 00BF     		.align	2
 4351              	.L520:
 4352 0d3c 00000000 		.word	lock_tcpip_core
 4353              		.cfi_endproc
 4354              	.LFE195:
 4356              		.align	1
 4357              		.p2align 2,,3
 4358              		.global	lwip_netconn_do_getaddr
 4359              		.syntax unified
 4360              		.thumb
 4361              		.thumb_func
 4363              	lwip_netconn_do_getaddr:
 4364              	.LVL430:
 4365              	.LFB196:
1859:./lwip-2.1.2/src/api/api_msg.c **** 
1860:./lwip-2.1.2/src/api/api_msg.c **** /**
1861:./lwip-2.1.2/src/api/api_msg.c ****  * Return a connection's local or remote address
1862:./lwip-2.1.2/src/api/api_msg.c ****  * Called from netconn_getaddr
1863:./lwip-2.1.2/src/api/api_msg.c ****  *
1864:./lwip-2.1.2/src/api/api_msg.c ****  * @param m the api_msg pointing to the connection
1865:./lwip-2.1.2/src/api/api_msg.c ****  */
1866:./lwip-2.1.2/src/api/api_msg.c **** void
1867:./lwip-2.1.2/src/api/api_msg.c **** lwip_netconn_do_getaddr(void *m)
1868:./lwip-2.1.2/src/api/api_msg.c **** {
 4366              		.loc 1 1868 1 is_stmt 1 view -0
 4367              		.cfi_startproc
 4368              		@ args = 0, pretend = 0, frame = 0
 4369              		@ frame_needed = 0, uses_anonymous_args = 0
 4370              		@ link register save eliminated.
1869:./lwip-2.1.2/src/api/api_msg.c ****   struct api_msg *msg = (struct api_msg *)m;
 4371              		.loc 1 1869 3 view .LVU1483
1870:./lwip-2.1.2/src/api/api_msg.c **** 
1871:./lwip-2.1.2/src/api/api_msg.c ****   if (msg->conn->pcb.ip != NULL) {
 4372              		.loc 1 1871 3 view .LVU1484
 4373              		.loc 1 1871 10 is_stmt 0 view .LVU1485
 4374 0d40 0268     		ldr	r2, [r0]
 4375              		.loc 1 1871 21 view .LVU1486
 4376 0d42 5368     		ldr	r3, [r2, #4]
 4377              		.loc 1 1871 6 view .LVU1487
 4378 0d44 43B3     		cbz	r3, .L539
1872:./lwip-2.1.2/src/api/api_msg.c ****     if (msg->msg.ad.local) {
 4379              		.loc 1 1872 5 is_stmt 1 view .LVU1488
 4380              		.loc 1 1872 8 is_stmt 0 view .LVU1489
 4381 0d46 017C     		ldrb	r1, [r0, #16]	@ zero_extendqisi2
1868:./lwip-2.1.2/src/api/api_msg.c ****   struct api_msg *msg = (struct api_msg *)m;
 4382              		.loc 1 1868 1 view .LVU1490
 4383 0d48 30B4     		push	{r4, r5}
 4384              	.LCFI54:
 4385              		.cfi_def_cfa_offset 8
 4386              		.cfi_offset 4, -8
 4387              		.cfi_offset 5, -4
 4388 0d4a 1278     		ldrb	r2, [r2]	@ zero_extendqisi2
1873:./lwip-2.1.2/src/api/api_msg.c ****       ip_addr_copy(API_EXPR_DEREF(msg->msg.ad.ipaddr),
 4389              		.loc 1 1873 7 view .LVU1491
 4390 0d4c 8468     		ldr	r4, [r0, #8]
 4391 0d4e 02F0F002 		and	r2, r2, #240
1872:./lwip-2.1.2/src/api/api_msg.c ****     if (msg->msg.ad.local) {
 4392              		.loc 1 1872 8 view .LVU1492
 4393 0d52 51B1     		cbz	r1, .L524
 4394              		.loc 1 1873 7 is_stmt 1 view .LVU1493
 4395 0d54 1968     		ldr	r1, [r3]
1874:./lwip-2.1.2/src/api/api_msg.c ****                    msg->conn->pcb.ip->local_ip);
1875:./lwip-2.1.2/src/api/api_msg.c ****     } else {
1876:./lwip-2.1.2/src/api/api_msg.c ****       ip_addr_copy(API_EXPR_DEREF(msg->msg.ad.ipaddr),
1877:./lwip-2.1.2/src/api/api_msg.c ****                    msg->conn->pcb.ip->remote_ip);
1878:./lwip-2.1.2/src/api/api_msg.c ****     }
1879:./lwip-2.1.2/src/api/api_msg.c **** 
1880:./lwip-2.1.2/src/api/api_msg.c ****     msg->err = ERR_OK;
1881:./lwip-2.1.2/src/api/api_msg.c ****     switch (NETCONNTYPE_GROUP(msg->conn->type)) {
 4396              		.loc 1 1881 5 is_stmt 0 view .LVU1494
 4397 0d56 102A     		cmp	r2, #16
1873:./lwip-2.1.2/src/api/api_msg.c ****       ip_addr_copy(API_EXPR_DEREF(msg->msg.ad.ipaddr),
 4398              		.loc 1 1873 7 view .LVU1495
 4399 0d58 2160     		str	r1, [r4]
1880:./lwip-2.1.2/src/api/api_msg.c ****     switch (NETCONNTYPE_GROUP(msg->conn->type)) {
 4400              		.loc 1 1880 5 is_stmt 1 view .LVU1496
1880:./lwip-2.1.2/src/api/api_msg.c ****     switch (NETCONNTYPE_GROUP(msg->conn->type)) {
 4401              		.loc 1 1880 14 is_stmt 0 view .LVU1497
 4402 0d5a 4FF00001 		mov	r1, #0
 4403 0d5e 0171     		strb	r1, [r0, #4]
 4404              		.loc 1 1881 5 is_stmt 1 view .LVU1498
 4405 0d60 25D0     		beq	.L525
 4406 0d62 202A     		cmp	r2, #32
 4407 0d64 0FD0     		beq	.L526
 4408              	.L522:
1882:./lwip-2.1.2/src/api/api_msg.c **** #if LWIP_RAW
1883:./lwip-2.1.2/src/api/api_msg.c ****       case NETCONN_RAW:
1884:./lwip-2.1.2/src/api/api_msg.c ****         if (msg->msg.ad.local) {
1885:./lwip-2.1.2/src/api/api_msg.c ****           API_EXPR_DEREF(msg->msg.ad.port) = msg->conn->pcb.raw->protocol;
1886:./lwip-2.1.2/src/api/api_msg.c ****         } else {
1887:./lwip-2.1.2/src/api/api_msg.c ****           /* return an error as connecting is only a helper for upper layers */
1888:./lwip-2.1.2/src/api/api_msg.c ****           msg->err = ERR_CONN;
1889:./lwip-2.1.2/src/api/api_msg.c ****         }
1890:./lwip-2.1.2/src/api/api_msg.c ****         break;
1891:./lwip-2.1.2/src/api/api_msg.c **** #endif /* LWIP_RAW */
1892:./lwip-2.1.2/src/api/api_msg.c **** #if LWIP_UDP
1893:./lwip-2.1.2/src/api/api_msg.c ****       case NETCONN_UDP:
1894:./lwip-2.1.2/src/api/api_msg.c ****         if (msg->msg.ad.local) {
1895:./lwip-2.1.2/src/api/api_msg.c ****           API_EXPR_DEREF(msg->msg.ad.port) = msg->conn->pcb.udp->local_port;
1896:./lwip-2.1.2/src/api/api_msg.c ****         } else {
1897:./lwip-2.1.2/src/api/api_msg.c ****           if ((msg->conn->pcb.udp->flags & UDP_FLAGS_CONNECTED) == 0) {
1898:./lwip-2.1.2/src/api/api_msg.c ****             msg->err = ERR_CONN;
1899:./lwip-2.1.2/src/api/api_msg.c ****           } else {
1900:./lwip-2.1.2/src/api/api_msg.c ****             API_EXPR_DEREF(msg->msg.ad.port) = msg->conn->pcb.udp->remote_port;
1901:./lwip-2.1.2/src/api/api_msg.c ****           }
1902:./lwip-2.1.2/src/api/api_msg.c ****         }
1903:./lwip-2.1.2/src/api/api_msg.c ****         break;
1904:./lwip-2.1.2/src/api/api_msg.c **** #endif /* LWIP_UDP */
1905:./lwip-2.1.2/src/api/api_msg.c **** #if LWIP_TCP
1906:./lwip-2.1.2/src/api/api_msg.c ****       case NETCONN_TCP:
1907:./lwip-2.1.2/src/api/api_msg.c ****         if ((msg->msg.ad.local == 0) &&
1908:./lwip-2.1.2/src/api/api_msg.c ****             ((msg->conn->pcb.tcp->state == CLOSED) || (msg->conn->pcb.tcp->state == LISTEN))) {
1909:./lwip-2.1.2/src/api/api_msg.c ****           /* pcb is not connected and remote name is requested */
1910:./lwip-2.1.2/src/api/api_msg.c ****           msg->err = ERR_CONN;
1911:./lwip-2.1.2/src/api/api_msg.c ****         } else {
1912:./lwip-2.1.2/src/api/api_msg.c ****           API_EXPR_DEREF(msg->msg.ad.port) = (msg->msg.ad.local ? msg->conn->pcb.tcp->local_port : 
1913:./lwip-2.1.2/src/api/api_msg.c ****         }
1914:./lwip-2.1.2/src/api/api_msg.c ****         break;
1915:./lwip-2.1.2/src/api/api_msg.c **** #endif /* LWIP_TCP */
1916:./lwip-2.1.2/src/api/api_msg.c ****       default:
1917:./lwip-2.1.2/src/api/api_msg.c ****         LWIP_ASSERT("invalid netconn_type", 0);
1918:./lwip-2.1.2/src/api/api_msg.c ****         break;
1919:./lwip-2.1.2/src/api/api_msg.c ****     }
1920:./lwip-2.1.2/src/api/api_msg.c ****   } else {
1921:./lwip-2.1.2/src/api/api_msg.c ****     msg->err = ERR_CONN;
1922:./lwip-2.1.2/src/api/api_msg.c ****   }
1923:./lwip-2.1.2/src/api/api_msg.c ****   TCPIP_APIMSG_ACK(msg);
1924:./lwip-2.1.2/src/api/api_msg.c **** }
 4409              		.loc 1 1924 1 is_stmt 0 view .LVU1499
 4410 0d66 30BC     		pop	{r4, r5}
 4411              	.LCFI55:
 4412              		.cfi_remember_state
 4413              		.cfi_restore 5
 4414              		.cfi_restore 4
 4415              		.cfi_def_cfa_offset 0
 4416 0d68 7047     		bx	lr
 4417              	.L524:
 4418              	.LCFI56:
 4419              		.cfi_restore_state
1876:./lwip-2.1.2/src/api/api_msg.c ****                    msg->conn->pcb.ip->remote_ip);
 4420              		.loc 1 1876 7 is_stmt 1 view .LVU1500
 4421 0d6a 5D68     		ldr	r5, [r3, #4]
1881:./lwip-2.1.2/src/api/api_msg.c **** #if LWIP_RAW
 4422              		.loc 1 1881 5 is_stmt 0 view .LVU1501
 4423 0d6c 102A     		cmp	r2, #16
1876:./lwip-2.1.2/src/api/api_msg.c ****                    msg->conn->pcb.ip->remote_ip);
 4424              		.loc 1 1876 7 view .LVU1502
 4425 0d6e 2560     		str	r5, [r4]
1880:./lwip-2.1.2/src/api/api_msg.c ****     switch (NETCONNTYPE_GROUP(msg->conn->type)) {
 4426              		.loc 1 1880 5 is_stmt 1 view .LVU1503
1880:./lwip-2.1.2/src/api/api_msg.c ****     switch (NETCONNTYPE_GROUP(msg->conn->type)) {
 4427              		.loc 1 1880 14 is_stmt 0 view .LVU1504
 4428 0d70 0171     		strb	r1, [r0, #4]
1881:./lwip-2.1.2/src/api/api_msg.c **** #if LWIP_RAW
 4429              		.loc 1 1881 5 is_stmt 1 view .LVU1505
 4430 0d72 14D0     		beq	.L528
 4431 0d74 202A     		cmp	r2, #32
 4432 0d76 F6D1     		bne	.L522
1894:./lwip-2.1.2/src/api/api_msg.c ****           API_EXPR_DEREF(msg->msg.ad.port) = msg->conn->pcb.udp->local_port;
 4433              		.loc 1 1894 9 view .LVU1506
1897:./lwip-2.1.2/src/api/api_msg.c ****             msg->err = ERR_CONN;
 4434              		.loc 1 1897 11 view .LVU1507
1897:./lwip-2.1.2/src/api/api_msg.c ****             msg->err = ERR_CONN;
 4435              		.loc 1 1897 14 is_stmt 0 view .LVU1508
 4436 0d78 1A7C     		ldrb	r2, [r3, #16]	@ zero_extendqisi2
 4437 0d7a 5207     		lsls	r2, r2, #29
 4438 0d7c 08D5     		bpl	.L523
1900:./lwip-2.1.2/src/api/api_msg.c ****           }
 4439              		.loc 1 1900 13 is_stmt 1 view .LVU1509
 4440 0d7e C268     		ldr	r2, [r0, #12]
1900:./lwip-2.1.2/src/api/api_msg.c ****           }
 4441              		.loc 1 1900 66 is_stmt 0 view .LVU1510
 4442 0d80 9B8A     		ldrh	r3, [r3, #20]
1900:./lwip-2.1.2/src/api/api_msg.c ****           }
 4443              		.loc 1 1900 46 view .LVU1511
 4444 0d82 1380     		strh	r3, [r2]	@ movhi
 4445 0d84 EFE7     		b	.L522
 4446              	.L526:
1895:./lwip-2.1.2/src/api/api_msg.c ****         } else {
 4447              		.loc 1 1895 11 is_stmt 1 view .LVU1512
 4448 0d86 C268     		ldr	r2, [r0, #12]
1895:./lwip-2.1.2/src/api/api_msg.c ****         } else {
 4449              		.loc 1 1895 64 is_stmt 0 view .LVU1513
 4450 0d88 5B8A     		ldrh	r3, [r3, #18]
 4451              		.loc 1 1924 1 view .LVU1514
 4452 0d8a 30BC     		pop	{r4, r5}
 4453              	.LCFI57:
 4454              		.cfi_remember_state
 4455              		.cfi_restore 5
 4456              		.cfi_restore 4
 4457              		.cfi_def_cfa_offset 0
1895:./lwip-2.1.2/src/api/api_msg.c ****         } else {
 4458              		.loc 1 1895 44 view .LVU1515
 4459 0d8c 1380     		strh	r3, [r2]	@ movhi
 4460              		.loc 1 1924 1 view .LVU1516
 4461 0d8e 7047     		bx	lr
 4462              	.L523:
 4463              	.LCFI58:
 4464              		.cfi_restore_state
1898:./lwip-2.1.2/src/api/api_msg.c ****           } else {
 4465              		.loc 1 1898 13 is_stmt 1 view .LVU1517
1898:./lwip-2.1.2/src/api/api_msg.c ****           } else {
 4466              		.loc 1 1898 22 is_stmt 0 view .LVU1518
 4467 0d90 F523     		movs	r3, #245
 4468              		.loc 1 1924 1 view .LVU1519
 4469 0d92 30BC     		pop	{r4, r5}
 4470              	.LCFI59:
 4471              		.cfi_restore 5
 4472              		.cfi_restore 4
 4473              		.cfi_def_cfa_offset 0
1898:./lwip-2.1.2/src/api/api_msg.c ****           } else {
 4474              		.loc 1 1898 22 view .LVU1520
 4475 0d94 0371     		strb	r3, [r0, #4]
 4476              		.loc 1 1924 1 view .LVU1521
 4477 0d96 7047     		bx	lr
 4478              	.L539:
1898:./lwip-2.1.2/src/api/api_msg.c ****           } else {
 4479              		.loc 1 1898 13 is_stmt 1 view .LVU1522
1898:./lwip-2.1.2/src/api/api_msg.c ****           } else {
 4480              		.loc 1 1898 22 is_stmt 0 view .LVU1523
 4481 0d98 F523     		movs	r3, #245
 4482 0d9a 0371     		strb	r3, [r0, #4]
 4483 0d9c 7047     		bx	lr
 4484              	.L528:
 4485              	.LCFI60:
 4486              		.cfi_def_cfa_offset 8
 4487              		.cfi_offset 4, -8
 4488              		.cfi_offset 5, -4
1907:./lwip-2.1.2/src/api/api_msg.c ****             ((msg->conn->pcb.tcp->state == CLOSED) || (msg->conn->pcb.tcp->state == LISTEN))) {
 4489              		.loc 1 1907 38 discriminator 1 view .LVU1524
 4490 0d9e 1A7D     		ldrb	r2, [r3, #20]	@ zero_extendqisi2
 4491 0da0 012A     		cmp	r2, #1
 4492 0da2 F5D9     		bls	.L523
1912:./lwip-2.1.2/src/api/api_msg.c ****         }
 4493              		.loc 1 1912 11 is_stmt 1 view .LVU1525
1912:./lwip-2.1.2/src/api/api_msg.c ****         }
 4494              		.loc 1 1912 44 is_stmt 0 discriminator 2 view .LVU1526
 4495 0da4 1A8B     		ldrh	r2, [r3, #24]
 4496              	.L533:
1912:./lwip-2.1.2/src/api/api_msg.c ****         }
 4497              		.loc 1 1912 11 discriminator 4 view .LVU1527
 4498 0da6 C368     		ldr	r3, [r0, #12]
 4499              		.loc 1 1924 1 view .LVU1528
 4500 0da8 30BC     		pop	{r4, r5}
 4501              	.LCFI61:
 4502              		.cfi_remember_state
 4503              		.cfi_restore 5
 4504              		.cfi_restore 4
 4505              		.cfi_def_cfa_offset 0
1912:./lwip-2.1.2/src/api/api_msg.c ****         }
 4506              		.loc 1 1912 44 discriminator 4 view .LVU1529
 4507 0daa 1A80     		strh	r2, [r3]	@ movhi
1923:./lwip-2.1.2/src/api/api_msg.c **** }
 4508              		.loc 1 1923 24 is_stmt 1 view .LVU1530
 4509              		.loc 1 1924 1 is_stmt 0 view .LVU1531
 4510 0dac 7047     		bx	lr
 4511              	.L525:
 4512              	.LCFI62:
 4513              		.cfi_restore_state
1907:./lwip-2.1.2/src/api/api_msg.c ****             ((msg->conn->pcb.tcp->state == CLOSED) || (msg->conn->pcb.tcp->state == LISTEN))) {
 4514              		.loc 1 1907 9 is_stmt 1 view .LVU1532
1912:./lwip-2.1.2/src/api/api_msg.c ****         }
 4515              		.loc 1 1912 11 view .LVU1533
1912:./lwip-2.1.2/src/api/api_msg.c ****         }
 4516              		.loc 1 1912 44 is_stmt 0 discriminator 1 view .LVU1534
 4517 0dae DA8A     		ldrh	r2, [r3, #22]
 4518 0db0 F9E7     		b	.L533
 4519              		.cfi_endproc
 4520              	.LFE196:
 4522              		.align	1
 4523 0db2 00BF     		.p2align 2,,3
 4524              		.global	lwip_netconn_do_close
 4525              		.syntax unified
 4526              		.thumb
 4527              		.thumb_func
 4529              	lwip_netconn_do_close:
 4530              	.LVL431:
 4531              	.LFB197:
1925:./lwip-2.1.2/src/api/api_msg.c **** 
1926:./lwip-2.1.2/src/api/api_msg.c **** /**
1927:./lwip-2.1.2/src/api/api_msg.c ****  * Close or half-shutdown a TCP pcb contained in a netconn
1928:./lwip-2.1.2/src/api/api_msg.c ****  * Called from netconn_close
1929:./lwip-2.1.2/src/api/api_msg.c ****  * In contrast to closing sockets, the netconn is not deallocated.
1930:./lwip-2.1.2/src/api/api_msg.c ****  *
1931:./lwip-2.1.2/src/api/api_msg.c ****  * @param m the api_msg pointing to the connection
1932:./lwip-2.1.2/src/api/api_msg.c ****  */
1933:./lwip-2.1.2/src/api/api_msg.c **** void
1934:./lwip-2.1.2/src/api/api_msg.c **** lwip_netconn_do_close(void *m)
1935:./lwip-2.1.2/src/api/api_msg.c **** {
 4532              		.loc 1 1935 1 is_stmt 1 view -0
 4533              		.cfi_startproc
 4534              		@ args = 0, pretend = 0, frame = 0
 4535              		@ frame_needed = 0, uses_anonymous_args = 0
1936:./lwip-2.1.2/src/api/api_msg.c ****   struct api_msg *msg = (struct api_msg *)m;
 4536              		.loc 1 1936 3 view .LVU1536
1935:./lwip-2.1.2/src/api/api_msg.c ****   struct api_msg *msg = (struct api_msg *)m;
 4537              		.loc 1 1935 1 is_stmt 0 view .LVU1537
 4538 0db4 10B5     		push	{r4, lr}
 4539              	.LCFI63:
 4540              		.cfi_def_cfa_offset 8
 4541              		.cfi_offset 4, -8
 4542              		.cfi_offset 14, -4
1935:./lwip-2.1.2/src/api/api_msg.c ****   struct api_msg *msg = (struct api_msg *)m;
 4543              		.loc 1 1935 1 view .LVU1538
 4544 0db6 0446     		mov	r4, r0
 4545              	.LVL432:
1937:./lwip-2.1.2/src/api/api_msg.c **** 
1938:./lwip-2.1.2/src/api/api_msg.c **** #if LWIP_TCP
1939:./lwip-2.1.2/src/api/api_msg.c ****   enum netconn_state state = msg->conn->state;
 4546              		.loc 1 1939 3 is_stmt 1 view .LVU1539
 4547              		.loc 1 1939 33 is_stmt 0 view .LVU1540
 4548 0db8 0068     		ldr	r0, [r0]
 4549              	.LVL433:
1940:./lwip-2.1.2/src/api/api_msg.c ****   /* First check if this is a TCP netconn and if it is in a correct state
1941:./lwip-2.1.2/src/api/api_msg.c ****       (LISTEN doesn't support half shutdown) */
1942:./lwip-2.1.2/src/api/api_msg.c ****   if ((msg->conn->pcb.tcp != NULL) &&
 4550              		.loc 1 1942 6 view .LVU1541
 4551 0dba 4368     		ldr	r3, [r0, #4]
1939:./lwip-2.1.2/src/api/api_msg.c ****   /* First check if this is a TCP netconn and if it is in a correct state
 4552              		.loc 1 1939 22 view .LVU1542
 4553 0dbc 4278     		ldrb	r2, [r0, #1]	@ zero_extendqisi2
 4554              	.LVL434:
 4555              		.loc 1 1942 3 is_stmt 1 view .LVU1543
 4556              		.loc 1 1942 6 is_stmt 0 view .LVU1544
 4557 0dbe 23B1     		cbz	r3, .L543
 4558              		.loc 1 1942 36 discriminator 1 view .LVU1545
 4559 0dc0 0378     		ldrb	r3, [r0]	@ zero_extendqisi2
 4560 0dc2 03F0F003 		and	r3, r3, #240
 4561 0dc6 102B     		cmp	r3, #16
 4562 0dc8 02D0     		beq	.L567
 4563              	.L543:
1943:./lwip-2.1.2/src/api/api_msg.c ****       (NETCONNTYPE_GROUP(msg->conn->type) == NETCONN_TCP) &&
1944:./lwip-2.1.2/src/api/api_msg.c ****       ((msg->msg.sd.shut == NETCONN_SHUT_RDWR) || (state != NETCONN_LISTEN))) {
1945:./lwip-2.1.2/src/api/api_msg.c ****     /* Check if we are in a connected state */
1946:./lwip-2.1.2/src/api/api_msg.c ****     if (state == NETCONN_CONNECT) {
1947:./lwip-2.1.2/src/api/api_msg.c ****       /* TCP connect in progress: cannot shutdown */
1948:./lwip-2.1.2/src/api/api_msg.c ****       msg->err = ERR_CONN;
 4564              		.loc 1 1948 7 is_stmt 1 view .LVU1546
 4565              		.loc 1 1948 16 is_stmt 0 view .LVU1547
 4566 0dca F523     		movs	r3, #245
 4567 0dcc 2371     		strb	r3, [r4, #4]
 4568              	.LVL435:
 4569              	.L542:
1949:./lwip-2.1.2/src/api/api_msg.c ****     } else if (state == NETCONN_WRITE) {
1950:./lwip-2.1.2/src/api/api_msg.c **** #if LWIP_NETCONN_FULLDUPLEX
1951:./lwip-2.1.2/src/api/api_msg.c ****       if (msg->msg.sd.shut & NETCONN_SHUT_WR) {
1952:./lwip-2.1.2/src/api/api_msg.c ****         /* close requested, abort running write */
1953:./lwip-2.1.2/src/api/api_msg.c ****         sys_sem_t *write_completed_sem;
1954:./lwip-2.1.2/src/api/api_msg.c ****         LWIP_ASSERT("msg->conn->current_msg != NULL", msg->conn->current_msg != NULL);
1955:./lwip-2.1.2/src/api/api_msg.c ****         write_completed_sem = LWIP_API_MSG_SEM(msg->conn->current_msg);
1956:./lwip-2.1.2/src/api/api_msg.c ****         msg->conn->current_msg->err = ERR_CLSD;
1957:./lwip-2.1.2/src/api/api_msg.c ****         msg->conn->current_msg = NULL;
1958:./lwip-2.1.2/src/api/api_msg.c ****         msg->conn->state = NETCONN_NONE;
1959:./lwip-2.1.2/src/api/api_msg.c ****         state = NETCONN_NONE;
1960:./lwip-2.1.2/src/api/api_msg.c ****         sys_sem_signal(write_completed_sem);
1961:./lwip-2.1.2/src/api/api_msg.c ****       } else {
1962:./lwip-2.1.2/src/api/api_msg.c ****         LWIP_ASSERT("msg->msg.sd.shut == NETCONN_SHUT_RD", msg->msg.sd.shut == NETCONN_SHUT_RD);
1963:./lwip-2.1.2/src/api/api_msg.c ****         /* In this case, let the write continue and do not interfere with
1964:./lwip-2.1.2/src/api/api_msg.c ****            conn->current_msg or conn->state! */
1965:./lwip-2.1.2/src/api/api_msg.c ****         msg->err = tcp_shutdown(msg->conn->pcb.tcp, 1, 0);
1966:./lwip-2.1.2/src/api/api_msg.c ****       }
1967:./lwip-2.1.2/src/api/api_msg.c ****     }
1968:./lwip-2.1.2/src/api/api_msg.c ****     if (state == NETCONN_NONE) {
1969:./lwip-2.1.2/src/api/api_msg.c **** #else /* LWIP_NETCONN_FULLDUPLEX */
1970:./lwip-2.1.2/src/api/api_msg.c ****       msg->err = ERR_INPROGRESS;
1971:./lwip-2.1.2/src/api/api_msg.c ****     } else {
1972:./lwip-2.1.2/src/api/api_msg.c **** #endif /* LWIP_NETCONN_FULLDUPLEX */
1973:./lwip-2.1.2/src/api/api_msg.c ****       if (msg->msg.sd.shut & NETCONN_SHUT_RD) {
1974:./lwip-2.1.2/src/api/api_msg.c **** #if LWIP_NETCONN_FULLDUPLEX
1975:./lwip-2.1.2/src/api/api_msg.c ****         /* Mark mboxes invalid */
1976:./lwip-2.1.2/src/api/api_msg.c ****         netconn_mark_mbox_invalid(msg->conn);
1977:./lwip-2.1.2/src/api/api_msg.c **** #else /* LWIP_NETCONN_FULLDUPLEX */
1978:./lwip-2.1.2/src/api/api_msg.c ****         netconn_drain(msg->conn);
1979:./lwip-2.1.2/src/api/api_msg.c **** #endif /* LWIP_NETCONN_FULLDUPLEX */
1980:./lwip-2.1.2/src/api/api_msg.c ****       }
1981:./lwip-2.1.2/src/api/api_msg.c ****       LWIP_ASSERT("already writing or closing", msg->conn->current_msg == NULL);
1982:./lwip-2.1.2/src/api/api_msg.c ****       msg->conn->state = NETCONN_CLOSE;
1983:./lwip-2.1.2/src/api/api_msg.c ****       msg->conn->current_msg = msg;
1984:./lwip-2.1.2/src/api/api_msg.c **** #if LWIP_TCPIP_CORE_LOCKING
1985:./lwip-2.1.2/src/api/api_msg.c ****       if (lwip_netconn_do_close_internal(msg->conn, 0) != ERR_OK) {
1986:./lwip-2.1.2/src/api/api_msg.c ****         LWIP_ASSERT("state!", msg->conn->state == NETCONN_CLOSE);
1987:./lwip-2.1.2/src/api/api_msg.c ****         UNLOCK_TCPIP_CORE();
1988:./lwip-2.1.2/src/api/api_msg.c ****         sys_arch_sem_wait(LWIP_API_MSG_SEM(msg), 0);
1989:./lwip-2.1.2/src/api/api_msg.c ****         LOCK_TCPIP_CORE();
1990:./lwip-2.1.2/src/api/api_msg.c ****         LWIP_ASSERT("state!", msg->conn->state == NETCONN_NONE);
1991:./lwip-2.1.2/src/api/api_msg.c ****       }
1992:./lwip-2.1.2/src/api/api_msg.c **** #else /* LWIP_TCPIP_CORE_LOCKING */
1993:./lwip-2.1.2/src/api/api_msg.c ****       lwip_netconn_do_close_internal(msg->conn);
1994:./lwip-2.1.2/src/api/api_msg.c **** #endif /* LWIP_TCPIP_CORE_LOCKING */
1995:./lwip-2.1.2/src/api/api_msg.c ****       /* for tcp netconns, lwip_netconn_do_close_internal ACKs the message */
1996:./lwip-2.1.2/src/api/api_msg.c ****       return;
1997:./lwip-2.1.2/src/api/api_msg.c ****     }
1998:./lwip-2.1.2/src/api/api_msg.c ****   } else
1999:./lwip-2.1.2/src/api/api_msg.c **** #endif /* LWIP_TCP */
2000:./lwip-2.1.2/src/api/api_msg.c ****   {
2001:./lwip-2.1.2/src/api/api_msg.c ****     msg->err = ERR_CONN;
2002:./lwip-2.1.2/src/api/api_msg.c ****   }
2003:./lwip-2.1.2/src/api/api_msg.c ****   TCPIP_APIMSG_ACK(msg);
2004:./lwip-2.1.2/src/api/api_msg.c **** }
 4570              		.loc 1 2004 1 view .LVU1548
 4571 0dce 10BD     		pop	{r4, pc}
 4572              	.LVL436:
 4573              	.L567:
1944:./lwip-2.1.2/src/api/api_msg.c ****     /* Check if we are in a connected state */
 4574              		.loc 1 1944 20 view .LVU1549
 4575 0dd0 237A     		ldrb	r3, [r4, #8]	@ zero_extendqisi2
1943:./lwip-2.1.2/src/api/api_msg.c ****       (NETCONNTYPE_GROUP(msg->conn->type) == NETCONN_TCP) &&
 4576              		.loc 1 1943 59 view .LVU1550
 4577 0dd2 032B     		cmp	r3, #3
 4578 0dd4 1BD0     		beq	.L568
1944:./lwip-2.1.2/src/api/api_msg.c ****     /* Check if we are in a connected state */
 4579              		.loc 1 1944 48 view .LVU1551
 4580 0dd6 911E     		subs	r1, r2, #2
 4581 0dd8 0129     		cmp	r1, #1
 4582 0dda F6D9     		bls	.L543
1946:./lwip-2.1.2/src/api/api_msg.c ****       /* TCP connect in progress: cannot shutdown */
 4583              		.loc 1 1946 5 is_stmt 1 view .LVU1552
1949:./lwip-2.1.2/src/api/api_msg.c ****     } else if (state == NETCONN_WRITE) {
 4584              		.loc 1 1949 12 view .LVU1553
1949:./lwip-2.1.2/src/api/api_msg.c ****     } else if (state == NETCONN_WRITE) {
 4585              		.loc 1 1949 15 is_stmt 0 view .LVU1554
 4586 0ddc 012A     		cmp	r2, #1
 4587 0dde 1AD0     		beq	.L545
1973:./lwip-2.1.2/src/api/api_msg.c **** #if LWIP_NETCONN_FULLDUPLEX
 4588              		.loc 1 1973 7 is_stmt 1 view .LVU1555
1973:./lwip-2.1.2/src/api/api_msg.c **** #if LWIP_NETCONN_FULLDUPLEX
 4589              		.loc 1 1973 10 is_stmt 0 view .LVU1556
 4590 0de0 DB07     		lsls	r3, r3, #31
 4591 0de2 1BD4     		bmi	.L546
 4592              	.LVL437:
 4593              	.L550:
1981:./lwip-2.1.2/src/api/api_msg.c ****       msg->conn->state = NETCONN_CLOSE;
 4594              		.loc 1 1981 80 is_stmt 1 view .LVU1557
1982:./lwip-2.1.2/src/api/api_msg.c ****       msg->conn->current_msg = msg;
 4595              		.loc 1 1982 7 view .LVU1558
1982:./lwip-2.1.2/src/api/api_msg.c ****       msg->conn->current_msg = msg;
 4596              		.loc 1 1982 24 is_stmt 0 view .LVU1559
 4597 0de4 0423     		movs	r3, #4
1985:./lwip-2.1.2/src/api/api_msg.c ****         LWIP_ASSERT("state!", msg->conn->state == NETCONN_CLOSE);
 4598              		.loc 1 1985 11 view .LVU1560
 4599 0de6 0021     		movs	r1, #0
1983:./lwip-2.1.2/src/api/api_msg.c **** #if LWIP_TCPIP_CORE_LOCKING
 4600              		.loc 1 1983 30 view .LVU1561
 4601 0de8 0462     		str	r4, [r0, #32]
1982:./lwip-2.1.2/src/api/api_msg.c ****       msg->conn->current_msg = msg;
 4602              		.loc 1 1982 24 view .LVU1562
 4603 0dea 4370     		strb	r3, [r0, #1]
1983:./lwip-2.1.2/src/api/api_msg.c **** #if LWIP_TCPIP_CORE_LOCKING
 4604              		.loc 1 1983 7 is_stmt 1 view .LVU1563
1985:./lwip-2.1.2/src/api/api_msg.c ****         LWIP_ASSERT("state!", msg->conn->state == NETCONN_CLOSE);
 4605              		.loc 1 1985 7 view .LVU1564
1985:./lwip-2.1.2/src/api/api_msg.c ****         LWIP_ASSERT("state!", msg->conn->state == NETCONN_CLOSE);
 4606              		.loc 1 1985 11 is_stmt 0 view .LVU1565
 4607 0dec FFF7F0FA 		bl	lwip_netconn_do_close_internal
 4608              	.LVL438:
1985:./lwip-2.1.2/src/api/api_msg.c ****         LWIP_ASSERT("state!", msg->conn->state == NETCONN_CLOSE);
 4609              		.loc 1 1985 10 discriminator 1 view .LVU1566
 4610 0df0 0028     		cmp	r0, #0
 4611 0df2 ECD0     		beq	.L542
1986:./lwip-2.1.2/src/api/api_msg.c ****         UNLOCK_TCPIP_CORE();
 4612              		.loc 1 1986 65 is_stmt 1 view .LVU1567
1987:./lwip-2.1.2/src/api/api_msg.c ****         sys_arch_sem_wait(LWIP_API_MSG_SEM(msg), 0);
 4613              		.loc 1 1987 9 view .LVU1568
 4614 0df4 0B48     		ldr	r0, .L569
 4615 0df6 FFF7FEFF 		bl	sys_mutex_unlock
 4616              	.LVL439:
1988:./lwip-2.1.2/src/api/api_msg.c ****         LOCK_TCPIP_CORE();
 4617              		.loc 1 1988 9 view .LVU1569
 4618 0dfa 2068     		ldr	r0, [r4]
 4619 0dfc 0021     		movs	r1, #0
 4620 0dfe 0C30     		adds	r0, r0, #12
 4621 0e00 FFF7FEFF 		bl	sys_arch_sem_wait
 4622              	.LVL440:
1989:./lwip-2.1.2/src/api/api_msg.c ****         LWIP_ASSERT("state!", msg->conn->state == NETCONN_NONE);
 4623              		.loc 1 1989 9 view .LVU1570
 4624 0e04 0748     		ldr	r0, .L569
 4625              		.loc 1 2004 1 is_stmt 0 view .LVU1571
 4626 0e06 BDE81040 		pop	{r4, lr}
 4627              	.LCFI64:
 4628              		.cfi_remember_state
 4629              		.cfi_restore 14
 4630              		.cfi_restore 4
 4631              		.cfi_def_cfa_offset 0
 4632              	.LVL441:
1989:./lwip-2.1.2/src/api/api_msg.c ****         LWIP_ASSERT("state!", msg->conn->state == NETCONN_NONE);
 4633              		.loc 1 1989 9 view .LVU1572
 4634 0e0a FFF7FEBF 		b	sys_mutex_lock
 4635              	.LVL442:
 4636              	.L568:
 4637              	.LCFI65:
 4638              		.cfi_restore_state
1946:./lwip-2.1.2/src/api/api_msg.c ****       /* TCP connect in progress: cannot shutdown */
 4639              		.loc 1 1946 5 is_stmt 1 view .LVU1573
1946:./lwip-2.1.2/src/api/api_msg.c ****       /* TCP connect in progress: cannot shutdown */
 4640              		.loc 1 1946 8 is_stmt 0 view .LVU1574
 4641 0e0e 032A     		cmp	r2, #3
 4642 0e10 DBD0     		beq	.L543
1949:./lwip-2.1.2/src/api/api_msg.c **** #if LWIP_NETCONN_FULLDUPLEX
 4643              		.loc 1 1949 12 is_stmt 1 view .LVU1575
1949:./lwip-2.1.2/src/api/api_msg.c **** #if LWIP_NETCONN_FULLDUPLEX
 4644              		.loc 1 1949 15 is_stmt 0 view .LVU1576
 4645 0e12 012A     		cmp	r2, #1
 4646 0e14 02D1     		bne	.L546
 4647              	.L545:
1970:./lwip-2.1.2/src/api/api_msg.c ****     } else {
 4648              		.loc 1 1970 7 is_stmt 1 view .LVU1577
1970:./lwip-2.1.2/src/api/api_msg.c ****     } else {
 4649              		.loc 1 1970 16 is_stmt 0 view .LVU1578
 4650 0e16 FB23     		movs	r3, #251
 4651 0e18 2371     		strb	r3, [r4, #4]
 4652              		.loc 1 2004 1 view .LVU1579
 4653 0e1a 10BD     		pop	{r4, pc}
 4654              	.LVL443:
 4655              	.L546:
1978:./lwip-2.1.2/src/api/api_msg.c **** #endif /* LWIP_NETCONN_FULLDUPLEX */
 4656              		.loc 1 1978 9 is_stmt 1 view .LVU1580
 4657 0e1c FFF76EFC 		bl	netconn_drain
 4658              	.LVL444:
1982:./lwip-2.1.2/src/api/api_msg.c ****       msg->conn->current_msg = msg;
 4659              		.loc 1 1982 10 is_stmt 0 view .LVU1581
 4660 0e20 2068     		ldr	r0, [r4]
 4661 0e22 DFE7     		b	.L550
 4662              	.L570:
 4663              		.align	2
 4664              	.L569:
 4665 0e24 00000000 		.word	lock_tcpip_core
 4666              		.cfi_endproc
 4667              	.LFE197:
 4669              		.global	netconn_closed
 4670              		.global	netconn_reset
 4671              		.global	netconn_aborted
 4672              		.section	.rodata
 4673              		.align	2
 4674              		.set	.LANCHOR0,. + 0
 4677              	CSWTCH.19:
 4678 0000 00000000 		.word	netconn_closed
 4679 0004 00000000 		.word	netconn_reset
 4680 0008 00000000 		.word	netconn_aborted
 4683              	netconn_closed:
 4684 000c 00       		.space	1
 4687              	netconn_reset:
 4688 000d 00       		.space	1
 4691              	netconn_aborted:
 4692 000e 00       		.space	1
 4693              		.text
 4694              	.Letext0:
 4695              		.file 3 "C:\\ST\\STM32CubeCLT_1.18.0\\GNU-tools-for-STM32\\bin\\../lib/gcc/arm-none-eabi/13.3.1/in
 4696              		.file 4 "C:\\ST\\STM32CubeCLT_1.18.0\\GNU-tools-for-STM32\\bin\\../lib/gcc/arm-none-eabi/13.3.1/..
 4697              		.file 5 "C:\\ST\\STM32CubeCLT_1.18.0\\GNU-tools-for-STM32\\bin\\../lib/gcc/arm-none-eabi/13.3.1/..
 4698              		.file 6 "./lwip-2.1.2/src/include/lwip/arch.h"
 4699              		.file 7 "./lwip-2.1.2/src/include/lwip/ip4_addr.h"
 4700              		.file 8 "./lwip-2.1.2/src/include/lwip/ip_addr.h"
 4701              		.file 9 "./lwip-2.1.2/src/include/lwip/err.h"
 4702              		.file 10 "./inc/cmsis_os2.h"
 4703              		.file 11 "./inc/arch/sys_arch.h"
 4704              		.file 12 "./lwip-2.1.2/src/include/lwip/pbuf.h"
 4705              		.file 13 "./lwip-2.1.2/src/include/lwip/memp.h"
 4706              		.file 14 "./lwip-2.1.2/src/include/lwip/netif.h"
 4707              		.file 15 "./lwip-2.1.2/src/include/lwip/netbuf.h"
 4708              		.file 16 "./lwip-2.1.2/src/include/lwip/api.h"
 4709              		.file 17 "./lwip-2.1.2/src/include/lwip/ip.h"
 4710              		.file 18 "./lwip-2.1.2/src/include/lwip/tcp.h"
 4711              		.file 19 "./lwip-2.1.2/src/include/lwip/udp.h"
 4712              		.file 20 "./lwip-2.1.2/src/include/lwip/priv/api_msg.h"
 4713              		.file 21 "./lwip-2.1.2/src/include/lwip/tcpbase.h"
 4714              		.file 22 "./lwip-2.1.2/src/include/lwip/tcpip.h"
 4715              		.file 23 "./lwip-2.1.2/src/include/lwip/sys.h"
DEFINED SYMBOLS
                            *ABS*:00000000 api_msg.c
C:\Users\JAEJUN~1\AppData\Local\Temp\ccsP9ntA.s:19     .text:00000000 $t
C:\Users\JAEJUN~1\AppData\Local\Temp\ccsP9ntA.s:25     .text:00000000 recv_udp
C:\Users\JAEJUN~1\AppData\Local\Temp\ccsP9ntA.s:180    .text:00000064 setup_tcp
C:\Users\JAEJUN~1\AppData\Local\Temp\ccsP9ntA.s:240    .text:00000098 $d
C:\Users\JAEJUN~1\AppData\Local\Temp\ccsP9ntA.s:2098   .text:000006a4 recv_tcp
C:\Users\JAEJUN~1\AppData\Local\Temp\ccsP9ntA.s:1970   .text:00000644 sent_tcp
C:\Users\JAEJUN~1\AppData\Local\Temp\ccsP9ntA.s:1855   .text:000005e8 poll_tcp
C:\Users\JAEJUN~1\AppData\Local\Temp\ccsP9ntA.s:253    .text:000000a8 err_tcp
C:\Users\JAEJUN~1\AppData\Local\Temp\ccsP9ntA.s:247    .text:000000a8 $t
C:\Users\JAEJUN~1\AppData\Local\Temp\ccsP9ntA.s:587    .text:0000016c $d
C:\Users\JAEJUN~1\AppData\Local\Temp\ccsP9ntA.s:593    .text:00000170 $t
C:\Users\JAEJUN~1\AppData\Local\Temp\ccsP9ntA.s:599    .text:00000170 lwip_netconn_do_connected
C:\Users\JAEJUN~1\AppData\Local\Temp\ccsP9ntA.s:747    .text:000001cc lwip_netconn_do_writemore
C:\Users\JAEJUN~1\AppData\Local\Temp\ccsP9ntA.s:1280   .text:000003d0 lwip_netconn_do_close_internal
C:\Users\JAEJUN~1\AppData\Local\Temp\ccsP9ntA.s:1843   .text:000005dc $d
C:\Users\JAEJUN~1\AppData\Local\Temp\ccsP9ntA.s:1849   .text:000005e8 $t
C:\Users\JAEJUN~1\AppData\Local\Temp\ccsP9ntA.s:2216   .text:000006f8 $d
C:\Users\JAEJUN~1\AppData\Local\Temp\ccsP9ntA.s:2220   .text:000006fc $t
C:\Users\JAEJUN~1\AppData\Local\Temp\ccsP9ntA.s:2226   .text:000006fc netconn_drain
C:\Users\JAEJUN~1\AppData\Local\Temp\ccsP9ntA.s:2527   .text:000007cc $d
C:\Users\JAEJUN~1\AppData\Local\Temp\ccsP9ntA.s:2532   .text:000007d4 $t
C:\Users\JAEJUN~1\AppData\Local\Temp\ccsP9ntA.s:2539   .text:000007d4 lwip_netconn_is_err_msg
C:\Users\JAEJUN~1\AppData\Local\Temp\ccsP9ntA.s:2605   .text:00000800 $d
C:\Users\JAEJUN~1\AppData\Local\Temp\ccsP9ntA.s:2609   .text:00000804 $t
C:\Users\JAEJUN~1\AppData\Local\Temp\ccsP9ntA.s:2616   .text:00000804 lwip_netconn_do_newconn
C:\Users\JAEJUN~1\AppData\Local\Temp\ccsP9ntA.s:2748   .text:00000868 $d
C:\Users\JAEJUN~1\AppData\Local\Temp\ccsP9ntA.s:2752   .text:0000086c $t
C:\Users\JAEJUN~1\AppData\Local\Temp\ccsP9ntA.s:2759   .text:0000086c netconn_alloc
C:\Users\JAEJUN~1\AppData\Local\Temp\ccsP9ntA.s:2890   .text:000008d4 accept_function
C:\Users\JAEJUN~1\AppData\Local\Temp\ccsP9ntA.s:3119   .text:000009ac $d
C:\Users\JAEJUN~1\AppData\Local\Temp\ccsP9ntA.s:3123   .text:000009b0 $t
C:\Users\JAEJUN~1\AppData\Local\Temp\ccsP9ntA.s:3130   .text:000009b0 netconn_free
C:\Users\JAEJUN~1\AppData\Local\Temp\ccsP9ntA.s:3186   .text:000009cc lwip_netconn_do_delconn
C:\Users\JAEJUN~1\AppData\Local\Temp\ccsP9ntA.s:3367   .text:00000a64 $d
C:\Users\JAEJUN~1\AppData\Local\Temp\ccsP9ntA.s:3371   .text:00000a68 $t
C:\Users\JAEJUN~1\AppData\Local\Temp\ccsP9ntA.s:3378   .text:00000a68 lwip_netconn_do_bind
C:\Users\JAEJUN~1\AppData\Local\Temp\ccsP9ntA.s:3461   .text:00000aa0 lwip_netconn_do_bind_if
C:\Users\JAEJUN~1\AppData\Local\Temp\ccsP9ntA.s:3551   .text:00000adc lwip_netconn_do_connect
C:\Users\JAEJUN~1\AppData\Local\Temp\ccsP9ntA.s:3743   .text:00000b7c $d
C:\Users\JAEJUN~1\AppData\Local\Temp\ccsP9ntA.s:3749   .text:00000b84 $t
C:\Users\JAEJUN~1\AppData\Local\Temp\ccsP9ntA.s:3756   .text:00000b84 lwip_netconn_do_disconnect
C:\Users\JAEJUN~1\AppData\Local\Temp\ccsP9ntA.s:3813   .text:00000ba8 lwip_netconn_do_listen
C:\Users\JAEJUN~1\AppData\Local\Temp\ccsP9ntA.s:4026   .text:00000c5c $d
C:\Users\JAEJUN~1\AppData\Local\Temp\ccsP9ntA.s:4032   .text:00000c60 $t
C:\Users\JAEJUN~1\AppData\Local\Temp\ccsP9ntA.s:4039   .text:00000c60 lwip_netconn_do_send
C:\Users\JAEJUN~1\AppData\Local\Temp\ccsP9ntA.s:4127   .text:00000c9c lwip_netconn_do_recv
C:\Users\JAEJUN~1\AppData\Local\Temp\ccsP9ntA.s:4225   .text:00000cd8 lwip_netconn_do_write
C:\Users\JAEJUN~1\AppData\Local\Temp\ccsP9ntA.s:4352   .text:00000d3c $d
C:\Users\JAEJUN~1\AppData\Local\Temp\ccsP9ntA.s:4356   .text:00000d40 $t
C:\Users\JAEJUN~1\AppData\Local\Temp\ccsP9ntA.s:4363   .text:00000d40 lwip_netconn_do_getaddr
C:\Users\JAEJUN~1\AppData\Local\Temp\ccsP9ntA.s:4529   .text:00000db4 lwip_netconn_do_close
C:\Users\JAEJUN~1\AppData\Local\Temp\ccsP9ntA.s:4665   .text:00000e24 $d
C:\Users\JAEJUN~1\AppData\Local\Temp\ccsP9ntA.s:4683   .rodata:0000000c netconn_closed
C:\Users\JAEJUN~1\AppData\Local\Temp\ccsP9ntA.s:4687   .rodata:0000000d netconn_reset
C:\Users\JAEJUN~1\AppData\Local\Temp\ccsP9ntA.s:4691   .rodata:0000000e netconn_aborted
C:\Users\JAEJUN~1\AppData\Local\Temp\ccsP9ntA.s:4673   .rodata:00000000 $d
C:\Users\JAEJUN~1\AppData\Local\Temp\ccsP9ntA.s:4677   .rodata:00000000 CSWTCH.19

UNDEFINED SYMBOLS
memp_malloc
sys_mbox_trypost
pbuf_free
netbuf_delete
tcp_arg
tcp_recv
tcp_sent
tcp_poll
tcp_err
sys_sem_signal
tcp_write
tcp_output
tcp_accept
tcp_shutdown
tcp_close
tcp_abort
tcp_recved
sys_arch_mbox_tryfetch
sys_mbox_free
sys_sem_free
memp_free
udp_new_ip_type
udp_recv
tcp_new_ip_type
sys_mbox_new
sys_sem_new
udp_remove
sys_mutex_unlock
sys_arch_sem_wait
sys_mutex_lock
lock_tcpip_core
udp_bind
tcp_bind
netif_get_by_index
udp_bind_netif
tcp_bind_netif
udp_connect
tcp_connect
udp_disconnect
tcp_listen_with_backlog_and_err
netconn_err
udp_send
udp_sendto
