   1              		.cpu cortex-m7
   2              		.eabi_attribute 28, 1
   3              		.eabi_attribute 20, 1
   4              		.eabi_attribute 21, 1
   5              		.eabi_attribute 23, 3
   6              		.eabi_attribute 24, 1
   7              		.eabi_attribute 25, 1
   8              		.eabi_attribute 26, 1
   9              		.eabi_attribute 30, 2
  10              		.eabi_attribute 34, 1
  11              		.eabi_attribute 18, 4
  12              		.file	"api_lib.c"
  13              		.text
  14              	.Ltext0:
  15              		.cfi_sections	.debug_frame
  16              		.align	1
  17              		.p2align 2,,3
  18              		.arch armv7e-m
  19              		.syntax unified
  20              		.thumb
  21              		.thumb_func
  22              		.fpu fpv5-d16
  24              	netconn_recv_data:
  25              	.LVL0:
  26              	.LFB180:
  27              		.file 1 "./lwip-2.1.2/src/api/api_lib.c"
   1:./lwip-2.1.2/src/api/api_lib.c **** /**
   2:./lwip-2.1.2/src/api/api_lib.c ****  * @file
   3:./lwip-2.1.2/src/api/api_lib.c ****  * Sequential API External module
   4:./lwip-2.1.2/src/api/api_lib.c ****  *
   5:./lwip-2.1.2/src/api/api_lib.c ****  * @defgroup netconn Netconn API
   6:./lwip-2.1.2/src/api/api_lib.c ****  * @ingroup sequential_api
   7:./lwip-2.1.2/src/api/api_lib.c ****  * Thread-safe, to be called from non-TCPIP threads only.
   8:./lwip-2.1.2/src/api/api_lib.c ****  * TX/RX handling based on @ref netbuf (containing @ref pbuf)
   9:./lwip-2.1.2/src/api/api_lib.c ****  * to avoid copying data around.
  10:./lwip-2.1.2/src/api/api_lib.c ****  *
  11:./lwip-2.1.2/src/api/api_lib.c ****  * @defgroup netconn_common Common functions
  12:./lwip-2.1.2/src/api/api_lib.c ****  * @ingroup netconn
  13:./lwip-2.1.2/src/api/api_lib.c ****  * For use with TCP and UDP
  14:./lwip-2.1.2/src/api/api_lib.c ****  *
  15:./lwip-2.1.2/src/api/api_lib.c ****  * @defgroup netconn_tcp TCP only
  16:./lwip-2.1.2/src/api/api_lib.c ****  * @ingroup netconn
  17:./lwip-2.1.2/src/api/api_lib.c ****  * TCP only functions
  18:./lwip-2.1.2/src/api/api_lib.c ****  *
  19:./lwip-2.1.2/src/api/api_lib.c ****  * @defgroup netconn_udp UDP only
  20:./lwip-2.1.2/src/api/api_lib.c ****  * @ingroup netconn
  21:./lwip-2.1.2/src/api/api_lib.c ****  * UDP only functions
  22:./lwip-2.1.2/src/api/api_lib.c ****  */
  23:./lwip-2.1.2/src/api/api_lib.c **** 
  24:./lwip-2.1.2/src/api/api_lib.c **** /*
  25:./lwip-2.1.2/src/api/api_lib.c ****  * Copyright (c) 2001-2004 Swedish Institute of Computer Science.
  26:./lwip-2.1.2/src/api/api_lib.c ****  * All rights reserved.
  27:./lwip-2.1.2/src/api/api_lib.c ****  *
  28:./lwip-2.1.2/src/api/api_lib.c ****  * Redistribution and use in source and binary forms, with or without modification,
  29:./lwip-2.1.2/src/api/api_lib.c ****  * are permitted provided that the following conditions are met:
  30:./lwip-2.1.2/src/api/api_lib.c ****  *
  31:./lwip-2.1.2/src/api/api_lib.c ****  * 1. Redistributions of source code must retain the above copyright notice,
  32:./lwip-2.1.2/src/api/api_lib.c ****  *    this list of conditions and the following disclaimer.
  33:./lwip-2.1.2/src/api/api_lib.c ****  * 2. Redistributions in binary form must reproduce the above copyright notice,
  34:./lwip-2.1.2/src/api/api_lib.c ****  *    this list of conditions and the following disclaimer in the documentation
  35:./lwip-2.1.2/src/api/api_lib.c ****  *    and/or other materials provided with the distribution.
  36:./lwip-2.1.2/src/api/api_lib.c ****  * 3. The name of the author may not be used to endorse or promote products
  37:./lwip-2.1.2/src/api/api_lib.c ****  *    derived from this software without specific prior written permission.
  38:./lwip-2.1.2/src/api/api_lib.c ****  *
  39:./lwip-2.1.2/src/api/api_lib.c ****  * THIS SOFTWARE IS PROVIDED BY THE AUTHOR ``AS IS'' AND ANY EXPRESS OR IMPLIED
  40:./lwip-2.1.2/src/api/api_lib.c ****  * WARRANTIES, INCLUDING, BUT NOT LIMITED TO, THE IMPLIED WARRANTIES OF
  41:./lwip-2.1.2/src/api/api_lib.c ****  * MERCHANTABILITY AND FITNESS FOR A PARTICULAR PURPOSE ARE DISCLAIMED. IN NO EVENT
  42:./lwip-2.1.2/src/api/api_lib.c ****  * SHALL THE AUTHOR BE LIABLE FOR ANY DIRECT, INDIRECT, INCIDENTAL, SPECIAL,
  43:./lwip-2.1.2/src/api/api_lib.c ****  * EXEMPLARY, OR CONSEQUENTIAL DAMAGES (INCLUDING, BUT NOT LIMITED TO, PROCUREMENT
  44:./lwip-2.1.2/src/api/api_lib.c ****  * OF SUBSTITUTE GOODS OR SERVICES; LOSS OF USE, DATA, OR PROFITS; OR BUSINESS
  45:./lwip-2.1.2/src/api/api_lib.c ****  * INTERRUPTION) HOWEVER CAUSED AND ON ANY THEORY OF LIABILITY, WHETHER IN
  46:./lwip-2.1.2/src/api/api_lib.c ****  * CONTRACT, STRICT LIABILITY, OR TORT (INCLUDING NEGLIGENCE OR OTHERWISE) ARISING
  47:./lwip-2.1.2/src/api/api_lib.c ****  * IN ANY WAY OUT OF THE USE OF THIS SOFTWARE, EVEN IF ADVISED OF THE POSSIBILITY
  48:./lwip-2.1.2/src/api/api_lib.c ****  * OF SUCH DAMAGE.
  49:./lwip-2.1.2/src/api/api_lib.c ****  *
  50:./lwip-2.1.2/src/api/api_lib.c ****  * This file is part of the lwIP TCP/IP stack.
  51:./lwip-2.1.2/src/api/api_lib.c ****  *
  52:./lwip-2.1.2/src/api/api_lib.c ****  * Author: Adam Dunkels <adam@sics.se>
  53:./lwip-2.1.2/src/api/api_lib.c ****  */
  54:./lwip-2.1.2/src/api/api_lib.c **** 
  55:./lwip-2.1.2/src/api/api_lib.c **** /* This is the part of the API that is linked with
  56:./lwip-2.1.2/src/api/api_lib.c ****    the application */
  57:./lwip-2.1.2/src/api/api_lib.c **** 
  58:./lwip-2.1.2/src/api/api_lib.c **** #include "lwip/opt.h"
  59:./lwip-2.1.2/src/api/api_lib.c **** 
  60:./lwip-2.1.2/src/api/api_lib.c **** #if LWIP_NETCONN /* don't build if not configured for use in lwipopts.h */
  61:./lwip-2.1.2/src/api/api_lib.c **** 
  62:./lwip-2.1.2/src/api/api_lib.c **** #include "lwip/api.h"
  63:./lwip-2.1.2/src/api/api_lib.c **** #include "lwip/memp.h"
  64:./lwip-2.1.2/src/api/api_lib.c **** 
  65:./lwip-2.1.2/src/api/api_lib.c **** #include "lwip/ip.h"
  66:./lwip-2.1.2/src/api/api_lib.c **** #include "lwip/raw.h"
  67:./lwip-2.1.2/src/api/api_lib.c **** #include "lwip/udp.h"
  68:./lwip-2.1.2/src/api/api_lib.c **** #include "lwip/priv/api_msg.h"
  69:./lwip-2.1.2/src/api/api_lib.c **** #include "lwip/priv/tcp_priv.h"
  70:./lwip-2.1.2/src/api/api_lib.c **** #include "lwip/priv/tcpip_priv.h"
  71:./lwip-2.1.2/src/api/api_lib.c **** 
  72:./lwip-2.1.2/src/api/api_lib.c **** #ifdef LWIP_HOOK_FILENAME
  73:./lwip-2.1.2/src/api/api_lib.c **** #include LWIP_HOOK_FILENAME
  74:./lwip-2.1.2/src/api/api_lib.c **** #endif
  75:./lwip-2.1.2/src/api/api_lib.c **** 
  76:./lwip-2.1.2/src/api/api_lib.c **** #include <string.h>
  77:./lwip-2.1.2/src/api/api_lib.c **** 
  78:./lwip-2.1.2/src/api/api_lib.c **** #define API_MSG_VAR_REF(name)               API_VAR_REF(name)
  79:./lwip-2.1.2/src/api/api_lib.c **** #define API_MSG_VAR_DECLARE(name)           API_VAR_DECLARE(struct api_msg, name)
  80:./lwip-2.1.2/src/api/api_lib.c **** #define API_MSG_VAR_ALLOC(name)             API_VAR_ALLOC(struct api_msg, MEMP_API_MSG, name, ERR_M
  81:./lwip-2.1.2/src/api/api_lib.c **** #define API_MSG_VAR_ALLOC_RETURN_NULL(name) API_VAR_ALLOC(struct api_msg, MEMP_API_MSG, name, NULL)
  82:./lwip-2.1.2/src/api/api_lib.c **** #define API_MSG_VAR_FREE(name)              API_VAR_FREE(MEMP_API_MSG, name)
  83:./lwip-2.1.2/src/api/api_lib.c **** 
  84:./lwip-2.1.2/src/api/api_lib.c **** #if TCP_LISTEN_BACKLOG
  85:./lwip-2.1.2/src/api/api_lib.c **** /* need to allocate API message for accept so empty message pool does not result in event loss
  86:./lwip-2.1.2/src/api/api_lib.c ****  * see bug #47512: MPU_COMPATIBLE may fail on empty pool */
  87:./lwip-2.1.2/src/api/api_lib.c **** #define API_MSG_VAR_ALLOC_ACCEPT(msg) API_MSG_VAR_ALLOC(msg)
  88:./lwip-2.1.2/src/api/api_lib.c **** #define API_MSG_VAR_FREE_ACCEPT(msg) API_MSG_VAR_FREE(msg)
  89:./lwip-2.1.2/src/api/api_lib.c **** #else /* TCP_LISTEN_BACKLOG */
  90:./lwip-2.1.2/src/api/api_lib.c **** #define API_MSG_VAR_ALLOC_ACCEPT(msg)
  91:./lwip-2.1.2/src/api/api_lib.c **** #define API_MSG_VAR_FREE_ACCEPT(msg)
  92:./lwip-2.1.2/src/api/api_lib.c **** #endif /* TCP_LISTEN_BACKLOG */
  93:./lwip-2.1.2/src/api/api_lib.c **** 
  94:./lwip-2.1.2/src/api/api_lib.c **** #if LWIP_NETCONN_FULLDUPLEX
  95:./lwip-2.1.2/src/api/api_lib.c **** #define NETCONN_RECVMBOX_WAITABLE(conn) (sys_mbox_valid(&(conn)->recvmbox) && (((conn)->flags & NET
  96:./lwip-2.1.2/src/api/api_lib.c **** #define NETCONN_ACCEPTMBOX_WAITABLE(conn) (sys_mbox_valid(&(conn)->acceptmbox) && (((conn)->flags &
  97:./lwip-2.1.2/src/api/api_lib.c **** #define NETCONN_MBOX_WAITING_INC(conn) SYS_ARCH_INC(conn->mbox_threads_waiting, 1)
  98:./lwip-2.1.2/src/api/api_lib.c **** #define NETCONN_MBOX_WAITING_DEC(conn) SYS_ARCH_DEC(conn->mbox_threads_waiting, 1)
  99:./lwip-2.1.2/src/api/api_lib.c **** #else /* LWIP_NETCONN_FULLDUPLEX */
 100:./lwip-2.1.2/src/api/api_lib.c **** #define NETCONN_RECVMBOX_WAITABLE(conn)   sys_mbox_valid(&(conn)->recvmbox)
 101:./lwip-2.1.2/src/api/api_lib.c **** #define NETCONN_ACCEPTMBOX_WAITABLE(conn) (sys_mbox_valid(&(conn)->acceptmbox) && (((conn)->flags &
 102:./lwip-2.1.2/src/api/api_lib.c **** #define NETCONN_MBOX_WAITING_INC(conn)
 103:./lwip-2.1.2/src/api/api_lib.c **** #define NETCONN_MBOX_WAITING_DEC(conn)
 104:./lwip-2.1.2/src/api/api_lib.c **** #endif /* LWIP_NETCONN_FULLDUPLEX */
 105:./lwip-2.1.2/src/api/api_lib.c **** 
 106:./lwip-2.1.2/src/api/api_lib.c **** static err_t netconn_close_shutdown(struct netconn *conn, u8_t how);
 107:./lwip-2.1.2/src/api/api_lib.c **** 
 108:./lwip-2.1.2/src/api/api_lib.c **** /**
 109:./lwip-2.1.2/src/api/api_lib.c ****  * Call the lower part of a netconn_* function
 110:./lwip-2.1.2/src/api/api_lib.c ****  * This function is then running in the thread context
 111:./lwip-2.1.2/src/api/api_lib.c ****  * of tcpip_thread and has exclusive access to lwIP core code.
 112:./lwip-2.1.2/src/api/api_lib.c ****  *
 113:./lwip-2.1.2/src/api/api_lib.c ****  * @param fn function to call
 114:./lwip-2.1.2/src/api/api_lib.c ****  * @param apimsg a struct containing the function to call and its parameters
 115:./lwip-2.1.2/src/api/api_lib.c ****  * @return ERR_OK if the function was called, another err_t if not
 116:./lwip-2.1.2/src/api/api_lib.c ****  */
 117:./lwip-2.1.2/src/api/api_lib.c **** static err_t
 118:./lwip-2.1.2/src/api/api_lib.c **** netconn_apimsg(tcpip_callback_fn fn, struct api_msg *apimsg)
 119:./lwip-2.1.2/src/api/api_lib.c **** {
 120:./lwip-2.1.2/src/api/api_lib.c ****   err_t err;
 121:./lwip-2.1.2/src/api/api_lib.c **** 
 122:./lwip-2.1.2/src/api/api_lib.c **** #ifdef LWIP_DEBUG
 123:./lwip-2.1.2/src/api/api_lib.c ****   /* catch functions that don't set err */
 124:./lwip-2.1.2/src/api/api_lib.c ****   apimsg->err = ERR_VAL;
 125:./lwip-2.1.2/src/api/api_lib.c **** #endif /* LWIP_DEBUG */
 126:./lwip-2.1.2/src/api/api_lib.c **** 
 127:./lwip-2.1.2/src/api/api_lib.c **** #if LWIP_NETCONN_SEM_PER_THREAD
 128:./lwip-2.1.2/src/api/api_lib.c ****   apimsg->op_completed_sem = LWIP_NETCONN_THREAD_SEM_GET();
 129:./lwip-2.1.2/src/api/api_lib.c **** #endif /* LWIP_NETCONN_SEM_PER_THREAD */
 130:./lwip-2.1.2/src/api/api_lib.c **** 
 131:./lwip-2.1.2/src/api/api_lib.c ****   err = tcpip_send_msg_wait_sem(fn, apimsg, LWIP_API_MSG_SEM(apimsg));
 132:./lwip-2.1.2/src/api/api_lib.c ****   if (err == ERR_OK) {
 133:./lwip-2.1.2/src/api/api_lib.c ****     return apimsg->err;
 134:./lwip-2.1.2/src/api/api_lib.c ****   }
 135:./lwip-2.1.2/src/api/api_lib.c ****   return err;
 136:./lwip-2.1.2/src/api/api_lib.c **** }
 137:./lwip-2.1.2/src/api/api_lib.c **** 
 138:./lwip-2.1.2/src/api/api_lib.c **** /**
 139:./lwip-2.1.2/src/api/api_lib.c ****  * Create a new netconn (of a specific type) that has a callback function.
 140:./lwip-2.1.2/src/api/api_lib.c ****  * The corresponding pcb is also created.
 141:./lwip-2.1.2/src/api/api_lib.c ****  *
 142:./lwip-2.1.2/src/api/api_lib.c ****  * @param t the type of 'connection' to create (@see enum netconn_type)
 143:./lwip-2.1.2/src/api/api_lib.c ****  * @param proto the IP protocol for RAW IP pcbs
 144:./lwip-2.1.2/src/api/api_lib.c ****  * @param callback a function to call on status changes (RX available, TX'ed)
 145:./lwip-2.1.2/src/api/api_lib.c ****  * @return a newly allocated struct netconn or
 146:./lwip-2.1.2/src/api/api_lib.c ****  *         NULL on memory error
 147:./lwip-2.1.2/src/api/api_lib.c ****  */
 148:./lwip-2.1.2/src/api/api_lib.c **** struct netconn *
 149:./lwip-2.1.2/src/api/api_lib.c **** netconn_new_with_proto_and_callback(enum netconn_type t, u8_t proto, netconn_callback callback)
 150:./lwip-2.1.2/src/api/api_lib.c **** {
 151:./lwip-2.1.2/src/api/api_lib.c ****   struct netconn *conn;
 152:./lwip-2.1.2/src/api/api_lib.c ****   API_MSG_VAR_DECLARE(msg);
 153:./lwip-2.1.2/src/api/api_lib.c ****   API_MSG_VAR_ALLOC_RETURN_NULL(msg);
 154:./lwip-2.1.2/src/api/api_lib.c **** 
 155:./lwip-2.1.2/src/api/api_lib.c ****   conn = netconn_alloc(t, callback);
 156:./lwip-2.1.2/src/api/api_lib.c ****   if (conn != NULL) {
 157:./lwip-2.1.2/src/api/api_lib.c ****     err_t err;
 158:./lwip-2.1.2/src/api/api_lib.c **** 
 159:./lwip-2.1.2/src/api/api_lib.c ****     API_MSG_VAR_REF(msg).msg.n.proto = proto;
 160:./lwip-2.1.2/src/api/api_lib.c ****     API_MSG_VAR_REF(msg).conn = conn;
 161:./lwip-2.1.2/src/api/api_lib.c ****     err = netconn_apimsg(lwip_netconn_do_newconn, &API_MSG_VAR_REF(msg));
 162:./lwip-2.1.2/src/api/api_lib.c ****     if (err != ERR_OK) {
 163:./lwip-2.1.2/src/api/api_lib.c ****       LWIP_ASSERT("freeing conn without freeing pcb", conn->pcb.tcp == NULL);
 164:./lwip-2.1.2/src/api/api_lib.c ****       LWIP_ASSERT("conn has no recvmbox", sys_mbox_valid(&conn->recvmbox));
 165:./lwip-2.1.2/src/api/api_lib.c **** #if LWIP_TCP
 166:./lwip-2.1.2/src/api/api_lib.c ****       LWIP_ASSERT("conn->acceptmbox shouldn't exist", !sys_mbox_valid(&conn->acceptmbox));
 167:./lwip-2.1.2/src/api/api_lib.c **** #endif /* LWIP_TCP */
 168:./lwip-2.1.2/src/api/api_lib.c **** #if !LWIP_NETCONN_SEM_PER_THREAD
 169:./lwip-2.1.2/src/api/api_lib.c ****       LWIP_ASSERT("conn has no op_completed", sys_sem_valid(&conn->op_completed));
 170:./lwip-2.1.2/src/api/api_lib.c ****       sys_sem_free(&conn->op_completed);
 171:./lwip-2.1.2/src/api/api_lib.c **** #endif /* !LWIP_NETCONN_SEM_PER_THREAD */
 172:./lwip-2.1.2/src/api/api_lib.c ****       sys_mbox_free(&conn->recvmbox);
 173:./lwip-2.1.2/src/api/api_lib.c ****       memp_free(MEMP_NETCONN, conn);
 174:./lwip-2.1.2/src/api/api_lib.c ****       API_MSG_VAR_FREE(msg);
 175:./lwip-2.1.2/src/api/api_lib.c ****       return NULL;
 176:./lwip-2.1.2/src/api/api_lib.c ****     }
 177:./lwip-2.1.2/src/api/api_lib.c ****   }
 178:./lwip-2.1.2/src/api/api_lib.c ****   API_MSG_VAR_FREE(msg);
 179:./lwip-2.1.2/src/api/api_lib.c ****   return conn;
 180:./lwip-2.1.2/src/api/api_lib.c **** }
 181:./lwip-2.1.2/src/api/api_lib.c **** 
 182:./lwip-2.1.2/src/api/api_lib.c **** /**
 183:./lwip-2.1.2/src/api/api_lib.c ****  * @ingroup netconn_common
 184:./lwip-2.1.2/src/api/api_lib.c ****  * Close a netconn 'connection' and free all its resources but not the netconn itself.
 185:./lwip-2.1.2/src/api/api_lib.c ****  * UDP and RAW connection are completely closed, TCP pcbs might still be in a waitstate
 186:./lwip-2.1.2/src/api/api_lib.c ****  * after this returns.
 187:./lwip-2.1.2/src/api/api_lib.c ****  *
 188:./lwip-2.1.2/src/api/api_lib.c ****  * @param conn the netconn to delete
 189:./lwip-2.1.2/src/api/api_lib.c ****  * @return ERR_OK if the connection was deleted
 190:./lwip-2.1.2/src/api/api_lib.c ****  */
 191:./lwip-2.1.2/src/api/api_lib.c **** err_t
 192:./lwip-2.1.2/src/api/api_lib.c **** netconn_prepare_delete(struct netconn *conn)
 193:./lwip-2.1.2/src/api/api_lib.c **** {
 194:./lwip-2.1.2/src/api/api_lib.c ****   err_t err;
 195:./lwip-2.1.2/src/api/api_lib.c ****   API_MSG_VAR_DECLARE(msg);
 196:./lwip-2.1.2/src/api/api_lib.c **** 
 197:./lwip-2.1.2/src/api/api_lib.c ****   /* No ASSERT here because possible to get a (conn == NULL) if we got an accept error */
 198:./lwip-2.1.2/src/api/api_lib.c ****   if (conn == NULL) {
 199:./lwip-2.1.2/src/api/api_lib.c ****     return ERR_OK;
 200:./lwip-2.1.2/src/api/api_lib.c ****   }
 201:./lwip-2.1.2/src/api/api_lib.c **** 
 202:./lwip-2.1.2/src/api/api_lib.c ****   API_MSG_VAR_ALLOC(msg);
 203:./lwip-2.1.2/src/api/api_lib.c ****   API_MSG_VAR_REF(msg).conn = conn;
 204:./lwip-2.1.2/src/api/api_lib.c **** #if LWIP_SO_SNDTIMEO || LWIP_SO_LINGER
 205:./lwip-2.1.2/src/api/api_lib.c ****   /* get the time we started, which is later compared to
 206:./lwip-2.1.2/src/api/api_lib.c ****      sys_now() + conn->send_timeout */
 207:./lwip-2.1.2/src/api/api_lib.c ****   API_MSG_VAR_REF(msg).msg.sd.time_started = sys_now();
 208:./lwip-2.1.2/src/api/api_lib.c **** #else /* LWIP_SO_SNDTIMEO || LWIP_SO_LINGER */
 209:./lwip-2.1.2/src/api/api_lib.c **** #if LWIP_TCP
 210:./lwip-2.1.2/src/api/api_lib.c ****   API_MSG_VAR_REF(msg).msg.sd.polls_left =
 211:./lwip-2.1.2/src/api/api_lib.c ****     ((LWIP_TCP_CLOSE_TIMEOUT_MS_DEFAULT + TCP_SLOW_INTERVAL - 1) / TCP_SLOW_INTERVAL) + 1;
 212:./lwip-2.1.2/src/api/api_lib.c **** #endif /* LWIP_TCP */
 213:./lwip-2.1.2/src/api/api_lib.c **** #endif /* LWIP_SO_SNDTIMEO || LWIP_SO_LINGER */
 214:./lwip-2.1.2/src/api/api_lib.c ****   err = netconn_apimsg(lwip_netconn_do_delconn, &API_MSG_VAR_REF(msg));
 215:./lwip-2.1.2/src/api/api_lib.c ****   API_MSG_VAR_FREE(msg);
 216:./lwip-2.1.2/src/api/api_lib.c **** 
 217:./lwip-2.1.2/src/api/api_lib.c ****   if (err != ERR_OK) {
 218:./lwip-2.1.2/src/api/api_lib.c ****     return err;
 219:./lwip-2.1.2/src/api/api_lib.c ****   }
 220:./lwip-2.1.2/src/api/api_lib.c ****   return ERR_OK;
 221:./lwip-2.1.2/src/api/api_lib.c **** }
 222:./lwip-2.1.2/src/api/api_lib.c **** 
 223:./lwip-2.1.2/src/api/api_lib.c **** /**
 224:./lwip-2.1.2/src/api/api_lib.c ****  * @ingroup netconn_common
 225:./lwip-2.1.2/src/api/api_lib.c ****  * Close a netconn 'connection' and free its resources.
 226:./lwip-2.1.2/src/api/api_lib.c ****  * UDP and RAW connection are completely closed, TCP pcbs might still be in a waitstate
 227:./lwip-2.1.2/src/api/api_lib.c ****  * after this returns.
 228:./lwip-2.1.2/src/api/api_lib.c ****  *
 229:./lwip-2.1.2/src/api/api_lib.c ****  * @param conn the netconn to delete
 230:./lwip-2.1.2/src/api/api_lib.c ****  * @return ERR_OK if the connection was deleted
 231:./lwip-2.1.2/src/api/api_lib.c ****  */
 232:./lwip-2.1.2/src/api/api_lib.c **** err_t
 233:./lwip-2.1.2/src/api/api_lib.c **** netconn_delete(struct netconn *conn)
 234:./lwip-2.1.2/src/api/api_lib.c **** {
 235:./lwip-2.1.2/src/api/api_lib.c ****   err_t err;
 236:./lwip-2.1.2/src/api/api_lib.c **** 
 237:./lwip-2.1.2/src/api/api_lib.c ****   /* No ASSERT here because possible to get a (conn == NULL) if we got an accept error */
 238:./lwip-2.1.2/src/api/api_lib.c ****   if (conn == NULL) {
 239:./lwip-2.1.2/src/api/api_lib.c ****     return ERR_OK;
 240:./lwip-2.1.2/src/api/api_lib.c ****   }
 241:./lwip-2.1.2/src/api/api_lib.c **** 
 242:./lwip-2.1.2/src/api/api_lib.c **** #if LWIP_NETCONN_FULLDUPLEX
 243:./lwip-2.1.2/src/api/api_lib.c ****   if (conn->flags & NETCONN_FLAG_MBOXINVALID) {
 244:./lwip-2.1.2/src/api/api_lib.c ****     /* Already called netconn_prepare_delete() before */
 245:./lwip-2.1.2/src/api/api_lib.c ****     err = ERR_OK;
 246:./lwip-2.1.2/src/api/api_lib.c ****   } else
 247:./lwip-2.1.2/src/api/api_lib.c **** #endif /* LWIP_NETCONN_FULLDUPLEX */
 248:./lwip-2.1.2/src/api/api_lib.c ****   {
 249:./lwip-2.1.2/src/api/api_lib.c ****     err = netconn_prepare_delete(conn);
 250:./lwip-2.1.2/src/api/api_lib.c ****   }
 251:./lwip-2.1.2/src/api/api_lib.c ****   if (err == ERR_OK) {
 252:./lwip-2.1.2/src/api/api_lib.c ****     netconn_free(conn);
 253:./lwip-2.1.2/src/api/api_lib.c ****   }
 254:./lwip-2.1.2/src/api/api_lib.c ****   return err;
 255:./lwip-2.1.2/src/api/api_lib.c **** }
 256:./lwip-2.1.2/src/api/api_lib.c **** 
 257:./lwip-2.1.2/src/api/api_lib.c **** /**
 258:./lwip-2.1.2/src/api/api_lib.c ****  * Get the local or remote IP address and port of a netconn.
 259:./lwip-2.1.2/src/api/api_lib.c ****  * For RAW netconns, this returns the protocol instead of a port!
 260:./lwip-2.1.2/src/api/api_lib.c ****  *
 261:./lwip-2.1.2/src/api/api_lib.c ****  * @param conn the netconn to query
 262:./lwip-2.1.2/src/api/api_lib.c ****  * @param addr a pointer to which to save the IP address
 263:./lwip-2.1.2/src/api/api_lib.c ****  * @param port a pointer to which to save the port (or protocol for RAW)
 264:./lwip-2.1.2/src/api/api_lib.c ****  * @param local 1 to get the local IP address, 0 to get the remote one
 265:./lwip-2.1.2/src/api/api_lib.c ****  * @return ERR_CONN for invalid connections
 266:./lwip-2.1.2/src/api/api_lib.c ****  *         ERR_OK if the information was retrieved
 267:./lwip-2.1.2/src/api/api_lib.c ****  */
 268:./lwip-2.1.2/src/api/api_lib.c **** err_t
 269:./lwip-2.1.2/src/api/api_lib.c **** netconn_getaddr(struct netconn *conn, ip_addr_t *addr, u16_t *port, u8_t local)
 270:./lwip-2.1.2/src/api/api_lib.c **** {
 271:./lwip-2.1.2/src/api/api_lib.c ****   API_MSG_VAR_DECLARE(msg);
 272:./lwip-2.1.2/src/api/api_lib.c ****   err_t err;
 273:./lwip-2.1.2/src/api/api_lib.c **** 
 274:./lwip-2.1.2/src/api/api_lib.c ****   LWIP_ERROR("netconn_getaddr: invalid conn", (conn != NULL), return ERR_ARG;);
 275:./lwip-2.1.2/src/api/api_lib.c ****   LWIP_ERROR("netconn_getaddr: invalid addr", (addr != NULL), return ERR_ARG;);
 276:./lwip-2.1.2/src/api/api_lib.c ****   LWIP_ERROR("netconn_getaddr: invalid port", (port != NULL), return ERR_ARG;);
 277:./lwip-2.1.2/src/api/api_lib.c **** 
 278:./lwip-2.1.2/src/api/api_lib.c ****   API_MSG_VAR_ALLOC(msg);
 279:./lwip-2.1.2/src/api/api_lib.c ****   API_MSG_VAR_REF(msg).conn = conn;
 280:./lwip-2.1.2/src/api/api_lib.c ****   API_MSG_VAR_REF(msg).msg.ad.local = local;
 281:./lwip-2.1.2/src/api/api_lib.c **** #if LWIP_MPU_COMPATIBLE
 282:./lwip-2.1.2/src/api/api_lib.c ****   err = netconn_apimsg(lwip_netconn_do_getaddr, &API_MSG_VAR_REF(msg));
 283:./lwip-2.1.2/src/api/api_lib.c ****   *addr = msg->msg.ad.ipaddr;
 284:./lwip-2.1.2/src/api/api_lib.c ****   *port = msg->msg.ad.port;
 285:./lwip-2.1.2/src/api/api_lib.c **** #else /* LWIP_MPU_COMPATIBLE */
 286:./lwip-2.1.2/src/api/api_lib.c ****   msg.msg.ad.ipaddr = addr;
 287:./lwip-2.1.2/src/api/api_lib.c ****   msg.msg.ad.port = port;
 288:./lwip-2.1.2/src/api/api_lib.c ****   err = netconn_apimsg(lwip_netconn_do_getaddr, &msg);
 289:./lwip-2.1.2/src/api/api_lib.c **** #endif /* LWIP_MPU_COMPATIBLE */
 290:./lwip-2.1.2/src/api/api_lib.c ****   API_MSG_VAR_FREE(msg);
 291:./lwip-2.1.2/src/api/api_lib.c **** 
 292:./lwip-2.1.2/src/api/api_lib.c ****   return err;
 293:./lwip-2.1.2/src/api/api_lib.c **** }
 294:./lwip-2.1.2/src/api/api_lib.c **** 
 295:./lwip-2.1.2/src/api/api_lib.c **** /**
 296:./lwip-2.1.2/src/api/api_lib.c ****  * @ingroup netconn_common
 297:./lwip-2.1.2/src/api/api_lib.c ****  * Bind a netconn to a specific local IP address and port.
 298:./lwip-2.1.2/src/api/api_lib.c ****  * Binding one netconn twice might not always be checked correctly!
 299:./lwip-2.1.2/src/api/api_lib.c ****  *
 300:./lwip-2.1.2/src/api/api_lib.c ****  * @param conn the netconn to bind
 301:./lwip-2.1.2/src/api/api_lib.c ****  * @param addr the local IP address to bind the netconn to
 302:./lwip-2.1.2/src/api/api_lib.c ****  *             (use IP4_ADDR_ANY/IP6_ADDR_ANY to bind to all addresses)
 303:./lwip-2.1.2/src/api/api_lib.c ****  * @param port the local port to bind the netconn to (not used for RAW)
 304:./lwip-2.1.2/src/api/api_lib.c ****  * @return ERR_OK if bound, any other err_t on failure
 305:./lwip-2.1.2/src/api/api_lib.c ****  */
 306:./lwip-2.1.2/src/api/api_lib.c **** err_t
 307:./lwip-2.1.2/src/api/api_lib.c **** netconn_bind(struct netconn *conn, const ip_addr_t *addr, u16_t port)
 308:./lwip-2.1.2/src/api/api_lib.c **** {
 309:./lwip-2.1.2/src/api/api_lib.c ****   API_MSG_VAR_DECLARE(msg);
 310:./lwip-2.1.2/src/api/api_lib.c ****   err_t err;
 311:./lwip-2.1.2/src/api/api_lib.c **** 
 312:./lwip-2.1.2/src/api/api_lib.c ****   LWIP_ERROR("netconn_bind: invalid conn", (conn != NULL), return ERR_ARG;);
 313:./lwip-2.1.2/src/api/api_lib.c **** 
 314:./lwip-2.1.2/src/api/api_lib.c **** #if LWIP_IPV4
 315:./lwip-2.1.2/src/api/api_lib.c ****   /* Don't propagate NULL pointer (IP_ADDR_ANY alias) to subsequent functions */
 316:./lwip-2.1.2/src/api/api_lib.c ****   if (addr == NULL) {
 317:./lwip-2.1.2/src/api/api_lib.c ****     addr = IP4_ADDR_ANY;
 318:./lwip-2.1.2/src/api/api_lib.c ****   }
 319:./lwip-2.1.2/src/api/api_lib.c **** #endif /* LWIP_IPV4 */
 320:./lwip-2.1.2/src/api/api_lib.c **** 
 321:./lwip-2.1.2/src/api/api_lib.c **** #if LWIP_IPV4 && LWIP_IPV6
 322:./lwip-2.1.2/src/api/api_lib.c ****   /* "Socket API like" dual-stack support: If IP to bind to is IP6_ADDR_ANY,
 323:./lwip-2.1.2/src/api/api_lib.c ****    * and NETCONN_FLAG_IPV6_V6ONLY is 0, use IP_ANY_TYPE to bind
 324:./lwip-2.1.2/src/api/api_lib.c ****    */
 325:./lwip-2.1.2/src/api/api_lib.c ****   if ((netconn_get_ipv6only(conn) == 0) &&
 326:./lwip-2.1.2/src/api/api_lib.c ****       ip_addr_cmp(addr, IP6_ADDR_ANY)) {
 327:./lwip-2.1.2/src/api/api_lib.c ****     addr = IP_ANY_TYPE;
 328:./lwip-2.1.2/src/api/api_lib.c ****   }
 329:./lwip-2.1.2/src/api/api_lib.c **** #endif /* LWIP_IPV4 && LWIP_IPV6 */
 330:./lwip-2.1.2/src/api/api_lib.c **** 
 331:./lwip-2.1.2/src/api/api_lib.c ****   API_MSG_VAR_ALLOC(msg);
 332:./lwip-2.1.2/src/api/api_lib.c ****   API_MSG_VAR_REF(msg).conn = conn;
 333:./lwip-2.1.2/src/api/api_lib.c ****   API_MSG_VAR_REF(msg).msg.bc.ipaddr = API_MSG_VAR_REF(addr);
 334:./lwip-2.1.2/src/api/api_lib.c ****   API_MSG_VAR_REF(msg).msg.bc.port = port;
 335:./lwip-2.1.2/src/api/api_lib.c ****   err = netconn_apimsg(lwip_netconn_do_bind, &API_MSG_VAR_REF(msg));
 336:./lwip-2.1.2/src/api/api_lib.c ****   API_MSG_VAR_FREE(msg);
 337:./lwip-2.1.2/src/api/api_lib.c **** 
 338:./lwip-2.1.2/src/api/api_lib.c ****   return err;
 339:./lwip-2.1.2/src/api/api_lib.c **** }
 340:./lwip-2.1.2/src/api/api_lib.c **** 
 341:./lwip-2.1.2/src/api/api_lib.c **** /**
 342:./lwip-2.1.2/src/api/api_lib.c ****  * @ingroup netconn_common
 343:./lwip-2.1.2/src/api/api_lib.c ****  * Bind a netconn to a specific interface and port.
 344:./lwip-2.1.2/src/api/api_lib.c ****  * Binding one netconn twice might not always be checked correctly!
 345:./lwip-2.1.2/src/api/api_lib.c ****  *
 346:./lwip-2.1.2/src/api/api_lib.c ****  * @param conn the netconn to bind
 347:./lwip-2.1.2/src/api/api_lib.c ****  * @param if_idx the local interface index to bind the netconn to
 348:./lwip-2.1.2/src/api/api_lib.c ****  * @return ERR_OK if bound, any other err_t on failure
 349:./lwip-2.1.2/src/api/api_lib.c ****  */
 350:./lwip-2.1.2/src/api/api_lib.c **** err_t
 351:./lwip-2.1.2/src/api/api_lib.c **** netconn_bind_if(struct netconn *conn, u8_t if_idx)
 352:./lwip-2.1.2/src/api/api_lib.c **** {
 353:./lwip-2.1.2/src/api/api_lib.c ****   API_MSG_VAR_DECLARE(msg);
 354:./lwip-2.1.2/src/api/api_lib.c ****   err_t err;
 355:./lwip-2.1.2/src/api/api_lib.c **** 
 356:./lwip-2.1.2/src/api/api_lib.c ****   LWIP_ERROR("netconn_bind_if: invalid conn", (conn != NULL), return ERR_ARG;);
 357:./lwip-2.1.2/src/api/api_lib.c **** 
 358:./lwip-2.1.2/src/api/api_lib.c ****   API_MSG_VAR_ALLOC(msg);
 359:./lwip-2.1.2/src/api/api_lib.c ****   API_MSG_VAR_REF(msg).conn = conn;
 360:./lwip-2.1.2/src/api/api_lib.c ****   API_MSG_VAR_REF(msg).msg.bc.if_idx = if_idx;
 361:./lwip-2.1.2/src/api/api_lib.c ****   err = netconn_apimsg(lwip_netconn_do_bind_if, &API_MSG_VAR_REF(msg));
 362:./lwip-2.1.2/src/api/api_lib.c ****   API_MSG_VAR_FREE(msg);
 363:./lwip-2.1.2/src/api/api_lib.c **** 
 364:./lwip-2.1.2/src/api/api_lib.c ****   return err;
 365:./lwip-2.1.2/src/api/api_lib.c **** }
 366:./lwip-2.1.2/src/api/api_lib.c **** 
 367:./lwip-2.1.2/src/api/api_lib.c **** /**
 368:./lwip-2.1.2/src/api/api_lib.c ****  * @ingroup netconn_common
 369:./lwip-2.1.2/src/api/api_lib.c ****  * Connect a netconn to a specific remote IP address and port.
 370:./lwip-2.1.2/src/api/api_lib.c ****  *
 371:./lwip-2.1.2/src/api/api_lib.c ****  * @param conn the netconn to connect
 372:./lwip-2.1.2/src/api/api_lib.c ****  * @param addr the remote IP address to connect to
 373:./lwip-2.1.2/src/api/api_lib.c ****  * @param port the remote port to connect to (no used for RAW)
 374:./lwip-2.1.2/src/api/api_lib.c ****  * @return ERR_OK if connected, return value of tcp_/udp_/raw_connect otherwise
 375:./lwip-2.1.2/src/api/api_lib.c ****  */
 376:./lwip-2.1.2/src/api/api_lib.c **** err_t
 377:./lwip-2.1.2/src/api/api_lib.c **** netconn_connect(struct netconn *conn, const ip_addr_t *addr, u16_t port)
 378:./lwip-2.1.2/src/api/api_lib.c **** {
 379:./lwip-2.1.2/src/api/api_lib.c ****   API_MSG_VAR_DECLARE(msg);
 380:./lwip-2.1.2/src/api/api_lib.c ****   err_t err;
 381:./lwip-2.1.2/src/api/api_lib.c **** 
 382:./lwip-2.1.2/src/api/api_lib.c ****   LWIP_ERROR("netconn_connect: invalid conn", (conn != NULL), return ERR_ARG;);
 383:./lwip-2.1.2/src/api/api_lib.c **** 
 384:./lwip-2.1.2/src/api/api_lib.c **** #if LWIP_IPV4
 385:./lwip-2.1.2/src/api/api_lib.c ****   /* Don't propagate NULL pointer (IP_ADDR_ANY alias) to subsequent functions */
 386:./lwip-2.1.2/src/api/api_lib.c ****   if (addr == NULL) {
 387:./lwip-2.1.2/src/api/api_lib.c ****     addr = IP4_ADDR_ANY;
 388:./lwip-2.1.2/src/api/api_lib.c ****   }
 389:./lwip-2.1.2/src/api/api_lib.c **** #endif /* LWIP_IPV4 */
 390:./lwip-2.1.2/src/api/api_lib.c **** 
 391:./lwip-2.1.2/src/api/api_lib.c ****   API_MSG_VAR_ALLOC(msg);
 392:./lwip-2.1.2/src/api/api_lib.c ****   API_MSG_VAR_REF(msg).conn = conn;
 393:./lwip-2.1.2/src/api/api_lib.c ****   API_MSG_VAR_REF(msg).msg.bc.ipaddr = API_MSG_VAR_REF(addr);
 394:./lwip-2.1.2/src/api/api_lib.c ****   API_MSG_VAR_REF(msg).msg.bc.port = port;
 395:./lwip-2.1.2/src/api/api_lib.c ****   err = netconn_apimsg(lwip_netconn_do_connect, &API_MSG_VAR_REF(msg));
 396:./lwip-2.1.2/src/api/api_lib.c ****   API_MSG_VAR_FREE(msg);
 397:./lwip-2.1.2/src/api/api_lib.c **** 
 398:./lwip-2.1.2/src/api/api_lib.c ****   return err;
 399:./lwip-2.1.2/src/api/api_lib.c **** }
 400:./lwip-2.1.2/src/api/api_lib.c **** 
 401:./lwip-2.1.2/src/api/api_lib.c **** /**
 402:./lwip-2.1.2/src/api/api_lib.c ****  * @ingroup netconn_udp
 403:./lwip-2.1.2/src/api/api_lib.c ****  * Disconnect a netconn from its current peer (only valid for UDP netconns).
 404:./lwip-2.1.2/src/api/api_lib.c ****  *
 405:./lwip-2.1.2/src/api/api_lib.c ****  * @param conn the netconn to disconnect
 406:./lwip-2.1.2/src/api/api_lib.c ****  * @return See @ref err_t
 407:./lwip-2.1.2/src/api/api_lib.c ****  */
 408:./lwip-2.1.2/src/api/api_lib.c **** err_t
 409:./lwip-2.1.2/src/api/api_lib.c **** netconn_disconnect(struct netconn *conn)
 410:./lwip-2.1.2/src/api/api_lib.c **** {
 411:./lwip-2.1.2/src/api/api_lib.c ****   API_MSG_VAR_DECLARE(msg);
 412:./lwip-2.1.2/src/api/api_lib.c ****   err_t err;
 413:./lwip-2.1.2/src/api/api_lib.c **** 
 414:./lwip-2.1.2/src/api/api_lib.c ****   LWIP_ERROR("netconn_disconnect: invalid conn", (conn != NULL), return ERR_ARG;);
 415:./lwip-2.1.2/src/api/api_lib.c **** 
 416:./lwip-2.1.2/src/api/api_lib.c ****   API_MSG_VAR_ALLOC(msg);
 417:./lwip-2.1.2/src/api/api_lib.c ****   API_MSG_VAR_REF(msg).conn = conn;
 418:./lwip-2.1.2/src/api/api_lib.c ****   err = netconn_apimsg(lwip_netconn_do_disconnect, &API_MSG_VAR_REF(msg));
 419:./lwip-2.1.2/src/api/api_lib.c ****   API_MSG_VAR_FREE(msg);
 420:./lwip-2.1.2/src/api/api_lib.c **** 
 421:./lwip-2.1.2/src/api/api_lib.c ****   return err;
 422:./lwip-2.1.2/src/api/api_lib.c **** }
 423:./lwip-2.1.2/src/api/api_lib.c **** 
 424:./lwip-2.1.2/src/api/api_lib.c **** /**
 425:./lwip-2.1.2/src/api/api_lib.c ****  * @ingroup netconn_tcp
 426:./lwip-2.1.2/src/api/api_lib.c ****  * Set a TCP netconn into listen mode
 427:./lwip-2.1.2/src/api/api_lib.c ****  *
 428:./lwip-2.1.2/src/api/api_lib.c ****  * @param conn the tcp netconn to set to listen mode
 429:./lwip-2.1.2/src/api/api_lib.c ****  * @param backlog the listen backlog, only used if TCP_LISTEN_BACKLOG==1
 430:./lwip-2.1.2/src/api/api_lib.c ****  * @return ERR_OK if the netconn was set to listen (UDP and RAW netconns
 431:./lwip-2.1.2/src/api/api_lib.c ****  *         don't return any error (yet?))
 432:./lwip-2.1.2/src/api/api_lib.c ****  */
 433:./lwip-2.1.2/src/api/api_lib.c **** err_t
 434:./lwip-2.1.2/src/api/api_lib.c **** netconn_listen_with_backlog(struct netconn *conn, u8_t backlog)
 435:./lwip-2.1.2/src/api/api_lib.c **** {
 436:./lwip-2.1.2/src/api/api_lib.c **** #if LWIP_TCP
 437:./lwip-2.1.2/src/api/api_lib.c ****   API_MSG_VAR_DECLARE(msg);
 438:./lwip-2.1.2/src/api/api_lib.c ****   err_t err;
 439:./lwip-2.1.2/src/api/api_lib.c **** 
 440:./lwip-2.1.2/src/api/api_lib.c ****   /* This does no harm. If TCP_LISTEN_BACKLOG is off, backlog is unused. */
 441:./lwip-2.1.2/src/api/api_lib.c ****   LWIP_UNUSED_ARG(backlog);
 442:./lwip-2.1.2/src/api/api_lib.c **** 
 443:./lwip-2.1.2/src/api/api_lib.c ****   LWIP_ERROR("netconn_listen: invalid conn", (conn != NULL), return ERR_ARG;);
 444:./lwip-2.1.2/src/api/api_lib.c **** 
 445:./lwip-2.1.2/src/api/api_lib.c ****   API_MSG_VAR_ALLOC(msg);
 446:./lwip-2.1.2/src/api/api_lib.c ****   API_MSG_VAR_REF(msg).conn = conn;
 447:./lwip-2.1.2/src/api/api_lib.c **** #if TCP_LISTEN_BACKLOG
 448:./lwip-2.1.2/src/api/api_lib.c ****   API_MSG_VAR_REF(msg).msg.lb.backlog = backlog;
 449:./lwip-2.1.2/src/api/api_lib.c **** #endif /* TCP_LISTEN_BACKLOG */
 450:./lwip-2.1.2/src/api/api_lib.c ****   err = netconn_apimsg(lwip_netconn_do_listen, &API_MSG_VAR_REF(msg));
 451:./lwip-2.1.2/src/api/api_lib.c ****   API_MSG_VAR_FREE(msg);
 452:./lwip-2.1.2/src/api/api_lib.c **** 
 453:./lwip-2.1.2/src/api/api_lib.c ****   return err;
 454:./lwip-2.1.2/src/api/api_lib.c **** #else /* LWIP_TCP */
 455:./lwip-2.1.2/src/api/api_lib.c ****   LWIP_UNUSED_ARG(conn);
 456:./lwip-2.1.2/src/api/api_lib.c ****   LWIP_UNUSED_ARG(backlog);
 457:./lwip-2.1.2/src/api/api_lib.c ****   return ERR_ARG;
 458:./lwip-2.1.2/src/api/api_lib.c **** #endif /* LWIP_TCP */
 459:./lwip-2.1.2/src/api/api_lib.c **** }
 460:./lwip-2.1.2/src/api/api_lib.c **** 
 461:./lwip-2.1.2/src/api/api_lib.c **** /**
 462:./lwip-2.1.2/src/api/api_lib.c ****  * @ingroup netconn_tcp
 463:./lwip-2.1.2/src/api/api_lib.c ****  * Accept a new connection on a TCP listening netconn.
 464:./lwip-2.1.2/src/api/api_lib.c ****  *
 465:./lwip-2.1.2/src/api/api_lib.c ****  * @param conn the TCP listen netconn
 466:./lwip-2.1.2/src/api/api_lib.c ****  * @param new_conn pointer where the new connection is stored
 467:./lwip-2.1.2/src/api/api_lib.c ****  * @return ERR_OK if a new connection has been received or an error
 468:./lwip-2.1.2/src/api/api_lib.c ****  *                code otherwise
 469:./lwip-2.1.2/src/api/api_lib.c ****  */
 470:./lwip-2.1.2/src/api/api_lib.c **** err_t
 471:./lwip-2.1.2/src/api/api_lib.c **** netconn_accept(struct netconn *conn, struct netconn **new_conn)
 472:./lwip-2.1.2/src/api/api_lib.c **** {
 473:./lwip-2.1.2/src/api/api_lib.c **** #if LWIP_TCP
 474:./lwip-2.1.2/src/api/api_lib.c ****   err_t err;
 475:./lwip-2.1.2/src/api/api_lib.c ****   void *accept_ptr;
 476:./lwip-2.1.2/src/api/api_lib.c ****   struct netconn *newconn;
 477:./lwip-2.1.2/src/api/api_lib.c **** #if TCP_LISTEN_BACKLOG
 478:./lwip-2.1.2/src/api/api_lib.c ****   API_MSG_VAR_DECLARE(msg);
 479:./lwip-2.1.2/src/api/api_lib.c **** #endif /* TCP_LISTEN_BACKLOG */
 480:./lwip-2.1.2/src/api/api_lib.c **** 
 481:./lwip-2.1.2/src/api/api_lib.c ****   LWIP_ERROR("netconn_accept: invalid pointer",    (new_conn != NULL),                  return ERR_
 482:./lwip-2.1.2/src/api/api_lib.c ****   *new_conn = NULL;
 483:./lwip-2.1.2/src/api/api_lib.c ****   LWIP_ERROR("netconn_accept: invalid conn",       (conn != NULL),                      return ERR_
 484:./lwip-2.1.2/src/api/api_lib.c **** 
 485:./lwip-2.1.2/src/api/api_lib.c ****   /* NOTE: Although the opengroup spec says a pending error shall be returned to
 486:./lwip-2.1.2/src/api/api_lib.c ****            send/recv/getsockopt(SO_ERROR) only, we return it for listening
 487:./lwip-2.1.2/src/api/api_lib.c ****            connections also, to handle embedded-system errors */
 488:./lwip-2.1.2/src/api/api_lib.c ****   err = netconn_err(conn);
 489:./lwip-2.1.2/src/api/api_lib.c ****   if (err != ERR_OK) {
 490:./lwip-2.1.2/src/api/api_lib.c ****     /* return pending error */
 491:./lwip-2.1.2/src/api/api_lib.c ****     return err;
 492:./lwip-2.1.2/src/api/api_lib.c ****   }
 493:./lwip-2.1.2/src/api/api_lib.c ****   if (!NETCONN_ACCEPTMBOX_WAITABLE(conn)) {
 494:./lwip-2.1.2/src/api/api_lib.c ****     /* don't accept if closed: this might block the application task
 495:./lwip-2.1.2/src/api/api_lib.c ****        waiting on acceptmbox forever! */
 496:./lwip-2.1.2/src/api/api_lib.c ****     return ERR_CLSD;
 497:./lwip-2.1.2/src/api/api_lib.c ****   }
 498:./lwip-2.1.2/src/api/api_lib.c **** 
 499:./lwip-2.1.2/src/api/api_lib.c ****   API_MSG_VAR_ALLOC_ACCEPT(msg);
 500:./lwip-2.1.2/src/api/api_lib.c **** 
 501:./lwip-2.1.2/src/api/api_lib.c ****   NETCONN_MBOX_WAITING_INC(conn);
 502:./lwip-2.1.2/src/api/api_lib.c ****   if (netconn_is_nonblocking(conn)) {
 503:./lwip-2.1.2/src/api/api_lib.c ****     if (sys_arch_mbox_tryfetch(&conn->acceptmbox, &accept_ptr) == SYS_ARCH_TIMEOUT) {
 504:./lwip-2.1.2/src/api/api_lib.c ****       API_MSG_VAR_FREE_ACCEPT(msg);
 505:./lwip-2.1.2/src/api/api_lib.c ****       NETCONN_MBOX_WAITING_DEC(conn);
 506:./lwip-2.1.2/src/api/api_lib.c ****       return ERR_WOULDBLOCK;
 507:./lwip-2.1.2/src/api/api_lib.c ****     }
 508:./lwip-2.1.2/src/api/api_lib.c ****   } else {
 509:./lwip-2.1.2/src/api/api_lib.c **** #if LWIP_SO_RCVTIMEO
 510:./lwip-2.1.2/src/api/api_lib.c ****     if (sys_arch_mbox_fetch(&conn->acceptmbox, &accept_ptr, conn->recv_timeout) == SYS_ARCH_TIMEOUT
 511:./lwip-2.1.2/src/api/api_lib.c ****       API_MSG_VAR_FREE_ACCEPT(msg);
 512:./lwip-2.1.2/src/api/api_lib.c ****       NETCONN_MBOX_WAITING_DEC(conn);
 513:./lwip-2.1.2/src/api/api_lib.c ****       return ERR_TIMEOUT;
 514:./lwip-2.1.2/src/api/api_lib.c ****     }
 515:./lwip-2.1.2/src/api/api_lib.c **** #else
 516:./lwip-2.1.2/src/api/api_lib.c ****     sys_arch_mbox_fetch(&conn->acceptmbox, &accept_ptr, 0);
 517:./lwip-2.1.2/src/api/api_lib.c **** #endif /* LWIP_SO_RCVTIMEO*/
 518:./lwip-2.1.2/src/api/api_lib.c ****   }
 519:./lwip-2.1.2/src/api/api_lib.c ****   NETCONN_MBOX_WAITING_DEC(conn);
 520:./lwip-2.1.2/src/api/api_lib.c **** #if LWIP_NETCONN_FULLDUPLEX
 521:./lwip-2.1.2/src/api/api_lib.c ****   if (conn->flags & NETCONN_FLAG_MBOXINVALID) {
 522:./lwip-2.1.2/src/api/api_lib.c ****     if (lwip_netconn_is_deallocated_msg(accept_ptr)) {
 523:./lwip-2.1.2/src/api/api_lib.c ****       /* the netconn has been closed from another thread */
 524:./lwip-2.1.2/src/api/api_lib.c ****       API_MSG_VAR_FREE_ACCEPT(msg);
 525:./lwip-2.1.2/src/api/api_lib.c ****       return ERR_CONN;
 526:./lwip-2.1.2/src/api/api_lib.c ****     }
 527:./lwip-2.1.2/src/api/api_lib.c ****   }
 528:./lwip-2.1.2/src/api/api_lib.c **** #endif
 529:./lwip-2.1.2/src/api/api_lib.c **** 
 530:./lwip-2.1.2/src/api/api_lib.c ****   /* Register event with callback */
 531:./lwip-2.1.2/src/api/api_lib.c ****   API_EVENT(conn, NETCONN_EVT_RCVMINUS, 0);
 532:./lwip-2.1.2/src/api/api_lib.c **** 
 533:./lwip-2.1.2/src/api/api_lib.c ****   if (lwip_netconn_is_err_msg(accept_ptr, &err)) {
 534:./lwip-2.1.2/src/api/api_lib.c ****     /* a connection has been aborted: e.g. out of pcbs or out of netconns during accept */
 535:./lwip-2.1.2/src/api/api_lib.c ****     API_MSG_VAR_FREE_ACCEPT(msg);
 536:./lwip-2.1.2/src/api/api_lib.c ****     return err;
 537:./lwip-2.1.2/src/api/api_lib.c ****   }
 538:./lwip-2.1.2/src/api/api_lib.c ****   if (accept_ptr == NULL) {
 539:./lwip-2.1.2/src/api/api_lib.c ****     /* connection has been aborted */
 540:./lwip-2.1.2/src/api/api_lib.c ****     API_MSG_VAR_FREE_ACCEPT(msg);
 541:./lwip-2.1.2/src/api/api_lib.c ****     return ERR_CLSD;
 542:./lwip-2.1.2/src/api/api_lib.c ****   }
 543:./lwip-2.1.2/src/api/api_lib.c ****   newconn = (struct netconn *)accept_ptr;
 544:./lwip-2.1.2/src/api/api_lib.c **** #if TCP_LISTEN_BACKLOG
 545:./lwip-2.1.2/src/api/api_lib.c ****   /* Let the stack know that we have accepted the connection. */
 546:./lwip-2.1.2/src/api/api_lib.c ****   API_MSG_VAR_REF(msg).conn = newconn;
 547:./lwip-2.1.2/src/api/api_lib.c ****   /* don't care for the return value of lwip_netconn_do_recv */
 548:./lwip-2.1.2/src/api/api_lib.c ****   netconn_apimsg(lwip_netconn_do_accepted, &API_MSG_VAR_REF(msg));
 549:./lwip-2.1.2/src/api/api_lib.c ****   API_MSG_VAR_FREE(msg);
 550:./lwip-2.1.2/src/api/api_lib.c **** #endif /* TCP_LISTEN_BACKLOG */
 551:./lwip-2.1.2/src/api/api_lib.c **** 
 552:./lwip-2.1.2/src/api/api_lib.c ****   *new_conn = newconn;
 553:./lwip-2.1.2/src/api/api_lib.c ****   /* don't set conn->last_err: it's only ERR_OK, anyway */
 554:./lwip-2.1.2/src/api/api_lib.c ****   return ERR_OK;
 555:./lwip-2.1.2/src/api/api_lib.c **** #else /* LWIP_TCP */
 556:./lwip-2.1.2/src/api/api_lib.c ****   LWIP_UNUSED_ARG(conn);
 557:./lwip-2.1.2/src/api/api_lib.c ****   LWIP_UNUSED_ARG(new_conn);
 558:./lwip-2.1.2/src/api/api_lib.c ****   return ERR_ARG;
 559:./lwip-2.1.2/src/api/api_lib.c **** #endif /* LWIP_TCP */
 560:./lwip-2.1.2/src/api/api_lib.c **** }
 561:./lwip-2.1.2/src/api/api_lib.c **** 
 562:./lwip-2.1.2/src/api/api_lib.c **** /**
 563:./lwip-2.1.2/src/api/api_lib.c ****  * @ingroup netconn_common
 564:./lwip-2.1.2/src/api/api_lib.c ****  * Receive data: actual implementation that doesn't care whether pbuf or netbuf
 565:./lwip-2.1.2/src/api/api_lib.c ****  * is received (this is internal, it's just here for describing common errors)
 566:./lwip-2.1.2/src/api/api_lib.c ****  *
 567:./lwip-2.1.2/src/api/api_lib.c ****  * @param conn the netconn from which to receive data
 568:./lwip-2.1.2/src/api/api_lib.c ****  * @param new_buf pointer where a new pbuf/netbuf is stored when received data
 569:./lwip-2.1.2/src/api/api_lib.c ****  * @param apiflags flags that control function behaviour. For now only:
 570:./lwip-2.1.2/src/api/api_lib.c ****  * - NETCONN_DONTBLOCK: only read data that is available now, don't wait for more data
 571:./lwip-2.1.2/src/api/api_lib.c ****  * @return ERR_OK if data has been received, an error code otherwise (timeout,
 572:./lwip-2.1.2/src/api/api_lib.c ****  *                memory error or another error)
 573:./lwip-2.1.2/src/api/api_lib.c ****  *         ERR_CONN if not connected
 574:./lwip-2.1.2/src/api/api_lib.c ****  *         ERR_CLSD if TCP connection has been closed
 575:./lwip-2.1.2/src/api/api_lib.c ****  *         ERR_WOULDBLOCK if the netconn is nonblocking but would block to wait for data
 576:./lwip-2.1.2/src/api/api_lib.c ****  *         ERR_TIMEOUT if the netconn has a receive timeout and no data was received
 577:./lwip-2.1.2/src/api/api_lib.c ****  */
 578:./lwip-2.1.2/src/api/api_lib.c **** static err_t
 579:./lwip-2.1.2/src/api/api_lib.c **** netconn_recv_data(struct netconn *conn, void **new_buf, u8_t apiflags)
 580:./lwip-2.1.2/src/api/api_lib.c **** {
  28              		.loc 1 580 1 view -0
  29              		.cfi_startproc
  30              		@ args = 0, pretend = 0, frame = 8
  31              		@ frame_needed = 0, uses_anonymous_args = 0
 581:./lwip-2.1.2/src/api/api_lib.c ****   void *buf = NULL;
  32              		.loc 1 581 3 view .LVU1
 580:./lwip-2.1.2/src/api/api_lib.c ****   void *buf = NULL;
  33              		.loc 1 580 1 is_stmt 0 view .LVU2
  34 0000 70B5     		push	{r4, r5, r6, lr}
  35              	.LCFI0:
  36              		.cfi_def_cfa_offset 16
  37              		.cfi_offset 4, -16
  38              		.cfi_offset 5, -12
  39              		.cfi_offset 6, -8
  40              		.cfi_offset 14, -4
  41              		.loc 1 581 9 view .LVU3
  42 0002 0023     		movs	r3, #0
 580:./lwip-2.1.2/src/api/api_lib.c ****   void *buf = NULL;
  43              		.loc 1 580 1 view .LVU4
  44 0004 82B0     		sub	sp, sp, #8
  45              	.LCFI1:
  46              		.cfi_def_cfa_offset 24
  47              		.loc 1 581 9 view .LVU5
  48 0006 0193     		str	r3, [sp, #4]
 582:./lwip-2.1.2/src/api/api_lib.c ****   u16_t len;
  49              		.loc 1 582 3 is_stmt 1 view .LVU6
 583:./lwip-2.1.2/src/api/api_lib.c **** 
 584:./lwip-2.1.2/src/api/api_lib.c ****   LWIP_ERROR("netconn_recv: invalid pointer", (new_buf != NULL), return ERR_ARG;);
  50              		.loc 1 584 3 view .LVU7
  51              		.loc 1 584 3 view .LVU8
  52 0008 0029     		cmp	r1, #0
  53 000a 62D0     		beq	.L4
  54              		.loc 1 584 3 discriminator 2 view .LVU9
  55              		.loc 1 584 3 discriminator 2 view .LVU10
 585:./lwip-2.1.2/src/api/api_lib.c ****   *new_buf = NULL;
  56              		.loc 1 585 3 discriminator 2 view .LVU11
  57 000c 0446     		mov	r4, r0
  58 000e 0D46     		mov	r5, r1
  59              		.loc 1 585 12 is_stmt 0 discriminator 2 view .LVU12
  60 0010 0B60     		str	r3, [r1]
 586:./lwip-2.1.2/src/api/api_lib.c ****   LWIP_ERROR("netconn_recv: invalid conn",    (conn != NULL),    return ERR_ARG;);
  61              		.loc 1 586 3 is_stmt 1 discriminator 2 view .LVU13
  62              		.loc 1 586 3 discriminator 2 view .LVU14
  63 0012 0028     		cmp	r0, #0
  64 0014 5DD0     		beq	.L4
  65              		.loc 1 586 3 discriminator 2 view .LVU15
  66              		.loc 1 586 3 discriminator 2 view .LVU16
 587:./lwip-2.1.2/src/api/api_lib.c **** 
 588:./lwip-2.1.2/src/api/api_lib.c ****   if (!NETCONN_RECVMBOX_WAITABLE(conn)) {
  67              		.loc 1 588 3 discriminator 2 view .LVU17
  68              		.loc 1 588 7 is_stmt 0 discriminator 2 view .LVU18
  69 0016 0369     		ldr	r3, [r0, #16]
  70              		.loc 1 588 8 discriminator 2 view .LVU19
  71 0018 1030     		adds	r0, r0, #16
  72              	.LVL1:
  73              		.loc 1 588 7 discriminator 2 view .LVU20
  74 001a 23B3     		cbz	r3, .L26
 589:./lwip-2.1.2/src/api/api_lib.c ****     err_t err = netconn_err(conn);
 590:./lwip-2.1.2/src/api/api_lib.c ****     if (err != ERR_OK) {
 591:./lwip-2.1.2/src/api/api_lib.c ****       /* return pending error */
 592:./lwip-2.1.2/src/api/api_lib.c ****       return err;
 593:./lwip-2.1.2/src/api/api_lib.c ****     }
 594:./lwip-2.1.2/src/api/api_lib.c ****     return ERR_CONN;
 595:./lwip-2.1.2/src/api/api_lib.c ****   }
 596:./lwip-2.1.2/src/api/api_lib.c **** 
 597:./lwip-2.1.2/src/api/api_lib.c ****   NETCONN_MBOX_WAITING_INC(conn);
  75              		.loc 1 597 33 is_stmt 1 view .LVU21
 598:./lwip-2.1.2/src/api/api_lib.c ****   if (netconn_is_nonblocking(conn) || (apiflags & NETCONN_DONTBLOCK) ||
  76              		.loc 1 598 3 view .LVU22
  77              		.loc 1 598 70 is_stmt 0 view .LVU23
  78 001c 237F     		ldrb	r3, [r4, #28]	@ zero_extendqisi2
  79 001e 02F00402 		and	r2, r2, #4
  80              	.LVL2:
 599:./lwip-2.1.2/src/api/api_lib.c ****       (conn->flags & NETCONN_FLAG_MBOXCLOSED) || (conn->pending_err != ERR_OK)) {
 600:./lwip-2.1.2/src/api/api_lib.c ****     if (sys_arch_mbox_tryfetch(&conn->recvmbox, &buf) == SYS_ARCH_TIMEOUT) {
  81              		.loc 1 600 9 view .LVU24
  82 0022 01A9     		add	r1, sp, #4
  83              	.LVL3:
 598:./lwip-2.1.2/src/api/api_lib.c ****   if (netconn_is_nonblocking(conn) || (apiflags & NETCONN_DONTBLOCK) ||
  84              		.loc 1 598 70 view .LVU25
  85 0024 03F00303 		and	r3, r3, #3
  86 0028 1343     		orrs	r3, r3, r2
  87 002a 15D0     		beq	.L27
  88              	.L7:
  89              		.loc 1 600 5 is_stmt 1 view .LVU26
  90              		.loc 1 600 9 is_stmt 0 view .LVU27
  91 002c FFF7FEFF 		bl	sys_arch_mbox_tryfetch
  92              	.LVL4:
  93              		.loc 1 600 8 view .LVU28
  94 0030 0130     		adds	r0, r0, #1
  95 0032 36D0     		beq	.L28
  96              	.L9:
 601:./lwip-2.1.2/src/api/api_lib.c ****       err_t err;
 602:./lwip-2.1.2/src/api/api_lib.c ****       NETCONN_MBOX_WAITING_DEC(conn);
 603:./lwip-2.1.2/src/api/api_lib.c ****       err = netconn_err(conn);
 604:./lwip-2.1.2/src/api/api_lib.c ****       if (err != ERR_OK) {
 605:./lwip-2.1.2/src/api/api_lib.c ****         /* return pending error */
 606:./lwip-2.1.2/src/api/api_lib.c ****         return err;
 607:./lwip-2.1.2/src/api/api_lib.c ****       }
 608:./lwip-2.1.2/src/api/api_lib.c ****       if (conn->flags & NETCONN_FLAG_MBOXCLOSED) {
 609:./lwip-2.1.2/src/api/api_lib.c ****         return ERR_CONN;
 610:./lwip-2.1.2/src/api/api_lib.c ****       }
 611:./lwip-2.1.2/src/api/api_lib.c ****       return ERR_WOULDBLOCK;
 612:./lwip-2.1.2/src/api/api_lib.c ****     }
 613:./lwip-2.1.2/src/api/api_lib.c ****   } else {
 614:./lwip-2.1.2/src/api/api_lib.c **** #if LWIP_SO_RCVTIMEO
 615:./lwip-2.1.2/src/api/api_lib.c ****     if (sys_arch_mbox_fetch(&conn->recvmbox, &buf, conn->recv_timeout) == SYS_ARCH_TIMEOUT) {
 616:./lwip-2.1.2/src/api/api_lib.c ****       NETCONN_MBOX_WAITING_DEC(conn);
 617:./lwip-2.1.2/src/api/api_lib.c ****       return ERR_TIMEOUT;
 618:./lwip-2.1.2/src/api/api_lib.c ****     }
 619:./lwip-2.1.2/src/api/api_lib.c **** #else
 620:./lwip-2.1.2/src/api/api_lib.c ****     sys_arch_mbox_fetch(&conn->recvmbox, &buf, 0);
 621:./lwip-2.1.2/src/api/api_lib.c **** #endif /* LWIP_SO_RCVTIMEO*/
 622:./lwip-2.1.2/src/api/api_lib.c ****   }
 623:./lwip-2.1.2/src/api/api_lib.c ****   NETCONN_MBOX_WAITING_DEC(conn);
  97              		.loc 1 623 33 is_stmt 1 view .LVU29
 624:./lwip-2.1.2/src/api/api_lib.c **** #if LWIP_NETCONN_FULLDUPLEX
 625:./lwip-2.1.2/src/api/api_lib.c ****   if (conn->flags & NETCONN_FLAG_MBOXINVALID) {
 626:./lwip-2.1.2/src/api/api_lib.c ****     if (lwip_netconn_is_deallocated_msg(buf)) {
 627:./lwip-2.1.2/src/api/api_lib.c ****       /* the netconn has been closed from another thread */
 628:./lwip-2.1.2/src/api/api_lib.c ****       API_MSG_VAR_FREE_ACCEPT(msg);
 629:./lwip-2.1.2/src/api/api_lib.c ****       return ERR_CONN;
 630:./lwip-2.1.2/src/api/api_lib.c ****     }
 631:./lwip-2.1.2/src/api/api_lib.c ****   }
 632:./lwip-2.1.2/src/api/api_lib.c **** #endif
 633:./lwip-2.1.2/src/api/api_lib.c **** 
 634:./lwip-2.1.2/src/api/api_lib.c **** #if LWIP_TCP
 635:./lwip-2.1.2/src/api/api_lib.c **** #if (LWIP_UDP || LWIP_RAW)
 636:./lwip-2.1.2/src/api/api_lib.c ****   if (NETCONNTYPE_GROUP(conn->type) == NETCONN_TCP)
  98              		.loc 1 636 3 view .LVU30
  99              		.loc 1 636 6 is_stmt 0 view .LVU31
 100 0034 2378     		ldrb	r3, [r4]	@ zero_extendqisi2
 101 0036 03F0F003 		and	r3, r3, #240
 102 003a 102B     		cmp	r3, #16
 103 003c 24D0     		beq	.L29
 637:./lwip-2.1.2/src/api/api_lib.c **** #endif /* (LWIP_UDP || LWIP_RAW) */
 638:./lwip-2.1.2/src/api/api_lib.c ****   {
 639:./lwip-2.1.2/src/api/api_lib.c ****     err_t err;
 640:./lwip-2.1.2/src/api/api_lib.c ****     /* Check if this is an error message or a pbuf */
 641:./lwip-2.1.2/src/api/api_lib.c ****     if (lwip_netconn_is_err_msg(buf, &err)) {
 642:./lwip-2.1.2/src/api/api_lib.c ****       /* new_buf has been zeroed above already */
 643:./lwip-2.1.2/src/api/api_lib.c ****       if (err == ERR_CLSD) {
 644:./lwip-2.1.2/src/api/api_lib.c ****         /* connection closed translates to ERR_OK with *new_buf == NULL */
 645:./lwip-2.1.2/src/api/api_lib.c ****         return ERR_OK;
 646:./lwip-2.1.2/src/api/api_lib.c ****       }
 647:./lwip-2.1.2/src/api/api_lib.c ****       return err;
 648:./lwip-2.1.2/src/api/api_lib.c ****     }
 649:./lwip-2.1.2/src/api/api_lib.c ****     len = ((struct pbuf *)buf)->tot_len;
 650:./lwip-2.1.2/src/api/api_lib.c ****   }
 651:./lwip-2.1.2/src/api/api_lib.c **** #endif /* LWIP_TCP */
 652:./lwip-2.1.2/src/api/api_lib.c **** #if LWIP_TCP && (LWIP_UDP || LWIP_RAW)
 653:./lwip-2.1.2/src/api/api_lib.c ****   else
 654:./lwip-2.1.2/src/api/api_lib.c **** #endif /* LWIP_TCP && (LWIP_UDP || LWIP_RAW) */
 655:./lwip-2.1.2/src/api/api_lib.c **** #if (LWIP_UDP || LWIP_RAW)
 656:./lwip-2.1.2/src/api/api_lib.c ****   {
 657:./lwip-2.1.2/src/api/api_lib.c ****     LWIP_ASSERT("buf != NULL", buf != NULL);
 104              		.loc 1 657 44 is_stmt 1 view .LVU32
 658:./lwip-2.1.2/src/api/api_lib.c ****     len = netbuf_len((struct netbuf *)buf);
 105              		.loc 1 658 5 view .LVU33
 106              		.loc 1 658 11 is_stmt 0 view .LVU34
 107 003e 019B     		ldr	r3, [sp, #4]
 108              		.loc 1 658 9 view .LVU35
 109 0040 1A68     		ldr	r2, [r3]
 110 0042 1289     		ldrh	r2, [r2, #8]
 111              	.LVL5:
 112              	.L15:
 659:./lwip-2.1.2/src/api/api_lib.c ****   }
 660:./lwip-2.1.2/src/api/api_lib.c **** #endif /* (LWIP_UDP || LWIP_RAW) */
 661:./lwip-2.1.2/src/api/api_lib.c **** 
 662:./lwip-2.1.2/src/api/api_lib.c **** #if LWIP_SO_RCVBUF
 663:./lwip-2.1.2/src/api/api_lib.c ****   SYS_ARCH_DEC(conn->recv_avail, len);
 664:./lwip-2.1.2/src/api/api_lib.c **** #endif /* LWIP_SO_RCVBUF */
 665:./lwip-2.1.2/src/api/api_lib.c ****   /* Register event with callback */
 666:./lwip-2.1.2/src/api/api_lib.c ****   API_EVENT(conn, NETCONN_EVT_RCVMINUS, len);
 113              		.loc 1 666 3 is_stmt 1 view .LVU36
 114 0044 666A     		ldr	r6, [r4, #36]
 115 0046 1EB1     		cbz	r6, .L16
 116              		.loc 1 666 3 discriminator 1 view .LVU37
 117 0048 0121     		movs	r1, #1
 118 004a 2046     		mov	r0, r4
 119 004c B047     		blx	r6
 120              	.LVL6:
 121              		.loc 1 666 3 is_stmt 0 discriminator 1 view .LVU38
 122 004e 019B     		ldr	r3, [sp, #4]
 123              	.L16:
 124              		.loc 1 666 45 is_stmt 1 discriminator 3 view .LVU39
 667:./lwip-2.1.2/src/api/api_lib.c **** 
 668:./lwip-2.1.2/src/api/api_lib.c ****   LWIP_DEBUGF(API_LIB_DEBUG, ("netconn_recv_data: received %p, len=%"U16_F"\n", buf, len));
 125              		.loc 1 668 91 discriminator 3 view .LVU40
 669:./lwip-2.1.2/src/api/api_lib.c **** 
 670:./lwip-2.1.2/src/api/api_lib.c ****   *new_buf = buf;
 126              		.loc 1 670 3 discriminator 3 view .LVU41
 671:./lwip-2.1.2/src/api/api_lib.c ****   /* don't set conn->last_err: it's only ERR_OK, anyway */
 672:./lwip-2.1.2/src/api/api_lib.c ****   return ERR_OK;
 127              		.loc 1 672 10 is_stmt 0 discriminator 3 view .LVU42
 128 0050 0020     		movs	r0, #0
 670:./lwip-2.1.2/src/api/api_lib.c ****   /* don't set conn->last_err: it's only ERR_OK, anyway */
 129              		.loc 1 670 12 discriminator 3 view .LVU43
 130 0052 2B60     		str	r3, [r5]
 131              		.loc 1 672 3 is_stmt 1 discriminator 3 view .LVU44
 132              	.LVL7:
 133              	.L3:
 673:./lwip-2.1.2/src/api/api_lib.c **** }
 134              		.loc 1 673 1 is_stmt 0 view .LVU45
 135 0054 02B0     		add	sp, sp, #8
 136              	.LCFI2:
 137              		.cfi_remember_state
 138              		.cfi_def_cfa_offset 16
 139              		@ sp needed
 140 0056 70BD     		pop	{r4, r5, r6, pc}
 141              	.LVL8:
 142              	.L27:
 143              	.LCFI3:
 144              		.cfi_restore_state
 599:./lwip-2.1.2/src/api/api_lib.c ****     if (sys_arch_mbox_tryfetch(&conn->recvmbox, &buf) == SYS_ARCH_TIMEOUT) {
 145              		.loc 1 599 47 view .LVU46
 146 0058 94F90820 		ldrsb	r2, [r4, #8]
 147 005c 002A     		cmp	r2, #0
 148 005e E5D1     		bne	.L7
 620:./lwip-2.1.2/src/api/api_lib.c **** #endif /* LWIP_SO_RCVTIMEO*/
 149              		.loc 1 620 5 is_stmt 1 view .LVU47
 150 0060 FFF7FEFF 		bl	sys_arch_mbox_fetch
 151              	.LVL9:
 152 0064 E6E7     		b	.L9
 153              	.LVL10:
 154              	.L26:
 155              	.LBB41:
 589:./lwip-2.1.2/src/api/api_lib.c ****     if (err != ERR_OK) {
 156              		.loc 1 589 5 view .LVU48
 157              	.LBB42:
 158              	.LBI42:
 674:./lwip-2.1.2/src/api/api_lib.c **** 
 675:./lwip-2.1.2/src/api/api_lib.c **** #if LWIP_TCP
 676:./lwip-2.1.2/src/api/api_lib.c **** static err_t
 677:./lwip-2.1.2/src/api/api_lib.c **** netconn_tcp_recvd_msg(struct netconn *conn, size_t len, struct api_msg *msg)
 678:./lwip-2.1.2/src/api/api_lib.c **** {
 679:./lwip-2.1.2/src/api/api_lib.c ****   LWIP_ERROR("netconn_recv_tcp_pbuf: invalid conn", (conn != NULL) &&
 680:./lwip-2.1.2/src/api/api_lib.c ****              NETCONNTYPE_GROUP(netconn_type(conn)) == NETCONN_TCP, return ERR_ARG;);
 681:./lwip-2.1.2/src/api/api_lib.c **** 
 682:./lwip-2.1.2/src/api/api_lib.c ****   msg->conn = conn;
 683:./lwip-2.1.2/src/api/api_lib.c ****   msg->msg.r.len = len;
 684:./lwip-2.1.2/src/api/api_lib.c **** 
 685:./lwip-2.1.2/src/api/api_lib.c ****   return netconn_apimsg(lwip_netconn_do_recv, msg);
 686:./lwip-2.1.2/src/api/api_lib.c **** }
 687:./lwip-2.1.2/src/api/api_lib.c **** 
 688:./lwip-2.1.2/src/api/api_lib.c **** err_t
 689:./lwip-2.1.2/src/api/api_lib.c **** netconn_tcp_recvd(struct netconn *conn, size_t len)
 690:./lwip-2.1.2/src/api/api_lib.c **** {
 691:./lwip-2.1.2/src/api/api_lib.c ****   err_t err;
 692:./lwip-2.1.2/src/api/api_lib.c ****   API_MSG_VAR_DECLARE(msg);
 693:./lwip-2.1.2/src/api/api_lib.c ****   LWIP_ERROR("netconn_recv_tcp_pbuf: invalid conn", (conn != NULL) &&
 694:./lwip-2.1.2/src/api/api_lib.c ****              NETCONNTYPE_GROUP(netconn_type(conn)) == NETCONN_TCP, return ERR_ARG;);
 695:./lwip-2.1.2/src/api/api_lib.c **** 
 696:./lwip-2.1.2/src/api/api_lib.c ****   API_MSG_VAR_ALLOC(msg);
 697:./lwip-2.1.2/src/api/api_lib.c ****   err = netconn_tcp_recvd_msg(conn, len, &API_VAR_REF(msg));
 698:./lwip-2.1.2/src/api/api_lib.c ****   API_MSG_VAR_FREE(msg);
 699:./lwip-2.1.2/src/api/api_lib.c ****   return err;
 700:./lwip-2.1.2/src/api/api_lib.c **** }
 701:./lwip-2.1.2/src/api/api_lib.c **** 
 702:./lwip-2.1.2/src/api/api_lib.c **** static err_t
 703:./lwip-2.1.2/src/api/api_lib.c **** netconn_recv_data_tcp(struct netconn *conn, struct pbuf **new_buf, u8_t apiflags)
 704:./lwip-2.1.2/src/api/api_lib.c **** {
 705:./lwip-2.1.2/src/api/api_lib.c ****   err_t err;
 706:./lwip-2.1.2/src/api/api_lib.c ****   struct pbuf *buf;
 707:./lwip-2.1.2/src/api/api_lib.c ****   API_MSG_VAR_DECLARE(msg);
 708:./lwip-2.1.2/src/api/api_lib.c **** #if LWIP_MPU_COMPATIBLE
 709:./lwip-2.1.2/src/api/api_lib.c ****   msg = NULL;
 710:./lwip-2.1.2/src/api/api_lib.c **** #endif
 711:./lwip-2.1.2/src/api/api_lib.c **** 
 712:./lwip-2.1.2/src/api/api_lib.c ****   if (!NETCONN_RECVMBOX_WAITABLE(conn)) {
 713:./lwip-2.1.2/src/api/api_lib.c ****     /* This only happens when calling this function more than once *after* receiving FIN */
 714:./lwip-2.1.2/src/api/api_lib.c ****     return ERR_CONN;
 715:./lwip-2.1.2/src/api/api_lib.c ****   }
 716:./lwip-2.1.2/src/api/api_lib.c ****   if (netconn_is_flag_set(conn, NETCONN_FIN_RX_PENDING)) {
 717:./lwip-2.1.2/src/api/api_lib.c ****     netconn_clear_flags(conn, NETCONN_FIN_RX_PENDING);
 718:./lwip-2.1.2/src/api/api_lib.c ****     goto handle_fin;
 719:./lwip-2.1.2/src/api/api_lib.c ****   }
 720:./lwip-2.1.2/src/api/api_lib.c **** 
 721:./lwip-2.1.2/src/api/api_lib.c ****   if (!(apiflags & NETCONN_NOAUTORCVD)) {
 722:./lwip-2.1.2/src/api/api_lib.c ****     /* need to allocate API message here so empty message pool does not result in event loss
 723:./lwip-2.1.2/src/api/api_lib.c ****       * see bug #47512: MPU_COMPATIBLE may fail on empty pool */
 724:./lwip-2.1.2/src/api/api_lib.c ****     API_MSG_VAR_ALLOC(msg);
 725:./lwip-2.1.2/src/api/api_lib.c ****   }
 726:./lwip-2.1.2/src/api/api_lib.c **** 
 727:./lwip-2.1.2/src/api/api_lib.c ****   err = netconn_recv_data(conn, (void **)new_buf, apiflags);
 728:./lwip-2.1.2/src/api/api_lib.c ****   if (err != ERR_OK) {
 729:./lwip-2.1.2/src/api/api_lib.c ****     if (!(apiflags & NETCONN_NOAUTORCVD)) {
 730:./lwip-2.1.2/src/api/api_lib.c ****       API_MSG_VAR_FREE(msg);
 731:./lwip-2.1.2/src/api/api_lib.c ****     }
 732:./lwip-2.1.2/src/api/api_lib.c ****     return err;
 733:./lwip-2.1.2/src/api/api_lib.c ****   }
 734:./lwip-2.1.2/src/api/api_lib.c ****   buf = *new_buf;
 735:./lwip-2.1.2/src/api/api_lib.c ****   if (!(apiflags & NETCONN_NOAUTORCVD)) {
 736:./lwip-2.1.2/src/api/api_lib.c ****     /* Let the stack know that we have taken the data. */
 737:./lwip-2.1.2/src/api/api_lib.c ****     u16_t len = buf ? buf->tot_len : 1;
 738:./lwip-2.1.2/src/api/api_lib.c ****     /* don't care for the return value of lwip_netconn_do_recv */
 739:./lwip-2.1.2/src/api/api_lib.c ****     /* @todo: this should really be fixed, e.g. by retrying in poll on error */
 740:./lwip-2.1.2/src/api/api_lib.c ****     netconn_tcp_recvd_msg(conn, len,  &API_VAR_REF(msg));
 741:./lwip-2.1.2/src/api/api_lib.c ****     API_MSG_VAR_FREE(msg);
 742:./lwip-2.1.2/src/api/api_lib.c ****   }
 743:./lwip-2.1.2/src/api/api_lib.c **** 
 744:./lwip-2.1.2/src/api/api_lib.c ****   /* If we are closed, we indicate that we no longer wish to use the socket */
 745:./lwip-2.1.2/src/api/api_lib.c ****   if (buf == NULL) {
 746:./lwip-2.1.2/src/api/api_lib.c ****     if (apiflags & NETCONN_NOFIN) {
 747:./lwip-2.1.2/src/api/api_lib.c ****       /* received a FIN but the caller cannot handle it right now:
 748:./lwip-2.1.2/src/api/api_lib.c ****          re-enqueue it and return "no data" */
 749:./lwip-2.1.2/src/api/api_lib.c ****       netconn_set_flags(conn, NETCONN_FIN_RX_PENDING);
 750:./lwip-2.1.2/src/api/api_lib.c ****       return ERR_WOULDBLOCK;
 751:./lwip-2.1.2/src/api/api_lib.c ****     } else {
 752:./lwip-2.1.2/src/api/api_lib.c **** handle_fin:
 753:./lwip-2.1.2/src/api/api_lib.c ****       API_EVENT(conn, NETCONN_EVT_RCVMINUS, 0);
 754:./lwip-2.1.2/src/api/api_lib.c ****       if (conn->pcb.ip == NULL) {
 755:./lwip-2.1.2/src/api/api_lib.c ****         /* race condition: RST during recv */
 756:./lwip-2.1.2/src/api/api_lib.c ****         err = netconn_err(conn);
 757:./lwip-2.1.2/src/api/api_lib.c ****         if (err != ERR_OK) {
 758:./lwip-2.1.2/src/api/api_lib.c ****           return err;
 759:./lwip-2.1.2/src/api/api_lib.c ****         }
 760:./lwip-2.1.2/src/api/api_lib.c ****         return ERR_RST;
 761:./lwip-2.1.2/src/api/api_lib.c ****       }
 762:./lwip-2.1.2/src/api/api_lib.c ****       /* RX side is closed, so deallocate the recvmbox */
 763:./lwip-2.1.2/src/api/api_lib.c ****       netconn_close_shutdown(conn, NETCONN_SHUT_RD);
 764:./lwip-2.1.2/src/api/api_lib.c ****       /* Don' store ERR_CLSD as conn->err since we are only half-closed */
 765:./lwip-2.1.2/src/api/api_lib.c ****       return ERR_CLSD;
 766:./lwip-2.1.2/src/api/api_lib.c ****     }
 767:./lwip-2.1.2/src/api/api_lib.c ****   }
 768:./lwip-2.1.2/src/api/api_lib.c ****   return err;
 769:./lwip-2.1.2/src/api/api_lib.c **** }
 770:./lwip-2.1.2/src/api/api_lib.c **** 
 771:./lwip-2.1.2/src/api/api_lib.c **** /**
 772:./lwip-2.1.2/src/api/api_lib.c ****  * @ingroup netconn_tcp
 773:./lwip-2.1.2/src/api/api_lib.c ****  * Receive data (in form of a pbuf) from a TCP netconn
 774:./lwip-2.1.2/src/api/api_lib.c ****  *
 775:./lwip-2.1.2/src/api/api_lib.c ****  * @param conn the netconn from which to receive data
 776:./lwip-2.1.2/src/api/api_lib.c ****  * @param new_buf pointer where a new pbuf is stored when received data
 777:./lwip-2.1.2/src/api/api_lib.c ****  * @return ERR_OK if data has been received, an error code otherwise (timeout,
 778:./lwip-2.1.2/src/api/api_lib.c ****  *                memory error or another error, @see netconn_recv_data)
 779:./lwip-2.1.2/src/api/api_lib.c ****  *         ERR_ARG if conn is not a TCP netconn
 780:./lwip-2.1.2/src/api/api_lib.c ****  */
 781:./lwip-2.1.2/src/api/api_lib.c **** err_t
 782:./lwip-2.1.2/src/api/api_lib.c **** netconn_recv_tcp_pbuf(struct netconn *conn, struct pbuf **new_buf)
 783:./lwip-2.1.2/src/api/api_lib.c **** {
 784:./lwip-2.1.2/src/api/api_lib.c ****   LWIP_ERROR("netconn_recv_tcp_pbuf: invalid conn", (conn != NULL) &&
 785:./lwip-2.1.2/src/api/api_lib.c ****              NETCONNTYPE_GROUP(netconn_type(conn)) == NETCONN_TCP, return ERR_ARG;);
 786:./lwip-2.1.2/src/api/api_lib.c **** 
 787:./lwip-2.1.2/src/api/api_lib.c ****   return netconn_recv_data_tcp(conn, new_buf, 0);
 788:./lwip-2.1.2/src/api/api_lib.c **** }
 789:./lwip-2.1.2/src/api/api_lib.c **** 
 790:./lwip-2.1.2/src/api/api_lib.c **** /**
 791:./lwip-2.1.2/src/api/api_lib.c ****  * @ingroup netconn_tcp
 792:./lwip-2.1.2/src/api/api_lib.c ****  * Receive data (in form of a pbuf) from a TCP netconn
 793:./lwip-2.1.2/src/api/api_lib.c ****  *
 794:./lwip-2.1.2/src/api/api_lib.c ****  * @param conn the netconn from which to receive data
 795:./lwip-2.1.2/src/api/api_lib.c ****  * @param new_buf pointer where a new pbuf is stored when received data
 796:./lwip-2.1.2/src/api/api_lib.c ****  * @param apiflags flags that control function behaviour. For now only:
 797:./lwip-2.1.2/src/api/api_lib.c ****  * - NETCONN_DONTBLOCK: only read data that is available now, don't wait for more data
 798:./lwip-2.1.2/src/api/api_lib.c ****  * @return ERR_OK if data has been received, an error code otherwise (timeout,
 799:./lwip-2.1.2/src/api/api_lib.c ****  *                memory error or another error, @see netconn_recv_data)
 800:./lwip-2.1.2/src/api/api_lib.c ****  *         ERR_ARG if conn is not a TCP netconn
 801:./lwip-2.1.2/src/api/api_lib.c ****  */
 802:./lwip-2.1.2/src/api/api_lib.c **** err_t
 803:./lwip-2.1.2/src/api/api_lib.c **** netconn_recv_tcp_pbuf_flags(struct netconn *conn, struct pbuf **new_buf, u8_t apiflags)
 804:./lwip-2.1.2/src/api/api_lib.c **** {
 805:./lwip-2.1.2/src/api/api_lib.c ****   LWIP_ERROR("netconn_recv_tcp_pbuf: invalid conn", (conn != NULL) &&
 806:./lwip-2.1.2/src/api/api_lib.c ****              NETCONNTYPE_GROUP(netconn_type(conn)) == NETCONN_TCP, return ERR_ARG;);
 807:./lwip-2.1.2/src/api/api_lib.c **** 
 808:./lwip-2.1.2/src/api/api_lib.c ****   return netconn_recv_data_tcp(conn, new_buf, apiflags);
 809:./lwip-2.1.2/src/api/api_lib.c **** }
 810:./lwip-2.1.2/src/api/api_lib.c **** #endif /* LWIP_TCP */
 811:./lwip-2.1.2/src/api/api_lib.c **** 
 812:./lwip-2.1.2/src/api/api_lib.c **** /**
 813:./lwip-2.1.2/src/api/api_lib.c ****  * Receive data (in form of a netbuf) from a UDP or RAW netconn
 814:./lwip-2.1.2/src/api/api_lib.c ****  *
 815:./lwip-2.1.2/src/api/api_lib.c ****  * @param conn the netconn from which to receive data
 816:./lwip-2.1.2/src/api/api_lib.c ****  * @param new_buf pointer where a new netbuf is stored when received data
 817:./lwip-2.1.2/src/api/api_lib.c ****  * @return ERR_OK if data has been received, an error code otherwise (timeout,
 818:./lwip-2.1.2/src/api/api_lib.c ****  *                memory error or another error)
 819:./lwip-2.1.2/src/api/api_lib.c ****  *         ERR_ARG if conn is not a UDP/RAW netconn
 820:./lwip-2.1.2/src/api/api_lib.c ****  */
 821:./lwip-2.1.2/src/api/api_lib.c **** err_t
 822:./lwip-2.1.2/src/api/api_lib.c **** netconn_recv_udp_raw_netbuf(struct netconn *conn, struct netbuf **new_buf)
 823:./lwip-2.1.2/src/api/api_lib.c **** {
 824:./lwip-2.1.2/src/api/api_lib.c ****   LWIP_ERROR("netconn_recv_udp_raw_netbuf: invalid conn", (conn != NULL) &&
 825:./lwip-2.1.2/src/api/api_lib.c ****              NETCONNTYPE_GROUP(netconn_type(conn)) != NETCONN_TCP, return ERR_ARG;);
 826:./lwip-2.1.2/src/api/api_lib.c **** 
 827:./lwip-2.1.2/src/api/api_lib.c ****   return netconn_recv_data(conn, (void **)new_buf, 0);
 828:./lwip-2.1.2/src/api/api_lib.c **** }
 829:./lwip-2.1.2/src/api/api_lib.c **** 
 830:./lwip-2.1.2/src/api/api_lib.c **** /**
 831:./lwip-2.1.2/src/api/api_lib.c ****  * Receive data (in form of a netbuf) from a UDP or RAW netconn
 832:./lwip-2.1.2/src/api/api_lib.c ****  *
 833:./lwip-2.1.2/src/api/api_lib.c ****  * @param conn the netconn from which to receive data
 834:./lwip-2.1.2/src/api/api_lib.c ****  * @param new_buf pointer where a new netbuf is stored when received data
 835:./lwip-2.1.2/src/api/api_lib.c ****  * @param apiflags flags that control function behaviour. For now only:
 836:./lwip-2.1.2/src/api/api_lib.c ****  * - NETCONN_DONTBLOCK: only read data that is available now, don't wait for more data
 837:./lwip-2.1.2/src/api/api_lib.c ****  * @return ERR_OK if data has been received, an error code otherwise (timeout,
 838:./lwip-2.1.2/src/api/api_lib.c ****  *                memory error or another error)
 839:./lwip-2.1.2/src/api/api_lib.c ****  *         ERR_ARG if conn is not a UDP/RAW netconn
 840:./lwip-2.1.2/src/api/api_lib.c ****  */
 841:./lwip-2.1.2/src/api/api_lib.c **** err_t
 842:./lwip-2.1.2/src/api/api_lib.c **** netconn_recv_udp_raw_netbuf_flags(struct netconn *conn, struct netbuf **new_buf, u8_t apiflags)
 843:./lwip-2.1.2/src/api/api_lib.c **** {
 844:./lwip-2.1.2/src/api/api_lib.c ****   LWIP_ERROR("netconn_recv_udp_raw_netbuf: invalid conn", (conn != NULL) &&
 845:./lwip-2.1.2/src/api/api_lib.c ****              NETCONNTYPE_GROUP(netconn_type(conn)) != NETCONN_TCP, return ERR_ARG;);
 846:./lwip-2.1.2/src/api/api_lib.c **** 
 847:./lwip-2.1.2/src/api/api_lib.c ****   return netconn_recv_data(conn, (void **)new_buf, apiflags);
 848:./lwip-2.1.2/src/api/api_lib.c **** }
 849:./lwip-2.1.2/src/api/api_lib.c **** 
 850:./lwip-2.1.2/src/api/api_lib.c **** /**
 851:./lwip-2.1.2/src/api/api_lib.c ****  * @ingroup netconn_common
 852:./lwip-2.1.2/src/api/api_lib.c ****  * Receive data (in form of a netbuf containing a packet buffer) from a netconn
 853:./lwip-2.1.2/src/api/api_lib.c ****  *
 854:./lwip-2.1.2/src/api/api_lib.c ****  * @param conn the netconn from which to receive data
 855:./lwip-2.1.2/src/api/api_lib.c ****  * @param new_buf pointer where a new netbuf is stored when received data
 856:./lwip-2.1.2/src/api/api_lib.c ****  * @return ERR_OK if data has been received, an error code otherwise (timeout,
 857:./lwip-2.1.2/src/api/api_lib.c ****  *                memory error or another error)
 858:./lwip-2.1.2/src/api/api_lib.c ****  */
 859:./lwip-2.1.2/src/api/api_lib.c **** err_t
 860:./lwip-2.1.2/src/api/api_lib.c **** netconn_recv(struct netconn *conn, struct netbuf **new_buf)
 861:./lwip-2.1.2/src/api/api_lib.c **** {
 862:./lwip-2.1.2/src/api/api_lib.c **** #if LWIP_TCP
 863:./lwip-2.1.2/src/api/api_lib.c ****   struct netbuf *buf = NULL;
 864:./lwip-2.1.2/src/api/api_lib.c ****   err_t err;
 865:./lwip-2.1.2/src/api/api_lib.c **** #endif /* LWIP_TCP */
 866:./lwip-2.1.2/src/api/api_lib.c **** 
 867:./lwip-2.1.2/src/api/api_lib.c ****   LWIP_ERROR("netconn_recv: invalid pointer", (new_buf != NULL), return ERR_ARG;);
 868:./lwip-2.1.2/src/api/api_lib.c ****   *new_buf = NULL;
 869:./lwip-2.1.2/src/api/api_lib.c ****   LWIP_ERROR("netconn_recv: invalid conn",    (conn != NULL),    return ERR_ARG;);
 870:./lwip-2.1.2/src/api/api_lib.c **** 
 871:./lwip-2.1.2/src/api/api_lib.c **** #if LWIP_TCP
 872:./lwip-2.1.2/src/api/api_lib.c **** #if (LWIP_UDP || LWIP_RAW)
 873:./lwip-2.1.2/src/api/api_lib.c ****   if (NETCONNTYPE_GROUP(conn->type) == NETCONN_TCP)
 874:./lwip-2.1.2/src/api/api_lib.c **** #endif /* (LWIP_UDP || LWIP_RAW) */
 875:./lwip-2.1.2/src/api/api_lib.c ****   {
 876:./lwip-2.1.2/src/api/api_lib.c ****     struct pbuf *p = NULL;
 877:./lwip-2.1.2/src/api/api_lib.c ****     /* This is not a listening netconn, since recvmbox is set */
 878:./lwip-2.1.2/src/api/api_lib.c **** 
 879:./lwip-2.1.2/src/api/api_lib.c ****     buf = (struct netbuf *)memp_malloc(MEMP_NETBUF);
 880:./lwip-2.1.2/src/api/api_lib.c ****     if (buf == NULL) {
 881:./lwip-2.1.2/src/api/api_lib.c ****       return ERR_MEM;
 882:./lwip-2.1.2/src/api/api_lib.c ****     }
 883:./lwip-2.1.2/src/api/api_lib.c **** 
 884:./lwip-2.1.2/src/api/api_lib.c ****     err = netconn_recv_data_tcp(conn, &p, 0);
 885:./lwip-2.1.2/src/api/api_lib.c ****     if (err != ERR_OK) {
 886:./lwip-2.1.2/src/api/api_lib.c ****       memp_free(MEMP_NETBUF, buf);
 887:./lwip-2.1.2/src/api/api_lib.c ****       return err;
 888:./lwip-2.1.2/src/api/api_lib.c ****     }
 889:./lwip-2.1.2/src/api/api_lib.c ****     LWIP_ASSERT("p != NULL", p != NULL);
 890:./lwip-2.1.2/src/api/api_lib.c **** 
 891:./lwip-2.1.2/src/api/api_lib.c ****     buf->p = p;
 892:./lwip-2.1.2/src/api/api_lib.c ****     buf->ptr = p;
 893:./lwip-2.1.2/src/api/api_lib.c ****     buf->port = 0;
 894:./lwip-2.1.2/src/api/api_lib.c ****     ip_addr_set_zero(&buf->addr);
 895:./lwip-2.1.2/src/api/api_lib.c ****     *new_buf = buf;
 896:./lwip-2.1.2/src/api/api_lib.c ****     /* don't set conn->last_err: it's only ERR_OK, anyway */
 897:./lwip-2.1.2/src/api/api_lib.c ****     return ERR_OK;
 898:./lwip-2.1.2/src/api/api_lib.c ****   }
 899:./lwip-2.1.2/src/api/api_lib.c **** #endif /* LWIP_TCP */
 900:./lwip-2.1.2/src/api/api_lib.c **** #if LWIP_TCP && (LWIP_UDP || LWIP_RAW)
 901:./lwip-2.1.2/src/api/api_lib.c ****   else
 902:./lwip-2.1.2/src/api/api_lib.c **** #endif /* LWIP_TCP && (LWIP_UDP || LWIP_RAW) */
 903:./lwip-2.1.2/src/api/api_lib.c ****   {
 904:./lwip-2.1.2/src/api/api_lib.c **** #if (LWIP_UDP || LWIP_RAW)
 905:./lwip-2.1.2/src/api/api_lib.c ****     return netconn_recv_data(conn, (void **)new_buf, 0);
 906:./lwip-2.1.2/src/api/api_lib.c **** #endif /* (LWIP_UDP || LWIP_RAW) */
 907:./lwip-2.1.2/src/api/api_lib.c ****   }
 908:./lwip-2.1.2/src/api/api_lib.c **** }
 909:./lwip-2.1.2/src/api/api_lib.c **** 
 910:./lwip-2.1.2/src/api/api_lib.c **** /**
 911:./lwip-2.1.2/src/api/api_lib.c ****  * @ingroup netconn_udp
 912:./lwip-2.1.2/src/api/api_lib.c ****  * Send data (in form of a netbuf) to a specific remote IP address and port.
 913:./lwip-2.1.2/src/api/api_lib.c ****  * Only to be used for UDP and RAW netconns (not TCP).
 914:./lwip-2.1.2/src/api/api_lib.c ****  *
 915:./lwip-2.1.2/src/api/api_lib.c ****  * @param conn the netconn over which to send data
 916:./lwip-2.1.2/src/api/api_lib.c ****  * @param buf a netbuf containing the data to send
 917:./lwip-2.1.2/src/api/api_lib.c ****  * @param addr the remote IP address to which to send the data
 918:./lwip-2.1.2/src/api/api_lib.c ****  * @param port the remote port to which to send the data
 919:./lwip-2.1.2/src/api/api_lib.c ****  * @return ERR_OK if data was sent, any other err_t on error
 920:./lwip-2.1.2/src/api/api_lib.c ****  */
 921:./lwip-2.1.2/src/api/api_lib.c **** err_t
 922:./lwip-2.1.2/src/api/api_lib.c **** netconn_sendto(struct netconn *conn, struct netbuf *buf, const ip_addr_t *addr, u16_t port)
 923:./lwip-2.1.2/src/api/api_lib.c **** {
 924:./lwip-2.1.2/src/api/api_lib.c ****   if (buf != NULL) {
 925:./lwip-2.1.2/src/api/api_lib.c ****     ip_addr_set(&buf->addr, addr);
 926:./lwip-2.1.2/src/api/api_lib.c ****     buf->port = port;
 927:./lwip-2.1.2/src/api/api_lib.c ****     return netconn_send(conn, buf);
 928:./lwip-2.1.2/src/api/api_lib.c ****   }
 929:./lwip-2.1.2/src/api/api_lib.c ****   return ERR_VAL;
 930:./lwip-2.1.2/src/api/api_lib.c **** }
 931:./lwip-2.1.2/src/api/api_lib.c **** 
 932:./lwip-2.1.2/src/api/api_lib.c **** /**
 933:./lwip-2.1.2/src/api/api_lib.c ****  * @ingroup netconn_udp
 934:./lwip-2.1.2/src/api/api_lib.c ****  * Send data over a UDP or RAW netconn (that is already connected).
 935:./lwip-2.1.2/src/api/api_lib.c ****  *
 936:./lwip-2.1.2/src/api/api_lib.c ****  * @param conn the UDP or RAW netconn over which to send data
 937:./lwip-2.1.2/src/api/api_lib.c ****  * @param buf a netbuf containing the data to send
 938:./lwip-2.1.2/src/api/api_lib.c ****  * @return ERR_OK if data was sent, any other err_t on error
 939:./lwip-2.1.2/src/api/api_lib.c ****  */
 940:./lwip-2.1.2/src/api/api_lib.c **** err_t
 941:./lwip-2.1.2/src/api/api_lib.c **** netconn_send(struct netconn *conn, struct netbuf *buf)
 942:./lwip-2.1.2/src/api/api_lib.c **** {
 943:./lwip-2.1.2/src/api/api_lib.c ****   API_MSG_VAR_DECLARE(msg);
 944:./lwip-2.1.2/src/api/api_lib.c ****   err_t err;
 945:./lwip-2.1.2/src/api/api_lib.c **** 
 946:./lwip-2.1.2/src/api/api_lib.c ****   LWIP_ERROR("netconn_send: invalid conn",  (conn != NULL), return ERR_ARG;);
 947:./lwip-2.1.2/src/api/api_lib.c **** 
 948:./lwip-2.1.2/src/api/api_lib.c ****   LWIP_DEBUGF(API_LIB_DEBUG, ("netconn_send: sending %"U16_F" bytes\n", buf->p->tot_len));
 949:./lwip-2.1.2/src/api/api_lib.c **** 
 950:./lwip-2.1.2/src/api/api_lib.c ****   API_MSG_VAR_ALLOC(msg);
 951:./lwip-2.1.2/src/api/api_lib.c ****   API_MSG_VAR_REF(msg).conn = conn;
 952:./lwip-2.1.2/src/api/api_lib.c ****   API_MSG_VAR_REF(msg).msg.b = buf;
 953:./lwip-2.1.2/src/api/api_lib.c ****   err = netconn_apimsg(lwip_netconn_do_send, &API_MSG_VAR_REF(msg));
 954:./lwip-2.1.2/src/api/api_lib.c ****   API_MSG_VAR_FREE(msg);
 955:./lwip-2.1.2/src/api/api_lib.c **** 
 956:./lwip-2.1.2/src/api/api_lib.c ****   return err;
 957:./lwip-2.1.2/src/api/api_lib.c **** }
 958:./lwip-2.1.2/src/api/api_lib.c **** 
 959:./lwip-2.1.2/src/api/api_lib.c **** /**
 960:./lwip-2.1.2/src/api/api_lib.c ****  * @ingroup netconn_tcp
 961:./lwip-2.1.2/src/api/api_lib.c ****  * Send data over a TCP netconn.
 962:./lwip-2.1.2/src/api/api_lib.c ****  *
 963:./lwip-2.1.2/src/api/api_lib.c ****  * @param conn the TCP netconn over which to send data
 964:./lwip-2.1.2/src/api/api_lib.c ****  * @param dataptr pointer to the application buffer that contains the data to send
 965:./lwip-2.1.2/src/api/api_lib.c ****  * @param size size of the application data to send
 966:./lwip-2.1.2/src/api/api_lib.c ****  * @param apiflags combination of following flags :
 967:./lwip-2.1.2/src/api/api_lib.c ****  * - NETCONN_COPY: data will be copied into memory belonging to the stack
 968:./lwip-2.1.2/src/api/api_lib.c ****  * - NETCONN_MORE: for TCP connection, PSH flag will be set on last segment sent
 969:./lwip-2.1.2/src/api/api_lib.c ****  * - NETCONN_DONTBLOCK: only write the data if all data can be written at once
 970:./lwip-2.1.2/src/api/api_lib.c ****  * @param bytes_written pointer to a location that receives the number of written bytes
 971:./lwip-2.1.2/src/api/api_lib.c ****  * @return ERR_OK if data was sent, any other err_t on error
 972:./lwip-2.1.2/src/api/api_lib.c ****  */
 973:./lwip-2.1.2/src/api/api_lib.c **** err_t
 974:./lwip-2.1.2/src/api/api_lib.c **** netconn_write_partly(struct netconn *conn, const void *dataptr, size_t size,
 975:./lwip-2.1.2/src/api/api_lib.c ****                      u8_t apiflags, size_t *bytes_written)
 976:./lwip-2.1.2/src/api/api_lib.c **** {
 977:./lwip-2.1.2/src/api/api_lib.c ****   struct netvector vector;
 978:./lwip-2.1.2/src/api/api_lib.c ****   vector.ptr = dataptr;
 979:./lwip-2.1.2/src/api/api_lib.c ****   vector.len = size;
 980:./lwip-2.1.2/src/api/api_lib.c ****   return netconn_write_vectors_partly(conn, &vector, 1, apiflags, bytes_written);
 981:./lwip-2.1.2/src/api/api_lib.c **** }
 982:./lwip-2.1.2/src/api/api_lib.c **** 
 983:./lwip-2.1.2/src/api/api_lib.c **** /**
 984:./lwip-2.1.2/src/api/api_lib.c ****  * Send vectorized data atomically over a TCP netconn.
 985:./lwip-2.1.2/src/api/api_lib.c ****  *
 986:./lwip-2.1.2/src/api/api_lib.c ****  * @param conn the TCP netconn over which to send data
 987:./lwip-2.1.2/src/api/api_lib.c ****  * @param vectors array of vectors containing data to send
 988:./lwip-2.1.2/src/api/api_lib.c ****  * @param vectorcnt number of vectors in the array
 989:./lwip-2.1.2/src/api/api_lib.c ****  * @param apiflags combination of following flags :
 990:./lwip-2.1.2/src/api/api_lib.c ****  * - NETCONN_COPY: data will be copied into memory belonging to the stack
 991:./lwip-2.1.2/src/api/api_lib.c ****  * - NETCONN_MORE: for TCP connection, PSH flag will be set on last segment sent
 992:./lwip-2.1.2/src/api/api_lib.c ****  * - NETCONN_DONTBLOCK: only write the data if all data can be written at once
 993:./lwip-2.1.2/src/api/api_lib.c ****  * @param bytes_written pointer to a location that receives the number of written bytes
 994:./lwip-2.1.2/src/api/api_lib.c ****  * @return ERR_OK if data was sent, any other err_t on error
 995:./lwip-2.1.2/src/api/api_lib.c ****  */
 996:./lwip-2.1.2/src/api/api_lib.c **** err_t
 997:./lwip-2.1.2/src/api/api_lib.c **** netconn_write_vectors_partly(struct netconn *conn, struct netvector *vectors, u16_t vectorcnt,
 998:./lwip-2.1.2/src/api/api_lib.c ****                              u8_t apiflags, size_t *bytes_written)
 999:./lwip-2.1.2/src/api/api_lib.c **** {
1000:./lwip-2.1.2/src/api/api_lib.c ****   API_MSG_VAR_DECLARE(msg);
1001:./lwip-2.1.2/src/api/api_lib.c ****   err_t err;
1002:./lwip-2.1.2/src/api/api_lib.c ****   u8_t dontblock;
1003:./lwip-2.1.2/src/api/api_lib.c ****   size_t size;
1004:./lwip-2.1.2/src/api/api_lib.c ****   int i;
1005:./lwip-2.1.2/src/api/api_lib.c **** 
1006:./lwip-2.1.2/src/api/api_lib.c ****   LWIP_ERROR("netconn_write: invalid conn",  (conn != NULL), return ERR_ARG;);
1007:./lwip-2.1.2/src/api/api_lib.c ****   LWIP_ERROR("netconn_write: invalid conn->type",  (NETCONNTYPE_GROUP(conn->type) == NETCONN_TCP), 
1008:./lwip-2.1.2/src/api/api_lib.c ****   dontblock = netconn_is_nonblocking(conn) || (apiflags & NETCONN_DONTBLOCK);
1009:./lwip-2.1.2/src/api/api_lib.c **** #if LWIP_SO_SNDTIMEO
1010:./lwip-2.1.2/src/api/api_lib.c ****   if (conn->send_timeout != 0) {
1011:./lwip-2.1.2/src/api/api_lib.c ****     dontblock = 1;
1012:./lwip-2.1.2/src/api/api_lib.c ****   }
1013:./lwip-2.1.2/src/api/api_lib.c **** #endif /* LWIP_SO_SNDTIMEO */
1014:./lwip-2.1.2/src/api/api_lib.c ****   if (dontblock && !bytes_written) {
1015:./lwip-2.1.2/src/api/api_lib.c ****     /* This implies netconn_write() cannot be used for non-blocking send, since
1016:./lwip-2.1.2/src/api/api_lib.c ****        it has no way to return the number of bytes written. */
1017:./lwip-2.1.2/src/api/api_lib.c ****     return ERR_VAL;
1018:./lwip-2.1.2/src/api/api_lib.c ****   }
1019:./lwip-2.1.2/src/api/api_lib.c **** 
1020:./lwip-2.1.2/src/api/api_lib.c ****   /* sum up the total size */
1021:./lwip-2.1.2/src/api/api_lib.c ****   size = 0;
1022:./lwip-2.1.2/src/api/api_lib.c ****   for (i = 0; i < vectorcnt; i++) {
1023:./lwip-2.1.2/src/api/api_lib.c ****     size += vectors[i].len;
1024:./lwip-2.1.2/src/api/api_lib.c ****     if (size < vectors[i].len) {
1025:./lwip-2.1.2/src/api/api_lib.c ****       /* overflow */
1026:./lwip-2.1.2/src/api/api_lib.c ****       return ERR_VAL;
1027:./lwip-2.1.2/src/api/api_lib.c ****     }
1028:./lwip-2.1.2/src/api/api_lib.c ****   }
1029:./lwip-2.1.2/src/api/api_lib.c ****   if (size == 0) {
1030:./lwip-2.1.2/src/api/api_lib.c ****     return ERR_OK;
1031:./lwip-2.1.2/src/api/api_lib.c ****   } else if (size > SSIZE_MAX) {
1032:./lwip-2.1.2/src/api/api_lib.c ****     ssize_t limited;
1033:./lwip-2.1.2/src/api/api_lib.c ****     /* this is required by the socket layer (cannot send full size_t range) */
1034:./lwip-2.1.2/src/api/api_lib.c ****     if (!bytes_written) {
1035:./lwip-2.1.2/src/api/api_lib.c ****       return ERR_VAL;
1036:./lwip-2.1.2/src/api/api_lib.c ****     }
1037:./lwip-2.1.2/src/api/api_lib.c ****     /* limit the amount of data to send */
1038:./lwip-2.1.2/src/api/api_lib.c ****     limited = SSIZE_MAX;
1039:./lwip-2.1.2/src/api/api_lib.c ****     size = (size_t)limited;
1040:./lwip-2.1.2/src/api/api_lib.c ****   }
1041:./lwip-2.1.2/src/api/api_lib.c **** 
1042:./lwip-2.1.2/src/api/api_lib.c ****   API_MSG_VAR_ALLOC(msg);
1043:./lwip-2.1.2/src/api/api_lib.c ****   /* non-blocking write sends as much  */
1044:./lwip-2.1.2/src/api/api_lib.c ****   API_MSG_VAR_REF(msg).conn = conn;
1045:./lwip-2.1.2/src/api/api_lib.c ****   API_MSG_VAR_REF(msg).msg.w.vector = vectors;
1046:./lwip-2.1.2/src/api/api_lib.c ****   API_MSG_VAR_REF(msg).msg.w.vector_cnt = vectorcnt;
1047:./lwip-2.1.2/src/api/api_lib.c ****   API_MSG_VAR_REF(msg).msg.w.vector_off = 0;
1048:./lwip-2.1.2/src/api/api_lib.c ****   API_MSG_VAR_REF(msg).msg.w.apiflags = apiflags;
1049:./lwip-2.1.2/src/api/api_lib.c ****   API_MSG_VAR_REF(msg).msg.w.len = size;
1050:./lwip-2.1.2/src/api/api_lib.c ****   API_MSG_VAR_REF(msg).msg.w.offset = 0;
1051:./lwip-2.1.2/src/api/api_lib.c **** #if LWIP_SO_SNDTIMEO
1052:./lwip-2.1.2/src/api/api_lib.c ****   if (conn->send_timeout != 0) {
1053:./lwip-2.1.2/src/api/api_lib.c ****     /* get the time we started, which is later compared to
1054:./lwip-2.1.2/src/api/api_lib.c ****         sys_now() + conn->send_timeout */
1055:./lwip-2.1.2/src/api/api_lib.c ****     API_MSG_VAR_REF(msg).msg.w.time_started = sys_now();
1056:./lwip-2.1.2/src/api/api_lib.c ****   } else {
1057:./lwip-2.1.2/src/api/api_lib.c ****     API_MSG_VAR_REF(msg).msg.w.time_started = 0;
1058:./lwip-2.1.2/src/api/api_lib.c ****   }
1059:./lwip-2.1.2/src/api/api_lib.c **** #endif /* LWIP_SO_SNDTIMEO */
1060:./lwip-2.1.2/src/api/api_lib.c **** 
1061:./lwip-2.1.2/src/api/api_lib.c ****   /* For locking the core: this _can_ be delayed on low memory/low send buffer,
1062:./lwip-2.1.2/src/api/api_lib.c ****      but if it is, this is done inside api_msg.c:do_write(), so we can use the
1063:./lwip-2.1.2/src/api/api_lib.c ****      non-blocking version here. */
1064:./lwip-2.1.2/src/api/api_lib.c ****   err = netconn_apimsg(lwip_netconn_do_write, &API_MSG_VAR_REF(msg));
1065:./lwip-2.1.2/src/api/api_lib.c ****   if (err == ERR_OK) {
1066:./lwip-2.1.2/src/api/api_lib.c ****     if (bytes_written != NULL) {
1067:./lwip-2.1.2/src/api/api_lib.c ****       *bytes_written = API_MSG_VAR_REF(msg).msg.w.offset;
1068:./lwip-2.1.2/src/api/api_lib.c ****     }
1069:./lwip-2.1.2/src/api/api_lib.c ****     /* for blocking, check all requested bytes were written, NOTE: send_timeout is
1070:./lwip-2.1.2/src/api/api_lib.c ****        treated as dontblock (see dontblock assignment above) */
1071:./lwip-2.1.2/src/api/api_lib.c ****     if (!dontblock) {
1072:./lwip-2.1.2/src/api/api_lib.c ****       LWIP_ASSERT("do_write failed to write all bytes", API_MSG_VAR_REF(msg).msg.w.offset == size);
1073:./lwip-2.1.2/src/api/api_lib.c ****     }
1074:./lwip-2.1.2/src/api/api_lib.c ****   }
1075:./lwip-2.1.2/src/api/api_lib.c ****   API_MSG_VAR_FREE(msg);
1076:./lwip-2.1.2/src/api/api_lib.c **** 
1077:./lwip-2.1.2/src/api/api_lib.c ****   return err;
1078:./lwip-2.1.2/src/api/api_lib.c **** }
1079:./lwip-2.1.2/src/api/api_lib.c **** 
1080:./lwip-2.1.2/src/api/api_lib.c **** /**
1081:./lwip-2.1.2/src/api/api_lib.c ****  * @ingroup netconn_tcp
1082:./lwip-2.1.2/src/api/api_lib.c ****  * Close or shutdown a TCP netconn (doesn't delete it).
1083:./lwip-2.1.2/src/api/api_lib.c ****  *
1084:./lwip-2.1.2/src/api/api_lib.c ****  * @param conn the TCP netconn to close or shutdown
1085:./lwip-2.1.2/src/api/api_lib.c ****  * @param how fully close or only shutdown one side?
1086:./lwip-2.1.2/src/api/api_lib.c ****  * @return ERR_OK if the netconn was closed, any other err_t on error
1087:./lwip-2.1.2/src/api/api_lib.c ****  */
1088:./lwip-2.1.2/src/api/api_lib.c **** static err_t
1089:./lwip-2.1.2/src/api/api_lib.c **** netconn_close_shutdown(struct netconn *conn, u8_t how)
1090:./lwip-2.1.2/src/api/api_lib.c **** {
1091:./lwip-2.1.2/src/api/api_lib.c ****   API_MSG_VAR_DECLARE(msg);
1092:./lwip-2.1.2/src/api/api_lib.c ****   err_t err;
1093:./lwip-2.1.2/src/api/api_lib.c ****   LWIP_UNUSED_ARG(how);
1094:./lwip-2.1.2/src/api/api_lib.c **** 
1095:./lwip-2.1.2/src/api/api_lib.c ****   LWIP_ERROR("netconn_close: invalid conn",  (conn != NULL), return ERR_ARG;);
1096:./lwip-2.1.2/src/api/api_lib.c **** 
1097:./lwip-2.1.2/src/api/api_lib.c ****   API_MSG_VAR_ALLOC(msg);
1098:./lwip-2.1.2/src/api/api_lib.c ****   API_MSG_VAR_REF(msg).conn = conn;
1099:./lwip-2.1.2/src/api/api_lib.c **** #if LWIP_TCP
1100:./lwip-2.1.2/src/api/api_lib.c ****   /* shutting down both ends is the same as closing */
1101:./lwip-2.1.2/src/api/api_lib.c ****   API_MSG_VAR_REF(msg).msg.sd.shut = how;
1102:./lwip-2.1.2/src/api/api_lib.c **** #if LWIP_SO_SNDTIMEO || LWIP_SO_LINGER
1103:./lwip-2.1.2/src/api/api_lib.c ****   /* get the time we started, which is later compared to
1104:./lwip-2.1.2/src/api/api_lib.c ****      sys_now() + conn->send_timeout */
1105:./lwip-2.1.2/src/api/api_lib.c ****   API_MSG_VAR_REF(msg).msg.sd.time_started = sys_now();
1106:./lwip-2.1.2/src/api/api_lib.c **** #else /* LWIP_SO_SNDTIMEO || LWIP_SO_LINGER */
1107:./lwip-2.1.2/src/api/api_lib.c ****   API_MSG_VAR_REF(msg).msg.sd.polls_left =
1108:./lwip-2.1.2/src/api/api_lib.c ****     ((LWIP_TCP_CLOSE_TIMEOUT_MS_DEFAULT + TCP_SLOW_INTERVAL - 1) / TCP_SLOW_INTERVAL) + 1;
1109:./lwip-2.1.2/src/api/api_lib.c **** #endif /* LWIP_SO_SNDTIMEO || LWIP_SO_LINGER */
1110:./lwip-2.1.2/src/api/api_lib.c **** #endif /* LWIP_TCP */
1111:./lwip-2.1.2/src/api/api_lib.c ****   err = netconn_apimsg(lwip_netconn_do_close, &API_MSG_VAR_REF(msg));
1112:./lwip-2.1.2/src/api/api_lib.c ****   API_MSG_VAR_FREE(msg);
1113:./lwip-2.1.2/src/api/api_lib.c **** 
1114:./lwip-2.1.2/src/api/api_lib.c ****   return err;
1115:./lwip-2.1.2/src/api/api_lib.c **** }
1116:./lwip-2.1.2/src/api/api_lib.c **** 
1117:./lwip-2.1.2/src/api/api_lib.c **** /**
1118:./lwip-2.1.2/src/api/api_lib.c ****  * @ingroup netconn_tcp
1119:./lwip-2.1.2/src/api/api_lib.c ****  * Close a TCP netconn (doesn't delete it).
1120:./lwip-2.1.2/src/api/api_lib.c ****  *
1121:./lwip-2.1.2/src/api/api_lib.c ****  * @param conn the TCP netconn to close
1122:./lwip-2.1.2/src/api/api_lib.c ****  * @return ERR_OK if the netconn was closed, any other err_t on error
1123:./lwip-2.1.2/src/api/api_lib.c ****  */
1124:./lwip-2.1.2/src/api/api_lib.c **** err_t
1125:./lwip-2.1.2/src/api/api_lib.c **** netconn_close(struct netconn *conn)
1126:./lwip-2.1.2/src/api/api_lib.c **** {
1127:./lwip-2.1.2/src/api/api_lib.c ****   /* shutting down both ends is the same as closing */
1128:./lwip-2.1.2/src/api/api_lib.c ****   return netconn_close_shutdown(conn, NETCONN_SHUT_RDWR);
1129:./lwip-2.1.2/src/api/api_lib.c **** }
1130:./lwip-2.1.2/src/api/api_lib.c **** 
1131:./lwip-2.1.2/src/api/api_lib.c **** /**
1132:./lwip-2.1.2/src/api/api_lib.c ****  * @ingroup netconn_common
1133:./lwip-2.1.2/src/api/api_lib.c ****  * Get and reset pending error on a netconn
1134:./lwip-2.1.2/src/api/api_lib.c ****  *
1135:./lwip-2.1.2/src/api/api_lib.c ****  * @param conn the netconn to get the error from
1136:./lwip-2.1.2/src/api/api_lib.c ****  * @return and pending error or ERR_OK if no error was pending
1137:./lwip-2.1.2/src/api/api_lib.c ****  */
1138:./lwip-2.1.2/src/api/api_lib.c **** err_t
1139:./lwip-2.1.2/src/api/api_lib.c **** netconn_err(struct netconn *conn)
 159              		.loc 1 1139 1 view .LVU49
 160              	.LBB43:
1140:./lwip-2.1.2/src/api/api_lib.c **** {
1141:./lwip-2.1.2/src/api/api_lib.c ****   err_t err;
 161              		.loc 1 1141 3 view .LVU50
1142:./lwip-2.1.2/src/api/api_lib.c ****   SYS_ARCH_DECL_PROTECT(lev);
 162              		.loc 1 1142 3 view .LVU51
1143:./lwip-2.1.2/src/api/api_lib.c ****   if (conn == NULL) {
 163              		.loc 1 1143 3 view .LVU52
1144:./lwip-2.1.2/src/api/api_lib.c ****     return ERR_OK;
1145:./lwip-2.1.2/src/api/api_lib.c ****   }
1146:./lwip-2.1.2/src/api/api_lib.c ****   SYS_ARCH_PROTECT(lev);
 164              		.loc 1 1146 3 view .LVU53
 165              	.LBB44:
 166              	.LBI44:
 167              		.file 2 "./inc/cmsis_gcc.h"
   1:./inc/cmsis_gcc.h **** /**************************************************************************//**
   2:./inc/cmsis_gcc.h ****  * @file     cmsis_gcc.h
   3:./inc/cmsis_gcc.h ****  * @brief    CMSIS compiler GCC header file
   4:./inc/cmsis_gcc.h ****  * @version  V5.2.0
   5:./inc/cmsis_gcc.h ****  * @date     08. May 2019
   6:./inc/cmsis_gcc.h ****  ******************************************************************************/
   7:./inc/cmsis_gcc.h **** /*
   8:./inc/cmsis_gcc.h ****  * Copyright (c) 2009-2019 Arm Limited. All rights reserved.
   9:./inc/cmsis_gcc.h ****  *
  10:./inc/cmsis_gcc.h ****  * SPDX-License-Identifier: Apache-2.0
  11:./inc/cmsis_gcc.h ****  *
  12:./inc/cmsis_gcc.h ****  * Licensed under the Apache License, Version 2.0 (the License); you may
  13:./inc/cmsis_gcc.h ****  * not use this file except in compliance with the License.
  14:./inc/cmsis_gcc.h ****  * You may obtain a copy of the License at
  15:./inc/cmsis_gcc.h ****  *
  16:./inc/cmsis_gcc.h ****  * www.apache.org/licenses/LICENSE-2.0
  17:./inc/cmsis_gcc.h ****  *
  18:./inc/cmsis_gcc.h ****  * Unless required by applicable law or agreed to in writing, software
  19:./inc/cmsis_gcc.h ****  * distributed under the License is distributed on an AS IS BASIS, WITHOUT
  20:./inc/cmsis_gcc.h ****  * WARRANTIES OR CONDITIONS OF ANY KIND, either express or implied.
  21:./inc/cmsis_gcc.h ****  * See the License for the specific language governing permissions and
  22:./inc/cmsis_gcc.h ****  * limitations under the License.
  23:./inc/cmsis_gcc.h ****  */
  24:./inc/cmsis_gcc.h **** 
  25:./inc/cmsis_gcc.h **** #ifndef __CMSIS_GCC_H
  26:./inc/cmsis_gcc.h **** #define __CMSIS_GCC_H
  27:./inc/cmsis_gcc.h **** 
  28:./inc/cmsis_gcc.h **** /* ignore some GCC warnings */
  29:./inc/cmsis_gcc.h **** #pragma GCC diagnostic push
  30:./inc/cmsis_gcc.h **** #pragma GCC diagnostic ignored "-Wsign-conversion"
  31:./inc/cmsis_gcc.h **** #pragma GCC diagnostic ignored "-Wconversion"
  32:./inc/cmsis_gcc.h **** #pragma GCC diagnostic ignored "-Wunused-parameter"
  33:./inc/cmsis_gcc.h **** 
  34:./inc/cmsis_gcc.h **** /* Fallback for __has_builtin */
  35:./inc/cmsis_gcc.h **** #ifndef __has_builtin
  36:./inc/cmsis_gcc.h ****   #define __has_builtin(x) (0)
  37:./inc/cmsis_gcc.h **** #endif
  38:./inc/cmsis_gcc.h **** 
  39:./inc/cmsis_gcc.h **** /* CMSIS compiler specific defines */
  40:./inc/cmsis_gcc.h **** #ifndef   __ASM
  41:./inc/cmsis_gcc.h ****   #define __ASM                                  __asm
  42:./inc/cmsis_gcc.h **** #endif
  43:./inc/cmsis_gcc.h **** #ifndef   __INLINE
  44:./inc/cmsis_gcc.h ****   #define __INLINE                               inline
  45:./inc/cmsis_gcc.h **** #endif
  46:./inc/cmsis_gcc.h **** #ifndef   __STATIC_INLINE
  47:./inc/cmsis_gcc.h ****   #define __STATIC_INLINE                        static inline
  48:./inc/cmsis_gcc.h **** #endif
  49:./inc/cmsis_gcc.h **** #ifndef   __STATIC_FORCEINLINE                 
  50:./inc/cmsis_gcc.h ****   #define __STATIC_FORCEINLINE                   __attribute__((always_inline)) static inline
  51:./inc/cmsis_gcc.h **** #endif                                           
  52:./inc/cmsis_gcc.h **** #ifndef   __NO_RETURN
  53:./inc/cmsis_gcc.h ****   #define __NO_RETURN                            __attribute__((__noreturn__))
  54:./inc/cmsis_gcc.h **** #endif
  55:./inc/cmsis_gcc.h **** #ifndef   __USED
  56:./inc/cmsis_gcc.h ****   #define __USED                                 __attribute__((used))
  57:./inc/cmsis_gcc.h **** #endif
  58:./inc/cmsis_gcc.h **** #ifndef   __WEAK
  59:./inc/cmsis_gcc.h ****   #define __WEAK                                 __attribute__((weak))
  60:./inc/cmsis_gcc.h **** #endif
  61:./inc/cmsis_gcc.h **** #ifndef   __PACKED
  62:./inc/cmsis_gcc.h ****   #define __PACKED                               __attribute__((packed, aligned(1)))
  63:./inc/cmsis_gcc.h **** #endif
  64:./inc/cmsis_gcc.h **** #ifndef   __PACKED_STRUCT
  65:./inc/cmsis_gcc.h ****   #define __PACKED_STRUCT                        struct __attribute__((packed, aligned(1)))
  66:./inc/cmsis_gcc.h **** #endif
  67:./inc/cmsis_gcc.h **** #ifndef   __PACKED_UNION
  68:./inc/cmsis_gcc.h ****   #define __PACKED_UNION                         union __attribute__((packed, aligned(1)))
  69:./inc/cmsis_gcc.h **** #endif
  70:./inc/cmsis_gcc.h **** #ifndef   __UNALIGNED_UINT32        /* deprecated */
  71:./inc/cmsis_gcc.h ****   #pragma GCC diagnostic push
  72:./inc/cmsis_gcc.h ****   #pragma GCC diagnostic ignored "-Wpacked"
  73:./inc/cmsis_gcc.h ****   #pragma GCC diagnostic ignored "-Wattributes"
  74:./inc/cmsis_gcc.h ****   struct __attribute__((packed)) T_UINT32 { uint32_t v; };
  75:./inc/cmsis_gcc.h ****   #pragma GCC diagnostic pop
  76:./inc/cmsis_gcc.h ****   #define __UNALIGNED_UINT32(x)                  (((struct T_UINT32 *)(x))->v)
  77:./inc/cmsis_gcc.h **** #endif
  78:./inc/cmsis_gcc.h **** #ifndef   __UNALIGNED_UINT16_WRITE
  79:./inc/cmsis_gcc.h ****   #pragma GCC diagnostic push
  80:./inc/cmsis_gcc.h ****   #pragma GCC diagnostic ignored "-Wpacked"
  81:./inc/cmsis_gcc.h ****   #pragma GCC diagnostic ignored "-Wattributes"
  82:./inc/cmsis_gcc.h ****   __PACKED_STRUCT T_UINT16_WRITE { uint16_t v; };
  83:./inc/cmsis_gcc.h ****   #pragma GCC diagnostic pop
  84:./inc/cmsis_gcc.h ****   #define __UNALIGNED_UINT16_WRITE(addr, val)    (void)((((struct T_UINT16_WRITE *)(void *)(addr))-
  85:./inc/cmsis_gcc.h **** #endif
  86:./inc/cmsis_gcc.h **** #ifndef   __UNALIGNED_UINT16_READ
  87:./inc/cmsis_gcc.h ****   #pragma GCC diagnostic push
  88:./inc/cmsis_gcc.h ****   #pragma GCC diagnostic ignored "-Wpacked"
  89:./inc/cmsis_gcc.h ****   #pragma GCC diagnostic ignored "-Wattributes"
  90:./inc/cmsis_gcc.h ****   __PACKED_STRUCT T_UINT16_READ { uint16_t v; };
  91:./inc/cmsis_gcc.h ****   #pragma GCC diagnostic pop
  92:./inc/cmsis_gcc.h ****   #define __UNALIGNED_UINT16_READ(addr)          (((const struct T_UINT16_READ *)(const void *)(add
  93:./inc/cmsis_gcc.h **** #endif
  94:./inc/cmsis_gcc.h **** #ifndef   __UNALIGNED_UINT32_WRITE
  95:./inc/cmsis_gcc.h ****   #pragma GCC diagnostic push
  96:./inc/cmsis_gcc.h ****   #pragma GCC diagnostic ignored "-Wpacked"
  97:./inc/cmsis_gcc.h ****   #pragma GCC diagnostic ignored "-Wattributes"
  98:./inc/cmsis_gcc.h ****   __PACKED_STRUCT T_UINT32_WRITE { uint32_t v; };
  99:./inc/cmsis_gcc.h ****   #pragma GCC diagnostic pop
 100:./inc/cmsis_gcc.h ****   #define __UNALIGNED_UINT32_WRITE(addr, val)    (void)((((struct T_UINT32_WRITE *)(void *)(addr))-
 101:./inc/cmsis_gcc.h **** #endif
 102:./inc/cmsis_gcc.h **** #ifndef   __UNALIGNED_UINT32_READ
 103:./inc/cmsis_gcc.h ****   #pragma GCC diagnostic push
 104:./inc/cmsis_gcc.h ****   #pragma GCC diagnostic ignored "-Wpacked"
 105:./inc/cmsis_gcc.h ****   #pragma GCC diagnostic ignored "-Wattributes"
 106:./inc/cmsis_gcc.h ****   __PACKED_STRUCT T_UINT32_READ { uint32_t v; };
 107:./inc/cmsis_gcc.h ****   #pragma GCC diagnostic pop
 108:./inc/cmsis_gcc.h ****   #define __UNALIGNED_UINT32_READ(addr)          (((const struct T_UINT32_READ *)(const void *)(add
 109:./inc/cmsis_gcc.h **** #endif
 110:./inc/cmsis_gcc.h **** #ifndef   __ALIGNED
 111:./inc/cmsis_gcc.h ****   #define __ALIGNED(x)                           __attribute__((aligned(x)))
 112:./inc/cmsis_gcc.h **** #endif
 113:./inc/cmsis_gcc.h **** #ifndef   __RESTRICT
 114:./inc/cmsis_gcc.h ****   #define __RESTRICT                             __restrict
 115:./inc/cmsis_gcc.h **** #endif
 116:./inc/cmsis_gcc.h **** #ifndef   __COMPILER_BARRIER
 117:./inc/cmsis_gcc.h ****   #define __COMPILER_BARRIER()                   __ASM volatile("":::"memory")
 118:./inc/cmsis_gcc.h **** #endif
 119:./inc/cmsis_gcc.h **** 
 120:./inc/cmsis_gcc.h **** /* #########################  Startup and Lowlevel Init  ######################## */
 121:./inc/cmsis_gcc.h **** 
 122:./inc/cmsis_gcc.h **** #ifndef __PROGRAM_START
 123:./inc/cmsis_gcc.h **** 
 124:./inc/cmsis_gcc.h **** /**
 125:./inc/cmsis_gcc.h ****   \brief   Initializes data and bss sections
 126:./inc/cmsis_gcc.h ****   \details This default implementations initialized all data and additional bss
 127:./inc/cmsis_gcc.h ****            sections relying on .copy.table and .zero.table specified properly
 128:./inc/cmsis_gcc.h ****            in the used linker script.
 129:./inc/cmsis_gcc.h ****   
 130:./inc/cmsis_gcc.h ****  */
 131:./inc/cmsis_gcc.h **** __STATIC_FORCEINLINE __NO_RETURN void __cmsis_start(void)
 132:./inc/cmsis_gcc.h **** {
 133:./inc/cmsis_gcc.h ****   extern void _start(void) __NO_RETURN;
 134:./inc/cmsis_gcc.h ****   
 135:./inc/cmsis_gcc.h ****   typedef struct {
 136:./inc/cmsis_gcc.h ****     uint32_t const* src;
 137:./inc/cmsis_gcc.h ****     uint32_t* dest;
 138:./inc/cmsis_gcc.h ****     uint32_t  wlen;
 139:./inc/cmsis_gcc.h ****   } __copy_table_t;
 140:./inc/cmsis_gcc.h ****   
 141:./inc/cmsis_gcc.h ****   typedef struct {
 142:./inc/cmsis_gcc.h ****     uint32_t* dest;
 143:./inc/cmsis_gcc.h ****     uint32_t  wlen;
 144:./inc/cmsis_gcc.h ****   } __zero_table_t;
 145:./inc/cmsis_gcc.h ****   
 146:./inc/cmsis_gcc.h ****   extern const __copy_table_t __copy_table_start__;
 147:./inc/cmsis_gcc.h ****   extern const __copy_table_t __copy_table_end__;
 148:./inc/cmsis_gcc.h ****   extern const __zero_table_t __zero_table_start__;
 149:./inc/cmsis_gcc.h ****   extern const __zero_table_t __zero_table_end__;
 150:./inc/cmsis_gcc.h **** 
 151:./inc/cmsis_gcc.h ****   for (__copy_table_t const* pTable = &__copy_table_start__; pTable < &__copy_table_end__; ++pTable
 152:./inc/cmsis_gcc.h ****     for(uint32_t i=0u; i<pTable->wlen; ++i) {
 153:./inc/cmsis_gcc.h ****       pTable->dest[i] = pTable->src[i];
 154:./inc/cmsis_gcc.h ****     }
 155:./inc/cmsis_gcc.h ****   }
 156:./inc/cmsis_gcc.h ****  
 157:./inc/cmsis_gcc.h ****   for (__zero_table_t const* pTable = &__zero_table_start__; pTable < &__zero_table_end__; ++pTable
 158:./inc/cmsis_gcc.h ****     for(uint32_t i=0u; i<pTable->wlen; ++i) {
 159:./inc/cmsis_gcc.h ****       pTable->dest[i] = 0u;
 160:./inc/cmsis_gcc.h ****     }
 161:./inc/cmsis_gcc.h ****   }
 162:./inc/cmsis_gcc.h ****  
 163:./inc/cmsis_gcc.h ****   _start();
 164:./inc/cmsis_gcc.h **** }
 165:./inc/cmsis_gcc.h ****   
 166:./inc/cmsis_gcc.h **** #define __PROGRAM_START           __cmsis_start
 167:./inc/cmsis_gcc.h **** #endif
 168:./inc/cmsis_gcc.h **** 
 169:./inc/cmsis_gcc.h **** #ifndef __INITIAL_SP
 170:./inc/cmsis_gcc.h **** #define __INITIAL_SP              __StackTop
 171:./inc/cmsis_gcc.h **** #endif
 172:./inc/cmsis_gcc.h **** 
 173:./inc/cmsis_gcc.h **** #ifndef __STACK_LIMIT
 174:./inc/cmsis_gcc.h **** #define __STACK_LIMIT             __StackLimit
 175:./inc/cmsis_gcc.h **** #endif
 176:./inc/cmsis_gcc.h **** 
 177:./inc/cmsis_gcc.h **** #ifndef __VECTOR_TABLE
 178:./inc/cmsis_gcc.h **** #define __VECTOR_TABLE            __Vectors
 179:./inc/cmsis_gcc.h **** #endif
 180:./inc/cmsis_gcc.h **** 
 181:./inc/cmsis_gcc.h **** #ifndef __VECTOR_TABLE_ATTRIBUTE
 182:./inc/cmsis_gcc.h **** #define __VECTOR_TABLE_ATTRIBUTE  __attribute((used, section(".vectors")))
 183:./inc/cmsis_gcc.h **** #endif
 184:./inc/cmsis_gcc.h **** 
 185:./inc/cmsis_gcc.h **** /* ###########################  Core Function Access  ########################### */
 186:./inc/cmsis_gcc.h **** /** \ingroup  CMSIS_Core_FunctionInterface
 187:./inc/cmsis_gcc.h ****     \defgroup CMSIS_Core_RegAccFunctions CMSIS Core Register Access Functions
 188:./inc/cmsis_gcc.h ****   @{
 189:./inc/cmsis_gcc.h ****  */
 190:./inc/cmsis_gcc.h **** 
 191:./inc/cmsis_gcc.h **** /**
 192:./inc/cmsis_gcc.h ****   \brief   Enable IRQ Interrupts
 193:./inc/cmsis_gcc.h ****   \details Enables IRQ interrupts by clearing the I-bit in the CPSR.
 194:./inc/cmsis_gcc.h ****            Can only be executed in Privileged modes.
 195:./inc/cmsis_gcc.h ****  */
 196:./inc/cmsis_gcc.h **** __STATIC_FORCEINLINE void __enable_irq(void)
 197:./inc/cmsis_gcc.h **** {
 198:./inc/cmsis_gcc.h ****   __ASM volatile ("cpsie i" : : : "memory");
 199:./inc/cmsis_gcc.h **** }
 200:./inc/cmsis_gcc.h **** 
 201:./inc/cmsis_gcc.h **** 
 202:./inc/cmsis_gcc.h **** /**
 203:./inc/cmsis_gcc.h ****   \brief   Disable IRQ Interrupts
 204:./inc/cmsis_gcc.h ****   \details Disables IRQ interrupts by setting the I-bit in the CPSR.
 205:./inc/cmsis_gcc.h ****            Can only be executed in Privileged modes.
 206:./inc/cmsis_gcc.h ****  */
 207:./inc/cmsis_gcc.h **** __STATIC_FORCEINLINE void __disable_irq(void)
 208:./inc/cmsis_gcc.h **** {
 209:./inc/cmsis_gcc.h ****   __ASM volatile ("cpsid i" : : : "memory");
 210:./inc/cmsis_gcc.h **** }
 211:./inc/cmsis_gcc.h **** 
 212:./inc/cmsis_gcc.h **** 
 213:./inc/cmsis_gcc.h **** /**
 214:./inc/cmsis_gcc.h ****   \brief   Get Control Register
 215:./inc/cmsis_gcc.h ****   \details Returns the content of the Control Register.
 216:./inc/cmsis_gcc.h ****   \return               Control Register value
 217:./inc/cmsis_gcc.h ****  */
 218:./inc/cmsis_gcc.h **** __STATIC_FORCEINLINE uint32_t __get_CONTROL(void)
 219:./inc/cmsis_gcc.h **** {
 220:./inc/cmsis_gcc.h ****   uint32_t result;
 221:./inc/cmsis_gcc.h **** 
 222:./inc/cmsis_gcc.h ****   __ASM volatile ("MRS %0, control" : "=r" (result) );
 223:./inc/cmsis_gcc.h ****   return(result);
 224:./inc/cmsis_gcc.h **** }
 225:./inc/cmsis_gcc.h **** 
 226:./inc/cmsis_gcc.h **** 
 227:./inc/cmsis_gcc.h **** #if (defined (__ARM_FEATURE_CMSE ) && (__ARM_FEATURE_CMSE == 3))
 228:./inc/cmsis_gcc.h **** /**
 229:./inc/cmsis_gcc.h ****   \brief   Get Control Register (non-secure)
 230:./inc/cmsis_gcc.h ****   \details Returns the content of the non-secure Control Register when in secure mode.
 231:./inc/cmsis_gcc.h ****   \return               non-secure Control Register value
 232:./inc/cmsis_gcc.h ****  */
 233:./inc/cmsis_gcc.h **** __STATIC_FORCEINLINE uint32_t __TZ_get_CONTROL_NS(void)
 234:./inc/cmsis_gcc.h **** {
 235:./inc/cmsis_gcc.h ****   uint32_t result;
 236:./inc/cmsis_gcc.h **** 
 237:./inc/cmsis_gcc.h ****   __ASM volatile ("MRS %0, control_ns" : "=r" (result) );
 238:./inc/cmsis_gcc.h ****   return(result);
 239:./inc/cmsis_gcc.h **** }
 240:./inc/cmsis_gcc.h **** #endif
 241:./inc/cmsis_gcc.h **** 
 242:./inc/cmsis_gcc.h **** 
 243:./inc/cmsis_gcc.h **** /**
 244:./inc/cmsis_gcc.h ****   \brief   Set Control Register
 245:./inc/cmsis_gcc.h ****   \details Writes the given value to the Control Register.
 246:./inc/cmsis_gcc.h ****   \param [in]    control  Control Register value to set
 247:./inc/cmsis_gcc.h ****  */
 248:./inc/cmsis_gcc.h **** __STATIC_FORCEINLINE void __set_CONTROL(uint32_t control)
 249:./inc/cmsis_gcc.h **** {
 250:./inc/cmsis_gcc.h ****   __ASM volatile ("MSR control, %0" : : "r" (control) : "memory");
 251:./inc/cmsis_gcc.h **** }
 252:./inc/cmsis_gcc.h **** 
 253:./inc/cmsis_gcc.h **** 
 254:./inc/cmsis_gcc.h **** #if (defined (__ARM_FEATURE_CMSE ) && (__ARM_FEATURE_CMSE == 3))
 255:./inc/cmsis_gcc.h **** /**
 256:./inc/cmsis_gcc.h ****   \brief   Set Control Register (non-secure)
 257:./inc/cmsis_gcc.h ****   \details Writes the given value to the non-secure Control Register when in secure state.
 258:./inc/cmsis_gcc.h ****   \param [in]    control  Control Register value to set
 259:./inc/cmsis_gcc.h ****  */
 260:./inc/cmsis_gcc.h **** __STATIC_FORCEINLINE void __TZ_set_CONTROL_NS(uint32_t control)
 261:./inc/cmsis_gcc.h **** {
 262:./inc/cmsis_gcc.h ****   __ASM volatile ("MSR control_ns, %0" : : "r" (control) : "memory");
 263:./inc/cmsis_gcc.h **** }
 264:./inc/cmsis_gcc.h **** #endif
 265:./inc/cmsis_gcc.h **** 
 266:./inc/cmsis_gcc.h **** 
 267:./inc/cmsis_gcc.h **** /**
 268:./inc/cmsis_gcc.h ****   \brief   Get IPSR Register
 269:./inc/cmsis_gcc.h ****   \details Returns the content of the IPSR Register.
 270:./inc/cmsis_gcc.h ****   \return               IPSR Register value
 271:./inc/cmsis_gcc.h ****  */
 272:./inc/cmsis_gcc.h **** __STATIC_FORCEINLINE uint32_t __get_IPSR(void)
 273:./inc/cmsis_gcc.h **** {
 274:./inc/cmsis_gcc.h ****   uint32_t result;
 275:./inc/cmsis_gcc.h **** 
 276:./inc/cmsis_gcc.h ****   __ASM volatile ("MRS %0, ipsr" : "=r" (result) );
 277:./inc/cmsis_gcc.h ****   return(result);
 278:./inc/cmsis_gcc.h **** }
 279:./inc/cmsis_gcc.h **** 
 280:./inc/cmsis_gcc.h **** 
 281:./inc/cmsis_gcc.h **** /**
 282:./inc/cmsis_gcc.h ****   \brief   Get APSR Register
 283:./inc/cmsis_gcc.h ****   \details Returns the content of the APSR Register.
 284:./inc/cmsis_gcc.h ****   \return               APSR Register value
 285:./inc/cmsis_gcc.h ****  */
 286:./inc/cmsis_gcc.h **** __STATIC_FORCEINLINE uint32_t __get_APSR(void)
 287:./inc/cmsis_gcc.h **** {
 288:./inc/cmsis_gcc.h ****   uint32_t result;
 289:./inc/cmsis_gcc.h **** 
 290:./inc/cmsis_gcc.h ****   __ASM volatile ("MRS %0, apsr" : "=r" (result) );
 291:./inc/cmsis_gcc.h ****   return(result);
 292:./inc/cmsis_gcc.h **** }
 293:./inc/cmsis_gcc.h **** 
 294:./inc/cmsis_gcc.h **** 
 295:./inc/cmsis_gcc.h **** /**
 296:./inc/cmsis_gcc.h ****   \brief   Get xPSR Register
 297:./inc/cmsis_gcc.h ****   \details Returns the content of the xPSR Register.
 298:./inc/cmsis_gcc.h ****   \return               xPSR Register value
 299:./inc/cmsis_gcc.h ****  */
 300:./inc/cmsis_gcc.h **** __STATIC_FORCEINLINE uint32_t __get_xPSR(void)
 301:./inc/cmsis_gcc.h **** {
 302:./inc/cmsis_gcc.h ****   uint32_t result;
 303:./inc/cmsis_gcc.h **** 
 304:./inc/cmsis_gcc.h ****   __ASM volatile ("MRS %0, xpsr" : "=r" (result) );
 305:./inc/cmsis_gcc.h ****   return(result);
 306:./inc/cmsis_gcc.h **** }
 307:./inc/cmsis_gcc.h **** 
 308:./inc/cmsis_gcc.h **** 
 309:./inc/cmsis_gcc.h **** /**
 310:./inc/cmsis_gcc.h ****   \brief   Get Process Stack Pointer
 311:./inc/cmsis_gcc.h ****   \details Returns the current value of the Process Stack Pointer (PSP).
 312:./inc/cmsis_gcc.h ****   \return               PSP Register value
 313:./inc/cmsis_gcc.h ****  */
 314:./inc/cmsis_gcc.h **** __STATIC_FORCEINLINE uint32_t __get_PSP(void)
 315:./inc/cmsis_gcc.h **** {
 316:./inc/cmsis_gcc.h ****   uint32_t result;
 317:./inc/cmsis_gcc.h **** 
 318:./inc/cmsis_gcc.h ****   __ASM volatile ("MRS %0, psp"  : "=r" (result) );
 319:./inc/cmsis_gcc.h ****   return(result);
 320:./inc/cmsis_gcc.h **** }
 321:./inc/cmsis_gcc.h **** 
 322:./inc/cmsis_gcc.h **** 
 323:./inc/cmsis_gcc.h **** #if (defined (__ARM_FEATURE_CMSE ) && (__ARM_FEATURE_CMSE == 3))
 324:./inc/cmsis_gcc.h **** /**
 325:./inc/cmsis_gcc.h ****   \brief   Get Process Stack Pointer (non-secure)
 326:./inc/cmsis_gcc.h ****   \details Returns the current value of the non-secure Process Stack Pointer (PSP) when in secure s
 327:./inc/cmsis_gcc.h ****   \return               PSP Register value
 328:./inc/cmsis_gcc.h ****  */
 329:./inc/cmsis_gcc.h **** __STATIC_FORCEINLINE uint32_t __TZ_get_PSP_NS(void)
 330:./inc/cmsis_gcc.h **** {
 331:./inc/cmsis_gcc.h ****   uint32_t result;
 332:./inc/cmsis_gcc.h **** 
 333:./inc/cmsis_gcc.h ****   __ASM volatile ("MRS %0, psp_ns"  : "=r" (result) );
 334:./inc/cmsis_gcc.h ****   return(result);
 335:./inc/cmsis_gcc.h **** }
 336:./inc/cmsis_gcc.h **** #endif
 337:./inc/cmsis_gcc.h **** 
 338:./inc/cmsis_gcc.h **** 
 339:./inc/cmsis_gcc.h **** /**
 340:./inc/cmsis_gcc.h ****   \brief   Set Process Stack Pointer
 341:./inc/cmsis_gcc.h ****   \details Assigns the given value to the Process Stack Pointer (PSP).
 342:./inc/cmsis_gcc.h ****   \param [in]    topOfProcStack  Process Stack Pointer value to set
 343:./inc/cmsis_gcc.h ****  */
 344:./inc/cmsis_gcc.h **** __STATIC_FORCEINLINE void __set_PSP(uint32_t topOfProcStack)
 345:./inc/cmsis_gcc.h **** {
 346:./inc/cmsis_gcc.h ****   __ASM volatile ("MSR psp, %0" : : "r" (topOfProcStack) : );
 347:./inc/cmsis_gcc.h **** }
 348:./inc/cmsis_gcc.h **** 
 349:./inc/cmsis_gcc.h **** 
 350:./inc/cmsis_gcc.h **** #if (defined (__ARM_FEATURE_CMSE ) && (__ARM_FEATURE_CMSE == 3))
 351:./inc/cmsis_gcc.h **** /**
 352:./inc/cmsis_gcc.h ****   \brief   Set Process Stack Pointer (non-secure)
 353:./inc/cmsis_gcc.h ****   \details Assigns the given value to the non-secure Process Stack Pointer (PSP) when in secure sta
 354:./inc/cmsis_gcc.h ****   \param [in]    topOfProcStack  Process Stack Pointer value to set
 355:./inc/cmsis_gcc.h ****  */
 356:./inc/cmsis_gcc.h **** __STATIC_FORCEINLINE void __TZ_set_PSP_NS(uint32_t topOfProcStack)
 357:./inc/cmsis_gcc.h **** {
 358:./inc/cmsis_gcc.h ****   __ASM volatile ("MSR psp_ns, %0" : : "r" (topOfProcStack) : );
 359:./inc/cmsis_gcc.h **** }
 360:./inc/cmsis_gcc.h **** #endif
 361:./inc/cmsis_gcc.h **** 
 362:./inc/cmsis_gcc.h **** 
 363:./inc/cmsis_gcc.h **** /**
 364:./inc/cmsis_gcc.h ****   \brief   Get Main Stack Pointer
 365:./inc/cmsis_gcc.h ****   \details Returns the current value of the Main Stack Pointer (MSP).
 366:./inc/cmsis_gcc.h ****   \return               MSP Register value
 367:./inc/cmsis_gcc.h ****  */
 368:./inc/cmsis_gcc.h **** __STATIC_FORCEINLINE uint32_t __get_MSP(void)
 369:./inc/cmsis_gcc.h **** {
 370:./inc/cmsis_gcc.h ****   uint32_t result;
 371:./inc/cmsis_gcc.h **** 
 372:./inc/cmsis_gcc.h ****   __ASM volatile ("MRS %0, msp" : "=r" (result) );
 373:./inc/cmsis_gcc.h ****   return(result);
 374:./inc/cmsis_gcc.h **** }
 375:./inc/cmsis_gcc.h **** 
 376:./inc/cmsis_gcc.h **** 
 377:./inc/cmsis_gcc.h **** #if (defined (__ARM_FEATURE_CMSE ) && (__ARM_FEATURE_CMSE == 3))
 378:./inc/cmsis_gcc.h **** /**
 379:./inc/cmsis_gcc.h ****   \brief   Get Main Stack Pointer (non-secure)
 380:./inc/cmsis_gcc.h ****   \details Returns the current value of the non-secure Main Stack Pointer (MSP) when in secure stat
 381:./inc/cmsis_gcc.h ****   \return               MSP Register value
 382:./inc/cmsis_gcc.h ****  */
 383:./inc/cmsis_gcc.h **** __STATIC_FORCEINLINE uint32_t __TZ_get_MSP_NS(void)
 384:./inc/cmsis_gcc.h **** {
 385:./inc/cmsis_gcc.h ****   uint32_t result;
 386:./inc/cmsis_gcc.h **** 
 387:./inc/cmsis_gcc.h ****   __ASM volatile ("MRS %0, msp_ns" : "=r" (result) );
 388:./inc/cmsis_gcc.h ****   return(result);
 389:./inc/cmsis_gcc.h **** }
 390:./inc/cmsis_gcc.h **** #endif
 391:./inc/cmsis_gcc.h **** 
 392:./inc/cmsis_gcc.h **** 
 393:./inc/cmsis_gcc.h **** /**
 394:./inc/cmsis_gcc.h ****   \brief   Set Main Stack Pointer
 395:./inc/cmsis_gcc.h ****   \details Assigns the given value to the Main Stack Pointer (MSP).
 396:./inc/cmsis_gcc.h ****   \param [in]    topOfMainStack  Main Stack Pointer value to set
 397:./inc/cmsis_gcc.h ****  */
 398:./inc/cmsis_gcc.h **** __STATIC_FORCEINLINE void __set_MSP(uint32_t topOfMainStack)
 399:./inc/cmsis_gcc.h **** {
 400:./inc/cmsis_gcc.h ****   __ASM volatile ("MSR msp, %0" : : "r" (topOfMainStack) : );
 401:./inc/cmsis_gcc.h **** }
 402:./inc/cmsis_gcc.h **** 
 403:./inc/cmsis_gcc.h **** 
 404:./inc/cmsis_gcc.h **** #if (defined (__ARM_FEATURE_CMSE ) && (__ARM_FEATURE_CMSE == 3))
 405:./inc/cmsis_gcc.h **** /**
 406:./inc/cmsis_gcc.h ****   \brief   Set Main Stack Pointer (non-secure)
 407:./inc/cmsis_gcc.h ****   \details Assigns the given value to the non-secure Main Stack Pointer (MSP) when in secure state.
 408:./inc/cmsis_gcc.h ****   \param [in]    topOfMainStack  Main Stack Pointer value to set
 409:./inc/cmsis_gcc.h ****  */
 410:./inc/cmsis_gcc.h **** __STATIC_FORCEINLINE void __TZ_set_MSP_NS(uint32_t topOfMainStack)
 411:./inc/cmsis_gcc.h **** {
 412:./inc/cmsis_gcc.h ****   __ASM volatile ("MSR msp_ns, %0" : : "r" (topOfMainStack) : );
 413:./inc/cmsis_gcc.h **** }
 414:./inc/cmsis_gcc.h **** #endif
 415:./inc/cmsis_gcc.h **** 
 416:./inc/cmsis_gcc.h **** 
 417:./inc/cmsis_gcc.h **** #if (defined (__ARM_FEATURE_CMSE ) && (__ARM_FEATURE_CMSE == 3))
 418:./inc/cmsis_gcc.h **** /**
 419:./inc/cmsis_gcc.h ****   \brief   Get Stack Pointer (non-secure)
 420:./inc/cmsis_gcc.h ****   \details Returns the current value of the non-secure Stack Pointer (SP) when in secure state.
 421:./inc/cmsis_gcc.h ****   \return               SP Register value
 422:./inc/cmsis_gcc.h ****  */
 423:./inc/cmsis_gcc.h **** __STATIC_FORCEINLINE uint32_t __TZ_get_SP_NS(void)
 424:./inc/cmsis_gcc.h **** {
 425:./inc/cmsis_gcc.h ****   uint32_t result;
 426:./inc/cmsis_gcc.h **** 
 427:./inc/cmsis_gcc.h ****   __ASM volatile ("MRS %0, sp_ns" : "=r" (result) );
 428:./inc/cmsis_gcc.h ****   return(result);
 429:./inc/cmsis_gcc.h **** }
 430:./inc/cmsis_gcc.h **** 
 431:./inc/cmsis_gcc.h **** 
 432:./inc/cmsis_gcc.h **** /**
 433:./inc/cmsis_gcc.h ****   \brief   Set Stack Pointer (non-secure)
 434:./inc/cmsis_gcc.h ****   \details Assigns the given value to the non-secure Stack Pointer (SP) when in secure state.
 435:./inc/cmsis_gcc.h ****   \param [in]    topOfStack  Stack Pointer value to set
 436:./inc/cmsis_gcc.h ****  */
 437:./inc/cmsis_gcc.h **** __STATIC_FORCEINLINE void __TZ_set_SP_NS(uint32_t topOfStack)
 438:./inc/cmsis_gcc.h **** {
 439:./inc/cmsis_gcc.h ****   __ASM volatile ("MSR sp_ns, %0" : : "r" (topOfStack) : );
 440:./inc/cmsis_gcc.h **** }
 441:./inc/cmsis_gcc.h **** #endif
 442:./inc/cmsis_gcc.h **** 
 443:./inc/cmsis_gcc.h **** 
 444:./inc/cmsis_gcc.h **** /**
 445:./inc/cmsis_gcc.h ****   \brief   Get Priority Mask
 446:./inc/cmsis_gcc.h ****   \details Returns the current state of the priority mask bit from the Priority Mask Register.
 447:./inc/cmsis_gcc.h ****   \return               Priority Mask value
 448:./inc/cmsis_gcc.h ****  */
 449:./inc/cmsis_gcc.h **** __STATIC_FORCEINLINE uint32_t __get_PRIMASK(void)
 168              		.loc 2 449 31 view .LVU54
 169              	.LBB45:
 450:./inc/cmsis_gcc.h **** {
 451:./inc/cmsis_gcc.h ****   uint32_t result;
 170              		.loc 2 451 3 view .LVU55
 452:./inc/cmsis_gcc.h **** 
 453:./inc/cmsis_gcc.h ****   __ASM volatile ("MRS %0, primask" : "=r" (result) :: "memory");
 171              		.loc 2 453 3 view .LVU56
 172              		.syntax unified
 173              	@ 453 "./inc/cmsis_gcc.h" 1
 174 0066 EFF31082 		MRS r2, primask
 175              	@ 0 "" 2
 176              	.LVL11:
 454:./inc/cmsis_gcc.h ****   return(result);
 177              		.loc 2 454 3 view .LVU57
 178              		.loc 2 454 3 is_stmt 0 view .LVU58
 179              		.thumb
 180              		.syntax unified
 181              	.LBE45:
 182              	.LBE44:
 183              		.loc 1 1146 3 is_stmt 1 view .LVU59
 184              	.LBB46:
 185              	.LBI46:
 207:./inc/cmsis_gcc.h **** {
 186              		.loc 2 207 27 view .LVU60
 187              	.LBB47:
 209:./inc/cmsis_gcc.h **** }
 188              		.loc 2 209 3 view .LVU61
 189              		.syntax unified
 190              	@ 209 "./inc/cmsis_gcc.h" 1
 191 006a 72B6     		cpsid i
 192              	@ 0 "" 2
 193              		.thumb
 194              		.syntax unified
 195              	.LBE47:
 196              	.LBE46:
 197              		.loc 1 1146 3 view .LVU62
 198              	.LBB48:
 199              	.LBI48:
 455:./inc/cmsis_gcc.h **** }
 456:./inc/cmsis_gcc.h **** 
 457:./inc/cmsis_gcc.h **** 
 458:./inc/cmsis_gcc.h **** #if (defined (__ARM_FEATURE_CMSE ) && (__ARM_FEATURE_CMSE == 3))
 459:./inc/cmsis_gcc.h **** /**
 460:./inc/cmsis_gcc.h ****   \brief   Get Priority Mask (non-secure)
 461:./inc/cmsis_gcc.h ****   \details Returns the current state of the non-secure priority mask bit from the Priority Mask Reg
 462:./inc/cmsis_gcc.h ****   \return               Priority Mask value
 463:./inc/cmsis_gcc.h ****  */
 464:./inc/cmsis_gcc.h **** __STATIC_FORCEINLINE uint32_t __TZ_get_PRIMASK_NS(void)
 465:./inc/cmsis_gcc.h **** {
 466:./inc/cmsis_gcc.h ****   uint32_t result;
 467:./inc/cmsis_gcc.h **** 
 468:./inc/cmsis_gcc.h ****   __ASM volatile ("MRS %0, primask_ns" : "=r" (result) :: "memory");
 469:./inc/cmsis_gcc.h ****   return(result);
 470:./inc/cmsis_gcc.h **** }
 471:./inc/cmsis_gcc.h **** #endif
 472:./inc/cmsis_gcc.h **** 
 473:./inc/cmsis_gcc.h **** 
 474:./inc/cmsis_gcc.h **** /**
 475:./inc/cmsis_gcc.h ****   \brief   Set Priority Mask
 476:./inc/cmsis_gcc.h ****   \details Assigns the given value to the Priority Mask Register.
 477:./inc/cmsis_gcc.h ****   \param [in]    priMask  Priority Mask
 478:./inc/cmsis_gcc.h ****  */
 479:./inc/cmsis_gcc.h **** __STATIC_FORCEINLINE void __set_PRIMASK(uint32_t priMask)
 480:./inc/cmsis_gcc.h **** {
 481:./inc/cmsis_gcc.h ****   __ASM volatile ("MSR primask, %0" : : "r" (priMask) : "memory");
 482:./inc/cmsis_gcc.h **** }
 483:./inc/cmsis_gcc.h **** 
 484:./inc/cmsis_gcc.h **** 
 485:./inc/cmsis_gcc.h **** #if (defined (__ARM_FEATURE_CMSE ) && (__ARM_FEATURE_CMSE == 3))
 486:./inc/cmsis_gcc.h **** /**
 487:./inc/cmsis_gcc.h ****   \brief   Set Priority Mask (non-secure)
 488:./inc/cmsis_gcc.h ****   \details Assigns the given value to the non-secure Priority Mask Register when in secure state.
 489:./inc/cmsis_gcc.h ****   \param [in]    priMask  Priority Mask
 490:./inc/cmsis_gcc.h ****  */
 491:./inc/cmsis_gcc.h **** __STATIC_FORCEINLINE void __TZ_set_PRIMASK_NS(uint32_t priMask)
 492:./inc/cmsis_gcc.h **** {
 493:./inc/cmsis_gcc.h ****   __ASM volatile ("MSR primask_ns, %0" : : "r" (priMask) : "memory");
 494:./inc/cmsis_gcc.h **** }
 495:./inc/cmsis_gcc.h **** #endif
 496:./inc/cmsis_gcc.h **** 
 497:./inc/cmsis_gcc.h **** 
 498:./inc/cmsis_gcc.h **** #if ((defined (__ARM_ARCH_7M__      ) && (__ARM_ARCH_7M__      == 1)) || \
 499:./inc/cmsis_gcc.h ****      (defined (__ARM_ARCH_7EM__     ) && (__ARM_ARCH_7EM__     == 1)) || \
 500:./inc/cmsis_gcc.h ****      (defined (__ARM_ARCH_8M_MAIN__ ) && (__ARM_ARCH_8M_MAIN__ == 1))    )
 501:./inc/cmsis_gcc.h **** /**
 502:./inc/cmsis_gcc.h ****   \brief   Enable FIQ
 503:./inc/cmsis_gcc.h ****   \details Enables FIQ interrupts by clearing the F-bit in the CPSR.
 504:./inc/cmsis_gcc.h ****            Can only be executed in Privileged modes.
 505:./inc/cmsis_gcc.h ****  */
 506:./inc/cmsis_gcc.h **** __STATIC_FORCEINLINE void __enable_fault_irq(void)
 507:./inc/cmsis_gcc.h **** {
 508:./inc/cmsis_gcc.h ****   __ASM volatile ("cpsie f" : : : "memory");
 509:./inc/cmsis_gcc.h **** }
 510:./inc/cmsis_gcc.h **** 
 511:./inc/cmsis_gcc.h **** 
 512:./inc/cmsis_gcc.h **** /**
 513:./inc/cmsis_gcc.h ****   \brief   Disable FIQ
 514:./inc/cmsis_gcc.h ****   \details Disables FIQ interrupts by setting the F-bit in the CPSR.
 515:./inc/cmsis_gcc.h ****            Can only be executed in Privileged modes.
 516:./inc/cmsis_gcc.h ****  */
 517:./inc/cmsis_gcc.h **** __STATIC_FORCEINLINE void __disable_fault_irq(void)
 518:./inc/cmsis_gcc.h **** {
 519:./inc/cmsis_gcc.h ****   __ASM volatile ("cpsid f" : : : "memory");
 520:./inc/cmsis_gcc.h **** }
 521:./inc/cmsis_gcc.h **** 
 522:./inc/cmsis_gcc.h **** 
 523:./inc/cmsis_gcc.h **** /**
 524:./inc/cmsis_gcc.h ****   \brief   Get Base Priority
 525:./inc/cmsis_gcc.h ****   \details Returns the current value of the Base Priority register.
 526:./inc/cmsis_gcc.h ****   \return               Base Priority register value
 527:./inc/cmsis_gcc.h ****  */
 528:./inc/cmsis_gcc.h **** __STATIC_FORCEINLINE uint32_t __get_BASEPRI(void)
 529:./inc/cmsis_gcc.h **** {
 530:./inc/cmsis_gcc.h ****   uint32_t result;
 531:./inc/cmsis_gcc.h **** 
 532:./inc/cmsis_gcc.h ****   __ASM volatile ("MRS %0, basepri" : "=r" (result) );
 533:./inc/cmsis_gcc.h ****   return(result);
 534:./inc/cmsis_gcc.h **** }
 535:./inc/cmsis_gcc.h **** 
 536:./inc/cmsis_gcc.h **** 
 537:./inc/cmsis_gcc.h **** #if (defined (__ARM_FEATURE_CMSE ) && (__ARM_FEATURE_CMSE == 3))
 538:./inc/cmsis_gcc.h **** /**
 539:./inc/cmsis_gcc.h ****   \brief   Get Base Priority (non-secure)
 540:./inc/cmsis_gcc.h ****   \details Returns the current value of the non-secure Base Priority register when in secure state.
 541:./inc/cmsis_gcc.h ****   \return               Base Priority register value
 542:./inc/cmsis_gcc.h ****  */
 543:./inc/cmsis_gcc.h **** __STATIC_FORCEINLINE uint32_t __TZ_get_BASEPRI_NS(void)
 544:./inc/cmsis_gcc.h **** {
 545:./inc/cmsis_gcc.h ****   uint32_t result;
 546:./inc/cmsis_gcc.h **** 
 547:./inc/cmsis_gcc.h ****   __ASM volatile ("MRS %0, basepri_ns" : "=r" (result) );
 548:./inc/cmsis_gcc.h ****   return(result);
 549:./inc/cmsis_gcc.h **** }
 550:./inc/cmsis_gcc.h **** #endif
 551:./inc/cmsis_gcc.h **** 
 552:./inc/cmsis_gcc.h **** 
 553:./inc/cmsis_gcc.h **** /**
 554:./inc/cmsis_gcc.h ****   \brief   Set Base Priority
 555:./inc/cmsis_gcc.h ****   \details Assigns the given value to the Base Priority register.
 556:./inc/cmsis_gcc.h ****   \param [in]    basePri  Base Priority value to set
 557:./inc/cmsis_gcc.h ****  */
 558:./inc/cmsis_gcc.h **** __STATIC_FORCEINLINE void __set_BASEPRI(uint32_t basePri)
 559:./inc/cmsis_gcc.h **** {
 560:./inc/cmsis_gcc.h ****   __ASM volatile ("MSR basepri, %0" : : "r" (basePri) : "memory");
 561:./inc/cmsis_gcc.h **** }
 562:./inc/cmsis_gcc.h **** 
 563:./inc/cmsis_gcc.h **** 
 564:./inc/cmsis_gcc.h **** #if (defined (__ARM_FEATURE_CMSE ) && (__ARM_FEATURE_CMSE == 3))
 565:./inc/cmsis_gcc.h **** /**
 566:./inc/cmsis_gcc.h ****   \brief   Set Base Priority (non-secure)
 567:./inc/cmsis_gcc.h ****   \details Assigns the given value to the non-secure Base Priority register when in secure state.
 568:./inc/cmsis_gcc.h ****   \param [in]    basePri  Base Priority value to set
 569:./inc/cmsis_gcc.h ****  */
 570:./inc/cmsis_gcc.h **** __STATIC_FORCEINLINE void __TZ_set_BASEPRI_NS(uint32_t basePri)
 571:./inc/cmsis_gcc.h **** {
 572:./inc/cmsis_gcc.h ****   __ASM volatile ("MSR basepri_ns, %0" : : "r" (basePri) : "memory");
 573:./inc/cmsis_gcc.h **** }
 574:./inc/cmsis_gcc.h **** #endif
 575:./inc/cmsis_gcc.h **** 
 576:./inc/cmsis_gcc.h **** 
 577:./inc/cmsis_gcc.h **** /**
 578:./inc/cmsis_gcc.h ****   \brief   Set Base Priority with condition
 579:./inc/cmsis_gcc.h ****   \details Assigns the given value to the Base Priority register only if BASEPRI masking is disable
 580:./inc/cmsis_gcc.h ****            or the new value increases the BASEPRI priority level.
 581:./inc/cmsis_gcc.h ****   \param [in]    basePri  Base Priority value to set
 582:./inc/cmsis_gcc.h ****  */
 583:./inc/cmsis_gcc.h **** __STATIC_FORCEINLINE void __set_BASEPRI_MAX(uint32_t basePri)
 584:./inc/cmsis_gcc.h **** {
 585:./inc/cmsis_gcc.h ****   __ASM volatile ("MSR basepri_max, %0" : : "r" (basePri) : "memory");
 586:./inc/cmsis_gcc.h **** }
 587:./inc/cmsis_gcc.h **** 
 588:./inc/cmsis_gcc.h **** 
 589:./inc/cmsis_gcc.h **** /**
 590:./inc/cmsis_gcc.h ****   \brief   Get Fault Mask
 591:./inc/cmsis_gcc.h ****   \details Returns the current value of the Fault Mask register.
 592:./inc/cmsis_gcc.h ****   \return               Fault Mask register value
 593:./inc/cmsis_gcc.h ****  */
 594:./inc/cmsis_gcc.h **** __STATIC_FORCEINLINE uint32_t __get_FAULTMASK(void)
 595:./inc/cmsis_gcc.h **** {
 596:./inc/cmsis_gcc.h ****   uint32_t result;
 597:./inc/cmsis_gcc.h **** 
 598:./inc/cmsis_gcc.h ****   __ASM volatile ("MRS %0, faultmask" : "=r" (result) );
 599:./inc/cmsis_gcc.h ****   return(result);
 600:./inc/cmsis_gcc.h **** }
 601:./inc/cmsis_gcc.h **** 
 602:./inc/cmsis_gcc.h **** 
 603:./inc/cmsis_gcc.h **** #if (defined (__ARM_FEATURE_CMSE ) && (__ARM_FEATURE_CMSE == 3))
 604:./inc/cmsis_gcc.h **** /**
 605:./inc/cmsis_gcc.h ****   \brief   Get Fault Mask (non-secure)
 606:./inc/cmsis_gcc.h ****   \details Returns the current value of the non-secure Fault Mask register when in secure state.
 607:./inc/cmsis_gcc.h ****   \return               Fault Mask register value
 608:./inc/cmsis_gcc.h ****  */
 609:./inc/cmsis_gcc.h **** __STATIC_FORCEINLINE uint32_t __TZ_get_FAULTMASK_NS(void)
 610:./inc/cmsis_gcc.h **** {
 611:./inc/cmsis_gcc.h ****   uint32_t result;
 612:./inc/cmsis_gcc.h **** 
 613:./inc/cmsis_gcc.h ****   __ASM volatile ("MRS %0, faultmask_ns" : "=r" (result) );
 614:./inc/cmsis_gcc.h ****   return(result);
 615:./inc/cmsis_gcc.h **** }
 616:./inc/cmsis_gcc.h **** #endif
 617:./inc/cmsis_gcc.h **** 
 618:./inc/cmsis_gcc.h **** 
 619:./inc/cmsis_gcc.h **** /**
 620:./inc/cmsis_gcc.h ****   \brief   Set Fault Mask
 621:./inc/cmsis_gcc.h ****   \details Assigns the given value to the Fault Mask register.
 622:./inc/cmsis_gcc.h ****   \param [in]    faultMask  Fault Mask value to set
 623:./inc/cmsis_gcc.h ****  */
 624:./inc/cmsis_gcc.h **** __STATIC_FORCEINLINE void __set_FAULTMASK(uint32_t faultMask)
 625:./inc/cmsis_gcc.h **** {
 626:./inc/cmsis_gcc.h ****   __ASM volatile ("MSR faultmask, %0" : : "r" (faultMask) : "memory");
 627:./inc/cmsis_gcc.h **** }
 628:./inc/cmsis_gcc.h **** 
 629:./inc/cmsis_gcc.h **** 
 630:./inc/cmsis_gcc.h **** #if (defined (__ARM_FEATURE_CMSE ) && (__ARM_FEATURE_CMSE == 3))
 631:./inc/cmsis_gcc.h **** /**
 632:./inc/cmsis_gcc.h ****   \brief   Set Fault Mask (non-secure)
 633:./inc/cmsis_gcc.h ****   \details Assigns the given value to the non-secure Fault Mask register when in secure state.
 634:./inc/cmsis_gcc.h ****   \param [in]    faultMask  Fault Mask value to set
 635:./inc/cmsis_gcc.h ****  */
 636:./inc/cmsis_gcc.h **** __STATIC_FORCEINLINE void __TZ_set_FAULTMASK_NS(uint32_t faultMask)
 637:./inc/cmsis_gcc.h **** {
 638:./inc/cmsis_gcc.h ****   __ASM volatile ("MSR faultmask_ns, %0" : : "r" (faultMask) : "memory");
 639:./inc/cmsis_gcc.h **** }
 640:./inc/cmsis_gcc.h **** #endif
 641:./inc/cmsis_gcc.h **** 
 642:./inc/cmsis_gcc.h **** #endif /* ((defined (__ARM_ARCH_7M__      ) && (__ARM_ARCH_7M__      == 1)) || \
 643:./inc/cmsis_gcc.h ****            (defined (__ARM_ARCH_7EM__     ) && (__ARM_ARCH_7EM__     == 1)) || \
 644:./inc/cmsis_gcc.h ****            (defined (__ARM_ARCH_8M_MAIN__ ) && (__ARM_ARCH_8M_MAIN__ == 1))    ) */
 645:./inc/cmsis_gcc.h **** 
 646:./inc/cmsis_gcc.h **** 
 647:./inc/cmsis_gcc.h **** #if ((defined (__ARM_ARCH_8M_MAIN__ ) && (__ARM_ARCH_8M_MAIN__ == 1)) || \
 648:./inc/cmsis_gcc.h ****      (defined (__ARM_ARCH_8M_BASE__ ) && (__ARM_ARCH_8M_BASE__ == 1))    )
 649:./inc/cmsis_gcc.h **** 
 650:./inc/cmsis_gcc.h **** /**
 651:./inc/cmsis_gcc.h ****   \brief   Get Process Stack Pointer Limit
 652:./inc/cmsis_gcc.h ****   Devices without ARMv8-M Main Extensions (i.e. Cortex-M23) lack the non-secure
 653:./inc/cmsis_gcc.h ****   Stack Pointer Limit register hence zero is returned always in non-secure
 654:./inc/cmsis_gcc.h ****   mode.
 655:./inc/cmsis_gcc.h ****   
 656:./inc/cmsis_gcc.h ****   \details Returns the current value of the Process Stack Pointer Limit (PSPLIM).
 657:./inc/cmsis_gcc.h ****   \return               PSPLIM Register value
 658:./inc/cmsis_gcc.h ****  */
 659:./inc/cmsis_gcc.h **** __STATIC_FORCEINLINE uint32_t __get_PSPLIM(void)
 660:./inc/cmsis_gcc.h **** {
 661:./inc/cmsis_gcc.h **** #if (!(defined (__ARM_ARCH_8M_MAIN__ ) && (__ARM_ARCH_8M_MAIN__ == 1)) && \
 662:./inc/cmsis_gcc.h ****     (!defined (__ARM_FEATURE_CMSE) || (__ARM_FEATURE_CMSE < 3)))
 663:./inc/cmsis_gcc.h ****     // without main extensions, the non-secure PSPLIM is RAZ/WI
 664:./inc/cmsis_gcc.h ****   return 0U;
 665:./inc/cmsis_gcc.h **** #else
 666:./inc/cmsis_gcc.h ****   uint32_t result;
 667:./inc/cmsis_gcc.h ****   __ASM volatile ("MRS %0, psplim"  : "=r" (result) );
 668:./inc/cmsis_gcc.h ****   return result;
 669:./inc/cmsis_gcc.h **** #endif
 670:./inc/cmsis_gcc.h **** }
 671:./inc/cmsis_gcc.h **** 
 672:./inc/cmsis_gcc.h **** #if (defined (__ARM_FEATURE_CMSE) && (__ARM_FEATURE_CMSE == 3))
 673:./inc/cmsis_gcc.h **** /**
 674:./inc/cmsis_gcc.h ****   \brief   Get Process Stack Pointer Limit (non-secure)
 675:./inc/cmsis_gcc.h ****   Devices without ARMv8-M Main Extensions (i.e. Cortex-M23) lack the non-secure
 676:./inc/cmsis_gcc.h ****   Stack Pointer Limit register hence zero is returned always.
 677:./inc/cmsis_gcc.h **** 
 678:./inc/cmsis_gcc.h ****   \details Returns the current value of the non-secure Process Stack Pointer Limit (PSPLIM) when in
 679:./inc/cmsis_gcc.h ****   \return               PSPLIM Register value
 680:./inc/cmsis_gcc.h ****  */
 681:./inc/cmsis_gcc.h **** __STATIC_FORCEINLINE uint32_t __TZ_get_PSPLIM_NS(void)
 682:./inc/cmsis_gcc.h **** {
 683:./inc/cmsis_gcc.h **** #if (!(defined (__ARM_ARCH_8M_MAIN__ ) && (__ARM_ARCH_8M_MAIN__ == 1)))
 684:./inc/cmsis_gcc.h ****   // without main extensions, the non-secure PSPLIM is RAZ/WI
 685:./inc/cmsis_gcc.h ****   return 0U;
 686:./inc/cmsis_gcc.h **** #else
 687:./inc/cmsis_gcc.h ****   uint32_t result;
 688:./inc/cmsis_gcc.h ****   __ASM volatile ("MRS %0, psplim_ns"  : "=r" (result) );
 689:./inc/cmsis_gcc.h ****   return result;
 690:./inc/cmsis_gcc.h **** #endif
 691:./inc/cmsis_gcc.h **** }
 692:./inc/cmsis_gcc.h **** #endif
 693:./inc/cmsis_gcc.h **** 
 694:./inc/cmsis_gcc.h **** 
 695:./inc/cmsis_gcc.h **** /**
 696:./inc/cmsis_gcc.h ****   \brief   Set Process Stack Pointer Limit
 697:./inc/cmsis_gcc.h ****   Devices without ARMv8-M Main Extensions (i.e. Cortex-M23) lack the non-secure
 698:./inc/cmsis_gcc.h ****   Stack Pointer Limit register hence the write is silently ignored in non-secure
 699:./inc/cmsis_gcc.h ****   mode.
 700:./inc/cmsis_gcc.h ****   
 701:./inc/cmsis_gcc.h ****   \details Assigns the given value to the Process Stack Pointer Limit (PSPLIM).
 702:./inc/cmsis_gcc.h ****   \param [in]    ProcStackPtrLimit  Process Stack Pointer Limit value to set
 703:./inc/cmsis_gcc.h ****  */
 704:./inc/cmsis_gcc.h **** __STATIC_FORCEINLINE void __set_PSPLIM(uint32_t ProcStackPtrLimit)
 705:./inc/cmsis_gcc.h **** {
 706:./inc/cmsis_gcc.h **** #if (!(defined (__ARM_ARCH_8M_MAIN__ ) && (__ARM_ARCH_8M_MAIN__ == 1)) && \
 707:./inc/cmsis_gcc.h ****     (!defined (__ARM_FEATURE_CMSE) || (__ARM_FEATURE_CMSE < 3)))
 708:./inc/cmsis_gcc.h ****   // without main extensions, the non-secure PSPLIM is RAZ/WI
 709:./inc/cmsis_gcc.h ****   (void)ProcStackPtrLimit;
 710:./inc/cmsis_gcc.h **** #else
 711:./inc/cmsis_gcc.h ****   __ASM volatile ("MSR psplim, %0" : : "r" (ProcStackPtrLimit));
 712:./inc/cmsis_gcc.h **** #endif
 713:./inc/cmsis_gcc.h **** }
 714:./inc/cmsis_gcc.h **** 
 715:./inc/cmsis_gcc.h **** 
 716:./inc/cmsis_gcc.h **** #if (defined (__ARM_FEATURE_CMSE  ) && (__ARM_FEATURE_CMSE   == 3))
 717:./inc/cmsis_gcc.h **** /**
 718:./inc/cmsis_gcc.h ****   \brief   Set Process Stack Pointer (non-secure)
 719:./inc/cmsis_gcc.h ****   Devices without ARMv8-M Main Extensions (i.e. Cortex-M23) lack the non-secure
 720:./inc/cmsis_gcc.h ****   Stack Pointer Limit register hence the write is silently ignored.
 721:./inc/cmsis_gcc.h **** 
 722:./inc/cmsis_gcc.h ****   \details Assigns the given value to the non-secure Process Stack Pointer Limit (PSPLIM) when in s
 723:./inc/cmsis_gcc.h ****   \param [in]    ProcStackPtrLimit  Process Stack Pointer Limit value to set
 724:./inc/cmsis_gcc.h ****  */
 725:./inc/cmsis_gcc.h **** __STATIC_FORCEINLINE void __TZ_set_PSPLIM_NS(uint32_t ProcStackPtrLimit)
 726:./inc/cmsis_gcc.h **** {
 727:./inc/cmsis_gcc.h **** #if (!(defined (__ARM_ARCH_8M_MAIN__ ) && (__ARM_ARCH_8M_MAIN__ == 1)))
 728:./inc/cmsis_gcc.h ****   // without main extensions, the non-secure PSPLIM is RAZ/WI
 729:./inc/cmsis_gcc.h ****   (void)ProcStackPtrLimit;
 730:./inc/cmsis_gcc.h **** #else
 731:./inc/cmsis_gcc.h ****   __ASM volatile ("MSR psplim_ns, %0\n" : : "r" (ProcStackPtrLimit));
 732:./inc/cmsis_gcc.h **** #endif
 733:./inc/cmsis_gcc.h **** }
 734:./inc/cmsis_gcc.h **** #endif
 735:./inc/cmsis_gcc.h **** 
 736:./inc/cmsis_gcc.h **** 
 737:./inc/cmsis_gcc.h **** /**
 738:./inc/cmsis_gcc.h ****   \brief   Get Main Stack Pointer Limit
 739:./inc/cmsis_gcc.h ****   Devices without ARMv8-M Main Extensions (i.e. Cortex-M23) lack the non-secure
 740:./inc/cmsis_gcc.h ****   Stack Pointer Limit register hence zero is returned always in non-secure
 741:./inc/cmsis_gcc.h ****   mode.
 742:./inc/cmsis_gcc.h **** 
 743:./inc/cmsis_gcc.h ****   \details Returns the current value of the Main Stack Pointer Limit (MSPLIM).
 744:./inc/cmsis_gcc.h ****   \return               MSPLIM Register value
 745:./inc/cmsis_gcc.h ****  */
 746:./inc/cmsis_gcc.h **** __STATIC_FORCEINLINE uint32_t __get_MSPLIM(void)
 747:./inc/cmsis_gcc.h **** {
 748:./inc/cmsis_gcc.h **** #if (!(defined (__ARM_ARCH_8M_MAIN__ ) && (__ARM_ARCH_8M_MAIN__ == 1)) && \
 749:./inc/cmsis_gcc.h ****     (!defined (__ARM_FEATURE_CMSE) || (__ARM_FEATURE_CMSE < 3)))
 750:./inc/cmsis_gcc.h ****   // without main extensions, the non-secure MSPLIM is RAZ/WI
 751:./inc/cmsis_gcc.h ****   return 0U;
 752:./inc/cmsis_gcc.h **** #else
 753:./inc/cmsis_gcc.h ****   uint32_t result;
 754:./inc/cmsis_gcc.h ****   __ASM volatile ("MRS %0, msplim" : "=r" (result) );
 755:./inc/cmsis_gcc.h ****   return result;
 756:./inc/cmsis_gcc.h **** #endif
 757:./inc/cmsis_gcc.h **** }
 758:./inc/cmsis_gcc.h **** 
 759:./inc/cmsis_gcc.h **** 
 760:./inc/cmsis_gcc.h **** #if (defined (__ARM_FEATURE_CMSE  ) && (__ARM_FEATURE_CMSE   == 3))
 761:./inc/cmsis_gcc.h **** /**
 762:./inc/cmsis_gcc.h ****   \brief   Get Main Stack Pointer Limit (non-secure)
 763:./inc/cmsis_gcc.h ****   Devices without ARMv8-M Main Extensions (i.e. Cortex-M23) lack the non-secure
 764:./inc/cmsis_gcc.h ****   Stack Pointer Limit register hence zero is returned always.
 765:./inc/cmsis_gcc.h **** 
 766:./inc/cmsis_gcc.h ****   \details Returns the current value of the non-secure Main Stack Pointer Limit(MSPLIM) when in sec
 767:./inc/cmsis_gcc.h ****   \return               MSPLIM Register value
 768:./inc/cmsis_gcc.h ****  */
 769:./inc/cmsis_gcc.h **** __STATIC_FORCEINLINE uint32_t __TZ_get_MSPLIM_NS(void)
 770:./inc/cmsis_gcc.h **** {
 771:./inc/cmsis_gcc.h **** #if (!(defined (__ARM_ARCH_8M_MAIN__ ) && (__ARM_ARCH_8M_MAIN__ == 1)))
 772:./inc/cmsis_gcc.h ****   // without main extensions, the non-secure MSPLIM is RAZ/WI
 773:./inc/cmsis_gcc.h ****   return 0U;
 774:./inc/cmsis_gcc.h **** #else
 775:./inc/cmsis_gcc.h ****   uint32_t result;
 776:./inc/cmsis_gcc.h ****   __ASM volatile ("MRS %0, msplim_ns" : "=r" (result) );
 777:./inc/cmsis_gcc.h ****   return result;
 778:./inc/cmsis_gcc.h **** #endif
 779:./inc/cmsis_gcc.h **** }
 780:./inc/cmsis_gcc.h **** #endif
 781:./inc/cmsis_gcc.h **** 
 782:./inc/cmsis_gcc.h **** 
 783:./inc/cmsis_gcc.h **** /**
 784:./inc/cmsis_gcc.h ****   \brief   Set Main Stack Pointer Limit
 785:./inc/cmsis_gcc.h ****   Devices without ARMv8-M Main Extensions (i.e. Cortex-M23) lack the non-secure
 786:./inc/cmsis_gcc.h ****   Stack Pointer Limit register hence the write is silently ignored in non-secure
 787:./inc/cmsis_gcc.h ****   mode.
 788:./inc/cmsis_gcc.h **** 
 789:./inc/cmsis_gcc.h ****   \details Assigns the given value to the Main Stack Pointer Limit (MSPLIM).
 790:./inc/cmsis_gcc.h ****   \param [in]    MainStackPtrLimit  Main Stack Pointer Limit value to set
 791:./inc/cmsis_gcc.h ****  */
 792:./inc/cmsis_gcc.h **** __STATIC_FORCEINLINE void __set_MSPLIM(uint32_t MainStackPtrLimit)
 793:./inc/cmsis_gcc.h **** {
 794:./inc/cmsis_gcc.h **** #if (!(defined (__ARM_ARCH_8M_MAIN__ ) && (__ARM_ARCH_8M_MAIN__ == 1)) && \
 795:./inc/cmsis_gcc.h ****     (!defined (__ARM_FEATURE_CMSE) || (__ARM_FEATURE_CMSE < 3)))
 796:./inc/cmsis_gcc.h ****   // without main extensions, the non-secure MSPLIM is RAZ/WI
 797:./inc/cmsis_gcc.h ****   (void)MainStackPtrLimit;
 798:./inc/cmsis_gcc.h **** #else
 799:./inc/cmsis_gcc.h ****   __ASM volatile ("MSR msplim, %0" : : "r" (MainStackPtrLimit));
 800:./inc/cmsis_gcc.h **** #endif
 801:./inc/cmsis_gcc.h **** }
 802:./inc/cmsis_gcc.h **** 
 803:./inc/cmsis_gcc.h **** 
 804:./inc/cmsis_gcc.h **** #if (defined (__ARM_FEATURE_CMSE  ) && (__ARM_FEATURE_CMSE   == 3))
 805:./inc/cmsis_gcc.h **** /**
 806:./inc/cmsis_gcc.h ****   \brief   Set Main Stack Pointer Limit (non-secure)
 807:./inc/cmsis_gcc.h ****   Devices without ARMv8-M Main Extensions (i.e. Cortex-M23) lack the non-secure
 808:./inc/cmsis_gcc.h ****   Stack Pointer Limit register hence the write is silently ignored.
 809:./inc/cmsis_gcc.h **** 
 810:./inc/cmsis_gcc.h ****   \details Assigns the given value to the non-secure Main Stack Pointer Limit (MSPLIM) when in secu
 811:./inc/cmsis_gcc.h ****   \param [in]    MainStackPtrLimit  Main Stack Pointer value to set
 812:./inc/cmsis_gcc.h ****  */
 813:./inc/cmsis_gcc.h **** __STATIC_FORCEINLINE void __TZ_set_MSPLIM_NS(uint32_t MainStackPtrLimit)
 814:./inc/cmsis_gcc.h **** {
 815:./inc/cmsis_gcc.h **** #if (!(defined (__ARM_ARCH_8M_MAIN__ ) && (__ARM_ARCH_8M_MAIN__ == 1)))
 816:./inc/cmsis_gcc.h ****   // without main extensions, the non-secure MSPLIM is RAZ/WI
 817:./inc/cmsis_gcc.h ****   (void)MainStackPtrLimit;
 818:./inc/cmsis_gcc.h **** #else
 819:./inc/cmsis_gcc.h ****   __ASM volatile ("MSR msplim_ns, %0" : : "r" (MainStackPtrLimit));
 820:./inc/cmsis_gcc.h **** #endif
 821:./inc/cmsis_gcc.h **** }
 822:./inc/cmsis_gcc.h **** #endif
 823:./inc/cmsis_gcc.h **** 
 824:./inc/cmsis_gcc.h **** #endif /* ((defined (__ARM_ARCH_8M_MAIN__ ) && (__ARM_ARCH_8M_MAIN__ == 1)) || \
 825:./inc/cmsis_gcc.h ****            (defined (__ARM_ARCH_8M_BASE__ ) && (__ARM_ARCH_8M_BASE__ == 1))    ) */
 826:./inc/cmsis_gcc.h **** 
 827:./inc/cmsis_gcc.h **** 
 828:./inc/cmsis_gcc.h **** /**
 829:./inc/cmsis_gcc.h ****   \brief   Get FPSCR
 830:./inc/cmsis_gcc.h ****   \details Returns the current value of the Floating Point Status/Control register.
 831:./inc/cmsis_gcc.h ****   \return               Floating Point Status/Control register value
 832:./inc/cmsis_gcc.h ****  */
 833:./inc/cmsis_gcc.h **** __STATIC_FORCEINLINE uint32_t __get_FPSCR(void)
 834:./inc/cmsis_gcc.h **** {
 835:./inc/cmsis_gcc.h **** #if ((defined (__FPU_PRESENT) && (__FPU_PRESENT == 1U)) && \
 836:./inc/cmsis_gcc.h ****      (defined (__FPU_USED   ) && (__FPU_USED    == 1U))     )
 837:./inc/cmsis_gcc.h **** #if __has_builtin(__builtin_arm_get_fpscr) 
 838:./inc/cmsis_gcc.h **** // Re-enable using built-in when GCC has been fixed
 839:./inc/cmsis_gcc.h **** // || (__GNUC__ > 7) || (__GNUC__ == 7 && __GNUC_MINOR__ >= 2)
 840:./inc/cmsis_gcc.h ****   /* see https://gcc.gnu.org/ml/gcc-patches/2017-04/msg00443.html */
 841:./inc/cmsis_gcc.h ****   return __builtin_arm_get_fpscr();
 842:./inc/cmsis_gcc.h **** #else
 843:./inc/cmsis_gcc.h ****   uint32_t result;
 844:./inc/cmsis_gcc.h **** 
 845:./inc/cmsis_gcc.h ****   __ASM volatile ("VMRS %0, fpscr" : "=r" (result) );
 846:./inc/cmsis_gcc.h ****   return(result);
 847:./inc/cmsis_gcc.h **** #endif
 848:./inc/cmsis_gcc.h **** #else
 849:./inc/cmsis_gcc.h ****   return(0U);
 850:./inc/cmsis_gcc.h **** #endif
 851:./inc/cmsis_gcc.h **** }
 852:./inc/cmsis_gcc.h **** 
 853:./inc/cmsis_gcc.h **** 
 854:./inc/cmsis_gcc.h **** /**
 855:./inc/cmsis_gcc.h ****   \brief   Set FPSCR
 856:./inc/cmsis_gcc.h ****   \details Assigns the given value to the Floating Point Status/Control register.
 857:./inc/cmsis_gcc.h ****   \param [in]    fpscr  Floating Point Status/Control value to set
 858:./inc/cmsis_gcc.h ****  */
 859:./inc/cmsis_gcc.h **** __STATIC_FORCEINLINE void __set_FPSCR(uint32_t fpscr)
 860:./inc/cmsis_gcc.h **** {
 861:./inc/cmsis_gcc.h **** #if ((defined (__FPU_PRESENT) && (__FPU_PRESENT == 1U)) && \
 862:./inc/cmsis_gcc.h ****      (defined (__FPU_USED   ) && (__FPU_USED    == 1U))     )
 863:./inc/cmsis_gcc.h **** #if __has_builtin(__builtin_arm_set_fpscr)
 864:./inc/cmsis_gcc.h **** // Re-enable using built-in when GCC has been fixed
 865:./inc/cmsis_gcc.h **** // || (__GNUC__ > 7) || (__GNUC__ == 7 && __GNUC_MINOR__ >= 2)
 866:./inc/cmsis_gcc.h ****   /* see https://gcc.gnu.org/ml/gcc-patches/2017-04/msg00443.html */
 867:./inc/cmsis_gcc.h ****   __builtin_arm_set_fpscr(fpscr);
 868:./inc/cmsis_gcc.h **** #else
 869:./inc/cmsis_gcc.h ****   __ASM volatile ("VMSR fpscr, %0" : : "r" (fpscr) : "vfpcc", "memory");
 870:./inc/cmsis_gcc.h **** #endif
 871:./inc/cmsis_gcc.h **** #else
 872:./inc/cmsis_gcc.h ****   (void)fpscr;
 873:./inc/cmsis_gcc.h **** #endif
 874:./inc/cmsis_gcc.h **** }
 875:./inc/cmsis_gcc.h **** 
 876:./inc/cmsis_gcc.h **** 
 877:./inc/cmsis_gcc.h **** /*@} end of CMSIS_Core_RegAccFunctions */
 878:./inc/cmsis_gcc.h **** 
 879:./inc/cmsis_gcc.h **** 
 880:./inc/cmsis_gcc.h **** /* ##########################  Core Instruction Access  ######################### */
 881:./inc/cmsis_gcc.h **** /** \defgroup CMSIS_Core_InstructionInterface CMSIS Core Instruction Interface
 882:./inc/cmsis_gcc.h ****   Access to dedicated instructions
 883:./inc/cmsis_gcc.h ****   @{
 884:./inc/cmsis_gcc.h **** */
 885:./inc/cmsis_gcc.h **** 
 886:./inc/cmsis_gcc.h **** /* Define macros for porting to both thumb1 and thumb2.
 887:./inc/cmsis_gcc.h ****  * For thumb1, use low register (r0-r7), specified by constraint "l"
 888:./inc/cmsis_gcc.h ****  * Otherwise, use general registers, specified by constraint "r" */
 889:./inc/cmsis_gcc.h **** #if defined (__thumb__) && !defined (__thumb2__)
 890:./inc/cmsis_gcc.h **** #define __CMSIS_GCC_OUT_REG(r) "=l" (r)
 891:./inc/cmsis_gcc.h **** #define __CMSIS_GCC_RW_REG(r) "+l" (r)
 892:./inc/cmsis_gcc.h **** #define __CMSIS_GCC_USE_REG(r) "l" (r)
 893:./inc/cmsis_gcc.h **** #else
 894:./inc/cmsis_gcc.h **** #define __CMSIS_GCC_OUT_REG(r) "=r" (r)
 895:./inc/cmsis_gcc.h **** #define __CMSIS_GCC_RW_REG(r) "+r" (r)
 896:./inc/cmsis_gcc.h **** #define __CMSIS_GCC_USE_REG(r) "r" (r)
 897:./inc/cmsis_gcc.h **** #endif
 898:./inc/cmsis_gcc.h **** 
 899:./inc/cmsis_gcc.h **** /**
 900:./inc/cmsis_gcc.h ****   \brief   No Operation
 901:./inc/cmsis_gcc.h ****   \details No Operation does nothing. This instruction can be used for code alignment purposes.
 902:./inc/cmsis_gcc.h ****  */
 903:./inc/cmsis_gcc.h **** #define __NOP()                             __ASM volatile ("nop")
 904:./inc/cmsis_gcc.h **** 
 905:./inc/cmsis_gcc.h **** /**
 906:./inc/cmsis_gcc.h ****   \brief   Wait For Interrupt
 907:./inc/cmsis_gcc.h ****   \details Wait For Interrupt is a hint instruction that suspends execution until one of a number o
 908:./inc/cmsis_gcc.h ****  */
 909:./inc/cmsis_gcc.h **** #define __WFI()                             __ASM volatile ("wfi")
 910:./inc/cmsis_gcc.h **** 
 911:./inc/cmsis_gcc.h **** 
 912:./inc/cmsis_gcc.h **** /**
 913:./inc/cmsis_gcc.h ****   \brief   Wait For Event
 914:./inc/cmsis_gcc.h ****   \details Wait For Event is a hint instruction that permits the processor to enter
 915:./inc/cmsis_gcc.h ****            a low-power state until one of a number of events occurs.
 916:./inc/cmsis_gcc.h ****  */
 917:./inc/cmsis_gcc.h **** #define __WFE()                             __ASM volatile ("wfe")
 918:./inc/cmsis_gcc.h **** 
 919:./inc/cmsis_gcc.h **** 
 920:./inc/cmsis_gcc.h **** /**
 921:./inc/cmsis_gcc.h ****   \brief   Send Event
 922:./inc/cmsis_gcc.h ****   \details Send Event is a hint instruction. It causes an event to be signaled to the CPU.
 923:./inc/cmsis_gcc.h ****  */
 924:./inc/cmsis_gcc.h **** #define __SEV()                             __ASM volatile ("sev")
 925:./inc/cmsis_gcc.h **** 
 926:./inc/cmsis_gcc.h **** 
 927:./inc/cmsis_gcc.h **** /**
 928:./inc/cmsis_gcc.h ****   \brief   Instruction Synchronization Barrier
 929:./inc/cmsis_gcc.h ****   \details Instruction Synchronization Barrier flushes the pipeline in the processor,
 930:./inc/cmsis_gcc.h ****            so that all instructions following the ISB are fetched from cache or memory,
 931:./inc/cmsis_gcc.h ****            after the instruction has been completed.
 932:./inc/cmsis_gcc.h ****  */
 933:./inc/cmsis_gcc.h **** __STATIC_FORCEINLINE void __ISB(void)
 934:./inc/cmsis_gcc.h **** {
 935:./inc/cmsis_gcc.h ****   __ASM volatile ("isb 0xF":::"memory");
 936:./inc/cmsis_gcc.h **** }
 937:./inc/cmsis_gcc.h **** 
 938:./inc/cmsis_gcc.h **** 
 939:./inc/cmsis_gcc.h **** /**
 940:./inc/cmsis_gcc.h ****   \brief   Data Synchronization Barrier
 941:./inc/cmsis_gcc.h ****   \details Acts as a special kind of Data Memory Barrier.
 942:./inc/cmsis_gcc.h ****            It completes when all explicit memory accesses before this instruction complete.
 943:./inc/cmsis_gcc.h ****  */
 944:./inc/cmsis_gcc.h **** __STATIC_FORCEINLINE void __DSB(void)
 200              		.loc 2 944 27 view .LVU63
 201              	.LBB49:
 945:./inc/cmsis_gcc.h **** {
 946:./inc/cmsis_gcc.h ****   __ASM volatile ("dsb 0xF":::"memory");
 202              		.loc 2 946 3 view .LVU64
 203              		.syntax unified
 204              	@ 946 "./inc/cmsis_gcc.h" 1
 205 006c BFF34F8F 		dsb 0xF
 206              	@ 0 "" 2
 207              		.thumb
 208              		.syntax unified
 209              	.LBE49:
 210              	.LBE48:
 211              		.loc 1 1146 3 view .LVU65
 212              	.LBB50:
 213              	.LBI50:
 933:./inc/cmsis_gcc.h **** {
 214              		.loc 2 933 27 view .LVU66
 215              	.LBB51:
 935:./inc/cmsis_gcc.h **** }
 216              		.loc 2 935 3 view .LVU67
 217              		.syntax unified
 218              	@ 935 "./inc/cmsis_gcc.h" 1
 219 0070 BFF36F8F 		isb 0xF
 220              	@ 0 "" 2
 221              		.thumb
 222              		.syntax unified
 223              	.LBE51:
 224              	.LBE50:
1147:./lwip-2.1.2/src/api/api_lib.c ****   err = conn->pending_err;
 225              		.loc 1 1147 3 view .LVU68
 226              		.loc 1 1147 7 is_stmt 0 view .LVU69
 227 0074 94F90800 		ldrsb	r0, [r4, #8]
 228              	.LVL12:
1148:./lwip-2.1.2/src/api/api_lib.c ****   conn->pending_err = ERR_OK;
 229              		.loc 1 1148 3 is_stmt 1 view .LVU70
 230              		.loc 1 1148 21 is_stmt 0 view .LVU71
 231 0078 2372     		strb	r3, [r4, #8]
1149:./lwip-2.1.2/src/api/api_lib.c ****   SYS_ARCH_UNPROTECT(lev);
 232              		.loc 1 1149 3 is_stmt 1 view .LVU72
 233 007a 02B9     		cbnz	r2, .L6
 234              		.loc 1 1149 3 view .LVU73
 235              	.LBB52:
 236              	.LBI52:
 196:./inc/cmsis_gcc.h **** {
 237              		.loc 2 196 27 view .LVU74
 238              	.LBB53:
 198:./inc/cmsis_gcc.h **** }
 239              		.loc 2 198 3 view .LVU75
 240              		.syntax unified
 241              	@ 198 "./inc/cmsis_gcc.h" 1
 242 007c 62B6     		cpsie i
 243              	@ 0 "" 2
 244              		.thumb
 245              		.syntax unified
 246              	.L6:
 247              	.LVL13:
 198:./inc/cmsis_gcc.h **** }
 248              		.loc 2 198 3 is_stmt 0 view .LVU76
 249              	.LBE53:
 250              	.LBE52:
 251              	.LBE43:
 252              	.LBE42:
 590:./lwip-2.1.2/src/api/api_lib.c ****       /* return pending error */
 253              		.loc 1 590 5 is_stmt 1 view .LVU77
 590:./lwip-2.1.2/src/api/api_lib.c ****       /* return pending error */
 254              		.loc 1 590 8 is_stmt 0 view .LVU78
 255 007e 0028     		cmp	r0, #0
 256 0080 E8D1     		bne	.L3
 257              	.LVL14:
 258              	.L11:
 594:./lwip-2.1.2/src/api/api_lib.c ****   }
 259              		.loc 1 594 12 view .LVU79
 260 0082 6FF00A00 		mvn	r0, #10
 261 0086 E5E7     		b	.L3
 262              	.L29:
 594:./lwip-2.1.2/src/api/api_lib.c ****   }
 263              		.loc 1 594 12 view .LVU80
 264              	.LBE41:
 265              	.LBB54:
 639:./lwip-2.1.2/src/api/api_lib.c ****     /* Check if this is an error message or a pbuf */
 266              		.loc 1 639 5 is_stmt 1 view .LVU81
 641:./lwip-2.1.2/src/api/api_lib.c ****       /* new_buf has been zeroed above already */
 267              		.loc 1 641 5 view .LVU82
 641:./lwip-2.1.2/src/api/api_lib.c ****       /* new_buf has been zeroed above already */
 268              		.loc 1 641 9 is_stmt 0 view .LVU83
 269 0088 0DF10301 		add	r1, sp, #3
 270 008c 0198     		ldr	r0, [sp, #4]
 271 008e FFF7FEFF 		bl	lwip_netconn_is_err_msg
 272              	.LVL15:
 641:./lwip-2.1.2/src/api/api_lib.c ****       /* new_buf has been zeroed above already */
 273              		.loc 1 641 8 view .LVU84
 274 0092 D8B1     		cbz	r0, .L13
 643:./lwip-2.1.2/src/api/api_lib.c ****         /* connection closed translates to ERR_OK with *new_buf == NULL */
 275              		.loc 1 643 7 is_stmt 1 view .LVU85
 643:./lwip-2.1.2/src/api/api_lib.c ****         /* connection closed translates to ERR_OK with *new_buf == NULL */
 276              		.loc 1 643 15 is_stmt 0 view .LVU86
 277 0094 9DF90300 		ldrsb	r0, [sp, #3]
 645:./lwip-2.1.2/src/api/api_lib.c ****       }
 278              		.loc 1 645 16 view .LVU87
 279 0098 10F10F0F 		cmn	r0, #15
 280 009c 08BF     		it	eq
 281 009e 0020     		moveq	r0, #0
 282 00a0 D8E7     		b	.L3
 283              	.L28:
 645:./lwip-2.1.2/src/api/api_lib.c ****       }
 284              		.loc 1 645 16 view .LVU88
 285              	.LBE54:
 286              	.LBB55:
 601:./lwip-2.1.2/src/api/api_lib.c ****       NETCONN_MBOX_WAITING_DEC(conn);
 287              		.loc 1 601 7 is_stmt 1 view .LVU89
 602:./lwip-2.1.2/src/api/api_lib.c ****       err = netconn_err(conn);
 288              		.loc 1 602 37 view .LVU90
 603:./lwip-2.1.2/src/api/api_lib.c ****       if (err != ERR_OK) {
 289              		.loc 1 603 7 view .LVU91
 290              	.LVL16:
 291              	.LBB56:
 292              	.LBI56:
1139:./lwip-2.1.2/src/api/api_lib.c **** {
 293              		.loc 1 1139 1 view .LVU92
 294              	.LBB57:
1141:./lwip-2.1.2/src/api/api_lib.c ****   SYS_ARCH_DECL_PROTECT(lev);
 295              		.loc 1 1141 3 view .LVU93
1142:./lwip-2.1.2/src/api/api_lib.c ****   if (conn == NULL) {
 296              		.loc 1 1142 3 view .LVU94
1143:./lwip-2.1.2/src/api/api_lib.c ****     return ERR_OK;
 297              		.loc 1 1143 3 view .LVU95
1146:./lwip-2.1.2/src/api/api_lib.c ****   err = conn->pending_err;
 298              		.loc 1 1146 3 view .LVU96
 299              	.LBB58:
 300              	.LBI58:
 449:./inc/cmsis_gcc.h **** {
 301              		.loc 2 449 31 view .LVU97
 302              	.LBB59:
 451:./inc/cmsis_gcc.h **** 
 303              		.loc 2 451 3 view .LVU98
 453:./inc/cmsis_gcc.h ****   return(result);
 304              		.loc 2 453 3 view .LVU99
 305              		.syntax unified
 306              	@ 453 "./inc/cmsis_gcc.h" 1
 307 00a2 EFF31083 		MRS r3, primask
 308              	@ 0 "" 2
 309              	.LVL17:
 454:./inc/cmsis_gcc.h **** }
 310              		.loc 2 454 3 view .LVU100
 454:./inc/cmsis_gcc.h **** }
 311              		.loc 2 454 3 is_stmt 0 view .LVU101
 312              		.thumb
 313              		.syntax unified
 314              	.LBE59:
 315              	.LBE58:
1146:./lwip-2.1.2/src/api/api_lib.c ****   err = conn->pending_err;
 316              		.loc 1 1146 3 is_stmt 1 view .LVU102
 317              	.LBB60:
 318              	.LBI60:
 207:./inc/cmsis_gcc.h **** {
 319              		.loc 2 207 27 view .LVU103
 320              	.LBB61:
 209:./inc/cmsis_gcc.h **** }
 321              		.loc 2 209 3 view .LVU104
 322              		.syntax unified
 323              	@ 209 "./inc/cmsis_gcc.h" 1
 324 00a6 72B6     		cpsid i
 325              	@ 0 "" 2
 326              		.thumb
 327              		.syntax unified
 328              	.LBE61:
 329              	.LBE60:
1146:./lwip-2.1.2/src/api/api_lib.c ****   err = conn->pending_err;
 330              		.loc 1 1146 3 view .LVU105
 331              	.LBB62:
 332              	.LBI62:
 944:./inc/cmsis_gcc.h **** {
 333              		.loc 2 944 27 view .LVU106
 334              	.LBB63:
 335              		.loc 2 946 3 view .LVU107
 336              		.syntax unified
 337              	@ 946 "./inc/cmsis_gcc.h" 1
 338 00a8 BFF34F8F 		dsb 0xF
 339              	@ 0 "" 2
 340              		.thumb
 341              		.syntax unified
 342              	.LBE63:
 343              	.LBE62:
1146:./lwip-2.1.2/src/api/api_lib.c ****   err = conn->pending_err;
 344              		.loc 1 1146 3 view .LVU108
 345              	.LBB64:
 346              	.LBI64:
 933:./inc/cmsis_gcc.h **** {
 347              		.loc 2 933 27 view .LVU109
 348              	.LBB65:
 935:./inc/cmsis_gcc.h **** }
 349              		.loc 2 935 3 view .LVU110
 350              		.syntax unified
 351              	@ 935 "./inc/cmsis_gcc.h" 1
 352 00ac BFF36F8F 		isb 0xF
 353              	@ 0 "" 2
 354              		.thumb
 355              		.syntax unified
 356              	.LBE65:
 357              	.LBE64:
1147:./lwip-2.1.2/src/api/api_lib.c ****   conn->pending_err = ERR_OK;
 358              		.loc 1 1147 3 view .LVU111
1148:./lwip-2.1.2/src/api/api_lib.c ****   SYS_ARCH_UNPROTECT(lev);
 359              		.loc 1 1148 21 is_stmt 0 view .LVU112
 360 00b0 0022     		movs	r2, #0
1147:./lwip-2.1.2/src/api/api_lib.c ****   conn->pending_err = ERR_OK;
 361              		.loc 1 1147 7 view .LVU113
 362 00b2 94F90800 		ldrsb	r0, [r4, #8]
 363              	.LVL18:
1148:./lwip-2.1.2/src/api/api_lib.c ****   SYS_ARCH_UNPROTECT(lev);
 364              		.loc 1 1148 3 is_stmt 1 view .LVU114
1148:./lwip-2.1.2/src/api/api_lib.c ****   SYS_ARCH_UNPROTECT(lev);
 365              		.loc 1 1148 21 is_stmt 0 view .LVU115
 366 00b6 2272     		strb	r2, [r4, #8]
 367              		.loc 1 1149 3 is_stmt 1 view .LVU116
 368 00b8 03B9     		cbnz	r3, .L10
 369              		.loc 1 1149 3 view .LVU117
 370              	.LBB66:
 371              	.LBI66:
 196:./inc/cmsis_gcc.h **** {
 372              		.loc 2 196 27 view .LVU118
 373              	.LBB67:
 198:./inc/cmsis_gcc.h **** }
 374              		.loc 2 198 3 view .LVU119
 375              		.syntax unified
 376              	@ 198 "./inc/cmsis_gcc.h" 1
 377 00ba 62B6     		cpsie i
 378              	@ 0 "" 2
 379              		.thumb
 380              		.syntax unified
 381              	.L10:
 382              	.LVL19:
 198:./inc/cmsis_gcc.h **** }
 383              		.loc 2 198 3 is_stmt 0 view .LVU120
 384              	.LBE67:
 385              	.LBE66:
 386              	.LBE57:
 387              	.LBE56:
 604:./lwip-2.1.2/src/api/api_lib.c ****         /* return pending error */
 388              		.loc 1 604 7 is_stmt 1 view .LVU121
 604:./lwip-2.1.2/src/api/api_lib.c ****         /* return pending error */
 389              		.loc 1 604 10 is_stmt 0 view .LVU122
 390 00bc 0028     		cmp	r0, #0
 391 00be C9D1     		bne	.L3
 608:./lwip-2.1.2/src/api/api_lib.c ****         return ERR_CONN;
 392              		.loc 1 608 7 is_stmt 1 view .LVU123
 608:./lwip-2.1.2/src/api/api_lib.c ****         return ERR_CONN;
 393              		.loc 1 608 10 is_stmt 0 view .LVU124
 394 00c0 237F     		ldrb	r3, [r4, #28]	@ zero_extendqisi2
 395              	.LVL20:
 608:./lwip-2.1.2/src/api/api_lib.c ****         return ERR_CONN;
 396              		.loc 1 608 10 view .LVU125
 397 00c2 DB07     		lsls	r3, r3, #31
 398 00c4 DDD4     		bmi	.L11
 611:./lwip-2.1.2/src/api/api_lib.c ****     }
 399              		.loc 1 611 14 view .LVU126
 400 00c6 6FF00600 		mvn	r0, #6
 401              	.LVL21:
 611:./lwip-2.1.2/src/api/api_lib.c ****     }
 402              		.loc 1 611 14 view .LVU127
 403 00ca C3E7     		b	.L3
 404              	.L13:
 611:./lwip-2.1.2/src/api/api_lib.c ****     }
 405              		.loc 1 611 14 view .LVU128
 406              	.LBE55:
 407              	.LBB68:
 649:./lwip-2.1.2/src/api/api_lib.c ****   }
 408              		.loc 1 649 5 is_stmt 1 view .LVU129
 649:./lwip-2.1.2/src/api/api_lib.c ****   }
 409              		.loc 1 649 9 is_stmt 0 view .LVU130
 410 00cc 019B     		ldr	r3, [sp, #4]
 411 00ce 1A89     		ldrh	r2, [r3, #8]
 412              	.LVL22:
 649:./lwip-2.1.2/src/api/api_lib.c ****   }
 413              		.loc 1 649 9 view .LVU131
 414              	.LBE68:
 415 00d0 B8E7     		b	.L15
 416              	.LVL23:
 417              	.L4:
 584:./lwip-2.1.2/src/api/api_lib.c ****   *new_buf = NULL;
 418              		.loc 1 584 3 view .LVU132
 419 00d2 6FF00F00 		mvn	r0, #15
 420              	.LVL24:
 584:./lwip-2.1.2/src/api/api_lib.c ****   *new_buf = NULL;
 421              		.loc 1 584 3 view .LVU133
 422 00d6 BDE7     		b	.L3
 423              		.cfi_endproc
 424              	.LFE180:
 426              		.align	1
 427              		.p2align 2,,3
 428              		.syntax unified
 429              		.thumb
 430              		.thumb_func
 431              		.fpu fpv5-d16
 433              	netconn_recv_data_tcp:
 434              	.LVL25:
 435              	.LFB183:
 704:./lwip-2.1.2/src/api/api_lib.c ****   err_t err;
 436              		.loc 1 704 1 is_stmt 1 view -0
 437              		.cfi_startproc
 438              		@ args = 0, pretend = 0, frame = 64
 439              		@ frame_needed = 0, uses_anonymous_args = 0
 705:./lwip-2.1.2/src/api/api_lib.c ****   struct pbuf *buf;
 440              		.loc 1 705 3 view .LVU135
 706:./lwip-2.1.2/src/api/api_lib.c ****   API_MSG_VAR_DECLARE(msg);
 441              		.loc 1 706 3 view .LVU136
 707:./lwip-2.1.2/src/api/api_lib.c **** #if LWIP_MPU_COMPATIBLE
 442              		.loc 1 707 3 view .LVU137
 712:./lwip-2.1.2/src/api/api_lib.c ****     /* This only happens when calling this function more than once *after* receiving FIN */
 443              		.loc 1 712 3 view .LVU138
 712:./lwip-2.1.2/src/api/api_lib.c ****     /* This only happens when calling this function more than once *after* receiving FIN */
 444              		.loc 1 712 7 is_stmt 0 view .LVU139
 445 00d8 0369     		ldr	r3, [r0, #16]
 704:./lwip-2.1.2/src/api/api_lib.c ****   err_t err;
 446              		.loc 1 704 1 view .LVU140
 447 00da F0B5     		push	{r4, r5, r6, r7, lr}
 448              	.LCFI4:
 449              		.cfi_def_cfa_offset 20
 450              		.cfi_offset 4, -20
 451              		.cfi_offset 5, -16
 452              		.cfi_offset 6, -12
 453              		.cfi_offset 7, -8
 454              		.cfi_offset 14, -4
 455 00dc 91B0     		sub	sp, sp, #68
 456              	.LCFI5:
 457              		.cfi_def_cfa_offset 88
 712:./lwip-2.1.2/src/api/api_lib.c ****     /* This only happens when calling this function more than once *after* receiving FIN */
 458              		.loc 1 712 7 view .LVU141
 459 00de 002B     		cmp	r3, #0
 460 00e0 5FD0     		beq	.L43
 716:./lwip-2.1.2/src/api/api_lib.c ****     netconn_clear_flags(conn, NETCONN_FIN_RX_PENDING);
 461              		.loc 1 716 6 view .LVU142
 462 00e2 90F91C50 		ldrsb	r5, [r0, #28]
 463 00e6 0446     		mov	r4, r0
 716:./lwip-2.1.2/src/api/api_lib.c ****     netconn_clear_flags(conn, NETCONN_FIN_RX_PENDING);
 464              		.loc 1 716 3 is_stmt 1 view .LVU143
 716:./lwip-2.1.2/src/api/api_lib.c ****     netconn_clear_flags(conn, NETCONN_FIN_RX_PENDING);
 465              		.loc 1 716 7 is_stmt 0 view .LVU144
 466 00e8 037F     		ldrb	r3, [r0, #28]	@ zero_extendqisi2
 716:./lwip-2.1.2/src/api/api_lib.c ****     netconn_clear_flags(conn, NETCONN_FIN_RX_PENDING);
 467              		.loc 1 716 6 view .LVU145
 468 00ea 002D     		cmp	r5, #0
 469 00ec 1CDB     		blt	.L57
 721:./lwip-2.1.2/src/api/api_lib.c ****     /* need to allocate API message here so empty message pool does not result in event loss
 470              		.loc 1 721 3 is_stmt 1 view .LVU146
 724:./lwip-2.1.2/src/api/api_lib.c ****   }
 471              		.loc 1 724 27 view .LVU147
 727:./lwip-2.1.2/src/api/api_lib.c ****   if (err != ERR_OK) {
 472              		.loc 1 727 3 view .LVU148
 473 00ee 0E46     		mov	r6, r1
 474 00f0 1746     		mov	r7, r2
 727:./lwip-2.1.2/src/api/api_lib.c ****   if (err != ERR_OK) {
 475              		.loc 1 727 9 is_stmt 0 view .LVU149
 476 00f2 FFF785FF 		bl	netconn_recv_data
 477              	.LVL26:
 728:./lwip-2.1.2/src/api/api_lib.c ****     if (!(apiflags & NETCONN_NOAUTORCVD)) {
 478              		.loc 1 728 3 is_stmt 1 view .LVU150
 728:./lwip-2.1.2/src/api/api_lib.c ****     if (!(apiflags & NETCONN_NOAUTORCVD)) {
 479              		.loc 1 728 6 is_stmt 0 view .LVU151
 480 00f6 0546     		mov	r5, r0
 481 00f8 98B9     		cbnz	r0, .L45
 734:./lwip-2.1.2/src/api/api_lib.c ****   if (!(apiflags & NETCONN_NOAUTORCVD)) {
 482              		.loc 1 734 3 is_stmt 1 view .LVU152
 735:./lwip-2.1.2/src/api/api_lib.c ****     /* Let the stack know that we have taken the data. */
 483              		.loc 1 735 6 is_stmt 0 view .LVU153
 484 00fa 3A07     		lsls	r2, r7, #28
 734:./lwip-2.1.2/src/api/api_lib.c ****   if (!(apiflags & NETCONN_NOAUTORCVD)) {
 485              		.loc 1 734 7 view .LVU154
 486 00fc 3668     		ldr	r6, [r6]
 487              	.LVL27:
 735:./lwip-2.1.2/src/api/api_lib.c ****     /* Let the stack know that we have taken the data. */
 488              		.loc 1 735 3 is_stmt 1 view .LVU155
 735:./lwip-2.1.2/src/api/api_lib.c ****     /* Let the stack know that we have taken the data. */
 489              		.loc 1 735 6 is_stmt 0 view .LVU156
 490 00fe 0FD4     		bmi	.L34
 491              	.LBB90:
 737:./lwip-2.1.2/src/api/api_lib.c ****     /* don't care for the return value of lwip_netconn_do_recv */
 492              		.loc 1 737 5 is_stmt 1 view .LVU157
 737:./lwip-2.1.2/src/api/api_lib.c ****     /* don't care for the return value of lwip_netconn_do_recv */
 493              		.loc 1 737 11 is_stmt 0 view .LVU158
 494 0100 002E     		cmp	r6, #0
 495 0102 39D0     		beq	.L35
 496              	.LVL28:
 740:./lwip-2.1.2/src/api/api_lib.c ****     API_MSG_VAR_FREE(msg);
 497              		.loc 1 740 5 is_stmt 1 discriminator 1 view .LVU159
 498              	.LBB91:
 499              	.LBB92:
 679:./lwip-2.1.2/src/api/api_lib.c ****              NETCONNTYPE_GROUP(netconn_type(conn)) == NETCONN_TCP, return ERR_ARG;);
 500              		.loc 1 679 3 is_stmt 0 discriminator 1 view .LVU160
 501 0104 2378     		ldrb	r3, [r4]	@ zero_extendqisi2
 502              	.LBE92:
 503              	.LBE91:
 740:./lwip-2.1.2/src/api/api_lib.c ****     API_MSG_VAR_FREE(msg);
 504              		.loc 1 740 5 discriminator 1 view .LVU161
 505 0106 3289     		ldrh	r2, [r6, #8]
 506              	.LVL29:
 507              	.LBB99:
 508              	.LBI91:
 677:./lwip-2.1.2/src/api/api_lib.c **** {
 509              		.loc 1 677 1 is_stmt 1 discriminator 1 view .LVU162
 510              	.LBB97:
 679:./lwip-2.1.2/src/api/api_lib.c ****              NETCONNTYPE_GROUP(netconn_type(conn)) == NETCONN_TCP, return ERR_ARG;);
 511              		.loc 1 679 3 discriminator 1 view .LVU163
 679:./lwip-2.1.2/src/api/api_lib.c ****              NETCONNTYPE_GROUP(netconn_type(conn)) == NETCONN_TCP, return ERR_ARG;);
 512              		.loc 1 679 3 discriminator 1 view .LVU164
 679:./lwip-2.1.2/src/api/api_lib.c ****              NETCONNTYPE_GROUP(netconn_type(conn)) == NETCONN_TCP, return ERR_ARG;);
 513              		.loc 1 679 3 is_stmt 0 discriminator 1 view .LVU165
 514 0108 03F0F003 		and	r3, r3, #240
 515 010c 102B     		cmp	r3, #16
 516 010e 08D1     		bne	.L45
 517              	.LVL30:
 518              	.L36:
 679:./lwip-2.1.2/src/api/api_lib.c ****              NETCONNTYPE_GROUP(netconn_type(conn)) == NETCONN_TCP, return ERR_ARG;);
 519              		.loc 1 679 3 is_stmt 1 view .LVU166
 679:./lwip-2.1.2/src/api/api_lib.c ****              NETCONNTYPE_GROUP(netconn_type(conn)) == NETCONN_TCP, return ERR_ARG;);
 520              		.loc 1 679 3 view .LVU167
 682:./lwip-2.1.2/src/api/api_lib.c ****   msg->msg.r.len = len;
 521              		.loc 1 682 3 view .LVU168
 683:./lwip-2.1.2/src/api/api_lib.c **** 
 522              		.loc 1 683 18 is_stmt 0 view .LVU169
 523 0110 0292     		str	r2, [sp, #8]
 524              	.LBB93:
 525              	.LBB94:
 131:./lwip-2.1.2/src/api/api_lib.c ****   if (err == ERR_OK) {
 526              		.loc 1 131 9 view .LVU170
 527 0112 6946     		mov	r1, sp
 528 0114 04F10C02 		add	r2, r4, #12
 529 0118 2348     		ldr	r0, .L58
 530              	.LVL31:
 131:./lwip-2.1.2/src/api/api_lib.c ****   if (err == ERR_OK) {
 531              		.loc 1 131 9 view .LVU171
 532              	.LBE94:
 533              	.LBE93:
 682:./lwip-2.1.2/src/api/api_lib.c ****   msg->msg.r.len = len;
 534              		.loc 1 682 13 view .LVU172
 535 011a 0094     		str	r4, [sp]
 683:./lwip-2.1.2/src/api/api_lib.c **** 
 536              		.loc 1 683 3 is_stmt 1 view .LVU173
 685:./lwip-2.1.2/src/api/api_lib.c **** }
 537              		.loc 1 685 3 view .LVU174
 538              	.LVL32:
 539              	.LBB96:
 540              	.LBI93:
 118:./lwip-2.1.2/src/api/api_lib.c **** {
 541              		.loc 1 118 1 view .LVU175
 542              	.LBB95:
 120:./lwip-2.1.2/src/api/api_lib.c **** 
 543              		.loc 1 120 3 view .LVU176
 131:./lwip-2.1.2/src/api/api_lib.c ****   if (err == ERR_OK) {
 544              		.loc 1 131 3 view .LVU177
 131:./lwip-2.1.2/src/api/api_lib.c ****   if (err == ERR_OK) {
 545              		.loc 1 131 9 is_stmt 0 view .LVU178
 546 011c FFF7FEFF 		bl	tcpip_send_msg_wait_sem
 547              	.LVL33:
 132:./lwip-2.1.2/src/api/api_lib.c ****     return apimsg->err;
 548              		.loc 1 132 3 is_stmt 1 view .LVU179
 549              	.L34:
 132:./lwip-2.1.2/src/api/api_lib.c ****     return apimsg->err;
 550              		.loc 1 132 3 is_stmt 0 view .LVU180
 551              	.LBE95:
 552              	.LBE96:
 553              	.LBE97:
 554              	.LBE99:
 741:./lwip-2.1.2/src/api/api_lib.c ****   }
 555              		.loc 1 741 26 is_stmt 1 view .LVU181
 556              	.LBE90:
 745:./lwip-2.1.2/src/api/api_lib.c ****     if (apiflags & NETCONN_NOFIN) {
 557              		.loc 1 745 3 view .LVU182
 745:./lwip-2.1.2/src/api/api_lib.c ****     if (apiflags & NETCONN_NOFIN) {
 558              		.loc 1 745 6 is_stmt 0 view .LVU183
 559 0120 0EB3     		cbz	r6, .L42
 560              	.LVL34:
 561              	.L45:
 769:./lwip-2.1.2/src/api/api_lib.c **** 
 562              		.loc 1 769 1 view .LVU184
 563 0122 2846     		mov	r0, r5
 564 0124 11B0     		add	sp, sp, #68
 565              	.LCFI6:
 566              		.cfi_remember_state
 567              		.cfi_def_cfa_offset 20
 568              		@ sp needed
 569 0126 F0BD     		pop	{r4, r5, r6, r7, pc}
 570              	.LVL35:
 571              	.L57:
 572              	.LCFI7:
 573              		.cfi_restore_state
 717:./lwip-2.1.2/src/api/api_lib.c ****     goto handle_fin;
 574              		.loc 1 717 5 is_stmt 1 view .LVU185
 717:./lwip-2.1.2/src/api/api_lib.c ****     goto handle_fin;
 575              		.loc 1 717 5 view .LVU186
 576 0128 03F07F03 		and	r3, r3, #127
 577 012c 0377     		strb	r3, [r0, #28]
 717:./lwip-2.1.2/src/api/api_lib.c ****     goto handle_fin;
 578              		.loc 1 717 5 view .LVU187
 718:./lwip-2.1.2/src/api/api_lib.c ****   }
 579              		.loc 1 718 5 view .LVU188
 580              	.LVL36:
 581              	.L33:
 753:./lwip-2.1.2/src/api/api_lib.c ****       if (conn->pcb.ip == NULL) {
 582              		.loc 1 753 7 view .LVU189
 583 012e 636A     		ldr	r3, [r4, #36]
 584 0130 1BB1     		cbz	r3, .L56
 753:./lwip-2.1.2/src/api/api_lib.c ****       if (conn->pcb.ip == NULL) {
 585              		.loc 1 753 7 discriminator 1 view .LVU190
 586 0132 0022     		movs	r2, #0
 587 0134 0121     		movs	r1, #1
 588 0136 2046     		mov	r0, r4
 589 0138 9847     		blx	r3
 590              	.LVL37:
 591              	.L56:
 753:./lwip-2.1.2/src/api/api_lib.c ****       if (conn->pcb.ip == NULL) {
 592              		.loc 1 753 47 discriminator 1 view .LVU191
 754:./lwip-2.1.2/src/api/api_lib.c ****         /* race condition: RST during recv */
 593              		.loc 1 754 7 discriminator 1 view .LVU192
 754:./lwip-2.1.2/src/api/api_lib.c ****         /* race condition: RST during recv */
 594              		.loc 1 754 10 is_stmt 0 discriminator 1 view .LVU193
 595 013a 6368     		ldr	r3, [r4, #4]
 596 013c 1BBB     		cbnz	r3, .L39
 597              	.LVL38:
 598              	.LBB101:
 599              	.LBB102:
1146:./lwip-2.1.2/src/api/api_lib.c ****   err = conn->pending_err;
 600              		.loc 1 1146 3 is_stmt 1 view .LVU194
 601              	.LBB103:
 602              	.LBI103:
 449:./inc/cmsis_gcc.h **** {
 603              		.loc 2 449 31 view .LVU195
 604              	.LBB104:
 451:./inc/cmsis_gcc.h **** 
 605              		.loc 2 451 3 view .LVU196
 453:./inc/cmsis_gcc.h ****   return(result);
 606              		.loc 2 453 3 view .LVU197
 607              		.syntax unified
 608              	@ 453 "./inc/cmsis_gcc.h" 1
 609 013e EFF31083 		MRS r3, primask
 610              	@ 0 "" 2
 611              	.LVL39:
 454:./inc/cmsis_gcc.h **** }
 612              		.loc 2 454 3 view .LVU198
 454:./inc/cmsis_gcc.h **** }
 613              		.loc 2 454 3 is_stmt 0 view .LVU199
 614              		.thumb
 615              		.syntax unified
 616              	.LBE104:
 617              	.LBE103:
1146:./lwip-2.1.2/src/api/api_lib.c ****   err = conn->pending_err;
 618              		.loc 1 1146 3 is_stmt 1 view .LVU200
 619              	.LBB105:
 620              	.LBI105:
 207:./inc/cmsis_gcc.h **** {
 621              		.loc 2 207 27 view .LVU201
 622              	.LBB106:
 209:./inc/cmsis_gcc.h **** }
 623              		.loc 2 209 3 view .LVU202
 624              		.syntax unified
 625              	@ 209 "./inc/cmsis_gcc.h" 1
 626 0142 72B6     		cpsid i
 627              	@ 0 "" 2
 628              		.thumb
 629              		.syntax unified
 630              	.LBE106:
 631              	.LBE105:
1146:./lwip-2.1.2/src/api/api_lib.c ****   err = conn->pending_err;
 632              		.loc 1 1146 3 view .LVU203
 633              	.LBB107:
 634              	.LBI107:
 944:./inc/cmsis_gcc.h **** {
 635              		.loc 2 944 27 view .LVU204
 636              	.LBB108:
 637              		.loc 2 946 3 view .LVU205
 638              		.syntax unified
 639              	@ 946 "./inc/cmsis_gcc.h" 1
 640 0144 BFF34F8F 		dsb 0xF
 641              	@ 0 "" 2
 642              		.thumb
 643              		.syntax unified
 644              	.LBE108:
 645              	.LBE107:
1146:./lwip-2.1.2/src/api/api_lib.c ****   err = conn->pending_err;
 646              		.loc 1 1146 3 view .LVU206
 647              	.LBB109:
 648              	.LBI109:
 933:./inc/cmsis_gcc.h **** {
 649              		.loc 2 933 27 view .LVU207
 650              	.LBB110:
 935:./inc/cmsis_gcc.h **** }
 651              		.loc 2 935 3 view .LVU208
 652              		.syntax unified
 653              	@ 935 "./inc/cmsis_gcc.h" 1
 654 0148 BFF36F8F 		isb 0xF
 655              	@ 0 "" 2
 656              		.thumb
 657              		.syntax unified
 658              	.LBE110:
 659              	.LBE109:
1147:./lwip-2.1.2/src/api/api_lib.c ****   conn->pending_err = ERR_OK;
 660              		.loc 1 1147 3 view .LVU209
1148:./lwip-2.1.2/src/api/api_lib.c ****   SYS_ARCH_UNPROTECT(lev);
 661              		.loc 1 1148 21 is_stmt 0 view .LVU210
 662 014c 0022     		movs	r2, #0
1147:./lwip-2.1.2/src/api/api_lib.c ****   conn->pending_err = ERR_OK;
 663              		.loc 1 1147 7 view .LVU211
 664 014e 94F90850 		ldrsb	r5, [r4, #8]
 665              	.LVL40:
1148:./lwip-2.1.2/src/api/api_lib.c ****   SYS_ARCH_UNPROTECT(lev);
 666              		.loc 1 1148 3 is_stmt 1 view .LVU212
1148:./lwip-2.1.2/src/api/api_lib.c ****   SYS_ARCH_UNPROTECT(lev);
 667              		.loc 1 1148 21 is_stmt 0 view .LVU213
 668 0152 2272     		strb	r2, [r4, #8]
 669              		.loc 1 1149 3 is_stmt 1 view .LVU214
 670 0154 03B9     		cbnz	r3, .L40
 671              		.loc 1 1149 3 view .LVU215
 672              	.LBB111:
 673              	.LBI111:
 196:./inc/cmsis_gcc.h **** {
 674              		.loc 2 196 27 view .LVU216
 675              	.LBB112:
 198:./inc/cmsis_gcc.h **** }
 676              		.loc 2 198 3 view .LVU217
 677              		.syntax unified
 678              	@ 198 "./inc/cmsis_gcc.h" 1
 679 0156 62B6     		cpsie i
 680              	@ 0 "" 2
 681              		.thumb
 682              		.syntax unified
 683              	.L40:
 684              	.LVL41:
 198:./inc/cmsis_gcc.h **** }
 685              		.loc 2 198 3 is_stmt 0 view .LVU218
 686              	.LBE112:
 687              	.LBE111:
 688              	.LBE102:
 689              	.LBE101:
 757:./lwip-2.1.2/src/api/api_lib.c ****           return err;
 690              		.loc 1 757 9 is_stmt 1 view .LVU219
 760:./lwip-2.1.2/src/api/api_lib.c ****       }
 691              		.loc 1 760 16 is_stmt 0 view .LVU220
 692 0158 002D     		cmp	r5, #0
 693 015a 08BF     		it	eq
 694 015c 6FF00D05 		mvneq	r5, #13
 695              	.LVL42:
 769:./lwip-2.1.2/src/api/api_lib.c **** 
 696              		.loc 1 769 1 view .LVU221
 697 0160 2846     		mov	r0, r5
 698 0162 11B0     		add	sp, sp, #68
 699              	.LCFI8:
 700              		.cfi_remember_state
 701              		.cfi_def_cfa_offset 20
 702              		@ sp needed
 703 0164 F0BD     		pop	{r4, r5, r6, r7, pc}
 704              	.LVL43:
 705              	.L42:
 706              	.LCFI9:
 707              		.cfi_restore_state
 746:./lwip-2.1.2/src/api/api_lib.c ****       /* received a FIN but the caller cannot handle it right now:
 708              		.loc 1 746 5 is_stmt 1 view .LVU222
 746:./lwip-2.1.2/src/api/api_lib.c ****       /* received a FIN but the caller cannot handle it right now:
 709              		.loc 1 746 8 is_stmt 0 view .LVU223
 710 0166 FB06     		lsls	r3, r7, #27
 711 0168 E1D5     		bpl	.L33
 749:./lwip-2.1.2/src/api/api_lib.c ****       return ERR_WOULDBLOCK;
 712              		.loc 1 749 7 is_stmt 1 view .LVU224
 749:./lwip-2.1.2/src/api/api_lib.c ****       return ERR_WOULDBLOCK;
 713              		.loc 1 749 7 view .LVU225
 714 016a 237F     		ldrb	r3, [r4, #28]	@ zero_extendqisi2
 750:./lwip-2.1.2/src/api/api_lib.c ****     } else {
 715              		.loc 1 750 14 is_stmt 0 view .LVU226
 716 016c 6FF00605 		mvn	r5, #6
 749:./lwip-2.1.2/src/api/api_lib.c ****       return ERR_WOULDBLOCK;
 717              		.loc 1 749 7 view .LVU227
 718 0170 63F07F03 		orn	r3, r3, #127
 719 0174 2377     		strb	r3, [r4, #28]
 749:./lwip-2.1.2/src/api/api_lib.c ****       return ERR_WOULDBLOCK;
 720              		.loc 1 749 7 is_stmt 1 view .LVU228
 750:./lwip-2.1.2/src/api/api_lib.c ****     } else {
 721              		.loc 1 750 7 view .LVU229
 750:./lwip-2.1.2/src/api/api_lib.c ****     } else {
 722              		.loc 1 750 14 is_stmt 0 view .LVU230
 723 0176 D4E7     		b	.L45
 724              	.LVL44:
 725              	.L35:
 726              	.LBB113:
 740:./lwip-2.1.2/src/api/api_lib.c ****     API_MSG_VAR_FREE(msg);
 727              		.loc 1 740 5 is_stmt 1 view .LVU231
 728              	.LBB100:
 677:./lwip-2.1.2/src/api/api_lib.c **** {
 729              		.loc 1 677 1 view .LVU232
 730              	.LBB98:
 679:./lwip-2.1.2/src/api/api_lib.c ****              NETCONNTYPE_GROUP(netconn_type(conn)) == NETCONN_TCP, return ERR_ARG;);
 731              		.loc 1 679 3 view .LVU233
 679:./lwip-2.1.2/src/api/api_lib.c ****              NETCONNTYPE_GROUP(netconn_type(conn)) == NETCONN_TCP, return ERR_ARG;);
 732              		.loc 1 679 3 view .LVU234
 679:./lwip-2.1.2/src/api/api_lib.c ****              NETCONNTYPE_GROUP(netconn_type(conn)) == NETCONN_TCP, return ERR_ARG;);
 733              		.loc 1 679 3 is_stmt 0 view .LVU235
 734 0178 2378     		ldrb	r3, [r4]	@ zero_extendqisi2
 735 017a 03F0F003 		and	r3, r3, #240
 736 017e 102B     		cmp	r3, #16
 737 0180 F1D1     		bne	.L42
 738              	.LBE98:
 739              	.LBE100:
 740:./lwip-2.1.2/src/api/api_lib.c ****     API_MSG_VAR_FREE(msg);
 740              		.loc 1 740 5 view .LVU236
 741 0182 0122     		movs	r2, #1
 742 0184 C4E7     		b	.L36
 743              	.LVL45:
 744              	.L39:
 740:./lwip-2.1.2/src/api/api_lib.c ****     API_MSG_VAR_FREE(msg);
 745              		.loc 1 740 5 view .LVU237
 746              	.LBE113:
 747              	.LBB114:
 748              	.LBB115:
1095:./lwip-2.1.2/src/api/api_lib.c **** 
 749              		.loc 1 1095 3 is_stmt 1 view .LVU238
1095:./lwip-2.1.2/src/api/api_lib.c **** 
 750              		.loc 1 1095 3 view .LVU239
1097:./lwip-2.1.2/src/api/api_lib.c ****   API_MSG_VAR_REF(msg).conn = conn;
 751              		.loc 1 1097 25 view .LVU240
1098:./lwip-2.1.2/src/api/api_lib.c **** #if LWIP_TCP
 752              		.loc 1 1098 3 view .LVU241
1101:./lwip-2.1.2/src/api/api_lib.c **** #if LWIP_SO_SNDTIMEO || LWIP_SO_LINGER
 753              		.loc 1 1101 36 is_stmt 0 view .LVU242
 754 0186 42F60113 		movw	r3, #10497
 755              	.LBB116:
 756              	.LBB117:
 131:./lwip-2.1.2/src/api/api_lib.c ****   if (err == ERR_OK) {
 757              		.loc 1 131 9 view .LVU243
 758 018a 04F10C02 		add	r2, r4, #12
 759 018e 08A9     		add	r1, sp, #32
 760 0190 0648     		ldr	r0, .L58+4
 761              	.LBE117:
 762              	.LBE116:
 763              	.LBE115:
 764              	.LBE114:
 765:./lwip-2.1.2/src/api/api_lib.c ****     }
 765              		.loc 1 765 14 view .LVU244
 766 0192 6FF00E05 		mvn	r5, #14
 767              	.LBB121:
 768              	.LBB120:
1098:./lwip-2.1.2/src/api/api_lib.c **** #if LWIP_TCP
 769              		.loc 1 1098 29 view .LVU245
 770 0196 0894     		str	r4, [sp, #32]
1101:./lwip-2.1.2/src/api/api_lib.c **** #if LWIP_SO_SNDTIMEO || LWIP_SO_LINGER
 771              		.loc 1 1101 3 is_stmt 1 view .LVU246
1107:./lwip-2.1.2/src/api/api_lib.c ****     ((LWIP_TCP_CLOSE_TIMEOUT_MS_DEFAULT + TCP_SLOW_INTERVAL - 1) / TCP_SLOW_INTERVAL) + 1;
 772              		.loc 1 1107 3 view .LVU247
1101:./lwip-2.1.2/src/api/api_lib.c **** #if LWIP_SO_SNDTIMEO || LWIP_SO_LINGER
 773              		.loc 1 1101 36 is_stmt 0 view .LVU248
 774 0198 ADF82830 		strh	r3, [sp, #40]	@ movhi
1111:./lwip-2.1.2/src/api/api_lib.c ****   API_MSG_VAR_FREE(msg);
 775              		.loc 1 1111 3 is_stmt 1 view .LVU249
 776              	.LVL46:
 777              	.LBB119:
 778              	.LBI116:
 118:./lwip-2.1.2/src/api/api_lib.c **** {
 779              		.loc 1 118 1 view .LVU250
 780              	.LBB118:
 120:./lwip-2.1.2/src/api/api_lib.c **** 
 781              		.loc 1 120 3 view .LVU251
 131:./lwip-2.1.2/src/api/api_lib.c ****   if (err == ERR_OK) {
 782              		.loc 1 131 3 view .LVU252
 131:./lwip-2.1.2/src/api/api_lib.c ****   if (err == ERR_OK) {
 783              		.loc 1 131 9 is_stmt 0 view .LVU253
 784 019c FFF7FEFF 		bl	tcpip_send_msg_wait_sem
 785              	.LVL47:
 132:./lwip-2.1.2/src/api/api_lib.c ****     return apimsg->err;
 786              		.loc 1 132 3 is_stmt 1 view .LVU254
 132:./lwip-2.1.2/src/api/api_lib.c ****     return apimsg->err;
 787              		.loc 1 132 3 is_stmt 0 view .LVU255
 788 01a0 BFE7     		b	.L45
 789              	.LVL48:
 790              	.L43:
 132:./lwip-2.1.2/src/api/api_lib.c ****     return apimsg->err;
 791              		.loc 1 132 3 view .LVU256
 792              	.LBE118:
 793              	.LBE119:
 794              	.LBE120:
 795              	.LBE121:
 714:./lwip-2.1.2/src/api/api_lib.c ****   }
 796              		.loc 1 714 12 view .LVU257
 797 01a2 6FF00A05 		mvn	r5, #10
 798 01a6 BCE7     		b	.L45
 799              	.L59:
 800              		.align	2
 801              	.L58:
 802 01a8 00000000 		.word	lwip_netconn_do_recv
 803 01ac 00000000 		.word	lwip_netconn_do_close
 804              		.cfi_endproc
 805              	.LFE183:
 807              		.align	1
 808              		.p2align 2,,3
 809              		.global	netconn_new_with_proto_and_callback
 810              		.syntax unified
 811              		.thumb
 812              		.thumb_func
 813              		.fpu fpv5-d16
 815              	netconn_new_with_proto_and_callback:
 816              	.LVL49:
 817              	.LFB170:
 150:./lwip-2.1.2/src/api/api_lib.c ****   struct netconn *conn;
 818              		.loc 1 150 1 is_stmt 1 view -0
 819              		.cfi_startproc
 820              		@ args = 0, pretend = 0, frame = 32
 821              		@ frame_needed = 0, uses_anonymous_args = 0
 151:./lwip-2.1.2/src/api/api_lib.c ****   API_MSG_VAR_DECLARE(msg);
 822              		.loc 1 151 3 view .LVU259
 152:./lwip-2.1.2/src/api/api_lib.c ****   API_MSG_VAR_ALLOC_RETURN_NULL(msg);
 823              		.loc 1 152 3 view .LVU260
 153:./lwip-2.1.2/src/api/api_lib.c **** 
 824              		.loc 1 153 37 view .LVU261
 155:./lwip-2.1.2/src/api/api_lib.c ****   if (conn != NULL) {
 825              		.loc 1 155 3 view .LVU262
 150:./lwip-2.1.2/src/api/api_lib.c ****   struct netconn *conn;
 826              		.loc 1 150 1 is_stmt 0 view .LVU263
 827 01b0 70B5     		push	{r4, r5, r6, lr}
 828              	.LCFI10:
 829              		.cfi_def_cfa_offset 16
 830              		.cfi_offset 4, -16
 831              		.cfi_offset 5, -12
 832              		.cfi_offset 6, -8
 833              		.cfi_offset 14, -4
 834 01b2 0D46     		mov	r5, r1
 835 01b4 88B0     		sub	sp, sp, #32
 836              	.LCFI11:
 837              		.cfi_def_cfa_offset 48
 155:./lwip-2.1.2/src/api/api_lib.c ****   if (conn != NULL) {
 838              		.loc 1 155 10 view .LVU264
 839 01b6 1146     		mov	r1, r2
 840              	.LVL50:
 155:./lwip-2.1.2/src/api/api_lib.c ****   if (conn != NULL) {
 841              		.loc 1 155 10 view .LVU265
 842 01b8 FFF7FEFF 		bl	netconn_alloc
 843              	.LVL51:
 156:./lwip-2.1.2/src/api/api_lib.c ****     err_t err;
 844              		.loc 1 156 3 is_stmt 1 view .LVU266
 156:./lwip-2.1.2/src/api/api_lib.c ****     err_t err;
 845              		.loc 1 156 6 is_stmt 0 view .LVU267
 846 01bc 0446     		mov	r4, r0
 847 01be 70B1     		cbz	r0, .L60
 848              	.LBB125:
 157:./lwip-2.1.2/src/api/api_lib.c **** 
 849              		.loc 1 157 5 is_stmt 1 view .LVU268
 159:./lwip-2.1.2/src/api/api_lib.c ****     API_MSG_VAR_REF(msg).conn = conn;
 850              		.loc 1 159 5 view .LVU269
 851              	.LBB126:
 852              	.LBB127:
 131:./lwip-2.1.2/src/api/api_lib.c ****   if (err == ERR_OK) {
 853              		.loc 1 131 9 is_stmt 0 view .LVU270
 854 01c0 00F10C06 		add	r6, r0, #12
 855 01c4 6946     		mov	r1, sp
 856 01c6 0E48     		ldr	r0, .L70
 857              	.LVL52:
 131:./lwip-2.1.2/src/api/api_lib.c ****   if (err == ERR_OK) {
 858              		.loc 1 131 9 view .LVU271
 859 01c8 3246     		mov	r2, r6
 860              	.LBE127:
 861              	.LBE126:
 159:./lwip-2.1.2/src/api/api_lib.c ****     API_MSG_VAR_REF(msg).conn = conn;
 862              		.loc 1 159 38 view .LVU272
 863 01ca 8DF80850 		strb	r5, [sp, #8]
 160:./lwip-2.1.2/src/api/api_lib.c ****     err = netconn_apimsg(lwip_netconn_do_newconn, &API_MSG_VAR_REF(msg));
 864              		.loc 1 160 5 is_stmt 1 view .LVU273
 160:./lwip-2.1.2/src/api/api_lib.c ****     err = netconn_apimsg(lwip_netconn_do_newconn, &API_MSG_VAR_REF(msg));
 865              		.loc 1 160 31 is_stmt 0 view .LVU274
 866 01ce 0094     		str	r4, [sp]
 161:./lwip-2.1.2/src/api/api_lib.c ****     if (err != ERR_OK) {
 867              		.loc 1 161 5 is_stmt 1 view .LVU275
 868              	.LVL53:
 869              	.LBB129:
 870              	.LBI126:
 118:./lwip-2.1.2/src/api/api_lib.c **** {
 871              		.loc 1 118 1 view .LVU276
 872              	.LBB128:
 120:./lwip-2.1.2/src/api/api_lib.c **** 
 873              		.loc 1 120 3 view .LVU277
 131:./lwip-2.1.2/src/api/api_lib.c ****   if (err == ERR_OK) {
 874              		.loc 1 131 3 view .LVU278
 131:./lwip-2.1.2/src/api/api_lib.c ****   if (err == ERR_OK) {
 875              		.loc 1 131 9 is_stmt 0 view .LVU279
 876 01d0 FFF7FEFF 		bl	tcpip_send_msg_wait_sem
 877              	.LVL54:
 132:./lwip-2.1.2/src/api/api_lib.c ****     return apimsg->err;
 878              		.loc 1 132 3 is_stmt 1 view .LVU280
 133:./lwip-2.1.2/src/api/api_lib.c ****   }
 879              		.loc 1 133 5 view .LVU281
 133:./lwip-2.1.2/src/api/api_lib.c ****   }
 880              		.loc 1 133 5 is_stmt 0 view .LVU282
 881              	.LBE128:
 882              	.LBE129:
 162:./lwip-2.1.2/src/api/api_lib.c ****       LWIP_ASSERT("freeing conn without freeing pcb", conn->pcb.tcp == NULL);
 883              		.loc 1 162 5 is_stmt 1 view .LVU283
 162:./lwip-2.1.2/src/api/api_lib.c ****       LWIP_ASSERT("freeing conn without freeing pcb", conn->pcb.tcp == NULL);
 884              		.loc 1 162 8 is_stmt 0 view .LVU284
 885 01d4 9DF80430 		ldrb	r3, [sp, #4]	@ zero_extendqisi2
 886 01d8 1843     		orrs	r0, r0, r3
 887 01da 40B2     		sxtb	r0, r0
 888 01dc 10B9     		cbnz	r0, .L69
 889              	.LVL55:
 890              	.L60:
 162:./lwip-2.1.2/src/api/api_lib.c ****       LWIP_ASSERT("freeing conn without freeing pcb", conn->pcb.tcp == NULL);
 891              		.loc 1 162 8 view .LVU285
 892              	.LBE125:
 180:./lwip-2.1.2/src/api/api_lib.c **** 
 893              		.loc 1 180 1 view .LVU286
 894 01de 2046     		mov	r0, r4
 895 01e0 08B0     		add	sp, sp, #32
 896              	.LCFI12:
 897              		.cfi_remember_state
 898              		.cfi_def_cfa_offset 16
 899              		@ sp needed
 900 01e2 70BD     		pop	{r4, r5, r6, pc}
 901              	.LVL56:
 902              	.L69:
 903              	.LCFI13:
 904              		.cfi_restore_state
 905              	.LBB130:
 163:./lwip-2.1.2/src/api/api_lib.c ****       LWIP_ASSERT("conn has no recvmbox", sys_mbox_valid(&conn->recvmbox));
 906              		.loc 1 163 77 is_stmt 1 view .LVU287
 164:./lwip-2.1.2/src/api/api_lib.c **** #if LWIP_TCP
 907              		.loc 1 164 75 view .LVU288
 166:./lwip-2.1.2/src/api/api_lib.c **** #endif /* LWIP_TCP */
 908              		.loc 1 166 90 view .LVU289
 169:./lwip-2.1.2/src/api/api_lib.c ****       sys_sem_free(&conn->op_completed);
 909              		.loc 1 169 82 view .LVU290
 170:./lwip-2.1.2/src/api/api_lib.c **** #endif /* !LWIP_NETCONN_SEM_PER_THREAD */
 910              		.loc 1 170 7 view .LVU291
 911 01e4 3046     		mov	r0, r6
 912 01e6 FFF7FEFF 		bl	sys_sem_free
 913              	.LVL57:
 172:./lwip-2.1.2/src/api/api_lib.c ****       memp_free(MEMP_NETCONN, conn);
 914              		.loc 1 172 7 view .LVU292
 915 01ea 04F11000 		add	r0, r4, #16
 916 01ee FFF7FEFF 		bl	sys_mbox_free
 917              	.LVL58:
 173:./lwip-2.1.2/src/api/api_lib.c ****       API_MSG_VAR_FREE(msg);
 918              		.loc 1 173 7 view .LVU293
 919 01f2 2146     		mov	r1, r4
 920 01f4 0720     		movs	r0, #7
 175:./lwip-2.1.2/src/api/api_lib.c ****     }
 921              		.loc 1 175 14 is_stmt 0 view .LVU294
 922 01f6 0024     		movs	r4, #0
 923              	.LVL59:
 173:./lwip-2.1.2/src/api/api_lib.c ****       API_MSG_VAR_FREE(msg);
 924              		.loc 1 173 7 view .LVU295
 925 01f8 FFF7FEFF 		bl	memp_free
 926              	.LVL60:
 174:./lwip-2.1.2/src/api/api_lib.c ****       return NULL;
 927              		.loc 1 174 28 is_stmt 1 view .LVU296
 175:./lwip-2.1.2/src/api/api_lib.c ****     }
 928              		.loc 1 175 7 view .LVU297
 175:./lwip-2.1.2/src/api/api_lib.c ****     }
 929              		.loc 1 175 14 is_stmt 0 view .LVU298
 930 01fc EFE7     		b	.L60
 931              	.L71:
 932 01fe 00BF     		.align	2
 933              	.L70:
 934 0200 00000000 		.word	lwip_netconn_do_newconn
 935              	.LBE130:
 936              		.cfi_endproc
 937              	.LFE170:
 939              		.align	1
 940              		.p2align 2,,3
 941              		.global	netconn_prepare_delete
 942              		.syntax unified
 943              		.thumb
 944              		.thumb_func
 945              		.fpu fpv5-d16
 947              	netconn_prepare_delete:
 948              	.LVL61:
 949              	.LFB171:
 193:./lwip-2.1.2/src/api/api_lib.c ****   err_t err;
 950              		.loc 1 193 1 is_stmt 1 view -0
 951              		.cfi_startproc
 952              		@ args = 0, pretend = 0, frame = 32
 953              		@ frame_needed = 0, uses_anonymous_args = 0
 194:./lwip-2.1.2/src/api/api_lib.c ****   API_MSG_VAR_DECLARE(msg);
 954              		.loc 1 194 3 view .LVU300
 195:./lwip-2.1.2/src/api/api_lib.c **** 
 955              		.loc 1 195 3 view .LVU301
 198:./lwip-2.1.2/src/api/api_lib.c ****     return ERR_OK;
 956              		.loc 1 198 3 view .LVU302
 198:./lwip-2.1.2/src/api/api_lib.c ****     return ERR_OK;
 957              		.loc 1 198 6 is_stmt 0 view .LVU303
 958 0204 0346     		mov	r3, r0
 959 0206 A8B1     		cbz	r0, .L75
 960              	.LVL62:
 961              	.LBB135:
 962              	.LBI135:
 192:./lwip-2.1.2/src/api/api_lib.c **** {
 963              		.loc 1 192 1 is_stmt 1 view .LVU304
 964              	.LBB136:
 202:./lwip-2.1.2/src/api/api_lib.c ****   API_MSG_VAR_REF(msg).conn = conn;
 965              		.loc 1 202 25 view .LVU305
 203:./lwip-2.1.2/src/api/api_lib.c **** #if LWIP_SO_SNDTIMEO || LWIP_SO_LINGER
 966              		.loc 1 203 3 view .LVU306
 210:./lwip-2.1.2/src/api/api_lib.c ****     ((LWIP_TCP_CLOSE_TIMEOUT_MS_DEFAULT + TCP_SLOW_INTERVAL - 1) / TCP_SLOW_INTERVAL) + 1;
 967              		.loc 1 210 42 is_stmt 0 view .LVU307
 968 0208 4FF0290C 		mov	ip, #41
 969              	.LBB137:
 970              	.LBB138:
 131:./lwip-2.1.2/src/api/api_lib.c ****   if (err == ERR_OK) {
 971              		.loc 1 131 9 view .LVU308
 972 020c 00F10C02 		add	r2, r0, #12
 973 0210 0948     		ldr	r0, .L81
 974              	.LVL63:
 131:./lwip-2.1.2/src/api/api_lib.c ****   if (err == ERR_OK) {
 975              		.loc 1 131 9 view .LVU309
 976              	.LBE138:
 977              	.LBE137:
 978              	.LBE136:
 979              	.LBE135:
 193:./lwip-2.1.2/src/api/api_lib.c ****   err_t err;
 980              		.loc 1 193 1 view .LVU310
 981 0212 00B5     		push	{lr}
 982              	.LCFI14:
 983              		.cfi_def_cfa_offset 4
 984              		.cfi_offset 14, -4
 985 0214 89B0     		sub	sp, sp, #36
 986              	.LCFI15:
 987              		.cfi_def_cfa_offset 40
 988              	.LBB147:
 989              	.LBB145:
 990              	.LBB142:
 991              	.LBB139:
 131:./lwip-2.1.2/src/api/api_lib.c ****   if (err == ERR_OK) {
 992              		.loc 1 131 9 view .LVU311
 993 0216 6946     		mov	r1, sp
 994              	.LBE139:
 995              	.LBE142:
 203:./lwip-2.1.2/src/api/api_lib.c **** #if LWIP_SO_SNDTIMEO || LWIP_SO_LINGER
 996              		.loc 1 203 29 view .LVU312
 997 0218 0093     		str	r3, [sp]
 210:./lwip-2.1.2/src/api/api_lib.c ****     ((LWIP_TCP_CLOSE_TIMEOUT_MS_DEFAULT + TCP_SLOW_INTERVAL - 1) / TCP_SLOW_INTERVAL) + 1;
 998              		.loc 1 210 3 is_stmt 1 view .LVU313
 210:./lwip-2.1.2/src/api/api_lib.c ****     ((LWIP_TCP_CLOSE_TIMEOUT_MS_DEFAULT + TCP_SLOW_INTERVAL - 1) / TCP_SLOW_INTERVAL) + 1;
 999              		.loc 1 210 42 is_stmt 0 view .LVU314
 1000 021a 8DF809C0 		strb	ip, [sp, #9]
 214:./lwip-2.1.2/src/api/api_lib.c ****   API_MSG_VAR_FREE(msg);
 1001              		.loc 1 214 3 is_stmt 1 view .LVU315
 1002              	.LVL64:
 1003              	.LBB143:
 1004              	.LBI137:
 118:./lwip-2.1.2/src/api/api_lib.c **** {
 1005              		.loc 1 118 1 view .LVU316
 1006              	.LBB140:
 120:./lwip-2.1.2/src/api/api_lib.c **** 
 1007              		.loc 1 120 3 view .LVU317
 131:./lwip-2.1.2/src/api/api_lib.c ****   if (err == ERR_OK) {
 1008              		.loc 1 131 3 view .LVU318
 131:./lwip-2.1.2/src/api/api_lib.c ****   if (err == ERR_OK) {
 1009              		.loc 1 131 9 is_stmt 0 view .LVU319
 1010 021e FFF7FEFF 		bl	tcpip_send_msg_wait_sem
 1011              	.LVL65:
 132:./lwip-2.1.2/src/api/api_lib.c ****     return apimsg->err;
 1012              		.loc 1 132 3 is_stmt 1 view .LVU320
 132:./lwip-2.1.2/src/api/api_lib.c ****     return apimsg->err;
 1013              		.loc 1 132 6 is_stmt 0 view .LVU321
 1014 0222 10B1     		cbz	r0, .L80
 1015              	.LBE140:
 1016              	.LBE143:
 1017              	.LBE145:
 1018              	.LBE147:
 221:./lwip-2.1.2/src/api/api_lib.c **** 
 1019              		.loc 1 221 1 view .LVU322
 1020 0224 09B0     		add	sp, sp, #36
 1021              	.LCFI16:
 1022              		.cfi_remember_state
 1023              		.cfi_def_cfa_offset 4
 1024              	.LVL66:
 221:./lwip-2.1.2/src/api/api_lib.c **** 
 1025              		.loc 1 221 1 view .LVU323
 1026              		@ sp needed
 1027 0226 5DF804FB 		ldr	pc, [sp], #4
 1028              	.LVL67:
 1029              	.L80:
 1030              	.LCFI17:
 1031              		.cfi_restore_state
 1032              	.LBB148:
 1033              	.LBB146:
 1034              	.LBB144:
 1035              	.LBB141:
 133:./lwip-2.1.2/src/api/api_lib.c ****   }
 1036              		.loc 1 133 5 is_stmt 1 view .LVU324
 133:./lwip-2.1.2/src/api/api_lib.c ****   }
 1037              		.loc 1 133 18 is_stmt 0 view .LVU325
 1038 022a 9DF90400 		ldrsb	r0, [sp, #4]
 1039              	.LVL68:
 133:./lwip-2.1.2/src/api/api_lib.c ****   }
 1040              		.loc 1 133 18 view .LVU326
 1041              	.LBE141:
 1042              	.LBE144:
 215:./lwip-2.1.2/src/api/api_lib.c **** 
 1043              		.loc 1 215 24 is_stmt 1 view .LVU327
 217:./lwip-2.1.2/src/api/api_lib.c ****     return err;
 1044              		.loc 1 217 3 view .LVU328
 217:./lwip-2.1.2/src/api/api_lib.c ****     return err;
 1045              		.loc 1 217 3 is_stmt 0 view .LVU329
 1046              	.LBE146:
 1047              	.LBE148:
 221:./lwip-2.1.2/src/api/api_lib.c **** 
 1048              		.loc 1 221 1 view .LVU330
 1049 022e 09B0     		add	sp, sp, #36
 1050              	.LCFI18:
 1051              		.cfi_def_cfa_offset 4
 1052              		@ sp needed
 1053 0230 5DF804FB 		ldr	pc, [sp], #4
 1054              	.LVL69:
 1055              	.L75:
 1056              	.LCFI19:
 1057              		.cfi_def_cfa_offset 0
 1058              		.cfi_restore 14
 221:./lwip-2.1.2/src/api/api_lib.c **** 
 1059              		.loc 1 221 1 view .LVU331
 1060 0234 7047     		bx	lr
 1061              	.L82:
 1062 0236 00BF     		.align	2
 1063              	.L81:
 1064 0238 00000000 		.word	lwip_netconn_do_delconn
 1065              		.cfi_endproc
 1066              	.LFE171:
 1068              		.align	1
 1069              		.p2align 2,,3
 1070              		.global	netconn_delete
 1071              		.syntax unified
 1072              		.thumb
 1073              		.thumb_func
 1074              		.fpu fpv5-d16
 1076              	netconn_delete:
 1077              	.LVL70:
 1078              	.LFB172:
 234:./lwip-2.1.2/src/api/api_lib.c ****   err_t err;
 1079              		.loc 1 234 1 is_stmt 1 view -0
 1080              		.cfi_startproc
 1081              		@ args = 0, pretend = 0, frame = 32
 1082              		@ frame_needed = 0, uses_anonymous_args = 0
 235:./lwip-2.1.2/src/api/api_lib.c **** 
 1083              		.loc 1 235 3 view .LVU333
 238:./lwip-2.1.2/src/api/api_lib.c ****     return ERR_OK;
 1084              		.loc 1 238 3 view .LVU334
 234:./lwip-2.1.2/src/api/api_lib.c ****   err_t err;
 1085              		.loc 1 234 1 is_stmt 0 view .LVU335
 1086 023c 30B5     		push	{r4, r5, lr}
 1087              	.LCFI20:
 1088              		.cfi_def_cfa_offset 12
 1089              		.cfi_offset 4, -12
 1090              		.cfi_offset 5, -8
 1091              		.cfi_offset 14, -4
 238:./lwip-2.1.2/src/api/api_lib.c ****     return ERR_OK;
 1092              		.loc 1 238 6 view .LVU336
 1093 023e 0446     		mov	r4, r0
 234:./lwip-2.1.2/src/api/api_lib.c ****   err_t err;
 1094              		.loc 1 234 1 view .LVU337
 1095 0240 89B0     		sub	sp, sp, #36
 1096              	.LCFI21:
 1097              		.cfi_def_cfa_offset 48
 238:./lwip-2.1.2/src/api/api_lib.c ****     return ERR_OK;
 1098              		.loc 1 238 6 view .LVU338
 1099 0242 C0B1     		cbz	r0, .L86
 249:./lwip-2.1.2/src/api/api_lib.c ****   }
 1100              		.loc 1 249 5 is_stmt 1 view .LVU339
 1101              	.LVL71:
 1102              	.LBB155:
 1103              	.LBI155:
 192:./lwip-2.1.2/src/api/api_lib.c **** {
 1104              		.loc 1 192 1 view .LVU340
 1105              	.LBB156:
 194:./lwip-2.1.2/src/api/api_lib.c ****   API_MSG_VAR_DECLARE(msg);
 1106              		.loc 1 194 3 view .LVU341
 195:./lwip-2.1.2/src/api/api_lib.c **** 
 1107              		.loc 1 195 3 view .LVU342
 198:./lwip-2.1.2/src/api/api_lib.c ****     return ERR_OK;
 1108              		.loc 1 198 3 view .LVU343
 1109              	.LBB157:
 1110              	.LBI157:
 192:./lwip-2.1.2/src/api/api_lib.c **** {
 1111              		.loc 1 192 1 view .LVU344
 1112              	.LBB158:
 202:./lwip-2.1.2/src/api/api_lib.c ****   API_MSG_VAR_REF(msg).conn = conn;
 1113              		.loc 1 202 25 view .LVU345
 203:./lwip-2.1.2/src/api/api_lib.c **** #if LWIP_SO_SNDTIMEO || LWIP_SO_LINGER
 1114              		.loc 1 203 3 view .LVU346
 210:./lwip-2.1.2/src/api/api_lib.c ****     ((LWIP_TCP_CLOSE_TIMEOUT_MS_DEFAULT + TCP_SLOW_INTERVAL - 1) / TCP_SLOW_INTERVAL) + 1;
 1115              		.loc 1 210 42 is_stmt 0 view .LVU347
 1116 0244 2923     		movs	r3, #41
 1117              	.LBB159:
 1118              	.LBB160:
 131:./lwip-2.1.2/src/api/api_lib.c ****   if (err == ERR_OK) {
 1119              		.loc 1 131 9 view .LVU348
 1120 0246 00F10C02 		add	r2, r0, #12
 1121 024a 6946     		mov	r1, sp
 1122 024c 0C48     		ldr	r0, .L89
 1123              	.LVL72:
 131:./lwip-2.1.2/src/api/api_lib.c ****   if (err == ERR_OK) {
 1124              		.loc 1 131 9 view .LVU349
 1125              	.LBE160:
 1126              	.LBE159:
 203:./lwip-2.1.2/src/api/api_lib.c **** #if LWIP_SO_SNDTIMEO || LWIP_SO_LINGER
 1127              		.loc 1 203 29 view .LVU350
 1128 024e 0094     		str	r4, [sp]
 210:./lwip-2.1.2/src/api/api_lib.c ****     ((LWIP_TCP_CLOSE_TIMEOUT_MS_DEFAULT + TCP_SLOW_INTERVAL - 1) / TCP_SLOW_INTERVAL) + 1;
 1129              		.loc 1 210 3 is_stmt 1 view .LVU351
 210:./lwip-2.1.2/src/api/api_lib.c ****     ((LWIP_TCP_CLOSE_TIMEOUT_MS_DEFAULT + TCP_SLOW_INTERVAL - 1) / TCP_SLOW_INTERVAL) + 1;
 1130              		.loc 1 210 42 is_stmt 0 view .LVU352
 1131 0250 8DF80930 		strb	r3, [sp, #9]
 214:./lwip-2.1.2/src/api/api_lib.c ****   API_MSG_VAR_FREE(msg);
 1132              		.loc 1 214 3 is_stmt 1 view .LVU353
 1133              	.LVL73:
 1134              	.LBB163:
 1135              	.LBI159:
 118:./lwip-2.1.2/src/api/api_lib.c **** {
 1136              		.loc 1 118 1 view .LVU354
 1137              	.LBB161:
 120:./lwip-2.1.2/src/api/api_lib.c **** 
 1138              		.loc 1 120 3 view .LVU355
 131:./lwip-2.1.2/src/api/api_lib.c ****   if (err == ERR_OK) {
 1139              		.loc 1 131 3 view .LVU356
 131:./lwip-2.1.2/src/api/api_lib.c ****   if (err == ERR_OK) {
 1140              		.loc 1 131 9 is_stmt 0 view .LVU357
 1141 0254 FFF7FEFF 		bl	tcpip_send_msg_wait_sem
 1142              	.LVL74:
 132:./lwip-2.1.2/src/api/api_lib.c ****     return apimsg->err;
 1143              		.loc 1 132 3 is_stmt 1 view .LVU358
 132:./lwip-2.1.2/src/api/api_lib.c ****     return apimsg->err;
 1144              		.loc 1 132 6 is_stmt 0 view .LVU359
 1145 0258 0546     		mov	r5, r0
 1146 025a 10B1     		cbz	r0, .L88
 1147              	.LVL75:
 1148              	.L84:
 132:./lwip-2.1.2/src/api/api_lib.c ****     return apimsg->err;
 1149              		.loc 1 132 6 view .LVU360
 1150              	.LBE161:
 1151              	.LBE163:
 1152              	.LBE158:
 1153              	.LBE157:
 1154              	.LBE156:
 1155              	.LBE155:
 255:./lwip-2.1.2/src/api/api_lib.c **** 
 1156              		.loc 1 255 1 view .LVU361
 1157 025c 2846     		mov	r0, r5
 1158 025e 09B0     		add	sp, sp, #36
 1159              	.LCFI22:
 1160              		.cfi_remember_state
 1161              		.cfi_def_cfa_offset 12
 1162              		@ sp needed
 1163 0260 30BD     		pop	{r4, r5, pc}
 1164              	.LVL76:
 1165              	.L88:
 1166              	.LCFI23:
 1167              		.cfi_restore_state
 1168              	.LBB168:
 1169              	.LBB167:
 1170              	.LBB166:
 1171              	.LBB165:
 1172              	.LBB164:
 1173              	.LBB162:
 133:./lwip-2.1.2/src/api/api_lib.c ****   }
 1174              		.loc 1 133 5 is_stmt 1 view .LVU362
 133:./lwip-2.1.2/src/api/api_lib.c ****   }
 1175              		.loc 1 133 18 is_stmt 0 view .LVU363
 1176 0262 9DF90450 		ldrsb	r5, [sp, #4]
 1177              	.LVL77:
 133:./lwip-2.1.2/src/api/api_lib.c ****   }
 1178              		.loc 1 133 18 view .LVU364
 1179              	.LBE162:
 1180              	.LBE164:
 215:./lwip-2.1.2/src/api/api_lib.c **** 
 1181              		.loc 1 215 24 is_stmt 1 view .LVU365
 217:./lwip-2.1.2/src/api/api_lib.c ****     return err;
 1182              		.loc 1 217 3 view .LVU366
 217:./lwip-2.1.2/src/api/api_lib.c ****     return err;
 1183              		.loc 1 217 6 is_stmt 0 view .LVU367
 1184 0266 002D     		cmp	r5, #0
 1185 0268 F8D1     		bne	.L84
 1186              	.LVL78:
 217:./lwip-2.1.2/src/api/api_lib.c ****     return err;
 1187              		.loc 1 217 6 view .LVU368
 1188              	.LBE165:
 1189              	.LBE166:
 1190              	.LBE167:
 1191              	.LBE168:
 251:./lwip-2.1.2/src/api/api_lib.c ****     netconn_free(conn);
 1192              		.loc 1 251 3 is_stmt 1 view .LVU369
 252:./lwip-2.1.2/src/api/api_lib.c ****   }
 1193              		.loc 1 252 5 view .LVU370
 1194 026a 2046     		mov	r0, r4
 1195 026c FFF7FEFF 		bl	netconn_free
 1196              	.LVL79:
 255:./lwip-2.1.2/src/api/api_lib.c **** 
 1197              		.loc 1 255 1 is_stmt 0 view .LVU371
 1198 0270 2846     		mov	r0, r5
 1199 0272 09B0     		add	sp, sp, #36
 1200              	.LCFI24:
 1201              		.cfi_remember_state
 1202              		.cfi_def_cfa_offset 12
 1203              		@ sp needed
 1204 0274 30BD     		pop	{r4, r5, pc}
 1205              	.LVL80:
 1206              	.L86:
 1207              	.LCFI25:
 1208              		.cfi_restore_state
 239:./lwip-2.1.2/src/api/api_lib.c ****   }
 1209              		.loc 1 239 12 view .LVU372
 1210 0276 0546     		mov	r5, r0
 255:./lwip-2.1.2/src/api/api_lib.c **** 
 1211              		.loc 1 255 1 view .LVU373
 1212 0278 2846     		mov	r0, r5
 1213              	.LVL81:
 255:./lwip-2.1.2/src/api/api_lib.c **** 
 1214              		.loc 1 255 1 view .LVU374
 1215 027a 09B0     		add	sp, sp, #36
 1216              	.LCFI26:
 1217              		.cfi_def_cfa_offset 12
 1218              		@ sp needed
 1219 027c 30BD     		pop	{r4, r5, pc}
 1220              	.LVL82:
 1221              	.L90:
 255:./lwip-2.1.2/src/api/api_lib.c **** 
 1222              		.loc 1 255 1 view .LVU375
 1223 027e 00BF     		.align	2
 1224              	.L89:
 1225 0280 00000000 		.word	lwip_netconn_do_delconn
 1226              		.cfi_endproc
 1227              	.LFE172:
 1229              		.align	1
 1230              		.p2align 2,,3
 1231              		.global	netconn_getaddr
 1232              		.syntax unified
 1233              		.thumb
 1234              		.thumb_func
 1235              		.fpu fpv5-d16
 1237              	netconn_getaddr:
 1238              	.LVL83:
 1239              	.LFB173:
 270:./lwip-2.1.2/src/api/api_lib.c ****   API_MSG_VAR_DECLARE(msg);
 1240              		.loc 1 270 1 is_stmt 1 view -0
 1241              		.cfi_startproc
 1242              		@ args = 0, pretend = 0, frame = 32
 1243              		@ frame_needed = 0, uses_anonymous_args = 0
 271:./lwip-2.1.2/src/api/api_lib.c ****   err_t err;
 1244              		.loc 1 271 3 view .LVU377
 272:./lwip-2.1.2/src/api/api_lib.c **** 
 1245              		.loc 1 272 3 view .LVU378
 274:./lwip-2.1.2/src/api/api_lib.c ****   LWIP_ERROR("netconn_getaddr: invalid addr", (addr != NULL), return ERR_ARG;);
 1246              		.loc 1 274 3 view .LVU379
 274:./lwip-2.1.2/src/api/api_lib.c ****   LWIP_ERROR("netconn_getaddr: invalid addr", (addr != NULL), return ERR_ARG;);
 1247              		.loc 1 274 3 view .LVU380
 274:./lwip-2.1.2/src/api/api_lib.c ****   LWIP_ERROR("netconn_getaddr: invalid addr", (addr != NULL), return ERR_ARG;);
 1248              		.loc 1 274 3 view .LVU381
 274:./lwip-2.1.2/src/api/api_lib.c ****   LWIP_ERROR("netconn_getaddr: invalid addr", (addr != NULL), return ERR_ARG;);
 1249              		.loc 1 274 3 view .LVU382
 275:./lwip-2.1.2/src/api/api_lib.c ****   LWIP_ERROR("netconn_getaddr: invalid port", (port != NULL), return ERR_ARG;);
 1250              		.loc 1 275 3 view .LVU383
 275:./lwip-2.1.2/src/api/api_lib.c ****   LWIP_ERROR("netconn_getaddr: invalid port", (port != NULL), return ERR_ARG;);
 1251              		.loc 1 275 3 view .LVU384
 275:./lwip-2.1.2/src/api/api_lib.c ****   LWIP_ERROR("netconn_getaddr: invalid port", (port != NULL), return ERR_ARG;);
 1252              		.loc 1 275 3 view .LVU385
 275:./lwip-2.1.2/src/api/api_lib.c ****   LWIP_ERROR("netconn_getaddr: invalid port", (port != NULL), return ERR_ARG;);
 1253              		.loc 1 275 3 view .LVU386
 276:./lwip-2.1.2/src/api/api_lib.c **** 
 1254              		.loc 1 276 3 view .LVU387
 276:./lwip-2.1.2/src/api/api_lib.c **** 
 1255              		.loc 1 276 3 view .LVU388
 1256 0284 002A     		cmp	r2, #0
 1257 0286 18BF     		it	ne
 1258 0288 0029     		cmpne	r1, #0
 1259 028a 14D0     		beq	.L93
 1260 028c 98B1     		cbz	r0, .L93
 276:./lwip-2.1.2/src/api/api_lib.c **** 
 1261              		.loc 1 276 3 discriminator 2 view .LVU389
 276:./lwip-2.1.2/src/api/api_lib.c **** 
 1262              		.loc 1 276 3 discriminator 2 view .LVU390
 278:./lwip-2.1.2/src/api/api_lib.c ****   API_MSG_VAR_REF(msg).conn = conn;
 1263              		.loc 1 278 25 discriminator 2 view .LVU391
 279:./lwip-2.1.2/src/api/api_lib.c ****   API_MSG_VAR_REF(msg).msg.ad.local = local;
 1264              		.loc 1 279 3 discriminator 2 view .LVU392
 270:./lwip-2.1.2/src/api/api_lib.c ****   API_MSG_VAR_DECLARE(msg);
 1265              		.loc 1 270 1 is_stmt 0 discriminator 2 view .LVU393
 1266 028e 30B5     		push	{r4, r5, lr}
 1267              	.LCFI27:
 1268              		.cfi_def_cfa_offset 12
 1269              		.cfi_offset 4, -12
 1270              		.cfi_offset 5, -8
 1271              		.cfi_offset 14, -4
 1272 0290 89B0     		sub	sp, sp, #36
 1273              	.LCFI28:
 1274              		.cfi_def_cfa_offset 48
 1275 0292 0D46     		mov	r5, r1
 1276 0294 1446     		mov	r4, r2
 1277              	.LBB171:
 1278              	.LBB172:
 131:./lwip-2.1.2/src/api/api_lib.c ****   if (err == ERR_OK) {
 1279              		.loc 1 131 9 discriminator 2 view .LVU394
 1280 0296 00F10C02 		add	r2, r0, #12
 1281              	.LVL84:
 131:./lwip-2.1.2/src/api/api_lib.c ****   if (err == ERR_OK) {
 1282              		.loc 1 131 9 discriminator 2 view .LVU395
 1283              	.LBE172:
 1284              	.LBE171:
 279:./lwip-2.1.2/src/api/api_lib.c ****   API_MSG_VAR_REF(msg).msg.ad.local = local;
 1285              		.loc 1 279 29 discriminator 2 view .LVU396
 1286 029a 0090     		str	r0, [sp]
 280:./lwip-2.1.2/src/api/api_lib.c **** #if LWIP_MPU_COMPATIBLE
 1287              		.loc 1 280 3 is_stmt 1 discriminator 2 view .LVU397
 1288              	.LBB175:
 1289              	.LBB173:
 131:./lwip-2.1.2/src/api/api_lib.c ****   if (err == ERR_OK) {
 1290              		.loc 1 131 9 is_stmt 0 discriminator 2 view .LVU398
 1291 029c 6946     		mov	r1, sp
 1292              	.LVL85:
 131:./lwip-2.1.2/src/api/api_lib.c ****   if (err == ERR_OK) {
 1293              		.loc 1 131 9 discriminator 2 view .LVU399
 1294 029e 0748     		ldr	r0, .L98
 1295              	.LVL86:
 131:./lwip-2.1.2/src/api/api_lib.c ****   if (err == ERR_OK) {
 1296              		.loc 1 131 9 discriminator 2 view .LVU400
 1297              	.LBE173:
 1298              	.LBE175:
 280:./lwip-2.1.2/src/api/api_lib.c **** #if LWIP_MPU_COMPATIBLE
 1299              		.loc 1 280 37 discriminator 2 view .LVU401
 1300 02a0 8DF81030 		strb	r3, [sp, #16]
 286:./lwip-2.1.2/src/api/api_lib.c ****   msg.msg.ad.port = port;
 1301              		.loc 1 286 3 is_stmt 1 discriminator 2 view .LVU402
 287:./lwip-2.1.2/src/api/api_lib.c ****   err = netconn_apimsg(lwip_netconn_do_getaddr, &msg);
 1302              		.loc 1 287 19 is_stmt 0 discriminator 2 view .LVU403
 1303 02a4 CDE90254 		strd	r5, r4, [sp, #8]
 288:./lwip-2.1.2/src/api/api_lib.c **** #endif /* LWIP_MPU_COMPATIBLE */
 1304              		.loc 1 288 3 is_stmt 1 discriminator 2 view .LVU404
 1305              	.LVL87:
 1306              	.LBB176:
 1307              	.LBI171:
 118:./lwip-2.1.2/src/api/api_lib.c **** {
 1308              		.loc 1 118 1 discriminator 2 view .LVU405
 1309              	.LBB174:
 120:./lwip-2.1.2/src/api/api_lib.c **** 
 1310              		.loc 1 120 3 discriminator 2 view .LVU406
 131:./lwip-2.1.2/src/api/api_lib.c ****   if (err == ERR_OK) {
 1311              		.loc 1 131 3 discriminator 2 view .LVU407
 131:./lwip-2.1.2/src/api/api_lib.c ****   if (err == ERR_OK) {
 1312              		.loc 1 131 9 is_stmt 0 discriminator 2 view .LVU408
 1313 02a8 FFF7FEFF 		bl	tcpip_send_msg_wait_sem
 1314              	.LVL88:
 132:./lwip-2.1.2/src/api/api_lib.c ****     return apimsg->err;
 1315              		.loc 1 132 3 is_stmt 1 discriminator 2 view .LVU409
 132:./lwip-2.1.2/src/api/api_lib.c ****     return apimsg->err;
 1316              		.loc 1 132 6 is_stmt 0 discriminator 2 view .LVU410
 1317 02ac 08B9     		cbnz	r0, .L92
 133:./lwip-2.1.2/src/api/api_lib.c ****   }
 1318              		.loc 1 133 5 is_stmt 1 view .LVU411
 133:./lwip-2.1.2/src/api/api_lib.c ****   }
 1319              		.loc 1 133 18 is_stmt 0 view .LVU412
 1320 02ae 9DF90400 		ldrsb	r0, [sp, #4]
 1321              	.LVL89:
 1322              	.L92:
 133:./lwip-2.1.2/src/api/api_lib.c ****   }
 1323              		.loc 1 133 18 view .LVU413
 1324              	.LBE174:
 1325              	.LBE176:
 293:./lwip-2.1.2/src/api/api_lib.c **** 
 1326              		.loc 1 293 1 view .LVU414
 1327 02b2 09B0     		add	sp, sp, #36
 1328              	.LCFI29:
 1329              		.cfi_def_cfa_offset 12
 1330              		@ sp needed
 1331 02b4 30BD     		pop	{r4, r5, pc}
 1332              	.LVL90:
 1333              	.L93:
 1334              	.LCFI30:
 1335              		.cfi_def_cfa_offset 0
 1336              		.cfi_restore 4
 1337              		.cfi_restore 5
 1338              		.cfi_restore 14
 276:./lwip-2.1.2/src/api/api_lib.c **** 
 1339              		.loc 1 276 3 view .LVU415
 1340 02b6 6FF00F00 		mvn	r0, #15
 1341              	.LVL91:
 293:./lwip-2.1.2/src/api/api_lib.c **** 
 1342              		.loc 1 293 1 view .LVU416
 1343 02ba 7047     		bx	lr
 1344              	.L99:
 1345              		.align	2
 1346              	.L98:
 1347 02bc 00000000 		.word	lwip_netconn_do_getaddr
 1348              		.cfi_endproc
 1349              	.LFE173:
 1351              		.align	1
 1352              		.p2align 2,,3
 1353              		.global	netconn_bind
 1354              		.syntax unified
 1355              		.thumb
 1356              		.thumb_func
 1357              		.fpu fpv5-d16
 1359              	netconn_bind:
 1360              	.LVL92:
 1361              	.LFB174:
 308:./lwip-2.1.2/src/api/api_lib.c ****   API_MSG_VAR_DECLARE(msg);
 1362              		.loc 1 308 1 is_stmt 1 view -0
 1363              		.cfi_startproc
 1364              		@ args = 0, pretend = 0, frame = 32
 1365              		@ frame_needed = 0, uses_anonymous_args = 0
 309:./lwip-2.1.2/src/api/api_lib.c ****   err_t err;
 1366              		.loc 1 309 3 view .LVU418
 310:./lwip-2.1.2/src/api/api_lib.c **** 
 1367              		.loc 1 310 3 view .LVU419
 312:./lwip-2.1.2/src/api/api_lib.c **** 
 1368              		.loc 1 312 3 view .LVU420
 312:./lwip-2.1.2/src/api/api_lib.c **** 
 1369              		.loc 1 312 3 view .LVU421
 1370 02c0 B0B1     		cbz	r0, .L103
 312:./lwip-2.1.2/src/api/api_lib.c **** 
 1371              		.loc 1 312 3 discriminator 2 view .LVU422
 312:./lwip-2.1.2/src/api/api_lib.c **** 
 1372              		.loc 1 312 3 discriminator 2 view .LVU423
 316:./lwip-2.1.2/src/api/api_lib.c ****     addr = IP4_ADDR_ANY;
 1373              		.loc 1 316 3 discriminator 2 view .LVU424
 1374 02c2 0B46     		mov	r3, r1
 1375 02c4 9446     		mov	ip, r2
 308:./lwip-2.1.2/src/api/api_lib.c ****   API_MSG_VAR_DECLARE(msg);
 1376              		.loc 1 308 1 is_stmt 0 discriminator 2 view .LVU425
 1377 02c6 00B5     		push	{lr}
 1378              	.LCFI31:
 1379              		.cfi_def_cfa_offset 4
 1380              		.cfi_offset 14, -4
 1381 02c8 89B0     		sub	sp, sp, #36
 1382              	.LCFI32:
 1383              		.cfi_def_cfa_offset 40
 316:./lwip-2.1.2/src/api/api_lib.c ****     addr = IP4_ADDR_ANY;
 1384              		.loc 1 316 6 discriminator 2 view .LVU426
 1385 02ca 79B1     		cbz	r1, .L108
 1386              	.L102:
 1387              	.LVL93:
 331:./lwip-2.1.2/src/api/api_lib.c ****   API_MSG_VAR_REF(msg).conn = conn;
 1388              		.loc 1 331 25 is_stmt 1 view .LVU427
 332:./lwip-2.1.2/src/api/api_lib.c ****   API_MSG_VAR_REF(msg).msg.bc.ipaddr = API_MSG_VAR_REF(addr);
 1389              		.loc 1 332 3 view .LVU428
 1390              	.LBB179:
 1391              	.LBB180:
 131:./lwip-2.1.2/src/api/api_lib.c ****   if (err == ERR_OK) {
 1392              		.loc 1 131 9 is_stmt 0 view .LVU429
 1393 02cc 00F10C02 		add	r2, r0, #12
 1394              	.LVL94:
 131:./lwip-2.1.2/src/api/api_lib.c ****   if (err == ERR_OK) {
 1395              		.loc 1 131 9 view .LVU430
 1396              	.LBE180:
 1397              	.LBE179:
 332:./lwip-2.1.2/src/api/api_lib.c ****   API_MSG_VAR_REF(msg).msg.bc.ipaddr = API_MSG_VAR_REF(addr);
 1398              		.loc 1 332 29 view .LVU431
 1399 02d0 0090     		str	r0, [sp]
 333:./lwip-2.1.2/src/api/api_lib.c ****   API_MSG_VAR_REF(msg).msg.bc.port = port;
 1400              		.loc 1 333 3 is_stmt 1 view .LVU432
 1401              	.LBB183:
 1402              	.LBB181:
 131:./lwip-2.1.2/src/api/api_lib.c ****   if (err == ERR_OK) {
 1403              		.loc 1 131 9 is_stmt 0 view .LVU433
 1404 02d2 6946     		mov	r1, sp
 1405 02d4 0848     		ldr	r0, .L109
 1406              	.LVL95:
 131:./lwip-2.1.2/src/api/api_lib.c ****   if (err == ERR_OK) {
 1407              		.loc 1 131 9 view .LVU434
 1408              	.LBE181:
 1409              	.LBE183:
 333:./lwip-2.1.2/src/api/api_lib.c ****   API_MSG_VAR_REF(msg).msg.bc.port = port;
 1410              		.loc 1 333 38 view .LVU435
 1411 02d6 0293     		str	r3, [sp, #8]
 334:./lwip-2.1.2/src/api/api_lib.c ****   err = netconn_apimsg(lwip_netconn_do_bind, &API_MSG_VAR_REF(msg));
 1412              		.loc 1 334 3 is_stmt 1 view .LVU436
 334:./lwip-2.1.2/src/api/api_lib.c ****   err = netconn_apimsg(lwip_netconn_do_bind, &API_MSG_VAR_REF(msg));
 1413              		.loc 1 334 36 is_stmt 0 view .LVU437
 1414 02d8 ADF80CC0 		strh	ip, [sp, #12]	@ movhi
 335:./lwip-2.1.2/src/api/api_lib.c ****   API_MSG_VAR_FREE(msg);
 1415              		.loc 1 335 3 is_stmt 1 view .LVU438
 1416              	.LVL96:
 1417              	.LBB184:
 1418              	.LBI179:
 118:./lwip-2.1.2/src/api/api_lib.c **** {
 1419              		.loc 1 118 1 view .LVU439
 1420              	.LBB182:
 120:./lwip-2.1.2/src/api/api_lib.c **** 
 1421              		.loc 1 120 3 view .LVU440
 131:./lwip-2.1.2/src/api/api_lib.c ****   if (err == ERR_OK) {
 1422              		.loc 1 131 3 view .LVU441
 131:./lwip-2.1.2/src/api/api_lib.c ****   if (err == ERR_OK) {
 1423              		.loc 1 131 9 is_stmt 0 view .LVU442
 1424 02dc FFF7FEFF 		bl	tcpip_send_msg_wait_sem
 1425              	.LVL97:
 132:./lwip-2.1.2/src/api/api_lib.c ****     return apimsg->err;
 1426              		.loc 1 132 3 is_stmt 1 view .LVU443
 132:./lwip-2.1.2/src/api/api_lib.c ****     return apimsg->err;
 1427              		.loc 1 132 6 is_stmt 0 view .LVU444
 1428 02e0 08B9     		cbnz	r0, .L101
 133:./lwip-2.1.2/src/api/api_lib.c ****   }
 1429              		.loc 1 133 5 is_stmt 1 view .LVU445
 133:./lwip-2.1.2/src/api/api_lib.c ****   }
 1430              		.loc 1 133 18 is_stmt 0 view .LVU446
 1431 02e2 9DF90400 		ldrsb	r0, [sp, #4]
 1432              	.LVL98:
 1433              	.L101:
 133:./lwip-2.1.2/src/api/api_lib.c ****   }
 1434              		.loc 1 133 18 view .LVU447
 1435              	.LBE182:
 1436              	.LBE184:
 339:./lwip-2.1.2/src/api/api_lib.c **** 
 1437              		.loc 1 339 1 view .LVU448
 1438 02e6 09B0     		add	sp, sp, #36
 1439              	.LCFI33:
 1440              		.cfi_remember_state
 1441              		.cfi_def_cfa_offset 4
 1442              		@ sp needed
 1443 02e8 5DF804FB 		ldr	pc, [sp], #4
 1444              	.LVL99:
 1445              	.L108:
 1446              	.LCFI34:
 1447              		.cfi_restore_state
 317:./lwip-2.1.2/src/api/api_lib.c ****   }
 1448              		.loc 1 317 10 view .LVU449
 1449 02ec 034B     		ldr	r3, .L109+4
 1450 02ee EDE7     		b	.L102
 1451              	.L103:
 1452              	.LCFI35:
 1453              		.cfi_def_cfa_offset 0
 1454              		.cfi_restore 14
 312:./lwip-2.1.2/src/api/api_lib.c **** 
 1455              		.loc 1 312 3 view .LVU450
 1456 02f0 6FF00F00 		mvn	r0, #15
 1457              	.LVL100:
 339:./lwip-2.1.2/src/api/api_lib.c **** 
 1458              		.loc 1 339 1 view .LVU451
 1459 02f4 7047     		bx	lr
 1460              	.L110:
 1461 02f6 00BF     		.align	2
 1462              	.L109:
 1463 02f8 00000000 		.word	lwip_netconn_do_bind
 1464 02fc 00000000 		.word	ip_addr_any
 1465              		.cfi_endproc
 1466              	.LFE174:
 1468              		.align	1
 1469              		.p2align 2,,3
 1470              		.global	netconn_bind_if
 1471              		.syntax unified
 1472              		.thumb
 1473              		.thumb_func
 1474              		.fpu fpv5-d16
 1476              	netconn_bind_if:
 1477              	.LVL101:
 1478              	.LFB175:
 352:./lwip-2.1.2/src/api/api_lib.c ****   API_MSG_VAR_DECLARE(msg);
 1479              		.loc 1 352 1 is_stmt 1 view -0
 1480              		.cfi_startproc
 1481              		@ args = 0, pretend = 0, frame = 32
 1482              		@ frame_needed = 0, uses_anonymous_args = 0
 353:./lwip-2.1.2/src/api/api_lib.c ****   err_t err;
 1483              		.loc 1 353 3 view .LVU453
 354:./lwip-2.1.2/src/api/api_lib.c **** 
 1484              		.loc 1 354 3 view .LVU454
 356:./lwip-2.1.2/src/api/api_lib.c **** 
 1485              		.loc 1 356 3 view .LVU455
 356:./lwip-2.1.2/src/api/api_lib.c **** 
 1486              		.loc 1 356 3 view .LVU456
 1487 0300 90B1     		cbz	r0, .L113
 356:./lwip-2.1.2/src/api/api_lib.c **** 
 1488              		.loc 1 356 3 discriminator 2 view .LVU457
 356:./lwip-2.1.2/src/api/api_lib.c **** 
 1489              		.loc 1 356 3 discriminator 2 view .LVU458
 358:./lwip-2.1.2/src/api/api_lib.c ****   API_MSG_VAR_REF(msg).conn = conn;
 1490              		.loc 1 358 25 discriminator 2 view .LVU459
 359:./lwip-2.1.2/src/api/api_lib.c ****   API_MSG_VAR_REF(msg).msg.bc.if_idx = if_idx;
 1491              		.loc 1 359 3 discriminator 2 view .LVU460
 1492 0302 0346     		mov	r3, r0
 1493 0304 8C46     		mov	ip, r1
 1494              	.LBB187:
 1495              	.LBB188:
 131:./lwip-2.1.2/src/api/api_lib.c ****   if (err == ERR_OK) {
 1496              		.loc 1 131 9 is_stmt 0 discriminator 2 view .LVU461
 1497 0306 00F10C02 		add	r2, r0, #12
 1498 030a 0948     		ldr	r0, .L118
 1499              	.LVL102:
 131:./lwip-2.1.2/src/api/api_lib.c ****   if (err == ERR_OK) {
 1500              		.loc 1 131 9 discriminator 2 view .LVU462
 1501              	.LBE188:
 1502              	.LBE187:
 352:./lwip-2.1.2/src/api/api_lib.c ****   API_MSG_VAR_DECLARE(msg);
 1503              		.loc 1 352 1 discriminator 2 view .LVU463
 1504 030c 00B5     		push	{lr}
 1505              	.LCFI36:
 1506              		.cfi_def_cfa_offset 4
 1507              		.cfi_offset 14, -4
 1508 030e 89B0     		sub	sp, sp, #36
 1509              	.LCFI37:
 1510              		.cfi_def_cfa_offset 40
 1511              	.LBB191:
 1512              	.LBB189:
 131:./lwip-2.1.2/src/api/api_lib.c ****   if (err == ERR_OK) {
 1513              		.loc 1 131 9 discriminator 2 view .LVU464
 1514 0310 6946     		mov	r1, sp
 1515              	.LVL103:
 131:./lwip-2.1.2/src/api/api_lib.c ****   if (err == ERR_OK) {
 1516              		.loc 1 131 9 discriminator 2 view .LVU465
 1517              	.LBE189:
 1518              	.LBE191:
 359:./lwip-2.1.2/src/api/api_lib.c ****   API_MSG_VAR_REF(msg).msg.bc.if_idx = if_idx;
 1519              		.loc 1 359 29 discriminator 2 view .LVU466
 1520 0312 0093     		str	r3, [sp]
 360:./lwip-2.1.2/src/api/api_lib.c ****   err = netconn_apimsg(lwip_netconn_do_bind_if, &API_MSG_VAR_REF(msg));
 1521              		.loc 1 360 3 is_stmt 1 discriminator 2 view .LVU467
 360:./lwip-2.1.2/src/api/api_lib.c ****   err = netconn_apimsg(lwip_netconn_do_bind_if, &API_MSG_VAR_REF(msg));
 1522              		.loc 1 360 38 is_stmt 0 discriminator 2 view .LVU468
 1523 0314 8DF80EC0 		strb	ip, [sp, #14]
 361:./lwip-2.1.2/src/api/api_lib.c ****   API_MSG_VAR_FREE(msg);
 1524              		.loc 1 361 3 is_stmt 1 discriminator 2 view .LVU469
 1525              	.LVL104:
 1526              	.LBB192:
 1527              	.LBI187:
 118:./lwip-2.1.2/src/api/api_lib.c **** {
 1528              		.loc 1 118 1 discriminator 2 view .LVU470
 1529              	.LBB190:
 120:./lwip-2.1.2/src/api/api_lib.c **** 
 1530              		.loc 1 120 3 discriminator 2 view .LVU471
 131:./lwip-2.1.2/src/api/api_lib.c ****   if (err == ERR_OK) {
 1531              		.loc 1 131 3 discriminator 2 view .LVU472
 131:./lwip-2.1.2/src/api/api_lib.c ****   if (err == ERR_OK) {
 1532              		.loc 1 131 9 is_stmt 0 discriminator 2 view .LVU473
 1533 0318 FFF7FEFF 		bl	tcpip_send_msg_wait_sem
 1534              	.LVL105:
 132:./lwip-2.1.2/src/api/api_lib.c ****     return apimsg->err;
 1535              		.loc 1 132 3 is_stmt 1 discriminator 2 view .LVU474
 132:./lwip-2.1.2/src/api/api_lib.c ****     return apimsg->err;
 1536              		.loc 1 132 6 is_stmt 0 discriminator 2 view .LVU475
 1537 031c 08B9     		cbnz	r0, .L112
 133:./lwip-2.1.2/src/api/api_lib.c ****   }
 1538              		.loc 1 133 5 is_stmt 1 view .LVU476
 133:./lwip-2.1.2/src/api/api_lib.c ****   }
 1539              		.loc 1 133 18 is_stmt 0 view .LVU477
 1540 031e 9DF90400 		ldrsb	r0, [sp, #4]
 1541              	.LVL106:
 1542              	.L112:
 133:./lwip-2.1.2/src/api/api_lib.c ****   }
 1543              		.loc 1 133 18 view .LVU478
 1544              	.LBE190:
 1545              	.LBE192:
 365:./lwip-2.1.2/src/api/api_lib.c **** 
 1546              		.loc 1 365 1 view .LVU479
 1547 0322 09B0     		add	sp, sp, #36
 1548              	.LCFI38:
 1549              		.cfi_def_cfa_offset 4
 1550              		@ sp needed
 1551 0324 5DF804FB 		ldr	pc, [sp], #4
 1552              	.LVL107:
 1553              	.L113:
 1554              	.LCFI39:
 1555              		.cfi_def_cfa_offset 0
 1556              		.cfi_restore 14
 356:./lwip-2.1.2/src/api/api_lib.c **** 
 1557              		.loc 1 356 3 view .LVU480
 1558 0328 6FF00F00 		mvn	r0, #15
 1559              	.LVL108:
 365:./lwip-2.1.2/src/api/api_lib.c **** 
 1560              		.loc 1 365 1 view .LVU481
 1561 032c 7047     		bx	lr
 1562              	.L119:
 1563 032e 00BF     		.align	2
 1564              	.L118:
 1565 0330 00000000 		.word	lwip_netconn_do_bind_if
 1566              		.cfi_endproc
 1567              	.LFE175:
 1569              		.align	1
 1570              		.p2align 2,,3
 1571              		.global	netconn_connect
 1572              		.syntax unified
 1573              		.thumb
 1574              		.thumb_func
 1575              		.fpu fpv5-d16
 1577              	netconn_connect:
 1578              	.LVL109:
 1579              	.LFB176:
 378:./lwip-2.1.2/src/api/api_lib.c ****   API_MSG_VAR_DECLARE(msg);
 1580              		.loc 1 378 1 is_stmt 1 view -0
 1581              		.cfi_startproc
 1582              		@ args = 0, pretend = 0, frame = 32
 1583              		@ frame_needed = 0, uses_anonymous_args = 0
 379:./lwip-2.1.2/src/api/api_lib.c ****   err_t err;
 1584              		.loc 1 379 3 view .LVU483
 380:./lwip-2.1.2/src/api/api_lib.c **** 
 1585              		.loc 1 380 3 view .LVU484
 382:./lwip-2.1.2/src/api/api_lib.c **** 
 1586              		.loc 1 382 3 view .LVU485
 382:./lwip-2.1.2/src/api/api_lib.c **** 
 1587              		.loc 1 382 3 view .LVU486
 1588 0334 B0B1     		cbz	r0, .L123
 382:./lwip-2.1.2/src/api/api_lib.c **** 
 1589              		.loc 1 382 3 discriminator 2 view .LVU487
 382:./lwip-2.1.2/src/api/api_lib.c **** 
 1590              		.loc 1 382 3 discriminator 2 view .LVU488
 386:./lwip-2.1.2/src/api/api_lib.c ****     addr = IP4_ADDR_ANY;
 1591              		.loc 1 386 3 discriminator 2 view .LVU489
 1592 0336 0B46     		mov	r3, r1
 1593 0338 9446     		mov	ip, r2
 378:./lwip-2.1.2/src/api/api_lib.c ****   API_MSG_VAR_DECLARE(msg);
 1594              		.loc 1 378 1 is_stmt 0 discriminator 2 view .LVU490
 1595 033a 00B5     		push	{lr}
 1596              	.LCFI40:
 1597              		.cfi_def_cfa_offset 4
 1598              		.cfi_offset 14, -4
 1599 033c 89B0     		sub	sp, sp, #36
 1600              	.LCFI41:
 1601              		.cfi_def_cfa_offset 40
 386:./lwip-2.1.2/src/api/api_lib.c ****     addr = IP4_ADDR_ANY;
 1602              		.loc 1 386 6 discriminator 2 view .LVU491
 1603 033e 79B1     		cbz	r1, .L128
 1604              	.L122:
 1605              	.LVL110:
 391:./lwip-2.1.2/src/api/api_lib.c ****   API_MSG_VAR_REF(msg).conn = conn;
 1606              		.loc 1 391 25 is_stmt 1 view .LVU492
 392:./lwip-2.1.2/src/api/api_lib.c ****   API_MSG_VAR_REF(msg).msg.bc.ipaddr = API_MSG_VAR_REF(addr);
 1607              		.loc 1 392 3 view .LVU493
 1608              	.LBB195:
 1609              	.LBB196:
 131:./lwip-2.1.2/src/api/api_lib.c ****   if (err == ERR_OK) {
 1610              		.loc 1 131 9 is_stmt 0 view .LVU494
 1611 0340 00F10C02 		add	r2, r0, #12
 1612              	.LVL111:
 131:./lwip-2.1.2/src/api/api_lib.c ****   if (err == ERR_OK) {
 1613              		.loc 1 131 9 view .LVU495
 1614              	.LBE196:
 1615              	.LBE195:
 392:./lwip-2.1.2/src/api/api_lib.c ****   API_MSG_VAR_REF(msg).msg.bc.ipaddr = API_MSG_VAR_REF(addr);
 1616              		.loc 1 392 29 view .LVU496
 1617 0344 0090     		str	r0, [sp]
 393:./lwip-2.1.2/src/api/api_lib.c ****   API_MSG_VAR_REF(msg).msg.bc.port = port;
 1618              		.loc 1 393 3 is_stmt 1 view .LVU497
 1619              	.LBB199:
 1620              	.LBB197:
 131:./lwip-2.1.2/src/api/api_lib.c ****   if (err == ERR_OK) {
 1621              		.loc 1 131 9 is_stmt 0 view .LVU498
 1622 0346 6946     		mov	r1, sp
 1623 0348 0848     		ldr	r0, .L129
 1624              	.LVL112:
 131:./lwip-2.1.2/src/api/api_lib.c ****   if (err == ERR_OK) {
 1625              		.loc 1 131 9 view .LVU499
 1626              	.LBE197:
 1627              	.LBE199:
 393:./lwip-2.1.2/src/api/api_lib.c ****   API_MSG_VAR_REF(msg).msg.bc.port = port;
 1628              		.loc 1 393 38 view .LVU500
 1629 034a 0293     		str	r3, [sp, #8]
 394:./lwip-2.1.2/src/api/api_lib.c ****   err = netconn_apimsg(lwip_netconn_do_connect, &API_MSG_VAR_REF(msg));
 1630              		.loc 1 394 3 is_stmt 1 view .LVU501
 394:./lwip-2.1.2/src/api/api_lib.c ****   err = netconn_apimsg(lwip_netconn_do_connect, &API_MSG_VAR_REF(msg));
 1631              		.loc 1 394 36 is_stmt 0 view .LVU502
 1632 034c ADF80CC0 		strh	ip, [sp, #12]	@ movhi
 395:./lwip-2.1.2/src/api/api_lib.c ****   API_MSG_VAR_FREE(msg);
 1633              		.loc 1 395 3 is_stmt 1 view .LVU503
 1634              	.LVL113:
 1635              	.LBB200:
 1636              	.LBI195:
 118:./lwip-2.1.2/src/api/api_lib.c **** {
 1637              		.loc 1 118 1 view .LVU504
 1638              	.LBB198:
 120:./lwip-2.1.2/src/api/api_lib.c **** 
 1639              		.loc 1 120 3 view .LVU505
 131:./lwip-2.1.2/src/api/api_lib.c ****   if (err == ERR_OK) {
 1640              		.loc 1 131 3 view .LVU506
 131:./lwip-2.1.2/src/api/api_lib.c ****   if (err == ERR_OK) {
 1641              		.loc 1 131 9 is_stmt 0 view .LVU507
 1642 0350 FFF7FEFF 		bl	tcpip_send_msg_wait_sem
 1643              	.LVL114:
 132:./lwip-2.1.2/src/api/api_lib.c ****     return apimsg->err;
 1644              		.loc 1 132 3 is_stmt 1 view .LVU508
 132:./lwip-2.1.2/src/api/api_lib.c ****     return apimsg->err;
 1645              		.loc 1 132 6 is_stmt 0 view .LVU509
 1646 0354 08B9     		cbnz	r0, .L121
 133:./lwip-2.1.2/src/api/api_lib.c ****   }
 1647              		.loc 1 133 5 is_stmt 1 view .LVU510
 133:./lwip-2.1.2/src/api/api_lib.c ****   }
 1648              		.loc 1 133 18 is_stmt 0 view .LVU511
 1649 0356 9DF90400 		ldrsb	r0, [sp, #4]
 1650              	.LVL115:
 1651              	.L121:
 133:./lwip-2.1.2/src/api/api_lib.c ****   }
 1652              		.loc 1 133 18 view .LVU512
 1653              	.LBE198:
 1654              	.LBE200:
 399:./lwip-2.1.2/src/api/api_lib.c **** 
 1655              		.loc 1 399 1 view .LVU513
 1656 035a 09B0     		add	sp, sp, #36
 1657              	.LCFI42:
 1658              		.cfi_remember_state
 1659              		.cfi_def_cfa_offset 4
 1660              		@ sp needed
 1661 035c 5DF804FB 		ldr	pc, [sp], #4
 1662              	.LVL116:
 1663              	.L128:
 1664              	.LCFI43:
 1665              		.cfi_restore_state
 387:./lwip-2.1.2/src/api/api_lib.c ****   }
 1666              		.loc 1 387 10 view .LVU514
 1667 0360 034B     		ldr	r3, .L129+4
 1668 0362 EDE7     		b	.L122
 1669              	.L123:
 1670              	.LCFI44:
 1671              		.cfi_def_cfa_offset 0
 1672              		.cfi_restore 14
 382:./lwip-2.1.2/src/api/api_lib.c **** 
 1673              		.loc 1 382 3 view .LVU515
 1674 0364 6FF00F00 		mvn	r0, #15
 1675              	.LVL117:
 399:./lwip-2.1.2/src/api/api_lib.c **** 
 1676              		.loc 1 399 1 view .LVU516
 1677 0368 7047     		bx	lr
 1678              	.L130:
 1679 036a 00BF     		.align	2
 1680              	.L129:
 1681 036c 00000000 		.word	lwip_netconn_do_connect
 1682 0370 00000000 		.word	ip_addr_any
 1683              		.cfi_endproc
 1684              	.LFE176:
 1686              		.align	1
 1687              		.p2align 2,,3
 1688              		.global	netconn_disconnect
 1689              		.syntax unified
 1690              		.thumb
 1691              		.thumb_func
 1692              		.fpu fpv5-d16
 1694              	netconn_disconnect:
 1695              	.LVL118:
 1696              	.LFB177:
 410:./lwip-2.1.2/src/api/api_lib.c ****   API_MSG_VAR_DECLARE(msg);
 1697              		.loc 1 410 1 is_stmt 1 view -0
 1698              		.cfi_startproc
 1699              		@ args = 0, pretend = 0, frame = 32
 1700              		@ frame_needed = 0, uses_anonymous_args = 0
 411:./lwip-2.1.2/src/api/api_lib.c ****   err_t err;
 1701              		.loc 1 411 3 view .LVU518
 412:./lwip-2.1.2/src/api/api_lib.c **** 
 1702              		.loc 1 412 3 view .LVU519
 414:./lwip-2.1.2/src/api/api_lib.c **** 
 1703              		.loc 1 414 3 view .LVU520
 414:./lwip-2.1.2/src/api/api_lib.c **** 
 1704              		.loc 1 414 3 view .LVU521
 1705 0374 78B1     		cbz	r0, .L133
 414:./lwip-2.1.2/src/api/api_lib.c **** 
 1706              		.loc 1 414 3 discriminator 2 view .LVU522
 414:./lwip-2.1.2/src/api/api_lib.c **** 
 1707              		.loc 1 414 3 discriminator 2 view .LVU523
 416:./lwip-2.1.2/src/api/api_lib.c ****   API_MSG_VAR_REF(msg).conn = conn;
 1708              		.loc 1 416 25 discriminator 2 view .LVU524
 417:./lwip-2.1.2/src/api/api_lib.c ****   err = netconn_apimsg(lwip_netconn_do_disconnect, &API_MSG_VAR_REF(msg));
 1709              		.loc 1 417 3 discriminator 2 view .LVU525
 1710 0376 0346     		mov	r3, r0
 1711              	.LBB203:
 1712              	.LBB204:
 131:./lwip-2.1.2/src/api/api_lib.c ****   if (err == ERR_OK) {
 1713              		.loc 1 131 9 is_stmt 0 discriminator 2 view .LVU526
 1714 0378 00F10C02 		add	r2, r0, #12
 1715 037c 0748     		ldr	r0, .L138
 1716              	.LVL119:
 131:./lwip-2.1.2/src/api/api_lib.c ****   if (err == ERR_OK) {
 1717              		.loc 1 131 9 discriminator 2 view .LVU527
 1718              	.LBE204:
 1719              	.LBE203:
 410:./lwip-2.1.2/src/api/api_lib.c ****   API_MSG_VAR_DECLARE(msg);
 1720              		.loc 1 410 1 discriminator 2 view .LVU528
 1721 037e 00B5     		push	{lr}
 1722              	.LCFI45:
 1723              		.cfi_def_cfa_offset 4
 1724              		.cfi_offset 14, -4
 1725 0380 89B0     		sub	sp, sp, #36
 1726              	.LCFI46:
 1727              		.cfi_def_cfa_offset 40
 1728              	.LBB207:
 1729              	.LBB205:
 131:./lwip-2.1.2/src/api/api_lib.c ****   if (err == ERR_OK) {
 1730              		.loc 1 131 9 discriminator 2 view .LVU529
 1731 0382 6946     		mov	r1, sp
 1732              	.LBE205:
 1733              	.LBE207:
 417:./lwip-2.1.2/src/api/api_lib.c ****   err = netconn_apimsg(lwip_netconn_do_disconnect, &API_MSG_VAR_REF(msg));
 1734              		.loc 1 417 29 discriminator 2 view .LVU530
 1735 0384 0093     		str	r3, [sp]
 418:./lwip-2.1.2/src/api/api_lib.c ****   API_MSG_VAR_FREE(msg);
 1736              		.loc 1 418 3 is_stmt 1 discriminator 2 view .LVU531
 1737              	.LVL120:
 1738              	.LBB208:
 1739              	.LBI203:
 118:./lwip-2.1.2/src/api/api_lib.c **** {
 1740              		.loc 1 118 1 discriminator 2 view .LVU532
 1741              	.LBB206:
 120:./lwip-2.1.2/src/api/api_lib.c **** 
 1742              		.loc 1 120 3 discriminator 2 view .LVU533
 131:./lwip-2.1.2/src/api/api_lib.c ****   if (err == ERR_OK) {
 1743              		.loc 1 131 3 discriminator 2 view .LVU534
 131:./lwip-2.1.2/src/api/api_lib.c ****   if (err == ERR_OK) {
 1744              		.loc 1 131 9 is_stmt 0 discriminator 2 view .LVU535
 1745 0386 FFF7FEFF 		bl	tcpip_send_msg_wait_sem
 1746              	.LVL121:
 132:./lwip-2.1.2/src/api/api_lib.c ****     return apimsg->err;
 1747              		.loc 1 132 3 is_stmt 1 discriminator 2 view .LVU536
 132:./lwip-2.1.2/src/api/api_lib.c ****     return apimsg->err;
 1748              		.loc 1 132 6 is_stmt 0 discriminator 2 view .LVU537
 1749 038a 08B9     		cbnz	r0, .L132
 133:./lwip-2.1.2/src/api/api_lib.c ****   }
 1750              		.loc 1 133 5 is_stmt 1 view .LVU538
 133:./lwip-2.1.2/src/api/api_lib.c ****   }
 1751              		.loc 1 133 18 is_stmt 0 view .LVU539
 1752 038c 9DF90400 		ldrsb	r0, [sp, #4]
 1753              	.LVL122:
 1754              	.L132:
 133:./lwip-2.1.2/src/api/api_lib.c ****   }
 1755              		.loc 1 133 18 view .LVU540
 1756              	.LBE206:
 1757              	.LBE208:
 422:./lwip-2.1.2/src/api/api_lib.c **** 
 1758              		.loc 1 422 1 view .LVU541
 1759 0390 09B0     		add	sp, sp, #36
 1760              	.LCFI47:
 1761              		.cfi_def_cfa_offset 4
 1762              		@ sp needed
 1763 0392 5DF804FB 		ldr	pc, [sp], #4
 1764              	.LVL123:
 1765              	.L133:
 1766              	.LCFI48:
 1767              		.cfi_def_cfa_offset 0
 1768              		.cfi_restore 14
 414:./lwip-2.1.2/src/api/api_lib.c **** 
 1769              		.loc 1 414 3 view .LVU542
 1770 0396 6FF00F00 		mvn	r0, #15
 1771              	.LVL124:
 422:./lwip-2.1.2/src/api/api_lib.c **** 
 1772              		.loc 1 422 1 view .LVU543
 1773 039a 7047     		bx	lr
 1774              	.L139:
 1775              		.align	2
 1776              	.L138:
 1777 039c 00000000 		.word	lwip_netconn_do_disconnect
 1778              		.cfi_endproc
 1779              	.LFE177:
 1781              		.align	1
 1782              		.p2align 2,,3
 1783              		.global	netconn_listen_with_backlog
 1784              		.syntax unified
 1785              		.thumb
 1786              		.thumb_func
 1787              		.fpu fpv5-d16
 1789              	netconn_listen_with_backlog:
 1790              	.LVL125:
 1791              	.LFB178:
 435:./lwip-2.1.2/src/api/api_lib.c **** #if LWIP_TCP
 1792              		.loc 1 435 1 is_stmt 1 view -0
 1793              		.cfi_startproc
 1794              		@ args = 0, pretend = 0, frame = 32
 1795              		@ frame_needed = 0, uses_anonymous_args = 0
 437:./lwip-2.1.2/src/api/api_lib.c ****   err_t err;
 1796              		.loc 1 437 3 view .LVU545
 438:./lwip-2.1.2/src/api/api_lib.c **** 
 1797              		.loc 1 438 3 view .LVU546
 441:./lwip-2.1.2/src/api/api_lib.c **** 
 1798              		.loc 1 441 3 view .LVU547
 443:./lwip-2.1.2/src/api/api_lib.c **** 
 1799              		.loc 1 443 3 view .LVU548
 443:./lwip-2.1.2/src/api/api_lib.c **** 
 1800              		.loc 1 443 3 view .LVU549
 1801 03a0 78B1     		cbz	r0, .L142
 443:./lwip-2.1.2/src/api/api_lib.c **** 
 1802              		.loc 1 443 3 discriminator 2 view .LVU550
 443:./lwip-2.1.2/src/api/api_lib.c **** 
 1803              		.loc 1 443 3 discriminator 2 view .LVU551
 445:./lwip-2.1.2/src/api/api_lib.c ****   API_MSG_VAR_REF(msg).conn = conn;
 1804              		.loc 1 445 25 discriminator 2 view .LVU552
 446:./lwip-2.1.2/src/api/api_lib.c **** #if TCP_LISTEN_BACKLOG
 1805              		.loc 1 446 3 discriminator 2 view .LVU553
 1806 03a2 0346     		mov	r3, r0
 1807              	.LBB211:
 1808              	.LBB212:
 131:./lwip-2.1.2/src/api/api_lib.c ****   if (err == ERR_OK) {
 1809              		.loc 1 131 9 is_stmt 0 discriminator 2 view .LVU554
 1810 03a4 00F10C02 		add	r2, r0, #12
 1811 03a8 0748     		ldr	r0, .L147
 1812              	.LVL126:
 131:./lwip-2.1.2/src/api/api_lib.c ****   if (err == ERR_OK) {
 1813              		.loc 1 131 9 discriminator 2 view .LVU555
 1814              	.LBE212:
 1815              	.LBE211:
 435:./lwip-2.1.2/src/api/api_lib.c **** #if LWIP_TCP
 1816              		.loc 1 435 1 discriminator 2 view .LVU556
 1817 03aa 00B5     		push	{lr}
 1818              	.LCFI49:
 1819              		.cfi_def_cfa_offset 4
 1820              		.cfi_offset 14, -4
 1821 03ac 89B0     		sub	sp, sp, #36
 1822              	.LCFI50:
 1823              		.cfi_def_cfa_offset 40
 1824              	.LBB215:
 1825              	.LBB213:
 131:./lwip-2.1.2/src/api/api_lib.c ****   if (err == ERR_OK) {
 1826              		.loc 1 131 9 discriminator 2 view .LVU557
 1827 03ae 6946     		mov	r1, sp
 1828              	.LVL127:
 131:./lwip-2.1.2/src/api/api_lib.c ****   if (err == ERR_OK) {
 1829              		.loc 1 131 9 discriminator 2 view .LVU558
 1830              	.LBE213:
 1831              	.LBE215:
 446:./lwip-2.1.2/src/api/api_lib.c **** #if TCP_LISTEN_BACKLOG
 1832              		.loc 1 446 29 discriminator 2 view .LVU559
 1833 03b0 0093     		str	r3, [sp]
 450:./lwip-2.1.2/src/api/api_lib.c ****   API_MSG_VAR_FREE(msg);
 1834              		.loc 1 450 3 is_stmt 1 discriminator 2 view .LVU560
 1835              	.LVL128:
 1836              	.LBB216:
 1837              	.LBI211:
 118:./lwip-2.1.2/src/api/api_lib.c **** {
 1838              		.loc 1 118 1 discriminator 2 view .LVU561
 1839              	.LBB214:
 120:./lwip-2.1.2/src/api/api_lib.c **** 
 1840              		.loc 1 120 3 discriminator 2 view .LVU562
 131:./lwip-2.1.2/src/api/api_lib.c ****   if (err == ERR_OK) {
 1841              		.loc 1 131 3 discriminator 2 view .LVU563
 131:./lwip-2.1.2/src/api/api_lib.c ****   if (err == ERR_OK) {
 1842              		.loc 1 131 9 is_stmt 0 discriminator 2 view .LVU564
 1843 03b2 FFF7FEFF 		bl	tcpip_send_msg_wait_sem
 1844              	.LVL129:
 132:./lwip-2.1.2/src/api/api_lib.c ****     return apimsg->err;
 1845              		.loc 1 132 3 is_stmt 1 discriminator 2 view .LVU565
 132:./lwip-2.1.2/src/api/api_lib.c ****     return apimsg->err;
 1846              		.loc 1 132 6 is_stmt 0 discriminator 2 view .LVU566
 1847 03b6 08B9     		cbnz	r0, .L141
 133:./lwip-2.1.2/src/api/api_lib.c ****   }
 1848              		.loc 1 133 5 is_stmt 1 view .LVU567
 133:./lwip-2.1.2/src/api/api_lib.c ****   }
 1849              		.loc 1 133 18 is_stmt 0 view .LVU568
 1850 03b8 9DF90400 		ldrsb	r0, [sp, #4]
 1851              	.LVL130:
 1852              	.L141:
 133:./lwip-2.1.2/src/api/api_lib.c ****   }
 1853              		.loc 1 133 18 view .LVU569
 1854              	.LBE214:
 1855              	.LBE216:
 459:./lwip-2.1.2/src/api/api_lib.c **** 
 1856              		.loc 1 459 1 view .LVU570
 1857 03bc 09B0     		add	sp, sp, #36
 1858              	.LCFI51:
 1859              		.cfi_def_cfa_offset 4
 1860              		@ sp needed
 1861 03be 5DF804FB 		ldr	pc, [sp], #4
 1862              	.LVL131:
 1863              	.L142:
 1864              	.LCFI52:
 1865              		.cfi_def_cfa_offset 0
 1866              		.cfi_restore 14
 443:./lwip-2.1.2/src/api/api_lib.c **** 
 1867              		.loc 1 443 3 view .LVU571
 1868 03c2 6FF00F00 		mvn	r0, #15
 1869              	.LVL132:
 459:./lwip-2.1.2/src/api/api_lib.c **** 
 1870              		.loc 1 459 1 view .LVU572
 1871 03c6 7047     		bx	lr
 1872              	.L148:
 1873              		.align	2
 1874              	.L147:
 1875 03c8 00000000 		.word	lwip_netconn_do_listen
 1876              		.cfi_endproc
 1877              	.LFE178:
 1879              		.align	1
 1880              		.p2align 2,,3
 1881              		.global	netconn_accept
 1882              		.syntax unified
 1883              		.thumb
 1884              		.thumb_func
 1885              		.fpu fpv5-d16
 1887              	netconn_accept:
 1888              	.LVL133:
 1889              	.LFB179:
 472:./lwip-2.1.2/src/api/api_lib.c **** #if LWIP_TCP
 1890              		.loc 1 472 1 is_stmt 1 view -0
 1891              		.cfi_startproc
 1892              		@ args = 0, pretend = 0, frame = 8
 1893              		@ frame_needed = 0, uses_anonymous_args = 0
 474:./lwip-2.1.2/src/api/api_lib.c ****   void *accept_ptr;
 1894              		.loc 1 474 3 view .LVU574
 475:./lwip-2.1.2/src/api/api_lib.c ****   struct netconn *newconn;
 1895              		.loc 1 475 3 view .LVU575
 476:./lwip-2.1.2/src/api/api_lib.c **** #if TCP_LISTEN_BACKLOG
 1896              		.loc 1 476 3 view .LVU576
 481:./lwip-2.1.2/src/api/api_lib.c ****   *new_conn = NULL;
 1897              		.loc 1 481 3 view .LVU577
 481:./lwip-2.1.2/src/api/api_lib.c ****   *new_conn = NULL;
 1898              		.loc 1 481 3 view .LVU578
 472:./lwip-2.1.2/src/api/api_lib.c **** #if LWIP_TCP
 1899              		.loc 1 472 1 is_stmt 0 view .LVU579
 1900 03cc 70B5     		push	{r4, r5, r6, lr}
 1901              	.LCFI53:
 1902              		.cfi_def_cfa_offset 16
 1903              		.cfi_offset 4, -16
 1904              		.cfi_offset 5, -12
 1905              		.cfi_offset 6, -8
 1906              		.cfi_offset 14, -4
 1907 03ce 82B0     		sub	sp, sp, #8
 1908              	.LCFI54:
 1909              		.cfi_def_cfa_offset 24
 481:./lwip-2.1.2/src/api/api_lib.c ****   *new_conn = NULL;
 1910              		.loc 1 481 3 view .LVU580
 1911 03d0 0029     		cmp	r1, #0
 1912 03d2 41D0     		beq	.L152
 481:./lwip-2.1.2/src/api/api_lib.c ****   *new_conn = NULL;
 1913              		.loc 1 481 3 is_stmt 1 discriminator 2 view .LVU581
 481:./lwip-2.1.2/src/api/api_lib.c ****   *new_conn = NULL;
 1914              		.loc 1 481 3 discriminator 2 view .LVU582
 482:./lwip-2.1.2/src/api/api_lib.c ****   LWIP_ERROR("netconn_accept: invalid conn",       (conn != NULL),                      return ERR_
 1915              		.loc 1 482 3 discriminator 2 view .LVU583
 482:./lwip-2.1.2/src/api/api_lib.c ****   LWIP_ERROR("netconn_accept: invalid conn",       (conn != NULL),                      return ERR_
 1916              		.loc 1 482 13 is_stmt 0 discriminator 2 view .LVU584
 1917 03d4 0023     		movs	r3, #0
 1918 03d6 0446     		mov	r4, r0
 1919 03d8 0D46     		mov	r5, r1
 1920 03da 0B60     		str	r3, [r1]
 483:./lwip-2.1.2/src/api/api_lib.c **** 
 1921              		.loc 1 483 3 is_stmt 1 discriminator 2 view .LVU585
 483:./lwip-2.1.2/src/api/api_lib.c **** 
 1922              		.loc 1 483 3 discriminator 2 view .LVU586
 1923 03dc 0028     		cmp	r0, #0
 1924 03de 3BD0     		beq	.L152
 483:./lwip-2.1.2/src/api/api_lib.c **** 
 1925              		.loc 1 483 3 view .LVU587
 483:./lwip-2.1.2/src/api/api_lib.c **** 
 1926              		.loc 1 483 3 view .LVU588
 488:./lwip-2.1.2/src/api/api_lib.c ****   if (err != ERR_OK) {
 1927              		.loc 1 488 3 view .LVU589
 1928              	.LVL134:
 1929              	.LBB229:
 1930              	.LBI229:
1139:./lwip-2.1.2/src/api/api_lib.c **** {
 1931              		.loc 1 1139 1 view .LVU590
 1932              	.LBB230:
1141:./lwip-2.1.2/src/api/api_lib.c ****   SYS_ARCH_DECL_PROTECT(lev);
 1933              		.loc 1 1141 3 view .LVU591
1142:./lwip-2.1.2/src/api/api_lib.c ****   if (conn == NULL) {
 1934              		.loc 1 1142 3 view .LVU592
1143:./lwip-2.1.2/src/api/api_lib.c ****     return ERR_OK;
 1935              		.loc 1 1143 3 view .LVU593
1146:./lwip-2.1.2/src/api/api_lib.c ****   err = conn->pending_err;
 1936              		.loc 1 1146 3 view .LVU594
 1937              	.LBB231:
 1938              	.LBI231:
 449:./inc/cmsis_gcc.h **** {
 1939              		.loc 2 449 31 view .LVU595
 1940              	.LBB232:
 451:./inc/cmsis_gcc.h **** 
 1941              		.loc 2 451 3 view .LVU596
 453:./inc/cmsis_gcc.h ****   return(result);
 1942              		.loc 2 453 3 view .LVU597
 1943              		.syntax unified
 1944              	@ 453 "./inc/cmsis_gcc.h" 1
 1945 03e0 EFF31082 		MRS r2, primask
 1946              	@ 0 "" 2
 1947              	.LVL135:
 454:./inc/cmsis_gcc.h **** }
 1948              		.loc 2 454 3 view .LVU598
 454:./inc/cmsis_gcc.h **** }
 1949              		.loc 2 454 3 is_stmt 0 view .LVU599
 1950              		.thumb
 1951              		.syntax unified
 1952              	.LBE232:
 1953              	.LBE231:
1146:./lwip-2.1.2/src/api/api_lib.c ****   err = conn->pending_err;
 1954              		.loc 1 1146 3 is_stmt 1 view .LVU600
 1955              	.LBB233:
 1956              	.LBI233:
 207:./inc/cmsis_gcc.h **** {
 1957              		.loc 2 207 27 view .LVU601
 1958              	.LBB234:
 209:./inc/cmsis_gcc.h **** }
 1959              		.loc 2 209 3 view .LVU602
 1960              		.syntax unified
 1961              	@ 209 "./inc/cmsis_gcc.h" 1
 1962 03e4 72B6     		cpsid i
 1963              	@ 0 "" 2
 1964              		.thumb
 1965              		.syntax unified
 1966              	.LBE234:
 1967              	.LBE233:
1146:./lwip-2.1.2/src/api/api_lib.c ****   err = conn->pending_err;
 1968              		.loc 1 1146 3 view .LVU603
 1969              	.LBB235:
 1970              	.LBI235:
 944:./inc/cmsis_gcc.h **** {
 1971              		.loc 2 944 27 view .LVU604
 1972              	.LBB236:
 1973              		.loc 2 946 3 view .LVU605
 1974              		.syntax unified
 1975              	@ 946 "./inc/cmsis_gcc.h" 1
 1976 03e6 BFF34F8F 		dsb 0xF
 1977              	@ 0 "" 2
 1978              		.thumb
 1979              		.syntax unified
 1980              	.LBE236:
 1981              	.LBE235:
1146:./lwip-2.1.2/src/api/api_lib.c ****   err = conn->pending_err;
 1982              		.loc 1 1146 3 view .LVU606
 1983              	.LBB237:
 1984              	.LBI237:
 933:./inc/cmsis_gcc.h **** {
 1985              		.loc 2 933 27 view .LVU607
 1986              	.LBB238:
 935:./inc/cmsis_gcc.h **** }
 1987              		.loc 2 935 3 view .LVU608
 1988              		.syntax unified
 1989              	@ 935 "./inc/cmsis_gcc.h" 1
 1990 03ea BFF36F8F 		isb 0xF
 1991              	@ 0 "" 2
 1992              		.thumb
 1993              		.syntax unified
 1994              	.LBE238:
 1995              	.LBE237:
1147:./lwip-2.1.2/src/api/api_lib.c ****   conn->pending_err = ERR_OK;
 1996              		.loc 1 1147 3 view .LVU609
1147:./lwip-2.1.2/src/api/api_lib.c ****   conn->pending_err = ERR_OK;
 1997              		.loc 1 1147 7 is_stmt 0 view .LVU610
 1998 03ee 90F90860 		ldrsb	r6, [r0, #8]
 1999              	.LVL136:
1148:./lwip-2.1.2/src/api/api_lib.c ****   SYS_ARCH_UNPROTECT(lev);
 2000              		.loc 1 1148 3 is_stmt 1 view .LVU611
1148:./lwip-2.1.2/src/api/api_lib.c ****   SYS_ARCH_UNPROTECT(lev);
 2001              		.loc 1 1148 21 is_stmt 0 view .LVU612
 2002 03f2 0372     		strb	r3, [r0, #8]
 2003              		.loc 1 1149 3 is_stmt 1 view .LVU613
 2004 03f4 0AB3     		cbz	r2, .L171
 2005              	.L153:
 2006              	.LVL137:
 2007              		.loc 1 1149 3 is_stmt 0 view .LVU614
 2008              	.LBE230:
 2009              	.LBE229:
 488:./lwip-2.1.2/src/api/api_lib.c ****   if (err != ERR_OK) {
 2010              		.loc 1 488 7 view .LVU615
 2011 03f6 8DF80360 		strb	r6, [sp, #3]
 489:./lwip-2.1.2/src/api/api_lib.c ****     /* return pending error */
 2012              		.loc 1 489 3 is_stmt 1 view .LVU616
 489:./lwip-2.1.2/src/api/api_lib.c ****     /* return pending error */
 2013              		.loc 1 489 6 is_stmt 0 view .LVU617
 2014 03fa DEB9     		cbnz	r6, .L151
 493:./lwip-2.1.2/src/api/api_lib.c ****     /* don't accept if closed: this might block the application task
 2015              		.loc 1 493 3 is_stmt 1 view .LVU618
 493:./lwip-2.1.2/src/api/api_lib.c ****     /* don't accept if closed: this might block the application task
 2016              		.loc 1 493 8 is_stmt 0 view .LVU619
 2017 03fc 6369     		ldr	r3, [r4, #20]
 2018 03fe 04F11400 		add	r0, r4, #20
 2019              	.LVL138:
 493:./lwip-2.1.2/src/api/api_lib.c ****     /* don't accept if closed: this might block the application task
 2020              		.loc 1 493 8 view .LVU620
 2021 0402 63B3     		cbz	r3, .L155
 493:./lwip-2.1.2/src/api/api_lib.c ****     /* don't accept if closed: this might block the application task
 2022              		.loc 1 493 8 discriminator 2 view .LVU621
 2023 0404 237F     		ldrb	r3, [r4, #28]	@ zero_extendqisi2
 493:./lwip-2.1.2/src/api/api_lib.c ****     /* don't accept if closed: this might block the application task
 2024              		.loc 1 493 7 discriminator 2 view .LVU622
 2025 0406 DA07     		lsls	r2, r3, #31
 2026              	.LVL139:
 493:./lwip-2.1.2/src/api/api_lib.c ****     /* don't accept if closed: this might block the application task
 2027              		.loc 1 493 7 discriminator 2 view .LVU623
 2028 0408 29D4     		bmi	.L155
 499:./lwip-2.1.2/src/api/api_lib.c **** 
 2029              		.loc 1 499 32 is_stmt 1 view .LVU624
 501:./lwip-2.1.2/src/api/api_lib.c ****   if (netconn_is_nonblocking(conn)) {
 2030              		.loc 1 501 33 view .LVU625
 502:./lwip-2.1.2/src/api/api_lib.c ****     if (sys_arch_mbox_tryfetch(&conn->acceptmbox, &accept_ptr) == SYS_ARCH_TIMEOUT) {
 2031              		.loc 1 502 3 view .LVU626
 502:./lwip-2.1.2/src/api/api_lib.c ****     if (sys_arch_mbox_tryfetch(&conn->acceptmbox, &accept_ptr) == SYS_ARCH_TIMEOUT) {
 2032              		.loc 1 502 6 is_stmt 0 view .LVU627
 2033 040a 9B07     		lsls	r3, r3, #30
 2034 040c 17D4     		bmi	.L172
 516:./lwip-2.1.2/src/api/api_lib.c **** #endif /* LWIP_SO_RCVTIMEO*/
 2035              		.loc 1 516 5 is_stmt 1 view .LVU628
 2036 040e 3246     		mov	r2, r6
 2037 0410 01A9     		add	r1, sp, #4
 2038              	.LVL140:
 516:./lwip-2.1.2/src/api/api_lib.c **** #endif /* LWIP_SO_RCVTIMEO*/
 2039              		.loc 1 516 5 is_stmt 0 view .LVU629
 2040 0412 FFF7FEFF 		bl	sys_arch_mbox_fetch
 2041              	.LVL141:
 2042              	.L157:
 519:./lwip-2.1.2/src/api/api_lib.c **** #if LWIP_NETCONN_FULLDUPLEX
 2043              		.loc 1 519 33 is_stmt 1 view .LVU630
 531:./lwip-2.1.2/src/api/api_lib.c **** 
 2044              		.loc 1 531 3 view .LVU631
 2045 0416 636A     		ldr	r3, [r4, #36]
 2046 0418 1BB1     		cbz	r3, .L158
 531:./lwip-2.1.2/src/api/api_lib.c **** 
 2047              		.loc 1 531 3 discriminator 1 view .LVU632
 2048 041a 0022     		movs	r2, #0
 2049 041c 2046     		mov	r0, r4
 2050 041e 0121     		movs	r1, #1
 2051 0420 9847     		blx	r3
 2052              	.LVL142:
 2053              	.L158:
 531:./lwip-2.1.2/src/api/api_lib.c **** 
 2054              		.loc 1 531 43 discriminator 3 view .LVU633
 533:./lwip-2.1.2/src/api/api_lib.c ****     /* a connection has been aborted: e.g. out of pcbs or out of netconns during accept */
 2055              		.loc 1 533 3 discriminator 3 view .LVU634
 533:./lwip-2.1.2/src/api/api_lib.c ****     /* a connection has been aborted: e.g. out of pcbs or out of netconns during accept */
 2056              		.loc 1 533 7 is_stmt 0 discriminator 3 view .LVU635
 2057 0422 0DF10301 		add	r1, sp, #3
 2058 0426 0198     		ldr	r0, [sp, #4]
 2059 0428 FFF7FEFF 		bl	lwip_netconn_is_err_msg
 2060              	.LVL143:
 533:./lwip-2.1.2/src/api/api_lib.c ****     /* a connection has been aborted: e.g. out of pcbs or out of netconns during accept */
 2061              		.loc 1 533 6 discriminator 3 view .LVU636
 2062 042c 78B9     		cbnz	r0, .L173
 538:./lwip-2.1.2/src/api/api_lib.c ****     /* connection has been aborted */
 2063              		.loc 1 538 3 is_stmt 1 view .LVU637
 538:./lwip-2.1.2/src/api/api_lib.c ****     /* connection has been aborted */
 2064              		.loc 1 538 18 is_stmt 0 view .LVU638
 2065 042e 019B     		ldr	r3, [sp, #4]
 538:./lwip-2.1.2/src/api/api_lib.c ****     /* connection has been aborted */
 2066              		.loc 1 538 6 view .LVU639
 2067 0430 ABB1     		cbz	r3, .L155
 543:./lwip-2.1.2/src/api/api_lib.c **** #if TCP_LISTEN_BACKLOG
 2068              		.loc 1 543 3 is_stmt 1 view .LVU640
 2069              	.LVL144:
 552:./lwip-2.1.2/src/api/api_lib.c ****   /* don't set conn->last_err: it's only ERR_OK, anyway */
 2070              		.loc 1 552 3 view .LVU641
 552:./lwip-2.1.2/src/api/api_lib.c ****   /* don't set conn->last_err: it's only ERR_OK, anyway */
 2071              		.loc 1 552 13 is_stmt 0 view .LVU642
 2072 0432 2B60     		str	r3, [r5]
 554:./lwip-2.1.2/src/api/api_lib.c **** #else /* LWIP_TCP */
 2073              		.loc 1 554 3 is_stmt 1 view .LVU643
 2074              	.LVL145:
 2075              	.L151:
 560:./lwip-2.1.2/src/api/api_lib.c **** 
 2076              		.loc 1 560 1 is_stmt 0 view .LVU644
 2077 0434 3046     		mov	r0, r6
 2078 0436 02B0     		add	sp, sp, #8
 2079              	.LCFI55:
 2080              		.cfi_remember_state
 2081              		.cfi_def_cfa_offset 16
 2082              		@ sp needed
 2083 0438 70BD     		pop	{r4, r5, r6, pc}
 2084              	.LVL146:
 2085              	.L171:
 2086              	.LCFI56:
 2087              		.cfi_restore_state
 2088              	.LBB242:
 2089              	.LBB241:
 2090              		.loc 1 1149 3 is_stmt 1 view .LVU645
 2091              	.LBB239:
 2092              	.LBI239:
 196:./inc/cmsis_gcc.h **** {
 2093              		.loc 2 196 27 view .LVU646
 2094              	.LBB240:
 198:./inc/cmsis_gcc.h **** }
 2095              		.loc 2 198 3 view .LVU647
 2096              		.syntax unified
 2097              	@ 198 "./inc/cmsis_gcc.h" 1
 2098 043a 62B6     		cpsie i
 2099              	@ 0 "" 2
 199:./inc/cmsis_gcc.h **** 
 2100              		.loc 2 199 1 is_stmt 0 view .LVU648
 2101              		.thumb
 2102              		.syntax unified
 2103 043c DBE7     		b	.L153
 2104              	.LVL147:
 2105              	.L172:
 199:./inc/cmsis_gcc.h **** 
 2106              		.loc 2 199 1 view .LVU649
 2107              	.LBE240:
 2108              	.LBE239:
 2109              	.LBE241:
 2110              	.LBE242:
 503:./lwip-2.1.2/src/api/api_lib.c ****       API_MSG_VAR_FREE_ACCEPT(msg);
 2111              		.loc 1 503 5 is_stmt 1 view .LVU650
 503:./lwip-2.1.2/src/api/api_lib.c ****       API_MSG_VAR_FREE_ACCEPT(msg);
 2112              		.loc 1 503 9 is_stmt 0 view .LVU651
 2113 043e 01A9     		add	r1, sp, #4
 2114              	.LVL148:
 503:./lwip-2.1.2/src/api/api_lib.c ****       API_MSG_VAR_FREE_ACCEPT(msg);
 2115              		.loc 1 503 9 view .LVU652
 2116 0440 FFF7FEFF 		bl	sys_arch_mbox_tryfetch
 2117              	.LVL149:
 503:./lwip-2.1.2/src/api/api_lib.c ****       API_MSG_VAR_FREE_ACCEPT(msg);
 2118              		.loc 1 503 8 view .LVU653
 2119 0444 0130     		adds	r0, r0, #1
 2120 0446 E6D1     		bne	.L157
 506:./lwip-2.1.2/src/api/api_lib.c ****     }
 2121              		.loc 1 506 14 view .LVU654
 2122 0448 6FF00606 		mvn	r6, #6
 2123 044c F2E7     		b	.L151
 2124              	.L173:
 535:./lwip-2.1.2/src/api/api_lib.c ****     return err;
 2125              		.loc 1 535 33 is_stmt 1 view .LVU655
 536:./lwip-2.1.2/src/api/api_lib.c ****   }
 2126              		.loc 1 536 5 view .LVU656
 536:./lwip-2.1.2/src/api/api_lib.c ****   }
 2127              		.loc 1 536 12 is_stmt 0 view .LVU657
 2128 044e 9DF90360 		ldrsb	r6, [sp, #3]
 560:./lwip-2.1.2/src/api/api_lib.c **** 
 2129              		.loc 1 560 1 view .LVU658
 2130 0452 3046     		mov	r0, r6
 2131 0454 02B0     		add	sp, sp, #8
 2132              	.LCFI57:
 2133              		.cfi_remember_state
 2134              		.cfi_def_cfa_offset 16
 2135              		@ sp needed
 2136 0456 70BD     		pop	{r4, r5, r6, pc}
 2137              	.LVL150:
 2138              	.L152:
 2139              	.LCFI58:
 2140              		.cfi_restore_state
 481:./lwip-2.1.2/src/api/api_lib.c ****   *new_conn = NULL;
 2141              		.loc 1 481 3 view .LVU659
 2142 0458 6FF00F06 		mvn	r6, #15
 2143 045c EAE7     		b	.L151
 2144              	.LVL151:
 2145              	.L155:
 496:./lwip-2.1.2/src/api/api_lib.c ****   }
 2146              		.loc 1 496 12 view .LVU660
 2147 045e 6FF00E06 		mvn	r6, #14
 2148 0462 E7E7     		b	.L151
 2149              		.cfi_endproc
 2150              	.LFE179:
 2152              		.align	1
 2153              		.p2align 2,,3
 2154              		.global	netconn_tcp_recvd
 2155              		.syntax unified
 2156              		.thumb
 2157              		.thumb_func
 2158              		.fpu fpv5-d16
 2160              	netconn_tcp_recvd:
 2161              	.LVL152:
 2162              	.LFB182:
 690:./lwip-2.1.2/src/api/api_lib.c ****   err_t err;
 2163              		.loc 1 690 1 is_stmt 1 view -0
 2164              		.cfi_startproc
 2165              		@ args = 0, pretend = 0, frame = 32
 2166              		@ frame_needed = 0, uses_anonymous_args = 0
 691:./lwip-2.1.2/src/api/api_lib.c ****   API_MSG_VAR_DECLARE(msg);
 2167              		.loc 1 691 3 view .LVU662
 692:./lwip-2.1.2/src/api/api_lib.c ****   LWIP_ERROR("netconn_recv_tcp_pbuf: invalid conn", (conn != NULL) &&
 2168              		.loc 1 692 3 view .LVU663
 693:./lwip-2.1.2/src/api/api_lib.c ****              NETCONNTYPE_GROUP(netconn_type(conn)) == NETCONN_TCP, return ERR_ARG;);
 2169              		.loc 1 693 3 view .LVU664
 693:./lwip-2.1.2/src/api/api_lib.c ****              NETCONNTYPE_GROUP(netconn_type(conn)) == NETCONN_TCP, return ERR_ARG;);
 2170              		.loc 1 693 3 view .LVU665
 2171 0464 A8B1     		cbz	r0, .L177
 693:./lwip-2.1.2/src/api/api_lib.c ****              NETCONNTYPE_GROUP(netconn_type(conn)) == NETCONN_TCP, return ERR_ARG;);
 2172              		.loc 1 693 3 is_stmt 0 discriminator 2 view .LVU666
 2173 0466 0278     		ldrb	r2, [r0]	@ zero_extendqisi2
 2174 0468 0346     		mov	r3, r0
 2175 046a 02F0F002 		and	r2, r2, #240
 2176 046e 102A     		cmp	r2, #16
 2177 0470 0FD1     		bne	.L177
 693:./lwip-2.1.2/src/api/api_lib.c ****              NETCONNTYPE_GROUP(netconn_type(conn)) == NETCONN_TCP, return ERR_ARG;);
 2178              		.loc 1 693 3 is_stmt 1 view .LVU667
 693:./lwip-2.1.2/src/api/api_lib.c ****              NETCONNTYPE_GROUP(netconn_type(conn)) == NETCONN_TCP, return ERR_ARG;);
 2179              		.loc 1 693 3 view .LVU668
 696:./lwip-2.1.2/src/api/api_lib.c ****   err = netconn_tcp_recvd_msg(conn, len, &API_VAR_REF(msg));
 2180              		.loc 1 696 25 view .LVU669
 697:./lwip-2.1.2/src/api/api_lib.c ****   API_MSG_VAR_FREE(msg);
 2181              		.loc 1 697 3 view .LVU670
 2182              	.LVL153:
 2183              	.LBB247:
 2184              	.LBB248:
 2185              	.LBB249:
 2186              	.LBB250:
 131:./lwip-2.1.2/src/api/api_lib.c ****   if (err == ERR_OK) {
 2187              		.loc 1 131 9 is_stmt 0 view .LVU671
 2188 0472 00F10C02 		add	r2, r0, #12
 2189 0476 0848     		ldr	r0, .L182
 2190              	.LVL154:
 131:./lwip-2.1.2/src/api/api_lib.c ****   if (err == ERR_OK) {
 2191              		.loc 1 131 9 view .LVU672
 2192              	.LBE250:
 2193              	.LBE249:
 2194              	.LBE248:
 2195              	.LBE247:
 690:./lwip-2.1.2/src/api/api_lib.c ****   err_t err;
 2196              		.loc 1 690 1 view .LVU673
 2197 0478 10B5     		push	{r4, lr}
 2198              	.LCFI59:
 2199              		.cfi_def_cfa_offset 8
 2200              		.cfi_offset 4, -8
 2201              		.cfi_offset 14, -4
 2202 047a 88B0     		sub	sp, sp, #32
 2203              	.LCFI60:
 2204              		.cfi_def_cfa_offset 40
 2205 047c 0C46     		mov	r4, r1
 2206              	.LVL155:
 2207              	.LBB256:
 2208              	.LBI247:
 677:./lwip-2.1.2/src/api/api_lib.c **** {
 2209              		.loc 1 677 1 is_stmt 1 view .LVU674
 2210              	.LBB255:
 679:./lwip-2.1.2/src/api/api_lib.c ****              NETCONNTYPE_GROUP(netconn_type(conn)) == NETCONN_TCP, return ERR_ARG;);
 2211              		.loc 1 679 3 view .LVU675
 679:./lwip-2.1.2/src/api/api_lib.c ****              NETCONNTYPE_GROUP(netconn_type(conn)) == NETCONN_TCP, return ERR_ARG;);
 2212              		.loc 1 679 3 view .LVU676
 679:./lwip-2.1.2/src/api/api_lib.c ****              NETCONNTYPE_GROUP(netconn_type(conn)) == NETCONN_TCP, return ERR_ARG;);
 2213              		.loc 1 679 3 view .LVU677
 679:./lwip-2.1.2/src/api/api_lib.c ****              NETCONNTYPE_GROUP(netconn_type(conn)) == NETCONN_TCP, return ERR_ARG;);
 2214              		.loc 1 679 3 view .LVU678
 682:./lwip-2.1.2/src/api/api_lib.c ****   msg->msg.r.len = len;
 2215              		.loc 1 682 3 view .LVU679
 2216              	.LBB253:
 2217              	.LBB251:
 131:./lwip-2.1.2/src/api/api_lib.c ****   if (err == ERR_OK) {
 2218              		.loc 1 131 9 is_stmt 0 view .LVU680
 2219 047e 6946     		mov	r1, sp
 2220              	.LVL156:
 131:./lwip-2.1.2/src/api/api_lib.c ****   if (err == ERR_OK) {
 2221              		.loc 1 131 9 view .LVU681
 2222              	.LBE251:
 2223              	.LBE253:
 682:./lwip-2.1.2/src/api/api_lib.c ****   msg->msg.r.len = len;
 2224              		.loc 1 682 13 view .LVU682
 2225 0480 0093     		str	r3, [sp]
 683:./lwip-2.1.2/src/api/api_lib.c **** 
 2226              		.loc 1 683 3 is_stmt 1 view .LVU683
 683:./lwip-2.1.2/src/api/api_lib.c **** 
 2227              		.loc 1 683 18 is_stmt 0 view .LVU684
 2228 0482 0294     		str	r4, [sp, #8]
 685:./lwip-2.1.2/src/api/api_lib.c **** }
 2229              		.loc 1 685 3 is_stmt 1 view .LVU685
 2230              	.LVL157:
 2231              	.LBB254:
 2232              	.LBI249:
 118:./lwip-2.1.2/src/api/api_lib.c **** {
 2233              		.loc 1 118 1 view .LVU686
 2234              	.LBB252:
 120:./lwip-2.1.2/src/api/api_lib.c **** 
 2235              		.loc 1 120 3 view .LVU687
 131:./lwip-2.1.2/src/api/api_lib.c ****   if (err == ERR_OK) {
 2236              		.loc 1 131 3 view .LVU688
 131:./lwip-2.1.2/src/api/api_lib.c ****   if (err == ERR_OK) {
 2237              		.loc 1 131 9 is_stmt 0 view .LVU689
 2238 0484 FFF7FEFF 		bl	tcpip_send_msg_wait_sem
 2239              	.LVL158:
 132:./lwip-2.1.2/src/api/api_lib.c ****     return apimsg->err;
 2240              		.loc 1 132 3 is_stmt 1 view .LVU690
 132:./lwip-2.1.2/src/api/api_lib.c ****     return apimsg->err;
 2241              		.loc 1 132 6 is_stmt 0 view .LVU691
 2242 0488 08B9     		cbnz	r0, .L175
 133:./lwip-2.1.2/src/api/api_lib.c ****   }
 2243              		.loc 1 133 5 is_stmt 1 view .LVU692
 133:./lwip-2.1.2/src/api/api_lib.c ****   }
 2244              		.loc 1 133 18 is_stmt 0 view .LVU693
 2245 048a 9DF90400 		ldrsb	r0, [sp, #4]
 2246              	.LVL159:
 2247              	.L175:
 133:./lwip-2.1.2/src/api/api_lib.c ****   }
 2248              		.loc 1 133 18 view .LVU694
 2249              	.LBE252:
 2250              	.LBE254:
 2251              	.LBE255:
 2252              	.LBE256:
 700:./lwip-2.1.2/src/api/api_lib.c **** 
 2253              		.loc 1 700 1 view .LVU695
 2254 048e 08B0     		add	sp, sp, #32
 2255              	.LCFI61:
 2256              		.cfi_def_cfa_offset 8
 2257              		@ sp needed
 2258 0490 10BD     		pop	{r4, pc}
 2259              	.LVL160:
 2260              	.L177:
 2261              	.LCFI62:
 2262              		.cfi_def_cfa_offset 0
 2263              		.cfi_restore 4
 2264              		.cfi_restore 14
 693:./lwip-2.1.2/src/api/api_lib.c ****              NETCONNTYPE_GROUP(netconn_type(conn)) == NETCONN_TCP, return ERR_ARG;);
 2265              		.loc 1 693 3 view .LVU696
 2266 0492 6FF00F00 		mvn	r0, #15
 2267              	.LVL161:
 700:./lwip-2.1.2/src/api/api_lib.c **** 
 2268              		.loc 1 700 1 view .LVU697
 2269 0496 7047     		bx	lr
 2270              	.L183:
 2271              		.align	2
 2272              	.L182:
 2273 0498 00000000 		.word	lwip_netconn_do_recv
 2274              		.cfi_endproc
 2275              	.LFE182:
 2277              		.align	1
 2278              		.p2align 2,,3
 2279              		.global	netconn_recv_tcp_pbuf
 2280              		.syntax unified
 2281              		.thumb
 2282              		.thumb_func
 2283              		.fpu fpv5-d16
 2285              	netconn_recv_tcp_pbuf:
 2286              	.LVL162:
 2287              	.LFB184:
 783:./lwip-2.1.2/src/api/api_lib.c ****   LWIP_ERROR("netconn_recv_tcp_pbuf: invalid conn", (conn != NULL) &&
 2288              		.loc 1 783 1 is_stmt 1 view -0
 2289              		.cfi_startproc
 2290              		@ args = 0, pretend = 0, frame = 0
 2291              		@ frame_needed = 0, uses_anonymous_args = 0
 2292              		@ link register save eliminated.
 784:./lwip-2.1.2/src/api/api_lib.c ****              NETCONNTYPE_GROUP(netconn_type(conn)) == NETCONN_TCP, return ERR_ARG;);
 2293              		.loc 1 784 3 view .LVU699
 784:./lwip-2.1.2/src/api/api_lib.c ****              NETCONNTYPE_GROUP(netconn_type(conn)) == NETCONN_TCP, return ERR_ARG;);
 2294              		.loc 1 784 3 view .LVU700
 2295 049c 30B1     		cbz	r0, .L185
 784:./lwip-2.1.2/src/api/api_lib.c ****              NETCONNTYPE_GROUP(netconn_type(conn)) == NETCONN_TCP, return ERR_ARG;);
 2296              		.loc 1 784 3 is_stmt 0 discriminator 2 view .LVU701
 2297 049e 0378     		ldrb	r3, [r0]	@ zero_extendqisi2
 2298 04a0 03F0F003 		and	r3, r3, #240
 2299 04a4 102B     		cmp	r3, #16
 2300 04a6 01D1     		bne	.L185
 784:./lwip-2.1.2/src/api/api_lib.c ****              NETCONNTYPE_GROUP(netconn_type(conn)) == NETCONN_TCP, return ERR_ARG;);
 2301              		.loc 1 784 3 is_stmt 1 discriminator 4 view .LVU702
 784:./lwip-2.1.2/src/api/api_lib.c ****              NETCONNTYPE_GROUP(netconn_type(conn)) == NETCONN_TCP, return ERR_ARG;);
 2302              		.loc 1 784 3 discriminator 4 view .LVU703
 787:./lwip-2.1.2/src/api/api_lib.c **** }
 2303              		.loc 1 787 3 discriminator 4 view .LVU704
 787:./lwip-2.1.2/src/api/api_lib.c **** }
 2304              		.loc 1 787 10 is_stmt 0 discriminator 4 view .LVU705
 2305 04a8 0022     		movs	r2, #0
 2306 04aa 15E6     		b	netconn_recv_data_tcp
 2307              	.LVL163:
 2308              	.L185:
 788:./lwip-2.1.2/src/api/api_lib.c **** 
 2309              		.loc 1 788 1 view .LVU706
 2310 04ac 6FF00F00 		mvn	r0, #15
 2311              	.LVL164:
 788:./lwip-2.1.2/src/api/api_lib.c **** 
 2312              		.loc 1 788 1 view .LVU707
 2313 04b0 7047     		bx	lr
 2314              		.cfi_endproc
 2315              	.LFE184:
 2317              		.align	1
 2318 04b2 00BF     		.p2align 2,,3
 2319              		.global	netconn_recv_tcp_pbuf_flags
 2320              		.syntax unified
 2321              		.thumb
 2322              		.thumb_func
 2323              		.fpu fpv5-d16
 2325              	netconn_recv_tcp_pbuf_flags:
 2326              	.LVL165:
 2327              	.LFB185:
 804:./lwip-2.1.2/src/api/api_lib.c ****   LWIP_ERROR("netconn_recv_tcp_pbuf: invalid conn", (conn != NULL) &&
 2328              		.loc 1 804 1 is_stmt 1 view -0
 2329              		.cfi_startproc
 2330              		@ args = 0, pretend = 0, frame = 0
 2331              		@ frame_needed = 0, uses_anonymous_args = 0
 2332              		@ link register save eliminated.
 805:./lwip-2.1.2/src/api/api_lib.c ****              NETCONNTYPE_GROUP(netconn_type(conn)) == NETCONN_TCP, return ERR_ARG;);
 2333              		.loc 1 805 3 view .LVU709
 805:./lwip-2.1.2/src/api/api_lib.c ****              NETCONNTYPE_GROUP(netconn_type(conn)) == NETCONN_TCP, return ERR_ARG;);
 2334              		.loc 1 805 3 view .LVU710
 2335 04b4 28B1     		cbz	r0, .L190
 805:./lwip-2.1.2/src/api/api_lib.c ****              NETCONNTYPE_GROUP(netconn_type(conn)) == NETCONN_TCP, return ERR_ARG;);
 2336              		.loc 1 805 3 is_stmt 0 discriminator 2 view .LVU711
 2337 04b6 0378     		ldrb	r3, [r0]	@ zero_extendqisi2
 2338 04b8 03F0F003 		and	r3, r3, #240
 2339 04bc 102B     		cmp	r3, #16
 2340 04be 00D1     		bne	.L190
 805:./lwip-2.1.2/src/api/api_lib.c ****              NETCONNTYPE_GROUP(netconn_type(conn)) == NETCONN_TCP, return ERR_ARG;);
 2341              		.loc 1 805 3 is_stmt 1 discriminator 4 view .LVU712
 805:./lwip-2.1.2/src/api/api_lib.c ****              NETCONNTYPE_GROUP(netconn_type(conn)) == NETCONN_TCP, return ERR_ARG;);
 2342              		.loc 1 805 3 discriminator 4 view .LVU713
 808:./lwip-2.1.2/src/api/api_lib.c **** }
 2343              		.loc 1 808 3 discriminator 4 view .LVU714
 808:./lwip-2.1.2/src/api/api_lib.c **** }
 2344              		.loc 1 808 10 is_stmt 0 discriminator 4 view .LVU715
 2345 04c0 0AE6     		b	netconn_recv_data_tcp
 2346              	.LVL166:
 2347              	.L190:
 809:./lwip-2.1.2/src/api/api_lib.c **** #endif /* LWIP_TCP */
 2348              		.loc 1 809 1 view .LVU716
 2349 04c2 6FF00F00 		mvn	r0, #15
 2350              	.LVL167:
 809:./lwip-2.1.2/src/api/api_lib.c **** #endif /* LWIP_TCP */
 2351              		.loc 1 809 1 view .LVU717
 2352 04c6 7047     		bx	lr
 2353              		.cfi_endproc
 2354              	.LFE185:
 2356              		.align	1
 2357              		.p2align 2,,3
 2358              		.global	netconn_recv_udp_raw_netbuf
 2359              		.syntax unified
 2360              		.thumb
 2361              		.thumb_func
 2362              		.fpu fpv5-d16
 2364              	netconn_recv_udp_raw_netbuf:
 2365              	.LVL168:
 2366              	.LFB186:
 823:./lwip-2.1.2/src/api/api_lib.c ****   LWIP_ERROR("netconn_recv_udp_raw_netbuf: invalid conn", (conn != NULL) &&
 2367              		.loc 1 823 1 is_stmt 1 view -0
 2368              		.cfi_startproc
 2369              		@ args = 0, pretend = 0, frame = 0
 2370              		@ frame_needed = 0, uses_anonymous_args = 0
 2371              		@ link register save eliminated.
 824:./lwip-2.1.2/src/api/api_lib.c ****              NETCONNTYPE_GROUP(netconn_type(conn)) != NETCONN_TCP, return ERR_ARG;);
 2372              		.loc 1 824 3 view .LVU719
 824:./lwip-2.1.2/src/api/api_lib.c ****              NETCONNTYPE_GROUP(netconn_type(conn)) != NETCONN_TCP, return ERR_ARG;);
 2373              		.loc 1 824 3 view .LVU720
 2374 04c8 30B1     		cbz	r0, .L195
 824:./lwip-2.1.2/src/api/api_lib.c ****              NETCONNTYPE_GROUP(netconn_type(conn)) != NETCONN_TCP, return ERR_ARG;);
 2375              		.loc 1 824 3 is_stmt 0 discriminator 2 view .LVU721
 2376 04ca 0378     		ldrb	r3, [r0]	@ zero_extendqisi2
 2377 04cc 03F0F003 		and	r3, r3, #240
 2378 04d0 102B     		cmp	r3, #16
 2379 04d2 01D0     		beq	.L195
 824:./lwip-2.1.2/src/api/api_lib.c ****              NETCONNTYPE_GROUP(netconn_type(conn)) != NETCONN_TCP, return ERR_ARG;);
 2380              		.loc 1 824 3 is_stmt 1 discriminator 4 view .LVU722
 824:./lwip-2.1.2/src/api/api_lib.c ****              NETCONNTYPE_GROUP(netconn_type(conn)) != NETCONN_TCP, return ERR_ARG;);
 2381              		.loc 1 824 3 discriminator 4 view .LVU723
 827:./lwip-2.1.2/src/api/api_lib.c **** }
 2382              		.loc 1 827 3 discriminator 4 view .LVU724
 827:./lwip-2.1.2/src/api/api_lib.c **** }
 2383              		.loc 1 827 10 is_stmt 0 discriminator 4 view .LVU725
 2384 04d4 0022     		movs	r2, #0
 2385 04d6 93E5     		b	netconn_recv_data
 2386              	.LVL169:
 2387              	.L195:
 828:./lwip-2.1.2/src/api/api_lib.c **** 
 2388              		.loc 1 828 1 view .LVU726
 2389 04d8 6FF00F00 		mvn	r0, #15
 2390              	.LVL170:
 828:./lwip-2.1.2/src/api/api_lib.c **** 
 2391              		.loc 1 828 1 view .LVU727
 2392 04dc 7047     		bx	lr
 2393              		.cfi_endproc
 2394              	.LFE186:
 2396              		.align	1
 2397 04de 00BF     		.p2align 2,,3
 2398              		.global	netconn_recv_udp_raw_netbuf_flags
 2399              		.syntax unified
 2400              		.thumb
 2401              		.thumb_func
 2402              		.fpu fpv5-d16
 2404              	netconn_recv_udp_raw_netbuf_flags:
 2405              	.LVL171:
 2406              	.LFB187:
 843:./lwip-2.1.2/src/api/api_lib.c ****   LWIP_ERROR("netconn_recv_udp_raw_netbuf: invalid conn", (conn != NULL) &&
 2407              		.loc 1 843 1 is_stmt 1 view -0
 2408              		.cfi_startproc
 2409              		@ args = 0, pretend = 0, frame = 0
 2410              		@ frame_needed = 0, uses_anonymous_args = 0
 2411              		@ link register save eliminated.
 844:./lwip-2.1.2/src/api/api_lib.c ****              NETCONNTYPE_GROUP(netconn_type(conn)) != NETCONN_TCP, return ERR_ARG;);
 2412              		.loc 1 844 3 view .LVU729
 844:./lwip-2.1.2/src/api/api_lib.c ****              NETCONNTYPE_GROUP(netconn_type(conn)) != NETCONN_TCP, return ERR_ARG;);
 2413              		.loc 1 844 3 view .LVU730
 2414 04e0 28B1     		cbz	r0, .L201
 844:./lwip-2.1.2/src/api/api_lib.c ****              NETCONNTYPE_GROUP(netconn_type(conn)) != NETCONN_TCP, return ERR_ARG;);
 2415              		.loc 1 844 3 is_stmt 0 discriminator 2 view .LVU731
 2416 04e2 0378     		ldrb	r3, [r0]	@ zero_extendqisi2
 2417 04e4 03F0F003 		and	r3, r3, #240
 2418 04e8 102B     		cmp	r3, #16
 2419 04ea 00D0     		beq	.L201
 844:./lwip-2.1.2/src/api/api_lib.c ****              NETCONNTYPE_GROUP(netconn_type(conn)) != NETCONN_TCP, return ERR_ARG;);
 2420              		.loc 1 844 3 is_stmt 1 discriminator 4 view .LVU732
 844:./lwip-2.1.2/src/api/api_lib.c ****              NETCONNTYPE_GROUP(netconn_type(conn)) != NETCONN_TCP, return ERR_ARG;);
 2421              		.loc 1 844 3 discriminator 4 view .LVU733
 847:./lwip-2.1.2/src/api/api_lib.c **** }
 2422              		.loc 1 847 3 discriminator 4 view .LVU734
 847:./lwip-2.1.2/src/api/api_lib.c **** }
 2423              		.loc 1 847 10 is_stmt 0 discriminator 4 view .LVU735
 2424 04ec 88E5     		b	netconn_recv_data
 2425              	.LVL172:
 2426              	.L201:
 848:./lwip-2.1.2/src/api/api_lib.c **** 
 2427              		.loc 1 848 1 view .LVU736
 2428 04ee 6FF00F00 		mvn	r0, #15
 2429              	.LVL173:
 848:./lwip-2.1.2/src/api/api_lib.c **** 
 2430              		.loc 1 848 1 view .LVU737
 2431 04f2 7047     		bx	lr
 2432              		.cfi_endproc
 2433              	.LFE187:
 2435              		.align	1
 2436              		.p2align 2,,3
 2437              		.global	netconn_recv
 2438              		.syntax unified
 2439              		.thumb
 2440              		.thumb_func
 2441              		.fpu fpv5-d16
 2443              	netconn_recv:
 2444              	.LVL174:
 2445              	.LFB188:
 861:./lwip-2.1.2/src/api/api_lib.c **** #if LWIP_TCP
 2446              		.loc 1 861 1 is_stmt 1 view -0
 2447              		.cfi_startproc
 2448              		@ args = 0, pretend = 0, frame = 8
 2449              		@ frame_needed = 0, uses_anonymous_args = 0
 863:./lwip-2.1.2/src/api/api_lib.c ****   err_t err;
 2450              		.loc 1 863 3 view .LVU739
 864:./lwip-2.1.2/src/api/api_lib.c **** #endif /* LWIP_TCP */
 2451              		.loc 1 864 3 view .LVU740
 867:./lwip-2.1.2/src/api/api_lib.c ****   *new_buf = NULL;
 2452              		.loc 1 867 3 view .LVU741
 867:./lwip-2.1.2/src/api/api_lib.c ****   *new_buf = NULL;
 2453              		.loc 1 867 3 view .LVU742
 861:./lwip-2.1.2/src/api/api_lib.c **** #if LWIP_TCP
 2454              		.loc 1 861 1 is_stmt 0 view .LVU743
 2455 04f4 F0B5     		push	{r4, r5, r6, r7, lr}
 2456              	.LCFI63:
 2457              		.cfi_def_cfa_offset 20
 2458              		.cfi_offset 4, -20
 2459              		.cfi_offset 5, -16
 2460              		.cfi_offset 6, -12
 2461              		.cfi_offset 7, -8
 2462              		.cfi_offset 14, -4
 2463 04f6 83B0     		sub	sp, sp, #12
 2464              	.LCFI64:
 2465              		.cfi_def_cfa_offset 32
 867:./lwip-2.1.2/src/api/api_lib.c ****   *new_buf = NULL;
 2466              		.loc 1 867 3 view .LVU744
 2467 04f8 81B3     		cbz	r1, .L209
 867:./lwip-2.1.2/src/api/api_lib.c ****   *new_buf = NULL;
 2468              		.loc 1 867 3 is_stmt 1 discriminator 2 view .LVU745
 867:./lwip-2.1.2/src/api/api_lib.c ****   *new_buf = NULL;
 2469              		.loc 1 867 3 discriminator 2 view .LVU746
 868:./lwip-2.1.2/src/api/api_lib.c ****   LWIP_ERROR("netconn_recv: invalid conn",    (conn != NULL),    return ERR_ARG;);
 2470              		.loc 1 868 3 discriminator 2 view .LVU747
 868:./lwip-2.1.2/src/api/api_lib.c ****   LWIP_ERROR("netconn_recv: invalid conn",    (conn != NULL),    return ERR_ARG;);
 2471              		.loc 1 868 12 is_stmt 0 discriminator 2 view .LVU748
 2472 04fa 0026     		movs	r6, #0
 2473 04fc 0446     		mov	r4, r0
 2474 04fe 0D46     		mov	r5, r1
 2475 0500 0E60     		str	r6, [r1]
 869:./lwip-2.1.2/src/api/api_lib.c **** 
 2476              		.loc 1 869 3 is_stmt 1 discriminator 2 view .LVU749
 869:./lwip-2.1.2/src/api/api_lib.c **** 
 2477              		.loc 1 869 3 discriminator 2 view .LVU750
 2478 0502 58B3     		cbz	r0, .L209
 869:./lwip-2.1.2/src/api/api_lib.c **** 
 2479              		.loc 1 869 3 discriminator 2 view .LVU751
 869:./lwip-2.1.2/src/api/api_lib.c **** 
 2480              		.loc 1 869 3 discriminator 2 view .LVU752
 873:./lwip-2.1.2/src/api/api_lib.c **** #endif /* (LWIP_UDP || LWIP_RAW) */
 2481              		.loc 1 873 3 discriminator 2 view .LVU753
 873:./lwip-2.1.2/src/api/api_lib.c **** #endif /* (LWIP_UDP || LWIP_RAW) */
 2482              		.loc 1 873 6 is_stmt 0 discriminator 2 view .LVU754
 2483 0504 0378     		ldrb	r3, [r0]	@ zero_extendqisi2
 2484 0506 03F0F003 		and	r3, r3, #240
 2485 050a 102B     		cmp	r3, #16
 2486 050c 15D1     		bne	.L210
 2487              	.LBB257:
 876:./lwip-2.1.2/src/api/api_lib.c ****     /* This is not a listening netconn, since recvmbox is set */
 2488              		.loc 1 876 5 is_stmt 1 view .LVU755
 879:./lwip-2.1.2/src/api/api_lib.c ****     if (buf == NULL) {
 2489              		.loc 1 879 28 is_stmt 0 view .LVU756
 2490 050e 0620     		movs	r0, #6
 2491              	.LVL175:
 876:./lwip-2.1.2/src/api/api_lib.c ****     /* This is not a listening netconn, since recvmbox is set */
 2492              		.loc 1 876 18 view .LVU757
 2493 0510 0196     		str	r6, [sp, #4]
 879:./lwip-2.1.2/src/api/api_lib.c ****     if (buf == NULL) {
 2494              		.loc 1 879 5 is_stmt 1 view .LVU758
 879:./lwip-2.1.2/src/api/api_lib.c ****     if (buf == NULL) {
 2495              		.loc 1 879 28 is_stmt 0 view .LVU759
 2496 0512 FFF7FEFF 		bl	memp_malloc
 2497              	.LVL176:
 880:./lwip-2.1.2/src/api/api_lib.c ****       return ERR_MEM;
 2498              		.loc 1 880 5 is_stmt 1 view .LVU760
 880:./lwip-2.1.2/src/api/api_lib.c ****       return ERR_MEM;
 2499              		.loc 1 880 8 is_stmt 0 view .LVU761
 2500 0516 0746     		mov	r7, r0
 2501 0518 A0B1     		cbz	r0, .L213
 884:./lwip-2.1.2/src/api/api_lib.c ****     if (err != ERR_OK) {
 2502              		.loc 1 884 5 is_stmt 1 view .LVU762
 884:./lwip-2.1.2/src/api/api_lib.c ****     if (err != ERR_OK) {
 2503              		.loc 1 884 11 is_stmt 0 view .LVU763
 2504 051a 2046     		mov	r0, r4
 2505              	.LVL177:
 884:./lwip-2.1.2/src/api/api_lib.c ****     if (err != ERR_OK) {
 2506              		.loc 1 884 11 view .LVU764
 2507 051c 3246     		mov	r2, r6
 2508 051e 01A9     		add	r1, sp, #4
 2509 0520 FFF7DAFD 		bl	netconn_recv_data_tcp
 2510              	.LVL178:
 885:./lwip-2.1.2/src/api/api_lib.c ****       memp_free(MEMP_NETBUF, buf);
 2511              		.loc 1 885 5 is_stmt 1 view .LVU765
 885:./lwip-2.1.2/src/api/api_lib.c ****       memp_free(MEMP_NETBUF, buf);
 2512              		.loc 1 885 8 is_stmt 0 view .LVU766
 2513 0524 0446     		mov	r4, r0
 2514              	.LVL179:
 885:./lwip-2.1.2/src/api/api_lib.c ****       memp_free(MEMP_NETBUF, buf);
 2515              		.loc 1 885 8 view .LVU767
 2516 0526 90B9     		cbnz	r0, .L218
 889:./lwip-2.1.2/src/api/api_lib.c **** 
 2517              		.loc 1 889 40 is_stmt 1 view .LVU768
 891:./lwip-2.1.2/src/api/api_lib.c ****     buf->ptr = p;
 2518              		.loc 1 891 5 view .LVU769
 891:./lwip-2.1.2/src/api/api_lib.c ****     buf->ptr = p;
 2519              		.loc 1 891 12 is_stmt 0 view .LVU770
 2520 0528 019B     		ldr	r3, [sp, #4]
 893:./lwip-2.1.2/src/api/api_lib.c ****     ip_addr_set_zero(&buf->addr);
 2521              		.loc 1 893 15 view .LVU771
 2522 052a B881     		strh	r0, [r7, #12]	@ movhi
 894:./lwip-2.1.2/src/api/api_lib.c ****     *new_buf = buf;
 2523              		.loc 1 894 5 view .LVU772
 2524 052c B860     		str	r0, [r7, #8]
 892:./lwip-2.1.2/src/api/api_lib.c ****     buf->port = 0;
 2525              		.loc 1 892 14 view .LVU773
 2526 052e C7E90033 		strd	r3, r3, [r7]
 893:./lwip-2.1.2/src/api/api_lib.c ****     ip_addr_set_zero(&buf->addr);
 2527              		.loc 1 893 5 is_stmt 1 view .LVU774
 894:./lwip-2.1.2/src/api/api_lib.c ****     *new_buf = buf;
 2528              		.loc 1 894 5 view .LVU775
 895:./lwip-2.1.2/src/api/api_lib.c ****     /* don't set conn->last_err: it's only ERR_OK, anyway */
 2529              		.loc 1 895 5 view .LVU776
 895:./lwip-2.1.2/src/api/api_lib.c ****     /* don't set conn->last_err: it's only ERR_OK, anyway */
 2530              		.loc 1 895 14 is_stmt 0 view .LVU777
 2531 0532 2F60     		str	r7, [r5]
 897:./lwip-2.1.2/src/api/api_lib.c ****   }
 2532              		.loc 1 897 5 is_stmt 1 view .LVU778
 2533              	.LVL180:
 2534              	.L208:
 897:./lwip-2.1.2/src/api/api_lib.c ****   }
 2535              		.loc 1 897 5 is_stmt 0 view .LVU779
 2536              	.LBE257:
 908:./lwip-2.1.2/src/api/api_lib.c **** 
 2537              		.loc 1 908 1 discriminator 1 view .LVU780
 2538 0534 2046     		mov	r0, r4
 2539 0536 03B0     		add	sp, sp, #12
 2540              	.LCFI65:
 2541              		.cfi_remember_state
 2542              		.cfi_def_cfa_offset 20
 2543              		@ sp needed
 2544 0538 F0BD     		pop	{r4, r5, r6, r7, pc}
 2545              	.LVL181:
 2546              	.L210:
 2547              	.LCFI66:
 2548              		.cfi_restore_state
 905:./lwip-2.1.2/src/api/api_lib.c **** #endif /* (LWIP_UDP || LWIP_RAW) */
 2549              		.loc 1 905 5 is_stmt 1 view .LVU781
 905:./lwip-2.1.2/src/api/api_lib.c **** #endif /* (LWIP_UDP || LWIP_RAW) */
 2550              		.loc 1 905 12 is_stmt 0 view .LVU782
 2551 053a 3246     		mov	r2, r6
 908:./lwip-2.1.2/src/api/api_lib.c **** 
 2552              		.loc 1 908 1 view .LVU783
 2553 053c 03B0     		add	sp, sp, #12
 2554              	.LCFI67:
 2555              		.cfi_remember_state
 2556              		.cfi_def_cfa_offset 20
 2557              		@ sp needed
 2558 053e BDE8F040 		pop	{r4, r5, r6, r7, lr}
 2559              	.LCFI68:
 2560              		.cfi_restore 14
 2561              		.cfi_restore 7
 2562              		.cfi_restore 6
 2563              		.cfi_restore 5
 2564              		.cfi_restore 4
 2565              		.cfi_def_cfa_offset 0
 905:./lwip-2.1.2/src/api/api_lib.c **** #endif /* (LWIP_UDP || LWIP_RAW) */
 2566              		.loc 1 905 12 view .LVU784
 2567 0542 5DE5     		b	netconn_recv_data
 2568              	.LVL182:
 2569              	.L213:
 2570              	.LCFI69:
 2571              		.cfi_restore_state
 2572              	.LBB258:
 881:./lwip-2.1.2/src/api/api_lib.c ****     }
 2573              		.loc 1 881 14 view .LVU785
 2574 0544 4FF0FF34 		mov	r4, #-1
 2575              	.LVL183:
 881:./lwip-2.1.2/src/api/api_lib.c ****     }
 2576              		.loc 1 881 14 view .LVU786
 2577              	.LBE258:
 908:./lwip-2.1.2/src/api/api_lib.c **** 
 2578              		.loc 1 908 1 view .LVU787
 2579 0548 2046     		mov	r0, r4
 2580              	.LVL184:
 908:./lwip-2.1.2/src/api/api_lib.c **** 
 2581              		.loc 1 908 1 view .LVU788
 2582 054a 03B0     		add	sp, sp, #12
 2583              	.LCFI70:
 2584              		.cfi_remember_state
 2585              		.cfi_def_cfa_offset 20
 2586              		@ sp needed
 2587 054c F0BD     		pop	{r4, r5, r6, r7, pc}
 2588              	.LVL185:
 2589              	.L218:
 2590              	.LCFI71:
 2591              		.cfi_restore_state
 2592              	.LBB259:
 886:./lwip-2.1.2/src/api/api_lib.c ****       return err;
 2593              		.loc 1 886 7 is_stmt 1 view .LVU789
 2594 054e 3946     		mov	r1, r7
 2595 0550 0620     		movs	r0, #6
 2596              	.LVL186:
 886:./lwip-2.1.2/src/api/api_lib.c ****       return err;
 2597              		.loc 1 886 7 is_stmt 0 view .LVU790
 2598 0552 FFF7FEFF 		bl	memp_free
 2599              	.LVL187:
 887:./lwip-2.1.2/src/api/api_lib.c ****     }
 2600              		.loc 1 887 7 is_stmt 1 view .LVU791
 2601              	.LBE259:
 908:./lwip-2.1.2/src/api/api_lib.c **** 
 2602              		.loc 1 908 1 is_stmt 0 view .LVU792
 2603 0556 2046     		mov	r0, r4
 2604 0558 03B0     		add	sp, sp, #12
 2605              	.LCFI72:
 2606              		.cfi_remember_state
 2607              		.cfi_def_cfa_offset 20
 2608              		@ sp needed
 2609 055a F0BD     		pop	{r4, r5, r6, r7, pc}
 2610              	.LVL188:
 2611              	.L209:
 2612              	.LCFI73:
 2613              		.cfi_restore_state
 867:./lwip-2.1.2/src/api/api_lib.c ****   *new_buf = NULL;
 2614              		.loc 1 867 3 view .LVU793
 2615 055c 6FF00F04 		mvn	r4, #15
 2616 0560 E8E7     		b	.L208
 2617              		.cfi_endproc
 2618              	.LFE188:
 2620              		.align	1
 2621 0562 00BF     		.p2align 2,,3
 2622              		.global	netconn_sendto
 2623              		.syntax unified
 2624              		.thumb
 2625              		.thumb_func
 2626              		.fpu fpv5-d16
 2628              	netconn_sendto:
 2629              	.LVL189:
 2630              	.LFB189:
 923:./lwip-2.1.2/src/api/api_lib.c ****   if (buf != NULL) {
 2631              		.loc 1 923 1 is_stmt 1 view -0
 2632              		.cfi_startproc
 2633              		@ args = 0, pretend = 0, frame = 32
 2634              		@ frame_needed = 0, uses_anonymous_args = 0
 924:./lwip-2.1.2/src/api/api_lib.c ****     ip_addr_set(&buf->addr, addr);
 2635              		.loc 1 924 3 view .LVU795
 924:./lwip-2.1.2/src/api/api_lib.c ****     ip_addr_set(&buf->addr, addr);
 2636              		.loc 1 924 6 is_stmt 0 view .LVU796
 2637 0564 A9B1     		cbz	r1, .L223
 925:./lwip-2.1.2/src/api/api_lib.c ****     buf->port = port;
 2638              		.loc 1 925 5 is_stmt 1 view .LVU797
 923:./lwip-2.1.2/src/api/api_lib.c ****   if (buf != NULL) {
 2639              		.loc 1 923 1 is_stmt 0 view .LVU798
 2640 0566 30B5     		push	{r4, r5, lr}
 2641              	.LCFI74:
 2642              		.cfi_def_cfa_offset 12
 2643              		.cfi_offset 4, -12
 2644              		.cfi_offset 5, -8
 2645              		.cfi_offset 14, -4
 2646 0568 0546     		mov	r5, r0
 2647 056a 89B0     		sub	sp, sp, #36
 2648              	.LCFI75:
 2649              		.cfi_def_cfa_offset 48
 2650 056c 0C46     		mov	r4, r1
 925:./lwip-2.1.2/src/api/api_lib.c ****     buf->port = port;
 2651              		.loc 1 925 5 view .LVU799
 2652 056e 02B1     		cbz	r2, .L221
 925:./lwip-2.1.2/src/api/api_lib.c ****     buf->port = port;
 2653              		.loc 1 925 5 discriminator 1 view .LVU800
 2654 0570 1268     		ldr	r2, [r2]
 2655              	.LVL190:
 2656              	.L221:
 925:./lwip-2.1.2/src/api/api_lib.c ****     buf->port = port;
 2657              		.loc 1 925 5 discriminator 4 view .LVU801
 2658 0572 A260     		str	r2, [r4, #8]
 926:./lwip-2.1.2/src/api/api_lib.c ****     return netconn_send(conn, buf);
 2659              		.loc 1 926 5 is_stmt 1 discriminator 4 view .LVU802
 926:./lwip-2.1.2/src/api/api_lib.c ****     return netconn_send(conn, buf);
 2660              		.loc 1 926 15 is_stmt 0 discriminator 4 view .LVU803
 2661 0574 A381     		strh	r3, [r4, #12]	@ movhi
 927:./lwip-2.1.2/src/api/api_lib.c ****   }
 2662              		.loc 1 927 5 is_stmt 1 discriminator 4 view .LVU804
 2663              	.LVL191:
 2664              	.LBB264:
 2665              	.LBI264:
 941:./lwip-2.1.2/src/api/api_lib.c **** {
 2666              		.loc 1 941 1 discriminator 4 view .LVU805
 2667              	.LBB265:
 943:./lwip-2.1.2/src/api/api_lib.c ****   err_t err;
 2668              		.loc 1 943 3 discriminator 4 view .LVU806
 944:./lwip-2.1.2/src/api/api_lib.c **** 
 2669              		.loc 1 944 3 discriminator 4 view .LVU807
 946:./lwip-2.1.2/src/api/api_lib.c **** 
 2670              		.loc 1 946 3 discriminator 4 view .LVU808
 946:./lwip-2.1.2/src/api/api_lib.c **** 
 2671              		.loc 1 946 3 discriminator 4 view .LVU809
 2672 0576 7DB1     		cbz	r5, .L225
 946:./lwip-2.1.2/src/api/api_lib.c **** 
 2673              		.loc 1 946 3 view .LVU810
 946:./lwip-2.1.2/src/api/api_lib.c **** 
 2674              		.loc 1 946 3 view .LVU811
 948:./lwip-2.1.2/src/api/api_lib.c **** 
 2675              		.loc 1 948 90 view .LVU812
 950:./lwip-2.1.2/src/api/api_lib.c ****   API_MSG_VAR_REF(msg).conn = conn;
 2676              		.loc 1 950 25 view .LVU813
 951:./lwip-2.1.2/src/api/api_lib.c ****   API_MSG_VAR_REF(msg).msg.b = buf;
 2677              		.loc 1 951 3 view .LVU814
 2678              	.LBB266:
 2679              	.LBB267:
 131:./lwip-2.1.2/src/api/api_lib.c ****   if (err == ERR_OK) {
 2680              		.loc 1 131 9 is_stmt 0 view .LVU815
 2681 0578 05F10C02 		add	r2, r5, #12
 2682 057c 6946     		mov	r1, sp
 2683              	.LVL192:
 131:./lwip-2.1.2/src/api/api_lib.c ****   if (err == ERR_OK) {
 2684              		.loc 1 131 9 view .LVU816
 2685 057e 0848     		ldr	r0, .L230
 2686              	.LVL193:
 131:./lwip-2.1.2/src/api/api_lib.c ****   if (err == ERR_OK) {
 2687              		.loc 1 131 9 view .LVU817
 2688              	.LBE267:
 2689              	.LBE266:
 951:./lwip-2.1.2/src/api/api_lib.c ****   API_MSG_VAR_REF(msg).msg.b = buf;
 2690              		.loc 1 951 29 view .LVU818
 2691 0580 0095     		str	r5, [sp]
 952:./lwip-2.1.2/src/api/api_lib.c ****   err = netconn_apimsg(lwip_netconn_do_send, &API_MSG_VAR_REF(msg));
 2692              		.loc 1 952 3 is_stmt 1 view .LVU819
 952:./lwip-2.1.2/src/api/api_lib.c ****   err = netconn_apimsg(lwip_netconn_do_send, &API_MSG_VAR_REF(msg));
 2693              		.loc 1 952 30 is_stmt 0 view .LVU820
 2694 0582 0294     		str	r4, [sp, #8]
 953:./lwip-2.1.2/src/api/api_lib.c ****   API_MSG_VAR_FREE(msg);
 2695              		.loc 1 953 3 is_stmt 1 view .LVU821
 2696              	.LVL194:
 2697              	.LBB269:
 2698              	.LBI266:
 118:./lwip-2.1.2/src/api/api_lib.c **** {
 2699              		.loc 1 118 1 view .LVU822
 2700              	.LBB268:
 120:./lwip-2.1.2/src/api/api_lib.c **** 
 2701              		.loc 1 120 3 view .LVU823
 131:./lwip-2.1.2/src/api/api_lib.c ****   if (err == ERR_OK) {
 2702              		.loc 1 131 3 view .LVU824
 131:./lwip-2.1.2/src/api/api_lib.c ****   if (err == ERR_OK) {
 2703              		.loc 1 131 9 is_stmt 0 view .LVU825
 2704 0584 FFF7FEFF 		bl	tcpip_send_msg_wait_sem
 2705              	.LVL195:
 132:./lwip-2.1.2/src/api/api_lib.c ****     return apimsg->err;
 2706              		.loc 1 132 3 is_stmt 1 view .LVU826
 132:./lwip-2.1.2/src/api/api_lib.c ****     return apimsg->err;
 2707              		.loc 1 132 6 is_stmt 0 view .LVU827
 2708 0588 08B9     		cbnz	r0, .L220
 133:./lwip-2.1.2/src/api/api_lib.c ****   }
 2709              		.loc 1 133 5 is_stmt 1 view .LVU828
 133:./lwip-2.1.2/src/api/api_lib.c ****   }
 2710              		.loc 1 133 18 is_stmt 0 view .LVU829
 2711 058a 9DF90400 		ldrsb	r0, [sp, #4]
 2712              	.LVL196:
 2713              	.L220:
 133:./lwip-2.1.2/src/api/api_lib.c ****   }
 2714              		.loc 1 133 18 view .LVU830
 2715              	.LBE268:
 2716              	.LBE269:
 2717              	.LBE265:
 2718              	.LBE264:
 930:./lwip-2.1.2/src/api/api_lib.c **** 
 2719              		.loc 1 930 1 view .LVU831
 2720 058e 09B0     		add	sp, sp, #36
 2721              	.LCFI76:
 2722              		.cfi_def_cfa_offset 12
 2723              		@ sp needed
 2724 0590 30BD     		pop	{r4, r5, pc}
 2725              	.LVL197:
 2726              	.L223:
 2727              	.LCFI77:
 2728              		.cfi_def_cfa_offset 0
 2729              		.cfi_restore 4
 2730              		.cfi_restore 5
 2731              		.cfi_restore 14
 929:./lwip-2.1.2/src/api/api_lib.c **** }
 2732              		.loc 1 929 10 view .LVU832
 2733 0592 6FF00500 		mvn	r0, #5
 2734              	.LVL198:
 930:./lwip-2.1.2/src/api/api_lib.c **** 
 2735              		.loc 1 930 1 view .LVU833
 2736 0596 7047     		bx	lr
 2737              	.LVL199:
 2738              	.L225:
 2739              	.LCFI78:
 2740              		.cfi_def_cfa_offset 48
 2741              		.cfi_offset 4, -12
 2742              		.cfi_offset 5, -8
 2743              		.cfi_offset 14, -4
 2744              	.LBB271:
 2745              	.LBB270:
 946:./lwip-2.1.2/src/api/api_lib.c **** 
 2746              		.loc 1 946 3 view .LVU834
 2747 0598 6FF00F00 		mvn	r0, #15
 2748              	.LVL200:
 946:./lwip-2.1.2/src/api/api_lib.c **** 
 2749              		.loc 1 946 3 view .LVU835
 2750              	.LBE270:
 2751              	.LBE271:
 927:./lwip-2.1.2/src/api/api_lib.c ****   }
 2752              		.loc 1 927 12 view .LVU836
 2753 059c F7E7     		b	.L220
 2754              	.L231:
 2755 059e 00BF     		.align	2
 2756              	.L230:
 2757 05a0 00000000 		.word	lwip_netconn_do_send
 2758              		.cfi_endproc
 2759              	.LFE189:
 2761              		.align	1
 2762              		.p2align 2,,3
 2763              		.global	netconn_send
 2764              		.syntax unified
 2765              		.thumb
 2766              		.thumb_func
 2767              		.fpu fpv5-d16
 2769              	netconn_send:
 2770              	.LVL201:
 2771              	.LFB190:
 942:./lwip-2.1.2/src/api/api_lib.c ****   API_MSG_VAR_DECLARE(msg);
 2772              		.loc 1 942 1 is_stmt 1 view -0
 2773              		.cfi_startproc
 2774              		@ args = 0, pretend = 0, frame = 32
 2775              		@ frame_needed = 0, uses_anonymous_args = 0
 943:./lwip-2.1.2/src/api/api_lib.c ****   err_t err;
 2776              		.loc 1 943 3 view .LVU838
 944:./lwip-2.1.2/src/api/api_lib.c **** 
 2777              		.loc 1 944 3 view .LVU839
 946:./lwip-2.1.2/src/api/api_lib.c **** 
 2778              		.loc 1 946 3 view .LVU840
 946:./lwip-2.1.2/src/api/api_lib.c **** 
 2779              		.loc 1 946 3 view .LVU841
 2780 05a4 80B1     		cbz	r0, .L234
 946:./lwip-2.1.2/src/api/api_lib.c **** 
 2781              		.loc 1 946 3 discriminator 2 view .LVU842
 946:./lwip-2.1.2/src/api/api_lib.c **** 
 2782              		.loc 1 946 3 discriminator 2 view .LVU843
 948:./lwip-2.1.2/src/api/api_lib.c **** 
 2783              		.loc 1 948 90 discriminator 2 view .LVU844
 950:./lwip-2.1.2/src/api/api_lib.c ****   API_MSG_VAR_REF(msg).conn = conn;
 2784              		.loc 1 950 25 discriminator 2 view .LVU845
 951:./lwip-2.1.2/src/api/api_lib.c ****   API_MSG_VAR_REF(msg).msg.b = buf;
 2785              		.loc 1 951 3 discriminator 2 view .LVU846
 2786 05a6 0346     		mov	r3, r0
 2787              	.LBB274:
 2788              	.LBB275:
 131:./lwip-2.1.2/src/api/api_lib.c ****   if (err == ERR_OK) {
 2789              		.loc 1 131 9 is_stmt 0 discriminator 2 view .LVU847
 2790 05a8 00F10C02 		add	r2, r0, #12
 2791 05ac 0848     		ldr	r0, .L239
 2792              	.LVL202:
 131:./lwip-2.1.2/src/api/api_lib.c ****   if (err == ERR_OK) {
 2793              		.loc 1 131 9 discriminator 2 view .LVU848
 2794              	.LBE275:
 2795              	.LBE274:
 942:./lwip-2.1.2/src/api/api_lib.c ****   API_MSG_VAR_DECLARE(msg);
 2796              		.loc 1 942 1 discriminator 2 view .LVU849
 2797 05ae 10B5     		push	{r4, lr}
 2798              	.LCFI79:
 2799              		.cfi_def_cfa_offset 8
 2800              		.cfi_offset 4, -8
 2801              		.cfi_offset 14, -4
 2802 05b0 88B0     		sub	sp, sp, #32
 2803              	.LCFI80:
 2804              		.cfi_def_cfa_offset 40
 2805 05b2 0C46     		mov	r4, r1
 2806              	.LBB278:
 2807              	.LBB276:
 131:./lwip-2.1.2/src/api/api_lib.c ****   if (err == ERR_OK) {
 2808              		.loc 1 131 9 discriminator 2 view .LVU850
 2809 05b4 6946     		mov	r1, sp
 2810              	.LVL203:
 131:./lwip-2.1.2/src/api/api_lib.c ****   if (err == ERR_OK) {
 2811              		.loc 1 131 9 discriminator 2 view .LVU851
 2812              	.LBE276:
 2813              	.LBE278:
 951:./lwip-2.1.2/src/api/api_lib.c ****   API_MSG_VAR_REF(msg).msg.b = buf;
 2814              		.loc 1 951 29 discriminator 2 view .LVU852
 2815 05b6 0093     		str	r3, [sp]
 952:./lwip-2.1.2/src/api/api_lib.c ****   err = netconn_apimsg(lwip_netconn_do_send, &API_MSG_VAR_REF(msg));
 2816              		.loc 1 952 3 is_stmt 1 discriminator 2 view .LVU853
 952:./lwip-2.1.2/src/api/api_lib.c ****   err = netconn_apimsg(lwip_netconn_do_send, &API_MSG_VAR_REF(msg));
 2817              		.loc 1 952 30 is_stmt 0 discriminator 2 view .LVU854
 2818 05b8 0294     		str	r4, [sp, #8]
 953:./lwip-2.1.2/src/api/api_lib.c ****   API_MSG_VAR_FREE(msg);
 2819              		.loc 1 953 3 is_stmt 1 discriminator 2 view .LVU855
 2820              	.LVL204:
 2821              	.LBB279:
 2822              	.LBI274:
 118:./lwip-2.1.2/src/api/api_lib.c **** {
 2823              		.loc 1 118 1 discriminator 2 view .LVU856
 2824              	.LBB277:
 120:./lwip-2.1.2/src/api/api_lib.c **** 
 2825              		.loc 1 120 3 discriminator 2 view .LVU857
 131:./lwip-2.1.2/src/api/api_lib.c ****   if (err == ERR_OK) {
 2826              		.loc 1 131 3 discriminator 2 view .LVU858
 131:./lwip-2.1.2/src/api/api_lib.c ****   if (err == ERR_OK) {
 2827              		.loc 1 131 9 is_stmt 0 discriminator 2 view .LVU859
 2828 05ba FFF7FEFF 		bl	tcpip_send_msg_wait_sem
 2829              	.LVL205:
 132:./lwip-2.1.2/src/api/api_lib.c ****     return apimsg->err;
 2830              		.loc 1 132 3 is_stmt 1 discriminator 2 view .LVU860
 132:./lwip-2.1.2/src/api/api_lib.c ****     return apimsg->err;
 2831              		.loc 1 132 6 is_stmt 0 discriminator 2 view .LVU861
 2832 05be 08B9     		cbnz	r0, .L233
 133:./lwip-2.1.2/src/api/api_lib.c ****   }
 2833              		.loc 1 133 5 is_stmt 1 view .LVU862
 133:./lwip-2.1.2/src/api/api_lib.c ****   }
 2834              		.loc 1 133 18 is_stmt 0 view .LVU863
 2835 05c0 9DF90400 		ldrsb	r0, [sp, #4]
 2836              	.LVL206:
 2837              	.L233:
 133:./lwip-2.1.2/src/api/api_lib.c ****   }
 2838              		.loc 1 133 18 view .LVU864
 2839              	.LBE277:
 2840              	.LBE279:
 957:./lwip-2.1.2/src/api/api_lib.c **** 
 2841              		.loc 1 957 1 view .LVU865
 2842 05c4 08B0     		add	sp, sp, #32
 2843              	.LCFI81:
 2844              		.cfi_def_cfa_offset 8
 2845              		@ sp needed
 2846 05c6 10BD     		pop	{r4, pc}
 2847              	.LVL207:
 2848              	.L234:
 2849              	.LCFI82:
 2850              		.cfi_def_cfa_offset 0
 2851              		.cfi_restore 4
 2852              		.cfi_restore 14
 946:./lwip-2.1.2/src/api/api_lib.c **** 
 2853              		.loc 1 946 3 view .LVU866
 2854 05c8 6FF00F00 		mvn	r0, #15
 2855              	.LVL208:
 957:./lwip-2.1.2/src/api/api_lib.c **** 
 2856              		.loc 1 957 1 view .LVU867
 2857 05cc 7047     		bx	lr
 2858              	.L240:
 2859 05ce 00BF     		.align	2
 2860              	.L239:
 2861 05d0 00000000 		.word	lwip_netconn_do_send
 2862              		.cfi_endproc
 2863              	.LFE190:
 2865              		.align	1
 2866              		.p2align 2,,3
 2867              		.global	netconn_write_vectors_partly
 2868              		.syntax unified
 2869              		.thumb
 2870              		.thumb_func
 2871              		.fpu fpv5-d16
 2873              	netconn_write_vectors_partly:
 2874              	.LVL209:
 2875              	.LFB192:
 999:./lwip-2.1.2/src/api/api_lib.c ****   API_MSG_VAR_DECLARE(msg);
 2876              		.loc 1 999 1 is_stmt 1 view -0
 2877              		.cfi_startproc
 2878              		@ args = 4, pretend = 0, frame = 32
 2879              		@ frame_needed = 0, uses_anonymous_args = 0
1000:./lwip-2.1.2/src/api/api_lib.c ****   err_t err;
 2880              		.loc 1 1000 3 view .LVU869
1001:./lwip-2.1.2/src/api/api_lib.c ****   u8_t dontblock;
 2881              		.loc 1 1001 3 view .LVU870
1002:./lwip-2.1.2/src/api/api_lib.c ****   size_t size;
 2882              		.loc 1 1002 3 view .LVU871
1003:./lwip-2.1.2/src/api/api_lib.c ****   int i;
 2883              		.loc 1 1003 3 view .LVU872
1004:./lwip-2.1.2/src/api/api_lib.c **** 
 2884              		.loc 1 1004 3 view .LVU873
1006:./lwip-2.1.2/src/api/api_lib.c ****   LWIP_ERROR("netconn_write: invalid conn->type",  (NETCONNTYPE_GROUP(conn->type) == NETCONN_TCP), 
 2885              		.loc 1 1006 3 view .LVU874
1006:./lwip-2.1.2/src/api/api_lib.c ****   LWIP_ERROR("netconn_write: invalid conn->type",  (NETCONNTYPE_GROUP(conn->type) == NETCONN_TCP), 
 2886              		.loc 1 1006 3 view .LVU875
 999:./lwip-2.1.2/src/api/api_lib.c ****   API_MSG_VAR_DECLARE(msg);
 2887              		.loc 1 999 1 is_stmt 0 view .LVU876
 2888 05d4 70B5     		push	{r4, r5, r6, lr}
 2889              	.LCFI83:
 2890              		.cfi_def_cfa_offset 16
 2891              		.cfi_offset 4, -16
 2892              		.cfi_offset 5, -12
 2893              		.cfi_offset 6, -8
 2894              		.cfi_offset 14, -4
 2895 05d6 88B0     		sub	sp, sp, #32
 2896              	.LCFI84:
 2897              		.cfi_def_cfa_offset 48
 999:./lwip-2.1.2/src/api/api_lib.c ****   API_MSG_VAR_DECLARE(msg);
 2898              		.loc 1 999 1 view .LVU877
 2899 05d8 0C9D     		ldr	r5, [sp, #48]
1006:./lwip-2.1.2/src/api/api_lib.c ****   LWIP_ERROR("netconn_write: invalid conn->type",  (NETCONNTYPE_GROUP(conn->type) == NETCONN_TCP), 
 2900              		.loc 1 1006 3 view .LVU878
 2901 05da 0028     		cmp	r0, #0
 2902 05dc 47D0     		beq	.L251
1006:./lwip-2.1.2/src/api/api_lib.c ****   LWIP_ERROR("netconn_write: invalid conn->type",  (NETCONNTYPE_GROUP(conn->type) == NETCONN_TCP), 
 2903              		.loc 1 1006 3 is_stmt 1 discriminator 2 view .LVU879
1006:./lwip-2.1.2/src/api/api_lib.c ****   LWIP_ERROR("netconn_write: invalid conn->type",  (NETCONNTYPE_GROUP(conn->type) == NETCONN_TCP), 
 2904              		.loc 1 1006 3 discriminator 2 view .LVU880
1007:./lwip-2.1.2/src/api/api_lib.c ****   dontblock = netconn_is_nonblocking(conn) || (apiflags & NETCONN_DONTBLOCK);
 2905              		.loc 1 1007 3 discriminator 2 view .LVU881
1007:./lwip-2.1.2/src/api/api_lib.c ****   dontblock = netconn_is_nonblocking(conn) || (apiflags & NETCONN_DONTBLOCK);
 2906              		.loc 1 1007 3 discriminator 2 view .LVU882
 2907 05de 1646     		mov	r6, r2
 2908 05e0 0278     		ldrb	r2, [r0]	@ zero_extendqisi2
 2909              	.LVL210:
1007:./lwip-2.1.2/src/api/api_lib.c ****   dontblock = netconn_is_nonblocking(conn) || (apiflags & NETCONN_DONTBLOCK);
 2910              		.loc 1 1007 3 is_stmt 0 discriminator 2 view .LVU883
 2911 05e2 02F0F002 		and	r2, r2, #240
 2912 05e6 102A     		cmp	r2, #16
 2913 05e8 15D1     		bne	.L255
1007:./lwip-2.1.2/src/api/api_lib.c ****   dontblock = netconn_is_nonblocking(conn) || (apiflags & NETCONN_DONTBLOCK);
 2914              		.loc 1 1007 3 is_stmt 1 discriminator 2 view .LVU884
1007:./lwip-2.1.2/src/api/api_lib.c ****   dontblock = netconn_is_nonblocking(conn) || (apiflags & NETCONN_DONTBLOCK);
 2915              		.loc 1 1007 3 discriminator 2 view .LVU885
1008:./lwip-2.1.2/src/api/api_lib.c **** #if LWIP_SO_SNDTIMEO
 2916              		.loc 1 1008 3 discriminator 2 view .LVU886
1008:./lwip-2.1.2/src/api/api_lib.c **** #if LWIP_SO_SNDTIMEO
 2917              		.loc 1 1008 44 is_stmt 0 discriminator 2 view .LVU887
 2918 05ea 027F     		ldrb	r2, [r0, #28]	@ zero_extendqisi2
 2919 05ec 03F00404 		and	r4, r3, #4
 2920 05f0 02F00202 		and	r2, r2, #2
 2921 05f4 2243     		orrs	r2, r2, r4
 2922 05f6 12D1     		bne	.L267
 2923              	.L266:
 2924              	.LVL211:
1022:./lwip-2.1.2/src/api/api_lib.c ****     size += vectors[i].len;
 2925              		.loc 1 1022 15 is_stmt 1 view .LVU888
1022:./lwip-2.1.2/src/api/api_lib.c ****     size += vectors[i].len;
 2926              		.loc 1 1022 3 is_stmt 0 view .LVU889
 2927 05f8 002E     		cmp	r6, #0
 2928 05fa 35D0     		beq	.L245
1023:./lwip-2.1.2/src/api/api_lib.c ****     if (size < vectors[i].len) {
 2929              		.loc 1 1023 5 is_stmt 1 view .LVU890
1023:./lwip-2.1.2/src/api/api_lib.c ****     if (size < vectors[i].len) {
 2930              		.loc 1 1023 23 is_stmt 0 view .LVU891
 2931 05fc 8E46     		mov	lr, r1
 2932 05fe 4FF0000C 		mov	ip, #0
 2933 0602 5EF8044F 		ldr	r4, [lr, #4]!
 2934              	.LVL212:
1024:./lwip-2.1.2/src/api/api_lib.c ****       /* overflow */
 2935              		.loc 1 1024 5 is_stmt 1 view .LVU892
 2936              	.L246:
1022:./lwip-2.1.2/src/api/api_lib.c ****     size += vectors[i].len;
 2937              		.loc 1 1022 30 discriminator 2 view .LVU893
1022:./lwip-2.1.2/src/api/api_lib.c ****     size += vectors[i].len;
 2938              		.loc 1 1022 31 is_stmt 0 discriminator 2 view .LVU894
 2939 0606 0CF1010C 		add	ip, ip, #1
 2940              	.LVL213:
1023:./lwip-2.1.2/src/api/api_lib.c ****     if (size < vectors[i].len) {
 2941              		.loc 1 1023 5 is_stmt 1 discriminator 2 view .LVU895
1022:./lwip-2.1.2/src/api/api_lib.c ****     size += vectors[i].len;
 2942              		.loc 1 1022 15 discriminator 2 view .LVU896
1022:./lwip-2.1.2/src/api/api_lib.c ****     size += vectors[i].len;
 2943              		.loc 1 1022 3 is_stmt 0 discriminator 2 view .LVU897
 2944 060a B445     		cmp	ip, r6
 2945 060c 0ADA     		bge	.L268
 2946 060e 5EF83C20 		ldr	r2, [lr, ip, lsl #3]
 2947 0612 1419     		adds	r4, r2, r4
 2948              	.LVL214:
1024:./lwip-2.1.2/src/api/api_lib.c ****       /* overflow */
 2949              		.loc 1 1024 5 is_stmt 1 view .LVU898
1024:./lwip-2.1.2/src/api/api_lib.c ****       /* overflow */
 2950              		.loc 1 1024 8 is_stmt 0 view .LVU899
 2951 0614 F7D3     		bcc	.L246
 2952              	.LVL215:
 2953              	.L255:
1007:./lwip-2.1.2/src/api/api_lib.c ****   dontblock = netconn_is_nonblocking(conn) || (apiflags & NETCONN_DONTBLOCK);
 2954              		.loc 1 1007 3 view .LVU900
 2955 0616 6FF00500 		mvn	r0, #5
 2956              	.LVL216:
 2957              	.L242:
1078:./lwip-2.1.2/src/api/api_lib.c **** 
 2958              		.loc 1 1078 1 view .LVU901
 2959 061a 08B0     		add	sp, sp, #32
 2960              	.LCFI85:
 2961              		.cfi_remember_state
 2962              		.cfi_def_cfa_offset 16
 2963              		@ sp needed
 2964 061c 70BD     		pop	{r4, r5, r6, pc}
 2965              	.LVL217:
 2966              	.L267:
 2967              	.LCFI86:
 2968              		.cfi_restore_state
1014:./lwip-2.1.2/src/api/api_lib.c ****     /* This implies netconn_write() cannot be used for non-blocking send, since
 2969              		.loc 1 1014 3 is_stmt 1 discriminator 6 view .LVU902
1014:./lwip-2.1.2/src/api/api_lib.c ****     /* This implies netconn_write() cannot be used for non-blocking send, since
 2970              		.loc 1 1014 6 is_stmt 0 discriminator 6 view .LVU903
 2971 061e 002D     		cmp	r5, #0
 2972 0620 EAD1     		bne	.L266
 2973 0622 F8E7     		b	.L255
 2974              	.LVL218:
 2975              	.L268:
1029:./lwip-2.1.2/src/api/api_lib.c ****     return ERR_OK;
 2976              		.loc 1 1029 3 is_stmt 1 view .LVU904
1029:./lwip-2.1.2/src/api/api_lib.c ****     return ERR_OK;
 2977              		.loc 1 1029 6 is_stmt 0 view .LVU905
 2978 0624 002C     		cmp	r4, #0
 2979 0626 1FD0     		beq	.L245
1031:./lwip-2.1.2/src/api/api_lib.c ****     ssize_t limited;
 2980              		.loc 1 1031 10 is_stmt 1 view .LVU906
1031:./lwip-2.1.2/src/api/api_lib.c ****     ssize_t limited;
 2981              		.loc 1 1031 13 is_stmt 0 view .LVU907
 2982 0628 03DA     		bge	.L250
 2983              	.LBB283:
1032:./lwip-2.1.2/src/api/api_lib.c ****     /* this is required by the socket layer (cannot send full size_t range) */
 2984              		.loc 1 1032 5 is_stmt 1 view .LVU908
1034:./lwip-2.1.2/src/api/api_lib.c ****       return ERR_VAL;
 2985              		.loc 1 1034 5 view .LVU909
1034:./lwip-2.1.2/src/api/api_lib.c ****       return ERR_VAL;
 2986              		.loc 1 1034 8 is_stmt 0 view .LVU910
 2987 062a 002D     		cmp	r5, #0
 2988 062c F3D0     		beq	.L255
1039:./lwip-2.1.2/src/api/api_lib.c ****   }
 2989              		.loc 1 1039 10 view .LVU911
 2990 062e 6FF00044 		mvn	r4, #-2147483648
 2991              	.LVL219:
 2992              	.L250:
1039:./lwip-2.1.2/src/api/api_lib.c ****   }
 2993              		.loc 1 1039 10 view .LVU912
 2994              	.LBE283:
1042:./lwip-2.1.2/src/api/api_lib.c ****   /* non-blocking write sends as much  */
 2995              		.loc 1 1042 25 is_stmt 1 view .LVU913
1044:./lwip-2.1.2/src/api/api_lib.c ****   API_MSG_VAR_REF(msg).msg.w.vector = vectors;
 2996              		.loc 1 1044 3 view .LVU914
 2997              	.LBB284:
 2998              	.LBB285:
 131:./lwip-2.1.2/src/api/api_lib.c ****   if (err == ERR_OK) {
 2999              		.loc 1 131 9 is_stmt 0 view .LVU915
 3000 0632 00F10C02 		add	r2, r0, #12
 3001              	.LBE285:
 3002              	.LBE284:
1044:./lwip-2.1.2/src/api/api_lib.c ****   API_MSG_VAR_REF(msg).msg.w.vector = vectors;
 3003              		.loc 1 1044 29 view .LVU916
 3004 0636 0090     		str	r0, [sp]
1045:./lwip-2.1.2/src/api/api_lib.c ****   API_MSG_VAR_REF(msg).msg.w.vector_cnt = vectorcnt;
 3005              		.loc 1 1045 3 is_stmt 1 view .LVU917
1046:./lwip-2.1.2/src/api/api_lib.c ****   API_MSG_VAR_REF(msg).msg.w.vector_off = 0;
 3006              		.loc 1 1046 3 view .LVU918
1047:./lwip-2.1.2/src/api/api_lib.c ****   API_MSG_VAR_REF(msg).msg.w.apiflags = apiflags;
 3007              		.loc 1 1047 41 is_stmt 0 view .LVU919
 3008 0638 0020     		movs	r0, #0
 3009              	.LVL220:
1045:./lwip-2.1.2/src/api/api_lib.c ****   API_MSG_VAR_REF(msg).msg.w.vector_cnt = vectorcnt;
 3010              		.loc 1 1045 37 view .LVU920
 3011 063a 0291     		str	r1, [sp, #8]
 3012              	.LBB288:
 3013              	.LBB286:
 131:./lwip-2.1.2/src/api/api_lib.c ****   if (err == ERR_OK) {
 3014              		.loc 1 131 9 view .LVU921
 3015 063c 6946     		mov	r1, sp
 3016              	.LVL221:
 131:./lwip-2.1.2/src/api/api_lib.c ****   if (err == ERR_OK) {
 3017              		.loc 1 131 9 view .LVU922
 3018              	.LBE286:
 3019              	.LBE288:
1046:./lwip-2.1.2/src/api/api_lib.c ****   API_MSG_VAR_REF(msg).msg.w.vector_off = 0;
 3020              		.loc 1 1046 41 view .LVU923
 3021 063e ADF80C60 		strh	r6, [sp, #12]	@ movhi
1047:./lwip-2.1.2/src/api/api_lib.c ****   API_MSG_VAR_REF(msg).msg.w.apiflags = apiflags;
 3022              		.loc 1 1047 3 is_stmt 1 view .LVU924
1050:./lwip-2.1.2/src/api/api_lib.c **** #if LWIP_SO_SNDTIMEO
 3023              		.loc 1 1050 37 is_stmt 0 view .LVU925
 3024 0642 0690     		str	r0, [sp, #24]
1048:./lwip-2.1.2/src/api/api_lib.c ****   API_MSG_VAR_REF(msg).msg.w.len = size;
 3025              		.loc 1 1048 39 view .LVU926
 3026 0644 8DF81C30 		strb	r3, [sp, #28]
1047:./lwip-2.1.2/src/api/api_lib.c ****   API_MSG_VAR_REF(msg).msg.w.apiflags = apiflags;
 3027              		.loc 1 1047 41 view .LVU927
 3028 0648 CDE90404 		strd	r0, r4, [sp, #16]
1048:./lwip-2.1.2/src/api/api_lib.c ****   API_MSG_VAR_REF(msg).msg.w.len = size;
 3029              		.loc 1 1048 3 is_stmt 1 view .LVU928
1049:./lwip-2.1.2/src/api/api_lib.c ****   API_MSG_VAR_REF(msg).msg.w.offset = 0;
 3030              		.loc 1 1049 3 view .LVU929
1050:./lwip-2.1.2/src/api/api_lib.c **** #if LWIP_SO_SNDTIMEO
 3031              		.loc 1 1050 3 view .LVU930
1064:./lwip-2.1.2/src/api/api_lib.c ****   if (err == ERR_OK) {
 3032              		.loc 1 1064 3 view .LVU931
 3033              	.LVL222:
 3034              	.LBB289:
 3035              	.LBI284:
 118:./lwip-2.1.2/src/api/api_lib.c **** {
 3036              		.loc 1 118 1 view .LVU932
 3037              	.LBB287:
 120:./lwip-2.1.2/src/api/api_lib.c **** 
 3038              		.loc 1 120 3 view .LVU933
 131:./lwip-2.1.2/src/api/api_lib.c ****   if (err == ERR_OK) {
 3039              		.loc 1 131 3 view .LVU934
 131:./lwip-2.1.2/src/api/api_lib.c ****   if (err == ERR_OK) {
 3040              		.loc 1 131 9 is_stmt 0 view .LVU935
 3041 064c 0948     		ldr	r0, .L269
 3042 064e FFF7FEFF 		bl	tcpip_send_msg_wait_sem
 3043              	.LVL223:
 132:./lwip-2.1.2/src/api/api_lib.c ****     return apimsg->err;
 3044              		.loc 1 132 3 is_stmt 1 view .LVU936
 132:./lwip-2.1.2/src/api/api_lib.c ****     return apimsg->err;
 3045              		.loc 1 132 6 is_stmt 0 view .LVU937
 3046 0652 0028     		cmp	r0, #0
 3047 0654 E1D1     		bne	.L242
 133:./lwip-2.1.2/src/api/api_lib.c ****   }
 3048              		.loc 1 133 5 is_stmt 1 view .LVU938
 133:./lwip-2.1.2/src/api/api_lib.c ****   }
 3049              		.loc 1 133 18 is_stmt 0 view .LVU939
 3050 0656 9DF90400 		ldrsb	r0, [sp, #4]
 3051              	.LVL224:
 133:./lwip-2.1.2/src/api/api_lib.c ****   }
 3052              		.loc 1 133 18 view .LVU940
 3053              	.LBE287:
 3054              	.LBE289:
1065:./lwip-2.1.2/src/api/api_lib.c ****     if (bytes_written != NULL) {
 3055              		.loc 1 1065 3 is_stmt 1 view .LVU941
1065:./lwip-2.1.2/src/api/api_lib.c ****     if (bytes_written != NULL) {
 3056              		.loc 1 1065 6 is_stmt 0 view .LVU942
 3057 065a 0028     		cmp	r0, #0
 3058 065c DDD1     		bne	.L242
1066:./lwip-2.1.2/src/api/api_lib.c ****       *bytes_written = API_MSG_VAR_REF(msg).msg.w.offset;
 3059              		.loc 1 1066 5 is_stmt 1 view .LVU943
1066:./lwip-2.1.2/src/api/api_lib.c ****       *bytes_written = API_MSG_VAR_REF(msg).msg.w.offset;
 3060              		.loc 1 1066 8 is_stmt 0 view .LVU944
 3061 065e 1DB1     		cbz	r5, .L245
1067:./lwip-2.1.2/src/api/api_lib.c ****     }
 3062              		.loc 1 1067 7 is_stmt 1 view .LVU945
1067:./lwip-2.1.2/src/api/api_lib.c ****     }
 3063              		.loc 1 1067 22 is_stmt 0 view .LVU946
 3064 0660 069B     		ldr	r3, [sp, #24]
 3065 0662 2B60     		str	r3, [r5]
 3066              	.LVL225:
1078:./lwip-2.1.2/src/api/api_lib.c **** 
 3067              		.loc 1 1078 1 view .LVU947
 3068 0664 08B0     		add	sp, sp, #32
 3069              	.LCFI87:
 3070              		.cfi_remember_state
 3071              		.cfi_def_cfa_offset 16
 3072              		@ sp needed
 3073 0666 70BD     		pop	{r4, r5, r6, pc}
 3074              	.LVL226:
 3075              	.L245:
 3076              	.LCFI88:
 3077              		.cfi_restore_state
1030:./lwip-2.1.2/src/api/api_lib.c ****   } else if (size > SSIZE_MAX) {
 3078              		.loc 1 1030 12 view .LVU948
 3079 0668 0020     		movs	r0, #0
1078:./lwip-2.1.2/src/api/api_lib.c **** 
 3080              		.loc 1 1078 1 view .LVU949
 3081 066a 08B0     		add	sp, sp, #32
 3082              	.LCFI89:
 3083              		.cfi_remember_state
 3084              		.cfi_def_cfa_offset 16
 3085              		@ sp needed
 3086 066c 70BD     		pop	{r4, r5, r6, pc}
 3087              	.LVL227:
 3088              	.L251:
 3089              	.LCFI90:
 3090              		.cfi_restore_state
1006:./lwip-2.1.2/src/api/api_lib.c ****   LWIP_ERROR("netconn_write: invalid conn->type",  (NETCONNTYPE_GROUP(conn->type) == NETCONN_TCP), 
 3091              		.loc 1 1006 3 view .LVU950
 3092 066e 6FF00F00 		mvn	r0, #15
 3093              	.LVL228:
1006:./lwip-2.1.2/src/api/api_lib.c ****   LWIP_ERROR("netconn_write: invalid conn->type",  (NETCONNTYPE_GROUP(conn->type) == NETCONN_TCP), 
 3094              		.loc 1 1006 3 view .LVU951
 3095 0672 D2E7     		b	.L242
 3096              	.L270:
 3097              		.align	2
 3098              	.L269:
 3099 0674 00000000 		.word	lwip_netconn_do_write
 3100              		.cfi_endproc
 3101              	.LFE192:
 3103              		.align	1
 3104              		.p2align 2,,3
 3105              		.global	netconn_write_partly
 3106              		.syntax unified
 3107              		.thumb
 3108              		.thumb_func
 3109              		.fpu fpv5-d16
 3111              	netconn_write_partly:
 3112              	.LVL229:
 3113              	.LFB191:
 976:./lwip-2.1.2/src/api/api_lib.c ****   struct netvector vector;
 3114              		.loc 1 976 1 is_stmt 1 view -0
 3115              		.cfi_startproc
 3116              		@ args = 4, pretend = 0, frame = 8
 3117              		@ frame_needed = 0, uses_anonymous_args = 0
 977:./lwip-2.1.2/src/api/api_lib.c ****   vector.ptr = dataptr;
 3118              		.loc 1 977 3 view .LVU953
 978:./lwip-2.1.2/src/api/api_lib.c ****   vector.len = size;
 3119              		.loc 1 978 3 view .LVU954
 976:./lwip-2.1.2/src/api/api_lib.c ****   struct netvector vector;
 3120              		.loc 1 976 1 is_stmt 0 view .LVU955
 3121 0678 10B5     		push	{r4, lr}
 3122              	.LCFI91:
 3123              		.cfi_def_cfa_offset 8
 3124              		.cfi_offset 4, -8
 3125              		.cfi_offset 14, -4
 3126 067a 84B0     		sub	sp, sp, #16
 3127              	.LCFI92:
 3128              		.cfi_def_cfa_offset 24
 976:./lwip-2.1.2/src/api/api_lib.c ****   struct netvector vector;
 3129              		.loc 1 976 1 view .LVU956
 3130 067c 1446     		mov	r4, r2
 980:./lwip-2.1.2/src/api/api_lib.c **** }
 3131              		.loc 1 980 10 view .LVU957
 3132 067e 069A     		ldr	r2, [sp, #24]
 3133              	.LVL230:
 979:./lwip-2.1.2/src/api/api_lib.c ****   return netconn_write_vectors_partly(conn, &vector, 1, apiflags, bytes_written);
 3134              		.loc 1 979 14 view .LVU958
 3135 0680 CDE90214 		strd	r1, r4, [sp, #8]
 980:./lwip-2.1.2/src/api/api_lib.c **** }
 3136              		.loc 1 980 3 is_stmt 1 view .LVU959
 980:./lwip-2.1.2/src/api/api_lib.c **** }
 3137              		.loc 1 980 10 is_stmt 0 view .LVU960
 3138 0684 0092     		str	r2, [sp]
 3139 0686 02A9     		add	r1, sp, #8
 3140              	.LVL231:
 980:./lwip-2.1.2/src/api/api_lib.c **** }
 3141              		.loc 1 980 10 view .LVU961
 3142 0688 0122     		movs	r2, #1
 3143 068a FFF7FEFF 		bl	netconn_write_vectors_partly
 3144              	.LVL232:
 981:./lwip-2.1.2/src/api/api_lib.c **** 
 3145              		.loc 1 981 1 view .LVU962
 3146 068e 04B0     		add	sp, sp, #16
 3147              	.LCFI93:
 3148              		.cfi_def_cfa_offset 8
 3149              		@ sp needed
 3150 0690 10BD     		pop	{r4, pc}
 981:./lwip-2.1.2/src/api/api_lib.c **** 
 3151              		.loc 1 981 1 view .LVU963
 3152              		.cfi_endproc
 3153              	.LFE191:
 3155              		.align	1
 3156 0692 00BF     		.p2align 2,,3
 3157              		.global	netconn_close
 3158              		.syntax unified
 3159              		.thumb
 3160              		.thumb_func
 3161              		.fpu fpv5-d16
 3163              	netconn_close:
 3164              	.LVL233:
 3165              	.LFB194:
1126:./lwip-2.1.2/src/api/api_lib.c ****   /* shutting down both ends is the same as closing */
 3166              		.loc 1 1126 1 is_stmt 1 view -0
 3167              		.cfi_startproc
 3168              		@ args = 0, pretend = 0, frame = 32
 3169              		@ frame_needed = 0, uses_anonymous_args = 0
1128:./lwip-2.1.2/src/api/api_lib.c **** }
 3170              		.loc 1 1128 3 view .LVU965
 3171              	.LBB294:
 3172              	.LBI294:
1089:./lwip-2.1.2/src/api/api_lib.c **** {
 3173              		.loc 1 1089 1 view .LVU966
 3174              	.LBB295:
1091:./lwip-2.1.2/src/api/api_lib.c ****   err_t err;
 3175              		.loc 1 1091 3 view .LVU967
1092:./lwip-2.1.2/src/api/api_lib.c ****   LWIP_UNUSED_ARG(how);
 3176              		.loc 1 1092 3 view .LVU968
1093:./lwip-2.1.2/src/api/api_lib.c **** 
 3177              		.loc 1 1093 3 view .LVU969
1095:./lwip-2.1.2/src/api/api_lib.c **** 
 3178              		.loc 1 1095 3 view .LVU970
1095:./lwip-2.1.2/src/api/api_lib.c **** 
 3179              		.loc 1 1095 3 view .LVU971
 3180 0694 98B1     		cbz	r0, .L275
1095:./lwip-2.1.2/src/api/api_lib.c **** 
 3181              		.loc 1 1095 3 view .LVU972
1095:./lwip-2.1.2/src/api/api_lib.c **** 
 3182              		.loc 1 1095 3 view .LVU973
1097:./lwip-2.1.2/src/api/api_lib.c ****   API_MSG_VAR_REF(msg).conn = conn;
 3183              		.loc 1 1097 25 view .LVU974
1098:./lwip-2.1.2/src/api/api_lib.c **** #if LWIP_TCP
 3184              		.loc 1 1098 3 view .LVU975
 3185 0696 0346     		mov	r3, r0
1101:./lwip-2.1.2/src/api/api_lib.c **** #if LWIP_SO_SNDTIMEO || LWIP_SO_LINGER
 3186              		.loc 1 1101 36 is_stmt 0 view .LVU976
 3187 0698 42F6031C 		movw	ip, #10499
 3188              	.LBB296:
 3189              	.LBB297:
 131:./lwip-2.1.2/src/api/api_lib.c ****   if (err == ERR_OK) {
 3190              		.loc 1 131 9 view .LVU977
 3191 069c 00F10C02 		add	r2, r0, #12
 3192 06a0 0848     		ldr	r0, .L280
 3193              	.LVL234:
 131:./lwip-2.1.2/src/api/api_lib.c ****   if (err == ERR_OK) {
 3194              		.loc 1 131 9 view .LVU978
 3195              	.LBE297:
 3196              	.LBE296:
 3197              	.LBE295:
 3198              	.LBE294:
1126:./lwip-2.1.2/src/api/api_lib.c ****   /* shutting down both ends is the same as closing */
 3199              		.loc 1 1126 1 view .LVU979
 3200 06a2 00B5     		push	{lr}
 3201              	.LCFI94:
 3202              		.cfi_def_cfa_offset 4
 3203              		.cfi_offset 14, -4
 3204 06a4 89B0     		sub	sp, sp, #36
 3205              	.LCFI95:
 3206              		.cfi_def_cfa_offset 40
 3207              	.LBB304:
 3208              	.LBB302:
 3209              	.LBB300:
 3210              	.LBB298:
 131:./lwip-2.1.2/src/api/api_lib.c ****   if (err == ERR_OK) {
 3211              		.loc 1 131 9 view .LVU980
 3212 06a6 6946     		mov	r1, sp
 3213              	.LBE298:
 3214              	.LBE300:
1098:./lwip-2.1.2/src/api/api_lib.c **** #if LWIP_TCP
 3215              		.loc 1 1098 29 view .LVU981
 3216 06a8 0093     		str	r3, [sp]
1101:./lwip-2.1.2/src/api/api_lib.c **** #if LWIP_SO_SNDTIMEO || LWIP_SO_LINGER
 3217              		.loc 1 1101 3 is_stmt 1 view .LVU982
1107:./lwip-2.1.2/src/api/api_lib.c ****     ((LWIP_TCP_CLOSE_TIMEOUT_MS_DEFAULT + TCP_SLOW_INTERVAL - 1) / TCP_SLOW_INTERVAL) + 1;
 3218              		.loc 1 1107 3 view .LVU983
1101:./lwip-2.1.2/src/api/api_lib.c **** #if LWIP_SO_SNDTIMEO || LWIP_SO_LINGER
 3219              		.loc 1 1101 36 is_stmt 0 view .LVU984
 3220 06aa ADF808C0 		strh	ip, [sp, #8]	@ movhi
1111:./lwip-2.1.2/src/api/api_lib.c ****   API_MSG_VAR_FREE(msg);
 3221              		.loc 1 1111 3 is_stmt 1 view .LVU985
 3222              	.LVL235:
 3223              	.LBB301:
 3224              	.LBI296:
 118:./lwip-2.1.2/src/api/api_lib.c **** {
 3225              		.loc 1 118 1 view .LVU986
 3226              	.LBB299:
 120:./lwip-2.1.2/src/api/api_lib.c **** 
 3227              		.loc 1 120 3 view .LVU987
 131:./lwip-2.1.2/src/api/api_lib.c ****   if (err == ERR_OK) {
 3228              		.loc 1 131 3 view .LVU988
 131:./lwip-2.1.2/src/api/api_lib.c ****   if (err == ERR_OK) {
 3229              		.loc 1 131 9 is_stmt 0 view .LVU989
 3230 06ae FFF7FEFF 		bl	tcpip_send_msg_wait_sem
 3231              	.LVL236:
 132:./lwip-2.1.2/src/api/api_lib.c ****     return apimsg->err;
 3232              		.loc 1 132 3 is_stmt 1 view .LVU990
 132:./lwip-2.1.2/src/api/api_lib.c ****     return apimsg->err;
 3233              		.loc 1 132 6 is_stmt 0 view .LVU991
 3234 06b2 08B9     		cbnz	r0, .L274
 133:./lwip-2.1.2/src/api/api_lib.c ****   }
 3235              		.loc 1 133 5 is_stmt 1 view .LVU992
 133:./lwip-2.1.2/src/api/api_lib.c ****   }
 3236              		.loc 1 133 18 is_stmt 0 view .LVU993
 3237 06b4 9DF90400 		ldrsb	r0, [sp, #4]
 3238              	.LVL237:
 3239              	.L274:
 133:./lwip-2.1.2/src/api/api_lib.c ****   }
 3240              		.loc 1 133 18 view .LVU994
 3241              	.LBE299:
 3242              	.LBE301:
 3243              	.LBE302:
 3244              	.LBE304:
1129:./lwip-2.1.2/src/api/api_lib.c **** 
 3245              		.loc 1 1129 1 view .LVU995
 3246 06b8 09B0     		add	sp, sp, #36
 3247              	.LCFI96:
 3248              		.cfi_def_cfa_offset 4
 3249              		@ sp needed
 3250 06ba 5DF804FB 		ldr	pc, [sp], #4
 3251              	.LVL238:
 3252              	.L275:
 3253              	.LCFI97:
 3254              		.cfi_def_cfa_offset 0
 3255              		.cfi_restore 14
 3256              	.LBB305:
 3257              	.LBB303:
1095:./lwip-2.1.2/src/api/api_lib.c **** 
 3258              		.loc 1 1095 3 view .LVU996
 3259 06be 6FF00F00 		mvn	r0, #15
 3260              	.LVL239:
1095:./lwip-2.1.2/src/api/api_lib.c **** 
 3261              		.loc 1 1095 3 view .LVU997
 3262              	.LBE303:
 3263              	.LBE305:
1129:./lwip-2.1.2/src/api/api_lib.c **** 
 3264              		.loc 1 1129 1 view .LVU998
 3265 06c2 7047     		bx	lr
 3266              	.L281:
 3267              		.align	2
 3268              	.L280:
 3269 06c4 00000000 		.word	lwip_netconn_do_close
 3270              		.cfi_endproc
 3271              	.LFE194:
 3273              		.align	1
 3274              		.p2align 2,,3
 3275              		.global	netconn_err
 3276              		.syntax unified
 3277              		.thumb
 3278              		.thumb_func
 3279              		.fpu fpv5-d16
 3281              	netconn_err:
 3282              	.LVL240:
 3283              	.LFB195:
1140:./lwip-2.1.2/src/api/api_lib.c ****   err_t err;
 3284              		.loc 1 1140 1 is_stmt 1 view -0
 3285              		.cfi_startproc
 3286              		@ args = 0, pretend = 0, frame = 0
 3287              		@ frame_needed = 0, uses_anonymous_args = 0
 3288              		@ link register save eliminated.
1141:./lwip-2.1.2/src/api/api_lib.c ****   SYS_ARCH_DECL_PROTECT(lev);
 3289              		.loc 1 1141 3 view .LVU1000
1142:./lwip-2.1.2/src/api/api_lib.c ****   if (conn == NULL) {
 3290              		.loc 1 1142 3 view .LVU1001
1143:./lwip-2.1.2/src/api/api_lib.c ****     return ERR_OK;
 3291              		.loc 1 1143 3 view .LVU1002
1143:./lwip-2.1.2/src/api/api_lib.c ****     return ERR_OK;
 3292              		.loc 1 1143 6 is_stmt 0 view .LVU1003
 3293 06c8 0346     		mov	r3, r0
 3294 06ca 68B1     		cbz	r0, .L283
1146:./lwip-2.1.2/src/api/api_lib.c ****   err = conn->pending_err;
 3295              		.loc 1 1146 3 is_stmt 1 view .LVU1004
 3296              	.LBB306:
 3297              	.LBI306:
 449:./inc/cmsis_gcc.h **** {
 3298              		.loc 2 449 31 view .LVU1005
 3299              	.LBB307:
 451:./inc/cmsis_gcc.h **** 
 3300              		.loc 2 451 3 view .LVU1006
 453:./inc/cmsis_gcc.h ****   return(result);
 3301              		.loc 2 453 3 view .LVU1007
 3302              		.syntax unified
 3303              	@ 453 "./inc/cmsis_gcc.h" 1
 3304 06cc EFF31082 		MRS r2, primask
 3305              	@ 0 "" 2
 3306              	.LVL241:
 454:./inc/cmsis_gcc.h **** }
 3307              		.loc 2 454 3 view .LVU1008
 454:./inc/cmsis_gcc.h **** }
 3308              		.loc 2 454 3 is_stmt 0 view .LVU1009
 3309              		.thumb
 3310              		.syntax unified
 3311              	.LBE307:
 3312              	.LBE306:
1146:./lwip-2.1.2/src/api/api_lib.c ****   err = conn->pending_err;
 3313              		.loc 1 1146 3 is_stmt 1 view .LVU1010
 3314              	.LBB308:
 3315              	.LBI308:
 207:./inc/cmsis_gcc.h **** {
 3316              		.loc 2 207 27 view .LVU1011
 3317              	.LBB309:
 209:./inc/cmsis_gcc.h **** }
 3318              		.loc 2 209 3 view .LVU1012
 3319              		.syntax unified
 3320              	@ 209 "./inc/cmsis_gcc.h" 1
 3321 06d0 72B6     		cpsid i
 3322              	@ 0 "" 2
 3323              		.thumb
 3324              		.syntax unified
 3325              	.LBE309:
 3326              	.LBE308:
1146:./lwip-2.1.2/src/api/api_lib.c ****   err = conn->pending_err;
 3327              		.loc 1 1146 3 view .LVU1013
 3328              	.LBB310:
 3329              	.LBI310:
 944:./inc/cmsis_gcc.h **** {
 3330              		.loc 2 944 27 view .LVU1014
 3331              	.LBB311:
 3332              		.loc 2 946 3 view .LVU1015
 3333              		.syntax unified
 3334              	@ 946 "./inc/cmsis_gcc.h" 1
 3335 06d2 BFF34F8F 		dsb 0xF
 3336              	@ 0 "" 2
 3337              		.thumb
 3338              		.syntax unified
 3339              	.LBE311:
 3340              	.LBE310:
1146:./lwip-2.1.2/src/api/api_lib.c ****   err = conn->pending_err;
 3341              		.loc 1 1146 3 view .LVU1016
 3342              	.LBB312:
 3343              	.LBI312:
 933:./inc/cmsis_gcc.h **** {
 3344              		.loc 2 933 27 view .LVU1017
 3345              	.LBB313:
 935:./inc/cmsis_gcc.h **** }
 3346              		.loc 2 935 3 view .LVU1018
 3347              		.syntax unified
 3348              	@ 935 "./inc/cmsis_gcc.h" 1
 3349 06d6 BFF36F8F 		isb 0xF
 3350              	@ 0 "" 2
 3351              		.thumb
 3352              		.syntax unified
 3353              	.LBE313:
 3354              	.LBE312:
1147:./lwip-2.1.2/src/api/api_lib.c ****   conn->pending_err = ERR_OK;
 3355              		.loc 1 1147 3 view .LVU1019
1148:./lwip-2.1.2/src/api/api_lib.c ****   SYS_ARCH_UNPROTECT(lev);
 3356              		.loc 1 1148 21 is_stmt 0 view .LVU1020
 3357 06da 0021     		movs	r1, #0
1147:./lwip-2.1.2/src/api/api_lib.c ****   conn->pending_err = ERR_OK;
 3358              		.loc 1 1147 7 view .LVU1021
 3359 06dc 90F90800 		ldrsb	r0, [r0, #8]
 3360              	.LVL242:
1148:./lwip-2.1.2/src/api/api_lib.c ****   SYS_ARCH_UNPROTECT(lev);
 3361              		.loc 1 1148 3 is_stmt 1 view .LVU1022
1148:./lwip-2.1.2/src/api/api_lib.c ****   SYS_ARCH_UNPROTECT(lev);
 3362              		.loc 1 1148 21 is_stmt 0 view .LVU1023
 3363 06e0 1972     		strb	r1, [r3, #8]
 3364              		.loc 1 1149 3 is_stmt 1 view .LVU1024
 3365 06e2 0AB9     		cbnz	r2, .L283
 3366              		.loc 1 1149 3 view .LVU1025
 3367              	.LBB314:
 3368              	.LBI314:
 196:./inc/cmsis_gcc.h **** {
 3369              		.loc 2 196 27 view .LVU1026
 3370              	.LBB315:
 198:./inc/cmsis_gcc.h **** }
 3371              		.loc 2 198 3 view .LVU1027
 3372              		.syntax unified
 3373              	@ 198 "./inc/cmsis_gcc.h" 1
 3374 06e4 62B6     		cpsie i
 3375              	@ 0 "" 2
 199:./inc/cmsis_gcc.h **** 
 3376              		.loc 2 199 1 is_stmt 0 view .LVU1028
 3377              		.thumb
 3378              		.syntax unified
 3379 06e6 7047     		bx	lr
 3380              	.LVL243:
 3381              	.L283:
 199:./inc/cmsis_gcc.h **** 
 3382              		.loc 2 199 1 view .LVU1029
 3383              	.LBE315:
 3384              	.LBE314:
1150:./lwip-2.1.2/src/api/api_lib.c ****   return err;
1151:./lwip-2.1.2/src/api/api_lib.c **** }
 3385              		.loc 1 1151 1 view .LVU1030
 3386 06e8 7047     		bx	lr
 3387              		.cfi_endproc
 3388              	.LFE195:
 3390              		.align	1
 3391 06ea 00BF     		.p2align 2,,3
 3392              		.global	netconn_shutdown
 3393              		.syntax unified
 3394              		.thumb
 3395              		.thumb_func
 3396              		.fpu fpv5-d16
 3398              	netconn_shutdown:
 3399              	.LVL244:
 3400              	.LFB196:
1152:./lwip-2.1.2/src/api/api_lib.c **** 
1153:./lwip-2.1.2/src/api/api_lib.c **** /**
1154:./lwip-2.1.2/src/api/api_lib.c ****  * @ingroup netconn_tcp
1155:./lwip-2.1.2/src/api/api_lib.c ****  * Shut down one or both sides of a TCP netconn (doesn't delete it).
1156:./lwip-2.1.2/src/api/api_lib.c ****  *
1157:./lwip-2.1.2/src/api/api_lib.c ****  * @param conn the TCP netconn to shut down
1158:./lwip-2.1.2/src/api/api_lib.c ****  * @param shut_rx shut down the RX side (no more read possible after this)
1159:./lwip-2.1.2/src/api/api_lib.c ****  * @param shut_tx shut down the TX side (no more write possible after this)
1160:./lwip-2.1.2/src/api/api_lib.c ****  * @return ERR_OK if the netconn was closed, any other err_t on error
1161:./lwip-2.1.2/src/api/api_lib.c ****  */
1162:./lwip-2.1.2/src/api/api_lib.c **** err_t
1163:./lwip-2.1.2/src/api/api_lib.c **** netconn_shutdown(struct netconn *conn, u8_t shut_rx, u8_t shut_tx)
1164:./lwip-2.1.2/src/api/api_lib.c **** {
 3401              		.loc 1 1164 1 is_stmt 1 view -0
 3402              		.cfi_startproc
 3403              		@ args = 0, pretend = 0, frame = 32
 3404              		@ frame_needed = 0, uses_anonymous_args = 0
1165:./lwip-2.1.2/src/api/api_lib.c ****   return netconn_close_shutdown(conn, (u8_t)((shut_rx ? NETCONN_SHUT_RD : 0) | (shut_tx ? NETCONN_S
 3405              		.loc 1 1165 3 view .LVU1032
 3406              		.loc 1 1165 78 is_stmt 0 view .LVU1033
 3407 06ec 0039     		subs	r1, r1, #0
 3408              	.LVL245:
 3409              		.loc 1 1165 78 view .LVU1034
 3410 06ee 18BF     		it	ne
 3411 06f0 0121     		movne	r1, #1
 3412 06f2 0AB1     		cbz	r2, .L286
 3413 06f4 41F00201 		orr	r1, r1, #2
 3414              	.L286:
 3415              		.loc 1 1165 10 discriminator 8 view .LVU1035
 3416 06f8 CBB2     		uxtb	r3, r1
 3417              	.LVL246:
 3418              	.LBB320:
 3419              	.LBI320:
1089:./lwip-2.1.2/src/api/api_lib.c **** {
 3420              		.loc 1 1089 1 is_stmt 1 discriminator 8 view .LVU1036
 3421              	.LBB321:
1091:./lwip-2.1.2/src/api/api_lib.c ****   err_t err;
 3422              		.loc 1 1091 3 discriminator 8 view .LVU1037
1092:./lwip-2.1.2/src/api/api_lib.c ****   LWIP_UNUSED_ARG(how);
 3423              		.loc 1 1092 3 discriminator 8 view .LVU1038
1093:./lwip-2.1.2/src/api/api_lib.c **** 
 3424              		.loc 1 1093 3 discriminator 8 view .LVU1039
1095:./lwip-2.1.2/src/api/api_lib.c **** 
 3425              		.loc 1 1095 3 discriminator 8 view .LVU1040
1095:./lwip-2.1.2/src/api/api_lib.c **** 
 3426              		.loc 1 1095 3 discriminator 8 view .LVU1041
 3427 06fa A0B1     		cbz	r0, .L288
1095:./lwip-2.1.2/src/api/api_lib.c **** 
 3428              		.loc 1 1095 3 view .LVU1042
1095:./lwip-2.1.2/src/api/api_lib.c **** 
 3429              		.loc 1 1095 3 view .LVU1043
1097:./lwip-2.1.2/src/api/api_lib.c ****   API_MSG_VAR_REF(msg).conn = conn;
 3430              		.loc 1 1097 25 view .LVU1044
1098:./lwip-2.1.2/src/api/api_lib.c **** #if LWIP_TCP
 3431              		.loc 1 1098 3 view .LVU1045
1107:./lwip-2.1.2/src/api/api_lib.c ****     ((LWIP_TCP_CLOSE_TIMEOUT_MS_DEFAULT + TCP_SLOW_INTERVAL - 1) / TCP_SLOW_INTERVAL) + 1;
 3432              		.loc 1 1107 42 is_stmt 0 view .LVU1046
 3433 06fc 4FF0290C 		mov	ip, #41
 3434              	.LBB322:
 3435              	.LBB323:
 131:./lwip-2.1.2/src/api/api_lib.c ****   if (err == ERR_OK) {
 3436              		.loc 1 131 9 view .LVU1047
 3437 0700 00F10C02 		add	r2, r0, #12
 3438              	.LVL247:
 131:./lwip-2.1.2/src/api/api_lib.c ****   if (err == ERR_OK) {
 3439              		.loc 1 131 9 view .LVU1048
 3440              	.LBE323:
 3441              	.LBE322:
 3442              	.LBE321:
 3443              	.LBE320:
1164:./lwip-2.1.2/src/api/api_lib.c ****   return netconn_close_shutdown(conn, (u8_t)((shut_rx ? NETCONN_SHUT_RD : 0) | (shut_tx ? NETCONN_S
 3444              		.loc 1 1164 1 view .LVU1049
 3445 0704 00B5     		push	{lr}
 3446              	.LCFI98:
 3447              		.cfi_def_cfa_offset 4
 3448              		.cfi_offset 14, -4
 3449 0706 89B0     		sub	sp, sp, #36
 3450              	.LCFI99:
 3451              		.cfi_def_cfa_offset 40
 3452              	.LBB330:
 3453              	.LBB328:
1098:./lwip-2.1.2/src/api/api_lib.c **** #if LWIP_TCP
 3454              		.loc 1 1098 29 view .LVU1050
 3455 0708 0090     		str	r0, [sp]
1101:./lwip-2.1.2/src/api/api_lib.c **** #if LWIP_SO_SNDTIMEO || LWIP_SO_LINGER
 3456              		.loc 1 1101 3 is_stmt 1 view .LVU1051
 3457              	.LBB326:
 3458              	.LBB324:
 131:./lwip-2.1.2/src/api/api_lib.c ****   if (err == ERR_OK) {
 3459              		.loc 1 131 9 is_stmt 0 view .LVU1052
 3460 070a 6946     		mov	r1, sp
 3461 070c 0748     		ldr	r0, .L296
 3462              	.LVL248:
 131:./lwip-2.1.2/src/api/api_lib.c ****   if (err == ERR_OK) {
 3463              		.loc 1 131 9 view .LVU1053
 3464              	.LBE324:
 3465              	.LBE326:
1101:./lwip-2.1.2/src/api/api_lib.c **** #if LWIP_SO_SNDTIMEO || LWIP_SO_LINGER
 3466              		.loc 1 1101 36 view .LVU1054
 3467 070e 8DF80830 		strb	r3, [sp, #8]
1107:./lwip-2.1.2/src/api/api_lib.c ****     ((LWIP_TCP_CLOSE_TIMEOUT_MS_DEFAULT + TCP_SLOW_INTERVAL - 1) / TCP_SLOW_INTERVAL) + 1;
 3468              		.loc 1 1107 3 is_stmt 1 view .LVU1055
1107:./lwip-2.1.2/src/api/api_lib.c ****     ((LWIP_TCP_CLOSE_TIMEOUT_MS_DEFAULT + TCP_SLOW_INTERVAL - 1) / TCP_SLOW_INTERVAL) + 1;
 3469              		.loc 1 1107 42 is_stmt 0 view .LVU1056
 3470 0712 8DF809C0 		strb	ip, [sp, #9]
1111:./lwip-2.1.2/src/api/api_lib.c ****   API_MSG_VAR_FREE(msg);
 3471              		.loc 1 1111 3 is_stmt 1 view .LVU1057
 3472              	.LVL249:
 3473              	.LBB327:
 3474              	.LBI322:
 118:./lwip-2.1.2/src/api/api_lib.c **** {
 3475              		.loc 1 118 1 view .LVU1058
 3476              	.LBB325:
 120:./lwip-2.1.2/src/api/api_lib.c **** 
 3477              		.loc 1 120 3 view .LVU1059
 131:./lwip-2.1.2/src/api/api_lib.c ****   if (err == ERR_OK) {
 3478              		.loc 1 131 3 view .LVU1060
 131:./lwip-2.1.2/src/api/api_lib.c ****   if (err == ERR_OK) {
 3479              		.loc 1 131 9 is_stmt 0 view .LVU1061
 3480 0716 FFF7FEFF 		bl	tcpip_send_msg_wait_sem
 3481              	.LVL250:
 132:./lwip-2.1.2/src/api/api_lib.c ****     return apimsg->err;
 3482              		.loc 1 132 3 is_stmt 1 view .LVU1062
 132:./lwip-2.1.2/src/api/api_lib.c ****     return apimsg->err;
 3483              		.loc 1 132 6 is_stmt 0 view .LVU1063
 3484 071a 08B9     		cbnz	r0, .L287
 133:./lwip-2.1.2/src/api/api_lib.c ****   }
 3485              		.loc 1 133 5 is_stmt 1 view .LVU1064
 133:./lwip-2.1.2/src/api/api_lib.c ****   }
 3486              		.loc 1 133 18 is_stmt 0 view .LVU1065
 3487 071c 9DF90400 		ldrsb	r0, [sp, #4]
 3488              	.LVL251:
 3489              	.L287:
 133:./lwip-2.1.2/src/api/api_lib.c ****   }
 3490              		.loc 1 133 18 view .LVU1066
 3491              	.LBE325:
 3492              	.LBE327:
 3493              	.LBE328:
 3494              	.LBE330:
1166:./lwip-2.1.2/src/api/api_lib.c **** }
 3495              		.loc 1 1166 1 view .LVU1067
 3496 0720 09B0     		add	sp, sp, #36
 3497              	.LCFI100:
 3498              		.cfi_def_cfa_offset 4
 3499              		@ sp needed
 3500 0722 5DF804FB 		ldr	pc, [sp], #4
 3501              	.LVL252:
 3502              	.L288:
 3503              	.LCFI101:
 3504              		.cfi_def_cfa_offset 0
 3505              		.cfi_restore 14
 3506              	.LBB331:
 3507              	.LBB329:
1095:./lwip-2.1.2/src/api/api_lib.c **** 
 3508              		.loc 1 1095 3 view .LVU1068
 3509 0726 6FF00F00 		mvn	r0, #15
 3510              	.LVL253:
1095:./lwip-2.1.2/src/api/api_lib.c **** 
 3511              		.loc 1 1095 3 view .LVU1069
 3512              	.LBE329:
 3513              	.LBE331:
 3514              		.loc 1 1166 1 view .LVU1070
 3515 072a 7047     		bx	lr
 3516              	.L297:
 3517              		.align	2
 3518              	.L296:
 3519 072c 00000000 		.word	lwip_netconn_do_close
 3520              		.cfi_endproc
 3521              	.LFE196:
 3523              	.Letext0:
 3524              		.file 3 "c:\\users\\jaejunmin\\downloads\\peak-devpack\\compiler\\10 2020-q4-major\\lib\\gcc\\arm-
 3525              		.file 4 "c:\\users\\jaejunmin\\downloads\\peak-devpack\\compiler\\10 2020-q4-major\\arm-none-eabi\
 3526              		.file 5 "c:\\users\\jaejunmin\\downloads\\peak-devpack\\compiler\\10 2020-q4-major\\arm-none-eabi\
 3527              		.file 6 "c:\\users\\jaejunmin\\downloads\\peak-devpack\\compiler\\10 2020-q4-major\\arm-none-eabi\
 3528              		.file 7 "c:\\users\\jaejunmin\\downloads\\peak-devpack\\compiler\\10 2020-q4-major\\arm-none-eabi\
 3529              		.file 8 "./lwip-2.1.2/src/include/lwip/arch.h"
 3530              		.file 9 "./lwip-2.1.2/src/include/lwip/err.h"
 3531              		.file 10 "./lwip-2.1.2/src/include/lwip/pbuf.h"
 3532              		.file 11 "./lwip-2.1.2/src/include/lwip/ip4_addr.h"
 3533              		.file 12 "./lwip-2.1.2/src/include/lwip/ip_addr.h"
 3534              		.file 13 "./lwip-2.1.2/src/include/lwip/netbuf.h"
 3535              		.file 14 "./inc/cmsis_os2.h"
 3536              		.file 15 "./inc/arch/sys_arch.h"
 3537              		.file 16 "./lwip-2.1.2/src/include/lwip/api.h"
 3538              		.file 17 "./lwip-2.1.2/src/include/lwip/ip.h"
 3539              		.file 18 "./lwip-2.1.2/src/include/lwip/tcp.h"
 3540              		.file 19 "./lwip-2.1.2/src/include/lwip/udp.h"
 3541              		.file 20 "./lwip-2.1.2/src/include/lwip/priv/api_msg.h"
 3542              		.file 21 "./lwip-2.1.2/src/include/lwip/memp.h"
 3543              		.file 22 "./lwip-2.1.2/src/include/lwip/tcpip.h"
 3544              		.file 23 "./lwip-2.1.2/src/include/lwip/tcpbase.h"
 3545              		.file 24 "./lwip-2.1.2/src/include/lwip/priv/tcp_priv.h"
 3546              		.file 25 "./lwip-2.1.2/src/include/lwip/prot/tcp.h"
 3547              		.file 26 "./lwip-2.1.2/src/include/lwip/priv/tcpip_priv.h"
 3548              		.file 27 "./lwip-2.1.2/src/include/lwip/sys.h"
DEFINED SYMBOLS
                            *ABS*:00000000 api_lib.c
C:\Users\JAEJUN~1\AppData\Local\Temp\ccmdnTw4.s:16     .text:00000000 $t
C:\Users\JAEJUN~1\AppData\Local\Temp\ccmdnTw4.s:24     .text:00000000 netconn_recv_data
C:\Users\JAEJUN~1\AppData\Local\Temp\ccmdnTw4.s:433    .text:000000d8 netconn_recv_data_tcp
C:\Users\JAEJUN~1\AppData\Local\Temp\ccmdnTw4.s:802    .text:000001a8 $d
C:\Users\JAEJUN~1\AppData\Local\Temp\ccmdnTw4.s:807    .text:000001b0 $t
C:\Users\JAEJUN~1\AppData\Local\Temp\ccmdnTw4.s:815    .text:000001b0 netconn_new_with_proto_and_callback
C:\Users\JAEJUN~1\AppData\Local\Temp\ccmdnTw4.s:934    .text:00000200 $d
C:\Users\JAEJUN~1\AppData\Local\Temp\ccmdnTw4.s:939    .text:00000204 $t
C:\Users\JAEJUN~1\AppData\Local\Temp\ccmdnTw4.s:947    .text:00000204 netconn_prepare_delete
C:\Users\JAEJUN~1\AppData\Local\Temp\ccmdnTw4.s:1064   .text:00000238 $d
C:\Users\JAEJUN~1\AppData\Local\Temp\ccmdnTw4.s:1068   .text:0000023c $t
C:\Users\JAEJUN~1\AppData\Local\Temp\ccmdnTw4.s:1076   .text:0000023c netconn_delete
C:\Users\JAEJUN~1\AppData\Local\Temp\ccmdnTw4.s:1225   .text:00000280 $d
C:\Users\JAEJUN~1\AppData\Local\Temp\ccmdnTw4.s:1229   .text:00000284 $t
C:\Users\JAEJUN~1\AppData\Local\Temp\ccmdnTw4.s:1237   .text:00000284 netconn_getaddr
C:\Users\JAEJUN~1\AppData\Local\Temp\ccmdnTw4.s:1347   .text:000002bc $d
C:\Users\JAEJUN~1\AppData\Local\Temp\ccmdnTw4.s:1351   .text:000002c0 $t
C:\Users\JAEJUN~1\AppData\Local\Temp\ccmdnTw4.s:1359   .text:000002c0 netconn_bind
C:\Users\JAEJUN~1\AppData\Local\Temp\ccmdnTw4.s:1463   .text:000002f8 $d
C:\Users\JAEJUN~1\AppData\Local\Temp\ccmdnTw4.s:1468   .text:00000300 $t
C:\Users\JAEJUN~1\AppData\Local\Temp\ccmdnTw4.s:1476   .text:00000300 netconn_bind_if
C:\Users\JAEJUN~1\AppData\Local\Temp\ccmdnTw4.s:1565   .text:00000330 $d
C:\Users\JAEJUN~1\AppData\Local\Temp\ccmdnTw4.s:1569   .text:00000334 $t
C:\Users\JAEJUN~1\AppData\Local\Temp\ccmdnTw4.s:1577   .text:00000334 netconn_connect
C:\Users\JAEJUN~1\AppData\Local\Temp\ccmdnTw4.s:1681   .text:0000036c $d
C:\Users\JAEJUN~1\AppData\Local\Temp\ccmdnTw4.s:1686   .text:00000374 $t
C:\Users\JAEJUN~1\AppData\Local\Temp\ccmdnTw4.s:1694   .text:00000374 netconn_disconnect
C:\Users\JAEJUN~1\AppData\Local\Temp\ccmdnTw4.s:1777   .text:0000039c $d
C:\Users\JAEJUN~1\AppData\Local\Temp\ccmdnTw4.s:1781   .text:000003a0 $t
C:\Users\JAEJUN~1\AppData\Local\Temp\ccmdnTw4.s:1789   .text:000003a0 netconn_listen_with_backlog
C:\Users\JAEJUN~1\AppData\Local\Temp\ccmdnTw4.s:1875   .text:000003c8 $d
C:\Users\JAEJUN~1\AppData\Local\Temp\ccmdnTw4.s:1879   .text:000003cc $t
C:\Users\JAEJUN~1\AppData\Local\Temp\ccmdnTw4.s:1887   .text:000003cc netconn_accept
C:\Users\JAEJUN~1\AppData\Local\Temp\ccmdnTw4.s:2160   .text:00000464 netconn_tcp_recvd
C:\Users\JAEJUN~1\AppData\Local\Temp\ccmdnTw4.s:2273   .text:00000498 $d
C:\Users\JAEJUN~1\AppData\Local\Temp\ccmdnTw4.s:2277   .text:0000049c $t
C:\Users\JAEJUN~1\AppData\Local\Temp\ccmdnTw4.s:2285   .text:0000049c netconn_recv_tcp_pbuf
C:\Users\JAEJUN~1\AppData\Local\Temp\ccmdnTw4.s:2325   .text:000004b4 netconn_recv_tcp_pbuf_flags
C:\Users\JAEJUN~1\AppData\Local\Temp\ccmdnTw4.s:2364   .text:000004c8 netconn_recv_udp_raw_netbuf
C:\Users\JAEJUN~1\AppData\Local\Temp\ccmdnTw4.s:2404   .text:000004e0 netconn_recv_udp_raw_netbuf_flags
C:\Users\JAEJUN~1\AppData\Local\Temp\ccmdnTw4.s:2443   .text:000004f4 netconn_recv
C:\Users\JAEJUN~1\AppData\Local\Temp\ccmdnTw4.s:2628   .text:00000564 netconn_sendto
C:\Users\JAEJUN~1\AppData\Local\Temp\ccmdnTw4.s:2757   .text:000005a0 $d
C:\Users\JAEJUN~1\AppData\Local\Temp\ccmdnTw4.s:2761   .text:000005a4 $t
C:\Users\JAEJUN~1\AppData\Local\Temp\ccmdnTw4.s:2769   .text:000005a4 netconn_send
C:\Users\JAEJUN~1\AppData\Local\Temp\ccmdnTw4.s:2861   .text:000005d0 $d
C:\Users\JAEJUN~1\AppData\Local\Temp\ccmdnTw4.s:2865   .text:000005d4 $t
C:\Users\JAEJUN~1\AppData\Local\Temp\ccmdnTw4.s:2873   .text:000005d4 netconn_write_vectors_partly
C:\Users\JAEJUN~1\AppData\Local\Temp\ccmdnTw4.s:3099   .text:00000674 $d
C:\Users\JAEJUN~1\AppData\Local\Temp\ccmdnTw4.s:3103   .text:00000678 $t
C:\Users\JAEJUN~1\AppData\Local\Temp\ccmdnTw4.s:3111   .text:00000678 netconn_write_partly
C:\Users\JAEJUN~1\AppData\Local\Temp\ccmdnTw4.s:3163   .text:00000694 netconn_close
C:\Users\JAEJUN~1\AppData\Local\Temp\ccmdnTw4.s:3269   .text:000006c4 $d
C:\Users\JAEJUN~1\AppData\Local\Temp\ccmdnTw4.s:3273   .text:000006c8 $t
C:\Users\JAEJUN~1\AppData\Local\Temp\ccmdnTw4.s:3281   .text:000006c8 netconn_err
C:\Users\JAEJUN~1\AppData\Local\Temp\ccmdnTw4.s:3398   .text:000006ec netconn_shutdown
C:\Users\JAEJUN~1\AppData\Local\Temp\ccmdnTw4.s:3519   .text:0000072c $d

UNDEFINED SYMBOLS
sys_arch_mbox_tryfetch
sys_arch_mbox_fetch
lwip_netconn_is_err_msg
tcpip_send_msg_wait_sem
lwip_netconn_do_recv
lwip_netconn_do_close
netconn_alloc
sys_sem_free
sys_mbox_free
memp_free
lwip_netconn_do_newconn
lwip_netconn_do_delconn
netconn_free
lwip_netconn_do_getaddr
lwip_netconn_do_bind
ip_addr_any
lwip_netconn_do_bind_if
lwip_netconn_do_connect
lwip_netconn_do_disconnect
lwip_netconn_do_listen
memp_malloc
lwip_netconn_do_send
lwip_netconn_do_write
