   1              		.cpu cortex-m7
   2              		.arch armv7e-m
   3              		.fpu fpv5-d16
   4              		.eabi_attribute 28, 1
   5              		.eabi_attribute 20, 1
   6              		.eabi_attribute 21, 1
   7              		.eabi_attribute 23, 3
   8              		.eabi_attribute 24, 1
   9              		.eabi_attribute 25, 1
  10              		.eabi_attribute 26, 1
  11              		.eabi_attribute 30, 2
  12              		.eabi_attribute 34, 1
  13              		.eabi_attribute 18, 4
  14              		.file	"dhcp.c"
  15              		.text
  16              	.Ltext0:
  17              		.cfi_sections	.debug_frame
  18              		.file 1 "./lwip-2.1.2/src/core/ipv4/dhcp.c"
  19              		.align	1
  20              		.p2align 2,,3
  21              		.syntax unified
  22              		.thumb
  23              		.thumb_func
  25              	dhcp_create_msg:
  26              	.LVL0:
  27              	.LFB60:
   1:./lwip-2.1.2/src/core/ipv4/dhcp.c **** /**
   2:./lwip-2.1.2/src/core/ipv4/dhcp.c ****  * @file
   3:./lwip-2.1.2/src/core/ipv4/dhcp.c ****  * Dynamic Host Configuration Protocol client
   4:./lwip-2.1.2/src/core/ipv4/dhcp.c ****  *
   5:./lwip-2.1.2/src/core/ipv4/dhcp.c ****  * @defgroup dhcp4 DHCPv4
   6:./lwip-2.1.2/src/core/ipv4/dhcp.c ****  * @ingroup ip4
   7:./lwip-2.1.2/src/core/ipv4/dhcp.c ****  * DHCP (IPv4) related functions
   8:./lwip-2.1.2/src/core/ipv4/dhcp.c ****  * This is a DHCP client for the lwIP TCP/IP stack. It aims to conform
   9:./lwip-2.1.2/src/core/ipv4/dhcp.c ****  * with RFC 2131 and RFC 2132.
  10:./lwip-2.1.2/src/core/ipv4/dhcp.c ****  *
  11:./lwip-2.1.2/src/core/ipv4/dhcp.c ****  * @todo:
  12:./lwip-2.1.2/src/core/ipv4/dhcp.c ****  * - Support for interfaces other than Ethernet (SLIP, PPP, ...)
  13:./lwip-2.1.2/src/core/ipv4/dhcp.c ****  *
  14:./lwip-2.1.2/src/core/ipv4/dhcp.c ****  * Options:
  15:./lwip-2.1.2/src/core/ipv4/dhcp.c ****  * @ref DHCP_COARSE_TIMER_SECS (recommended 60 which is a minute)
  16:./lwip-2.1.2/src/core/ipv4/dhcp.c ****  * @ref DHCP_FINE_TIMER_MSECS (recommended 500 which equals TCP coarse timer)
  17:./lwip-2.1.2/src/core/ipv4/dhcp.c ****  *
  18:./lwip-2.1.2/src/core/ipv4/dhcp.c ****  * dhcp_start() starts a DHCP client instance which
  19:./lwip-2.1.2/src/core/ipv4/dhcp.c ****  * configures the interface by obtaining an IP address lease and maintaining it.
  20:./lwip-2.1.2/src/core/ipv4/dhcp.c ****  *
  21:./lwip-2.1.2/src/core/ipv4/dhcp.c ****  * Use dhcp_release() to end the lease and use dhcp_stop()
  22:./lwip-2.1.2/src/core/ipv4/dhcp.c ****  * to remove the DHCP client.
  23:./lwip-2.1.2/src/core/ipv4/dhcp.c ****  *
  24:./lwip-2.1.2/src/core/ipv4/dhcp.c ****  * @see LWIP_HOOK_DHCP_APPEND_OPTIONS
  25:./lwip-2.1.2/src/core/ipv4/dhcp.c ****  * @see LWIP_HOOK_DHCP_PARSE_OPTION
  26:./lwip-2.1.2/src/core/ipv4/dhcp.c ****  *
  27:./lwip-2.1.2/src/core/ipv4/dhcp.c ****  * @see netifapi_dhcp4
  28:./lwip-2.1.2/src/core/ipv4/dhcp.c ****  */
  29:./lwip-2.1.2/src/core/ipv4/dhcp.c **** 
  30:./lwip-2.1.2/src/core/ipv4/dhcp.c **** /*
  31:./lwip-2.1.2/src/core/ipv4/dhcp.c ****  * Copyright (c) 2001-2004 Leon Woestenberg <leon.woestenberg@gmx.net>
  32:./lwip-2.1.2/src/core/ipv4/dhcp.c ****  * Copyright (c) 2001-2004 Axon Digital Design B.V., The Netherlands.
  33:./lwip-2.1.2/src/core/ipv4/dhcp.c ****  * All rights reserved.
  34:./lwip-2.1.2/src/core/ipv4/dhcp.c ****  *
  35:./lwip-2.1.2/src/core/ipv4/dhcp.c ****  * Redistribution and use in source and binary forms, with or without modification,
  36:./lwip-2.1.2/src/core/ipv4/dhcp.c ****  * are permitted provided that the following conditions are met:
  37:./lwip-2.1.2/src/core/ipv4/dhcp.c ****  *
  38:./lwip-2.1.2/src/core/ipv4/dhcp.c ****  * 1. Redistributions of source code must retain the above copyright notice,
  39:./lwip-2.1.2/src/core/ipv4/dhcp.c ****  *    this list of conditions and the following disclaimer.
  40:./lwip-2.1.2/src/core/ipv4/dhcp.c ****  * 2. Redistributions in binary form must reproduce the above copyright notice,
  41:./lwip-2.1.2/src/core/ipv4/dhcp.c ****  *    this list of conditions and the following disclaimer in the documentation
  42:./lwip-2.1.2/src/core/ipv4/dhcp.c ****  *    and/or other materials provided with the distribution.
  43:./lwip-2.1.2/src/core/ipv4/dhcp.c ****  * 3. The name of the author may not be used to endorse or promote products
  44:./lwip-2.1.2/src/core/ipv4/dhcp.c ****  *    derived from this software without specific prior written permission.
  45:./lwip-2.1.2/src/core/ipv4/dhcp.c ****  *
  46:./lwip-2.1.2/src/core/ipv4/dhcp.c ****  * THIS SOFTWARE IS PROVIDED BY THE AUTHOR ``AS IS'' AND ANY EXPRESS OR IMPLIED
  47:./lwip-2.1.2/src/core/ipv4/dhcp.c ****  * WARRANTIES, INCLUDING, BUT NOT LIMITED TO, THE IMPLIED WARRANTIES OF
  48:./lwip-2.1.2/src/core/ipv4/dhcp.c ****  * MERCHANTABILITY AND FITNESS FOR A PARTICULAR PURPOSE ARE DISCLAIMED. IN NO EVENT
  49:./lwip-2.1.2/src/core/ipv4/dhcp.c ****  * SHALL THE AUTHOR BE LIABLE FOR ANY DIRECT, INDIRECT, INCIDENTAL, SPECIAL,
  50:./lwip-2.1.2/src/core/ipv4/dhcp.c ****  * EXEMPLARY, OR CONSEQUENTIAL DAMAGES (INCLUDING, BUT NOT LIMITED TO, PROCUREMENT
  51:./lwip-2.1.2/src/core/ipv4/dhcp.c ****  * OF SUBSTITUTE GOODS OR SERVICES; LOSS OF USE, DATA, OR PROFITS; OR BUSINESS
  52:./lwip-2.1.2/src/core/ipv4/dhcp.c ****  * INTERRUPTION) HOWEVER CAUSED AND ON ANY THEORY OF LIABILITY, WHETHER IN
  53:./lwip-2.1.2/src/core/ipv4/dhcp.c ****  * CONTRACT, STRICT LIABILITY, OR TORT (INCLUDING NEGLIGENCE OR OTHERWISE) ARISING
  54:./lwip-2.1.2/src/core/ipv4/dhcp.c ****  * IN ANY WAY OUT OF THE USE OF THIS SOFTWARE, EVEN IF ADVISED OF THE POSSIBILITY
  55:./lwip-2.1.2/src/core/ipv4/dhcp.c ****  * OF SUCH DAMAGE.
  56:./lwip-2.1.2/src/core/ipv4/dhcp.c ****  *
  57:./lwip-2.1.2/src/core/ipv4/dhcp.c ****  * This file is part of the lwIP TCP/IP stack.
  58:./lwip-2.1.2/src/core/ipv4/dhcp.c ****  * The Swedish Institute of Computer Science and Adam Dunkels
  59:./lwip-2.1.2/src/core/ipv4/dhcp.c ****  * are specifically granted permission to redistribute this
  60:./lwip-2.1.2/src/core/ipv4/dhcp.c ****  * source code.
  61:./lwip-2.1.2/src/core/ipv4/dhcp.c ****  *
  62:./lwip-2.1.2/src/core/ipv4/dhcp.c ****  * Author: Leon Woestenberg <leon.woestenberg@gmx.net>
  63:./lwip-2.1.2/src/core/ipv4/dhcp.c ****  *
  64:./lwip-2.1.2/src/core/ipv4/dhcp.c ****  */
  65:./lwip-2.1.2/src/core/ipv4/dhcp.c **** 
  66:./lwip-2.1.2/src/core/ipv4/dhcp.c **** #include "lwip/opt.h"
  67:./lwip-2.1.2/src/core/ipv4/dhcp.c **** 
  68:./lwip-2.1.2/src/core/ipv4/dhcp.c **** #if LWIP_IPV4 && LWIP_DHCP /* don't build if not configured for use in lwipopts.h */
  69:./lwip-2.1.2/src/core/ipv4/dhcp.c **** 
  70:./lwip-2.1.2/src/core/ipv4/dhcp.c **** #include "lwip/stats.h"
  71:./lwip-2.1.2/src/core/ipv4/dhcp.c **** #include "lwip/mem.h"
  72:./lwip-2.1.2/src/core/ipv4/dhcp.c **** #include "lwip/udp.h"
  73:./lwip-2.1.2/src/core/ipv4/dhcp.c **** #include "lwip/ip_addr.h"
  74:./lwip-2.1.2/src/core/ipv4/dhcp.c **** #include "lwip/netif.h"
  75:./lwip-2.1.2/src/core/ipv4/dhcp.c **** #include "lwip/def.h"
  76:./lwip-2.1.2/src/core/ipv4/dhcp.c **** #include "lwip/dhcp.h"
  77:./lwip-2.1.2/src/core/ipv4/dhcp.c **** #include "lwip/autoip.h"
  78:./lwip-2.1.2/src/core/ipv4/dhcp.c **** #include "lwip/dns.h"
  79:./lwip-2.1.2/src/core/ipv4/dhcp.c **** #include "lwip/etharp.h"
  80:./lwip-2.1.2/src/core/ipv4/dhcp.c **** #include "lwip/prot/dhcp.h"
  81:./lwip-2.1.2/src/core/ipv4/dhcp.c **** #include "lwip/prot/iana.h"
  82:./lwip-2.1.2/src/core/ipv4/dhcp.c **** 
  83:./lwip-2.1.2/src/core/ipv4/dhcp.c **** #include <string.h>
  84:./lwip-2.1.2/src/core/ipv4/dhcp.c **** 
  85:./lwip-2.1.2/src/core/ipv4/dhcp.c **** #ifdef LWIP_HOOK_FILENAME
  86:./lwip-2.1.2/src/core/ipv4/dhcp.c **** #include LWIP_HOOK_FILENAME
  87:./lwip-2.1.2/src/core/ipv4/dhcp.c **** #endif
  88:./lwip-2.1.2/src/core/ipv4/dhcp.c **** #ifndef LWIP_HOOK_DHCP_APPEND_OPTIONS
  89:./lwip-2.1.2/src/core/ipv4/dhcp.c **** #define LWIP_HOOK_DHCP_APPEND_OPTIONS(netif, dhcp, state, msg, msg_type, options_len_ptr)
  90:./lwip-2.1.2/src/core/ipv4/dhcp.c **** #endif
  91:./lwip-2.1.2/src/core/ipv4/dhcp.c **** #ifndef LWIP_HOOK_DHCP_PARSE_OPTION
  92:./lwip-2.1.2/src/core/ipv4/dhcp.c **** #define LWIP_HOOK_DHCP_PARSE_OPTION(netif, dhcp, state, msg, msg_type, option, len, pbuf, offset) d
  93:./lwip-2.1.2/src/core/ipv4/dhcp.c **** #endif
  94:./lwip-2.1.2/src/core/ipv4/dhcp.c **** 
  95:./lwip-2.1.2/src/core/ipv4/dhcp.c **** /** DHCP_CREATE_RAND_XID: if this is set to 1, the xid is created using
  96:./lwip-2.1.2/src/core/ipv4/dhcp.c ****  * LWIP_RAND() (this overrides DHCP_GLOBAL_XID)
  97:./lwip-2.1.2/src/core/ipv4/dhcp.c ****  */
  98:./lwip-2.1.2/src/core/ipv4/dhcp.c **** #ifndef DHCP_CREATE_RAND_XID
  99:./lwip-2.1.2/src/core/ipv4/dhcp.c **** #define DHCP_CREATE_RAND_XID        1
 100:./lwip-2.1.2/src/core/ipv4/dhcp.c **** #endif
 101:./lwip-2.1.2/src/core/ipv4/dhcp.c **** 
 102:./lwip-2.1.2/src/core/ipv4/dhcp.c **** /** Default for DHCP_GLOBAL_XID is 0xABCD0000
 103:./lwip-2.1.2/src/core/ipv4/dhcp.c ****  * This can be changed by defining DHCP_GLOBAL_XID and DHCP_GLOBAL_XID_HEADER, e.g.
 104:./lwip-2.1.2/src/core/ipv4/dhcp.c ****  *  \#define DHCP_GLOBAL_XID_HEADER "stdlib.h"
 105:./lwip-2.1.2/src/core/ipv4/dhcp.c ****  *  \#define DHCP_GLOBAL_XID rand()
 106:./lwip-2.1.2/src/core/ipv4/dhcp.c ****  */
 107:./lwip-2.1.2/src/core/ipv4/dhcp.c **** #ifdef DHCP_GLOBAL_XID_HEADER
 108:./lwip-2.1.2/src/core/ipv4/dhcp.c **** #include DHCP_GLOBAL_XID_HEADER /* include optional starting XID generation prototypes */
 109:./lwip-2.1.2/src/core/ipv4/dhcp.c **** #endif
 110:./lwip-2.1.2/src/core/ipv4/dhcp.c **** 
 111:./lwip-2.1.2/src/core/ipv4/dhcp.c **** /** DHCP_OPTION_MAX_MSG_SIZE is set to the MTU
 112:./lwip-2.1.2/src/core/ipv4/dhcp.c ****  * MTU is checked to be big enough in dhcp_start */
 113:./lwip-2.1.2/src/core/ipv4/dhcp.c **** #define DHCP_MAX_MSG_LEN(netif)        (netif->mtu)
 114:./lwip-2.1.2/src/core/ipv4/dhcp.c **** #define DHCP_MAX_MSG_LEN_MIN_REQUIRED  576
 115:./lwip-2.1.2/src/core/ipv4/dhcp.c **** /** Minimum length for reply before packet is parsed */
 116:./lwip-2.1.2/src/core/ipv4/dhcp.c **** #define DHCP_MIN_REPLY_LEN             44
 117:./lwip-2.1.2/src/core/ipv4/dhcp.c **** 
 118:./lwip-2.1.2/src/core/ipv4/dhcp.c **** #define REBOOT_TRIES                2
 119:./lwip-2.1.2/src/core/ipv4/dhcp.c **** 
 120:./lwip-2.1.2/src/core/ipv4/dhcp.c **** #if LWIP_DNS && LWIP_DHCP_MAX_DNS_SERVERS
 121:./lwip-2.1.2/src/core/ipv4/dhcp.c **** #if DNS_MAX_SERVERS > LWIP_DHCP_MAX_DNS_SERVERS
 122:./lwip-2.1.2/src/core/ipv4/dhcp.c **** #define LWIP_DHCP_PROVIDE_DNS_SERVERS LWIP_DHCP_MAX_DNS_SERVERS
 123:./lwip-2.1.2/src/core/ipv4/dhcp.c **** #else
 124:./lwip-2.1.2/src/core/ipv4/dhcp.c **** #define LWIP_DHCP_PROVIDE_DNS_SERVERS DNS_MAX_SERVERS
 125:./lwip-2.1.2/src/core/ipv4/dhcp.c **** #endif
 126:./lwip-2.1.2/src/core/ipv4/dhcp.c **** #else
 127:./lwip-2.1.2/src/core/ipv4/dhcp.c **** #define LWIP_DHCP_PROVIDE_DNS_SERVERS 0
 128:./lwip-2.1.2/src/core/ipv4/dhcp.c **** #endif
 129:./lwip-2.1.2/src/core/ipv4/dhcp.c **** 
 130:./lwip-2.1.2/src/core/ipv4/dhcp.c **** /** Option handling: options are parsed in dhcp_parse_reply
 131:./lwip-2.1.2/src/core/ipv4/dhcp.c ****  * and saved in an array where other functions can load them from.
 132:./lwip-2.1.2/src/core/ipv4/dhcp.c ****  * This might be moved into the struct dhcp (not necessarily since
 133:./lwip-2.1.2/src/core/ipv4/dhcp.c ****  * lwIP is single-threaded and the array is only used while in recv
 134:./lwip-2.1.2/src/core/ipv4/dhcp.c ****  * callback). */
 135:./lwip-2.1.2/src/core/ipv4/dhcp.c **** enum dhcp_option_idx {
 136:./lwip-2.1.2/src/core/ipv4/dhcp.c ****   DHCP_OPTION_IDX_OVERLOAD = 0,
 137:./lwip-2.1.2/src/core/ipv4/dhcp.c ****   DHCP_OPTION_IDX_MSG_TYPE,
 138:./lwip-2.1.2/src/core/ipv4/dhcp.c ****   DHCP_OPTION_IDX_SERVER_ID,
 139:./lwip-2.1.2/src/core/ipv4/dhcp.c ****   DHCP_OPTION_IDX_LEASE_TIME,
 140:./lwip-2.1.2/src/core/ipv4/dhcp.c ****   DHCP_OPTION_IDX_T1,
 141:./lwip-2.1.2/src/core/ipv4/dhcp.c ****   DHCP_OPTION_IDX_T2,
 142:./lwip-2.1.2/src/core/ipv4/dhcp.c ****   DHCP_OPTION_IDX_SUBNET_MASK,
 143:./lwip-2.1.2/src/core/ipv4/dhcp.c ****   DHCP_OPTION_IDX_ROUTER,
 144:./lwip-2.1.2/src/core/ipv4/dhcp.c **** #if LWIP_DHCP_PROVIDE_DNS_SERVERS
 145:./lwip-2.1.2/src/core/ipv4/dhcp.c ****   DHCP_OPTION_IDX_DNS_SERVER,
 146:./lwip-2.1.2/src/core/ipv4/dhcp.c ****   DHCP_OPTION_IDX_DNS_SERVER_LAST = DHCP_OPTION_IDX_DNS_SERVER + LWIP_DHCP_PROVIDE_DNS_SERVERS - 1,
 147:./lwip-2.1.2/src/core/ipv4/dhcp.c **** #endif /* LWIP_DHCP_PROVIDE_DNS_SERVERS */
 148:./lwip-2.1.2/src/core/ipv4/dhcp.c **** #if LWIP_DHCP_GET_NTP_SRV
 149:./lwip-2.1.2/src/core/ipv4/dhcp.c ****   DHCP_OPTION_IDX_NTP_SERVER,
 150:./lwip-2.1.2/src/core/ipv4/dhcp.c ****   DHCP_OPTION_IDX_NTP_SERVER_LAST = DHCP_OPTION_IDX_NTP_SERVER + LWIP_DHCP_MAX_NTP_SERVERS - 1,
 151:./lwip-2.1.2/src/core/ipv4/dhcp.c **** #endif /* LWIP_DHCP_GET_NTP_SRV */
 152:./lwip-2.1.2/src/core/ipv4/dhcp.c ****   DHCP_OPTION_IDX_MAX
 153:./lwip-2.1.2/src/core/ipv4/dhcp.c **** };
 154:./lwip-2.1.2/src/core/ipv4/dhcp.c **** 
 155:./lwip-2.1.2/src/core/ipv4/dhcp.c **** /** Holds the decoded option values, only valid while in dhcp_recv.
 156:./lwip-2.1.2/src/core/ipv4/dhcp.c ****     @todo: move this into struct dhcp? */
 157:./lwip-2.1.2/src/core/ipv4/dhcp.c **** u32_t dhcp_rx_options_val[DHCP_OPTION_IDX_MAX];
 158:./lwip-2.1.2/src/core/ipv4/dhcp.c **** /** Holds a flag which option was received and is contained in dhcp_rx_options_val,
 159:./lwip-2.1.2/src/core/ipv4/dhcp.c ****     only valid while in dhcp_recv.
 160:./lwip-2.1.2/src/core/ipv4/dhcp.c ****     @todo: move this into struct dhcp? */
 161:./lwip-2.1.2/src/core/ipv4/dhcp.c **** u8_t  dhcp_rx_options_given[DHCP_OPTION_IDX_MAX];
 162:./lwip-2.1.2/src/core/ipv4/dhcp.c **** 
 163:./lwip-2.1.2/src/core/ipv4/dhcp.c **** static u8_t dhcp_discover_request_options[] = {
 164:./lwip-2.1.2/src/core/ipv4/dhcp.c ****   DHCP_OPTION_SUBNET_MASK,
 165:./lwip-2.1.2/src/core/ipv4/dhcp.c ****   DHCP_OPTION_ROUTER,
 166:./lwip-2.1.2/src/core/ipv4/dhcp.c ****   DHCP_OPTION_BROADCAST
 167:./lwip-2.1.2/src/core/ipv4/dhcp.c **** #if LWIP_DHCP_PROVIDE_DNS_SERVERS
 168:./lwip-2.1.2/src/core/ipv4/dhcp.c ****   , DHCP_OPTION_DNS_SERVER
 169:./lwip-2.1.2/src/core/ipv4/dhcp.c **** #endif /* LWIP_DHCP_PROVIDE_DNS_SERVERS */
 170:./lwip-2.1.2/src/core/ipv4/dhcp.c **** #if LWIP_DHCP_GET_NTP_SRV
 171:./lwip-2.1.2/src/core/ipv4/dhcp.c ****   , DHCP_OPTION_NTP
 172:./lwip-2.1.2/src/core/ipv4/dhcp.c **** #endif /* LWIP_DHCP_GET_NTP_SRV */
 173:./lwip-2.1.2/src/core/ipv4/dhcp.c **** };
 174:./lwip-2.1.2/src/core/ipv4/dhcp.c **** 
 175:./lwip-2.1.2/src/core/ipv4/dhcp.c **** #ifdef DHCP_GLOBAL_XID
 176:./lwip-2.1.2/src/core/ipv4/dhcp.c **** static u32_t xid;
 177:./lwip-2.1.2/src/core/ipv4/dhcp.c **** static u8_t xid_initialised;
 178:./lwip-2.1.2/src/core/ipv4/dhcp.c **** #endif /* DHCP_GLOBAL_XID */
 179:./lwip-2.1.2/src/core/ipv4/dhcp.c **** 
 180:./lwip-2.1.2/src/core/ipv4/dhcp.c **** #define dhcp_option_given(dhcp, idx)          (dhcp_rx_options_given[idx] != 0)
 181:./lwip-2.1.2/src/core/ipv4/dhcp.c **** #define dhcp_got_option(dhcp, idx)            (dhcp_rx_options_given[idx] = 1)
 182:./lwip-2.1.2/src/core/ipv4/dhcp.c **** #define dhcp_clear_option(dhcp, idx)          (dhcp_rx_options_given[idx] = 0)
 183:./lwip-2.1.2/src/core/ipv4/dhcp.c **** #define dhcp_clear_all_options(dhcp)          (memset(dhcp_rx_options_given, 0, sizeof(dhcp_rx_opti
 184:./lwip-2.1.2/src/core/ipv4/dhcp.c **** #define dhcp_get_option_value(dhcp, idx)      (dhcp_rx_options_val[idx])
 185:./lwip-2.1.2/src/core/ipv4/dhcp.c **** #define dhcp_set_option_value(dhcp, idx, val) (dhcp_rx_options_val[idx] = (val))
 186:./lwip-2.1.2/src/core/ipv4/dhcp.c **** 
 187:./lwip-2.1.2/src/core/ipv4/dhcp.c **** static struct udp_pcb *dhcp_pcb;
 188:./lwip-2.1.2/src/core/ipv4/dhcp.c **** static u8_t dhcp_pcb_refcount;
 189:./lwip-2.1.2/src/core/ipv4/dhcp.c **** 
 190:./lwip-2.1.2/src/core/ipv4/dhcp.c **** /* DHCP client state machine functions */
 191:./lwip-2.1.2/src/core/ipv4/dhcp.c **** static err_t dhcp_discover(struct netif *netif);
 192:./lwip-2.1.2/src/core/ipv4/dhcp.c **** static err_t dhcp_select(struct netif *netif);
 193:./lwip-2.1.2/src/core/ipv4/dhcp.c **** static void dhcp_bind(struct netif *netif);
 194:./lwip-2.1.2/src/core/ipv4/dhcp.c **** #if DHCP_DOES_ARP_CHECK
 195:./lwip-2.1.2/src/core/ipv4/dhcp.c **** static err_t dhcp_decline(struct netif *netif);
 196:./lwip-2.1.2/src/core/ipv4/dhcp.c **** #endif /* DHCP_DOES_ARP_CHECK */
 197:./lwip-2.1.2/src/core/ipv4/dhcp.c **** static err_t dhcp_rebind(struct netif *netif);
 198:./lwip-2.1.2/src/core/ipv4/dhcp.c **** static err_t dhcp_reboot(struct netif *netif);
 199:./lwip-2.1.2/src/core/ipv4/dhcp.c **** static void dhcp_set_state(struct dhcp *dhcp, u8_t new_state);
 200:./lwip-2.1.2/src/core/ipv4/dhcp.c **** 
 201:./lwip-2.1.2/src/core/ipv4/dhcp.c **** /* receive, unfold, parse and free incoming messages */
 202:./lwip-2.1.2/src/core/ipv4/dhcp.c **** static void dhcp_recv(void *arg, struct udp_pcb *pcb, struct pbuf *p, const ip_addr_t *addr, u16_t 
 203:./lwip-2.1.2/src/core/ipv4/dhcp.c **** 
 204:./lwip-2.1.2/src/core/ipv4/dhcp.c **** /* set the DHCP timers */
 205:./lwip-2.1.2/src/core/ipv4/dhcp.c **** static void dhcp_timeout(struct netif *netif);
 206:./lwip-2.1.2/src/core/ipv4/dhcp.c **** static void dhcp_t1_timeout(struct netif *netif);
 207:./lwip-2.1.2/src/core/ipv4/dhcp.c **** static void dhcp_t2_timeout(struct netif *netif);
 208:./lwip-2.1.2/src/core/ipv4/dhcp.c **** 
 209:./lwip-2.1.2/src/core/ipv4/dhcp.c **** /* build outgoing messages */
 210:./lwip-2.1.2/src/core/ipv4/dhcp.c **** /* create a DHCP message, fill in common headers */
 211:./lwip-2.1.2/src/core/ipv4/dhcp.c **** static struct pbuf *dhcp_create_msg(struct netif *netif, struct dhcp *dhcp, u8_t message_type, u16_
 212:./lwip-2.1.2/src/core/ipv4/dhcp.c **** /* add a DHCP option (type, then length in bytes) */
 213:./lwip-2.1.2/src/core/ipv4/dhcp.c **** static u16_t dhcp_option(u16_t options_out_len, u8_t *options, u8_t option_type, u8_t option_len);
 214:./lwip-2.1.2/src/core/ipv4/dhcp.c **** /* add option values */
 215:./lwip-2.1.2/src/core/ipv4/dhcp.c **** static u16_t dhcp_option_byte(u16_t options_out_len, u8_t *options, u8_t value);
 216:./lwip-2.1.2/src/core/ipv4/dhcp.c **** static u16_t dhcp_option_short(u16_t options_out_len, u8_t *options, u16_t value);
 217:./lwip-2.1.2/src/core/ipv4/dhcp.c **** static u16_t dhcp_option_long(u16_t options_out_len, u8_t *options, u32_t value);
 218:./lwip-2.1.2/src/core/ipv4/dhcp.c **** #if LWIP_NETIF_HOSTNAME
 219:./lwip-2.1.2/src/core/ipv4/dhcp.c **** static u16_t dhcp_option_hostname(u16_t options_out_len, u8_t *options, struct netif *netif);
 220:./lwip-2.1.2/src/core/ipv4/dhcp.c **** #endif /* LWIP_NETIF_HOSTNAME */
 221:./lwip-2.1.2/src/core/ipv4/dhcp.c **** /* always add the DHCP options trailer to end and pad */
 222:./lwip-2.1.2/src/core/ipv4/dhcp.c **** static void dhcp_option_trailer(u16_t options_out_len, u8_t *options, struct pbuf *p_out);
 223:./lwip-2.1.2/src/core/ipv4/dhcp.c **** 
 224:./lwip-2.1.2/src/core/ipv4/dhcp.c **** /** Ensure DHCP PCB is allocated and bound */
 225:./lwip-2.1.2/src/core/ipv4/dhcp.c **** static err_t
 226:./lwip-2.1.2/src/core/ipv4/dhcp.c **** dhcp_inc_pcb_refcount(void)
 227:./lwip-2.1.2/src/core/ipv4/dhcp.c **** {
 228:./lwip-2.1.2/src/core/ipv4/dhcp.c ****   if (dhcp_pcb_refcount == 0) {
 229:./lwip-2.1.2/src/core/ipv4/dhcp.c ****     LWIP_ASSERT("dhcp_inc_pcb_refcount(): memory leak", dhcp_pcb == NULL);
 230:./lwip-2.1.2/src/core/ipv4/dhcp.c **** 
 231:./lwip-2.1.2/src/core/ipv4/dhcp.c ****     /* allocate UDP PCB */
 232:./lwip-2.1.2/src/core/ipv4/dhcp.c ****     dhcp_pcb = udp_new();
 233:./lwip-2.1.2/src/core/ipv4/dhcp.c **** 
 234:./lwip-2.1.2/src/core/ipv4/dhcp.c ****     if (dhcp_pcb == NULL) {
 235:./lwip-2.1.2/src/core/ipv4/dhcp.c ****       return ERR_MEM;
 236:./lwip-2.1.2/src/core/ipv4/dhcp.c ****     }
 237:./lwip-2.1.2/src/core/ipv4/dhcp.c **** 
 238:./lwip-2.1.2/src/core/ipv4/dhcp.c ****     ip_set_option(dhcp_pcb, SOF_BROADCAST);
 239:./lwip-2.1.2/src/core/ipv4/dhcp.c **** 
 240:./lwip-2.1.2/src/core/ipv4/dhcp.c ****     /* set up local and remote port for the pcb -> listen on all interfaces on all src/dest IPs */
 241:./lwip-2.1.2/src/core/ipv4/dhcp.c ****     udp_bind(dhcp_pcb, IP4_ADDR_ANY, LWIP_IANA_PORT_DHCP_CLIENT);
 242:./lwip-2.1.2/src/core/ipv4/dhcp.c ****     udp_connect(dhcp_pcb, IP4_ADDR_ANY, LWIP_IANA_PORT_DHCP_SERVER);
 243:./lwip-2.1.2/src/core/ipv4/dhcp.c ****     udp_recv(dhcp_pcb, dhcp_recv, NULL);
 244:./lwip-2.1.2/src/core/ipv4/dhcp.c ****   }
 245:./lwip-2.1.2/src/core/ipv4/dhcp.c **** 
 246:./lwip-2.1.2/src/core/ipv4/dhcp.c ****   dhcp_pcb_refcount++;
 247:./lwip-2.1.2/src/core/ipv4/dhcp.c **** 
 248:./lwip-2.1.2/src/core/ipv4/dhcp.c ****   return ERR_OK;
 249:./lwip-2.1.2/src/core/ipv4/dhcp.c **** }
 250:./lwip-2.1.2/src/core/ipv4/dhcp.c **** 
 251:./lwip-2.1.2/src/core/ipv4/dhcp.c **** /** Free DHCP PCB if the last netif stops using it */
 252:./lwip-2.1.2/src/core/ipv4/dhcp.c **** static void
 253:./lwip-2.1.2/src/core/ipv4/dhcp.c **** dhcp_dec_pcb_refcount(void)
 254:./lwip-2.1.2/src/core/ipv4/dhcp.c **** {
 255:./lwip-2.1.2/src/core/ipv4/dhcp.c ****   LWIP_ASSERT("dhcp_pcb_refcount(): refcount error", (dhcp_pcb_refcount > 0));
 256:./lwip-2.1.2/src/core/ipv4/dhcp.c ****   dhcp_pcb_refcount--;
 257:./lwip-2.1.2/src/core/ipv4/dhcp.c **** 
 258:./lwip-2.1.2/src/core/ipv4/dhcp.c ****   if (dhcp_pcb_refcount == 0) {
 259:./lwip-2.1.2/src/core/ipv4/dhcp.c ****     udp_remove(dhcp_pcb);
 260:./lwip-2.1.2/src/core/ipv4/dhcp.c ****     dhcp_pcb = NULL;
 261:./lwip-2.1.2/src/core/ipv4/dhcp.c ****   }
 262:./lwip-2.1.2/src/core/ipv4/dhcp.c **** }
 263:./lwip-2.1.2/src/core/ipv4/dhcp.c **** 
 264:./lwip-2.1.2/src/core/ipv4/dhcp.c **** /**
 265:./lwip-2.1.2/src/core/ipv4/dhcp.c ****  * Back-off the DHCP client (because of a received NAK response).
 266:./lwip-2.1.2/src/core/ipv4/dhcp.c ****  *
 267:./lwip-2.1.2/src/core/ipv4/dhcp.c ****  * Back-off the DHCP client because of a received NAK. Receiving a
 268:./lwip-2.1.2/src/core/ipv4/dhcp.c ****  * NAK means the client asked for something non-sensible, for
 269:./lwip-2.1.2/src/core/ipv4/dhcp.c ****  * example when it tries to renew a lease obtained on another network.
 270:./lwip-2.1.2/src/core/ipv4/dhcp.c ****  *
 271:./lwip-2.1.2/src/core/ipv4/dhcp.c ****  * We clear any existing set IP address and restart DHCP negotiation
 272:./lwip-2.1.2/src/core/ipv4/dhcp.c ****  * afresh (as per RFC2131 3.2.3).
 273:./lwip-2.1.2/src/core/ipv4/dhcp.c ****  *
 274:./lwip-2.1.2/src/core/ipv4/dhcp.c ****  * @param netif the netif under DHCP control
 275:./lwip-2.1.2/src/core/ipv4/dhcp.c ****  */
 276:./lwip-2.1.2/src/core/ipv4/dhcp.c **** static void
 277:./lwip-2.1.2/src/core/ipv4/dhcp.c **** dhcp_handle_nak(struct netif *netif)
 278:./lwip-2.1.2/src/core/ipv4/dhcp.c **** {
 279:./lwip-2.1.2/src/core/ipv4/dhcp.c ****   struct dhcp *dhcp = netif_dhcp_data(netif);
 280:./lwip-2.1.2/src/core/ipv4/dhcp.c **** 
 281:./lwip-2.1.2/src/core/ipv4/dhcp.c ****   LWIP_DEBUGF(DHCP_DEBUG | LWIP_DBG_TRACE, ("dhcp_handle_nak(netif=%p) %c%c%"U16_F"\n",
 282:./lwip-2.1.2/src/core/ipv4/dhcp.c ****               (void *)netif, netif->name[0], netif->name[1], (u16_t)netif->num));
 283:./lwip-2.1.2/src/core/ipv4/dhcp.c ****   /* Change to a defined state - set this before assigning the address
 284:./lwip-2.1.2/src/core/ipv4/dhcp.c ****      to ensure the callback can use dhcp_supplied_address() */
 285:./lwip-2.1.2/src/core/ipv4/dhcp.c ****   dhcp_set_state(dhcp, DHCP_STATE_BACKING_OFF);
 286:./lwip-2.1.2/src/core/ipv4/dhcp.c ****   /* remove IP address from interface (must no longer be used, as per RFC2131) */
 287:./lwip-2.1.2/src/core/ipv4/dhcp.c ****   netif_set_addr(netif, IP4_ADDR_ANY4, IP4_ADDR_ANY4, IP4_ADDR_ANY4);
 288:./lwip-2.1.2/src/core/ipv4/dhcp.c ****   /* We can immediately restart discovery */
 289:./lwip-2.1.2/src/core/ipv4/dhcp.c ****   dhcp_discover(netif);
 290:./lwip-2.1.2/src/core/ipv4/dhcp.c **** }
 291:./lwip-2.1.2/src/core/ipv4/dhcp.c **** 
 292:./lwip-2.1.2/src/core/ipv4/dhcp.c **** #if DHCP_DOES_ARP_CHECK
 293:./lwip-2.1.2/src/core/ipv4/dhcp.c **** /**
 294:./lwip-2.1.2/src/core/ipv4/dhcp.c ****  * Checks if the offered IP address is already in use.
 295:./lwip-2.1.2/src/core/ipv4/dhcp.c ****  *
 296:./lwip-2.1.2/src/core/ipv4/dhcp.c ****  * It does so by sending an ARP request for the offered address and
 297:./lwip-2.1.2/src/core/ipv4/dhcp.c ****  * entering CHECKING state. If no ARP reply is received within a small
 298:./lwip-2.1.2/src/core/ipv4/dhcp.c ****  * interval, the address is assumed to be free for use by us.
 299:./lwip-2.1.2/src/core/ipv4/dhcp.c ****  *
 300:./lwip-2.1.2/src/core/ipv4/dhcp.c ****  * @param netif the netif under DHCP control
 301:./lwip-2.1.2/src/core/ipv4/dhcp.c ****  */
 302:./lwip-2.1.2/src/core/ipv4/dhcp.c **** static void
 303:./lwip-2.1.2/src/core/ipv4/dhcp.c **** dhcp_check(struct netif *netif)
 304:./lwip-2.1.2/src/core/ipv4/dhcp.c **** {
 305:./lwip-2.1.2/src/core/ipv4/dhcp.c ****   struct dhcp *dhcp = netif_dhcp_data(netif);
 306:./lwip-2.1.2/src/core/ipv4/dhcp.c ****   err_t result;
 307:./lwip-2.1.2/src/core/ipv4/dhcp.c ****   u16_t msecs;
 308:./lwip-2.1.2/src/core/ipv4/dhcp.c ****   LWIP_DEBUGF(DHCP_DEBUG | LWIP_DBG_TRACE, ("dhcp_check(netif=%p) %c%c\n", (void *)netif, (s16_t)ne
 309:./lwip-2.1.2/src/core/ipv4/dhcp.c ****               (s16_t)netif->name[1]));
 310:./lwip-2.1.2/src/core/ipv4/dhcp.c ****   dhcp_set_state(dhcp, DHCP_STATE_CHECKING);
 311:./lwip-2.1.2/src/core/ipv4/dhcp.c ****   /* create an ARP query for the offered IP address, expecting that no host
 312:./lwip-2.1.2/src/core/ipv4/dhcp.c ****      responds, as the IP address should not be in use. */
 313:./lwip-2.1.2/src/core/ipv4/dhcp.c ****   result = etharp_query(netif, &dhcp->offered_ip_addr, NULL);
 314:./lwip-2.1.2/src/core/ipv4/dhcp.c ****   if (result != ERR_OK) {
 315:./lwip-2.1.2/src/core/ipv4/dhcp.c ****     LWIP_DEBUGF(DHCP_DEBUG | LWIP_DBG_TRACE | LWIP_DBG_LEVEL_WARNING, ("dhcp_check: could not perfo
 316:./lwip-2.1.2/src/core/ipv4/dhcp.c ****   }
 317:./lwip-2.1.2/src/core/ipv4/dhcp.c ****   if (dhcp->tries < 255) {
 318:./lwip-2.1.2/src/core/ipv4/dhcp.c ****     dhcp->tries++;
 319:./lwip-2.1.2/src/core/ipv4/dhcp.c ****   }
 320:./lwip-2.1.2/src/core/ipv4/dhcp.c ****   msecs = 500;
 321:./lwip-2.1.2/src/core/ipv4/dhcp.c ****   dhcp->request_timeout = (u16_t)((msecs + DHCP_FINE_TIMER_MSECS - 1) / DHCP_FINE_TIMER_MSECS);
 322:./lwip-2.1.2/src/core/ipv4/dhcp.c ****   LWIP_DEBUGF(DHCP_DEBUG | LWIP_DBG_TRACE | LWIP_DBG_STATE, ("dhcp_check(): set request timeout %"U
 323:./lwip-2.1.2/src/core/ipv4/dhcp.c **** }
 324:./lwip-2.1.2/src/core/ipv4/dhcp.c **** #endif /* DHCP_DOES_ARP_CHECK */
 325:./lwip-2.1.2/src/core/ipv4/dhcp.c **** 
 326:./lwip-2.1.2/src/core/ipv4/dhcp.c **** /**
 327:./lwip-2.1.2/src/core/ipv4/dhcp.c ****  * Remember the configuration offered by a DHCP server.
 328:./lwip-2.1.2/src/core/ipv4/dhcp.c ****  *
 329:./lwip-2.1.2/src/core/ipv4/dhcp.c ****  * @param netif the netif under DHCP control
 330:./lwip-2.1.2/src/core/ipv4/dhcp.c ****  */
 331:./lwip-2.1.2/src/core/ipv4/dhcp.c **** static void
 332:./lwip-2.1.2/src/core/ipv4/dhcp.c **** dhcp_handle_offer(struct netif *netif, struct dhcp_msg *msg_in)
 333:./lwip-2.1.2/src/core/ipv4/dhcp.c **** {
 334:./lwip-2.1.2/src/core/ipv4/dhcp.c ****   struct dhcp *dhcp = netif_dhcp_data(netif);
 335:./lwip-2.1.2/src/core/ipv4/dhcp.c **** 
 336:./lwip-2.1.2/src/core/ipv4/dhcp.c ****   LWIP_DEBUGF(DHCP_DEBUG | LWIP_DBG_TRACE, ("dhcp_handle_offer(netif=%p) %c%c%"U16_F"\n",
 337:./lwip-2.1.2/src/core/ipv4/dhcp.c ****               (void *)netif, netif->name[0], netif->name[1], (u16_t)netif->num));
 338:./lwip-2.1.2/src/core/ipv4/dhcp.c ****   /* obtain the server address */
 339:./lwip-2.1.2/src/core/ipv4/dhcp.c ****   if (dhcp_option_given(dhcp, DHCP_OPTION_IDX_SERVER_ID)) {
 340:./lwip-2.1.2/src/core/ipv4/dhcp.c ****     dhcp->request_timeout = 0; /* stop timer */
 341:./lwip-2.1.2/src/core/ipv4/dhcp.c **** 
 342:./lwip-2.1.2/src/core/ipv4/dhcp.c ****     ip_addr_set_ip4_u32(&dhcp->server_ip_addr, lwip_htonl(dhcp_get_option_value(dhcp, DHCP_OPTION_I
 343:./lwip-2.1.2/src/core/ipv4/dhcp.c ****     LWIP_DEBUGF(DHCP_DEBUG | LWIP_DBG_STATE, ("dhcp_handle_offer(): server 0x%08"X32_F"\n",
 344:./lwip-2.1.2/src/core/ipv4/dhcp.c ****                 ip4_addr_get_u32(ip_2_ip4(&dhcp->server_ip_addr))));
 345:./lwip-2.1.2/src/core/ipv4/dhcp.c ****     /* remember offered address */
 346:./lwip-2.1.2/src/core/ipv4/dhcp.c ****     ip4_addr_copy(dhcp->offered_ip_addr, msg_in->yiaddr);
 347:./lwip-2.1.2/src/core/ipv4/dhcp.c ****     LWIP_DEBUGF(DHCP_DEBUG | LWIP_DBG_STATE, ("dhcp_handle_offer(): offer for 0x%08"X32_F"\n",
 348:./lwip-2.1.2/src/core/ipv4/dhcp.c ****                 ip4_addr_get_u32(&dhcp->offered_ip_addr)));
 349:./lwip-2.1.2/src/core/ipv4/dhcp.c **** 
 350:./lwip-2.1.2/src/core/ipv4/dhcp.c ****     dhcp_select(netif);
 351:./lwip-2.1.2/src/core/ipv4/dhcp.c ****   } else {
 352:./lwip-2.1.2/src/core/ipv4/dhcp.c ****     LWIP_DEBUGF(DHCP_DEBUG | LWIP_DBG_TRACE | LWIP_DBG_LEVEL_SERIOUS,
 353:./lwip-2.1.2/src/core/ipv4/dhcp.c ****                 ("dhcp_handle_offer(netif=%p) did not get server ID!\n", (void *)netif));
 354:./lwip-2.1.2/src/core/ipv4/dhcp.c ****   }
 355:./lwip-2.1.2/src/core/ipv4/dhcp.c **** }
 356:./lwip-2.1.2/src/core/ipv4/dhcp.c **** 
 357:./lwip-2.1.2/src/core/ipv4/dhcp.c **** /**
 358:./lwip-2.1.2/src/core/ipv4/dhcp.c ****  * Select a DHCP server offer out of all offers.
 359:./lwip-2.1.2/src/core/ipv4/dhcp.c ****  *
 360:./lwip-2.1.2/src/core/ipv4/dhcp.c ****  * Simply select the first offer received.
 361:./lwip-2.1.2/src/core/ipv4/dhcp.c ****  *
 362:./lwip-2.1.2/src/core/ipv4/dhcp.c ****  * @param netif the netif under DHCP control
 363:./lwip-2.1.2/src/core/ipv4/dhcp.c ****  * @return lwIP specific error (see error.h)
 364:./lwip-2.1.2/src/core/ipv4/dhcp.c ****  */
 365:./lwip-2.1.2/src/core/ipv4/dhcp.c **** static err_t
 366:./lwip-2.1.2/src/core/ipv4/dhcp.c **** dhcp_select(struct netif *netif)
 367:./lwip-2.1.2/src/core/ipv4/dhcp.c **** {
 368:./lwip-2.1.2/src/core/ipv4/dhcp.c ****   struct dhcp *dhcp;
 369:./lwip-2.1.2/src/core/ipv4/dhcp.c ****   err_t result;
 370:./lwip-2.1.2/src/core/ipv4/dhcp.c ****   u16_t msecs;
 371:./lwip-2.1.2/src/core/ipv4/dhcp.c ****   u8_t i;
 372:./lwip-2.1.2/src/core/ipv4/dhcp.c ****   struct pbuf *p_out;
 373:./lwip-2.1.2/src/core/ipv4/dhcp.c ****   u16_t options_out_len;
 374:./lwip-2.1.2/src/core/ipv4/dhcp.c **** 
 375:./lwip-2.1.2/src/core/ipv4/dhcp.c ****   LWIP_ERROR("dhcp_select: netif != NULL", (netif != NULL), return ERR_ARG;);
 376:./lwip-2.1.2/src/core/ipv4/dhcp.c ****   dhcp = netif_dhcp_data(netif);
 377:./lwip-2.1.2/src/core/ipv4/dhcp.c ****   LWIP_ERROR("dhcp_select: dhcp != NULL", (dhcp != NULL), return ERR_VAL;);
 378:./lwip-2.1.2/src/core/ipv4/dhcp.c **** 
 379:./lwip-2.1.2/src/core/ipv4/dhcp.c ****   LWIP_DEBUGF(DHCP_DEBUG | LWIP_DBG_TRACE, ("dhcp_select(netif=%p) %c%c%"U16_F"\n", (void *)netif, 
 380:./lwip-2.1.2/src/core/ipv4/dhcp.c ****   dhcp_set_state(dhcp, DHCP_STATE_REQUESTING);
 381:./lwip-2.1.2/src/core/ipv4/dhcp.c **** 
 382:./lwip-2.1.2/src/core/ipv4/dhcp.c ****   /* create and initialize the DHCP message header */
 383:./lwip-2.1.2/src/core/ipv4/dhcp.c ****   p_out = dhcp_create_msg(netif, dhcp, DHCP_REQUEST, &options_out_len);
 384:./lwip-2.1.2/src/core/ipv4/dhcp.c ****   if (p_out != NULL) {
 385:./lwip-2.1.2/src/core/ipv4/dhcp.c ****     struct dhcp_msg *msg_out = (struct dhcp_msg *)p_out->payload;
 386:./lwip-2.1.2/src/core/ipv4/dhcp.c ****     options_out_len = dhcp_option(options_out_len, msg_out->options, DHCP_OPTION_MAX_MSG_SIZE, DHCP
 387:./lwip-2.1.2/src/core/ipv4/dhcp.c ****     options_out_len = dhcp_option_short(options_out_len, msg_out->options, DHCP_MAX_MSG_LEN(netif))
 388:./lwip-2.1.2/src/core/ipv4/dhcp.c **** 
 389:./lwip-2.1.2/src/core/ipv4/dhcp.c ****     /* MUST request the offered IP address */
 390:./lwip-2.1.2/src/core/ipv4/dhcp.c ****     options_out_len = dhcp_option(options_out_len, msg_out->options, DHCP_OPTION_REQUESTED_IP, 4);
 391:./lwip-2.1.2/src/core/ipv4/dhcp.c ****     options_out_len = dhcp_option_long(options_out_len, msg_out->options, lwip_ntohl(ip4_addr_get_u
 392:./lwip-2.1.2/src/core/ipv4/dhcp.c **** 
 393:./lwip-2.1.2/src/core/ipv4/dhcp.c ****     options_out_len = dhcp_option(options_out_len, msg_out->options, DHCP_OPTION_SERVER_ID, 4);
 394:./lwip-2.1.2/src/core/ipv4/dhcp.c ****     options_out_len = dhcp_option_long(options_out_len, msg_out->options, lwip_ntohl(ip4_addr_get_u
 395:./lwip-2.1.2/src/core/ipv4/dhcp.c **** 
 396:./lwip-2.1.2/src/core/ipv4/dhcp.c ****     options_out_len = dhcp_option(options_out_len, msg_out->options, DHCP_OPTION_PARAMETER_REQUEST_
 397:./lwip-2.1.2/src/core/ipv4/dhcp.c ****     for (i = 0; i < LWIP_ARRAYSIZE(dhcp_discover_request_options); i++) {
 398:./lwip-2.1.2/src/core/ipv4/dhcp.c ****       options_out_len = dhcp_option_byte(options_out_len, msg_out->options, dhcp_discover_request_o
 399:./lwip-2.1.2/src/core/ipv4/dhcp.c ****     }
 400:./lwip-2.1.2/src/core/ipv4/dhcp.c **** 
 401:./lwip-2.1.2/src/core/ipv4/dhcp.c **** #if LWIP_NETIF_HOSTNAME
 402:./lwip-2.1.2/src/core/ipv4/dhcp.c ****     options_out_len = dhcp_option_hostname(options_out_len, msg_out->options, netif);
 403:./lwip-2.1.2/src/core/ipv4/dhcp.c **** #endif /* LWIP_NETIF_HOSTNAME */
 404:./lwip-2.1.2/src/core/ipv4/dhcp.c **** 
 405:./lwip-2.1.2/src/core/ipv4/dhcp.c ****     LWIP_HOOK_DHCP_APPEND_OPTIONS(netif, dhcp, DHCP_STATE_REQUESTING, msg_out, DHCP_REQUEST, &optio
 406:./lwip-2.1.2/src/core/ipv4/dhcp.c ****     dhcp_option_trailer(options_out_len, msg_out->options, p_out);
 407:./lwip-2.1.2/src/core/ipv4/dhcp.c **** 
 408:./lwip-2.1.2/src/core/ipv4/dhcp.c ****     /* send broadcast to any DHCP server */
 409:./lwip-2.1.2/src/core/ipv4/dhcp.c ****     result = udp_sendto_if_src(dhcp_pcb, p_out, IP_ADDR_BROADCAST, LWIP_IANA_PORT_DHCP_SERVER, neti
 410:./lwip-2.1.2/src/core/ipv4/dhcp.c ****     pbuf_free(p_out);
 411:./lwip-2.1.2/src/core/ipv4/dhcp.c ****     LWIP_DEBUGF(DHCP_DEBUG | LWIP_DBG_TRACE | LWIP_DBG_STATE, ("dhcp_select: REQUESTING\n"));
 412:./lwip-2.1.2/src/core/ipv4/dhcp.c ****   } else {
 413:./lwip-2.1.2/src/core/ipv4/dhcp.c ****     LWIP_DEBUGF(DHCP_DEBUG | LWIP_DBG_TRACE | LWIP_DBG_LEVEL_WARNING, ("dhcp_select: could not allo
 414:./lwip-2.1.2/src/core/ipv4/dhcp.c ****     result = ERR_MEM;
 415:./lwip-2.1.2/src/core/ipv4/dhcp.c ****   }
 416:./lwip-2.1.2/src/core/ipv4/dhcp.c ****   if (dhcp->tries < 255) {
 417:./lwip-2.1.2/src/core/ipv4/dhcp.c ****     dhcp->tries++;
 418:./lwip-2.1.2/src/core/ipv4/dhcp.c ****   }
 419:./lwip-2.1.2/src/core/ipv4/dhcp.c ****   msecs = (u16_t)((dhcp->tries < 6 ? 1 << dhcp->tries : 60) * 1000);
 420:./lwip-2.1.2/src/core/ipv4/dhcp.c ****   dhcp->request_timeout = (u16_t)((msecs + DHCP_FINE_TIMER_MSECS - 1) / DHCP_FINE_TIMER_MSECS);
 421:./lwip-2.1.2/src/core/ipv4/dhcp.c ****   LWIP_DEBUGF(DHCP_DEBUG | LWIP_DBG_STATE, ("dhcp_select(): set request timeout %"U16_F" msecs\n", 
 422:./lwip-2.1.2/src/core/ipv4/dhcp.c ****   return result;
 423:./lwip-2.1.2/src/core/ipv4/dhcp.c **** }
 424:./lwip-2.1.2/src/core/ipv4/dhcp.c **** 
 425:./lwip-2.1.2/src/core/ipv4/dhcp.c **** /**
 426:./lwip-2.1.2/src/core/ipv4/dhcp.c ****  * The DHCP timer that checks for lease renewal/rebind timeouts.
 427:./lwip-2.1.2/src/core/ipv4/dhcp.c ****  * Must be called once a minute (see @ref DHCP_COARSE_TIMER_SECS).
 428:./lwip-2.1.2/src/core/ipv4/dhcp.c ****  */
 429:./lwip-2.1.2/src/core/ipv4/dhcp.c **** void
 430:./lwip-2.1.2/src/core/ipv4/dhcp.c **** dhcp_coarse_tmr(void)
 431:./lwip-2.1.2/src/core/ipv4/dhcp.c **** {
 432:./lwip-2.1.2/src/core/ipv4/dhcp.c ****   struct netif *netif;
 433:./lwip-2.1.2/src/core/ipv4/dhcp.c ****   LWIP_DEBUGF(DHCP_DEBUG | LWIP_DBG_TRACE, ("dhcp_coarse_tmr()\n"));
 434:./lwip-2.1.2/src/core/ipv4/dhcp.c ****   /* iterate through all network interfaces */
 435:./lwip-2.1.2/src/core/ipv4/dhcp.c ****   NETIF_FOREACH(netif) {
 436:./lwip-2.1.2/src/core/ipv4/dhcp.c ****     /* only act on DHCP configured interfaces */
 437:./lwip-2.1.2/src/core/ipv4/dhcp.c ****     struct dhcp *dhcp = netif_dhcp_data(netif);
 438:./lwip-2.1.2/src/core/ipv4/dhcp.c ****     if ((dhcp != NULL) && (dhcp->state != DHCP_STATE_OFF)) {
 439:./lwip-2.1.2/src/core/ipv4/dhcp.c ****       /* compare lease time to expire timeout */
 440:./lwip-2.1.2/src/core/ipv4/dhcp.c ****       if (dhcp->t0_timeout && (++dhcp->lease_used == dhcp->t0_timeout)) {
 441:./lwip-2.1.2/src/core/ipv4/dhcp.c ****         LWIP_DEBUGF(DHCP_DEBUG | LWIP_DBG_TRACE | LWIP_DBG_STATE, ("dhcp_coarse_tmr(): t0 timeout\n
 442:./lwip-2.1.2/src/core/ipv4/dhcp.c ****         /* this clients' lease time has expired */
 443:./lwip-2.1.2/src/core/ipv4/dhcp.c ****         dhcp_release_and_stop(netif);
 444:./lwip-2.1.2/src/core/ipv4/dhcp.c ****         dhcp_start(netif);
 445:./lwip-2.1.2/src/core/ipv4/dhcp.c ****         /* timer is active (non zero), and triggers (zeroes) now? */
 446:./lwip-2.1.2/src/core/ipv4/dhcp.c ****       } else if (dhcp->t2_rebind_time && (dhcp->t2_rebind_time-- == 1)) {
 447:./lwip-2.1.2/src/core/ipv4/dhcp.c ****         LWIP_DEBUGF(DHCP_DEBUG | LWIP_DBG_TRACE | LWIP_DBG_STATE, ("dhcp_coarse_tmr(): t2 timeout\n
 448:./lwip-2.1.2/src/core/ipv4/dhcp.c ****         /* this clients' rebind timeout triggered */
 449:./lwip-2.1.2/src/core/ipv4/dhcp.c ****         dhcp_t2_timeout(netif);
 450:./lwip-2.1.2/src/core/ipv4/dhcp.c ****         /* timer is active (non zero), and triggers (zeroes) now */
 451:./lwip-2.1.2/src/core/ipv4/dhcp.c ****       } else if (dhcp->t1_renew_time && (dhcp->t1_renew_time-- == 1)) {
 452:./lwip-2.1.2/src/core/ipv4/dhcp.c ****         LWIP_DEBUGF(DHCP_DEBUG | LWIP_DBG_TRACE | LWIP_DBG_STATE, ("dhcp_coarse_tmr(): t1 timeout\n
 453:./lwip-2.1.2/src/core/ipv4/dhcp.c ****         /* this clients' renewal timeout triggered */
 454:./lwip-2.1.2/src/core/ipv4/dhcp.c ****         dhcp_t1_timeout(netif);
 455:./lwip-2.1.2/src/core/ipv4/dhcp.c ****       }
 456:./lwip-2.1.2/src/core/ipv4/dhcp.c ****     }
 457:./lwip-2.1.2/src/core/ipv4/dhcp.c ****   }
 458:./lwip-2.1.2/src/core/ipv4/dhcp.c **** }
 459:./lwip-2.1.2/src/core/ipv4/dhcp.c **** 
 460:./lwip-2.1.2/src/core/ipv4/dhcp.c **** /**
 461:./lwip-2.1.2/src/core/ipv4/dhcp.c ****  * DHCP transaction timeout handling (this function must be called every 500ms,
 462:./lwip-2.1.2/src/core/ipv4/dhcp.c ****  * see @ref DHCP_FINE_TIMER_MSECS).
 463:./lwip-2.1.2/src/core/ipv4/dhcp.c ****  *
 464:./lwip-2.1.2/src/core/ipv4/dhcp.c ****  * A DHCP server is expected to respond within a short period of time.
 465:./lwip-2.1.2/src/core/ipv4/dhcp.c ****  * This timer checks whether an outstanding DHCP request is timed out.
 466:./lwip-2.1.2/src/core/ipv4/dhcp.c ****  */
 467:./lwip-2.1.2/src/core/ipv4/dhcp.c **** void
 468:./lwip-2.1.2/src/core/ipv4/dhcp.c **** dhcp_fine_tmr(void)
 469:./lwip-2.1.2/src/core/ipv4/dhcp.c **** {
 470:./lwip-2.1.2/src/core/ipv4/dhcp.c ****   struct netif *netif;
 471:./lwip-2.1.2/src/core/ipv4/dhcp.c ****   /* loop through netif's */
 472:./lwip-2.1.2/src/core/ipv4/dhcp.c ****   NETIF_FOREACH(netif) {
 473:./lwip-2.1.2/src/core/ipv4/dhcp.c ****     struct dhcp *dhcp = netif_dhcp_data(netif);
 474:./lwip-2.1.2/src/core/ipv4/dhcp.c ****     /* only act on DHCP configured interfaces */
 475:./lwip-2.1.2/src/core/ipv4/dhcp.c ****     if (dhcp != NULL) {
 476:./lwip-2.1.2/src/core/ipv4/dhcp.c ****       /* timer is active (non zero), and is about to trigger now */
 477:./lwip-2.1.2/src/core/ipv4/dhcp.c ****       if (dhcp->request_timeout > 1) {
 478:./lwip-2.1.2/src/core/ipv4/dhcp.c ****         dhcp->request_timeout--;
 479:./lwip-2.1.2/src/core/ipv4/dhcp.c ****       } else if (dhcp->request_timeout == 1) {
 480:./lwip-2.1.2/src/core/ipv4/dhcp.c ****         dhcp->request_timeout--;
 481:./lwip-2.1.2/src/core/ipv4/dhcp.c ****         /* { dhcp->request_timeout == 0 } */
 482:./lwip-2.1.2/src/core/ipv4/dhcp.c ****         LWIP_DEBUGF(DHCP_DEBUG | LWIP_DBG_TRACE | LWIP_DBG_STATE, ("dhcp_fine_tmr(): request timeou
 483:./lwip-2.1.2/src/core/ipv4/dhcp.c ****         /* this client's request timeout triggered */
 484:./lwip-2.1.2/src/core/ipv4/dhcp.c ****         dhcp_timeout(netif);
 485:./lwip-2.1.2/src/core/ipv4/dhcp.c ****       }
 486:./lwip-2.1.2/src/core/ipv4/dhcp.c ****     }
 487:./lwip-2.1.2/src/core/ipv4/dhcp.c ****   }
 488:./lwip-2.1.2/src/core/ipv4/dhcp.c **** }
 489:./lwip-2.1.2/src/core/ipv4/dhcp.c **** 
 490:./lwip-2.1.2/src/core/ipv4/dhcp.c **** /**
 491:./lwip-2.1.2/src/core/ipv4/dhcp.c ****  * A DHCP negotiation transaction, or ARP request, has timed out.
 492:./lwip-2.1.2/src/core/ipv4/dhcp.c ****  *
 493:./lwip-2.1.2/src/core/ipv4/dhcp.c ****  * The timer that was started with the DHCP or ARP request has
 494:./lwip-2.1.2/src/core/ipv4/dhcp.c ****  * timed out, indicating no response was received in time.
 495:./lwip-2.1.2/src/core/ipv4/dhcp.c ****  *
 496:./lwip-2.1.2/src/core/ipv4/dhcp.c ****  * @param netif the netif under DHCP control
 497:./lwip-2.1.2/src/core/ipv4/dhcp.c ****  */
 498:./lwip-2.1.2/src/core/ipv4/dhcp.c **** static void
 499:./lwip-2.1.2/src/core/ipv4/dhcp.c **** dhcp_timeout(struct netif *netif)
 500:./lwip-2.1.2/src/core/ipv4/dhcp.c **** {
 501:./lwip-2.1.2/src/core/ipv4/dhcp.c ****   struct dhcp *dhcp = netif_dhcp_data(netif);
 502:./lwip-2.1.2/src/core/ipv4/dhcp.c **** 
 503:./lwip-2.1.2/src/core/ipv4/dhcp.c ****   LWIP_DEBUGF(DHCP_DEBUG | LWIP_DBG_TRACE, ("dhcp_timeout()\n"));
 504:./lwip-2.1.2/src/core/ipv4/dhcp.c ****   /* back-off period has passed, or server selection timed out */
 505:./lwip-2.1.2/src/core/ipv4/dhcp.c ****   if ((dhcp->state == DHCP_STATE_BACKING_OFF) || (dhcp->state == DHCP_STATE_SELECTING)) {
 506:./lwip-2.1.2/src/core/ipv4/dhcp.c ****     LWIP_DEBUGF(DHCP_DEBUG | LWIP_DBG_TRACE, ("dhcp_timeout(): restarting discovery\n"));
 507:./lwip-2.1.2/src/core/ipv4/dhcp.c ****     dhcp_discover(netif);
 508:./lwip-2.1.2/src/core/ipv4/dhcp.c ****     /* receiving the requested lease timed out */
 509:./lwip-2.1.2/src/core/ipv4/dhcp.c ****   } else if (dhcp->state == DHCP_STATE_REQUESTING) {
 510:./lwip-2.1.2/src/core/ipv4/dhcp.c ****     LWIP_DEBUGF(DHCP_DEBUG | LWIP_DBG_TRACE | LWIP_DBG_STATE, ("dhcp_timeout(): REQUESTING, DHCP re
 511:./lwip-2.1.2/src/core/ipv4/dhcp.c ****     if (dhcp->tries <= 5) {
 512:./lwip-2.1.2/src/core/ipv4/dhcp.c ****       dhcp_select(netif);
 513:./lwip-2.1.2/src/core/ipv4/dhcp.c ****     } else {
 514:./lwip-2.1.2/src/core/ipv4/dhcp.c ****       LWIP_DEBUGF(DHCP_DEBUG | LWIP_DBG_TRACE | LWIP_DBG_STATE, ("dhcp_timeout(): REQUESTING, relea
 515:./lwip-2.1.2/src/core/ipv4/dhcp.c ****       dhcp_release_and_stop(netif);
 516:./lwip-2.1.2/src/core/ipv4/dhcp.c ****       dhcp_start(netif);
 517:./lwip-2.1.2/src/core/ipv4/dhcp.c ****     }
 518:./lwip-2.1.2/src/core/ipv4/dhcp.c **** #if DHCP_DOES_ARP_CHECK
 519:./lwip-2.1.2/src/core/ipv4/dhcp.c ****     /* received no ARP reply for the offered address (which is good) */
 520:./lwip-2.1.2/src/core/ipv4/dhcp.c ****   } else if (dhcp->state == DHCP_STATE_CHECKING) {
 521:./lwip-2.1.2/src/core/ipv4/dhcp.c ****     LWIP_DEBUGF(DHCP_DEBUG | LWIP_DBG_TRACE | LWIP_DBG_STATE, ("dhcp_timeout(): CHECKING, ARP reque
 522:./lwip-2.1.2/src/core/ipv4/dhcp.c ****     if (dhcp->tries <= 1) {
 523:./lwip-2.1.2/src/core/ipv4/dhcp.c ****       dhcp_check(netif);
 524:./lwip-2.1.2/src/core/ipv4/dhcp.c ****       /* no ARP replies on the offered address,
 525:./lwip-2.1.2/src/core/ipv4/dhcp.c ****          looks like the IP address is indeed free */
 526:./lwip-2.1.2/src/core/ipv4/dhcp.c ****     } else {
 527:./lwip-2.1.2/src/core/ipv4/dhcp.c ****       /* bind the interface to the offered address */
 528:./lwip-2.1.2/src/core/ipv4/dhcp.c ****       dhcp_bind(netif);
 529:./lwip-2.1.2/src/core/ipv4/dhcp.c ****     }
 530:./lwip-2.1.2/src/core/ipv4/dhcp.c **** #endif /* DHCP_DOES_ARP_CHECK */
 531:./lwip-2.1.2/src/core/ipv4/dhcp.c ****   } else if (dhcp->state == DHCP_STATE_REBOOTING) {
 532:./lwip-2.1.2/src/core/ipv4/dhcp.c ****     if (dhcp->tries < REBOOT_TRIES) {
 533:./lwip-2.1.2/src/core/ipv4/dhcp.c ****       dhcp_reboot(netif);
 534:./lwip-2.1.2/src/core/ipv4/dhcp.c ****     } else {
 535:./lwip-2.1.2/src/core/ipv4/dhcp.c ****       dhcp_discover(netif);
 536:./lwip-2.1.2/src/core/ipv4/dhcp.c ****     }
 537:./lwip-2.1.2/src/core/ipv4/dhcp.c ****   }
 538:./lwip-2.1.2/src/core/ipv4/dhcp.c **** }
 539:./lwip-2.1.2/src/core/ipv4/dhcp.c **** 
 540:./lwip-2.1.2/src/core/ipv4/dhcp.c **** /**
 541:./lwip-2.1.2/src/core/ipv4/dhcp.c ****  * The renewal period has timed out.
 542:./lwip-2.1.2/src/core/ipv4/dhcp.c ****  *
 543:./lwip-2.1.2/src/core/ipv4/dhcp.c ****  * @param netif the netif under DHCP control
 544:./lwip-2.1.2/src/core/ipv4/dhcp.c ****  */
 545:./lwip-2.1.2/src/core/ipv4/dhcp.c **** static void
 546:./lwip-2.1.2/src/core/ipv4/dhcp.c **** dhcp_t1_timeout(struct netif *netif)
 547:./lwip-2.1.2/src/core/ipv4/dhcp.c **** {
 548:./lwip-2.1.2/src/core/ipv4/dhcp.c ****   struct dhcp *dhcp = netif_dhcp_data(netif);
 549:./lwip-2.1.2/src/core/ipv4/dhcp.c **** 
 550:./lwip-2.1.2/src/core/ipv4/dhcp.c ****   LWIP_DEBUGF(DHCP_DEBUG | LWIP_DBG_STATE, ("dhcp_t1_timeout()\n"));
 551:./lwip-2.1.2/src/core/ipv4/dhcp.c ****   if ((dhcp->state == DHCP_STATE_REQUESTING) || (dhcp->state == DHCP_STATE_BOUND) ||
 552:./lwip-2.1.2/src/core/ipv4/dhcp.c ****       (dhcp->state == DHCP_STATE_RENEWING)) {
 553:./lwip-2.1.2/src/core/ipv4/dhcp.c ****     /* just retry to renew - note that the rebind timer (t2) will
 554:./lwip-2.1.2/src/core/ipv4/dhcp.c ****      * eventually time-out if renew tries fail. */
 555:./lwip-2.1.2/src/core/ipv4/dhcp.c ****     LWIP_DEBUGF(DHCP_DEBUG | LWIP_DBG_TRACE | LWIP_DBG_STATE,
 556:./lwip-2.1.2/src/core/ipv4/dhcp.c ****                 ("dhcp_t1_timeout(): must renew\n"));
 557:./lwip-2.1.2/src/core/ipv4/dhcp.c ****     /* This slightly different to RFC2131: DHCPREQUEST will be sent from state
 558:./lwip-2.1.2/src/core/ipv4/dhcp.c ****        DHCP_STATE_RENEWING, not DHCP_STATE_BOUND */
 559:./lwip-2.1.2/src/core/ipv4/dhcp.c ****     dhcp_renew(netif);
 560:./lwip-2.1.2/src/core/ipv4/dhcp.c ****     /* Calculate next timeout */
 561:./lwip-2.1.2/src/core/ipv4/dhcp.c ****     if (((dhcp->t2_timeout - dhcp->lease_used) / 2) >= ((60 + DHCP_COARSE_TIMER_SECS / 2) / DHCP_CO
 562:./lwip-2.1.2/src/core/ipv4/dhcp.c ****       dhcp->t1_renew_time = (u16_t)((dhcp->t2_timeout - dhcp->lease_used) / 2);
 563:./lwip-2.1.2/src/core/ipv4/dhcp.c ****     }
 564:./lwip-2.1.2/src/core/ipv4/dhcp.c ****   }
 565:./lwip-2.1.2/src/core/ipv4/dhcp.c **** }
 566:./lwip-2.1.2/src/core/ipv4/dhcp.c **** 
 567:./lwip-2.1.2/src/core/ipv4/dhcp.c **** /**
 568:./lwip-2.1.2/src/core/ipv4/dhcp.c ****  * The rebind period has timed out.
 569:./lwip-2.1.2/src/core/ipv4/dhcp.c ****  *
 570:./lwip-2.1.2/src/core/ipv4/dhcp.c ****  * @param netif the netif under DHCP control
 571:./lwip-2.1.2/src/core/ipv4/dhcp.c ****  */
 572:./lwip-2.1.2/src/core/ipv4/dhcp.c **** static void
 573:./lwip-2.1.2/src/core/ipv4/dhcp.c **** dhcp_t2_timeout(struct netif *netif)
 574:./lwip-2.1.2/src/core/ipv4/dhcp.c **** {
 575:./lwip-2.1.2/src/core/ipv4/dhcp.c ****   struct dhcp *dhcp = netif_dhcp_data(netif);
 576:./lwip-2.1.2/src/core/ipv4/dhcp.c **** 
 577:./lwip-2.1.2/src/core/ipv4/dhcp.c ****   LWIP_DEBUGF(DHCP_DEBUG | LWIP_DBG_TRACE | LWIP_DBG_STATE, ("dhcp_t2_timeout()\n"));
 578:./lwip-2.1.2/src/core/ipv4/dhcp.c ****   if ((dhcp->state == DHCP_STATE_REQUESTING) || (dhcp->state == DHCP_STATE_BOUND) ||
 579:./lwip-2.1.2/src/core/ipv4/dhcp.c ****       (dhcp->state == DHCP_STATE_RENEWING) || (dhcp->state == DHCP_STATE_REBINDING)) {
 580:./lwip-2.1.2/src/core/ipv4/dhcp.c ****     /* just retry to rebind */
 581:./lwip-2.1.2/src/core/ipv4/dhcp.c ****     LWIP_DEBUGF(DHCP_DEBUG | LWIP_DBG_TRACE | LWIP_DBG_STATE,
 582:./lwip-2.1.2/src/core/ipv4/dhcp.c ****                 ("dhcp_t2_timeout(): must rebind\n"));
 583:./lwip-2.1.2/src/core/ipv4/dhcp.c ****     /* This slightly different to RFC2131: DHCPREQUEST will be sent from state
 584:./lwip-2.1.2/src/core/ipv4/dhcp.c ****        DHCP_STATE_REBINDING, not DHCP_STATE_BOUND */
 585:./lwip-2.1.2/src/core/ipv4/dhcp.c ****     dhcp_rebind(netif);
 586:./lwip-2.1.2/src/core/ipv4/dhcp.c ****     /* Calculate next timeout */
 587:./lwip-2.1.2/src/core/ipv4/dhcp.c ****     if (((dhcp->t0_timeout - dhcp->lease_used) / 2) >= ((60 + DHCP_COARSE_TIMER_SECS / 2) / DHCP_CO
 588:./lwip-2.1.2/src/core/ipv4/dhcp.c ****       dhcp->t2_rebind_time = (u16_t)((dhcp->t0_timeout - dhcp->lease_used) / 2);
 589:./lwip-2.1.2/src/core/ipv4/dhcp.c ****     }
 590:./lwip-2.1.2/src/core/ipv4/dhcp.c ****   }
 591:./lwip-2.1.2/src/core/ipv4/dhcp.c **** }
 592:./lwip-2.1.2/src/core/ipv4/dhcp.c **** 
 593:./lwip-2.1.2/src/core/ipv4/dhcp.c **** /**
 594:./lwip-2.1.2/src/core/ipv4/dhcp.c ****  * Handle a DHCP ACK packet
 595:./lwip-2.1.2/src/core/ipv4/dhcp.c ****  *
 596:./lwip-2.1.2/src/core/ipv4/dhcp.c ****  * @param netif the netif under DHCP control
 597:./lwip-2.1.2/src/core/ipv4/dhcp.c ****  */
 598:./lwip-2.1.2/src/core/ipv4/dhcp.c **** static void
 599:./lwip-2.1.2/src/core/ipv4/dhcp.c **** dhcp_handle_ack(struct netif *netif, struct dhcp_msg *msg_in)
 600:./lwip-2.1.2/src/core/ipv4/dhcp.c **** {
 601:./lwip-2.1.2/src/core/ipv4/dhcp.c ****   struct dhcp *dhcp = netif_dhcp_data(netif);
 602:./lwip-2.1.2/src/core/ipv4/dhcp.c **** 
 603:./lwip-2.1.2/src/core/ipv4/dhcp.c **** #if LWIP_DHCP_PROVIDE_DNS_SERVERS || LWIP_DHCP_GET_NTP_SRV
 604:./lwip-2.1.2/src/core/ipv4/dhcp.c ****   u8_t n;
 605:./lwip-2.1.2/src/core/ipv4/dhcp.c **** #endif /* LWIP_DHCP_PROVIDE_DNS_SERVERS || LWIP_DHCP_GET_NTP_SRV */
 606:./lwip-2.1.2/src/core/ipv4/dhcp.c **** #if LWIP_DHCP_GET_NTP_SRV
 607:./lwip-2.1.2/src/core/ipv4/dhcp.c ****   ip4_addr_t ntp_server_addrs[LWIP_DHCP_MAX_NTP_SERVERS];
 608:./lwip-2.1.2/src/core/ipv4/dhcp.c **** #endif
 609:./lwip-2.1.2/src/core/ipv4/dhcp.c **** 
 610:./lwip-2.1.2/src/core/ipv4/dhcp.c ****   /* clear options we might not get from the ACK */
 611:./lwip-2.1.2/src/core/ipv4/dhcp.c ****   ip4_addr_set_zero(&dhcp->offered_sn_mask);
 612:./lwip-2.1.2/src/core/ipv4/dhcp.c ****   ip4_addr_set_zero(&dhcp->offered_gw_addr);
 613:./lwip-2.1.2/src/core/ipv4/dhcp.c **** #if LWIP_DHCP_BOOTP_FILE
 614:./lwip-2.1.2/src/core/ipv4/dhcp.c ****   ip4_addr_set_zero(&dhcp->offered_si_addr);
 615:./lwip-2.1.2/src/core/ipv4/dhcp.c **** #endif /* LWIP_DHCP_BOOTP_FILE */
 616:./lwip-2.1.2/src/core/ipv4/dhcp.c **** 
 617:./lwip-2.1.2/src/core/ipv4/dhcp.c ****   /* lease time given? */
 618:./lwip-2.1.2/src/core/ipv4/dhcp.c ****   if (dhcp_option_given(dhcp, DHCP_OPTION_IDX_LEASE_TIME)) {
 619:./lwip-2.1.2/src/core/ipv4/dhcp.c ****     /* remember offered lease time */
 620:./lwip-2.1.2/src/core/ipv4/dhcp.c ****     dhcp->offered_t0_lease = dhcp_get_option_value(dhcp, DHCP_OPTION_IDX_LEASE_TIME);
 621:./lwip-2.1.2/src/core/ipv4/dhcp.c ****   }
 622:./lwip-2.1.2/src/core/ipv4/dhcp.c ****   /* renewal period given? */
 623:./lwip-2.1.2/src/core/ipv4/dhcp.c ****   if (dhcp_option_given(dhcp, DHCP_OPTION_IDX_T1)) {
 624:./lwip-2.1.2/src/core/ipv4/dhcp.c ****     /* remember given renewal period */
 625:./lwip-2.1.2/src/core/ipv4/dhcp.c ****     dhcp->offered_t1_renew = dhcp_get_option_value(dhcp, DHCP_OPTION_IDX_T1);
 626:./lwip-2.1.2/src/core/ipv4/dhcp.c ****   } else {
 627:./lwip-2.1.2/src/core/ipv4/dhcp.c ****     /* calculate safe periods for renewal */
 628:./lwip-2.1.2/src/core/ipv4/dhcp.c ****     dhcp->offered_t1_renew = dhcp->offered_t0_lease / 2;
 629:./lwip-2.1.2/src/core/ipv4/dhcp.c ****   }
 630:./lwip-2.1.2/src/core/ipv4/dhcp.c **** 
 631:./lwip-2.1.2/src/core/ipv4/dhcp.c ****   /* renewal period given? */
 632:./lwip-2.1.2/src/core/ipv4/dhcp.c ****   if (dhcp_option_given(dhcp, DHCP_OPTION_IDX_T2)) {
 633:./lwip-2.1.2/src/core/ipv4/dhcp.c ****     /* remember given rebind period */
 634:./lwip-2.1.2/src/core/ipv4/dhcp.c ****     dhcp->offered_t2_rebind = dhcp_get_option_value(dhcp, DHCP_OPTION_IDX_T2);
 635:./lwip-2.1.2/src/core/ipv4/dhcp.c ****   } else {
 636:./lwip-2.1.2/src/core/ipv4/dhcp.c ****     /* calculate safe periods for rebinding (offered_t0_lease * 0.875 -> 87.5%)*/
 637:./lwip-2.1.2/src/core/ipv4/dhcp.c ****     dhcp->offered_t2_rebind = (dhcp->offered_t0_lease * 7U) / 8U;
 638:./lwip-2.1.2/src/core/ipv4/dhcp.c ****   }
 639:./lwip-2.1.2/src/core/ipv4/dhcp.c **** 
 640:./lwip-2.1.2/src/core/ipv4/dhcp.c ****   /* (y)our internet address */
 641:./lwip-2.1.2/src/core/ipv4/dhcp.c ****   ip4_addr_copy(dhcp->offered_ip_addr, msg_in->yiaddr);
 642:./lwip-2.1.2/src/core/ipv4/dhcp.c **** 
 643:./lwip-2.1.2/src/core/ipv4/dhcp.c **** #if LWIP_DHCP_BOOTP_FILE
 644:./lwip-2.1.2/src/core/ipv4/dhcp.c ****   /* copy boot server address,
 645:./lwip-2.1.2/src/core/ipv4/dhcp.c ****      boot file name copied in dhcp_parse_reply if not overloaded */
 646:./lwip-2.1.2/src/core/ipv4/dhcp.c ****   ip4_addr_copy(dhcp->offered_si_addr, msg_in->siaddr);
 647:./lwip-2.1.2/src/core/ipv4/dhcp.c **** #endif /* LWIP_DHCP_BOOTP_FILE */
 648:./lwip-2.1.2/src/core/ipv4/dhcp.c **** 
 649:./lwip-2.1.2/src/core/ipv4/dhcp.c ****   /* subnet mask given? */
 650:./lwip-2.1.2/src/core/ipv4/dhcp.c ****   if (dhcp_option_given(dhcp, DHCP_OPTION_IDX_SUBNET_MASK)) {
 651:./lwip-2.1.2/src/core/ipv4/dhcp.c ****     /* remember given subnet mask */
 652:./lwip-2.1.2/src/core/ipv4/dhcp.c ****     ip4_addr_set_u32(&dhcp->offered_sn_mask, lwip_htonl(dhcp_get_option_value(dhcp, DHCP_OPTION_IDX
 653:./lwip-2.1.2/src/core/ipv4/dhcp.c ****     dhcp->subnet_mask_given = 1;
 654:./lwip-2.1.2/src/core/ipv4/dhcp.c ****   } else {
 655:./lwip-2.1.2/src/core/ipv4/dhcp.c ****     dhcp->subnet_mask_given = 0;
 656:./lwip-2.1.2/src/core/ipv4/dhcp.c ****   }
 657:./lwip-2.1.2/src/core/ipv4/dhcp.c **** 
 658:./lwip-2.1.2/src/core/ipv4/dhcp.c ****   /* gateway router */
 659:./lwip-2.1.2/src/core/ipv4/dhcp.c ****   if (dhcp_option_given(dhcp, DHCP_OPTION_IDX_ROUTER)) {
 660:./lwip-2.1.2/src/core/ipv4/dhcp.c ****     ip4_addr_set_u32(&dhcp->offered_gw_addr, lwip_htonl(dhcp_get_option_value(dhcp, DHCP_OPTION_IDX
 661:./lwip-2.1.2/src/core/ipv4/dhcp.c ****   }
 662:./lwip-2.1.2/src/core/ipv4/dhcp.c **** 
 663:./lwip-2.1.2/src/core/ipv4/dhcp.c **** #if LWIP_DHCP_GET_NTP_SRV
 664:./lwip-2.1.2/src/core/ipv4/dhcp.c ****   /* NTP servers */
 665:./lwip-2.1.2/src/core/ipv4/dhcp.c ****   for (n = 0; (n < LWIP_DHCP_MAX_NTP_SERVERS) && dhcp_option_given(dhcp, DHCP_OPTION_IDX_NTP_SERVER
 666:./lwip-2.1.2/src/core/ipv4/dhcp.c ****     ip4_addr_set_u32(&ntp_server_addrs[n], lwip_htonl(dhcp_get_option_value(dhcp, DHCP_OPTION_IDX_N
 667:./lwip-2.1.2/src/core/ipv4/dhcp.c ****   }
 668:./lwip-2.1.2/src/core/ipv4/dhcp.c ****   dhcp_set_ntp_servers(n, ntp_server_addrs);
 669:./lwip-2.1.2/src/core/ipv4/dhcp.c **** #endif /* LWIP_DHCP_GET_NTP_SRV */
 670:./lwip-2.1.2/src/core/ipv4/dhcp.c **** 
 671:./lwip-2.1.2/src/core/ipv4/dhcp.c **** #if LWIP_DHCP_PROVIDE_DNS_SERVERS
 672:./lwip-2.1.2/src/core/ipv4/dhcp.c ****   /* DNS servers */
 673:./lwip-2.1.2/src/core/ipv4/dhcp.c ****   for (n = 0; (n < LWIP_DHCP_PROVIDE_DNS_SERVERS) && dhcp_option_given(dhcp, DHCP_OPTION_IDX_DNS_SE
 674:./lwip-2.1.2/src/core/ipv4/dhcp.c ****     ip_addr_t dns_addr;
 675:./lwip-2.1.2/src/core/ipv4/dhcp.c ****     ip_addr_set_ip4_u32_val(dns_addr, lwip_htonl(dhcp_get_option_value(dhcp, DHCP_OPTION_IDX_DNS_SE
 676:./lwip-2.1.2/src/core/ipv4/dhcp.c ****     dns_setserver(n, &dns_addr);
 677:./lwip-2.1.2/src/core/ipv4/dhcp.c ****   }
 678:./lwip-2.1.2/src/core/ipv4/dhcp.c **** #endif /* LWIP_DHCP_PROVIDE_DNS_SERVERS */
 679:./lwip-2.1.2/src/core/ipv4/dhcp.c **** }
 680:./lwip-2.1.2/src/core/ipv4/dhcp.c **** 
 681:./lwip-2.1.2/src/core/ipv4/dhcp.c **** /**
 682:./lwip-2.1.2/src/core/ipv4/dhcp.c ****  * @ingroup dhcp4
 683:./lwip-2.1.2/src/core/ipv4/dhcp.c ****  * Set a statically allocated struct dhcp to work with.
 684:./lwip-2.1.2/src/core/ipv4/dhcp.c ****  * Using this prevents dhcp_start to allocate it using mem_malloc.
 685:./lwip-2.1.2/src/core/ipv4/dhcp.c ****  *
 686:./lwip-2.1.2/src/core/ipv4/dhcp.c ****  * @param netif the netif for which to set the struct dhcp
 687:./lwip-2.1.2/src/core/ipv4/dhcp.c ****  * @param dhcp (uninitialised) dhcp struct allocated by the application
 688:./lwip-2.1.2/src/core/ipv4/dhcp.c ****  */
 689:./lwip-2.1.2/src/core/ipv4/dhcp.c **** void
 690:./lwip-2.1.2/src/core/ipv4/dhcp.c **** dhcp_set_struct(struct netif *netif, struct dhcp *dhcp)
 691:./lwip-2.1.2/src/core/ipv4/dhcp.c **** {
 692:./lwip-2.1.2/src/core/ipv4/dhcp.c ****   LWIP_ASSERT_CORE_LOCKED();
 693:./lwip-2.1.2/src/core/ipv4/dhcp.c ****   LWIP_ASSERT("netif != NULL", netif != NULL);
 694:./lwip-2.1.2/src/core/ipv4/dhcp.c ****   LWIP_ASSERT("dhcp != NULL", dhcp != NULL);
 695:./lwip-2.1.2/src/core/ipv4/dhcp.c ****   LWIP_ASSERT("netif already has a struct dhcp set", netif_dhcp_data(netif) == NULL);
 696:./lwip-2.1.2/src/core/ipv4/dhcp.c **** 
 697:./lwip-2.1.2/src/core/ipv4/dhcp.c ****   /* clear data structure */
 698:./lwip-2.1.2/src/core/ipv4/dhcp.c ****   memset(dhcp, 0, sizeof(struct dhcp));
 699:./lwip-2.1.2/src/core/ipv4/dhcp.c ****   /* dhcp_set_state(&dhcp, DHCP_STATE_OFF); */
 700:./lwip-2.1.2/src/core/ipv4/dhcp.c ****   netif_set_client_data(netif, LWIP_NETIF_CLIENT_DATA_INDEX_DHCP, dhcp);
 701:./lwip-2.1.2/src/core/ipv4/dhcp.c **** }
 702:./lwip-2.1.2/src/core/ipv4/dhcp.c **** 
 703:./lwip-2.1.2/src/core/ipv4/dhcp.c **** /**
 704:./lwip-2.1.2/src/core/ipv4/dhcp.c ****  * @ingroup dhcp4
 705:./lwip-2.1.2/src/core/ipv4/dhcp.c ****  * Removes a struct dhcp from a netif.
 706:./lwip-2.1.2/src/core/ipv4/dhcp.c ****  *
 707:./lwip-2.1.2/src/core/ipv4/dhcp.c ****  * ATTENTION: Only use this when not using dhcp_set_struct() to allocate the
 708:./lwip-2.1.2/src/core/ipv4/dhcp.c ****  *            struct dhcp since the memory is passed back to the heap.
 709:./lwip-2.1.2/src/core/ipv4/dhcp.c ****  *
 710:./lwip-2.1.2/src/core/ipv4/dhcp.c ****  * @param netif the netif from which to remove the struct dhcp
 711:./lwip-2.1.2/src/core/ipv4/dhcp.c ****  */
 712:./lwip-2.1.2/src/core/ipv4/dhcp.c **** void dhcp_cleanup(struct netif *netif)
 713:./lwip-2.1.2/src/core/ipv4/dhcp.c **** {
 714:./lwip-2.1.2/src/core/ipv4/dhcp.c ****   LWIP_ASSERT_CORE_LOCKED();
 715:./lwip-2.1.2/src/core/ipv4/dhcp.c ****   LWIP_ASSERT("netif != NULL", netif != NULL);
 716:./lwip-2.1.2/src/core/ipv4/dhcp.c **** 
 717:./lwip-2.1.2/src/core/ipv4/dhcp.c ****   if (netif_dhcp_data(netif) != NULL) {
 718:./lwip-2.1.2/src/core/ipv4/dhcp.c ****     mem_free(netif_dhcp_data(netif));
 719:./lwip-2.1.2/src/core/ipv4/dhcp.c ****     netif_set_client_data(netif, LWIP_NETIF_CLIENT_DATA_INDEX_DHCP, NULL);
 720:./lwip-2.1.2/src/core/ipv4/dhcp.c ****   }
 721:./lwip-2.1.2/src/core/ipv4/dhcp.c **** }
 722:./lwip-2.1.2/src/core/ipv4/dhcp.c **** 
 723:./lwip-2.1.2/src/core/ipv4/dhcp.c **** /**
 724:./lwip-2.1.2/src/core/ipv4/dhcp.c ****  * @ingroup dhcp4
 725:./lwip-2.1.2/src/core/ipv4/dhcp.c ****  * Start DHCP negotiation for a network interface.
 726:./lwip-2.1.2/src/core/ipv4/dhcp.c ****  *
 727:./lwip-2.1.2/src/core/ipv4/dhcp.c ****  * If no DHCP client instance was attached to this interface,
 728:./lwip-2.1.2/src/core/ipv4/dhcp.c ****  * a new client is created first. If a DHCP client instance
 729:./lwip-2.1.2/src/core/ipv4/dhcp.c ****  * was already present, it restarts negotiation.
 730:./lwip-2.1.2/src/core/ipv4/dhcp.c ****  *
 731:./lwip-2.1.2/src/core/ipv4/dhcp.c ****  * @param netif The lwIP network interface
 732:./lwip-2.1.2/src/core/ipv4/dhcp.c ****  * @return lwIP error code
 733:./lwip-2.1.2/src/core/ipv4/dhcp.c ****  * - ERR_OK - No error
 734:./lwip-2.1.2/src/core/ipv4/dhcp.c ****  * - ERR_MEM - Out of memory
 735:./lwip-2.1.2/src/core/ipv4/dhcp.c ****  */
 736:./lwip-2.1.2/src/core/ipv4/dhcp.c **** err_t
 737:./lwip-2.1.2/src/core/ipv4/dhcp.c **** dhcp_start(struct netif *netif)
 738:./lwip-2.1.2/src/core/ipv4/dhcp.c **** {
 739:./lwip-2.1.2/src/core/ipv4/dhcp.c ****   struct dhcp *dhcp;
 740:./lwip-2.1.2/src/core/ipv4/dhcp.c ****   err_t result;
 741:./lwip-2.1.2/src/core/ipv4/dhcp.c **** 
 742:./lwip-2.1.2/src/core/ipv4/dhcp.c ****   LWIP_ASSERT_CORE_LOCKED();
 743:./lwip-2.1.2/src/core/ipv4/dhcp.c ****   LWIP_ERROR("netif != NULL", (netif != NULL), return ERR_ARG;);
 744:./lwip-2.1.2/src/core/ipv4/dhcp.c ****   LWIP_ERROR("netif is not up, old style port?", netif_is_up(netif), return ERR_ARG;);
 745:./lwip-2.1.2/src/core/ipv4/dhcp.c ****   dhcp = netif_dhcp_data(netif);
 746:./lwip-2.1.2/src/core/ipv4/dhcp.c ****   LWIP_DEBUGF(DHCP_DEBUG | LWIP_DBG_TRACE | LWIP_DBG_STATE, ("dhcp_start(netif=%p) %c%c%"U16_F"\n",
 747:./lwip-2.1.2/src/core/ipv4/dhcp.c **** 
 748:./lwip-2.1.2/src/core/ipv4/dhcp.c ****   /* check MTU of the netif */
 749:./lwip-2.1.2/src/core/ipv4/dhcp.c ****   if (netif->mtu < DHCP_MAX_MSG_LEN_MIN_REQUIRED) {
 750:./lwip-2.1.2/src/core/ipv4/dhcp.c ****     LWIP_DEBUGF(DHCP_DEBUG | LWIP_DBG_TRACE, ("dhcp_start(): Cannot use this netif with DHCP: MTU i
 751:./lwip-2.1.2/src/core/ipv4/dhcp.c ****     return ERR_MEM;
 752:./lwip-2.1.2/src/core/ipv4/dhcp.c ****   }
 753:./lwip-2.1.2/src/core/ipv4/dhcp.c **** 
 754:./lwip-2.1.2/src/core/ipv4/dhcp.c ****   /* no DHCP client attached yet? */
 755:./lwip-2.1.2/src/core/ipv4/dhcp.c ****   if (dhcp == NULL) {
 756:./lwip-2.1.2/src/core/ipv4/dhcp.c ****     LWIP_DEBUGF(DHCP_DEBUG | LWIP_DBG_TRACE, ("dhcp_start(): mallocing new DHCP client\n"));
 757:./lwip-2.1.2/src/core/ipv4/dhcp.c ****     dhcp = (struct dhcp *)mem_malloc(sizeof(struct dhcp));
 758:./lwip-2.1.2/src/core/ipv4/dhcp.c ****     if (dhcp == NULL) {
 759:./lwip-2.1.2/src/core/ipv4/dhcp.c ****       LWIP_DEBUGF(DHCP_DEBUG | LWIP_DBG_TRACE, ("dhcp_start(): could not allocate dhcp\n"));
 760:./lwip-2.1.2/src/core/ipv4/dhcp.c ****       return ERR_MEM;
 761:./lwip-2.1.2/src/core/ipv4/dhcp.c ****     }
 762:./lwip-2.1.2/src/core/ipv4/dhcp.c **** 
 763:./lwip-2.1.2/src/core/ipv4/dhcp.c ****     /* store this dhcp client in the netif */
 764:./lwip-2.1.2/src/core/ipv4/dhcp.c ****     netif_set_client_data(netif, LWIP_NETIF_CLIENT_DATA_INDEX_DHCP, dhcp);
 765:./lwip-2.1.2/src/core/ipv4/dhcp.c ****     LWIP_DEBUGF(DHCP_DEBUG | LWIP_DBG_TRACE, ("dhcp_start(): allocated dhcp"));
 766:./lwip-2.1.2/src/core/ipv4/dhcp.c ****     /* already has DHCP client attached */
 767:./lwip-2.1.2/src/core/ipv4/dhcp.c ****   } else {
 768:./lwip-2.1.2/src/core/ipv4/dhcp.c ****     LWIP_DEBUGF(DHCP_DEBUG | LWIP_DBG_TRACE | LWIP_DBG_STATE, ("dhcp_start(): restarting DHCP confi
 769:./lwip-2.1.2/src/core/ipv4/dhcp.c **** 
 770:./lwip-2.1.2/src/core/ipv4/dhcp.c ****     if (dhcp->pcb_allocated != 0) {
 771:./lwip-2.1.2/src/core/ipv4/dhcp.c ****       dhcp_dec_pcb_refcount(); /* free DHCP PCB if not needed any more */
 772:./lwip-2.1.2/src/core/ipv4/dhcp.c ****     }
 773:./lwip-2.1.2/src/core/ipv4/dhcp.c ****     /* dhcp is cleared below, no need to reset flag*/
 774:./lwip-2.1.2/src/core/ipv4/dhcp.c ****   }
 775:./lwip-2.1.2/src/core/ipv4/dhcp.c **** 
 776:./lwip-2.1.2/src/core/ipv4/dhcp.c ****   /* clear data structure */
 777:./lwip-2.1.2/src/core/ipv4/dhcp.c ****   memset(dhcp, 0, sizeof(struct dhcp));
 778:./lwip-2.1.2/src/core/ipv4/dhcp.c ****   /* dhcp_set_state(&dhcp, DHCP_STATE_OFF); */
 779:./lwip-2.1.2/src/core/ipv4/dhcp.c **** 
 780:./lwip-2.1.2/src/core/ipv4/dhcp.c ****   LWIP_DEBUGF(DHCP_DEBUG | LWIP_DBG_TRACE, ("dhcp_start(): starting DHCP configuration\n"));
 781:./lwip-2.1.2/src/core/ipv4/dhcp.c **** 
 782:./lwip-2.1.2/src/core/ipv4/dhcp.c ****   if (dhcp_inc_pcb_refcount() != ERR_OK) { /* ensure DHCP PCB is allocated */
 783:./lwip-2.1.2/src/core/ipv4/dhcp.c ****     return ERR_MEM;
 784:./lwip-2.1.2/src/core/ipv4/dhcp.c ****   }
 785:./lwip-2.1.2/src/core/ipv4/dhcp.c ****   dhcp->pcb_allocated = 1;
 786:./lwip-2.1.2/src/core/ipv4/dhcp.c **** 
 787:./lwip-2.1.2/src/core/ipv4/dhcp.c ****   if (!netif_is_link_up(netif)) {
 788:./lwip-2.1.2/src/core/ipv4/dhcp.c ****     /* set state INIT and wait for dhcp_network_changed() to call dhcp_discover() */
 789:./lwip-2.1.2/src/core/ipv4/dhcp.c ****     dhcp_set_state(dhcp, DHCP_STATE_INIT);
 790:./lwip-2.1.2/src/core/ipv4/dhcp.c ****     return ERR_OK;
 791:./lwip-2.1.2/src/core/ipv4/dhcp.c ****   }
 792:./lwip-2.1.2/src/core/ipv4/dhcp.c **** 
 793:./lwip-2.1.2/src/core/ipv4/dhcp.c ****   /* (re)start the DHCP negotiation */
 794:./lwip-2.1.2/src/core/ipv4/dhcp.c ****   result = dhcp_discover(netif);
 795:./lwip-2.1.2/src/core/ipv4/dhcp.c ****   if (result != ERR_OK) {
 796:./lwip-2.1.2/src/core/ipv4/dhcp.c ****     /* free resources allocated above */
 797:./lwip-2.1.2/src/core/ipv4/dhcp.c ****     dhcp_release_and_stop(netif);
 798:./lwip-2.1.2/src/core/ipv4/dhcp.c ****     return ERR_MEM;
 799:./lwip-2.1.2/src/core/ipv4/dhcp.c ****   }
 800:./lwip-2.1.2/src/core/ipv4/dhcp.c ****   return result;
 801:./lwip-2.1.2/src/core/ipv4/dhcp.c **** }
 802:./lwip-2.1.2/src/core/ipv4/dhcp.c **** 
 803:./lwip-2.1.2/src/core/ipv4/dhcp.c **** /**
 804:./lwip-2.1.2/src/core/ipv4/dhcp.c ****  * @ingroup dhcp4
 805:./lwip-2.1.2/src/core/ipv4/dhcp.c ****  * Inform a DHCP server of our manual configuration.
 806:./lwip-2.1.2/src/core/ipv4/dhcp.c ****  *
 807:./lwip-2.1.2/src/core/ipv4/dhcp.c ****  * This informs DHCP servers of our fixed IP address configuration
 808:./lwip-2.1.2/src/core/ipv4/dhcp.c ****  * by sending an INFORM message. It does not involve DHCP address
 809:./lwip-2.1.2/src/core/ipv4/dhcp.c ****  * configuration, it is just here to be nice to the network.
 810:./lwip-2.1.2/src/core/ipv4/dhcp.c ****  *
 811:./lwip-2.1.2/src/core/ipv4/dhcp.c ****  * @param netif The lwIP network interface
 812:./lwip-2.1.2/src/core/ipv4/dhcp.c ****  */
 813:./lwip-2.1.2/src/core/ipv4/dhcp.c **** void
 814:./lwip-2.1.2/src/core/ipv4/dhcp.c **** dhcp_inform(struct netif *netif)
 815:./lwip-2.1.2/src/core/ipv4/dhcp.c **** {
 816:./lwip-2.1.2/src/core/ipv4/dhcp.c ****   struct dhcp dhcp;
 817:./lwip-2.1.2/src/core/ipv4/dhcp.c ****   struct pbuf *p_out;
 818:./lwip-2.1.2/src/core/ipv4/dhcp.c ****   u16_t options_out_len;
 819:./lwip-2.1.2/src/core/ipv4/dhcp.c **** 
 820:./lwip-2.1.2/src/core/ipv4/dhcp.c ****   LWIP_ASSERT_CORE_LOCKED();
 821:./lwip-2.1.2/src/core/ipv4/dhcp.c ****   LWIP_ERROR("netif != NULL", (netif != NULL), return;);
 822:./lwip-2.1.2/src/core/ipv4/dhcp.c **** 
 823:./lwip-2.1.2/src/core/ipv4/dhcp.c ****   if (dhcp_inc_pcb_refcount() != ERR_OK) { /* ensure DHCP PCB is allocated */
 824:./lwip-2.1.2/src/core/ipv4/dhcp.c ****     return;
 825:./lwip-2.1.2/src/core/ipv4/dhcp.c ****   }
 826:./lwip-2.1.2/src/core/ipv4/dhcp.c **** 
 827:./lwip-2.1.2/src/core/ipv4/dhcp.c ****   memset(&dhcp, 0, sizeof(struct dhcp));
 828:./lwip-2.1.2/src/core/ipv4/dhcp.c ****   dhcp_set_state(&dhcp, DHCP_STATE_INFORMING);
 829:./lwip-2.1.2/src/core/ipv4/dhcp.c **** 
 830:./lwip-2.1.2/src/core/ipv4/dhcp.c ****   /* create and initialize the DHCP message header */
 831:./lwip-2.1.2/src/core/ipv4/dhcp.c ****   p_out = dhcp_create_msg(netif, &dhcp, DHCP_INFORM, &options_out_len);
 832:./lwip-2.1.2/src/core/ipv4/dhcp.c ****   if (p_out != NULL) {
 833:./lwip-2.1.2/src/core/ipv4/dhcp.c ****     struct dhcp_msg *msg_out = (struct dhcp_msg *)p_out->payload;
 834:./lwip-2.1.2/src/core/ipv4/dhcp.c ****     options_out_len = dhcp_option(options_out_len, msg_out->options, DHCP_OPTION_MAX_MSG_SIZE, DHCP
 835:./lwip-2.1.2/src/core/ipv4/dhcp.c ****     options_out_len = dhcp_option_short(options_out_len, msg_out->options, DHCP_MAX_MSG_LEN(netif))
 836:./lwip-2.1.2/src/core/ipv4/dhcp.c **** 
 837:./lwip-2.1.2/src/core/ipv4/dhcp.c ****     LWIP_HOOK_DHCP_APPEND_OPTIONS(netif, &dhcp, DHCP_STATE_INFORMING, msg_out, DHCP_INFORM, &option
 838:./lwip-2.1.2/src/core/ipv4/dhcp.c ****     dhcp_option_trailer(options_out_len, msg_out->options, p_out);
 839:./lwip-2.1.2/src/core/ipv4/dhcp.c **** 
 840:./lwip-2.1.2/src/core/ipv4/dhcp.c ****     LWIP_DEBUGF(DHCP_DEBUG | LWIP_DBG_TRACE | LWIP_DBG_STATE, ("dhcp_inform: INFORMING\n"));
 841:./lwip-2.1.2/src/core/ipv4/dhcp.c **** 
 842:./lwip-2.1.2/src/core/ipv4/dhcp.c ****     udp_sendto_if(dhcp_pcb, p_out, IP_ADDR_BROADCAST, LWIP_IANA_PORT_DHCP_SERVER, netif);
 843:./lwip-2.1.2/src/core/ipv4/dhcp.c **** 
 844:./lwip-2.1.2/src/core/ipv4/dhcp.c ****     pbuf_free(p_out);
 845:./lwip-2.1.2/src/core/ipv4/dhcp.c ****   } else {
 846:./lwip-2.1.2/src/core/ipv4/dhcp.c ****     LWIP_DEBUGF(DHCP_DEBUG | LWIP_DBG_TRACE | LWIP_DBG_LEVEL_SERIOUS, ("dhcp_inform: could not allo
 847:./lwip-2.1.2/src/core/ipv4/dhcp.c ****   }
 848:./lwip-2.1.2/src/core/ipv4/dhcp.c **** 
 849:./lwip-2.1.2/src/core/ipv4/dhcp.c ****   dhcp_dec_pcb_refcount(); /* delete DHCP PCB if not needed any more */
 850:./lwip-2.1.2/src/core/ipv4/dhcp.c **** }
 851:./lwip-2.1.2/src/core/ipv4/dhcp.c **** 
 852:./lwip-2.1.2/src/core/ipv4/dhcp.c **** /** Handle a possible change in the network configuration.
 853:./lwip-2.1.2/src/core/ipv4/dhcp.c ****  *
 854:./lwip-2.1.2/src/core/ipv4/dhcp.c ****  * This enters the REBOOTING state to verify that the currently bound
 855:./lwip-2.1.2/src/core/ipv4/dhcp.c ****  * address is still valid.
 856:./lwip-2.1.2/src/core/ipv4/dhcp.c ****  */
 857:./lwip-2.1.2/src/core/ipv4/dhcp.c **** void
 858:./lwip-2.1.2/src/core/ipv4/dhcp.c **** dhcp_network_changed(struct netif *netif)
 859:./lwip-2.1.2/src/core/ipv4/dhcp.c **** {
 860:./lwip-2.1.2/src/core/ipv4/dhcp.c ****   struct dhcp *dhcp = netif_dhcp_data(netif);
 861:./lwip-2.1.2/src/core/ipv4/dhcp.c **** 
 862:./lwip-2.1.2/src/core/ipv4/dhcp.c ****   if (!dhcp) {
 863:./lwip-2.1.2/src/core/ipv4/dhcp.c ****     return;
 864:./lwip-2.1.2/src/core/ipv4/dhcp.c ****   }
 865:./lwip-2.1.2/src/core/ipv4/dhcp.c ****   switch (dhcp->state) {
 866:./lwip-2.1.2/src/core/ipv4/dhcp.c ****     case DHCP_STATE_REBINDING:
 867:./lwip-2.1.2/src/core/ipv4/dhcp.c ****     case DHCP_STATE_RENEWING:
 868:./lwip-2.1.2/src/core/ipv4/dhcp.c ****     case DHCP_STATE_BOUND:
 869:./lwip-2.1.2/src/core/ipv4/dhcp.c ****     case DHCP_STATE_REBOOTING:
 870:./lwip-2.1.2/src/core/ipv4/dhcp.c ****       dhcp->tries = 0;
 871:./lwip-2.1.2/src/core/ipv4/dhcp.c ****       dhcp_reboot(netif);
 872:./lwip-2.1.2/src/core/ipv4/dhcp.c ****       break;
 873:./lwip-2.1.2/src/core/ipv4/dhcp.c ****     case DHCP_STATE_OFF:
 874:./lwip-2.1.2/src/core/ipv4/dhcp.c ****       /* stay off */
 875:./lwip-2.1.2/src/core/ipv4/dhcp.c ****       break;
 876:./lwip-2.1.2/src/core/ipv4/dhcp.c ****     default:
 877:./lwip-2.1.2/src/core/ipv4/dhcp.c ****       LWIP_ASSERT("invalid dhcp->state", dhcp->state <= DHCP_STATE_BACKING_OFF);
 878:./lwip-2.1.2/src/core/ipv4/dhcp.c ****       /* INIT/REQUESTING/CHECKING/BACKING_OFF restart with new 'rid' because the
 879:./lwip-2.1.2/src/core/ipv4/dhcp.c ****          state changes, SELECTING: continue with current 'rid' as we stay in the
 880:./lwip-2.1.2/src/core/ipv4/dhcp.c ****          same state */
 881:./lwip-2.1.2/src/core/ipv4/dhcp.c **** #if LWIP_DHCP_AUTOIP_COOP
 882:./lwip-2.1.2/src/core/ipv4/dhcp.c ****       if (dhcp->autoip_coop_state == DHCP_AUTOIP_COOP_STATE_ON) {
 883:./lwip-2.1.2/src/core/ipv4/dhcp.c ****         autoip_stop(netif);
 884:./lwip-2.1.2/src/core/ipv4/dhcp.c ****         dhcp->autoip_coop_state = DHCP_AUTOIP_COOP_STATE_OFF;
 885:./lwip-2.1.2/src/core/ipv4/dhcp.c ****       }
 886:./lwip-2.1.2/src/core/ipv4/dhcp.c **** #endif /* LWIP_DHCP_AUTOIP_COOP */
 887:./lwip-2.1.2/src/core/ipv4/dhcp.c ****       /* ensure we start with short timeouts, even if already discovering */
 888:./lwip-2.1.2/src/core/ipv4/dhcp.c ****       dhcp->tries = 0;
 889:./lwip-2.1.2/src/core/ipv4/dhcp.c ****       dhcp_discover(netif);
 890:./lwip-2.1.2/src/core/ipv4/dhcp.c ****       break;
 891:./lwip-2.1.2/src/core/ipv4/dhcp.c ****   }
 892:./lwip-2.1.2/src/core/ipv4/dhcp.c **** }
 893:./lwip-2.1.2/src/core/ipv4/dhcp.c **** 
 894:./lwip-2.1.2/src/core/ipv4/dhcp.c **** #if DHCP_DOES_ARP_CHECK
 895:./lwip-2.1.2/src/core/ipv4/dhcp.c **** /**
 896:./lwip-2.1.2/src/core/ipv4/dhcp.c ****  * Match an ARP reply with the offered IP address:
 897:./lwip-2.1.2/src/core/ipv4/dhcp.c ****  * check whether the offered IP address is not in use using ARP
 898:./lwip-2.1.2/src/core/ipv4/dhcp.c ****  *
 899:./lwip-2.1.2/src/core/ipv4/dhcp.c ****  * @param netif the network interface on which the reply was received
 900:./lwip-2.1.2/src/core/ipv4/dhcp.c ****  * @param addr The IP address we received a reply from
 901:./lwip-2.1.2/src/core/ipv4/dhcp.c ****  */
 902:./lwip-2.1.2/src/core/ipv4/dhcp.c **** void
 903:./lwip-2.1.2/src/core/ipv4/dhcp.c **** dhcp_arp_reply(struct netif *netif, const ip4_addr_t *addr)
 904:./lwip-2.1.2/src/core/ipv4/dhcp.c **** {
 905:./lwip-2.1.2/src/core/ipv4/dhcp.c ****   struct dhcp *dhcp;
 906:./lwip-2.1.2/src/core/ipv4/dhcp.c **** 
 907:./lwip-2.1.2/src/core/ipv4/dhcp.c ****   LWIP_ERROR("netif != NULL", (netif != NULL), return;);
 908:./lwip-2.1.2/src/core/ipv4/dhcp.c ****   dhcp = netif_dhcp_data(netif);
 909:./lwip-2.1.2/src/core/ipv4/dhcp.c ****   LWIP_DEBUGF(DHCP_DEBUG | LWIP_DBG_TRACE, ("dhcp_arp_reply()\n"));
 910:./lwip-2.1.2/src/core/ipv4/dhcp.c ****   /* is a DHCP client doing an ARP check? */
 911:./lwip-2.1.2/src/core/ipv4/dhcp.c ****   if ((dhcp != NULL) && (dhcp->state == DHCP_STATE_CHECKING)) {
 912:./lwip-2.1.2/src/core/ipv4/dhcp.c ****     LWIP_DEBUGF(DHCP_DEBUG | LWIP_DBG_TRACE | LWIP_DBG_STATE, ("dhcp_arp_reply(): CHECKING, arp rep
 913:./lwip-2.1.2/src/core/ipv4/dhcp.c ****                 ip4_addr_get_u32(addr)));
 914:./lwip-2.1.2/src/core/ipv4/dhcp.c ****     /* did a host respond with the address we
 915:./lwip-2.1.2/src/core/ipv4/dhcp.c ****        were offered by the DHCP server? */
 916:./lwip-2.1.2/src/core/ipv4/dhcp.c ****     if (ip4_addr_cmp(addr, &dhcp->offered_ip_addr)) {
 917:./lwip-2.1.2/src/core/ipv4/dhcp.c ****       /* we will not accept the offered address */
 918:./lwip-2.1.2/src/core/ipv4/dhcp.c ****       LWIP_DEBUGF(DHCP_DEBUG | LWIP_DBG_TRACE | LWIP_DBG_STATE | LWIP_DBG_LEVEL_WARNING,
 919:./lwip-2.1.2/src/core/ipv4/dhcp.c ****                   ("dhcp_arp_reply(): arp reply matched with offered address, declining\n"));
 920:./lwip-2.1.2/src/core/ipv4/dhcp.c ****       dhcp_decline(netif);
 921:./lwip-2.1.2/src/core/ipv4/dhcp.c ****     }
 922:./lwip-2.1.2/src/core/ipv4/dhcp.c ****   }
 923:./lwip-2.1.2/src/core/ipv4/dhcp.c **** }
 924:./lwip-2.1.2/src/core/ipv4/dhcp.c **** 
 925:./lwip-2.1.2/src/core/ipv4/dhcp.c **** /**
 926:./lwip-2.1.2/src/core/ipv4/dhcp.c ****  * Decline an offered lease.
 927:./lwip-2.1.2/src/core/ipv4/dhcp.c ****  *
 928:./lwip-2.1.2/src/core/ipv4/dhcp.c ****  * Tell the DHCP server we do not accept the offered address.
 929:./lwip-2.1.2/src/core/ipv4/dhcp.c ****  * One reason to decline the lease is when we find out the address
 930:./lwip-2.1.2/src/core/ipv4/dhcp.c ****  * is already in use by another host (through ARP).
 931:./lwip-2.1.2/src/core/ipv4/dhcp.c ****  *
 932:./lwip-2.1.2/src/core/ipv4/dhcp.c ****  * @param netif the netif under DHCP control
 933:./lwip-2.1.2/src/core/ipv4/dhcp.c ****  */
 934:./lwip-2.1.2/src/core/ipv4/dhcp.c **** static err_t
 935:./lwip-2.1.2/src/core/ipv4/dhcp.c **** dhcp_decline(struct netif *netif)
 936:./lwip-2.1.2/src/core/ipv4/dhcp.c **** {
 937:./lwip-2.1.2/src/core/ipv4/dhcp.c ****   struct dhcp *dhcp = netif_dhcp_data(netif);
 938:./lwip-2.1.2/src/core/ipv4/dhcp.c ****   err_t result;
 939:./lwip-2.1.2/src/core/ipv4/dhcp.c ****   u16_t msecs;
 940:./lwip-2.1.2/src/core/ipv4/dhcp.c ****   struct pbuf *p_out;
 941:./lwip-2.1.2/src/core/ipv4/dhcp.c ****   u16_t options_out_len;
 942:./lwip-2.1.2/src/core/ipv4/dhcp.c **** 
 943:./lwip-2.1.2/src/core/ipv4/dhcp.c ****   LWIP_DEBUGF(DHCP_DEBUG | LWIP_DBG_TRACE, ("dhcp_decline()\n"));
 944:./lwip-2.1.2/src/core/ipv4/dhcp.c ****   dhcp_set_state(dhcp, DHCP_STATE_BACKING_OFF);
 945:./lwip-2.1.2/src/core/ipv4/dhcp.c ****   /* create and initialize the DHCP message header */
 946:./lwip-2.1.2/src/core/ipv4/dhcp.c ****   p_out = dhcp_create_msg(netif, dhcp, DHCP_DECLINE, &options_out_len);
 947:./lwip-2.1.2/src/core/ipv4/dhcp.c ****   if (p_out != NULL) {
 948:./lwip-2.1.2/src/core/ipv4/dhcp.c ****     struct dhcp_msg *msg_out = (struct dhcp_msg *)p_out->payload;
 949:./lwip-2.1.2/src/core/ipv4/dhcp.c ****     options_out_len = dhcp_option(options_out_len, msg_out->options, DHCP_OPTION_REQUESTED_IP, 4);
 950:./lwip-2.1.2/src/core/ipv4/dhcp.c ****     options_out_len = dhcp_option_long(options_out_len, msg_out->options, lwip_ntohl(ip4_addr_get_u
 951:./lwip-2.1.2/src/core/ipv4/dhcp.c **** 
 952:./lwip-2.1.2/src/core/ipv4/dhcp.c ****     LWIP_HOOK_DHCP_APPEND_OPTIONS(netif, dhcp, DHCP_STATE_BACKING_OFF, msg_out, DHCP_DECLINE, &opti
 953:./lwip-2.1.2/src/core/ipv4/dhcp.c ****     dhcp_option_trailer(options_out_len, msg_out->options, p_out);
 954:./lwip-2.1.2/src/core/ipv4/dhcp.c **** 
 955:./lwip-2.1.2/src/core/ipv4/dhcp.c ****     /* per section 4.4.4, broadcast DECLINE messages */
 956:./lwip-2.1.2/src/core/ipv4/dhcp.c ****     result = udp_sendto_if_src(dhcp_pcb, p_out, IP_ADDR_BROADCAST, LWIP_IANA_PORT_DHCP_SERVER, neti
 957:./lwip-2.1.2/src/core/ipv4/dhcp.c ****     pbuf_free(p_out);
 958:./lwip-2.1.2/src/core/ipv4/dhcp.c ****     LWIP_DEBUGF(DHCP_DEBUG | LWIP_DBG_TRACE | LWIP_DBG_STATE, ("dhcp_decline: BACKING OFF\n"));
 959:./lwip-2.1.2/src/core/ipv4/dhcp.c ****   } else {
 960:./lwip-2.1.2/src/core/ipv4/dhcp.c ****     LWIP_DEBUGF(DHCP_DEBUG | LWIP_DBG_TRACE | LWIP_DBG_LEVEL_SERIOUS,
 961:./lwip-2.1.2/src/core/ipv4/dhcp.c ****                 ("dhcp_decline: could not allocate DHCP request\n"));
 962:./lwip-2.1.2/src/core/ipv4/dhcp.c ****     result = ERR_MEM;
 963:./lwip-2.1.2/src/core/ipv4/dhcp.c ****   }
 964:./lwip-2.1.2/src/core/ipv4/dhcp.c ****   if (dhcp->tries < 255) {
 965:./lwip-2.1.2/src/core/ipv4/dhcp.c ****     dhcp->tries++;
 966:./lwip-2.1.2/src/core/ipv4/dhcp.c ****   }
 967:./lwip-2.1.2/src/core/ipv4/dhcp.c ****   msecs = 10 * 1000;
 968:./lwip-2.1.2/src/core/ipv4/dhcp.c ****   dhcp->request_timeout = (u16_t)((msecs + DHCP_FINE_TIMER_MSECS - 1) / DHCP_FINE_TIMER_MSECS);
 969:./lwip-2.1.2/src/core/ipv4/dhcp.c ****   LWIP_DEBUGF(DHCP_DEBUG | LWIP_DBG_TRACE, ("dhcp_decline(): set request timeout %"U16_F" msecs\n",
 970:./lwip-2.1.2/src/core/ipv4/dhcp.c ****   return result;
 971:./lwip-2.1.2/src/core/ipv4/dhcp.c **** }
 972:./lwip-2.1.2/src/core/ipv4/dhcp.c **** #endif /* DHCP_DOES_ARP_CHECK */
 973:./lwip-2.1.2/src/core/ipv4/dhcp.c **** 
 974:./lwip-2.1.2/src/core/ipv4/dhcp.c **** 
 975:./lwip-2.1.2/src/core/ipv4/dhcp.c **** /**
 976:./lwip-2.1.2/src/core/ipv4/dhcp.c ****  * Start the DHCP process, discover a DHCP server.
 977:./lwip-2.1.2/src/core/ipv4/dhcp.c ****  *
 978:./lwip-2.1.2/src/core/ipv4/dhcp.c ****  * @param netif the netif under DHCP control
 979:./lwip-2.1.2/src/core/ipv4/dhcp.c ****  */
 980:./lwip-2.1.2/src/core/ipv4/dhcp.c **** static err_t
 981:./lwip-2.1.2/src/core/ipv4/dhcp.c **** dhcp_discover(struct netif *netif)
 982:./lwip-2.1.2/src/core/ipv4/dhcp.c **** {
 983:./lwip-2.1.2/src/core/ipv4/dhcp.c ****   struct dhcp *dhcp = netif_dhcp_data(netif);
 984:./lwip-2.1.2/src/core/ipv4/dhcp.c ****   err_t result = ERR_OK;
 985:./lwip-2.1.2/src/core/ipv4/dhcp.c ****   u16_t msecs;
 986:./lwip-2.1.2/src/core/ipv4/dhcp.c ****   u8_t i;
 987:./lwip-2.1.2/src/core/ipv4/dhcp.c ****   struct pbuf *p_out;
 988:./lwip-2.1.2/src/core/ipv4/dhcp.c ****   u16_t options_out_len;
 989:./lwip-2.1.2/src/core/ipv4/dhcp.c **** 
 990:./lwip-2.1.2/src/core/ipv4/dhcp.c ****   LWIP_DEBUGF(DHCP_DEBUG | LWIP_DBG_TRACE, ("dhcp_discover()\n"));
 991:./lwip-2.1.2/src/core/ipv4/dhcp.c **** 
 992:./lwip-2.1.2/src/core/ipv4/dhcp.c ****   ip4_addr_set_any(&dhcp->offered_ip_addr);
 993:./lwip-2.1.2/src/core/ipv4/dhcp.c ****   dhcp_set_state(dhcp, DHCP_STATE_SELECTING);
 994:./lwip-2.1.2/src/core/ipv4/dhcp.c ****   /* create and initialize the DHCP message header */
 995:./lwip-2.1.2/src/core/ipv4/dhcp.c ****   p_out = dhcp_create_msg(netif, dhcp, DHCP_DISCOVER, &options_out_len);
 996:./lwip-2.1.2/src/core/ipv4/dhcp.c ****   if (p_out != NULL) {
 997:./lwip-2.1.2/src/core/ipv4/dhcp.c ****     struct dhcp_msg *msg_out = (struct dhcp_msg *)p_out->payload;
 998:./lwip-2.1.2/src/core/ipv4/dhcp.c ****     LWIP_DEBUGF(DHCP_DEBUG | LWIP_DBG_TRACE, ("dhcp_discover: making request\n"));
 999:./lwip-2.1.2/src/core/ipv4/dhcp.c **** 
1000:./lwip-2.1.2/src/core/ipv4/dhcp.c ****     options_out_len = dhcp_option(options_out_len, msg_out->options, DHCP_OPTION_MAX_MSG_SIZE, DHCP
1001:./lwip-2.1.2/src/core/ipv4/dhcp.c ****     options_out_len = dhcp_option_short(options_out_len, msg_out->options, DHCP_MAX_MSG_LEN(netif))
1002:./lwip-2.1.2/src/core/ipv4/dhcp.c **** 
1003:./lwip-2.1.2/src/core/ipv4/dhcp.c ****     options_out_len = dhcp_option(options_out_len, msg_out->options, DHCP_OPTION_PARAMETER_REQUEST_
1004:./lwip-2.1.2/src/core/ipv4/dhcp.c ****     for (i = 0; i < LWIP_ARRAYSIZE(dhcp_discover_request_options); i++) {
1005:./lwip-2.1.2/src/core/ipv4/dhcp.c ****       options_out_len = dhcp_option_byte(options_out_len, msg_out->options, dhcp_discover_request_o
1006:./lwip-2.1.2/src/core/ipv4/dhcp.c ****     }
1007:./lwip-2.1.2/src/core/ipv4/dhcp.c ****     LWIP_HOOK_DHCP_APPEND_OPTIONS(netif, dhcp, DHCP_STATE_SELECTING, msg_out, DHCP_DISCOVER, &optio
1008:./lwip-2.1.2/src/core/ipv4/dhcp.c ****     dhcp_option_trailer(options_out_len, msg_out->options, p_out);
1009:./lwip-2.1.2/src/core/ipv4/dhcp.c **** 
1010:./lwip-2.1.2/src/core/ipv4/dhcp.c ****     LWIP_DEBUGF(DHCP_DEBUG | LWIP_DBG_TRACE, ("dhcp_discover: sendto(DISCOVER, IP_ADDR_BROADCAST, L
1011:./lwip-2.1.2/src/core/ipv4/dhcp.c ****     udp_sendto_if_src(dhcp_pcb, p_out, IP_ADDR_BROADCAST, LWIP_IANA_PORT_DHCP_SERVER, netif, IP4_AD
1012:./lwip-2.1.2/src/core/ipv4/dhcp.c ****     LWIP_DEBUGF(DHCP_DEBUG | LWIP_DBG_TRACE, ("dhcp_discover: deleting()ing\n"));
1013:./lwip-2.1.2/src/core/ipv4/dhcp.c ****     pbuf_free(p_out);
1014:./lwip-2.1.2/src/core/ipv4/dhcp.c ****     LWIP_DEBUGF(DHCP_DEBUG | LWIP_DBG_TRACE | LWIP_DBG_STATE, ("dhcp_discover: SELECTING\n"));
1015:./lwip-2.1.2/src/core/ipv4/dhcp.c ****   } else {
1016:./lwip-2.1.2/src/core/ipv4/dhcp.c ****     LWIP_DEBUGF(DHCP_DEBUG | LWIP_DBG_TRACE | LWIP_DBG_LEVEL_SERIOUS, ("dhcp_discover: could not al
1017:./lwip-2.1.2/src/core/ipv4/dhcp.c ****   }
1018:./lwip-2.1.2/src/core/ipv4/dhcp.c ****   if (dhcp->tries < 255) {
1019:./lwip-2.1.2/src/core/ipv4/dhcp.c ****     dhcp->tries++;
1020:./lwip-2.1.2/src/core/ipv4/dhcp.c ****   }
1021:./lwip-2.1.2/src/core/ipv4/dhcp.c **** #if LWIP_DHCP_AUTOIP_COOP
1022:./lwip-2.1.2/src/core/ipv4/dhcp.c ****   if (dhcp->tries >= LWIP_DHCP_AUTOIP_COOP_TRIES && dhcp->autoip_coop_state == DHCP_AUTOIP_COOP_STA
1023:./lwip-2.1.2/src/core/ipv4/dhcp.c ****     dhcp->autoip_coop_state = DHCP_AUTOIP_COOP_STATE_ON;
1024:./lwip-2.1.2/src/core/ipv4/dhcp.c ****     autoip_start(netif);
1025:./lwip-2.1.2/src/core/ipv4/dhcp.c ****   }
1026:./lwip-2.1.2/src/core/ipv4/dhcp.c **** #endif /* LWIP_DHCP_AUTOIP_COOP */
1027:./lwip-2.1.2/src/core/ipv4/dhcp.c ****   msecs = (u16_t)((dhcp->tries < 6 ? 1 << dhcp->tries : 60) * 1000);
1028:./lwip-2.1.2/src/core/ipv4/dhcp.c ****   dhcp->request_timeout = (u16_t)((msecs + DHCP_FINE_TIMER_MSECS - 1) / DHCP_FINE_TIMER_MSECS);
1029:./lwip-2.1.2/src/core/ipv4/dhcp.c ****   LWIP_DEBUGF(DHCP_DEBUG | LWIP_DBG_TRACE | LWIP_DBG_STATE, ("dhcp_discover(): set request timeout 
1030:./lwip-2.1.2/src/core/ipv4/dhcp.c ****   return result;
1031:./lwip-2.1.2/src/core/ipv4/dhcp.c **** }
1032:./lwip-2.1.2/src/core/ipv4/dhcp.c **** 
1033:./lwip-2.1.2/src/core/ipv4/dhcp.c **** 
1034:./lwip-2.1.2/src/core/ipv4/dhcp.c **** /**
1035:./lwip-2.1.2/src/core/ipv4/dhcp.c ****  * Bind the interface to the offered IP address.
1036:./lwip-2.1.2/src/core/ipv4/dhcp.c ****  *
1037:./lwip-2.1.2/src/core/ipv4/dhcp.c ****  * @param netif network interface to bind to the offered address
1038:./lwip-2.1.2/src/core/ipv4/dhcp.c ****  */
1039:./lwip-2.1.2/src/core/ipv4/dhcp.c **** static void
1040:./lwip-2.1.2/src/core/ipv4/dhcp.c **** dhcp_bind(struct netif *netif)
1041:./lwip-2.1.2/src/core/ipv4/dhcp.c **** {
1042:./lwip-2.1.2/src/core/ipv4/dhcp.c ****   u32_t timeout;
1043:./lwip-2.1.2/src/core/ipv4/dhcp.c ****   struct dhcp *dhcp;
1044:./lwip-2.1.2/src/core/ipv4/dhcp.c ****   ip4_addr_t sn_mask, gw_addr;
1045:./lwip-2.1.2/src/core/ipv4/dhcp.c ****   LWIP_ERROR("dhcp_bind: netif != NULL", (netif != NULL), return;);
1046:./lwip-2.1.2/src/core/ipv4/dhcp.c ****   dhcp = netif_dhcp_data(netif);
1047:./lwip-2.1.2/src/core/ipv4/dhcp.c ****   LWIP_ERROR("dhcp_bind: dhcp != NULL", (dhcp != NULL), return;);
1048:./lwip-2.1.2/src/core/ipv4/dhcp.c ****   LWIP_DEBUGF(DHCP_DEBUG | LWIP_DBG_TRACE, ("dhcp_bind(netif=%p) %c%c%"U16_F"\n", (void *)netif, ne
1049:./lwip-2.1.2/src/core/ipv4/dhcp.c **** 
1050:./lwip-2.1.2/src/core/ipv4/dhcp.c ****   /* reset time used of lease */
1051:./lwip-2.1.2/src/core/ipv4/dhcp.c ****   dhcp->lease_used = 0;
1052:./lwip-2.1.2/src/core/ipv4/dhcp.c **** 
1053:./lwip-2.1.2/src/core/ipv4/dhcp.c ****   if (dhcp->offered_t0_lease != 0xffffffffUL) {
1054:./lwip-2.1.2/src/core/ipv4/dhcp.c ****     /* set renewal period timer */
1055:./lwip-2.1.2/src/core/ipv4/dhcp.c ****     LWIP_DEBUGF(DHCP_DEBUG | LWIP_DBG_TRACE, ("dhcp_bind(): t0 renewal timer %"U32_F" secs\n", dhcp
1056:./lwip-2.1.2/src/core/ipv4/dhcp.c ****     timeout = (dhcp->offered_t0_lease + DHCP_COARSE_TIMER_SECS / 2) / DHCP_COARSE_TIMER_SECS;
1057:./lwip-2.1.2/src/core/ipv4/dhcp.c ****     if (timeout > 0xffff) {
1058:./lwip-2.1.2/src/core/ipv4/dhcp.c ****       timeout = 0xffff;
1059:./lwip-2.1.2/src/core/ipv4/dhcp.c ****     }
1060:./lwip-2.1.2/src/core/ipv4/dhcp.c ****     dhcp->t0_timeout = (u16_t)timeout;
1061:./lwip-2.1.2/src/core/ipv4/dhcp.c ****     if (dhcp->t0_timeout == 0) {
1062:./lwip-2.1.2/src/core/ipv4/dhcp.c ****       dhcp->t0_timeout = 1;
1063:./lwip-2.1.2/src/core/ipv4/dhcp.c ****     }
1064:./lwip-2.1.2/src/core/ipv4/dhcp.c ****     LWIP_DEBUGF(DHCP_DEBUG | LWIP_DBG_TRACE | LWIP_DBG_STATE, ("dhcp_bind(): set request timeout %"
1065:./lwip-2.1.2/src/core/ipv4/dhcp.c ****   }
1066:./lwip-2.1.2/src/core/ipv4/dhcp.c **** 
1067:./lwip-2.1.2/src/core/ipv4/dhcp.c ****   /* temporary DHCP lease? */
1068:./lwip-2.1.2/src/core/ipv4/dhcp.c ****   if (dhcp->offered_t1_renew != 0xffffffffUL) {
1069:./lwip-2.1.2/src/core/ipv4/dhcp.c ****     /* set renewal period timer */
1070:./lwip-2.1.2/src/core/ipv4/dhcp.c ****     LWIP_DEBUGF(DHCP_DEBUG | LWIP_DBG_TRACE, ("dhcp_bind(): t1 renewal timer %"U32_F" secs\n", dhcp
1071:./lwip-2.1.2/src/core/ipv4/dhcp.c ****     timeout = (dhcp->offered_t1_renew + DHCP_COARSE_TIMER_SECS / 2) / DHCP_COARSE_TIMER_SECS;
1072:./lwip-2.1.2/src/core/ipv4/dhcp.c ****     if (timeout > 0xffff) {
1073:./lwip-2.1.2/src/core/ipv4/dhcp.c ****       timeout = 0xffff;
1074:./lwip-2.1.2/src/core/ipv4/dhcp.c ****     }
1075:./lwip-2.1.2/src/core/ipv4/dhcp.c ****     dhcp->t1_timeout = (u16_t)timeout;
1076:./lwip-2.1.2/src/core/ipv4/dhcp.c ****     if (dhcp->t1_timeout == 0) {
1077:./lwip-2.1.2/src/core/ipv4/dhcp.c ****       dhcp->t1_timeout = 1;
1078:./lwip-2.1.2/src/core/ipv4/dhcp.c ****     }
1079:./lwip-2.1.2/src/core/ipv4/dhcp.c ****     LWIP_DEBUGF(DHCP_DEBUG | LWIP_DBG_TRACE | LWIP_DBG_STATE, ("dhcp_bind(): set request timeout %"
1080:./lwip-2.1.2/src/core/ipv4/dhcp.c ****     dhcp->t1_renew_time = dhcp->t1_timeout;
1081:./lwip-2.1.2/src/core/ipv4/dhcp.c ****   }
1082:./lwip-2.1.2/src/core/ipv4/dhcp.c ****   /* set renewal period timer */
1083:./lwip-2.1.2/src/core/ipv4/dhcp.c ****   if (dhcp->offered_t2_rebind != 0xffffffffUL) {
1084:./lwip-2.1.2/src/core/ipv4/dhcp.c ****     LWIP_DEBUGF(DHCP_DEBUG | LWIP_DBG_TRACE, ("dhcp_bind(): t2 rebind timer %"U32_F" secs\n", dhcp-
1085:./lwip-2.1.2/src/core/ipv4/dhcp.c ****     timeout = (dhcp->offered_t2_rebind + DHCP_COARSE_TIMER_SECS / 2) / DHCP_COARSE_TIMER_SECS;
1086:./lwip-2.1.2/src/core/ipv4/dhcp.c ****     if (timeout > 0xffff) {
1087:./lwip-2.1.2/src/core/ipv4/dhcp.c ****       timeout = 0xffff;
1088:./lwip-2.1.2/src/core/ipv4/dhcp.c ****     }
1089:./lwip-2.1.2/src/core/ipv4/dhcp.c ****     dhcp->t2_timeout = (u16_t)timeout;
1090:./lwip-2.1.2/src/core/ipv4/dhcp.c ****     if (dhcp->t2_timeout == 0) {
1091:./lwip-2.1.2/src/core/ipv4/dhcp.c ****       dhcp->t2_timeout = 1;
1092:./lwip-2.1.2/src/core/ipv4/dhcp.c ****     }
1093:./lwip-2.1.2/src/core/ipv4/dhcp.c ****     LWIP_DEBUGF(DHCP_DEBUG | LWIP_DBG_TRACE | LWIP_DBG_STATE, ("dhcp_bind(): set request timeout %"
1094:./lwip-2.1.2/src/core/ipv4/dhcp.c ****     dhcp->t2_rebind_time = dhcp->t2_timeout;
1095:./lwip-2.1.2/src/core/ipv4/dhcp.c ****   }
1096:./lwip-2.1.2/src/core/ipv4/dhcp.c **** 
1097:./lwip-2.1.2/src/core/ipv4/dhcp.c ****   /* If we have sub 1 minute lease, t2 and t1 will kick in at the same time. */
1098:./lwip-2.1.2/src/core/ipv4/dhcp.c ****   if ((dhcp->t1_timeout >= dhcp->t2_timeout) && (dhcp->t2_timeout > 0)) {
1099:./lwip-2.1.2/src/core/ipv4/dhcp.c ****     dhcp->t1_timeout = 0;
1100:./lwip-2.1.2/src/core/ipv4/dhcp.c ****   }
1101:./lwip-2.1.2/src/core/ipv4/dhcp.c **** 
1102:./lwip-2.1.2/src/core/ipv4/dhcp.c ****   if (dhcp->subnet_mask_given) {
1103:./lwip-2.1.2/src/core/ipv4/dhcp.c ****     /* copy offered network mask */
1104:./lwip-2.1.2/src/core/ipv4/dhcp.c ****     ip4_addr_copy(sn_mask, dhcp->offered_sn_mask);
1105:./lwip-2.1.2/src/core/ipv4/dhcp.c ****   } else {
1106:./lwip-2.1.2/src/core/ipv4/dhcp.c ****     /* subnet mask not given, choose a safe subnet mask given the network class */
1107:./lwip-2.1.2/src/core/ipv4/dhcp.c ****     u8_t first_octet = ip4_addr1(&dhcp->offered_ip_addr);
1108:./lwip-2.1.2/src/core/ipv4/dhcp.c ****     if (first_octet <= 127) {
1109:./lwip-2.1.2/src/core/ipv4/dhcp.c ****       ip4_addr_set_u32(&sn_mask, PP_HTONL(0xff000000UL));
1110:./lwip-2.1.2/src/core/ipv4/dhcp.c ****     } else if (first_octet >= 192) {
1111:./lwip-2.1.2/src/core/ipv4/dhcp.c ****       ip4_addr_set_u32(&sn_mask, PP_HTONL(0xffffff00UL));
1112:./lwip-2.1.2/src/core/ipv4/dhcp.c ****     } else {
1113:./lwip-2.1.2/src/core/ipv4/dhcp.c ****       ip4_addr_set_u32(&sn_mask, PP_HTONL(0xffff0000UL));
1114:./lwip-2.1.2/src/core/ipv4/dhcp.c ****     }
1115:./lwip-2.1.2/src/core/ipv4/dhcp.c ****   }
1116:./lwip-2.1.2/src/core/ipv4/dhcp.c **** 
1117:./lwip-2.1.2/src/core/ipv4/dhcp.c ****   ip4_addr_copy(gw_addr, dhcp->offered_gw_addr);
1118:./lwip-2.1.2/src/core/ipv4/dhcp.c ****   /* gateway address not given? */
1119:./lwip-2.1.2/src/core/ipv4/dhcp.c ****   if (ip4_addr_isany_val(gw_addr)) {
1120:./lwip-2.1.2/src/core/ipv4/dhcp.c ****     /* copy network address */
1121:./lwip-2.1.2/src/core/ipv4/dhcp.c ****     ip4_addr_get_network(&gw_addr, &dhcp->offered_ip_addr, &sn_mask);
1122:./lwip-2.1.2/src/core/ipv4/dhcp.c ****     /* use first host address on network as gateway */
1123:./lwip-2.1.2/src/core/ipv4/dhcp.c ****     ip4_addr_set_u32(&gw_addr, ip4_addr_get_u32(&gw_addr) | PP_HTONL(0x00000001UL));
1124:./lwip-2.1.2/src/core/ipv4/dhcp.c ****   }
1125:./lwip-2.1.2/src/core/ipv4/dhcp.c **** 
1126:./lwip-2.1.2/src/core/ipv4/dhcp.c **** #if LWIP_DHCP_AUTOIP_COOP
1127:./lwip-2.1.2/src/core/ipv4/dhcp.c ****   if (dhcp->autoip_coop_state == DHCP_AUTOIP_COOP_STATE_ON) {
1128:./lwip-2.1.2/src/core/ipv4/dhcp.c ****     autoip_stop(netif);
1129:./lwip-2.1.2/src/core/ipv4/dhcp.c ****     dhcp->autoip_coop_state = DHCP_AUTOIP_COOP_STATE_OFF;
1130:./lwip-2.1.2/src/core/ipv4/dhcp.c ****   }
1131:./lwip-2.1.2/src/core/ipv4/dhcp.c **** #endif /* LWIP_DHCP_AUTOIP_COOP */
1132:./lwip-2.1.2/src/core/ipv4/dhcp.c **** 
1133:./lwip-2.1.2/src/core/ipv4/dhcp.c ****   LWIP_DEBUGF(DHCP_DEBUG | LWIP_DBG_STATE, ("dhcp_bind(): IP: 0x%08"X32_F" SN: 0x%08"X32_F" GW: 0x%
1134:./lwip-2.1.2/src/core/ipv4/dhcp.c ****               ip4_addr_get_u32(&dhcp->offered_ip_addr), ip4_addr_get_u32(&sn_mask), ip4_addr_get_u3
1135:./lwip-2.1.2/src/core/ipv4/dhcp.c ****   /* netif is now bound to DHCP leased address - set this before assigning the address
1136:./lwip-2.1.2/src/core/ipv4/dhcp.c ****      to ensure the callback can use dhcp_supplied_address() */
1137:./lwip-2.1.2/src/core/ipv4/dhcp.c ****   dhcp_set_state(dhcp, DHCP_STATE_BOUND);
1138:./lwip-2.1.2/src/core/ipv4/dhcp.c **** 
1139:./lwip-2.1.2/src/core/ipv4/dhcp.c ****   netif_set_addr(netif, &dhcp->offered_ip_addr, &sn_mask, &gw_addr);
1140:./lwip-2.1.2/src/core/ipv4/dhcp.c ****   /* interface is used by routing now that an address is set */
1141:./lwip-2.1.2/src/core/ipv4/dhcp.c **** }
1142:./lwip-2.1.2/src/core/ipv4/dhcp.c **** 
1143:./lwip-2.1.2/src/core/ipv4/dhcp.c **** /**
1144:./lwip-2.1.2/src/core/ipv4/dhcp.c ****  * @ingroup dhcp4
1145:./lwip-2.1.2/src/core/ipv4/dhcp.c ****  * Renew an existing DHCP lease at the involved DHCP server.
1146:./lwip-2.1.2/src/core/ipv4/dhcp.c ****  *
1147:./lwip-2.1.2/src/core/ipv4/dhcp.c ****  * @param netif network interface which must renew its lease
1148:./lwip-2.1.2/src/core/ipv4/dhcp.c ****  */
1149:./lwip-2.1.2/src/core/ipv4/dhcp.c **** err_t
1150:./lwip-2.1.2/src/core/ipv4/dhcp.c **** dhcp_renew(struct netif *netif)
1151:./lwip-2.1.2/src/core/ipv4/dhcp.c **** {
1152:./lwip-2.1.2/src/core/ipv4/dhcp.c ****   struct dhcp *dhcp = netif_dhcp_data(netif);
1153:./lwip-2.1.2/src/core/ipv4/dhcp.c ****   err_t result;
1154:./lwip-2.1.2/src/core/ipv4/dhcp.c ****   u16_t msecs;
1155:./lwip-2.1.2/src/core/ipv4/dhcp.c ****   u8_t i;
1156:./lwip-2.1.2/src/core/ipv4/dhcp.c ****   struct pbuf *p_out;
1157:./lwip-2.1.2/src/core/ipv4/dhcp.c ****   u16_t options_out_len;
1158:./lwip-2.1.2/src/core/ipv4/dhcp.c **** 
1159:./lwip-2.1.2/src/core/ipv4/dhcp.c ****   LWIP_ASSERT_CORE_LOCKED();
1160:./lwip-2.1.2/src/core/ipv4/dhcp.c ****   LWIP_DEBUGF(DHCP_DEBUG | LWIP_DBG_TRACE, ("dhcp_renew()\n"));
1161:./lwip-2.1.2/src/core/ipv4/dhcp.c ****   dhcp_set_state(dhcp, DHCP_STATE_RENEWING);
1162:./lwip-2.1.2/src/core/ipv4/dhcp.c **** 
1163:./lwip-2.1.2/src/core/ipv4/dhcp.c ****   /* create and initialize the DHCP message header */
1164:./lwip-2.1.2/src/core/ipv4/dhcp.c ****   p_out = dhcp_create_msg(netif, dhcp, DHCP_REQUEST, &options_out_len);
1165:./lwip-2.1.2/src/core/ipv4/dhcp.c ****   if (p_out != NULL) {
1166:./lwip-2.1.2/src/core/ipv4/dhcp.c ****     struct dhcp_msg *msg_out = (struct dhcp_msg *)p_out->payload;
1167:./lwip-2.1.2/src/core/ipv4/dhcp.c ****     options_out_len = dhcp_option(options_out_len, msg_out->options, DHCP_OPTION_MAX_MSG_SIZE, DHCP
1168:./lwip-2.1.2/src/core/ipv4/dhcp.c ****     options_out_len = dhcp_option_short(options_out_len, msg_out->options, DHCP_MAX_MSG_LEN(netif))
1169:./lwip-2.1.2/src/core/ipv4/dhcp.c **** 
1170:./lwip-2.1.2/src/core/ipv4/dhcp.c ****     options_out_len = dhcp_option(options_out_len, msg_out->options, DHCP_OPTION_PARAMETER_REQUEST_
1171:./lwip-2.1.2/src/core/ipv4/dhcp.c ****     for (i = 0; i < LWIP_ARRAYSIZE(dhcp_discover_request_options); i++) {
1172:./lwip-2.1.2/src/core/ipv4/dhcp.c ****       options_out_len = dhcp_option_byte(options_out_len, msg_out->options, dhcp_discover_request_o
1173:./lwip-2.1.2/src/core/ipv4/dhcp.c ****     }
1174:./lwip-2.1.2/src/core/ipv4/dhcp.c **** 
1175:./lwip-2.1.2/src/core/ipv4/dhcp.c **** #if LWIP_NETIF_HOSTNAME
1176:./lwip-2.1.2/src/core/ipv4/dhcp.c ****     options_out_len = dhcp_option_hostname(options_out_len, msg_out->options, netif);
1177:./lwip-2.1.2/src/core/ipv4/dhcp.c **** #endif /* LWIP_NETIF_HOSTNAME */
1178:./lwip-2.1.2/src/core/ipv4/dhcp.c **** 
1179:./lwip-2.1.2/src/core/ipv4/dhcp.c ****     LWIP_HOOK_DHCP_APPEND_OPTIONS(netif, dhcp, DHCP_STATE_RENEWING, msg_out, DHCP_REQUEST, &options
1180:./lwip-2.1.2/src/core/ipv4/dhcp.c ****     dhcp_option_trailer(options_out_len, msg_out->options, p_out);
1181:./lwip-2.1.2/src/core/ipv4/dhcp.c **** 
1182:./lwip-2.1.2/src/core/ipv4/dhcp.c ****     result = udp_sendto_if(dhcp_pcb, p_out, &dhcp->server_ip_addr, LWIP_IANA_PORT_DHCP_SERVER, neti
1183:./lwip-2.1.2/src/core/ipv4/dhcp.c ****     pbuf_free(p_out);
1184:./lwip-2.1.2/src/core/ipv4/dhcp.c **** 
1185:./lwip-2.1.2/src/core/ipv4/dhcp.c ****     LWIP_DEBUGF(DHCP_DEBUG | LWIP_DBG_TRACE | LWIP_DBG_STATE, ("dhcp_renew: RENEWING\n"));
1186:./lwip-2.1.2/src/core/ipv4/dhcp.c ****   } else {
1187:./lwip-2.1.2/src/core/ipv4/dhcp.c ****     LWIP_DEBUGF(DHCP_DEBUG | LWIP_DBG_TRACE | LWIP_DBG_LEVEL_SERIOUS, ("dhcp_renew: could not alloc
1188:./lwip-2.1.2/src/core/ipv4/dhcp.c ****     result = ERR_MEM;
1189:./lwip-2.1.2/src/core/ipv4/dhcp.c ****   }
1190:./lwip-2.1.2/src/core/ipv4/dhcp.c ****   if (dhcp->tries < 255) {
1191:./lwip-2.1.2/src/core/ipv4/dhcp.c ****     dhcp->tries++;
1192:./lwip-2.1.2/src/core/ipv4/dhcp.c ****   }
1193:./lwip-2.1.2/src/core/ipv4/dhcp.c ****   /* back-off on retries, but to a maximum of 20 seconds */
1194:./lwip-2.1.2/src/core/ipv4/dhcp.c ****   msecs = (u16_t)(dhcp->tries < 10 ? dhcp->tries * 2000 : 20 * 1000);
1195:./lwip-2.1.2/src/core/ipv4/dhcp.c ****   dhcp->request_timeout = (u16_t)((msecs + DHCP_FINE_TIMER_MSECS - 1) / DHCP_FINE_TIMER_MSECS);
1196:./lwip-2.1.2/src/core/ipv4/dhcp.c ****   LWIP_DEBUGF(DHCP_DEBUG | LWIP_DBG_TRACE | LWIP_DBG_STATE, ("dhcp_renew(): set request timeout %"U
1197:./lwip-2.1.2/src/core/ipv4/dhcp.c ****   return result;
1198:./lwip-2.1.2/src/core/ipv4/dhcp.c **** }
1199:./lwip-2.1.2/src/core/ipv4/dhcp.c **** 
1200:./lwip-2.1.2/src/core/ipv4/dhcp.c **** /**
1201:./lwip-2.1.2/src/core/ipv4/dhcp.c ****  * Rebind with a DHCP server for an existing DHCP lease.
1202:./lwip-2.1.2/src/core/ipv4/dhcp.c ****  *
1203:./lwip-2.1.2/src/core/ipv4/dhcp.c ****  * @param netif network interface which must rebind with a DHCP server
1204:./lwip-2.1.2/src/core/ipv4/dhcp.c ****  */
1205:./lwip-2.1.2/src/core/ipv4/dhcp.c **** static err_t
1206:./lwip-2.1.2/src/core/ipv4/dhcp.c **** dhcp_rebind(struct netif *netif)
1207:./lwip-2.1.2/src/core/ipv4/dhcp.c **** {
1208:./lwip-2.1.2/src/core/ipv4/dhcp.c ****   struct dhcp *dhcp = netif_dhcp_data(netif);
1209:./lwip-2.1.2/src/core/ipv4/dhcp.c ****   err_t result;
1210:./lwip-2.1.2/src/core/ipv4/dhcp.c ****   u16_t msecs;
1211:./lwip-2.1.2/src/core/ipv4/dhcp.c ****   u8_t i;
1212:./lwip-2.1.2/src/core/ipv4/dhcp.c ****   struct pbuf *p_out;
1213:./lwip-2.1.2/src/core/ipv4/dhcp.c ****   u16_t options_out_len;
1214:./lwip-2.1.2/src/core/ipv4/dhcp.c **** 
1215:./lwip-2.1.2/src/core/ipv4/dhcp.c ****   LWIP_DEBUGF(DHCP_DEBUG | LWIP_DBG_TRACE | LWIP_DBG_STATE, ("dhcp_rebind()\n"));
1216:./lwip-2.1.2/src/core/ipv4/dhcp.c ****   dhcp_set_state(dhcp, DHCP_STATE_REBINDING);
1217:./lwip-2.1.2/src/core/ipv4/dhcp.c **** 
1218:./lwip-2.1.2/src/core/ipv4/dhcp.c ****   /* create and initialize the DHCP message header */
1219:./lwip-2.1.2/src/core/ipv4/dhcp.c ****   p_out = dhcp_create_msg(netif, dhcp, DHCP_REQUEST, &options_out_len);
1220:./lwip-2.1.2/src/core/ipv4/dhcp.c ****   if (p_out != NULL) {
1221:./lwip-2.1.2/src/core/ipv4/dhcp.c ****     struct dhcp_msg *msg_out = (struct dhcp_msg *)p_out->payload;
1222:./lwip-2.1.2/src/core/ipv4/dhcp.c ****     options_out_len = dhcp_option(options_out_len, msg_out->options, DHCP_OPTION_MAX_MSG_SIZE, DHCP
1223:./lwip-2.1.2/src/core/ipv4/dhcp.c ****     options_out_len = dhcp_option_short(options_out_len, msg_out->options, DHCP_MAX_MSG_LEN(netif))
1224:./lwip-2.1.2/src/core/ipv4/dhcp.c **** 
1225:./lwip-2.1.2/src/core/ipv4/dhcp.c ****     options_out_len = dhcp_option(options_out_len, msg_out->options, DHCP_OPTION_PARAMETER_REQUEST_
1226:./lwip-2.1.2/src/core/ipv4/dhcp.c ****     for (i = 0; i < LWIP_ARRAYSIZE(dhcp_discover_request_options); i++) {
1227:./lwip-2.1.2/src/core/ipv4/dhcp.c ****       options_out_len = dhcp_option_byte(options_out_len, msg_out->options, dhcp_discover_request_o
1228:./lwip-2.1.2/src/core/ipv4/dhcp.c ****     }
1229:./lwip-2.1.2/src/core/ipv4/dhcp.c **** 
1230:./lwip-2.1.2/src/core/ipv4/dhcp.c **** #if LWIP_NETIF_HOSTNAME
1231:./lwip-2.1.2/src/core/ipv4/dhcp.c ****     options_out_len = dhcp_option_hostname(options_out_len, msg_out->options, netif);
1232:./lwip-2.1.2/src/core/ipv4/dhcp.c **** #endif /* LWIP_NETIF_HOSTNAME */
1233:./lwip-2.1.2/src/core/ipv4/dhcp.c **** 
1234:./lwip-2.1.2/src/core/ipv4/dhcp.c ****     LWIP_HOOK_DHCP_APPEND_OPTIONS(netif, dhcp, DHCP_STATE_REBINDING, msg_out, DHCP_DISCOVER, &optio
1235:./lwip-2.1.2/src/core/ipv4/dhcp.c ****     dhcp_option_trailer(options_out_len, msg_out->options, p_out);
1236:./lwip-2.1.2/src/core/ipv4/dhcp.c **** 
1237:./lwip-2.1.2/src/core/ipv4/dhcp.c ****     /* broadcast to server */
1238:./lwip-2.1.2/src/core/ipv4/dhcp.c ****     result = udp_sendto_if(dhcp_pcb, p_out, IP_ADDR_BROADCAST, LWIP_IANA_PORT_DHCP_SERVER, netif);
1239:./lwip-2.1.2/src/core/ipv4/dhcp.c ****     pbuf_free(p_out);
1240:./lwip-2.1.2/src/core/ipv4/dhcp.c ****     LWIP_DEBUGF(DHCP_DEBUG | LWIP_DBG_TRACE | LWIP_DBG_STATE, ("dhcp_rebind: REBINDING\n"));
1241:./lwip-2.1.2/src/core/ipv4/dhcp.c ****   } else {
1242:./lwip-2.1.2/src/core/ipv4/dhcp.c ****     LWIP_DEBUGF(DHCP_DEBUG | LWIP_DBG_TRACE | LWIP_DBG_LEVEL_SERIOUS, ("dhcp_rebind: could not allo
1243:./lwip-2.1.2/src/core/ipv4/dhcp.c ****     result = ERR_MEM;
1244:./lwip-2.1.2/src/core/ipv4/dhcp.c ****   }
1245:./lwip-2.1.2/src/core/ipv4/dhcp.c ****   if (dhcp->tries < 255) {
1246:./lwip-2.1.2/src/core/ipv4/dhcp.c ****     dhcp->tries++;
1247:./lwip-2.1.2/src/core/ipv4/dhcp.c ****   }
1248:./lwip-2.1.2/src/core/ipv4/dhcp.c ****   msecs = (u16_t)(dhcp->tries < 10 ? dhcp->tries * 1000 : 10 * 1000);
1249:./lwip-2.1.2/src/core/ipv4/dhcp.c ****   dhcp->request_timeout = (u16_t)((msecs + DHCP_FINE_TIMER_MSECS - 1) / DHCP_FINE_TIMER_MSECS);
1250:./lwip-2.1.2/src/core/ipv4/dhcp.c ****   LWIP_DEBUGF(DHCP_DEBUG | LWIP_DBG_TRACE | LWIP_DBG_STATE, ("dhcp_rebind(): set request timeout %"
1251:./lwip-2.1.2/src/core/ipv4/dhcp.c ****   return result;
1252:./lwip-2.1.2/src/core/ipv4/dhcp.c **** }
1253:./lwip-2.1.2/src/core/ipv4/dhcp.c **** 
1254:./lwip-2.1.2/src/core/ipv4/dhcp.c **** /**
1255:./lwip-2.1.2/src/core/ipv4/dhcp.c ****  * Enter REBOOTING state to verify an existing lease
1256:./lwip-2.1.2/src/core/ipv4/dhcp.c ****  *
1257:./lwip-2.1.2/src/core/ipv4/dhcp.c ****  * @param netif network interface which must reboot
1258:./lwip-2.1.2/src/core/ipv4/dhcp.c ****  */
1259:./lwip-2.1.2/src/core/ipv4/dhcp.c **** static err_t
1260:./lwip-2.1.2/src/core/ipv4/dhcp.c **** dhcp_reboot(struct netif *netif)
1261:./lwip-2.1.2/src/core/ipv4/dhcp.c **** {
1262:./lwip-2.1.2/src/core/ipv4/dhcp.c ****   struct dhcp *dhcp = netif_dhcp_data(netif);
1263:./lwip-2.1.2/src/core/ipv4/dhcp.c ****   err_t result;
1264:./lwip-2.1.2/src/core/ipv4/dhcp.c ****   u16_t msecs;
1265:./lwip-2.1.2/src/core/ipv4/dhcp.c ****   u8_t i;
1266:./lwip-2.1.2/src/core/ipv4/dhcp.c ****   struct pbuf *p_out;
1267:./lwip-2.1.2/src/core/ipv4/dhcp.c ****   u16_t options_out_len;
1268:./lwip-2.1.2/src/core/ipv4/dhcp.c **** 
1269:./lwip-2.1.2/src/core/ipv4/dhcp.c ****   LWIP_DEBUGF(DHCP_DEBUG | LWIP_DBG_TRACE | LWIP_DBG_STATE, ("dhcp_reboot()\n"));
1270:./lwip-2.1.2/src/core/ipv4/dhcp.c ****   dhcp_set_state(dhcp, DHCP_STATE_REBOOTING);
1271:./lwip-2.1.2/src/core/ipv4/dhcp.c **** 
1272:./lwip-2.1.2/src/core/ipv4/dhcp.c ****   /* create and initialize the DHCP message header */
1273:./lwip-2.1.2/src/core/ipv4/dhcp.c ****   p_out = dhcp_create_msg(netif, dhcp, DHCP_REQUEST, &options_out_len);
1274:./lwip-2.1.2/src/core/ipv4/dhcp.c ****   if (p_out != NULL) {
1275:./lwip-2.1.2/src/core/ipv4/dhcp.c ****     struct dhcp_msg *msg_out = (struct dhcp_msg *)p_out->payload;
1276:./lwip-2.1.2/src/core/ipv4/dhcp.c ****     options_out_len = dhcp_option(options_out_len, msg_out->options, DHCP_OPTION_MAX_MSG_SIZE, DHCP
1277:./lwip-2.1.2/src/core/ipv4/dhcp.c ****     options_out_len = dhcp_option_short(options_out_len, msg_out->options, DHCP_MAX_MSG_LEN_MIN_REQ
1278:./lwip-2.1.2/src/core/ipv4/dhcp.c **** 
1279:./lwip-2.1.2/src/core/ipv4/dhcp.c ****     options_out_len = dhcp_option(options_out_len, msg_out->options, DHCP_OPTION_REQUESTED_IP, 4);
1280:./lwip-2.1.2/src/core/ipv4/dhcp.c ****     options_out_len = dhcp_option_long(options_out_len, msg_out->options, lwip_ntohl(ip4_addr_get_u
1281:./lwip-2.1.2/src/core/ipv4/dhcp.c **** 
1282:./lwip-2.1.2/src/core/ipv4/dhcp.c ****     options_out_len = dhcp_option(options_out_len, msg_out->options, DHCP_OPTION_PARAMETER_REQUEST_
1283:./lwip-2.1.2/src/core/ipv4/dhcp.c ****     for (i = 0; i < LWIP_ARRAYSIZE(dhcp_discover_request_options); i++) {
1284:./lwip-2.1.2/src/core/ipv4/dhcp.c ****       options_out_len = dhcp_option_byte(options_out_len, msg_out->options, dhcp_discover_request_o
1285:./lwip-2.1.2/src/core/ipv4/dhcp.c ****     }
1286:./lwip-2.1.2/src/core/ipv4/dhcp.c **** 
1287:./lwip-2.1.2/src/core/ipv4/dhcp.c **** #if LWIP_NETIF_HOSTNAME
1288:./lwip-2.1.2/src/core/ipv4/dhcp.c ****     options_out_len = dhcp_option_hostname(options_out_len, msg_out->options, netif);
1289:./lwip-2.1.2/src/core/ipv4/dhcp.c **** #endif /* LWIP_NETIF_HOSTNAME */
1290:./lwip-2.1.2/src/core/ipv4/dhcp.c **** 
1291:./lwip-2.1.2/src/core/ipv4/dhcp.c ****     LWIP_HOOK_DHCP_APPEND_OPTIONS(netif, dhcp, DHCP_STATE_REBOOTING, msg_out, DHCP_REQUEST, &option
1292:./lwip-2.1.2/src/core/ipv4/dhcp.c ****     dhcp_option_trailer(options_out_len, msg_out->options, p_out);
1293:./lwip-2.1.2/src/core/ipv4/dhcp.c **** 
1294:./lwip-2.1.2/src/core/ipv4/dhcp.c ****     /* broadcast to server */
1295:./lwip-2.1.2/src/core/ipv4/dhcp.c ****     result = udp_sendto_if(dhcp_pcb, p_out, IP_ADDR_BROADCAST, LWIP_IANA_PORT_DHCP_SERVER, netif);
1296:./lwip-2.1.2/src/core/ipv4/dhcp.c ****     pbuf_free(p_out);
1297:./lwip-2.1.2/src/core/ipv4/dhcp.c ****     LWIP_DEBUGF(DHCP_DEBUG | LWIP_DBG_TRACE | LWIP_DBG_STATE, ("dhcp_reboot: REBOOTING\n"));
1298:./lwip-2.1.2/src/core/ipv4/dhcp.c ****   } else {
1299:./lwip-2.1.2/src/core/ipv4/dhcp.c ****     LWIP_DEBUGF(DHCP_DEBUG | LWIP_DBG_TRACE | LWIP_DBG_LEVEL_SERIOUS, ("dhcp_reboot: could not allo
1300:./lwip-2.1.2/src/core/ipv4/dhcp.c ****     result = ERR_MEM;
1301:./lwip-2.1.2/src/core/ipv4/dhcp.c ****   }
1302:./lwip-2.1.2/src/core/ipv4/dhcp.c ****   if (dhcp->tries < 255) {
1303:./lwip-2.1.2/src/core/ipv4/dhcp.c ****     dhcp->tries++;
1304:./lwip-2.1.2/src/core/ipv4/dhcp.c ****   }
1305:./lwip-2.1.2/src/core/ipv4/dhcp.c ****   msecs = (u16_t)(dhcp->tries < 10 ? dhcp->tries * 1000 : 10 * 1000);
1306:./lwip-2.1.2/src/core/ipv4/dhcp.c ****   dhcp->request_timeout = (u16_t)((msecs + DHCP_FINE_TIMER_MSECS - 1) / DHCP_FINE_TIMER_MSECS);
1307:./lwip-2.1.2/src/core/ipv4/dhcp.c ****   LWIP_DEBUGF(DHCP_DEBUG | LWIP_DBG_TRACE | LWIP_DBG_STATE, ("dhcp_reboot(): set request timeout %"
1308:./lwip-2.1.2/src/core/ipv4/dhcp.c ****   return result;
1309:./lwip-2.1.2/src/core/ipv4/dhcp.c **** }
1310:./lwip-2.1.2/src/core/ipv4/dhcp.c **** 
1311:./lwip-2.1.2/src/core/ipv4/dhcp.c **** /**
1312:./lwip-2.1.2/src/core/ipv4/dhcp.c ****  * @ingroup dhcp4
1313:./lwip-2.1.2/src/core/ipv4/dhcp.c ****  * Release a DHCP lease and stop DHCP statemachine (and AUTOIP if LWIP_DHCP_AUTOIP_COOP).
1314:./lwip-2.1.2/src/core/ipv4/dhcp.c ****  *
1315:./lwip-2.1.2/src/core/ipv4/dhcp.c ****  * @param netif network interface
1316:./lwip-2.1.2/src/core/ipv4/dhcp.c ****  */
1317:./lwip-2.1.2/src/core/ipv4/dhcp.c **** void
1318:./lwip-2.1.2/src/core/ipv4/dhcp.c **** dhcp_release_and_stop(struct netif *netif)
1319:./lwip-2.1.2/src/core/ipv4/dhcp.c **** {
1320:./lwip-2.1.2/src/core/ipv4/dhcp.c ****   struct dhcp *dhcp = netif_dhcp_data(netif);
1321:./lwip-2.1.2/src/core/ipv4/dhcp.c ****   ip_addr_t server_ip_addr;
1322:./lwip-2.1.2/src/core/ipv4/dhcp.c **** 
1323:./lwip-2.1.2/src/core/ipv4/dhcp.c ****   LWIP_ASSERT_CORE_LOCKED();
1324:./lwip-2.1.2/src/core/ipv4/dhcp.c ****   LWIP_DEBUGF(DHCP_DEBUG | LWIP_DBG_TRACE, ("dhcp_release_and_stop()\n"));
1325:./lwip-2.1.2/src/core/ipv4/dhcp.c ****   if (dhcp == NULL) {
1326:./lwip-2.1.2/src/core/ipv4/dhcp.c ****     return;
1327:./lwip-2.1.2/src/core/ipv4/dhcp.c ****   }
1328:./lwip-2.1.2/src/core/ipv4/dhcp.c **** 
1329:./lwip-2.1.2/src/core/ipv4/dhcp.c ****   /* already off? -> nothing to do */
1330:./lwip-2.1.2/src/core/ipv4/dhcp.c ****   if (dhcp->state == DHCP_STATE_OFF) {
1331:./lwip-2.1.2/src/core/ipv4/dhcp.c ****     return;
1332:./lwip-2.1.2/src/core/ipv4/dhcp.c ****   }
1333:./lwip-2.1.2/src/core/ipv4/dhcp.c **** 
1334:./lwip-2.1.2/src/core/ipv4/dhcp.c ****   ip_addr_copy(server_ip_addr, dhcp->server_ip_addr);
1335:./lwip-2.1.2/src/core/ipv4/dhcp.c **** 
1336:./lwip-2.1.2/src/core/ipv4/dhcp.c ****   /* clean old DHCP offer */
1337:./lwip-2.1.2/src/core/ipv4/dhcp.c ****   ip_addr_set_zero_ip4(&dhcp->server_ip_addr);
1338:./lwip-2.1.2/src/core/ipv4/dhcp.c ****   ip4_addr_set_zero(&dhcp->offered_ip_addr);
1339:./lwip-2.1.2/src/core/ipv4/dhcp.c ****   ip4_addr_set_zero(&dhcp->offered_sn_mask);
1340:./lwip-2.1.2/src/core/ipv4/dhcp.c ****   ip4_addr_set_zero(&dhcp->offered_gw_addr);
1341:./lwip-2.1.2/src/core/ipv4/dhcp.c **** #if LWIP_DHCP_BOOTP_FILE
1342:./lwip-2.1.2/src/core/ipv4/dhcp.c ****   ip4_addr_set_zero(&dhcp->offered_si_addr);
1343:./lwip-2.1.2/src/core/ipv4/dhcp.c **** #endif /* LWIP_DHCP_BOOTP_FILE */
1344:./lwip-2.1.2/src/core/ipv4/dhcp.c ****   dhcp->offered_t0_lease = dhcp->offered_t1_renew = dhcp->offered_t2_rebind = 0;
1345:./lwip-2.1.2/src/core/ipv4/dhcp.c ****   dhcp->t1_renew_time = dhcp->t2_rebind_time = dhcp->lease_used = dhcp->t0_timeout = 0;
1346:./lwip-2.1.2/src/core/ipv4/dhcp.c **** 
1347:./lwip-2.1.2/src/core/ipv4/dhcp.c ****   /* send release message when current IP was assigned via DHCP */
1348:./lwip-2.1.2/src/core/ipv4/dhcp.c ****   if (dhcp_supplied_address(netif)) {
1349:./lwip-2.1.2/src/core/ipv4/dhcp.c ****     /* create and initialize the DHCP message header */
1350:./lwip-2.1.2/src/core/ipv4/dhcp.c ****     struct pbuf *p_out;
1351:./lwip-2.1.2/src/core/ipv4/dhcp.c ****     u16_t options_out_len;
1352:./lwip-2.1.2/src/core/ipv4/dhcp.c ****     p_out = dhcp_create_msg(netif, dhcp, DHCP_RELEASE, &options_out_len);
1353:./lwip-2.1.2/src/core/ipv4/dhcp.c ****     if (p_out != NULL) {
1354:./lwip-2.1.2/src/core/ipv4/dhcp.c ****       struct dhcp_msg *msg_out = (struct dhcp_msg *)p_out->payload;
1355:./lwip-2.1.2/src/core/ipv4/dhcp.c ****       options_out_len = dhcp_option(options_out_len, msg_out->options, DHCP_OPTION_SERVER_ID, 4);
1356:./lwip-2.1.2/src/core/ipv4/dhcp.c ****       options_out_len = dhcp_option_long(options_out_len, msg_out->options, lwip_ntohl(ip4_addr_get
1357:./lwip-2.1.2/src/core/ipv4/dhcp.c **** 
1358:./lwip-2.1.2/src/core/ipv4/dhcp.c ****       LWIP_HOOK_DHCP_APPEND_OPTIONS(netif, dhcp, dhcp->state, msg_out, DHCP_RELEASE, &options_out_l
1359:./lwip-2.1.2/src/core/ipv4/dhcp.c ****       dhcp_option_trailer(options_out_len, msg_out->options, p_out);
1360:./lwip-2.1.2/src/core/ipv4/dhcp.c **** 
1361:./lwip-2.1.2/src/core/ipv4/dhcp.c ****       udp_sendto_if(dhcp_pcb, p_out, &server_ip_addr, LWIP_IANA_PORT_DHCP_SERVER, netif);
1362:./lwip-2.1.2/src/core/ipv4/dhcp.c ****       pbuf_free(p_out);
1363:./lwip-2.1.2/src/core/ipv4/dhcp.c ****       LWIP_DEBUGF(DHCP_DEBUG | LWIP_DBG_TRACE | LWIP_DBG_STATE, ("dhcp_release: RELEASED, DHCP_STAT
1364:./lwip-2.1.2/src/core/ipv4/dhcp.c ****     } else {
1365:./lwip-2.1.2/src/core/ipv4/dhcp.c ****       /* sending release failed, but that's not a problem since the correct behaviour of dhcp does 
1366:./lwip-2.1.2/src/core/ipv4/dhcp.c ****       LWIP_DEBUGF(DHCP_DEBUG | LWIP_DBG_TRACE | LWIP_DBG_LEVEL_SERIOUS, ("dhcp_release: could not a
1367:./lwip-2.1.2/src/core/ipv4/dhcp.c ****     }
1368:./lwip-2.1.2/src/core/ipv4/dhcp.c ****   }
1369:./lwip-2.1.2/src/core/ipv4/dhcp.c **** 
1370:./lwip-2.1.2/src/core/ipv4/dhcp.c ****   /* remove IP address from interface (prevents routing from selecting this interface) */
1371:./lwip-2.1.2/src/core/ipv4/dhcp.c ****   netif_set_addr(netif, IP4_ADDR_ANY4, IP4_ADDR_ANY4, IP4_ADDR_ANY4);
1372:./lwip-2.1.2/src/core/ipv4/dhcp.c **** 
1373:./lwip-2.1.2/src/core/ipv4/dhcp.c **** #if LWIP_DHCP_AUTOIP_COOP
1374:./lwip-2.1.2/src/core/ipv4/dhcp.c ****   if (dhcp->autoip_coop_state == DHCP_AUTOIP_COOP_STATE_ON) {
1375:./lwip-2.1.2/src/core/ipv4/dhcp.c ****     autoip_stop(netif);
1376:./lwip-2.1.2/src/core/ipv4/dhcp.c ****     dhcp->autoip_coop_state = DHCP_AUTOIP_COOP_STATE_OFF;
1377:./lwip-2.1.2/src/core/ipv4/dhcp.c ****   }
1378:./lwip-2.1.2/src/core/ipv4/dhcp.c **** #endif /* LWIP_DHCP_AUTOIP_COOP */
1379:./lwip-2.1.2/src/core/ipv4/dhcp.c **** 
1380:./lwip-2.1.2/src/core/ipv4/dhcp.c ****   dhcp_set_state(dhcp, DHCP_STATE_OFF);
1381:./lwip-2.1.2/src/core/ipv4/dhcp.c **** 
1382:./lwip-2.1.2/src/core/ipv4/dhcp.c ****   if (dhcp->pcb_allocated != 0) {
1383:./lwip-2.1.2/src/core/ipv4/dhcp.c ****     dhcp_dec_pcb_refcount(); /* free DHCP PCB if not needed any more */
1384:./lwip-2.1.2/src/core/ipv4/dhcp.c ****     dhcp->pcb_allocated = 0;
1385:./lwip-2.1.2/src/core/ipv4/dhcp.c ****   }
1386:./lwip-2.1.2/src/core/ipv4/dhcp.c **** }
1387:./lwip-2.1.2/src/core/ipv4/dhcp.c **** 
1388:./lwip-2.1.2/src/core/ipv4/dhcp.c **** /**
1389:./lwip-2.1.2/src/core/ipv4/dhcp.c ****  * @ingroup dhcp4
1390:./lwip-2.1.2/src/core/ipv4/dhcp.c ****  * This function calls dhcp_release_and_stop() internally.
1391:./lwip-2.1.2/src/core/ipv4/dhcp.c ****  * @deprecated Use dhcp_release_and_stop() instead.
1392:./lwip-2.1.2/src/core/ipv4/dhcp.c ****  */
1393:./lwip-2.1.2/src/core/ipv4/dhcp.c **** err_t
1394:./lwip-2.1.2/src/core/ipv4/dhcp.c **** dhcp_release(struct netif *netif)
1395:./lwip-2.1.2/src/core/ipv4/dhcp.c **** {
1396:./lwip-2.1.2/src/core/ipv4/dhcp.c ****   dhcp_release_and_stop(netif);
1397:./lwip-2.1.2/src/core/ipv4/dhcp.c ****   return ERR_OK;
1398:./lwip-2.1.2/src/core/ipv4/dhcp.c **** }
1399:./lwip-2.1.2/src/core/ipv4/dhcp.c **** 
1400:./lwip-2.1.2/src/core/ipv4/dhcp.c **** /**
1401:./lwip-2.1.2/src/core/ipv4/dhcp.c ****  * @ingroup dhcp4
1402:./lwip-2.1.2/src/core/ipv4/dhcp.c ****  * This function calls dhcp_release_and_stop() internally.
1403:./lwip-2.1.2/src/core/ipv4/dhcp.c ****  * @deprecated Use dhcp_release_and_stop() instead.
1404:./lwip-2.1.2/src/core/ipv4/dhcp.c ****  */
1405:./lwip-2.1.2/src/core/ipv4/dhcp.c **** void
1406:./lwip-2.1.2/src/core/ipv4/dhcp.c **** dhcp_stop(struct netif *netif)
1407:./lwip-2.1.2/src/core/ipv4/dhcp.c **** {
1408:./lwip-2.1.2/src/core/ipv4/dhcp.c ****   dhcp_release_and_stop(netif);
1409:./lwip-2.1.2/src/core/ipv4/dhcp.c **** }
1410:./lwip-2.1.2/src/core/ipv4/dhcp.c **** 
1411:./lwip-2.1.2/src/core/ipv4/dhcp.c **** /*
1412:./lwip-2.1.2/src/core/ipv4/dhcp.c ****  * Set the DHCP state of a DHCP client.
1413:./lwip-2.1.2/src/core/ipv4/dhcp.c ****  *
1414:./lwip-2.1.2/src/core/ipv4/dhcp.c ****  * If the state changed, reset the number of tries.
1415:./lwip-2.1.2/src/core/ipv4/dhcp.c ****  */
1416:./lwip-2.1.2/src/core/ipv4/dhcp.c **** static void
1417:./lwip-2.1.2/src/core/ipv4/dhcp.c **** dhcp_set_state(struct dhcp *dhcp, u8_t new_state)
1418:./lwip-2.1.2/src/core/ipv4/dhcp.c **** {
1419:./lwip-2.1.2/src/core/ipv4/dhcp.c ****   if (new_state != dhcp->state) {
1420:./lwip-2.1.2/src/core/ipv4/dhcp.c ****     dhcp->state = new_state;
1421:./lwip-2.1.2/src/core/ipv4/dhcp.c ****     dhcp->tries = 0;
1422:./lwip-2.1.2/src/core/ipv4/dhcp.c ****     dhcp->request_timeout = 0;
1423:./lwip-2.1.2/src/core/ipv4/dhcp.c ****   }
1424:./lwip-2.1.2/src/core/ipv4/dhcp.c **** }
1425:./lwip-2.1.2/src/core/ipv4/dhcp.c **** 
1426:./lwip-2.1.2/src/core/ipv4/dhcp.c **** /*
1427:./lwip-2.1.2/src/core/ipv4/dhcp.c ****  * Concatenate an option type and length field to the outgoing
1428:./lwip-2.1.2/src/core/ipv4/dhcp.c ****  * DHCP message.
1429:./lwip-2.1.2/src/core/ipv4/dhcp.c ****  *
1430:./lwip-2.1.2/src/core/ipv4/dhcp.c ****  */
1431:./lwip-2.1.2/src/core/ipv4/dhcp.c **** static u16_t
1432:./lwip-2.1.2/src/core/ipv4/dhcp.c **** dhcp_option(u16_t options_out_len, u8_t *options, u8_t option_type, u8_t option_len)
1433:./lwip-2.1.2/src/core/ipv4/dhcp.c **** {
1434:./lwip-2.1.2/src/core/ipv4/dhcp.c ****   LWIP_ASSERT("dhcp_option: options_out_len + 2 + option_len <= DHCP_OPTIONS_LEN", options_out_len 
1435:./lwip-2.1.2/src/core/ipv4/dhcp.c ****   options[options_out_len++] = option_type;
1436:./lwip-2.1.2/src/core/ipv4/dhcp.c ****   options[options_out_len++] = option_len;
1437:./lwip-2.1.2/src/core/ipv4/dhcp.c ****   return options_out_len;
1438:./lwip-2.1.2/src/core/ipv4/dhcp.c **** }
1439:./lwip-2.1.2/src/core/ipv4/dhcp.c **** /*
1440:./lwip-2.1.2/src/core/ipv4/dhcp.c ****  * Concatenate a single byte to the outgoing DHCP message.
1441:./lwip-2.1.2/src/core/ipv4/dhcp.c ****  *
1442:./lwip-2.1.2/src/core/ipv4/dhcp.c ****  */
1443:./lwip-2.1.2/src/core/ipv4/dhcp.c **** static u16_t
1444:./lwip-2.1.2/src/core/ipv4/dhcp.c **** dhcp_option_byte(u16_t options_out_len, u8_t *options, u8_t value)
1445:./lwip-2.1.2/src/core/ipv4/dhcp.c **** {
1446:./lwip-2.1.2/src/core/ipv4/dhcp.c ****   LWIP_ASSERT("dhcp_option_byte: options_out_len < DHCP_OPTIONS_LEN", options_out_len < DHCP_OPTION
1447:./lwip-2.1.2/src/core/ipv4/dhcp.c ****   options[options_out_len++] = value;
1448:./lwip-2.1.2/src/core/ipv4/dhcp.c ****   return options_out_len;
1449:./lwip-2.1.2/src/core/ipv4/dhcp.c **** }
1450:./lwip-2.1.2/src/core/ipv4/dhcp.c **** 
1451:./lwip-2.1.2/src/core/ipv4/dhcp.c **** static u16_t
1452:./lwip-2.1.2/src/core/ipv4/dhcp.c **** dhcp_option_short(u16_t options_out_len, u8_t *options, u16_t value)
1453:./lwip-2.1.2/src/core/ipv4/dhcp.c **** {
1454:./lwip-2.1.2/src/core/ipv4/dhcp.c ****   LWIP_ASSERT("dhcp_option_short: options_out_len + 2 <= DHCP_OPTIONS_LEN", options_out_len + 2U <=
1455:./lwip-2.1.2/src/core/ipv4/dhcp.c ****   options[options_out_len++] = (u8_t)((value & 0xff00U) >> 8);
1456:./lwip-2.1.2/src/core/ipv4/dhcp.c ****   options[options_out_len++] = (u8_t) (value & 0x00ffU);
1457:./lwip-2.1.2/src/core/ipv4/dhcp.c ****   return options_out_len;
1458:./lwip-2.1.2/src/core/ipv4/dhcp.c **** }
1459:./lwip-2.1.2/src/core/ipv4/dhcp.c **** 
1460:./lwip-2.1.2/src/core/ipv4/dhcp.c **** static u16_t
1461:./lwip-2.1.2/src/core/ipv4/dhcp.c **** dhcp_option_long(u16_t options_out_len, u8_t *options, u32_t value)
1462:./lwip-2.1.2/src/core/ipv4/dhcp.c **** {
1463:./lwip-2.1.2/src/core/ipv4/dhcp.c ****   LWIP_ASSERT("dhcp_option_long: options_out_len + 4 <= DHCP_OPTIONS_LEN", options_out_len + 4U <= 
1464:./lwip-2.1.2/src/core/ipv4/dhcp.c ****   options[options_out_len++] = (u8_t)((value & 0xff000000UL) >> 24);
1465:./lwip-2.1.2/src/core/ipv4/dhcp.c ****   options[options_out_len++] = (u8_t)((value & 0x00ff0000UL) >> 16);
1466:./lwip-2.1.2/src/core/ipv4/dhcp.c ****   options[options_out_len++] = (u8_t)((value & 0x0000ff00UL) >> 8);
1467:./lwip-2.1.2/src/core/ipv4/dhcp.c ****   options[options_out_len++] = (u8_t)((value & 0x000000ffUL));
1468:./lwip-2.1.2/src/core/ipv4/dhcp.c ****   return options_out_len;
1469:./lwip-2.1.2/src/core/ipv4/dhcp.c **** }
1470:./lwip-2.1.2/src/core/ipv4/dhcp.c **** 
1471:./lwip-2.1.2/src/core/ipv4/dhcp.c **** #if LWIP_NETIF_HOSTNAME
1472:./lwip-2.1.2/src/core/ipv4/dhcp.c **** static u16_t
1473:./lwip-2.1.2/src/core/ipv4/dhcp.c **** dhcp_option_hostname(u16_t options_out_len, u8_t *options, struct netif *netif)
1474:./lwip-2.1.2/src/core/ipv4/dhcp.c **** {
1475:./lwip-2.1.2/src/core/ipv4/dhcp.c ****   if (netif->hostname != NULL) {
1476:./lwip-2.1.2/src/core/ipv4/dhcp.c ****     size_t namelen = strlen(netif->hostname);
1477:./lwip-2.1.2/src/core/ipv4/dhcp.c ****     if (namelen > 0) {
1478:./lwip-2.1.2/src/core/ipv4/dhcp.c ****       size_t len;
1479:./lwip-2.1.2/src/core/ipv4/dhcp.c ****       const char *p = netif->hostname;
1480:./lwip-2.1.2/src/core/ipv4/dhcp.c ****       /* Shrink len to available bytes (need 2 bytes for OPTION_HOSTNAME
1481:./lwip-2.1.2/src/core/ipv4/dhcp.c ****          and 1 byte for trailer) */
1482:./lwip-2.1.2/src/core/ipv4/dhcp.c ****       size_t available = DHCP_OPTIONS_LEN - options_out_len - 3;
1483:./lwip-2.1.2/src/core/ipv4/dhcp.c ****       LWIP_ASSERT("DHCP: hostname is too long!", namelen <= available);
1484:./lwip-2.1.2/src/core/ipv4/dhcp.c ****       len = LWIP_MIN(namelen, available);
1485:./lwip-2.1.2/src/core/ipv4/dhcp.c ****       LWIP_ASSERT("DHCP: hostname is too long!", len <= 0xFF);
1486:./lwip-2.1.2/src/core/ipv4/dhcp.c ****       options_out_len = dhcp_option(options_out_len, options, DHCP_OPTION_HOSTNAME, (u8_t)len);
1487:./lwip-2.1.2/src/core/ipv4/dhcp.c ****       while (len--) {
1488:./lwip-2.1.2/src/core/ipv4/dhcp.c ****         options_out_len = dhcp_option_byte(options_out_len, options, *p++);
1489:./lwip-2.1.2/src/core/ipv4/dhcp.c ****       }
1490:./lwip-2.1.2/src/core/ipv4/dhcp.c ****     }
1491:./lwip-2.1.2/src/core/ipv4/dhcp.c ****   }
1492:./lwip-2.1.2/src/core/ipv4/dhcp.c ****   return options_out_len;
1493:./lwip-2.1.2/src/core/ipv4/dhcp.c **** }
1494:./lwip-2.1.2/src/core/ipv4/dhcp.c **** #endif /* LWIP_NETIF_HOSTNAME */
1495:./lwip-2.1.2/src/core/ipv4/dhcp.c **** 
1496:./lwip-2.1.2/src/core/ipv4/dhcp.c **** /**
1497:./lwip-2.1.2/src/core/ipv4/dhcp.c ****  * Extract the DHCP message and the DHCP options.
1498:./lwip-2.1.2/src/core/ipv4/dhcp.c ****  *
1499:./lwip-2.1.2/src/core/ipv4/dhcp.c ****  * Extract the DHCP message and the DHCP options, each into a contiguous
1500:./lwip-2.1.2/src/core/ipv4/dhcp.c ****  * piece of memory. As a DHCP message is variable sized by its options,
1501:./lwip-2.1.2/src/core/ipv4/dhcp.c ****  * and also allows overriding some fields for options, the easy approach
1502:./lwip-2.1.2/src/core/ipv4/dhcp.c ****  * is to first unfold the options into a contiguous piece of memory, and
1503:./lwip-2.1.2/src/core/ipv4/dhcp.c ****  * use that further on.
1504:./lwip-2.1.2/src/core/ipv4/dhcp.c ****  *
1505:./lwip-2.1.2/src/core/ipv4/dhcp.c ****  */
1506:./lwip-2.1.2/src/core/ipv4/dhcp.c **** static err_t
1507:./lwip-2.1.2/src/core/ipv4/dhcp.c **** dhcp_parse_reply(struct pbuf *p, struct dhcp *dhcp)
1508:./lwip-2.1.2/src/core/ipv4/dhcp.c **** {
1509:./lwip-2.1.2/src/core/ipv4/dhcp.c ****   u8_t *options;
1510:./lwip-2.1.2/src/core/ipv4/dhcp.c ****   u16_t offset;
1511:./lwip-2.1.2/src/core/ipv4/dhcp.c ****   u16_t offset_max;
1512:./lwip-2.1.2/src/core/ipv4/dhcp.c ****   u16_t options_idx;
1513:./lwip-2.1.2/src/core/ipv4/dhcp.c ****   u16_t options_idx_max;
1514:./lwip-2.1.2/src/core/ipv4/dhcp.c ****   struct pbuf *q;
1515:./lwip-2.1.2/src/core/ipv4/dhcp.c ****   int parse_file_as_options = 0;
1516:./lwip-2.1.2/src/core/ipv4/dhcp.c ****   int parse_sname_as_options = 0;
1517:./lwip-2.1.2/src/core/ipv4/dhcp.c ****   struct dhcp_msg *msg_in;
1518:./lwip-2.1.2/src/core/ipv4/dhcp.c **** #if LWIP_DHCP_BOOTP_FILE
1519:./lwip-2.1.2/src/core/ipv4/dhcp.c ****   int file_overloaded = 0;
1520:./lwip-2.1.2/src/core/ipv4/dhcp.c **** #endif
1521:./lwip-2.1.2/src/core/ipv4/dhcp.c **** 
1522:./lwip-2.1.2/src/core/ipv4/dhcp.c ****   LWIP_UNUSED_ARG(dhcp);
1523:./lwip-2.1.2/src/core/ipv4/dhcp.c **** 
1524:./lwip-2.1.2/src/core/ipv4/dhcp.c ****   /* clear received options */
1525:./lwip-2.1.2/src/core/ipv4/dhcp.c ****   dhcp_clear_all_options(dhcp);
1526:./lwip-2.1.2/src/core/ipv4/dhcp.c ****   /* check that beginning of dhcp_msg (up to and including chaddr) is in first pbuf */
1527:./lwip-2.1.2/src/core/ipv4/dhcp.c ****   if (p->len < DHCP_SNAME_OFS) {
1528:./lwip-2.1.2/src/core/ipv4/dhcp.c ****     return ERR_BUF;
1529:./lwip-2.1.2/src/core/ipv4/dhcp.c ****   }
1530:./lwip-2.1.2/src/core/ipv4/dhcp.c ****   msg_in = (struct dhcp_msg *)p->payload;
1531:./lwip-2.1.2/src/core/ipv4/dhcp.c **** #if LWIP_DHCP_BOOTP_FILE
1532:./lwip-2.1.2/src/core/ipv4/dhcp.c ****   /* clear boot file name */
1533:./lwip-2.1.2/src/core/ipv4/dhcp.c ****   dhcp->boot_file_name[0] = 0;
1534:./lwip-2.1.2/src/core/ipv4/dhcp.c **** #endif /* LWIP_DHCP_BOOTP_FILE */
1535:./lwip-2.1.2/src/core/ipv4/dhcp.c **** 
1536:./lwip-2.1.2/src/core/ipv4/dhcp.c ****   /* parse options */
1537:./lwip-2.1.2/src/core/ipv4/dhcp.c **** 
1538:./lwip-2.1.2/src/core/ipv4/dhcp.c ****   /* start with options field */
1539:./lwip-2.1.2/src/core/ipv4/dhcp.c ****   options_idx = DHCP_OPTIONS_OFS;
1540:./lwip-2.1.2/src/core/ipv4/dhcp.c ****   /* parse options to the end of the received packet */
1541:./lwip-2.1.2/src/core/ipv4/dhcp.c ****   options_idx_max = p->tot_len;
1542:./lwip-2.1.2/src/core/ipv4/dhcp.c **** again:
1543:./lwip-2.1.2/src/core/ipv4/dhcp.c ****   q = p;
1544:./lwip-2.1.2/src/core/ipv4/dhcp.c ****   while ((q != NULL) && (options_idx >= q->len)) {
1545:./lwip-2.1.2/src/core/ipv4/dhcp.c ****     options_idx = (u16_t)(options_idx - q->len);
1546:./lwip-2.1.2/src/core/ipv4/dhcp.c ****     options_idx_max = (u16_t)(options_idx_max - q->len);
1547:./lwip-2.1.2/src/core/ipv4/dhcp.c ****     q = q->next;
1548:./lwip-2.1.2/src/core/ipv4/dhcp.c ****   }
1549:./lwip-2.1.2/src/core/ipv4/dhcp.c ****   if (q == NULL) {
1550:./lwip-2.1.2/src/core/ipv4/dhcp.c ****     return ERR_BUF;
1551:./lwip-2.1.2/src/core/ipv4/dhcp.c ****   }
1552:./lwip-2.1.2/src/core/ipv4/dhcp.c ****   offset = options_idx;
1553:./lwip-2.1.2/src/core/ipv4/dhcp.c ****   offset_max = options_idx_max;
1554:./lwip-2.1.2/src/core/ipv4/dhcp.c ****   options = (u8_t *)q->payload;
1555:./lwip-2.1.2/src/core/ipv4/dhcp.c ****   /* at least 1 byte to read and no end marker, then at least 3 bytes to read? */
1556:./lwip-2.1.2/src/core/ipv4/dhcp.c ****   while ((q != NULL) && (offset < offset_max) && (options[offset] != DHCP_OPTION_END)) {
1557:./lwip-2.1.2/src/core/ipv4/dhcp.c ****     u8_t op = options[offset];
1558:./lwip-2.1.2/src/core/ipv4/dhcp.c ****     u8_t len;
1559:./lwip-2.1.2/src/core/ipv4/dhcp.c ****     u8_t decode_len = 0;
1560:./lwip-2.1.2/src/core/ipv4/dhcp.c ****     int decode_idx = -1;
1561:./lwip-2.1.2/src/core/ipv4/dhcp.c ****     u16_t val_offset = (u16_t)(offset + 2);
1562:./lwip-2.1.2/src/core/ipv4/dhcp.c ****     if (val_offset < offset) {
1563:./lwip-2.1.2/src/core/ipv4/dhcp.c ****       /* overflow */
1564:./lwip-2.1.2/src/core/ipv4/dhcp.c ****       return ERR_BUF;
1565:./lwip-2.1.2/src/core/ipv4/dhcp.c ****     }
1566:./lwip-2.1.2/src/core/ipv4/dhcp.c ****     /* len byte might be in the next pbuf */
1567:./lwip-2.1.2/src/core/ipv4/dhcp.c ****     if ((offset + 1) < q->len) {
1568:./lwip-2.1.2/src/core/ipv4/dhcp.c ****       len = options[offset + 1];
1569:./lwip-2.1.2/src/core/ipv4/dhcp.c ****     } else {
1570:./lwip-2.1.2/src/core/ipv4/dhcp.c ****       len = (q->next != NULL ? ((u8_t *)q->next->payload)[0] : 0);
1571:./lwip-2.1.2/src/core/ipv4/dhcp.c ****     }
1572:./lwip-2.1.2/src/core/ipv4/dhcp.c ****     /* LWIP_DEBUGF(DHCP_DEBUG, ("msg_offset=%"U16_F", q->len=%"U16_F, msg_offset, q->len)); */
1573:./lwip-2.1.2/src/core/ipv4/dhcp.c ****     decode_len = len;
1574:./lwip-2.1.2/src/core/ipv4/dhcp.c ****     switch (op) {
1575:./lwip-2.1.2/src/core/ipv4/dhcp.c ****       /* case(DHCP_OPTION_END): handled above */
1576:./lwip-2.1.2/src/core/ipv4/dhcp.c ****       case (DHCP_OPTION_PAD):
1577:./lwip-2.1.2/src/core/ipv4/dhcp.c ****         /* special option: no len encoded */
1578:./lwip-2.1.2/src/core/ipv4/dhcp.c ****         decode_len = len = 0;
1579:./lwip-2.1.2/src/core/ipv4/dhcp.c ****         /* will be increased below */
1580:./lwip-2.1.2/src/core/ipv4/dhcp.c ****         break;
1581:./lwip-2.1.2/src/core/ipv4/dhcp.c ****       case (DHCP_OPTION_SUBNET_MASK):
1582:./lwip-2.1.2/src/core/ipv4/dhcp.c ****         LWIP_ERROR("len == 4", len == 4, return ERR_VAL;);
1583:./lwip-2.1.2/src/core/ipv4/dhcp.c ****         decode_idx = DHCP_OPTION_IDX_SUBNET_MASK;
1584:./lwip-2.1.2/src/core/ipv4/dhcp.c ****         break;
1585:./lwip-2.1.2/src/core/ipv4/dhcp.c ****       case (DHCP_OPTION_ROUTER):
1586:./lwip-2.1.2/src/core/ipv4/dhcp.c ****         decode_len = 4; /* only copy the first given router */
1587:./lwip-2.1.2/src/core/ipv4/dhcp.c ****         LWIP_ERROR("len >= decode_len", len >= decode_len, return ERR_VAL;);
1588:./lwip-2.1.2/src/core/ipv4/dhcp.c ****         decode_idx = DHCP_OPTION_IDX_ROUTER;
1589:./lwip-2.1.2/src/core/ipv4/dhcp.c ****         break;
1590:./lwip-2.1.2/src/core/ipv4/dhcp.c **** #if LWIP_DHCP_PROVIDE_DNS_SERVERS
1591:./lwip-2.1.2/src/core/ipv4/dhcp.c ****       case (DHCP_OPTION_DNS_SERVER):
1592:./lwip-2.1.2/src/core/ipv4/dhcp.c ****         /* special case: there might be more than one server */
1593:./lwip-2.1.2/src/core/ipv4/dhcp.c ****         LWIP_ERROR("len %% 4 == 0", len % 4 == 0, return ERR_VAL;);
1594:./lwip-2.1.2/src/core/ipv4/dhcp.c ****         /* limit number of DNS servers */
1595:./lwip-2.1.2/src/core/ipv4/dhcp.c ****         decode_len = LWIP_MIN(len, 4 * DNS_MAX_SERVERS);
1596:./lwip-2.1.2/src/core/ipv4/dhcp.c ****         LWIP_ERROR("len >= decode_len", len >= decode_len, return ERR_VAL;);
1597:./lwip-2.1.2/src/core/ipv4/dhcp.c ****         decode_idx = DHCP_OPTION_IDX_DNS_SERVER;
1598:./lwip-2.1.2/src/core/ipv4/dhcp.c ****         break;
1599:./lwip-2.1.2/src/core/ipv4/dhcp.c **** #endif /* LWIP_DHCP_PROVIDE_DNS_SERVERS */
1600:./lwip-2.1.2/src/core/ipv4/dhcp.c ****       case (DHCP_OPTION_LEASE_TIME):
1601:./lwip-2.1.2/src/core/ipv4/dhcp.c ****         LWIP_ERROR("len == 4", len == 4, return ERR_VAL;);
1602:./lwip-2.1.2/src/core/ipv4/dhcp.c ****         decode_idx = DHCP_OPTION_IDX_LEASE_TIME;
1603:./lwip-2.1.2/src/core/ipv4/dhcp.c ****         break;
1604:./lwip-2.1.2/src/core/ipv4/dhcp.c **** #if LWIP_DHCP_GET_NTP_SRV
1605:./lwip-2.1.2/src/core/ipv4/dhcp.c ****       case (DHCP_OPTION_NTP):
1606:./lwip-2.1.2/src/core/ipv4/dhcp.c ****         /* special case: there might be more than one server */
1607:./lwip-2.1.2/src/core/ipv4/dhcp.c ****         LWIP_ERROR("len %% 4 == 0", len % 4 == 0, return ERR_VAL;);
1608:./lwip-2.1.2/src/core/ipv4/dhcp.c ****         /* limit number of NTP servers */
1609:./lwip-2.1.2/src/core/ipv4/dhcp.c ****         decode_len = LWIP_MIN(len, 4 * LWIP_DHCP_MAX_NTP_SERVERS);
1610:./lwip-2.1.2/src/core/ipv4/dhcp.c ****         LWIP_ERROR("len >= decode_len", len >= decode_len, return ERR_VAL;);
1611:./lwip-2.1.2/src/core/ipv4/dhcp.c ****         decode_idx = DHCP_OPTION_IDX_NTP_SERVER;
1612:./lwip-2.1.2/src/core/ipv4/dhcp.c ****         break;
1613:./lwip-2.1.2/src/core/ipv4/dhcp.c **** #endif /* LWIP_DHCP_GET_NTP_SRV*/
1614:./lwip-2.1.2/src/core/ipv4/dhcp.c ****       case (DHCP_OPTION_OVERLOAD):
1615:./lwip-2.1.2/src/core/ipv4/dhcp.c ****         LWIP_ERROR("len == 1", len == 1, return ERR_VAL;);
1616:./lwip-2.1.2/src/core/ipv4/dhcp.c ****         /* decode overload only in options, not in file/sname: invalid packet */
1617:./lwip-2.1.2/src/core/ipv4/dhcp.c ****         LWIP_ERROR("overload in file/sname", options_idx == DHCP_OPTIONS_OFS, return ERR_VAL;);
1618:./lwip-2.1.2/src/core/ipv4/dhcp.c ****         decode_idx = DHCP_OPTION_IDX_OVERLOAD;
1619:./lwip-2.1.2/src/core/ipv4/dhcp.c ****         break;
1620:./lwip-2.1.2/src/core/ipv4/dhcp.c ****       case (DHCP_OPTION_MESSAGE_TYPE):
1621:./lwip-2.1.2/src/core/ipv4/dhcp.c ****         LWIP_ERROR("len == 1", len == 1, return ERR_VAL;);
1622:./lwip-2.1.2/src/core/ipv4/dhcp.c ****         decode_idx = DHCP_OPTION_IDX_MSG_TYPE;
1623:./lwip-2.1.2/src/core/ipv4/dhcp.c ****         break;
1624:./lwip-2.1.2/src/core/ipv4/dhcp.c ****       case (DHCP_OPTION_SERVER_ID):
1625:./lwip-2.1.2/src/core/ipv4/dhcp.c ****         LWIP_ERROR("len == 4", len == 4, return ERR_VAL;);
1626:./lwip-2.1.2/src/core/ipv4/dhcp.c ****         decode_idx = DHCP_OPTION_IDX_SERVER_ID;
1627:./lwip-2.1.2/src/core/ipv4/dhcp.c ****         break;
1628:./lwip-2.1.2/src/core/ipv4/dhcp.c ****       case (DHCP_OPTION_T1):
1629:./lwip-2.1.2/src/core/ipv4/dhcp.c ****         LWIP_ERROR("len == 4", len == 4, return ERR_VAL;);
1630:./lwip-2.1.2/src/core/ipv4/dhcp.c ****         decode_idx = DHCP_OPTION_IDX_T1;
1631:./lwip-2.1.2/src/core/ipv4/dhcp.c ****         break;
1632:./lwip-2.1.2/src/core/ipv4/dhcp.c ****       case (DHCP_OPTION_T2):
1633:./lwip-2.1.2/src/core/ipv4/dhcp.c ****         LWIP_ERROR("len == 4", len == 4, return ERR_VAL;);
1634:./lwip-2.1.2/src/core/ipv4/dhcp.c ****         decode_idx = DHCP_OPTION_IDX_T2;
1635:./lwip-2.1.2/src/core/ipv4/dhcp.c ****         break;
1636:./lwip-2.1.2/src/core/ipv4/dhcp.c ****       default:
1637:./lwip-2.1.2/src/core/ipv4/dhcp.c ****         decode_len = 0;
1638:./lwip-2.1.2/src/core/ipv4/dhcp.c ****         LWIP_DEBUGF(DHCP_DEBUG, ("skipping option %"U16_F" in options\n", (u16_t)op));
1639:./lwip-2.1.2/src/core/ipv4/dhcp.c ****         LWIP_HOOK_DHCP_PARSE_OPTION(ip_current_netif(), dhcp, dhcp->state, msg_in,
1640:./lwip-2.1.2/src/core/ipv4/dhcp.c ****                                     dhcp_option_given(dhcp, DHCP_OPTION_IDX_MSG_TYPE) ? (u8_t)dhcp_
1641:./lwip-2.1.2/src/core/ipv4/dhcp.c ****                                     op, len, q, val_offset);
1642:./lwip-2.1.2/src/core/ipv4/dhcp.c ****         break;
1643:./lwip-2.1.2/src/core/ipv4/dhcp.c ****     }
1644:./lwip-2.1.2/src/core/ipv4/dhcp.c ****     if (op == DHCP_OPTION_PAD) {
1645:./lwip-2.1.2/src/core/ipv4/dhcp.c ****       offset++;
1646:./lwip-2.1.2/src/core/ipv4/dhcp.c ****     } else {
1647:./lwip-2.1.2/src/core/ipv4/dhcp.c ****       if (offset + len + 2 > 0xFFFF) {
1648:./lwip-2.1.2/src/core/ipv4/dhcp.c ****         /* overflow */
1649:./lwip-2.1.2/src/core/ipv4/dhcp.c ****         return ERR_BUF;
1650:./lwip-2.1.2/src/core/ipv4/dhcp.c ****       }
1651:./lwip-2.1.2/src/core/ipv4/dhcp.c ****       offset = (u16_t)(offset + len + 2);
1652:./lwip-2.1.2/src/core/ipv4/dhcp.c ****       if (decode_len > 0) {
1653:./lwip-2.1.2/src/core/ipv4/dhcp.c ****         u32_t value = 0;
1654:./lwip-2.1.2/src/core/ipv4/dhcp.c ****         u16_t copy_len;
1655:./lwip-2.1.2/src/core/ipv4/dhcp.c **** decode_next:
1656:./lwip-2.1.2/src/core/ipv4/dhcp.c ****         LWIP_ASSERT("check decode_idx", decode_idx >= 0 && decode_idx < DHCP_OPTION_IDX_MAX);
1657:./lwip-2.1.2/src/core/ipv4/dhcp.c ****         if (!dhcp_option_given(dhcp, decode_idx)) {
1658:./lwip-2.1.2/src/core/ipv4/dhcp.c ****           copy_len = LWIP_MIN(decode_len, 4);
1659:./lwip-2.1.2/src/core/ipv4/dhcp.c ****           if (pbuf_copy_partial(q, &value, copy_len, val_offset) != copy_len) {
1660:./lwip-2.1.2/src/core/ipv4/dhcp.c ****             return ERR_BUF;
1661:./lwip-2.1.2/src/core/ipv4/dhcp.c ****           }
1662:./lwip-2.1.2/src/core/ipv4/dhcp.c ****           if (decode_len > 4) {
1663:./lwip-2.1.2/src/core/ipv4/dhcp.c ****             /* decode more than one u32_t */
1664:./lwip-2.1.2/src/core/ipv4/dhcp.c ****             u16_t next_val_offset;
1665:./lwip-2.1.2/src/core/ipv4/dhcp.c ****             LWIP_ERROR("decode_len %% 4 == 0", decode_len % 4 == 0, return ERR_VAL;);
1666:./lwip-2.1.2/src/core/ipv4/dhcp.c ****             dhcp_got_option(dhcp, decode_idx);
1667:./lwip-2.1.2/src/core/ipv4/dhcp.c ****             dhcp_set_option_value(dhcp, decode_idx, lwip_htonl(value));
1668:./lwip-2.1.2/src/core/ipv4/dhcp.c ****             decode_len = (u8_t)(decode_len - 4);
1669:./lwip-2.1.2/src/core/ipv4/dhcp.c ****             next_val_offset = (u16_t)(val_offset + 4);
1670:./lwip-2.1.2/src/core/ipv4/dhcp.c ****             if (next_val_offset < val_offset) {
1671:./lwip-2.1.2/src/core/ipv4/dhcp.c ****               /* overflow */
1672:./lwip-2.1.2/src/core/ipv4/dhcp.c ****               return ERR_BUF;
1673:./lwip-2.1.2/src/core/ipv4/dhcp.c ****             }
1674:./lwip-2.1.2/src/core/ipv4/dhcp.c ****             val_offset = next_val_offset;
1675:./lwip-2.1.2/src/core/ipv4/dhcp.c ****             decode_idx++;
1676:./lwip-2.1.2/src/core/ipv4/dhcp.c ****             goto decode_next;
1677:./lwip-2.1.2/src/core/ipv4/dhcp.c ****           } else if (decode_len == 4) {
1678:./lwip-2.1.2/src/core/ipv4/dhcp.c ****             value = lwip_ntohl(value);
1679:./lwip-2.1.2/src/core/ipv4/dhcp.c ****           } else {
1680:./lwip-2.1.2/src/core/ipv4/dhcp.c ****             LWIP_ERROR("invalid decode_len", decode_len == 1, return ERR_VAL;);
1681:./lwip-2.1.2/src/core/ipv4/dhcp.c ****             value = ((u8_t *)&value)[0];
1682:./lwip-2.1.2/src/core/ipv4/dhcp.c ****           }
1683:./lwip-2.1.2/src/core/ipv4/dhcp.c ****           dhcp_got_option(dhcp, decode_idx);
1684:./lwip-2.1.2/src/core/ipv4/dhcp.c ****           dhcp_set_option_value(dhcp, decode_idx, value);
1685:./lwip-2.1.2/src/core/ipv4/dhcp.c ****         }
1686:./lwip-2.1.2/src/core/ipv4/dhcp.c ****       }
1687:./lwip-2.1.2/src/core/ipv4/dhcp.c ****     }
1688:./lwip-2.1.2/src/core/ipv4/dhcp.c ****     if (offset >= q->len) {
1689:./lwip-2.1.2/src/core/ipv4/dhcp.c ****       offset = (u16_t)(offset - q->len);
1690:./lwip-2.1.2/src/core/ipv4/dhcp.c ****       offset_max = (u16_t)(offset_max - q->len);
1691:./lwip-2.1.2/src/core/ipv4/dhcp.c ****       if (offset < offset_max) {
1692:./lwip-2.1.2/src/core/ipv4/dhcp.c ****         q = q->next;
1693:./lwip-2.1.2/src/core/ipv4/dhcp.c ****         LWIP_ERROR("next pbuf was null", q != NULL, return ERR_VAL;);
1694:./lwip-2.1.2/src/core/ipv4/dhcp.c ****         options = (u8_t *)q->payload;
1695:./lwip-2.1.2/src/core/ipv4/dhcp.c ****       } else {
1696:./lwip-2.1.2/src/core/ipv4/dhcp.c ****         /* We've run out of bytes, probably no end marker. Don't proceed. */
1697:./lwip-2.1.2/src/core/ipv4/dhcp.c ****         return ERR_BUF;
1698:./lwip-2.1.2/src/core/ipv4/dhcp.c ****       }
1699:./lwip-2.1.2/src/core/ipv4/dhcp.c ****     }
1700:./lwip-2.1.2/src/core/ipv4/dhcp.c ****   }
1701:./lwip-2.1.2/src/core/ipv4/dhcp.c ****   /* is this an overloaded message? */
1702:./lwip-2.1.2/src/core/ipv4/dhcp.c ****   if (dhcp_option_given(dhcp, DHCP_OPTION_IDX_OVERLOAD)) {
1703:./lwip-2.1.2/src/core/ipv4/dhcp.c ****     u32_t overload = dhcp_get_option_value(dhcp, DHCP_OPTION_IDX_OVERLOAD);
1704:./lwip-2.1.2/src/core/ipv4/dhcp.c ****     dhcp_clear_option(dhcp, DHCP_OPTION_IDX_OVERLOAD);
1705:./lwip-2.1.2/src/core/ipv4/dhcp.c ****     if (overload == DHCP_OVERLOAD_FILE) {
1706:./lwip-2.1.2/src/core/ipv4/dhcp.c ****       parse_file_as_options = 1;
1707:./lwip-2.1.2/src/core/ipv4/dhcp.c ****       LWIP_DEBUGF(DHCP_DEBUG | LWIP_DBG_TRACE, ("overloaded file field\n"));
1708:./lwip-2.1.2/src/core/ipv4/dhcp.c ****     } else if (overload == DHCP_OVERLOAD_SNAME) {
1709:./lwip-2.1.2/src/core/ipv4/dhcp.c ****       parse_sname_as_options = 1;
1710:./lwip-2.1.2/src/core/ipv4/dhcp.c ****       LWIP_DEBUGF(DHCP_DEBUG | LWIP_DBG_TRACE, ("overloaded sname field\n"));
1711:./lwip-2.1.2/src/core/ipv4/dhcp.c ****     } else if (overload == DHCP_OVERLOAD_SNAME_FILE) {
1712:./lwip-2.1.2/src/core/ipv4/dhcp.c ****       parse_sname_as_options = 1;
1713:./lwip-2.1.2/src/core/ipv4/dhcp.c ****       parse_file_as_options = 1;
1714:./lwip-2.1.2/src/core/ipv4/dhcp.c ****       LWIP_DEBUGF(DHCP_DEBUG | LWIP_DBG_TRACE, ("overloaded sname and file field\n"));
1715:./lwip-2.1.2/src/core/ipv4/dhcp.c ****     } else {
1716:./lwip-2.1.2/src/core/ipv4/dhcp.c ****       LWIP_DEBUGF(DHCP_DEBUG | LWIP_DBG_TRACE, ("invalid overload option: %d\n", (int)overload));
1717:./lwip-2.1.2/src/core/ipv4/dhcp.c ****     }
1718:./lwip-2.1.2/src/core/ipv4/dhcp.c ****   }
1719:./lwip-2.1.2/src/core/ipv4/dhcp.c ****   if (parse_file_as_options) {
1720:./lwip-2.1.2/src/core/ipv4/dhcp.c ****     /* if both are overloaded, parse file first and then sname (RFC 2131 ch. 4.1) */
1721:./lwip-2.1.2/src/core/ipv4/dhcp.c ****     parse_file_as_options = 0;
1722:./lwip-2.1.2/src/core/ipv4/dhcp.c ****     options_idx = DHCP_FILE_OFS;
1723:./lwip-2.1.2/src/core/ipv4/dhcp.c ****     options_idx_max = DHCP_FILE_OFS + DHCP_FILE_LEN;
1724:./lwip-2.1.2/src/core/ipv4/dhcp.c **** #if LWIP_DHCP_BOOTP_FILE
1725:./lwip-2.1.2/src/core/ipv4/dhcp.c ****     file_overloaded = 1;
1726:./lwip-2.1.2/src/core/ipv4/dhcp.c **** #endif
1727:./lwip-2.1.2/src/core/ipv4/dhcp.c ****     goto again;
1728:./lwip-2.1.2/src/core/ipv4/dhcp.c ****   } else if (parse_sname_as_options) {
1729:./lwip-2.1.2/src/core/ipv4/dhcp.c ****     parse_sname_as_options = 0;
1730:./lwip-2.1.2/src/core/ipv4/dhcp.c ****     options_idx = DHCP_SNAME_OFS;
1731:./lwip-2.1.2/src/core/ipv4/dhcp.c ****     options_idx_max = DHCP_SNAME_OFS + DHCP_SNAME_LEN;
1732:./lwip-2.1.2/src/core/ipv4/dhcp.c ****     goto again;
1733:./lwip-2.1.2/src/core/ipv4/dhcp.c ****   }
1734:./lwip-2.1.2/src/core/ipv4/dhcp.c **** #if LWIP_DHCP_BOOTP_FILE
1735:./lwip-2.1.2/src/core/ipv4/dhcp.c ****   if (!file_overloaded) {
1736:./lwip-2.1.2/src/core/ipv4/dhcp.c ****     /* only do this for ACK messages */
1737:./lwip-2.1.2/src/core/ipv4/dhcp.c ****     if (dhcp_option_given(dhcp, DHCP_OPTION_IDX_MSG_TYPE) &&
1738:./lwip-2.1.2/src/core/ipv4/dhcp.c ****       (dhcp_get_option_value(dhcp, DHCP_OPTION_IDX_MSG_TYPE) == DHCP_ACK))
1739:./lwip-2.1.2/src/core/ipv4/dhcp.c ****     /* copy bootp file name, don't care for sname (server hostname) */
1740:./lwip-2.1.2/src/core/ipv4/dhcp.c ****     if (pbuf_copy_partial(p, dhcp->boot_file_name, DHCP_FILE_LEN-1, DHCP_FILE_OFS) != (DHCP_FILE_LE
1741:./lwip-2.1.2/src/core/ipv4/dhcp.c ****       return ERR_BUF;
1742:./lwip-2.1.2/src/core/ipv4/dhcp.c ****     }
1743:./lwip-2.1.2/src/core/ipv4/dhcp.c ****     /* make sure the string is really NULL-terminated */
1744:./lwip-2.1.2/src/core/ipv4/dhcp.c ****     dhcp->boot_file_name[DHCP_FILE_LEN-1] = 0;
1745:./lwip-2.1.2/src/core/ipv4/dhcp.c ****   }
1746:./lwip-2.1.2/src/core/ipv4/dhcp.c **** #endif /* LWIP_DHCP_BOOTP_FILE */ 
1747:./lwip-2.1.2/src/core/ipv4/dhcp.c ****   return ERR_OK;
1748:./lwip-2.1.2/src/core/ipv4/dhcp.c **** }
1749:./lwip-2.1.2/src/core/ipv4/dhcp.c **** 
1750:./lwip-2.1.2/src/core/ipv4/dhcp.c **** /**
1751:./lwip-2.1.2/src/core/ipv4/dhcp.c ****  * If an incoming DHCP message is in response to us, then trigger the state machine
1752:./lwip-2.1.2/src/core/ipv4/dhcp.c ****  */
1753:./lwip-2.1.2/src/core/ipv4/dhcp.c **** static void
1754:./lwip-2.1.2/src/core/ipv4/dhcp.c **** dhcp_recv(void *arg, struct udp_pcb *pcb, struct pbuf *p, const ip_addr_t *addr, u16_t port)
1755:./lwip-2.1.2/src/core/ipv4/dhcp.c **** {
1756:./lwip-2.1.2/src/core/ipv4/dhcp.c ****   struct netif *netif = ip_current_input_netif();
1757:./lwip-2.1.2/src/core/ipv4/dhcp.c ****   struct dhcp *dhcp = netif_dhcp_data(netif);
1758:./lwip-2.1.2/src/core/ipv4/dhcp.c ****   struct dhcp_msg *reply_msg = (struct dhcp_msg *)p->payload;
1759:./lwip-2.1.2/src/core/ipv4/dhcp.c ****   u8_t msg_type;
1760:./lwip-2.1.2/src/core/ipv4/dhcp.c ****   u8_t i;
1761:./lwip-2.1.2/src/core/ipv4/dhcp.c ****   struct dhcp_msg *msg_in;
1762:./lwip-2.1.2/src/core/ipv4/dhcp.c **** 
1763:./lwip-2.1.2/src/core/ipv4/dhcp.c ****   LWIP_UNUSED_ARG(arg);
1764:./lwip-2.1.2/src/core/ipv4/dhcp.c **** 
1765:./lwip-2.1.2/src/core/ipv4/dhcp.c ****   /* Caught DHCP message from netif that does not have DHCP enabled? -> not interested */
1766:./lwip-2.1.2/src/core/ipv4/dhcp.c ****   if ((dhcp == NULL) || (dhcp->pcb_allocated == 0)) {
1767:./lwip-2.1.2/src/core/ipv4/dhcp.c ****     goto free_pbuf_and_return;
1768:./lwip-2.1.2/src/core/ipv4/dhcp.c ****   }
1769:./lwip-2.1.2/src/core/ipv4/dhcp.c **** 
1770:./lwip-2.1.2/src/core/ipv4/dhcp.c ****   LWIP_ASSERT("invalid server address type", IP_IS_V4(addr));
1771:./lwip-2.1.2/src/core/ipv4/dhcp.c **** 
1772:./lwip-2.1.2/src/core/ipv4/dhcp.c ****   LWIP_DEBUGF(DHCP_DEBUG | LWIP_DBG_TRACE, ("dhcp_recv(pbuf = %p) from DHCP server %"U16_F".%"U16_F
1773:./lwip-2.1.2/src/core/ipv4/dhcp.c ****               ip4_addr1_16(ip_2_ip4(addr)), ip4_addr2_16(ip_2_ip4(addr)), ip4_addr3_16(ip_2_ip4(add
1774:./lwip-2.1.2/src/core/ipv4/dhcp.c ****   LWIP_DEBUGF(DHCP_DEBUG | LWIP_DBG_TRACE, ("pbuf->len = %"U16_F"\n", p->len));
1775:./lwip-2.1.2/src/core/ipv4/dhcp.c ****   LWIP_DEBUGF(DHCP_DEBUG | LWIP_DBG_TRACE, ("pbuf->tot_len = %"U16_F"\n", p->tot_len));
1776:./lwip-2.1.2/src/core/ipv4/dhcp.c ****   /* prevent warnings about unused arguments */
1777:./lwip-2.1.2/src/core/ipv4/dhcp.c ****   LWIP_UNUSED_ARG(pcb);
1778:./lwip-2.1.2/src/core/ipv4/dhcp.c ****   LWIP_UNUSED_ARG(addr);
1779:./lwip-2.1.2/src/core/ipv4/dhcp.c ****   LWIP_UNUSED_ARG(port);
1780:./lwip-2.1.2/src/core/ipv4/dhcp.c **** 
1781:./lwip-2.1.2/src/core/ipv4/dhcp.c ****   if (p->len < DHCP_MIN_REPLY_LEN) {
1782:./lwip-2.1.2/src/core/ipv4/dhcp.c ****     LWIP_DEBUGF(DHCP_DEBUG | LWIP_DBG_TRACE | LWIP_DBG_LEVEL_WARNING, ("DHCP reply message or pbuf 
1783:./lwip-2.1.2/src/core/ipv4/dhcp.c ****     goto free_pbuf_and_return;
1784:./lwip-2.1.2/src/core/ipv4/dhcp.c ****   }
1785:./lwip-2.1.2/src/core/ipv4/dhcp.c **** 
1786:./lwip-2.1.2/src/core/ipv4/dhcp.c ****   if (reply_msg->op != DHCP_BOOTREPLY) {
1787:./lwip-2.1.2/src/core/ipv4/dhcp.c ****     LWIP_DEBUGF(DHCP_DEBUG | LWIP_DBG_TRACE | LWIP_DBG_LEVEL_WARNING, ("not a DHCP reply message, b
1788:./lwip-2.1.2/src/core/ipv4/dhcp.c ****     goto free_pbuf_and_return;
1789:./lwip-2.1.2/src/core/ipv4/dhcp.c ****   }
1790:./lwip-2.1.2/src/core/ipv4/dhcp.c ****   /* iterate through hardware address and match against DHCP message */
1791:./lwip-2.1.2/src/core/ipv4/dhcp.c ****   for (i = 0; i < netif->hwaddr_len && i < LWIP_MIN(DHCP_CHADDR_LEN, NETIF_MAX_HWADDR_LEN); i++) {
1792:./lwip-2.1.2/src/core/ipv4/dhcp.c ****     if (netif->hwaddr[i] != reply_msg->chaddr[i]) {
1793:./lwip-2.1.2/src/core/ipv4/dhcp.c ****       LWIP_DEBUGF(DHCP_DEBUG | LWIP_DBG_TRACE | LWIP_DBG_LEVEL_WARNING,
1794:./lwip-2.1.2/src/core/ipv4/dhcp.c ****                   ("netif->hwaddr[%"U16_F"]==%02"X16_F" != reply_msg->chaddr[%"U16_F"]==%02"X16_F"\
1795:./lwip-2.1.2/src/core/ipv4/dhcp.c ****                    (u16_t)i, (u16_t)netif->hwaddr[i], (u16_t)i, (u16_t)reply_msg->chaddr[i]));
1796:./lwip-2.1.2/src/core/ipv4/dhcp.c ****       goto free_pbuf_and_return;
1797:./lwip-2.1.2/src/core/ipv4/dhcp.c ****     }
1798:./lwip-2.1.2/src/core/ipv4/dhcp.c ****   }
1799:./lwip-2.1.2/src/core/ipv4/dhcp.c ****   /* match transaction ID against what we expected */
1800:./lwip-2.1.2/src/core/ipv4/dhcp.c ****   if (lwip_ntohl(reply_msg->xid) != dhcp->xid) {
1801:./lwip-2.1.2/src/core/ipv4/dhcp.c ****     LWIP_DEBUGF(DHCP_DEBUG | LWIP_DBG_TRACE | LWIP_DBG_LEVEL_WARNING,
1802:./lwip-2.1.2/src/core/ipv4/dhcp.c ****                 ("transaction id mismatch reply_msg->xid(%"X32_F")!=dhcp->xid(%"X32_F")\n", lwip_nt
1803:./lwip-2.1.2/src/core/ipv4/dhcp.c ****     goto free_pbuf_and_return;
1804:./lwip-2.1.2/src/core/ipv4/dhcp.c ****   }
1805:./lwip-2.1.2/src/core/ipv4/dhcp.c ****   /* option fields could be unfold? */
1806:./lwip-2.1.2/src/core/ipv4/dhcp.c ****   if (dhcp_parse_reply(p, dhcp) != ERR_OK) {
1807:./lwip-2.1.2/src/core/ipv4/dhcp.c ****     LWIP_DEBUGF(DHCP_DEBUG | LWIP_DBG_TRACE | LWIP_DBG_LEVEL_SERIOUS,
1808:./lwip-2.1.2/src/core/ipv4/dhcp.c ****                 ("problem unfolding DHCP message - too short on memory?\n"));
1809:./lwip-2.1.2/src/core/ipv4/dhcp.c ****     goto free_pbuf_and_return;
1810:./lwip-2.1.2/src/core/ipv4/dhcp.c ****   }
1811:./lwip-2.1.2/src/core/ipv4/dhcp.c **** 
1812:./lwip-2.1.2/src/core/ipv4/dhcp.c ****   LWIP_DEBUGF(DHCP_DEBUG | LWIP_DBG_TRACE, ("searching DHCP_OPTION_MESSAGE_TYPE\n"));
1813:./lwip-2.1.2/src/core/ipv4/dhcp.c ****   /* obtain pointer to DHCP message type */
1814:./lwip-2.1.2/src/core/ipv4/dhcp.c ****   if (!dhcp_option_given(dhcp, DHCP_OPTION_IDX_MSG_TYPE)) {
1815:./lwip-2.1.2/src/core/ipv4/dhcp.c ****     LWIP_DEBUGF(DHCP_DEBUG | LWIP_DBG_TRACE | LWIP_DBG_LEVEL_WARNING, ("DHCP_OPTION_MESSAGE_TYPE op
1816:./lwip-2.1.2/src/core/ipv4/dhcp.c ****     goto free_pbuf_and_return;
1817:./lwip-2.1.2/src/core/ipv4/dhcp.c ****   }
1818:./lwip-2.1.2/src/core/ipv4/dhcp.c **** 
1819:./lwip-2.1.2/src/core/ipv4/dhcp.c ****   msg_in = (struct dhcp_msg *)p->payload;
1820:./lwip-2.1.2/src/core/ipv4/dhcp.c ****   /* read DHCP message type */
1821:./lwip-2.1.2/src/core/ipv4/dhcp.c ****   msg_type = (u8_t)dhcp_get_option_value(dhcp, DHCP_OPTION_IDX_MSG_TYPE);
1822:./lwip-2.1.2/src/core/ipv4/dhcp.c ****   /* message type is DHCP ACK? */
1823:./lwip-2.1.2/src/core/ipv4/dhcp.c ****   if (msg_type == DHCP_ACK) {
1824:./lwip-2.1.2/src/core/ipv4/dhcp.c ****     LWIP_DEBUGF(DHCP_DEBUG | LWIP_DBG_TRACE, ("DHCP_ACK received\n"));
1825:./lwip-2.1.2/src/core/ipv4/dhcp.c ****     /* in requesting state? */
1826:./lwip-2.1.2/src/core/ipv4/dhcp.c ****     if (dhcp->state == DHCP_STATE_REQUESTING) {
1827:./lwip-2.1.2/src/core/ipv4/dhcp.c ****       dhcp_handle_ack(netif, msg_in);
1828:./lwip-2.1.2/src/core/ipv4/dhcp.c **** #if DHCP_DOES_ARP_CHECK
1829:./lwip-2.1.2/src/core/ipv4/dhcp.c ****       if ((netif->flags & NETIF_FLAG_ETHARP) != 0) {
1830:./lwip-2.1.2/src/core/ipv4/dhcp.c ****         /* check if the acknowledged lease address is already in use */
1831:./lwip-2.1.2/src/core/ipv4/dhcp.c ****         dhcp_check(netif);
1832:./lwip-2.1.2/src/core/ipv4/dhcp.c ****       } else {
1833:./lwip-2.1.2/src/core/ipv4/dhcp.c ****         /* bind interface to the acknowledged lease address */
1834:./lwip-2.1.2/src/core/ipv4/dhcp.c ****         dhcp_bind(netif);
1835:./lwip-2.1.2/src/core/ipv4/dhcp.c ****       }
1836:./lwip-2.1.2/src/core/ipv4/dhcp.c **** #else
1837:./lwip-2.1.2/src/core/ipv4/dhcp.c ****       /* bind interface to the acknowledged lease address */
1838:./lwip-2.1.2/src/core/ipv4/dhcp.c ****       dhcp_bind(netif);
1839:./lwip-2.1.2/src/core/ipv4/dhcp.c **** #endif
1840:./lwip-2.1.2/src/core/ipv4/dhcp.c ****     }
1841:./lwip-2.1.2/src/core/ipv4/dhcp.c ****     /* already bound to the given lease address? */
1842:./lwip-2.1.2/src/core/ipv4/dhcp.c ****     else if ((dhcp->state == DHCP_STATE_REBOOTING) || (dhcp->state == DHCP_STATE_REBINDING) ||
1843:./lwip-2.1.2/src/core/ipv4/dhcp.c ****              (dhcp->state == DHCP_STATE_RENEWING)) {
1844:./lwip-2.1.2/src/core/ipv4/dhcp.c ****       dhcp_handle_ack(netif, msg_in);
1845:./lwip-2.1.2/src/core/ipv4/dhcp.c ****       dhcp_bind(netif);
1846:./lwip-2.1.2/src/core/ipv4/dhcp.c ****     }
1847:./lwip-2.1.2/src/core/ipv4/dhcp.c ****   }
1848:./lwip-2.1.2/src/core/ipv4/dhcp.c ****   /* received a DHCP_NAK in appropriate state? */
1849:./lwip-2.1.2/src/core/ipv4/dhcp.c ****   else if ((msg_type == DHCP_NAK) &&
1850:./lwip-2.1.2/src/core/ipv4/dhcp.c ****            ((dhcp->state == DHCP_STATE_REBOOTING) || (dhcp->state == DHCP_STATE_REQUESTING) ||
1851:./lwip-2.1.2/src/core/ipv4/dhcp.c ****             (dhcp->state == DHCP_STATE_REBINDING) || (dhcp->state == DHCP_STATE_RENEWING  ))) {
1852:./lwip-2.1.2/src/core/ipv4/dhcp.c ****     LWIP_DEBUGF(DHCP_DEBUG | LWIP_DBG_TRACE, ("DHCP_NAK received\n"));
1853:./lwip-2.1.2/src/core/ipv4/dhcp.c ****     dhcp_handle_nak(netif);
1854:./lwip-2.1.2/src/core/ipv4/dhcp.c ****   }
1855:./lwip-2.1.2/src/core/ipv4/dhcp.c ****   /* received a DHCP_OFFER in DHCP_STATE_SELECTING state? */
1856:./lwip-2.1.2/src/core/ipv4/dhcp.c ****   else if ((msg_type == DHCP_OFFER) && (dhcp->state == DHCP_STATE_SELECTING)) {
1857:./lwip-2.1.2/src/core/ipv4/dhcp.c ****     LWIP_DEBUGF(DHCP_DEBUG | LWIP_DBG_TRACE, ("DHCP_OFFER received in DHCP_STATE_SELECTING state\n"
1858:./lwip-2.1.2/src/core/ipv4/dhcp.c ****     /* remember offered lease */
1859:./lwip-2.1.2/src/core/ipv4/dhcp.c ****     dhcp_handle_offer(netif, msg_in);
1860:./lwip-2.1.2/src/core/ipv4/dhcp.c ****   }
1861:./lwip-2.1.2/src/core/ipv4/dhcp.c **** 
1862:./lwip-2.1.2/src/core/ipv4/dhcp.c **** free_pbuf_and_return:
1863:./lwip-2.1.2/src/core/ipv4/dhcp.c ****   pbuf_free(p);
1864:./lwip-2.1.2/src/core/ipv4/dhcp.c **** }
1865:./lwip-2.1.2/src/core/ipv4/dhcp.c **** 
1866:./lwip-2.1.2/src/core/ipv4/dhcp.c **** /**
1867:./lwip-2.1.2/src/core/ipv4/dhcp.c ****  * Create a DHCP request, fill in common headers
1868:./lwip-2.1.2/src/core/ipv4/dhcp.c ****  *
1869:./lwip-2.1.2/src/core/ipv4/dhcp.c ****  * @param netif the netif under DHCP control
1870:./lwip-2.1.2/src/core/ipv4/dhcp.c ****  * @param dhcp dhcp control struct
1871:./lwip-2.1.2/src/core/ipv4/dhcp.c ****  * @param message_type message type of the request
1872:./lwip-2.1.2/src/core/ipv4/dhcp.c ****  */
1873:./lwip-2.1.2/src/core/ipv4/dhcp.c **** static struct pbuf *
1874:./lwip-2.1.2/src/core/ipv4/dhcp.c **** dhcp_create_msg(struct netif *netif, struct dhcp *dhcp, u8_t message_type, u16_t *options_out_len)
1875:./lwip-2.1.2/src/core/ipv4/dhcp.c **** {
  28              		.loc 1 1875 1 view -0
  29              		.cfi_startproc
  30              		@ args = 0, pretend = 0, frame = 0
  31              		@ frame_needed = 0, uses_anonymous_args = 0
1876:./lwip-2.1.2/src/core/ipv4/dhcp.c ****   u16_t i;
  32              		.loc 1 1876 3 view .LVU1
1877:./lwip-2.1.2/src/core/ipv4/dhcp.c ****   struct pbuf *p_out;
  33              		.loc 1 1877 3 view .LVU2
1878:./lwip-2.1.2/src/core/ipv4/dhcp.c ****   struct dhcp_msg *msg_out;
  34              		.loc 1 1878 3 view .LVU3
1879:./lwip-2.1.2/src/core/ipv4/dhcp.c ****   u16_t options_out_len_loc;
  35              		.loc 1 1879 3 view .LVU4
1880:./lwip-2.1.2/src/core/ipv4/dhcp.c **** 
1881:./lwip-2.1.2/src/core/ipv4/dhcp.c **** #ifndef DHCP_GLOBAL_XID
1882:./lwip-2.1.2/src/core/ipv4/dhcp.c ****   /** default global transaction identifier starting value (easy to match
1883:./lwip-2.1.2/src/core/ipv4/dhcp.c ****    *  with a packet analyser). We simply increment for each new request.
1884:./lwip-2.1.2/src/core/ipv4/dhcp.c ****    *  Predefine DHCP_GLOBAL_XID to a better value or a function call to generate one
1885:./lwip-2.1.2/src/core/ipv4/dhcp.c ****    *  at runtime, any supporting function prototypes can be defined in DHCP_GLOBAL_XID_HEADER */
1886:./lwip-2.1.2/src/core/ipv4/dhcp.c **** #if DHCP_CREATE_RAND_XID && defined(LWIP_RAND)
1887:./lwip-2.1.2/src/core/ipv4/dhcp.c ****   static u32_t xid;
  36              		.loc 1 1887 3 view .LVU5
1888:./lwip-2.1.2/src/core/ipv4/dhcp.c **** #else /* DHCP_CREATE_RAND_XID && defined(LWIP_RAND) */
1889:./lwip-2.1.2/src/core/ipv4/dhcp.c ****   static u32_t xid = 0xABCD0000;
1890:./lwip-2.1.2/src/core/ipv4/dhcp.c **** #endif /* DHCP_CREATE_RAND_XID && defined(LWIP_RAND) */
1891:./lwip-2.1.2/src/core/ipv4/dhcp.c **** #else
1892:./lwip-2.1.2/src/core/ipv4/dhcp.c ****   if (!xid_initialised) {
1893:./lwip-2.1.2/src/core/ipv4/dhcp.c ****     xid = DHCP_GLOBAL_XID;
1894:./lwip-2.1.2/src/core/ipv4/dhcp.c ****     xid_initialised = !xid_initialised;
1895:./lwip-2.1.2/src/core/ipv4/dhcp.c ****   }
1896:./lwip-2.1.2/src/core/ipv4/dhcp.c **** #endif
1897:./lwip-2.1.2/src/core/ipv4/dhcp.c ****   LWIP_ERROR("dhcp_create_msg: netif != NULL", (netif != NULL), return NULL;);
  37              		.loc 1 1897 3 view .LVU6
  38              		.loc 1 1897 3 view .LVU7
  39              		.loc 1 1897 3 discriminator 2 view .LVU8
  40              		.loc 1 1897 3 discriminator 2 view .LVU9
1898:./lwip-2.1.2/src/core/ipv4/dhcp.c ****   LWIP_ERROR("dhcp_create_msg: dhcp != NULL", (dhcp != NULL), return NULL;);
  41              		.loc 1 1898 3 view .LVU10
  42              		.loc 1 1898 3 view .LVU11
1875:./lwip-2.1.2/src/core/ipv4/dhcp.c ****   u16_t i;
  43              		.loc 1 1875 1 is_stmt 0 view .LVU12
  44 0000 2DE9F843 		push	{r3, r4, r5, r6, r7, r8, r9, lr}
  45              	.LCFI0:
  46              		.cfi_def_cfa_offset 32
  47              		.cfi_offset 3, -32
  48              		.cfi_offset 4, -28
  49              		.cfi_offset 5, -24
  50              		.cfi_offset 6, -20
  51              		.cfi_offset 7, -16
  52              		.cfi_offset 8, -12
  53              		.cfi_offset 9, -8
  54              		.cfi_offset 14, -4
  55              		.loc 1 1898 3 view .LVU13
  56 0004 0028     		cmp	r0, #0
  57 0006 70D0     		beq	.L5
  58 0008 B1FA81F5 		clz	r5, r1
  59 000c 0C46     		mov	r4, r1
  60 000e 6D09     		lsrs	r5, r5, #5
  61 0010 0029     		cmp	r1, #0
  62 0012 6AD0     		beq	.L5
  63              		.loc 1 1898 3 is_stmt 1 discriminator 2 view .LVU14
  64              		.loc 1 1898 3 discriminator 2 view .LVU15
1899:./lwip-2.1.2/src/core/ipv4/dhcp.c ****   p_out = pbuf_alloc(PBUF_TRANSPORT, sizeof(struct dhcp_msg), PBUF_RAM);
  65              		.loc 1 1899 3 view .LVU16
  66 0014 8146     		mov	r9, r0
  67 0016 1646     		mov	r6, r2
  68              		.loc 1 1899 11 is_stmt 0 view .LVU17
  69 0018 4FF49A71 		mov	r1, #308
  70              	.LVL1:
  71              		.loc 1 1899 11 view .LVU18
  72 001c 4FF42072 		mov	r2, #640
  73              	.LVL2:
  74              		.loc 1 1899 11 view .LVU19
  75 0020 3620     		movs	r0, #54
  76              	.LVL3:
  77              		.loc 1 1899 11 view .LVU20
  78 0022 1F46     		mov	r7, r3
  79 0024 FFF7FEFF 		bl	pbuf_alloc
  80              	.LVL4:
1900:./lwip-2.1.2/src/core/ipv4/dhcp.c ****   if (p_out == NULL) {
  81              		.loc 1 1900 3 is_stmt 1 view .LVU21
  82              		.loc 1 1900 6 is_stmt 0 view .LVU22
  83 0028 8046     		mov	r8, r0
  84 002a 0028     		cmp	r0, #0
  85 002c 5DD0     		beq	.L5
1901:./lwip-2.1.2/src/core/ipv4/dhcp.c ****     LWIP_DEBUGF(DHCP_DEBUG | LWIP_DBG_TRACE | LWIP_DBG_LEVEL_SERIOUS,
1902:./lwip-2.1.2/src/core/ipv4/dhcp.c ****                 ("dhcp_create_msg(): could not allocate pbuf\n"));
1903:./lwip-2.1.2/src/core/ipv4/dhcp.c ****     return NULL;
1904:./lwip-2.1.2/src/core/ipv4/dhcp.c ****   }
1905:./lwip-2.1.2/src/core/ipv4/dhcp.c ****   LWIP_ASSERT("dhcp_create_msg: check that first pbuf can hold struct dhcp_msg",
1906:./lwip-2.1.2/src/core/ipv4/dhcp.c ****               (p_out->len >= sizeof(struct dhcp_msg)));
  86              		.loc 1 1906 55 is_stmt 1 view .LVU23
1907:./lwip-2.1.2/src/core/ipv4/dhcp.c **** 
1908:./lwip-2.1.2/src/core/ipv4/dhcp.c ****   /* DHCP_REQUEST should reuse 'xid' from DHCPOFFER */
1909:./lwip-2.1.2/src/core/ipv4/dhcp.c ****   if ((message_type != DHCP_REQUEST) || (dhcp->state == DHCP_STATE_REBOOTING)) {
  87              		.loc 1 1909 3 view .LVU24
  88              		.loc 1 1909 6 is_stmt 0 view .LVU25
  89 002e 032E     		cmp	r6, #3
  90 0030 42D0     		beq	.L20
  91              	.L6:
1910:./lwip-2.1.2/src/core/ipv4/dhcp.c ****     /* reuse transaction identifier in retransmissions */
1911:./lwip-2.1.2/src/core/ipv4/dhcp.c ****     if (dhcp->tries == 0) {
  92              		.loc 1 1911 5 is_stmt 1 view .LVU26
  93              		.loc 1 1911 8 is_stmt 0 view .LVU27
  94 0032 A379     		ldrb	r3, [r4, #6]	@ zero_extendqisi2
  95 0034 002B     		cmp	r3, #0
  96 0036 5DD0     		beq	.L8
1912:./lwip-2.1.2/src/core/ipv4/dhcp.c **** #if DHCP_CREATE_RAND_XID && defined(LWIP_RAND)
1913:./lwip-2.1.2/src/core/ipv4/dhcp.c ****       xid = LWIP_RAND();
1914:./lwip-2.1.2/src/core/ipv4/dhcp.c **** #else /* DHCP_CREATE_RAND_XID && defined(LWIP_RAND) */
1915:./lwip-2.1.2/src/core/ipv4/dhcp.c ****       xid++;
1916:./lwip-2.1.2/src/core/ipv4/dhcp.c **** #endif /* DHCP_CREATE_RAND_XID && defined(LWIP_RAND) */
1917:./lwip-2.1.2/src/core/ipv4/dhcp.c ****     }
1918:./lwip-2.1.2/src/core/ipv4/dhcp.c ****     dhcp->xid = xid;
  97              		.loc 1 1918 15 view .LVU28
  98 0038 324B     		ldr	r3, .L22
  99 003a 1868     		ldr	r0, [r3]
 100              	.LVL5:
 101              	.L9:
 102              		.loc 1 1918 5 is_stmt 1 view .LVU29
1919:./lwip-2.1.2/src/core/ipv4/dhcp.c ****   }
1920:./lwip-2.1.2/src/core/ipv4/dhcp.c ****   LWIP_DEBUGF(DHCP_DEBUG | LWIP_DBG_TRACE,
1921:./lwip-2.1.2/src/core/ipv4/dhcp.c ****               ("transaction id xid(%"X32_F")\n", xid));
1922:./lwip-2.1.2/src/core/ipv4/dhcp.c **** 
1923:./lwip-2.1.2/src/core/ipv4/dhcp.c ****   msg_out = (struct dhcp_msg *)p_out->payload;
 103              		.loc 1 1923 11 is_stmt 0 view .LVU30
 104 003c D8F80450 		ldr	r5, [r8, #4]
1924:./lwip-2.1.2/src/core/ipv4/dhcp.c ****   memset(msg_out, 0, sizeof(struct dhcp_msg));
 105              		.loc 1 1924 3 view .LVU31
 106 0040 4FF49A72 		mov	r2, #308
 107 0044 0021     		movs	r1, #0
1918:./lwip-2.1.2/src/core/ipv4/dhcp.c ****   }
 108              		.loc 1 1918 15 view .LVU32
 109 0046 2060     		str	r0, [r4]
1921:./lwip-2.1.2/src/core/ipv4/dhcp.c **** 
 110              		.loc 1 1921 55 is_stmt 1 view .LVU33
1923:./lwip-2.1.2/src/core/ipv4/dhcp.c ****   memset(msg_out, 0, sizeof(struct dhcp_msg));
 111              		.loc 1 1923 3 view .LVU34
 112              	.LVL6:
 113              		.loc 1 1924 3 view .LVU35
 114 0048 2846     		mov	r0, r5
 115 004a FFF7FEFF 		bl	memset
 116              	.LVL7:
1925:./lwip-2.1.2/src/core/ipv4/dhcp.c **** 
1926:./lwip-2.1.2/src/core/ipv4/dhcp.c ****   msg_out->op = DHCP_BOOTREQUEST;
 117              		.loc 1 1926 3 view .LVU36
1927:./lwip-2.1.2/src/core/ipv4/dhcp.c ****   /* @todo: make link layer independent */
1928:./lwip-2.1.2/src/core/ipv4/dhcp.c ****   msg_out->htype = LWIP_IANA_HWTYPE_ETHERNET;
 118              		.loc 1 1928 3 view .LVU37
1926:./lwip-2.1.2/src/core/ipv4/dhcp.c ****   /* @todo: make link layer independent */
 119              		.loc 1 1926 15 is_stmt 0 view .LVU38
 120 004e 40F20113 		movw	r3, #257
 121 0052 2B80     		strh	r3, [r5]	@ unaligned
1929:./lwip-2.1.2/src/core/ipv4/dhcp.c ****   msg_out->hlen = netif->hwaddr_len;
 122              		.loc 1 1929 3 is_stmt 1 view .LVU39
 123              		.loc 1 1929 17 is_stmt 0 view .LVU40
 124 0054 99F82C30 		ldrb	r3, [r9, #44]	@ zero_extendqisi2
 125 0058 AB70     		strb	r3, [r5, #2]
1930:./lwip-2.1.2/src/core/ipv4/dhcp.c ****   msg_out->xid = lwip_htonl(dhcp->xid);
 126              		.loc 1 1930 3 is_stmt 1 view .LVU41
 127              		.loc 1 1930 18 is_stmt 0 view .LVU42
 128 005a 2068     		ldr	r0, [r4]
 129 005c FFF7FEFF 		bl	lwip_htonl
 130              	.LVL8:
1931:./lwip-2.1.2/src/core/ipv4/dhcp.c ****   /* we don't need the broadcast flag since we can receive unicast traffic
1932:./lwip-2.1.2/src/core/ipv4/dhcp.c ****      before being fully configured! */
1933:./lwip-2.1.2/src/core/ipv4/dhcp.c ****   /* set ciaddr to netif->ip_addr based on message_type and state */
1934:./lwip-2.1.2/src/core/ipv4/dhcp.c ****   if ((message_type == DHCP_INFORM) || (message_type == DHCP_DECLINE) || (message_type == DHCP_RELE
 131              		.loc 1 1934 54 view .LVU43
 132 0060 4FF4C873 		mov	r3, #400
1930:./lwip-2.1.2/src/core/ipv4/dhcp.c ****   msg_out->xid = lwip_htonl(dhcp->xid);
 133              		.loc 1 1930 16 discriminator 1 view .LVU44
 134 0064 6860     		str	r0, [r5, #4]	@ unaligned
 135              		.loc 1 1934 3 is_stmt 1 view .LVU45
 136              		.loc 1 1934 54 is_stmt 0 view .LVU46
 137 0066 F340     		lsrs	r3, r3, r6
 138              		.loc 1 1934 71 discriminator 1 view .LVU47
 139 0068 DB07     		lsls	r3, r3, #31
 140 006a 48D5     		bpl	.L21
 141              	.L10:
1935:./lwip-2.1.2/src/core/ipv4/dhcp.c ****       ((message_type == DHCP_REQUEST) && /* DHCP_STATE_BOUND not used for sending! */
1936:./lwip-2.1.2/src/core/ipv4/dhcp.c ****        ((dhcp->state == DHCP_STATE_RENEWING) || dhcp->state == DHCP_STATE_REBINDING))) {
1937:./lwip-2.1.2/src/core/ipv4/dhcp.c ****     ip4_addr_copy(msg_out->ciaddr, *netif_ip4_addr(netif));
 142              		.loc 1 1937 5 is_stmt 1 view .LVU48
 143 006c D9F80430 		ldr	r3, [r9, #4]
 144 0070 EB60     		str	r3, [r5, #12]	@ unaligned
 145              	.LVL9:
1938:./lwip-2.1.2/src/core/ipv4/dhcp.c ****   }
1939:./lwip-2.1.2/src/core/ipv4/dhcp.c ****   for (i = 0; i < LWIP_MIN(DHCP_CHADDR_LEN, NETIF_MAX_HWADDR_LEN); i++) {
 146              		.loc 1 1939 17 discriminator 1 view .LVU49
 147              	.L11:
 148              		.loc 1 1939 17 is_stmt 0 discriminator 1 view .LVU50
 149 0072 09F12501 		add	r1, r9, #37
 150 0076 09F12B04 		add	r4, r9, #43
 151              	.LVL10:
 152              		.loc 1 1939 17 discriminator 1 view .LVU51
 153 007a 05F11B0C 		add	ip, r5, #27
 154              	.L12:
 155              	.LVL11:
1940:./lwip-2.1.2/src/core/ipv4/dhcp.c ****     /* copy netif hardware address (padded with zeroes through memset already) */
1941:./lwip-2.1.2/src/core/ipv4/dhcp.c ****     msg_out->chaddr[i] = netif->hwaddr[i];
 156              		.loc 1 1941 5 is_stmt 1 view .LVU52
 157              		.loc 1 1941 39 is_stmt 0 view .LVU53
 158 007e 11F801EF 		ldrb	lr, [r1, #1]!	@ zero_extendqisi2
 159              	.LVL12:
1939:./lwip-2.1.2/src/core/ipv4/dhcp.c ****     /* copy netif hardware address (padded with zeroes through memset already) */
 160              		.loc 1 1939 17 discriminator 1 view .LVU54
 161 0082 A142     		cmp	r1, r4
 162              		.loc 1 1941 24 view .LVU55
 163 0084 0CF801EF 		strb	lr, [ip, #1]!
1939:./lwip-2.1.2/src/core/ipv4/dhcp.c ****     /* copy netif hardware address (padded with zeroes through memset already) */
 164              		.loc 1 1939 69 is_stmt 1 discriminator 3 view .LVU56
 165              	.LVL13:
1939:./lwip-2.1.2/src/core/ipv4/dhcp.c ****     /* copy netif hardware address (padded with zeroes through memset already) */
 166              		.loc 1 1939 17 discriminator 1 view .LVU57
 167 0088 F9D1     		bne	.L12
1942:./lwip-2.1.2/src/core/ipv4/dhcp.c ****   }
1943:./lwip-2.1.2/src/core/ipv4/dhcp.c ****   msg_out->cookie = PP_HTONL(DHCP_MAGIC_COOKIE);
 168              		.loc 1 1943 3 view .LVU58
 169              		.loc 1 1943 19 is_stmt 0 view .LVU59
 170 008a 6323     		movs	r3, #99
 171 008c 6FF07D02 		mvn	r2, #125
 172              	.LBB94:
 173              	.LBB95:
1447:./lwip-2.1.2/src/core/ipv4/dhcp.c ****   return options_out_len;
 174              		.loc 1 1447 30 view .LVU60
 175 0090 85F8F260 		strb	r6, [r5, #242]
 176              	.LBE95:
 177              	.LBE94:
1944:./lwip-2.1.2/src/core/ipv4/dhcp.c ****   /* Add option MESSAGE_TYPE */
1945:./lwip-2.1.2/src/core/ipv4/dhcp.c ****   options_out_len_loc = dhcp_option(0, msg_out->options, DHCP_OPTION_MESSAGE_TYPE, DHCP_OPTION_MESS
1946:./lwip-2.1.2/src/core/ipv4/dhcp.c ****   options_out_len_loc = dhcp_option_byte(options_out_len_loc, msg_out->options, message_type);
1947:./lwip-2.1.2/src/core/ipv4/dhcp.c ****   if (options_out_len) {
1948:./lwip-2.1.2/src/core/ipv4/dhcp.c ****     *options_out_len = options_out_len_loc;
1949:./lwip-2.1.2/src/core/ipv4/dhcp.c ****   }
1950:./lwip-2.1.2/src/core/ipv4/dhcp.c ****   return p_out;
1951:./lwip-2.1.2/src/core/ipv4/dhcp.c **** }
 178              		.loc 1 1951 1 view .LVU61
 179 0094 4046     		mov	r0, r8
1943:./lwip-2.1.2/src/core/ipv4/dhcp.c ****   /* Add option MESSAGE_TYPE */
 180              		.loc 1 1943 19 view .LVU62
 181 0096 85F8EC30 		strb	r3, [r5, #236]
 182 009a 85F8EF30 		strb	r3, [r5, #239]
1945:./lwip-2.1.2/src/core/ipv4/dhcp.c ****   options_out_len_loc = dhcp_option_byte(options_out_len_loc, msg_out->options, message_type);
 183              		.loc 1 1945 3 is_stmt 1 view .LVU63
 184              	.LVL14:
 185              	.LBB97:
 186              	.LBI97:
1432:./lwip-2.1.2/src/core/ipv4/dhcp.c **** {
 187              		.loc 1 1432 1 view .LVU64
 188              	.LBB98:
1434:./lwip-2.1.2/src/core/ipv4/dhcp.c ****   options[options_out_len++] = option_type;
 189              		.loc 1 1434 138 view .LVU65
1435:./lwip-2.1.2/src/core/ipv4/dhcp.c ****   options[options_out_len++] = option_len;
 190              		.loc 1 1435 3 view .LVU66
1436:./lwip-2.1.2/src/core/ipv4/dhcp.c ****   return options_out_len;
 191              		.loc 1 1436 3 view .LVU67
1435:./lwip-2.1.2/src/core/ipv4/dhcp.c ****   options[options_out_len++] = option_len;
 192              		.loc 1 1435 30 is_stmt 0 view .LVU68
 193 009e 40F23513 		movw	r3, #309
 194              	.LBE98:
 195              	.LBE97:
1943:./lwip-2.1.2/src/core/ipv4/dhcp.c ****   /* Add option MESSAGE_TYPE */
 196              		.loc 1 1943 19 view .LVU69
 197 00a2 85F8ED20 		strb	r2, [r5, #237]
 198 00a6 5322     		movs	r2, #83
 199              	.LBB100:
 200              	.LBB99:
1435:./lwip-2.1.2/src/core/ipv4/dhcp.c ****   options[options_out_len++] = option_len;
 201              		.loc 1 1435 30 view .LVU70
 202 00a8 A5F8F030 		strh	r3, [r5, #240]	@ unaligned
1437:./lwip-2.1.2/src/core/ipv4/dhcp.c **** }
 203              		.loc 1 1437 3 is_stmt 1 view .LVU71
 204              	.LVL15:
1437:./lwip-2.1.2/src/core/ipv4/dhcp.c **** }
 205              		.loc 1 1437 3 is_stmt 0 view .LVU72
 206              	.LBE99:
 207              	.LBE100:
1946:./lwip-2.1.2/src/core/ipv4/dhcp.c ****   if (options_out_len) {
 208              		.loc 1 1946 3 is_stmt 1 view .LVU73
 209              	.LBB101:
 210              	.LBI94:
1444:./lwip-2.1.2/src/core/ipv4/dhcp.c **** {
 211              		.loc 1 1444 1 view .LVU74
 212              	.LBB96:
1446:./lwip-2.1.2/src/core/ipv4/dhcp.c ****   options[options_out_len++] = value;
 213              		.loc 1 1446 106 view .LVU75
1447:./lwip-2.1.2/src/core/ipv4/dhcp.c ****   return options_out_len;
 214              		.loc 1 1447 3 view .LVU76
1448:./lwip-2.1.2/src/core/ipv4/dhcp.c **** }
 215              		.loc 1 1448 3 view .LVU77
1448:./lwip-2.1.2/src/core/ipv4/dhcp.c **** }
 216              		.loc 1 1448 3 is_stmt 0 view .LVU78
 217              	.LBE96:
 218              	.LBE101:
1947:./lwip-2.1.2/src/core/ipv4/dhcp.c ****     *options_out_len = options_out_len_loc;
 219              		.loc 1 1947 3 is_stmt 1 view .LVU79
1948:./lwip-2.1.2/src/core/ipv4/dhcp.c ****   }
 220              		.loc 1 1948 5 view .LVU80
1948:./lwip-2.1.2/src/core/ipv4/dhcp.c ****   }
 221              		.loc 1 1948 22 is_stmt 0 view .LVU81
 222 00ac 0323     		movs	r3, #3
1943:./lwip-2.1.2/src/core/ipv4/dhcp.c ****   /* Add option MESSAGE_TYPE */
 223              		.loc 1 1943 19 view .LVU82
 224 00ae 85F8EE20 		strb	r2, [r5, #238]
1948:./lwip-2.1.2/src/core/ipv4/dhcp.c ****   }
 225              		.loc 1 1948 22 view .LVU83
 226 00b2 3B80     		strh	r3, [r7]	@ movhi
 227              		.loc 1 1951 1 view .LVU84
 228 00b4 BDE8F883 		pop	{r3, r4, r5, r6, r7, r8, r9, pc}
 229              	.LVL16:
 230              	.L20:
1909:./lwip-2.1.2/src/core/ipv4/dhcp.c ****     /* reuse transaction identifier in retransmissions */
 231              		.loc 1 1909 38 discriminator 1 view .LVU85
 232 00b8 6379     		ldrb	r3, [r4, #5]	@ zero_extendqisi2
 233 00ba 032B     		cmp	r3, #3
 234 00bc B9D0     		beq	.L6
1921:./lwip-2.1.2/src/core/ipv4/dhcp.c **** 
 235              		.loc 1 1921 55 is_stmt 1 view .LVU86
1923:./lwip-2.1.2/src/core/ipv4/dhcp.c ****   memset(msg_out, 0, sizeof(struct dhcp_msg));
 236              		.loc 1 1923 3 view .LVU87
1924:./lwip-2.1.2/src/core/ipv4/dhcp.c **** 
 237              		.loc 1 1924 3 is_stmt 0 view .LVU88
 238 00be 2946     		mov	r1, r5
1923:./lwip-2.1.2/src/core/ipv4/dhcp.c ****   memset(msg_out, 0, sizeof(struct dhcp_msg));
 239              		.loc 1 1923 11 view .LVU89
 240 00c0 4568     		ldr	r5, [r0, #4]
 241              	.LVL17:
1924:./lwip-2.1.2/src/core/ipv4/dhcp.c **** 
 242              		.loc 1 1924 3 is_stmt 1 view .LVU90
 243 00c2 4FF49A72 		mov	r2, #308
 244 00c6 2846     		mov	r0, r5
 245              	.LVL18:
1924:./lwip-2.1.2/src/core/ipv4/dhcp.c **** 
 246              		.loc 1 1924 3 is_stmt 0 view .LVU91
 247 00c8 FFF7FEFF 		bl	memset
 248              	.LVL19:
1926:./lwip-2.1.2/src/core/ipv4/dhcp.c ****   /* @todo: make link layer independent */
 249              		.loc 1 1926 3 is_stmt 1 view .LVU92
1928:./lwip-2.1.2/src/core/ipv4/dhcp.c ****   msg_out->hlen = netif->hwaddr_len;
 250              		.loc 1 1928 3 view .LVU93
1926:./lwip-2.1.2/src/core/ipv4/dhcp.c ****   /* @todo: make link layer independent */
 251              		.loc 1 1926 15 is_stmt 0 view .LVU94
 252 00cc 40F20113 		movw	r3, #257
 253 00d0 2B80     		strh	r3, [r5]	@ unaligned
1929:./lwip-2.1.2/src/core/ipv4/dhcp.c ****   msg_out->xid = lwip_htonl(dhcp->xid);
 254              		.loc 1 1929 3 is_stmt 1 view .LVU95
1929:./lwip-2.1.2/src/core/ipv4/dhcp.c ****   msg_out->xid = lwip_htonl(dhcp->xid);
 255              		.loc 1 1929 17 is_stmt 0 view .LVU96
 256 00d2 99F82C30 		ldrb	r3, [r9, #44]	@ zero_extendqisi2
 257 00d6 AB70     		strb	r3, [r5, #2]
1930:./lwip-2.1.2/src/core/ipv4/dhcp.c ****   /* we don't need the broadcast flag since we can receive unicast traffic
 258              		.loc 1 1930 3 is_stmt 1 view .LVU97
1930:./lwip-2.1.2/src/core/ipv4/dhcp.c ****   /* we don't need the broadcast flag since we can receive unicast traffic
 259              		.loc 1 1930 18 is_stmt 0 view .LVU98
 260 00d8 2068     		ldr	r0, [r4]
 261 00da FFF7FEFF 		bl	lwip_htonl
 262              	.LVL20:
1930:./lwip-2.1.2/src/core/ipv4/dhcp.c ****   /* we don't need the broadcast flag since we can receive unicast traffic
 263              		.loc 1 1930 16 discriminator 1 view .LVU99
 264 00de 6860     		str	r0, [r5, #4]	@ unaligned
1934:./lwip-2.1.2/src/core/ipv4/dhcp.c ****       ((message_type == DHCP_REQUEST) && /* DHCP_STATE_BOUND not used for sending! */
 265              		.loc 1 1934 3 is_stmt 1 view .LVU100
 266              	.L13:
1936:./lwip-2.1.2/src/core/ipv4/dhcp.c ****     ip4_addr_copy(msg_out->ciaddr, *netif_ip4_addr(netif));
 267              		.loc 1 1936 46 is_stmt 0 view .LVU101
 268 00e0 6379     		ldrb	r3, [r4, #5]	@ zero_extendqisi2
1935:./lwip-2.1.2/src/core/ipv4/dhcp.c ****        ((dhcp->state == DHCP_STATE_RENEWING) || dhcp->state == DHCP_STATE_REBINDING))) {
 269              		.loc 1 1935 39 view .LVU102
 270 00e2 043B     		subs	r3, r3, #4
 271 00e4 012B     		cmp	r3, #1
 272 00e6 C4D8     		bhi	.L11
1935:./lwip-2.1.2/src/core/ipv4/dhcp.c ****        ((dhcp->state == DHCP_STATE_RENEWING) || dhcp->state == DHCP_STATE_REBINDING))) {
 273              		.loc 1 1935 39 view .LVU103
 274 00e8 C0E7     		b	.L10
 275              	.LVL21:
 276              	.L5:
1897:./lwip-2.1.2/src/core/ipv4/dhcp.c ****   LWIP_ERROR("dhcp_create_msg: dhcp != NULL", (dhcp != NULL), return NULL;);
 277              		.loc 1 1897 3 discriminator 1 view .LVU104
 278 00ea 4FF00008 		mov	r8, #0
 279              		.loc 1 1951 1 view .LVU105
 280 00ee 4046     		mov	r0, r8
 281 00f0 BDE8F883 		pop	{r3, r4, r5, r6, r7, r8, r9, pc}
 282              	.LVL22:
 283              	.L8:
1913:./lwip-2.1.2/src/core/ipv4/dhcp.c **** #else /* DHCP_CREATE_RAND_XID && defined(LWIP_RAND) */
 284              		.loc 1 1913 7 is_stmt 1 view .LVU106
1913:./lwip-2.1.2/src/core/ipv4/dhcp.c **** #else /* DHCP_CREATE_RAND_XID && defined(LWIP_RAND) */
 285              		.loc 1 1913 13 is_stmt 0 view .LVU107
 286 00f4 FFF7FEFF 		bl	rand
 287              	.LVL23:
1913:./lwip-2.1.2/src/core/ipv4/dhcp.c **** #else /* DHCP_CREATE_RAND_XID && defined(LWIP_RAND) */
 288              		.loc 1 1913 11 discriminator 1 view .LVU108
 289 00f8 024B     		ldr	r3, .L22
 290 00fa 1860     		str	r0, [r3]
 291 00fc 9EE7     		b	.L9
 292              	.LVL24:
 293              	.L21:
1934:./lwip-2.1.2/src/core/ipv4/dhcp.c ****       ((message_type == DHCP_REQUEST) && /* DHCP_STATE_BOUND not used for sending! */
 294              		.loc 1 1934 105 discriminator 2 view .LVU109
 295 00fe 032E     		cmp	r6, #3
 296 0100 B7D1     		bne	.L11
 297 0102 EDE7     		b	.L13
 298              	.L23:
 299              		.align	2
 300              	.L22:
 301 0104 00000000 		.word	.LANCHOR0
 302              		.cfi_endproc
 303              	.LFE60:
 305              		.align	1
 306              		.p2align 2,,3
 307              		.syntax unified
 308              		.thumb
 309              		.thumb_func
 311              	dhcp_check:
 312              	.LVL25:
 313              	.LFB29:
 304:./lwip-2.1.2/src/core/ipv4/dhcp.c ****   struct dhcp *dhcp = netif_dhcp_data(netif);
 314              		.loc 1 304 1 is_stmt 1 view -0
 315              		.cfi_startproc
 316              		@ args = 0, pretend = 0, frame = 0
 317              		@ frame_needed = 0, uses_anonymous_args = 0
 305:./lwip-2.1.2/src/core/ipv4/dhcp.c ****   err_t result;
 318              		.loc 1 305 3 view .LVU111
 304:./lwip-2.1.2/src/core/ipv4/dhcp.c ****   struct dhcp *dhcp = netif_dhcp_data(netif);
 319              		.loc 1 304 1 is_stmt 0 view .LVU112
 320 0108 10B5     		push	{r4, lr}
 321              	.LCFI1:
 322              		.cfi_def_cfa_offset 8
 323              		.cfi_offset 4, -8
 324              		.cfi_offset 14, -4
 305:./lwip-2.1.2/src/core/ipv4/dhcp.c ****   err_t result;
 325              		.loc 1 305 16 view .LVU113
 326 010a 046A     		ldr	r4, [r0, #32]
 327              	.LVL26:
 306:./lwip-2.1.2/src/core/ipv4/dhcp.c ****   u16_t msecs;
 328              		.loc 1 306 3 is_stmt 1 view .LVU114
 307:./lwip-2.1.2/src/core/ipv4/dhcp.c ****   LWIP_DEBUGF(DHCP_DEBUG | LWIP_DBG_TRACE, ("dhcp_check(netif=%p) %c%c\n", (void *)netif, (s16_t)ne
 329              		.loc 1 307 3 view .LVU115
 309:./lwip-2.1.2/src/core/ipv4/dhcp.c ****   dhcp_set_state(dhcp, DHCP_STATE_CHECKING);
 330              		.loc 1 309 38 view .LVU116
 310:./lwip-2.1.2/src/core/ipv4/dhcp.c ****   /* create an ARP query for the offered IP address, expecting that no host
 331              		.loc 1 310 3 view .LVU117
 332              	.LBB102:
 333              	.LBI102:
1417:./lwip-2.1.2/src/core/ipv4/dhcp.c **** {
 334              		.loc 1 1417 1 view .LVU118
 335              	.LBB103:
1419:./lwip-2.1.2/src/core/ipv4/dhcp.c ****     dhcp->state = new_state;
 336              		.loc 1 1419 3 view .LVU119
1419:./lwip-2.1.2/src/core/ipv4/dhcp.c ****     dhcp->state = new_state;
 337              		.loc 1 1419 6 is_stmt 0 view .LVU120
 338 010c 6379     		ldrb	r3, [r4, #5]	@ zero_extendqisi2
 339 010e 082B     		cmp	r3, #8
 340 0110 04D0     		beq	.L25
1420:./lwip-2.1.2/src/core/ipv4/dhcp.c ****     dhcp->tries = 0;
 341              		.loc 1 1420 5 is_stmt 1 view .LVU121
1421:./lwip-2.1.2/src/core/ipv4/dhcp.c ****     dhcp->request_timeout = 0;
 342              		.loc 1 1421 5 view .LVU122
1420:./lwip-2.1.2/src/core/ipv4/dhcp.c ****     dhcp->tries = 0;
 343              		.loc 1 1420 17 is_stmt 0 view .LVU123
 344 0112 0822     		movs	r2, #8
1422:./lwip-2.1.2/src/core/ipv4/dhcp.c ****   }
 345              		.loc 1 1422 27 view .LVU124
 346 0114 0023     		movs	r3, #0
1420:./lwip-2.1.2/src/core/ipv4/dhcp.c ****     dhcp->tries = 0;
 347              		.loc 1 1420 17 view .LVU125
 348 0116 A4F80520 		strh	r2, [r4, #5]	@ unaligned
1422:./lwip-2.1.2/src/core/ipv4/dhcp.c ****   }
 349              		.loc 1 1422 5 is_stmt 1 view .LVU126
1422:./lwip-2.1.2/src/core/ipv4/dhcp.c ****   }
 350              		.loc 1 1422 27 is_stmt 0 view .LVU127
 351 011a 2381     		strh	r3, [r4, #8]	@ movhi
 352              	.L25:
 353              	.LVL27:
1422:./lwip-2.1.2/src/core/ipv4/dhcp.c ****   }
 354              		.loc 1 1422 27 view .LVU128
 355              	.LBE103:
 356              	.LBE102:
 313:./lwip-2.1.2/src/core/ipv4/dhcp.c ****   if (result != ERR_OK) {
 357              		.loc 1 313 3 is_stmt 1 view .LVU129
 313:./lwip-2.1.2/src/core/ipv4/dhcp.c ****   if (result != ERR_OK) {
 358              		.loc 1 313 12 is_stmt 0 view .LVU130
 359 011c 0022     		movs	r2, #0
 360 011e 04F11C01 		add	r1, r4, #28
 361 0122 FFF7FEFF 		bl	etharp_query
 362              	.LVL28:
 314:./lwip-2.1.2/src/core/ipv4/dhcp.c ****     LWIP_DEBUGF(DHCP_DEBUG | LWIP_DBG_TRACE | LWIP_DBG_LEVEL_WARNING, ("dhcp_check: could not perfo
 363              		.loc 1 314 3 is_stmt 1 view .LVU131
 315:./lwip-2.1.2/src/core/ipv4/dhcp.c ****   }
 364              		.loc 1 315 117 view .LVU132
 317:./lwip-2.1.2/src/core/ipv4/dhcp.c ****     dhcp->tries++;
 365              		.loc 1 317 3 view .LVU133
 317:./lwip-2.1.2/src/core/ipv4/dhcp.c ****     dhcp->tries++;
 366              		.loc 1 317 11 is_stmt 0 view .LVU134
 367 0126 A379     		ldrb	r3, [r4, #6]	@ zero_extendqisi2
 317:./lwip-2.1.2/src/core/ipv4/dhcp.c ****     dhcp->tries++;
 368              		.loc 1 317 6 view .LVU135
 369 0128 FF2B     		cmp	r3, #255
 370 012a 01D0     		beq	.L26
 318:./lwip-2.1.2/src/core/ipv4/dhcp.c ****   }
 371              		.loc 1 318 5 is_stmt 1 view .LVU136
 318:./lwip-2.1.2/src/core/ipv4/dhcp.c ****   }
 372              		.loc 1 318 16 is_stmt 0 view .LVU137
 373 012c 0133     		adds	r3, r3, #1
 374 012e A371     		strb	r3, [r4, #6]
 375              	.L26:
 320:./lwip-2.1.2/src/core/ipv4/dhcp.c ****   dhcp->request_timeout = (u16_t)((msecs + DHCP_FINE_TIMER_MSECS - 1) / DHCP_FINE_TIMER_MSECS);
 376              		.loc 1 320 3 is_stmt 1 view .LVU138
 377              	.LVL29:
 321:./lwip-2.1.2/src/core/ipv4/dhcp.c ****   LWIP_DEBUGF(DHCP_DEBUG | LWIP_DBG_TRACE | LWIP_DBG_STATE, ("dhcp_check(): set request timeout %"U
 378              		.loc 1 321 3 view .LVU139
 321:./lwip-2.1.2/src/core/ipv4/dhcp.c ****   LWIP_DEBUGF(DHCP_DEBUG | LWIP_DBG_TRACE | LWIP_DBG_STATE, ("dhcp_check(): set request timeout %"U
 379              		.loc 1 321 25 is_stmt 0 view .LVU140
 380 0130 0123     		movs	r3, #1
 381 0132 2381     		strh	r3, [r4, #8]	@ movhi
 322:./lwip-2.1.2/src/core/ipv4/dhcp.c **** }
 382              		.loc 1 322 123 is_stmt 1 view .LVU141
 323:./lwip-2.1.2/src/core/ipv4/dhcp.c **** #endif /* DHCP_DOES_ARP_CHECK */
 383              		.loc 1 323 1 is_stmt 0 view .LVU142
 384 0134 10BD     		pop	{r4, pc}
 323:./lwip-2.1.2/src/core/ipv4/dhcp.c **** #endif /* DHCP_DOES_ARP_CHECK */
 385              		.loc 1 323 1 view .LVU143
 386              		.cfi_endproc
 387              	.LFE29:
 389              		.align	1
 390 0136 00BF     		.p2align 2,,3
 391              		.syntax unified
 392              		.thumb
 393              		.thumb_func
 395              	dhcp_bind:
 396              	.LVL30:
 397              	.LFB46:
1041:./lwip-2.1.2/src/core/ipv4/dhcp.c ****   u32_t timeout;
 398              		.loc 1 1041 1 is_stmt 1 view -0
 399              		.cfi_startproc
 400              		@ args = 0, pretend = 0, frame = 8
 401              		@ frame_needed = 0, uses_anonymous_args = 0
1042:./lwip-2.1.2/src/core/ipv4/dhcp.c ****   struct dhcp *dhcp;
 402              		.loc 1 1042 3 view .LVU145
1043:./lwip-2.1.2/src/core/ipv4/dhcp.c ****   ip4_addr_t sn_mask, gw_addr;
 403              		.loc 1 1043 3 view .LVU146
1044:./lwip-2.1.2/src/core/ipv4/dhcp.c ****   LWIP_ERROR("dhcp_bind: netif != NULL", (netif != NULL), return;);
 404              		.loc 1 1044 3 view .LVU147
1045:./lwip-2.1.2/src/core/ipv4/dhcp.c ****   dhcp = netif_dhcp_data(netif);
 405              		.loc 1 1045 3 view .LVU148
1045:./lwip-2.1.2/src/core/ipv4/dhcp.c ****   dhcp = netif_dhcp_data(netif);
 406              		.loc 1 1045 3 view .LVU149
 407 0138 0028     		cmp	r0, #0
 408 013a 78D0     		beq	.L68
1045:./lwip-2.1.2/src/core/ipv4/dhcp.c ****   dhcp = netif_dhcp_data(netif);
 409              		.loc 1 1045 3 discriminator 2 view .LVU150
1045:./lwip-2.1.2/src/core/ipv4/dhcp.c ****   dhcp = netif_dhcp_data(netif);
 410              		.loc 1 1045 3 discriminator 2 view .LVU151
1046:./lwip-2.1.2/src/core/ipv4/dhcp.c ****   LWIP_ERROR("dhcp_bind: dhcp != NULL", (dhcp != NULL), return;);
 411              		.loc 1 1046 3 view .LVU152
1046:./lwip-2.1.2/src/core/ipv4/dhcp.c ****   LWIP_ERROR("dhcp_bind: dhcp != NULL", (dhcp != NULL), return;);
 412              		.loc 1 1046 8 is_stmt 0 view .LVU153
 413 013c 016A     		ldr	r1, [r0, #32]
 414              	.LVL31:
1047:./lwip-2.1.2/src/core/ipv4/dhcp.c ****   LWIP_DEBUGF(DHCP_DEBUG | LWIP_DBG_TRACE, ("dhcp_bind(netif=%p) %c%c%"U16_F"\n", (void *)netif, ne
 415              		.loc 1 1047 3 is_stmt 1 view .LVU154
1047:./lwip-2.1.2/src/core/ipv4/dhcp.c ****   LWIP_DEBUGF(DHCP_DEBUG | LWIP_DBG_TRACE, ("dhcp_bind(netif=%p) %c%c%"U16_F"\n", (void *)netif, ne
 416              		.loc 1 1047 3 view .LVU155
 417 013e 0029     		cmp	r1, #0
 418 0140 75D0     		beq	.L68
1047:./lwip-2.1.2/src/core/ipv4/dhcp.c ****   LWIP_DEBUGF(DHCP_DEBUG | LWIP_DBG_TRACE, ("dhcp_bind(netif=%p) %c%c%"U16_F"\n", (void *)netif, ne
 419              		.loc 1 1047 3 discriminator 2 view .LVU156
1047:./lwip-2.1.2/src/core/ipv4/dhcp.c ****   LWIP_DEBUGF(DHCP_DEBUG | LWIP_DBG_TRACE, ("dhcp_bind(netif=%p) %c%c%"U16_F"\n", (void *)netif, ne
 420              		.loc 1 1047 3 discriminator 2 view .LVU157
1048:./lwip-2.1.2/src/core/ipv4/dhcp.c **** 
 421              		.loc 1 1048 149 view .LVU158
1051:./lwip-2.1.2/src/core/ipv4/dhcp.c **** 
 422              		.loc 1 1051 3 view .LVU159
1053:./lwip-2.1.2/src/core/ipv4/dhcp.c ****     /* set renewal period timer */
 423              		.loc 1 1053 11 is_stmt 0 view .LVU160
 424 0142 8B6A     		ldr	r3, [r1, #40]
1051:./lwip-2.1.2/src/core/ipv4/dhcp.c **** 
 425              		.loc 1 1051 20 view .LVU161
 426 0144 0022     		movs	r2, #0
1041:./lwip-2.1.2/src/core/ipv4/dhcp.c ****   u32_t timeout;
 427              		.loc 1 1041 1 view .LVU162
 428 0146 10B5     		push	{r4, lr}
 429              	.LCFI2:
 430              		.cfi_def_cfa_offset 8
 431              		.cfi_offset 4, -8
 432              		.cfi_offset 14, -4
1053:./lwip-2.1.2/src/core/ipv4/dhcp.c ****     /* set renewal period timer */
 433              		.loc 1 1053 6 view .LVU163
 434 0148 5C1C     		adds	r4, r3, #1
1041:./lwip-2.1.2/src/core/ipv4/dhcp.c ****   u32_t timeout;
 435              		.loc 1 1041 1 view .LVU164
 436 014a 82B0     		sub	sp, sp, #8
 437              	.LCFI3:
 438              		.cfi_def_cfa_offset 16
1051:./lwip-2.1.2/src/core/ipv4/dhcp.c **** 
 439              		.loc 1 1051 20 view .LVU165
 440 014c 4A82     		strh	r2, [r1, #18]	@ movhi
1053:./lwip-2.1.2/src/core/ipv4/dhcp.c ****     /* set renewal period timer */
 441              		.loc 1 1053 3 is_stmt 1 view .LVU166
1053:./lwip-2.1.2/src/core/ipv4/dhcp.c ****     /* set renewal period timer */
 442              		.loc 1 1053 6 is_stmt 0 view .LVU167
 443 014e 06D0     		beq	.L37
1055:./lwip-2.1.2/src/core/ipv4/dhcp.c ****     timeout = (dhcp->offered_t0_lease + DHCP_COARSE_TIMER_SECS / 2) / DHCP_COARSE_TIMER_SECS;
 444              		.loc 1 1055 120 is_stmt 1 view .LVU168
1056:./lwip-2.1.2/src/core/ipv4/dhcp.c ****     if (timeout > 0xffff) {
 445              		.loc 1 1056 5 view .LVU169
1056:./lwip-2.1.2/src/core/ipv4/dhcp.c ****     if (timeout > 0xffff) {
 446              		.loc 1 1056 39 is_stmt 0 view .LVU170
 447 0150 1E33     		adds	r3, r3, #30
 448              	.LVL32:
1057:./lwip-2.1.2/src/core/ipv4/dhcp.c ****       timeout = 0xffff;
 449              		.loc 1 1057 5 is_stmt 1 view .LVU171
1057:./lwip-2.1.2/src/core/ipv4/dhcp.c ****       timeout = 0xffff;
 450              		.loc 1 1057 8 is_stmt 0 view .LVU172
 451 0152 B3F5701F 		cmp	r3, #3932160
 452 0156 48D3     		bcc	.L38
1058:./lwip-2.1.2/src/core/ipv4/dhcp.c ****     }
 453              		.loc 1 1058 7 is_stmt 1 view .LVU173
 454              	.LVL33:
1060:./lwip-2.1.2/src/core/ipv4/dhcp.c ****     if (dhcp->t0_timeout == 0) {
 455              		.loc 1 1060 5 view .LVU174
1060:./lwip-2.1.2/src/core/ipv4/dhcp.c ****     if (dhcp->t0_timeout == 0) {
 456              		.loc 1 1060 22 is_stmt 0 view .LVU175
 457 0158 4FF6FF73 		movw	r3, #65535
 458 015c 8B82     		strh	r3, [r1, #20]	@ movhi
1061:./lwip-2.1.2/src/core/ipv4/dhcp.c ****       dhcp->t0_timeout = 1;
 459              		.loc 1 1061 5 is_stmt 1 view .LVU176
 460              	.LVL34:
 461              	.L37:
1064:./lwip-2.1.2/src/core/ipv4/dhcp.c ****   }
 462              		.loc 1 1064 148 view .LVU177
1068:./lwip-2.1.2/src/core/ipv4/dhcp.c ****     /* set renewal period timer */
 463              		.loc 1 1068 3 view .LVU178
1068:./lwip-2.1.2/src/core/ipv4/dhcp.c ****     /* set renewal period timer */
 464              		.loc 1 1068 11 is_stmt 0 view .LVU179
 465 015e CB6A     		ldr	r3, [r1, #44]
1068:./lwip-2.1.2/src/core/ipv4/dhcp.c ****     /* set renewal period timer */
 466              		.loc 1 1068 6 view .LVU180
 467 0160 5A1C     		adds	r2, r3, #1
 468 0162 08D0     		beq	.L71
 469              	.L41:
1070:./lwip-2.1.2/src/core/ipv4/dhcp.c ****     timeout = (dhcp->offered_t1_renew + DHCP_COARSE_TIMER_SECS / 2) / DHCP_COARSE_TIMER_SECS;
 470              		.loc 1 1070 120 is_stmt 1 view .LVU181
1071:./lwip-2.1.2/src/core/ipv4/dhcp.c ****     if (timeout > 0xffff) {
 471              		.loc 1 1071 5 view .LVU182
1071:./lwip-2.1.2/src/core/ipv4/dhcp.c ****     if (timeout > 0xffff) {
 472              		.loc 1 1071 39 is_stmt 0 view .LVU183
 473 0164 1E33     		adds	r3, r3, #30
 474              	.LVL35:
1072:./lwip-2.1.2/src/core/ipv4/dhcp.c ****       timeout = 0xffff;
 475              		.loc 1 1072 5 is_stmt 1 view .LVU184
1072:./lwip-2.1.2/src/core/ipv4/dhcp.c ****       timeout = 0xffff;
 476              		.loc 1 1072 8 is_stmt 0 view .LVU185
 477 0166 B3F5701F 		cmp	r3, #3932160
 478 016a 46D2     		bcs	.L52
1075:./lwip-2.1.2/src/core/ipv4/dhcp.c ****     if (dhcp->t1_timeout == 0) {
 479              		.loc 1 1075 5 is_stmt 1 view .LVU186
1076:./lwip-2.1.2/src/core/ipv4/dhcp.c ****       dhcp->t1_timeout = 1;
 480              		.loc 1 1076 5 view .LVU187
1076:./lwip-2.1.2/src/core/ipv4/dhcp.c ****       dhcp->t1_timeout = 1;
 481              		.loc 1 1076 8 is_stmt 0 view .LVU188
 482 016c 3B2B     		cmp	r3, #59
 483 016e 65D8     		bhi	.L72
 484 0170 0122     		movs	r2, #1
 485 0172 1346     		mov	r3, r2
 486              	.LVL36:
1076:./lwip-2.1.2/src/core/ipv4/dhcp.c ****       dhcp->t1_timeout = 1;
 487              		.loc 1 1076 8 view .LVU189
 488 0174 44E0     		b	.L43
 489              	.LVL37:
 490              	.L71:
1098:./lwip-2.1.2/src/core/ipv4/dhcp.c ****     dhcp->t1_timeout = 0;
 491              		.loc 1 1098 12 view .LVU190
 492 0176 4B89     		ldrh	r3, [r1, #10]
 493              	.L42:
1083:./lwip-2.1.2/src/core/ipv4/dhcp.c ****     LWIP_DEBUGF(DHCP_DEBUG | LWIP_DBG_TRACE, ("dhcp_bind(): t2 rebind timer %"U32_F" secs\n", dhcp-
 494              		.loc 1 1083 3 is_stmt 1 view .LVU191
1083:./lwip-2.1.2/src/core/ipv4/dhcp.c ****     LWIP_DEBUGF(DHCP_DEBUG | LWIP_DBG_TRACE, ("dhcp_bind(): t2 rebind timer %"U32_F" secs\n", dhcp-
 495              		.loc 1 1083 11 is_stmt 0 view .LVU192
 496 0178 0A6B     		ldr	r2, [r1, #48]
1083:./lwip-2.1.2/src/core/ipv4/dhcp.c ****     LWIP_DEBUGF(DHCP_DEBUG | LWIP_DBG_TRACE, ("dhcp_bind(): t2 rebind timer %"U32_F" secs\n", dhcp-
 497              		.loc 1 1083 6 view .LVU193
 498 017a 541C     		adds	r4, r2, #1
 499 017c 0BD0     		beq	.L73
1084:./lwip-2.1.2/src/core/ipv4/dhcp.c ****     timeout = (dhcp->offered_t2_rebind + DHCP_COARSE_TIMER_SECS / 2) / DHCP_COARSE_TIMER_SECS;
 500              		.loc 1 1084 120 is_stmt 1 view .LVU194
1085:./lwip-2.1.2/src/core/ipv4/dhcp.c ****     if (timeout > 0xffff) {
 501              		.loc 1 1085 5 view .LVU195
1085:./lwip-2.1.2/src/core/ipv4/dhcp.c ****     if (timeout > 0xffff) {
 502              		.loc 1 1085 40 is_stmt 0 view .LVU196
 503 017e 1E32     		adds	r2, r2, #30
 504              	.LVL38:
1086:./lwip-2.1.2/src/core/ipv4/dhcp.c ****       timeout = 0xffff;
 505              		.loc 1 1086 5 is_stmt 1 view .LVU197
1086:./lwip-2.1.2/src/core/ipv4/dhcp.c ****       timeout = 0xffff;
 506              		.loc 1 1086 8 is_stmt 0 view .LVU198
 507 0180 B2F5701F 		cmp	r2, #3932160
 508 0184 3FD2     		bcs	.L54
1089:./lwip-2.1.2/src/core/ipv4/dhcp.c ****     if (dhcp->t2_timeout == 0) {
 509              		.loc 1 1089 5 is_stmt 1 view .LVU199
1090:./lwip-2.1.2/src/core/ipv4/dhcp.c ****       dhcp->t2_timeout = 1;
 510              		.loc 1 1090 5 view .LVU200
1090:./lwip-2.1.2/src/core/ipv4/dhcp.c ****       dhcp->t2_timeout = 1;
 511              		.loc 1 1090 8 is_stmt 0 view .LVU201
 512 0186 3B2A     		cmp	r2, #59
 513 0188 5FD8     		bhi	.L74
 514 018a 4FF0010E 		mov	lr, #1
 515 018e 4FF0000C 		mov	ip, #0
 516 0192 7246     		mov	r2, lr
 517              	.LVL39:
1090:./lwip-2.1.2/src/core/ipv4/dhcp.c ****       dhcp->t2_timeout = 1;
 518              		.loc 1 1090 8 view .LVU202
 519 0194 3CE0     		b	.L46
 520              	.LVL40:
 521              	.L73:
1090:./lwip-2.1.2/src/core/ipv4/dhcp.c ****       dhcp->t2_timeout = 1;
 522              		.loc 1 1090 8 view .LVU203
 523 0196 B1F80CC0 		ldrh	ip, [r1, #12]
 524 019a 0CF1FF3C 		add	ip, ip, #-1
 525 019e 1FFA8CFC 		uxth	ip, ip
1098:./lwip-2.1.2/src/core/ipv4/dhcp.c ****     dhcp->t1_timeout = 0;
 526              		.loc 1 1098 3 is_stmt 1 view .LVU204
1098:./lwip-2.1.2/src/core/ipv4/dhcp.c ****     dhcp->t1_timeout = 0;
 527              		.loc 1 1098 46 is_stmt 0 discriminator 1 view .LVU205
 528 01a2 6345     		cmp	r3, ip
 529 01a4 39D8     		bhi	.L75
 530              	.L47:
1102:./lwip-2.1.2/src/core/ipv4/dhcp.c ****     /* copy offered network mask */
 531              		.loc 1 1102 3 is_stmt 1 view .LVU206
1102:./lwip-2.1.2/src/core/ipv4/dhcp.c ****     /* copy offered network mask */
 532              		.loc 1 1102 6 is_stmt 0 view .LVU207
 533 01a6 CB79     		ldrb	r3, [r1, #7]	@ zero_extendqisi2
 534 01a8 C3B1     		cbz	r3, .L48
1104:./lwip-2.1.2/src/core/ipv4/dhcp.c ****   } else {
 535              		.loc 1 1104 5 is_stmt 1 view .LVU208
 536 01aa 0B6A     		ldr	r3, [r1, #32]
 537              	.L49:
1117:./lwip-2.1.2/src/core/ipv4/dhcp.c ****   /* gateway address not given? */
 538              		.loc 1 1117 3 is_stmt 0 view .LVU209
 539 01ac 4A6A     		ldr	r2, [r1, #36]
 540 01ae CDE90032 		strd	r3, r2, [sp]
1119:./lwip-2.1.2/src/core/ipv4/dhcp.c ****     /* copy network address */
 541              		.loc 1 1119 3 is_stmt 1 view .LVU210
1119:./lwip-2.1.2/src/core/ipv4/dhcp.c ****     /* copy network address */
 542              		.loc 1 1119 6 is_stmt 0 view .LVU211
 543 01b2 22B9     		cbnz	r2, .L50
1121:./lwip-2.1.2/src/core/ipv4/dhcp.c ****     /* use first host address on network as gateway */
 544              		.loc 1 1121 5 is_stmt 1 view .LVU212
1121:./lwip-2.1.2/src/core/ipv4/dhcp.c ****     /* use first host address on network as gateway */
 545              		.loc 1 1121 5 view .LVU213
1121:./lwip-2.1.2/src/core/ipv4/dhcp.c ****     /* use first host address on network as gateway */
 546              		.loc 1 1121 5 view .LVU214
1123:./lwip-2.1.2/src/core/ipv4/dhcp.c ****   }
 547              		.loc 1 1123 5 view .LVU215
1121:./lwip-2.1.2/src/core/ipv4/dhcp.c ****     /* use first host address on network as gateway */
 548              		.loc 1 1121 5 is_stmt 0 view .LVU216
 549 01b4 CA69     		ldr	r2, [r1, #28]
 550 01b6 1340     		ands	r3, r3, r2
1123:./lwip-2.1.2/src/core/ipv4/dhcp.c ****   }
 551              		.loc 1 1123 5 view .LVU217
 552 01b8 43F08073 		orr	r3, r3, #16777216
 553 01bc 0193     		str	r3, [sp, #4]
 554              	.L50:
1134:./lwip-2.1.2/src/core/ipv4/dhcp.c ****   /* netif is now bound to DHCP leased address - set this before assigning the address
 555              		.loc 1 1134 113 is_stmt 1 view .LVU218
1137:./lwip-2.1.2/src/core/ipv4/dhcp.c **** 
 556              		.loc 1 1137 3 view .LVU219
 557              	.LVL41:
 558              	.LBB104:
 559              	.LBI104:
1417:./lwip-2.1.2/src/core/ipv4/dhcp.c **** {
 560              		.loc 1 1417 1 view .LVU220
 561              	.LBB105:
1419:./lwip-2.1.2/src/core/ipv4/dhcp.c ****     dhcp->state = new_state;
 562              		.loc 1 1419 3 view .LVU221
1419:./lwip-2.1.2/src/core/ipv4/dhcp.c ****     dhcp->state = new_state;
 563              		.loc 1 1419 6 is_stmt 0 view .LVU222
 564 01be 4B79     		ldrb	r3, [r1, #5]	@ zero_extendqisi2
 565 01c0 0A2B     		cmp	r3, #10
 566 01c2 04D0     		beq	.L51
1420:./lwip-2.1.2/src/core/ipv4/dhcp.c ****     dhcp->tries = 0;
 567              		.loc 1 1420 5 is_stmt 1 view .LVU223
1421:./lwip-2.1.2/src/core/ipv4/dhcp.c ****     dhcp->request_timeout = 0;
 568              		.loc 1 1421 5 view .LVU224
1420:./lwip-2.1.2/src/core/ipv4/dhcp.c ****     dhcp->tries = 0;
 569              		.loc 1 1420 17 is_stmt 0 view .LVU225
 570 01c4 0A22     		movs	r2, #10
1422:./lwip-2.1.2/src/core/ipv4/dhcp.c ****   }
 571              		.loc 1 1422 27 view .LVU226
 572 01c6 0023     		movs	r3, #0
1420:./lwip-2.1.2/src/core/ipv4/dhcp.c ****     dhcp->tries = 0;
 573              		.loc 1 1420 17 view .LVU227
 574 01c8 A1F80520 		strh	r2, [r1, #5]	@ unaligned
1422:./lwip-2.1.2/src/core/ipv4/dhcp.c ****   }
 575              		.loc 1 1422 5 is_stmt 1 view .LVU228
1422:./lwip-2.1.2/src/core/ipv4/dhcp.c ****   }
 576              		.loc 1 1422 27 is_stmt 0 view .LVU229
 577 01cc 0B81     		strh	r3, [r1, #8]	@ movhi
 578              	.L51:
 579              	.LVL42:
1422:./lwip-2.1.2/src/core/ipv4/dhcp.c ****   }
 580              		.loc 1 1422 27 view .LVU230
 581              	.LBE105:
 582              	.LBE104:
1139:./lwip-2.1.2/src/core/ipv4/dhcp.c ****   /* interface is used by routing now that an address is set */
 583              		.loc 1 1139 3 is_stmt 1 view .LVU231
 584 01ce 01AB     		add	r3, sp, #4
 585 01d0 6A46     		mov	r2, sp
 586 01d2 1C31     		adds	r1, r1, #28
 587              	.LVL43:
1139:./lwip-2.1.2/src/core/ipv4/dhcp.c ****   /* interface is used by routing now that an address is set */
 588              		.loc 1 1139 3 is_stmt 0 view .LVU232
 589 01d4 FFF7FEFF 		bl	netif_set_addr
 590              	.LVL44:
1141:./lwip-2.1.2/src/core/ipv4/dhcp.c **** 
 591              		.loc 1 1141 1 view .LVU233
 592 01d8 02B0     		add	sp, sp, #8
 593              	.LCFI4:
 594              		.cfi_remember_state
 595              		.cfi_def_cfa_offset 8
 596              		@ sp needed
 597 01da 10BD     		pop	{r4, pc}
 598              	.LVL45:
 599              	.L48:
 600              	.LCFI5:
 601              		.cfi_restore_state
 602              	.LBB106:
1107:./lwip-2.1.2/src/core/ipv4/dhcp.c ****     if (first_octet <= 127) {
 603              		.loc 1 1107 5 is_stmt 1 view .LVU234
1108:./lwip-2.1.2/src/core/ipv4/dhcp.c ****       ip4_addr_set_u32(&sn_mask, PP_HTONL(0xff000000UL));
 604              		.loc 1 1108 8 is_stmt 0 view .LVU235
 605 01dc 91F91C30 		ldrsb	r3, [r1, #28]
1107:./lwip-2.1.2/src/core/ipv4/dhcp.c ****     if (first_octet <= 127) {
 606              		.loc 1 1107 10 view .LVU236
 607 01e0 0A7F     		ldrb	r2, [r1, #28]	@ zero_extendqisi2
 608              	.LVL46:
1108:./lwip-2.1.2/src/core/ipv4/dhcp.c ****       ip4_addr_set_u32(&sn_mask, PP_HTONL(0xff000000UL));
 609              		.loc 1 1108 5 is_stmt 1 view .LVU237
1108:./lwip-2.1.2/src/core/ipv4/dhcp.c ****       ip4_addr_set_u32(&sn_mask, PP_HTONL(0xff000000UL));
 610              		.loc 1 1108 8 is_stmt 0 view .LVU238
 611 01e2 002B     		cmp	r3, #0
 612 01e4 1CDB     		blt	.L76
 613 01e6 FF23     		movs	r3, #255
 614 01e8 E0E7     		b	.L49
 615              	.LVL47:
 616              	.L38:
1108:./lwip-2.1.2/src/core/ipv4/dhcp.c ****       ip4_addr_set_u32(&sn_mask, PP_HTONL(0xff000000UL));
 617              		.loc 1 1108 8 view .LVU239
 618              	.LBE106:
1060:./lwip-2.1.2/src/core/ipv4/dhcp.c ****     if (dhcp->t0_timeout == 0) {
 619              		.loc 1 1060 5 is_stmt 1 view .LVU240
1061:./lwip-2.1.2/src/core/ipv4/dhcp.c ****       dhcp->t0_timeout = 1;
 620              		.loc 1 1061 5 view .LVU241
1061:./lwip-2.1.2/src/core/ipv4/dhcp.c ****       dhcp->t0_timeout = 1;
 621              		.loc 1 1061 8 is_stmt 0 view .LVU242
 622 01ea 3B2B     		cmp	r3, #59
 623 01ec 20D8     		bhi	.L77
1062:./lwip-2.1.2/src/core/ipv4/dhcp.c ****     }
 624              		.loc 1 1062 7 is_stmt 1 view .LVU243
1062:./lwip-2.1.2/src/core/ipv4/dhcp.c ****     }
 625              		.loc 1 1062 24 is_stmt 0 view .LVU244
 626 01ee 0123     		movs	r3, #1
 627              	.LVL48:
1062:./lwip-2.1.2/src/core/ipv4/dhcp.c ****     }
 628              		.loc 1 1062 24 view .LVU245
 629 01f0 8B82     		strh	r3, [r1, #20]	@ movhi
1064:./lwip-2.1.2/src/core/ipv4/dhcp.c ****   }
 630              		.loc 1 1064 148 is_stmt 1 view .LVU246
1068:./lwip-2.1.2/src/core/ipv4/dhcp.c ****     /* set renewal period timer */
 631              		.loc 1 1068 3 view .LVU247
1068:./lwip-2.1.2/src/core/ipv4/dhcp.c ****     /* set renewal period timer */
 632              		.loc 1 1068 11 is_stmt 0 view .LVU248
 633 01f2 CB6A     		ldr	r3, [r1, #44]
1068:./lwip-2.1.2/src/core/ipv4/dhcp.c ****     /* set renewal period timer */
 634              		.loc 1 1068 6 view .LVU249
 635 01f4 5A1C     		adds	r2, r3, #1
 636 01f6 B5D1     		bne	.L41
 637 01f8 BDE7     		b	.L71
 638              	.LVL49:
 639              	.L52:
1068:./lwip-2.1.2/src/core/ipv4/dhcp.c ****     /* set renewal period timer */
 640              		.loc 1 1068 6 view .LVU250
 641 01fa 4FF6FF72 		movw	r2, #65535
 642 01fe 1346     		mov	r3, r2
 643              	.LVL50:
 644              	.L43:
1075:./lwip-2.1.2/src/core/ipv4/dhcp.c ****     if (dhcp->t1_timeout == 0) {
 645              		.loc 1 1075 22 view .LVU251
 646 0200 4A81     		strh	r2, [r1, #10]	@ movhi
1079:./lwip-2.1.2/src/core/ipv4/dhcp.c ****     dhcp->t1_renew_time = dhcp->t1_timeout;
 647              		.loc 1 1079 148 is_stmt 1 view .LVU252
1080:./lwip-2.1.2/src/core/ipv4/dhcp.c ****   }
 648              		.loc 1 1080 5 view .LVU253
1080:./lwip-2.1.2/src/core/ipv4/dhcp.c ****   }
 649              		.loc 1 1080 25 is_stmt 0 view .LVU254
 650 0202 CB81     		strh	r3, [r1, #14]	@ movhi
 651 0204 B8E7     		b	.L42
 652              	.LVL51:
 653              	.L54:
1080:./lwip-2.1.2/src/core/ipv4/dhcp.c ****   }
 654              		.loc 1 1080 25 view .LVU255
 655 0206 4FF6FF7E 		movw	lr, #65535
 656 020a 4FF6FE7C 		movw	ip, #65534
 657 020e 7246     		mov	r2, lr
 658              	.LVL52:
 659              	.L46:
1098:./lwip-2.1.2/src/core/ipv4/dhcp.c ****     dhcp->t1_timeout = 0;
 660              		.loc 1 1098 46 discriminator 1 view .LVU256
 661 0210 6345     		cmp	r3, ip
1089:./lwip-2.1.2/src/core/ipv4/dhcp.c ****     if (dhcp->t2_timeout == 0) {
 662              		.loc 1 1089 22 view .LVU257
 663 0212 A1F80CE0 		strh	lr, [r1, #12]	@ movhi
1093:./lwip-2.1.2/src/core/ipv4/dhcp.c ****     dhcp->t2_rebind_time = dhcp->t2_timeout;
 664              		.loc 1 1093 149 is_stmt 1 view .LVU258
1094:./lwip-2.1.2/src/core/ipv4/dhcp.c ****   }
 665              		.loc 1 1094 5 view .LVU259
1094:./lwip-2.1.2/src/core/ipv4/dhcp.c ****   }
 666              		.loc 1 1094 26 is_stmt 0 view .LVU260
 667 0216 0A82     		strh	r2, [r1, #16]	@ movhi
1098:./lwip-2.1.2/src/core/ipv4/dhcp.c ****     dhcp->t1_timeout = 0;
 668              		.loc 1 1098 3 is_stmt 1 view .LVU261
1098:./lwip-2.1.2/src/core/ipv4/dhcp.c ****     dhcp->t1_timeout = 0;
 669              		.loc 1 1098 46 is_stmt 0 discriminator 1 view .LVU262
 670 0218 C5D9     		bls	.L47
 671              	.L75:
1099:./lwip-2.1.2/src/core/ipv4/dhcp.c ****   }
 672              		.loc 1 1099 5 is_stmt 1 view .LVU263
1099:./lwip-2.1.2/src/core/ipv4/dhcp.c ****   }
 673              		.loc 1 1099 22 is_stmt 0 view .LVU264
 674 021a 0023     		movs	r3, #0
 675 021c 4B81     		strh	r3, [r1, #10]	@ movhi
 676 021e C2E7     		b	.L47
 677              	.LVL53:
 678              	.L76:
 679              	.LBB107:
1110:./lwip-2.1.2/src/core/ipv4/dhcp.c ****       ip4_addr_set_u32(&sn_mask, PP_HTONL(0xffffff00UL));
 680              		.loc 1 1110 12 is_stmt 1 view .LVU265
1110:./lwip-2.1.2/src/core/ipv4/dhcp.c ****       ip4_addr_set_u32(&sn_mask, PP_HTONL(0xffffff00UL));
 681              		.loc 1 1110 15 is_stmt 0 view .LVU266
 682 0220 BF2A     		cmp	r2, #191
 683 0222 4FF6FF73 		movw	r3, #65535
 684 0226 88BF     		it	hi
 685 0228 6FF07F43 		mvnhi	r3, #-16777216
 686 022c BEE7     		b	.L49
 687              	.LVL54:
 688              	.L68:
 689              	.LCFI6:
 690              		.cfi_def_cfa_offset 0
 691              		.cfi_restore 4
 692              		.cfi_restore 14
1110:./lwip-2.1.2/src/core/ipv4/dhcp.c ****       ip4_addr_set_u32(&sn_mask, PP_HTONL(0xffffff00UL));
 693              		.loc 1 1110 15 view .LVU267
 694 022e 7047     		bx	lr
 695              	.LVL55:
 696              	.L77:
 697              	.LCFI7:
 698              		.cfi_def_cfa_offset 16
 699              		.cfi_offset 4, -8
 700              		.cfi_offset 14, -4
1110:./lwip-2.1.2/src/core/ipv4/dhcp.c ****       ip4_addr_set_u32(&sn_mask, PP_HTONL(0xffffff00UL));
 701              		.loc 1 1110 15 view .LVU268
 702              	.LBE107:
1056:./lwip-2.1.2/src/core/ipv4/dhcp.c ****     if (timeout > 0xffff) {
 703              		.loc 1 1056 13 view .LVU269
 704 0230 0B4A     		ldr	r2, .L78
 705 0232 A2FB0323 		umull	r2, r3, r2, r3
 706              	.LVL56:
1056:./lwip-2.1.2/src/core/ipv4/dhcp.c ****     if (timeout > 0xffff) {
 707              		.loc 1 1056 13 view .LVU270
 708 0236 5B09     		lsrs	r3, r3, #5
1060:./lwip-2.1.2/src/core/ipv4/dhcp.c ****     if (dhcp->t0_timeout == 0) {
 709              		.loc 1 1060 24 view .LVU271
 710 0238 8B82     		strh	r3, [r1, #20]	@ movhi
 711 023a 90E7     		b	.L37
 712              	.LVL57:
 713              	.L72:
1071:./lwip-2.1.2/src/core/ipv4/dhcp.c ****     if (timeout > 0xffff) {
 714              		.loc 1 1071 13 view .LVU272
 715 023c 084A     		ldr	r2, .L78
 716 023e A2FB0323 		umull	r2, r3, r2, r3
 717              	.LVL58:
1075:./lwip-2.1.2/src/core/ipv4/dhcp.c ****     if (dhcp->t1_timeout == 0) {
 718              		.loc 1 1075 24 view .LVU273
 719 0242 C3F34F13 		ubfx	r3, r3, #5, #16
 720 0246 1A46     		mov	r2, r3
 721 0248 DAE7     		b	.L43
 722              	.LVL59:
 723              	.L74:
1085:./lwip-2.1.2/src/core/ipv4/dhcp.c ****     if (timeout > 0xffff) {
 724              		.loc 1 1085 13 view .LVU274
 725 024a 054C     		ldr	r4, .L78
 726 024c A4FB0242 		umull	r4, r2, r4, r2
 727              	.LVL60:
1089:./lwip-2.1.2/src/core/ipv4/dhcp.c ****     if (dhcp->t2_timeout == 0) {
 728              		.loc 1 1089 24 view .LVU275
 729 0250 C2F34F12 		ubfx	r2, r2, #5, #16
 730 0254 02F1FF3C 		add	ip, r2, #-1
 731 0258 9646     		mov	lr, r2
 732 025a 1FFA8CFC 		uxth	ip, ip
 733 025e D7E7     		b	.L46
 734              	.L79:
 735              		.align	2
 736              	.L78:
 737 0260 89888888 		.word	-2004318071
 738              		.cfi_endproc
 739              	.LFE46:
 741              		.align	1
 742              		.p2align 2,,3
 743              		.syntax unified
 744              		.thumb
 745              		.thumb_func
 747              	dhcp_inc_pcb_refcount:
 748              	.LFB26:
 227:./lwip-2.1.2/src/core/ipv4/dhcp.c ****   if (dhcp_pcb_refcount == 0) {
 749              		.loc 1 227 1 is_stmt 1 view -0
 750              		.cfi_startproc
 751              		@ args = 0, pretend = 0, frame = 0
 752              		@ frame_needed = 0, uses_anonymous_args = 0
 228:./lwip-2.1.2/src/core/ipv4/dhcp.c ****     LWIP_ASSERT("dhcp_inc_pcb_refcount(): memory leak", dhcp_pcb == NULL);
 753              		.loc 1 228 3 view .LVU277
 227:./lwip-2.1.2/src/core/ipv4/dhcp.c ****   if (dhcp_pcb_refcount == 0) {
 754              		.loc 1 227 1 is_stmt 0 view .LVU278
 755 0264 38B5     		push	{r3, r4, r5, lr}
 756              	.LCFI8:
 757              		.cfi_def_cfa_offset 16
 758              		.cfi_offset 3, -16
 759              		.cfi_offset 4, -12
 760              		.cfi_offset 5, -8
 761              		.cfi_offset 14, -4
 228:./lwip-2.1.2/src/core/ipv4/dhcp.c ****     LWIP_ASSERT("dhcp_inc_pcb_refcount(): memory leak", dhcp_pcb == NULL);
 762              		.loc 1 228 25 view .LVU279
 763 0266 114D     		ldr	r5, .L86
 764 0268 2C79     		ldrb	r4, [r5, #4]	@ zero_extendqisi2
 228:./lwip-2.1.2/src/core/ipv4/dhcp.c ****     LWIP_ASSERT("dhcp_inc_pcb_refcount(): memory leak", dhcp_pcb == NULL);
 765              		.loc 1 228 6 view .LVU280
 766 026a 1CB1     		cbz	r4, .L85
 767              	.L81:
 246:./lwip-2.1.2/src/core/ipv4/dhcp.c **** 
 768              		.loc 1 246 3 is_stmt 1 view .LVU281
 246:./lwip-2.1.2/src/core/ipv4/dhcp.c **** 
 769              		.loc 1 246 20 is_stmt 0 view .LVU282
 770 026c 0134     		adds	r4, r4, #1
 248:./lwip-2.1.2/src/core/ipv4/dhcp.c **** }
 771              		.loc 1 248 10 view .LVU283
 772 026e 0020     		movs	r0, #0
 246:./lwip-2.1.2/src/core/ipv4/dhcp.c **** 
 773              		.loc 1 246 20 view .LVU284
 774 0270 2C71     		strb	r4, [r5, #4]
 248:./lwip-2.1.2/src/core/ipv4/dhcp.c **** }
 775              		.loc 1 248 3 is_stmt 1 view .LVU285
 249:./lwip-2.1.2/src/core/ipv4/dhcp.c **** 
 776              		.loc 1 249 1 is_stmt 0 view .LVU286
 777 0272 38BD     		pop	{r3, r4, r5, pc}
 778              	.L85:
 229:./lwip-2.1.2/src/core/ipv4/dhcp.c **** 
 779              		.loc 1 229 74 is_stmt 1 view .LVU287
 232:./lwip-2.1.2/src/core/ipv4/dhcp.c **** 
 780              		.loc 1 232 5 view .LVU288
 232:./lwip-2.1.2/src/core/ipv4/dhcp.c **** 
 781              		.loc 1 232 16 is_stmt 0 view .LVU289
 782 0274 FFF7FEFF 		bl	udp_new
 783              	.LVL61:
 232:./lwip-2.1.2/src/core/ipv4/dhcp.c **** 
 784              		.loc 1 232 14 discriminator 1 view .LVU290
 785 0278 A860     		str	r0, [r5, #8]
 234:./lwip-2.1.2/src/core/ipv4/dhcp.c ****       return ERR_MEM;
 786              		.loc 1 234 5 is_stmt 1 view .LVU291
 234:./lwip-2.1.2/src/core/ipv4/dhcp.c ****       return ERR_MEM;
 787              		.loc 1 234 8 is_stmt 0 view .LVU292
 788 027a 98B1     		cbz	r0, .L83
 238:./lwip-2.1.2/src/core/ipv4/dhcp.c **** 
 789              		.loc 1 238 5 is_stmt 1 view .LVU293
 790 027c 427A     		ldrb	r2, [r0, #9]	@ zero_extendqisi2
 241:./lwip-2.1.2/src/core/ipv4/dhcp.c ****     udp_connect(dhcp_pcb, IP4_ADDR_ANY, LWIP_IANA_PORT_DHCP_SERVER);
 791              		.loc 1 241 5 is_stmt 0 view .LVU294
 792 027e 0C49     		ldr	r1, .L86+4
 238:./lwip-2.1.2/src/core/ipv4/dhcp.c **** 
 793              		.loc 1 238 5 view .LVU295
 794 0280 42F02002 		orr	r2, r2, #32
 795 0284 4272     		strb	r2, [r0, #9]
 241:./lwip-2.1.2/src/core/ipv4/dhcp.c ****     udp_connect(dhcp_pcb, IP4_ADDR_ANY, LWIP_IANA_PORT_DHCP_SERVER);
 796              		.loc 1 241 5 is_stmt 1 view .LVU296
 797 0286 4422     		movs	r2, #68
 798 0288 FFF7FEFF 		bl	udp_bind
 799              	.LVL62:
 242:./lwip-2.1.2/src/core/ipv4/dhcp.c ****     udp_recv(dhcp_pcb, dhcp_recv, NULL);
 800              		.loc 1 242 5 view .LVU297
 801 028c 4322     		movs	r2, #67
 802 028e 0849     		ldr	r1, .L86+4
 803 0290 A868     		ldr	r0, [r5, #8]
 804 0292 FFF7FEFF 		bl	udp_connect
 805              	.LVL63:
 243:./lwip-2.1.2/src/core/ipv4/dhcp.c ****   }
 806              		.loc 1 243 5 view .LVU298
 807 0296 2246     		mov	r2, r4
 808 0298 0649     		ldr	r1, .L86+8
 809 029a A868     		ldr	r0, [r5, #8]
 810 029c FFF7FEFF 		bl	udp_recv
 811              	.LVL64:
 246:./lwip-2.1.2/src/core/ipv4/dhcp.c **** 
 812              		.loc 1 246 20 is_stmt 0 view .LVU299
 813 02a0 2C79     		ldrb	r4, [r5, #4]	@ zero_extendqisi2
 814 02a2 E3E7     		b	.L81
 815              	.L83:
 235:./lwip-2.1.2/src/core/ipv4/dhcp.c ****     }
 816              		.loc 1 235 14 view .LVU300
 817 02a4 4FF0FF30 		mov	r0, #-1
 249:./lwip-2.1.2/src/core/ipv4/dhcp.c **** 
 818              		.loc 1 249 1 view .LVU301
 819 02a8 38BD     		pop	{r3, r4, r5, pc}
 820              	.L87:
 821 02aa 00BF     		.align	2
 822              	.L86:
 823 02ac 00000000 		.word	.LANCHOR0
 824 02b0 00000000 		.word	ip_addr_any
 825 02b4 00000000 		.word	dhcp_recv
 826              		.cfi_endproc
 827              	.LFE26:
 829              		.align	1
 830              		.p2align 2,,3
 831              		.syntax unified
 832              		.thumb
 833              		.thumb_func
 835              	dhcp_handle_ack.isra.0:
 836              	.LVL65:
 837              	.LFB64:
 599:./lwip-2.1.2/src/core/ipv4/dhcp.c **** {
 838              		.loc 1 599 1 is_stmt 1 view -0
 839              		.cfi_startproc
 840              		@ args = 0, pretend = 0, frame = 0
 841              		@ frame_needed = 0, uses_anonymous_args = 0
 601:./lwip-2.1.2/src/core/ipv4/dhcp.c **** 
 842              		.loc 1 601 3 view .LVU303
 599:./lwip-2.1.2/src/core/ipv4/dhcp.c **** {
 843              		.loc 1 599 1 is_stmt 0 view .LVU304
 844 02b8 38B5     		push	{r3, r4, r5, lr}
 845              	.LCFI9:
 846              		.cfi_def_cfa_offset 16
 847              		.cfi_offset 3, -16
 848              		.cfi_offset 4, -12
 849              		.cfi_offset 5, -8
 850              		.cfi_offset 14, -4
 618:./lwip-2.1.2/src/core/ipv4/dhcp.c ****     /* remember offered lease time */
 851              		.loc 1 618 7 view .LVU305
 852 02ba 1A4D     		ldr	r5, .L108
 611:./lwip-2.1.2/src/core/ipv4/dhcp.c ****   ip4_addr_set_zero(&dhcp->offered_gw_addr);
 853              		.loc 1 611 3 view .LVU306
 854 02bc 0023     		movs	r3, #0
 599:./lwip-2.1.2/src/core/ipv4/dhcp.c **** {
 855              		.loc 1 599 1 view .LVU307
 856 02be 0446     		mov	r4, r0
 857              	.LVL66:
 611:./lwip-2.1.2/src/core/ipv4/dhcp.c ****   ip4_addr_set_zero(&dhcp->offered_gw_addr);
 858              		.loc 1 611 3 is_stmt 1 view .LVU308
 612:./lwip-2.1.2/src/core/ipv4/dhcp.c **** #if LWIP_DHCP_BOOTP_FILE
 859              		.loc 1 612 3 view .LVU309
 618:./lwip-2.1.2/src/core/ipv4/dhcp.c ****     /* remember offered lease time */
 860              		.loc 1 618 6 is_stmt 0 view .LVU310
 861 02c0 EA7B     		ldrb	r2, [r5, #15]	@ zero_extendqisi2
 611:./lwip-2.1.2/src/core/ipv4/dhcp.c ****   ip4_addr_set_zero(&dhcp->offered_gw_addr);
 862              		.loc 1 611 3 view .LVU311
 863 02c2 C0E90833 		strd	r3, r3, [r0, #32]
 618:./lwip-2.1.2/src/core/ipv4/dhcp.c ****     /* remember offered lease time */
 864              		.loc 1 618 3 is_stmt 1 view .LVU312
 618:./lwip-2.1.2/src/core/ipv4/dhcp.c ****     /* remember offered lease time */
 865              		.loc 1 618 6 is_stmt 0 view .LVU313
 866 02c6 0AB1     		cbz	r2, .L89
 620:./lwip-2.1.2/src/core/ipv4/dhcp.c ****   }
 867              		.loc 1 620 5 is_stmt 1 view .LVU314
 620:./lwip-2.1.2/src/core/ipv4/dhcp.c ****   }
 868              		.loc 1 620 28 is_stmt 0 view .LVU315
 869 02c8 2B6A     		ldr	r3, [r5, #32]
 870 02ca 8362     		str	r3, [r0, #40]
 871              	.L89:
 623:./lwip-2.1.2/src/core/ipv4/dhcp.c ****     /* remember given renewal period */
 872              		.loc 1 623 3 is_stmt 1 view .LVU316
 623:./lwip-2.1.2/src/core/ipv4/dhcp.c ****     /* remember given renewal period */
 873              		.loc 1 623 6 is_stmt 0 view .LVU317
 874 02cc 2B7C     		ldrb	r3, [r5, #16]	@ zero_extendqisi2
 875 02ce 2BB3     		cbz	r3, .L90
 625:./lwip-2.1.2/src/core/ipv4/dhcp.c ****   } else {
 876              		.loc 1 625 5 is_stmt 1 view .LVU318
 625:./lwip-2.1.2/src/core/ipv4/dhcp.c ****   } else {
 877              		.loc 1 625 30 is_stmt 0 view .LVU319
 878 02d0 6B6A     		ldr	r3, [r5, #36]
 879              	.L91:
 632:./lwip-2.1.2/src/core/ipv4/dhcp.c ****     /* remember given rebind period */
 880              		.loc 1 632 6 view .LVU320
 881 02d2 6A7C     		ldrb	r2, [r5, #17]	@ zero_extendqisi2
 882 02d4 E362     		str	r3, [r4, #44]
 632:./lwip-2.1.2/src/core/ipv4/dhcp.c ****     /* remember given rebind period */
 883              		.loc 1 632 3 is_stmt 1 view .LVU321
 632:./lwip-2.1.2/src/core/ipv4/dhcp.c ****     /* remember given rebind period */
 884              		.loc 1 632 6 is_stmt 0 view .LVU322
 885 02d6 4AB1     		cbz	r2, .L92
 634:./lwip-2.1.2/src/core/ipv4/dhcp.c ****   } else {
 886              		.loc 1 634 5 is_stmt 1 view .LVU323
 634:./lwip-2.1.2/src/core/ipv4/dhcp.c ****   } else {
 887              		.loc 1 634 31 is_stmt 0 view .LVU324
 888 02d8 AB6A     		ldr	r3, [r5, #40]
 889 02da 2363     		str	r3, [r4, #48]
 641:./lwip-2.1.2/src/core/ipv4/dhcp.c **** 
 890              		.loc 1 641 3 is_stmt 1 view .LVU325
 650:./lwip-2.1.2/src/core/ipv4/dhcp.c ****     /* remember given subnet mask */
 891              		.loc 1 650 7 is_stmt 0 view .LVU326
 892 02dc AB7C     		ldrb	r3, [r5, #18]	@ zero_extendqisi2
 641:./lwip-2.1.2/src/core/ipv4/dhcp.c **** 
 893              		.loc 1 641 3 view .LVU327
 894 02de 0A69     		ldr	r2, [r1, #16]	@ unaligned
 895 02e0 E261     		str	r2, [r4, #28]
 650:./lwip-2.1.2/src/core/ipv4/dhcp.c ****     /* remember given subnet mask */
 896              		.loc 1 650 3 is_stmt 1 view .LVU328
 650:./lwip-2.1.2/src/core/ipv4/dhcp.c ****     /* remember given subnet mask */
 897              		.loc 1 650 6 is_stmt 0 view .LVU329
 898 02e2 6BB9     		cbnz	r3, .L106
 899              	.L94:
 653:./lwip-2.1.2/src/core/ipv4/dhcp.c ****   } else {
 900              		.loc 1 653 29 view .LVU330
 901 02e4 E371     		strb	r3, [r4, #7]
 659:./lwip-2.1.2/src/core/ipv4/dhcp.c ****     ip4_addr_set_u32(&dhcp->offered_gw_addr, lwip_htonl(dhcp_get_option_value(dhcp, DHCP_OPTION_IDX
 902              		.loc 1 659 3 is_stmt 1 view .LVU331
 659:./lwip-2.1.2/src/core/ipv4/dhcp.c ****     ip4_addr_set_u32(&dhcp->offered_gw_addr, lwip_htonl(dhcp_get_option_value(dhcp, DHCP_OPTION_IDX
 903              		.loc 1 659 6 is_stmt 0 view .LVU332
 904 02e6 EB7C     		ldrb	r3, [r5, #19]	@ zero_extendqisi2
 905 02e8 9BB9     		cbnz	r3, .L107
 906              	.LVL67:
 907              	.L88:
 679:./lwip-2.1.2/src/core/ipv4/dhcp.c **** 
 908              		.loc 1 679 1 view .LVU333
 909 02ea 38BD     		pop	{r3, r4, r5, pc}
 910              	.LVL68:
 911              	.L92:
 637:./lwip-2.1.2/src/core/ipv4/dhcp.c ****   }
 912              		.loc 1 637 5 is_stmt 1 view .LVU334
 637:./lwip-2.1.2/src/core/ipv4/dhcp.c ****   }
 913              		.loc 1 637 55 is_stmt 0 view .LVU335
 914 02ec A36A     		ldr	r3, [r4, #40]
 915 02ee C3EBC303 		rsb	r3, r3, r3, lsl #3
 637:./lwip-2.1.2/src/core/ipv4/dhcp.c ****   }
 916              		.loc 1 637 61 view .LVU336
 917 02f2 DB08     		lsrs	r3, r3, #3
 918 02f4 2363     		str	r3, [r4, #48]
 641:./lwip-2.1.2/src/core/ipv4/dhcp.c **** 
 919              		.loc 1 641 3 is_stmt 1 view .LVU337
 650:./lwip-2.1.2/src/core/ipv4/dhcp.c ****     /* remember given subnet mask */
 920              		.loc 1 650 7 is_stmt 0 view .LVU338
 921 02f6 AB7C     		ldrb	r3, [r5, #18]	@ zero_extendqisi2
 641:./lwip-2.1.2/src/core/ipv4/dhcp.c **** 
 922              		.loc 1 641 3 view .LVU339
 923 02f8 0A69     		ldr	r2, [r1, #16]	@ unaligned
 924 02fa E261     		str	r2, [r4, #28]
 650:./lwip-2.1.2/src/core/ipv4/dhcp.c ****     /* remember given subnet mask */
 925              		.loc 1 650 3 is_stmt 1 view .LVU340
 650:./lwip-2.1.2/src/core/ipv4/dhcp.c ****     /* remember given subnet mask */
 926              		.loc 1 650 6 is_stmt 0 view .LVU341
 927 02fc 002B     		cmp	r3, #0
 928 02fe F1D0     		beq	.L94
 929              	.L106:
 652:./lwip-2.1.2/src/core/ipv4/dhcp.c ****     dhcp->subnet_mask_given = 1;
 930              		.loc 1 652 5 is_stmt 1 view .LVU342
 931 0300 E86A     		ldr	r0, [r5, #44]
 932              	.LVL69:
 652:./lwip-2.1.2/src/core/ipv4/dhcp.c ****     dhcp->subnet_mask_given = 1;
 933              		.loc 1 652 5 is_stmt 0 view .LVU343
 934 0302 FFF7FEFF 		bl	lwip_htonl
 935              	.LVL70:
 652:./lwip-2.1.2/src/core/ipv4/dhcp.c ****     dhcp->subnet_mask_given = 1;
 936              		.loc 1 652 5 view .LVU344
 937 0306 0123     		movs	r3, #1
 652:./lwip-2.1.2/src/core/ipv4/dhcp.c ****     dhcp->subnet_mask_given = 1;
 938              		.loc 1 652 5 discriminator 1 view .LVU345
 939 0308 2062     		str	r0, [r4, #32]
 653:./lwip-2.1.2/src/core/ipv4/dhcp.c ****   } else {
 940              		.loc 1 653 5 is_stmt 1 view .LVU346
 653:./lwip-2.1.2/src/core/ipv4/dhcp.c ****   } else {
 941              		.loc 1 653 29 is_stmt 0 view .LVU347
 942 030a E371     		strb	r3, [r4, #7]
 659:./lwip-2.1.2/src/core/ipv4/dhcp.c ****     ip4_addr_set_u32(&dhcp->offered_gw_addr, lwip_htonl(dhcp_get_option_value(dhcp, DHCP_OPTION_IDX
 943              		.loc 1 659 3 is_stmt 1 view .LVU348
 659:./lwip-2.1.2/src/core/ipv4/dhcp.c ****     ip4_addr_set_u32(&dhcp->offered_gw_addr, lwip_htonl(dhcp_get_option_value(dhcp, DHCP_OPTION_IDX
 944              		.loc 1 659 6 is_stmt 0 view .LVU349
 945 030c EB7C     		ldrb	r3, [r5, #19]	@ zero_extendqisi2
 946 030e 002B     		cmp	r3, #0
 947 0310 EBD0     		beq	.L88
 948              	.L107:
 660:./lwip-2.1.2/src/core/ipv4/dhcp.c ****   }
 949              		.loc 1 660 5 is_stmt 1 view .LVU350
 950 0312 286B     		ldr	r0, [r5, #48]
 951 0314 FFF7FEFF 		bl	lwip_htonl
 952              	.LVL71:
 660:./lwip-2.1.2/src/core/ipv4/dhcp.c ****   }
 953              		.loc 1 660 5 is_stmt 0 discriminator 1 view .LVU351
 954 0318 6062     		str	r0, [r4, #36]
 679:./lwip-2.1.2/src/core/ipv4/dhcp.c **** 
 955              		.loc 1 679 1 view .LVU352
 956 031a 38BD     		pop	{r3, r4, r5, pc}
 957              	.LVL72:
 958              	.L90:
 628:./lwip-2.1.2/src/core/ipv4/dhcp.c ****   }
 959              		.loc 1 628 5 is_stmt 1 view .LVU353
 628:./lwip-2.1.2/src/core/ipv4/dhcp.c ****   }
 960              		.loc 1 628 53 is_stmt 0 view .LVU354
 961 031c A36A     		ldr	r3, [r4, #40]
 962 031e 5B08     		lsrs	r3, r3, #1
 963 0320 D7E7     		b	.L91
 964              	.L109:
 965 0322 00BF     		.align	2
 966              	.L108:
 967 0324 00000000 		.word	.LANCHOR0
 968              		.cfi_endproc
 969              	.LFE64:
 971              		.align	1
 972              		.p2align 2,,3
 973              		.syntax unified
 974              		.thumb
 975              		.thumb_func
 977              	dhcp_reboot.isra.0:
 978              	.LVL73:
 979              	.LFB65:
1260:./lwip-2.1.2/src/core/ipv4/dhcp.c **** {
 980              		.loc 1 1260 1 is_stmt 1 view -0
 981              		.cfi_startproc
 982              		@ args = 0, pretend = 0, frame = 32
 983              		@ frame_needed = 0, uses_anonymous_args = 0
1262:./lwip-2.1.2/src/core/ipv4/dhcp.c ****   err_t result;
 984              		.loc 1 1262 3 view .LVU356
1260:./lwip-2.1.2/src/core/ipv4/dhcp.c **** {
 985              		.loc 1 1260 1 is_stmt 0 view .LVU357
 986 0328 2DE9F04F 		push	{r4, r5, r6, r7, r8, r9, r10, fp, lr}
 987              	.LCFI10:
 988              		.cfi_def_cfa_offset 36
 989              		.cfi_offset 4, -36
 990              		.cfi_offset 5, -32
 991              		.cfi_offset 6, -28
 992              		.cfi_offset 7, -24
 993              		.cfi_offset 8, -20
 994              		.cfi_offset 9, -16
 995              		.cfi_offset 10, -12
 996              		.cfi_offset 11, -8
 997              		.cfi_offset 14, -4
1262:./lwip-2.1.2/src/core/ipv4/dhcp.c ****   err_t result;
 998              		.loc 1 1262 16 view .LVU358
 999 032c 066A     		ldr	r6, [r0, #32]
 1000              	.LVL74:
1263:./lwip-2.1.2/src/core/ipv4/dhcp.c ****   u16_t msecs;
 1001              		.loc 1 1263 3 is_stmt 1 view .LVU359
1264:./lwip-2.1.2/src/core/ipv4/dhcp.c ****   u8_t i;
 1002              		.loc 1 1264 3 view .LVU360
1265:./lwip-2.1.2/src/core/ipv4/dhcp.c ****   struct pbuf *p_out;
 1003              		.loc 1 1265 3 view .LVU361
1266:./lwip-2.1.2/src/core/ipv4/dhcp.c ****   u16_t options_out_len;
 1004              		.loc 1 1266 3 view .LVU362
1267:./lwip-2.1.2/src/core/ipv4/dhcp.c **** 
 1005              		.loc 1 1267 3 view .LVU363
1269:./lwip-2.1.2/src/core/ipv4/dhcp.c ****   dhcp_set_state(dhcp, DHCP_STATE_REBOOTING);
 1006              		.loc 1 1269 81 view .LVU364
1270:./lwip-2.1.2/src/core/ipv4/dhcp.c **** 
 1007              		.loc 1 1270 3 view .LVU365
 1008              	.LBB138:
 1009              	.LBI138:
1417:./lwip-2.1.2/src/core/ipv4/dhcp.c **** {
 1010              		.loc 1 1417 1 view .LVU366
 1011              	.LBB139:
1419:./lwip-2.1.2/src/core/ipv4/dhcp.c ****     dhcp->state = new_state;
 1012              		.loc 1 1419 3 view .LVU367
 1013              	.LBE139:
 1014              	.LBE138:
1260:./lwip-2.1.2/src/core/ipv4/dhcp.c **** {
 1015              		.loc 1 1260 1 is_stmt 0 view .LVU368
 1016 032e 8BB0     		sub	sp, sp, #44
 1017              	.LCFI11:
 1018              		.cfi_def_cfa_offset 80
1260:./lwip-2.1.2/src/core/ipv4/dhcp.c **** {
 1019              		.loc 1 1260 1 view .LVU369
 1020 0330 8046     		mov	r8, r0
 1021              	.LBB141:
 1022              	.LBB140:
1419:./lwip-2.1.2/src/core/ipv4/dhcp.c ****     dhcp->state = new_state;
 1023              		.loc 1 1419 6 view .LVU370
 1024 0332 7379     		ldrb	r3, [r6, #5]	@ zero_extendqisi2
 1025 0334 032B     		cmp	r3, #3
 1026 0336 04D0     		beq	.L111
1420:./lwip-2.1.2/src/core/ipv4/dhcp.c ****     dhcp->tries = 0;
 1027              		.loc 1 1420 5 is_stmt 1 view .LVU371
1421:./lwip-2.1.2/src/core/ipv4/dhcp.c ****     dhcp->request_timeout = 0;
 1028              		.loc 1 1421 5 view .LVU372
1420:./lwip-2.1.2/src/core/ipv4/dhcp.c ****     dhcp->tries = 0;
 1029              		.loc 1 1420 17 is_stmt 0 view .LVU373
 1030 0338 0322     		movs	r2, #3
1422:./lwip-2.1.2/src/core/ipv4/dhcp.c ****   }
 1031              		.loc 1 1422 27 view .LVU374
 1032 033a 0023     		movs	r3, #0
1420:./lwip-2.1.2/src/core/ipv4/dhcp.c ****     dhcp->tries = 0;
 1033              		.loc 1 1420 17 view .LVU375
 1034 033c A6F80520 		strh	r2, [r6, #5]	@ unaligned
1422:./lwip-2.1.2/src/core/ipv4/dhcp.c ****   }
 1035              		.loc 1 1422 5 is_stmt 1 view .LVU376
1422:./lwip-2.1.2/src/core/ipv4/dhcp.c ****   }
 1036              		.loc 1 1422 27 is_stmt 0 view .LVU377
 1037 0340 3381     		strh	r3, [r6, #8]	@ movhi
 1038              	.L111:
 1039              	.LVL75:
1422:./lwip-2.1.2/src/core/ipv4/dhcp.c ****   }
 1040              		.loc 1 1422 27 view .LVU378
 1041              	.LBE140:
 1042              	.LBE141:
1273:./lwip-2.1.2/src/core/ipv4/dhcp.c ****   if (p_out != NULL) {
 1043              		.loc 1 1273 3 is_stmt 1 view .LVU379
1273:./lwip-2.1.2/src/core/ipv4/dhcp.c ****   if (p_out != NULL) {
 1044              		.loc 1 1273 11 is_stmt 0 view .LVU380
 1045 0342 0DF12603 		add	r3, sp, #38
 1046 0346 0322     		movs	r2, #3
 1047 0348 3146     		mov	r1, r6
 1048 034a 4046     		mov	r0, r8
 1049              	.LVL76:
1273:./lwip-2.1.2/src/core/ipv4/dhcp.c ****   if (p_out != NULL) {
 1050              		.loc 1 1273 11 view .LVU381
 1051 034c FFF758FE 		bl	dhcp_create_msg
 1052              	.LVL77:
1274:./lwip-2.1.2/src/core/ipv4/dhcp.c ****     struct dhcp_msg *msg_out = (struct dhcp_msg *)p_out->payload;
 1053              		.loc 1 1274 3 is_stmt 1 view .LVU382
1274:./lwip-2.1.2/src/core/ipv4/dhcp.c ****     struct dhcp_msg *msg_out = (struct dhcp_msg *)p_out->payload;
 1054              		.loc 1 1274 6 is_stmt 0 view .LVU383
 1055 0350 0746     		mov	r7, r0
 1056 0352 0028     		cmp	r0, #0
 1057 0354 00F08B80 		beq	.L112
 1058              	.LBB142:
1275:./lwip-2.1.2/src/core/ipv4/dhcp.c ****     options_out_len = dhcp_option(options_out_len, msg_out->options, DHCP_OPTION_MAX_MSG_SIZE, DHCP
 1059              		.loc 1 1275 5 is_stmt 1 view .LVU384
 1060              	.LVL78:
1276:./lwip-2.1.2/src/core/ipv4/dhcp.c ****     options_out_len = dhcp_option_short(options_out_len, msg_out->options, DHCP_MAX_MSG_LEN_MIN_REQ
 1061              		.loc 1 1276 5 view .LVU385
1276:./lwip-2.1.2/src/core/ipv4/dhcp.c ****     options_out_len = dhcp_option_short(options_out_len, msg_out->options, DHCP_MAX_MSG_LEN_MIN_REQ
 1062              		.loc 1 1276 23 is_stmt 0 view .LVU386
 1063 0358 BDF82640 		ldrh	r4, [sp, #38]
 1064              	.LBB143:
 1065              	.LBB144:
1436:./lwip-2.1.2/src/core/ipv4/dhcp.c ****   return options_out_len;
 1066              		.loc 1 1436 30 view .LVU387
 1067 035c 4FF0020E 		mov	lr, #2
 1068              	.LBE144:
 1069              	.LBE143:
1276:./lwip-2.1.2/src/core/ipv4/dhcp.c ****     options_out_len = dhcp_option_short(options_out_len, msg_out->options, DHCP_MAX_MSG_LEN_MIN_REQ
 1070              		.loc 1 1276 59 view .LVU388
 1071 0360 4568     		ldr	r5, [r0, #4]
 1072              	.LBB150:
 1073              	.LBB145:
1435:./lwip-2.1.2/src/core/ipv4/dhcp.c ****   options[options_out_len++] = option_len;
 1074              		.loc 1 1435 30 view .LVU389
 1075 0362 4FF03909 		mov	r9, #57
1435:./lwip-2.1.2/src/core/ipv4/dhcp.c ****   options[options_out_len++] = option_len;
 1076              		.loc 1 1435 26 view .LVU390
 1077 0366 04F1010C 		add	ip, r4, #1
1436:./lwip-2.1.2/src/core/ipv4/dhcp.c ****   return options_out_len;
 1078              		.loc 1 1436 26 view .LVU391
 1079 036a A01C     		adds	r0, r4, #2
 1080              	.LVL79:
1436:./lwip-2.1.2/src/core/ipv4/dhcp.c ****   return options_out_len;
 1081              		.loc 1 1436 26 view .LVU392
 1082              	.LBE145:
 1083              	.LBE150:
1276:./lwip-2.1.2/src/core/ipv4/dhcp.c ****     options_out_len = dhcp_option_short(options_out_len, msg_out->options, DHCP_MAX_MSG_LEN_MIN_REQ
 1084              		.loc 1 1276 59 view .LVU393
 1085 036c F035     		adds	r5, r5, #240
 1086              	.LVL80:
 1087              	.LBB151:
 1088              	.LBI143:
1432:./lwip-2.1.2/src/core/ipv4/dhcp.c **** {
 1089              		.loc 1 1432 1 is_stmt 1 view .LVU394
 1090              	.LBB146:
1434:./lwip-2.1.2/src/core/ipv4/dhcp.c ****   options[options_out_len++] = option_type;
 1091              		.loc 1 1434 138 view .LVU395
1435:./lwip-2.1.2/src/core/ipv4/dhcp.c ****   options[options_out_len++] = option_len;
 1092              		.loc 1 1435 3 view .LVU396
1435:./lwip-2.1.2/src/core/ipv4/dhcp.c ****   options[options_out_len++] = option_len;
 1093              		.loc 1 1435 3 is_stmt 0 view .LVU397
 1094              	.LBE146:
 1095              	.LBE151:
 1096              	.LBB152:
 1097              	.LBB153:
1455:./lwip-2.1.2/src/core/ipv4/dhcp.c ****   options[options_out_len++] = (u8_t) (value & 0x00ffU);
 1098              		.loc 1 1455 26 view .LVU398
 1099 036e E11C     		adds	r1, r4, #3
 1100              	.LBE153:
 1101              	.LBE152:
 1102              	.LBB158:
 1103              	.LBB147:
1436:./lwip-2.1.2/src/core/ipv4/dhcp.c ****   return options_out_len;
 1104              		.loc 1 1436 26 view .LVU399
 1105 0370 1FFA8CFC 		uxth	ip, ip
 1106              	.LBE147:
 1107              	.LBE158:
 1108              	.LBB159:
 1109              	.LBB154:
1456:./lwip-2.1.2/src/core/ipv4/dhcp.c ****   return options_out_len;
 1110              		.loc 1 1456 26 view .LVU400
 1111 0374 221D     		adds	r2, r4, #4
1455:./lwip-2.1.2/src/core/ipv4/dhcp.c ****   options[options_out_len++] = (u8_t) (value & 0x00ffU);
 1112              		.loc 1 1455 26 view .LVU401
 1113 0376 80B2     		uxth	r0, r0
 1114              	.LBE154:
 1115              	.LBE159:
 1116              	.LBB160:
 1117              	.LBB148:
1435:./lwip-2.1.2/src/core/ipv4/dhcp.c ****   options[options_out_len++] = option_len;
 1118              		.loc 1 1435 30 view .LVU402
 1119 0378 05F80490 		strb	r9, [r5, r4]
 1120              	.LVL81:
1436:./lwip-2.1.2/src/core/ipv4/dhcp.c ****   return options_out_len;
 1121              		.loc 1 1436 3 is_stmt 1 view .LVU403
1436:./lwip-2.1.2/src/core/ipv4/dhcp.c ****   return options_out_len;
 1122              		.loc 1 1436 3 is_stmt 0 view .LVU404
 1123              	.LBE148:
 1124              	.LBE160:
 1125              	.LBB161:
 1126              	.LBB155:
1456:./lwip-2.1.2/src/core/ipv4/dhcp.c ****   return options_out_len;
 1127              		.loc 1 1456 26 view .LVU405
 1128 037c 89B2     		uxth	r1, r1
 1129              	.LBE155:
 1130              	.LBE161:
 1131              	.LBB162:
 1132              	.LBB149:
1436:./lwip-2.1.2/src/core/ipv4/dhcp.c ****   return options_out_len;
 1133              		.loc 1 1436 30 view .LVU406
 1134 037e 05F80CE0 		strb	lr, [r5, ip]
1437:./lwip-2.1.2/src/core/ipv4/dhcp.c **** }
 1135              		.loc 1 1437 3 is_stmt 1 view .LVU407
 1136              	.LVL82:
1437:./lwip-2.1.2/src/core/ipv4/dhcp.c **** }
 1137              		.loc 1 1437 3 is_stmt 0 view .LVU408
 1138              	.LBE149:
 1139              	.LBE162:
1277:./lwip-2.1.2/src/core/ipv4/dhcp.c **** 
 1140              		.loc 1 1277 5 is_stmt 1 view .LVU409
 1141              	.LBB163:
 1142              	.LBI152:
1452:./lwip-2.1.2/src/core/ipv4/dhcp.c **** {
 1143              		.loc 1 1452 1 view .LVU410
 1144              	.LBB156:
1454:./lwip-2.1.2/src/core/ipv4/dhcp.c ****   options[options_out_len++] = (u8_t)((value & 0xff00U) >> 8);
 1145              		.loc 1 1454 118 view .LVU411
1455:./lwip-2.1.2/src/core/ipv4/dhcp.c ****   options[options_out_len++] = (u8_t) (value & 0x00ffU);
 1146              		.loc 1 1455 3 view .LVU412
1455:./lwip-2.1.2/src/core/ipv4/dhcp.c ****   options[options_out_len++] = (u8_t) (value & 0x00ffU);
 1147              		.loc 1 1455 30 is_stmt 0 view .LVU413
 1148 0382 05F800E0 		strb	lr, [r5, r0]
1456:./lwip-2.1.2/src/core/ipv4/dhcp.c ****   return options_out_len;
 1149              		.loc 1 1456 3 is_stmt 1 view .LVU414
 1150              	.LVL83:
1456:./lwip-2.1.2/src/core/ipv4/dhcp.c ****   return options_out_len;
 1151              		.loc 1 1456 30 is_stmt 0 view .LVU415
 1152 0386 4020     		movs	r0, #64
 1153              	.LBE156:
 1154              	.LBE163:
 1155              	.LBB164:
 1156              	.LBB165:
1435:./lwip-2.1.2/src/core/ipv4/dhcp.c ****   options[options_out_len++] = option_len;
 1157              		.loc 1 1435 26 view .LVU416
 1158 0388 92B2     		uxth	r2, r2
 1159 038a 631D     		adds	r3, r4, #5
 1160              	.LBE165:
 1161              	.LBE164:
 1162              	.LBB168:
 1163              	.LBB157:
1456:./lwip-2.1.2/src/core/ipv4/dhcp.c ****   return options_out_len;
 1164              		.loc 1 1456 30 view .LVU417
 1165 038c 6854     		strb	r0, [r5, r1]
1457:./lwip-2.1.2/src/core/ipv4/dhcp.c **** }
 1166              		.loc 1 1457 3 is_stmt 1 view .LVU418
 1167              	.LVL84:
1457:./lwip-2.1.2/src/core/ipv4/dhcp.c **** }
 1168              		.loc 1 1457 3 is_stmt 0 view .LVU419
 1169              	.LBE157:
 1170              	.LBE168:
1279:./lwip-2.1.2/src/core/ipv4/dhcp.c ****     options_out_len = dhcp_option_long(options_out_len, msg_out->options, lwip_ntohl(ip4_addr_get_u
 1171              		.loc 1 1279 5 is_stmt 1 view .LVU420
 1172              	.LBB169:
 1173              	.LBI164:
1432:./lwip-2.1.2/src/core/ipv4/dhcp.c **** {
 1174              		.loc 1 1432 1 view .LVU421
 1175              	.LBB166:
1434:./lwip-2.1.2/src/core/ipv4/dhcp.c ****   options[options_out_len++] = option_type;
 1176              		.loc 1 1434 138 view .LVU422
1435:./lwip-2.1.2/src/core/ipv4/dhcp.c ****   options[options_out_len++] = option_len;
 1177              		.loc 1 1435 3 view .LVU423
1435:./lwip-2.1.2/src/core/ipv4/dhcp.c ****   options[options_out_len++] = option_len;
 1178              		.loc 1 1435 30 is_stmt 0 view .LVU424
 1179 038e 3221     		movs	r1, #50
1436:./lwip-2.1.2/src/core/ipv4/dhcp.c ****   return options_out_len;
 1180              		.loc 1 1436 26 view .LVU425
 1181 0390 9BB2     		uxth	r3, r3
 1182 0392 04F10609 		add	r9, r4, #6
1435:./lwip-2.1.2/src/core/ipv4/dhcp.c ****   options[options_out_len++] = option_len;
 1183              		.loc 1 1435 30 view .LVU426
 1184 0396 A954     		strb	r1, [r5, r2]
1436:./lwip-2.1.2/src/core/ipv4/dhcp.c ****   return options_out_len;
 1185              		.loc 1 1436 3 is_stmt 1 view .LVU427
 1186              	.LVL85:
1436:./lwip-2.1.2/src/core/ipv4/dhcp.c ****   return options_out_len;
 1187              		.loc 1 1436 30 is_stmt 0 view .LVU428
 1188 0398 0422     		movs	r2, #4
 1189              	.LBE166:
 1190              	.LBE169:
 1191              	.LBB170:
 1192              	.LBB171:
1464:./lwip-2.1.2/src/core/ipv4/dhcp.c ****   options[options_out_len++] = (u8_t)((value & 0x00ff0000UL) >> 16);
 1193              		.loc 1 1464 26 view .LVU429
 1194 039a 1FFA89F9 		uxth	r9, r9
 1195              	.LBE171:
 1196              	.LBE170:
 1197              	.LBB177:
 1198              	.LBB178:
1436:./lwip-2.1.2/src/core/ipv4/dhcp.c ****   return options_out_len;
 1199              		.loc 1 1436 30 view .LVU430
 1200 039e 4FF0030A 		mov	r10, #3
 1201              	.LBE178:
 1202              	.LBE177:
 1203              	.LBB185:
 1204              	.LBB167:
 1205 03a2 EA54     		strb	r2, [r5, r3]
1437:./lwip-2.1.2/src/core/ipv4/dhcp.c **** }
 1206              		.loc 1 1437 3 is_stmt 1 view .LVU431
 1207              	.LVL86:
1437:./lwip-2.1.2/src/core/ipv4/dhcp.c **** }
 1208              		.loc 1 1437 3 is_stmt 0 view .LVU432
 1209              	.LBE167:
 1210              	.LBE185:
1280:./lwip-2.1.2/src/core/ipv4/dhcp.c **** 
 1211              		.loc 1 1280 5 is_stmt 1 view .LVU433
1280:./lwip-2.1.2/src/core/ipv4/dhcp.c **** 
 1212              		.loc 1 1280 23 is_stmt 0 view .LVU434
 1213 03a4 F069     		ldr	r0, [r6, #28]
 1214 03a6 FFF7FEFF 		bl	lwip_htonl
 1215              	.LVL87:
 1216              	.LBB186:
 1217              	.LBB172:
1466:./lwip-2.1.2/src/core/ipv4/dhcp.c ****   options[options_out_len++] = (u8_t)((value & 0x000000ffUL));
 1218              		.loc 1 1466 26 view .LVU435
 1219 03aa 04F10902 		add	r2, r4, #9
 1220              	.LBE172:
 1221              	.LBE186:
1280:./lwip-2.1.2/src/core/ipv4/dhcp.c **** 
 1222              		.loc 1 1280 23 view .LVU436
 1223 03ae 0346     		mov	r3, r0
 1224              	.LVL88:
 1225              	.LBB187:
 1226              	.LBI170:
1461:./lwip-2.1.2/src/core/ipv4/dhcp.c **** {
 1227              		.loc 1 1461 1 is_stmt 1 view .LVU437
 1228              	.LBB173:
1463:./lwip-2.1.2/src/core/ipv4/dhcp.c ****   options[options_out_len++] = (u8_t)((value & 0xff000000UL) >> 24);
 1229              		.loc 1 1463 117 view .LVU438
1464:./lwip-2.1.2/src/core/ipv4/dhcp.c ****   options[options_out_len++] = (u8_t)((value & 0x00ff0000UL) >> 16);
 1230              		.loc 1 1464 3 view .LVU439
1464:./lwip-2.1.2/src/core/ipv4/dhcp.c ****   options[options_out_len++] = (u8_t)((value & 0x00ff0000UL) >> 16);
 1231              		.loc 1 1464 26 is_stmt 0 view .LVU440
 1232 03b0 E01D     		adds	r0, r4, #7
 1233              	.LVL89:
1467:./lwip-2.1.2/src/core/ipv4/dhcp.c ****   return options_out_len;
 1234              		.loc 1 1467 26 view .LVU441
 1235 03b2 92B2     		uxth	r2, r2
1465:./lwip-2.1.2/src/core/ipv4/dhcp.c ****   options[options_out_len++] = (u8_t)((value & 0x0000ff00UL) >> 8);
 1236              		.loc 1 1465 26 view .LVU442
 1237 03b4 04F1080E 		add	lr, r4, #8
1464:./lwip-2.1.2/src/core/ipv4/dhcp.c ****   options[options_out_len++] = (u8_t)((value & 0x00ff0000UL) >> 16);
 1238              		.loc 1 1464 62 view .LVU443
 1239 03b8 4FEA136B 		lsr	fp, r3, #24
1467:./lwip-2.1.2/src/core/ipv4/dhcp.c ****   return options_out_len;
 1240              		.loc 1 1467 26 view .LVU444
 1241 03bc 0392     		str	r2, [sp, #12]
 1242 03be 04F10A02 		add	r2, r4, #10
1464:./lwip-2.1.2/src/core/ipv4/dhcp.c ****   options[options_out_len++] = (u8_t)((value & 0x00ff0000UL) >> 16);
 1243              		.loc 1 1464 32 view .LVU445
 1244 03c2 05F809B0 		strb	fp, [r5, r9]
1465:./lwip-2.1.2/src/core/ipv4/dhcp.c ****   options[options_out_len++] = (u8_t)((value & 0x0000ff00UL) >> 8);
 1245              		.loc 1 1465 3 is_stmt 1 view .LVU446
 1246              	.LVL90:
1465:./lwip-2.1.2/src/core/ipv4/dhcp.c ****   options[options_out_len++] = (u8_t)((value & 0x0000ff00UL) >> 8);
 1247              		.loc 1 1465 26 is_stmt 0 view .LVU447
 1248 03c6 80B2     		uxth	r0, r0
1465:./lwip-2.1.2/src/core/ipv4/dhcp.c ****   options[options_out_len++] = (u8_t)((value & 0x0000ff00UL) >> 8);
 1249              		.loc 1 1465 62 view .LVU448
 1250 03c8 4FEA1349 		lsr	r9, r3, #16
 1251              	.LBE173:
 1252              	.LBE187:
 1253              	.LBB188:
 1254              	.LBB179:
1435:./lwip-2.1.2/src/core/ipv4/dhcp.c ****   options[options_out_len++] = option_len;
 1255              		.loc 1 1435 26 view .LVU449
 1256 03cc 91B2     		uxth	r1, r2
 1257 03ce 04F10B02 		add	r2, r4, #11
 1258              	.LBE179:
 1259              	.LBE188:
 1260              	.LBB189:
 1261              	.LBB174:
1465:./lwip-2.1.2/src/core/ipv4/dhcp.c ****   options[options_out_len++] = (u8_t)((value & 0x0000ff00UL) >> 8);
 1262              		.loc 1 1465 32 view .LVU450
 1263 03d2 05F80090 		strb	r9, [r5, r0]
1466:./lwip-2.1.2/src/core/ipv4/dhcp.c ****   options[options_out_len++] = (u8_t)((value & 0x000000ffUL));
 1264              		.loc 1 1466 3 is_stmt 1 view .LVU451
 1265              	.LVL91:
1466:./lwip-2.1.2/src/core/ipv4/dhcp.c ****   options[options_out_len++] = (u8_t)((value & 0x000000ffUL));
 1266              		.loc 1 1466 26 is_stmt 0 view .LVU452
 1267 03d6 1FFA8EFE 		uxth	lr, lr
1466:./lwip-2.1.2/src/core/ipv4/dhcp.c ****   options[options_out_len++] = (u8_t)((value & 0x000000ffUL));
 1268              		.loc 1 1466 62 view .LVU453
 1269 03da 180A     		lsrs	r0, r3, #8
 1270              	.LBE174:
 1271              	.LBE189:
 1272              	.LBB190:
 1273              	.LBB180:
1435:./lwip-2.1.2/src/core/ipv4/dhcp.c ****   options[options_out_len++] = option_len;
 1274              		.loc 1 1435 26 view .LVU454
 1275 03dc 0491     		str	r1, [sp, #16]
1436:./lwip-2.1.2/src/core/ipv4/dhcp.c ****   return options_out_len;
 1276              		.loc 1 1436 26 view .LVU455
 1277 03de 92B2     		uxth	r2, r2
 1278              	.LBE180:
 1279              	.LBE190:
 1280              	.LBB191:
 1281              	.LBB175:
1466:./lwip-2.1.2/src/core/ipv4/dhcp.c ****   options[options_out_len++] = (u8_t)((value & 0x000000ffUL));
 1282              		.loc 1 1466 32 view .LVU456
 1283 03e0 05F80E00 		strb	r0, [r5, lr]
1467:./lwip-2.1.2/src/core/ipv4/dhcp.c ****   return options_out_len;
 1284              		.loc 1 1467 3 is_stmt 1 view .LVU457
 1285              	.LVL92:
1467:./lwip-2.1.2/src/core/ipv4/dhcp.c ****   return options_out_len;
 1286              		.loc 1 1467 32 is_stmt 0 view .LVU458
 1287 03e4 0398     		ldr	r0, [sp, #12]
 1288              	.LBE175:
 1289              	.LBE191:
 1290              	.LBB192:
 1291              	.LBB181:
1436:./lwip-2.1.2/src/core/ipv4/dhcp.c ****   return options_out_len;
 1292              		.loc 1 1436 26 view .LVU459
 1293 03e6 0592     		str	r2, [sp, #20]
 1294 03e8 04F10C02 		add	r2, r4, #12
 1295              	.LBE181:
 1296              	.LBE192:
 1297              	.LBB193:
 1298              	.LBB176:
1467:./lwip-2.1.2/src/core/ipv4/dhcp.c ****   return options_out_len;
 1299              		.loc 1 1467 32 view .LVU460
 1300 03ec 2B54     		strb	r3, [r5, r0]
1468:./lwip-2.1.2/src/core/ipv4/dhcp.c **** }
 1301              		.loc 1 1468 3 is_stmt 1 view .LVU461
 1302              	.LVL93:
1468:./lwip-2.1.2/src/core/ipv4/dhcp.c **** }
 1303              		.loc 1 1468 3 is_stmt 0 view .LVU462
 1304              	.LBE176:
 1305              	.LBE193:
1282:./lwip-2.1.2/src/core/ipv4/dhcp.c ****     for (i = 0; i < LWIP_ARRAYSIZE(dhcp_discover_request_options); i++) {
 1306              		.loc 1 1282 5 is_stmt 1 view .LVU463
 1307              	.LBB194:
 1308              	.LBI177:
1432:./lwip-2.1.2/src/core/ipv4/dhcp.c **** {
 1309              		.loc 1 1432 1 view .LVU464
 1310              	.LBB182:
1434:./lwip-2.1.2/src/core/ipv4/dhcp.c ****   options[options_out_len++] = option_type;
 1311              		.loc 1 1434 138 view .LVU465
1435:./lwip-2.1.2/src/core/ipv4/dhcp.c ****   options[options_out_len++] = option_len;
 1312              		.loc 1 1435 3 view .LVU466
1435:./lwip-2.1.2/src/core/ipv4/dhcp.c ****   options[options_out_len++] = option_len;
 1313              		.loc 1 1435 30 is_stmt 0 view .LVU467
 1314 03ee 3723     		movs	r3, #55
 1315 03f0 0498     		ldr	r0, [sp, #16]
 1316              	.LBE182:
 1317              	.LBE194:
 1318              	.LBB195:
 1319              	.LBB196:
1447:./lwip-2.1.2/src/core/ipv4/dhcp.c ****   return options_out_len;
 1320              		.loc 1 1447 26 view .LVU468
 1321 03f2 91B2     		uxth	r1, r2
 1322 03f4 04F10D02 		add	r2, r4, #13
 1323              	.LBE196:
 1324              	.LBE195:
 1325              	.LBB203:
 1326              	.LBB183:
1435:./lwip-2.1.2/src/core/ipv4/dhcp.c ****   options[options_out_len++] = option_len;
 1327              		.loc 1 1435 30 view .LVU469
 1328 03f8 2B54     		strb	r3, [r5, r0]
1436:./lwip-2.1.2/src/core/ipv4/dhcp.c ****   return options_out_len;
 1329              		.loc 1 1436 3 is_stmt 1 view .LVU470
 1330              	.LVL94:
1436:./lwip-2.1.2/src/core/ipv4/dhcp.c ****   return options_out_len;
 1331              		.loc 1 1436 30 is_stmt 0 view .LVU471
 1332 03fa 059B     		ldr	r3, [sp, #20]
 1333              	.LBE183:
 1334              	.LBE203:
 1335              	.LBB204:
 1336              	.LBB197:
1447:./lwip-2.1.2/src/core/ipv4/dhcp.c ****   return options_out_len;
 1337              		.loc 1 1447 26 view .LVU472
 1338 03fc 1FFA82FC 		uxth	ip, r2
 1339 0400 0691     		str	r1, [sp, #24]
 1340              	.LBE197:
 1341              	.LBE204:
 1342              	.LBB205:
 1343              	.LBB206:
1952:./lwip-2.1.2/src/core/ipv4/dhcp.c **** 
1953:./lwip-2.1.2/src/core/ipv4/dhcp.c **** /**
1954:./lwip-2.1.2/src/core/ipv4/dhcp.c ****  * Add a DHCP message trailer
1955:./lwip-2.1.2/src/core/ipv4/dhcp.c ****  *
1956:./lwip-2.1.2/src/core/ipv4/dhcp.c ****  * Adds the END option to the DHCP message, and if
1957:./lwip-2.1.2/src/core/ipv4/dhcp.c ****  * necessary, up to three padding bytes.
1958:./lwip-2.1.2/src/core/ipv4/dhcp.c ****  */
1959:./lwip-2.1.2/src/core/ipv4/dhcp.c **** static void
1960:./lwip-2.1.2/src/core/ipv4/dhcp.c **** dhcp_option_trailer(u16_t options_out_len, u8_t *options, struct pbuf *p_out)
1961:./lwip-2.1.2/src/core/ipv4/dhcp.c **** {
1962:./lwip-2.1.2/src/core/ipv4/dhcp.c ****   options[options_out_len++] = DHCP_OPTION_END;
 1344              		.loc 1 1962 26 view .LVU473
 1345 0402 04F11001 		add	r1, r4, #16
 1346              	.LBE206:
 1347              	.LBE205:
 1348              	.LBB211:
 1349              	.LBB184:
1436:./lwip-2.1.2/src/core/ipv4/dhcp.c ****   return options_out_len;
 1350              		.loc 1 1436 30 view .LVU474
 1351 0406 05F803A0 		strb	r10, [r5, r3]
1437:./lwip-2.1.2/src/core/ipv4/dhcp.c **** }
 1352              		.loc 1 1437 3 is_stmt 1 view .LVU475
 1353              	.LVL95:
1437:./lwip-2.1.2/src/core/ipv4/dhcp.c **** }
 1354              		.loc 1 1437 3 is_stmt 0 view .LVU476
 1355              	.LBE184:
 1356              	.LBE211:
1283:./lwip-2.1.2/src/core/ipv4/dhcp.c ****       options_out_len = dhcp_option_byte(options_out_len, msg_out->options, dhcp_discover_request_o
 1357              		.loc 1 1283 5 is_stmt 1 view .LVU477
1283:./lwip-2.1.2/src/core/ipv4/dhcp.c ****       options_out_len = dhcp_option_byte(options_out_len, msg_out->options, dhcp_discover_request_o
 1358              		.loc 1 1283 19 discriminator 1 view .LVU478
1284:./lwip-2.1.2/src/core/ipv4/dhcp.c ****     }
 1359              		.loc 1 1284 7 view .LVU479
 1360              	.LBB212:
 1361              	.LBI195:
1444:./lwip-2.1.2/src/core/ipv4/dhcp.c **** {
 1362              		.loc 1 1444 1 view .LVU480
 1363              	.LBB198:
1446:./lwip-2.1.2/src/core/ipv4/dhcp.c ****   options[options_out_len++] = value;
 1364              		.loc 1 1446 106 view .LVU481
1447:./lwip-2.1.2/src/core/ipv4/dhcp.c ****   return options_out_len;
 1365              		.loc 1 1447 3 view .LVU482
1447:./lwip-2.1.2/src/core/ipv4/dhcp.c ****   return options_out_len;
 1366              		.loc 1 1447 30 is_stmt 0 view .LVU483
 1367 040a 0123     		movs	r3, #1
 1368 040c 0698     		ldr	r0, [sp, #24]
 1369              	.LBE198:
 1370              	.LBE212:
 1371              	.LBB213:
 1372              	.LBB207:
 1373              		.loc 1 1962 26 view .LVU484
 1374 040e 89B2     		uxth	r1, r1
 1375              	.LBE207:
 1376              	.LBE213:
 1377              	.LBB214:
 1378              	.LBB199:
1447:./lwip-2.1.2/src/core/ipv4/dhcp.c ****   return options_out_len;
 1379              		.loc 1 1447 26 view .LVU485
 1380 0410 CDF81CC0 		str	ip, [sp, #28]
 1381 0414 04F10E0C 		add	ip, r4, #14
1447:./lwip-2.1.2/src/core/ipv4/dhcp.c ****   return options_out_len;
 1382              		.loc 1 1447 30 view .LVU486
 1383 0418 2B54     		strb	r3, [r5, r0]
1448:./lwip-2.1.2/src/core/ipv4/dhcp.c **** }
 1384              		.loc 1 1448 3 is_stmt 1 view .LVU487
 1385              	.LVL96:
1448:./lwip-2.1.2/src/core/ipv4/dhcp.c **** }
 1386              		.loc 1 1448 3 is_stmt 0 view .LVU488
 1387              	.LBE199:
 1388              	.LBE214:
1283:./lwip-2.1.2/src/core/ipv4/dhcp.c ****       options_out_len = dhcp_option_byte(options_out_len, msg_out->options, dhcp_discover_request_o
 1389              		.loc 1 1283 69 is_stmt 1 discriminator 3 view .LVU489
1283:./lwip-2.1.2/src/core/ipv4/dhcp.c ****       options_out_len = dhcp_option_byte(options_out_len, msg_out->options, dhcp_discover_request_o
 1390              		.loc 1 1283 19 discriminator 1 view .LVU490
1284:./lwip-2.1.2/src/core/ipv4/dhcp.c ****     }
 1391              		.loc 1 1284 7 view .LVU491
 1392              	.LBB215:
1444:./lwip-2.1.2/src/core/ipv4/dhcp.c **** {
 1393              		.loc 1 1444 1 view .LVU492
 1394              	.LBB200:
1446:./lwip-2.1.2/src/core/ipv4/dhcp.c ****   options[options_out_len++] = value;
 1395              		.loc 1 1446 106 view .LVU493
1447:./lwip-2.1.2/src/core/ipv4/dhcp.c ****   return options_out_len;
 1396              		.loc 1 1447 3 view .LVU494
1447:./lwip-2.1.2/src/core/ipv4/dhcp.c ****   return options_out_len;
 1397              		.loc 1 1447 26 is_stmt 0 view .LVU495
 1398 041a 04F10F02 		add	r2, r4, #15
1447:./lwip-2.1.2/src/core/ipv4/dhcp.c ****   return options_out_len;
 1399              		.loc 1 1447 30 view .LVU496
 1400 041e 079B     		ldr	r3, [sp, #28]
1447:./lwip-2.1.2/src/core/ipv4/dhcp.c ****   return options_out_len;
 1401              		.loc 1 1447 26 view .LVU497
 1402 0420 1FFA8CFC 		uxth	ip, ip
 1403              	.LBE200:
 1404              	.LBE215:
 1405              	.LBB216:
 1406              	.LBB208:
 1407              		.loc 1 1962 26 view .LVU498
 1408 0424 92B2     		uxth	r2, r2
1963:./lwip-2.1.2/src/core/ipv4/dhcp.c ****   /* packet is too small, or not 4 byte aligned? */
1964:./lwip-2.1.2/src/core/ipv4/dhcp.c ****   while (((options_out_len < DHCP_MIN_OPTIONS_LEN) || (options_out_len & 3)) &&
 1409              		.loc 1 1964 78 view .LVU499
 1410 0426 4329     		cmp	r1, #67
 1411              	.LBE208:
 1412              	.LBE216:
 1413              	.LBB217:
 1414              	.LBB201:
1447:./lwip-2.1.2/src/core/ipv4/dhcp.c ****   return options_out_len;
 1415              		.loc 1 1447 30 view .LVU500
 1416 0428 05F803A0 		strb	r10, [r5, r3]
1448:./lwip-2.1.2/src/core/ipv4/dhcp.c **** }
 1417              		.loc 1 1448 3 is_stmt 1 view .LVU501
 1418              	.LVL97:
1448:./lwip-2.1.2/src/core/ipv4/dhcp.c **** }
 1419              		.loc 1 1448 3 is_stmt 0 view .LVU502
 1420              	.LBE201:
 1421              	.LBE217:
1283:./lwip-2.1.2/src/core/ipv4/dhcp.c ****       options_out_len = dhcp_option_byte(options_out_len, msg_out->options, dhcp_discover_request_o
 1422              		.loc 1 1283 69 is_stmt 1 discriminator 3 view .LVU503
1283:./lwip-2.1.2/src/core/ipv4/dhcp.c ****       options_out_len = dhcp_option_byte(options_out_len, msg_out->options, dhcp_discover_request_o
 1423              		.loc 1 1283 19 discriminator 1 view .LVU504
1284:./lwip-2.1.2/src/core/ipv4/dhcp.c ****     }
 1424              		.loc 1 1284 7 view .LVU505
 1425              	.LBB218:
1444:./lwip-2.1.2/src/core/ipv4/dhcp.c **** {
 1426              		.loc 1 1444 1 view .LVU506
 1427              	.LBB202:
1446:./lwip-2.1.2/src/core/ipv4/dhcp.c ****   options[options_out_len++] = value;
 1428              		.loc 1 1446 106 view .LVU507
1447:./lwip-2.1.2/src/core/ipv4/dhcp.c ****   return options_out_len;
 1429              		.loc 1 1447 3 view .LVU508
1447:./lwip-2.1.2/src/core/ipv4/dhcp.c ****   return options_out_len;
 1430              		.loc 1 1447 30 is_stmt 0 view .LVU509
 1431 042c 4FF01C03 		mov	r3, #28
 1432 0430 05F80C30 		strb	r3, [r5, ip]
1448:./lwip-2.1.2/src/core/ipv4/dhcp.c **** }
 1433              		.loc 1 1448 3 is_stmt 1 view .LVU510
 1434              	.LVL98:
1448:./lwip-2.1.2/src/core/ipv4/dhcp.c **** }
 1435              		.loc 1 1448 3 is_stmt 0 view .LVU511
 1436              	.LBE202:
 1437              	.LBE218:
1283:./lwip-2.1.2/src/core/ipv4/dhcp.c ****       options_out_len = dhcp_option_byte(options_out_len, msg_out->options, dhcp_discover_request_o
 1438              		.loc 1 1283 69 is_stmt 1 discriminator 3 view .LVU512
1283:./lwip-2.1.2/src/core/ipv4/dhcp.c ****       options_out_len = dhcp_option_byte(options_out_len, msg_out->options, dhcp_discover_request_o
 1439              		.loc 1 1283 19 discriminator 1 view .LVU513
1291:./lwip-2.1.2/src/core/ipv4/dhcp.c ****     dhcp_option_trailer(options_out_len, msg_out->options, p_out);
 1440              		.loc 1 1291 110 view .LVU514
1292:./lwip-2.1.2/src/core/ipv4/dhcp.c **** 
 1441              		.loc 1 1292 5 view .LVU515
 1442              	.LBB219:
 1443              	.LBI205:
1960:./lwip-2.1.2/src/core/ipv4/dhcp.c **** {
 1444              		.loc 1 1960 1 view .LVU516
 1445              	.LBB209:
1962:./lwip-2.1.2/src/core/ipv4/dhcp.c ****   /* packet is too small, or not 4 byte aligned? */
 1446              		.loc 1 1962 3 view .LVU517
1962:./lwip-2.1.2/src/core/ipv4/dhcp.c ****   /* packet is too small, or not 4 byte aligned? */
 1447              		.loc 1 1962 30 is_stmt 0 view .LVU518
 1448 0434 4FF0FF03 		mov	r3, #255
 1449 0438 AB54     		strb	r3, [r5, r2]
 1450              		.loc 1 1964 3 is_stmt 1 view .LVU519
 1451              		.loc 1 1964 78 view .LVU520
 1452 043a 07D8     		bhi	.L113
1965:./lwip-2.1.2/src/core/ipv4/dhcp.c ****          (options_out_len < DHCP_OPTIONS_LEN)) {
1966:./lwip-2.1.2/src/core/ipv4/dhcp.c ****     /* add a fill/padding byte */
1967:./lwip-2.1.2/src/core/ipv4/dhcp.c ****     options[options_out_len++] = 0;
 1453              		.loc 1 1967 32 is_stmt 0 view .LVU521
 1454 043c C4F13402 		rsb	r2, r4, #52
 1455 0440 6818     		adds	r0, r5, r1
 1456 0442 0021     		movs	r1, #0
 1457              	.LVL99:
 1458              		.loc 1 1967 32 view .LVU522
 1459 0444 92B2     		uxth	r2, r2
 1460 0446 FFF7FEFF 		bl	memset
 1461              	.LVL100:
 1462              		.loc 1 1967 32 view .LVU523
 1463 044a 4421     		movs	r1, #68
 1464              	.L113:
1968:./lwip-2.1.2/src/core/ipv4/dhcp.c ****   }
1969:./lwip-2.1.2/src/core/ipv4/dhcp.c ****   /* shrink the pbuf to the actual content length */
1970:./lwip-2.1.2/src/core/ipv4/dhcp.c ****   pbuf_realloc(p_out, (u16_t)(sizeof(struct dhcp_msg) - DHCP_OPTIONS_LEN + options_out_len));
 1465              		.loc 1 1970 3 is_stmt 1 view .LVU524
 1466 044c F031     		adds	r1, r1, #240
 1467 044e 3846     		mov	r0, r7
 1468 0450 89B2     		uxth	r1, r1
 1469 0452 FFF7FEFF 		bl	pbuf_realloc
 1470              	.LVL101:
 1471              		.loc 1 1970 3 is_stmt 0 view .LVU525
 1472              	.LBE209:
 1473              	.LBE219:
1295:./lwip-2.1.2/src/core/ipv4/dhcp.c ****     pbuf_free(p_out);
 1474              		.loc 1 1295 5 is_stmt 1 view .LVU526
1295:./lwip-2.1.2/src/core/ipv4/dhcp.c ****     pbuf_free(p_out);
 1475              		.loc 1 1295 14 is_stmt 0 view .LVU527
 1476 0456 144A     		ldr	r2, .L124
 1477 0458 CDF80080 		str	r8, [sp]
 1478 045c 4323     		movs	r3, #67
 1479 045e 9068     		ldr	r0, [r2, #8]
 1480 0460 3946     		mov	r1, r7
 1481 0462 124A     		ldr	r2, .L124+4
 1482 0464 FFF7FEFF 		bl	udp_sendto_if
 1483              	.LVL102:
1296:./lwip-2.1.2/src/core/ipv4/dhcp.c ****     LWIP_DEBUGF(DHCP_DEBUG | LWIP_DBG_TRACE | LWIP_DBG_STATE, ("dhcp_reboot: REBOOTING\n"));
 1484              		.loc 1 1296 5 is_stmt 1 view .LVU528
 1485 0468 3846     		mov	r0, r7
 1486 046a FFF7FEFF 		bl	pbuf_free
 1487              	.LVL103:
1297:./lwip-2.1.2/src/core/ipv4/dhcp.c ****   } else {
 1488              		.loc 1 1297 92 view .LVU529
 1489              	.L112:
1297:./lwip-2.1.2/src/core/ipv4/dhcp.c ****   } else {
 1490              		.loc 1 1297 92 is_stmt 0 view .LVU530
 1491              	.LBE142:
1302:./lwip-2.1.2/src/core/ipv4/dhcp.c ****     dhcp->tries++;
 1492              		.loc 1 1302 3 is_stmt 1 view .LVU531
1302:./lwip-2.1.2/src/core/ipv4/dhcp.c ****     dhcp->tries++;
 1493              		.loc 1 1302 11 is_stmt 0 view .LVU532
 1494 046e B379     		ldrb	r3, [r6, #6]	@ zero_extendqisi2
1302:./lwip-2.1.2/src/core/ipv4/dhcp.c ****     dhcp->tries++;
 1495              		.loc 1 1302 6 view .LVU533
 1496 0470 FF2B     		cmp	r3, #255
 1497 0472 14D0     		beq	.L116
1303:./lwip-2.1.2/src/core/ipv4/dhcp.c ****   }
 1498              		.loc 1 1303 5 is_stmt 1 view .LVU534
1303:./lwip-2.1.2/src/core/ipv4/dhcp.c ****   }
 1499              		.loc 1 1303 16 is_stmt 0 view .LVU535
 1500 0474 0133     		adds	r3, r3, #1
 1501 0476 DBB2     		uxtb	r3, r3
1305:./lwip-2.1.2/src/core/ipv4/dhcp.c ****   dhcp->request_timeout = (u16_t)((msecs + DHCP_FINE_TIMER_MSECS - 1) / DHCP_FINE_TIMER_MSECS);
 1502              		.loc 1 1305 11 view .LVU536
 1503 0478 092B     		cmp	r3, #9
1303:./lwip-2.1.2/src/core/ipv4/dhcp.c ****   }
 1504              		.loc 1 1303 16 view .LVU537
 1505 047a B371     		strb	r3, [r6, #6]
1305:./lwip-2.1.2/src/core/ipv4/dhcp.c ****   dhcp->request_timeout = (u16_t)((msecs + DHCP_FINE_TIMER_MSECS - 1) / DHCP_FINE_TIMER_MSECS);
 1506              		.loc 1 1305 3 is_stmt 1 view .LVU538
1305:./lwip-2.1.2/src/core/ipv4/dhcp.c ****   dhcp->request_timeout = (u16_t)((msecs + DHCP_FINE_TIMER_MSECS - 1) / DHCP_FINE_TIMER_MSECS);
 1507              		.loc 1 1305 11 is_stmt 0 view .LVU539
 1508 047c 0FD8     		bhi	.L116
1305:./lwip-2.1.2/src/core/ipv4/dhcp.c ****   dhcp->request_timeout = (u16_t)((msecs + DHCP_FINE_TIMER_MSECS - 1) / DHCP_FINE_TIMER_MSECS);
 1509              		.loc 1 1305 11 discriminator 1 view .LVU540
 1510 047e C3EB4311 		rsb	r1, r3, r3, lsl #5
1306:./lwip-2.1.2/src/core/ipv4/dhcp.c ****   LWIP_DEBUGF(DHCP_DEBUG | LWIP_DBG_TRACE | LWIP_DBG_STATE, ("dhcp_reboot(): set request timeout %"
 1511              		.loc 1 1306 71 view .LVU541
 1512 0482 0B4A     		ldr	r2, .L124+8
1305:./lwip-2.1.2/src/core/ipv4/dhcp.c ****   dhcp->request_timeout = (u16_t)((msecs + DHCP_FINE_TIMER_MSECS - 1) / DHCP_FINE_TIMER_MSECS);
 1513              		.loc 1 1305 11 discriminator 1 view .LVU542
 1514 0484 03EB8103 		add	r3, r3, r1, lsl #2
 1515 0488 DB00     		lsls	r3, r3, #3
1306:./lwip-2.1.2/src/core/ipv4/dhcp.c ****   LWIP_DEBUGF(DHCP_DEBUG | LWIP_DBG_TRACE | LWIP_DBG_STATE, ("dhcp_reboot(): set request timeout %"
 1516              		.loc 1 1306 66 view .LVU543
 1517 048a 03F2F313 		addw	r3, r3, #499
 1518 048e 9BB2     		uxth	r3, r3
1306:./lwip-2.1.2/src/core/ipv4/dhcp.c ****   LWIP_DEBUGF(DHCP_DEBUG | LWIP_DBG_TRACE | LWIP_DBG_STATE, ("dhcp_reboot(): set request timeout %"
 1519              		.loc 1 1306 71 view .LVU544
 1520 0490 A2FB0323 		umull	r2, r3, r2, r3
1306:./lwip-2.1.2/src/core/ipv4/dhcp.c ****   LWIP_DEBUGF(DHCP_DEBUG | LWIP_DBG_TRACE | LWIP_DBG_STATE, ("dhcp_reboot(): set request timeout %"
 1521              		.loc 1 1306 27 view .LVU545
 1522 0494 5B09     		lsrs	r3, r3, #5
1306:./lwip-2.1.2/src/core/ipv4/dhcp.c ****   LWIP_DEBUGF(DHCP_DEBUG | LWIP_DBG_TRACE | LWIP_DBG_STATE, ("dhcp_reboot(): set request timeout %"
 1523              		.loc 1 1306 3 is_stmt 1 view .LVU546
1306:./lwip-2.1.2/src/core/ipv4/dhcp.c ****   LWIP_DEBUGF(DHCP_DEBUG | LWIP_DBG_TRACE | LWIP_DBG_STATE, ("dhcp_reboot(): set request timeout %"
 1524              		.loc 1 1306 25 is_stmt 0 view .LVU547
 1525 0496 3381     		strh	r3, [r6, #8]	@ movhi
1307:./lwip-2.1.2/src/core/ipv4/dhcp.c ****   return result;
 1526              		.loc 1 1307 124 is_stmt 1 view .LVU548
1308:./lwip-2.1.2/src/core/ipv4/dhcp.c **** }
 1527              		.loc 1 1308 3 view .LVU549
1309:./lwip-2.1.2/src/core/ipv4/dhcp.c **** 
 1528              		.loc 1 1309 1 is_stmt 0 view .LVU550
 1529 0498 0BB0     		add	sp, sp, #44
 1530              	.LCFI12:
 1531              		.cfi_remember_state
 1532              		.cfi_def_cfa_offset 36
 1533              		@ sp needed
 1534 049a BDE8F08F 		pop	{r4, r5, r6, r7, r8, r9, r10, fp, pc}
 1535              	.LVL104:
 1536              	.L116:
 1537              	.LCFI13:
 1538              		.cfi_restore_state
 1539              	.LBB221:
 1540              	.LBB220:
 1541              	.LBB210:
1967:./lwip-2.1.2/src/core/ipv4/dhcp.c ****   }
 1542              		.loc 1 1967 32 view .LVU551
 1543 049e 1423     		movs	r3, #20
 1544              	.LBE210:
 1545              	.LBE220:
 1546              	.LBE221:
1306:./lwip-2.1.2/src/core/ipv4/dhcp.c ****   LWIP_DEBUGF(DHCP_DEBUG | LWIP_DBG_TRACE | LWIP_DBG_STATE, ("dhcp_reboot(): set request timeout %"
 1547              		.loc 1 1306 3 is_stmt 1 view .LVU552
1306:./lwip-2.1.2/src/core/ipv4/dhcp.c ****   LWIP_DEBUGF(DHCP_DEBUG | LWIP_DBG_TRACE | LWIP_DBG_STATE, ("dhcp_reboot(): set request timeout %"
 1548              		.loc 1 1306 25 is_stmt 0 view .LVU553
 1549 04a0 3381     		strh	r3, [r6, #8]	@ movhi
1307:./lwip-2.1.2/src/core/ipv4/dhcp.c ****   return result;
 1550              		.loc 1 1307 124 is_stmt 1 view .LVU554
1308:./lwip-2.1.2/src/core/ipv4/dhcp.c **** }
 1551              		.loc 1 1308 3 view .LVU555
1309:./lwip-2.1.2/src/core/ipv4/dhcp.c **** 
 1552              		.loc 1 1309 1 is_stmt 0 view .LVU556
 1553 04a2 0BB0     		add	sp, sp, #44
 1554              	.LCFI14:
 1555              		.cfi_def_cfa_offset 36
 1556              		@ sp needed
 1557 04a4 BDE8F08F 		pop	{r4, r5, r6, r7, r8, r9, r10, fp, pc}
 1558              	.LVL105:
 1559              	.L125:
1309:./lwip-2.1.2/src/core/ipv4/dhcp.c **** 
 1560              		.loc 1 1309 1 view .LVU557
 1561              		.align	2
 1562              	.L124:
 1563 04a8 00000000 		.word	.LANCHOR0
 1564 04ac 00000000 		.word	ip_addr_broadcast
 1565 04b0 D34D6210 		.word	274877907
 1566              		.cfi_endproc
 1567              	.LFE65:
 1569              		.align	1
 1570              		.p2align 2,,3
 1571              		.syntax unified
 1572              		.thumb
 1573              		.thumb_func
 1575              	dhcp_discover:
 1576              	.LVL106:
 1577              	.LFB45:
 982:./lwip-2.1.2/src/core/ipv4/dhcp.c ****   struct dhcp *dhcp = netif_dhcp_data(netif);
 1578              		.loc 1 982 1 is_stmt 1 view -0
 1579              		.cfi_startproc
 1580              		@ args = 0, pretend = 0, frame = 24
 1581              		@ frame_needed = 0, uses_anonymous_args = 0
 983:./lwip-2.1.2/src/core/ipv4/dhcp.c ****   err_t result = ERR_OK;
 1582              		.loc 1 983 3 view .LVU559
 982:./lwip-2.1.2/src/core/ipv4/dhcp.c ****   struct dhcp *dhcp = netif_dhcp_data(netif);
 1583              		.loc 1 982 1 is_stmt 0 view .LVU560
 1584 04b4 2DE9F04F 		push	{r4, r5, r6, r7, r8, r9, r10, fp, lr}
 1585              	.LCFI15:
 1586              		.cfi_def_cfa_offset 36
 1587              		.cfi_offset 4, -36
 1588              		.cfi_offset 5, -32
 1589              		.cfi_offset 6, -28
 1590              		.cfi_offset 7, -24
 1591              		.cfi_offset 8, -20
 1592              		.cfi_offset 9, -16
 1593              		.cfi_offset 10, -12
 1594              		.cfi_offset 11, -8
 1595              		.cfi_offset 14, -4
 983:./lwip-2.1.2/src/core/ipv4/dhcp.c ****   err_t result = ERR_OK;
 1596              		.loc 1 983 16 view .LVU561
 1597 04b8 046A     		ldr	r4, [r0, #32]
 1598              	.LVL107:
 984:./lwip-2.1.2/src/core/ipv4/dhcp.c ****   u16_t msecs;
 1599              		.loc 1 984 3 is_stmt 1 view .LVU562
 985:./lwip-2.1.2/src/core/ipv4/dhcp.c ****   u8_t i;
 1600              		.loc 1 985 3 view .LVU563
 986:./lwip-2.1.2/src/core/ipv4/dhcp.c ****   struct pbuf *p_out;
 1601              		.loc 1 986 3 view .LVU564
 987:./lwip-2.1.2/src/core/ipv4/dhcp.c ****   u16_t options_out_len;
 1602              		.loc 1 987 3 view .LVU565
 988:./lwip-2.1.2/src/core/ipv4/dhcp.c **** 
 1603              		.loc 1 988 3 view .LVU566
 990:./lwip-2.1.2/src/core/ipv4/dhcp.c **** 
 1604              		.loc 1 990 66 view .LVU567
 992:./lwip-2.1.2/src/core/ipv4/dhcp.c ****   dhcp_set_state(dhcp, DHCP_STATE_SELECTING);
 1605              		.loc 1 992 3 view .LVU568
 1606 04ba 0023     		movs	r3, #0
 982:./lwip-2.1.2/src/core/ipv4/dhcp.c ****   struct dhcp *dhcp = netif_dhcp_data(netif);
 1607              		.loc 1 982 1 is_stmt 0 view .LVU569
 1608 04bc 89B0     		sub	sp, sp, #36
 1609              	.LCFI16:
 1610              		.cfi_def_cfa_offset 72
 982:./lwip-2.1.2/src/core/ipv4/dhcp.c ****   struct dhcp *dhcp = netif_dhcp_data(netif);
 1611              		.loc 1 982 1 view .LVU570
 1612 04be 0646     		mov	r6, r0
 1613              	.LBB235:
 1614              	.LBB236:
1419:./lwip-2.1.2/src/core/ipv4/dhcp.c ****     dhcp->state = new_state;
 1615              		.loc 1 1419 6 view .LVU571
 1616 04c0 6279     		ldrb	r2, [r4, #5]	@ zero_extendqisi2
 1617              	.LBE236:
 1618              	.LBE235:
 992:./lwip-2.1.2/src/core/ipv4/dhcp.c ****   dhcp_set_state(dhcp, DHCP_STATE_SELECTING);
 1619              		.loc 1 992 3 view .LVU572
 1620 04c2 E361     		str	r3, [r4, #28]
 993:./lwip-2.1.2/src/core/ipv4/dhcp.c ****   /* create and initialize the DHCP message header */
 1621              		.loc 1 993 3 is_stmt 1 view .LVU573
 1622              	.LVL108:
 1623              	.LBB238:
 1624              	.LBI235:
1417:./lwip-2.1.2/src/core/ipv4/dhcp.c **** {
 1625              		.loc 1 1417 1 view .LVU574
 1626              	.LBB237:
1419:./lwip-2.1.2/src/core/ipv4/dhcp.c ****     dhcp->state = new_state;
 1627              		.loc 1 1419 3 view .LVU575
1419:./lwip-2.1.2/src/core/ipv4/dhcp.c ****     dhcp->state = new_state;
 1628              		.loc 1 1419 6 is_stmt 0 view .LVU576
 1629 04c4 062A     		cmp	r2, #6
 1630 04c6 03D0     		beq	.L127
1420:./lwip-2.1.2/src/core/ipv4/dhcp.c ****     dhcp->tries = 0;
 1631              		.loc 1 1420 5 is_stmt 1 view .LVU577
1421:./lwip-2.1.2/src/core/ipv4/dhcp.c ****     dhcp->request_timeout = 0;
 1632              		.loc 1 1421 5 view .LVU578
1420:./lwip-2.1.2/src/core/ipv4/dhcp.c ****     dhcp->tries = 0;
 1633              		.loc 1 1420 17 is_stmt 0 view .LVU579
 1634 04c8 0622     		movs	r2, #6
1422:./lwip-2.1.2/src/core/ipv4/dhcp.c ****   }
 1635              		.loc 1 1422 27 view .LVU580
 1636 04ca 2381     		strh	r3, [r4, #8]	@ movhi
1420:./lwip-2.1.2/src/core/ipv4/dhcp.c ****     dhcp->tries = 0;
 1637              		.loc 1 1420 17 view .LVU581
 1638 04cc A4F80520 		strh	r2, [r4, #5]	@ unaligned
1422:./lwip-2.1.2/src/core/ipv4/dhcp.c ****   }
 1639              		.loc 1 1422 5 is_stmt 1 view .LVU582
 1640              	.L127:
 1641              	.LVL109:
1422:./lwip-2.1.2/src/core/ipv4/dhcp.c ****   }
 1642              		.loc 1 1422 5 is_stmt 0 view .LVU583
 1643              	.LBE237:
 1644              	.LBE238:
 995:./lwip-2.1.2/src/core/ipv4/dhcp.c ****   if (p_out != NULL) {
 1645              		.loc 1 995 3 is_stmt 1 view .LVU584
 995:./lwip-2.1.2/src/core/ipv4/dhcp.c ****   if (p_out != NULL) {
 1646              		.loc 1 995 11 is_stmt 0 view .LVU585
 1647 04d0 0DF11E03 		add	r3, sp, #30
 1648 04d4 0122     		movs	r2, #1
 1649 04d6 2146     		mov	r1, r4
 1650 04d8 3046     		mov	r0, r6
 1651              	.LVL110:
 995:./lwip-2.1.2/src/core/ipv4/dhcp.c ****   if (p_out != NULL) {
 1652              		.loc 1 995 11 view .LVU586
 1653 04da FFF791FD 		bl	dhcp_create_msg
 1654              	.LVL111:
 996:./lwip-2.1.2/src/core/ipv4/dhcp.c ****     struct dhcp_msg *msg_out = (struct dhcp_msg *)p_out->payload;
 1655              		.loc 1 996 3 is_stmt 1 view .LVU587
 996:./lwip-2.1.2/src/core/ipv4/dhcp.c ****     struct dhcp_msg *msg_out = (struct dhcp_msg *)p_out->payload;
 1656              		.loc 1 996 6 is_stmt 0 view .LVU588
 1657 04de 0546     		mov	r5, r0
 1658 04e0 0028     		cmp	r0, #0
 1659 04e2 61D0     		beq	.L128
 1660              	.LBB239:
 997:./lwip-2.1.2/src/core/ipv4/dhcp.c ****     LWIP_DEBUGF(DHCP_DEBUG | LWIP_DBG_TRACE, ("dhcp_discover: making request\n"));
 1661              		.loc 1 997 5 is_stmt 1 view .LVU589
 1662              	.LVL112:
 998:./lwip-2.1.2/src/core/ipv4/dhcp.c **** 
 1663              		.loc 1 998 82 view .LVU590
1000:./lwip-2.1.2/src/core/ipv4/dhcp.c ****     options_out_len = dhcp_option_short(options_out_len, msg_out->options, DHCP_MAX_MSG_LEN(netif))
 1664              		.loc 1 1000 5 view .LVU591
1000:./lwip-2.1.2/src/core/ipv4/dhcp.c ****     options_out_len = dhcp_option_short(options_out_len, msg_out->options, DHCP_MAX_MSG_LEN(netif))
 1665              		.loc 1 1000 59 is_stmt 0 view .LVU592
 1666 04e4 4368     		ldr	r3, [r0, #4]
 1667              	.LBB240:
 1668              	.LBB241:
1435:./lwip-2.1.2/src/core/ipv4/dhcp.c ****   options[options_out_len++] = option_len;
 1669              		.loc 1 1435 30 view .LVU593
 1670 04e6 3920     		movs	r0, #57
 1671              	.LVL113:
1435:./lwip-2.1.2/src/core/ipv4/dhcp.c ****   options[options_out_len++] = option_len;
 1672              		.loc 1 1435 30 view .LVU594
 1673              	.LBE241:
 1674              	.LBE240:
1000:./lwip-2.1.2/src/core/ipv4/dhcp.c ****     options_out_len = dhcp_option_short(options_out_len, msg_out->options, DHCP_MAX_MSG_LEN(netif))
 1675              		.loc 1 1000 23 view .LVU595
 1676 04e8 BDF81E20 		ldrh	r2, [sp, #30]
 1677              	.LBB246:
 1678              	.LBB247:
1436:./lwip-2.1.2/src/core/ipv4/dhcp.c ****   return options_out_len;
 1679              		.loc 1 1436 30 view .LVU596
 1680 04ec 4FF00309 		mov	r9, #3
 1681              	.LBE247:
 1682              	.LBE246:
1000:./lwip-2.1.2/src/core/ipv4/dhcp.c ****     options_out_len = dhcp_option_short(options_out_len, msg_out->options, DHCP_MAX_MSG_LEN(netif))
 1683              		.loc 1 1000 59 view .LVU597
 1684 04f0 F033     		adds	r3, r3, #240
 1685              	.LVL114:
 1686              	.LBB254:
 1687              	.LBI240:
1432:./lwip-2.1.2/src/core/ipv4/dhcp.c **** {
 1688              		.loc 1 1432 1 is_stmt 1 view .LVU598
 1689              	.LBB242:
1434:./lwip-2.1.2/src/core/ipv4/dhcp.c ****   options[options_out_len++] = option_type;
 1690              		.loc 1 1434 138 view .LVU599
1435:./lwip-2.1.2/src/core/ipv4/dhcp.c ****   options[options_out_len++] = option_len;
 1691              		.loc 1 1435 3 view .LVU600
1435:./lwip-2.1.2/src/core/ipv4/dhcp.c ****   options[options_out_len++] = option_len;
 1692              		.loc 1 1435 26 is_stmt 0 view .LVU601
 1693 04f2 511C     		adds	r1, r2, #1
 1694              	.LBE242:
 1695              	.LBE254:
 1696              	.LBB255:
 1697              	.LBB256:
1455:./lwip-2.1.2/src/core/ipv4/dhcp.c ****   options[options_out_len++] = (u8_t) (value & 0x00ffU);
 1698              		.loc 1 1455 26 view .LVU602
 1699 04f4 D71C     		adds	r7, r2, #3
 1700              	.LBE256:
 1701              	.LBE255:
 1702              	.LBB263:
 1703              	.LBB243:
1435:./lwip-2.1.2/src/core/ipv4/dhcp.c ****   options[options_out_len++] = option_len;
 1704              		.loc 1 1435 30 view .LVU603
 1705 04f6 9854     		strb	r0, [r3, r2]
 1706              	.LVL115:
1436:./lwip-2.1.2/src/core/ipv4/dhcp.c ****   return options_out_len;
 1707              		.loc 1 1436 3 is_stmt 1 view .LVU604
1436:./lwip-2.1.2/src/core/ipv4/dhcp.c ****   return options_out_len;
 1708              		.loc 1 1436 30 is_stmt 0 view .LVU605
 1709 04f8 0220     		movs	r0, #2
1436:./lwip-2.1.2/src/core/ipv4/dhcp.c ****   return options_out_len;
 1710              		.loc 1 1436 26 view .LVU606
 1711 04fa 89B2     		uxth	r1, r1
 1712              	.LBE243:
 1713              	.LBE263:
 1714              	.LBB264:
 1715              	.LBB257:
1456:./lwip-2.1.2/src/core/ipv4/dhcp.c ****   return options_out_len;
 1716              		.loc 1 1456 26 view .LVU607
 1717 04fc 02F1040E 		add	lr, r2, #4
 1718              	.LBE257:
 1719              	.LBE264:
 1720              	.LBB265:
 1721              	.LBB244:
1436:./lwip-2.1.2/src/core/ipv4/dhcp.c ****   return options_out_len;
 1722              		.loc 1 1436 26 view .LVU608
 1723 0500 02EB0008 		add	r8, r2, r0
 1724              	.LBE244:
 1725              	.LBE265:
 1726              	.LBB266:
 1727              	.LBB258:
1456:./lwip-2.1.2/src/core/ipv4/dhcp.c ****   return options_out_len;
 1728              		.loc 1 1456 26 view .LVU609
 1729 0504 BFB2     		uxth	r7, r7
 1730              	.LBE258:
 1731              	.LBE266:
 1732              	.LBB267:
 1733              	.LBB245:
1436:./lwip-2.1.2/src/core/ipv4/dhcp.c ****   return options_out_len;
 1734              		.loc 1 1436 30 view .LVU610
 1735 0506 5854     		strb	r0, [r3, r1]
1437:./lwip-2.1.2/src/core/ipv4/dhcp.c **** }
 1736              		.loc 1 1437 3 is_stmt 1 view .LVU611
 1737              	.LVL116:
1437:./lwip-2.1.2/src/core/ipv4/dhcp.c **** }
 1738              		.loc 1 1437 3 is_stmt 0 view .LVU612
 1739              	.LBE245:
 1740              	.LBE267:
1001:./lwip-2.1.2/src/core/ipv4/dhcp.c **** 
 1741              		.loc 1 1001 5 is_stmt 1 view .LVU613
 1742              	.LBB268:
 1743              	.LBB248:
1436:./lwip-2.1.2/src/core/ipv4/dhcp.c ****   return options_out_len;
 1744              		.loc 1 1436 26 is_stmt 0 view .LVU614
 1745 0508 911D     		adds	r1, r2, #6
 1746              	.LBE248:
 1747              	.LBE268:
1001:./lwip-2.1.2/src/core/ipv4/dhcp.c **** 
 1748              		.loc 1 1001 23 view .LVU615
 1749 050a B6F824A0 		ldrh	r10, [r6, #36]
 1750              	.LVL117:
 1751              	.LBB269:
 1752              	.LBI255:
1452:./lwip-2.1.2/src/core/ipv4/dhcp.c **** {
 1753              		.loc 1 1452 1 is_stmt 1 view .LVU616
 1754              	.LBB259:
1454:./lwip-2.1.2/src/core/ipv4/dhcp.c ****   options[options_out_len++] = (u8_t)((value & 0xff00U) >> 8);
 1755              		.loc 1 1454 118 view .LVU617
1455:./lwip-2.1.2/src/core/ipv4/dhcp.c ****   options[options_out_len++] = (u8_t) (value & 0x00ffU);
 1756              		.loc 1 1455 3 view .LVU618
1455:./lwip-2.1.2/src/core/ipv4/dhcp.c ****   options[options_out_len++] = (u8_t) (value & 0x00ffU);
 1757              		.loc 1 1455 26 is_stmt 0 view .LVU619
 1758 050e 1FFA88F8 		uxth	r8, r8
 1759              	.LBE259:
 1760              	.LBE269:
 1761              	.LBB270:
 1762              	.LBB271:
1447:./lwip-2.1.2/src/core/ipv4/dhcp.c ****   return options_out_len;
 1763              		.loc 1 1447 26 view .LVU620
 1764 0512 89B2     		uxth	r1, r1
 1765              	.LBE271:
 1766              	.LBE270:
 1767              	.LBB283:
 1768              	.LBB249:
1435:./lwip-2.1.2/src/core/ipv4/dhcp.c ****   options[options_out_len++] = option_len;
 1769              		.loc 1 1435 26 view .LVU621
 1770 0514 02F1050C 		add	ip, r2, #5
 1771              	.LBE249:
 1772              	.LBE283:
 1773              	.LBB284:
 1774              	.LBB260:
1455:./lwip-2.1.2/src/core/ipv4/dhcp.c ****   options[options_out_len++] = (u8_t) (value & 0x00ffU);
 1775              		.loc 1 1455 57 view .LVU622
 1776 0518 4FEA1A2B 		lsr	fp, r10, #8
 1777              	.LBE260:
 1778              	.LBE284:
 1779              	.LBB285:
 1780              	.LBB272:
1447:./lwip-2.1.2/src/core/ipv4/dhcp.c ****   return options_out_len;
 1781              		.loc 1 1447 26 view .LVU623
 1782 051c 0291     		str	r1, [sp, #8]
 1783 051e D11D     		adds	r1, r2, #7
 1784              	.LBE272:
 1785              	.LBE285:
 1786              	.LBB286:
 1787              	.LBB261:
1455:./lwip-2.1.2/src/core/ipv4/dhcp.c ****   options[options_out_len++] = (u8_t) (value & 0x00ffU);
 1788              		.loc 1 1455 32 view .LVU624
 1789 0520 03F808B0 		strb	fp, [r3, r8]
1456:./lwip-2.1.2/src/core/ipv4/dhcp.c ****   return options_out_len;
 1790              		.loc 1 1456 3 is_stmt 1 view .LVU625
 1791              	.LVL118:
1456:./lwip-2.1.2/src/core/ipv4/dhcp.c ****   return options_out_len;
 1792              		.loc 1 1456 3 is_stmt 0 view .LVU626
 1793              	.LBE261:
 1794              	.LBE286:
 1795              	.LBB287:
 1796              	.LBB250:
1435:./lwip-2.1.2/src/core/ipv4/dhcp.c ****   options[options_out_len++] = option_len;
 1797              		.loc 1 1435 26 view .LVU627
 1798 0524 1FFA8EFE 		uxth	lr, lr
 1799              	.LBE250:
 1800              	.LBE287:
 1801              	.LBB288:
 1802              	.LBB273:
1447:./lwip-2.1.2/src/core/ipv4/dhcp.c ****   return options_out_len;
 1803              		.loc 1 1447 26 view .LVU628
 1804 0528 88B2     		uxth	r0, r1
 1805 052a 02F10801 		add	r1, r2, #8
 1806              	.LBE273:
 1807              	.LBE288:
 1808              	.LBB289:
 1809              	.LBB262:
1456:./lwip-2.1.2/src/core/ipv4/dhcp.c ****   return options_out_len;
 1810              		.loc 1 1456 32 view .LVU629
 1811 052e 03F807A0 		strb	r10, [r3, r7]
1457:./lwip-2.1.2/src/core/ipv4/dhcp.c **** }
 1812              		.loc 1 1457 3 is_stmt 1 view .LVU630
 1813              	.LVL119:
1457:./lwip-2.1.2/src/core/ipv4/dhcp.c **** }
 1814              		.loc 1 1457 3 is_stmt 0 view .LVU631
 1815              	.LBE262:
 1816              	.LBE289:
1003:./lwip-2.1.2/src/core/ipv4/dhcp.c ****     for (i = 0; i < LWIP_ARRAYSIZE(dhcp_discover_request_options); i++) {
 1817              		.loc 1 1003 5 is_stmt 1 view .LVU632
 1818              	.LBB290:
 1819              	.LBI246:
1432:./lwip-2.1.2/src/core/ipv4/dhcp.c **** {
 1820              		.loc 1 1432 1 view .LVU633
 1821              	.LBB251:
1434:./lwip-2.1.2/src/core/ipv4/dhcp.c ****   options[options_out_len++] = option_type;
 1822              		.loc 1 1434 138 view .LVU634
1435:./lwip-2.1.2/src/core/ipv4/dhcp.c ****   options[options_out_len++] = option_len;
 1823              		.loc 1 1435 3 view .LVU635
1435:./lwip-2.1.2/src/core/ipv4/dhcp.c ****   options[options_out_len++] = option_len;
 1824              		.loc 1 1435 30 is_stmt 0 view .LVU636
 1825 0532 3727     		movs	r7, #55
 1826              	.LBE251:
 1827              	.LBE290:
 1828              	.LBB291:
 1829              	.LBB274:
1447:./lwip-2.1.2/src/core/ipv4/dhcp.c ****   return options_out_len;
 1830              		.loc 1 1447 26 view .LVU637
 1831 0534 0390     		str	r0, [sp, #12]
 1832 0536 88B2     		uxth	r0, r1
 1833 0538 02F10901 		add	r1, r2, #9
 1834              	.LBE274:
 1835              	.LBE291:
 1836              	.LBB292:
 1837              	.LBB252:
1435:./lwip-2.1.2/src/core/ipv4/dhcp.c ****   options[options_out_len++] = option_len;
 1838              		.loc 1 1435 30 view .LVU638
 1839 053c 03F80E70 		strb	r7, [r3, lr]
1436:./lwip-2.1.2/src/core/ipv4/dhcp.c ****   return options_out_len;
 1840              		.loc 1 1436 3 is_stmt 1 view .LVU639
 1841              	.LVL120:
1436:./lwip-2.1.2/src/core/ipv4/dhcp.c ****   return options_out_len;
 1842              		.loc 1 1436 26 is_stmt 0 view .LVU640
 1843 0540 1FFA8CFC 		uxth	ip, ip
 1844              	.LBE252:
 1845              	.LBE292:
 1846              	.LBB293:
 1847              	.LBB275:
1447:./lwip-2.1.2/src/core/ipv4/dhcp.c ****   return options_out_len;
 1848              		.loc 1 1447 30 view .LVU641
 1849 0544 0127     		movs	r7, #1
 1850              	.LBE275:
 1851              	.LBE293:
 1852              	.LBB294:
 1853              	.LBB295:
1962:./lwip-2.1.2/src/core/ipv4/dhcp.c ****   /* packet is too small, or not 4 byte aligned? */
 1854              		.loc 1 1962 26 view .LVU642
 1855 0546 89B2     		uxth	r1, r1
 1856              	.LBE295:
 1857              	.LBE294:
 1858              	.LBB301:
 1859              	.LBB276:
1447:./lwip-2.1.2/src/core/ipv4/dhcp.c ****   return options_out_len;
 1860              		.loc 1 1447 26 view .LVU643
 1861 0548 0490     		str	r0, [sp, #16]
 1862              	.LBE276:
 1863              	.LBE301:
 1864              	.LBB302:
 1865              	.LBB253:
1436:./lwip-2.1.2/src/core/ipv4/dhcp.c ****   return options_out_len;
 1866              		.loc 1 1436 30 view .LVU644
 1867 054a 03F80C90 		strb	r9, [r3, ip]
1437:./lwip-2.1.2/src/core/ipv4/dhcp.c **** }
 1868              		.loc 1 1437 3 is_stmt 1 view .LVU645
 1869              	.LVL121:
1437:./lwip-2.1.2/src/core/ipv4/dhcp.c **** }
 1870              		.loc 1 1437 3 is_stmt 0 view .LVU646
 1871              	.LBE253:
 1872              	.LBE302:
1004:./lwip-2.1.2/src/core/ipv4/dhcp.c ****       options_out_len = dhcp_option_byte(options_out_len, msg_out->options, dhcp_discover_request_o
 1873              		.loc 1 1004 5 is_stmt 1 view .LVU647
1004:./lwip-2.1.2/src/core/ipv4/dhcp.c ****       options_out_len = dhcp_option_byte(options_out_len, msg_out->options, dhcp_discover_request_o
 1874              		.loc 1 1004 19 discriminator 1 view .LVU648
1005:./lwip-2.1.2/src/core/ipv4/dhcp.c ****     }
 1875              		.loc 1 1005 7 view .LVU649
 1876              	.LBB303:
 1877              	.LBI270:
1444:./lwip-2.1.2/src/core/ipv4/dhcp.c **** {
 1878              		.loc 1 1444 1 view .LVU650
 1879              	.LBB277:
1446:./lwip-2.1.2/src/core/ipv4/dhcp.c ****   options[options_out_len++] = value;
 1880              		.loc 1 1446 106 view .LVU651
1447:./lwip-2.1.2/src/core/ipv4/dhcp.c ****   return options_out_len;
 1881              		.loc 1 1447 3 view .LVU652
1447:./lwip-2.1.2/src/core/ipv4/dhcp.c ****   return options_out_len;
 1882              		.loc 1 1447 3 is_stmt 0 view .LVU653
 1883              	.LBE277:
 1884              	.LBE303:
 1885              	.LBB304:
 1886              	.LBB296:
1962:./lwip-2.1.2/src/core/ipv4/dhcp.c ****   /* packet is too small, or not 4 byte aligned? */
 1887              		.loc 1 1962 26 view .LVU654
 1888 054e 02F10A00 		add	r0, r2, #10
 1889 0552 0591     		str	r1, [sp, #20]
 1890              	.LBE296:
 1891              	.LBE304:
 1892              	.LBB305:
 1893              	.LBB278:
1447:./lwip-2.1.2/src/core/ipv4/dhcp.c ****   return options_out_len;
 1894              		.loc 1 1447 30 view .LVU655
 1895 0554 0299     		ldr	r1, [sp, #8]
 1896              	.LBE278:
 1897              	.LBE305:
 1898              	.LBB306:
 1899              	.LBB297:
1962:./lwip-2.1.2/src/core/ipv4/dhcp.c ****   /* packet is too small, or not 4 byte aligned? */
 1900              		.loc 1 1962 26 view .LVU656
 1901 0556 80B2     		uxth	r0, r0
 1902              	.LBE297:
 1903              	.LBE306:
 1904              	.LBB307:
 1905              	.LBB279:
1447:./lwip-2.1.2/src/core/ipv4/dhcp.c ****   return options_out_len;
 1906              		.loc 1 1447 30 view .LVU657
 1907 0558 5F54     		strb	r7, [r3, r1]
1448:./lwip-2.1.2/src/core/ipv4/dhcp.c **** }
 1908              		.loc 1 1448 3 is_stmt 1 view .LVU658
 1909              	.LVL122:
1448:./lwip-2.1.2/src/core/ipv4/dhcp.c **** }
 1910              		.loc 1 1448 3 is_stmt 0 view .LVU659
 1911              	.LBE279:
 1912              	.LBE307:
1004:./lwip-2.1.2/src/core/ipv4/dhcp.c ****       options_out_len = dhcp_option_byte(options_out_len, msg_out->options, dhcp_discover_request_o
 1913              		.loc 1 1004 69 is_stmt 1 discriminator 3 view .LVU660
1004:./lwip-2.1.2/src/core/ipv4/dhcp.c ****       options_out_len = dhcp_option_byte(options_out_len, msg_out->options, dhcp_discover_request_o
 1914              		.loc 1 1004 19 discriminator 1 view .LVU661
1005:./lwip-2.1.2/src/core/ipv4/dhcp.c ****     }
 1915              		.loc 1 1005 7 view .LVU662
 1916              	.LBB308:
1444:./lwip-2.1.2/src/core/ipv4/dhcp.c **** {
 1917              		.loc 1 1444 1 view .LVU663
 1918              	.LBB280:
1446:./lwip-2.1.2/src/core/ipv4/dhcp.c ****   options[options_out_len++] = value;
 1919              		.loc 1 1446 106 view .LVU664
1447:./lwip-2.1.2/src/core/ipv4/dhcp.c ****   return options_out_len;
 1920              		.loc 1 1447 3 view .LVU665
1447:./lwip-2.1.2/src/core/ipv4/dhcp.c ****   return options_out_len;
 1921              		.loc 1 1447 30 is_stmt 0 view .LVU666
 1922 055a 1C27     		movs	r7, #28
 1923 055c 0399     		ldr	r1, [sp, #12]
 1924              	.LBE280:
 1925              	.LBE308:
 1926              	.LBB309:
 1927              	.LBB298:
1964:./lwip-2.1.2/src/core/ipv4/dhcp.c ****          (options_out_len < DHCP_OPTIONS_LEN)) {
 1928              		.loc 1 1964 78 view .LVU667
 1929 055e 4328     		cmp	r0, #67
 1930              	.LBE298:
 1931              	.LBE309:
 1932              	.LBB310:
 1933              	.LBB281:
1447:./lwip-2.1.2/src/core/ipv4/dhcp.c ****   return options_out_len;
 1934              		.loc 1 1447 30 view .LVU668
 1935 0560 03F80190 		strb	r9, [r3, r1]
1448:./lwip-2.1.2/src/core/ipv4/dhcp.c **** }
 1936              		.loc 1 1448 3 is_stmt 1 view .LVU669
 1937              	.LVL123:
1448:./lwip-2.1.2/src/core/ipv4/dhcp.c **** }
 1938              		.loc 1 1448 3 is_stmt 0 view .LVU670
 1939              	.LBE281:
 1940              	.LBE310:
1004:./lwip-2.1.2/src/core/ipv4/dhcp.c ****       options_out_len = dhcp_option_byte(options_out_len, msg_out->options, dhcp_discover_request_o
 1941              		.loc 1 1004 69 is_stmt 1 discriminator 3 view .LVU671
1004:./lwip-2.1.2/src/core/ipv4/dhcp.c ****       options_out_len = dhcp_option_byte(options_out_len, msg_out->options, dhcp_discover_request_o
 1942              		.loc 1 1004 19 discriminator 1 view .LVU672
1005:./lwip-2.1.2/src/core/ipv4/dhcp.c ****     }
 1943              		.loc 1 1005 7 view .LVU673
 1944              	.LBB311:
1444:./lwip-2.1.2/src/core/ipv4/dhcp.c **** {
 1945              		.loc 1 1444 1 view .LVU674
 1946              	.LBB282:
1446:./lwip-2.1.2/src/core/ipv4/dhcp.c ****   options[options_out_len++] = value;
 1947              		.loc 1 1446 106 view .LVU675
1447:./lwip-2.1.2/src/core/ipv4/dhcp.c ****   return options_out_len;
 1948              		.loc 1 1447 3 view .LVU676
1447:./lwip-2.1.2/src/core/ipv4/dhcp.c ****   return options_out_len;
 1949              		.loc 1 1447 30 is_stmt 0 view .LVU677
 1950 0564 0499     		ldr	r1, [sp, #16]
 1951 0566 5F54     		strb	r7, [r3, r1]
1448:./lwip-2.1.2/src/core/ipv4/dhcp.c **** }
 1952              		.loc 1 1448 3 is_stmt 1 view .LVU678
 1953              	.LVL124:
1448:./lwip-2.1.2/src/core/ipv4/dhcp.c **** }
 1954              		.loc 1 1448 3 is_stmt 0 view .LVU679
 1955              	.LBE282:
 1956              	.LBE311:
1004:./lwip-2.1.2/src/core/ipv4/dhcp.c ****       options_out_len = dhcp_option_byte(options_out_len, msg_out->options, dhcp_discover_request_o
 1957              		.loc 1 1004 69 is_stmt 1 discriminator 3 view .LVU680
1004:./lwip-2.1.2/src/core/ipv4/dhcp.c ****       options_out_len = dhcp_option_byte(options_out_len, msg_out->options, dhcp_discover_request_o
 1958              		.loc 1 1004 19 discriminator 1 view .LVU681
1007:./lwip-2.1.2/src/core/ipv4/dhcp.c ****     dhcp_option_trailer(options_out_len, msg_out->options, p_out);
 1959              		.loc 1 1007 111 view .LVU682
1008:./lwip-2.1.2/src/core/ipv4/dhcp.c **** 
 1960              		.loc 1 1008 5 view .LVU683
 1961              	.LBB312:
 1962              	.LBI294:
1960:./lwip-2.1.2/src/core/ipv4/dhcp.c **** {
 1963              		.loc 1 1960 1 view .LVU684
 1964              	.LBB299:
1962:./lwip-2.1.2/src/core/ipv4/dhcp.c ****   /* packet is too small, or not 4 byte aligned? */
 1965              		.loc 1 1962 3 view .LVU685
1962:./lwip-2.1.2/src/core/ipv4/dhcp.c ****   /* packet is too small, or not 4 byte aligned? */
 1966              		.loc 1 1962 30 is_stmt 0 view .LVU686
 1967 0568 4FF0FF07 		mov	r7, #255
 1968 056c 0599     		ldr	r1, [sp, #20]
 1969 056e 5F54     		strb	r7, [r3, r1]
1964:./lwip-2.1.2/src/core/ipv4/dhcp.c ****          (options_out_len < DHCP_OPTIONS_LEN)) {
 1970              		.loc 1 1964 3 is_stmt 1 view .LVU687
1964:./lwip-2.1.2/src/core/ipv4/dhcp.c ****          (options_out_len < DHCP_OPTIONS_LEN)) {
 1971              		.loc 1 1964 78 view .LVU688
 1972 0570 07D8     		bhi	.L129
1967:./lwip-2.1.2/src/core/ipv4/dhcp.c ****   }
 1973              		.loc 1 1967 32 is_stmt 0 view .LVU689
 1974 0572 C2F13A02 		rsb	r2, r2, #58
 1975 0576 1844     		add	r0, r0, r3
 1976              	.LVL125:
1967:./lwip-2.1.2/src/core/ipv4/dhcp.c ****   }
 1977              		.loc 1 1967 32 view .LVU690
 1978 0578 0021     		movs	r1, #0
 1979 057a 92B2     		uxth	r2, r2
 1980 057c FFF7FEFF 		bl	memset
 1981              	.LVL126:
1967:./lwip-2.1.2/src/core/ipv4/dhcp.c ****   }
 1982              		.loc 1 1967 32 view .LVU691
 1983 0580 4420     		movs	r0, #68
 1984              	.L129:
 1985              		.loc 1 1970 3 is_stmt 1 view .LVU692
 1986 0582 00F1F001 		add	r1, r0, #240
 1987 0586 2846     		mov	r0, r5
 1988 0588 89B2     		uxth	r1, r1
 1989 058a FFF7FEFF 		bl	pbuf_realloc
 1990              	.LVL127:
 1991              		.loc 1 1970 3 is_stmt 0 view .LVU693
 1992              	.LBE299:
 1993              	.LBE312:
1010:./lwip-2.1.2/src/core/ipv4/dhcp.c ****     udp_sendto_if_src(dhcp_pcb, p_out, IP_ADDR_BROADCAST, LWIP_IANA_PORT_DHCP_SERVER, netif, IP4_AD
 1994              		.loc 1 1010 131 is_stmt 1 view .LVU694
1011:./lwip-2.1.2/src/core/ipv4/dhcp.c ****     LWIP_DEBUGF(DHCP_DEBUG | LWIP_DBG_TRACE, ("dhcp_discover: deleting()ing\n"));
 1995              		.loc 1 1011 5 view .LVU695
 1996 058e 1549     		ldr	r1, .L140
 1997 0590 154A     		ldr	r2, .L140+4
 1998 0592 4323     		movs	r3, #67
 1999 0594 0096     		str	r6, [sp]
 2000 0596 8868     		ldr	r0, [r1, #8]
 2001 0598 2946     		mov	r1, r5
 2002 059a 0192     		str	r2, [sp, #4]
 2003 059c 134A     		ldr	r2, .L140+8
 2004 059e FFF7FEFF 		bl	udp_sendto_if_src
 2005              	.LVL128:
1012:./lwip-2.1.2/src/core/ipv4/dhcp.c ****     pbuf_free(p_out);
 2006              		.loc 1 1012 81 view .LVU696
1013:./lwip-2.1.2/src/core/ipv4/dhcp.c ****     LWIP_DEBUGF(DHCP_DEBUG | LWIP_DBG_TRACE | LWIP_DBG_STATE, ("dhcp_discover: SELECTING\n"));
 2007              		.loc 1 1013 5 view .LVU697
 2008 05a2 2846     		mov	r0, r5
 2009 05a4 FFF7FEFF 		bl	pbuf_free
 2010              	.LVL129:
1014:./lwip-2.1.2/src/core/ipv4/dhcp.c ****   } else {
 2011              		.loc 1 1014 94 view .LVU698
 2012              	.L128:
1014:./lwip-2.1.2/src/core/ipv4/dhcp.c ****   } else {
 2013              		.loc 1 1014 94 is_stmt 0 view .LVU699
 2014              	.LBE239:
1016:./lwip-2.1.2/src/core/ipv4/dhcp.c ****   }
 2015              		.loc 1 1016 124 is_stmt 1 view .LVU700
1018:./lwip-2.1.2/src/core/ipv4/dhcp.c ****     dhcp->tries++;
 2016              		.loc 1 1018 3 view .LVU701
1018:./lwip-2.1.2/src/core/ipv4/dhcp.c ****     dhcp->tries++;
 2017              		.loc 1 1018 11 is_stmt 0 view .LVU702
 2018 05a8 A379     		ldrb	r3, [r4, #6]	@ zero_extendqisi2
1018:./lwip-2.1.2/src/core/ipv4/dhcp.c ****     dhcp->tries++;
 2019              		.loc 1 1018 6 view .LVU703
 2020 05aa FF2B     		cmp	r3, #255
 2021 05ac 13D0     		beq	.L132
1019:./lwip-2.1.2/src/core/ipv4/dhcp.c ****   }
 2022              		.loc 1 1019 5 is_stmt 1 view .LVU704
1019:./lwip-2.1.2/src/core/ipv4/dhcp.c ****   }
 2023              		.loc 1 1019 16 is_stmt 0 view .LVU705
 2024 05ae 0133     		adds	r3, r3, #1
 2025 05b0 DAB2     		uxtb	r2, r3
1027:./lwip-2.1.2/src/core/ipv4/dhcp.c ****   dhcp->request_timeout = (u16_t)((msecs + DHCP_FINE_TIMER_MSECS - 1) / DHCP_FINE_TIMER_MSECS);
 2026              		.loc 1 1027 11 view .LVU706
 2027 05b2 052A     		cmp	r2, #5
1019:./lwip-2.1.2/src/core/ipv4/dhcp.c ****   }
 2028              		.loc 1 1019 16 view .LVU707
 2029 05b4 A271     		strb	r2, [r4, #6]
1027:./lwip-2.1.2/src/core/ipv4/dhcp.c ****   dhcp->request_timeout = (u16_t)((msecs + DHCP_FINE_TIMER_MSECS - 1) / DHCP_FINE_TIMER_MSECS);
 2030              		.loc 1 1027 3 is_stmt 1 view .LVU708
1027:./lwip-2.1.2/src/core/ipv4/dhcp.c ****   dhcp->request_timeout = (u16_t)((msecs + DHCP_FINE_TIMER_MSECS - 1) / DHCP_FINE_TIMER_MSECS);
 2031              		.loc 1 1027 11 is_stmt 0 view .LVU709
 2032 05b6 0ED8     		bhi	.L132
1027:./lwip-2.1.2/src/core/ipv4/dhcp.c ****   dhcp->request_timeout = (u16_t)((msecs + DHCP_FINE_TIMER_MSECS - 1) / DHCP_FINE_TIMER_MSECS);
 2033              		.loc 1 1027 11 discriminator 1 view .LVU710
 2034 05b8 4FF47A73 		mov	r3, #1000
1028:./lwip-2.1.2/src/core/ipv4/dhcp.c ****   LWIP_DEBUGF(DHCP_DEBUG | LWIP_DBG_TRACE | LWIP_DBG_STATE, ("dhcp_discover(): set request timeout 
 2035              		.loc 1 1028 71 view .LVU711
 2036 05bc 0C49     		ldr	r1, .L140+12
1031:./lwip-2.1.2/src/core/ipv4/dhcp.c **** 
 2037              		.loc 1 1031 1 view .LVU712
 2038 05be 0020     		movs	r0, #0
1027:./lwip-2.1.2/src/core/ipv4/dhcp.c ****   dhcp->request_timeout = (u16_t)((msecs + DHCP_FINE_TIMER_MSECS - 1) / DHCP_FINE_TIMER_MSECS);
 2039              		.loc 1 1027 11 discriminator 1 view .LVU713
 2040 05c0 9340     		lsls	r3, r3, r2
1028:./lwip-2.1.2/src/core/ipv4/dhcp.c ****   LWIP_DEBUGF(DHCP_DEBUG | LWIP_DBG_TRACE | LWIP_DBG_STATE, ("dhcp_discover(): set request timeout 
 2041              		.loc 1 1028 66 view .LVU714
 2042 05c2 03F2F313 		addw	r3, r3, #499
 2043 05c6 9BB2     		uxth	r3, r3
1028:./lwip-2.1.2/src/core/ipv4/dhcp.c ****   LWIP_DEBUGF(DHCP_DEBUG | LWIP_DBG_TRACE | LWIP_DBG_STATE, ("dhcp_discover(): set request timeout 
 2044              		.loc 1 1028 71 view .LVU715
 2045 05c8 A1FB0313 		umull	r1, r3, r1, r3
1028:./lwip-2.1.2/src/core/ipv4/dhcp.c ****   LWIP_DEBUGF(DHCP_DEBUG | LWIP_DBG_TRACE | LWIP_DBG_STATE, ("dhcp_discover(): set request timeout 
 2046              		.loc 1 1028 27 view .LVU716
 2047 05cc 5B09     		lsrs	r3, r3, #5
1028:./lwip-2.1.2/src/core/ipv4/dhcp.c ****   LWIP_DEBUGF(DHCP_DEBUG | LWIP_DBG_TRACE | LWIP_DBG_STATE, ("dhcp_discover(): set request timeout 
 2048              		.loc 1 1028 3 is_stmt 1 view .LVU717
1028:./lwip-2.1.2/src/core/ipv4/dhcp.c ****   LWIP_DEBUGF(DHCP_DEBUG | LWIP_DBG_TRACE | LWIP_DBG_STATE, ("dhcp_discover(): set request timeout 
 2049              		.loc 1 1028 25 is_stmt 0 view .LVU718
 2050 05ce 2381     		strh	r3, [r4, #8]	@ movhi
1029:./lwip-2.1.2/src/core/ipv4/dhcp.c ****   return result;
 2051              		.loc 1 1029 126 is_stmt 1 view .LVU719
1030:./lwip-2.1.2/src/core/ipv4/dhcp.c **** }
 2052              		.loc 1 1030 3 view .LVU720
1031:./lwip-2.1.2/src/core/ipv4/dhcp.c **** 
 2053              		.loc 1 1031 1 is_stmt 0 view .LVU721
 2054 05d0 09B0     		add	sp, sp, #36
 2055              	.LCFI17:
 2056              		.cfi_remember_state
 2057              		.cfi_def_cfa_offset 36
 2058              		@ sp needed
 2059 05d2 BDE8F08F 		pop	{r4, r5, r6, r7, r8, r9, r10, fp, pc}
 2060              	.LVL130:
 2061              	.L132:
 2062              	.LCFI18:
 2063              		.cfi_restore_state
 2064              	.LBB314:
 2065              	.LBB313:
 2066              	.LBB300:
1967:./lwip-2.1.2/src/core/ipv4/dhcp.c ****   }
 2067              		.loc 1 1967 32 view .LVU722
 2068 05d6 7823     		movs	r3, #120
 2069              	.LBE300:
 2070              	.LBE313:
 2071              	.LBE314:
1028:./lwip-2.1.2/src/core/ipv4/dhcp.c ****   LWIP_DEBUGF(DHCP_DEBUG | LWIP_DBG_TRACE | LWIP_DBG_STATE, ("dhcp_discover(): set request timeout 
 2072              		.loc 1 1028 3 is_stmt 1 view .LVU723
1031:./lwip-2.1.2/src/core/ipv4/dhcp.c **** 
 2073              		.loc 1 1031 1 is_stmt 0 view .LVU724
 2074 05d8 0020     		movs	r0, #0
1028:./lwip-2.1.2/src/core/ipv4/dhcp.c ****   LWIP_DEBUGF(DHCP_DEBUG | LWIP_DBG_TRACE | LWIP_DBG_STATE, ("dhcp_discover(): set request timeout 
 2075              		.loc 1 1028 25 view .LVU725
 2076 05da 2381     		strh	r3, [r4, #8]	@ movhi
1029:./lwip-2.1.2/src/core/ipv4/dhcp.c ****   return result;
 2077              		.loc 1 1029 126 is_stmt 1 view .LVU726
1030:./lwip-2.1.2/src/core/ipv4/dhcp.c **** }
 2078              		.loc 1 1030 3 view .LVU727
1031:./lwip-2.1.2/src/core/ipv4/dhcp.c **** 
 2079              		.loc 1 1031 1 is_stmt 0 view .LVU728
 2080 05dc 09B0     		add	sp, sp, #36
 2081              	.LCFI19:
 2082              		.cfi_def_cfa_offset 36
 2083              		@ sp needed
 2084 05de BDE8F08F 		pop	{r4, r5, r6, r7, r8, r9, r10, fp, pc}
 2085              	.LVL131:
 2086              	.L141:
1031:./lwip-2.1.2/src/core/ipv4/dhcp.c **** 
 2087              		.loc 1 1031 1 view .LVU729
 2088 05e2 00BF     		.align	2
 2089              	.L140:
 2090 05e4 00000000 		.word	.LANCHOR0
 2091 05e8 00000000 		.word	ip_addr_any
 2092 05ec 00000000 		.word	ip_addr_broadcast
 2093 05f0 D34D6210 		.word	274877907
 2094              		.cfi_endproc
 2095              	.LFE45:
 2097              		.align	1
 2098              		.p2align 2,,3
 2099              		.syntax unified
 2100              		.thumb
 2101              		.thumb_func
 2103              	dhcp_select.isra.0:
 2104              	.LVL132:
 2105              	.LFB66:
 366:./lwip-2.1.2/src/core/ipv4/dhcp.c **** {
 2106              		.loc 1 366 1 is_stmt 1 view -0
 2107              		.cfi_startproc
 2108              		@ args = 0, pretend = 0, frame = 32
 2109              		@ frame_needed = 0, uses_anonymous_args = 0
 368:./lwip-2.1.2/src/core/ipv4/dhcp.c ****   err_t result;
 2110              		.loc 1 368 3 view .LVU731
 369:./lwip-2.1.2/src/core/ipv4/dhcp.c ****   u16_t msecs;
 2111              		.loc 1 369 3 view .LVU732
 370:./lwip-2.1.2/src/core/ipv4/dhcp.c ****   u8_t i;
 2112              		.loc 1 370 3 view .LVU733
 371:./lwip-2.1.2/src/core/ipv4/dhcp.c ****   struct pbuf *p_out;
 2113              		.loc 1 371 3 view .LVU734
 372:./lwip-2.1.2/src/core/ipv4/dhcp.c ****   u16_t options_out_len;
 2114              		.loc 1 372 3 view .LVU735
 373:./lwip-2.1.2/src/core/ipv4/dhcp.c **** 
 2115              		.loc 1 373 3 view .LVU736
 375:./lwip-2.1.2/src/core/ipv4/dhcp.c ****   dhcp = netif_dhcp_data(netif);
 2116              		.loc 1 375 3 view .LVU737
 375:./lwip-2.1.2/src/core/ipv4/dhcp.c ****   dhcp = netif_dhcp_data(netif);
 2117              		.loc 1 375 3 view .LVU738
 2118 05f4 0028     		cmp	r0, #0
 2119 05f6 00F0E880 		beq	.L163
 375:./lwip-2.1.2/src/core/ipv4/dhcp.c ****   dhcp = netif_dhcp_data(netif);
 2120              		.loc 1 375 3 discriminator 2 view .LVU739
 375:./lwip-2.1.2/src/core/ipv4/dhcp.c ****   dhcp = netif_dhcp_data(netif);
 2121              		.loc 1 375 3 discriminator 2 view .LVU740
 376:./lwip-2.1.2/src/core/ipv4/dhcp.c ****   LWIP_ERROR("dhcp_select: dhcp != NULL", (dhcp != NULL), return ERR_VAL;);
 2122              		.loc 1 376 3 view .LVU741
 366:./lwip-2.1.2/src/core/ipv4/dhcp.c **** {
 2123              		.loc 1 366 1 is_stmt 0 view .LVU742
 2124 05fa 2DE9F04F 		push	{r4, r5, r6, r7, r8, r9, r10, fp, lr}
 2125              	.LCFI20:
 2126              		.cfi_def_cfa_offset 36
 2127              		.cfi_offset 4, -36
 2128              		.cfi_offset 5, -32
 2129              		.cfi_offset 6, -28
 2130              		.cfi_offset 7, -24
 2131              		.cfi_offset 8, -20
 2132              		.cfi_offset 9, -16
 2133              		.cfi_offset 10, -12
 2134              		.cfi_offset 11, -8
 2135              		.cfi_offset 14, -4
 376:./lwip-2.1.2/src/core/ipv4/dhcp.c ****   LWIP_ERROR("dhcp_select: dhcp != NULL", (dhcp != NULL), return ERR_VAL;);
 2136              		.loc 1 376 8 view .LVU743
 2137 05fe 066A     		ldr	r6, [r0, #32]
 2138              	.LVL133:
 377:./lwip-2.1.2/src/core/ipv4/dhcp.c **** 
 2139              		.loc 1 377 3 is_stmt 1 view .LVU744
 377:./lwip-2.1.2/src/core/ipv4/dhcp.c **** 
 2140              		.loc 1 377 3 view .LVU745
 366:./lwip-2.1.2/src/core/ipv4/dhcp.c **** {
 2141              		.loc 1 366 1 is_stmt 0 view .LVU746
 2142 0600 8BB0     		sub	sp, sp, #44
 2143              	.LCFI21:
 2144              		.cfi_def_cfa_offset 80
 2145 0602 0746     		mov	r7, r0
 377:./lwip-2.1.2/src/core/ipv4/dhcp.c **** 
 2146              		.loc 1 377 3 view .LVU747
 2147 0604 002E     		cmp	r6, #0
 2148 0606 00F0DB80 		beq	.L142
 377:./lwip-2.1.2/src/core/ipv4/dhcp.c **** 
 2149              		.loc 1 377 3 is_stmt 1 discriminator 2 view .LVU748
 377:./lwip-2.1.2/src/core/ipv4/dhcp.c **** 
 2150              		.loc 1 377 3 discriminator 2 view .LVU749
 379:./lwip-2.1.2/src/core/ipv4/dhcp.c ****   dhcp_set_state(dhcp, DHCP_STATE_REQUESTING);
 2151              		.loc 1 379 151 view .LVU750
 380:./lwip-2.1.2/src/core/ipv4/dhcp.c **** 
 2152              		.loc 1 380 3 view .LVU751
 2153              	.LVL134:
 2154              	.LBB351:
 2155              	.LBI351:
1417:./lwip-2.1.2/src/core/ipv4/dhcp.c **** {
 2156              		.loc 1 1417 1 view .LVU752
 2157              	.LBB352:
1419:./lwip-2.1.2/src/core/ipv4/dhcp.c ****     dhcp->state = new_state;
 2158              		.loc 1 1419 3 view .LVU753
1419:./lwip-2.1.2/src/core/ipv4/dhcp.c ****     dhcp->state = new_state;
 2159              		.loc 1 1419 6 is_stmt 0 view .LVU754
 2160 060a 7379     		ldrb	r3, [r6, #5]	@ zero_extendqisi2
 2161 060c 012B     		cmp	r3, #1
 2162 060e 04D0     		beq	.L144
1420:./lwip-2.1.2/src/core/ipv4/dhcp.c ****     dhcp->tries = 0;
 2163              		.loc 1 1420 5 is_stmt 1 view .LVU755
1421:./lwip-2.1.2/src/core/ipv4/dhcp.c ****     dhcp->request_timeout = 0;
 2164              		.loc 1 1421 5 view .LVU756
1420:./lwip-2.1.2/src/core/ipv4/dhcp.c ****     dhcp->tries = 0;
 2165              		.loc 1 1420 17 is_stmt 0 view .LVU757
 2166 0610 0122     		movs	r2, #1
1422:./lwip-2.1.2/src/core/ipv4/dhcp.c ****   }
 2167              		.loc 1 1422 27 view .LVU758
 2168 0612 0023     		movs	r3, #0
1420:./lwip-2.1.2/src/core/ipv4/dhcp.c ****     dhcp->tries = 0;
 2169              		.loc 1 1420 17 view .LVU759
 2170 0614 A6F80520 		strh	r2, [r6, #5]	@ unaligned
1422:./lwip-2.1.2/src/core/ipv4/dhcp.c ****   }
 2171              		.loc 1 1422 5 is_stmt 1 view .LVU760
1422:./lwip-2.1.2/src/core/ipv4/dhcp.c ****   }
 2172              		.loc 1 1422 27 is_stmt 0 view .LVU761
 2173 0618 3381     		strh	r3, [r6, #8]	@ movhi
 2174              	.L144:
 2175              	.LVL135:
1422:./lwip-2.1.2/src/core/ipv4/dhcp.c ****   }
 2176              		.loc 1 1422 27 view .LVU762
 2177              	.LBE352:
 2178              	.LBE351:
 383:./lwip-2.1.2/src/core/ipv4/dhcp.c ****   if (p_out != NULL) {
 2179              		.loc 1 383 3 is_stmt 1 view .LVU763
 383:./lwip-2.1.2/src/core/ipv4/dhcp.c ****   if (p_out != NULL) {
 2180              		.loc 1 383 11 is_stmt 0 view .LVU764
 2181 061a 0DF12603 		add	r3, sp, #38
 2182 061e 0322     		movs	r2, #3
 2183 0620 3146     		mov	r1, r6
 2184 0622 3846     		mov	r0, r7
 2185              	.LVL136:
 383:./lwip-2.1.2/src/core/ipv4/dhcp.c ****   if (p_out != NULL) {
 2186              		.loc 1 383 11 view .LVU765
 2187 0624 FFF7ECFC 		bl	dhcp_create_msg
 2188              	.LVL137:
 384:./lwip-2.1.2/src/core/ipv4/dhcp.c ****     struct dhcp_msg *msg_out = (struct dhcp_msg *)p_out->payload;
 2189              		.loc 1 384 3 is_stmt 1 view .LVU766
 384:./lwip-2.1.2/src/core/ipv4/dhcp.c ****     struct dhcp_msg *msg_out = (struct dhcp_msg *)p_out->payload;
 2190              		.loc 1 384 6 is_stmt 0 view .LVU767
 2191 0628 8046     		mov	r8, r0
 2192 062a 0028     		cmp	r0, #0
 2193 062c 00F0B580 		beq	.L145
 2194              	.LBB353:
 385:./lwip-2.1.2/src/core/ipv4/dhcp.c ****     options_out_len = dhcp_option(options_out_len, msg_out->options, DHCP_OPTION_MAX_MSG_SIZE, DHCP
 2195              		.loc 1 385 5 is_stmt 1 view .LVU768
 2196              	.LVL138:
 386:./lwip-2.1.2/src/core/ipv4/dhcp.c ****     options_out_len = dhcp_option_short(options_out_len, msg_out->options, DHCP_MAX_MSG_LEN(netif))
 2197              		.loc 1 386 5 view .LVU769
 386:./lwip-2.1.2/src/core/ipv4/dhcp.c ****     options_out_len = dhcp_option_short(options_out_len, msg_out->options, DHCP_MAX_MSG_LEN(netif))
 2198              		.loc 1 386 23 is_stmt 0 view .LVU770
 2199 0630 BDF82640 		ldrh	r4, [sp, #38]
 2200              	.LBB354:
 2201              	.LBB355:
1435:./lwip-2.1.2/src/core/ipv4/dhcp.c ****   options[options_out_len++] = option_len;
 2202              		.loc 1 1435 30 view .LVU771
 2203 0634 3922     		movs	r2, #57
 2204              	.LBE355:
 2205              	.LBE354:
 386:./lwip-2.1.2/src/core/ipv4/dhcp.c ****     options_out_len = dhcp_option_short(options_out_len, msg_out->options, DHCP_MAX_MSG_LEN(netif))
 2206              		.loc 1 386 59 view .LVU772
 2207 0636 4568     		ldr	r5, [r0, #4]
 2208              	.LBB361:
 2209              	.LBB362:
1436:./lwip-2.1.2/src/core/ipv4/dhcp.c ****   return options_out_len;
 2210              		.loc 1 1436 30 view .LVU773
 2211 0638 4FF00409 		mov	r9, #4
 2212              	.LBE362:
 2213              	.LBE361:
 2214              	.LBB369:
 2215              	.LBB356:
1435:./lwip-2.1.2/src/core/ipv4/dhcp.c ****   options[options_out_len++] = option_len;
 2216              		.loc 1 1435 26 view .LVU774
 2217 063c 631C     		adds	r3, r4, #1
 2218              	.LBE356:
 2219              	.LBE369:
 2220              	.LBB370:
 2221              	.LBB371:
1455:./lwip-2.1.2/src/core/ipv4/dhcp.c ****   options[options_out_len++] = (u8_t) (value & 0x00ffU);
 2222              		.loc 1 1455 26 view .LVU775
 2223 063e E11C     		adds	r1, r4, #3
 2224              	.LBE371:
 2225              	.LBE370:
 386:./lwip-2.1.2/src/core/ipv4/dhcp.c ****     options_out_len = dhcp_option_short(options_out_len, msg_out->options, DHCP_MAX_MSG_LEN(netif))
 2226              		.loc 1 386 59 view .LVU776
 2227 0640 F035     		adds	r5, r5, #240
 2228              	.LVL139:
 2229              	.LBB377:
 2230              	.LBI354:
1432:./lwip-2.1.2/src/core/ipv4/dhcp.c **** {
 2231              		.loc 1 1432 1 is_stmt 1 view .LVU777
 2232              	.LBB357:
1434:./lwip-2.1.2/src/core/ipv4/dhcp.c ****   options[options_out_len++] = option_type;
 2233              		.loc 1 1434 138 view .LVU778
1435:./lwip-2.1.2/src/core/ipv4/dhcp.c ****   options[options_out_len++] = option_len;
 2234              		.loc 1 1435 3 view .LVU779
1435:./lwip-2.1.2/src/core/ipv4/dhcp.c ****   options[options_out_len++] = option_len;
 2235              		.loc 1 1435 3 is_stmt 0 view .LVU780
 2236              	.LBE357:
 2237              	.LBE377:
 2238              	.LBB378:
 2239              	.LBB363:
1436:./lwip-2.1.2/src/core/ipv4/dhcp.c ****   return options_out_len;
 2240              		.loc 1 1436 26 view .LVU781
 2241 0642 04F1060A 		add	r10, r4, #6
 2242              	.LBE363:
 2243              	.LBE378:
 2244              	.LBB379:
 2245              	.LBB358:
 2246 0646 9BB2     		uxth	r3, r3
1435:./lwip-2.1.2/src/core/ipv4/dhcp.c ****   options[options_out_len++] = option_len;
 2247              		.loc 1 1435 30 view .LVU782
 2248 0648 2A55     		strb	r2, [r5, r4]
 2249              	.LVL140:
1436:./lwip-2.1.2/src/core/ipv4/dhcp.c ****   return options_out_len;
 2250              		.loc 1 1436 3 is_stmt 1 view .LVU783
1436:./lwip-2.1.2/src/core/ipv4/dhcp.c ****   return options_out_len;
 2251              		.loc 1 1436 30 is_stmt 0 view .LVU784
 2252 064a 0222     		movs	r2, #2
 2253              	.LBE358:
 2254              	.LBE379:
 2255              	.LBB380:
 2256              	.LBB372:
1456:./lwip-2.1.2/src/core/ipv4/dhcp.c ****   return options_out_len;
 2257              		.loc 1 1456 26 view .LVU785
 2258 064c 89B2     		uxth	r1, r1
 2259              	.LBE372:
 2260              	.LBE380:
 2261              	.LBB381:
 2262              	.LBB359:
1436:./lwip-2.1.2/src/core/ipv4/dhcp.c ****   return options_out_len;
 2263              		.loc 1 1436 30 view .LVU786
 2264 064e EA54     		strb	r2, [r5, r3]
1437:./lwip-2.1.2/src/core/ipv4/dhcp.c **** }
 2265              		.loc 1 1437 3 is_stmt 1 view .LVU787
 2266              	.LVL141:
1437:./lwip-2.1.2/src/core/ipv4/dhcp.c **** }
 2267              		.loc 1 1437 3 is_stmt 0 view .LVU788
 2268              	.LBE359:
 2269              	.LBE381:
 387:./lwip-2.1.2/src/core/ipv4/dhcp.c **** 
 2270              		.loc 1 387 5 is_stmt 1 view .LVU789
 2271              	.LBB382:
 2272              	.LBB360:
1436:./lwip-2.1.2/src/core/ipv4/dhcp.c ****   return options_out_len;
 2273              		.loc 1 1436 26 is_stmt 0 view .LVU790
 2274 0650 A018     		adds	r0, r4, r2
 2275              	.LVL142:
1436:./lwip-2.1.2/src/core/ipv4/dhcp.c ****   return options_out_len;
 2276              		.loc 1 1436 26 view .LVU791
 2277              	.LBE360:
 2278              	.LBE382:
 387:./lwip-2.1.2/src/core/ipv4/dhcp.c **** 
 2279              		.loc 1 387 23 view .LVU792
 2280 0652 B7F824C0 		ldrh	ip, [r7, #36]
 2281              	.LVL143:
 2282              	.LBB383:
 2283              	.LBI370:
1452:./lwip-2.1.2/src/core/ipv4/dhcp.c **** {
 2284              		.loc 1 1452 1 is_stmt 1 view .LVU793
 2285              	.LBB373:
1454:./lwip-2.1.2/src/core/ipv4/dhcp.c ****   options[options_out_len++] = (u8_t)((value & 0xff00U) >> 8);
 2286              		.loc 1 1454 118 view .LVU794
1455:./lwip-2.1.2/src/core/ipv4/dhcp.c ****   options[options_out_len++] = (u8_t) (value & 0x00ffU);
 2287              		.loc 1 1455 3 view .LVU795
1456:./lwip-2.1.2/src/core/ipv4/dhcp.c ****   return options_out_len;
 2288              		.loc 1 1456 26 is_stmt 0 view .LVU796
 2289 0656 221D     		adds	r2, r4, #4
1455:./lwip-2.1.2/src/core/ipv4/dhcp.c ****   options[options_out_len++] = (u8_t) (value & 0x00ffU);
 2290              		.loc 1 1455 26 view .LVU797
 2291 0658 80B2     		uxth	r0, r0
 2292              	.LBE373:
 2293              	.LBE383:
 2294              	.LBB384:
 2295              	.LBB364:
1435:./lwip-2.1.2/src/core/ipv4/dhcp.c ****   options[options_out_len++] = option_len;
 2296              		.loc 1 1435 26 view .LVU798
 2297 065a 631D     		adds	r3, r4, #5
 2298              	.LBE364:
 2299              	.LBE384:
 2300              	.LBB385:
 2301              	.LBB374:
1455:./lwip-2.1.2/src/core/ipv4/dhcp.c ****   options[options_out_len++] = (u8_t) (value & 0x00ffU);
 2302              		.loc 1 1455 57 view .LVU799
 2303 065c 4FEA1C2E 		lsr	lr, ip, #8
 2304              	.LBE374:
 2305              	.LBE385:
 2306              	.LBB386:
 2307              	.LBB365:
1435:./lwip-2.1.2/src/core/ipv4/dhcp.c ****   options[options_out_len++] = option_len;
 2308              		.loc 1 1435 26 view .LVU800
 2309 0660 92B2     		uxth	r2, r2
 2310              	.LBE365:
 2311              	.LBE386:
 2312              	.LBB387:
 2313              	.LBB375:
1455:./lwip-2.1.2/src/core/ipv4/dhcp.c ****   options[options_out_len++] = (u8_t) (value & 0x00ffU);
 2314              		.loc 1 1455 32 view .LVU801
 2315 0662 05F800E0 		strb	lr, [r5, r0]
1456:./lwip-2.1.2/src/core/ipv4/dhcp.c ****   return options_out_len;
 2316              		.loc 1 1456 3 is_stmt 1 view .LVU802
 2317              	.LVL144:
1456:./lwip-2.1.2/src/core/ipv4/dhcp.c ****   return options_out_len;
 2318              		.loc 1 1456 3 is_stmt 0 view .LVU803
 2319              	.LBE375:
 2320              	.LBE387:
 2321              	.LBB388:
 2322              	.LBB366:
1436:./lwip-2.1.2/src/core/ipv4/dhcp.c ****   return options_out_len;
 2323              		.loc 1 1436 26 view .LVU804
 2324 0666 9BB2     		uxth	r3, r3
 2325              	.LBE366:
 2326              	.LBE388:
 2327              	.LBB389:
 2328              	.LBB376:
1456:./lwip-2.1.2/src/core/ipv4/dhcp.c ****   return options_out_len;
 2329              		.loc 1 1456 32 view .LVU805
 2330 0668 05F801C0 		strb	ip, [r5, r1]
1457:./lwip-2.1.2/src/core/ipv4/dhcp.c **** }
 2331              		.loc 1 1457 3 is_stmt 1 view .LVU806
 2332              	.LVL145:
1457:./lwip-2.1.2/src/core/ipv4/dhcp.c **** }
 2333              		.loc 1 1457 3 is_stmt 0 view .LVU807
 2334              	.LBE376:
 2335              	.LBE389:
 390:./lwip-2.1.2/src/core/ipv4/dhcp.c ****     options_out_len = dhcp_option_long(options_out_len, msg_out->options, lwip_ntohl(ip4_addr_get_u
 2336              		.loc 1 390 5 is_stmt 1 view .LVU808
 2337              	.LBB390:
 2338              	.LBI361:
1432:./lwip-2.1.2/src/core/ipv4/dhcp.c **** {
 2339              		.loc 1 1432 1 view .LVU809
 2340              	.LBB367:
1434:./lwip-2.1.2/src/core/ipv4/dhcp.c ****   options[options_out_len++] = option_type;
 2341              		.loc 1 1434 138 view .LVU810
1435:./lwip-2.1.2/src/core/ipv4/dhcp.c ****   options[options_out_len++] = option_len;
 2342              		.loc 1 1435 3 view .LVU811
1435:./lwip-2.1.2/src/core/ipv4/dhcp.c ****   options[options_out_len++] = option_len;
 2343              		.loc 1 1435 30 is_stmt 0 view .LVU812
 2344 066c 3221     		movs	r1, #50
 2345              	.LBE367:
 2346              	.LBE390:
 2347              	.LBB391:
 2348              	.LBB392:
1464:./lwip-2.1.2/src/core/ipv4/dhcp.c ****   options[options_out_len++] = (u8_t)((value & 0x00ff0000UL) >> 16);
 2349              		.loc 1 1464 26 view .LVU813
 2350 066e 1FFA8AFA 		uxth	r10, r10
 2351              	.LBE392:
 2352              	.LBE391:
 2353              	.LBB396:
 2354              	.LBB368:
1435:./lwip-2.1.2/src/core/ipv4/dhcp.c ****   options[options_out_len++] = option_len;
 2355              		.loc 1 1435 30 view .LVU814
 2356 0672 A954     		strb	r1, [r5, r2]
1436:./lwip-2.1.2/src/core/ipv4/dhcp.c ****   return options_out_len;
 2357              		.loc 1 1436 3 is_stmt 1 view .LVU815
 2358              	.LVL146:
1436:./lwip-2.1.2/src/core/ipv4/dhcp.c ****   return options_out_len;
 2359              		.loc 1 1436 30 is_stmt 0 view .LVU816
 2360 0674 05F80390 		strb	r9, [r5, r3]
1437:./lwip-2.1.2/src/core/ipv4/dhcp.c **** }
 2361              		.loc 1 1437 3 is_stmt 1 view .LVU817
 2362              	.LVL147:
1437:./lwip-2.1.2/src/core/ipv4/dhcp.c **** }
 2363              		.loc 1 1437 3 is_stmt 0 view .LVU818
 2364              	.LBE368:
 2365              	.LBE396:
 391:./lwip-2.1.2/src/core/ipv4/dhcp.c **** 
 2366              		.loc 1 391 5 is_stmt 1 view .LVU819
 391:./lwip-2.1.2/src/core/ipv4/dhcp.c **** 
 2367              		.loc 1 391 23 is_stmt 0 view .LVU820
 2368 0678 F069     		ldr	r0, [r6, #28]
 2369 067a FFF7FEFF 		bl	lwip_htonl
 2370              	.LVL148:
 2371              	.LBB397:
 2372              	.LBI391:
1461:./lwip-2.1.2/src/core/ipv4/dhcp.c **** {
 2373              		.loc 1 1461 1 is_stmt 1 view .LVU821
 2374              	.LBB393:
1463:./lwip-2.1.2/src/core/ipv4/dhcp.c ****   options[options_out_len++] = (u8_t)((value & 0xff000000UL) >> 24);
 2375              		.loc 1 1463 117 view .LVU822
1464:./lwip-2.1.2/src/core/ipv4/dhcp.c ****   options[options_out_len++] = (u8_t)((value & 0x00ff0000UL) >> 16);
 2376              		.loc 1 1464 3 view .LVU823
1464:./lwip-2.1.2/src/core/ipv4/dhcp.c ****   options[options_out_len++] = (u8_t)((value & 0x00ff0000UL) >> 16);
 2377              		.loc 1 1464 26 is_stmt 0 view .LVU824
 2378 067e 04F1070E 		add	lr, r4, #7
1464:./lwip-2.1.2/src/core/ipv4/dhcp.c ****   options[options_out_len++] = (u8_t)((value & 0x00ff0000UL) >> 16);
 2379              		.loc 1 1464 62 view .LVU825
 2380 0682 4FEA106B 		lsr	fp, r0, #24
1465:./lwip-2.1.2/src/core/ipv4/dhcp.c ****   options[options_out_len++] = (u8_t)((value & 0x0000ff00UL) >> 8);
 2381              		.loc 1 1465 26 view .LVU826
 2382 0686 04F1080C 		add	ip, r4, #8
 2383 068a 1FFA8EFE 		uxth	lr, lr
1466:./lwip-2.1.2/src/core/ipv4/dhcp.c ****   options[options_out_len++] = (u8_t)((value & 0x000000ffUL));
 2384              		.loc 1 1466 26 view .LVU827
 2385 068e 04F10901 		add	r1, r4, #9
1464:./lwip-2.1.2/src/core/ipv4/dhcp.c ****   options[options_out_len++] = (u8_t)((value & 0x00ff0000UL) >> 16);
 2386              		.loc 1 1464 32 view .LVU828
 2387 0692 05F80AB0 		strb	fp, [r5, r10]
1465:./lwip-2.1.2/src/core/ipv4/dhcp.c ****   options[options_out_len++] = (u8_t)((value & 0x0000ff00UL) >> 8);
 2388              		.loc 1 1465 3 is_stmt 1 view .LVU829
 2389              	.LVL149:
1465:./lwip-2.1.2/src/core/ipv4/dhcp.c ****   options[options_out_len++] = (u8_t)((value & 0x0000ff00UL) >> 8);
 2390              		.loc 1 1465 62 is_stmt 0 view .LVU830
 2391 0696 4FEA104A 		lsr	r10, r0, #16
1466:./lwip-2.1.2/src/core/ipv4/dhcp.c ****   options[options_out_len++] = (u8_t)((value & 0x000000ffUL));
 2392              		.loc 1 1466 26 view .LVU831
 2393 069a 1FFA8CFC 		uxth	ip, ip
1467:./lwip-2.1.2/src/core/ipv4/dhcp.c ****   return options_out_len;
 2394              		.loc 1 1467 26 view .LVU832
 2395 069e 04F10A02 		add	r2, r4, #10
1465:./lwip-2.1.2/src/core/ipv4/dhcp.c ****   options[options_out_len++] = (u8_t)((value & 0x0000ff00UL) >> 8);
 2396              		.loc 1 1465 32 view .LVU833
 2397 06a2 05F80EA0 		strb	r10, [r5, lr]
1466:./lwip-2.1.2/src/core/ipv4/dhcp.c ****   options[options_out_len++] = (u8_t)((value & 0x000000ffUL));
 2398              		.loc 1 1466 3 is_stmt 1 view .LVU834
 2399              	.LVL150:
1467:./lwip-2.1.2/src/core/ipv4/dhcp.c ****   return options_out_len;
 2400              		.loc 1 1467 26 is_stmt 0 view .LVU835
 2401 06a6 89B2     		uxth	r1, r1
1466:./lwip-2.1.2/src/core/ipv4/dhcp.c ****   options[options_out_len++] = (u8_t)((value & 0x000000ffUL));
 2402              		.loc 1 1466 62 view .LVU836
 2403 06a8 4FEA102E 		lsr	lr, r0, #8
 2404              	.LBE393:
 2405              	.LBE397:
 2406              	.LBB398:
 2407              	.LBB399:
1435:./lwip-2.1.2/src/core/ipv4/dhcp.c ****   options[options_out_len++] = option_len;
 2408              		.loc 1 1435 26 view .LVU837
 2409 06ac 04F10B03 		add	r3, r4, #11
 2410 06b0 92B2     		uxth	r2, r2
 2411              	.LBE399:
 2412              	.LBE398:
 2413              	.LBB403:
 2414              	.LBB404:
1436:./lwip-2.1.2/src/core/ipv4/dhcp.c ****   return options_out_len;
 2415              		.loc 1 1436 30 view .LVU838
 2416 06b2 4FF0030A 		mov	r10, #3
 2417              	.LBE404:
 2418              	.LBE403:
 2419              	.LBB412:
 2420              	.LBB394:
1466:./lwip-2.1.2/src/core/ipv4/dhcp.c ****   options[options_out_len++] = (u8_t)((value & 0x000000ffUL));
 2421              		.loc 1 1466 32 view .LVU839
 2422 06b6 05F80CE0 		strb	lr, [r5, ip]
1467:./lwip-2.1.2/src/core/ipv4/dhcp.c ****   return options_out_len;
 2423              		.loc 1 1467 3 is_stmt 1 view .LVU840
 2424              	.LVL151:
1467:./lwip-2.1.2/src/core/ipv4/dhcp.c ****   return options_out_len;
 2425              		.loc 1 1467 3 is_stmt 0 view .LVU841
 2426              	.LBE394:
 2427              	.LBE412:
 2428              	.LBB413:
 2429              	.LBB400:
1436:./lwip-2.1.2/src/core/ipv4/dhcp.c ****   return options_out_len;
 2430              		.loc 1 1436 26 view .LVU842
 2431 06ba 9BB2     		uxth	r3, r3
 2432              	.LBE400:
 2433              	.LBE413:
 2434              	.LBB414:
 2435              	.LBB395:
1467:./lwip-2.1.2/src/core/ipv4/dhcp.c ****   return options_out_len;
 2436              		.loc 1 1467 32 view .LVU843
 2437 06bc 6854     		strb	r0, [r5, r1]
1468:./lwip-2.1.2/src/core/ipv4/dhcp.c **** }
 2438              		.loc 1 1468 3 is_stmt 1 view .LVU844
 2439              	.LVL152:
1468:./lwip-2.1.2/src/core/ipv4/dhcp.c **** }
 2440              		.loc 1 1468 3 is_stmt 0 view .LVU845
 2441              	.LBE395:
 2442              	.LBE414:
 393:./lwip-2.1.2/src/core/ipv4/dhcp.c ****     options_out_len = dhcp_option_long(options_out_len, msg_out->options, lwip_ntohl(ip4_addr_get_u
 2443              		.loc 1 393 5 is_stmt 1 view .LVU846
 2444              	.LBB415:
 2445              	.LBI398:
1432:./lwip-2.1.2/src/core/ipv4/dhcp.c **** {
 2446              		.loc 1 1432 1 view .LVU847
 2447              	.LBB401:
1434:./lwip-2.1.2/src/core/ipv4/dhcp.c ****   options[options_out_len++] = option_type;
 2448              		.loc 1 1434 138 view .LVU848
1435:./lwip-2.1.2/src/core/ipv4/dhcp.c ****   options[options_out_len++] = option_len;
 2449              		.loc 1 1435 3 view .LVU849
1435:./lwip-2.1.2/src/core/ipv4/dhcp.c ****   options[options_out_len++] = option_len;
 2450              		.loc 1 1435 30 is_stmt 0 view .LVU850
 2451 06be 3621     		movs	r1, #54
 2452 06c0 A954     		strb	r1, [r5, r2]
1436:./lwip-2.1.2/src/core/ipv4/dhcp.c ****   return options_out_len;
 2453              		.loc 1 1436 3 is_stmt 1 view .LVU851
 2454              	.LVL153:
1436:./lwip-2.1.2/src/core/ipv4/dhcp.c ****   return options_out_len;
 2455              		.loc 1 1436 30 is_stmt 0 view .LVU852
 2456 06c2 05F80390 		strb	r9, [r5, r3]
1437:./lwip-2.1.2/src/core/ipv4/dhcp.c **** }
 2457              		.loc 1 1437 3 is_stmt 1 view .LVU853
 2458              	.LVL154:
1437:./lwip-2.1.2/src/core/ipv4/dhcp.c **** }
 2459              		.loc 1 1437 3 is_stmt 0 view .LVU854
 2460              	.LBE401:
 2461              	.LBE415:
 394:./lwip-2.1.2/src/core/ipv4/dhcp.c **** 
 2462              		.loc 1 394 5 is_stmt 1 view .LVU855
 2463              	.LBB416:
 2464              	.LBB402:
1436:./lwip-2.1.2/src/core/ipv4/dhcp.c ****   return options_out_len;
 2465              		.loc 1 1436 26 is_stmt 0 view .LVU856
 2466 06c6 04F10C09 		add	r9, r4, #12
 2467              	.LBE402:
 2468              	.LBE416:
 394:./lwip-2.1.2/src/core/ipv4/dhcp.c **** 
 2469              		.loc 1 394 23 view .LVU857
 2470 06ca B069     		ldr	r0, [r6, #24]
 2471 06cc FFF7FEFF 		bl	lwip_htonl
 2472              	.LVL155:
 2473              	.LBB417:
 2474              	.LBI417:
1461:./lwip-2.1.2/src/core/ipv4/dhcp.c **** {
 2475              		.loc 1 1461 1 is_stmt 1 view .LVU858
 2476              	.LBB418:
1463:./lwip-2.1.2/src/core/ipv4/dhcp.c ****   options[options_out_len++] = (u8_t)((value & 0xff000000UL) >> 24);
 2477              		.loc 1 1463 117 view .LVU859
1464:./lwip-2.1.2/src/core/ipv4/dhcp.c ****   options[options_out_len++] = (u8_t)((value & 0x00ff0000UL) >> 16);
 2478              		.loc 1 1464 3 view .LVU860
1466:./lwip-2.1.2/src/core/ipv4/dhcp.c ****   options[options_out_len++] = (u8_t)((value & 0x000000ffUL));
 2479              		.loc 1 1466 26 is_stmt 0 view .LVU861
 2480 06d0 04F10F03 		add	r3, r4, #15
1464:./lwip-2.1.2/src/core/ipv4/dhcp.c ****   options[options_out_len++] = (u8_t)((value & 0x00ff0000UL) >> 16);
 2481              		.loc 1 1464 26 view .LVU862
 2482 06d4 1FFA89F9 		uxth	r9, r9
 2483 06d8 04F10D0E 		add	lr, r4, #13
1467:./lwip-2.1.2/src/core/ipv4/dhcp.c ****   return options_out_len;
 2484              		.loc 1 1467 26 view .LVU863
 2485 06dc 9BB2     		uxth	r3, r3
1465:./lwip-2.1.2/src/core/ipv4/dhcp.c ****   options[options_out_len++] = (u8_t)((value & 0x0000ff00UL) >> 8);
 2486              		.loc 1 1465 26 view .LVU864
 2487 06de 04F10E0C 		add	ip, r4, #14
1464:./lwip-2.1.2/src/core/ipv4/dhcp.c ****   options[options_out_len++] = (u8_t)((value & 0x00ff0000UL) >> 16);
 2488              		.loc 1 1464 62 view .LVU865
 2489 06e2 4FEA106B 		lsr	fp, r0, #24
1467:./lwip-2.1.2/src/core/ipv4/dhcp.c ****   return options_out_len;
 2490              		.loc 1 1467 26 view .LVU866
 2491 06e6 0293     		str	r3, [sp, #8]
 2492 06e8 04F11003 		add	r3, r4, #16
1464:./lwip-2.1.2/src/core/ipv4/dhcp.c ****   options[options_out_len++] = (u8_t)((value & 0x00ff0000UL) >> 16);
 2493              		.loc 1 1464 32 view .LVU867
 2494 06ec 05F809B0 		strb	fp, [r5, r9]
1465:./lwip-2.1.2/src/core/ipv4/dhcp.c ****   options[options_out_len++] = (u8_t)((value & 0x0000ff00UL) >> 8);
 2495              		.loc 1 1465 3 is_stmt 1 view .LVU868
 2496              	.LVL156:
1465:./lwip-2.1.2/src/core/ipv4/dhcp.c ****   options[options_out_len++] = (u8_t)((value & 0x0000ff00UL) >> 8);
 2497              		.loc 1 1465 26 is_stmt 0 view .LVU869
 2498 06f0 1FFA8EFE 		uxth	lr, lr
 2499              	.LBE418:
 2500              	.LBE417:
 2501              	.LBB425:
 2502              	.LBB405:
1435:./lwip-2.1.2/src/core/ipv4/dhcp.c ****   options[options_out_len++] = option_len;
 2503              		.loc 1 1435 26 view .LVU870
 2504 06f4 9AB2     		uxth	r2, r3
 2505 06f6 04F11103 		add	r3, r4, #17
 2506              	.LBE405:
 2507              	.LBE425:
 2508              	.LBB426:
 2509              	.LBB419:
1465:./lwip-2.1.2/src/core/ipv4/dhcp.c ****   options[options_out_len++] = (u8_t)((value & 0x0000ff00UL) >> 8);
 2510              		.loc 1 1465 62 view .LVU871
 2511 06fa 4FEA1049 		lsr	r9, r0, #16
 2512              	.LBE419:
 2513              	.LBE426:
 2514              	.LBB427:
 2515              	.LBB406:
1436:./lwip-2.1.2/src/core/ipv4/dhcp.c ****   return options_out_len;
 2516              		.loc 1 1436 26 view .LVU872
 2517 06fe 99B2     		uxth	r1, r3
 2518 0700 04F11203 		add	r3, r4, #18
1435:./lwip-2.1.2/src/core/ipv4/dhcp.c ****   options[options_out_len++] = option_len;
 2519              		.loc 1 1435 26 view .LVU873
 2520 0704 0392     		str	r2, [sp, #12]
 2521              	.LBE406:
 2522              	.LBE427:
 2523              	.LBB428:
 2524              	.LBB420:
1466:./lwip-2.1.2/src/core/ipv4/dhcp.c ****   options[options_out_len++] = (u8_t)((value & 0x000000ffUL));
 2525              		.loc 1 1466 26 view .LVU874
 2526 0706 1FFA8CFC 		uxth	ip, ip
 2527              	.LBE420:
 2528              	.LBE428:
 2529              	.LBB429:
 2530              	.LBB430:
1447:./lwip-2.1.2/src/core/ipv4/dhcp.c ****   return options_out_len;
 2531              		.loc 1 1447 26 view .LVU875
 2532 070a 9AB2     		uxth	r2, r3
 2533 070c 04F11303 		add	r3, r4, #19
 2534              	.LBE430:
 2535              	.LBE429:
 2536              	.LBB439:
 2537              	.LBB407:
1436:./lwip-2.1.2/src/core/ipv4/dhcp.c ****   return options_out_len;
 2538              		.loc 1 1436 26 view .LVU876
 2539 0710 0491     		str	r1, [sp, #16]
 2540              	.LBE407:
 2541              	.LBE439:
 2542              	.LBB440:
 2543              	.LBB431:
1447:./lwip-2.1.2/src/core/ipv4/dhcp.c ****   return options_out_len;
 2544              		.loc 1 1447 26 view .LVU877
 2545 0712 99B2     		uxth	r1, r3
 2546 0714 04F11503 		add	r3, r4, #21
 2547              	.LBE431:
 2548              	.LBE440:
 2549              	.LBB441:
 2550              	.LBB421:
1465:./lwip-2.1.2/src/core/ipv4/dhcp.c ****   options[options_out_len++] = (u8_t)((value & 0x0000ff00UL) >> 8);
 2551              		.loc 1 1465 32 view .LVU878
 2552 0718 05F80E90 		strb	r9, [r5, lr]
1466:./lwip-2.1.2/src/core/ipv4/dhcp.c ****   options[options_out_len++] = (u8_t)((value & 0x000000ffUL));
 2553              		.loc 1 1466 3 is_stmt 1 view .LVU879
 2554              	.LVL157:
1466:./lwip-2.1.2/src/core/ipv4/dhcp.c ****   options[options_out_len++] = (u8_t)((value & 0x000000ffUL));
 2555              		.loc 1 1466 62 is_stmt 0 view .LVU880
 2556 071c 4FEA102E 		lsr	lr, r0, #8
 2557              	.LBE421:
 2558              	.LBE441:
 2559              	.LBB442:
 2560              	.LBB443:
1962:./lwip-2.1.2/src/core/ipv4/dhcp.c ****   /* packet is too small, or not 4 byte aligned? */
 2561              		.loc 1 1962 26 view .LVU881
 2562 0720 9BB2     		uxth	r3, r3
 2563              	.LBE443:
 2564              	.LBE442:
 2565              	.LBB450:
 2566              	.LBB432:
1447:./lwip-2.1.2/src/core/ipv4/dhcp.c ****   return options_out_len;
 2567              		.loc 1 1447 26 view .LVU882
 2568 0722 0592     		str	r2, [sp, #20]
 2569              	.LBE432:
 2570              	.LBE450:
 2571              	.LBB451:
 2572              	.LBB422:
1466:./lwip-2.1.2/src/core/ipv4/dhcp.c ****   options[options_out_len++] = (u8_t)((value & 0x000000ffUL));
 2573              		.loc 1 1466 32 view .LVU883
 2574 0724 05F80CE0 		strb	lr, [r5, ip]
1467:./lwip-2.1.2/src/core/ipv4/dhcp.c ****   return options_out_len;
 2575              		.loc 1 1467 3 is_stmt 1 view .LVU884
 2576              	.LVL158:
1467:./lwip-2.1.2/src/core/ipv4/dhcp.c ****   return options_out_len;
 2577              		.loc 1 1467 3 is_stmt 0 view .LVU885
 2578              	.LBE422:
 2579              	.LBE451:
 2580              	.LBB452:
 2581              	.LBB433:
1447:./lwip-2.1.2/src/core/ipv4/dhcp.c ****   return options_out_len;
 2582              		.loc 1 1447 26 view .LVU886
 2583 0728 04F11402 		add	r2, r4, #20
 2584              	.LBE433:
 2585              	.LBE452:
 2586              	.LBB453:
 2587              	.LBB444:
1962:./lwip-2.1.2/src/core/ipv4/dhcp.c ****   /* packet is too small, or not 4 byte aligned? */
 2588              		.loc 1 1962 26 view .LVU887
 2589 072c 0793     		str	r3, [sp, #28]
 2590              	.LBE444:
 2591              	.LBE453:
 2592              	.LBB454:
 2593              	.LBB423:
1467:./lwip-2.1.2/src/core/ipv4/dhcp.c ****   return options_out_len;
 2594              		.loc 1 1467 32 view .LVU888
 2595 072e 029B     		ldr	r3, [sp, #8]
 2596              	.LBE423:
 2597              	.LBE454:
 2598              	.LBB455:
 2599              	.LBB434:
1447:./lwip-2.1.2/src/core/ipv4/dhcp.c ****   return options_out_len;
 2600              		.loc 1 1447 26 view .LVU889
 2601 0730 92B2     		uxth	r2, r2
 2602 0732 0691     		str	r1, [sp, #24]
 2603              	.LBE434:
 2604              	.LBE455:
 2605              	.LBB456:
 2606              	.LBB445:
1962:./lwip-2.1.2/src/core/ipv4/dhcp.c ****   /* packet is too small, or not 4 byte aligned? */
 2607              		.loc 1 1962 26 view .LVU890
 2608 0734 04F11601 		add	r1, r4, #22
 2609              	.LBE445:
 2610              	.LBE456:
 2611              	.LBB457:
 2612              	.LBB424:
1467:./lwip-2.1.2/src/core/ipv4/dhcp.c ****   return options_out_len;
 2613              		.loc 1 1467 32 view .LVU891
 2614 0738 E854     		strb	r0, [r5, r3]
1468:./lwip-2.1.2/src/core/ipv4/dhcp.c **** }
 2615              		.loc 1 1468 3 is_stmt 1 view .LVU892
 2616              	.LVL159:
1468:./lwip-2.1.2/src/core/ipv4/dhcp.c **** }
 2617              		.loc 1 1468 3 is_stmt 0 view .LVU893
 2618              	.LBE424:
 2619              	.LBE457:
 396:./lwip-2.1.2/src/core/ipv4/dhcp.c ****     for (i = 0; i < LWIP_ARRAYSIZE(dhcp_discover_request_options); i++) {
 2620              		.loc 1 396 5 is_stmt 1 view .LVU894
 2621              	.LBB458:
 2622              	.LBI403:
1432:./lwip-2.1.2/src/core/ipv4/dhcp.c **** {
 2623              		.loc 1 1432 1 view .LVU895
 2624              	.LBB408:
1434:./lwip-2.1.2/src/core/ipv4/dhcp.c ****   options[options_out_len++] = option_type;
 2625              		.loc 1 1434 138 view .LVU896
1435:./lwip-2.1.2/src/core/ipv4/dhcp.c ****   options[options_out_len++] = option_len;
 2626              		.loc 1 1435 3 view .LVU897
1435:./lwip-2.1.2/src/core/ipv4/dhcp.c ****   options[options_out_len++] = option_len;
 2627              		.loc 1 1435 30 is_stmt 0 view .LVU898
 2628 073a 3720     		movs	r0, #55
 2629 073c 039B     		ldr	r3, [sp, #12]
 2630              	.LBE408:
 2631              	.LBE458:
 2632              	.LBB459:
 2633              	.LBB446:
1962:./lwip-2.1.2/src/core/ipv4/dhcp.c ****   /* packet is too small, or not 4 byte aligned? */
 2634              		.loc 1 1962 26 view .LVU899
 2635 073e 89B2     		uxth	r1, r1
 2636              	.LBE446:
 2637              	.LBE459:
 2638              	.LBB460:
 2639              	.LBB409:
1435:./lwip-2.1.2/src/core/ipv4/dhcp.c ****   options[options_out_len++] = option_len;
 2640              		.loc 1 1435 30 view .LVU900
 2641 0740 E854     		strb	r0, [r5, r3]
1436:./lwip-2.1.2/src/core/ipv4/dhcp.c ****   return options_out_len;
 2642              		.loc 1 1436 3 is_stmt 1 view .LVU901
 2643              	.LVL160:
1436:./lwip-2.1.2/src/core/ipv4/dhcp.c ****   return options_out_len;
 2644              		.loc 1 1436 3 is_stmt 0 view .LVU902
 2645              	.LBE409:
 2646              	.LBE460:
 2647              	.LBB461:
 2648              	.LBB435:
1447:./lwip-2.1.2/src/core/ipv4/dhcp.c ****   return options_out_len;
 2649              		.loc 1 1447 30 view .LVU903
 2650 0742 0120     		movs	r0, #1
 2651              	.LBE435:
 2652              	.LBE461:
 2653              	.LBB462:
 2654              	.LBB410:
1436:./lwip-2.1.2/src/core/ipv4/dhcp.c ****   return options_out_len;
 2655              		.loc 1 1436 30 view .LVU904
 2656 0744 049B     		ldr	r3, [sp, #16]
 2657              	.LBE410:
 2658              	.LBE462:
 2659              	.LBB463:
 2660              	.LBB447:
1964:./lwip-2.1.2/src/core/ipv4/dhcp.c ****          (options_out_len < DHCP_OPTIONS_LEN)) {
 2661              		.loc 1 1964 78 view .LVU905
 2662 0746 4329     		cmp	r1, #67
 2663              	.LBE447:
 2664              	.LBE463:
 2665              	.LBB464:
 2666              	.LBB411:
1436:./lwip-2.1.2/src/core/ipv4/dhcp.c ****   return options_out_len;
 2667              		.loc 1 1436 30 view .LVU906
 2668 0748 05F803A0 		strb	r10, [r5, r3]
1437:./lwip-2.1.2/src/core/ipv4/dhcp.c **** }
 2669              		.loc 1 1437 3 is_stmt 1 view .LVU907
 2670              	.LVL161:
1437:./lwip-2.1.2/src/core/ipv4/dhcp.c **** }
 2671              		.loc 1 1437 3 is_stmt 0 view .LVU908
 2672              	.LBE411:
 2673              	.LBE464:
 397:./lwip-2.1.2/src/core/ipv4/dhcp.c ****       options_out_len = dhcp_option_byte(options_out_len, msg_out->options, dhcp_discover_request_o
 2674              		.loc 1 397 5 is_stmt 1 view .LVU909
 397:./lwip-2.1.2/src/core/ipv4/dhcp.c ****       options_out_len = dhcp_option_byte(options_out_len, msg_out->options, dhcp_discover_request_o
 2675              		.loc 1 397 19 discriminator 1 view .LVU910
 398:./lwip-2.1.2/src/core/ipv4/dhcp.c ****     }
 2676              		.loc 1 398 7 view .LVU911
 2677              	.LBB465:
 2678              	.LBI429:
1444:./lwip-2.1.2/src/core/ipv4/dhcp.c **** {
 2679              		.loc 1 1444 1 view .LVU912
 2680              	.LBB436:
1446:./lwip-2.1.2/src/core/ipv4/dhcp.c ****   options[options_out_len++] = value;
 2681              		.loc 1 1446 106 view .LVU913
1447:./lwip-2.1.2/src/core/ipv4/dhcp.c ****   return options_out_len;
 2682              		.loc 1 1447 3 view .LVU914
1447:./lwip-2.1.2/src/core/ipv4/dhcp.c ****   return options_out_len;
 2683              		.loc 1 1447 30 is_stmt 0 view .LVU915
 2684 074c 059B     		ldr	r3, [sp, #20]
 2685 074e E854     		strb	r0, [r5, r3]
1448:./lwip-2.1.2/src/core/ipv4/dhcp.c **** }
 2686              		.loc 1 1448 3 is_stmt 1 view .LVU916
 2687              	.LVL162:
1448:./lwip-2.1.2/src/core/ipv4/dhcp.c **** }
 2688              		.loc 1 1448 3 is_stmt 0 view .LVU917
 2689              	.LBE436:
 2690              	.LBE465:
 397:./lwip-2.1.2/src/core/ipv4/dhcp.c ****       options_out_len = dhcp_option_byte(options_out_len, msg_out->options, dhcp_discover_request_o
 2691              		.loc 1 397 69 is_stmt 1 discriminator 3 view .LVU918
 397:./lwip-2.1.2/src/core/ipv4/dhcp.c ****       options_out_len = dhcp_option_byte(options_out_len, msg_out->options, dhcp_discover_request_o
 2692              		.loc 1 397 19 discriminator 1 view .LVU919
 398:./lwip-2.1.2/src/core/ipv4/dhcp.c ****     }
 2693              		.loc 1 398 7 view .LVU920
 2694              	.LBB466:
1444:./lwip-2.1.2/src/core/ipv4/dhcp.c **** {
 2695              		.loc 1 1444 1 view .LVU921
 2696              	.LBB437:
1446:./lwip-2.1.2/src/core/ipv4/dhcp.c ****   options[options_out_len++] = value;
 2697              		.loc 1 1446 106 view .LVU922
1447:./lwip-2.1.2/src/core/ipv4/dhcp.c ****   return options_out_len;
 2698              		.loc 1 1447 3 view .LVU923
1447:./lwip-2.1.2/src/core/ipv4/dhcp.c ****   return options_out_len;
 2699              		.loc 1 1447 30 is_stmt 0 view .LVU924
 2700 0750 4FF01C00 		mov	r0, #28
 2701 0754 069B     		ldr	r3, [sp, #24]
 2702 0756 05F803A0 		strb	r10, [r5, r3]
1448:./lwip-2.1.2/src/core/ipv4/dhcp.c **** }
 2703              		.loc 1 1448 3 is_stmt 1 view .LVU925
 2704              	.LVL163:
1448:./lwip-2.1.2/src/core/ipv4/dhcp.c **** }
 2705              		.loc 1 1448 3 is_stmt 0 view .LVU926
 2706              	.LBE437:
 2707              	.LBE466:
 397:./lwip-2.1.2/src/core/ipv4/dhcp.c ****       options_out_len = dhcp_option_byte(options_out_len, msg_out->options, dhcp_discover_request_o
 2708              		.loc 1 397 69 is_stmt 1 discriminator 3 view .LVU927
 397:./lwip-2.1.2/src/core/ipv4/dhcp.c ****       options_out_len = dhcp_option_byte(options_out_len, msg_out->options, dhcp_discover_request_o
 2709              		.loc 1 397 19 discriminator 1 view .LVU928
 398:./lwip-2.1.2/src/core/ipv4/dhcp.c ****     }
 2710              		.loc 1 398 7 view .LVU929
 2711              	.LBB467:
1444:./lwip-2.1.2/src/core/ipv4/dhcp.c **** {
 2712              		.loc 1 1444 1 view .LVU930
 2713              	.LBB438:
1446:./lwip-2.1.2/src/core/ipv4/dhcp.c ****   options[options_out_len++] = value;
 2714              		.loc 1 1446 106 view .LVU931
1447:./lwip-2.1.2/src/core/ipv4/dhcp.c ****   return options_out_len;
 2715              		.loc 1 1447 3 view .LVU932
1447:./lwip-2.1.2/src/core/ipv4/dhcp.c ****   return options_out_len;
 2716              		.loc 1 1447 30 is_stmt 0 view .LVU933
 2717 075a A854     		strb	r0, [r5, r2]
1448:./lwip-2.1.2/src/core/ipv4/dhcp.c **** }
 2718              		.loc 1 1448 3 is_stmt 1 view .LVU934
 2719              	.LVL164:
1448:./lwip-2.1.2/src/core/ipv4/dhcp.c **** }
 2720              		.loc 1 1448 3 is_stmt 0 view .LVU935
 2721              	.LBE438:
 2722              	.LBE467:
 397:./lwip-2.1.2/src/core/ipv4/dhcp.c ****       options_out_len = dhcp_option_byte(options_out_len, msg_out->options, dhcp_discover_request_o
 2723              		.loc 1 397 69 is_stmt 1 discriminator 3 view .LVU936
 397:./lwip-2.1.2/src/core/ipv4/dhcp.c ****       options_out_len = dhcp_option_byte(options_out_len, msg_out->options, dhcp_discover_request_o
 2724              		.loc 1 397 19 discriminator 1 view .LVU937
 405:./lwip-2.1.2/src/core/ipv4/dhcp.c ****     dhcp_option_trailer(options_out_len, msg_out->options, p_out);
 2725              		.loc 1 405 111 view .LVU938
 406:./lwip-2.1.2/src/core/ipv4/dhcp.c **** 
 2726              		.loc 1 406 5 view .LVU939
 2727              	.LBB468:
 2728              	.LBI442:
1960:./lwip-2.1.2/src/core/ipv4/dhcp.c **** {
 2729              		.loc 1 1960 1 view .LVU940
 2730              	.LBB448:
1962:./lwip-2.1.2/src/core/ipv4/dhcp.c ****   /* packet is too small, or not 4 byte aligned? */
 2731              		.loc 1 1962 3 view .LVU941
1962:./lwip-2.1.2/src/core/ipv4/dhcp.c ****   /* packet is too small, or not 4 byte aligned? */
 2732              		.loc 1 1962 30 is_stmt 0 view .LVU942
 2733 075c 4FF0FF02 		mov	r2, #255
 2734 0760 079B     		ldr	r3, [sp, #28]
 2735 0762 EA54     		strb	r2, [r5, r3]
1964:./lwip-2.1.2/src/core/ipv4/dhcp.c ****          (options_out_len < DHCP_OPTIONS_LEN)) {
 2736              		.loc 1 1964 3 is_stmt 1 view .LVU943
1964:./lwip-2.1.2/src/core/ipv4/dhcp.c ****          (options_out_len < DHCP_OPTIONS_LEN)) {
 2737              		.loc 1 1964 78 view .LVU944
 2738 0764 07D8     		bhi	.L146
1967:./lwip-2.1.2/src/core/ipv4/dhcp.c ****   }
 2739              		.loc 1 1967 32 is_stmt 0 view .LVU945
 2740 0766 C4F12E02 		rsb	r2, r4, #46
 2741 076a 6818     		adds	r0, r5, r1
 2742 076c 0021     		movs	r1, #0
 2743              	.LVL165:
1967:./lwip-2.1.2/src/core/ipv4/dhcp.c ****   }
 2744              		.loc 1 1967 32 view .LVU946
 2745 076e 92B2     		uxth	r2, r2
 2746 0770 FFF7FEFF 		bl	memset
 2747              	.LVL166:
1967:./lwip-2.1.2/src/core/ipv4/dhcp.c ****   }
 2748              		.loc 1 1967 32 view .LVU947
 2749 0774 4421     		movs	r1, #68
 2750              	.L146:
 2751              		.loc 1 1970 3 is_stmt 1 view .LVU948
 2752 0776 F031     		adds	r1, r1, #240
 2753 0778 4046     		mov	r0, r8
 2754 077a 89B2     		uxth	r1, r1
 2755 077c FFF7FEFF 		bl	pbuf_realloc
 2756              	.LVL167:
 2757              		.loc 1 1970 3 is_stmt 0 view .LVU949
 2758              	.LBE448:
 2759              	.LBE468:
 409:./lwip-2.1.2/src/core/ipv4/dhcp.c ****     pbuf_free(p_out);
 2760              		.loc 1 409 5 is_stmt 1 view .LVU950
 409:./lwip-2.1.2/src/core/ipv4/dhcp.c ****     pbuf_free(p_out);
 2761              		.loc 1 409 14 is_stmt 0 view .LVU951
 2762 0780 1249     		ldr	r1, .L166
 2763 0782 134A     		ldr	r2, .L166+4
 2764 0784 4323     		movs	r3, #67
 2765 0786 0097     		str	r7, [sp]
 2766 0788 8868     		ldr	r0, [r1, #8]
 2767 078a 4146     		mov	r1, r8
 2768 078c 0192     		str	r2, [sp, #4]
 2769 078e 114A     		ldr	r2, .L166+8
 2770 0790 FFF7FEFF 		bl	udp_sendto_if_src
 2771              	.LVL168:
 410:./lwip-2.1.2/src/core/ipv4/dhcp.c ****     LWIP_DEBUGF(DHCP_DEBUG | LWIP_DBG_TRACE | LWIP_DBG_STATE, ("dhcp_select: REQUESTING\n"));
 2772              		.loc 1 410 5 is_stmt 1 view .LVU952
 2773 0794 4046     		mov	r0, r8
 2774 0796 FFF7FEFF 		bl	pbuf_free
 2775              	.LVL169:
 411:./lwip-2.1.2/src/core/ipv4/dhcp.c ****   } else {
 2776              		.loc 1 411 93 view .LVU953
 2777              	.L145:
 411:./lwip-2.1.2/src/core/ipv4/dhcp.c ****   } else {
 2778              		.loc 1 411 93 is_stmt 0 view .LVU954
 2779              	.LBE353:
 416:./lwip-2.1.2/src/core/ipv4/dhcp.c ****     dhcp->tries++;
 2780              		.loc 1 416 3 is_stmt 1 view .LVU955
 416:./lwip-2.1.2/src/core/ipv4/dhcp.c ****     dhcp->tries++;
 2781              		.loc 1 416 11 is_stmt 0 view .LVU956
 2782 079a B379     		ldrb	r3, [r6, #6]	@ zero_extendqisi2
 416:./lwip-2.1.2/src/core/ipv4/dhcp.c ****     dhcp->tries++;
 2783              		.loc 1 416 6 view .LVU957
 2784 079c FF2B     		cmp	r3, #255
 2785 079e 12D0     		beq	.L149
 417:./lwip-2.1.2/src/core/ipv4/dhcp.c ****   }
 2786              		.loc 1 417 5 is_stmt 1 view .LVU958
 417:./lwip-2.1.2/src/core/ipv4/dhcp.c ****   }
 2787              		.loc 1 417 16 is_stmt 0 view .LVU959
 2788 07a0 0133     		adds	r3, r3, #1
 2789 07a2 DAB2     		uxtb	r2, r3
 419:./lwip-2.1.2/src/core/ipv4/dhcp.c ****   dhcp->request_timeout = (u16_t)((msecs + DHCP_FINE_TIMER_MSECS - 1) / DHCP_FINE_TIMER_MSECS);
 2790              		.loc 1 419 11 view .LVU960
 2791 07a4 052A     		cmp	r2, #5
 417:./lwip-2.1.2/src/core/ipv4/dhcp.c ****   }
 2792              		.loc 1 417 16 view .LVU961
 2793 07a6 B271     		strb	r2, [r6, #6]
 419:./lwip-2.1.2/src/core/ipv4/dhcp.c ****   dhcp->request_timeout = (u16_t)((msecs + DHCP_FINE_TIMER_MSECS - 1) / DHCP_FINE_TIMER_MSECS);
 2794              		.loc 1 419 3 is_stmt 1 view .LVU962
 419:./lwip-2.1.2/src/core/ipv4/dhcp.c ****   dhcp->request_timeout = (u16_t)((msecs + DHCP_FINE_TIMER_MSECS - 1) / DHCP_FINE_TIMER_MSECS);
 2795              		.loc 1 419 11 is_stmt 0 view .LVU963
 2796 07a8 0DD8     		bhi	.L149
 419:./lwip-2.1.2/src/core/ipv4/dhcp.c ****   dhcp->request_timeout = (u16_t)((msecs + DHCP_FINE_TIMER_MSECS - 1) / DHCP_FINE_TIMER_MSECS);
 2797              		.loc 1 419 11 discriminator 1 view .LVU964
 2798 07aa 4FF47A73 		mov	r3, #1000
 420:./lwip-2.1.2/src/core/ipv4/dhcp.c ****   LWIP_DEBUGF(DHCP_DEBUG | LWIP_DBG_STATE, ("dhcp_select(): set request timeout %"U16_F" msecs\n", 
 2799              		.loc 1 420 71 view .LVU965
 2800 07ae 0A49     		ldr	r1, .L166+12
 419:./lwip-2.1.2/src/core/ipv4/dhcp.c ****   dhcp->request_timeout = (u16_t)((msecs + DHCP_FINE_TIMER_MSECS - 1) / DHCP_FINE_TIMER_MSECS);
 2801              		.loc 1 419 11 discriminator 1 view .LVU966
 2802 07b0 9340     		lsls	r3, r3, r2
 420:./lwip-2.1.2/src/core/ipv4/dhcp.c ****   LWIP_DEBUGF(DHCP_DEBUG | LWIP_DBG_STATE, ("dhcp_select(): set request timeout %"U16_F" msecs\n", 
 2803              		.loc 1 420 66 view .LVU967
 2804 07b2 03F2F313 		addw	r3, r3, #499
 2805 07b6 9BB2     		uxth	r3, r3
 420:./lwip-2.1.2/src/core/ipv4/dhcp.c ****   LWIP_DEBUGF(DHCP_DEBUG | LWIP_DBG_STATE, ("dhcp_select(): set request timeout %"U16_F" msecs\n", 
 2806              		.loc 1 420 71 view .LVU968
 2807 07b8 A1FB0313 		umull	r1, r3, r1, r3
 420:./lwip-2.1.2/src/core/ipv4/dhcp.c ****   LWIP_DEBUGF(DHCP_DEBUG | LWIP_DBG_STATE, ("dhcp_select(): set request timeout %"U16_F" msecs\n", 
 2808              		.loc 1 420 27 view .LVU969
 2809 07bc 5B09     		lsrs	r3, r3, #5
 2810              	.L148:
 420:./lwip-2.1.2/src/core/ipv4/dhcp.c ****   LWIP_DEBUGF(DHCP_DEBUG | LWIP_DBG_STATE, ("dhcp_select(): set request timeout %"U16_F" msecs\n", 
 2811              		.loc 1 420 3 is_stmt 1 view .LVU970
 420:./lwip-2.1.2/src/core/ipv4/dhcp.c ****   LWIP_DEBUGF(DHCP_DEBUG | LWIP_DBG_STATE, ("dhcp_select(): set request timeout %"U16_F" msecs\n", 
 2812              		.loc 1 420 25 is_stmt 0 view .LVU971
 2813 07be 3381     		strh	r3, [r6, #8]	@ movhi
 421:./lwip-2.1.2/src/core/ipv4/dhcp.c ****   return result;
 2814              		.loc 1 421 107 is_stmt 1 view .LVU972
 422:./lwip-2.1.2/src/core/ipv4/dhcp.c **** }
 2815              		.loc 1 422 3 view .LVU973
 2816              	.LVL170:
 2817              	.L142:
 423:./lwip-2.1.2/src/core/ipv4/dhcp.c **** 
 2818              		.loc 1 423 1 is_stmt 0 view .LVU974
 2819 07c0 0BB0     		add	sp, sp, #44
 2820              	.LCFI22:
 2821              		.cfi_remember_state
 2822              		.cfi_def_cfa_offset 36
 2823              		@ sp needed
 2824 07c2 BDE8F08F 		pop	{r4, r5, r6, r7, r8, r9, r10, fp, pc}
 2825              	.LVL171:
 2826              	.L149:
 2827              	.LCFI23:
 2828              		.cfi_restore_state
 2829              	.LBB470:
 2830              	.LBB469:
 2831              	.LBB449:
1967:./lwip-2.1.2/src/core/ipv4/dhcp.c ****   }
 2832              		.loc 1 1967 32 view .LVU975
 2833 07c6 7823     		movs	r3, #120
 2834 07c8 F9E7     		b	.L148
 2835              	.LVL172:
 2836              	.L163:
 2837              	.LCFI24:
 2838              		.cfi_def_cfa_offset 0
 2839              		.cfi_restore 4
 2840              		.cfi_restore 5
 2841              		.cfi_restore 6
 2842              		.cfi_restore 7
 2843              		.cfi_restore 8
 2844              		.cfi_restore 9
 2845              		.cfi_restore 10
 2846              		.cfi_restore 11
 2847              		.cfi_restore 14
1967:./lwip-2.1.2/src/core/ipv4/dhcp.c ****   }
 2848              		.loc 1 1967 32 view .LVU976
 2849 07ca 7047     		bx	lr
 2850              	.L167:
 2851              		.align	2
 2852              	.L166:
 2853 07cc 00000000 		.word	.LANCHOR0
 2854 07d0 00000000 		.word	ip_addr_any
 2855 07d4 00000000 		.word	ip_addr_broadcast
 2856 07d8 D34D6210 		.word	274877907
 2857              	.LBE449:
 2858              	.LBE469:
 2859              	.LBE470:
 2860              		.cfi_endproc
 2861              	.LFE66:
 2863              		.align	1
 2864              		.p2align 2,,3
 2865              		.syntax unified
 2866              		.thumb
 2867              		.thumb_func
 2869              	dhcp_recv:
 2870              	.LVL173:
 2871              	.LFB59:
1755:./lwip-2.1.2/src/core/ipv4/dhcp.c ****   struct netif *netif = ip_current_input_netif();
 2872              		.loc 1 1755 1 is_stmt 1 view -0
 2873              		.cfi_startproc
 2874              		@ args = 4, pretend = 0, frame = 32
 2875              		@ frame_needed = 0, uses_anonymous_args = 0
1756:./lwip-2.1.2/src/core/ipv4/dhcp.c ****   struct dhcp *dhcp = netif_dhcp_data(netif);
 2876              		.loc 1 1756 3 view .LVU978
1756:./lwip-2.1.2/src/core/ipv4/dhcp.c ****   struct dhcp *dhcp = netif_dhcp_data(netif);
 2877              		.loc 1 1756 17 is_stmt 0 view .LVU979
 2878 07dc 904B     		ldr	r3, .L299
 2879              	.LVL174:
1755:./lwip-2.1.2/src/core/ipv4/dhcp.c ****   struct netif *netif = ip_current_input_netif();
 2880              		.loc 1 1755 1 view .LVU980
 2881 07de 2DE9F04F 		push	{r4, r5, r6, r7, r8, r9, r10, fp, lr}
 2882              	.LCFI25:
 2883              		.cfi_def_cfa_offset 36
 2884              		.cfi_offset 4, -36
 2885              		.cfi_offset 5, -32
 2886              		.cfi_offset 6, -28
 2887              		.cfi_offset 7, -24
 2888              		.cfi_offset 8, -20
 2889              		.cfi_offset 9, -16
 2890              		.cfi_offset 10, -12
 2891              		.cfi_offset 11, -8
 2892              		.cfi_offset 14, -4
1756:./lwip-2.1.2/src/core/ipv4/dhcp.c ****   struct dhcp *dhcp = netif_dhcp_data(netif);
 2893              		.loc 1 1756 17 view .LVU981
 2894 07e2 5F68     		ldr	r7, [r3, #4]
 2895              	.LVL175:
1757:./lwip-2.1.2/src/core/ipv4/dhcp.c ****   struct dhcp_msg *reply_msg = (struct dhcp_msg *)p->payload;
 2896              		.loc 1 1757 3 is_stmt 1 view .LVU982
1755:./lwip-2.1.2/src/core/ipv4/dhcp.c ****   struct netif *netif = ip_current_input_netif();
 2897              		.loc 1 1755 1 is_stmt 0 view .LVU983
 2898 07e4 1446     		mov	r4, r2
 2899 07e6 89B0     		sub	sp, sp, #36
 2900              	.LCFI26:
 2901              		.cfi_def_cfa_offset 72
1758:./lwip-2.1.2/src/core/ipv4/dhcp.c ****   u8_t msg_type;
 2902              		.loc 1 1758 20 view .LVU984
 2903 07e8 5268     		ldr	r2, [r2, #4]
 2904              	.LVL176:
1757:./lwip-2.1.2/src/core/ipv4/dhcp.c ****   struct dhcp_msg *reply_msg = (struct dhcp_msg *)p->payload;
 2905              		.loc 1 1757 16 view .LVU985
 2906 07ea 3D6A     		ldr	r5, [r7, #32]
 2907              	.LVL177:
1758:./lwip-2.1.2/src/core/ipv4/dhcp.c ****   u8_t msg_type;
 2908              		.loc 1 1758 3 is_stmt 1 view .LVU986
1759:./lwip-2.1.2/src/core/ipv4/dhcp.c ****   u8_t i;
 2909              		.loc 1 1759 3 view .LVU987
1760:./lwip-2.1.2/src/core/ipv4/dhcp.c ****   struct dhcp_msg *msg_in;
 2910              		.loc 1 1760 3 view .LVU988
1761:./lwip-2.1.2/src/core/ipv4/dhcp.c **** 
 2911              		.loc 1 1761 3 view .LVU989
1763:./lwip-2.1.2/src/core/ipv4/dhcp.c **** 
 2912              		.loc 1 1763 3 view .LVU990
1766:./lwip-2.1.2/src/core/ipv4/dhcp.c ****     goto free_pbuf_and_return;
 2913              		.loc 1 1766 3 view .LVU991
1766:./lwip-2.1.2/src/core/ipv4/dhcp.c ****     goto free_pbuf_and_return;
 2914              		.loc 1 1766 6 is_stmt 0 view .LVU992
 2915 07ec 002D     		cmp	r5, #0
 2916 07ee 00F08380 		beq	.L170
1766:./lwip-2.1.2/src/core/ipv4/dhcp.c ****     goto free_pbuf_and_return;
 2917              		.loc 1 1766 22 discriminator 1 view .LVU993
 2918 07f2 2B79     		ldrb	r3, [r5, #4]	@ zero_extendqisi2
 2919 07f4 002B     		cmp	r3, #0
 2920 07f6 7FD0     		beq	.L170
1770:./lwip-2.1.2/src/core/ipv4/dhcp.c **** 
 2921              		.loc 1 1770 61 is_stmt 1 view .LVU994
1773:./lwip-2.1.2/src/core/ipv4/dhcp.c ****   LWIP_DEBUGF(DHCP_DEBUG | LWIP_DBG_TRACE, ("pbuf->len = %"U16_F"\n", p->len));
 2922              		.loc 1 1773 141 view .LVU995
1774:./lwip-2.1.2/src/core/ipv4/dhcp.c ****   LWIP_DEBUGF(DHCP_DEBUG | LWIP_DBG_TRACE, ("pbuf->tot_len = %"U16_F"\n", p->tot_len));
 2923              		.loc 1 1774 79 view .LVU996
1775:./lwip-2.1.2/src/core/ipv4/dhcp.c ****   /* prevent warnings about unused arguments */
 2924              		.loc 1 1775 87 view .LVU997
1777:./lwip-2.1.2/src/core/ipv4/dhcp.c ****   LWIP_UNUSED_ARG(addr);
 2925              		.loc 1 1777 3 view .LVU998
1778:./lwip-2.1.2/src/core/ipv4/dhcp.c ****   LWIP_UNUSED_ARG(port);
 2926              		.loc 1 1778 3 view .LVU999
1779:./lwip-2.1.2/src/core/ipv4/dhcp.c **** 
 2927              		.loc 1 1779 3 view .LVU1000
1781:./lwip-2.1.2/src/core/ipv4/dhcp.c ****     LWIP_DEBUGF(DHCP_DEBUG | LWIP_DBG_TRACE | LWIP_DBG_LEVEL_WARNING, ("DHCP reply message or pbuf 
 2928              		.loc 1 1781 3 view .LVU1001
1781:./lwip-2.1.2/src/core/ipv4/dhcp.c ****     LWIP_DEBUGF(DHCP_DEBUG | LWIP_DBG_TRACE | LWIP_DBG_LEVEL_WARNING, ("DHCP reply message or pbuf 
 2929              		.loc 1 1781 6 is_stmt 0 view .LVU1002
 2930 07f8 6389     		ldrh	r3, [r4, #10]
 2931 07fa 2B2B     		cmp	r3, #43
 2932 07fc 7CD9     		bls	.L170
1786:./lwip-2.1.2/src/core/ipv4/dhcp.c ****     LWIP_DEBUGF(DHCP_DEBUG | LWIP_DBG_TRACE | LWIP_DBG_LEVEL_WARNING, ("not a DHCP reply message, b
 2933              		.loc 1 1786 3 is_stmt 1 view .LVU1003
1786:./lwip-2.1.2/src/core/ipv4/dhcp.c ****     LWIP_DEBUGF(DHCP_DEBUG | LWIP_DBG_TRACE | LWIP_DBG_LEVEL_WARNING, ("not a DHCP reply message, b
 2934              		.loc 1 1786 6 is_stmt 0 view .LVU1004
 2935 07fe 1378     		ldrb	r3, [r2]	@ zero_extendqisi2
 2936 0800 022B     		cmp	r3, #2
 2937 0802 79D1     		bne	.L170
 2938              	.LVL178:
1791:./lwip-2.1.2/src/core/ipv4/dhcp.c ****     if (netif->hwaddr[i] != reply_msg->chaddr[i]) {
 2939              		.loc 1 1791 37 is_stmt 1 discriminator 1 view .LVU1005
1791:./lwip-2.1.2/src/core/ipv4/dhcp.c ****     if (netif->hwaddr[i] != reply_msg->chaddr[i]) {
 2940              		.loc 1 1791 24 is_stmt 0 discriminator 1 view .LVU1006
 2941 0804 97F82CE0 		ldrb	lr, [r7, #44]	@ zero_extendqisi2
1791:./lwip-2.1.2/src/core/ipv4/dhcp.c ****     if (netif->hwaddr[i] != reply_msg->chaddr[i]) {
 2942              		.loc 1 1791 37 discriminator 3 view .LVU1007
 2943 0808 BEF1000F 		cmp	lr, #0
 2944 080c 10D0     		beq	.L172
 2945 080e 07F12500 		add	r0, r7, #37
 2946              	.LVL179:
1791:./lwip-2.1.2/src/core/ipv4/dhcp.c ****     if (netif->hwaddr[i] != reply_msg->chaddr[i]) {
 2947              		.loc 1 1791 37 discriminator 3 view .LVU1008
 2948 0812 02F11B01 		add	r1, r2, #27
 2949              	.LVL180:
1791:./lwip-2.1.2/src/core/ipv4/dhcp.c ****     if (netif->hwaddr[i] != reply_msg->chaddr[i]) {
 2950              		.loc 1 1791 10 view .LVU1009
 2951 0816 0023     		movs	r3, #0
 2952              	.LVL181:
 2953              	.L173:
1792:./lwip-2.1.2/src/core/ipv4/dhcp.c ****       LWIP_DEBUGF(DHCP_DEBUG | LWIP_DBG_TRACE | LWIP_DBG_LEVEL_WARNING,
 2954              		.loc 1 1792 5 is_stmt 1 view .LVU1010
1791:./lwip-2.1.2/src/core/ipv4/dhcp.c ****     if (netif->hwaddr[i] != reply_msg->chaddr[i]) {
 2955              		.loc 1 1791 94 discriminator 2 view .LVU1011
1792:./lwip-2.1.2/src/core/ipv4/dhcp.c ****       LWIP_DEBUGF(DHCP_DEBUG | LWIP_DBG_TRACE | LWIP_DBG_LEVEL_WARNING,
 2956              		.loc 1 1792 8 is_stmt 0 view .LVU1012
 2957 0818 10F801CF 		ldrb	ip, [r0, #1]!	@ zero_extendqisi2
1791:./lwip-2.1.2/src/core/ipv4/dhcp.c ****     if (netif->hwaddr[i] != reply_msg->chaddr[i]) {
 2958              		.loc 1 1791 94 discriminator 2 view .LVU1013
 2959 081c 0133     		adds	r3, r3, #1
 2960              	.LVL182:
1792:./lwip-2.1.2/src/core/ipv4/dhcp.c ****       LWIP_DEBUGF(DHCP_DEBUG | LWIP_DBG_TRACE | LWIP_DBG_LEVEL_WARNING,
 2961              		.loc 1 1792 8 view .LVU1014
 2962 081e 11F8016F 		ldrb	r6, [r1, #1]!	@ zero_extendqisi2
1791:./lwip-2.1.2/src/core/ipv4/dhcp.c ****     if (netif->hwaddr[i] != reply_msg->chaddr[i]) {
 2963              		.loc 1 1791 94 discriminator 2 view .LVU1015
 2964 0822 DBB2     		uxtb	r3, r3
 2965              	.LVL183:
1791:./lwip-2.1.2/src/core/ipv4/dhcp.c ****     if (netif->hwaddr[i] != reply_msg->chaddr[i]) {
 2966              		.loc 1 1791 37 is_stmt 1 discriminator 1 view .LVU1016
1792:./lwip-2.1.2/src/core/ipv4/dhcp.c ****       LWIP_DEBUGF(DHCP_DEBUG | LWIP_DBG_TRACE | LWIP_DBG_LEVEL_WARNING,
 2967              		.loc 1 1792 8 is_stmt 0 view .LVU1017
 2968 0824 B445     		cmp	ip, r6
 2969 0826 67D1     		bne	.L170
1791:./lwip-2.1.2/src/core/ipv4/dhcp.c ****     if (netif->hwaddr[i] != reply_msg->chaddr[i]) {
 2970              		.loc 1 1791 37 discriminator 3 view .LVU1018
 2971 0828 062B     		cmp	r3, #6
 2972 082a 01D0     		beq	.L172
 2973 082c 7345     		cmp	r3, lr
 2974 082e F3D3     		bcc	.L173
 2975              	.LVL184:
 2976              	.L172:
1800:./lwip-2.1.2/src/core/ipv4/dhcp.c ****     LWIP_DEBUGF(DHCP_DEBUG | LWIP_DBG_TRACE | LWIP_DBG_LEVEL_WARNING,
 2977              		.loc 1 1800 3 is_stmt 1 view .LVU1019
1800:./lwip-2.1.2/src/core/ipv4/dhcp.c ****     LWIP_DEBUGF(DHCP_DEBUG | LWIP_DBG_TRACE | LWIP_DBG_LEVEL_WARNING,
 2978              		.loc 1 1800 7 is_stmt 0 view .LVU1020
 2979 0830 5068     		ldr	r0, [r2, #4]	@ unaligned
 2980 0832 FFF7FEFF 		bl	lwip_htonl
 2981              	.LVL185:
1800:./lwip-2.1.2/src/core/ipv4/dhcp.c ****     LWIP_DEBUGF(DHCP_DEBUG | LWIP_DBG_TRACE | LWIP_DBG_LEVEL_WARNING,
 2982              		.loc 1 1800 6 discriminator 1 view .LVU1021
 2983 0836 2B68     		ldr	r3, [r5]
 2984 0838 9842     		cmp	r0, r3
 2985 083a 5DD1     		bne	.L170
1806:./lwip-2.1.2/src/core/ipv4/dhcp.c ****     LWIP_DEBUGF(DHCP_DEBUG | LWIP_DBG_TRACE | LWIP_DBG_LEVEL_SERIOUS,
 2986              		.loc 1 1806 3 is_stmt 1 view .LVU1022
 2987              	.LVL186:
 2988              	.LBB487:
 2989              	.LBI487:
1507:./lwip-2.1.2/src/core/ipv4/dhcp.c **** {
 2990              		.loc 1 1507 1 view .LVU1023
 2991              	.LBB488:
1509:./lwip-2.1.2/src/core/ipv4/dhcp.c ****   u16_t offset;
 2992              		.loc 1 1509 3 view .LVU1024
1510:./lwip-2.1.2/src/core/ipv4/dhcp.c ****   u16_t offset_max;
 2993              		.loc 1 1510 3 view .LVU1025
1511:./lwip-2.1.2/src/core/ipv4/dhcp.c ****   u16_t options_idx;
 2994              		.loc 1 1511 3 view .LVU1026
1512:./lwip-2.1.2/src/core/ipv4/dhcp.c ****   u16_t options_idx_max;
 2995              		.loc 1 1512 3 view .LVU1027
1513:./lwip-2.1.2/src/core/ipv4/dhcp.c ****   struct pbuf *q;
 2996              		.loc 1 1513 3 view .LVU1028
1514:./lwip-2.1.2/src/core/ipv4/dhcp.c ****   int parse_file_as_options = 0;
 2997              		.loc 1 1514 3 view .LVU1029
1515:./lwip-2.1.2/src/core/ipv4/dhcp.c ****   int parse_sname_as_options = 0;
 2998              		.loc 1 1515 3 view .LVU1030
1516:./lwip-2.1.2/src/core/ipv4/dhcp.c ****   struct dhcp_msg *msg_in;
 2999              		.loc 1 1516 3 view .LVU1031
1517:./lwip-2.1.2/src/core/ipv4/dhcp.c **** #if LWIP_DHCP_BOOTP_FILE
 3000              		.loc 1 1517 3 view .LVU1032
1522:./lwip-2.1.2/src/core/ipv4/dhcp.c **** 
 3001              		.loc 1 1522 3 view .LVU1033
1525:./lwip-2.1.2/src/core/ipv4/dhcp.c ****   /* check that beginning of dhcp_msg (up to and including chaddr) is in first pbuf */
 3002              		.loc 1 1525 3 view .LVU1034
 3003 083c DFF8E4A1 		ldr	r10, .L299+4
 3004 0840 0022     		movs	r2, #0
 3005 0842 CAE90322 		strd	r2, r2, [r10, #12]
1527:./lwip-2.1.2/src/core/ipv4/dhcp.c ****     return ERR_BUF;
 3006              		.loc 1 1527 8 is_stmt 0 view .LVU1035
 3007 0846 6389     		ldrh	r3, [r4, #10]
1527:./lwip-2.1.2/src/core/ipv4/dhcp.c ****     return ERR_BUF;
 3008              		.loc 1 1527 6 view .LVU1036
 3009 0848 2B2B     		cmp	r3, #43
 3010 084a 55D9     		bls	.L170
1530:./lwip-2.1.2/src/core/ipv4/dhcp.c **** #if LWIP_DHCP_BOOTP_FILE
 3011              		.loc 1 1530 3 is_stmt 1 view .LVU1037
 3012              	.LVL187:
1539:./lwip-2.1.2/src/core/ipv4/dhcp.c ****   /* parse options to the end of the received packet */
 3013              		.loc 1 1539 3 view .LVU1038
1541:./lwip-2.1.2/src/core/ipv4/dhcp.c **** again:
 3014              		.loc 1 1541 3 view .LVU1039
1516:./lwip-2.1.2/src/core/ipv4/dhcp.c ****   struct dhcp_msg *msg_in;
 3015              		.loc 1 1516 7 is_stmt 0 view .LVU1040
 3016 084c 9146     		mov	r9, r2
1539:./lwip-2.1.2/src/core/ipv4/dhcp.c ****   /* parse options to the end of the received packet */
 3017              		.loc 1 1539 15 view .LVU1041
 3018 084e F022     		movs	r2, #240
1541:./lwip-2.1.2/src/core/ipv4/dhcp.c **** again:
 3019              		.loc 1 1541 19 view .LVU1042
 3020 0850 B4F808B0 		ldrh	fp, [r4, #8]
 3021              	.LVL188:
1541:./lwip-2.1.2/src/core/ipv4/dhcp.c **** again:
 3022              		.loc 1 1541 19 view .LVU1043
 3023 0854 A046     		mov	r8, r4
 3024 0856 1646     		mov	r6, r2
 3025 0858 CDF80890 		str	r9, [sp, #8]
 3026 085c CDE90375 		strd	r7, r5, [sp, #12]
 3027              	.LVL189:
 3028              	.L175:
1543:./lwip-2.1.2/src/core/ipv4/dhcp.c ****   while ((q != NULL) && (options_idx >= q->len)) {
 3029              		.loc 1 1543 3 is_stmt 1 view .LVU1044
1544:./lwip-2.1.2/src/core/ipv4/dhcp.c ****     options_idx = (u16_t)(options_idx - q->len);
 3030              		.loc 1 1544 3 view .LVU1045
1544:./lwip-2.1.2/src/core/ipv4/dhcp.c ****     options_idx = (u16_t)(options_idx - q->len);
 3031              		.loc 1 1544 22 view .LVU1046
1543:./lwip-2.1.2/src/core/ipv4/dhcp.c ****   while ((q != NULL) && (options_idx >= q->len)) {
 3032              		.loc 1 1543 5 is_stmt 0 view .LVU1047
 3033 0860 4546     		mov	r5, r8
 3034 0862 06E0     		b	.L176
 3035              	.LVL190:
 3036              	.L178:
1547:./lwip-2.1.2/src/core/ipv4/dhcp.c ****   }
 3037              		.loc 1 1547 7 view .LVU1048
 3038 0864 2D68     		ldr	r5, [r5]
 3039              	.LVL191:
1545:./lwip-2.1.2/src/core/ipv4/dhcp.c ****     options_idx_max = (u16_t)(options_idx_max - q->len);
 3040              		.loc 1 1545 17 view .LVU1049
 3041 0866 96B2     		uxth	r6, r2
 3042              	.LVL192:
1546:./lwip-2.1.2/src/core/ipv4/dhcp.c ****     q = q->next;
 3043              		.loc 1 1546 5 is_stmt 1 view .LVU1050
1546:./lwip-2.1.2/src/core/ipv4/dhcp.c ****     q = q->next;
 3044              		.loc 1 1546 21 is_stmt 0 view .LVU1051
 3045 0868 1FFA83FB 		uxth	fp, r3
 3046              	.LVL193:
1547:./lwip-2.1.2/src/core/ipv4/dhcp.c ****   }
 3047              		.loc 1 1547 5 is_stmt 1 view .LVU1052
1544:./lwip-2.1.2/src/core/ipv4/dhcp.c ****     options_idx = (u16_t)(options_idx - q->len);
 3048              		.loc 1 1544 22 view .LVU1053
 3049 086c 002D     		cmp	r5, #0
 3050 086e 42D0     		beq	.L288
1544:./lwip-2.1.2/src/core/ipv4/dhcp.c ****     options_idx = (u16_t)(options_idx - q->len);
 3051              		.loc 1 1544 42 is_stmt 0 discriminator 1 view .LVU1054
 3052 0870 6B89     		ldrh	r3, [r5, #10]
 3053              	.L176:
1545:./lwip-2.1.2/src/core/ipv4/dhcp.c ****     options_idx_max = (u16_t)(options_idx_max - q->len);
 3054              		.loc 1 1545 5 is_stmt 1 view .LVU1055
1544:./lwip-2.1.2/src/core/ipv4/dhcp.c ****     options_idx = (u16_t)(options_idx - q->len);
 3055              		.loc 1 1544 22 is_stmt 0 discriminator 1 view .LVU1056
 3056 0872 B342     		cmp	r3, r6
1545:./lwip-2.1.2/src/core/ipv4/dhcp.c ****     options_idx_max = (u16_t)(options_idx_max - q->len);
 3057              		.loc 1 1545 17 view .LVU1057
 3058 0874 A6EB0302 		sub	r2, r6, r3
1546:./lwip-2.1.2/src/core/ipv4/dhcp.c ****     q = q->next;
 3059              		.loc 1 1546 21 view .LVU1058
 3060 0878 ABEB0303 		sub	r3, fp, r3
1544:./lwip-2.1.2/src/core/ipv4/dhcp.c ****     options_idx = (u16_t)(options_idx - q->len);
 3061              		.loc 1 1544 22 discriminator 1 view .LVU1059
 3062 087c F2D9     		bls	.L178
1549:./lwip-2.1.2/src/core/ipv4/dhcp.c ****     return ERR_BUF;
 3063              		.loc 1 1549 3 is_stmt 1 view .LVU1060
1552:./lwip-2.1.2/src/core/ipv4/dhcp.c ****   offset_max = options_idx_max;
 3064              		.loc 1 1552 3 view .LVU1061
 3065              	.LVL194:
1553:./lwip-2.1.2/src/core/ipv4/dhcp.c ****   options = (u8_t *)q->payload;
 3066              		.loc 1 1553 3 view .LVU1062
1554:./lwip-2.1.2/src/core/ipv4/dhcp.c ****   /* at least 1 byte to read and no end marker, then at least 3 bytes to read? */
 3067              		.loc 1 1554 3 view .LVU1063
1554:./lwip-2.1.2/src/core/ipv4/dhcp.c ****   /* at least 1 byte to read and no end marker, then at least 3 bytes to read? */
 3068              		.loc 1 1554 11 is_stmt 0 view .LVU1064
 3069 087e 6B68     		ldr	r3, [r5, #4]
1556:./lwip-2.1.2/src/core/ipv4/dhcp.c ****     u8_t op = options[offset];
 3070              		.loc 1 1556 47 view .LVU1065
 3071 0880 B345     		cmp	fp, r6
1554:./lwip-2.1.2/src/core/ipv4/dhcp.c ****   /* at least 1 byte to read and no end marker, then at least 3 bytes to read? */
 3072              		.loc 1 1554 11 view .LVU1066
 3073 0882 0193     		str	r3, [sp, #4]
 3074              	.LVL195:
1556:./lwip-2.1.2/src/core/ipv4/dhcp.c ****     u8_t op = options[offset];
 3075              		.loc 1 1556 3 is_stmt 1 view .LVU1067
1556:./lwip-2.1.2/src/core/ipv4/dhcp.c ****     u8_t op = options[offset];
 3076              		.loc 1 1556 47 view .LVU1068
 3077 0884 40F2E580 		bls	.L215
1552:./lwip-2.1.2/src/core/ipv4/dhcp.c ****   offset_max = options_idx_max;
 3078              		.loc 1 1552 10 is_stmt 0 view .LVU1069
 3079 0888 3746     		mov	r7, r6
 3080              	.LBB489:
 3081              	.LBB490:
1653:./lwip-2.1.2/src/core/ipv4/dhcp.c ****         u16_t copy_len;
 3082              		.loc 1 1653 15 view .LVU1070
 3083 088a 0024     		movs	r4, #0
1659:./lwip-2.1.2/src/core/ipv4/dhcp.c ****             return ERR_BUF;
 3084              		.loc 1 1659 15 view .LVU1071
 3085 088c 0596     		str	r6, [sp, #20]
 3086              	.LVL196:
 3087              	.L179:
1659:./lwip-2.1.2/src/core/ipv4/dhcp.c ****             return ERR_BUF;
 3088              		.loc 1 1659 15 view .LVU1072
 3089              	.LBE490:
 3090              	.LBE489:
1556:./lwip-2.1.2/src/core/ipv4/dhcp.c ****     u8_t op = options[offset];
 3091              		.loc 1 1556 58 discriminator 1 view .LVU1073
 3092 088e 019B     		ldr	r3, [sp, #4]
 3093 0890 D85D     		ldrb	r0, [r3, r7]	@ zero_extendqisi2
1556:./lwip-2.1.2/src/core/ipv4/dhcp.c ****     u8_t op = options[offset];
 3094              		.loc 1 1556 47 discriminator 1 view .LVU1074
 3095 0892 FF28     		cmp	r0, #255
 3096 0894 00F0DD80 		beq	.L215
 3097              	.LBB494:
1557:./lwip-2.1.2/src/core/ipv4/dhcp.c ****     u8_t len;
 3098              		.loc 1 1557 5 is_stmt 1 view .LVU1075
 3099              	.LVL197:
1558:./lwip-2.1.2/src/core/ipv4/dhcp.c ****     u8_t decode_len = 0;
 3100              		.loc 1 1558 5 view .LVU1076
1559:./lwip-2.1.2/src/core/ipv4/dhcp.c ****     int decode_idx = -1;
 3101              		.loc 1 1559 5 view .LVU1077
1560:./lwip-2.1.2/src/core/ipv4/dhcp.c ****     u16_t val_offset = (u16_t)(offset + 2);
 3102              		.loc 1 1560 5 view .LVU1078
1561:./lwip-2.1.2/src/core/ipv4/dhcp.c ****     if (val_offset < offset) {
 3103              		.loc 1 1561 5 view .LVU1079
1561:./lwip-2.1.2/src/core/ipv4/dhcp.c ****     if (val_offset < offset) {
 3104              		.loc 1 1561 11 is_stmt 0 view .LVU1080
 3105 0898 BB1C     		adds	r3, r7, #2
 3106 089a 9BB2     		uxth	r3, r3
 3107              	.LVL198:
1562:./lwip-2.1.2/src/core/ipv4/dhcp.c ****       /* overflow */
 3108              		.loc 1 1562 5 is_stmt 1 view .LVU1081
1562:./lwip-2.1.2/src/core/ipv4/dhcp.c ****       /* overflow */
 3109              		.loc 1 1562 8 is_stmt 0 view .LVU1082
 3110 089c BB42     		cmp	r3, r7
 3111 089e 2AD3     		bcc	.L288
1567:./lwip-2.1.2/src/core/ipv4/dhcp.c ****       len = options[offset + 1];
 3112              		.loc 1 1567 5 is_stmt 1 view .LVU1083
1567:./lwip-2.1.2/src/core/ipv4/dhcp.c ****       len = options[offset + 1];
 3113              		.loc 1 1567 17 is_stmt 0 view .LVU1084
 3114 08a0 07F1010C 		add	ip, r7, #1
1567:./lwip-2.1.2/src/core/ipv4/dhcp.c ****       len = options[offset + 1];
 3115              		.loc 1 1567 25 view .LVU1085
 3116 08a4 6989     		ldrh	r1, [r5, #10]
1567:./lwip-2.1.2/src/core/ipv4/dhcp.c ****       len = options[offset + 1];
 3117              		.loc 1 1567 8 view .LVU1086
 3118 08a6 8C45     		cmp	ip, r1
 3119 08a8 80F2CB80 		bge	.L183
1568:./lwip-2.1.2/src/core/ipv4/dhcp.c ****     } else {
 3120              		.loc 1 1568 7 is_stmt 1 view .LVU1087
1568:./lwip-2.1.2/src/core/ipv4/dhcp.c ****     } else {
 3121              		.loc 1 1568 11 is_stmt 0 view .LVU1088
 3122 08ac 019A     		ldr	r2, [sp, #4]
 3123 08ae 3A44     		add	r2, r2, r7
 3124 08b0 5678     		ldrb	r6, [r2, #1]	@ zero_extendqisi2
 3125              	.LVL199:
 3126              	.L184:
1573:./lwip-2.1.2/src/core/ipv4/dhcp.c ****     switch (op) {
 3127              		.loc 1 1573 5 is_stmt 1 view .LVU1089
1574:./lwip-2.1.2/src/core/ipv4/dhcp.c ****       /* case(DHCP_OPTION_END): handled above */
 3128              		.loc 1 1574 5 view .LVU1090
 3129 08b2 3B28     		cmp	r0, #59
 3130 08b4 26D8     		bhi	.L186
 3131 08b6 DFE800F0 		tbb	[pc, r0]
 3132              	.L188:
 3133 08ba 3E       		.byte	(.L196-.L188)/2
 3134 08bb 89       		.byte	(.L195-.L188)/2
 3135 08bc 25       		.byte	(.L186-.L188)/2
 3136 08bd 7C       		.byte	(.L194-.L188)/2
 3137 08be 25       		.byte	(.L186-.L188)/2
 3138 08bf 25       		.byte	(.L186-.L188)/2
 3139 08c0 25       		.byte	(.L186-.L188)/2
 3140 08c1 25       		.byte	(.L186-.L188)/2
 3141 08c2 25       		.byte	(.L186-.L188)/2
 3142 08c3 25       		.byte	(.L186-.L188)/2
 3143 08c4 25       		.byte	(.L186-.L188)/2
 3144 08c5 25       		.byte	(.L186-.L188)/2
 3145 08c6 25       		.byte	(.L186-.L188)/2
 3146 08c7 25       		.byte	(.L186-.L188)/2
 3147 08c8 25       		.byte	(.L186-.L188)/2
 3148 08c9 25       		.byte	(.L186-.L188)/2
 3149 08ca 25       		.byte	(.L186-.L188)/2
 3150 08cb 25       		.byte	(.L186-.L188)/2
 3151 08cc 25       		.byte	(.L186-.L188)/2
 3152 08cd 25       		.byte	(.L186-.L188)/2
 3153 08ce 25       		.byte	(.L186-.L188)/2
 3154 08cf 25       		.byte	(.L186-.L188)/2
 3155 08d0 25       		.byte	(.L186-.L188)/2
 3156 08d1 25       		.byte	(.L186-.L188)/2
 3157 08d2 25       		.byte	(.L186-.L188)/2
 3158 08d3 25       		.byte	(.L186-.L188)/2
 3159 08d4 25       		.byte	(.L186-.L188)/2
 3160 08d5 25       		.byte	(.L186-.L188)/2
 3161 08d6 25       		.byte	(.L186-.L188)/2
 3162 08d7 25       		.byte	(.L186-.L188)/2
 3163 08d8 25       		.byte	(.L186-.L188)/2
 3164 08d9 25       		.byte	(.L186-.L188)/2
 3165 08da 25       		.byte	(.L186-.L188)/2
 3166 08db 25       		.byte	(.L186-.L188)/2
 3167 08dc 25       		.byte	(.L186-.L188)/2
 3168 08dd 25       		.byte	(.L186-.L188)/2
 3169 08de 25       		.byte	(.L186-.L188)/2
 3170 08df 25       		.byte	(.L186-.L188)/2
 3171 08e0 25       		.byte	(.L186-.L188)/2
 3172 08e1 25       		.byte	(.L186-.L188)/2
 3173 08e2 25       		.byte	(.L186-.L188)/2
 3174 08e3 25       		.byte	(.L186-.L188)/2
 3175 08e4 25       		.byte	(.L186-.L188)/2
 3176 08e5 25       		.byte	(.L186-.L188)/2
 3177 08e6 25       		.byte	(.L186-.L188)/2
 3178 08e7 25       		.byte	(.L186-.L188)/2
 3179 08e8 25       		.byte	(.L186-.L188)/2
 3180 08e9 25       		.byte	(.L186-.L188)/2
 3181 08ea 25       		.byte	(.L186-.L188)/2
 3182 08eb 25       		.byte	(.L186-.L188)/2
 3183 08ec 25       		.byte	(.L186-.L188)/2
 3184 08ed 71       		.byte	(.L193-.L188)/2
 3185 08ee 9E       		.byte	(.L192-.L188)/2
 3186 08ef 94       		.byte	(.L191-.L188)/2
 3187 08f0 B7       		.byte	(.L190-.L188)/2
 3188 08f1 25       		.byte	(.L186-.L188)/2
 3189 08f2 25       		.byte	(.L186-.L188)/2
 3190 08f3 25       		.byte	(.L186-.L188)/2
 3191 08f4 67       		.byte	(.L189-.L188)/2
 3192 08f5 41       		.byte	(.L187-.L188)/2
 3193              	.LVL200:
 3194              		.p2align 1
 3195              	.L288:
1574:./lwip-2.1.2/src/core/ipv4/dhcp.c ****       /* case(DHCP_OPTION_END): handled above */
 3196              		.loc 1 1574 5 is_stmt 0 view .LVU1091
 3197 08f6 4446     		mov	r4, r8
 3198              	.LVL201:
 3199              	.L170:
1574:./lwip-2.1.2/src/core/ipv4/dhcp.c ****       /* case(DHCP_OPTION_END): handled above */
 3200              		.loc 1 1574 5 view .LVU1092
 3201              	.LBE494:
 3202              	.LBE488:
 3203              	.LBE487:
1863:./lwip-2.1.2/src/core/ipv4/dhcp.c **** }
 3204              		.loc 1 1863 3 is_stmt 1 view .LVU1093
 3205 08f8 2046     		mov	r0, r4
1864:./lwip-2.1.2/src/core/ipv4/dhcp.c **** 
 3206              		.loc 1 1864 1 is_stmt 0 view .LVU1094
 3207 08fa 09B0     		add	sp, sp, #36
 3208              	.LCFI27:
 3209              		.cfi_remember_state
 3210              		.cfi_def_cfa_offset 36
 3211              		@ sp needed
 3212 08fc BDE8F04F 		pop	{r4, r5, r6, r7, r8, r9, r10, fp, lr}
 3213              	.LCFI28:
 3214              		.cfi_restore 14
 3215              		.cfi_restore 11
 3216              		.cfi_restore 10
 3217              		.cfi_restore 9
 3218              		.cfi_restore 8
 3219              		.cfi_restore 7
 3220              		.cfi_restore 6
 3221              		.cfi_restore 5
 3222              		.cfi_restore 4
 3223              		.cfi_def_cfa_offset 0
 3224              	.LVL202:
1863:./lwip-2.1.2/src/core/ipv4/dhcp.c **** }
 3225              		.loc 1 1863 3 view .LVU1095
 3226 0900 FFF7FEBF 		b	pbuf_free
 3227              	.LVL203:
 3228              	.L186:
 3229              	.LCFI29:
 3230              		.cfi_restore_state
 3231              	.LBB502:
 3232              	.LBB500:
 3233              	.LBB495:
1647:./lwip-2.1.2/src/core/ipv4/dhcp.c ****         /* overflow */
 3234              		.loc 1 1647 7 is_stmt 1 view .LVU1096
1647:./lwip-2.1.2/src/core/ipv4/dhcp.c ****         /* overflow */
 3235              		.loc 1 1647 18 is_stmt 0 view .LVU1097
 3236 0904 3744     		add	r7, r7, r6
 3237              	.LVL204:
1647:./lwip-2.1.2/src/core/ipv4/dhcp.c ****         /* overflow */
 3238              		.loc 1 1647 10 view .LVU1098
 3239 0906 4FF6FD70 		movw	r0, #65533
 3240              	.LVL205:
1647:./lwip-2.1.2/src/core/ipv4/dhcp.c ****         /* overflow */
 3241              		.loc 1 1647 10 view .LVU1099
 3242 090a 8742     		cmp	r7, r0
 3243 090c F3DC     		bgt	.L288
1651:./lwip-2.1.2/src/core/ipv4/dhcp.c ****       if (decode_len > 0) {
 3244              		.loc 1 1651 14 view .LVU1100
 3245 090e 3344     		add	r3, r3, r6
 3246              	.LVL206:
1651:./lwip-2.1.2/src/core/ipv4/dhcp.c ****       if (decode_len > 0) {
 3247              		.loc 1 1651 14 view .LVU1101
 3248 0910 9BB2     		uxth	r3, r3
 3249              	.L207:
1651:./lwip-2.1.2/src/core/ipv4/dhcp.c ****       if (decode_len > 0) {
 3250              		.loc 1 1651 7 is_stmt 1 view .LVU1102
 3251              	.LVL207:
1652:./lwip-2.1.2/src/core/ipv4/dhcp.c ****         u32_t value = 0;
 3252              		.loc 1 1652 7 view .LVU1103
1651:./lwip-2.1.2/src/core/ipv4/dhcp.c ****       if (decode_len > 0) {
 3253              		.loc 1 1651 14 is_stmt 0 view .LVU1104
 3254 0912 1F46     		mov	r7, r3
 3255              	.LVL208:
 3256              	.L206:
1688:./lwip-2.1.2/src/core/ipv4/dhcp.c ****       offset = (u16_t)(offset - q->len);
 3257              		.loc 1 1688 5 is_stmt 1 view .LVU1105
1688:./lwip-2.1.2/src/core/ipv4/dhcp.c ****       offset = (u16_t)(offset - q->len);
 3258              		.loc 1 1688 8 is_stmt 0 view .LVU1106
 3259 0914 8F42     		cmp	r7, r1
 3260 0916 C0F09980 		bcc	.L213
1689:./lwip-2.1.2/src/core/ipv4/dhcp.c ****       offset_max = (u16_t)(offset_max - q->len);
 3261              		.loc 1 1689 7 is_stmt 1 view .LVU1107
1689:./lwip-2.1.2/src/core/ipv4/dhcp.c ****       offset_max = (u16_t)(offset_max - q->len);
 3262              		.loc 1 1689 14 is_stmt 0 view .LVU1108
 3263 091a 7F1A     		subs	r7, r7, r1
 3264              	.LVL209:
1690:./lwip-2.1.2/src/core/ipv4/dhcp.c ****       if (offset < offset_max) {
 3265              		.loc 1 1690 18 view .LVU1109
 3266 091c ABEB0101 		sub	r1, fp, r1
1689:./lwip-2.1.2/src/core/ipv4/dhcp.c ****       offset_max = (u16_t)(offset_max - q->len);
 3267              		.loc 1 1689 14 view .LVU1110
 3268 0920 BFB2     		uxth	r7, r7
1690:./lwip-2.1.2/src/core/ipv4/dhcp.c ****       if (offset < offset_max) {
 3269              		.loc 1 1690 7 is_stmt 1 view .LVU1111
1690:./lwip-2.1.2/src/core/ipv4/dhcp.c ****       if (offset < offset_max) {
 3270              		.loc 1 1690 18 is_stmt 0 view .LVU1112
 3271 0922 1FFA81FB 		uxth	fp, r1
 3272              	.LVL210:
1691:./lwip-2.1.2/src/core/ipv4/dhcp.c ****         q = q->next;
 3273              		.loc 1 1691 7 is_stmt 1 view .LVU1113
1691:./lwip-2.1.2/src/core/ipv4/dhcp.c ****         q = q->next;
 3274              		.loc 1 1691 10 is_stmt 0 view .LVU1114
 3275 0926 5F45     		cmp	r7, fp
 3276 0928 E5D2     		bcs	.L288
1692:./lwip-2.1.2/src/core/ipv4/dhcp.c ****         LWIP_ERROR("next pbuf was null", q != NULL, return ERR_VAL;);
 3277              		.loc 1 1692 9 is_stmt 1 view .LVU1115
1692:./lwip-2.1.2/src/core/ipv4/dhcp.c ****         LWIP_ERROR("next pbuf was null", q != NULL, return ERR_VAL;);
 3278              		.loc 1 1692 11 is_stmt 0 view .LVU1116
 3279 092a 2D68     		ldr	r5, [r5]
 3280              	.LVL211:
1693:./lwip-2.1.2/src/core/ipv4/dhcp.c ****         options = (u8_t *)q->payload;
 3281              		.loc 1 1693 9 is_stmt 1 view .LVU1117
1693:./lwip-2.1.2/src/core/ipv4/dhcp.c ****         options = (u8_t *)q->payload;
 3282              		.loc 1 1693 9 view .LVU1118
 3283 092c 002D     		cmp	r5, #0
 3284 092e E2D0     		beq	.L288
1693:./lwip-2.1.2/src/core/ipv4/dhcp.c ****         options = (u8_t *)q->payload;
 3285              		.loc 1 1693 9 discriminator 2 view .LVU1119
1693:./lwip-2.1.2/src/core/ipv4/dhcp.c ****         options = (u8_t *)q->payload;
 3286              		.loc 1 1693 9 discriminator 2 view .LVU1120
1694:./lwip-2.1.2/src/core/ipv4/dhcp.c ****       } else {
 3287              		.loc 1 1694 9 view .LVU1121
1694:./lwip-2.1.2/src/core/ipv4/dhcp.c ****       } else {
 3288              		.loc 1 1694 17 is_stmt 0 view .LVU1122
 3289 0930 6B68     		ldr	r3, [r5, #4]
 3290 0932 0193     		str	r3, [sp, #4]
 3291              	.LVL212:
1694:./lwip-2.1.2/src/core/ipv4/dhcp.c ****       } else {
 3292              		.loc 1 1694 17 view .LVU1123
 3293              	.LBE495:
1556:./lwip-2.1.2/src/core/ipv4/dhcp.c ****     u8_t op = options[offset];
 3294              		.loc 1 1556 47 is_stmt 1 view .LVU1124
 3295 0934 ABE7     		b	.L179
 3296              	.LVL213:
 3297              	.L196:
 3298              	.LBB496:
1645:./lwip-2.1.2/src/core/ipv4/dhcp.c ****     } else {
 3299              		.loc 1 1645 7 view .LVU1125
1645:./lwip-2.1.2/src/core/ipv4/dhcp.c ****     } else {
 3300              		.loc 1 1645 13 is_stmt 0 view .LVU1126
 3301 0936 1FFA8CF7 		uxth	r7, ip
 3302              	.LVL214:
1645:./lwip-2.1.2/src/core/ipv4/dhcp.c ****     } else {
 3303              		.loc 1 1645 13 view .LVU1127
 3304 093a EBE7     		b	.L206
 3305              	.LVL215:
 3306              	.L187:
1633:./lwip-2.1.2/src/core/ipv4/dhcp.c ****         decode_idx = DHCP_OPTION_IDX_T2;
 3307              		.loc 1 1633 9 is_stmt 1 view .LVU1128
1633:./lwip-2.1.2/src/core/ipv4/dhcp.c ****         decode_idx = DHCP_OPTION_IDX_T2;
 3308              		.loc 1 1633 9 view .LVU1129
 3309 093c 042E     		cmp	r6, #4
 3310 093e DAD1     		bne	.L288
 3311              	.LVL216:
1647:./lwip-2.1.2/src/core/ipv4/dhcp.c ****         /* overflow */
 3312              		.loc 1 1647 7 view .LVU1130
1647:./lwip-2.1.2/src/core/ipv4/dhcp.c ****         /* overflow */
 3313              		.loc 1 1647 10 is_stmt 0 view .LVU1131
 3314 0940 4FF6F970 		movw	r0, #65529
 3315              	.LVL217:
1647:./lwip-2.1.2/src/core/ipv4/dhcp.c ****         /* overflow */
 3316              		.loc 1 1647 10 view .LVU1132
 3317 0944 8742     		cmp	r7, r0
 3318 0946 D6D8     		bhi	.L288
1651:./lwip-2.1.2/src/core/ipv4/dhcp.c ****       if (decode_len > 0) {
 3319              		.loc 1 1651 7 is_stmt 1 view .LVU1133
1651:./lwip-2.1.2/src/core/ipv4/dhcp.c ****       if (decode_len > 0) {
 3320              		.loc 1 1651 14 is_stmt 0 view .LVU1134
 3321 0948 0637     		adds	r7, r7, #6
 3322              	.LVL218:
1634:./lwip-2.1.2/src/core/ipv4/dhcp.c ****         break;
 3323              		.loc 1 1634 20 view .LVU1135
 3324 094a 4FF00509 		mov	r9, #5
1651:./lwip-2.1.2/src/core/ipv4/dhcp.c ****       if (decode_len > 0) {
 3325              		.loc 1 1651 14 view .LVU1136
 3326 094e BFB2     		uxth	r7, r7
 3327              	.LVL219:
1652:./lwip-2.1.2/src/core/ipv4/dhcp.c ****         u32_t value = 0;
 3328              		.loc 1 1652 7 is_stmt 1 view .LVU1137
 3329              	.L208:
 3330              	.LBB491:
1653:./lwip-2.1.2/src/core/ipv4/dhcp.c ****         u16_t copy_len;
 3331              		.loc 1 1653 9 view .LVU1138
1657:./lwip-2.1.2/src/core/ipv4/dhcp.c ****           copy_len = LWIP_MIN(decode_len, 4);
 3332              		.loc 1 1657 14 is_stmt 0 view .LVU1139
 3333 0950 0AEB0900 		add	r0, r10, r9
1653:./lwip-2.1.2/src/core/ipv4/dhcp.c ****         u16_t copy_len;
 3334              		.loc 1 1653 15 view .LVU1140
 3335 0954 0794     		str	r4, [sp, #28]
 3336              	.LVL220:
 3337              	.LDL1:
1654:./lwip-2.1.2/src/core/ipv4/dhcp.c **** decode_next:
 3338              		.loc 1 1654 9 is_stmt 1 view .LVU1141
1656:./lwip-2.1.2/src/core/ipv4/dhcp.c ****         if (!dhcp_option_given(dhcp, decode_idx)) {
 3339              		.loc 1 1656 93 view .LVU1142
1657:./lwip-2.1.2/src/core/ipv4/dhcp.c ****           copy_len = LWIP_MIN(decode_len, 4);
 3340              		.loc 1 1657 9 view .LVU1143
1657:./lwip-2.1.2/src/core/ipv4/dhcp.c ****           copy_len = LWIP_MIN(decode_len, 4);
 3341              		.loc 1 1657 12 is_stmt 0 view .LVU1144
 3342 0956 007B     		ldrb	r0, [r0, #12]	@ zero_extendqisi2
 3343 0958 0028     		cmp	r0, #0
 3344 095a DBD1     		bne	.L206
1658:./lwip-2.1.2/src/core/ipv4/dhcp.c ****           if (pbuf_copy_partial(q, &value, copy_len, val_offset) != copy_len) {
 3345              		.loc 1 1658 11 is_stmt 1 view .LVU1145
 3346              	.LVL221:
1659:./lwip-2.1.2/src/core/ipv4/dhcp.c ****             return ERR_BUF;
 3347              		.loc 1 1659 11 view .LVU1146
1659:./lwip-2.1.2/src/core/ipv4/dhcp.c ****             return ERR_BUF;
 3348              		.loc 1 1659 15 is_stmt 0 view .LVU1147
 3349 095c 3246     		mov	r2, r6
 3350 095e 07A9     		add	r1, sp, #28
 3351 0960 2846     		mov	r0, r5
 3352 0962 FFF7FEFF 		bl	pbuf_copy_partial
 3353              	.LVL222:
1659:./lwip-2.1.2/src/core/ipv4/dhcp.c ****             return ERR_BUF;
 3354              		.loc 1 1659 14 discriminator 1 view .LVU1148
 3355 0966 8642     		cmp	r6, r0
 3356 0968 C5D1     		bne	.L288
1662:./lwip-2.1.2/src/core/ipv4/dhcp.c ****             /* decode more than one u32_t */
 3357              		.loc 1 1662 11 is_stmt 1 view .LVU1149
1677:./lwip-2.1.2/src/core/ipv4/dhcp.c ****             value = lwip_ntohl(value);
 3358              		.loc 1 1677 18 view .LVU1150
1677:./lwip-2.1.2/src/core/ipv4/dhcp.c ****             value = lwip_ntohl(value);
 3359              		.loc 1 1677 21 is_stmt 0 view .LVU1151
 3360 096a 042E     		cmp	r6, #4
 3361 096c 00F00C81 		beq	.L293
1680:./lwip-2.1.2/src/core/ipv4/dhcp.c ****             value = ((u8_t *)&value)[0];
 3362              		.loc 1 1680 13 is_stmt 1 view .LVU1152
1680:./lwip-2.1.2/src/core/ipv4/dhcp.c ****             value = ((u8_t *)&value)[0];
 3363              		.loc 1 1680 13 view .LVU1153
1680:./lwip-2.1.2/src/core/ipv4/dhcp.c ****             value = ((u8_t *)&value)[0];
 3364              		.loc 1 1680 13 discriminator 2 view .LVU1154
1680:./lwip-2.1.2/src/core/ipv4/dhcp.c ****             value = ((u8_t *)&value)[0];
 3365              		.loc 1 1680 13 discriminator 2 view .LVU1155
1681:./lwip-2.1.2/src/core/ipv4/dhcp.c ****           }
 3366              		.loc 1 1681 13 view .LVU1156
1681:./lwip-2.1.2/src/core/ipv4/dhcp.c ****           }
 3367              		.loc 1 1681 37 is_stmt 0 view .LVU1157
 3368 0970 9DF81C00 		ldrb	r0, [sp, #28]	@ zero_extendqisi2
 3369              	.L212:
1683:./lwip-2.1.2/src/core/ipv4/dhcp.c ****           dhcp_set_option_value(dhcp, decode_idx, value);
 3370              		.loc 1 1683 11 is_stmt 1 view .LVU1158
 3371 0974 0AEB0902 		add	r2, r10, r9
 3372 0978 0123     		movs	r3, #1
1684:./lwip-2.1.2/src/core/ipv4/dhcp.c ****         }
 3373              		.loc 1 1684 11 is_stmt 0 view .LVU1159
 3374 097a 0AEB8909 		add	r9, r10, r9, lsl #2
 3375              	.LVL223:
1684:./lwip-2.1.2/src/core/ipv4/dhcp.c ****         }
 3376              		.loc 1 1684 11 view .LVU1160
 3377              	.LBE491:
1688:./lwip-2.1.2/src/core/ipv4/dhcp.c ****       offset = (u16_t)(offset - q->len);
 3378              		.loc 1 1688 20 view .LVU1161
 3379 097e 6989     		ldrh	r1, [r5, #10]
 3380              	.LBB492:
1683:./lwip-2.1.2/src/core/ipv4/dhcp.c ****           dhcp_set_option_value(dhcp, decode_idx, value);
 3381              		.loc 1 1683 11 view .LVU1162
 3382 0980 1373     		strb	r3, [r2, #12]
1684:./lwip-2.1.2/src/core/ipv4/dhcp.c ****         }
 3383              		.loc 1 1684 11 is_stmt 1 view .LVU1163
 3384 0982 C9F81400 		str	r0, [r9, #20]
 3385 0986 C5E7     		b	.L206
 3386              	.LVL224:
 3387              	.L189:
1684:./lwip-2.1.2/src/core/ipv4/dhcp.c ****         }
 3388              		.loc 1 1684 11 is_stmt 0 view .LVU1164
 3389              	.LBE492:
1629:./lwip-2.1.2/src/core/ipv4/dhcp.c ****         decode_idx = DHCP_OPTION_IDX_T1;
 3390              		.loc 1 1629 9 is_stmt 1 view .LVU1165
1629:./lwip-2.1.2/src/core/ipv4/dhcp.c ****         decode_idx = DHCP_OPTION_IDX_T1;
 3391              		.loc 1 1629 9 view .LVU1166
 3392 0988 042E     		cmp	r6, #4
 3393 098a B4D1     		bne	.L288
 3394              	.LVL225:
1647:./lwip-2.1.2/src/core/ipv4/dhcp.c ****         /* overflow */
 3395              		.loc 1 1647 7 view .LVU1167
1647:./lwip-2.1.2/src/core/ipv4/dhcp.c ****         /* overflow */
 3396              		.loc 1 1647 10 is_stmt 0 view .LVU1168
 3397 098c 4FF6F970 		movw	r0, #65529
 3398              	.LVL226:
1647:./lwip-2.1.2/src/core/ipv4/dhcp.c ****         /* overflow */
 3399              		.loc 1 1647 10 view .LVU1169
 3400 0990 8742     		cmp	r7, r0
 3401 0992 B0D8     		bhi	.L288
1651:./lwip-2.1.2/src/core/ipv4/dhcp.c ****       if (decode_len > 0) {
 3402              		.loc 1 1651 7 is_stmt 1 view .LVU1170
1651:./lwip-2.1.2/src/core/ipv4/dhcp.c ****       if (decode_len > 0) {
 3403              		.loc 1 1651 14 is_stmt 0 view .LVU1171
 3404 0994 0637     		adds	r7, r7, #6
 3405              	.LVL227:
1630:./lwip-2.1.2/src/core/ipv4/dhcp.c ****         break;
 3406              		.loc 1 1630 20 view .LVU1172
 3407 0996 B146     		mov	r9, r6
1651:./lwip-2.1.2/src/core/ipv4/dhcp.c ****       if (decode_len > 0) {
 3408              		.loc 1 1651 14 view .LVU1173
 3409 0998 BFB2     		uxth	r7, r7
 3410              	.LVL228:
1652:./lwip-2.1.2/src/core/ipv4/dhcp.c ****         u32_t value = 0;
 3411              		.loc 1 1652 7 is_stmt 1 view .LVU1174
 3412 099a D9E7     		b	.L208
 3413              	.LVL229:
 3414              	.L193:
1601:./lwip-2.1.2/src/core/ipv4/dhcp.c ****         decode_idx = DHCP_OPTION_IDX_LEASE_TIME;
 3415              		.loc 1 1601 9 view .LVU1175
1601:./lwip-2.1.2/src/core/ipv4/dhcp.c ****         decode_idx = DHCP_OPTION_IDX_LEASE_TIME;
 3416              		.loc 1 1601 9 view .LVU1176
 3417 099c 042E     		cmp	r6, #4
 3418 099e AAD1     		bne	.L288
 3419              	.LVL230:
1647:./lwip-2.1.2/src/core/ipv4/dhcp.c ****         /* overflow */
 3420              		.loc 1 1647 7 view .LVU1177
1647:./lwip-2.1.2/src/core/ipv4/dhcp.c ****         /* overflow */
 3421              		.loc 1 1647 10 is_stmt 0 view .LVU1178
 3422 09a0 4FF6F970 		movw	r0, #65529
 3423              	.LVL231:
1647:./lwip-2.1.2/src/core/ipv4/dhcp.c ****         /* overflow */
 3424              		.loc 1 1647 10 view .LVU1179
 3425 09a4 8742     		cmp	r7, r0
 3426 09a6 A6D8     		bhi	.L288
1651:./lwip-2.1.2/src/core/ipv4/dhcp.c ****       if (decode_len > 0) {
 3427              		.loc 1 1651 7 is_stmt 1 view .LVU1180
1651:./lwip-2.1.2/src/core/ipv4/dhcp.c ****       if (decode_len > 0) {
 3428              		.loc 1 1651 14 is_stmt 0 view .LVU1181
 3429 09a8 0637     		adds	r7, r7, #6
 3430              	.LVL232:
1602:./lwip-2.1.2/src/core/ipv4/dhcp.c ****         break;
 3431              		.loc 1 1602 20 view .LVU1182
 3432 09aa 4FF00309 		mov	r9, #3
1651:./lwip-2.1.2/src/core/ipv4/dhcp.c ****       if (decode_len > 0) {
 3433              		.loc 1 1651 14 view .LVU1183
 3434 09ae BFB2     		uxth	r7, r7
 3435              	.LVL233:
1652:./lwip-2.1.2/src/core/ipv4/dhcp.c ****         u32_t value = 0;
 3436              		.loc 1 1652 7 is_stmt 1 view .LVU1184
 3437 09b0 CEE7     		b	.L208
 3438              	.LVL234:
 3439              	.L194:
1586:./lwip-2.1.2/src/core/ipv4/dhcp.c ****         LWIP_ERROR("len >= decode_len", len >= decode_len, return ERR_VAL;);
 3440              		.loc 1 1586 9 view .LVU1185
1587:./lwip-2.1.2/src/core/ipv4/dhcp.c ****         decode_idx = DHCP_OPTION_IDX_ROUTER;
 3441              		.loc 1 1587 9 view .LVU1186
1587:./lwip-2.1.2/src/core/ipv4/dhcp.c ****         decode_idx = DHCP_OPTION_IDX_ROUTER;
 3442              		.loc 1 1587 9 view .LVU1187
 3443 09b2 032E     		cmp	r6, #3
 3444 09b4 9FD9     		bls	.L288
 3445              	.LVL235:
1647:./lwip-2.1.2/src/core/ipv4/dhcp.c ****         /* overflow */
 3446              		.loc 1 1647 7 view .LVU1188
1647:./lwip-2.1.2/src/core/ipv4/dhcp.c ****         /* overflow */
 3447              		.loc 1 1647 18 is_stmt 0 view .LVU1189
 3448 09b6 3744     		add	r7, r7, r6
 3449              	.LVL236:
1647:./lwip-2.1.2/src/core/ipv4/dhcp.c ****         /* overflow */
 3450              		.loc 1 1647 10 view .LVU1190
 3451 09b8 4FF6FD70 		movw	r0, #65533
 3452              	.LVL237:
1647:./lwip-2.1.2/src/core/ipv4/dhcp.c ****         /* overflow */
 3453              		.loc 1 1647 10 view .LVU1191
 3454 09bc 8742     		cmp	r7, r0
 3455 09be 9ADC     		bgt	.L288
1651:./lwip-2.1.2/src/core/ipv4/dhcp.c ****       if (decode_len > 0) {
 3456              		.loc 1 1651 7 is_stmt 1 view .LVU1192
1651:./lwip-2.1.2/src/core/ipv4/dhcp.c ****       if (decode_len > 0) {
 3457              		.loc 1 1651 14 is_stmt 0 view .LVU1193
 3458 09c0 F218     		adds	r2, r6, r3
 3459              	.LVL238:
1588:./lwip-2.1.2/src/core/ipv4/dhcp.c ****         break;
 3460              		.loc 1 1588 20 view .LVU1194
 3461 09c2 4FF00709 		mov	r9, #7
1586:./lwip-2.1.2/src/core/ipv4/dhcp.c ****         LWIP_ERROR("len >= decode_len", len >= decode_len, return ERR_VAL;);
 3462              		.loc 1 1586 20 view .LVU1195
 3463 09c6 0426     		movs	r6, #4
1651:./lwip-2.1.2/src/core/ipv4/dhcp.c ****       if (decode_len > 0) {
 3464              		.loc 1 1651 14 view .LVU1196
 3465 09c8 97B2     		uxth	r7, r2
 3466              	.LVL239:
1652:./lwip-2.1.2/src/core/ipv4/dhcp.c ****         u32_t value = 0;
 3467              		.loc 1 1652 7 is_stmt 1 view .LVU1197
 3468 09ca C1E7     		b	.L208
 3469              	.LVL240:
 3470              	.L195:
1582:./lwip-2.1.2/src/core/ipv4/dhcp.c ****         decode_idx = DHCP_OPTION_IDX_SUBNET_MASK;
 3471              		.loc 1 1582 9 view .LVU1198
1582:./lwip-2.1.2/src/core/ipv4/dhcp.c ****         decode_idx = DHCP_OPTION_IDX_SUBNET_MASK;
 3472              		.loc 1 1582 9 view .LVU1199
 3473 09cc 042E     		cmp	r6, #4
 3474 09ce 92D1     		bne	.L288
 3475              	.LVL241:
1647:./lwip-2.1.2/src/core/ipv4/dhcp.c ****         /* overflow */
 3476              		.loc 1 1647 7 view .LVU1200
1647:./lwip-2.1.2/src/core/ipv4/dhcp.c ****         /* overflow */
 3477              		.loc 1 1647 10 is_stmt 0 view .LVU1201
 3478 09d0 4FF6F970 		movw	r0, #65529
 3479              	.LVL242:
1647:./lwip-2.1.2/src/core/ipv4/dhcp.c ****         /* overflow */
 3480              		.loc 1 1647 10 view .LVU1202
 3481 09d4 8742     		cmp	r7, r0
 3482 09d6 8ED8     		bhi	.L288
1651:./lwip-2.1.2/src/core/ipv4/dhcp.c ****       if (decode_len > 0) {
 3483              		.loc 1 1651 7 is_stmt 1 view .LVU1203
1651:./lwip-2.1.2/src/core/ipv4/dhcp.c ****       if (decode_len > 0) {
 3484              		.loc 1 1651 14 is_stmt 0 view .LVU1204
 3485 09d8 0637     		adds	r7, r7, #6
 3486              	.LVL243:
1583:./lwip-2.1.2/src/core/ipv4/dhcp.c ****         break;
 3487              		.loc 1 1583 20 view .LVU1205
 3488 09da 4FF00609 		mov	r9, #6
1651:./lwip-2.1.2/src/core/ipv4/dhcp.c ****       if (decode_len > 0) {
 3489              		.loc 1 1651 14 view .LVU1206
 3490 09de BFB2     		uxth	r7, r7
 3491              	.LVL244:
1652:./lwip-2.1.2/src/core/ipv4/dhcp.c ****         u32_t value = 0;
 3492              		.loc 1 1652 7 is_stmt 1 view .LVU1207
 3493 09e0 B6E7     		b	.L208
 3494              	.LVL245:
 3495              	.L191:
1621:./lwip-2.1.2/src/core/ipv4/dhcp.c ****         decode_idx = DHCP_OPTION_IDX_MSG_TYPE;
 3496              		.loc 1 1621 9 view .LVU1208
1621:./lwip-2.1.2/src/core/ipv4/dhcp.c ****         decode_idx = DHCP_OPTION_IDX_MSG_TYPE;
 3497              		.loc 1 1621 9 view .LVU1209
 3498 09e2 012E     		cmp	r6, #1
 3499 09e4 87D1     		bne	.L288
 3500              	.LVL246:
1647:./lwip-2.1.2/src/core/ipv4/dhcp.c ****         /* overflow */
 3501              		.loc 1 1647 7 view .LVU1210
1647:./lwip-2.1.2/src/core/ipv4/dhcp.c ****         /* overflow */
 3502              		.loc 1 1647 10 is_stmt 0 view .LVU1211
 3503 09e6 4FF6FE70 		movw	r0, #65534
 3504              	.LVL247:
1647:./lwip-2.1.2/src/core/ipv4/dhcp.c ****         /* overflow */
 3505              		.loc 1 1647 10 view .LVU1212
 3506 09ea 8445     		cmp	ip, r0
 3507 09ec 83D0     		beq	.L288
1651:./lwip-2.1.2/src/core/ipv4/dhcp.c ****       if (decode_len > 0) {
 3508              		.loc 1 1651 7 is_stmt 1 view .LVU1213
1651:./lwip-2.1.2/src/core/ipv4/dhcp.c ****       if (decode_len > 0) {
 3509              		.loc 1 1651 14 is_stmt 0 view .LVU1214
 3510 09ee 0337     		adds	r7, r7, #3
 3511              	.LVL248:
1622:./lwip-2.1.2/src/core/ipv4/dhcp.c ****         break;
 3512              		.loc 1 1622 20 view .LVU1215
 3513 09f0 B146     		mov	r9, r6
1651:./lwip-2.1.2/src/core/ipv4/dhcp.c ****       if (decode_len > 0) {
 3514              		.loc 1 1651 14 view .LVU1216
 3515 09f2 BFB2     		uxth	r7, r7
 3516              	.LVL249:
1652:./lwip-2.1.2/src/core/ipv4/dhcp.c ****         u32_t value = 0;
 3517              		.loc 1 1652 7 is_stmt 1 view .LVU1217
 3518 09f4 ACE7     		b	.L208
 3519              	.LVL250:
 3520              	.L192:
1615:./lwip-2.1.2/src/core/ipv4/dhcp.c ****         /* decode overload only in options, not in file/sname: invalid packet */
 3521              		.loc 1 1615 9 view .LVU1218
1615:./lwip-2.1.2/src/core/ipv4/dhcp.c ****         /* decode overload only in options, not in file/sname: invalid packet */
 3522              		.loc 1 1615 9 view .LVU1219
1615:./lwip-2.1.2/src/core/ipv4/dhcp.c ****         /* decode overload only in options, not in file/sname: invalid packet */
 3523              		.loc 1 1615 9 discriminator 2 view .LVU1220
1615:./lwip-2.1.2/src/core/ipv4/dhcp.c ****         /* decode overload only in options, not in file/sname: invalid packet */
 3524              		.loc 1 1615 9 discriminator 2 view .LVU1221
1617:./lwip-2.1.2/src/core/ipv4/dhcp.c ****         decode_idx = DHCP_OPTION_IDX_OVERLOAD;
 3525              		.loc 1 1617 9 view .LVU1222
1617:./lwip-2.1.2/src/core/ipv4/dhcp.c ****         decode_idx = DHCP_OPTION_IDX_OVERLOAD;
 3526              		.loc 1 1617 9 view .LVU1223
 3527 09f6 059A     		ldr	r2, [sp, #20]
 3528 09f8 F02A     		cmp	r2, #240
 3529 09fa 7FF47CAF 		bne	.L288
 3530 09fe 013E     		subs	r6, r6, #1
 3531              	.LVL251:
1617:./lwip-2.1.2/src/core/ipv4/dhcp.c ****         decode_idx = DHCP_OPTION_IDX_OVERLOAD;
 3532              		.loc 1 1617 9 is_stmt 0 view .LVU1224
 3533 0a00 18BF     		it	ne
 3534 0a02 0126     		movne	r6, #1
 3535 0a04 002E     		cmp	r6, #0
 3536 0a06 7FF476AF 		bne	.L288
 3537              	.LVL252:
1647:./lwip-2.1.2/src/core/ipv4/dhcp.c ****         /* overflow */
 3538              		.loc 1 1647 7 is_stmt 1 view .LVU1225
1647:./lwip-2.1.2/src/core/ipv4/dhcp.c ****         /* overflow */
 3539              		.loc 1 1647 10 is_stmt 0 view .LVU1226
 3540 0a0a 4FF6FE70 		movw	r0, #65534
 3541              	.LVL253:
1647:./lwip-2.1.2/src/core/ipv4/dhcp.c ****         /* overflow */
 3542              		.loc 1 1647 10 view .LVU1227
 3543 0a0e 8445     		cmp	ip, r0
 3544 0a10 3FF471AF 		beq	.L288
1651:./lwip-2.1.2/src/core/ipv4/dhcp.c ****       if (decode_len > 0) {
 3545              		.loc 1 1651 7 is_stmt 1 view .LVU1228
1651:./lwip-2.1.2/src/core/ipv4/dhcp.c ****       if (decode_len > 0) {
 3546              		.loc 1 1651 14 is_stmt 0 view .LVU1229
 3547 0a14 0337     		adds	r7, r7, #3
 3548              	.LVL254:
1618:./lwip-2.1.2/src/core/ipv4/dhcp.c ****         break;
 3549              		.loc 1 1618 20 view .LVU1230
 3550 0a16 B146     		mov	r9, r6
1573:./lwip-2.1.2/src/core/ipv4/dhcp.c ****     switch (op) {
 3551              		.loc 1 1573 16 view .LVU1231
 3552 0a18 0126     		movs	r6, #1
1651:./lwip-2.1.2/src/core/ipv4/dhcp.c ****       if (decode_len > 0) {
 3553              		.loc 1 1651 14 view .LVU1232
 3554 0a1a BFB2     		uxth	r7, r7
 3555              	.LVL255:
1652:./lwip-2.1.2/src/core/ipv4/dhcp.c ****         u32_t value = 0;
 3556              		.loc 1 1652 7 is_stmt 1 view .LVU1233
 3557 0a1c 98E7     		b	.L208
 3558              	.L300:
 3559 0a1e 00BF     		.align	2
 3560              	.L299:
 3561 0a20 00000000 		.word	ip_data
 3562 0a24 00000000 		.word	.LANCHOR0
 3563              	.LVL256:
 3564              	.L190:
1625:./lwip-2.1.2/src/core/ipv4/dhcp.c ****         decode_idx = DHCP_OPTION_IDX_SERVER_ID;
 3565              		.loc 1 1625 9 view .LVU1234
1625:./lwip-2.1.2/src/core/ipv4/dhcp.c ****         decode_idx = DHCP_OPTION_IDX_SERVER_ID;
 3566              		.loc 1 1625 9 view .LVU1235
 3567 0a28 042E     		cmp	r6, #4
 3568 0a2a 7FF464AF 		bne	.L288
 3569              	.LVL257:
1647:./lwip-2.1.2/src/core/ipv4/dhcp.c ****         /* overflow */
 3570              		.loc 1 1647 7 view .LVU1236
1647:./lwip-2.1.2/src/core/ipv4/dhcp.c ****         /* overflow */
 3571              		.loc 1 1647 10 is_stmt 0 view .LVU1237
 3572 0a2e 4FF6F970 		movw	r0, #65529
 3573              	.LVL258:
1647:./lwip-2.1.2/src/core/ipv4/dhcp.c ****         /* overflow */
 3574              		.loc 1 1647 10 view .LVU1238
 3575 0a32 8742     		cmp	r7, r0
 3576 0a34 3FF65FAF 		bhi	.L288
1651:./lwip-2.1.2/src/core/ipv4/dhcp.c ****       if (decode_len > 0) {
 3577              		.loc 1 1651 7 is_stmt 1 view .LVU1239
1651:./lwip-2.1.2/src/core/ipv4/dhcp.c ****       if (decode_len > 0) {
 3578              		.loc 1 1651 14 is_stmt 0 view .LVU1240
 3579 0a38 0637     		adds	r7, r7, #6
 3580              	.LVL259:
1626:./lwip-2.1.2/src/core/ipv4/dhcp.c ****         break;
 3581              		.loc 1 1626 20 view .LVU1241
 3582 0a3a 4FF00209 		mov	r9, #2
1651:./lwip-2.1.2/src/core/ipv4/dhcp.c ****       if (decode_len > 0) {
 3583              		.loc 1 1651 14 view .LVU1242
 3584 0a3e BFB2     		uxth	r7, r7
 3585              	.LVL260:
1652:./lwip-2.1.2/src/core/ipv4/dhcp.c ****         u32_t value = 0;
 3586              		.loc 1 1652 7 is_stmt 1 view .LVU1243
 3587 0a40 86E7     		b	.L208
 3588              	.LVL261:
 3589              	.L183:
1570:./lwip-2.1.2/src/core/ipv4/dhcp.c ****     }
 3590              		.loc 1 1570 7 view .LVU1244
1570:./lwip-2.1.2/src/core/ipv4/dhcp.c ****     }
 3591              		.loc 1 1570 15 is_stmt 0 view .LVU1245
 3592 0a42 2A68     		ldr	r2, [r5]
1570:./lwip-2.1.2/src/core/ipv4/dhcp.c ****     }
 3593              		.loc 1 1570 11 view .LVU1246
 3594 0a44 0AB3     		cbz	r2, .L185
1570:./lwip-2.1.2/src/core/ipv4/dhcp.c ****     }
 3595              		.loc 1 1570 11 discriminator 1 view .LVU1247
 3596 0a46 5268     		ldr	r2, [r2, #4]
 3597 0a48 1678     		ldrb	r6, [r2]	@ zero_extendqisi2
 3598 0a4a 32E7     		b	.L184
 3599              	.LVL262:
 3600              	.L213:
1570:./lwip-2.1.2/src/core/ipv4/dhcp.c ****     }
 3601              		.loc 1 1570 11 discriminator 1 view .LVU1248
 3602              	.LBE496:
1556:./lwip-2.1.2/src/core/ipv4/dhcp.c ****     u8_t op = options[offset];
 3603              		.loc 1 1556 47 is_stmt 1 view .LVU1249
 3604 0a4c BB45     		cmp	fp, r7
 3605 0a4e 3FF61EAF 		bhi	.L179
 3606              	.LVL263:
 3607              	.L215:
1702:./lwip-2.1.2/src/core/ipv4/dhcp.c ****     u32_t overload = dhcp_get_option_value(dhcp, DHCP_OPTION_IDX_OVERLOAD);
 3608              		.loc 1 1702 3 view .LVU1250
1702:./lwip-2.1.2/src/core/ipv4/dhcp.c ****     u32_t overload = dhcp_get_option_value(dhcp, DHCP_OPTION_IDX_OVERLOAD);
 3609              		.loc 1 1702 6 is_stmt 0 view .LVU1251
 3610 0a52 9AF80C30 		ldrb	r3, [r10, #12]	@ zero_extendqisi2
 3611 0a56 63B1     		cbz	r3, .L181
 3612              	.LBB497:
1703:./lwip-2.1.2/src/core/ipv4/dhcp.c ****     dhcp_clear_option(dhcp, DHCP_OPTION_IDX_OVERLOAD);
 3613              		.loc 1 1703 5 is_stmt 1 view .LVU1252
1704:./lwip-2.1.2/src/core/ipv4/dhcp.c ****     if (overload == DHCP_OVERLOAD_FILE) {
 3614              		.loc 1 1704 5 is_stmt 0 view .LVU1253
 3615 0a58 0023     		movs	r3, #0
 3616 0a5a 8AF80C30 		strb	r3, [r10, #12]
1703:./lwip-2.1.2/src/core/ipv4/dhcp.c ****     dhcp_clear_option(dhcp, DHCP_OPTION_IDX_OVERLOAD);
 3617              		.loc 1 1703 11 view .LVU1254
 3618 0a5e DAF81430 		ldr	r3, [r10, #20]
 3619              	.LVL264:
1704:./lwip-2.1.2/src/core/ipv4/dhcp.c ****     if (overload == DHCP_OVERLOAD_FILE) {
 3620              		.loc 1 1704 5 is_stmt 1 view .LVU1255
1705:./lwip-2.1.2/src/core/ipv4/dhcp.c ****       parse_file_as_options = 1;
 3621              		.loc 1 1705 5 view .LVU1256
1705:./lwip-2.1.2/src/core/ipv4/dhcp.c ****       parse_file_as_options = 1;
 3622              		.loc 1 1705 8 is_stmt 0 view .LVU1257
 3623 0a62 012B     		cmp	r3, #1
 3624 0a64 00F09680 		beq	.L291
1708:./lwip-2.1.2/src/core/ipv4/dhcp.c ****       parse_sname_as_options = 1;
 3625              		.loc 1 1708 12 is_stmt 1 view .LVU1258
1708:./lwip-2.1.2/src/core/ipv4/dhcp.c ****       parse_sname_as_options = 1;
 3626              		.loc 1 1708 15 is_stmt 0 view .LVU1259
 3627 0a68 022B     		cmp	r3, #2
 3628 0a6a 06D0     		beq	.L217
1711:./lwip-2.1.2/src/core/ipv4/dhcp.c ****       parse_sname_as_options = 1;
 3629              		.loc 1 1711 12 is_stmt 1 view .LVU1260
1711:./lwip-2.1.2/src/core/ipv4/dhcp.c ****       parse_sname_as_options = 1;
 3630              		.loc 1 1711 15 is_stmt 0 view .LVU1261
 3631 0a6c 032B     		cmp	r3, #3
 3632 0a6e 00F08F80 		beq	.L294
 3633              	.LVL265:
 3634              	.L181:
1716:./lwip-2.1.2/src/core/ipv4/dhcp.c ****     }
 3635              		.loc 1 1716 97 is_stmt 1 view .LVU1262
 3636              	.LBE497:
1719:./lwip-2.1.2/src/core/ipv4/dhcp.c ****     /* if both are overloaded, parse file first and then sname (RFC 2131 ch. 4.1) */
 3637              		.loc 1 1719 3 view .LVU1263
1728:./lwip-2.1.2/src/core/ipv4/dhcp.c ****     parse_sname_as_options = 0;
 3638              		.loc 1 1728 10 view .LVU1264
1728:./lwip-2.1.2/src/core/ipv4/dhcp.c ****     parse_sname_as_options = 0;
 3639              		.loc 1 1728 13 is_stmt 0 view .LVU1265
 3640 0a72 029B     		ldr	r3, [sp, #8]
 3641 0a74 002B     		cmp	r3, #0
 3642 0a76 00F09180 		beq	.L295
 3643              	.L217:
1729:./lwip-2.1.2/src/core/ipv4/dhcp.c ****     options_idx = DHCP_SNAME_OFS;
 3644              		.loc 1 1729 28 view .LVU1266
 3645 0a7a 0023     		movs	r3, #0
1731:./lwip-2.1.2/src/core/ipv4/dhcp.c ****     goto again;
 3646              		.loc 1 1731 21 view .LVU1267
 3647 0a7c 4FF06C0B 		mov	fp, #108
 3648              	.LVL266:
1730:./lwip-2.1.2/src/core/ipv4/dhcp.c ****     options_idx_max = DHCP_SNAME_OFS + DHCP_SNAME_LEN;
 3649              		.loc 1 1730 17 view .LVU1268
 3650 0a80 2C26     		movs	r6, #44
1729:./lwip-2.1.2/src/core/ipv4/dhcp.c ****     options_idx = DHCP_SNAME_OFS;
 3651              		.loc 1 1729 28 view .LVU1269
 3652 0a82 0293     		str	r3, [sp, #8]
 3653              	.LVL267:
 3654              	.L219:
1544:./lwip-2.1.2/src/core/ipv4/dhcp.c ****     options_idx = (u16_t)(options_idx - q->len);
 3655              		.loc 1 1544 42 discriminator 1 view .LVU1270
 3656 0a84 B8F80A30 		ldrh	r3, [r8, #10]
 3657 0a88 EAE6     		b	.L175
 3658              	.LVL268:
 3659              	.L185:
 3660              	.LBB498:
1573:./lwip-2.1.2/src/core/ipv4/dhcp.c ****     switch (op) {
 3661              		.loc 1 1573 5 is_stmt 1 view .LVU1271
1574:./lwip-2.1.2/src/core/ipv4/dhcp.c ****       /* case(DHCP_OPTION_END): handled above */
 3662              		.loc 1 1574 5 view .LVU1272
 3663 0a8a 3B28     		cmp	r0, #59
 3664 0a8c 3FF641AF 		bhi	.L207
 3665 0a90 01A2     		adr	r2, .L227
 3666 0a92 52F820F0 		ldr	pc, [r2, r0, lsl #2]
 3667 0a96 00BF     		.p2align 2
 3668              	.L227:
 3669 0a98 37090000 		.word	.L196+1
 3670 0a9c F7080000 		.word	.L288+1
 3671 0aa0 13090000 		.word	.L207+1
 3672 0aa4 F7080000 		.word	.L288+1
 3673 0aa8 13090000 		.word	.L207+1
 3674 0aac 13090000 		.word	.L207+1
 3675 0ab0 13090000 		.word	.L207+1
 3676 0ab4 13090000 		.word	.L207+1
 3677 0ab8 13090000 		.word	.L207+1
 3678 0abc 13090000 		.word	.L207+1
 3679 0ac0 13090000 		.word	.L207+1
 3680 0ac4 13090000 		.word	.L207+1
 3681 0ac8 13090000 		.word	.L207+1
 3682 0acc 13090000 		.word	.L207+1
 3683 0ad0 13090000 		.word	.L207+1
 3684 0ad4 13090000 		.word	.L207+1
 3685 0ad8 13090000 		.word	.L207+1
 3686 0adc 13090000 		.word	.L207+1
 3687 0ae0 13090000 		.word	.L207+1
 3688 0ae4 13090000 		.word	.L207+1
 3689 0ae8 13090000 		.word	.L207+1
 3690 0aec 13090000 		.word	.L207+1
 3691 0af0 13090000 		.word	.L207+1
 3692 0af4 13090000 		.word	.L207+1
 3693 0af8 13090000 		.word	.L207+1
 3694 0afc 13090000 		.word	.L207+1
 3695 0b00 13090000 		.word	.L207+1
 3696 0b04 13090000 		.word	.L207+1
 3697 0b08 13090000 		.word	.L207+1
 3698 0b0c 13090000 		.word	.L207+1
 3699 0b10 13090000 		.word	.L207+1
 3700 0b14 13090000 		.word	.L207+1
 3701 0b18 13090000 		.word	.L207+1
 3702 0b1c 13090000 		.word	.L207+1
 3703 0b20 13090000 		.word	.L207+1
 3704 0b24 13090000 		.word	.L207+1
 3705 0b28 13090000 		.word	.L207+1
 3706 0b2c 13090000 		.word	.L207+1
 3707 0b30 13090000 		.word	.L207+1
 3708 0b34 13090000 		.word	.L207+1
 3709 0b38 13090000 		.word	.L207+1
 3710 0b3c 13090000 		.word	.L207+1
 3711 0b40 13090000 		.word	.L207+1
 3712 0b44 13090000 		.word	.L207+1
 3713 0b48 13090000 		.word	.L207+1
 3714 0b4c 13090000 		.word	.L207+1
 3715 0b50 13090000 		.word	.L207+1
 3716 0b54 13090000 		.word	.L207+1
 3717 0b58 13090000 		.word	.L207+1
 3718 0b5c 13090000 		.word	.L207+1
 3719 0b60 13090000 		.word	.L207+1
 3720 0b64 F7080000 		.word	.L288+1
 3721 0b68 F7080000 		.word	.L288+1
 3722 0b6c F7080000 		.word	.L288+1
 3723 0b70 F7080000 		.word	.L288+1
 3724 0b74 13090000 		.word	.L207+1
 3725 0b78 13090000 		.word	.L207+1
 3726 0b7c 13090000 		.word	.L207+1
 3727 0b80 F7080000 		.word	.L288+1
 3728 0b84 F7080000 		.word	.L288+1
 3729              	.LVL269:
 3730              		.p2align 1
 3731              	.L293:
 3732              	.LBB493:
1678:./lwip-2.1.2/src/core/ipv4/dhcp.c ****           } else {
 3733              		.loc 1 1678 13 view .LVU1273
1678:./lwip-2.1.2/src/core/ipv4/dhcp.c ****           } else {
 3734              		.loc 1 1678 21 is_stmt 0 view .LVU1274
 3735 0b88 0798     		ldr	r0, [sp, #28]
 3736 0b8a FFF7FEFF 		bl	lwip_htonl
 3737              	.LVL270:
 3738 0b8e F1E6     		b	.L212
 3739              	.LVL271:
 3740              	.L294:
1678:./lwip-2.1.2/src/core/ipv4/dhcp.c ****           } else {
 3741              		.loc 1 1678 21 view .LVU1275
 3742              	.LBE493:
 3743              	.LBE498:
 3744              	.LBB499:
1712:./lwip-2.1.2/src/core/ipv4/dhcp.c ****       parse_file_as_options = 1;
 3745              		.loc 1 1712 30 view .LVU1276
 3746 0b90 0123     		movs	r3, #1
 3747              	.LVL272:
1712:./lwip-2.1.2/src/core/ipv4/dhcp.c ****       parse_file_as_options = 1;
 3748              		.loc 1 1712 30 view .LVU1277
 3749 0b92 0293     		str	r3, [sp, #8]
 3750              	.LVL273:
 3751              	.L291:
1712:./lwip-2.1.2/src/core/ipv4/dhcp.c ****       parse_file_as_options = 1;
 3752              		.loc 1 1712 30 view .LVU1278
 3753              	.LBE499:
1723:./lwip-2.1.2/src/core/ipv4/dhcp.c **** #if LWIP_DHCP_BOOTP_FILE
 3754              		.loc 1 1723 21 view .LVU1279
 3755 0b94 4FF0EC0B 		mov	fp, #236
 3756              	.LVL274:
1722:./lwip-2.1.2/src/core/ipv4/dhcp.c ****     options_idx_max = DHCP_FILE_OFS + DHCP_FILE_LEN;
 3757              		.loc 1 1722 17 view .LVU1280
 3758 0b98 6C26     		movs	r6, #108
 3759 0b9a 73E7     		b	.L219
 3760              	.LVL275:
 3761              	.L295:
1722:./lwip-2.1.2/src/core/ipv4/dhcp.c ****     options_idx_max = DHCP_FILE_OFS + DHCP_FILE_LEN;
 3762              		.loc 1 1722 17 view .LVU1281
 3763              	.LBE500:
 3764              	.LBE502:
1812:./lwip-2.1.2/src/core/ipv4/dhcp.c ****   /* obtain pointer to DHCP message type */
 3765              		.loc 1 1812 85 is_stmt 1 view .LVU1282
1814:./lwip-2.1.2/src/core/ipv4/dhcp.c ****     LWIP_DEBUGF(DHCP_DEBUG | LWIP_DBG_TRACE | LWIP_DBG_LEVEL_WARNING, ("DHCP_OPTION_MESSAGE_TYPE op
 3766              		.loc 1 1814 3 view .LVU1283
1814:./lwip-2.1.2/src/core/ipv4/dhcp.c ****     LWIP_DEBUGF(DHCP_DEBUG | LWIP_DBG_TRACE | LWIP_DBG_LEVEL_WARNING, ("DHCP_OPTION_MESSAGE_TYPE op
 3767              		.loc 1 1814 6 is_stmt 0 view .LVU1284
 3768 0b9c 9AF80D30 		ldrb	r3, [r10, #13]	@ zero_extendqisi2
 3769              	.LBB503:
 3770              	.LBB501:
 3771 0ba0 4446     		mov	r4, r8
 3772 0ba2 DDF80890 		ldr	r9, [sp, #8]
 3773 0ba6 DDE90375 		ldrd	r7, r5, [sp, #12]
 3774              	.LBE501:
 3775              	.LBE503:
 3776 0baa 002B     		cmp	r3, #0
 3777 0bac 3FF4A4AE 		beq	.L170
 3778              	.LVL276:
1819:./lwip-2.1.2/src/core/ipv4/dhcp.c ****   /* read DHCP message type */
 3779              		.loc 1 1819 3 is_stmt 1 view .LVU1285
1821:./lwip-2.1.2/src/core/ipv4/dhcp.c ****   /* message type is DHCP ACK? */
 3780              		.loc 1 1821 12 is_stmt 0 view .LVU1286
 3781 0bb0 9AF81830 		ldrb	r3, [r10, #24]	@ zero_extendqisi2
1819:./lwip-2.1.2/src/core/ipv4/dhcp.c ****   /* read DHCP message type */
 3782              		.loc 1 1819 10 view .LVU1287
 3783 0bb4 6668     		ldr	r6, [r4, #4]
 3784              	.LVL277:
1821:./lwip-2.1.2/src/core/ipv4/dhcp.c ****   /* message type is DHCP ACK? */
 3785              		.loc 1 1821 3 is_stmt 1 view .LVU1288
1823:./lwip-2.1.2/src/core/ipv4/dhcp.c ****     LWIP_DEBUGF(DHCP_DEBUG | LWIP_DBG_TRACE, ("DHCP_ACK received\n"));
 3786              		.loc 1 1823 3 view .LVU1289
1823:./lwip-2.1.2/src/core/ipv4/dhcp.c ****     LWIP_DEBUGF(DHCP_DEBUG | LWIP_DBG_TRACE, ("DHCP_ACK received\n"));
 3787              		.loc 1 1823 6 is_stmt 0 view .LVU1290
 3788 0bb6 052B     		cmp	r3, #5
 3789 0bb8 1CD0     		beq	.L296
1849:./lwip-2.1.2/src/core/ipv4/dhcp.c ****            ((dhcp->state == DHCP_STATE_REBOOTING) || (dhcp->state == DHCP_STATE_REQUESTING) ||
 3790              		.loc 1 1849 8 is_stmt 1 view .LVU1291
1849:./lwip-2.1.2/src/core/ipv4/dhcp.c ****            ((dhcp->state == DHCP_STATE_REBOOTING) || (dhcp->state == DHCP_STATE_REQUESTING) ||
 3791              		.loc 1 1849 11 is_stmt 0 view .LVU1292
 3792 0bba 062B     		cmp	r3, #6
 3793 0bbc 29D0     		beq	.L297
1856:./lwip-2.1.2/src/core/ipv4/dhcp.c ****     LWIP_DEBUGF(DHCP_DEBUG | LWIP_DBG_TRACE, ("DHCP_OFFER received in DHCP_STATE_SELECTING state\n"
 3794              		.loc 1 1856 8 is_stmt 1 view .LVU1293
1856:./lwip-2.1.2/src/core/ipv4/dhcp.c ****     LWIP_DEBUGF(DHCP_DEBUG | LWIP_DBG_TRACE, ("DHCP_OFFER received in DHCP_STATE_SELECTING state\n"
 3795              		.loc 1 1856 11 is_stmt 0 view .LVU1294
 3796 0bbe 022B     		cmp	r3, #2
 3797 0bc0 7FF49AAE 		bne	.L170
1856:./lwip-2.1.2/src/core/ipv4/dhcp.c ****     LWIP_DEBUGF(DHCP_DEBUG | LWIP_DBG_TRACE, ("DHCP_OFFER received in DHCP_STATE_SELECTING state\n"
 3798              		.loc 1 1856 37 discriminator 1 view .LVU1295
 3799 0bc4 6B79     		ldrb	r3, [r5, #5]	@ zero_extendqisi2
 3800              	.LVL278:
1856:./lwip-2.1.2/src/core/ipv4/dhcp.c ****     LWIP_DEBUGF(DHCP_DEBUG | LWIP_DBG_TRACE, ("DHCP_OFFER received in DHCP_STATE_SELECTING state\n"
 3801              		.loc 1 1856 37 discriminator 1 view .LVU1296
 3802 0bc6 062B     		cmp	r3, #6
 3803 0bc8 7FF496AE 		bne	.L170
1857:./lwip-2.1.2/src/core/ipv4/dhcp.c ****     /* remember offered lease */
 3804              		.loc 1 1857 102 is_stmt 1 view .LVU1297
1859:./lwip-2.1.2/src/core/ipv4/dhcp.c ****   }
 3805              		.loc 1 1859 5 view .LVU1298
 3806              	.LVL279:
 3807              	.LBB504:
 3808              	.LBI504:
 332:./lwip-2.1.2/src/core/ipv4/dhcp.c **** {
 3809              		.loc 1 332 1 view .LVU1299
 3810              	.LBB505:
 334:./lwip-2.1.2/src/core/ipv4/dhcp.c **** 
 3811              		.loc 1 334 3 view .LVU1300
 339:./lwip-2.1.2/src/core/ipv4/dhcp.c ****     dhcp->request_timeout = 0; /* stop timer */
 3812              		.loc 1 339 6 is_stmt 0 view .LVU1301
 3813 0bcc 9AF80E30 		ldrb	r3, [r10, #14]	@ zero_extendqisi2
 334:./lwip-2.1.2/src/core/ipv4/dhcp.c **** 
 3814              		.loc 1 334 16 view .LVU1302
 3815 0bd0 3D6A     		ldr	r5, [r7, #32]
 3816              	.LVL280:
 337:./lwip-2.1.2/src/core/ipv4/dhcp.c ****   /* obtain the server address */
 3817              		.loc 1 337 81 is_stmt 1 view .LVU1303
 339:./lwip-2.1.2/src/core/ipv4/dhcp.c ****     dhcp->request_timeout = 0; /* stop timer */
 3818              		.loc 1 339 3 view .LVU1304
 339:./lwip-2.1.2/src/core/ipv4/dhcp.c ****     dhcp->request_timeout = 0; /* stop timer */
 3819              		.loc 1 339 6 is_stmt 0 view .LVU1305
 3820 0bd2 002B     		cmp	r3, #0
 3821 0bd4 3FF490AE 		beq	.L170
 340:./lwip-2.1.2/src/core/ipv4/dhcp.c **** 
 3822              		.loc 1 340 5 is_stmt 1 view .LVU1306
 342:./lwip-2.1.2/src/core/ipv4/dhcp.c ****     LWIP_DEBUGF(DHCP_DEBUG | LWIP_DBG_STATE, ("dhcp_handle_offer(): server 0x%08"X32_F"\n",
 3823              		.loc 1 342 5 is_stmt 0 view .LVU1307
 3824 0bd8 DAF81C00 		ldr	r0, [r10, #28]
 340:./lwip-2.1.2/src/core/ipv4/dhcp.c **** 
 3825              		.loc 1 340 27 view .LVU1308
 3826 0bdc A5F80890 		strh	r9, [r5, #8]	@ movhi
 342:./lwip-2.1.2/src/core/ipv4/dhcp.c ****     LWIP_DEBUGF(DHCP_DEBUG | LWIP_DBG_STATE, ("dhcp_handle_offer(): server 0x%08"X32_F"\n",
 3827              		.loc 1 342 5 is_stmt 1 view .LVU1309
 3828 0be0 FFF7FEFF 		bl	lwip_htonl
 3829              	.LVL281:
 342:./lwip-2.1.2/src/core/ipv4/dhcp.c ****     LWIP_DEBUGF(DHCP_DEBUG | LWIP_DBG_STATE, ("dhcp_handle_offer(): server 0x%08"X32_F"\n",
 3830              		.loc 1 342 5 is_stmt 0 view .LVU1310
 3831 0be4 0346     		mov	r3, r0
 350:./lwip-2.1.2/src/core/ipv4/dhcp.c ****   } else {
 3832              		.loc 1 350 5 view .LVU1311
 3833 0be6 3846     		mov	r0, r7
 342:./lwip-2.1.2/src/core/ipv4/dhcp.c ****     LWIP_DEBUGF(DHCP_DEBUG | LWIP_DBG_STATE, ("dhcp_handle_offer(): server 0x%08"X32_F"\n",
 3834              		.loc 1 342 5 discriminator 1 view .LVU1312
 3835 0be8 AB61     		str	r3, [r5, #24]
 344:./lwip-2.1.2/src/core/ipv4/dhcp.c ****     /* remember offered address */
 3836              		.loc 1 344 68 is_stmt 1 view .LVU1313
 346:./lwip-2.1.2/src/core/ipv4/dhcp.c ****     LWIP_DEBUGF(DHCP_DEBUG | LWIP_DBG_STATE, ("dhcp_handle_offer(): offer for 0x%08"X32_F"\n",
 3837              		.loc 1 346 5 view .LVU1314
 3838 0bea 3369     		ldr	r3, [r6, #16]	@ unaligned
 3839 0bec EB61     		str	r3, [r5, #28]
 348:./lwip-2.1.2/src/core/ipv4/dhcp.c **** 
 3840              		.loc 1 348 59 view .LVU1315
 350:./lwip-2.1.2/src/core/ipv4/dhcp.c ****   } else {
 3841              		.loc 1 350 5 view .LVU1316
 3842 0bee FFF701FD 		bl	dhcp_select.isra.0
 3843              	.LVL282:
 3844 0bf2 81E6     		b	.L170
 3845              	.LVL283:
 3846              	.L296:
 350:./lwip-2.1.2/src/core/ipv4/dhcp.c ****   } else {
 3847              		.loc 1 350 5 is_stmt 0 view .LVU1317
 3848              	.LBE505:
 3849              	.LBE504:
1824:./lwip-2.1.2/src/core/ipv4/dhcp.c ****     /* in requesting state? */
 3850              		.loc 1 1824 70 is_stmt 1 view .LVU1318
1826:./lwip-2.1.2/src/core/ipv4/dhcp.c ****       dhcp_handle_ack(netif, msg_in);
 3851              		.loc 1 1826 5 view .LVU1319
1826:./lwip-2.1.2/src/core/ipv4/dhcp.c ****       dhcp_handle_ack(netif, msg_in);
 3852              		.loc 1 1826 13 is_stmt 0 view .LVU1320
 3853 0bf4 6B79     		ldrb	r3, [r5, #5]	@ zero_extendqisi2
 3854              	.LVL284:
1826:./lwip-2.1.2/src/core/ipv4/dhcp.c ****       dhcp_handle_ack(netif, msg_in);
 3855              		.loc 1 1826 8 view .LVU1321
 3856 0bf6 012B     		cmp	r3, #1
 3857 0bf8 25D0     		beq	.L298
1842:./lwip-2.1.2/src/core/ipv4/dhcp.c ****              (dhcp->state == DHCP_STATE_RENEWING)) {
 3858              		.loc 1 1842 10 is_stmt 1 view .LVU1322
1842:./lwip-2.1.2/src/core/ipv4/dhcp.c ****              (dhcp->state == DHCP_STATE_RENEWING)) {
 3859              		.loc 1 1842 13 is_stmt 0 view .LVU1323
 3860 0bfa 033B     		subs	r3, r3, #3
 3861 0bfc 022B     		cmp	r3, #2
 3862 0bfe 3FF67BAE 		bhi	.L170
1844:./lwip-2.1.2/src/core/ipv4/dhcp.c ****       dhcp_bind(netif);
 3863              		.loc 1 1844 7 is_stmt 1 view .LVU1324
 3864 0c02 386A     		ldr	r0, [r7, #32]
 3865 0c04 3146     		mov	r1, r6
 3866 0c06 FFF757FB 		bl	dhcp_handle_ack.isra.0
 3867              	.LVL285:
1845:./lwip-2.1.2/src/core/ipv4/dhcp.c ****     }
 3868              		.loc 1 1845 7 view .LVU1325
 3869 0c0a 3846     		mov	r0, r7
 3870              	.L292:
1845:./lwip-2.1.2/src/core/ipv4/dhcp.c ****     }
 3871              		.loc 1 1845 7 is_stmt 0 view .LVU1326
 3872 0c0c FFF794FA 		bl	dhcp_bind
 3873              	.LVL286:
 3874 0c10 72E6     		b	.L170
 3875              	.LVL287:
 3876              	.L297:
1850:./lwip-2.1.2/src/core/ipv4/dhcp.c ****             (dhcp->state == DHCP_STATE_REBINDING) || (dhcp->state == DHCP_STATE_RENEWING  ))) {
 3877              		.loc 1 1850 18 view .LVU1327
 3878 0c12 6B79     		ldrb	r3, [r5, #5]	@ zero_extendqisi2
 3879              	.LVL288:
1850:./lwip-2.1.2/src/core/ipv4/dhcp.c ****             (dhcp->state == DHCP_STATE_REBINDING) || (dhcp->state == DHCP_STATE_RENEWING  ))) {
 3880              		.loc 1 1850 51 view .LVU1328
 3881 0c14 DA1E     		subs	r2, r3, #3
1851:./lwip-2.1.2/src/core/ipv4/dhcp.c ****     LWIP_DEBUGF(DHCP_DEBUG | LWIP_DBG_TRACE, ("DHCP_NAK received\n"));
 3882              		.loc 1 1851 51 view .LVU1329
 3883 0c16 022A     		cmp	r2, #2
 3884 0c18 02D9     		bls	.L232
 3885 0c1a 012B     		cmp	r3, #1
 3886 0c1c 7FF46CAE 		bne	.L170
 3887              	.L232:
1852:./lwip-2.1.2/src/core/ipv4/dhcp.c ****     dhcp_handle_nak(netif);
 3888              		.loc 1 1852 70 is_stmt 1 view .LVU1330
1853:./lwip-2.1.2/src/core/ipv4/dhcp.c ****   }
 3889              		.loc 1 1853 5 view .LVU1331
 3890              	.LVL289:
 3891              	.LBB506:
 3892              	.LBI506:
 277:./lwip-2.1.2/src/core/ipv4/dhcp.c **** {
 3893              		.loc 1 277 1 view .LVU1332
 3894              	.LBB507:
 279:./lwip-2.1.2/src/core/ipv4/dhcp.c **** 
 3895              		.loc 1 279 3 view .LVU1333
 279:./lwip-2.1.2/src/core/ipv4/dhcp.c **** 
 3896              		.loc 1 279 16 is_stmt 0 view .LVU1334
 3897 0c20 3B6A     		ldr	r3, [r7, #32]
 3898              	.LVL290:
 282:./lwip-2.1.2/src/core/ipv4/dhcp.c ****   /* Change to a defined state - set this before assigning the address
 3899              		.loc 1 282 81 is_stmt 1 view .LVU1335
 285:./lwip-2.1.2/src/core/ipv4/dhcp.c ****   /* remove IP address from interface (must no longer be used, as per RFC2131) */
 3900              		.loc 1 285 3 view .LVU1336
 3901              	.LBB508:
 3902              	.LBI508:
1417:./lwip-2.1.2/src/core/ipv4/dhcp.c **** {
 3903              		.loc 1 1417 1 view .LVU1337
 3904              	.LBB509:
1419:./lwip-2.1.2/src/core/ipv4/dhcp.c ****     dhcp->state = new_state;
 3905              		.loc 1 1419 3 view .LVU1338
1419:./lwip-2.1.2/src/core/ipv4/dhcp.c ****     dhcp->state = new_state;
 3906              		.loc 1 1419 6 is_stmt 0 view .LVU1339
 3907 0c22 5A79     		ldrb	r2, [r3, #5]	@ zero_extendqisi2
 3908 0c24 0C2A     		cmp	r2, #12
 3909 0c26 04D0     		beq	.L226
1420:./lwip-2.1.2/src/core/ipv4/dhcp.c ****     dhcp->tries = 0;
 3910              		.loc 1 1420 5 is_stmt 1 view .LVU1340
1421:./lwip-2.1.2/src/core/ipv4/dhcp.c ****     dhcp->request_timeout = 0;
 3911              		.loc 1 1421 5 view .LVU1341
1420:./lwip-2.1.2/src/core/ipv4/dhcp.c ****     dhcp->tries = 0;
 3912              		.loc 1 1420 17 is_stmt 0 view .LVU1342
 3913 0c28 0C21     		movs	r1, #12
1422:./lwip-2.1.2/src/core/ipv4/dhcp.c ****   }
 3914              		.loc 1 1422 27 view .LVU1343
 3915 0c2a 0022     		movs	r2, #0
1420:./lwip-2.1.2/src/core/ipv4/dhcp.c ****     dhcp->tries = 0;
 3916              		.loc 1 1420 17 view .LVU1344
 3917 0c2c A3F80510 		strh	r1, [r3, #5]	@ unaligned
 3918              	.LVL291:
1422:./lwip-2.1.2/src/core/ipv4/dhcp.c ****   }
 3919              		.loc 1 1422 5 is_stmt 1 view .LVU1345
1422:./lwip-2.1.2/src/core/ipv4/dhcp.c ****   }
 3920              		.loc 1 1422 27 is_stmt 0 view .LVU1346
 3921 0c30 1A81     		strh	r2, [r3, #8]	@ movhi
 3922              	.L226:
 3923              	.LVL292:
1422:./lwip-2.1.2/src/core/ipv4/dhcp.c ****   }
 3924              		.loc 1 1422 27 view .LVU1347
 3925              	.LBE509:
 3926              	.LBE508:
 287:./lwip-2.1.2/src/core/ipv4/dhcp.c ****   /* We can immediately restart discovery */
 3927              		.loc 1 287 3 is_stmt 1 view .LVU1348
 3928 0c32 0B4B     		ldr	r3, .L301
 3929              	.LVL293:
 287:./lwip-2.1.2/src/core/ipv4/dhcp.c ****   /* We can immediately restart discovery */
 3930              		.loc 1 287 3 is_stmt 0 view .LVU1349
 3931 0c34 3846     		mov	r0, r7
 3932 0c36 1A46     		mov	r2, r3
 3933 0c38 1946     		mov	r1, r3
 3934 0c3a FFF7FEFF 		bl	netif_set_addr
 3935              	.LVL294:
 289:./lwip-2.1.2/src/core/ipv4/dhcp.c **** }
 3936              		.loc 1 289 3 is_stmt 1 view .LVU1350
 3937 0c3e 3846     		mov	r0, r7
 3938 0c40 FFF738FC 		bl	dhcp_discover
 3939              	.LVL295:
 290:./lwip-2.1.2/src/core/ipv4/dhcp.c **** 
 3940              		.loc 1 290 1 is_stmt 0 view .LVU1351
 3941 0c44 58E6     		b	.L170
 3942              	.LVL296:
 3943              	.L298:
 290:./lwip-2.1.2/src/core/ipv4/dhcp.c **** 
 3944              		.loc 1 290 1 view .LVU1352
 3945              	.LBE507:
 3946              	.LBE506:
1827:./lwip-2.1.2/src/core/ipv4/dhcp.c **** #if DHCP_DOES_ARP_CHECK
 3947              		.loc 1 1827 7 is_stmt 1 view .LVU1353
 3948 0c46 386A     		ldr	r0, [r7, #32]
 3949 0c48 3146     		mov	r1, r6
 3950 0c4a FFF735FB 		bl	dhcp_handle_ack.isra.0
 3951              	.LVL297:
1829:./lwip-2.1.2/src/core/ipv4/dhcp.c ****         /* check if the acknowledged lease address is already in use */
 3952              		.loc 1 1829 7 view .LVU1354
1829:./lwip-2.1.2/src/core/ipv4/dhcp.c ****         /* check if the acknowledged lease address is already in use */
 3953              		.loc 1 1829 10 is_stmt 0 view .LVU1355
 3954 0c4e 97F82D30 		ldrb	r3, [r7, #45]	@ zero_extendqisi2
1831:./lwip-2.1.2/src/core/ipv4/dhcp.c ****       } else {
 3955              		.loc 1 1831 9 view .LVU1356
 3956 0c52 3846     		mov	r0, r7
1829:./lwip-2.1.2/src/core/ipv4/dhcp.c ****         /* check if the acknowledged lease address is already in use */
 3957              		.loc 1 1829 10 view .LVU1357
 3958 0c54 1B07     		lsls	r3, r3, #28
 3959 0c56 D9D5     		bpl	.L292
1831:./lwip-2.1.2/src/core/ipv4/dhcp.c ****       } else {
 3960              		.loc 1 1831 9 is_stmt 1 view .LVU1358
 3961 0c58 FFF756FA 		bl	dhcp_check
 3962              	.LVL298:
 3963 0c5c 4CE6     		b	.L170
 3964              	.L302:
 3965 0c5e 00BF     		.align	2
 3966              	.L301:
 3967 0c60 00000000 		.word	ip_addr_any
 3968              		.cfi_endproc
 3969              	.LFE59:
 3971              		.align	1
 3972              		.p2align 2,,3
 3973              		.global	dhcp_set_struct
 3974              		.syntax unified
 3975              		.thumb
 3976              		.thumb_func
 3978              	dhcp_set_struct:
 3979              	.LVL299:
 3980              	.LFB38:
 691:./lwip-2.1.2/src/core/ipv4/dhcp.c ****   LWIP_ASSERT_CORE_LOCKED();
 3981              		.loc 1 691 1 view -0
 3982              		.cfi_startproc
 3983              		@ args = 0, pretend = 0, frame = 0
 3984              		@ frame_needed = 0, uses_anonymous_args = 0
 692:./lwip-2.1.2/src/core/ipv4/dhcp.c ****   LWIP_ASSERT("netif != NULL", netif != NULL);
 3985              		.loc 1 692 28 view .LVU1360
 693:./lwip-2.1.2/src/core/ipv4/dhcp.c ****   LWIP_ASSERT("dhcp != NULL", dhcp != NULL);
 3986              		.loc 1 693 46 view .LVU1361
 694:./lwip-2.1.2/src/core/ipv4/dhcp.c ****   LWIP_ASSERT("netif already has a struct dhcp set", netif_dhcp_data(netif) == NULL);
 3987              		.loc 1 694 44 view .LVU1362
 695:./lwip-2.1.2/src/core/ipv4/dhcp.c **** 
 3988              		.loc 1 695 85 view .LVU1363
 698:./lwip-2.1.2/src/core/ipv4/dhcp.c ****   /* dhcp_set_state(&dhcp, DHCP_STATE_OFF); */
 3989              		.loc 1 698 3 view .LVU1364
 691:./lwip-2.1.2/src/core/ipv4/dhcp.c ****   LWIP_ASSERT_CORE_LOCKED();
 3990              		.loc 1 691 1 is_stmt 0 view .LVU1365
 3991 0c64 0B46     		mov	r3, r1
 698:./lwip-2.1.2/src/core/ipv4/dhcp.c ****   /* dhcp_set_state(&dhcp, DHCP_STATE_OFF); */
 3992              		.loc 1 698 3 view .LVU1366
 3993 0c66 3422     		movs	r2, #52
 3994 0c68 0021     		movs	r1, #0
 3995              	.LVL300:
 691:./lwip-2.1.2/src/core/ipv4/dhcp.c ****   LWIP_ASSERT_CORE_LOCKED();
 3996              		.loc 1 691 1 view .LVU1367
 3997 0c6a 10B5     		push	{r4, lr}
 3998              	.LCFI30:
 3999              		.cfi_def_cfa_offset 8
 4000              		.cfi_offset 4, -8
 4001              		.cfi_offset 14, -4
 691:./lwip-2.1.2/src/core/ipv4/dhcp.c ****   LWIP_ASSERT_CORE_LOCKED();
 4002              		.loc 1 691 1 view .LVU1368
 4003 0c6c 0446     		mov	r4, r0
 698:./lwip-2.1.2/src/core/ipv4/dhcp.c ****   /* dhcp_set_state(&dhcp, DHCP_STATE_OFF); */
 4004              		.loc 1 698 3 view .LVU1369
 4005 0c6e 1846     		mov	r0, r3
 4006              	.LVL301:
 698:./lwip-2.1.2/src/core/ipv4/dhcp.c ****   /* dhcp_set_state(&dhcp, DHCP_STATE_OFF); */
 4007              		.loc 1 698 3 view .LVU1370
 4008 0c70 FFF7FEFF 		bl	memset
 4009              	.LVL302:
 700:./lwip-2.1.2/src/core/ipv4/dhcp.c **** }
 4010              		.loc 1 700 3 is_stmt 1 view .LVU1371
 4011 0c74 2062     		str	r0, [r4, #32]
 701:./lwip-2.1.2/src/core/ipv4/dhcp.c **** 
 4012              		.loc 1 701 1 is_stmt 0 view .LVU1372
 4013 0c76 10BD     		pop	{r4, pc}
 701:./lwip-2.1.2/src/core/ipv4/dhcp.c **** 
 4014              		.loc 1 701 1 view .LVU1373
 4015              		.cfi_endproc
 4016              	.LFE38:
 4018              		.align	1
 4019              		.p2align 2,,3
 4020              		.global	dhcp_cleanup
 4021              		.syntax unified
 4022              		.thumb
 4023              		.thumb_func
 4025              	dhcp_cleanup:
 4026              	.LVL303:
 4027              	.LFB39:
 713:./lwip-2.1.2/src/core/ipv4/dhcp.c ****   LWIP_ASSERT_CORE_LOCKED();
 4028              		.loc 1 713 1 is_stmt 1 view -0
 4029              		.cfi_startproc
 4030              		@ args = 0, pretend = 0, frame = 0
 4031              		@ frame_needed = 0, uses_anonymous_args = 0
 714:./lwip-2.1.2/src/core/ipv4/dhcp.c ****   LWIP_ASSERT("netif != NULL", netif != NULL);
 4032              		.loc 1 714 28 view .LVU1375
 715:./lwip-2.1.2/src/core/ipv4/dhcp.c **** 
 4033              		.loc 1 715 46 view .LVU1376
 717:./lwip-2.1.2/src/core/ipv4/dhcp.c ****     mem_free(netif_dhcp_data(netif));
 4034              		.loc 1 717 3 view .LVU1377
 713:./lwip-2.1.2/src/core/ipv4/dhcp.c ****   LWIP_ASSERT_CORE_LOCKED();
 4035              		.loc 1 713 1 is_stmt 0 view .LVU1378
 4036 0c78 10B5     		push	{r4, lr}
 4037              	.LCFI31:
 4038              		.cfi_def_cfa_offset 8
 4039              		.cfi_offset 4, -8
 4040              		.cfi_offset 14, -4
 713:./lwip-2.1.2/src/core/ipv4/dhcp.c ****   LWIP_ASSERT_CORE_LOCKED();
 4041              		.loc 1 713 1 view .LVU1379
 4042 0c7a 0446     		mov	r4, r0
 717:./lwip-2.1.2/src/core/ipv4/dhcp.c ****     mem_free(netif_dhcp_data(netif));
 4043              		.loc 1 717 7 view .LVU1380
 4044 0c7c 006A     		ldr	r0, [r0, #32]
 4045              	.LVL304:
 717:./lwip-2.1.2/src/core/ipv4/dhcp.c ****     mem_free(netif_dhcp_data(netif));
 4046              		.loc 1 717 6 view .LVU1381
 4047 0c7e 18B1     		cbz	r0, .L305
 718:./lwip-2.1.2/src/core/ipv4/dhcp.c ****     netif_set_client_data(netif, LWIP_NETIF_CLIENT_DATA_INDEX_DHCP, NULL);
 4048              		.loc 1 718 5 is_stmt 1 view .LVU1382
 4049 0c80 FFF7FEFF 		bl	mem_free
 4050              	.LVL305:
 719:./lwip-2.1.2/src/core/ipv4/dhcp.c ****   }
 4051              		.loc 1 719 5 view .LVU1383
 4052 0c84 0023     		movs	r3, #0
 4053 0c86 2362     		str	r3, [r4, #32]
 4054              	.L305:
 721:./lwip-2.1.2/src/core/ipv4/dhcp.c **** 
 4055              		.loc 1 721 1 is_stmt 0 view .LVU1384
 4056 0c88 10BD     		pop	{r4, pc}
 721:./lwip-2.1.2/src/core/ipv4/dhcp.c **** 
 4057              		.loc 1 721 1 view .LVU1385
 4058              		.cfi_endproc
 4059              	.LFE39:
 4061              		.align	1
 4062 0c8a 00BF     		.p2align 2,,3
 4063              		.global	dhcp_inform
 4064              		.syntax unified
 4065              		.thumb
 4066              		.thumb_func
 4068              	dhcp_inform:
 4069              	.LVL306:
 4070              	.LFB41:
 815:./lwip-2.1.2/src/core/ipv4/dhcp.c ****   struct dhcp dhcp;
 4071              		.loc 1 815 1 is_stmt 1 view -0
 4072              		.cfi_startproc
 4073              		@ args = 0, pretend = 0, frame = 56
 4074              		@ frame_needed = 0, uses_anonymous_args = 0
 816:./lwip-2.1.2/src/core/ipv4/dhcp.c ****   struct pbuf *p_out;
 4075              		.loc 1 816 3 view .LVU1387
 817:./lwip-2.1.2/src/core/ipv4/dhcp.c ****   u16_t options_out_len;
 4076              		.loc 1 817 3 view .LVU1388
 818:./lwip-2.1.2/src/core/ipv4/dhcp.c **** 
 4077              		.loc 1 818 3 view .LVU1389
 820:./lwip-2.1.2/src/core/ipv4/dhcp.c ****   LWIP_ERROR("netif != NULL", (netif != NULL), return;);
 4078              		.loc 1 820 28 view .LVU1390
 821:./lwip-2.1.2/src/core/ipv4/dhcp.c **** 
 4079              		.loc 1 821 3 view .LVU1391
 821:./lwip-2.1.2/src/core/ipv4/dhcp.c **** 
 4080              		.loc 1 821 3 view .LVU1392
 4081 0c8c 0028     		cmp	r0, #0
 4082 0c8e 64D0     		beq	.L323
 821:./lwip-2.1.2/src/core/ipv4/dhcp.c **** 
 4083              		.loc 1 821 3 discriminator 2 view .LVU1393
 821:./lwip-2.1.2/src/core/ipv4/dhcp.c **** 
 4084              		.loc 1 821 3 discriminator 2 view .LVU1394
 823:./lwip-2.1.2/src/core/ipv4/dhcp.c ****     return;
 4085              		.loc 1 823 3 view .LVU1395
 815:./lwip-2.1.2/src/core/ipv4/dhcp.c ****   struct dhcp dhcp;
 4086              		.loc 1 815 1 is_stmt 0 view .LVU1396
 4087 0c90 2DE9F041 		push	{r4, r5, r6, r7, r8, lr}
 4088              	.LCFI32:
 4089              		.cfi_def_cfa_offset 24
 4090              		.cfi_offset 4, -24
 4091              		.cfi_offset 5, -20
 4092              		.cfi_offset 6, -16
 4093              		.cfi_offset 7, -12
 4094              		.cfi_offset 8, -8
 4095              		.cfi_offset 14, -4
 4096 0c94 90B0     		sub	sp, sp, #64
 4097              	.LCFI33:
 4098              		.cfi_def_cfa_offset 88
 4099 0c96 0446     		mov	r4, r0
 823:./lwip-2.1.2/src/core/ipv4/dhcp.c ****     return;
 4100              		.loc 1 823 7 view .LVU1397
 4101 0c98 FFF7E4FA 		bl	dhcp_inc_pcb_refcount
 4102              	.LVL307:
 823:./lwip-2.1.2/src/core/ipv4/dhcp.c ****     return;
 4103              		.loc 1 823 6 discriminator 1 view .LVU1398
 4104 0c9c 0546     		mov	r5, r0
 4105 0c9e 10B1     		cbz	r0, .L326
 4106              	.LVL308:
 4107              	.L311:
 850:./lwip-2.1.2/src/core/ipv4/dhcp.c **** 
 4108              		.loc 1 850 1 view .LVU1399
 4109 0ca0 10B0     		add	sp, sp, #64
 4110              	.LCFI34:
 4111              		.cfi_remember_state
 4112              		.cfi_def_cfa_offset 24
 4113              		@ sp needed
 4114 0ca2 BDE8F081 		pop	{r4, r5, r6, r7, r8, pc}
 4115              	.LVL309:
 4116              	.L326:
 4117              	.LCFI35:
 4118              		.cfi_restore_state
 827:./lwip-2.1.2/src/core/ipv4/dhcp.c ****   dhcp_set_state(&dhcp, DHCP_STATE_INFORMING);
 4119              		.loc 1 827 3 is_stmt 1 view .LVU1400
 4120 0ca6 0146     		mov	r1, r0
 4121 0ca8 3422     		movs	r2, #52
 4122 0caa 03A8     		add	r0, sp, #12
 4123 0cac FFF7FEFF 		bl	memset
 4124              	.LVL310:
 828:./lwip-2.1.2/src/core/ipv4/dhcp.c **** 
 4125              		.loc 1 828 3 view .LVU1401
 4126              	.LBB523:
 4127              	.LBI523:
1417:./lwip-2.1.2/src/core/ipv4/dhcp.c **** {
 4128              		.loc 1 1417 1 view .LVU1402
 4129              	.LBB524:
1419:./lwip-2.1.2/src/core/ipv4/dhcp.c ****     dhcp->state = new_state;
 4130              		.loc 1 1419 3 view .LVU1403
1420:./lwip-2.1.2/src/core/ipv4/dhcp.c ****     dhcp->tries = 0;
 4131              		.loc 1 1420 5 view .LVU1404
1420:./lwip-2.1.2/src/core/ipv4/dhcp.c ****     dhcp->tries = 0;
 4132              		.loc 1 1420 17 is_stmt 0 view .LVU1405
 4133 0cb0 0722     		movs	r2, #7
 4134              	.LBE524:
 4135              	.LBE523:
 831:./lwip-2.1.2/src/core/ipv4/dhcp.c ****   if (p_out != NULL) {
 4136              		.loc 1 831 11 view .LVU1406
 4137 0cb2 0DF10A03 		add	r3, sp, #10
 4138 0cb6 03A9     		add	r1, sp, #12
 4139              	.LVL311:
 4140              	.LBB526:
 4141              	.LBB525:
1420:./lwip-2.1.2/src/core/ipv4/dhcp.c ****     dhcp->tries = 0;
 4142              		.loc 1 1420 17 view .LVU1407
 4143 0cb8 8DF81120 		strb	r2, [sp, #17]
1421:./lwip-2.1.2/src/core/ipv4/dhcp.c ****     dhcp->request_timeout = 0;
 4144              		.loc 1 1421 5 is_stmt 1 view .LVU1408
1422:./lwip-2.1.2/src/core/ipv4/dhcp.c ****   }
 4145              		.loc 1 1422 5 view .LVU1409
 4146              	.LVL312:
1422:./lwip-2.1.2/src/core/ipv4/dhcp.c ****   }
 4147              		.loc 1 1422 5 is_stmt 0 view .LVU1410
 4148              	.LBE525:
 4149              	.LBE526:
 831:./lwip-2.1.2/src/core/ipv4/dhcp.c ****   if (p_out != NULL) {
 4150              		.loc 1 831 3 is_stmt 1 view .LVU1411
 831:./lwip-2.1.2/src/core/ipv4/dhcp.c ****   if (p_out != NULL) {
 4151              		.loc 1 831 11 is_stmt 0 view .LVU1412
 4152 0cbc 2046     		mov	r0, r4
 4153 0cbe 0822     		movs	r2, #8
 4154 0cc0 FFF79EF9 		bl	dhcp_create_msg
 4155              	.LVL313:
 832:./lwip-2.1.2/src/core/ipv4/dhcp.c ****     struct dhcp_msg *msg_out = (struct dhcp_msg *)p_out->payload;
 4156              		.loc 1 832 3 is_stmt 1 view .LVU1413
 832:./lwip-2.1.2/src/core/ipv4/dhcp.c ****     struct dhcp_msg *msg_out = (struct dhcp_msg *)p_out->payload;
 4157              		.loc 1 832 6 is_stmt 0 view .LVU1414
 4158 0cc4 0646     		mov	r6, r0
 4159 0cc6 0028     		cmp	r0, #0
 4160 0cc8 48D0     		beq	.L327
 4161              	.LBB527:
 833:./lwip-2.1.2/src/core/ipv4/dhcp.c ****     options_out_len = dhcp_option(options_out_len, msg_out->options, DHCP_OPTION_MAX_MSG_SIZE, DHCP
 4162              		.loc 1 833 5 is_stmt 1 view .LVU1415
 4163              	.LVL314:
 834:./lwip-2.1.2/src/core/ipv4/dhcp.c ****     options_out_len = dhcp_option_short(options_out_len, msg_out->options, DHCP_MAX_MSG_LEN(netif))
 4164              		.loc 1 834 5 view .LVU1416
 834:./lwip-2.1.2/src/core/ipv4/dhcp.c ****     options_out_len = dhcp_option_short(options_out_len, msg_out->options, DHCP_MAX_MSG_LEN(netif))
 4165              		.loc 1 834 59 is_stmt 0 view .LVU1417
 4166 0cca 4368     		ldr	r3, [r0, #4]
 4167              	.LBB528:
 4168              	.LBB529:
1435:./lwip-2.1.2/src/core/ipv4/dhcp.c ****   options[options_out_len++] = option_len;
 4169              		.loc 1 1435 30 view .LVU1418
 4170 0ccc 3920     		movs	r0, #57
 4171              	.LVL315:
1435:./lwip-2.1.2/src/core/ipv4/dhcp.c ****   options[options_out_len++] = option_len;
 4172              		.loc 1 1435 30 view .LVU1419
 4173              	.LBE529:
 4174              	.LBE528:
 834:./lwip-2.1.2/src/core/ipv4/dhcp.c ****     options_out_len = dhcp_option_short(options_out_len, msg_out->options, DHCP_MAX_MSG_LEN(netif))
 4175              		.loc 1 834 23 view .LVU1420
 4176 0cce BDF80A20 		ldrh	r2, [sp, #10]
 834:./lwip-2.1.2/src/core/ipv4/dhcp.c ****     options_out_len = dhcp_option_short(options_out_len, msg_out->options, DHCP_MAX_MSG_LEN(netif))
 4177              		.loc 1 834 59 view .LVU1421
 4178 0cd2 F033     		adds	r3, r3, #240
 4179              	.LVL316:
 4180              	.LBB533:
 4181              	.LBI528:
1432:./lwip-2.1.2/src/core/ipv4/dhcp.c **** {
 4182              		.loc 1 1432 1 is_stmt 1 view .LVU1422
 4183              	.LBB530:
1434:./lwip-2.1.2/src/core/ipv4/dhcp.c ****   options[options_out_len++] = option_type;
 4184              		.loc 1 1434 138 view .LVU1423
1435:./lwip-2.1.2/src/core/ipv4/dhcp.c ****   options[options_out_len++] = option_len;
 4185              		.loc 1 1435 3 view .LVU1424
1435:./lwip-2.1.2/src/core/ipv4/dhcp.c ****   options[options_out_len++] = option_len;
 4186              		.loc 1 1435 26 is_stmt 0 view .LVU1425
 4187 0cd4 511C     		adds	r1, r2, #1
 4188              	.LBE530:
 4189              	.LBE533:
 4190              	.LBB534:
 4191              	.LBB535:
1455:./lwip-2.1.2/src/core/ipv4/dhcp.c ****   options[options_out_len++] = (u8_t) (value & 0x00ffU);
 4192              		.loc 1 1455 26 view .LVU1426
 4193 0cd6 02F1030C 		add	ip, r2, #3
 4194              	.LBE535:
 4195              	.LBE534:
 4196              	.LBB540:
 4197              	.LBB531:
1435:./lwip-2.1.2/src/core/ipv4/dhcp.c ****   options[options_out_len++] = option_len;
 4198              		.loc 1 1435 30 view .LVU1427
 4199 0cda 9854     		strb	r0, [r3, r2]
 4200              	.LVL317:
1436:./lwip-2.1.2/src/core/ipv4/dhcp.c ****   return options_out_len;
 4201              		.loc 1 1436 3 is_stmt 1 view .LVU1428
1436:./lwip-2.1.2/src/core/ipv4/dhcp.c ****   return options_out_len;
 4202              		.loc 1 1436 30 is_stmt 0 view .LVU1429
 4203 0cdc 0220     		movs	r0, #2
1436:./lwip-2.1.2/src/core/ipv4/dhcp.c ****   return options_out_len;
 4204              		.loc 1 1436 26 view .LVU1430
 4205 0cde 89B2     		uxth	r1, r1
 4206 0ce0 02EB000E 		add	lr, r2, r0
 4207              	.LBE531:
 4208              	.LBE540:
 4209              	.LBB541:
 4210              	.LBB536:
1456:./lwip-2.1.2/src/core/ipv4/dhcp.c ****   return options_out_len;
 4211              		.loc 1 1456 26 view .LVU1431
 4212 0ce4 1FFA8CFC 		uxth	ip, ip
 4213              	.LBE536:
 4214              	.LBE541:
 4215              	.LBB542:
 4216              	.LBB532:
1436:./lwip-2.1.2/src/core/ipv4/dhcp.c ****   return options_out_len;
 4217              		.loc 1 1436 30 view .LVU1432
 4218 0ce8 5854     		strb	r0, [r3, r1]
1437:./lwip-2.1.2/src/core/ipv4/dhcp.c **** }
 4219              		.loc 1 1437 3 is_stmt 1 view .LVU1433
 4220              	.LVL318:
1437:./lwip-2.1.2/src/core/ipv4/dhcp.c **** }
 4221              		.loc 1 1437 3 is_stmt 0 view .LVU1434
 4222              	.LBE532:
 4223              	.LBE542:
 835:./lwip-2.1.2/src/core/ipv4/dhcp.c **** 
 4224              		.loc 1 835 5 is_stmt 1 view .LVU1435
 4225              	.LBB543:
 4226              	.LBB544:
1962:./lwip-2.1.2/src/core/ipv4/dhcp.c ****   /* packet is too small, or not 4 byte aligned? */
 4227              		.loc 1 1962 26 is_stmt 0 view .LVU1436
 4228 0cea 501D     		adds	r0, r2, #5
 4229              	.LBE544:
 4230              	.LBE543:
 835:./lwip-2.1.2/src/core/ipv4/dhcp.c **** 
 4231              		.loc 1 835 23 view .LVU1437
 4232 0cec A78C     		ldrh	r7, [r4, #36]
 4233              	.LVL319:
 4234              	.LBB549:
 4235              	.LBI534:
1452:./lwip-2.1.2/src/core/ipv4/dhcp.c **** {
 4236              		.loc 1 1452 1 is_stmt 1 view .LVU1438
 4237              	.LBB537:
1454:./lwip-2.1.2/src/core/ipv4/dhcp.c ****   options[options_out_len++] = (u8_t)((value & 0xff00U) >> 8);
 4238              		.loc 1 1454 118 view .LVU1439
1455:./lwip-2.1.2/src/core/ipv4/dhcp.c ****   options[options_out_len++] = (u8_t) (value & 0x00ffU);
 4239              		.loc 1 1455 3 view .LVU1440
1455:./lwip-2.1.2/src/core/ipv4/dhcp.c ****   options[options_out_len++] = (u8_t) (value & 0x00ffU);
 4240              		.loc 1 1455 26 is_stmt 0 view .LVU1441
 4241 0cee 1FFA8EFE 		uxth	lr, lr
 4242              	.LBE537:
 4243              	.LBE549:
 4244              	.LBB550:
 4245              	.LBB545:
1962:./lwip-2.1.2/src/core/ipv4/dhcp.c ****   /* packet is too small, or not 4 byte aligned? */
 4246              		.loc 1 1962 26 view .LVU1442
 4247 0cf2 80B2     		uxth	r0, r0
 4248              	.LBE545:
 4249              	.LBE550:
 4250              	.LBB551:
 4251              	.LBB538:
1456:./lwip-2.1.2/src/core/ipv4/dhcp.c ****   return options_out_len;
 4252              		.loc 1 1456 26 view .LVU1443
 4253 0cf4 111D     		adds	r1, r2, #4
1455:./lwip-2.1.2/src/core/ipv4/dhcp.c ****   options[options_out_len++] = (u8_t) (value & 0x00ffU);
 4254              		.loc 1 1455 57 view .LVU1444
 4255 0cf6 4FEA1728 		lsr	r8, r7, #8
 4256              	.LBE538:
 4257              	.LBE551:
 4258              	.LBB552:
 4259              	.LBB546:
1962:./lwip-2.1.2/src/core/ipv4/dhcp.c ****   /* packet is too small, or not 4 byte aligned? */
 4260              		.loc 1 1962 26 view .LVU1445
 4261 0cfa 89B2     		uxth	r1, r1
1964:./lwip-2.1.2/src/core/ipv4/dhcp.c ****          (options_out_len < DHCP_OPTIONS_LEN)) {
 4262              		.loc 1 1964 78 view .LVU1446
 4263 0cfc 4328     		cmp	r0, #67
 4264              	.LBE546:
 4265              	.LBE552:
 4266              	.LBB553:
 4267              	.LBB539:
1455:./lwip-2.1.2/src/core/ipv4/dhcp.c ****   options[options_out_len++] = (u8_t) (value & 0x00ffU);
 4268              		.loc 1 1455 32 view .LVU1447
 4269 0cfe 03F80E80 		strb	r8, [r3, lr]
1456:./lwip-2.1.2/src/core/ipv4/dhcp.c ****   return options_out_len;
 4270              		.loc 1 1456 3 is_stmt 1 view .LVU1448
 4271              	.LVL320:
1456:./lwip-2.1.2/src/core/ipv4/dhcp.c ****   return options_out_len;
 4272              		.loc 1 1456 32 is_stmt 0 view .LVU1449
 4273 0d02 03F80C70 		strb	r7, [r3, ip]
1457:./lwip-2.1.2/src/core/ipv4/dhcp.c **** }
 4274              		.loc 1 1457 3 is_stmt 1 view .LVU1450
 4275              	.LVL321:
1457:./lwip-2.1.2/src/core/ipv4/dhcp.c **** }
 4276              		.loc 1 1457 3 is_stmt 0 view .LVU1451
 4277              	.LBE539:
 4278              	.LBE553:
 837:./lwip-2.1.2/src/core/ipv4/dhcp.c ****     dhcp_option_trailer(options_out_len, msg_out->options, p_out);
 4279              		.loc 1 837 110 is_stmt 1 view .LVU1452
 838:./lwip-2.1.2/src/core/ipv4/dhcp.c **** 
 4280              		.loc 1 838 5 view .LVU1453
 4281              	.LBB554:
 4282              	.LBI543:
1960:./lwip-2.1.2/src/core/ipv4/dhcp.c **** {
 4283              		.loc 1 1960 1 view .LVU1454
 4284              	.LBB547:
1962:./lwip-2.1.2/src/core/ipv4/dhcp.c ****   /* packet is too small, or not 4 byte aligned? */
 4285              		.loc 1 1962 3 view .LVU1455
1962:./lwip-2.1.2/src/core/ipv4/dhcp.c ****   /* packet is too small, or not 4 byte aligned? */
 4286              		.loc 1 1962 30 is_stmt 0 view .LVU1456
 4287 0d06 4FF0FF07 		mov	r7, #255
 4288 0d0a 5F54     		strb	r7, [r3, r1]
1964:./lwip-2.1.2/src/core/ipv4/dhcp.c ****          (options_out_len < DHCP_OPTIONS_LEN)) {
 4289              		.loc 1 1964 3 is_stmt 1 view .LVU1457
1964:./lwip-2.1.2/src/core/ipv4/dhcp.c ****          (options_out_len < DHCP_OPTIONS_LEN)) {
 4290              		.loc 1 1964 78 view .LVU1458
 4291 0d0c 07D8     		bhi	.L314
1967:./lwip-2.1.2/src/core/ipv4/dhcp.c ****   }
 4292              		.loc 1 1967 32 is_stmt 0 view .LVU1459
 4293 0d0e C2F13F02 		rsb	r2, r2, #63
 4294 0d12 1844     		add	r0, r0, r3
 4295              	.LVL322:
1967:./lwip-2.1.2/src/core/ipv4/dhcp.c ****   }
 4296              		.loc 1 1967 32 view .LVU1460
 4297 0d14 2946     		mov	r1, r5
 4298 0d16 92B2     		uxth	r2, r2
 4299 0d18 FFF7FEFF 		bl	memset
 4300              	.LVL323:
1967:./lwip-2.1.2/src/core/ipv4/dhcp.c ****   }
 4301              		.loc 1 1967 32 view .LVU1461
 4302 0d1c 4420     		movs	r0, #68
 4303              	.L314:
 4304              		.loc 1 1970 3 is_stmt 1 view .LVU1462
 4305 0d1e 00F1F001 		add	r1, r0, #240
 4306              	.LBE547:
 4307              	.LBE554:
 842:./lwip-2.1.2/src/core/ipv4/dhcp.c **** 
 4308              		.loc 1 842 5 is_stmt 0 view .LVU1463
 4309 0d22 0F4D     		ldr	r5, .L328
 4310              	.LBB555:
 4311              	.LBB548:
 4312              		.loc 1 1970 3 view .LVU1464
 4313 0d24 3046     		mov	r0, r6
 4314 0d26 89B2     		uxth	r1, r1
 4315 0d28 FFF7FEFF 		bl	pbuf_realloc
 4316              	.LVL324:
 4317              		.loc 1 1970 3 view .LVU1465
 4318              	.LBE548:
 4319              	.LBE555:
 840:./lwip-2.1.2/src/core/ipv4/dhcp.c **** 
 4320              		.loc 1 840 92 is_stmt 1 view .LVU1466
 842:./lwip-2.1.2/src/core/ipv4/dhcp.c **** 
 4321              		.loc 1 842 5 view .LVU1467
 4322 0d2c 0094     		str	r4, [sp]
 4323 0d2e 4323     		movs	r3, #67
 4324 0d30 0C4A     		ldr	r2, .L328+4
 4325 0d32 3146     		mov	r1, r6
 4326 0d34 A868     		ldr	r0, [r5, #8]
 4327 0d36 FFF7FEFF 		bl	udp_sendto_if
 4328              	.LVL325:
 844:./lwip-2.1.2/src/core/ipv4/dhcp.c ****   } else {
 4329              		.loc 1 844 5 view .LVU1468
 4330 0d3a 3046     		mov	r0, r6
 4331 0d3c FFF7FEFF 		bl	pbuf_free
 4332              	.LVL326:
 4333              	.L313:
 844:./lwip-2.1.2/src/core/ipv4/dhcp.c ****   } else {
 4334              		.loc 1 844 5 is_stmt 0 view .LVU1469
 4335              	.LBE527:
 846:./lwip-2.1.2/src/core/ipv4/dhcp.c ****   }
 4336              		.loc 1 846 122 is_stmt 1 view .LVU1470
 849:./lwip-2.1.2/src/core/ipv4/dhcp.c **** }
 4337              		.loc 1 849 3 view .LVU1471
 4338              	.LBB556:
 4339              	.LBI556:
 253:./lwip-2.1.2/src/core/ipv4/dhcp.c **** {
 4340              		.loc 1 253 1 view .LVU1472
 4341              	.LBB557:
 255:./lwip-2.1.2/src/core/ipv4/dhcp.c ****   dhcp_pcb_refcount--;
 4342              		.loc 1 255 78 view .LVU1473
 256:./lwip-2.1.2/src/core/ipv4/dhcp.c **** 
 4343              		.loc 1 256 3 view .LVU1474
 256:./lwip-2.1.2/src/core/ipv4/dhcp.c **** 
 4344              		.loc 1 256 20 is_stmt 0 view .LVU1475
 4345 0d40 2C79     		ldrb	r4, [r5, #4]	@ zero_extendqisi2
 4346              	.LVL327:
 256:./lwip-2.1.2/src/core/ipv4/dhcp.c **** 
 4347              		.loc 1 256 20 view .LVU1476
 4348 0d42 013C     		subs	r4, r4, #1
 4349 0d44 E4B2     		uxtb	r4, r4
 4350 0d46 2C71     		strb	r4, [r5, #4]
 258:./lwip-2.1.2/src/core/ipv4/dhcp.c ****     udp_remove(dhcp_pcb);
 4351              		.loc 1 258 3 is_stmt 1 view .LVU1477
 258:./lwip-2.1.2/src/core/ipv4/dhcp.c ****     udp_remove(dhcp_pcb);
 4352              		.loc 1 258 6 is_stmt 0 view .LVU1478
 4353 0d48 002C     		cmp	r4, #0
 4354 0d4a A9D1     		bne	.L311
 4355              	.LBB558:
 4356              	.LBI558:
 253:./lwip-2.1.2/src/core/ipv4/dhcp.c **** {
 4357              		.loc 1 253 1 is_stmt 1 view .LVU1479
 4358              	.LBB559:
 259:./lwip-2.1.2/src/core/ipv4/dhcp.c ****     dhcp_pcb = NULL;
 4359              		.loc 1 259 5 view .LVU1480
 4360 0d4c A868     		ldr	r0, [r5, #8]
 4361 0d4e FFF7FEFF 		bl	udp_remove
 4362              	.LVL328:
 260:./lwip-2.1.2/src/core/ipv4/dhcp.c ****   }
 4363              		.loc 1 260 5 view .LVU1481
 260:./lwip-2.1.2/src/core/ipv4/dhcp.c ****   }
 4364              		.loc 1 260 14 is_stmt 0 view .LVU1482
 4365 0d52 AC60     		str	r4, [r5, #8]
 4366              	.LBE559:
 4367              	.LBE558:
 4368              	.LBE557:
 4369              	.LBE556:
 850:./lwip-2.1.2/src/core/ipv4/dhcp.c **** 
 4370              		.loc 1 850 1 view .LVU1483
 4371 0d54 10B0     		add	sp, sp, #64
 4372              	.LCFI36:
 4373              		.cfi_def_cfa_offset 24
 4374              		@ sp needed
 4375 0d56 BDE8F081 		pop	{r4, r5, r6, r7, r8, pc}
 4376              	.LVL329:
 4377              	.L323:
 4378              	.LCFI37:
 4379              		.cfi_def_cfa_offset 0
 4380              		.cfi_restore 4
 4381              		.cfi_restore 5
 4382              		.cfi_restore 6
 4383              		.cfi_restore 7
 4384              		.cfi_restore 8
 4385              		.cfi_restore 14
 850:./lwip-2.1.2/src/core/ipv4/dhcp.c **** 
 4386              		.loc 1 850 1 view .LVU1484
 4387 0d5a 7047     		bx	lr
 4388              	.LVL330:
 4389              	.L327:
 4390              	.LCFI38:
 4391              		.cfi_def_cfa_offset 88
 4392              		.cfi_offset 4, -24
 4393              		.cfi_offset 5, -20
 4394              		.cfi_offset 6, -16
 4395              		.cfi_offset 7, -12
 4396              		.cfi_offset 8, -8
 4397              		.cfi_offset 14, -4
 850:./lwip-2.1.2/src/core/ipv4/dhcp.c **** 
 4398              		.loc 1 850 1 view .LVU1485
 4399 0d5c 004D     		ldr	r5, .L328
 4400 0d5e EFE7     		b	.L313
 4401              	.L329:
 4402              		.align	2
 4403              	.L328:
 4404 0d60 00000000 		.word	.LANCHOR0
 4405 0d64 00000000 		.word	ip_addr_broadcast
 4406              		.cfi_endproc
 4407              	.LFE41:
 4409              		.align	1
 4410              		.p2align 2,,3
 4411              		.global	dhcp_network_changed
 4412              		.syntax unified
 4413              		.thumb
 4414              		.thumb_func
 4416              	dhcp_network_changed:
 4417              	.LVL331:
 4418              	.LFB42:
 859:./lwip-2.1.2/src/core/ipv4/dhcp.c ****   struct dhcp *dhcp = netif_dhcp_data(netif);
 4419              		.loc 1 859 1 is_stmt 1 view -0
 4420              		.cfi_startproc
 4421              		@ args = 0, pretend = 0, frame = 0
 4422              		@ frame_needed = 0, uses_anonymous_args = 0
 4423              		@ link register save eliminated.
 860:./lwip-2.1.2/src/core/ipv4/dhcp.c **** 
 4424              		.loc 1 860 3 view .LVU1487
 860:./lwip-2.1.2/src/core/ipv4/dhcp.c **** 
 4425              		.loc 1 860 16 is_stmt 0 view .LVU1488
 4426 0d68 036A     		ldr	r3, [r0, #32]
 4427              	.LVL332:
 862:./lwip-2.1.2/src/core/ipv4/dhcp.c ****     return;
 4428              		.loc 1 862 3 is_stmt 1 view .LVU1489
 862:./lwip-2.1.2/src/core/ipv4/dhcp.c ****     return;
 4429              		.loc 1 862 6 is_stmt 0 view .LVU1490
 4430 0d6a 2BB1     		cbz	r3, .L330
 865:./lwip-2.1.2/src/core/ipv4/dhcp.c ****     case DHCP_STATE_REBINDING:
 4431              		.loc 1 865 3 is_stmt 1 view .LVU1491
 865:./lwip-2.1.2/src/core/ipv4/dhcp.c ****     case DHCP_STATE_REBINDING:
 4432              		.loc 1 865 15 is_stmt 0 view .LVU1492
 4433 0d6c 5A79     		ldrb	r2, [r3, #5]	@ zero_extendqisi2
 865:./lwip-2.1.2/src/core/ipv4/dhcp.c ****     case DHCP_STATE_REBINDING:
 4434              		.loc 1 865 3 view .LVU1493
 4435 0d6e 052A     		cmp	r2, #5
 4436 0d70 03D8     		bhi	.L332
 4437 0d72 022A     		cmp	r2, #2
 4438 0d74 03D8     		bhi	.L333
 4439 0d76 32B9     		cbnz	r2, .L334
 4440              	.L330:
 892:./lwip-2.1.2/src/core/ipv4/dhcp.c **** 
 4441              		.loc 1 892 1 view .LVU1494
 4442 0d78 7047     		bx	lr
 4443              	.L332:
 865:./lwip-2.1.2/src/core/ipv4/dhcp.c ****     case DHCP_STATE_REBINDING:
 4444              		.loc 1 865 3 view .LVU1495
 4445 0d7a 0A2A     		cmp	r2, #10
 4446 0d7c 03D1     		bne	.L334
 4447              	.L333:
 870:./lwip-2.1.2/src/core/ipv4/dhcp.c ****       dhcp_reboot(netif);
 4448              		.loc 1 870 7 is_stmt 1 view .LVU1496
 870:./lwip-2.1.2/src/core/ipv4/dhcp.c ****       dhcp_reboot(netif);
 4449              		.loc 1 870 19 is_stmt 0 view .LVU1497
 4450 0d7e 0022     		movs	r2, #0
 4451 0d80 9A71     		strb	r2, [r3, #6]
 871:./lwip-2.1.2/src/core/ipv4/dhcp.c ****       break;
 4452              		.loc 1 871 7 is_stmt 1 view .LVU1498
 4453 0d82 FFF7D1BA 		b	dhcp_reboot.isra.0
 4454              	.LVL333:
 4455              	.L334:
 877:./lwip-2.1.2/src/core/ipv4/dhcp.c ****       /* INIT/REQUESTING/CHECKING/BACKING_OFF restart with new 'rid' because the
 4456              		.loc 1 877 80 view .LVU1499
 888:./lwip-2.1.2/src/core/ipv4/dhcp.c ****       dhcp_discover(netif);
 4457              		.loc 1 888 7 view .LVU1500
 888:./lwip-2.1.2/src/core/ipv4/dhcp.c ****       dhcp_discover(netif);
 4458              		.loc 1 888 19 is_stmt 0 view .LVU1501
 4459 0d86 0022     		movs	r2, #0
 4460 0d88 9A71     		strb	r2, [r3, #6]
 889:./lwip-2.1.2/src/core/ipv4/dhcp.c ****       break;
 4461              		.loc 1 889 7 is_stmt 1 view .LVU1502
 4462 0d8a FFF793BB 		b	dhcp_discover
 4463              	.LVL334:
 889:./lwip-2.1.2/src/core/ipv4/dhcp.c ****       break;
 4464              		.loc 1 889 7 is_stmt 0 view .LVU1503
 4465              		.cfi_endproc
 4466              	.LFE42:
 4468              		.align	1
 4469 0d8e 00BF     		.p2align 2,,3
 4470              		.global	dhcp_arp_reply
 4471              		.syntax unified
 4472              		.thumb
 4473              		.thumb_func
 4475              	dhcp_arp_reply:
 4476              	.LVL335:
 4477              	.LFB43:
 904:./lwip-2.1.2/src/core/ipv4/dhcp.c ****   struct dhcp *dhcp;
 4478              		.loc 1 904 1 is_stmt 1 view -0
 4479              		.cfi_startproc
 4480              		@ args = 0, pretend = 0, frame = 8
 4481              		@ frame_needed = 0, uses_anonymous_args = 0
 905:./lwip-2.1.2/src/core/ipv4/dhcp.c **** 
 4482              		.loc 1 905 3 view .LVU1505
 907:./lwip-2.1.2/src/core/ipv4/dhcp.c ****   dhcp = netif_dhcp_data(netif);
 4483              		.loc 1 907 3 view .LVU1506
 907:./lwip-2.1.2/src/core/ipv4/dhcp.c ****   dhcp = netif_dhcp_data(netif);
 4484              		.loc 1 907 3 view .LVU1507
 4485 0d90 0028     		cmp	r0, #0
 4486 0d92 72D0     		beq	.L359
 907:./lwip-2.1.2/src/core/ipv4/dhcp.c ****   dhcp = netif_dhcp_data(netif);
 4487              		.loc 1 907 3 discriminator 2 view .LVU1508
 907:./lwip-2.1.2/src/core/ipv4/dhcp.c ****   dhcp = netif_dhcp_data(netif);
 4488              		.loc 1 907 3 discriminator 2 view .LVU1509
 908:./lwip-2.1.2/src/core/ipv4/dhcp.c ****   LWIP_DEBUGF(DHCP_DEBUG | LWIP_DBG_TRACE, ("dhcp_arp_reply()\n"));
 4489              		.loc 1 908 3 view .LVU1510
 904:./lwip-2.1.2/src/core/ipv4/dhcp.c ****   struct dhcp *dhcp;
 4490              		.loc 1 904 1 is_stmt 0 view .LVU1511
 4491 0d94 2DE9F04F 		push	{r4, r5, r6, r7, r8, r9, r10, fp, lr}
 4492              	.LCFI39:
 4493              		.cfi_def_cfa_offset 36
 4494              		.cfi_offset 4, -36
 4495              		.cfi_offset 5, -32
 4496              		.cfi_offset 6, -28
 4497              		.cfi_offset 7, -24
 4498              		.cfi_offset 8, -20
 4499              		.cfi_offset 9, -16
 4500              		.cfi_offset 10, -12
 4501              		.cfi_offset 11, -8
 4502              		.cfi_offset 14, -4
 908:./lwip-2.1.2/src/core/ipv4/dhcp.c ****   LWIP_DEBUGF(DHCP_DEBUG | LWIP_DBG_TRACE, ("dhcp_arp_reply()\n"));
 4503              		.loc 1 908 8 view .LVU1512
 4504 0d98 056A     		ldr	r5, [r0, #32]
 4505              	.LVL336:
 909:./lwip-2.1.2/src/core/ipv4/dhcp.c ****   /* is a DHCP client doing an ARP check? */
 4506              		.loc 1 909 67 is_stmt 1 view .LVU1513
 911:./lwip-2.1.2/src/core/ipv4/dhcp.c ****     LWIP_DEBUGF(DHCP_DEBUG | LWIP_DBG_TRACE | LWIP_DBG_STATE, ("dhcp_arp_reply(): CHECKING, arp rep
 4507              		.loc 1 911 3 view .LVU1514
 904:./lwip-2.1.2/src/core/ipv4/dhcp.c ****   struct dhcp *dhcp;
 4508              		.loc 1 904 1 is_stmt 0 view .LVU1515
 4509 0d9a 85B0     		sub	sp, sp, #20
 4510              	.LCFI40:
 4511              		.cfi_def_cfa_offset 56
 4512 0d9c 0446     		mov	r4, r0
 911:./lwip-2.1.2/src/core/ipv4/dhcp.c ****     LWIP_DEBUGF(DHCP_DEBUG | LWIP_DBG_TRACE | LWIP_DBG_STATE, ("dhcp_arp_reply(): CHECKING, arp rep
 4513              		.loc 1 911 6 view .LVU1516
 4514 0d9e 15B1     		cbz	r5, .L341
 911:./lwip-2.1.2/src/core/ipv4/dhcp.c ****     LWIP_DEBUGF(DHCP_DEBUG | LWIP_DBG_TRACE | LWIP_DBG_STATE, ("dhcp_arp_reply(): CHECKING, arp rep
 4515              		.loc 1 911 22 discriminator 1 view .LVU1517
 4516 0da0 6B79     		ldrb	r3, [r5, #5]	@ zero_extendqisi2
 4517 0da2 082B     		cmp	r3, #8
 4518 0da4 02D0     		beq	.L362
 4519              	.LVL337:
 4520              	.L341:
 923:./lwip-2.1.2/src/core/ipv4/dhcp.c **** 
 4521              		.loc 1 923 1 view .LVU1518
 4522 0da6 05B0     		add	sp, sp, #20
 4523              	.LCFI41:
 4524              		.cfi_remember_state
 4525              		.cfi_def_cfa_offset 36
 4526              		@ sp needed
 4527 0da8 BDE8F08F 		pop	{r4, r5, r6, r7, r8, r9, r10, fp, pc}
 4528              	.LVL338:
 4529              	.L362:
 4530              	.LCFI42:
 4531              		.cfi_restore_state
 913:./lwip-2.1.2/src/core/ipv4/dhcp.c ****     /* did a host respond with the address we
 4532              		.loc 1 913 41 is_stmt 1 view .LVU1519
 916:./lwip-2.1.2/src/core/ipv4/dhcp.c ****       /* we will not accept the offered address */
 4533              		.loc 1 916 5 view .LVU1520
 916:./lwip-2.1.2/src/core/ipv4/dhcp.c ****       /* we will not accept the offered address */
 4534              		.loc 1 916 8 is_stmt 0 view .LVU1521
 4535 0dac 0A68     		ldr	r2, [r1]
 4536 0dae EB69     		ldr	r3, [r5, #28]
 4537 0db0 9A42     		cmp	r2, r3
 4538 0db2 F8D1     		bne	.L341
 919:./lwip-2.1.2/src/core/ipv4/dhcp.c ****       dhcp_decline(netif);
 4539              		.loc 1 919 93 is_stmt 1 view .LVU1522
 920:./lwip-2.1.2/src/core/ipv4/dhcp.c ****     }
 4540              		.loc 1 920 7 view .LVU1523
 4541              	.LVL339:
 4542              	.LBB576:
 4543              	.LBI576:
 935:./lwip-2.1.2/src/core/ipv4/dhcp.c **** {
 4544              		.loc 1 935 1 view .LVU1524
 4545              	.LBB577:
 937:./lwip-2.1.2/src/core/ipv4/dhcp.c ****   err_t result;
 4546              		.loc 1 937 3 view .LVU1525
 938:./lwip-2.1.2/src/core/ipv4/dhcp.c ****   u16_t msecs;
 4547              		.loc 1 938 3 view .LVU1526
 939:./lwip-2.1.2/src/core/ipv4/dhcp.c ****   struct pbuf *p_out;
 4548              		.loc 1 939 3 view .LVU1527
 940:./lwip-2.1.2/src/core/ipv4/dhcp.c ****   u16_t options_out_len;
 4549              		.loc 1 940 3 view .LVU1528
 941:./lwip-2.1.2/src/core/ipv4/dhcp.c **** 
 4550              		.loc 1 941 3 view .LVU1529
 943:./lwip-2.1.2/src/core/ipv4/dhcp.c ****   dhcp_set_state(dhcp, DHCP_STATE_BACKING_OFF);
 4551              		.loc 1 943 65 view .LVU1530
 944:./lwip-2.1.2/src/core/ipv4/dhcp.c ****   /* create and initialize the DHCP message header */
 4552              		.loc 1 944 3 view .LVU1531
 4553              	.LBB578:
 4554              	.LBI578:
1417:./lwip-2.1.2/src/core/ipv4/dhcp.c **** {
 4555              		.loc 1 1417 1 view .LVU1532
 4556              	.LBB579:
1419:./lwip-2.1.2/src/core/ipv4/dhcp.c ****     dhcp->state = new_state;
 4557              		.loc 1 1419 3 view .LVU1533
1420:./lwip-2.1.2/src/core/ipv4/dhcp.c ****     dhcp->tries = 0;
 4558              		.loc 1 1420 5 view .LVU1534
1421:./lwip-2.1.2/src/core/ipv4/dhcp.c ****     dhcp->request_timeout = 0;
 4559              		.loc 1 1421 5 view .LVU1535
1420:./lwip-2.1.2/src/core/ipv4/dhcp.c ****     dhcp->tries = 0;
 4560              		.loc 1 1420 17 is_stmt 0 view .LVU1536
 4561 0db4 0C23     		movs	r3, #12
1422:./lwip-2.1.2/src/core/ipv4/dhcp.c ****   }
 4562              		.loc 1 1422 27 view .LVU1537
 4563 0db6 4FF00009 		mov	r9, #0
 4564              	.LBE579:
 4565              	.LBE578:
 946:./lwip-2.1.2/src/core/ipv4/dhcp.c ****   if (p_out != NULL) {
 4566              		.loc 1 946 11 view .LVU1538
 4567 0dba 0422     		movs	r2, #4
 4568 0dbc 2946     		mov	r1, r5
 4569              	.LVL340:
 4570              	.LBB582:
 4571              	.LBB580:
1420:./lwip-2.1.2/src/core/ipv4/dhcp.c ****     dhcp->tries = 0;
 4572              		.loc 1 1420 17 view .LVU1539
 4573 0dbe A5F80530 		strh	r3, [r5, #5]	@ unaligned
1422:./lwip-2.1.2/src/core/ipv4/dhcp.c ****   }
 4574              		.loc 1 1422 5 is_stmt 1 view .LVU1540
 4575              	.LBE580:
 4576              	.LBE582:
 946:./lwip-2.1.2/src/core/ipv4/dhcp.c ****   if (p_out != NULL) {
 4577              		.loc 1 946 11 is_stmt 0 view .LVU1541
 4578 0dc2 0DF10E03 		add	r3, sp, #14
 4579              	.LBB583:
 4580              	.LBB581:
1422:./lwip-2.1.2/src/core/ipv4/dhcp.c ****   }
 4581              		.loc 1 1422 27 view .LVU1542
 4582 0dc6 A5F80890 		strh	r9, [r5, #8]	@ movhi
 4583              	.LVL341:
1422:./lwip-2.1.2/src/core/ipv4/dhcp.c ****   }
 4584              		.loc 1 1422 27 view .LVU1543
 4585              	.LBE581:
 4586              	.LBE583:
 946:./lwip-2.1.2/src/core/ipv4/dhcp.c ****   if (p_out != NULL) {
 4587              		.loc 1 946 3 is_stmt 1 view .LVU1544
 946:./lwip-2.1.2/src/core/ipv4/dhcp.c ****   if (p_out != NULL) {
 4588              		.loc 1 946 11 is_stmt 0 view .LVU1545
 4589 0dca FFF719F9 		bl	dhcp_create_msg
 4590              	.LVL342:
 947:./lwip-2.1.2/src/core/ipv4/dhcp.c ****     struct dhcp_msg *msg_out = (struct dhcp_msg *)p_out->payload;
 4591              		.loc 1 947 3 is_stmt 1 view .LVU1546
 947:./lwip-2.1.2/src/core/ipv4/dhcp.c ****     struct dhcp_msg *msg_out = (struct dhcp_msg *)p_out->payload;
 4592              		.loc 1 947 6 is_stmt 0 view .LVU1547
 4593 0dce 8046     		mov	r8, r0
 4594 0dd0 0028     		cmp	r0, #0
 4595 0dd2 4AD0     		beq	.L343
 4596              	.LBB584:
 948:./lwip-2.1.2/src/core/ipv4/dhcp.c ****     options_out_len = dhcp_option(options_out_len, msg_out->options, DHCP_OPTION_REQUESTED_IP, 4);
 4597              		.loc 1 948 5 is_stmt 1 view .LVU1548
 4598              	.LVL343:
 949:./lwip-2.1.2/src/core/ipv4/dhcp.c ****     options_out_len = dhcp_option_long(options_out_len, msg_out->options, lwip_ntohl(ip4_addr_get_u
 4599              		.loc 1 949 5 view .LVU1549
 949:./lwip-2.1.2/src/core/ipv4/dhcp.c ****     options_out_len = dhcp_option_long(options_out_len, msg_out->options, lwip_ntohl(ip4_addr_get_u
 4600              		.loc 1 949 23 is_stmt 0 view .LVU1550
 4601 0dd4 BDF80E60 		ldrh	r6, [sp, #14]
 4602              	.LBB585:
 4603              	.LBB586:
1435:./lwip-2.1.2/src/core/ipv4/dhcp.c ****   options[options_out_len++] = option_len;
 4604              		.loc 1 1435 30 view .LVU1551
 4605 0dd8 3222     		movs	r2, #50
 4606              	.LBE586:
 4607              	.LBE585:
 949:./lwip-2.1.2/src/core/ipv4/dhcp.c ****     options_out_len = dhcp_option_long(options_out_len, msg_out->options, lwip_ntohl(ip4_addr_get_u
 4608              		.loc 1 949 59 view .LVU1552
 4609 0dda 4768     		ldr	r7, [r0, #4]
 4610              	.LBB590:
 4611              	.LBB587:
1435:./lwip-2.1.2/src/core/ipv4/dhcp.c ****   options[options_out_len++] = option_len;
 4612              		.loc 1 1435 26 view .LVU1553
 4613 0ddc 731C     		adds	r3, r6, #1
1436:./lwip-2.1.2/src/core/ipv4/dhcp.c ****   return options_out_len;
 4614              		.loc 1 1436 26 view .LVU1554
 4615 0dde 06F1020A 		add	r10, r6, #2
 4616              	.LBE587:
 4617              	.LBE590:
 949:./lwip-2.1.2/src/core/ipv4/dhcp.c ****     options_out_len = dhcp_option_long(options_out_len, msg_out->options, lwip_ntohl(ip4_addr_get_u
 4618              		.loc 1 949 59 view .LVU1555
 4619 0de2 F037     		adds	r7, r7, #240
 4620              	.LVL344:
 4621              	.LBB591:
 4622              	.LBI585:
1432:./lwip-2.1.2/src/core/ipv4/dhcp.c **** {
 4623              		.loc 1 1432 1 is_stmt 1 view .LVU1556
 4624              	.LBB588:
1434:./lwip-2.1.2/src/core/ipv4/dhcp.c ****   options[options_out_len++] = option_type;
 4625              		.loc 1 1434 138 view .LVU1557
1435:./lwip-2.1.2/src/core/ipv4/dhcp.c ****   options[options_out_len++] = option_len;
 4626              		.loc 1 1435 3 view .LVU1558
1436:./lwip-2.1.2/src/core/ipv4/dhcp.c ****   return options_out_len;
 4627              		.loc 1 1436 26 is_stmt 0 view .LVU1559
 4628 0de4 9BB2     		uxth	r3, r3
1435:./lwip-2.1.2/src/core/ipv4/dhcp.c ****   options[options_out_len++] = option_len;
 4629              		.loc 1 1435 30 view .LVU1560
 4630 0de6 BA55     		strb	r2, [r7, r6]
 4631              	.LVL345:
1436:./lwip-2.1.2/src/core/ipv4/dhcp.c ****   return options_out_len;
 4632              		.loc 1 1436 3 is_stmt 1 view .LVU1561
1436:./lwip-2.1.2/src/core/ipv4/dhcp.c ****   return options_out_len;
 4633              		.loc 1 1436 30 is_stmt 0 view .LVU1562
 4634 0de8 0422     		movs	r2, #4
 4635              	.LBE588:
 4636              	.LBE591:
 4637              	.LBB592:
 4638              	.LBB593:
1464:./lwip-2.1.2/src/core/ipv4/dhcp.c ****   options[options_out_len++] = (u8_t)((value & 0x00ff0000UL) >> 16);
 4639              		.loc 1 1464 26 view .LVU1563
 4640 0dea 1FFA8AFA 		uxth	r10, r10
 4641              	.LBE593:
 4642              	.LBE592:
 4643              	.LBB598:
 4644              	.LBB589:
1436:./lwip-2.1.2/src/core/ipv4/dhcp.c ****   return options_out_len;
 4645              		.loc 1 1436 30 view .LVU1564
 4646 0dee FA54     		strb	r2, [r7, r3]
1437:./lwip-2.1.2/src/core/ipv4/dhcp.c **** }
 4647              		.loc 1 1437 3 is_stmt 1 view .LVU1565
 4648              	.LVL346:
1437:./lwip-2.1.2/src/core/ipv4/dhcp.c **** }
 4649              		.loc 1 1437 3 is_stmt 0 view .LVU1566
 4650              	.LBE589:
 4651              	.LBE598:
 950:./lwip-2.1.2/src/core/ipv4/dhcp.c **** 
 4652              		.loc 1 950 5 is_stmt 1 view .LVU1567
 950:./lwip-2.1.2/src/core/ipv4/dhcp.c **** 
 4653              		.loc 1 950 23 is_stmt 0 view .LVU1568
 4654 0df0 E869     		ldr	r0, [r5, #28]
 4655              	.LVL347:
 950:./lwip-2.1.2/src/core/ipv4/dhcp.c **** 
 4656              		.loc 1 950 23 view .LVU1569
 4657 0df2 FFF7FEFF 		bl	lwip_htonl
 4658              	.LVL348:
 4659              	.LBB599:
 4660              	.LBI592:
1461:./lwip-2.1.2/src/core/ipv4/dhcp.c **** {
 4661              		.loc 1 1461 1 is_stmt 1 view .LVU1570
 4662              	.LBB594:
1463:./lwip-2.1.2/src/core/ipv4/dhcp.c ****   options[options_out_len++] = (u8_t)((value & 0xff000000UL) >> 24);
 4663              		.loc 1 1463 117 view .LVU1571
1464:./lwip-2.1.2/src/core/ipv4/dhcp.c ****   options[options_out_len++] = (u8_t)((value & 0x00ff0000UL) >> 16);
 4664              		.loc 1 1464 3 view .LVU1572
1464:./lwip-2.1.2/src/core/ipv4/dhcp.c ****   options[options_out_len++] = (u8_t)((value & 0x00ff0000UL) >> 16);
 4665              		.loc 1 1464 26 is_stmt 0 view .LVU1573
 4666 0df6 06F1030E 		add	lr, r6, #3
1464:./lwip-2.1.2/src/core/ipv4/dhcp.c ****   options[options_out_len++] = (u8_t)((value & 0x00ff0000UL) >> 16);
 4667              		.loc 1 1464 62 view .LVU1574
 4668 0dfa 4FEA106B 		lsr	fp, r0, #24
1465:./lwip-2.1.2/src/core/ipv4/dhcp.c ****   options[options_out_len++] = (u8_t)((value & 0x0000ff00UL) >> 8);
 4669              		.loc 1 1465 26 view .LVU1575
 4670 0dfe 06F1040C 		add	ip, r6, #4
 4671 0e02 1FFA8EFE 		uxth	lr, lr
1466:./lwip-2.1.2/src/core/ipv4/dhcp.c ****   options[options_out_len++] = (u8_t)((value & 0x000000ffUL));
 4672              		.loc 1 1466 26 view .LVU1576
 4673 0e06 721D     		adds	r2, r6, #5
1464:./lwip-2.1.2/src/core/ipv4/dhcp.c ****   options[options_out_len++] = (u8_t)((value & 0x00ff0000UL) >> 16);
 4674              		.loc 1 1464 32 view .LVU1577
 4675 0e08 07F80AB0 		strb	fp, [r7, r10]
1465:./lwip-2.1.2/src/core/ipv4/dhcp.c ****   options[options_out_len++] = (u8_t)((value & 0x0000ff00UL) >> 8);
 4676              		.loc 1 1465 3 is_stmt 1 view .LVU1578
 4677              	.LVL349:
1465:./lwip-2.1.2/src/core/ipv4/dhcp.c ****   options[options_out_len++] = (u8_t)((value & 0x0000ff00UL) >> 8);
 4678              		.loc 1 1465 3 is_stmt 0 view .LVU1579
 4679              	.LBE594:
 4680              	.LBE599:
 4681              	.LBB600:
 4682              	.LBB601:
1962:./lwip-2.1.2/src/core/ipv4/dhcp.c ****   /* packet is too small, or not 4 byte aligned? */
 4683              		.loc 1 1962 26 view .LVU1580
 4684 0e0c F11D     		adds	r1, r6, #7
 4685              	.LBE601:
 4686              	.LBE600:
 4687              	.LBB605:
 4688              	.LBB595:
1465:./lwip-2.1.2/src/core/ipv4/dhcp.c ****   options[options_out_len++] = (u8_t)((value & 0x0000ff00UL) >> 8);
 4689              		.loc 1 1465 62 view .LVU1581
 4690 0e0e 4FEA104A 		lsr	r10, r0, #16
1467:./lwip-2.1.2/src/core/ipv4/dhcp.c ****   return options_out_len;
 4691              		.loc 1 1467 26 view .LVU1582
 4692 0e12 B31D     		adds	r3, r6, #6
 4693 0e14 92B2     		uxth	r2, r2
1465:./lwip-2.1.2/src/core/ipv4/dhcp.c ****   options[options_out_len++] = (u8_t)((value & 0x0000ff00UL) >> 8);
 4694              		.loc 1 1465 32 view .LVU1583
 4695 0e16 07F80EA0 		strb	r10, [r7, lr]
1466:./lwip-2.1.2/src/core/ipv4/dhcp.c ****   options[options_out_len++] = (u8_t)((value & 0x000000ffUL));
 4696              		.loc 1 1466 3 is_stmt 1 view .LVU1584
 4697              	.LVL350:
1466:./lwip-2.1.2/src/core/ipv4/dhcp.c ****   options[options_out_len++] = (u8_t)((value & 0x000000ffUL));
 4698              		.loc 1 1466 26 is_stmt 0 view .LVU1585
 4699 0e1a 1FFA8CFC 		uxth	ip, ip
 4700              	.LBE595:
 4701              	.LBE605:
 4702              	.LBB606:
 4703              	.LBB602:
1962:./lwip-2.1.2/src/core/ipv4/dhcp.c ****   /* packet is too small, or not 4 byte aligned? */
 4704              		.loc 1 1962 26 view .LVU1586
 4705 0e1e 89B2     		uxth	r1, r1
 4706              	.LBE602:
 4707              	.LBE606:
 4708              	.LBB607:
 4709              	.LBB596:
1466:./lwip-2.1.2/src/core/ipv4/dhcp.c ****   options[options_out_len++] = (u8_t)((value & 0x000000ffUL));
 4710              		.loc 1 1466 62 view .LVU1587
 4711 0e20 4FEA102E 		lsr	lr, r0, #8
 4712              	.LBE596:
 4713              	.LBE607:
 4714              	.LBB608:
 4715              	.LBB603:
1962:./lwip-2.1.2/src/core/ipv4/dhcp.c ****   /* packet is too small, or not 4 byte aligned? */
 4716              		.loc 1 1962 26 view .LVU1588
 4717 0e24 9BB2     		uxth	r3, r3
1964:./lwip-2.1.2/src/core/ipv4/dhcp.c ****          (options_out_len < DHCP_OPTIONS_LEN)) {
 4718              		.loc 1 1964 78 view .LVU1589
 4719 0e26 4329     		cmp	r1, #67
 4720              	.LBE603:
 4721              	.LBE608:
 4722              	.LBB609:
 4723              	.LBB597:
1466:./lwip-2.1.2/src/core/ipv4/dhcp.c ****   options[options_out_len++] = (u8_t)((value & 0x000000ffUL));
 4724              		.loc 1 1466 32 view .LVU1590
 4725 0e28 07F80CE0 		strb	lr, [r7, ip]
1467:./lwip-2.1.2/src/core/ipv4/dhcp.c ****   return options_out_len;
 4726              		.loc 1 1467 3 is_stmt 1 view .LVU1591
 4727              	.LVL351:
1467:./lwip-2.1.2/src/core/ipv4/dhcp.c ****   return options_out_len;
 4728              		.loc 1 1467 32 is_stmt 0 view .LVU1592
 4729 0e2c B854     		strb	r0, [r7, r2]
1468:./lwip-2.1.2/src/core/ipv4/dhcp.c **** }
 4730              		.loc 1 1468 3 is_stmt 1 view .LVU1593
 4731              	.LVL352:
1468:./lwip-2.1.2/src/core/ipv4/dhcp.c **** }
 4732              		.loc 1 1468 3 is_stmt 0 view .LVU1594
 4733              	.LBE597:
 4734              	.LBE609:
 952:./lwip-2.1.2/src/core/ipv4/dhcp.c ****     dhcp_option_trailer(options_out_len, msg_out->options, p_out);
 4735              		.loc 1 952 112 is_stmt 1 view .LVU1595
 953:./lwip-2.1.2/src/core/ipv4/dhcp.c **** 
 4736              		.loc 1 953 5 view .LVU1596
 4737              	.LBB610:
 4738              	.LBI600:
1960:./lwip-2.1.2/src/core/ipv4/dhcp.c **** {
 4739              		.loc 1 1960 1 view .LVU1597
 4740              	.LBB604:
1962:./lwip-2.1.2/src/core/ipv4/dhcp.c ****   /* packet is too small, or not 4 byte aligned? */
 4741              		.loc 1 1962 3 view .LVU1598
1962:./lwip-2.1.2/src/core/ipv4/dhcp.c ****   /* packet is too small, or not 4 byte aligned? */
 4742              		.loc 1 1962 30 is_stmt 0 view .LVU1599
 4743 0e2e 4FF0FF02 		mov	r2, #255
 4744 0e32 FA54     		strb	r2, [r7, r3]
1964:./lwip-2.1.2/src/core/ipv4/dhcp.c ****          (options_out_len < DHCP_OPTIONS_LEN)) {
 4745              		.loc 1 1964 3 is_stmt 1 view .LVU1600
1964:./lwip-2.1.2/src/core/ipv4/dhcp.c ****          (options_out_len < DHCP_OPTIONS_LEN)) {
 4746              		.loc 1 1964 78 view .LVU1601
 4747 0e34 07D8     		bhi	.L344
1967:./lwip-2.1.2/src/core/ipv4/dhcp.c ****   }
 4748              		.loc 1 1967 32 is_stmt 0 view .LVU1602
 4749 0e36 C6F13D02 		rsb	r2, r6, #61
 4750 0e3a 7818     		adds	r0, r7, r1
 4751 0e3c 4946     		mov	r1, r9
 4752              	.LVL353:
1967:./lwip-2.1.2/src/core/ipv4/dhcp.c ****   }
 4753              		.loc 1 1967 32 view .LVU1603
 4754 0e3e 92B2     		uxth	r2, r2
 4755 0e40 FFF7FEFF 		bl	memset
 4756              	.LVL354:
1967:./lwip-2.1.2/src/core/ipv4/dhcp.c ****   }
 4757              		.loc 1 1967 32 view .LVU1604
 4758 0e44 4421     		movs	r1, #68
 4759              	.L344:
 4760              		.loc 1 1970 3 is_stmt 1 view .LVU1605
 4761 0e46 F031     		adds	r1, r1, #240
 4762 0e48 4046     		mov	r0, r8
 4763 0e4a 89B2     		uxth	r1, r1
 4764 0e4c FFF7FEFF 		bl	pbuf_realloc
 4765              	.LVL355:
 4766              		.loc 1 1970 3 is_stmt 0 view .LVU1606
 4767              	.LBE604:
 4768              	.LBE610:
 956:./lwip-2.1.2/src/core/ipv4/dhcp.c ****     pbuf_free(p_out);
 4769              		.loc 1 956 5 is_stmt 1 view .LVU1607
 956:./lwip-2.1.2/src/core/ipv4/dhcp.c ****     pbuf_free(p_out);
 4770              		.loc 1 956 14 is_stmt 0 view .LVU1608
 4771 0e50 0A49     		ldr	r1, .L363
 4772 0e52 0B4A     		ldr	r2, .L363+4
 4773 0e54 4323     		movs	r3, #67
 4774 0e56 0094     		str	r4, [sp]
 4775 0e58 8868     		ldr	r0, [r1, #8]
 4776 0e5a 4146     		mov	r1, r8
 4777 0e5c 0192     		str	r2, [sp, #4]
 4778 0e5e 094A     		ldr	r2, .L363+8
 4779 0e60 FFF7FEFF 		bl	udp_sendto_if_src
 4780              	.LVL356:
 957:./lwip-2.1.2/src/core/ipv4/dhcp.c ****     LWIP_DEBUGF(DHCP_DEBUG | LWIP_DBG_TRACE | LWIP_DBG_STATE, ("dhcp_decline: BACKING OFF\n"));
 4781              		.loc 1 957 5 is_stmt 1 view .LVU1609
 4782 0e64 4046     		mov	r0, r8
 4783 0e66 FFF7FEFF 		bl	pbuf_free
 4784              	.LVL357:
 958:./lwip-2.1.2/src/core/ipv4/dhcp.c ****   } else {
 4785              		.loc 1 958 95 view .LVU1610
 4786              	.L343:
 958:./lwip-2.1.2/src/core/ipv4/dhcp.c ****   } else {
 4787              		.loc 1 958 95 is_stmt 0 view .LVU1611
 4788              	.LBE584:
 964:./lwip-2.1.2/src/core/ipv4/dhcp.c ****     dhcp->tries++;
 4789              		.loc 1 964 3 is_stmt 1 view .LVU1612
 964:./lwip-2.1.2/src/core/ipv4/dhcp.c ****     dhcp->tries++;
 4790              		.loc 1 964 11 is_stmt 0 view .LVU1613
 4791 0e6a AB79     		ldrb	r3, [r5, #6]	@ zero_extendqisi2
 964:./lwip-2.1.2/src/core/ipv4/dhcp.c ****     dhcp->tries++;
 4792              		.loc 1 964 6 view .LVU1614
 4793 0e6c FF2B     		cmp	r3, #255
 4794 0e6e 01D0     		beq	.L345
 965:./lwip-2.1.2/src/core/ipv4/dhcp.c ****   }
 4795              		.loc 1 965 5 is_stmt 1 view .LVU1615
 965:./lwip-2.1.2/src/core/ipv4/dhcp.c ****   }
 4796              		.loc 1 965 16 is_stmt 0 view .LVU1616
 4797 0e70 0133     		adds	r3, r3, #1
 4798 0e72 AB71     		strb	r3, [r5, #6]
 4799              	.L345:
 967:./lwip-2.1.2/src/core/ipv4/dhcp.c ****   dhcp->request_timeout = (u16_t)((msecs + DHCP_FINE_TIMER_MSECS - 1) / DHCP_FINE_TIMER_MSECS);
 4800              		.loc 1 967 3 is_stmt 1 view .LVU1617
 4801              	.LVL358:
 968:./lwip-2.1.2/src/core/ipv4/dhcp.c ****   LWIP_DEBUGF(DHCP_DEBUG | LWIP_DBG_TRACE, ("dhcp_decline(): set request timeout %"U16_F" msecs\n",
 4802              		.loc 1 968 3 view .LVU1618
 968:./lwip-2.1.2/src/core/ipv4/dhcp.c ****   LWIP_DEBUGF(DHCP_DEBUG | LWIP_DBG_TRACE, ("dhcp_decline(): set request timeout %"U16_F" msecs\n",
 4803              		.loc 1 968 25 is_stmt 0 view .LVU1619
 4804 0e74 1423     		movs	r3, #20
 4805 0e76 2B81     		strh	r3, [r5, #8]	@ movhi
 969:./lwip-2.1.2/src/core/ipv4/dhcp.c ****   return result;
 4806              		.loc 1 969 108 is_stmt 1 view .LVU1620
 970:./lwip-2.1.2/src/core/ipv4/dhcp.c **** }
 4807              		.loc 1 970 3 view .LVU1621
 4808              	.LVL359:
 970:./lwip-2.1.2/src/core/ipv4/dhcp.c **** }
 4809              		.loc 1 970 10 is_stmt 0 view .LVU1622
 4810 0e78 95E7     		b	.L341
 4811              	.LVL360:
 4812              	.L359:
 4813              	.LCFI43:
 4814              		.cfi_def_cfa_offset 0
 4815              		.cfi_restore 4
 4816              		.cfi_restore 5
 4817              		.cfi_restore 6
 4818              		.cfi_restore 7
 4819              		.cfi_restore 8
 4820              		.cfi_restore 9
 4821              		.cfi_restore 10
 4822              		.cfi_restore 11
 4823              		.cfi_restore 14
 970:./lwip-2.1.2/src/core/ipv4/dhcp.c **** }
 4824              		.loc 1 970 10 view .LVU1623
 4825 0e7a 7047     		bx	lr
 4826              	.L364:
 4827              		.align	2
 4828              	.L363:
 4829 0e7c 00000000 		.word	.LANCHOR0
 4830 0e80 00000000 		.word	ip_addr_any
 4831 0e84 00000000 		.word	ip_addr_broadcast
 4832              	.LBE577:
 4833              	.LBE576:
 4834              		.cfi_endproc
 4835              	.LFE43:
 4837              		.align	1
 4838              		.p2align 2,,3
 4839              		.global	dhcp_renew
 4840              		.syntax unified
 4841              		.thumb
 4842              		.thumb_func
 4844              	dhcp_renew:
 4845              	.LVL361:
 4846              	.LFB47:
1151:./lwip-2.1.2/src/core/ipv4/dhcp.c ****   struct dhcp *dhcp = netif_dhcp_data(netif);
 4847              		.loc 1 1151 1 is_stmt 1 view -0
 4848              		.cfi_startproc
 4849              		@ args = 0, pretend = 0, frame = 24
 4850              		@ frame_needed = 0, uses_anonymous_args = 0
1152:./lwip-2.1.2/src/core/ipv4/dhcp.c ****   err_t result;
 4851              		.loc 1 1152 3 view .LVU1625
1151:./lwip-2.1.2/src/core/ipv4/dhcp.c ****   struct dhcp *dhcp = netif_dhcp_data(netif);
 4852              		.loc 1 1151 1 is_stmt 0 view .LVU1626
 4853 0e88 2DE9F04F 		push	{r4, r5, r6, r7, r8, r9, r10, fp, lr}
 4854              	.LCFI44:
 4855              		.cfi_def_cfa_offset 36
 4856              		.cfi_offset 4, -36
 4857              		.cfi_offset 5, -32
 4858              		.cfi_offset 6, -28
 4859              		.cfi_offset 7, -24
 4860              		.cfi_offset 8, -20
 4861              		.cfi_offset 9, -16
 4862              		.cfi_offset 10, -12
 4863              		.cfi_offset 11, -8
 4864              		.cfi_offset 14, -4
1152:./lwip-2.1.2/src/core/ipv4/dhcp.c ****   err_t result;
 4865              		.loc 1 1152 16 view .LVU1627
 4866 0e8c 046A     		ldr	r4, [r0, #32]
 4867              	.LVL362:
1153:./lwip-2.1.2/src/core/ipv4/dhcp.c ****   u16_t msecs;
 4868              		.loc 1 1153 3 is_stmt 1 view .LVU1628
1154:./lwip-2.1.2/src/core/ipv4/dhcp.c ****   u8_t i;
 4869              		.loc 1 1154 3 view .LVU1629
1155:./lwip-2.1.2/src/core/ipv4/dhcp.c ****   struct pbuf *p_out;
 4870              		.loc 1 1155 3 view .LVU1630
1156:./lwip-2.1.2/src/core/ipv4/dhcp.c ****   u16_t options_out_len;
 4871              		.loc 1 1156 3 view .LVU1631
1157:./lwip-2.1.2/src/core/ipv4/dhcp.c **** 
 4872              		.loc 1 1157 3 view .LVU1632
1159:./lwip-2.1.2/src/core/ipv4/dhcp.c ****   LWIP_DEBUGF(DHCP_DEBUG | LWIP_DBG_TRACE, ("dhcp_renew()\n"));
 4873              		.loc 1 1159 28 view .LVU1633
1160:./lwip-2.1.2/src/core/ipv4/dhcp.c ****   dhcp_set_state(dhcp, DHCP_STATE_RENEWING);
 4874              		.loc 1 1160 63 view .LVU1634
1161:./lwip-2.1.2/src/core/ipv4/dhcp.c **** 
 4875              		.loc 1 1161 3 view .LVU1635
 4876              	.LBB624:
 4877              	.LBI624:
1417:./lwip-2.1.2/src/core/ipv4/dhcp.c **** {
 4878              		.loc 1 1417 1 view .LVU1636
 4879              	.LBB625:
1419:./lwip-2.1.2/src/core/ipv4/dhcp.c ****     dhcp->state = new_state;
 4880              		.loc 1 1419 3 view .LVU1637
 4881              	.LBE625:
 4882              	.LBE624:
1151:./lwip-2.1.2/src/core/ipv4/dhcp.c ****   struct dhcp *dhcp = netif_dhcp_data(netif);
 4883              		.loc 1 1151 1 is_stmt 0 view .LVU1638
 4884 0e8e 89B0     		sub	sp, sp, #36
 4885              	.LCFI45:
 4886              		.cfi_def_cfa_offset 72
1151:./lwip-2.1.2/src/core/ipv4/dhcp.c ****   struct dhcp *dhcp = netif_dhcp_data(netif);
 4887              		.loc 1 1151 1 view .LVU1639
 4888 0e90 0646     		mov	r6, r0
 4889              	.LBB627:
 4890              	.LBB626:
1419:./lwip-2.1.2/src/core/ipv4/dhcp.c ****     dhcp->state = new_state;
 4891              		.loc 1 1419 6 view .LVU1640
 4892 0e92 6379     		ldrb	r3, [r4, #5]	@ zero_extendqisi2
 4893 0e94 052B     		cmp	r3, #5
 4894 0e96 04D0     		beq	.L366
1420:./lwip-2.1.2/src/core/ipv4/dhcp.c ****     dhcp->tries = 0;
 4895              		.loc 1 1420 5 is_stmt 1 view .LVU1641
1421:./lwip-2.1.2/src/core/ipv4/dhcp.c ****     dhcp->request_timeout = 0;
 4896              		.loc 1 1421 5 view .LVU1642
1420:./lwip-2.1.2/src/core/ipv4/dhcp.c ****     dhcp->tries = 0;
 4897              		.loc 1 1420 17 is_stmt 0 view .LVU1643
 4898 0e98 0522     		movs	r2, #5
1422:./lwip-2.1.2/src/core/ipv4/dhcp.c ****   }
 4899              		.loc 1 1422 27 view .LVU1644
 4900 0e9a 0023     		movs	r3, #0
1420:./lwip-2.1.2/src/core/ipv4/dhcp.c ****     dhcp->tries = 0;
 4901              		.loc 1 1420 17 view .LVU1645
 4902 0e9c A4F80520 		strh	r2, [r4, #5]	@ unaligned
1422:./lwip-2.1.2/src/core/ipv4/dhcp.c ****   }
 4903              		.loc 1 1422 5 is_stmt 1 view .LVU1646
1422:./lwip-2.1.2/src/core/ipv4/dhcp.c ****   }
 4904              		.loc 1 1422 27 is_stmt 0 view .LVU1647
 4905 0ea0 2381     		strh	r3, [r4, #8]	@ movhi
 4906              	.L366:
 4907              	.LVL363:
1422:./lwip-2.1.2/src/core/ipv4/dhcp.c ****   }
 4908              		.loc 1 1422 27 view .LVU1648
 4909              	.LBE626:
 4910              	.LBE627:
1164:./lwip-2.1.2/src/core/ipv4/dhcp.c ****   if (p_out != NULL) {
 4911              		.loc 1 1164 3 is_stmt 1 view .LVU1649
1164:./lwip-2.1.2/src/core/ipv4/dhcp.c ****   if (p_out != NULL) {
 4912              		.loc 1 1164 11 is_stmt 0 view .LVU1650
 4913 0ea2 0DF11E03 		add	r3, sp, #30
 4914 0ea6 0322     		movs	r2, #3
 4915 0ea8 2146     		mov	r1, r4
 4916 0eaa 3046     		mov	r0, r6
 4917              	.LVL364:
1164:./lwip-2.1.2/src/core/ipv4/dhcp.c ****   if (p_out != NULL) {
 4918              		.loc 1 1164 11 view .LVU1651
 4919 0eac FFF7A8F8 		bl	dhcp_create_msg
 4920              	.LVL365:
1165:./lwip-2.1.2/src/core/ipv4/dhcp.c ****     struct dhcp_msg *msg_out = (struct dhcp_msg *)p_out->payload;
 4921              		.loc 1 1165 3 is_stmt 1 view .LVU1652
1165:./lwip-2.1.2/src/core/ipv4/dhcp.c ****     struct dhcp_msg *msg_out = (struct dhcp_msg *)p_out->payload;
 4922              		.loc 1 1165 6 is_stmt 0 view .LVU1653
 4923 0eb0 0546     		mov	r5, r0
 4924 0eb2 0028     		cmp	r0, #0
 4925 0eb4 00F08380 		beq	.L372
 4926              	.LBB628:
1166:./lwip-2.1.2/src/core/ipv4/dhcp.c ****     options_out_len = dhcp_option(options_out_len, msg_out->options, DHCP_OPTION_MAX_MSG_SIZE, DHCP
 4927              		.loc 1 1166 5 is_stmt 1 view .LVU1654
 4928              	.LVL366:
1167:./lwip-2.1.2/src/core/ipv4/dhcp.c ****     options_out_len = dhcp_option_short(options_out_len, msg_out->options, DHCP_MAX_MSG_LEN(netif))
 4929              		.loc 1 1167 5 view .LVU1655
1167:./lwip-2.1.2/src/core/ipv4/dhcp.c ****     options_out_len = dhcp_option_short(options_out_len, msg_out->options, DHCP_MAX_MSG_LEN(netif))
 4930              		.loc 1 1167 59 is_stmt 0 view .LVU1656
 4931 0eb8 4368     		ldr	r3, [r0, #4]
 4932              	.LBB629:
 4933              	.LBB630:
1435:./lwip-2.1.2/src/core/ipv4/dhcp.c ****   options[options_out_len++] = option_len;
 4934              		.loc 1 1435 30 view .LVU1657
 4935 0eba 3920     		movs	r0, #57
 4936              	.LVL367:
1435:./lwip-2.1.2/src/core/ipv4/dhcp.c ****   options[options_out_len++] = option_len;
 4937              		.loc 1 1435 30 view .LVU1658
 4938              	.LBE630:
 4939              	.LBE629:
1167:./lwip-2.1.2/src/core/ipv4/dhcp.c ****     options_out_len = dhcp_option_short(options_out_len, msg_out->options, DHCP_MAX_MSG_LEN(netif))
 4940              		.loc 1 1167 23 view .LVU1659
 4941 0ebc BDF81E20 		ldrh	r2, [sp, #30]
1167:./lwip-2.1.2/src/core/ipv4/dhcp.c ****     options_out_len = dhcp_option_short(options_out_len, msg_out->options, DHCP_MAX_MSG_LEN(netif))
 4942              		.loc 1 1167 59 view .LVU1660
 4943 0ec0 F033     		adds	r3, r3, #240
 4944              	.LVL368:
 4945              	.LBB635:
 4946              	.LBI629:
1432:./lwip-2.1.2/src/core/ipv4/dhcp.c **** {
 4947              		.loc 1 1432 1 is_stmt 1 view .LVU1661
 4948              	.LBB631:
1434:./lwip-2.1.2/src/core/ipv4/dhcp.c ****   options[options_out_len++] = option_type;
 4949              		.loc 1 1434 138 view .LVU1662
1435:./lwip-2.1.2/src/core/ipv4/dhcp.c ****   options[options_out_len++] = option_len;
 4950              		.loc 1 1435 3 view .LVU1663
1435:./lwip-2.1.2/src/core/ipv4/dhcp.c ****   options[options_out_len++] = option_len;
 4951              		.loc 1 1435 26 is_stmt 0 view .LVU1664
 4952 0ec2 511C     		adds	r1, r2, #1
 4953              	.LBE631:
 4954              	.LBE635:
 4955              	.LBB636:
 4956              	.LBB637:
1455:./lwip-2.1.2/src/core/ipv4/dhcp.c ****   options[options_out_len++] = (u8_t) (value & 0x00ffU);
 4957              		.loc 1 1455 26 view .LVU1665
 4958 0ec4 D71C     		adds	r7, r2, #3
 4959              	.LBE637:
 4960              	.LBE636:
 4961              	.LBB644:
 4962              	.LBB632:
1435:./lwip-2.1.2/src/core/ipv4/dhcp.c ****   options[options_out_len++] = option_len;
 4963              		.loc 1 1435 30 view .LVU1666
 4964 0ec6 9854     		strb	r0, [r3, r2]
 4965              	.LVL369:
1436:./lwip-2.1.2/src/core/ipv4/dhcp.c ****   return options_out_len;
 4966              		.loc 1 1436 3 is_stmt 1 view .LVU1667
1436:./lwip-2.1.2/src/core/ipv4/dhcp.c ****   return options_out_len;
 4967              		.loc 1 1436 30 is_stmt 0 view .LVU1668
 4968 0ec8 0220     		movs	r0, #2
1436:./lwip-2.1.2/src/core/ipv4/dhcp.c ****   return options_out_len;
 4969              		.loc 1 1436 26 view .LVU1669
 4970 0eca 89B2     		uxth	r1, r1
 4971              	.LBE632:
 4972              	.LBE644:
 4973              	.LBB645:
 4974              	.LBB638:
1456:./lwip-2.1.2/src/core/ipv4/dhcp.c ****   return options_out_len;
 4975              		.loc 1 1456 26 view .LVU1670
 4976 0ecc 02F1040E 		add	lr, r2, #4
 4977              	.LBE638:
 4978              	.LBE645:
 4979              	.LBB646:
 4980              	.LBB633:
1436:./lwip-2.1.2/src/core/ipv4/dhcp.c ****   return options_out_len;
 4981              		.loc 1 1436 26 view .LVU1671
 4982 0ed0 02EB0008 		add	r8, r2, r0
 4983              	.LBE633:
 4984              	.LBE646:
 4985              	.LBB647:
 4986              	.LBB639:
1456:./lwip-2.1.2/src/core/ipv4/dhcp.c ****   return options_out_len;
 4987              		.loc 1 1456 26 view .LVU1672
 4988 0ed4 BFB2     		uxth	r7, r7
 4989              	.LBE639:
 4990              	.LBE647:
 4991              	.LBB648:
 4992              	.LBB634:
1436:./lwip-2.1.2/src/core/ipv4/dhcp.c ****   return options_out_len;
 4993              		.loc 1 1436 30 view .LVU1673
 4994 0ed6 5854     		strb	r0, [r3, r1]
1437:./lwip-2.1.2/src/core/ipv4/dhcp.c **** }
 4995              		.loc 1 1437 3 is_stmt 1 view .LVU1674
 4996              	.LVL370:
1437:./lwip-2.1.2/src/core/ipv4/dhcp.c **** }
 4997              		.loc 1 1437 3 is_stmt 0 view .LVU1675
 4998              	.LBE634:
 4999              	.LBE648:
1168:./lwip-2.1.2/src/core/ipv4/dhcp.c **** 
 5000              		.loc 1 1168 5 is_stmt 1 view .LVU1676
 5001              	.LBB649:
 5002              	.LBB650:
1436:./lwip-2.1.2/src/core/ipv4/dhcp.c ****   return options_out_len;
 5003              		.loc 1 1436 26 is_stmt 0 view .LVU1677
 5004 0ed8 911D     		adds	r1, r2, #6
 5005              	.LBE650:
 5006              	.LBE649:
1168:./lwip-2.1.2/src/core/ipv4/dhcp.c **** 
 5007              		.loc 1 1168 23 view .LVU1678
 5008 0eda B6F824A0 		ldrh	r10, [r6, #36]
 5009              	.LVL371:
 5010              	.LBB656:
 5011              	.LBI636:
1452:./lwip-2.1.2/src/core/ipv4/dhcp.c **** {
 5012              		.loc 1 1452 1 is_stmt 1 view .LVU1679
 5013              	.LBB640:
1454:./lwip-2.1.2/src/core/ipv4/dhcp.c ****   options[options_out_len++] = (u8_t)((value & 0xff00U) >> 8);
 5014              		.loc 1 1454 118 view .LVU1680
1455:./lwip-2.1.2/src/core/ipv4/dhcp.c ****   options[options_out_len++] = (u8_t) (value & 0x00ffU);
 5015              		.loc 1 1455 3 view .LVU1681
1455:./lwip-2.1.2/src/core/ipv4/dhcp.c ****   options[options_out_len++] = (u8_t) (value & 0x00ffU);
 5016              		.loc 1 1455 26 is_stmt 0 view .LVU1682
 5017 0ede 1FFA88F8 		uxth	r8, r8
 5018              	.LBE640:
 5019              	.LBE656:
 5020              	.LBB657:
 5021              	.LBB658:
1447:./lwip-2.1.2/src/core/ipv4/dhcp.c ****   return options_out_len;
 5022              		.loc 1 1447 26 view .LVU1683
 5023 0ee2 89B2     		uxth	r1, r1
 5024 0ee4 02F10900 		add	r0, r2, #9
 5025              	.LBE658:
 5026              	.LBE657:
 5027              	.LBB668:
 5028              	.LBB641:
1455:./lwip-2.1.2/src/core/ipv4/dhcp.c ****   options[options_out_len++] = (u8_t) (value & 0x00ffU);
 5029              		.loc 1 1455 57 view .LVU1684
 5030 0ee8 4FEA1A2B 		lsr	fp, r10, #8
 5031              	.LBE641:
 5032              	.LBE668:
 5033              	.LBB669:
 5034              	.LBB651:
1435:./lwip-2.1.2/src/core/ipv4/dhcp.c ****   options[options_out_len++] = option_len;
 5035              		.loc 1 1435 26 view .LVU1685
 5036 0eec 02F1050C 		add	ip, r2, #5
 5037              	.LBE651:
 5038              	.LBE669:
 5039              	.LBB670:
 5040              	.LBB659:
1447:./lwip-2.1.2/src/core/ipv4/dhcp.c ****   return options_out_len;
 5041              		.loc 1 1447 26 view .LVU1686
 5042 0ef0 0291     		str	r1, [sp, #8]
 5043 0ef2 D11D     		adds	r1, r2, #7
 5044              	.LBE659:
 5045              	.LBE670:
 5046              	.LBB671:
 5047              	.LBB642:
1455:./lwip-2.1.2/src/core/ipv4/dhcp.c ****   options[options_out_len++] = (u8_t) (value & 0x00ffU);
 5048              		.loc 1 1455 32 view .LVU1687
 5049 0ef4 03F808B0 		strb	fp, [r3, r8]
1456:./lwip-2.1.2/src/core/ipv4/dhcp.c ****   return options_out_len;
 5050              		.loc 1 1456 3 is_stmt 1 view .LVU1688
 5051              	.LVL372:
1456:./lwip-2.1.2/src/core/ipv4/dhcp.c ****   return options_out_len;
 5052              		.loc 1 1456 3 is_stmt 0 view .LVU1689
 5053              	.LBE642:
 5054              	.LBE671:
 5055              	.LBB672:
 5056              	.LBB673:
1962:./lwip-2.1.2/src/core/ipv4/dhcp.c ****   /* packet is too small, or not 4 byte aligned? */
 5057              		.loc 1 1962 26 view .LVU1690
 5058 0ef8 80B2     		uxth	r0, r0
 5059              	.LBE673:
 5060              	.LBE672:
 5061              	.LBB678:
 5062              	.LBB660:
1447:./lwip-2.1.2/src/core/ipv4/dhcp.c ****   return options_out_len;
 5063              		.loc 1 1447 26 view .LVU1691
 5064 0efa 89B2     		uxth	r1, r1
 5065              	.LBE660:
 5066              	.LBE678:
 5067              	.LBB679:
 5068              	.LBB643:
1456:./lwip-2.1.2/src/core/ipv4/dhcp.c ****   return options_out_len;
 5069              		.loc 1 1456 32 view .LVU1692
 5070 0efc 03F807A0 		strb	r10, [r3, r7]
1457:./lwip-2.1.2/src/core/ipv4/dhcp.c **** }
 5071              		.loc 1 1457 3 is_stmt 1 view .LVU1693
 5072              	.LVL373:
1457:./lwip-2.1.2/src/core/ipv4/dhcp.c **** }
 5073              		.loc 1 1457 3 is_stmt 0 view .LVU1694
 5074              	.LBE643:
 5075              	.LBE679:
1170:./lwip-2.1.2/src/core/ipv4/dhcp.c ****     for (i = 0; i < LWIP_ARRAYSIZE(dhcp_discover_request_options); i++) {
 5076              		.loc 1 1170 5 is_stmt 1 view .LVU1695
 5077              	.LBB680:
 5078              	.LBI649:
1432:./lwip-2.1.2/src/core/ipv4/dhcp.c **** {
 5079              		.loc 1 1432 1 view .LVU1696
 5080              	.LBB652:
1434:./lwip-2.1.2/src/core/ipv4/dhcp.c ****   options[options_out_len++] = option_type;
 5081              		.loc 1 1434 138 view .LVU1697
1435:./lwip-2.1.2/src/core/ipv4/dhcp.c ****   options[options_out_len++] = option_len;
 5082              		.loc 1 1435 3 view .LVU1698
1435:./lwip-2.1.2/src/core/ipv4/dhcp.c ****   options[options_out_len++] = option_len;
 5083              		.loc 1 1435 26 is_stmt 0 view .LVU1699
 5084 0f00 1FFA8EFE 		uxth	lr, lr
1435:./lwip-2.1.2/src/core/ipv4/dhcp.c ****   options[options_out_len++] = option_len;
 5085              		.loc 1 1435 30 view .LVU1700
 5086 0f04 3727     		movs	r7, #55
 5087              	.LBE652:
 5088              	.LBE680:
 5089              	.LBB681:
 5090              	.LBB661:
1447:./lwip-2.1.2/src/core/ipv4/dhcp.c ****   return options_out_len;
 5091              		.loc 1 1447 26 view .LVU1701
 5092 0f06 0391     		str	r1, [sp, #12]
 5093 0f08 02F10801 		add	r1, r2, #8
 5094              	.LBE661:
 5095              	.LBE681:
 5096              	.LBB682:
 5097              	.LBB653:
1435:./lwip-2.1.2/src/core/ipv4/dhcp.c ****   options[options_out_len++] = option_len;
 5098              		.loc 1 1435 30 view .LVU1702
 5099 0f0c 03F80E70 		strb	r7, [r3, lr]
1436:./lwip-2.1.2/src/core/ipv4/dhcp.c ****   return options_out_len;
 5100              		.loc 1 1436 3 is_stmt 1 view .LVU1703
 5101              	.LVL374:
1436:./lwip-2.1.2/src/core/ipv4/dhcp.c ****   return options_out_len;
 5102              		.loc 1 1436 26 is_stmt 0 view .LVU1704
 5103 0f10 1FFA8CFC 		uxth	ip, ip
 5104              	.LBE653:
 5105              	.LBE682:
 5106              	.LBB683:
 5107              	.LBB662:
1447:./lwip-2.1.2/src/core/ipv4/dhcp.c ****   return options_out_len;
 5108              		.loc 1 1447 26 view .LVU1705
 5109 0f14 1FFA81F9 		uxth	r9, r1
1447:./lwip-2.1.2/src/core/ipv4/dhcp.c ****   return options_out_len;
 5110              		.loc 1 1447 30 view .LVU1706
 5111 0f18 0127     		movs	r7, #1
 5112              	.LBE662:
 5113              	.LBE683:
 5114              	.LBB684:
 5115              	.LBB674:
1962:./lwip-2.1.2/src/core/ipv4/dhcp.c ****   /* packet is too small, or not 4 byte aligned? */
 5116              		.loc 1 1962 26 view .LVU1707
 5117 0f1a 0590     		str	r0, [sp, #20]
 5118 0f1c 02F10A01 		add	r1, r2, #10
 5119              	.LBE674:
 5120              	.LBE684:
 5121              	.LBB685:
 5122              	.LBB663:
1447:./lwip-2.1.2/src/core/ipv4/dhcp.c ****   return options_out_len;
 5123              		.loc 1 1447 30 view .LVU1708
 5124 0f20 0298     		ldr	r0, [sp, #8]
1447:./lwip-2.1.2/src/core/ipv4/dhcp.c ****   return options_out_len;
 5125              		.loc 1 1447 26 view .LVU1709
 5126 0f22 CDF81090 		str	r9, [sp, #16]
 5127              	.LBE663:
 5128              	.LBE685:
 5129              	.LBB686:
 5130              	.LBB654:
1436:./lwip-2.1.2/src/core/ipv4/dhcp.c ****   return options_out_len;
 5131              		.loc 1 1436 30 view .LVU1710
 5132 0f26 4FF00309 		mov	r9, #3
 5133              	.LBE654:
 5134              	.LBE686:
 5135              	.LBB687:
 5136              	.LBB675:
1962:./lwip-2.1.2/src/core/ipv4/dhcp.c ****   /* packet is too small, or not 4 byte aligned? */
 5137              		.loc 1 1962 26 view .LVU1711
 5138 0f2a 89B2     		uxth	r1, r1
 5139              	.LBE675:
 5140              	.LBE687:
 5141              	.LBB688:
 5142              	.LBB655:
1436:./lwip-2.1.2/src/core/ipv4/dhcp.c ****   return options_out_len;
 5143              		.loc 1 1436 30 view .LVU1712
 5144 0f2c 03F80C90 		strb	r9, [r3, ip]
1437:./lwip-2.1.2/src/core/ipv4/dhcp.c **** }
 5145              		.loc 1 1437 3 is_stmt 1 view .LVU1713
 5146              	.LVL375:
1437:./lwip-2.1.2/src/core/ipv4/dhcp.c **** }
 5147              		.loc 1 1437 3 is_stmt 0 view .LVU1714
 5148              	.LBE655:
 5149              	.LBE688:
1171:./lwip-2.1.2/src/core/ipv4/dhcp.c ****       options_out_len = dhcp_option_byte(options_out_len, msg_out->options, dhcp_discover_request_o
 5150              		.loc 1 1171 5 is_stmt 1 view .LVU1715
1171:./lwip-2.1.2/src/core/ipv4/dhcp.c ****       options_out_len = dhcp_option_byte(options_out_len, msg_out->options, dhcp_discover_request_o
 5151              		.loc 1 1171 19 discriminator 1 view .LVU1716
1172:./lwip-2.1.2/src/core/ipv4/dhcp.c ****     }
 5152              		.loc 1 1172 7 view .LVU1717
 5153              	.LBB689:
 5154              	.LBI657:
1444:./lwip-2.1.2/src/core/ipv4/dhcp.c **** {
 5155              		.loc 1 1444 1 view .LVU1718
 5156              	.LBB664:
1446:./lwip-2.1.2/src/core/ipv4/dhcp.c ****   options[options_out_len++] = value;
 5157              		.loc 1 1446 106 view .LVU1719
1447:./lwip-2.1.2/src/core/ipv4/dhcp.c ****   return options_out_len;
 5158              		.loc 1 1447 3 view .LVU1720
1447:./lwip-2.1.2/src/core/ipv4/dhcp.c ****   return options_out_len;
 5159              		.loc 1 1447 30 is_stmt 0 view .LVU1721
 5160 0f30 1F54     		strb	r7, [r3, r0]
1448:./lwip-2.1.2/src/core/ipv4/dhcp.c **** }
 5161              		.loc 1 1448 3 is_stmt 1 view .LVU1722
 5162              	.LVL376:
1448:./lwip-2.1.2/src/core/ipv4/dhcp.c **** }
 5163              		.loc 1 1448 3 is_stmt 0 view .LVU1723
 5164              	.LBE664:
 5165              	.LBE689:
1171:./lwip-2.1.2/src/core/ipv4/dhcp.c ****       options_out_len = dhcp_option_byte(options_out_len, msg_out->options, dhcp_discover_request_o
 5166              		.loc 1 1171 69 is_stmt 1 discriminator 3 view .LVU1724
1171:./lwip-2.1.2/src/core/ipv4/dhcp.c ****       options_out_len = dhcp_option_byte(options_out_len, msg_out->options, dhcp_discover_request_o
 5167              		.loc 1 1171 19 discriminator 1 view .LVU1725
1172:./lwip-2.1.2/src/core/ipv4/dhcp.c ****     }
 5168              		.loc 1 1172 7 view .LVU1726
 5169              	.LBB690:
1444:./lwip-2.1.2/src/core/ipv4/dhcp.c **** {
 5170              		.loc 1 1444 1 view .LVU1727
 5171              	.LBB665:
1446:./lwip-2.1.2/src/core/ipv4/dhcp.c ****   options[options_out_len++] = value;
 5172              		.loc 1 1446 106 view .LVU1728
1447:./lwip-2.1.2/src/core/ipv4/dhcp.c ****   return options_out_len;
 5173              		.loc 1 1447 3 view .LVU1729
1447:./lwip-2.1.2/src/core/ipv4/dhcp.c ****   return options_out_len;
 5174              		.loc 1 1447 30 is_stmt 0 view .LVU1730
 5175 0f32 1C27     		movs	r7, #28
 5176 0f34 0398     		ldr	r0, [sp, #12]
 5177              	.LBE665:
 5178              	.LBE690:
 5179              	.LBB691:
 5180              	.LBB676:
1964:./lwip-2.1.2/src/core/ipv4/dhcp.c ****          (options_out_len < DHCP_OPTIONS_LEN)) {
 5181              		.loc 1 1964 78 view .LVU1731
 5182 0f36 4329     		cmp	r1, #67
 5183              	.LBE676:
 5184              	.LBE691:
 5185              	.LBB692:
 5186              	.LBB666:
1447:./lwip-2.1.2/src/core/ipv4/dhcp.c ****   return options_out_len;
 5187              		.loc 1 1447 30 view .LVU1732
 5188 0f38 03F80090 		strb	r9, [r3, r0]
1448:./lwip-2.1.2/src/core/ipv4/dhcp.c **** }
 5189              		.loc 1 1448 3 is_stmt 1 view .LVU1733
 5190              	.LVL377:
1448:./lwip-2.1.2/src/core/ipv4/dhcp.c **** }
 5191              		.loc 1 1448 3 is_stmt 0 view .LVU1734
 5192              	.LBE666:
 5193              	.LBE692:
1171:./lwip-2.1.2/src/core/ipv4/dhcp.c ****       options_out_len = dhcp_option_byte(options_out_len, msg_out->options, dhcp_discover_request_o
 5194              		.loc 1 1171 69 is_stmt 1 discriminator 3 view .LVU1735
1171:./lwip-2.1.2/src/core/ipv4/dhcp.c ****       options_out_len = dhcp_option_byte(options_out_len, msg_out->options, dhcp_discover_request_o
 5195              		.loc 1 1171 19 discriminator 1 view .LVU1736
1172:./lwip-2.1.2/src/core/ipv4/dhcp.c ****     }
 5196              		.loc 1 1172 7 view .LVU1737
 5197              	.LBB693:
1444:./lwip-2.1.2/src/core/ipv4/dhcp.c **** {
 5198              		.loc 1 1444 1 view .LVU1738
 5199              	.LBB667:
1446:./lwip-2.1.2/src/core/ipv4/dhcp.c ****   options[options_out_len++] = value;
 5200              		.loc 1 1446 106 view .LVU1739
1447:./lwip-2.1.2/src/core/ipv4/dhcp.c ****   return options_out_len;
 5201              		.loc 1 1447 3 view .LVU1740
1447:./lwip-2.1.2/src/core/ipv4/dhcp.c ****   return options_out_len;
 5202              		.loc 1 1447 30 is_stmt 0 view .LVU1741
 5203 0f3c 0498     		ldr	r0, [sp, #16]
 5204 0f3e 1F54     		strb	r7, [r3, r0]
1448:./lwip-2.1.2/src/core/ipv4/dhcp.c **** }
 5205              		.loc 1 1448 3 is_stmt 1 view .LVU1742
 5206              	.LVL378:
1448:./lwip-2.1.2/src/core/ipv4/dhcp.c **** }
 5207              		.loc 1 1448 3 is_stmt 0 view .LVU1743
 5208              	.LBE667:
 5209              	.LBE693:
1171:./lwip-2.1.2/src/core/ipv4/dhcp.c ****       options_out_len = dhcp_option_byte(options_out_len, msg_out->options, dhcp_discover_request_o
 5210              		.loc 1 1171 69 is_stmt 1 discriminator 3 view .LVU1744
1171:./lwip-2.1.2/src/core/ipv4/dhcp.c ****       options_out_len = dhcp_option_byte(options_out_len, msg_out->options, dhcp_discover_request_o
 5211              		.loc 1 1171 19 discriminator 1 view .LVU1745
1179:./lwip-2.1.2/src/core/ipv4/dhcp.c ****     dhcp_option_trailer(options_out_len, msg_out->options, p_out);
 5212              		.loc 1 1179 109 view .LVU1746
1180:./lwip-2.1.2/src/core/ipv4/dhcp.c **** 
 5213              		.loc 1 1180 5 view .LVU1747
 5214              	.LBB694:
 5215              	.LBI672:
1960:./lwip-2.1.2/src/core/ipv4/dhcp.c **** {
 5216              		.loc 1 1960 1 view .LVU1748
 5217              	.LBB677:
1962:./lwip-2.1.2/src/core/ipv4/dhcp.c ****   /* packet is too small, or not 4 byte aligned? */
 5218              		.loc 1 1962 3 view .LVU1749
1962:./lwip-2.1.2/src/core/ipv4/dhcp.c ****   /* packet is too small, or not 4 byte aligned? */
 5219              		.loc 1 1962 30 is_stmt 0 view .LVU1750
 5220 0f40 4FF0FF07 		mov	r7, #255
 5221 0f44 0598     		ldr	r0, [sp, #20]
 5222 0f46 1F54     		strb	r7, [r3, r0]
1964:./lwip-2.1.2/src/core/ipv4/dhcp.c ****          (options_out_len < DHCP_OPTIONS_LEN)) {
 5223              		.loc 1 1964 3 is_stmt 1 view .LVU1751
1964:./lwip-2.1.2/src/core/ipv4/dhcp.c ****          (options_out_len < DHCP_OPTIONS_LEN)) {
 5224              		.loc 1 1964 78 view .LVU1752
 5225 0f48 07D8     		bhi	.L368
1967:./lwip-2.1.2/src/core/ipv4/dhcp.c ****   }
 5226              		.loc 1 1967 32 is_stmt 0 view .LVU1753
 5227 0f4a C2F13A02 		rsb	r2, r2, #58
 5228 0f4e 5818     		adds	r0, r3, r1
 5229 0f50 0021     		movs	r1, #0
 5230              	.LVL379:
1967:./lwip-2.1.2/src/core/ipv4/dhcp.c ****   }
 5231              		.loc 1 1967 32 view .LVU1754
 5232 0f52 92B2     		uxth	r2, r2
 5233 0f54 FFF7FEFF 		bl	memset
 5234              	.LVL380:
1967:./lwip-2.1.2/src/core/ipv4/dhcp.c ****   }
 5235              		.loc 1 1967 32 view .LVU1755
 5236 0f58 4421     		movs	r1, #68
 5237              	.L368:
 5238              		.loc 1 1970 3 is_stmt 1 view .LVU1756
 5239 0f5a F031     		adds	r1, r1, #240
 5240 0f5c 2846     		mov	r0, r5
 5241 0f5e 89B2     		uxth	r1, r1
 5242 0f60 FFF7FEFF 		bl	pbuf_realloc
 5243              	.LVL381:
 5244              		.loc 1 1970 3 is_stmt 0 view .LVU1757
 5245              	.LBE677:
 5246              	.LBE694:
1182:./lwip-2.1.2/src/core/ipv4/dhcp.c ****     pbuf_free(p_out);
 5247              		.loc 1 1182 5 is_stmt 1 view .LVU1758
1182:./lwip-2.1.2/src/core/ipv4/dhcp.c ****     pbuf_free(p_out);
 5248              		.loc 1 1182 14 is_stmt 0 view .LVU1759
 5249 0f64 174A     		ldr	r2, .L377
 5250 0f66 4323     		movs	r3, #67
 5251 0f68 2946     		mov	r1, r5
 5252 0f6a 0096     		str	r6, [sp]
 5253 0f6c 9068     		ldr	r0, [r2, #8]
 5254 0f6e 04F11802 		add	r2, r4, #24
 5255 0f72 FFF7FEFF 		bl	udp_sendto_if
 5256              	.LVL382:
 5257 0f76 0346     		mov	r3, r0
1183:./lwip-2.1.2/src/core/ipv4/dhcp.c **** 
 5258              		.loc 1 1183 5 view .LVU1760
 5259 0f78 2846     		mov	r0, r5
1182:./lwip-2.1.2/src/core/ipv4/dhcp.c ****     pbuf_free(p_out);
 5260              		.loc 1 1182 14 view .LVU1761
 5261 0f7a 1D46     		mov	r5, r3
 5262              	.LVL383:
1183:./lwip-2.1.2/src/core/ipv4/dhcp.c **** 
 5263              		.loc 1 1183 5 is_stmt 1 view .LVU1762
 5264 0f7c FFF7FEFF 		bl	pbuf_free
 5265              	.LVL384:
1185:./lwip-2.1.2/src/core/ipv4/dhcp.c ****   } else {
 5266              		.loc 1 1185 90 view .LVU1763
 5267              	.L367:
1185:./lwip-2.1.2/src/core/ipv4/dhcp.c ****   } else {
 5268              		.loc 1 1185 90 is_stmt 0 view .LVU1764
 5269              	.LBE628:
1190:./lwip-2.1.2/src/core/ipv4/dhcp.c ****     dhcp->tries++;
 5270              		.loc 1 1190 3 is_stmt 1 view .LVU1765
1190:./lwip-2.1.2/src/core/ipv4/dhcp.c ****     dhcp->tries++;
 5271              		.loc 1 1190 11 is_stmt 0 view .LVU1766
 5272 0f80 A379     		ldrb	r3, [r4, #6]	@ zero_extendqisi2
1190:./lwip-2.1.2/src/core/ipv4/dhcp.c ****     dhcp->tries++;
 5273              		.loc 1 1190 6 view .LVU1767
 5274 0f82 FF2B     		cmp	r3, #255
 5275 0f84 15D0     		beq	.L371
1191:./lwip-2.1.2/src/core/ipv4/dhcp.c ****   }
 5276              		.loc 1 1191 5 is_stmt 1 view .LVU1768
1191:./lwip-2.1.2/src/core/ipv4/dhcp.c ****   }
 5277              		.loc 1 1191 16 is_stmt 0 view .LVU1769
 5278 0f86 0133     		adds	r3, r3, #1
 5279 0f88 DBB2     		uxtb	r3, r3
1194:./lwip-2.1.2/src/core/ipv4/dhcp.c ****   dhcp->request_timeout = (u16_t)((msecs + DHCP_FINE_TIMER_MSECS - 1) / DHCP_FINE_TIMER_MSECS);
 5280              		.loc 1 1194 11 view .LVU1770
 5281 0f8a 092B     		cmp	r3, #9
1191:./lwip-2.1.2/src/core/ipv4/dhcp.c ****   }
 5282              		.loc 1 1191 16 view .LVU1771
 5283 0f8c A371     		strb	r3, [r4, #6]
1194:./lwip-2.1.2/src/core/ipv4/dhcp.c ****   dhcp->request_timeout = (u16_t)((msecs + DHCP_FINE_TIMER_MSECS - 1) / DHCP_FINE_TIMER_MSECS);
 5284              		.loc 1 1194 3 is_stmt 1 view .LVU1772
1194:./lwip-2.1.2/src/core/ipv4/dhcp.c ****   dhcp->request_timeout = (u16_t)((msecs + DHCP_FINE_TIMER_MSECS - 1) / DHCP_FINE_TIMER_MSECS);
 5285              		.loc 1 1194 11 is_stmt 0 view .LVU1773
 5286 0f8e 10D8     		bhi	.L371
1194:./lwip-2.1.2/src/core/ipv4/dhcp.c ****   dhcp->request_timeout = (u16_t)((msecs + DHCP_FINE_TIMER_MSECS - 1) / DHCP_FINE_TIMER_MSECS);
 5287              		.loc 1 1194 11 discriminator 1 view .LVU1774
 5288 0f90 C3EB4311 		rsb	r1, r3, r3, lsl #5
1195:./lwip-2.1.2/src/core/ipv4/dhcp.c ****   LWIP_DEBUGF(DHCP_DEBUG | LWIP_DBG_TRACE | LWIP_DBG_STATE, ("dhcp_renew(): set request timeout %"U
 5289              		.loc 1 1195 71 view .LVU1775
 5290 0f94 0C4A     		ldr	r2, .L377+4
1198:./lwip-2.1.2/src/core/ipv4/dhcp.c **** 
 5291              		.loc 1 1198 1 view .LVU1776
 5292 0f96 2846     		mov	r0, r5
1194:./lwip-2.1.2/src/core/ipv4/dhcp.c ****   dhcp->request_timeout = (u16_t)((msecs + DHCP_FINE_TIMER_MSECS - 1) / DHCP_FINE_TIMER_MSECS);
 5293              		.loc 1 1194 11 discriminator 1 view .LVU1777
 5294 0f98 03EB8103 		add	r3, r3, r1, lsl #2
 5295 0f9c 1B01     		lsls	r3, r3, #4
1195:./lwip-2.1.2/src/core/ipv4/dhcp.c ****   LWIP_DEBUGF(DHCP_DEBUG | LWIP_DBG_TRACE | LWIP_DBG_STATE, ("dhcp_renew(): set request timeout %"U
 5296              		.loc 1 1195 66 view .LVU1778
 5297 0f9e 03F2F313 		addw	r3, r3, #499
 5298 0fa2 9BB2     		uxth	r3, r3
1195:./lwip-2.1.2/src/core/ipv4/dhcp.c ****   LWIP_DEBUGF(DHCP_DEBUG | LWIP_DBG_TRACE | LWIP_DBG_STATE, ("dhcp_renew(): set request timeout %"U
 5299              		.loc 1 1195 71 view .LVU1779
 5300 0fa4 A2FB0323 		umull	r2, r3, r2, r3
1195:./lwip-2.1.2/src/core/ipv4/dhcp.c ****   LWIP_DEBUGF(DHCP_DEBUG | LWIP_DBG_TRACE | LWIP_DBG_STATE, ("dhcp_renew(): set request timeout %"U
 5301              		.loc 1 1195 27 view .LVU1780
 5302 0fa8 5B09     		lsrs	r3, r3, #5
1195:./lwip-2.1.2/src/core/ipv4/dhcp.c ****   LWIP_DEBUGF(DHCP_DEBUG | LWIP_DBG_TRACE | LWIP_DBG_STATE, ("dhcp_renew(): set request timeout %"U
 5303              		.loc 1 1195 3 is_stmt 1 view .LVU1781
1195:./lwip-2.1.2/src/core/ipv4/dhcp.c ****   LWIP_DEBUGF(DHCP_DEBUG | LWIP_DBG_TRACE | LWIP_DBG_STATE, ("dhcp_renew(): set request timeout %"U
 5304              		.loc 1 1195 25 is_stmt 0 view .LVU1782
 5305 0faa 2381     		strh	r3, [r4, #8]	@ movhi
1196:./lwip-2.1.2/src/core/ipv4/dhcp.c ****   return result;
 5306              		.loc 1 1196 123 is_stmt 1 view .LVU1783
1197:./lwip-2.1.2/src/core/ipv4/dhcp.c **** }
 5307              		.loc 1 1197 3 view .LVU1784
1198:./lwip-2.1.2/src/core/ipv4/dhcp.c **** 
 5308              		.loc 1 1198 1 is_stmt 0 view .LVU1785
 5309 0fac 09B0     		add	sp, sp, #36
 5310              	.LCFI46:
 5311              		.cfi_remember_state
 5312              		.cfi_def_cfa_offset 36
 5313              		@ sp needed
 5314 0fae BDE8F08F 		pop	{r4, r5, r6, r7, r8, r9, r10, fp, pc}
 5315              	.LVL385:
 5316              	.L371:
 5317              	.LCFI47:
 5318              		.cfi_restore_state
1188:./lwip-2.1.2/src/core/ipv4/dhcp.c ****   }
 5319              		.loc 1 1188 12 view .LVU1786
 5320 0fb2 2823     		movs	r3, #40
1195:./lwip-2.1.2/src/core/ipv4/dhcp.c ****   LWIP_DEBUGF(DHCP_DEBUG | LWIP_DBG_TRACE | LWIP_DBG_STATE, ("dhcp_renew(): set request timeout %"U
 5321              		.loc 1 1195 3 is_stmt 1 view .LVU1787
1198:./lwip-2.1.2/src/core/ipv4/dhcp.c **** 
 5322              		.loc 1 1198 1 is_stmt 0 view .LVU1788
 5323 0fb4 2846     		mov	r0, r5
1195:./lwip-2.1.2/src/core/ipv4/dhcp.c ****   LWIP_DEBUGF(DHCP_DEBUG | LWIP_DBG_TRACE | LWIP_DBG_STATE, ("dhcp_renew(): set request timeout %"U
 5324              		.loc 1 1195 25 view .LVU1789
 5325 0fb6 2381     		strh	r3, [r4, #8]	@ movhi
1196:./lwip-2.1.2/src/core/ipv4/dhcp.c ****   return result;
 5326              		.loc 1 1196 123 is_stmt 1 view .LVU1790
1197:./lwip-2.1.2/src/core/ipv4/dhcp.c **** }
 5327              		.loc 1 1197 3 view .LVU1791
1198:./lwip-2.1.2/src/core/ipv4/dhcp.c **** 
 5328              		.loc 1 1198 1 is_stmt 0 view .LVU1792
 5329 0fb8 09B0     		add	sp, sp, #36
 5330              	.LCFI48:
 5331              		.cfi_remember_state
 5332              		.cfi_def_cfa_offset 36
 5333              		@ sp needed
 5334 0fba BDE8F08F 		pop	{r4, r5, r6, r7, r8, r9, r10, fp, pc}
 5335              	.LVL386:
 5336              	.L372:
 5337              	.LCFI49:
 5338              		.cfi_restore_state
1188:./lwip-2.1.2/src/core/ipv4/dhcp.c ****   }
 5339              		.loc 1 1188 12 view .LVU1793
 5340 0fbe 4FF0FF35 		mov	r5, #-1
 5341 0fc2 DDE7     		b	.L367
 5342              	.L378:
 5343              		.align	2
 5344              	.L377:
 5345 0fc4 00000000 		.word	.LANCHOR0
 5346 0fc8 D34D6210 		.word	274877907
 5347              		.cfi_endproc
 5348              	.LFE47:
 5350              		.align	1
 5351              		.p2align 2,,3
 5352              		.global	dhcp_release_and_stop
 5353              		.syntax unified
 5354              		.thumb
 5355              		.thumb_func
 5357              	dhcp_release_and_stop:
 5358              	.LVL387:
 5359              	.LFB50:
1319:./lwip-2.1.2/src/core/ipv4/dhcp.c ****   struct dhcp *dhcp = netif_dhcp_data(netif);
 5360              		.loc 1 1319 1 is_stmt 1 view -0
 5361              		.cfi_startproc
 5362              		@ args = 0, pretend = 0, frame = 8
 5363              		@ frame_needed = 0, uses_anonymous_args = 0
1320:./lwip-2.1.2/src/core/ipv4/dhcp.c ****   ip_addr_t server_ip_addr;
 5364              		.loc 1 1320 3 view .LVU1795
1319:./lwip-2.1.2/src/core/ipv4/dhcp.c ****   struct dhcp *dhcp = netif_dhcp_data(netif);
 5365              		.loc 1 1319 1 is_stmt 0 view .LVU1796
 5366 0fcc 2DE9F047 		push	{r4, r5, r6, r7, r8, r9, r10, lr}
 5367              	.LCFI50:
 5368              		.cfi_def_cfa_offset 32
 5369              		.cfi_offset 4, -32
 5370              		.cfi_offset 5, -28
 5371              		.cfi_offset 6, -24
 5372              		.cfi_offset 7, -20
 5373              		.cfi_offset 8, -16
 5374              		.cfi_offset 9, -12
 5375              		.cfi_offset 10, -8
 5376              		.cfi_offset 14, -4
1320:./lwip-2.1.2/src/core/ipv4/dhcp.c ****   ip_addr_t server_ip_addr;
 5377              		.loc 1 1320 16 view .LVU1797
 5378 0fd0 046A     		ldr	r4, [r0, #32]
 5379              	.LVL388:
1321:./lwip-2.1.2/src/core/ipv4/dhcp.c **** 
 5380              		.loc 1 1321 3 is_stmt 1 view .LVU1798
1323:./lwip-2.1.2/src/core/ipv4/dhcp.c ****   LWIP_DEBUGF(DHCP_DEBUG | LWIP_DBG_TRACE, ("dhcp_release_and_stop()\n"));
 5381              		.loc 1 1323 28 view .LVU1799
1324:./lwip-2.1.2/src/core/ipv4/dhcp.c ****   if (dhcp == NULL) {
 5382              		.loc 1 1324 74 view .LVU1800
1325:./lwip-2.1.2/src/core/ipv4/dhcp.c ****     return;
 5383              		.loc 1 1325 3 view .LVU1801
1319:./lwip-2.1.2/src/core/ipv4/dhcp.c ****   struct dhcp *dhcp = netif_dhcp_data(netif);
 5384              		.loc 1 1319 1 is_stmt 0 view .LVU1802
 5385 0fd2 84B0     		sub	sp, sp, #16
 5386              	.LCFI51:
 5387              		.cfi_def_cfa_offset 48
1325:./lwip-2.1.2/src/core/ipv4/dhcp.c ****     return;
 5388              		.loc 1 1325 6 view .LVU1803
 5389 0fd4 002C     		cmp	r4, #0
 5390 0fd6 7DD0     		beq	.L379
1330:./lwip-2.1.2/src/core/ipv4/dhcp.c ****     return;
 5391              		.loc 1 1330 3 is_stmt 1 view .LVU1804
1330:./lwip-2.1.2/src/core/ipv4/dhcp.c ****     return;
 5392              		.loc 1 1330 11 is_stmt 0 view .LVU1805
 5393 0fd8 6279     		ldrb	r2, [r4, #5]	@ zero_extendqisi2
1330:./lwip-2.1.2/src/core/ipv4/dhcp.c ****     return;
 5394              		.loc 1 1330 6 view .LVU1806
 5395 0fda 002A     		cmp	r2, #0
 5396 0fdc 7AD0     		beq	.L379
1334:./lwip-2.1.2/src/core/ipv4/dhcp.c **** 
 5397              		.loc 1 1334 3 is_stmt 1 view .LVU1807
 5398 0fde A169     		ldr	r1, [r4, #24]
1337:./lwip-2.1.2/src/core/ipv4/dhcp.c ****   ip4_addr_set_zero(&dhcp->offered_ip_addr);
 5399              		.loc 1 1337 3 is_stmt 0 view .LVU1808
 5400 0fe0 0023     		movs	r3, #0
 5401 0fe2 0546     		mov	r5, r0
1334:./lwip-2.1.2/src/core/ipv4/dhcp.c **** 
 5402              		.loc 1 1334 3 view .LVU1809
 5403 0fe4 0391     		str	r1, [sp, #12]
1337:./lwip-2.1.2/src/core/ipv4/dhcp.c ****   ip4_addr_set_zero(&dhcp->offered_ip_addr);
 5404              		.loc 1 1337 3 is_stmt 1 view .LVU1810
 5405              	.LBB712:
 5406              	.LBB713:
1971:./lwip-2.1.2/src/core/ipv4/dhcp.c **** }
1972:./lwip-2.1.2/src/core/ipv4/dhcp.c **** 
1973:./lwip-2.1.2/src/core/ipv4/dhcp.c **** /** check if DHCP supplied netif->ip_addr
1974:./lwip-2.1.2/src/core/ipv4/dhcp.c ****  *
1975:./lwip-2.1.2/src/core/ipv4/dhcp.c ****  * @param netif the netif to check
1976:./lwip-2.1.2/src/core/ipv4/dhcp.c ****  * @return 1 if DHCP supplied netif->ip_addr (states BOUND or RENEWING),
1977:./lwip-2.1.2/src/core/ipv4/dhcp.c ****  *         0 otherwise
1978:./lwip-2.1.2/src/core/ipv4/dhcp.c ****  */
1979:./lwip-2.1.2/src/core/ipv4/dhcp.c **** u8_t
1980:./lwip-2.1.2/src/core/ipv4/dhcp.c **** dhcp_supplied_address(const struct netif *netif)
1981:./lwip-2.1.2/src/core/ipv4/dhcp.c **** {
1982:./lwip-2.1.2/src/core/ipv4/dhcp.c ****   if ((netif != NULL) && (netif_dhcp_data(netif) != NULL)) {
1983:./lwip-2.1.2/src/core/ipv4/dhcp.c ****     struct dhcp *dhcp = netif_dhcp_data(netif);
1984:./lwip-2.1.2/src/core/ipv4/dhcp.c ****     return (dhcp->state == DHCP_STATE_BOUND) || (dhcp->state == DHCP_STATE_RENEWING) ||
 5407              		.loc 1 1984 86 is_stmt 0 discriminator 2 view .LVU1811
 5408 0fe6 111F     		subs	r1, r2, #4
 5409              	.LBE713:
 5410              	.LBE712:
1338:./lwip-2.1.2/src/core/ipv4/dhcp.c ****   ip4_addr_set_zero(&dhcp->offered_sn_mask);
 5411              		.loc 1 1338 3 view .LVU1812
 5412 0fe8 E361     		str	r3, [r4, #28]
 5413              	.LBB717:
 5414              	.LBB714:
 5415              		.loc 1 1984 86 discriminator 2 view .LVU1813
 5416 0fea 0129     		cmp	r1, #1
 5417              	.LBE714:
 5418              	.LBE717:
1337:./lwip-2.1.2/src/core/ipv4/dhcp.c ****   ip4_addr_set_zero(&dhcp->offered_ip_addr);
 5419              		.loc 1 1337 3 view .LVU1814
 5420 0fec A361     		str	r3, [r4, #24]
1338:./lwip-2.1.2/src/core/ipv4/dhcp.c ****   ip4_addr_set_zero(&dhcp->offered_sn_mask);
 5421              		.loc 1 1338 3 is_stmt 1 view .LVU1815
1339:./lwip-2.1.2/src/core/ipv4/dhcp.c ****   ip4_addr_set_zero(&dhcp->offered_gw_addr);
 5422              		.loc 1 1339 3 view .LVU1816
1344:./lwip-2.1.2/src/core/ipv4/dhcp.c ****   dhcp->t1_renew_time = dhcp->t2_rebind_time = dhcp->lease_used = dhcp->t0_timeout = 0;
 5423              		.loc 1 1344 26 is_stmt 0 view .LVU1817
 5424 0fee A362     		str	r3, [r4, #40]
1345:./lwip-2.1.2/src/core/ipv4/dhcp.c **** 
 5425              		.loc 1 1345 23 view .LVU1818
 5426 0ff0 C4F80E30 		str	r3, [r4, #14]	@ unaligned
 5427 0ff4 C4F81230 		str	r3, [r4, #18]	@ unaligned
1340:./lwip-2.1.2/src/core/ipv4/dhcp.c **** #if LWIP_DHCP_BOOTP_FILE
 5428              		.loc 1 1340 3 view .LVU1819
 5429 0ff8 C4E90833 		strd	r3, r3, [r4, #32]
1344:./lwip-2.1.2/src/core/ipv4/dhcp.c ****   dhcp->t1_renew_time = dhcp->t2_rebind_time = dhcp->lease_used = dhcp->t0_timeout = 0;
 5430              		.loc 1 1344 3 is_stmt 1 view .LVU1820
1345:./lwip-2.1.2/src/core/ipv4/dhcp.c **** 
 5431              		.loc 1 1345 3 view .LVU1821
1348:./lwip-2.1.2/src/core/ipv4/dhcp.c ****     /* create and initialize the DHCP message header */
 5432              		.loc 1 1348 3 view .LVU1822
 5433              	.LVL389:
 5434              	.LBB718:
 5435              	.LBI712:
1980:./lwip-2.1.2/src/core/ipv4/dhcp.c **** {
 5436              		.loc 1 1980 1 view .LVU1823
1982:./lwip-2.1.2/src/core/ipv4/dhcp.c ****     struct dhcp *dhcp = netif_dhcp_data(netif);
 5437              		.loc 1 1982 3 view .LVU1824
 5438              	.LBB715:
1983:./lwip-2.1.2/src/core/ipv4/dhcp.c ****     return (dhcp->state == DHCP_STATE_BOUND) || (dhcp->state == DHCP_STATE_RENEWING) ||
 5439              		.loc 1 1983 5 view .LVU1825
 5440              		.loc 1 1984 5 view .LVU1826
 5441              	.LBE715:
 5442              	.LBE718:
1344:./lwip-2.1.2/src/core/ipv4/dhcp.c ****   dhcp->t1_renew_time = dhcp->t2_rebind_time = dhcp->lease_used = dhcp->t0_timeout = 0;
 5443              		.loc 1 1344 51 is_stmt 0 view .LVU1827
 5444 0ffc C4E90B33 		strd	r3, r3, [r4, #44]
 5445              	.LBB719:
 5446              	.LBB716:
 5447              		.loc 1 1984 86 discriminator 2 view .LVU1828
 5448 1000 01D9     		bls	.L388
 5449 1002 0A2A     		cmp	r2, #10
 5450 1004 58D1     		bne	.L381
 5451              	.L388:
 5452              	.LVL390:
 5453              		.loc 1 1984 86 discriminator 2 view .LVU1829
 5454              	.LBE716:
 5455              	.LBE719:
 5456              	.LBB720:
1350:./lwip-2.1.2/src/core/ipv4/dhcp.c ****     u16_t options_out_len;
 5457              		.loc 1 1350 5 is_stmt 1 view .LVU1830
1351:./lwip-2.1.2/src/core/ipv4/dhcp.c ****     p_out = dhcp_create_msg(netif, dhcp, DHCP_RELEASE, &options_out_len);
 5458              		.loc 1 1351 5 view .LVU1831
1352:./lwip-2.1.2/src/core/ipv4/dhcp.c ****     if (p_out != NULL) {
 5459              		.loc 1 1352 5 view .LVU1832
1352:./lwip-2.1.2/src/core/ipv4/dhcp.c ****     if (p_out != NULL) {
 5460              		.loc 1 1352 13 is_stmt 0 view .LVU1833
 5461 1006 0DF10A03 		add	r3, sp, #10
 5462 100a 0722     		movs	r2, #7
 5463 100c 2146     		mov	r1, r4
 5464 100e 2846     		mov	r0, r5
 5465              	.LVL391:
1352:./lwip-2.1.2/src/core/ipv4/dhcp.c ****     if (p_out != NULL) {
 5466              		.loc 1 1352 13 view .LVU1834
 5467 1010 FEF7F6FF 		bl	dhcp_create_msg
 5468              	.LVL392:
1353:./lwip-2.1.2/src/core/ipv4/dhcp.c ****       struct dhcp_msg *msg_out = (struct dhcp_msg *)p_out->payload;
 5469              		.loc 1 1353 5 is_stmt 1 view .LVU1835
1353:./lwip-2.1.2/src/core/ipv4/dhcp.c ****       struct dhcp_msg *msg_out = (struct dhcp_msg *)p_out->payload;
 5470              		.loc 1 1353 8 is_stmt 0 view .LVU1836
 5471 1014 0746     		mov	r7, r0
 5472 1016 0028     		cmp	r0, #0
 5473 1018 4ED0     		beq	.L381
 5474              	.LBB721:
1354:./lwip-2.1.2/src/core/ipv4/dhcp.c ****       options_out_len = dhcp_option(options_out_len, msg_out->options, DHCP_OPTION_SERVER_ID, 4);
 5475              		.loc 1 1354 7 is_stmt 1 view .LVU1837
 5476              	.LVL393:
1355:./lwip-2.1.2/src/core/ipv4/dhcp.c ****       options_out_len = dhcp_option_long(options_out_len, msg_out->options, lwip_ntohl(ip4_addr_get
 5477              		.loc 1 1355 7 view .LVU1838
1355:./lwip-2.1.2/src/core/ipv4/dhcp.c ****       options_out_len = dhcp_option_long(options_out_len, msg_out->options, lwip_ntohl(ip4_addr_get
 5478              		.loc 1 1355 25 is_stmt 0 view .LVU1839
 5479 101a BDF80A60 		ldrh	r6, [sp, #10]
 5480              	.LBB722:
 5481              	.LBB723:
1435:./lwip-2.1.2/src/core/ipv4/dhcp.c ****   options[options_out_len++] = option_len;
 5482              		.loc 1 1435 30 view .LVU1840
 5483 101e 3622     		movs	r2, #54
 5484              	.LBE723:
 5485              	.LBE722:
1355:./lwip-2.1.2/src/core/ipv4/dhcp.c ****       options_out_len = dhcp_option_long(options_out_len, msg_out->options, lwip_ntohl(ip4_addr_get
 5486              		.loc 1 1355 61 view .LVU1841
 5487 1020 4368     		ldr	r3, [r0, #4]
 5488              	.LBB727:
 5489              	.LBB724:
1436:./lwip-2.1.2/src/core/ipv4/dhcp.c ****   return options_out_len;
 5490              		.loc 1 1436 26 view .LVU1842
 5491 1022 06F10209 		add	r9, r6, #2
 5492              	.LBE724:
 5493              	.LBE727:
1355:./lwip-2.1.2/src/core/ipv4/dhcp.c ****       options_out_len = dhcp_option_long(options_out_len, msg_out->options, lwip_ntohl(ip4_addr_get
 5494              		.loc 1 1355 61 view .LVU1843
 5495 1026 03F1F008 		add	r8, r3, #240
 5496              	.LVL394:
 5497              	.LBB728:
 5498              	.LBI722:
1432:./lwip-2.1.2/src/core/ipv4/dhcp.c **** {
 5499              		.loc 1 1432 1 is_stmt 1 view .LVU1844
 5500              	.LBB725:
1434:./lwip-2.1.2/src/core/ipv4/dhcp.c ****   options[options_out_len++] = option_type;
 5501              		.loc 1 1434 138 view .LVU1845
1435:./lwip-2.1.2/src/core/ipv4/dhcp.c ****   options[options_out_len++] = option_len;
 5502              		.loc 1 1435 3 view .LVU1846
1435:./lwip-2.1.2/src/core/ipv4/dhcp.c ****   options[options_out_len++] = option_len;
 5503              		.loc 1 1435 26 is_stmt 0 view .LVU1847
 5504 102a 731C     		adds	r3, r6, #1
 5505              	.LBE725:
 5506              	.LBE728:
 5507              	.LBB729:
 5508              	.LBB730:
1464:./lwip-2.1.2/src/core/ipv4/dhcp.c ****   options[options_out_len++] = (u8_t)((value & 0x00ff0000UL) >> 16);
 5509              		.loc 1 1464 26 view .LVU1848
 5510 102c 1FFA89F9 		uxth	r9, r9
 5511              	.LBE730:
 5512              	.LBE729:
 5513              	.LBB735:
 5514              	.LBB726:
1435:./lwip-2.1.2/src/core/ipv4/dhcp.c ****   options[options_out_len++] = option_len;
 5515              		.loc 1 1435 30 view .LVU1849
 5516 1030 08F80620 		strb	r2, [r8, r6]
 5517              	.LVL395:
1436:./lwip-2.1.2/src/core/ipv4/dhcp.c ****   return options_out_len;
 5518              		.loc 1 1436 3 is_stmt 1 view .LVU1850
1436:./lwip-2.1.2/src/core/ipv4/dhcp.c ****   return options_out_len;
 5519              		.loc 1 1436 26 is_stmt 0 view .LVU1851
 5520 1034 9BB2     		uxth	r3, r3
1436:./lwip-2.1.2/src/core/ipv4/dhcp.c ****   return options_out_len;
 5521              		.loc 1 1436 30 view .LVU1852
 5522 1036 0422     		movs	r2, #4
 5523 1038 08F80320 		strb	r2, [r8, r3]
1437:./lwip-2.1.2/src/core/ipv4/dhcp.c **** }
 5524              		.loc 1 1437 3 is_stmt 1 view .LVU1853
 5525              	.LVL396:
1437:./lwip-2.1.2/src/core/ipv4/dhcp.c **** }
 5526              		.loc 1 1437 3 is_stmt 0 view .LVU1854
 5527              	.LBE726:
 5528              	.LBE735:
1356:./lwip-2.1.2/src/core/ipv4/dhcp.c **** 
 5529              		.loc 1 1356 7 is_stmt 1 view .LVU1855
1356:./lwip-2.1.2/src/core/ipv4/dhcp.c **** 
 5530              		.loc 1 1356 25 is_stmt 0 view .LVU1856
 5531 103c 0398     		ldr	r0, [sp, #12]
 5532              	.LVL397:
1356:./lwip-2.1.2/src/core/ipv4/dhcp.c **** 
 5533              		.loc 1 1356 25 view .LVU1857
 5534 103e FFF7FEFF 		bl	lwip_htonl
 5535              	.LVL398:
 5536              	.LBB736:
 5537              	.LBI729:
1461:./lwip-2.1.2/src/core/ipv4/dhcp.c **** {
 5538              		.loc 1 1461 1 is_stmt 1 view .LVU1858
 5539              	.LBB731:
1463:./lwip-2.1.2/src/core/ipv4/dhcp.c ****   options[options_out_len++] = (u8_t)((value & 0xff000000UL) >> 24);
 5540              		.loc 1 1463 117 view .LVU1859
1464:./lwip-2.1.2/src/core/ipv4/dhcp.c ****   options[options_out_len++] = (u8_t)((value & 0x00ff0000UL) >> 16);
 5541              		.loc 1 1464 3 view .LVU1860
1464:./lwip-2.1.2/src/core/ipv4/dhcp.c ****   options[options_out_len++] = (u8_t)((value & 0x00ff0000UL) >> 16);
 5542              		.loc 1 1464 26 is_stmt 0 view .LVU1861
 5543 1042 06F1030E 		add	lr, r6, #3
1464:./lwip-2.1.2/src/core/ipv4/dhcp.c ****   options[options_out_len++] = (u8_t)((value & 0x00ff0000UL) >> 16);
 5544              		.loc 1 1464 62 view .LVU1862
 5545 1046 4FEA106A 		lsr	r10, r0, #24
1465:./lwip-2.1.2/src/core/ipv4/dhcp.c ****   options[options_out_len++] = (u8_t)((value & 0x0000ff00UL) >> 8);
 5546              		.loc 1 1465 26 view .LVU1863
 5547 104a 06F1040C 		add	ip, r6, #4
 5548 104e 1FFA8EFE 		uxth	lr, lr
1466:./lwip-2.1.2/src/core/ipv4/dhcp.c ****   options[options_out_len++] = (u8_t)((value & 0x000000ffUL));
 5549              		.loc 1 1466 26 view .LVU1864
 5550 1052 721D     		adds	r2, r6, #5
1464:./lwip-2.1.2/src/core/ipv4/dhcp.c ****   options[options_out_len++] = (u8_t)((value & 0x00ff0000UL) >> 16);
 5551              		.loc 1 1464 32 view .LVU1865
 5552 1054 08F809A0 		strb	r10, [r8, r9]
1465:./lwip-2.1.2/src/core/ipv4/dhcp.c ****   options[options_out_len++] = (u8_t)((value & 0x0000ff00UL) >> 8);
 5553              		.loc 1 1465 3 is_stmt 1 view .LVU1866
 5554              	.LVL399:
1465:./lwip-2.1.2/src/core/ipv4/dhcp.c ****   options[options_out_len++] = (u8_t)((value & 0x0000ff00UL) >> 8);
 5555              		.loc 1 1465 3 is_stmt 0 view .LVU1867
 5556              	.LBE731:
 5557              	.LBE736:
 5558              	.LBB737:
 5559              	.LBB738:
1962:./lwip-2.1.2/src/core/ipv4/dhcp.c ****   /* packet is too small, or not 4 byte aligned? */
 5560              		.loc 1 1962 26 view .LVU1868
 5561 1058 F11D     		adds	r1, r6, #7
 5562              	.LBE738:
 5563              	.LBE737:
 5564              	.LBB742:
 5565              	.LBB732:
1465:./lwip-2.1.2/src/core/ipv4/dhcp.c ****   options[options_out_len++] = (u8_t)((value & 0x0000ff00UL) >> 8);
 5566              		.loc 1 1465 62 view .LVU1869
 5567 105a 4FEA1049 		lsr	r9, r0, #16
1467:./lwip-2.1.2/src/core/ipv4/dhcp.c ****   return options_out_len;
 5568              		.loc 1 1467 26 view .LVU1870
 5569 105e B31D     		adds	r3, r6, #6
 5570 1060 92B2     		uxth	r2, r2
1465:./lwip-2.1.2/src/core/ipv4/dhcp.c ****   options[options_out_len++] = (u8_t)((value & 0x0000ff00UL) >> 8);
 5571              		.loc 1 1465 32 view .LVU1871
 5572 1062 08F80E90 		strb	r9, [r8, lr]
1466:./lwip-2.1.2/src/core/ipv4/dhcp.c ****   options[options_out_len++] = (u8_t)((value & 0x000000ffUL));
 5573              		.loc 1 1466 3 is_stmt 1 view .LVU1872
 5574              	.LVL400:
1466:./lwip-2.1.2/src/core/ipv4/dhcp.c ****   options[options_out_len++] = (u8_t)((value & 0x000000ffUL));
 5575              		.loc 1 1466 26 is_stmt 0 view .LVU1873
 5576 1066 1FFA8CFC 		uxth	ip, ip
 5577              	.LBE732:
 5578              	.LBE742:
 5579              	.LBB743:
 5580              	.LBB739:
1962:./lwip-2.1.2/src/core/ipv4/dhcp.c ****   /* packet is too small, or not 4 byte aligned? */
 5581              		.loc 1 1962 26 view .LVU1874
 5582 106a 89B2     		uxth	r1, r1
 5583              	.LBE739:
 5584              	.LBE743:
 5585              	.LBB744:
 5586              	.LBB733:
1466:./lwip-2.1.2/src/core/ipv4/dhcp.c ****   options[options_out_len++] = (u8_t)((value & 0x000000ffUL));
 5587              		.loc 1 1466 62 view .LVU1875
 5588 106c 4FEA102E 		lsr	lr, r0, #8
 5589              	.LBE733:
 5590              	.LBE744:
 5591              	.LBB745:
 5592              	.LBB740:
1962:./lwip-2.1.2/src/core/ipv4/dhcp.c ****   /* packet is too small, or not 4 byte aligned? */
 5593              		.loc 1 1962 26 view .LVU1876
 5594 1070 9BB2     		uxth	r3, r3
1964:./lwip-2.1.2/src/core/ipv4/dhcp.c ****          (options_out_len < DHCP_OPTIONS_LEN)) {
 5595              		.loc 1 1964 78 view .LVU1877
 5596 1072 4329     		cmp	r1, #67
 5597              	.LBE740:
 5598              	.LBE745:
 5599              	.LBB746:
 5600              	.LBB734:
1466:./lwip-2.1.2/src/core/ipv4/dhcp.c ****   options[options_out_len++] = (u8_t)((value & 0x000000ffUL));
 5601              		.loc 1 1466 32 view .LVU1878
 5602 1074 08F80CE0 		strb	lr, [r8, ip]
1467:./lwip-2.1.2/src/core/ipv4/dhcp.c ****   return options_out_len;
 5603              		.loc 1 1467 3 is_stmt 1 view .LVU1879
 5604              	.LVL401:
1467:./lwip-2.1.2/src/core/ipv4/dhcp.c ****   return options_out_len;
 5605              		.loc 1 1467 32 is_stmt 0 view .LVU1880
 5606 1078 08F80200 		strb	r0, [r8, r2]
1468:./lwip-2.1.2/src/core/ipv4/dhcp.c **** }
 5607              		.loc 1 1468 3 is_stmt 1 view .LVU1881
 5608              	.LVL402:
1468:./lwip-2.1.2/src/core/ipv4/dhcp.c **** }
 5609              		.loc 1 1468 3 is_stmt 0 view .LVU1882
 5610              	.LBE734:
 5611              	.LBE746:
1358:./lwip-2.1.2/src/core/ipv4/dhcp.c ****       dhcp_option_trailer(options_out_len, msg_out->options, p_out);
 5612              		.loc 1 1358 103 is_stmt 1 view .LVU1883
1359:./lwip-2.1.2/src/core/ipv4/dhcp.c **** 
 5613              		.loc 1 1359 7 view .LVU1884
 5614              	.LBB747:
 5615              	.LBI737:
1960:./lwip-2.1.2/src/core/ipv4/dhcp.c **** {
 5616              		.loc 1 1960 1 view .LVU1885
 5617              	.LBB741:
1962:./lwip-2.1.2/src/core/ipv4/dhcp.c ****   /* packet is too small, or not 4 byte aligned? */
 5618              		.loc 1 1962 3 view .LVU1886
1962:./lwip-2.1.2/src/core/ipv4/dhcp.c ****   /* packet is too small, or not 4 byte aligned? */
 5619              		.loc 1 1962 30 is_stmt 0 view .LVU1887
 5620 107c 4FF0FF02 		mov	r2, #255
 5621 1080 08F80320 		strb	r2, [r8, r3]
1964:./lwip-2.1.2/src/core/ipv4/dhcp.c ****          (options_out_len < DHCP_OPTIONS_LEN)) {
 5622              		.loc 1 1964 3 is_stmt 1 view .LVU1888
1964:./lwip-2.1.2/src/core/ipv4/dhcp.c ****          (options_out_len < DHCP_OPTIONS_LEN)) {
 5623              		.loc 1 1964 78 view .LVU1889
 5624 1084 08D8     		bhi	.L384
1967:./lwip-2.1.2/src/core/ipv4/dhcp.c ****   }
 5625              		.loc 1 1967 32 is_stmt 0 view .LVU1890
 5626 1086 C6F13D02 		rsb	r2, r6, #61
 5627 108a 08EB0100 		add	r0, r8, r1
 5628 108e 0021     		movs	r1, #0
 5629              	.LVL403:
1967:./lwip-2.1.2/src/core/ipv4/dhcp.c ****   }
 5630              		.loc 1 1967 32 view .LVU1891
 5631 1090 92B2     		uxth	r2, r2
 5632 1092 FFF7FEFF 		bl	memset
 5633              	.LVL404:
1967:./lwip-2.1.2/src/core/ipv4/dhcp.c ****   }
 5634              		.loc 1 1967 32 view .LVU1892
 5635 1096 4421     		movs	r1, #68
 5636              	.L384:
1970:./lwip-2.1.2/src/core/ipv4/dhcp.c **** }
 5637              		.loc 1 1970 3 is_stmt 1 view .LVU1893
 5638 1098 F031     		adds	r1, r1, #240
 5639 109a 3846     		mov	r0, r7
 5640 109c 89B2     		uxth	r1, r1
 5641 109e FFF7FEFF 		bl	pbuf_realloc
 5642              	.LVL405:
1970:./lwip-2.1.2/src/core/ipv4/dhcp.c **** }
 5643              		.loc 1 1970 3 is_stmt 0 view .LVU1894
 5644              	.LBE741:
 5645              	.LBE747:
1361:./lwip-2.1.2/src/core/ipv4/dhcp.c ****       pbuf_free(p_out);
 5646              		.loc 1 1361 7 is_stmt 1 view .LVU1895
 5647 10a2 164A     		ldr	r2, .L410
 5648 10a4 0095     		str	r5, [sp]
 5649 10a6 4323     		movs	r3, #67
 5650 10a8 9068     		ldr	r0, [r2, #8]
 5651 10aa 3946     		mov	r1, r7
 5652 10ac 03AA     		add	r2, sp, #12
 5653 10ae FFF7FEFF 		bl	udp_sendto_if
 5654              	.LVL406:
1362:./lwip-2.1.2/src/core/ipv4/dhcp.c ****       LWIP_DEBUGF(DHCP_DEBUG | LWIP_DBG_TRACE | LWIP_DBG_STATE, ("dhcp_release: RELEASED, DHCP_STAT
 5655              		.loc 1 1362 7 view .LVU1896
 5656 10b2 3846     		mov	r0, r7
 5657 10b4 FFF7FEFF 		bl	pbuf_free
 5658              	.LVL407:
1363:./lwip-2.1.2/src/core/ipv4/dhcp.c ****     } else {
 5659              		.loc 1 1363 110 view .LVU1897
 5660              	.LBE721:
1366:./lwip-2.1.2/src/core/ipv4/dhcp.c ****     }
 5661              		.loc 1 1366 125 view .LVU1898
 5662              	.L381:
1366:./lwip-2.1.2/src/core/ipv4/dhcp.c ****     }
 5663              		.loc 1 1366 125 is_stmt 0 view .LVU1899
 5664              	.LBE720:
1371:./lwip-2.1.2/src/core/ipv4/dhcp.c **** 
 5665              		.loc 1 1371 3 is_stmt 1 view .LVU1900
 5666 10b8 114B     		ldr	r3, .L410+4
 5667 10ba 2846     		mov	r0, r5
 5668 10bc 1A46     		mov	r2, r3
 5669 10be 1946     		mov	r1, r3
 5670 10c0 FFF7FEFF 		bl	netif_set_addr
 5671              	.LVL408:
1380:./lwip-2.1.2/src/core/ipv4/dhcp.c **** 
 5672              		.loc 1 1380 3 view .LVU1901
 5673              	.LBB748:
 5674              	.LBI748:
1417:./lwip-2.1.2/src/core/ipv4/dhcp.c **** {
 5675              		.loc 1 1417 1 view .LVU1902
 5676              	.LBB749:
1419:./lwip-2.1.2/src/core/ipv4/dhcp.c ****     dhcp->state = new_state;
 5677              		.loc 1 1419 3 view .LVU1903
1419:./lwip-2.1.2/src/core/ipv4/dhcp.c ****     dhcp->state = new_state;
 5678              		.loc 1 1419 6 is_stmt 0 view .LVU1904
 5679 10c4 6379     		ldrb	r3, [r4, #5]	@ zero_extendqisi2
 5680 10c6 1BB1     		cbz	r3, .L385
1420:./lwip-2.1.2/src/core/ipv4/dhcp.c ****     dhcp->tries = 0;
 5681              		.loc 1 1420 5 is_stmt 1 view .LVU1905
1421:./lwip-2.1.2/src/core/ipv4/dhcp.c ****     dhcp->request_timeout = 0;
 5682              		.loc 1 1421 5 view .LVU1906
1420:./lwip-2.1.2/src/core/ipv4/dhcp.c ****     dhcp->tries = 0;
 5683              		.loc 1 1420 17 is_stmt 0 view .LVU1907
 5684 10c8 0023     		movs	r3, #0
 5685 10ca A4F80530 		strh	r3, [r4, #5]	@ unaligned
1422:./lwip-2.1.2/src/core/ipv4/dhcp.c ****   }
 5686              		.loc 1 1422 5 is_stmt 1 view .LVU1908
1422:./lwip-2.1.2/src/core/ipv4/dhcp.c ****   }
 5687              		.loc 1 1422 27 is_stmt 0 view .LVU1909
 5688 10ce 2381     		strh	r3, [r4, #8]	@ movhi
 5689              	.L385:
 5690              	.LVL409:
1422:./lwip-2.1.2/src/core/ipv4/dhcp.c ****   }
 5691              		.loc 1 1422 27 view .LVU1910
 5692              	.LBE749:
 5693              	.LBE748:
1382:./lwip-2.1.2/src/core/ipv4/dhcp.c ****     dhcp_dec_pcb_refcount(); /* free DHCP PCB if not needed any more */
 5694              		.loc 1 1382 3 is_stmt 1 view .LVU1911
1382:./lwip-2.1.2/src/core/ipv4/dhcp.c ****     dhcp_dec_pcb_refcount(); /* free DHCP PCB if not needed any more */
 5695              		.loc 1 1382 6 is_stmt 0 view .LVU1912
 5696 10d0 2379     		ldrb	r3, [r4, #4]	@ zero_extendqisi2
 5697 10d2 13B9     		cbnz	r3, .L408
 5698              	.LVL410:
 5699              	.L379:
1386:./lwip-2.1.2/src/core/ipv4/dhcp.c **** 
 5700              		.loc 1 1386 1 view .LVU1913
 5701 10d4 04B0     		add	sp, sp, #16
 5702              	.LCFI52:
 5703              		.cfi_remember_state
 5704              		.cfi_def_cfa_offset 32
 5705              		@ sp needed
 5706 10d6 BDE8F087 		pop	{r4, r5, r6, r7, r8, r9, r10, pc}
 5707              	.LVL411:
 5708              	.L408:
 5709              	.LCFI53:
 5710              		.cfi_restore_state
1383:./lwip-2.1.2/src/core/ipv4/dhcp.c ****     dhcp->pcb_allocated = 0;
 5711              		.loc 1 1383 5 is_stmt 1 view .LVU1914
 5712              	.LBB750:
 5713              	.LBI750:
 253:./lwip-2.1.2/src/core/ipv4/dhcp.c **** {
 5714              		.loc 1 253 1 view .LVU1915
 5715              	.LBB751:
 255:./lwip-2.1.2/src/core/ipv4/dhcp.c ****   dhcp_pcb_refcount--;
 5716              		.loc 1 255 78 view .LVU1916
 256:./lwip-2.1.2/src/core/ipv4/dhcp.c **** 
 5717              		.loc 1 256 3 view .LVU1917
 256:./lwip-2.1.2/src/core/ipv4/dhcp.c **** 
 5718              		.loc 1 256 20 is_stmt 0 view .LVU1918
 5719 10da 084E     		ldr	r6, .L410
 5720 10dc 3579     		ldrb	r5, [r6, #4]	@ zero_extendqisi2
 5721              	.LVL412:
 256:./lwip-2.1.2/src/core/ipv4/dhcp.c **** 
 5722              		.loc 1 256 20 view .LVU1919
 5723 10de 013D     		subs	r5, r5, #1
 5724 10e0 EDB2     		uxtb	r5, r5
 5725 10e2 3571     		strb	r5, [r6, #4]
 258:./lwip-2.1.2/src/core/ipv4/dhcp.c ****     udp_remove(dhcp_pcb);
 5726              		.loc 1 258 3 is_stmt 1 view .LVU1920
 258:./lwip-2.1.2/src/core/ipv4/dhcp.c ****     udp_remove(dhcp_pcb);
 5727              		.loc 1 258 6 is_stmt 0 view .LVU1921
 5728 10e4 25B1     		cbz	r5, .L409
 5729              	.L386:
 5730              	.LBE751:
 5731              	.LBE750:
1384:./lwip-2.1.2/src/core/ipv4/dhcp.c ****   }
 5732              		.loc 1 1384 5 is_stmt 1 view .LVU1922
1384:./lwip-2.1.2/src/core/ipv4/dhcp.c ****   }
 5733              		.loc 1 1384 25 is_stmt 0 view .LVU1923
 5734 10e6 0023     		movs	r3, #0
 5735 10e8 2371     		strb	r3, [r4, #4]
1386:./lwip-2.1.2/src/core/ipv4/dhcp.c **** 
 5736              		.loc 1 1386 1 view .LVU1924
 5737 10ea 04B0     		add	sp, sp, #16
 5738              	.LCFI54:
 5739              		.cfi_remember_state
 5740              		.cfi_def_cfa_offset 32
 5741              		@ sp needed
 5742 10ec BDE8F087 		pop	{r4, r5, r6, r7, r8, r9, r10, pc}
 5743              	.LVL413:
 5744              	.L409:
 5745              	.LCFI55:
 5746              		.cfi_restore_state
 5747              	.LBB755:
 5748              	.LBB754:
 5749              	.LBB752:
 5750              	.LBI752:
 253:./lwip-2.1.2/src/core/ipv4/dhcp.c **** {
 5751              		.loc 1 253 1 is_stmt 1 view .LVU1925
 5752              	.LBB753:
 259:./lwip-2.1.2/src/core/ipv4/dhcp.c ****     dhcp_pcb = NULL;
 5753              		.loc 1 259 5 view .LVU1926
 5754 10f0 B068     		ldr	r0, [r6, #8]
 5755 10f2 FFF7FEFF 		bl	udp_remove
 5756              	.LVL414:
 260:./lwip-2.1.2/src/core/ipv4/dhcp.c ****   }
 5757              		.loc 1 260 5 view .LVU1927
 260:./lwip-2.1.2/src/core/ipv4/dhcp.c ****   }
 5758              		.loc 1 260 14 is_stmt 0 view .LVU1928
 5759 10f6 B560     		str	r5, [r6, #8]
 262:./lwip-2.1.2/src/core/ipv4/dhcp.c **** 
 5760              		.loc 1 262 1 view .LVU1929
 5761 10f8 F5E7     		b	.L386
 5762              	.L411:
 5763 10fa 00BF     		.align	2
 5764              	.L410:
 5765 10fc 00000000 		.word	.LANCHOR0
 5766 1100 00000000 		.word	ip_addr_any
 5767              	.LBE753:
 5768              	.LBE752:
 5769              	.LBE754:
 5770              	.LBE755:
 5771              		.cfi_endproc
 5772              	.LFE50:
 5774              		.align	1
 5775              		.p2align 2,,3
 5776              		.global	dhcp_start
 5777              		.syntax unified
 5778              		.thumb
 5779              		.thumb_func
 5781              	dhcp_start:
 5782              	.LVL415:
 5783              	.LFB40:
 738:./lwip-2.1.2/src/core/ipv4/dhcp.c ****   struct dhcp *dhcp;
 5784              		.loc 1 738 1 is_stmt 1 view -0
 5785              		.cfi_startproc
 5786              		@ args = 0, pretend = 0, frame = 0
 5787              		@ frame_needed = 0, uses_anonymous_args = 0
 739:./lwip-2.1.2/src/core/ipv4/dhcp.c ****   err_t result;
 5788              		.loc 1 739 3 view .LVU1931
 740:./lwip-2.1.2/src/core/ipv4/dhcp.c **** 
 5789              		.loc 1 740 3 view .LVU1932
 742:./lwip-2.1.2/src/core/ipv4/dhcp.c ****   LWIP_ERROR("netif != NULL", (netif != NULL), return ERR_ARG;);
 5790              		.loc 1 742 28 view .LVU1933
 743:./lwip-2.1.2/src/core/ipv4/dhcp.c ****   LWIP_ERROR("netif is not up, old style port?", netif_is_up(netif), return ERR_ARG;);
 5791              		.loc 1 743 3 view .LVU1934
 743:./lwip-2.1.2/src/core/ipv4/dhcp.c ****   LWIP_ERROR("netif is not up, old style port?", netif_is_up(netif), return ERR_ARG;);
 5792              		.loc 1 743 3 view .LVU1935
 738:./lwip-2.1.2/src/core/ipv4/dhcp.c ****   struct dhcp *dhcp;
 5793              		.loc 1 738 1 is_stmt 0 view .LVU1936
 5794 1104 F8B5     		push	{r3, r4, r5, r6, r7, lr}
 5795              	.LCFI56:
 5796              		.cfi_def_cfa_offset 24
 5797              		.cfi_offset 3, -24
 5798              		.cfi_offset 4, -20
 5799              		.cfi_offset 5, -16
 5800              		.cfi_offset 6, -12
 5801              		.cfi_offset 7, -8
 5802              		.cfi_offset 14, -4
 743:./lwip-2.1.2/src/core/ipv4/dhcp.c ****   LWIP_ERROR("netif is not up, old style port?", netif_is_up(netif), return ERR_ARG;);
 5803              		.loc 1 743 3 view .LVU1937
 5804 1106 0028     		cmp	r0, #0
 5805 1108 43D0     		beq	.L425
 743:./lwip-2.1.2/src/core/ipv4/dhcp.c ****   LWIP_ERROR("netif is not up, old style port?", netif_is_up(netif), return ERR_ARG;);
 5806              		.loc 1 743 3 is_stmt 1 discriminator 2 view .LVU1938
 743:./lwip-2.1.2/src/core/ipv4/dhcp.c ****   LWIP_ERROR("netif is not up, old style port?", netif_is_up(netif), return ERR_ARG;);
 5807              		.loc 1 743 3 discriminator 2 view .LVU1939
 744:./lwip-2.1.2/src/core/ipv4/dhcp.c ****   dhcp = netif_dhcp_data(netif);
 5808              		.loc 1 744 3 view .LVU1940
 744:./lwip-2.1.2/src/core/ipv4/dhcp.c ****   dhcp = netif_dhcp_data(netif);
 5809              		.loc 1 744 3 view .LVU1941
 5810 110a 90F82D30 		ldrb	r3, [r0, #45]	@ zero_extendqisi2
 5811 110e 0446     		mov	r4, r0
 5812 1110 DA07     		lsls	r2, r3, #31
 5813 1112 3ED5     		bpl	.L425
 744:./lwip-2.1.2/src/core/ipv4/dhcp.c ****   dhcp = netif_dhcp_data(netif);
 5814              		.loc 1 744 3 discriminator 2 view .LVU1942
 744:./lwip-2.1.2/src/core/ipv4/dhcp.c ****   dhcp = netif_dhcp_data(netif);
 5815              		.loc 1 744 3 discriminator 2 view .LVU1943
 745:./lwip-2.1.2/src/core/ipv4/dhcp.c ****   LWIP_DEBUGF(DHCP_DEBUG | LWIP_DBG_TRACE | LWIP_DBG_STATE, ("dhcp_start(netif=%p) %c%c%"U16_F"\n",
 5816              		.loc 1 745 3 view .LVU1944
 749:./lwip-2.1.2/src/core/ipv4/dhcp.c ****     LWIP_DEBUGF(DHCP_DEBUG | LWIP_DBG_TRACE, ("dhcp_start(): Cannot use this netif with DHCP: MTU i
 5817              		.loc 1 749 6 is_stmt 0 view .LVU1945
 5818 1114 838C     		ldrh	r3, [r0, #36]
 745:./lwip-2.1.2/src/core/ipv4/dhcp.c ****   LWIP_DEBUGF(DHCP_DEBUG | LWIP_DBG_TRACE | LWIP_DBG_STATE, ("dhcp_start(netif=%p) %c%c%"U16_F"\n",
 5819              		.loc 1 745 8 view .LVU1946
 5820 1116 056A     		ldr	r5, [r0, #32]
 5821              	.LVL416:
 746:./lwip-2.1.2/src/core/ipv4/dhcp.c **** 
 5822              		.loc 1 746 167 is_stmt 1 view .LVU1947
 749:./lwip-2.1.2/src/core/ipv4/dhcp.c ****     LWIP_DEBUGF(DHCP_DEBUG | LWIP_DBG_TRACE, ("dhcp_start(): Cannot use this netif with DHCP: MTU i
 5823              		.loc 1 749 3 view .LVU1948
 749:./lwip-2.1.2/src/core/ipv4/dhcp.c ****     LWIP_DEBUGF(DHCP_DEBUG | LWIP_DBG_TRACE, ("dhcp_start(): Cannot use this netif with DHCP: MTU i
 5824              		.loc 1 749 6 is_stmt 0 view .LVU1949
 5825 1118 B3F5107F 		cmp	r3, #576
 5826 111c 22D3     		bcc	.L423
 755:./lwip-2.1.2/src/core/ipv4/dhcp.c ****     LWIP_DEBUGF(DHCP_DEBUG | LWIP_DBG_TRACE, ("dhcp_start(): mallocing new DHCP client\n"));
 5827              		.loc 1 755 3 is_stmt 1 view .LVU1950
 755:./lwip-2.1.2/src/core/ipv4/dhcp.c ****     LWIP_DEBUGF(DHCP_DEBUG | LWIP_DBG_TRACE, ("dhcp_start(): mallocing new DHCP client\n"));
 5828              		.loc 1 755 6 is_stmt 0 view .LVU1951
 5829 111e 85B3     		cbz	r5, .L436
 768:./lwip-2.1.2/src/core/ipv4/dhcp.c **** 
 5830              		.loc 1 768 113 is_stmt 1 view .LVU1952
 770:./lwip-2.1.2/src/core/ipv4/dhcp.c ****       dhcp_dec_pcb_refcount(); /* free DHCP PCB if not needed any more */
 5831              		.loc 1 770 5 view .LVU1953
 770:./lwip-2.1.2/src/core/ipv4/dhcp.c ****       dhcp_dec_pcb_refcount(); /* free DHCP PCB if not needed any more */
 5832              		.loc 1 770 8 is_stmt 0 view .LVU1954
 5833 1120 2B79     		ldrb	r3, [r5, #4]	@ zero_extendqisi2
 5834 1122 13BB     		cbnz	r3, .L437
 5835              	.LVL417:
 5836              	.L417:
 777:./lwip-2.1.2/src/core/ipv4/dhcp.c ****   /* dhcp_set_state(&dhcp, DHCP_STATE_OFF); */
 5837              		.loc 1 777 3 is_stmt 1 view .LVU1955
 5838 1124 3422     		movs	r2, #52
 5839 1126 0021     		movs	r1, #0
 5840 1128 2846     		mov	r0, r5
 5841 112a FFF7FEFF 		bl	memset
 5842              	.LVL418:
 780:./lwip-2.1.2/src/core/ipv4/dhcp.c **** 
 5843              		.loc 1 780 92 view .LVU1956
 782:./lwip-2.1.2/src/core/ipv4/dhcp.c ****     return ERR_MEM;
 5844              		.loc 1 782 3 view .LVU1957
 782:./lwip-2.1.2/src/core/ipv4/dhcp.c ****     return ERR_MEM;
 5845              		.loc 1 782 7 is_stmt 0 view .LVU1958
 5846 112e FFF799F8 		bl	dhcp_inc_pcb_refcount
 5847              	.LVL419:
 782:./lwip-2.1.2/src/core/ipv4/dhcp.c ****     return ERR_MEM;
 5848              		.loc 1 782 6 discriminator 1 view .LVU1959
 5849 1132 0646     		mov	r6, r0
 5850 1134 B0B9     		cbnz	r0, .L423
 785:./lwip-2.1.2/src/core/ipv4/dhcp.c **** 
 5851              		.loc 1 785 3 is_stmt 1 view .LVU1960
 785:./lwip-2.1.2/src/core/ipv4/dhcp.c **** 
 5852              		.loc 1 785 23 is_stmt 0 view .LVU1961
 5853 1136 0123     		movs	r3, #1
 5854 1138 2B71     		strb	r3, [r5, #4]
 787:./lwip-2.1.2/src/core/ipv4/dhcp.c ****     /* set state INIT and wait for dhcp_network_changed() to call dhcp_discover() */
 5855              		.loc 1 787 3 is_stmt 1 view .LVU1962
 787:./lwip-2.1.2/src/core/ipv4/dhcp.c ****     /* set state INIT and wait for dhcp_network_changed() to call dhcp_discover() */
 5856              		.loc 1 787 6 is_stmt 0 view .LVU1963
 5857 113a 94F82D30 		ldrb	r3, [r4, #45]	@ zero_extendqisi2
 5858 113e 5B07     		lsls	r3, r3, #29
 5859 1140 08D4     		bmi	.L419
 789:./lwip-2.1.2/src/core/ipv4/dhcp.c ****     return ERR_OK;
 5860              		.loc 1 789 5 is_stmt 1 view .LVU1964
 5861              	.LVL420:
 5862              	.LBB762:
 5863              	.LBI762:
1417:./lwip-2.1.2/src/core/ipv4/dhcp.c **** {
 5864              		.loc 1 1417 1 view .LVU1965
 5865              	.LBB763:
1419:./lwip-2.1.2/src/core/ipv4/dhcp.c ****     dhcp->state = new_state;
 5866              		.loc 1 1419 3 view .LVU1966
1419:./lwip-2.1.2/src/core/ipv4/dhcp.c ****     dhcp->state = new_state;
 5867              		.loc 1 1419 6 is_stmt 0 view .LVU1967
 5868 1142 6B79     		ldrb	r3, [r5, #5]	@ zero_extendqisi2
 5869 1144 022B     		cmp	r3, #2
 5870 1146 03D0     		beq	.L413
1420:./lwip-2.1.2/src/core/ipv4/dhcp.c ****     dhcp->tries = 0;
 5871              		.loc 1 1420 5 is_stmt 1 view .LVU1968
1421:./lwip-2.1.2/src/core/ipv4/dhcp.c ****     dhcp->request_timeout = 0;
 5872              		.loc 1 1421 5 view .LVU1969
1420:./lwip-2.1.2/src/core/ipv4/dhcp.c ****     dhcp->tries = 0;
 5873              		.loc 1 1420 17 is_stmt 0 view .LVU1970
 5874 1148 0223     		movs	r3, #2
1422:./lwip-2.1.2/src/core/ipv4/dhcp.c ****   }
 5875              		.loc 1 1422 27 view .LVU1971
 5876 114a 2881     		strh	r0, [r5, #8]	@ movhi
1420:./lwip-2.1.2/src/core/ipv4/dhcp.c ****     dhcp->tries = 0;
 5877              		.loc 1 1420 17 view .LVU1972
 5878 114c A5F80530 		strh	r3, [r5, #5]	@ unaligned
1422:./lwip-2.1.2/src/core/ipv4/dhcp.c ****   }
 5879              		.loc 1 1422 5 is_stmt 1 view .LVU1973
 5880              	.LVL421:
 5881              	.L413:
1422:./lwip-2.1.2/src/core/ipv4/dhcp.c ****   }
 5882              		.loc 1 1422 5 is_stmt 0 view .LVU1974
 5883              	.LBE763:
 5884              	.LBE762:
 801:./lwip-2.1.2/src/core/ipv4/dhcp.c **** 
 5885              		.loc 1 801 1 view .LVU1975
 5886 1150 3046     		mov	r0, r6
 5887 1152 F8BD     		pop	{r3, r4, r5, r6, r7, pc}
 5888              	.LVL422:
 5889              	.L419:
 794:./lwip-2.1.2/src/core/ipv4/dhcp.c ****   if (result != ERR_OK) {
 5890              		.loc 1 794 3 is_stmt 1 view .LVU1976
 794:./lwip-2.1.2/src/core/ipv4/dhcp.c ****   if (result != ERR_OK) {
 5891              		.loc 1 794 12 is_stmt 0 view .LVU1977
 5892 1154 2046     		mov	r0, r4
 5893 1156 FFF7ADF9 		bl	dhcp_discover
 5894              	.LVL423:
 795:./lwip-2.1.2/src/core/ipv4/dhcp.c ****     /* free resources allocated above */
 5895              		.loc 1 795 3 is_stmt 1 view .LVU1978
 795:./lwip-2.1.2/src/core/ipv4/dhcp.c ****     /* free resources allocated above */
 5896              		.loc 1 795 6 is_stmt 0 view .LVU1979
 5897 115a 0028     		cmp	r0, #0
 5898 115c F8D0     		beq	.L413
 797:./lwip-2.1.2/src/core/ipv4/dhcp.c ****     return ERR_MEM;
 5899              		.loc 1 797 5 is_stmt 1 view .LVU1980
 5900 115e 2046     		mov	r0, r4
 5901              	.LVL424:
 797:./lwip-2.1.2/src/core/ipv4/dhcp.c ****     return ERR_MEM;
 5902              		.loc 1 797 5 is_stmt 0 view .LVU1981
 5903 1160 FFF7FEFF 		bl	dhcp_release_and_stop
 5904              	.LVL425:
 798:./lwip-2.1.2/src/core/ipv4/dhcp.c ****   }
 5905              		.loc 1 798 5 is_stmt 1 view .LVU1982
 5906              	.L423:
 751:./lwip-2.1.2/src/core/ipv4/dhcp.c ****   }
 5907              		.loc 1 751 12 is_stmt 0 view .LVU1983
 5908 1164 4FF0FF36 		mov	r6, #-1
 5909 1168 F2E7     		b	.L413
 5910              	.LVL426:
 5911              	.L437:
 771:./lwip-2.1.2/src/core/ipv4/dhcp.c ****     }
 5912              		.loc 1 771 7 is_stmt 1 view .LVU1984
 5913              	.LBB764:
 5914              	.LBI764:
 253:./lwip-2.1.2/src/core/ipv4/dhcp.c **** {
 5915              		.loc 1 253 1 view .LVU1985
 5916              	.LBB765:
 255:./lwip-2.1.2/src/core/ipv4/dhcp.c ****   dhcp_pcb_refcount--;
 5917              		.loc 1 255 78 view .LVU1986
 256:./lwip-2.1.2/src/core/ipv4/dhcp.c **** 
 5918              		.loc 1 256 3 view .LVU1987
 256:./lwip-2.1.2/src/core/ipv4/dhcp.c **** 
 5919              		.loc 1 256 20 is_stmt 0 view .LVU1988
 5920 116a 0B4F     		ldr	r7, .L438
 5921 116c 3E79     		ldrb	r6, [r7, #4]	@ zero_extendqisi2
 5922 116e 013E     		subs	r6, r6, #1
 5923 1170 F6B2     		uxtb	r6, r6
 5924 1172 3E71     		strb	r6, [r7, #4]
 258:./lwip-2.1.2/src/core/ipv4/dhcp.c ****     udp_remove(dhcp_pcb);
 5925              		.loc 1 258 3 is_stmt 1 view .LVU1989
 258:./lwip-2.1.2/src/core/ipv4/dhcp.c ****     udp_remove(dhcp_pcb);
 5926              		.loc 1 258 6 is_stmt 0 view .LVU1990
 5927 1174 002E     		cmp	r6, #0
 5928 1176 D5D1     		bne	.L417
 5929              	.LBB766:
 5930              	.LBI766:
 253:./lwip-2.1.2/src/core/ipv4/dhcp.c **** {
 5931              		.loc 1 253 1 is_stmt 1 view .LVU1991
 5932              	.LBB767:
 259:./lwip-2.1.2/src/core/ipv4/dhcp.c ****     dhcp_pcb = NULL;
 5933              		.loc 1 259 5 view .LVU1992
 5934 1178 B868     		ldr	r0, [r7, #8]
 5935              	.LVL427:
 259:./lwip-2.1.2/src/core/ipv4/dhcp.c ****     dhcp_pcb = NULL;
 5936              		.loc 1 259 5 is_stmt 0 view .LVU1993
 5937 117a FFF7FEFF 		bl	udp_remove
 5938              	.LVL428:
 260:./lwip-2.1.2/src/core/ipv4/dhcp.c ****   }
 5939              		.loc 1 260 5 is_stmt 1 view .LVU1994
 260:./lwip-2.1.2/src/core/ipv4/dhcp.c ****   }
 5940              		.loc 1 260 14 is_stmt 0 view .LVU1995
 5941 117e BE60     		str	r6, [r7, #8]
 262:./lwip-2.1.2/src/core/ipv4/dhcp.c **** 
 5942              		.loc 1 262 1 view .LVU1996
 5943 1180 D0E7     		b	.L417
 5944              	.LVL429:
 5945              	.L436:
 262:./lwip-2.1.2/src/core/ipv4/dhcp.c **** 
 5946              		.loc 1 262 1 view .LVU1997
 5947              	.LBE767:
 5948              	.LBE766:
 5949              	.LBE765:
 5950              	.LBE764:
 756:./lwip-2.1.2/src/core/ipv4/dhcp.c ****     dhcp = (struct dhcp *)mem_malloc(sizeof(struct dhcp));
 5951              		.loc 1 756 92 is_stmt 1 view .LVU1998
 757:./lwip-2.1.2/src/core/ipv4/dhcp.c ****     if (dhcp == NULL) {
 5952              		.loc 1 757 5 view .LVU1999
 757:./lwip-2.1.2/src/core/ipv4/dhcp.c ****     if (dhcp == NULL) {
 5953              		.loc 1 757 27 is_stmt 0 view .LVU2000
 5954 1182 3420     		movs	r0, #52
 5955              	.LVL430:
 757:./lwip-2.1.2/src/core/ipv4/dhcp.c ****     if (dhcp == NULL) {
 5956              		.loc 1 757 27 view .LVU2001
 5957 1184 FFF7FEFF 		bl	mem_malloc
 5958              	.LVL431:
 758:./lwip-2.1.2/src/core/ipv4/dhcp.c ****       LWIP_DEBUGF(DHCP_DEBUG | LWIP_DBG_TRACE, ("dhcp_start(): could not allocate dhcp\n"));
 5959              		.loc 1 758 5 is_stmt 1 view .LVU2002
 758:./lwip-2.1.2/src/core/ipv4/dhcp.c ****       LWIP_DEBUGF(DHCP_DEBUG | LWIP_DBG_TRACE, ("dhcp_start(): could not allocate dhcp\n"));
 5960              		.loc 1 758 8 is_stmt 0 view .LVU2003
 5961 1188 0546     		mov	r5, r0
 5962 118a 0028     		cmp	r0, #0
 5963 118c EAD0     		beq	.L423
 764:./lwip-2.1.2/src/core/ipv4/dhcp.c ****     LWIP_DEBUGF(DHCP_DEBUG | LWIP_DBG_TRACE, ("dhcp_start(): allocated dhcp"));
 5964              		.loc 1 764 5 is_stmt 1 view .LVU2004
 5965 118e 2062     		str	r0, [r4, #32]
 765:./lwip-2.1.2/src/core/ipv4/dhcp.c ****     /* already has DHCP client attached */
 5966              		.loc 1 765 79 view .LVU2005
 5967 1190 C8E7     		b	.L417
 5968              	.LVL432:
 5969              	.L425:
 743:./lwip-2.1.2/src/core/ipv4/dhcp.c ****   LWIP_ERROR("netif is not up, old style port?", netif_is_up(netif), return ERR_ARG;);
 5970              		.loc 1 743 3 is_stmt 0 discriminator 1 view .LVU2006
 5971 1192 6FF00F06 		mvn	r6, #15
 5972 1196 DBE7     		b	.L413
 5973              	.L439:
 5974              		.align	2
 5975              	.L438:
 5976 1198 00000000 		.word	.LANCHOR0
 5977              		.cfi_endproc
 5978              	.LFE40:
 5980              		.align	1
 5981              		.p2align 2,,3
 5982              		.global	dhcp_coarse_tmr
 5983              		.syntax unified
 5984              		.thumb
 5985              		.thumb_func
 5987              	dhcp_coarse_tmr:
 5988              	.LFB32:
 431:./lwip-2.1.2/src/core/ipv4/dhcp.c ****   struct netif *netif;
 5989              		.loc 1 431 1 is_stmt 1 view -0
 5990              		.cfi_startproc
 5991              		@ args = 0, pretend = 0, frame = 24
 5992              		@ frame_needed = 0, uses_anonymous_args = 0
 432:./lwip-2.1.2/src/core/ipv4/dhcp.c ****   LWIP_DEBUGF(DHCP_DEBUG | LWIP_DBG_TRACE, ("dhcp_coarse_tmr()\n"));
 5993              		.loc 1 432 3 view .LVU2008
 433:./lwip-2.1.2/src/core/ipv4/dhcp.c ****   /* iterate through all network interfaces */
 5994              		.loc 1 433 68 view .LVU2009
 435:./lwip-2.1.2/src/core/ipv4/dhcp.c ****     /* only act on DHCP configured interfaces */
 5995              		.loc 1 435 3 view .LVU2010
 5996 119c 704B     		ldr	r3, .L483
 431:./lwip-2.1.2/src/core/ipv4/dhcp.c ****   struct netif *netif;
 5997              		.loc 1 431 1 is_stmt 0 view .LVU2011
 5998 119e 2DE9F04F 		push	{r4, r5, r6, r7, r8, r9, r10, fp, lr}
 5999              	.LCFI57:
 6000              		.cfi_def_cfa_offset 36
 6001              		.cfi_offset 4, -36
 6002              		.cfi_offset 5, -32
 6003              		.cfi_offset 6, -28
 6004              		.cfi_offset 7, -24
 6005              		.cfi_offset 8, -20
 6006              		.cfi_offset 9, -16
 6007              		.cfi_offset 10, -12
 6008              		.cfi_offset 11, -8
 6009              		.cfi_offset 14, -4
 435:./lwip-2.1.2/src/core/ipv4/dhcp.c ****     /* only act on DHCP configured interfaces */
 6010              		.loc 1 435 3 view .LVU2012
 6011 11a2 1D68     		ldr	r5, [r3]
 6012              	.LVL433:
 435:./lwip-2.1.2/src/core/ipv4/dhcp.c ****     /* only act on DHCP configured interfaces */
 6013              		.loc 1 435 3 is_stmt 1 discriminator 1 view .LVU2013
 431:./lwip-2.1.2/src/core/ipv4/dhcp.c ****   struct netif *netif;
 6014              		.loc 1 431 1 is_stmt 0 view .LVU2014
 6015 11a4 89B0     		sub	sp, sp, #36
 6016              	.LCFI58:
 6017              		.cfi_def_cfa_offset 72
 435:./lwip-2.1.2/src/core/ipv4/dhcp.c ****     /* only act on DHCP configured interfaces */
 6018              		.loc 1 435 3 discriminator 1 view .LVU2015
 6019 11a6 DDB1     		cbz	r5, .L440
 6020              	.L441:
 6021              	.LBB799:
 437:./lwip-2.1.2/src/core/ipv4/dhcp.c ****     if ((dhcp != NULL) && (dhcp->state != DHCP_STATE_OFF)) {
 6022              		.loc 1 437 5 is_stmt 1 view .LVU2016
 437:./lwip-2.1.2/src/core/ipv4/dhcp.c ****     if ((dhcp != NULL) && (dhcp->state != DHCP_STATE_OFF)) {
 6023              		.loc 1 437 18 is_stmt 0 view .LVU2017
 6024 11a8 2C6A     		ldr	r4, [r5, #32]
 6025              	.LVL434:
 438:./lwip-2.1.2/src/core/ipv4/dhcp.c ****       /* compare lease time to expire timeout */
 6026              		.loc 1 438 5 is_stmt 1 view .LVU2018
 438:./lwip-2.1.2/src/core/ipv4/dhcp.c ****       /* compare lease time to expire timeout */
 6027              		.loc 1 438 8 is_stmt 0 view .LVU2019
 6028 11aa B4B1     		cbz	r4, .L443
 438:./lwip-2.1.2/src/core/ipv4/dhcp.c ****       /* compare lease time to expire timeout */
 6029              		.loc 1 438 32 discriminator 1 view .LVU2020
 6030 11ac 6379     		ldrb	r3, [r4, #5]	@ zero_extendqisi2
 438:./lwip-2.1.2/src/core/ipv4/dhcp.c ****       /* compare lease time to expire timeout */
 6031              		.loc 1 438 24 discriminator 1 view .LVU2021
 6032 11ae A3B1     		cbz	r3, .L443
 440:./lwip-2.1.2/src/core/ipv4/dhcp.c ****         LWIP_DEBUGF(DHCP_DEBUG | LWIP_DBG_TRACE | LWIP_DBG_STATE, ("dhcp_coarse_tmr(): t0 timeout\n
 6033              		.loc 1 440 7 is_stmt 1 view .LVU2022
 440:./lwip-2.1.2/src/core/ipv4/dhcp.c ****         LWIP_DEBUGF(DHCP_DEBUG | LWIP_DBG_TRACE | LWIP_DBG_STATE, ("dhcp_coarse_tmr(): t0 timeout\n
 6034              		.loc 1 440 15 is_stmt 0 view .LVU2023
 6035 11b0 A18A     		ldrh	r1, [r4, #20]
 440:./lwip-2.1.2/src/core/ipv4/dhcp.c ****         LWIP_DEBUGF(DHCP_DEBUG | LWIP_DBG_TRACE | LWIP_DBG_STATE, ("dhcp_coarse_tmr(): t0 timeout\n
 6036              		.loc 1 440 10 view .LVU2024
 6037 11b2 29B1     		cbz	r1, .L445
 440:./lwip-2.1.2/src/core/ipv4/dhcp.c ****         LWIP_DEBUGF(DHCP_DEBUG | LWIP_DBG_TRACE | LWIP_DBG_STATE, ("dhcp_coarse_tmr(): t0 timeout\n
 6038              		.loc 1 440 32 discriminator 1 view .LVU2025
 6039 11b4 628A     		ldrh	r2, [r4, #18]
 6040 11b6 0132     		adds	r2, r2, #1
 6041 11b8 92B2     		uxth	r2, r2
 440:./lwip-2.1.2/src/core/ipv4/dhcp.c ****         LWIP_DEBUGF(DHCP_DEBUG | LWIP_DBG_TRACE | LWIP_DBG_STATE, ("dhcp_coarse_tmr(): t0 timeout\n
 6042              		.loc 1 440 28 discriminator 1 view .LVU2026
 6043 11ba 9142     		cmp	r1, r2
 6044 11bc 6282     		strh	r2, [r4, #18]	@ movhi
 6045 11be 12D0     		beq	.L480
 6046              	.L445:
 446:./lwip-2.1.2/src/core/ipv4/dhcp.c ****         LWIP_DEBUGF(DHCP_DEBUG | LWIP_DBG_TRACE | LWIP_DBG_STATE, ("dhcp_coarse_tmr(): t2 timeout\n
 6047              		.loc 1 446 14 is_stmt 1 view .LVU2027
 446:./lwip-2.1.2/src/core/ipv4/dhcp.c ****         LWIP_DEBUGF(DHCP_DEBUG | LWIP_DBG_TRACE | LWIP_DBG_STATE, ("dhcp_coarse_tmr(): t2 timeout\n
 6048              		.loc 1 446 22 is_stmt 0 view .LVU2028
 6049 11c0 228A     		ldrh	r2, [r4, #16]
 446:./lwip-2.1.2/src/core/ipv4/dhcp.c ****         LWIP_DEBUGF(DHCP_DEBUG | LWIP_DBG_TRACE | LWIP_DBG_STATE, ("dhcp_coarse_tmr(): t2 timeout\n
 6050              		.loc 1 446 17 view .LVU2029
 6051 11c2 1AB1     		cbz	r2, .L446
 446:./lwip-2.1.2/src/core/ipv4/dhcp.c ****         LWIP_DEBUGF(DHCP_DEBUG | LWIP_DBG_TRACE | LWIP_DBG_STATE, ("dhcp_coarse_tmr(): t2 timeout\n
 6052              		.loc 1 446 63 discriminator 1 view .LVU2030
 6053 11c4 511E     		subs	r1, r2, #1
 446:./lwip-2.1.2/src/core/ipv4/dhcp.c ****         LWIP_DEBUGF(DHCP_DEBUG | LWIP_DBG_TRACE | LWIP_DBG_STATE, ("dhcp_coarse_tmr(): t2 timeout\n
 6054              		.loc 1 446 39 discriminator 1 view .LVU2031
 6055 11c6 012A     		cmp	r2, #1
 446:./lwip-2.1.2/src/core/ipv4/dhcp.c ****         LWIP_DEBUGF(DHCP_DEBUG | LWIP_DBG_TRACE | LWIP_DBG_STATE, ("dhcp_coarse_tmr(): t2 timeout\n
 6056              		.loc 1 446 63 discriminator 1 view .LVU2032
 6057 11c8 2182     		strh	r1, [r4, #16]	@ movhi
 446:./lwip-2.1.2/src/core/ipv4/dhcp.c ****         LWIP_DEBUGF(DHCP_DEBUG | LWIP_DBG_TRACE | LWIP_DBG_STATE, ("dhcp_coarse_tmr(): t2 timeout\n
 6058              		.loc 1 446 39 discriminator 1 view .LVU2033
 6059 11ca 13D0     		beq	.L481
 6060              	.L446:
 451:./lwip-2.1.2/src/core/ipv4/dhcp.c ****         LWIP_DEBUGF(DHCP_DEBUG | LWIP_DBG_TRACE | LWIP_DBG_STATE, ("dhcp_coarse_tmr(): t1 timeout\n
 6061              		.loc 1 451 14 is_stmt 1 view .LVU2034
 451:./lwip-2.1.2/src/core/ipv4/dhcp.c ****         LWIP_DEBUGF(DHCP_DEBUG | LWIP_DBG_TRACE | LWIP_DBG_STATE, ("dhcp_coarse_tmr(): t1 timeout\n
 6062              		.loc 1 451 22 is_stmt 0 view .LVU2035
 6063 11cc E289     		ldrh	r2, [r4, #14]
 451:./lwip-2.1.2/src/core/ipv4/dhcp.c ****         LWIP_DEBUGF(DHCP_DEBUG | LWIP_DBG_TRACE | LWIP_DBG_STATE, ("dhcp_coarse_tmr(): t1 timeout\n
 6064              		.loc 1 451 17 view .LVU2036
 6065 11ce 22B1     		cbz	r2, .L443
 451:./lwip-2.1.2/src/core/ipv4/dhcp.c ****         LWIP_DEBUGF(DHCP_DEBUG | LWIP_DBG_TRACE | LWIP_DBG_STATE, ("dhcp_coarse_tmr(): t1 timeout\n
 6066              		.loc 1 451 61 discriminator 1 view .LVU2037
 6067 11d0 511E     		subs	r1, r2, #1
 451:./lwip-2.1.2/src/core/ipv4/dhcp.c ****         LWIP_DEBUGF(DHCP_DEBUG | LWIP_DBG_TRACE | LWIP_DBG_STATE, ("dhcp_coarse_tmr(): t1 timeout\n
 6068              		.loc 1 451 38 discriminator 1 view .LVU2038
 6069 11d2 012A     		cmp	r2, #1
 451:./lwip-2.1.2/src/core/ipv4/dhcp.c ****         LWIP_DEBUGF(DHCP_DEBUG | LWIP_DBG_TRACE | LWIP_DBG_STATE, ("dhcp_coarse_tmr(): t1 timeout\n
 6070              		.loc 1 451 61 discriminator 1 view .LVU2039
 6071 11d4 E181     		strh	r1, [r4, #14]	@ movhi
 451:./lwip-2.1.2/src/core/ipv4/dhcp.c ****         LWIP_DEBUGF(DHCP_DEBUG | LWIP_DBG_TRACE | LWIP_DBG_STATE, ("dhcp_coarse_tmr(): t1 timeout\n
 6072              		.loc 1 451 38 discriminator 1 view .LVU2040
 6073 11d6 00F0A980 		beq	.L482
 6074              	.L443:
 451:./lwip-2.1.2/src/core/ipv4/dhcp.c ****         LWIP_DEBUGF(DHCP_DEBUG | LWIP_DBG_TRACE | LWIP_DBG_STATE, ("dhcp_coarse_tmr(): t1 timeout\n
 6075              		.loc 1 451 38 discriminator 1 view .LVU2041
 6076              	.LBE799:
 435:./lwip-2.1.2/src/core/ipv4/dhcp.c ****     /* only act on DHCP configured interfaces */
 6077              		.loc 1 435 3 is_stmt 1 discriminator 2 view .LVU2042
 6078 11da 2D68     		ldr	r5, [r5]
 6079              	.LVL435:
 435:./lwip-2.1.2/src/core/ipv4/dhcp.c ****     /* only act on DHCP configured interfaces */
 6080              		.loc 1 435 3 discriminator 1 view .LVU2043
 6081 11dc 002D     		cmp	r5, #0
 6082 11de E3D1     		bne	.L441
 6083              	.LVL436:
 6084              	.L440:
 458:./lwip-2.1.2/src/core/ipv4/dhcp.c **** 
 6085              		.loc 1 458 1 is_stmt 0 view .LVU2044
 6086 11e0 09B0     		add	sp, sp, #36
 6087              	.LCFI59:
 6088              		.cfi_remember_state
 6089              		.cfi_def_cfa_offset 36
 6090              		@ sp needed
 6091 11e2 BDE8F08F 		pop	{r4, r5, r6, r7, r8, r9, r10, fp, pc}
 6092              	.LVL437:
 6093              	.L480:
 6094              	.LCFI60:
 6095              		.cfi_restore_state
 6096              	.LBB894:
 441:./lwip-2.1.2/src/core/ipv4/dhcp.c ****         /* this clients' lease time has expired */
 6097              		.loc 1 441 103 is_stmt 1 view .LVU2045
 443:./lwip-2.1.2/src/core/ipv4/dhcp.c ****         dhcp_start(netif);
 6098              		.loc 1 443 9 view .LVU2046
 6099 11e6 2846     		mov	r0, r5
 6100 11e8 FFF7FEFF 		bl	dhcp_release_and_stop
 6101              	.LVL438:
 444:./lwip-2.1.2/src/core/ipv4/dhcp.c ****         /* timer is active (non zero), and triggers (zeroes) now? */
 6102              		.loc 1 444 9 view .LVU2047
 6103 11ec 2846     		mov	r0, r5
 6104 11ee FFF7FEFF 		bl	dhcp_start
 6105              	.LVL439:
 6106 11f2 F2E7     		b	.L443
 6107              	.L481:
 447:./lwip-2.1.2/src/core/ipv4/dhcp.c ****         /* this clients' rebind timeout triggered */
 6108              		.loc 1 447 103 view .LVU2048
 449:./lwip-2.1.2/src/core/ipv4/dhcp.c ****         /* timer is active (non zero), and triggers (zeroes) now */
 6109              		.loc 1 449 9 view .LVU2049
 6110              	.LVL440:
 6111              	.LBB800:
 6112              	.LBI800:
 573:./lwip-2.1.2/src/core/ipv4/dhcp.c **** {
 6113              		.loc 1 573 1 view .LVU2050
 6114              	.LBB801:
 575:./lwip-2.1.2/src/core/ipv4/dhcp.c **** 
 6115              		.loc 1 575 3 view .LVU2051
 577:./lwip-2.1.2/src/core/ipv4/dhcp.c ****   if ((dhcp->state == DHCP_STATE_REQUESTING) || (dhcp->state == DHCP_STATE_BOUND) ||
 6116              		.loc 1 577 85 view .LVU2052
 578:./lwip-2.1.2/src/core/ipv4/dhcp.c ****       (dhcp->state == DHCP_STATE_RENEWING) || (dhcp->state == DHCP_STATE_REBINDING)) {
 6117              		.loc 1 578 3 view .LVU2053
 6118 11f4 5A1E     		subs	r2, r3, #1
 6119 11f6 D2B2     		uxtb	r2, r2
 6120 11f8 092A     		cmp	r2, #9
 6121 11fa EED8     		bhi	.L443
 6122 11fc 40F21921 		movw	r1, #537
 6123 1200 21FA02F2 		lsr	r2, r1, r2
 6124 1204 D207     		lsls	r2, r2, #31
 6125 1206 E8D5     		bpl	.L443
 582:./lwip-2.1.2/src/core/ipv4/dhcp.c ****     /* This slightly different to RFC2131: DHCPREQUEST will be sent from state
 6126              		.loc 1 582 54 view .LVU2054
 585:./lwip-2.1.2/src/core/ipv4/dhcp.c ****     /* Calculate next timeout */
 6127              		.loc 1 585 5 view .LVU2055
 6128              	.LVL441:
 6129              	.LBB802:
 6130              	.LBI802:
1206:./lwip-2.1.2/src/core/ipv4/dhcp.c **** {
 6131              		.loc 1 1206 1 view .LVU2056
 6132              	.LBB803:
1208:./lwip-2.1.2/src/core/ipv4/dhcp.c ****   err_t result;
 6133              		.loc 1 1208 3 view .LVU2057
1209:./lwip-2.1.2/src/core/ipv4/dhcp.c ****   u16_t msecs;
 6134              		.loc 1 1209 3 view .LVU2058
1210:./lwip-2.1.2/src/core/ipv4/dhcp.c ****   u8_t i;
 6135              		.loc 1 1210 3 view .LVU2059
1211:./lwip-2.1.2/src/core/ipv4/dhcp.c ****   struct pbuf *p_out;
 6136              		.loc 1 1211 3 view .LVU2060
1212:./lwip-2.1.2/src/core/ipv4/dhcp.c ****   u16_t options_out_len;
 6137              		.loc 1 1212 3 view .LVU2061
1213:./lwip-2.1.2/src/core/ipv4/dhcp.c **** 
 6138              		.loc 1 1213 3 view .LVU2062
1215:./lwip-2.1.2/src/core/ipv4/dhcp.c ****   dhcp_set_state(dhcp, DHCP_STATE_REBINDING);
 6139              		.loc 1 1215 81 view .LVU2063
1216:./lwip-2.1.2/src/core/ipv4/dhcp.c **** 
 6140              		.loc 1 1216 3 view .LVU2064
 6141              	.LBB804:
 6142              	.LBI804:
1417:./lwip-2.1.2/src/core/ipv4/dhcp.c **** {
 6143              		.loc 1 1417 1 view .LVU2065
 6144              	.LBB805:
1419:./lwip-2.1.2/src/core/ipv4/dhcp.c ****     dhcp->state = new_state;
 6145              		.loc 1 1419 3 view .LVU2066
1419:./lwip-2.1.2/src/core/ipv4/dhcp.c ****     dhcp->state = new_state;
 6146              		.loc 1 1419 6 is_stmt 0 view .LVU2067
 6147 1208 042B     		cmp	r3, #4
 6148 120a 04D0     		beq	.L449
1420:./lwip-2.1.2/src/core/ipv4/dhcp.c ****     dhcp->tries = 0;
 6149              		.loc 1 1420 5 is_stmt 1 view .LVU2068
1421:./lwip-2.1.2/src/core/ipv4/dhcp.c ****     dhcp->request_timeout = 0;
 6150              		.loc 1 1421 5 view .LVU2069
1420:./lwip-2.1.2/src/core/ipv4/dhcp.c ****     dhcp->tries = 0;
 6151              		.loc 1 1420 17 is_stmt 0 view .LVU2070
 6152 120c 0422     		movs	r2, #4
1422:./lwip-2.1.2/src/core/ipv4/dhcp.c ****   }
 6153              		.loc 1 1422 27 view .LVU2071
 6154 120e 0023     		movs	r3, #0
1420:./lwip-2.1.2/src/core/ipv4/dhcp.c ****     dhcp->tries = 0;
 6155              		.loc 1 1420 17 view .LVU2072
 6156 1210 A4F80520 		strh	r2, [r4, #5]	@ unaligned
1422:./lwip-2.1.2/src/core/ipv4/dhcp.c ****   }
 6157              		.loc 1 1422 5 is_stmt 1 view .LVU2073
1422:./lwip-2.1.2/src/core/ipv4/dhcp.c ****   }
 6158              		.loc 1 1422 27 is_stmt 0 view .LVU2074
 6159 1214 2381     		strh	r3, [r4, #8]	@ movhi
 6160              	.L449:
 6161              	.LVL442:
1422:./lwip-2.1.2/src/core/ipv4/dhcp.c ****   }
 6162              		.loc 1 1422 27 view .LVU2075
 6163              	.LBE805:
 6164              	.LBE804:
1219:./lwip-2.1.2/src/core/ipv4/dhcp.c ****   if (p_out != NULL) {
 6165              		.loc 1 1219 3 is_stmt 1 view .LVU2076
1219:./lwip-2.1.2/src/core/ipv4/dhcp.c ****   if (p_out != NULL) {
 6166              		.loc 1 1219 11 is_stmt 0 view .LVU2077
 6167 1216 0DF11E03 		add	r3, sp, #30
 6168 121a 0322     		movs	r2, #3
 6169 121c 2146     		mov	r1, r4
 6170 121e 2846     		mov	r0, r5
 6171 1220 FEF7EEFE 		bl	dhcp_create_msg
 6172              	.LVL443:
1220:./lwip-2.1.2/src/core/ipv4/dhcp.c ****     struct dhcp_msg *msg_out = (struct dhcp_msg *)p_out->payload;
 6173              		.loc 1 1220 3 is_stmt 1 view .LVU2078
1220:./lwip-2.1.2/src/core/ipv4/dhcp.c ****     struct dhcp_msg *msg_out = (struct dhcp_msg *)p_out->payload;
 6174              		.loc 1 1220 6 is_stmt 0 view .LVU2079
 6175 1224 0646     		mov	r6, r0
 6176 1226 0028     		cmp	r0, #0
 6177 1228 62D0     		beq	.L450
 6178              	.LBB806:
1221:./lwip-2.1.2/src/core/ipv4/dhcp.c ****     options_out_len = dhcp_option(options_out_len, msg_out->options, DHCP_OPTION_MAX_MSG_SIZE, DHCP
 6179              		.loc 1 1221 5 is_stmt 1 view .LVU2080
 6180              	.LVL444:
1222:./lwip-2.1.2/src/core/ipv4/dhcp.c ****     options_out_len = dhcp_option_short(options_out_len, msg_out->options, DHCP_MAX_MSG_LEN(netif))
 6181              		.loc 1 1222 5 view .LVU2081
1222:./lwip-2.1.2/src/core/ipv4/dhcp.c ****     options_out_len = dhcp_option_short(options_out_len, msg_out->options, DHCP_MAX_MSG_LEN(netif))
 6182              		.loc 1 1222 59 is_stmt 0 view .LVU2082
 6183 122a 4268     		ldr	r2, [r0, #4]
 6184              	.LBB807:
 6185              	.LBB808:
1435:./lwip-2.1.2/src/core/ipv4/dhcp.c ****   options[options_out_len++] = option_len;
 6186              		.loc 1 1435 30 view .LVU2083
 6187 122c 3920     		movs	r0, #57
 6188              	.LVL445:
1435:./lwip-2.1.2/src/core/ipv4/dhcp.c ****   options[options_out_len++] = option_len;
 6189              		.loc 1 1435 30 view .LVU2084
 6190              	.LBE808:
 6191              	.LBE807:
1222:./lwip-2.1.2/src/core/ipv4/dhcp.c ****     options_out_len = dhcp_option_short(options_out_len, msg_out->options, DHCP_MAX_MSG_LEN(netif))
 6192              		.loc 1 1222 23 view .LVU2085
 6193 122e BDF81E30 		ldrh	r3, [sp, #30]
1222:./lwip-2.1.2/src/core/ipv4/dhcp.c ****     options_out_len = dhcp_option_short(options_out_len, msg_out->options, DHCP_MAX_MSG_LEN(netif))
 6194              		.loc 1 1222 59 view .LVU2086
 6195 1232 F032     		adds	r2, r2, #240
 6196              	.LVL446:
 6197              	.LBB813:
 6198              	.LBI807:
1432:./lwip-2.1.2/src/core/ipv4/dhcp.c **** {
 6199              		.loc 1 1432 1 is_stmt 1 view .LVU2087
 6200              	.LBB809:
1434:./lwip-2.1.2/src/core/ipv4/dhcp.c ****   options[options_out_len++] = option_type;
 6201              		.loc 1 1434 138 view .LVU2088
1435:./lwip-2.1.2/src/core/ipv4/dhcp.c ****   options[options_out_len++] = option_len;
 6202              		.loc 1 1435 3 view .LVU2089
1435:./lwip-2.1.2/src/core/ipv4/dhcp.c ****   options[options_out_len++] = option_len;
 6203              		.loc 1 1435 26 is_stmt 0 view .LVU2090
 6204 1234 591C     		adds	r1, r3, #1
 6205              	.LBE809:
 6206              	.LBE813:
 6207              	.LBB814:
 6208              	.LBB815:
1455:./lwip-2.1.2/src/core/ipv4/dhcp.c ****   options[options_out_len++] = (u8_t) (value & 0x00ffU);
 6209              		.loc 1 1455 26 view .LVU2091
 6210 1236 03F1030E 		add	lr, r3, #3
 6211              	.LBE815:
 6212              	.LBE814:
 6213              	.LBB822:
 6214              	.LBB810:
1435:./lwip-2.1.2/src/core/ipv4/dhcp.c ****   options[options_out_len++] = option_len;
 6215              		.loc 1 1435 30 view .LVU2092
 6216 123a D054     		strb	r0, [r2, r3]
 6217              	.LVL447:
1436:./lwip-2.1.2/src/core/ipv4/dhcp.c ****   return options_out_len;
 6218              		.loc 1 1436 3 is_stmt 1 view .LVU2093
1436:./lwip-2.1.2/src/core/ipv4/dhcp.c ****   return options_out_len;
 6219              		.loc 1 1436 30 is_stmt 0 view .LVU2094
 6220 123c 0220     		movs	r0, #2
1436:./lwip-2.1.2/src/core/ipv4/dhcp.c ****   return options_out_len;
 6221              		.loc 1 1436 26 view .LVU2095
 6222 123e 89B2     		uxth	r1, r1
 6223              	.LBE810:
 6224              	.LBE822:
 6225              	.LBB823:
 6226              	.LBB816:
1456:./lwip-2.1.2/src/core/ipv4/dhcp.c ****   return options_out_len;
 6227              		.loc 1 1456 26 view .LVU2096
 6228 1240 03F1040C 		add	ip, r3, #4
 6229              	.LBE816:
 6230              	.LBE823:
 6231              	.LBB824:
 6232              	.LBB811:
1436:./lwip-2.1.2/src/core/ipv4/dhcp.c ****   return options_out_len;
 6233              		.loc 1 1436 26 view .LVU2097
 6234 1244 03EB0008 		add	r8, r3, r0
 6235              	.LBE811:
 6236              	.LBE824:
 6237              	.LBB825:
 6238              	.LBB817:
1456:./lwip-2.1.2/src/core/ipv4/dhcp.c ****   return options_out_len;
 6239              		.loc 1 1456 26 view .LVU2098
 6240 1248 1FFA8EFE 		uxth	lr, lr
 6241              	.LBE817:
 6242              	.LBE825:
 6243              	.LBB826:
 6244              	.LBB812:
1436:./lwip-2.1.2/src/core/ipv4/dhcp.c ****   return options_out_len;
 6245              		.loc 1 1436 30 view .LVU2099
 6246 124c 5054     		strb	r0, [r2, r1]
1437:./lwip-2.1.2/src/core/ipv4/dhcp.c **** }
 6247              		.loc 1 1437 3 is_stmt 1 view .LVU2100
 6248              	.LVL448:
1437:./lwip-2.1.2/src/core/ipv4/dhcp.c **** }
 6249              		.loc 1 1437 3 is_stmt 0 view .LVU2101
 6250              	.LBE812:
 6251              	.LBE826:
1223:./lwip-2.1.2/src/core/ipv4/dhcp.c **** 
 6252              		.loc 1 1223 5 is_stmt 1 view .LVU2102
 6253              	.LBB827:
 6254              	.LBB828:
1436:./lwip-2.1.2/src/core/ipv4/dhcp.c ****   return options_out_len;
 6255              		.loc 1 1436 26 is_stmt 0 view .LVU2103
 6256 124e 991D     		adds	r1, r3, #6
 6257              	.LBE828:
 6258              	.LBE827:
1223:./lwip-2.1.2/src/core/ipv4/dhcp.c **** 
 6259              		.loc 1 1223 23 view .LVU2104
 6260 1250 B5F824A0 		ldrh	r10, [r5, #36]
 6261              	.LVL449:
 6262              	.LBB837:
 6263              	.LBI814:
1452:./lwip-2.1.2/src/core/ipv4/dhcp.c **** {
 6264              		.loc 1 1452 1 is_stmt 1 view .LVU2105
 6265              	.LBB818:
1454:./lwip-2.1.2/src/core/ipv4/dhcp.c ****   options[options_out_len++] = (u8_t)((value & 0xff00U) >> 8);
 6266              		.loc 1 1454 118 view .LVU2106
1455:./lwip-2.1.2/src/core/ipv4/dhcp.c ****   options[options_out_len++] = (u8_t) (value & 0x00ffU);
 6267              		.loc 1 1455 3 view .LVU2107
1455:./lwip-2.1.2/src/core/ipv4/dhcp.c ****   options[options_out_len++] = (u8_t) (value & 0x00ffU);
 6268              		.loc 1 1455 26 is_stmt 0 view .LVU2108
 6269 1254 1FFA88F8 		uxth	r8, r8
 6270              	.LBE818:
 6271              	.LBE837:
 6272              	.LBB838:
 6273              	.LBB839:
1447:./lwip-2.1.2/src/core/ipv4/dhcp.c ****   return options_out_len;
 6274              		.loc 1 1447 26 view .LVU2109
 6275 1258 89B2     		uxth	r1, r1
 6276              	.LBE839:
 6277              	.LBE838:
 6278              	.LBB850:
 6279              	.LBB829:
1435:./lwip-2.1.2/src/core/ipv4/dhcp.c ****   options[options_out_len++] = option_len;
 6280              		.loc 1 1435 26 view .LVU2110
 6281 125a 5F1D     		adds	r7, r3, #5
 6282              	.LBE829:
 6283              	.LBE850:
 6284              	.LBB851:
 6285              	.LBB840:
1447:./lwip-2.1.2/src/core/ipv4/dhcp.c ****   return options_out_len;
 6286              		.loc 1 1447 26 view .LVU2111
 6287 125c 03F10900 		add	r0, r3, #9
 6288              	.LBE840:
 6289              	.LBE851:
 6290              	.LBB852:
 6291              	.LBB819:
1455:./lwip-2.1.2/src/core/ipv4/dhcp.c ****   options[options_out_len++] = (u8_t) (value & 0x00ffU);
 6292              		.loc 1 1455 57 view .LVU2112
 6293 1260 4FEA1A2B 		lsr	fp, r10, #8
 6294              	.LBE819:
 6295              	.LBE852:
 6296              	.LBB853:
 6297              	.LBB841:
1447:./lwip-2.1.2/src/core/ipv4/dhcp.c ****   return options_out_len;
 6298              		.loc 1 1447 26 view .LVU2113
 6299 1264 0291     		str	r1, [sp, #8]
 6300 1266 D91D     		adds	r1, r3, #7
 6301              	.LBE841:
 6302              	.LBE853:
 6303              	.LBB854:
 6304              	.LBB820:
1455:./lwip-2.1.2/src/core/ipv4/dhcp.c ****   options[options_out_len++] = (u8_t) (value & 0x00ffU);
 6305              		.loc 1 1455 32 view .LVU2114
 6306 1268 02F808B0 		strb	fp, [r2, r8]
1456:./lwip-2.1.2/src/core/ipv4/dhcp.c ****   return options_out_len;
 6307              		.loc 1 1456 3 is_stmt 1 view .LVU2115
 6308              	.LVL450:
1456:./lwip-2.1.2/src/core/ipv4/dhcp.c ****   return options_out_len;
 6309              		.loc 1 1456 3 is_stmt 0 view .LVU2116
 6310              	.LBE820:
 6311              	.LBE854:
 6312              	.LBB855:
 6313              	.LBB830:
1436:./lwip-2.1.2/src/core/ipv4/dhcp.c ****   return options_out_len;
 6314              		.loc 1 1436 26 view .LVU2117
 6315 126c BFB2     		uxth	r7, r7
 6316              	.LBE830:
 6317              	.LBE855:
 6318              	.LBB856:
 6319              	.LBB842:
1447:./lwip-2.1.2/src/core/ipv4/dhcp.c ****   return options_out_len;
 6320              		.loc 1 1447 26 view .LVU2118
 6321 126e 89B2     		uxth	r1, r1
 6322              	.LBE842:
 6323              	.LBE856:
 6324              	.LBB857:
 6325              	.LBB821:
1456:./lwip-2.1.2/src/core/ipv4/dhcp.c ****   return options_out_len;
 6326              		.loc 1 1456 32 view .LVU2119
 6327 1270 02F80EA0 		strb	r10, [r2, lr]
1457:./lwip-2.1.2/src/core/ipv4/dhcp.c **** }
 6328              		.loc 1 1457 3 is_stmt 1 view .LVU2120
 6329              	.LVL451:
1457:./lwip-2.1.2/src/core/ipv4/dhcp.c **** }
 6330              		.loc 1 1457 3 is_stmt 0 view .LVU2121
 6331              	.LBE821:
 6332              	.LBE857:
1225:./lwip-2.1.2/src/core/ipv4/dhcp.c ****     for (i = 0; i < LWIP_ARRAYSIZE(dhcp_discover_request_options); i++) {
 6333              		.loc 1 1225 5 is_stmt 1 view .LVU2122
 6334              	.LBB858:
 6335              	.LBI827:
1432:./lwip-2.1.2/src/core/ipv4/dhcp.c **** {
 6336              		.loc 1 1432 1 view .LVU2123
 6337              	.LBB831:
1434:./lwip-2.1.2/src/core/ipv4/dhcp.c ****   options[options_out_len++] = option_type;
 6338              		.loc 1 1434 138 view .LVU2124
1435:./lwip-2.1.2/src/core/ipv4/dhcp.c ****   options[options_out_len++] = option_len;
 6339              		.loc 1 1435 3 view .LVU2125
1435:./lwip-2.1.2/src/core/ipv4/dhcp.c ****   options[options_out_len++] = option_len;
 6340              		.loc 1 1435 3 is_stmt 0 view .LVU2126
 6341              	.LBE831:
 6342              	.LBE858:
 6343              	.LBB859:
 6344              	.LBB860:
1962:./lwip-2.1.2/src/core/ipv4/dhcp.c ****   /* packet is too small, or not 4 byte aligned? */
 6345              		.loc 1 1962 26 view .LVU2127
 6346 1274 80B2     		uxth	r0, r0
 6347              	.LBE860:
 6348              	.LBE859:
 6349              	.LBB867:
 6350              	.LBB832:
1435:./lwip-2.1.2/src/core/ipv4/dhcp.c ****   options[options_out_len++] = option_len;
 6351              		.loc 1 1435 30 view .LVU2128
 6352 1276 4FF0370E 		mov	lr, #55
 6353              	.LBE832:
 6354              	.LBE867:
 6355              	.LBB868:
 6356              	.LBB843:
1447:./lwip-2.1.2/src/core/ipv4/dhcp.c ****   return options_out_len;
 6357              		.loc 1 1447 26 view .LVU2129
 6358 127a 0391     		str	r1, [sp, #12]
 6359 127c 03F10801 		add	r1, r3, #8
 6360              	.LBE843:
 6361              	.LBE868:
 6362              	.LBB869:
 6363              	.LBB833:
1435:./lwip-2.1.2/src/core/ipv4/dhcp.c ****   options[options_out_len++] = option_len;
 6364              		.loc 1 1435 26 view .LVU2130
 6365 1280 1FFA8CFC 		uxth	ip, ip
 6366              	.LBE833:
 6367              	.LBE869:
 6368              	.LBB870:
 6369              	.LBB861:
1962:./lwip-2.1.2/src/core/ipv4/dhcp.c ****   /* packet is too small, or not 4 byte aligned? */
 6370              		.loc 1 1962 26 view .LVU2131
 6371 1284 0590     		str	r0, [sp, #20]
 6372              	.LBE861:
 6373              	.LBE870:
 6374              	.LBB871:
 6375              	.LBB844:
1447:./lwip-2.1.2/src/core/ipv4/dhcp.c ****   return options_out_len;
 6376              		.loc 1 1447 26 view .LVU2132
 6377 1286 1FFA81F9 		uxth	r9, r1
1447:./lwip-2.1.2/src/core/ipv4/dhcp.c ****   return options_out_len;
 6378              		.loc 1 1447 30 view .LVU2133
 6379 128a 0298     		ldr	r0, [sp, #8]
 6380              	.LBE844:
 6381              	.LBE871:
 6382              	.LBB872:
 6383              	.LBB834:
1435:./lwip-2.1.2/src/core/ipv4/dhcp.c ****   options[options_out_len++] = option_len;
 6384              		.loc 1 1435 30 view .LVU2134
 6385 128c 02F80CE0 		strb	lr, [r2, ip]
1436:./lwip-2.1.2/src/core/ipv4/dhcp.c ****   return options_out_len;
 6386              		.loc 1 1436 3 is_stmt 1 view .LVU2135
 6387              	.LVL452:
1436:./lwip-2.1.2/src/core/ipv4/dhcp.c ****   return options_out_len;
 6388              		.loc 1 1436 3 is_stmt 0 view .LVU2136
 6389              	.LBE834:
 6390              	.LBE872:
 6391              	.LBB873:
 6392              	.LBB862:
1962:./lwip-2.1.2/src/core/ipv4/dhcp.c ****   /* packet is too small, or not 4 byte aligned? */
 6393              		.loc 1 1962 26 view .LVU2137
 6394 1290 03F10A01 		add	r1, r3, #10
 6395              	.LBE862:
 6396              	.LBE873:
 6397              	.LBB874:
 6398              	.LBB845:
1447:./lwip-2.1.2/src/core/ipv4/dhcp.c ****   return options_out_len;
 6399              		.loc 1 1447 26 view .LVU2138
 6400 1294 CDF81090 		str	r9, [sp, #16]
 6401              	.LBE845:
 6402              	.LBE874:
 6403              	.LBB875:
 6404              	.LBB835:
1436:./lwip-2.1.2/src/core/ipv4/dhcp.c ****   return options_out_len;
 6405              		.loc 1 1436 30 view .LVU2139
 6406 1298 4FF00309 		mov	r9, #3
 6407              	.LBE835:
 6408              	.LBE875:
 6409              	.LBB876:
 6410              	.LBB863:
1962:./lwip-2.1.2/src/core/ipv4/dhcp.c ****   /* packet is too small, or not 4 byte aligned? */
 6411              		.loc 1 1962 26 view .LVU2140
 6412 129c 89B2     		uxth	r1, r1
 6413              	.LBE863:
 6414              	.LBE876:
 6415              	.LBB877:
 6416              	.LBB836:
1436:./lwip-2.1.2/src/core/ipv4/dhcp.c ****   return options_out_len;
 6417              		.loc 1 1436 30 view .LVU2141
 6418 129e 02F80790 		strb	r9, [r2, r7]
1437:./lwip-2.1.2/src/core/ipv4/dhcp.c **** }
 6419              		.loc 1 1437 3 is_stmt 1 view .LVU2142
 6420              	.LVL453:
1437:./lwip-2.1.2/src/core/ipv4/dhcp.c **** }
 6421              		.loc 1 1437 3 is_stmt 0 view .LVU2143
 6422              	.LBE836:
 6423              	.LBE877:
1226:./lwip-2.1.2/src/core/ipv4/dhcp.c ****       options_out_len = dhcp_option_byte(options_out_len, msg_out->options, dhcp_discover_request_o
 6424              		.loc 1 1226 5 is_stmt 1 view .LVU2144
1226:./lwip-2.1.2/src/core/ipv4/dhcp.c ****       options_out_len = dhcp_option_byte(options_out_len, msg_out->options, dhcp_discover_request_o
 6425              		.loc 1 1226 19 discriminator 1 view .LVU2145
1227:./lwip-2.1.2/src/core/ipv4/dhcp.c ****     }
 6426              		.loc 1 1227 7 view .LVU2146
 6427              	.LBB878:
 6428              	.LBI838:
1444:./lwip-2.1.2/src/core/ipv4/dhcp.c **** {
 6429              		.loc 1 1444 1 view .LVU2147
 6430              	.LBB846:
1446:./lwip-2.1.2/src/core/ipv4/dhcp.c ****   options[options_out_len++] = value;
 6431              		.loc 1 1446 106 view .LVU2148
1447:./lwip-2.1.2/src/core/ipv4/dhcp.c ****   return options_out_len;
 6432              		.loc 1 1447 3 view .LVU2149
1447:./lwip-2.1.2/src/core/ipv4/dhcp.c ****   return options_out_len;
 6433              		.loc 1 1447 30 is_stmt 0 view .LVU2150
 6434 12a2 0127     		movs	r7, #1
 6435              	.LBE846:
 6436              	.LBE878:
 6437              	.LBB879:
 6438              	.LBB864:
1964:./lwip-2.1.2/src/core/ipv4/dhcp.c ****          (options_out_len < DHCP_OPTIONS_LEN)) {
 6439              		.loc 1 1964 78 view .LVU2151
 6440 12a4 4329     		cmp	r1, #67
 6441              	.LBE864:
 6442              	.LBE879:
 6443              	.LBB880:
 6444              	.LBB847:
1447:./lwip-2.1.2/src/core/ipv4/dhcp.c ****   return options_out_len;
 6445              		.loc 1 1447 30 view .LVU2152
 6446 12a6 1754     		strb	r7, [r2, r0]
1448:./lwip-2.1.2/src/core/ipv4/dhcp.c **** }
 6447              		.loc 1 1448 3 is_stmt 1 view .LVU2153
 6448              	.LVL454:
1448:./lwip-2.1.2/src/core/ipv4/dhcp.c **** }
 6449              		.loc 1 1448 3 is_stmt 0 view .LVU2154
 6450              	.LBE847:
 6451              	.LBE880:
1226:./lwip-2.1.2/src/core/ipv4/dhcp.c ****       options_out_len = dhcp_option_byte(options_out_len, msg_out->options, dhcp_discover_request_o
 6452              		.loc 1 1226 69 is_stmt 1 discriminator 3 view .LVU2155
1226:./lwip-2.1.2/src/core/ipv4/dhcp.c ****       options_out_len = dhcp_option_byte(options_out_len, msg_out->options, dhcp_discover_request_o
 6453              		.loc 1 1226 19 discriminator 1 view .LVU2156
1227:./lwip-2.1.2/src/core/ipv4/dhcp.c ****     }
 6454              		.loc 1 1227 7 view .LVU2157
 6455              	.LBB881:
1444:./lwip-2.1.2/src/core/ipv4/dhcp.c **** {
 6456              		.loc 1 1444 1 view .LVU2158
 6457              	.LBB848:
1446:./lwip-2.1.2/src/core/ipv4/dhcp.c ****   options[options_out_len++] = value;
 6458              		.loc 1 1446 106 view .LVU2159
1447:./lwip-2.1.2/src/core/ipv4/dhcp.c ****   return options_out_len;
 6459              		.loc 1 1447 3 view .LVU2160
1447:./lwip-2.1.2/src/core/ipv4/dhcp.c ****   return options_out_len;
 6460              		.loc 1 1447 30 is_stmt 0 view .LVU2161
 6461 12a8 4FF01C07 		mov	r7, #28
 6462 12ac 0398     		ldr	r0, [sp, #12]
 6463 12ae 02F80090 		strb	r9, [r2, r0]
1448:./lwip-2.1.2/src/core/ipv4/dhcp.c **** }
 6464              		.loc 1 1448 3 is_stmt 1 view .LVU2162
 6465              	.LVL455:
1448:./lwip-2.1.2/src/core/ipv4/dhcp.c **** }
 6466              		.loc 1 1448 3 is_stmt 0 view .LVU2163
 6467              	.LBE848:
 6468              	.LBE881:
1226:./lwip-2.1.2/src/core/ipv4/dhcp.c ****       options_out_len = dhcp_option_byte(options_out_len, msg_out->options, dhcp_discover_request_o
 6469              		.loc 1 1226 69 is_stmt 1 discriminator 3 view .LVU2164
1226:./lwip-2.1.2/src/core/ipv4/dhcp.c ****       options_out_len = dhcp_option_byte(options_out_len, msg_out->options, dhcp_discover_request_o
 6470              		.loc 1 1226 19 discriminator 1 view .LVU2165
1227:./lwip-2.1.2/src/core/ipv4/dhcp.c ****     }
 6471              		.loc 1 1227 7 view .LVU2166
 6472              	.LBB882:
1444:./lwip-2.1.2/src/core/ipv4/dhcp.c **** {
 6473              		.loc 1 1444 1 view .LVU2167
 6474              	.LBB849:
1446:./lwip-2.1.2/src/core/ipv4/dhcp.c ****   options[options_out_len++] = value;
 6475              		.loc 1 1446 106 view .LVU2168
1447:./lwip-2.1.2/src/core/ipv4/dhcp.c ****   return options_out_len;
 6476              		.loc 1 1447 3 view .LVU2169
1447:./lwip-2.1.2/src/core/ipv4/dhcp.c ****   return options_out_len;
 6477              		.loc 1 1447 30 is_stmt 0 view .LVU2170
 6478 12b2 0498     		ldr	r0, [sp, #16]
 6479 12b4 1754     		strb	r7, [r2, r0]
1448:./lwip-2.1.2/src/core/ipv4/dhcp.c **** }
 6480              		.loc 1 1448 3 is_stmt 1 view .LVU2171
 6481              	.LVL456:
1448:./lwip-2.1.2/src/core/ipv4/dhcp.c **** }
 6482              		.loc 1 1448 3 is_stmt 0 view .LVU2172
 6483              	.LBE849:
 6484              	.LBE882:
1226:./lwip-2.1.2/src/core/ipv4/dhcp.c ****       options_out_len = dhcp_option_byte(options_out_len, msg_out->options, dhcp_discover_request_o
 6485              		.loc 1 1226 69 is_stmt 1 discriminator 3 view .LVU2173
1226:./lwip-2.1.2/src/core/ipv4/dhcp.c ****       options_out_len = dhcp_option_byte(options_out_len, msg_out->options, dhcp_discover_request_o
 6486              		.loc 1 1226 19 discriminator 1 view .LVU2174
1234:./lwip-2.1.2/src/core/ipv4/dhcp.c ****     dhcp_option_trailer(options_out_len, msg_out->options, p_out);
 6487              		.loc 1 1234 111 view .LVU2175
1235:./lwip-2.1.2/src/core/ipv4/dhcp.c **** 
 6488              		.loc 1 1235 5 view .LVU2176
 6489              	.LBB883:
 6490              	.LBI859:
1960:./lwip-2.1.2/src/core/ipv4/dhcp.c **** {
 6491              		.loc 1 1960 1 view .LVU2177
 6492              	.LBB865:
1962:./lwip-2.1.2/src/core/ipv4/dhcp.c ****   /* packet is too small, or not 4 byte aligned? */
 6493              		.loc 1 1962 3 view .LVU2178
1962:./lwip-2.1.2/src/core/ipv4/dhcp.c ****   /* packet is too small, or not 4 byte aligned? */
 6494              		.loc 1 1962 30 is_stmt 0 view .LVU2179
 6495 12b6 4FF0FF07 		mov	r7, #255
 6496 12ba 0598     		ldr	r0, [sp, #20]
 6497 12bc 1754     		strb	r7, [r2, r0]
1964:./lwip-2.1.2/src/core/ipv4/dhcp.c ****          (options_out_len < DHCP_OPTIONS_LEN)) {
 6498              		.loc 1 1964 3 is_stmt 1 view .LVU2180
1964:./lwip-2.1.2/src/core/ipv4/dhcp.c ****          (options_out_len < DHCP_OPTIONS_LEN)) {
 6499              		.loc 1 1964 78 view .LVU2181
 6500 12be 07D8     		bhi	.L451
1967:./lwip-2.1.2/src/core/ipv4/dhcp.c ****   }
 6501              		.loc 1 1967 32 is_stmt 0 view .LVU2182
 6502 12c0 C3F13A03 		rsb	r3, r3, #58
 6503 12c4 5018     		adds	r0, r2, r1
 6504 12c6 0021     		movs	r1, #0
 6505              	.LVL457:
1967:./lwip-2.1.2/src/core/ipv4/dhcp.c ****   }
 6506              		.loc 1 1967 32 view .LVU2183
 6507 12c8 9AB2     		uxth	r2, r3
 6508              	.LVL458:
1967:./lwip-2.1.2/src/core/ipv4/dhcp.c ****   }
 6509              		.loc 1 1967 32 view .LVU2184
 6510 12ca FFF7FEFF 		bl	memset
 6511              	.LVL459:
1967:./lwip-2.1.2/src/core/ipv4/dhcp.c ****   }
 6512              		.loc 1 1967 32 view .LVU2185
 6513 12ce 4421     		movs	r1, #68
 6514              	.L451:
1970:./lwip-2.1.2/src/core/ipv4/dhcp.c **** }
 6515              		.loc 1 1970 3 is_stmt 1 view .LVU2186
 6516 12d0 F031     		adds	r1, r1, #240
 6517 12d2 3046     		mov	r0, r6
 6518 12d4 89B2     		uxth	r1, r1
 6519 12d6 FFF7FEFF 		bl	pbuf_realloc
 6520              	.LVL460:
1970:./lwip-2.1.2/src/core/ipv4/dhcp.c **** }
 6521              		.loc 1 1970 3 is_stmt 0 view .LVU2187
 6522              	.LBE865:
 6523              	.LBE883:
1238:./lwip-2.1.2/src/core/ipv4/dhcp.c ****     pbuf_free(p_out);
 6524              		.loc 1 1238 5 is_stmt 1 view .LVU2188
1238:./lwip-2.1.2/src/core/ipv4/dhcp.c ****     pbuf_free(p_out);
 6525              		.loc 1 1238 14 is_stmt 0 view .LVU2189
 6526 12da 224A     		ldr	r2, .L483+4
 6527 12dc 0095     		str	r5, [sp]
 6528 12de 4323     		movs	r3, #67
 6529 12e0 9068     		ldr	r0, [r2, #8]
 6530 12e2 3146     		mov	r1, r6
 6531 12e4 204A     		ldr	r2, .L483+8
 6532 12e6 FFF7FEFF 		bl	udp_sendto_if
 6533              	.LVL461:
1239:./lwip-2.1.2/src/core/ipv4/dhcp.c ****     LWIP_DEBUGF(DHCP_DEBUG | LWIP_DBG_TRACE | LWIP_DBG_STATE, ("dhcp_rebind: REBINDING\n"));
 6534              		.loc 1 1239 5 is_stmt 1 view .LVU2190
 6535 12ea 3046     		mov	r0, r6
 6536 12ec FFF7FEFF 		bl	pbuf_free
 6537              	.LVL462:
1240:./lwip-2.1.2/src/core/ipv4/dhcp.c ****   } else {
 6538              		.loc 1 1240 92 view .LVU2191
 6539              	.L450:
1240:./lwip-2.1.2/src/core/ipv4/dhcp.c ****   } else {
 6540              		.loc 1 1240 92 is_stmt 0 view .LVU2192
 6541              	.LBE806:
1245:./lwip-2.1.2/src/core/ipv4/dhcp.c ****     dhcp->tries++;
 6542              		.loc 1 1245 3 is_stmt 1 view .LVU2193
1245:./lwip-2.1.2/src/core/ipv4/dhcp.c ****     dhcp->tries++;
 6543              		.loc 1 1245 11 is_stmt 0 view .LVU2194
 6544 12f0 A379     		ldrb	r3, [r4, #6]	@ zero_extendqisi2
1245:./lwip-2.1.2/src/core/ipv4/dhcp.c ****     dhcp->tries++;
 6545              		.loc 1 1245 6 view .LVU2195
 6546 12f2 FF2B     		cmp	r3, #255
 6547 12f4 32D0     		beq	.L454
1246:./lwip-2.1.2/src/core/ipv4/dhcp.c ****   }
 6548              		.loc 1 1246 5 is_stmt 1 view .LVU2196
1246:./lwip-2.1.2/src/core/ipv4/dhcp.c ****   }
 6549              		.loc 1 1246 16 is_stmt 0 view .LVU2197
 6550 12f6 0133     		adds	r3, r3, #1
 6551 12f8 DBB2     		uxtb	r3, r3
1248:./lwip-2.1.2/src/core/ipv4/dhcp.c ****   dhcp->request_timeout = (u16_t)((msecs + DHCP_FINE_TIMER_MSECS - 1) / DHCP_FINE_TIMER_MSECS);
 6552              		.loc 1 1248 11 view .LVU2198
 6553 12fa 092B     		cmp	r3, #9
1246:./lwip-2.1.2/src/core/ipv4/dhcp.c ****   }
 6554              		.loc 1 1246 16 view .LVU2199
 6555 12fc A371     		strb	r3, [r4, #6]
1248:./lwip-2.1.2/src/core/ipv4/dhcp.c ****   dhcp->request_timeout = (u16_t)((msecs + DHCP_FINE_TIMER_MSECS - 1) / DHCP_FINE_TIMER_MSECS);
 6556              		.loc 1 1248 3 is_stmt 1 view .LVU2200
1248:./lwip-2.1.2/src/core/ipv4/dhcp.c ****   dhcp->request_timeout = (u16_t)((msecs + DHCP_FINE_TIMER_MSECS - 1) / DHCP_FINE_TIMER_MSECS);
 6557              		.loc 1 1248 11 is_stmt 0 view .LVU2201
 6558 12fe 2DD8     		bhi	.L454
1248:./lwip-2.1.2/src/core/ipv4/dhcp.c ****   dhcp->request_timeout = (u16_t)((msecs + DHCP_FINE_TIMER_MSECS - 1) / DHCP_FINE_TIMER_MSECS);
 6559              		.loc 1 1248 11 discriminator 1 view .LVU2202
 6560 1300 C3EB4311 		rsb	r1, r3, r3, lsl #5
1249:./lwip-2.1.2/src/core/ipv4/dhcp.c ****   LWIP_DEBUGF(DHCP_DEBUG | LWIP_DBG_TRACE | LWIP_DBG_STATE, ("dhcp_rebind(): set request timeout %"
 6561              		.loc 1 1249 71 view .LVU2203
 6562 1304 194A     		ldr	r2, .L483+12
1248:./lwip-2.1.2/src/core/ipv4/dhcp.c ****   dhcp->request_timeout = (u16_t)((msecs + DHCP_FINE_TIMER_MSECS - 1) / DHCP_FINE_TIMER_MSECS);
 6563              		.loc 1 1248 11 discriminator 1 view .LVU2204
 6564 1306 03EB8103 		add	r3, r3, r1, lsl #2
 6565 130a DB00     		lsls	r3, r3, #3
1249:./lwip-2.1.2/src/core/ipv4/dhcp.c ****   LWIP_DEBUGF(DHCP_DEBUG | LWIP_DBG_TRACE | LWIP_DBG_STATE, ("dhcp_rebind(): set request timeout %"
 6566              		.loc 1 1249 66 view .LVU2205
 6567 130c 03F2F313 		addw	r3, r3, #499
 6568 1310 9BB2     		uxth	r3, r3
1249:./lwip-2.1.2/src/core/ipv4/dhcp.c ****   LWIP_DEBUGF(DHCP_DEBUG | LWIP_DBG_TRACE | LWIP_DBG_STATE, ("dhcp_rebind(): set request timeout %"
 6569              		.loc 1 1249 71 view .LVU2206
 6570 1312 A2FB0323 		umull	r2, r3, r2, r3
1249:./lwip-2.1.2/src/core/ipv4/dhcp.c ****   LWIP_DEBUGF(DHCP_DEBUG | LWIP_DBG_TRACE | LWIP_DBG_STATE, ("dhcp_rebind(): set request timeout %"
 6571              		.loc 1 1249 27 view .LVU2207
 6572 1316 5B09     		lsrs	r3, r3, #5
 6573              	.L453:
1249:./lwip-2.1.2/src/core/ipv4/dhcp.c ****   LWIP_DEBUGF(DHCP_DEBUG | LWIP_DBG_TRACE | LWIP_DBG_STATE, ("dhcp_rebind(): set request timeout %"
 6574              		.loc 1 1249 3 is_stmt 1 view .LVU2208
 6575              	.LBE803:
 6576              	.LBE802:
 587:./lwip-2.1.2/src/core/ipv4/dhcp.c ****       dhcp->t2_rebind_time = (u16_t)((dhcp->t0_timeout - dhcp->lease_used) / 2);
 6577              		.loc 1 587 15 is_stmt 0 view .LVU2209
 6578 1318 A28A     		ldrh	r2, [r4, #20]
 587:./lwip-2.1.2/src/core/ipv4/dhcp.c ****       dhcp->t2_rebind_time = (u16_t)((dhcp->t0_timeout - dhcp->lease_used) / 2);
 6579              		.loc 1 587 34 view .LVU2210
 6580 131a 618A     		ldrh	r1, [r4, #18]
 6581              	.LBB888:
 6582              	.LBB886:
1249:./lwip-2.1.2/src/core/ipv4/dhcp.c ****   LWIP_DEBUGF(DHCP_DEBUG | LWIP_DBG_TRACE | LWIP_DBG_STATE, ("dhcp_rebind(): set request timeout %"
 6583              		.loc 1 1249 25 view .LVU2211
 6584 131c 2381     		strh	r3, [r4, #8]	@ movhi
1250:./lwip-2.1.2/src/core/ipv4/dhcp.c ****   return result;
 6585              		.loc 1 1250 124 is_stmt 1 view .LVU2212
1251:./lwip-2.1.2/src/core/ipv4/dhcp.c **** }
 6586              		.loc 1 1251 3 view .LVU2213
 6587              	.LVL463:
1251:./lwip-2.1.2/src/core/ipv4/dhcp.c **** }
 6588              		.loc 1 1251 3 is_stmt 0 view .LVU2214
 6589              	.LBE886:
 6590              	.LBE888:
 587:./lwip-2.1.2/src/core/ipv4/dhcp.c ****       dhcp->t2_rebind_time = (u16_t)((dhcp->t0_timeout - dhcp->lease_used) / 2);
 6591              		.loc 1 587 5 is_stmt 1 view .LVU2215
 587:./lwip-2.1.2/src/core/ipv4/dhcp.c ****       dhcp->t2_rebind_time = (u16_t)((dhcp->t0_timeout - dhcp->lease_used) / 2);
 6592              		.loc 1 587 28 is_stmt 0 view .LVU2216
 6593 131e 531A     		subs	r3, r2, r1
 587:./lwip-2.1.2/src/core/ipv4/dhcp.c ****       dhcp->t2_rebind_time = (u16_t)((dhcp->t0_timeout - dhcp->lease_used) / 2);
 6594              		.loc 1 587 8 view .LVU2217
 6595 1320 012B     		cmp	r3, #1
 6596 1322 7FF75AAF 		ble	.L443
 588:./lwip-2.1.2/src/core/ipv4/dhcp.c ****     }
 6597              		.loc 1 588 7 is_stmt 1 view .LVU2218
 588:./lwip-2.1.2/src/core/ipv4/dhcp.c ****     }
 6598              		.loc 1 588 76 is_stmt 0 view .LVU2219
 6599 1326 5B10     		asrs	r3, r3, #1
 588:./lwip-2.1.2/src/core/ipv4/dhcp.c ****     }
 6600              		.loc 1 588 30 view .LVU2220
 6601 1328 2382     		strh	r3, [r4, #16]	@ movhi
 6602 132a 56E7     		b	.L443
 6603              	.LVL464:
 6604              	.L482:
 588:./lwip-2.1.2/src/core/ipv4/dhcp.c ****     }
 6605              		.loc 1 588 30 view .LVU2221
 6606              	.LBE801:
 6607              	.LBE800:
 452:./lwip-2.1.2/src/core/ipv4/dhcp.c ****         /* this clients' renewal timeout triggered */
 6608              		.loc 1 452 103 is_stmt 1 view .LVU2222
 454:./lwip-2.1.2/src/core/ipv4/dhcp.c ****       }
 6609              		.loc 1 454 9 view .LVU2223
 6610              	.LBB891:
 6611              	.LBI891:
 546:./lwip-2.1.2/src/core/ipv4/dhcp.c **** {
 6612              		.loc 1 546 1 view .LVU2224
 6613              	.LBB892:
 548:./lwip-2.1.2/src/core/ipv4/dhcp.c **** 
 6614              		.loc 1 548 3 view .LVU2225
 550:./lwip-2.1.2/src/core/ipv4/dhcp.c ****   if ((dhcp->state == DHCP_STATE_REQUESTING) || (dhcp->state == DHCP_STATE_BOUND) ||
 6615              		.loc 1 550 68 view .LVU2226
 551:./lwip-2.1.2/src/core/ipv4/dhcp.c ****       (dhcp->state == DHCP_STATE_RENEWING)) {
 6616              		.loc 1 551 3 view .LVU2227
 6617 132c 013B     		subs	r3, r3, #1
 6618 132e DBB2     		uxtb	r3, r3
 6619 1330 092B     		cmp	r3, #9
 6620 1332 3FF652AF 		bhi	.L443
 6621 1336 40F21122 		movw	r2, #529
 6622 133a 22FA03F3 		lsr	r3, r2, r3
 6623 133e DB07     		lsls	r3, r3, #31
 6624 1340 7FF54BAF 		bpl	.L443
 556:./lwip-2.1.2/src/core/ipv4/dhcp.c ****     /* This slightly different to RFC2131: DHCPREQUEST will be sent from state
 6625              		.loc 1 556 53 view .LVU2228
 559:./lwip-2.1.2/src/core/ipv4/dhcp.c ****     /* Calculate next timeout */
 6626              		.loc 1 559 5 view .LVU2229
 6627 1344 2846     		mov	r0, r5
 6628 1346 FFF7FEFF 		bl	dhcp_renew
 6629              	.LVL465:
 561:./lwip-2.1.2/src/core/ipv4/dhcp.c ****       dhcp->t1_renew_time = (u16_t)((dhcp->t2_timeout - dhcp->lease_used) / 2);
 6630              		.loc 1 561 5 view .LVU2230
 561:./lwip-2.1.2/src/core/ipv4/dhcp.c ****       dhcp->t1_renew_time = (u16_t)((dhcp->t2_timeout - dhcp->lease_used) / 2);
 6631              		.loc 1 561 15 is_stmt 0 view .LVU2231
 6632 134a A389     		ldrh	r3, [r4, #12]
 561:./lwip-2.1.2/src/core/ipv4/dhcp.c ****       dhcp->t1_renew_time = (u16_t)((dhcp->t2_timeout - dhcp->lease_used) / 2);
 6633              		.loc 1 561 34 view .LVU2232
 6634 134c 628A     		ldrh	r2, [r4, #18]
 561:./lwip-2.1.2/src/core/ipv4/dhcp.c ****       dhcp->t1_renew_time = (u16_t)((dhcp->t2_timeout - dhcp->lease_used) / 2);
 6635              		.loc 1 561 28 view .LVU2233
 6636 134e 9B1A     		subs	r3, r3, r2
 561:./lwip-2.1.2/src/core/ipv4/dhcp.c ****       dhcp->t1_renew_time = (u16_t)((dhcp->t2_timeout - dhcp->lease_used) / 2);
 6637              		.loc 1 561 8 view .LVU2234
 6638 1350 012B     		cmp	r3, #1
 6639 1352 7FF742AF 		ble	.L443
 562:./lwip-2.1.2/src/core/ipv4/dhcp.c ****     }
 6640              		.loc 1 562 7 is_stmt 1 view .LVU2235
 562:./lwip-2.1.2/src/core/ipv4/dhcp.c ****     }
 6641              		.loc 1 562 75 is_stmt 0 view .LVU2236
 6642 1356 5B10     		asrs	r3, r3, #1
 562:./lwip-2.1.2/src/core/ipv4/dhcp.c ****     }
 6643              		.loc 1 562 29 view .LVU2237
 6644 1358 E381     		strh	r3, [r4, #14]	@ movhi
 6645 135a 3EE7     		b	.L443
 6646              	.LVL466:
 6647              	.L454:
 562:./lwip-2.1.2/src/core/ipv4/dhcp.c ****     }
 6648              		.loc 1 562 29 view .LVU2238
 6649              	.LBE892:
 6650              	.LBE891:
 6651              	.LBB893:
 6652              	.LBB890:
 6653              	.LBB889:
 6654              	.LBB887:
 6655              	.LBB885:
 6656              	.LBB884:
 6657              	.LBB866:
1967:./lwip-2.1.2/src/core/ipv4/dhcp.c ****   }
 6658              		.loc 1 1967 32 view .LVU2239
 6659 135c 1423     		movs	r3, #20
 6660 135e DBE7     		b	.L453
 6661              	.L484:
 6662              		.align	2
 6663              	.L483:
 6664 1360 00000000 		.word	netif_list
 6665 1364 00000000 		.word	.LANCHOR0
 6666 1368 00000000 		.word	ip_addr_broadcast
 6667 136c D34D6210 		.word	274877907
 6668              	.LBE866:
 6669              	.LBE884:
 6670              	.LBE885:
 6671              	.LBE887:
 6672              	.LBE889:
 6673              	.LBE890:
 6674              	.LBE893:
 6675              	.LBE894:
 6676              		.cfi_endproc
 6677              	.LFE32:
 6679              		.align	1
 6680              		.p2align 2,,3
 6681              		.global	dhcp_fine_tmr
 6682              		.syntax unified
 6683              		.thumb
 6684              		.thumb_func
 6686              	dhcp_fine_tmr:
 6687              	.LFB33:
 469:./lwip-2.1.2/src/core/ipv4/dhcp.c ****   struct netif *netif;
 6688              		.loc 1 469 1 is_stmt 1 view -0
 6689              		.cfi_startproc
 6690              		@ args = 0, pretend = 0, frame = 0
 6691              		@ frame_needed = 0, uses_anonymous_args = 0
 470:./lwip-2.1.2/src/core/ipv4/dhcp.c ****   /* loop through netif's */
 6692              		.loc 1 470 3 view .LVU2241
 472:./lwip-2.1.2/src/core/ipv4/dhcp.c ****     struct dhcp *dhcp = netif_dhcp_data(netif);
 6693              		.loc 1 472 3 view .LVU2242
 6694 1370 2B4B     		ldr	r3, .L510
 469:./lwip-2.1.2/src/core/ipv4/dhcp.c ****   struct netif *netif;
 6695              		.loc 1 469 1 is_stmt 0 view .LVU2243
 6696 1372 10B5     		push	{r4, lr}
 6697              	.LCFI61:
 6698              		.cfi_def_cfa_offset 8
 6699              		.cfi_offset 4, -8
 6700              		.cfi_offset 14, -4
 472:./lwip-2.1.2/src/core/ipv4/dhcp.c ****     struct dhcp *dhcp = netif_dhcp_data(netif);
 6701              		.loc 1 472 3 view .LVU2244
 6702 1374 1C68     		ldr	r4, [r3]
 6703              	.LVL467:
 472:./lwip-2.1.2/src/core/ipv4/dhcp.c ****     struct dhcp *dhcp = netif_dhcp_data(netif);
 6704              		.loc 1 472 3 is_stmt 1 discriminator 1 view .LVU2245
 6705 1376 24B9     		cbnz	r4, .L497
 6706 1378 2CE0     		b	.L485
 6707              	.LVL468:
 6708              	.L507:
 6709              	.LBB898:
 478:./lwip-2.1.2/src/core/ipv4/dhcp.c ****       } else if (dhcp->request_timeout == 1) {
 6710              		.loc 1 478 9 view .LVU2246
 478:./lwip-2.1.2/src/core/ipv4/dhcp.c ****       } else if (dhcp->request_timeout == 1) {
 6711              		.loc 1 478 30 is_stmt 0 view .LVU2247
 6712 137a 013A     		subs	r2, r2, #1
 6713 137c 1A81     		strh	r2, [r3, #8]	@ movhi
 6714              	.LVL469:
 6715              	.L487:
 478:./lwip-2.1.2/src/core/ipv4/dhcp.c ****       } else if (dhcp->request_timeout == 1) {
 6716              		.loc 1 478 30 view .LVU2248
 6717              	.LBE898:
 472:./lwip-2.1.2/src/core/ipv4/dhcp.c ****     struct dhcp *dhcp = netif_dhcp_data(netif);
 6718              		.loc 1 472 3 is_stmt 1 discriminator 2 view .LVU2249
 6719 137e 2468     		ldr	r4, [r4]
 6720              	.LVL470:
 472:./lwip-2.1.2/src/core/ipv4/dhcp.c ****     struct dhcp *dhcp = netif_dhcp_data(netif);
 6721              		.loc 1 472 3 discriminator 1 view .LVU2250
 6722 1380 44B3     		cbz	r4, .L485
 6723              	.LVL471:
 6724              	.L497:
 6725              	.LBB903:
 473:./lwip-2.1.2/src/core/ipv4/dhcp.c ****     /* only act on DHCP configured interfaces */
 6726              		.loc 1 473 5 view .LVU2251
 473:./lwip-2.1.2/src/core/ipv4/dhcp.c ****     /* only act on DHCP configured interfaces */
 6727              		.loc 1 473 18 is_stmt 0 view .LVU2252
 6728 1382 236A     		ldr	r3, [r4, #32]
 6729              	.LVL472:
 475:./lwip-2.1.2/src/core/ipv4/dhcp.c ****       /* timer is active (non zero), and is about to trigger now */
 6730              		.loc 1 475 5 is_stmt 1 view .LVU2253
 475:./lwip-2.1.2/src/core/ipv4/dhcp.c ****       /* timer is active (non zero), and is about to trigger now */
 6731              		.loc 1 475 8 is_stmt 0 view .LVU2254
 6732 1384 002B     		cmp	r3, #0
 6733 1386 FAD0     		beq	.L487
 477:./lwip-2.1.2/src/core/ipv4/dhcp.c ****         dhcp->request_timeout--;
 6734              		.loc 1 477 7 is_stmt 1 view .LVU2255
 477:./lwip-2.1.2/src/core/ipv4/dhcp.c ****         dhcp->request_timeout--;
 6735              		.loc 1 477 15 is_stmt 0 view .LVU2256
 6736 1388 1A89     		ldrh	r2, [r3, #8]
 477:./lwip-2.1.2/src/core/ipv4/dhcp.c ****         dhcp->request_timeout--;
 6737              		.loc 1 477 10 view .LVU2257
 6738 138a 012A     		cmp	r2, #1
 6739 138c F5D8     		bhi	.L507
 479:./lwip-2.1.2/src/core/ipv4/dhcp.c ****         dhcp->request_timeout--;
 6740              		.loc 1 479 14 is_stmt 1 view .LVU2258
 479:./lwip-2.1.2/src/core/ipv4/dhcp.c ****         dhcp->request_timeout--;
 6741              		.loc 1 479 17 is_stmt 0 view .LVU2259
 6742 138e F6D1     		bne	.L487
 480:./lwip-2.1.2/src/core/ipv4/dhcp.c ****         /* { dhcp->request_timeout == 0 } */
 6743              		.loc 1 480 9 is_stmt 1 view .LVU2260
 6744 1390 5A79     		ldrb	r2, [r3, #5]	@ zero_extendqisi2
 480:./lwip-2.1.2/src/core/ipv4/dhcp.c ****         /* { dhcp->request_timeout == 0 } */
 6745              		.loc 1 480 30 is_stmt 0 view .LVU2261
 6746 1392 0021     		movs	r1, #0
 6747 1394 013A     		subs	r2, r2, #1
 6748 1396 1981     		strh	r1, [r3, #8]	@ movhi
 482:./lwip-2.1.2/src/core/ipv4/dhcp.c ****         /* this client's request timeout triggered */
 6749              		.loc 1 482 106 is_stmt 1 view .LVU2262
 484:./lwip-2.1.2/src/core/ipv4/dhcp.c ****       }
 6750              		.loc 1 484 9 view .LVU2263
 6751              	.LVL473:
 6752              	.LBB899:
 6753              	.LBI899:
 499:./lwip-2.1.2/src/core/ipv4/dhcp.c **** {
 6754              		.loc 1 499 1 view .LVU2264
 6755              	.LBB900:
 501:./lwip-2.1.2/src/core/ipv4/dhcp.c **** 
 6756              		.loc 1 501 3 view .LVU2265
 503:./lwip-2.1.2/src/core/ipv4/dhcp.c ****   /* back-off period has passed, or server selection timed out */
 6757              		.loc 1 503 65 view .LVU2266
 505:./lwip-2.1.2/src/core/ipv4/dhcp.c ****     LWIP_DEBUGF(DHCP_DEBUG | LWIP_DBG_TRACE, ("dhcp_timeout(): restarting discovery\n"));
 6758              		.loc 1 505 3 view .LVU2267
 6759 1398 0B2A     		cmp	r2, #11
 6760 139a F0D8     		bhi	.L487
 6761 139c 01A1     		adr	r1, .L490
 6762 139e 51F822F0 		ldr	pc, [r1, r2, lsl #2]
 6763 13a2 00BF     		.p2align 2
 6764              	.L490:
 6765 13a4 ED130000 		.word	.L493+1
 6766 13a8 7F130000 		.word	.L487+1
 6767 13ac DF130000 		.word	.L492+1
 6768 13b0 7F130000 		.word	.L487+1
 6769 13b4 7F130000 		.word	.L487+1
 6770 13b8 D7130000 		.word	.L489+1
 6771 13bc 7F130000 		.word	.L487+1
 6772 13c0 FB130000 		.word	.L491+1
 6773 13c4 7F130000 		.word	.L487+1
 6774 13c8 7F130000 		.word	.L487+1
 6775 13cc 7F130000 		.word	.L487+1
 6776 13d0 D7130000 		.word	.L489+1
 6777              	.LVL474:
 6778              		.p2align 1
 6779              	.L485:
 505:./lwip-2.1.2/src/core/ipv4/dhcp.c ****     LWIP_DEBUGF(DHCP_DEBUG | LWIP_DBG_TRACE, ("dhcp_timeout(): restarting discovery\n"));
 6780              		.loc 1 505 3 is_stmt 0 view .LVU2268
 6781              	.LBE900:
 6782              	.LBE899:
 6783              	.LBE903:
 488:./lwip-2.1.2/src/core/ipv4/dhcp.c **** 
 6784              		.loc 1 488 1 view .LVU2269
 6785 13d4 10BD     		pop	{r4, pc}
 6786              	.LVL475:
 6787              	.L489:
 6788              	.LBB904:
 6789              	.LBB902:
 6790              	.LBB901:
 506:./lwip-2.1.2/src/core/ipv4/dhcp.c ****     dhcp_discover(netif);
 6791              		.loc 1 506 89 is_stmt 1 view .LVU2270
 507:./lwip-2.1.2/src/core/ipv4/dhcp.c ****     /* receiving the requested lease timed out */
 6792              		.loc 1 507 5 view .LVU2271
 6793 13d6 2046     		mov	r0, r4
 6794 13d8 FFF76CF8 		bl	dhcp_discover
 6795              	.LVL476:
 507:./lwip-2.1.2/src/core/ipv4/dhcp.c ****     /* receiving the requested lease timed out */
 6796              		.loc 1 507 5 is_stmt 0 view .LVU2272
 6797 13dc CFE7     		b	.L487
 6798              	.LVL477:
 6799              	.L492:
 532:./lwip-2.1.2/src/core/ipv4/dhcp.c ****       dhcp_reboot(netif);
 6800              		.loc 1 532 5 is_stmt 1 view .LVU2273
 532:./lwip-2.1.2/src/core/ipv4/dhcp.c ****       dhcp_reboot(netif);
 6801              		.loc 1 532 8 is_stmt 0 view .LVU2274
 6802 13de 9B79     		ldrb	r3, [r3, #6]	@ zero_extendqisi2
 6803              	.LVL478:
 533:./lwip-2.1.2/src/core/ipv4/dhcp.c ****     } else {
 6804              		.loc 1 533 7 view .LVU2275
 6805 13e0 2046     		mov	r0, r4
 532:./lwip-2.1.2/src/core/ipv4/dhcp.c ****       dhcp_reboot(netif);
 6806              		.loc 1 532 8 view .LVU2276
 6807 13e2 012B     		cmp	r3, #1
 6808 13e4 16D9     		bls	.L508
 6809              	.LVL479:
 535:./lwip-2.1.2/src/core/ipv4/dhcp.c ****     }
 6810              		.loc 1 535 7 is_stmt 1 view .LVU2277
 6811 13e6 FFF765F8 		bl	dhcp_discover
 6812              	.LVL480:
 535:./lwip-2.1.2/src/core/ipv4/dhcp.c ****     }
 6813              		.loc 1 535 7 is_stmt 0 view .LVU2278
 6814 13ea C8E7     		b	.L487
 6815              	.LVL481:
 6816              	.L493:
 510:./lwip-2.1.2/src/core/ipv4/dhcp.c ****     if (dhcp->tries <= 5) {
 6817              		.loc 1 510 120 is_stmt 1 view .LVU2279
 511:./lwip-2.1.2/src/core/ipv4/dhcp.c ****       dhcp_select(netif);
 6818              		.loc 1 511 5 view .LVU2280
 511:./lwip-2.1.2/src/core/ipv4/dhcp.c ****       dhcp_select(netif);
 6819              		.loc 1 511 8 is_stmt 0 view .LVU2281
 6820 13ec 9B79     		ldrb	r3, [r3, #6]	@ zero_extendqisi2
 6821              	.LVL482:
 512:./lwip-2.1.2/src/core/ipv4/dhcp.c ****     } else {
 6822              		.loc 1 512 7 view .LVU2282
 6823 13ee 2046     		mov	r0, r4
 511:./lwip-2.1.2/src/core/ipv4/dhcp.c ****       dhcp_select(netif);
 6824              		.loc 1 511 8 view .LVU2283
 6825 13f0 052B     		cmp	r3, #5
 6826 13f2 09D8     		bhi	.L494
 6827              	.LVL483:
 512:./lwip-2.1.2/src/core/ipv4/dhcp.c ****     } else {
 6828              		.loc 1 512 7 is_stmt 1 view .LVU2284
 6829 13f4 FFF7FEF8 		bl	dhcp_select.isra.0
 6830              	.LVL484:
 512:./lwip-2.1.2/src/core/ipv4/dhcp.c ****     } else {
 6831              		.loc 1 512 7 is_stmt 0 view .LVU2285
 6832 13f8 C1E7     		b	.L487
 6833              	.LVL485:
 6834              	.L491:
 521:./lwip-2.1.2/src/core/ipv4/dhcp.c ****     if (dhcp->tries <= 1) {
 6835              		.loc 1 521 117 is_stmt 1 view .LVU2286
 522:./lwip-2.1.2/src/core/ipv4/dhcp.c ****       dhcp_check(netif);
 6836              		.loc 1 522 5 view .LVU2287
 522:./lwip-2.1.2/src/core/ipv4/dhcp.c ****       dhcp_check(netif);
 6837              		.loc 1 522 8 is_stmt 0 view .LVU2288
 6838 13fa 9B79     		ldrb	r3, [r3, #6]	@ zero_extendqisi2
 6839              	.LVL486:
 523:./lwip-2.1.2/src/core/ipv4/dhcp.c ****       /* no ARP replies on the offered address,
 6840              		.loc 1 523 7 view .LVU2289
 6841 13fc 2046     		mov	r0, r4
 522:./lwip-2.1.2/src/core/ipv4/dhcp.c ****       dhcp_check(netif);
 6842              		.loc 1 522 8 view .LVU2290
 6843 13fe 012B     		cmp	r3, #1
 6844 1400 0BD9     		bls	.L509
 6845              	.LVL487:
 528:./lwip-2.1.2/src/core/ipv4/dhcp.c ****     }
 6846              		.loc 1 528 7 is_stmt 1 view .LVU2291
 6847 1402 FEF799FE 		bl	dhcp_bind
 6848              	.LVL488:
 528:./lwip-2.1.2/src/core/ipv4/dhcp.c ****     }
 6849              		.loc 1 528 7 is_stmt 0 view .LVU2292
 6850 1406 BAE7     		b	.L487
 6851              	.LVL489:
 6852              	.L494:
 514:./lwip-2.1.2/src/core/ipv4/dhcp.c ****       dhcp_release_and_stop(netif);
 6853              		.loc 1 514 121 is_stmt 1 view .LVU2293
 515:./lwip-2.1.2/src/core/ipv4/dhcp.c ****       dhcp_start(netif);
 6854              		.loc 1 515 7 view .LVU2294
 6855 1408 FFF7FEFF 		bl	dhcp_release_and_stop
 6856              	.LVL490:
 516:./lwip-2.1.2/src/core/ipv4/dhcp.c ****     }
 6857              		.loc 1 516 7 view .LVU2295
 6858 140c 2046     		mov	r0, r4
 6859 140e FFF7FEFF 		bl	dhcp_start
 6860              	.LVL491:
 6861 1412 B4E7     		b	.L487
 6862              	.LVL492:
 6863              	.L508:
 533:./lwip-2.1.2/src/core/ipv4/dhcp.c ****     } else {
 6864              		.loc 1 533 7 view .LVU2296
 6865 1414 FEF788FF 		bl	dhcp_reboot.isra.0
 6866              	.LVL493:
 533:./lwip-2.1.2/src/core/ipv4/dhcp.c ****     } else {
 6867              		.loc 1 533 7 is_stmt 0 view .LVU2297
 6868 1418 B1E7     		b	.L487
 6869              	.LVL494:
 6870              	.L509:
 523:./lwip-2.1.2/src/core/ipv4/dhcp.c ****       /* no ARP replies on the offered address,
 6871              		.loc 1 523 7 is_stmt 1 view .LVU2298
 6872 141a FEF775FE 		bl	dhcp_check
 6873              	.LVL495:
 523:./lwip-2.1.2/src/core/ipv4/dhcp.c ****       /* no ARP replies on the offered address,
 6874              		.loc 1 523 7 is_stmt 0 view .LVU2299
 6875 141e AEE7     		b	.L487
 6876              	.L511:
 6877              		.align	2
 6878              	.L510:
 6879 1420 00000000 		.word	netif_list
 6880              	.LBE901:
 6881              	.LBE902:
 6882              	.LBE904:
 6883              		.cfi_endproc
 6884              	.LFE33:
 6886              		.align	1
 6887              		.p2align 2,,3
 6888              		.global	dhcp_release
 6889              		.syntax unified
 6890              		.thumb
 6891              		.thumb_func
 6893              	dhcp_release:
 6894              	.LVL496:
 6895              	.LFB51:
1395:./lwip-2.1.2/src/core/ipv4/dhcp.c ****   dhcp_release_and_stop(netif);
 6896              		.loc 1 1395 1 is_stmt 1 view -0
 6897              		.cfi_startproc
 6898              		@ args = 0, pretend = 0, frame = 0
 6899              		@ frame_needed = 0, uses_anonymous_args = 0
1396:./lwip-2.1.2/src/core/ipv4/dhcp.c ****   return ERR_OK;
 6900              		.loc 1 1396 3 view .LVU2301
1395:./lwip-2.1.2/src/core/ipv4/dhcp.c ****   dhcp_release_and_stop(netif);
 6901              		.loc 1 1395 1 is_stmt 0 view .LVU2302
 6902 1424 08B5     		push	{r3, lr}
 6903              	.LCFI62:
 6904              		.cfi_def_cfa_offset 8
 6905              		.cfi_offset 3, -8
 6906              		.cfi_offset 14, -4
1396:./lwip-2.1.2/src/core/ipv4/dhcp.c ****   return ERR_OK;
 6907              		.loc 1 1396 3 view .LVU2303
 6908 1426 FFF7FEFF 		bl	dhcp_release_and_stop
 6909              	.LVL497:
1397:./lwip-2.1.2/src/core/ipv4/dhcp.c **** }
 6910              		.loc 1 1397 3 is_stmt 1 view .LVU2304
1398:./lwip-2.1.2/src/core/ipv4/dhcp.c **** 
 6911              		.loc 1 1398 1 is_stmt 0 view .LVU2305
 6912 142a 0020     		movs	r0, #0
 6913 142c 08BD     		pop	{r3, pc}
 6914              		.cfi_endproc
 6915              	.LFE51:
 6917              		.align	1
 6918 142e 00BF     		.p2align 2,,3
 6919              		.global	dhcp_stop
 6920              		.syntax unified
 6921              		.thumb
 6922              		.thumb_func
 6924              	dhcp_stop:
 6925              	.LVL498:
 6926              	.LFB52:
1407:./lwip-2.1.2/src/core/ipv4/dhcp.c ****   dhcp_release_and_stop(netif);
 6927              		.loc 1 1407 1 is_stmt 1 view -0
 6928              		.cfi_startproc
 6929              		@ args = 0, pretend = 0, frame = 0
 6930              		@ frame_needed = 0, uses_anonymous_args = 0
 6931              		@ link register save eliminated.
1408:./lwip-2.1.2/src/core/ipv4/dhcp.c **** }
 6932              		.loc 1 1408 3 view .LVU2307
 6933 1430 FFF7FEBF 		b	dhcp_release_and_stop
 6934              	.LVL499:
1408:./lwip-2.1.2/src/core/ipv4/dhcp.c **** }
 6935              		.loc 1 1408 3 is_stmt 0 view .LVU2308
 6936              		.cfi_endproc
 6937              	.LFE52:
 6939              		.align	1
 6940              		.p2align 2,,3
 6941              		.global	dhcp_supplied_address
 6942              		.syntax unified
 6943              		.thumb
 6944              		.thumb_func
 6946              	dhcp_supplied_address:
 6947              	.LVL500:
 6948              	.LFB62:
1981:./lwip-2.1.2/src/core/ipv4/dhcp.c ****   if ((netif != NULL) && (netif_dhcp_data(netif) != NULL)) {
 6949              		.loc 1 1981 1 is_stmt 1 view -0
 6950              		.cfi_startproc
 6951              		@ args = 0, pretend = 0, frame = 0
 6952              		@ frame_needed = 0, uses_anonymous_args = 0
 6953              		@ link register save eliminated.
1982:./lwip-2.1.2/src/core/ipv4/dhcp.c ****     struct dhcp *dhcp = netif_dhcp_data(netif);
 6954              		.loc 1 1982 3 view .LVU2310
1982:./lwip-2.1.2/src/core/ipv4/dhcp.c ****     struct dhcp *dhcp = netif_dhcp_data(netif);
 6955              		.loc 1 1982 6 is_stmt 0 view .LVU2311
 6956 1434 48B1     		cbz	r0, .L516
1982:./lwip-2.1.2/src/core/ipv4/dhcp.c ****     struct dhcp *dhcp = netif_dhcp_data(netif);
 6957              		.loc 1 1982 27 discriminator 1 view .LVU2312
 6958 1436 006A     		ldr	r0, [r0, #32]
 6959              	.LVL501:
1982:./lwip-2.1.2/src/core/ipv4/dhcp.c ****     struct dhcp *dhcp = netif_dhcp_data(netif);
 6960              		.loc 1 1982 23 discriminator 1 view .LVU2313
 6961 1438 38B1     		cbz	r0, .L516
 6962              	.LBB905:
1983:./lwip-2.1.2/src/core/ipv4/dhcp.c ****     return (dhcp->state == DHCP_STATE_BOUND) || (dhcp->state == DHCP_STATE_RENEWING) ||
 6963              		.loc 1 1983 5 is_stmt 1 view .LVU2314
 6964              	.LVL502:
 6965              		.loc 1 1984 5 view .LVU2315
 6966              		.loc 1 1984 17 is_stmt 0 view .LVU2316
 6967 143a 4379     		ldrb	r3, [r0, #5]	@ zero_extendqisi2
 6968              		.loc 1 1984 86 discriminator 2 view .LVU2317
 6969 143c 181F     		subs	r0, r3, #4
 6970              	.LVL503:
 6971              		.loc 1 1984 86 discriminator 6 view .LVU2318
 6972 143e 0A2B     		cmp	r3, #10
 6973 1440 18BF     		it	ne
 6974 1442 0128     		cmpne	r0, #1
 6975 1444 94BF     		ite	ls
 6976 1446 0120     		movls	r0, #1
 6977 1448 0020     		movhi	r0, #0
 6978              	.LVL504:
 6979              	.L516:
 6980              		.loc 1 1984 86 discriminator 6 view .LVU2319
 6981              	.LBE905:
1985:./lwip-2.1.2/src/core/ipv4/dhcp.c ****            (dhcp->state == DHCP_STATE_REBINDING);
1986:./lwip-2.1.2/src/core/ipv4/dhcp.c ****   }
1987:./lwip-2.1.2/src/core/ipv4/dhcp.c ****   return 0;
1988:./lwip-2.1.2/src/core/ipv4/dhcp.c **** }
 6982              		.loc 1 1988 1 view .LVU2320
 6983 144a 7047     		bx	lr
 6984              		.cfi_endproc
 6985              	.LFE62:
 6987              		.global	dhcp_rx_options_given
 6988              		.global	dhcp_rx_options_val
 6989              		.bss
 6990              		.align	2
 6991              		.set	.LANCHOR0,. + 0
 6994              	xid.0:
 6995 0000 00000000 		.space	4
 6998              	dhcp_pcb_refcount:
 6999 0004 00       		.space	1
 7000 0005 000000   		.space	3
 7003              	dhcp_pcb:
 7004 0008 00000000 		.space	4
 7007              	dhcp_rx_options_given:
 7008 000c 00000000 		.space	8
 7008      00000000 
 7011              	dhcp_rx_options_val:
 7012 0014 00000000 		.space	32
 7012      00000000 
 7012      00000000 
 7012      00000000 
 7012      00000000 
 7013              		.text
 7014              	.Letext0:
 7015              		.file 2 "C:\\ST\\STM32CubeCLT_1.18.0\\GNU-tools-for-STM32\\bin\\../lib/gcc/arm-none-eabi/13.3.1/in
 7016              		.file 3 "C:\\ST\\STM32CubeCLT_1.18.0\\GNU-tools-for-STM32\\bin\\../lib/gcc/arm-none-eabi/13.3.1/..
 7017              		.file 4 "C:\\ST\\STM32CubeCLT_1.18.0\\GNU-tools-for-STM32\\bin\\../lib/gcc/arm-none-eabi/13.3.1/..
 7018              		.file 5 "./lwip-2.1.2/src/include/lwip/arch.h"
 7019              		.file 6 "./lwip-2.1.2/src/include/lwip/mem.h"
 7020              		.file 7 "./lwip-2.1.2/src/include/lwip/memp.h"
 7021              		.file 8 "./lwip-2.1.2/src/include/lwip/err.h"
 7022              		.file 9 "./lwip-2.1.2/src/include/lwip/pbuf.h"
 7023              		.file 10 "./lwip-2.1.2/src/include/lwip/ip4_addr.h"
 7024              		.file 11 "./lwip-2.1.2/src/include/lwip/ip_addr.h"
 7025              		.file 12 "./lwip-2.1.2/src/include/lwip/netif.h"
 7026              		.file 13 "./lwip-2.1.2/src/include/lwip/prot/ip4.h"
 7027              		.file 14 "./lwip-2.1.2/src/include/lwip/ip.h"
 7028              		.file 15 "./lwip-2.1.2/src/include/lwip/udp.h"
 7029              		.file 16 "./lwip-2.1.2/src/include/lwip/dhcp.h"
 7030              		.file 17 "./lwip-2.1.2/src/include/lwip/prot/dhcp.h"
 7031              		.file 18 "./lwip-2.1.2/src/include/lwip/prot/iana.h"
 7032              		.file 19 "./lwip-2.1.2/src/include/lwip/etharp.h"
 7033              		.file 20 "./lwip-2.1.2/src/include/lwip/def.h"
 7034              		.file 21 "C:\\ST\\STM32CubeCLT_1.18.0\\GNU-tools-for-STM32\\bin\\../lib/gcc/arm-none-eabi/13.3.1/.
 7035              		.file 22 "C:\\ST\\STM32CubeCLT_1.18.0\\GNU-tools-for-STM32\\bin\\../lib/gcc/arm-none-eabi/13.3.1/.
 7036              		.file 23 "<built-in>"
DEFINED SYMBOLS
                            *ABS*:00000000 dhcp.c
C:\Users\JAEJUN~1\AppData\Local\Temp\ccxBKMri.s:19     .text:00000000 $t
C:\Users\JAEJUN~1\AppData\Local\Temp\ccxBKMri.s:25     .text:00000000 dhcp_create_msg
C:\Users\JAEJUN~1\AppData\Local\Temp\ccxBKMri.s:301    .text:00000104 $d
C:\Users\JAEJUN~1\AppData\Local\Temp\ccxBKMri.s:305    .text:00000108 $t
C:\Users\JAEJUN~1\AppData\Local\Temp\ccxBKMri.s:311    .text:00000108 dhcp_check
C:\Users\JAEJUN~1\AppData\Local\Temp\ccxBKMri.s:395    .text:00000138 dhcp_bind
C:\Users\JAEJUN~1\AppData\Local\Temp\ccxBKMri.s:737    .text:00000260 $d
C:\Users\JAEJUN~1\AppData\Local\Temp\ccxBKMri.s:741    .text:00000264 $t
C:\Users\JAEJUN~1\AppData\Local\Temp\ccxBKMri.s:747    .text:00000264 dhcp_inc_pcb_refcount
C:\Users\JAEJUN~1\AppData\Local\Temp\ccxBKMri.s:823    .text:000002ac $d
C:\Users\JAEJUN~1\AppData\Local\Temp\ccxBKMri.s:2869   .text:000007dc dhcp_recv
C:\Users\JAEJUN~1\AppData\Local\Temp\ccxBKMri.s:829    .text:000002b8 $t
C:\Users\JAEJUN~1\AppData\Local\Temp\ccxBKMri.s:835    .text:000002b8 dhcp_handle_ack.isra.0
C:\Users\JAEJUN~1\AppData\Local\Temp\ccxBKMri.s:967    .text:00000324 $d
C:\Users\JAEJUN~1\AppData\Local\Temp\ccxBKMri.s:971    .text:00000328 $t
C:\Users\JAEJUN~1\AppData\Local\Temp\ccxBKMri.s:977    .text:00000328 dhcp_reboot.isra.0
C:\Users\JAEJUN~1\AppData\Local\Temp\ccxBKMri.s:1563   .text:000004a8 $d
C:\Users\JAEJUN~1\AppData\Local\Temp\ccxBKMri.s:1569   .text:000004b4 $t
C:\Users\JAEJUN~1\AppData\Local\Temp\ccxBKMri.s:1575   .text:000004b4 dhcp_discover
C:\Users\JAEJUN~1\AppData\Local\Temp\ccxBKMri.s:2090   .text:000005e4 $d
C:\Users\JAEJUN~1\AppData\Local\Temp\ccxBKMri.s:2097   .text:000005f4 $t
C:\Users\JAEJUN~1\AppData\Local\Temp\ccxBKMri.s:2103   .text:000005f4 dhcp_select.isra.0
C:\Users\JAEJUN~1\AppData\Local\Temp\ccxBKMri.s:2853   .text:000007cc $d
C:\Users\JAEJUN~1\AppData\Local\Temp\ccxBKMri.s:2863   .text:000007dc $t
C:\Users\JAEJUN~1\AppData\Local\Temp\ccxBKMri.s:3133   .text:000008ba $d
C:\Users\JAEJUN~1\AppData\Local\Temp\ccxBKMri.s:3194   .text:000008f6 $t
C:\Users\JAEJUN~1\AppData\Local\Temp\ccxBKMri.s:3561   .text:00000a20 $d
C:\Users\JAEJUN~1\AppData\Local\Temp\ccxBKMri.s:3567   .text:00000a28 $t
C:\Users\JAEJUN~1\AppData\Local\Temp\ccxBKMri.s:3669   .text:00000a98 $d
C:\Users\JAEJUN~1\AppData\Local\Temp\ccxBKMri.s:3730   .text:00000b88 $t
C:\Users\JAEJUN~1\AppData\Local\Temp\ccxBKMri.s:3967   .text:00000c60 $d
C:\Users\JAEJUN~1\AppData\Local\Temp\ccxBKMri.s:3971   .text:00000c64 $t
C:\Users\JAEJUN~1\AppData\Local\Temp\ccxBKMri.s:3978   .text:00000c64 dhcp_set_struct
C:\Users\JAEJUN~1\AppData\Local\Temp\ccxBKMri.s:4025   .text:00000c78 dhcp_cleanup
C:\Users\JAEJUN~1\AppData\Local\Temp\ccxBKMri.s:4068   .text:00000c8c dhcp_inform
C:\Users\JAEJUN~1\AppData\Local\Temp\ccxBKMri.s:4404   .text:00000d60 $d
C:\Users\JAEJUN~1\AppData\Local\Temp\ccxBKMri.s:4409   .text:00000d68 $t
C:\Users\JAEJUN~1\AppData\Local\Temp\ccxBKMri.s:4416   .text:00000d68 dhcp_network_changed
C:\Users\JAEJUN~1\AppData\Local\Temp\ccxBKMri.s:4475   .text:00000d90 dhcp_arp_reply
C:\Users\JAEJUN~1\AppData\Local\Temp\ccxBKMri.s:4829   .text:00000e7c $d
C:\Users\JAEJUN~1\AppData\Local\Temp\ccxBKMri.s:4837   .text:00000e88 $t
C:\Users\JAEJUN~1\AppData\Local\Temp\ccxBKMri.s:4844   .text:00000e88 dhcp_renew
C:\Users\JAEJUN~1\AppData\Local\Temp\ccxBKMri.s:5345   .text:00000fc4 $d
C:\Users\JAEJUN~1\AppData\Local\Temp\ccxBKMri.s:5350   .text:00000fcc $t
C:\Users\JAEJUN~1\AppData\Local\Temp\ccxBKMri.s:5357   .text:00000fcc dhcp_release_and_stop
C:\Users\JAEJUN~1\AppData\Local\Temp\ccxBKMri.s:5765   .text:000010fc $d
C:\Users\JAEJUN~1\AppData\Local\Temp\ccxBKMri.s:5774   .text:00001104 $t
C:\Users\JAEJUN~1\AppData\Local\Temp\ccxBKMri.s:5781   .text:00001104 dhcp_start
C:\Users\JAEJUN~1\AppData\Local\Temp\ccxBKMri.s:5976   .text:00001198 $d
C:\Users\JAEJUN~1\AppData\Local\Temp\ccxBKMri.s:5980   .text:0000119c $t
C:\Users\JAEJUN~1\AppData\Local\Temp\ccxBKMri.s:5987   .text:0000119c dhcp_coarse_tmr
C:\Users\JAEJUN~1\AppData\Local\Temp\ccxBKMri.s:6664   .text:00001360 $d
C:\Users\JAEJUN~1\AppData\Local\Temp\ccxBKMri.s:6679   .text:00001370 $t
C:\Users\JAEJUN~1\AppData\Local\Temp\ccxBKMri.s:6686   .text:00001370 dhcp_fine_tmr
C:\Users\JAEJUN~1\AppData\Local\Temp\ccxBKMri.s:6765   .text:000013a4 $d
C:\Users\JAEJUN~1\AppData\Local\Temp\ccxBKMri.s:6778   .text:000013d4 $t
C:\Users\JAEJUN~1\AppData\Local\Temp\ccxBKMri.s:6879   .text:00001420 $d
C:\Users\JAEJUN~1\AppData\Local\Temp\ccxBKMri.s:6886   .text:00001424 $t
C:\Users\JAEJUN~1\AppData\Local\Temp\ccxBKMri.s:6893   .text:00001424 dhcp_release
C:\Users\JAEJUN~1\AppData\Local\Temp\ccxBKMri.s:6924   .text:00001430 dhcp_stop
C:\Users\JAEJUN~1\AppData\Local\Temp\ccxBKMri.s:6946   .text:00001434 dhcp_supplied_address
C:\Users\JAEJUN~1\AppData\Local\Temp\ccxBKMri.s:7007   .bss:0000000c dhcp_rx_options_given
C:\Users\JAEJUN~1\AppData\Local\Temp\ccxBKMri.s:7011   .bss:00000014 dhcp_rx_options_val
C:\Users\JAEJUN~1\AppData\Local\Temp\ccxBKMri.s:6990   .bss:00000000 $d
C:\Users\JAEJUN~1\AppData\Local\Temp\ccxBKMri.s:6994   .bss:00000000 xid.0
C:\Users\JAEJUN~1\AppData\Local\Temp\ccxBKMri.s:6998   .bss:00000004 dhcp_pcb_refcount
C:\Users\JAEJUN~1\AppData\Local\Temp\ccxBKMri.s:7003   .bss:00000008 dhcp_pcb

UNDEFINED SYMBOLS
pbuf_alloc
memset
lwip_htonl
rand
etharp_query
netif_set_addr
udp_new
udp_bind
udp_connect
udp_recv
ip_addr_any
pbuf_realloc
udp_sendto_if
pbuf_free
ip_addr_broadcast
udp_sendto_if_src
pbuf_copy_partial
ip_data
mem_free
udp_remove
mem_malloc
netif_list
