   1              		.cpu cortex-m7
   2              		.arch armv7e-m
   3              		.fpu fpv5-d16
   4              		.eabi_attribute 28, 1
   5              		.eabi_attribute 20, 1
   6              		.eabi_attribute 21, 1
   7              		.eabi_attribute 23, 3
   8              		.eabi_attribute 24, 1
   9              		.eabi_attribute 25, 1
  10              		.eabi_attribute 26, 1
  11              		.eabi_attribute 30, 2
  12              		.eabi_attribute 34, 1
  13              		.eabi_attribute 18, 4
  14              		.file	"ip4_frag.c"
  15              		.text
  16              	.Ltext0:
  17              		.cfi_sections	.debug_frame
  18              		.file 1 "./lwip-2.1.2/src/core/ipv4/ip4_frag.c"
  19              		.align	1
  20              		.p2align 2,,3
  21              		.syntax unified
  22              		.thumb
  23              		.thumb_func
  25              	ipfrag_free_pbuf_custom:
  26              	.LVL0:
  27              	.LFB35:
   1:./lwip-2.1.2/src/core/ipv4/ip4_frag.c **** /**
   2:./lwip-2.1.2/src/core/ipv4/ip4_frag.c ****  * @file
   3:./lwip-2.1.2/src/core/ipv4/ip4_frag.c ****  * This is the IPv4 packet segmentation and reassembly implementation.
   4:./lwip-2.1.2/src/core/ipv4/ip4_frag.c ****  *
   5:./lwip-2.1.2/src/core/ipv4/ip4_frag.c ****  */
   6:./lwip-2.1.2/src/core/ipv4/ip4_frag.c **** 
   7:./lwip-2.1.2/src/core/ipv4/ip4_frag.c **** /*
   8:./lwip-2.1.2/src/core/ipv4/ip4_frag.c ****  * Copyright (c) 2001-2004 Swedish Institute of Computer Science.
   9:./lwip-2.1.2/src/core/ipv4/ip4_frag.c ****  * All rights reserved.
  10:./lwip-2.1.2/src/core/ipv4/ip4_frag.c ****  *
  11:./lwip-2.1.2/src/core/ipv4/ip4_frag.c ****  * Redistribution and use in source and binary forms, with or without modification,
  12:./lwip-2.1.2/src/core/ipv4/ip4_frag.c ****  * are permitted provided that the following conditions are met:
  13:./lwip-2.1.2/src/core/ipv4/ip4_frag.c ****  *
  14:./lwip-2.1.2/src/core/ipv4/ip4_frag.c ****  * 1. Redistributions of source code must retain the above copyright notice,
  15:./lwip-2.1.2/src/core/ipv4/ip4_frag.c ****  *    this list of conditions and the following disclaimer.
  16:./lwip-2.1.2/src/core/ipv4/ip4_frag.c ****  * 2. Redistributions in binary form must reproduce the above copyright notice,
  17:./lwip-2.1.2/src/core/ipv4/ip4_frag.c ****  *    this list of conditions and the following disclaimer in the documentation
  18:./lwip-2.1.2/src/core/ipv4/ip4_frag.c ****  *    and/or other materials provided with the distribution.
  19:./lwip-2.1.2/src/core/ipv4/ip4_frag.c ****  * 3. The name of the author may not be used to endorse or promote products
  20:./lwip-2.1.2/src/core/ipv4/ip4_frag.c ****  *    derived from this software without specific prior written permission.
  21:./lwip-2.1.2/src/core/ipv4/ip4_frag.c ****  *
  22:./lwip-2.1.2/src/core/ipv4/ip4_frag.c ****  * THIS SOFTWARE IS PROVIDED BY THE AUTHOR ``AS IS'' AND ANY EXPRESS OR IMPLIED
  23:./lwip-2.1.2/src/core/ipv4/ip4_frag.c ****  * WARRANTIES, INCLUDING, BUT NOT LIMITED TO, THE IMPLIED WARRANTIES OF
  24:./lwip-2.1.2/src/core/ipv4/ip4_frag.c ****  * MERCHANTABILITY AND FITNESS FOR A PARTICULAR PURPOSE ARE DISCLAIMED. IN NO EVENT
  25:./lwip-2.1.2/src/core/ipv4/ip4_frag.c ****  * SHALL THE AUTHOR BE LIABLE FOR ANY DIRECT, INDIRECT, INCIDENTAL, SPECIAL,
  26:./lwip-2.1.2/src/core/ipv4/ip4_frag.c ****  * EXEMPLARY, OR CONSEQUENTIAL DAMAGES (INCLUDING, BUT NOT LIMITED TO, PROCUREMENT
  27:./lwip-2.1.2/src/core/ipv4/ip4_frag.c ****  * OF SUBSTITUTE GOODS OR SERVICES; LOSS OF USE, DATA, OR PROFITS; OR BUSINESS
  28:./lwip-2.1.2/src/core/ipv4/ip4_frag.c ****  * INTERRUPTION) HOWEVER CAUSED AND ON ANY THEORY OF LIABILITY, WHETHER IN
  29:./lwip-2.1.2/src/core/ipv4/ip4_frag.c ****  * CONTRACT, STRICT LIABILITY, OR TORT (INCLUDING NEGLIGENCE OR OTHERWISE) ARISING
  30:./lwip-2.1.2/src/core/ipv4/ip4_frag.c ****  * IN ANY WAY OUT OF THE USE OF THIS SOFTWARE, EVEN IF ADVISED OF THE POSSIBILITY
  31:./lwip-2.1.2/src/core/ipv4/ip4_frag.c ****  * OF SUCH DAMAGE.
  32:./lwip-2.1.2/src/core/ipv4/ip4_frag.c ****  *
  33:./lwip-2.1.2/src/core/ipv4/ip4_frag.c ****  * This file is part of the lwIP TCP/IP stack.
  34:./lwip-2.1.2/src/core/ipv4/ip4_frag.c ****  *
  35:./lwip-2.1.2/src/core/ipv4/ip4_frag.c ****  * Author: Jani Monoses <jani@iv.ro>
  36:./lwip-2.1.2/src/core/ipv4/ip4_frag.c ****  *         Simon Goldschmidt
  37:./lwip-2.1.2/src/core/ipv4/ip4_frag.c ****  * original reassembly code by Adam Dunkels <adam@sics.se>
  38:./lwip-2.1.2/src/core/ipv4/ip4_frag.c ****  *
  39:./lwip-2.1.2/src/core/ipv4/ip4_frag.c ****  */
  40:./lwip-2.1.2/src/core/ipv4/ip4_frag.c **** 
  41:./lwip-2.1.2/src/core/ipv4/ip4_frag.c **** #include "lwip/opt.h"
  42:./lwip-2.1.2/src/core/ipv4/ip4_frag.c **** 
  43:./lwip-2.1.2/src/core/ipv4/ip4_frag.c **** #if LWIP_IPV4
  44:./lwip-2.1.2/src/core/ipv4/ip4_frag.c **** 
  45:./lwip-2.1.2/src/core/ipv4/ip4_frag.c **** #include "lwip/ip4_frag.h"
  46:./lwip-2.1.2/src/core/ipv4/ip4_frag.c **** #include "lwip/def.h"
  47:./lwip-2.1.2/src/core/ipv4/ip4_frag.c **** #include "lwip/inet_chksum.h"
  48:./lwip-2.1.2/src/core/ipv4/ip4_frag.c **** #include "lwip/netif.h"
  49:./lwip-2.1.2/src/core/ipv4/ip4_frag.c **** #include "lwip/stats.h"
  50:./lwip-2.1.2/src/core/ipv4/ip4_frag.c **** #include "lwip/icmp.h"
  51:./lwip-2.1.2/src/core/ipv4/ip4_frag.c **** 
  52:./lwip-2.1.2/src/core/ipv4/ip4_frag.c **** #include <string.h>
  53:./lwip-2.1.2/src/core/ipv4/ip4_frag.c **** 
  54:./lwip-2.1.2/src/core/ipv4/ip4_frag.c **** #if IP_REASSEMBLY
  55:./lwip-2.1.2/src/core/ipv4/ip4_frag.c **** /**
  56:./lwip-2.1.2/src/core/ipv4/ip4_frag.c ****  * The IP reassembly code currently has the following limitations:
  57:./lwip-2.1.2/src/core/ipv4/ip4_frag.c ****  * - IP header options are not supported
  58:./lwip-2.1.2/src/core/ipv4/ip4_frag.c ****  * - fragments must not overlap (e.g. due to different routes),
  59:./lwip-2.1.2/src/core/ipv4/ip4_frag.c ****  *   currently, overlapping or duplicate fragments are thrown away
  60:./lwip-2.1.2/src/core/ipv4/ip4_frag.c ****  *   if IP_REASS_CHECK_OVERLAP=1 (the default)!
  61:./lwip-2.1.2/src/core/ipv4/ip4_frag.c ****  *
  62:./lwip-2.1.2/src/core/ipv4/ip4_frag.c ****  * @todo: work with IP header options
  63:./lwip-2.1.2/src/core/ipv4/ip4_frag.c ****  */
  64:./lwip-2.1.2/src/core/ipv4/ip4_frag.c **** 
  65:./lwip-2.1.2/src/core/ipv4/ip4_frag.c **** /** Setting this to 0, you can turn off checking the fragments for overlapping
  66:./lwip-2.1.2/src/core/ipv4/ip4_frag.c ****  * regions. The code gets a little smaller. Only use this if you know that
  67:./lwip-2.1.2/src/core/ipv4/ip4_frag.c ****  * overlapping won't occur on your network! */
  68:./lwip-2.1.2/src/core/ipv4/ip4_frag.c **** #ifndef IP_REASS_CHECK_OVERLAP
  69:./lwip-2.1.2/src/core/ipv4/ip4_frag.c **** #define IP_REASS_CHECK_OVERLAP 1
  70:./lwip-2.1.2/src/core/ipv4/ip4_frag.c **** #endif /* IP_REASS_CHECK_OVERLAP */
  71:./lwip-2.1.2/src/core/ipv4/ip4_frag.c **** 
  72:./lwip-2.1.2/src/core/ipv4/ip4_frag.c **** /** Set to 0 to prevent freeing the oldest datagram when the reassembly buffer is
  73:./lwip-2.1.2/src/core/ipv4/ip4_frag.c ****  * full (IP_REASS_MAX_PBUFS pbufs are enqueued). The code gets a little smaller.
  74:./lwip-2.1.2/src/core/ipv4/ip4_frag.c ****  * Datagrams will be freed by timeout only. Especially useful when MEMP_NUM_REASSDATA
  75:./lwip-2.1.2/src/core/ipv4/ip4_frag.c ****  * is set to 1, so one datagram can be reassembled at a time, only. */
  76:./lwip-2.1.2/src/core/ipv4/ip4_frag.c **** #ifndef IP_REASS_FREE_OLDEST
  77:./lwip-2.1.2/src/core/ipv4/ip4_frag.c **** #define IP_REASS_FREE_OLDEST 1
  78:./lwip-2.1.2/src/core/ipv4/ip4_frag.c **** #endif /* IP_REASS_FREE_OLDEST */
  79:./lwip-2.1.2/src/core/ipv4/ip4_frag.c **** 
  80:./lwip-2.1.2/src/core/ipv4/ip4_frag.c **** #define IP_REASS_FLAG_LASTFRAG 0x01
  81:./lwip-2.1.2/src/core/ipv4/ip4_frag.c **** 
  82:./lwip-2.1.2/src/core/ipv4/ip4_frag.c **** #define IP_REASS_VALIDATE_TELEGRAM_FINISHED  1
  83:./lwip-2.1.2/src/core/ipv4/ip4_frag.c **** #define IP_REASS_VALIDATE_PBUF_QUEUED        0
  84:./lwip-2.1.2/src/core/ipv4/ip4_frag.c **** #define IP_REASS_VALIDATE_PBUF_DROPPED       -1
  85:./lwip-2.1.2/src/core/ipv4/ip4_frag.c **** 
  86:./lwip-2.1.2/src/core/ipv4/ip4_frag.c **** /** This is a helper struct which holds the starting
  87:./lwip-2.1.2/src/core/ipv4/ip4_frag.c ****  * offset and the ending offset of this fragment to
  88:./lwip-2.1.2/src/core/ipv4/ip4_frag.c ****  * easily chain the fragments.
  89:./lwip-2.1.2/src/core/ipv4/ip4_frag.c ****  * It has the same packing requirements as the IP header, since it replaces
  90:./lwip-2.1.2/src/core/ipv4/ip4_frag.c ****  * the IP header in memory in incoming fragments (after copying it) to keep
  91:./lwip-2.1.2/src/core/ipv4/ip4_frag.c ****  * track of the various fragments. (-> If the IP header doesn't need packing,
  92:./lwip-2.1.2/src/core/ipv4/ip4_frag.c ****  * this struct doesn't need packing, too.)
  93:./lwip-2.1.2/src/core/ipv4/ip4_frag.c ****  */
  94:./lwip-2.1.2/src/core/ipv4/ip4_frag.c **** #ifdef PACK_STRUCT_USE_INCLUDES
  95:./lwip-2.1.2/src/core/ipv4/ip4_frag.c **** #  include "arch/bpstruct.h"
  96:./lwip-2.1.2/src/core/ipv4/ip4_frag.c **** #endif
  97:./lwip-2.1.2/src/core/ipv4/ip4_frag.c **** PACK_STRUCT_BEGIN
  98:./lwip-2.1.2/src/core/ipv4/ip4_frag.c **** struct ip_reass_helper {
  99:./lwip-2.1.2/src/core/ipv4/ip4_frag.c ****   PACK_STRUCT_FIELD(struct pbuf *next_pbuf);
 100:./lwip-2.1.2/src/core/ipv4/ip4_frag.c ****   PACK_STRUCT_FIELD(u16_t start);
 101:./lwip-2.1.2/src/core/ipv4/ip4_frag.c ****   PACK_STRUCT_FIELD(u16_t end);
 102:./lwip-2.1.2/src/core/ipv4/ip4_frag.c **** } PACK_STRUCT_STRUCT;
 103:./lwip-2.1.2/src/core/ipv4/ip4_frag.c **** PACK_STRUCT_END
 104:./lwip-2.1.2/src/core/ipv4/ip4_frag.c **** #ifdef PACK_STRUCT_USE_INCLUDES
 105:./lwip-2.1.2/src/core/ipv4/ip4_frag.c **** #  include "arch/epstruct.h"
 106:./lwip-2.1.2/src/core/ipv4/ip4_frag.c **** #endif
 107:./lwip-2.1.2/src/core/ipv4/ip4_frag.c **** 
 108:./lwip-2.1.2/src/core/ipv4/ip4_frag.c **** #define IP_ADDRESSES_AND_ID_MATCH(iphdrA, iphdrB)  \
 109:./lwip-2.1.2/src/core/ipv4/ip4_frag.c ****   (ip4_addr_cmp(&(iphdrA)->src, &(iphdrB)->src) && \
 110:./lwip-2.1.2/src/core/ipv4/ip4_frag.c ****    ip4_addr_cmp(&(iphdrA)->dest, &(iphdrB)->dest) && \
 111:./lwip-2.1.2/src/core/ipv4/ip4_frag.c ****    IPH_ID(iphdrA) == IPH_ID(iphdrB)) ? 1 : 0
 112:./lwip-2.1.2/src/core/ipv4/ip4_frag.c **** 
 113:./lwip-2.1.2/src/core/ipv4/ip4_frag.c **** /* global variables */
 114:./lwip-2.1.2/src/core/ipv4/ip4_frag.c **** static struct ip_reassdata *reassdatagrams;
 115:./lwip-2.1.2/src/core/ipv4/ip4_frag.c **** static u16_t ip_reass_pbufcount;
 116:./lwip-2.1.2/src/core/ipv4/ip4_frag.c **** 
 117:./lwip-2.1.2/src/core/ipv4/ip4_frag.c **** /* function prototypes */
 118:./lwip-2.1.2/src/core/ipv4/ip4_frag.c **** static void ip_reass_dequeue_datagram(struct ip_reassdata *ipr, struct ip_reassdata *prev);
 119:./lwip-2.1.2/src/core/ipv4/ip4_frag.c **** static int ip_reass_free_complete_datagram(struct ip_reassdata *ipr, struct ip_reassdata *prev);
 120:./lwip-2.1.2/src/core/ipv4/ip4_frag.c **** 
 121:./lwip-2.1.2/src/core/ipv4/ip4_frag.c **** /**
 122:./lwip-2.1.2/src/core/ipv4/ip4_frag.c ****  * Reassembly timer base function
 123:./lwip-2.1.2/src/core/ipv4/ip4_frag.c ****  * for both NO_SYS == 0 and 1 (!).
 124:./lwip-2.1.2/src/core/ipv4/ip4_frag.c ****  *
 125:./lwip-2.1.2/src/core/ipv4/ip4_frag.c ****  * Should be called every 1000 msec (defined by IP_TMR_INTERVAL).
 126:./lwip-2.1.2/src/core/ipv4/ip4_frag.c ****  */
 127:./lwip-2.1.2/src/core/ipv4/ip4_frag.c **** void
 128:./lwip-2.1.2/src/core/ipv4/ip4_frag.c **** ip_reass_tmr(void)
 129:./lwip-2.1.2/src/core/ipv4/ip4_frag.c **** {
 130:./lwip-2.1.2/src/core/ipv4/ip4_frag.c ****   struct ip_reassdata *r, *prev = NULL;
 131:./lwip-2.1.2/src/core/ipv4/ip4_frag.c **** 
 132:./lwip-2.1.2/src/core/ipv4/ip4_frag.c ****   r = reassdatagrams;
 133:./lwip-2.1.2/src/core/ipv4/ip4_frag.c ****   while (r != NULL) {
 134:./lwip-2.1.2/src/core/ipv4/ip4_frag.c ****     /* Decrement the timer. Once it reaches 0,
 135:./lwip-2.1.2/src/core/ipv4/ip4_frag.c ****      * clean up the incomplete fragment assembly */
 136:./lwip-2.1.2/src/core/ipv4/ip4_frag.c ****     if (r->timer > 0) {
 137:./lwip-2.1.2/src/core/ipv4/ip4_frag.c ****       r->timer--;
 138:./lwip-2.1.2/src/core/ipv4/ip4_frag.c ****       LWIP_DEBUGF(IP_REASS_DEBUG, ("ip_reass_tmr: timer dec %"U16_F"\n", (u16_t)r->timer));
 139:./lwip-2.1.2/src/core/ipv4/ip4_frag.c ****       prev = r;
 140:./lwip-2.1.2/src/core/ipv4/ip4_frag.c ****       r = r->next;
 141:./lwip-2.1.2/src/core/ipv4/ip4_frag.c ****     } else {
 142:./lwip-2.1.2/src/core/ipv4/ip4_frag.c ****       /* reassembly timed out */
 143:./lwip-2.1.2/src/core/ipv4/ip4_frag.c ****       struct ip_reassdata *tmp;
 144:./lwip-2.1.2/src/core/ipv4/ip4_frag.c ****       LWIP_DEBUGF(IP_REASS_DEBUG, ("ip_reass_tmr: timer timed out\n"));
 145:./lwip-2.1.2/src/core/ipv4/ip4_frag.c ****       tmp = r;
 146:./lwip-2.1.2/src/core/ipv4/ip4_frag.c ****       /* get the next pointer before freeing */
 147:./lwip-2.1.2/src/core/ipv4/ip4_frag.c ****       r = r->next;
 148:./lwip-2.1.2/src/core/ipv4/ip4_frag.c ****       /* free the helper struct and all enqueued pbufs */
 149:./lwip-2.1.2/src/core/ipv4/ip4_frag.c ****       ip_reass_free_complete_datagram(tmp, prev);
 150:./lwip-2.1.2/src/core/ipv4/ip4_frag.c ****     }
 151:./lwip-2.1.2/src/core/ipv4/ip4_frag.c ****   }
 152:./lwip-2.1.2/src/core/ipv4/ip4_frag.c **** }
 153:./lwip-2.1.2/src/core/ipv4/ip4_frag.c **** 
 154:./lwip-2.1.2/src/core/ipv4/ip4_frag.c **** /**
 155:./lwip-2.1.2/src/core/ipv4/ip4_frag.c ****  * Free a datagram (struct ip_reassdata) and all its pbufs.
 156:./lwip-2.1.2/src/core/ipv4/ip4_frag.c ****  * Updates the total count of enqueued pbufs (ip_reass_pbufcount),
 157:./lwip-2.1.2/src/core/ipv4/ip4_frag.c ****  * SNMP counters and sends an ICMP time exceeded packet.
 158:./lwip-2.1.2/src/core/ipv4/ip4_frag.c ****  *
 159:./lwip-2.1.2/src/core/ipv4/ip4_frag.c ****  * @param ipr datagram to free
 160:./lwip-2.1.2/src/core/ipv4/ip4_frag.c ****  * @param prev the previous datagram in the linked list
 161:./lwip-2.1.2/src/core/ipv4/ip4_frag.c ****  * @return the number of pbufs freed
 162:./lwip-2.1.2/src/core/ipv4/ip4_frag.c ****  */
 163:./lwip-2.1.2/src/core/ipv4/ip4_frag.c **** static int
 164:./lwip-2.1.2/src/core/ipv4/ip4_frag.c **** ip_reass_free_complete_datagram(struct ip_reassdata *ipr, struct ip_reassdata *prev)
 165:./lwip-2.1.2/src/core/ipv4/ip4_frag.c **** {
 166:./lwip-2.1.2/src/core/ipv4/ip4_frag.c ****   u16_t pbufs_freed = 0;
 167:./lwip-2.1.2/src/core/ipv4/ip4_frag.c ****   u16_t clen;
 168:./lwip-2.1.2/src/core/ipv4/ip4_frag.c ****   struct pbuf *p;
 169:./lwip-2.1.2/src/core/ipv4/ip4_frag.c ****   struct ip_reass_helper *iprh;
 170:./lwip-2.1.2/src/core/ipv4/ip4_frag.c **** 
 171:./lwip-2.1.2/src/core/ipv4/ip4_frag.c ****   LWIP_ASSERT("prev != ipr", prev != ipr);
 172:./lwip-2.1.2/src/core/ipv4/ip4_frag.c ****   if (prev != NULL) {
 173:./lwip-2.1.2/src/core/ipv4/ip4_frag.c ****     LWIP_ASSERT("prev->next == ipr", prev->next == ipr);
 174:./lwip-2.1.2/src/core/ipv4/ip4_frag.c ****   }
 175:./lwip-2.1.2/src/core/ipv4/ip4_frag.c **** 
 176:./lwip-2.1.2/src/core/ipv4/ip4_frag.c ****   MIB2_STATS_INC(mib2.ipreasmfails);
 177:./lwip-2.1.2/src/core/ipv4/ip4_frag.c **** #if LWIP_ICMP
 178:./lwip-2.1.2/src/core/ipv4/ip4_frag.c ****   iprh = (struct ip_reass_helper *)ipr->p->payload;
 179:./lwip-2.1.2/src/core/ipv4/ip4_frag.c ****   if (iprh->start == 0) {
 180:./lwip-2.1.2/src/core/ipv4/ip4_frag.c ****     /* The first fragment was received, send ICMP time exceeded. */
 181:./lwip-2.1.2/src/core/ipv4/ip4_frag.c ****     /* First, de-queue the first pbuf from r->p. */
 182:./lwip-2.1.2/src/core/ipv4/ip4_frag.c ****     p = ipr->p;
 183:./lwip-2.1.2/src/core/ipv4/ip4_frag.c ****     ipr->p = iprh->next_pbuf;
 184:./lwip-2.1.2/src/core/ipv4/ip4_frag.c ****     /* Then, copy the original header into it. */
 185:./lwip-2.1.2/src/core/ipv4/ip4_frag.c ****     SMEMCPY(p->payload, &ipr->iphdr, IP_HLEN);
 186:./lwip-2.1.2/src/core/ipv4/ip4_frag.c ****     icmp_time_exceeded(p, ICMP_TE_FRAG);
 187:./lwip-2.1.2/src/core/ipv4/ip4_frag.c ****     clen = pbuf_clen(p);
 188:./lwip-2.1.2/src/core/ipv4/ip4_frag.c ****     LWIP_ASSERT("pbufs_freed + clen <= 0xffff", pbufs_freed + clen <= 0xffff);
 189:./lwip-2.1.2/src/core/ipv4/ip4_frag.c ****     pbufs_freed = (u16_t)(pbufs_freed + clen);
 190:./lwip-2.1.2/src/core/ipv4/ip4_frag.c ****     pbuf_free(p);
 191:./lwip-2.1.2/src/core/ipv4/ip4_frag.c ****   }
 192:./lwip-2.1.2/src/core/ipv4/ip4_frag.c **** #endif /* LWIP_ICMP */
 193:./lwip-2.1.2/src/core/ipv4/ip4_frag.c **** 
 194:./lwip-2.1.2/src/core/ipv4/ip4_frag.c ****   /* First, free all received pbufs.  The individual pbufs need to be released
 195:./lwip-2.1.2/src/core/ipv4/ip4_frag.c ****      separately as they have not yet been chained */
 196:./lwip-2.1.2/src/core/ipv4/ip4_frag.c ****   p = ipr->p;
 197:./lwip-2.1.2/src/core/ipv4/ip4_frag.c ****   while (p != NULL) {
 198:./lwip-2.1.2/src/core/ipv4/ip4_frag.c ****     struct pbuf *pcur;
 199:./lwip-2.1.2/src/core/ipv4/ip4_frag.c ****     iprh = (struct ip_reass_helper *)p->payload;
 200:./lwip-2.1.2/src/core/ipv4/ip4_frag.c ****     pcur = p;
 201:./lwip-2.1.2/src/core/ipv4/ip4_frag.c ****     /* get the next pointer before freeing */
 202:./lwip-2.1.2/src/core/ipv4/ip4_frag.c ****     p = iprh->next_pbuf;
 203:./lwip-2.1.2/src/core/ipv4/ip4_frag.c ****     clen = pbuf_clen(pcur);
 204:./lwip-2.1.2/src/core/ipv4/ip4_frag.c ****     LWIP_ASSERT("pbufs_freed + clen <= 0xffff", pbufs_freed + clen <= 0xffff);
 205:./lwip-2.1.2/src/core/ipv4/ip4_frag.c ****     pbufs_freed = (u16_t)(pbufs_freed + clen);
 206:./lwip-2.1.2/src/core/ipv4/ip4_frag.c ****     pbuf_free(pcur);
 207:./lwip-2.1.2/src/core/ipv4/ip4_frag.c ****   }
 208:./lwip-2.1.2/src/core/ipv4/ip4_frag.c ****   /* Then, unchain the struct ip_reassdata from the list and free it. */
 209:./lwip-2.1.2/src/core/ipv4/ip4_frag.c ****   ip_reass_dequeue_datagram(ipr, prev);
 210:./lwip-2.1.2/src/core/ipv4/ip4_frag.c ****   LWIP_ASSERT("ip_reass_pbufcount >= pbufs_freed", ip_reass_pbufcount >= pbufs_freed);
 211:./lwip-2.1.2/src/core/ipv4/ip4_frag.c ****   ip_reass_pbufcount = (u16_t)(ip_reass_pbufcount - pbufs_freed);
 212:./lwip-2.1.2/src/core/ipv4/ip4_frag.c **** 
 213:./lwip-2.1.2/src/core/ipv4/ip4_frag.c ****   return pbufs_freed;
 214:./lwip-2.1.2/src/core/ipv4/ip4_frag.c **** }
 215:./lwip-2.1.2/src/core/ipv4/ip4_frag.c **** 
 216:./lwip-2.1.2/src/core/ipv4/ip4_frag.c **** #if IP_REASS_FREE_OLDEST
 217:./lwip-2.1.2/src/core/ipv4/ip4_frag.c **** /**
 218:./lwip-2.1.2/src/core/ipv4/ip4_frag.c ****  * Free the oldest datagram to make room for enqueueing new fragments.
 219:./lwip-2.1.2/src/core/ipv4/ip4_frag.c ****  * The datagram 'fraghdr' belongs to is not freed!
 220:./lwip-2.1.2/src/core/ipv4/ip4_frag.c ****  *
 221:./lwip-2.1.2/src/core/ipv4/ip4_frag.c ****  * @param fraghdr IP header of the current fragment
 222:./lwip-2.1.2/src/core/ipv4/ip4_frag.c ****  * @param pbufs_needed number of pbufs needed to enqueue
 223:./lwip-2.1.2/src/core/ipv4/ip4_frag.c ****  *        (used for freeing other datagrams if not enough space)
 224:./lwip-2.1.2/src/core/ipv4/ip4_frag.c ****  * @return the number of pbufs freed
 225:./lwip-2.1.2/src/core/ipv4/ip4_frag.c ****  */
 226:./lwip-2.1.2/src/core/ipv4/ip4_frag.c **** static int
 227:./lwip-2.1.2/src/core/ipv4/ip4_frag.c **** ip_reass_remove_oldest_datagram(struct ip_hdr *fraghdr, int pbufs_needed)
 228:./lwip-2.1.2/src/core/ipv4/ip4_frag.c **** {
 229:./lwip-2.1.2/src/core/ipv4/ip4_frag.c ****   /* @todo Can't we simply remove the last datagram in the
 230:./lwip-2.1.2/src/core/ipv4/ip4_frag.c ****    *       linked list behind reassdatagrams?
 231:./lwip-2.1.2/src/core/ipv4/ip4_frag.c ****    */
 232:./lwip-2.1.2/src/core/ipv4/ip4_frag.c ****   struct ip_reassdata *r, *oldest, *prev, *oldest_prev;
 233:./lwip-2.1.2/src/core/ipv4/ip4_frag.c ****   int pbufs_freed = 0, pbufs_freed_current;
 234:./lwip-2.1.2/src/core/ipv4/ip4_frag.c ****   int other_datagrams;
 235:./lwip-2.1.2/src/core/ipv4/ip4_frag.c **** 
 236:./lwip-2.1.2/src/core/ipv4/ip4_frag.c ****   /* Free datagrams until being allowed to enqueue 'pbufs_needed' pbufs,
 237:./lwip-2.1.2/src/core/ipv4/ip4_frag.c ****    * but don't free the datagram that 'fraghdr' belongs to! */
 238:./lwip-2.1.2/src/core/ipv4/ip4_frag.c ****   do {
 239:./lwip-2.1.2/src/core/ipv4/ip4_frag.c ****     oldest = NULL;
 240:./lwip-2.1.2/src/core/ipv4/ip4_frag.c ****     prev = NULL;
 241:./lwip-2.1.2/src/core/ipv4/ip4_frag.c ****     oldest_prev = NULL;
 242:./lwip-2.1.2/src/core/ipv4/ip4_frag.c ****     other_datagrams = 0;
 243:./lwip-2.1.2/src/core/ipv4/ip4_frag.c ****     r = reassdatagrams;
 244:./lwip-2.1.2/src/core/ipv4/ip4_frag.c ****     while (r != NULL) {
 245:./lwip-2.1.2/src/core/ipv4/ip4_frag.c ****       if (!IP_ADDRESSES_AND_ID_MATCH(&r->iphdr, fraghdr)) {
 246:./lwip-2.1.2/src/core/ipv4/ip4_frag.c ****         /* Not the same datagram as fraghdr */
 247:./lwip-2.1.2/src/core/ipv4/ip4_frag.c ****         other_datagrams++;
 248:./lwip-2.1.2/src/core/ipv4/ip4_frag.c ****         if (oldest == NULL) {
 249:./lwip-2.1.2/src/core/ipv4/ip4_frag.c ****           oldest = r;
 250:./lwip-2.1.2/src/core/ipv4/ip4_frag.c ****           oldest_prev = prev;
 251:./lwip-2.1.2/src/core/ipv4/ip4_frag.c ****         } else if (r->timer <= oldest->timer) {
 252:./lwip-2.1.2/src/core/ipv4/ip4_frag.c ****           /* older than the previous oldest */
 253:./lwip-2.1.2/src/core/ipv4/ip4_frag.c ****           oldest = r;
 254:./lwip-2.1.2/src/core/ipv4/ip4_frag.c ****           oldest_prev = prev;
 255:./lwip-2.1.2/src/core/ipv4/ip4_frag.c ****         }
 256:./lwip-2.1.2/src/core/ipv4/ip4_frag.c ****       }
 257:./lwip-2.1.2/src/core/ipv4/ip4_frag.c ****       if (r->next != NULL) {
 258:./lwip-2.1.2/src/core/ipv4/ip4_frag.c ****         prev = r;
 259:./lwip-2.1.2/src/core/ipv4/ip4_frag.c ****       }
 260:./lwip-2.1.2/src/core/ipv4/ip4_frag.c ****       r = r->next;
 261:./lwip-2.1.2/src/core/ipv4/ip4_frag.c ****     }
 262:./lwip-2.1.2/src/core/ipv4/ip4_frag.c ****     if (oldest != NULL) {
 263:./lwip-2.1.2/src/core/ipv4/ip4_frag.c ****       pbufs_freed_current = ip_reass_free_complete_datagram(oldest, oldest_prev);
 264:./lwip-2.1.2/src/core/ipv4/ip4_frag.c ****       pbufs_freed += pbufs_freed_current;
 265:./lwip-2.1.2/src/core/ipv4/ip4_frag.c ****     }
 266:./lwip-2.1.2/src/core/ipv4/ip4_frag.c ****   } while ((pbufs_freed < pbufs_needed) && (other_datagrams > 1));
 267:./lwip-2.1.2/src/core/ipv4/ip4_frag.c ****   return pbufs_freed;
 268:./lwip-2.1.2/src/core/ipv4/ip4_frag.c **** }
 269:./lwip-2.1.2/src/core/ipv4/ip4_frag.c **** #endif /* IP_REASS_FREE_OLDEST */
 270:./lwip-2.1.2/src/core/ipv4/ip4_frag.c **** 
 271:./lwip-2.1.2/src/core/ipv4/ip4_frag.c **** /**
 272:./lwip-2.1.2/src/core/ipv4/ip4_frag.c ****  * Enqueues a new fragment into the fragment queue
 273:./lwip-2.1.2/src/core/ipv4/ip4_frag.c ****  * @param fraghdr points to the new fragments IP hdr
 274:./lwip-2.1.2/src/core/ipv4/ip4_frag.c ****  * @param clen number of pbufs needed to enqueue (used for freeing other datagrams if not enough sp
 275:./lwip-2.1.2/src/core/ipv4/ip4_frag.c ****  * @return A pointer to the queue location into which the fragment was enqueued
 276:./lwip-2.1.2/src/core/ipv4/ip4_frag.c ****  */
 277:./lwip-2.1.2/src/core/ipv4/ip4_frag.c **** static struct ip_reassdata *
 278:./lwip-2.1.2/src/core/ipv4/ip4_frag.c **** ip_reass_enqueue_new_datagram(struct ip_hdr *fraghdr, int clen)
 279:./lwip-2.1.2/src/core/ipv4/ip4_frag.c **** {
 280:./lwip-2.1.2/src/core/ipv4/ip4_frag.c ****   struct ip_reassdata *ipr;
 281:./lwip-2.1.2/src/core/ipv4/ip4_frag.c **** #if ! IP_REASS_FREE_OLDEST
 282:./lwip-2.1.2/src/core/ipv4/ip4_frag.c ****   LWIP_UNUSED_ARG(clen);
 283:./lwip-2.1.2/src/core/ipv4/ip4_frag.c **** #endif
 284:./lwip-2.1.2/src/core/ipv4/ip4_frag.c **** 
 285:./lwip-2.1.2/src/core/ipv4/ip4_frag.c ****   /* No matching previous fragment found, allocate a new reassdata struct */
 286:./lwip-2.1.2/src/core/ipv4/ip4_frag.c ****   ipr = (struct ip_reassdata *)memp_malloc(MEMP_REASSDATA);
 287:./lwip-2.1.2/src/core/ipv4/ip4_frag.c ****   if (ipr == NULL) {
 288:./lwip-2.1.2/src/core/ipv4/ip4_frag.c **** #if IP_REASS_FREE_OLDEST
 289:./lwip-2.1.2/src/core/ipv4/ip4_frag.c ****     if (ip_reass_remove_oldest_datagram(fraghdr, clen) >= clen) {
 290:./lwip-2.1.2/src/core/ipv4/ip4_frag.c ****       ipr = (struct ip_reassdata *)memp_malloc(MEMP_REASSDATA);
 291:./lwip-2.1.2/src/core/ipv4/ip4_frag.c ****     }
 292:./lwip-2.1.2/src/core/ipv4/ip4_frag.c ****     if (ipr == NULL)
 293:./lwip-2.1.2/src/core/ipv4/ip4_frag.c **** #endif /* IP_REASS_FREE_OLDEST */
 294:./lwip-2.1.2/src/core/ipv4/ip4_frag.c ****     {
 295:./lwip-2.1.2/src/core/ipv4/ip4_frag.c ****       IPFRAG_STATS_INC(ip_frag.memerr);
 296:./lwip-2.1.2/src/core/ipv4/ip4_frag.c ****       LWIP_DEBUGF(IP_REASS_DEBUG, ("Failed to alloc reassdata struct\n"));
 297:./lwip-2.1.2/src/core/ipv4/ip4_frag.c ****       return NULL;
 298:./lwip-2.1.2/src/core/ipv4/ip4_frag.c ****     }
 299:./lwip-2.1.2/src/core/ipv4/ip4_frag.c ****   }
 300:./lwip-2.1.2/src/core/ipv4/ip4_frag.c ****   memset(ipr, 0, sizeof(struct ip_reassdata));
 301:./lwip-2.1.2/src/core/ipv4/ip4_frag.c ****   ipr->timer = IP_REASS_MAXAGE;
 302:./lwip-2.1.2/src/core/ipv4/ip4_frag.c **** 
 303:./lwip-2.1.2/src/core/ipv4/ip4_frag.c ****   /* enqueue the new structure to the front of the list */
 304:./lwip-2.1.2/src/core/ipv4/ip4_frag.c ****   ipr->next = reassdatagrams;
 305:./lwip-2.1.2/src/core/ipv4/ip4_frag.c ****   reassdatagrams = ipr;
 306:./lwip-2.1.2/src/core/ipv4/ip4_frag.c ****   /* copy the ip header for later tests and input */
 307:./lwip-2.1.2/src/core/ipv4/ip4_frag.c ****   /* @todo: no ip options supported? */
 308:./lwip-2.1.2/src/core/ipv4/ip4_frag.c ****   SMEMCPY(&(ipr->iphdr), fraghdr, IP_HLEN);
 309:./lwip-2.1.2/src/core/ipv4/ip4_frag.c ****   return ipr;
 310:./lwip-2.1.2/src/core/ipv4/ip4_frag.c **** }
 311:./lwip-2.1.2/src/core/ipv4/ip4_frag.c **** 
 312:./lwip-2.1.2/src/core/ipv4/ip4_frag.c **** /**
 313:./lwip-2.1.2/src/core/ipv4/ip4_frag.c ****  * Dequeues a datagram from the datagram queue. Doesn't deallocate the pbufs.
 314:./lwip-2.1.2/src/core/ipv4/ip4_frag.c ****  * @param ipr points to the queue entry to dequeue
 315:./lwip-2.1.2/src/core/ipv4/ip4_frag.c ****  */
 316:./lwip-2.1.2/src/core/ipv4/ip4_frag.c **** static void
 317:./lwip-2.1.2/src/core/ipv4/ip4_frag.c **** ip_reass_dequeue_datagram(struct ip_reassdata *ipr, struct ip_reassdata *prev)
 318:./lwip-2.1.2/src/core/ipv4/ip4_frag.c **** {
 319:./lwip-2.1.2/src/core/ipv4/ip4_frag.c ****   /* dequeue the reass struct  */
 320:./lwip-2.1.2/src/core/ipv4/ip4_frag.c ****   if (reassdatagrams == ipr) {
 321:./lwip-2.1.2/src/core/ipv4/ip4_frag.c ****     /* it was the first in the list */
 322:./lwip-2.1.2/src/core/ipv4/ip4_frag.c ****     reassdatagrams = ipr->next;
 323:./lwip-2.1.2/src/core/ipv4/ip4_frag.c ****   } else {
 324:./lwip-2.1.2/src/core/ipv4/ip4_frag.c ****     /* it wasn't the first, so it must have a valid 'prev' */
 325:./lwip-2.1.2/src/core/ipv4/ip4_frag.c ****     LWIP_ASSERT("sanity check linked list", prev != NULL);
 326:./lwip-2.1.2/src/core/ipv4/ip4_frag.c ****     prev->next = ipr->next;
 327:./lwip-2.1.2/src/core/ipv4/ip4_frag.c ****   }
 328:./lwip-2.1.2/src/core/ipv4/ip4_frag.c **** 
 329:./lwip-2.1.2/src/core/ipv4/ip4_frag.c ****   /* now we can free the ip_reassdata struct */
 330:./lwip-2.1.2/src/core/ipv4/ip4_frag.c ****   memp_free(MEMP_REASSDATA, ipr);
 331:./lwip-2.1.2/src/core/ipv4/ip4_frag.c **** }
 332:./lwip-2.1.2/src/core/ipv4/ip4_frag.c **** 
 333:./lwip-2.1.2/src/core/ipv4/ip4_frag.c **** /**
 334:./lwip-2.1.2/src/core/ipv4/ip4_frag.c ****  * Chain a new pbuf into the pbuf list that composes the datagram.  The pbuf list
 335:./lwip-2.1.2/src/core/ipv4/ip4_frag.c ****  * will grow over time as  new pbufs are rx.
 336:./lwip-2.1.2/src/core/ipv4/ip4_frag.c ****  * Also checks that the datagram passes basic continuity checks (if the last
 337:./lwip-2.1.2/src/core/ipv4/ip4_frag.c ****  * fragment was received at least once).
 338:./lwip-2.1.2/src/core/ipv4/ip4_frag.c ****  * @param ipr points to the reassembly state
 339:./lwip-2.1.2/src/core/ipv4/ip4_frag.c ****  * @param new_p points to the pbuf for the current fragment
 340:./lwip-2.1.2/src/core/ipv4/ip4_frag.c ****  * @param is_last is 1 if this pbuf has MF==0 (ipr->flags not updated yet)
 341:./lwip-2.1.2/src/core/ipv4/ip4_frag.c ****  * @return see IP_REASS_VALIDATE_* defines
 342:./lwip-2.1.2/src/core/ipv4/ip4_frag.c ****  */
 343:./lwip-2.1.2/src/core/ipv4/ip4_frag.c **** static int
 344:./lwip-2.1.2/src/core/ipv4/ip4_frag.c **** ip_reass_chain_frag_into_datagram_and_validate(struct ip_reassdata *ipr, struct pbuf *new_p, int is
 345:./lwip-2.1.2/src/core/ipv4/ip4_frag.c **** {
 346:./lwip-2.1.2/src/core/ipv4/ip4_frag.c ****   struct ip_reass_helper *iprh, *iprh_tmp, *iprh_prev = NULL;
 347:./lwip-2.1.2/src/core/ipv4/ip4_frag.c ****   struct pbuf *q;
 348:./lwip-2.1.2/src/core/ipv4/ip4_frag.c ****   u16_t offset, len;
 349:./lwip-2.1.2/src/core/ipv4/ip4_frag.c ****   u8_t hlen;
 350:./lwip-2.1.2/src/core/ipv4/ip4_frag.c ****   struct ip_hdr *fraghdr;
 351:./lwip-2.1.2/src/core/ipv4/ip4_frag.c ****   int valid = 1;
 352:./lwip-2.1.2/src/core/ipv4/ip4_frag.c **** 
 353:./lwip-2.1.2/src/core/ipv4/ip4_frag.c ****   /* Extract length and fragment offset from current fragment */
 354:./lwip-2.1.2/src/core/ipv4/ip4_frag.c ****   fraghdr = (struct ip_hdr *)new_p->payload;
 355:./lwip-2.1.2/src/core/ipv4/ip4_frag.c ****   len = lwip_ntohs(IPH_LEN(fraghdr));
 356:./lwip-2.1.2/src/core/ipv4/ip4_frag.c ****   hlen = IPH_HL_BYTES(fraghdr);
 357:./lwip-2.1.2/src/core/ipv4/ip4_frag.c ****   if (hlen > len) {
 358:./lwip-2.1.2/src/core/ipv4/ip4_frag.c ****     /* invalid datagram */
 359:./lwip-2.1.2/src/core/ipv4/ip4_frag.c ****     return IP_REASS_VALIDATE_PBUF_DROPPED;
 360:./lwip-2.1.2/src/core/ipv4/ip4_frag.c ****   }
 361:./lwip-2.1.2/src/core/ipv4/ip4_frag.c ****   len = (u16_t)(len - hlen);
 362:./lwip-2.1.2/src/core/ipv4/ip4_frag.c ****   offset = IPH_OFFSET_BYTES(fraghdr);
 363:./lwip-2.1.2/src/core/ipv4/ip4_frag.c **** 
 364:./lwip-2.1.2/src/core/ipv4/ip4_frag.c ****   /* overwrite the fragment's ip header from the pbuf with our helper struct,
 365:./lwip-2.1.2/src/core/ipv4/ip4_frag.c ****    * and setup the embedded helper structure. */
 366:./lwip-2.1.2/src/core/ipv4/ip4_frag.c ****   /* make sure the struct ip_reass_helper fits into the IP header */
 367:./lwip-2.1.2/src/core/ipv4/ip4_frag.c ****   LWIP_ASSERT("sizeof(struct ip_reass_helper) <= IP_HLEN",
 368:./lwip-2.1.2/src/core/ipv4/ip4_frag.c ****               sizeof(struct ip_reass_helper) <= IP_HLEN);
 369:./lwip-2.1.2/src/core/ipv4/ip4_frag.c ****   iprh = (struct ip_reass_helper *)new_p->payload;
 370:./lwip-2.1.2/src/core/ipv4/ip4_frag.c ****   iprh->next_pbuf = NULL;
 371:./lwip-2.1.2/src/core/ipv4/ip4_frag.c ****   iprh->start = offset;
 372:./lwip-2.1.2/src/core/ipv4/ip4_frag.c ****   iprh->end = (u16_t)(offset + len);
 373:./lwip-2.1.2/src/core/ipv4/ip4_frag.c ****   if (iprh->end < offset) {
 374:./lwip-2.1.2/src/core/ipv4/ip4_frag.c ****     /* u16_t overflow, cannot handle this */
 375:./lwip-2.1.2/src/core/ipv4/ip4_frag.c ****     return IP_REASS_VALIDATE_PBUF_DROPPED;
 376:./lwip-2.1.2/src/core/ipv4/ip4_frag.c ****   }
 377:./lwip-2.1.2/src/core/ipv4/ip4_frag.c **** 
 378:./lwip-2.1.2/src/core/ipv4/ip4_frag.c ****   /* Iterate through until we either get to the end of the list (append),
 379:./lwip-2.1.2/src/core/ipv4/ip4_frag.c ****    * or we find one with a larger offset (insert). */
 380:./lwip-2.1.2/src/core/ipv4/ip4_frag.c ****   for (q = ipr->p; q != NULL;) {
 381:./lwip-2.1.2/src/core/ipv4/ip4_frag.c ****     iprh_tmp = (struct ip_reass_helper *)q->payload;
 382:./lwip-2.1.2/src/core/ipv4/ip4_frag.c ****     if (iprh->start < iprh_tmp->start) {
 383:./lwip-2.1.2/src/core/ipv4/ip4_frag.c ****       /* the new pbuf should be inserted before this */
 384:./lwip-2.1.2/src/core/ipv4/ip4_frag.c ****       iprh->next_pbuf = q;
 385:./lwip-2.1.2/src/core/ipv4/ip4_frag.c ****       if (iprh_prev != NULL) {
 386:./lwip-2.1.2/src/core/ipv4/ip4_frag.c ****         /* not the fragment with the lowest offset */
 387:./lwip-2.1.2/src/core/ipv4/ip4_frag.c **** #if IP_REASS_CHECK_OVERLAP
 388:./lwip-2.1.2/src/core/ipv4/ip4_frag.c ****         if ((iprh->start < iprh_prev->end) || (iprh->end > iprh_tmp->start)) {
 389:./lwip-2.1.2/src/core/ipv4/ip4_frag.c ****           /* fragment overlaps with previous or following, throw away */
 390:./lwip-2.1.2/src/core/ipv4/ip4_frag.c ****           return IP_REASS_VALIDATE_PBUF_DROPPED;
 391:./lwip-2.1.2/src/core/ipv4/ip4_frag.c ****         }
 392:./lwip-2.1.2/src/core/ipv4/ip4_frag.c **** #endif /* IP_REASS_CHECK_OVERLAP */
 393:./lwip-2.1.2/src/core/ipv4/ip4_frag.c ****         iprh_prev->next_pbuf = new_p;
 394:./lwip-2.1.2/src/core/ipv4/ip4_frag.c ****         if (iprh_prev->end != iprh->start) {
 395:./lwip-2.1.2/src/core/ipv4/ip4_frag.c ****           /* There is a fragment missing between the current
 396:./lwip-2.1.2/src/core/ipv4/ip4_frag.c ****            * and the previous fragment */
 397:./lwip-2.1.2/src/core/ipv4/ip4_frag.c ****           valid = 0;
 398:./lwip-2.1.2/src/core/ipv4/ip4_frag.c ****         }
 399:./lwip-2.1.2/src/core/ipv4/ip4_frag.c ****       } else {
 400:./lwip-2.1.2/src/core/ipv4/ip4_frag.c **** #if IP_REASS_CHECK_OVERLAP
 401:./lwip-2.1.2/src/core/ipv4/ip4_frag.c ****         if (iprh->end > iprh_tmp->start) {
 402:./lwip-2.1.2/src/core/ipv4/ip4_frag.c ****           /* fragment overlaps with following, throw away */
 403:./lwip-2.1.2/src/core/ipv4/ip4_frag.c ****           return IP_REASS_VALIDATE_PBUF_DROPPED;
 404:./lwip-2.1.2/src/core/ipv4/ip4_frag.c ****         }
 405:./lwip-2.1.2/src/core/ipv4/ip4_frag.c **** #endif /* IP_REASS_CHECK_OVERLAP */
 406:./lwip-2.1.2/src/core/ipv4/ip4_frag.c ****         /* fragment with the lowest offset */
 407:./lwip-2.1.2/src/core/ipv4/ip4_frag.c ****         ipr->p = new_p;
 408:./lwip-2.1.2/src/core/ipv4/ip4_frag.c ****       }
 409:./lwip-2.1.2/src/core/ipv4/ip4_frag.c ****       break;
 410:./lwip-2.1.2/src/core/ipv4/ip4_frag.c ****     } else if (iprh->start == iprh_tmp->start) {
 411:./lwip-2.1.2/src/core/ipv4/ip4_frag.c ****       /* received the same datagram twice: no need to keep the datagram */
 412:./lwip-2.1.2/src/core/ipv4/ip4_frag.c ****       return IP_REASS_VALIDATE_PBUF_DROPPED;
 413:./lwip-2.1.2/src/core/ipv4/ip4_frag.c **** #if IP_REASS_CHECK_OVERLAP
 414:./lwip-2.1.2/src/core/ipv4/ip4_frag.c ****     } else if (iprh->start < iprh_tmp->end) {
 415:./lwip-2.1.2/src/core/ipv4/ip4_frag.c ****       /* overlap: no need to keep the new datagram */
 416:./lwip-2.1.2/src/core/ipv4/ip4_frag.c ****       return IP_REASS_VALIDATE_PBUF_DROPPED;
 417:./lwip-2.1.2/src/core/ipv4/ip4_frag.c **** #endif /* IP_REASS_CHECK_OVERLAP */
 418:./lwip-2.1.2/src/core/ipv4/ip4_frag.c ****     } else {
 419:./lwip-2.1.2/src/core/ipv4/ip4_frag.c ****       /* Check if the fragments received so far have no holes. */
 420:./lwip-2.1.2/src/core/ipv4/ip4_frag.c ****       if (iprh_prev != NULL) {
 421:./lwip-2.1.2/src/core/ipv4/ip4_frag.c ****         if (iprh_prev->end != iprh_tmp->start) {
 422:./lwip-2.1.2/src/core/ipv4/ip4_frag.c ****           /* There is a fragment missing between the current
 423:./lwip-2.1.2/src/core/ipv4/ip4_frag.c ****            * and the previous fragment */
 424:./lwip-2.1.2/src/core/ipv4/ip4_frag.c ****           valid = 0;
 425:./lwip-2.1.2/src/core/ipv4/ip4_frag.c ****         }
 426:./lwip-2.1.2/src/core/ipv4/ip4_frag.c ****       }
 427:./lwip-2.1.2/src/core/ipv4/ip4_frag.c ****     }
 428:./lwip-2.1.2/src/core/ipv4/ip4_frag.c ****     q = iprh_tmp->next_pbuf;
 429:./lwip-2.1.2/src/core/ipv4/ip4_frag.c ****     iprh_prev = iprh_tmp;
 430:./lwip-2.1.2/src/core/ipv4/ip4_frag.c ****   }
 431:./lwip-2.1.2/src/core/ipv4/ip4_frag.c **** 
 432:./lwip-2.1.2/src/core/ipv4/ip4_frag.c ****   /* If q is NULL, then we made it to the end of the list. Determine what to do now */
 433:./lwip-2.1.2/src/core/ipv4/ip4_frag.c ****   if (q == NULL) {
 434:./lwip-2.1.2/src/core/ipv4/ip4_frag.c ****     if (iprh_prev != NULL) {
 435:./lwip-2.1.2/src/core/ipv4/ip4_frag.c ****       /* this is (for now), the fragment with the highest offset:
 436:./lwip-2.1.2/src/core/ipv4/ip4_frag.c ****        * chain it to the last fragment */
 437:./lwip-2.1.2/src/core/ipv4/ip4_frag.c **** #if IP_REASS_CHECK_OVERLAP
 438:./lwip-2.1.2/src/core/ipv4/ip4_frag.c ****       LWIP_ASSERT("check fragments don't overlap", iprh_prev->end <= iprh->start);
 439:./lwip-2.1.2/src/core/ipv4/ip4_frag.c **** #endif /* IP_REASS_CHECK_OVERLAP */
 440:./lwip-2.1.2/src/core/ipv4/ip4_frag.c ****       iprh_prev->next_pbuf = new_p;
 441:./lwip-2.1.2/src/core/ipv4/ip4_frag.c ****       if (iprh_prev->end != iprh->start) {
 442:./lwip-2.1.2/src/core/ipv4/ip4_frag.c ****         valid = 0;
 443:./lwip-2.1.2/src/core/ipv4/ip4_frag.c ****       }
 444:./lwip-2.1.2/src/core/ipv4/ip4_frag.c ****     } else {
 445:./lwip-2.1.2/src/core/ipv4/ip4_frag.c **** #if IP_REASS_CHECK_OVERLAP
 446:./lwip-2.1.2/src/core/ipv4/ip4_frag.c ****       LWIP_ASSERT("no previous fragment, this must be the first fragment!",
 447:./lwip-2.1.2/src/core/ipv4/ip4_frag.c ****                   ipr->p == NULL);
 448:./lwip-2.1.2/src/core/ipv4/ip4_frag.c **** #endif /* IP_REASS_CHECK_OVERLAP */
 449:./lwip-2.1.2/src/core/ipv4/ip4_frag.c ****       /* this is the first fragment we ever received for this ip datagram */
 450:./lwip-2.1.2/src/core/ipv4/ip4_frag.c ****       ipr->p = new_p;
 451:./lwip-2.1.2/src/core/ipv4/ip4_frag.c ****     }
 452:./lwip-2.1.2/src/core/ipv4/ip4_frag.c ****   }
 453:./lwip-2.1.2/src/core/ipv4/ip4_frag.c **** 
 454:./lwip-2.1.2/src/core/ipv4/ip4_frag.c ****   /* At this point, the validation part begins: */
 455:./lwip-2.1.2/src/core/ipv4/ip4_frag.c ****   /* If we already received the last fragment */
 456:./lwip-2.1.2/src/core/ipv4/ip4_frag.c ****   if (is_last || ((ipr->flags & IP_REASS_FLAG_LASTFRAG) != 0)) {
 457:./lwip-2.1.2/src/core/ipv4/ip4_frag.c ****     /* and had no holes so far */
 458:./lwip-2.1.2/src/core/ipv4/ip4_frag.c ****     if (valid) {
 459:./lwip-2.1.2/src/core/ipv4/ip4_frag.c ****       /* then check if the rest of the fragments is here */
 460:./lwip-2.1.2/src/core/ipv4/ip4_frag.c ****       /* Check if the queue starts with the first datagram */
 461:./lwip-2.1.2/src/core/ipv4/ip4_frag.c ****       if ((ipr->p == NULL) || (((struct ip_reass_helper *)ipr->p->payload)->start != 0)) {
 462:./lwip-2.1.2/src/core/ipv4/ip4_frag.c ****         valid = 0;
 463:./lwip-2.1.2/src/core/ipv4/ip4_frag.c ****       } else {
 464:./lwip-2.1.2/src/core/ipv4/ip4_frag.c ****         /* and check that there are no holes after this datagram */
 465:./lwip-2.1.2/src/core/ipv4/ip4_frag.c ****         iprh_prev = iprh;
 466:./lwip-2.1.2/src/core/ipv4/ip4_frag.c ****         q = iprh->next_pbuf;
 467:./lwip-2.1.2/src/core/ipv4/ip4_frag.c ****         while (q != NULL) {
 468:./lwip-2.1.2/src/core/ipv4/ip4_frag.c ****           iprh = (struct ip_reass_helper *)q->payload;
 469:./lwip-2.1.2/src/core/ipv4/ip4_frag.c ****           if (iprh_prev->end != iprh->start) {
 470:./lwip-2.1.2/src/core/ipv4/ip4_frag.c ****             valid = 0;
 471:./lwip-2.1.2/src/core/ipv4/ip4_frag.c ****             break;
 472:./lwip-2.1.2/src/core/ipv4/ip4_frag.c ****           }
 473:./lwip-2.1.2/src/core/ipv4/ip4_frag.c ****           iprh_prev = iprh;
 474:./lwip-2.1.2/src/core/ipv4/ip4_frag.c ****           q = iprh->next_pbuf;
 475:./lwip-2.1.2/src/core/ipv4/ip4_frag.c ****         }
 476:./lwip-2.1.2/src/core/ipv4/ip4_frag.c ****         /* if still valid, all fragments are received
 477:./lwip-2.1.2/src/core/ipv4/ip4_frag.c ****          * (because to the MF==0 already arrived */
 478:./lwip-2.1.2/src/core/ipv4/ip4_frag.c ****         if (valid) {
 479:./lwip-2.1.2/src/core/ipv4/ip4_frag.c ****           LWIP_ASSERT("sanity check", ipr->p != NULL);
 480:./lwip-2.1.2/src/core/ipv4/ip4_frag.c ****           LWIP_ASSERT("sanity check",
 481:./lwip-2.1.2/src/core/ipv4/ip4_frag.c ****                       ((struct ip_reass_helper *)ipr->p->payload) != iprh);
 482:./lwip-2.1.2/src/core/ipv4/ip4_frag.c ****           LWIP_ASSERT("validate_datagram:next_pbuf!=NULL",
 483:./lwip-2.1.2/src/core/ipv4/ip4_frag.c ****                       iprh->next_pbuf == NULL);
 484:./lwip-2.1.2/src/core/ipv4/ip4_frag.c ****         }
 485:./lwip-2.1.2/src/core/ipv4/ip4_frag.c ****       }
 486:./lwip-2.1.2/src/core/ipv4/ip4_frag.c ****     }
 487:./lwip-2.1.2/src/core/ipv4/ip4_frag.c ****     /* If valid is 0 here, there are some fragments missing in the middle
 488:./lwip-2.1.2/src/core/ipv4/ip4_frag.c ****      * (since MF == 0 has already arrived). Such datagrams simply time out if
 489:./lwip-2.1.2/src/core/ipv4/ip4_frag.c ****      * no more fragments are received... */
 490:./lwip-2.1.2/src/core/ipv4/ip4_frag.c ****     return valid ? IP_REASS_VALIDATE_TELEGRAM_FINISHED : IP_REASS_VALIDATE_PBUF_QUEUED;
 491:./lwip-2.1.2/src/core/ipv4/ip4_frag.c ****   }
 492:./lwip-2.1.2/src/core/ipv4/ip4_frag.c ****   /* If we come here, not all fragments were received, yet! */
 493:./lwip-2.1.2/src/core/ipv4/ip4_frag.c ****   return IP_REASS_VALIDATE_PBUF_QUEUED; /* not yet valid! */
 494:./lwip-2.1.2/src/core/ipv4/ip4_frag.c **** }
 495:./lwip-2.1.2/src/core/ipv4/ip4_frag.c **** 
 496:./lwip-2.1.2/src/core/ipv4/ip4_frag.c **** /**
 497:./lwip-2.1.2/src/core/ipv4/ip4_frag.c ****  * Reassembles incoming IP fragments into an IP datagram.
 498:./lwip-2.1.2/src/core/ipv4/ip4_frag.c ****  *
 499:./lwip-2.1.2/src/core/ipv4/ip4_frag.c ****  * @param p points to a pbuf chain of the fragment
 500:./lwip-2.1.2/src/core/ipv4/ip4_frag.c ****  * @return NULL if reassembly is incomplete, ? otherwise
 501:./lwip-2.1.2/src/core/ipv4/ip4_frag.c ****  */
 502:./lwip-2.1.2/src/core/ipv4/ip4_frag.c **** struct pbuf *
 503:./lwip-2.1.2/src/core/ipv4/ip4_frag.c **** ip4_reass(struct pbuf *p)
 504:./lwip-2.1.2/src/core/ipv4/ip4_frag.c **** {
 505:./lwip-2.1.2/src/core/ipv4/ip4_frag.c ****   struct pbuf *r;
 506:./lwip-2.1.2/src/core/ipv4/ip4_frag.c ****   struct ip_hdr *fraghdr;
 507:./lwip-2.1.2/src/core/ipv4/ip4_frag.c ****   struct ip_reassdata *ipr;
 508:./lwip-2.1.2/src/core/ipv4/ip4_frag.c ****   struct ip_reass_helper *iprh;
 509:./lwip-2.1.2/src/core/ipv4/ip4_frag.c ****   u16_t offset, len, clen;
 510:./lwip-2.1.2/src/core/ipv4/ip4_frag.c ****   u8_t hlen;
 511:./lwip-2.1.2/src/core/ipv4/ip4_frag.c ****   int valid;
 512:./lwip-2.1.2/src/core/ipv4/ip4_frag.c ****   int is_last;
 513:./lwip-2.1.2/src/core/ipv4/ip4_frag.c **** 
 514:./lwip-2.1.2/src/core/ipv4/ip4_frag.c ****   IPFRAG_STATS_INC(ip_frag.recv);
 515:./lwip-2.1.2/src/core/ipv4/ip4_frag.c ****   MIB2_STATS_INC(mib2.ipreasmreqds);
 516:./lwip-2.1.2/src/core/ipv4/ip4_frag.c **** 
 517:./lwip-2.1.2/src/core/ipv4/ip4_frag.c ****   fraghdr = (struct ip_hdr *)p->payload;
 518:./lwip-2.1.2/src/core/ipv4/ip4_frag.c **** 
 519:./lwip-2.1.2/src/core/ipv4/ip4_frag.c ****   if (IPH_HL_BYTES(fraghdr) != IP_HLEN) {
 520:./lwip-2.1.2/src/core/ipv4/ip4_frag.c ****     LWIP_DEBUGF(IP_REASS_DEBUG, ("ip4_reass: IP options currently not supported!\n"));
 521:./lwip-2.1.2/src/core/ipv4/ip4_frag.c ****     IPFRAG_STATS_INC(ip_frag.err);
 522:./lwip-2.1.2/src/core/ipv4/ip4_frag.c ****     goto nullreturn;
 523:./lwip-2.1.2/src/core/ipv4/ip4_frag.c ****   }
 524:./lwip-2.1.2/src/core/ipv4/ip4_frag.c **** 
 525:./lwip-2.1.2/src/core/ipv4/ip4_frag.c ****   offset = IPH_OFFSET_BYTES(fraghdr);
 526:./lwip-2.1.2/src/core/ipv4/ip4_frag.c ****   len = lwip_ntohs(IPH_LEN(fraghdr));
 527:./lwip-2.1.2/src/core/ipv4/ip4_frag.c ****   hlen = IPH_HL_BYTES(fraghdr);
 528:./lwip-2.1.2/src/core/ipv4/ip4_frag.c ****   if (hlen > len) {
 529:./lwip-2.1.2/src/core/ipv4/ip4_frag.c ****     /* invalid datagram */
 530:./lwip-2.1.2/src/core/ipv4/ip4_frag.c ****     goto nullreturn;
 531:./lwip-2.1.2/src/core/ipv4/ip4_frag.c ****   }
 532:./lwip-2.1.2/src/core/ipv4/ip4_frag.c ****   len = (u16_t)(len - hlen);
 533:./lwip-2.1.2/src/core/ipv4/ip4_frag.c **** 
 534:./lwip-2.1.2/src/core/ipv4/ip4_frag.c ****   /* Check if we are allowed to enqueue more datagrams. */
 535:./lwip-2.1.2/src/core/ipv4/ip4_frag.c ****   clen = pbuf_clen(p);
 536:./lwip-2.1.2/src/core/ipv4/ip4_frag.c ****   if ((ip_reass_pbufcount + clen) > IP_REASS_MAX_PBUFS) {
 537:./lwip-2.1.2/src/core/ipv4/ip4_frag.c **** #if IP_REASS_FREE_OLDEST
 538:./lwip-2.1.2/src/core/ipv4/ip4_frag.c ****     if (!ip_reass_remove_oldest_datagram(fraghdr, clen) ||
 539:./lwip-2.1.2/src/core/ipv4/ip4_frag.c ****         ((ip_reass_pbufcount + clen) > IP_REASS_MAX_PBUFS))
 540:./lwip-2.1.2/src/core/ipv4/ip4_frag.c **** #endif /* IP_REASS_FREE_OLDEST */
 541:./lwip-2.1.2/src/core/ipv4/ip4_frag.c ****     {
 542:./lwip-2.1.2/src/core/ipv4/ip4_frag.c ****       /* No datagram could be freed and still too many pbufs enqueued */
 543:./lwip-2.1.2/src/core/ipv4/ip4_frag.c ****       LWIP_DEBUGF(IP_REASS_DEBUG, ("ip4_reass: Overflow condition: pbufct=%d, clen=%d, MAX=%d\n",
 544:./lwip-2.1.2/src/core/ipv4/ip4_frag.c ****                                    ip_reass_pbufcount, clen, IP_REASS_MAX_PBUFS));
 545:./lwip-2.1.2/src/core/ipv4/ip4_frag.c ****       IPFRAG_STATS_INC(ip_frag.memerr);
 546:./lwip-2.1.2/src/core/ipv4/ip4_frag.c ****       /* @todo: send ICMP time exceeded here? */
 547:./lwip-2.1.2/src/core/ipv4/ip4_frag.c ****       /* drop this pbuf */
 548:./lwip-2.1.2/src/core/ipv4/ip4_frag.c ****       goto nullreturn;
 549:./lwip-2.1.2/src/core/ipv4/ip4_frag.c ****     }
 550:./lwip-2.1.2/src/core/ipv4/ip4_frag.c ****   }
 551:./lwip-2.1.2/src/core/ipv4/ip4_frag.c **** 
 552:./lwip-2.1.2/src/core/ipv4/ip4_frag.c ****   /* Look for the datagram the fragment belongs to in the current datagram queue,
 553:./lwip-2.1.2/src/core/ipv4/ip4_frag.c ****    * remembering the previous in the queue for later dequeueing. */
 554:./lwip-2.1.2/src/core/ipv4/ip4_frag.c ****   for (ipr = reassdatagrams; ipr != NULL; ipr = ipr->next) {
 555:./lwip-2.1.2/src/core/ipv4/ip4_frag.c ****     /* Check if the incoming fragment matches the one currently present
 556:./lwip-2.1.2/src/core/ipv4/ip4_frag.c ****        in the reassembly buffer. If so, we proceed with copying the
 557:./lwip-2.1.2/src/core/ipv4/ip4_frag.c ****        fragment into the buffer. */
 558:./lwip-2.1.2/src/core/ipv4/ip4_frag.c ****     if (IP_ADDRESSES_AND_ID_MATCH(&ipr->iphdr, fraghdr)) {
 559:./lwip-2.1.2/src/core/ipv4/ip4_frag.c ****       LWIP_DEBUGF(IP_REASS_DEBUG, ("ip4_reass: matching previous fragment ID=%"X16_F"\n",
 560:./lwip-2.1.2/src/core/ipv4/ip4_frag.c ****                                    lwip_ntohs(IPH_ID(fraghdr))));
 561:./lwip-2.1.2/src/core/ipv4/ip4_frag.c ****       IPFRAG_STATS_INC(ip_frag.cachehit);
 562:./lwip-2.1.2/src/core/ipv4/ip4_frag.c ****       break;
 563:./lwip-2.1.2/src/core/ipv4/ip4_frag.c ****     }
 564:./lwip-2.1.2/src/core/ipv4/ip4_frag.c ****   }
 565:./lwip-2.1.2/src/core/ipv4/ip4_frag.c **** 
 566:./lwip-2.1.2/src/core/ipv4/ip4_frag.c ****   if (ipr == NULL) {
 567:./lwip-2.1.2/src/core/ipv4/ip4_frag.c ****     /* Enqueue a new datagram into the datagram queue */
 568:./lwip-2.1.2/src/core/ipv4/ip4_frag.c ****     ipr = ip_reass_enqueue_new_datagram(fraghdr, clen);
 569:./lwip-2.1.2/src/core/ipv4/ip4_frag.c ****     /* Bail if unable to enqueue */
 570:./lwip-2.1.2/src/core/ipv4/ip4_frag.c ****     if (ipr == NULL) {
 571:./lwip-2.1.2/src/core/ipv4/ip4_frag.c ****       goto nullreturn;
 572:./lwip-2.1.2/src/core/ipv4/ip4_frag.c ****     }
 573:./lwip-2.1.2/src/core/ipv4/ip4_frag.c ****   } else {
 574:./lwip-2.1.2/src/core/ipv4/ip4_frag.c ****     if (((lwip_ntohs(IPH_OFFSET(fraghdr)) & IP_OFFMASK) == 0) &&
 575:./lwip-2.1.2/src/core/ipv4/ip4_frag.c ****         ((lwip_ntohs(IPH_OFFSET(&ipr->iphdr)) & IP_OFFMASK) != 0)) {
 576:./lwip-2.1.2/src/core/ipv4/ip4_frag.c ****       /* ipr->iphdr is not the header from the first fragment, but fraghdr is
 577:./lwip-2.1.2/src/core/ipv4/ip4_frag.c ****        * -> copy fraghdr into ipr->iphdr since we want to have the header
 578:./lwip-2.1.2/src/core/ipv4/ip4_frag.c ****        * of the first fragment (for ICMP time exceeded and later, for copying
 579:./lwip-2.1.2/src/core/ipv4/ip4_frag.c ****        * all options, if supported)*/
 580:./lwip-2.1.2/src/core/ipv4/ip4_frag.c ****       SMEMCPY(&ipr->iphdr, fraghdr, IP_HLEN);
 581:./lwip-2.1.2/src/core/ipv4/ip4_frag.c ****     }
 582:./lwip-2.1.2/src/core/ipv4/ip4_frag.c ****   }
 583:./lwip-2.1.2/src/core/ipv4/ip4_frag.c **** 
 584:./lwip-2.1.2/src/core/ipv4/ip4_frag.c ****   /* At this point, we have either created a new entry or pointing
 585:./lwip-2.1.2/src/core/ipv4/ip4_frag.c ****    * to an existing one */
 586:./lwip-2.1.2/src/core/ipv4/ip4_frag.c **** 
 587:./lwip-2.1.2/src/core/ipv4/ip4_frag.c ****   /* check for 'no more fragments', and update queue entry*/
 588:./lwip-2.1.2/src/core/ipv4/ip4_frag.c ****   is_last = (IPH_OFFSET(fraghdr) & PP_NTOHS(IP_MF)) == 0;
 589:./lwip-2.1.2/src/core/ipv4/ip4_frag.c ****   if (is_last) {
 590:./lwip-2.1.2/src/core/ipv4/ip4_frag.c ****     u16_t datagram_len = (u16_t)(offset + len);
 591:./lwip-2.1.2/src/core/ipv4/ip4_frag.c ****     if ((datagram_len < offset) || (datagram_len > (0xFFFF - IP_HLEN))) {
 592:./lwip-2.1.2/src/core/ipv4/ip4_frag.c ****       /* u16_t overflow, cannot handle this */
 593:./lwip-2.1.2/src/core/ipv4/ip4_frag.c ****       goto nullreturn_ipr;
 594:./lwip-2.1.2/src/core/ipv4/ip4_frag.c ****     }
 595:./lwip-2.1.2/src/core/ipv4/ip4_frag.c ****   }
 596:./lwip-2.1.2/src/core/ipv4/ip4_frag.c ****   /* find the right place to insert this pbuf */
 597:./lwip-2.1.2/src/core/ipv4/ip4_frag.c ****   /* @todo: trim pbufs if fragments are overlapping */
 598:./lwip-2.1.2/src/core/ipv4/ip4_frag.c ****   valid = ip_reass_chain_frag_into_datagram_and_validate(ipr, p, is_last);
 599:./lwip-2.1.2/src/core/ipv4/ip4_frag.c ****   if (valid == IP_REASS_VALIDATE_PBUF_DROPPED) {
 600:./lwip-2.1.2/src/core/ipv4/ip4_frag.c ****     goto nullreturn_ipr;
 601:./lwip-2.1.2/src/core/ipv4/ip4_frag.c ****   }
 602:./lwip-2.1.2/src/core/ipv4/ip4_frag.c ****   /* if we come here, the pbuf has been enqueued */
 603:./lwip-2.1.2/src/core/ipv4/ip4_frag.c **** 
 604:./lwip-2.1.2/src/core/ipv4/ip4_frag.c ****   /* Track the current number of pbufs current 'in-flight', in order to limit
 605:./lwip-2.1.2/src/core/ipv4/ip4_frag.c ****      the number of fragments that may be enqueued at any one time
 606:./lwip-2.1.2/src/core/ipv4/ip4_frag.c ****      (overflow checked by testing against IP_REASS_MAX_PBUFS) */
 607:./lwip-2.1.2/src/core/ipv4/ip4_frag.c ****   ip_reass_pbufcount = (u16_t)(ip_reass_pbufcount + clen);
 608:./lwip-2.1.2/src/core/ipv4/ip4_frag.c ****   if (is_last) {
 609:./lwip-2.1.2/src/core/ipv4/ip4_frag.c ****     u16_t datagram_len = (u16_t)(offset + len);
 610:./lwip-2.1.2/src/core/ipv4/ip4_frag.c ****     ipr->datagram_len = datagram_len;
 611:./lwip-2.1.2/src/core/ipv4/ip4_frag.c ****     ipr->flags |= IP_REASS_FLAG_LASTFRAG;
 612:./lwip-2.1.2/src/core/ipv4/ip4_frag.c ****     LWIP_DEBUGF(IP_REASS_DEBUG,
 613:./lwip-2.1.2/src/core/ipv4/ip4_frag.c ****                 ("ip4_reass: last fragment seen, total len %"S16_F"\n",
 614:./lwip-2.1.2/src/core/ipv4/ip4_frag.c ****                  ipr->datagram_len));
 615:./lwip-2.1.2/src/core/ipv4/ip4_frag.c ****   }
 616:./lwip-2.1.2/src/core/ipv4/ip4_frag.c **** 
 617:./lwip-2.1.2/src/core/ipv4/ip4_frag.c ****   if (valid == IP_REASS_VALIDATE_TELEGRAM_FINISHED) {
 618:./lwip-2.1.2/src/core/ipv4/ip4_frag.c ****     struct ip_reassdata *ipr_prev;
 619:./lwip-2.1.2/src/core/ipv4/ip4_frag.c ****     /* the totally last fragment (flag more fragments = 0) was received at least
 620:./lwip-2.1.2/src/core/ipv4/ip4_frag.c ****      * once AND all fragments are received */
 621:./lwip-2.1.2/src/core/ipv4/ip4_frag.c ****     u16_t datagram_len = (u16_t)(ipr->datagram_len + IP_HLEN);
 622:./lwip-2.1.2/src/core/ipv4/ip4_frag.c **** 
 623:./lwip-2.1.2/src/core/ipv4/ip4_frag.c ****     /* save the second pbuf before copying the header over the pointer */
 624:./lwip-2.1.2/src/core/ipv4/ip4_frag.c ****     r = ((struct ip_reass_helper *)ipr->p->payload)->next_pbuf;
 625:./lwip-2.1.2/src/core/ipv4/ip4_frag.c **** 
 626:./lwip-2.1.2/src/core/ipv4/ip4_frag.c ****     /* copy the original ip header back to the first pbuf */
 627:./lwip-2.1.2/src/core/ipv4/ip4_frag.c ****     fraghdr = (struct ip_hdr *)(ipr->p->payload);
 628:./lwip-2.1.2/src/core/ipv4/ip4_frag.c ****     SMEMCPY(fraghdr, &ipr->iphdr, IP_HLEN);
 629:./lwip-2.1.2/src/core/ipv4/ip4_frag.c ****     IPH_LEN_SET(fraghdr, lwip_htons(datagram_len));
 630:./lwip-2.1.2/src/core/ipv4/ip4_frag.c ****     IPH_OFFSET_SET(fraghdr, 0);
 631:./lwip-2.1.2/src/core/ipv4/ip4_frag.c ****     IPH_CHKSUM_SET(fraghdr, 0);
 632:./lwip-2.1.2/src/core/ipv4/ip4_frag.c ****     /* @todo: do we need to set/calculate the correct checksum? */
 633:./lwip-2.1.2/src/core/ipv4/ip4_frag.c **** #if CHECKSUM_GEN_IP
 634:./lwip-2.1.2/src/core/ipv4/ip4_frag.c ****     IF__NETIF_CHECKSUM_ENABLED(ip_current_input_netif(), NETIF_CHECKSUM_GEN_IP) {
 635:./lwip-2.1.2/src/core/ipv4/ip4_frag.c ****       IPH_CHKSUM_SET(fraghdr, inet_chksum(fraghdr, IP_HLEN));
 636:./lwip-2.1.2/src/core/ipv4/ip4_frag.c ****     }
 637:./lwip-2.1.2/src/core/ipv4/ip4_frag.c **** #endif /* CHECKSUM_GEN_IP */
 638:./lwip-2.1.2/src/core/ipv4/ip4_frag.c **** 
 639:./lwip-2.1.2/src/core/ipv4/ip4_frag.c ****     p = ipr->p;
 640:./lwip-2.1.2/src/core/ipv4/ip4_frag.c **** 
 641:./lwip-2.1.2/src/core/ipv4/ip4_frag.c ****     /* chain together the pbufs contained within the reass_data list. */
 642:./lwip-2.1.2/src/core/ipv4/ip4_frag.c ****     while (r != NULL) {
 643:./lwip-2.1.2/src/core/ipv4/ip4_frag.c ****       iprh = (struct ip_reass_helper *)r->payload;
 644:./lwip-2.1.2/src/core/ipv4/ip4_frag.c **** 
 645:./lwip-2.1.2/src/core/ipv4/ip4_frag.c ****       /* hide the ip header for every succeeding fragment */
 646:./lwip-2.1.2/src/core/ipv4/ip4_frag.c ****       pbuf_remove_header(r, IP_HLEN);
 647:./lwip-2.1.2/src/core/ipv4/ip4_frag.c ****       pbuf_cat(p, r);
 648:./lwip-2.1.2/src/core/ipv4/ip4_frag.c ****       r = iprh->next_pbuf;
 649:./lwip-2.1.2/src/core/ipv4/ip4_frag.c ****     }
 650:./lwip-2.1.2/src/core/ipv4/ip4_frag.c **** 
 651:./lwip-2.1.2/src/core/ipv4/ip4_frag.c ****     /* find the previous entry in the linked list */
 652:./lwip-2.1.2/src/core/ipv4/ip4_frag.c ****     if (ipr == reassdatagrams) {
 653:./lwip-2.1.2/src/core/ipv4/ip4_frag.c ****       ipr_prev = NULL;
 654:./lwip-2.1.2/src/core/ipv4/ip4_frag.c ****     } else {
 655:./lwip-2.1.2/src/core/ipv4/ip4_frag.c ****       for (ipr_prev = reassdatagrams; ipr_prev != NULL; ipr_prev = ipr_prev->next) {
 656:./lwip-2.1.2/src/core/ipv4/ip4_frag.c ****         if (ipr_prev->next == ipr) {
 657:./lwip-2.1.2/src/core/ipv4/ip4_frag.c ****           break;
 658:./lwip-2.1.2/src/core/ipv4/ip4_frag.c ****         }
 659:./lwip-2.1.2/src/core/ipv4/ip4_frag.c ****       }
 660:./lwip-2.1.2/src/core/ipv4/ip4_frag.c ****     }
 661:./lwip-2.1.2/src/core/ipv4/ip4_frag.c **** 
 662:./lwip-2.1.2/src/core/ipv4/ip4_frag.c ****     /* release the sources allocate for the fragment queue entry */
 663:./lwip-2.1.2/src/core/ipv4/ip4_frag.c ****     ip_reass_dequeue_datagram(ipr, ipr_prev);
 664:./lwip-2.1.2/src/core/ipv4/ip4_frag.c **** 
 665:./lwip-2.1.2/src/core/ipv4/ip4_frag.c ****     /* and adjust the number of pbufs currently queued for reassembly. */
 666:./lwip-2.1.2/src/core/ipv4/ip4_frag.c ****     clen = pbuf_clen(p);
 667:./lwip-2.1.2/src/core/ipv4/ip4_frag.c ****     LWIP_ASSERT("ip_reass_pbufcount >= clen", ip_reass_pbufcount >= clen);
 668:./lwip-2.1.2/src/core/ipv4/ip4_frag.c ****     ip_reass_pbufcount = (u16_t)(ip_reass_pbufcount - clen);
 669:./lwip-2.1.2/src/core/ipv4/ip4_frag.c **** 
 670:./lwip-2.1.2/src/core/ipv4/ip4_frag.c ****     MIB2_STATS_INC(mib2.ipreasmoks);
 671:./lwip-2.1.2/src/core/ipv4/ip4_frag.c **** 
 672:./lwip-2.1.2/src/core/ipv4/ip4_frag.c ****     /* Return the pbuf chain */
 673:./lwip-2.1.2/src/core/ipv4/ip4_frag.c ****     return p;
 674:./lwip-2.1.2/src/core/ipv4/ip4_frag.c ****   }
 675:./lwip-2.1.2/src/core/ipv4/ip4_frag.c ****   /* the datagram is not (yet?) reassembled completely */
 676:./lwip-2.1.2/src/core/ipv4/ip4_frag.c ****   LWIP_DEBUGF(IP_REASS_DEBUG, ("ip_reass_pbufcount: %d out\n", ip_reass_pbufcount));
 677:./lwip-2.1.2/src/core/ipv4/ip4_frag.c ****   return NULL;
 678:./lwip-2.1.2/src/core/ipv4/ip4_frag.c **** 
 679:./lwip-2.1.2/src/core/ipv4/ip4_frag.c **** nullreturn_ipr:
 680:./lwip-2.1.2/src/core/ipv4/ip4_frag.c ****   LWIP_ASSERT("ipr != NULL", ipr != NULL);
 681:./lwip-2.1.2/src/core/ipv4/ip4_frag.c ****   if (ipr->p == NULL) {
 682:./lwip-2.1.2/src/core/ipv4/ip4_frag.c ****     /* dropped pbuf after creating a new datagram entry: remove the entry, too */
 683:./lwip-2.1.2/src/core/ipv4/ip4_frag.c ****     LWIP_ASSERT("not firstalthough just enqueued", ipr == reassdatagrams);
 684:./lwip-2.1.2/src/core/ipv4/ip4_frag.c ****     ip_reass_dequeue_datagram(ipr, NULL);
 685:./lwip-2.1.2/src/core/ipv4/ip4_frag.c ****   }
 686:./lwip-2.1.2/src/core/ipv4/ip4_frag.c **** 
 687:./lwip-2.1.2/src/core/ipv4/ip4_frag.c **** nullreturn:
 688:./lwip-2.1.2/src/core/ipv4/ip4_frag.c ****   LWIP_DEBUGF(IP_REASS_DEBUG, ("ip4_reass: nullreturn\n"));
 689:./lwip-2.1.2/src/core/ipv4/ip4_frag.c ****   IPFRAG_STATS_INC(ip_frag.drop);
 690:./lwip-2.1.2/src/core/ipv4/ip4_frag.c ****   pbuf_free(p);
 691:./lwip-2.1.2/src/core/ipv4/ip4_frag.c ****   return NULL;
 692:./lwip-2.1.2/src/core/ipv4/ip4_frag.c **** }
 693:./lwip-2.1.2/src/core/ipv4/ip4_frag.c **** #endif /* IP_REASSEMBLY */
 694:./lwip-2.1.2/src/core/ipv4/ip4_frag.c **** 
 695:./lwip-2.1.2/src/core/ipv4/ip4_frag.c **** #if IP_FRAG
 696:./lwip-2.1.2/src/core/ipv4/ip4_frag.c **** #if !LWIP_NETIF_TX_SINGLE_PBUF
 697:./lwip-2.1.2/src/core/ipv4/ip4_frag.c **** /** Allocate a new struct pbuf_custom_ref */
 698:./lwip-2.1.2/src/core/ipv4/ip4_frag.c **** static struct pbuf_custom_ref *
 699:./lwip-2.1.2/src/core/ipv4/ip4_frag.c **** ip_frag_alloc_pbuf_custom_ref(void)
 700:./lwip-2.1.2/src/core/ipv4/ip4_frag.c **** {
 701:./lwip-2.1.2/src/core/ipv4/ip4_frag.c ****   return (struct pbuf_custom_ref *)memp_malloc(MEMP_FRAG_PBUF);
 702:./lwip-2.1.2/src/core/ipv4/ip4_frag.c **** }
 703:./lwip-2.1.2/src/core/ipv4/ip4_frag.c **** 
 704:./lwip-2.1.2/src/core/ipv4/ip4_frag.c **** /** Free a struct pbuf_custom_ref */
 705:./lwip-2.1.2/src/core/ipv4/ip4_frag.c **** static void
 706:./lwip-2.1.2/src/core/ipv4/ip4_frag.c **** ip_frag_free_pbuf_custom_ref(struct pbuf_custom_ref *p)
 707:./lwip-2.1.2/src/core/ipv4/ip4_frag.c **** {
 708:./lwip-2.1.2/src/core/ipv4/ip4_frag.c ****   LWIP_ASSERT("p != NULL", p != NULL);
 709:./lwip-2.1.2/src/core/ipv4/ip4_frag.c ****   memp_free(MEMP_FRAG_PBUF, p);
 710:./lwip-2.1.2/src/core/ipv4/ip4_frag.c **** }
 711:./lwip-2.1.2/src/core/ipv4/ip4_frag.c **** 
 712:./lwip-2.1.2/src/core/ipv4/ip4_frag.c **** /** Free-callback function to free a 'struct pbuf_custom_ref', called by
 713:./lwip-2.1.2/src/core/ipv4/ip4_frag.c ****  * pbuf_free. */
 714:./lwip-2.1.2/src/core/ipv4/ip4_frag.c **** static void
 715:./lwip-2.1.2/src/core/ipv4/ip4_frag.c **** ipfrag_free_pbuf_custom(struct pbuf *p)
 716:./lwip-2.1.2/src/core/ipv4/ip4_frag.c **** {
  28              		.loc 1 716 1 view -0
  29              		.cfi_startproc
  30              		@ args = 0, pretend = 0, frame = 0
  31              		@ frame_needed = 0, uses_anonymous_args = 0
 717:./lwip-2.1.2/src/core/ipv4/ip4_frag.c ****   struct pbuf_custom_ref *pcr = (struct pbuf_custom_ref *)p;
  32              		.loc 1 717 3 view .LVU1
 716:./lwip-2.1.2/src/core/ipv4/ip4_frag.c ****   struct pbuf_custom_ref *pcr = (struct pbuf_custom_ref *)p;
  33              		.loc 1 716 1 is_stmt 0 view .LVU2
  34 0000 10B5     		push	{r4, lr}
  35              	.LCFI0:
  36              		.cfi_def_cfa_offset 8
  37              		.cfi_offset 4, -8
  38              		.cfi_offset 14, -4
 716:./lwip-2.1.2/src/core/ipv4/ip4_frag.c ****   struct pbuf_custom_ref *pcr = (struct pbuf_custom_ref *)p;
  39              		.loc 1 716 1 view .LVU3
  40 0002 0446     		mov	r4, r0
  41              	.LVL1:
 718:./lwip-2.1.2/src/core/ipv4/ip4_frag.c ****   LWIP_ASSERT("pcr != NULL", pcr != NULL);
  42              		.loc 1 718 42 is_stmt 1 view .LVU4
 719:./lwip-2.1.2/src/core/ipv4/ip4_frag.c ****   LWIP_ASSERT("pcr == p", (void *)pcr == (void *)p);
  43              		.loc 1 719 52 view .LVU5
 720:./lwip-2.1.2/src/core/ipv4/ip4_frag.c ****   if (pcr->original != NULL) {
  44              		.loc 1 720 3 view .LVU6
  45              		.loc 1 720 10 is_stmt 0 view .LVU7
  46 0004 4069     		ldr	r0, [r0, #20]
  47              	.LVL2:
  48              		.loc 1 720 6 view .LVU8
  49 0006 08B1     		cbz	r0, .L2
 721:./lwip-2.1.2/src/core/ipv4/ip4_frag.c ****     pbuf_free(pcr->original);
  50              		.loc 1 721 5 is_stmt 1 view .LVU9
  51 0008 FFF7FEFF 		bl	pbuf_free
  52              	.LVL3:
  53              	.L2:
 722:./lwip-2.1.2/src/core/ipv4/ip4_frag.c ****   }
 723:./lwip-2.1.2/src/core/ipv4/ip4_frag.c ****   ip_frag_free_pbuf_custom_ref(pcr);
  54              		.loc 1 723 3 view .LVU10
  55              	.LBB9:
  56              	.LBI9:
 706:./lwip-2.1.2/src/core/ipv4/ip4_frag.c **** {
  57              		.loc 1 706 1 view .LVU11
  58              	.LBB10:
 708:./lwip-2.1.2/src/core/ipv4/ip4_frag.c ****   memp_free(MEMP_FRAG_PBUF, p);
  59              		.loc 1 708 38 view .LVU12
 709:./lwip-2.1.2/src/core/ipv4/ip4_frag.c **** }
  60              		.loc 1 709 3 view .LVU13
  61 000c 2146     		mov	r1, r4
  62 000e 0520     		movs	r0, #5
  63              	.LBE10:
  64              	.LBE9:
 724:./lwip-2.1.2/src/core/ipv4/ip4_frag.c **** }
  65              		.loc 1 724 1 is_stmt 0 view .LVU14
  66 0010 BDE81040 		pop	{r4, lr}
  67              	.LCFI1:
  68              		.cfi_restore 14
  69              		.cfi_restore 4
  70              		.cfi_def_cfa_offset 0
  71              	.LVL4:
  72              	.LBB12:
  73              	.LBB11:
 709:./lwip-2.1.2/src/core/ipv4/ip4_frag.c **** }
  74              		.loc 1 709 3 view .LVU15
  75 0014 FFF7FEBF 		b	memp_free
  76              	.LVL5:
 709:./lwip-2.1.2/src/core/ipv4/ip4_frag.c **** }
  77              		.loc 1 709 3 view .LVU16
  78              	.LBE11:
  79              	.LBE12:
  80              		.cfi_endproc
  81              	.LFE35:
  83              		.align	1
  84              		.p2align 2,,3
  85              		.syntax unified
  86              		.thumb
  87              		.thumb_func
  89              	ip_reass_free_complete_datagram:
  90              	.LVL6:
  91              	.LFB27:
 165:./lwip-2.1.2/src/core/ipv4/ip4_frag.c ****   u16_t pbufs_freed = 0;
  92              		.loc 1 165 1 is_stmt 1 view -0
  93              		.cfi_startproc
  94              		@ args = 0, pretend = 0, frame = 0
  95              		@ frame_needed = 0, uses_anonymous_args = 0
 166:./lwip-2.1.2/src/core/ipv4/ip4_frag.c ****   u16_t clen;
  96              		.loc 1 166 3 view .LVU18
 167:./lwip-2.1.2/src/core/ipv4/ip4_frag.c ****   struct pbuf *p;
  97              		.loc 1 167 3 view .LVU19
 168:./lwip-2.1.2/src/core/ipv4/ip4_frag.c ****   struct ip_reass_helper *iprh;
  98              		.loc 1 168 3 view .LVU20
 169:./lwip-2.1.2/src/core/ipv4/ip4_frag.c **** 
  99              		.loc 1 169 3 view .LVU21
 171:./lwip-2.1.2/src/core/ipv4/ip4_frag.c ****   if (prev != NULL) {
 100              		.loc 1 171 42 view .LVU22
 172:./lwip-2.1.2/src/core/ipv4/ip4_frag.c ****     LWIP_ASSERT("prev->next == ipr", prev->next == ipr);
 101              		.loc 1 172 3 view .LVU23
 173:./lwip-2.1.2/src/core/ipv4/ip4_frag.c ****   }
 102              		.loc 1 173 56 view .LVU24
 176:./lwip-2.1.2/src/core/ipv4/ip4_frag.c **** #if LWIP_ICMP
 103              		.loc 1 176 36 view .LVU25
 178:./lwip-2.1.2/src/core/ipv4/ip4_frag.c ****   if (iprh->start == 0) {
 104              		.loc 1 178 3 view .LVU26
 165:./lwip-2.1.2/src/core/ipv4/ip4_frag.c ****   u16_t pbufs_freed = 0;
 105              		.loc 1 165 1 is_stmt 0 view .LVU27
 106 0018 2DE9F041 		push	{r4, r5, r6, r7, r8, lr}
 107              	.LCFI2:
 108              		.cfi_def_cfa_offset 24
 109              		.cfi_offset 4, -24
 110              		.cfi_offset 5, -20
 111              		.cfi_offset 6, -16
 112              		.cfi_offset 7, -12
 113              		.cfi_offset 8, -8
 114              		.cfi_offset 14, -4
 178:./lwip-2.1.2/src/core/ipv4/ip4_frag.c ****   if (iprh->start == 0) {
 115              		.loc 1 178 39 view .LVU28
 116 001c 4468     		ldr	r4, [r0, #4]
 165:./lwip-2.1.2/src/core/ipv4/ip4_frag.c ****   u16_t pbufs_freed = 0;
 117              		.loc 1 165 1 view .LVU29
 118 001e 0746     		mov	r7, r0
 119 0020 8846     		mov	r8, r1
 178:./lwip-2.1.2/src/core/ipv4/ip4_frag.c ****   if (iprh->start == 0) {
 120              		.loc 1 178 8 view .LVU30
 121 0022 6368     		ldr	r3, [r4, #4]
 122              	.LVL7:
 179:./lwip-2.1.2/src/core/ipv4/ip4_frag.c ****     /* The first fragment was received, send ICMP time exceeded. */
 123              		.loc 1 179 3 is_stmt 1 view .LVU31
 179:./lwip-2.1.2/src/core/ipv4/ip4_frag.c ****     /* The first fragment was received, send ICMP time exceeded. */
 124              		.loc 1 179 6 is_stmt 0 view .LVU32
 125 0024 9A88     		ldrh	r2, [r3, #4]	@ unaligned
 126 0026 02B3     		cbz	r2, .L20
 166:./lwip-2.1.2/src/core/ipv4/ip4_frag.c ****   u16_t clen;
 127              		.loc 1 166 9 view .LVU33
 128 0028 0026     		movs	r6, #0
 129              	.LVL8:
 130              	.L11:
 131              	.LBB16:
 198:./lwip-2.1.2/src/core/ipv4/ip4_frag.c ****     iprh = (struct ip_reass_helper *)p->payload;
 132              		.loc 1 198 5 is_stmt 1 view .LVU34
 199:./lwip-2.1.2/src/core/ipv4/ip4_frag.c ****     pcur = p;
 133              		.loc 1 199 5 view .LVU35
 199:./lwip-2.1.2/src/core/ipv4/ip4_frag.c ****     pcur = p;
 134              		.loc 1 199 10 is_stmt 0 view .LVU36
 135 002a 6368     		ldr	r3, [r4, #4]
 203:./lwip-2.1.2/src/core/ipv4/ip4_frag.c ****     LWIP_ASSERT("pbufs_freed + clen <= 0xffff", pbufs_freed + clen <= 0xffff);
 136              		.loc 1 203 12 view .LVU37
 137 002c 2046     		mov	r0, r4
 138 002e 2546     		mov	r5, r4
 139              	.LVL9:
 200:./lwip-2.1.2/src/core/ipv4/ip4_frag.c ****     /* get the next pointer before freeing */
 140              		.loc 1 200 5 is_stmt 1 view .LVU38
 202:./lwip-2.1.2/src/core/ipv4/ip4_frag.c ****     clen = pbuf_clen(pcur);
 141              		.loc 1 202 5 view .LVU39
 202:./lwip-2.1.2/src/core/ipv4/ip4_frag.c ****     clen = pbuf_clen(pcur);
 142              		.loc 1 202 7 is_stmt 0 view .LVU40
 143 0030 1C68     		ldr	r4, [r3]	@ unaligned
 144              	.LVL10:
 203:./lwip-2.1.2/src/core/ipv4/ip4_frag.c ****     LWIP_ASSERT("pbufs_freed + clen <= 0xffff", pbufs_freed + clen <= 0xffff);
 145              		.loc 1 203 5 is_stmt 1 view .LVU41
 203:./lwip-2.1.2/src/core/ipv4/ip4_frag.c ****     LWIP_ASSERT("pbufs_freed + clen <= 0xffff", pbufs_freed + clen <= 0xffff);
 146              		.loc 1 203 12 is_stmt 0 view .LVU42
 147 0032 FFF7FEFF 		bl	pbuf_clen
 148              	.LVL11:
 203:./lwip-2.1.2/src/core/ipv4/ip4_frag.c ****     LWIP_ASSERT("pbufs_freed + clen <= 0xffff", pbufs_freed + clen <= 0xffff);
 149              		.loc 1 203 12 view .LVU43
 150 0036 0346     		mov	r3, r0
 151              	.LVL12:
 204:./lwip-2.1.2/src/core/ipv4/ip4_frag.c ****     pbufs_freed = (u16_t)(pbufs_freed + clen);
 152              		.loc 1 204 78 is_stmt 1 view .LVU44
 205:./lwip-2.1.2/src/core/ipv4/ip4_frag.c ****     pbuf_free(pcur);
 153              		.loc 1 205 5 view .LVU45
 206:./lwip-2.1.2/src/core/ipv4/ip4_frag.c ****   }
 154              		.loc 1 206 5 is_stmt 0 view .LVU46
 155 0038 2846     		mov	r0, r5
 205:./lwip-2.1.2/src/core/ipv4/ip4_frag.c ****     pbuf_free(pcur);
 156              		.loc 1 205 17 view .LVU47
 157 003a 3344     		add	r3, r3, r6
 158              	.LVL13:
 205:./lwip-2.1.2/src/core/ipv4/ip4_frag.c ****     pbuf_free(pcur);
 159              		.loc 1 205 17 view .LVU48
 160 003c 9EB2     		uxth	r6, r3
 161              	.LVL14:
 206:./lwip-2.1.2/src/core/ipv4/ip4_frag.c ****   }
 162              		.loc 1 206 5 is_stmt 1 view .LVU49
 163 003e FFF7FEFF 		bl	pbuf_free
 164              	.LVL15:
 206:./lwip-2.1.2/src/core/ipv4/ip4_frag.c ****   }
 165              		.loc 1 206 5 is_stmt 0 view .LVU50
 166              	.LBE16:
 197:./lwip-2.1.2/src/core/ipv4/ip4_frag.c ****     struct pbuf *pcur;
 167              		.loc 1 197 12 is_stmt 1 view .LVU51
 168 0042 002C     		cmp	r4, #0
 169 0044 F1D1     		bne	.L11
 170              	.LVL16:
 171              	.L10:
 209:./lwip-2.1.2/src/core/ipv4/ip4_frag.c ****   LWIP_ASSERT("ip_reass_pbufcount >= pbufs_freed", ip_reass_pbufcount >= pbufs_freed);
 172              		.loc 1 209 3 view .LVU52
 173              	.LBB17:
 174              	.LBI17:
 317:./lwip-2.1.2/src/core/ipv4/ip4_frag.c **** {
 175              		.loc 1 317 1 view .LVU53
 176              	.LBB18:
 320:./lwip-2.1.2/src/core/ipv4/ip4_frag.c ****     /* it was the first in the list */
 177              		.loc 1 320 3 view .LVU54
 320:./lwip-2.1.2/src/core/ipv4/ip4_frag.c ****     /* it was the first in the list */
 178              		.loc 1 320 22 is_stmt 0 view .LVU55
 179 0046 164C     		ldr	r4, .L21
 330:./lwip-2.1.2/src/core/ipv4/ip4_frag.c **** }
 180              		.loc 1 330 3 view .LVU56
 181 0048 3946     		mov	r1, r7
 322:./lwip-2.1.2/src/core/ipv4/ip4_frag.c ****   } else {
 182              		.loc 1 322 25 view .LVU57
 183 004a 3B68     		ldr	r3, [r7]
 330:./lwip-2.1.2/src/core/ipv4/ip4_frag.c **** }
 184              		.loc 1 330 3 view .LVU58
 185 004c 0420     		movs	r0, #4
 320:./lwip-2.1.2/src/core/ipv4/ip4_frag.c ****     /* it was the first in the list */
 186              		.loc 1 320 6 view .LVU59
 187 004e 2268     		ldr	r2, [r4]
 188 0050 9742     		cmp	r7, r2
 322:./lwip-2.1.2/src/core/ipv4/ip4_frag.c ****   } else {
 189              		.loc 1 322 5 is_stmt 1 view .LVU60
 326:./lwip-2.1.2/src/core/ipv4/ip4_frag.c ****   }
 190              		.loc 1 326 16 is_stmt 0 view .LVU61
 191 0052 14BF     		ite	ne
 192 0054 C8F80030 		strne	r3, [r8]
 322:./lwip-2.1.2/src/core/ipv4/ip4_frag.c ****   } else {
 193              		.loc 1 322 20 view .LVU62
 194 0058 2360     		streq	r3, [r4]
 325:./lwip-2.1.2/src/core/ipv4/ip4_frag.c ****     prev->next = ipr->next;
 195              		.loc 1 325 58 is_stmt 1 view .LVU63
 326:./lwip-2.1.2/src/core/ipv4/ip4_frag.c ****   }
 196              		.loc 1 326 5 view .LVU64
 330:./lwip-2.1.2/src/core/ipv4/ip4_frag.c **** }
 197              		.loc 1 330 3 view .LVU65
 198 005a FFF7FEFF 		bl	memp_free
 199              	.LVL17:
 330:./lwip-2.1.2/src/core/ipv4/ip4_frag.c **** }
 200              		.loc 1 330 3 is_stmt 0 view .LVU66
 201              	.LBE18:
 202              	.LBE17:
 210:./lwip-2.1.2/src/core/ipv4/ip4_frag.c ****   ip_reass_pbufcount = (u16_t)(ip_reass_pbufcount - pbufs_freed);
 203              		.loc 1 210 86 is_stmt 1 view .LVU67
 211:./lwip-2.1.2/src/core/ipv4/ip4_frag.c **** 
 204              		.loc 1 211 3 view .LVU68
 211:./lwip-2.1.2/src/core/ipv4/ip4_frag.c **** 
 205              		.loc 1 211 24 is_stmt 0 view .LVU69
 206 005e A388     		ldrh	r3, [r4, #4]
 214:./lwip-2.1.2/src/core/ipv4/ip4_frag.c **** 
 207              		.loc 1 214 1 view .LVU70
 208 0060 3046     		mov	r0, r6
 211:./lwip-2.1.2/src/core/ipv4/ip4_frag.c **** 
 209              		.loc 1 211 24 view .LVU71
 210 0062 9B1B     		subs	r3, r3, r6
 211:./lwip-2.1.2/src/core/ipv4/ip4_frag.c **** 
 211              		.loc 1 211 22 view .LVU72
 212 0064 A380     		strh	r3, [r4, #4]	@ movhi
 213:./lwip-2.1.2/src/core/ipv4/ip4_frag.c **** }
 213              		.loc 1 213 3 is_stmt 1 view .LVU73
 214:./lwip-2.1.2/src/core/ipv4/ip4_frag.c **** 
 214              		.loc 1 214 1 is_stmt 0 view .LVU74
 215 0066 BDE8F081 		pop	{r4, r5, r6, r7, r8, pc}
 216              	.LVL18:
 217              	.L20:
 182:./lwip-2.1.2/src/core/ipv4/ip4_frag.c ****     ipr->p = iprh->next_pbuf;
 218              		.loc 1 182 5 is_stmt 1 view .LVU75
 183:./lwip-2.1.2/src/core/ipv4/ip4_frag.c ****     /* Then, copy the original header into it. */
 219              		.loc 1 183 5 view .LVU76
 183:./lwip-2.1.2/src/core/ipv4/ip4_frag.c ****     /* Then, copy the original header into it. */
 220              		.loc 1 183 18 is_stmt 0 view .LVU77
 221 006a 1A68     		ldr	r2, [r3]	@ unaligned
 185:./lwip-2.1.2/src/core/ipv4/ip4_frag.c ****     icmp_time_exceeded(p, ICMP_TE_FRAG);
 222              		.loc 1 185 5 view .LVU78
 223 006c C568     		ldr	r5, [r0, #12]	@ unaligned
 183:./lwip-2.1.2/src/core/ipv4/ip4_frag.c ****     /* Then, copy the original header into it. */
 224              		.loc 1 183 12 view .LVU79
 225 006e 4260     		str	r2, [r0, #4]
 185:./lwip-2.1.2/src/core/ipv4/ip4_frag.c ****     icmp_time_exceeded(p, ICMP_TE_FRAG);
 226              		.loc 1 185 5 is_stmt 1 view .LVU80
 227 0070 8268     		ldr	r2, [r0, #8]	@ unaligned
 228 0072 7969     		ldr	r1, [r7, #20]	@ unaligned
 229              	.LVL19:
 185:./lwip-2.1.2/src/core/ipv4/ip4_frag.c ****     icmp_time_exceeded(p, ICMP_TE_FRAG);
 230              		.loc 1 185 5 is_stmt 0 view .LVU81
 231 0074 0069     		ldr	r0, [r0, #16]	@ unaligned
 232              	.LVL20:
 185:./lwip-2.1.2/src/core/ipv4/ip4_frag.c ****     icmp_time_exceeded(p, ICMP_TE_FRAG);
 233              		.loc 1 185 5 view .LVU82
 234 0076 D960     		str	r1, [r3, #12]	@ unaligned
 186:./lwip-2.1.2/src/core/ipv4/ip4_frag.c ****     clen = pbuf_clen(p);
 235              		.loc 1 186 5 view .LVU83
 236 0078 0121     		movs	r1, #1
 185:./lwip-2.1.2/src/core/ipv4/ip4_frag.c ****     icmp_time_exceeded(p, ICMP_TE_FRAG);
 237              		.loc 1 185 5 view .LVU84
 238 007a 9860     		str	r0, [r3, #8]	@ unaligned
 186:./lwip-2.1.2/src/core/ipv4/ip4_frag.c ****     clen = pbuf_clen(p);
 239              		.loc 1 186 5 view .LVU85
 240 007c 2046     		mov	r0, r4
 185:./lwip-2.1.2/src/core/ipv4/ip4_frag.c ****     icmp_time_exceeded(p, ICMP_TE_FRAG);
 241              		.loc 1 185 5 view .LVU86
 242 007e 1A60     		str	r2, [r3]	@ unaligned
 243 0080 5D60     		str	r5, [r3, #4]	@ unaligned
 244 0082 BA69     		ldr	r2, [r7, #24]	@ unaligned
 245 0084 1A61     		str	r2, [r3, #16]	@ unaligned
 186:./lwip-2.1.2/src/core/ipv4/ip4_frag.c ****     clen = pbuf_clen(p);
 246              		.loc 1 186 5 is_stmt 1 view .LVU87
 247 0086 FFF7FEFF 		bl	icmp_time_exceeded
 248              	.LVL21:
 187:./lwip-2.1.2/src/core/ipv4/ip4_frag.c ****     LWIP_ASSERT("pbufs_freed + clen <= 0xffff", pbufs_freed + clen <= 0xffff);
 249              		.loc 1 187 5 view .LVU88
 187:./lwip-2.1.2/src/core/ipv4/ip4_frag.c ****     LWIP_ASSERT("pbufs_freed + clen <= 0xffff", pbufs_freed + clen <= 0xffff);
 250              		.loc 1 187 12 is_stmt 0 view .LVU89
 251 008a 2046     		mov	r0, r4
 252 008c FFF7FEFF 		bl	pbuf_clen
 253              	.LVL22:
 254 0090 0646     		mov	r6, r0
 190:./lwip-2.1.2/src/core/ipv4/ip4_frag.c ****   }
 255              		.loc 1 190 5 view .LVU90
 256 0092 2046     		mov	r0, r4
 257              	.LVL23:
 188:./lwip-2.1.2/src/core/ipv4/ip4_frag.c ****     pbufs_freed = (u16_t)(pbufs_freed + clen);
 258              		.loc 1 188 78 is_stmt 1 view .LVU91
 189:./lwip-2.1.2/src/core/ipv4/ip4_frag.c ****     pbuf_free(p);
 259              		.loc 1 189 5 view .LVU92
 190:./lwip-2.1.2/src/core/ipv4/ip4_frag.c ****   }
 260              		.loc 1 190 5 view .LVU93
 261 0094 FFF7FEFF 		bl	pbuf_free
 262              	.LVL24:
 196:./lwip-2.1.2/src/core/ipv4/ip4_frag.c ****   while (p != NULL) {
 263              		.loc 1 196 5 is_stmt 0 view .LVU94
 264 0098 7C68     		ldr	r4, [r7, #4]
 265              	.LVL25:
 196:./lwip-2.1.2/src/core/ipv4/ip4_frag.c ****   while (p != NULL) {
 266              		.loc 1 196 3 is_stmt 1 view .LVU95
 197:./lwip-2.1.2/src/core/ipv4/ip4_frag.c ****     struct pbuf *pcur;
 267              		.loc 1 197 3 view .LVU96
 197:./lwip-2.1.2/src/core/ipv4/ip4_frag.c ****     struct pbuf *pcur;
 268              		.loc 1 197 12 view .LVU97
 269 009a 002C     		cmp	r4, #0
 270 009c C5D1     		bne	.L11
 271 009e D2E7     		b	.L10
 272              	.L22:
 273              		.align	2
 274              	.L21:
 275 00a0 00000000 		.word	.LANCHOR0
 276              		.cfi_endproc
 277              	.LFE27:
 279              		.align	1
 280              		.p2align 2,,3
 281              		.syntax unified
 282              		.thumb
 283              		.thumb_func
 285              	ip_reass_remove_oldest_datagram:
 286              	.LVL26:
 287              	.LFB28:
 228:./lwip-2.1.2/src/core/ipv4/ip4_frag.c ****   /* @todo Can't we simply remove the last datagram in the
 288              		.loc 1 228 1 view -0
 289              		.cfi_startproc
 290              		@ args = 0, pretend = 0, frame = 0
 291              		@ frame_needed = 0, uses_anonymous_args = 0
 232:./lwip-2.1.2/src/core/ipv4/ip4_frag.c ****   int pbufs_freed = 0, pbufs_freed_current;
 292              		.loc 1 232 3 view .LVU99
 233:./lwip-2.1.2/src/core/ipv4/ip4_frag.c ****   int other_datagrams;
 293              		.loc 1 233 3 view .LVU100
 228:./lwip-2.1.2/src/core/ipv4/ip4_frag.c ****   /* @todo Can't we simply remove the last datagram in the
 294              		.loc 1 228 1 is_stmt 0 view .LVU101
 295 00a4 2DE9F84F 		push	{r3, r4, r5, r6, r7, r8, r9, r10, fp, lr}
 296              	.LCFI3:
 297              		.cfi_def_cfa_offset 40
 298              		.cfi_offset 3, -40
 299              		.cfi_offset 4, -36
 300              		.cfi_offset 5, -32
 301              		.cfi_offset 6, -28
 302              		.cfi_offset 7, -24
 303              		.cfi_offset 8, -20
 304              		.cfi_offset 9, -16
 305              		.cfi_offset 10, -12
 306              		.cfi_offset 11, -8
 307              		.cfi_offset 14, -4
 233:./lwip-2.1.2/src/core/ipv4/ip4_frag.c ****   int other_datagrams;
 308              		.loc 1 233 7 view .LVU102
 309 00a8 0026     		movs	r6, #0
 310 00aa DFF8B080 		ldr	r8, .L63
 228:./lwip-2.1.2/src/core/ipv4/ip4_frag.c ****   /* @todo Can't we simply remove the last datagram in the
 311              		.loc 1 228 1 view .LVU103
 312 00ae 0546     		mov	r5, r0
 313 00b0 8B46     		mov	fp, r1
 314              	.LVL27:
 315              	.L35:
 234:./lwip-2.1.2/src/core/ipv4/ip4_frag.c **** 
 316              		.loc 1 234 3 is_stmt 1 view .LVU104
 238:./lwip-2.1.2/src/core/ipv4/ip4_frag.c ****     oldest = NULL;
 317              		.loc 1 238 3 view .LVU105
 239:./lwip-2.1.2/src/core/ipv4/ip4_frag.c ****     prev = NULL;
 318              		.loc 1 239 5 view .LVU106
 240:./lwip-2.1.2/src/core/ipv4/ip4_frag.c ****     oldest_prev = NULL;
 319              		.loc 1 240 5 view .LVU107
 241:./lwip-2.1.2/src/core/ipv4/ip4_frag.c ****     other_datagrams = 0;
 320              		.loc 1 241 5 view .LVU108
 242:./lwip-2.1.2/src/core/ipv4/ip4_frag.c ****     r = reassdatagrams;
 321              		.loc 1 242 5 view .LVU109
 243:./lwip-2.1.2/src/core/ipv4/ip4_frag.c ****     while (r != NULL) {
 322              		.loc 1 243 5 view .LVU110
 243:./lwip-2.1.2/src/core/ipv4/ip4_frag.c ****     while (r != NULL) {
 323              		.loc 1 243 7 is_stmt 0 view .LVU111
 324 00b2 D8F80000 		ldr	r0, [r8]
 325              	.LVL28:
 244:./lwip-2.1.2/src/core/ipv4/ip4_frag.c ****       if (!IP_ADDRESSES_AND_ID_MATCH(&r->iphdr, fraghdr)) {
 326              		.loc 1 244 5 is_stmt 1 view .LVU112
 244:./lwip-2.1.2/src/core/ipv4/ip4_frag.c ****       if (!IP_ADDRESSES_AND_ID_MATCH(&r->iphdr, fraghdr)) {
 327              		.loc 1 244 14 view .LVU113
 328 00b6 0028     		cmp	r0, #0
 329 00b8 47D0     		beq	.L23
 242:./lwip-2.1.2/src/core/ipv4/ip4_frag.c ****     r = reassdatagrams;
 330              		.loc 1 242 21 is_stmt 0 view .LVU114
 331 00ba 0024     		movs	r4, #0
 245:./lwip-2.1.2/src/core/ipv4/ip4_frag.c ****         /* Not the same datagram as fraghdr */
 332              		.loc 1 245 12 view .LVU115
 333 00bc D5F80CC0 		ldr	ip, [r5, #12]	@ unaligned
 241:./lwip-2.1.2/src/core/ipv4/ip4_frag.c ****     other_datagrams = 0;
 334              		.loc 1 241 17 view .LVU116
 335 00c0 A646     		mov	lr, r4
 240:./lwip-2.1.2/src/core/ipv4/ip4_frag.c ****     oldest_prev = NULL;
 336              		.loc 1 240 10 view .LVU117
 337 00c2 2146     		mov	r1, r4
 239:./lwip-2.1.2/src/core/ipv4/ip4_frag.c ****     prev = NULL;
 338              		.loc 1 239 12 view .LVU118
 339 00c4 2246     		mov	r2, r4
 340              	.LVL29:
 341              	.L33:
 245:./lwip-2.1.2/src/core/ipv4/ip4_frag.c ****         /* Not the same datagram as fraghdr */
 342              		.loc 1 245 7 is_stmt 1 view .LVU119
 245:./lwip-2.1.2/src/core/ipv4/ip4_frag.c ****         /* Not the same datagram as fraghdr */
 343              		.loc 1 245 10 is_stmt 0 view .LVU120
 344 00c6 4369     		ldr	r3, [r0, #20]
 345 00c8 6345     		cmp	r3, ip
 346 00ca 1FD0     		beq	.L30
 347              	.LVL30:
 348              	.L25:
 247:./lwip-2.1.2/src/core/ipv4/ip4_frag.c ****         if (oldest == NULL) {
 349              		.loc 1 247 9 is_stmt 1 view .LVU121
 247:./lwip-2.1.2/src/core/ipv4/ip4_frag.c ****         if (oldest == NULL) {
 350              		.loc 1 247 24 is_stmt 0 view .LVU122
 351 00cc 0134     		adds	r4, r4, #1
 352              	.LVL31:
 248:./lwip-2.1.2/src/core/ipv4/ip4_frag.c ****           oldest = r;
 353              		.loc 1 248 9 is_stmt 1 view .LVU123
 248:./lwip-2.1.2/src/core/ipv4/ip4_frag.c ****           oldest = r;
 354              		.loc 1 248 12 is_stmt 0 view .LVU124
 355 00ce 8AB3     		cbz	r2, .L38
 356 00d0 92F81F90 		ldrb	r9, [r2, #31]	@ zero_extendqisi2
 251:./lwip-2.1.2/src/core/ipv4/ip4_frag.c ****           /* older than the previous oldest */
 357              		.loc 1 251 16 is_stmt 1 view .LVU125
 257:./lwip-2.1.2/src/core/ipv4/ip4_frag.c ****         prev = r;
 358              		.loc 1 257 7 view .LVU126
 359              	.LVL32:
 257:./lwip-2.1.2/src/core/ipv4/ip4_frag.c ****         prev = r;
 360              		.loc 1 257 7 view .LVU127
 251:./lwip-2.1.2/src/core/ipv4/ip4_frag.c ****           /* older than the previous oldest */
 361              		.loc 1 251 19 is_stmt 0 view .LVU128
 362 00d4 90F81FA0 		ldrb	r10, [r0, #31]	@ zero_extendqisi2
 257:./lwip-2.1.2/src/core/ipv4/ip4_frag.c ****         prev = r;
 363              		.loc 1 257 12 view .LVU129
 364 00d8 0368     		ldr	r3, [r0]
 251:./lwip-2.1.2/src/core/ipv4/ip4_frag.c ****           /* older than the previous oldest */
 365              		.loc 1 251 19 view .LVU130
 366 00da CA45     		cmp	r10, r9
 367 00dc 0BD9     		bls	.L28
 368              	.L61:
 369              	.LVL33:
 247:./lwip-2.1.2/src/core/ipv4/ip4_frag.c ****         if (oldest == NULL) {
 370              		.loc 1 247 9 is_stmt 1 view .LVU131
 245:./lwip-2.1.2/src/core/ipv4/ip4_frag.c ****         /* Not the same datagram as fraghdr */
 371              		.loc 1 245 7 view .LVU132
 257:./lwip-2.1.2/src/core/ipv4/ip4_frag.c ****         prev = r;
 372              		.loc 1 257 10 is_stmt 0 view .LVU133
 373 00de 7BB3     		cbz	r3, .L29
 245:./lwip-2.1.2/src/core/ipv4/ip4_frag.c ****         /* Not the same datagram as fraghdr */
 374              		.loc 1 245 10 view .LVU134
 375 00e0 5969     		ldr	r1, [r3, #20]
 376 00e2 8C45     		cmp	ip, r1
 377 00e4 10D0     		beq	.L59
 378              	.L60:
 249:./lwip-2.1.2/src/core/ipv4/ip4_frag.c ****           oldest_prev = prev;
 379              		.loc 1 249 18 view .LVU135
 380 00e6 0146     		mov	r1, r0
 381 00e8 1846     		mov	r0, r3
 382              	.LVL34:
 247:./lwip-2.1.2/src/core/ipv4/ip4_frag.c ****         if (oldest == NULL) {
 383              		.loc 1 247 24 view .LVU136
 384 00ea 0134     		adds	r4, r4, #1
 385              	.LVL35:
 248:./lwip-2.1.2/src/core/ipv4/ip4_frag.c ****           oldest = r;
 386              		.loc 1 248 9 is_stmt 1 view .LVU137
 251:./lwip-2.1.2/src/core/ipv4/ip4_frag.c ****           /* older than the previous oldest */
 387              		.loc 1 251 16 view .LVU138
 257:./lwip-2.1.2/src/core/ipv4/ip4_frag.c ****         prev = r;
 388              		.loc 1 257 7 view .LVU139
 257:./lwip-2.1.2/src/core/ipv4/ip4_frag.c ****         prev = r;
 389              		.loc 1 257 7 view .LVU140
 251:./lwip-2.1.2/src/core/ipv4/ip4_frag.c ****           /* older than the previous oldest */
 390              		.loc 1 251 19 is_stmt 0 view .LVU141
 391 00ec 90F81FA0 		ldrb	r10, [r0, #31]	@ zero_extendqisi2
 257:./lwip-2.1.2/src/core/ipv4/ip4_frag.c ****         prev = r;
 392              		.loc 1 257 12 view .LVU142
 393 00f0 0368     		ldr	r3, [r0]
 394              	.LVL36:
 251:./lwip-2.1.2/src/core/ipv4/ip4_frag.c ****           /* older than the previous oldest */
 395              		.loc 1 251 19 view .LVU143
 396 00f2 CA45     		cmp	r10, r9
 397 00f4 F3D8     		bhi	.L61
 398              	.LVL37:
 399              	.L28:
 247:./lwip-2.1.2/src/core/ipv4/ip4_frag.c ****         if (oldest == NULL) {
 400              		.loc 1 247 9 is_stmt 1 view .LVU144
 245:./lwip-2.1.2/src/core/ipv4/ip4_frag.c ****         /* Not the same datagram as fraghdr */
 401              		.loc 1 245 7 view .LVU145
 250:./lwip-2.1.2/src/core/ipv4/ip4_frag.c ****         } else if (r->timer <= oldest->timer) {
 402              		.loc 1 250 23 is_stmt 0 view .LVU146
 403 00f6 8E46     		mov	lr, r1
 249:./lwip-2.1.2/src/core/ipv4/ip4_frag.c ****           oldest_prev = prev;
 404              		.loc 1 249 18 view .LVU147
 405 00f8 0246     		mov	r2, r0
 406 00fa D146     		mov	r9, r10
 257:./lwip-2.1.2/src/core/ipv4/ip4_frag.c ****         prev = r;
 407              		.loc 1 257 10 view .LVU148
 408 00fc 53B3     		cbz	r3, .L32
 245:./lwip-2.1.2/src/core/ipv4/ip4_frag.c ****         /* Not the same datagram as fraghdr */
 409              		.loc 1 245 10 view .LVU149
 410 00fe 5F69     		ldr	r7, [r3, #20]
 411 0100 BC45     		cmp	ip, r7
 412 0102 F0D1     		bne	.L60
 250:./lwip-2.1.2/src/core/ipv4/ip4_frag.c ****         } else if (r->timer <= oldest->timer) {
 413              		.loc 1 250 23 view .LVU150
 414 0104 8E46     		mov	lr, r1
 415              	.LVL38:
 249:./lwip-2.1.2/src/core/ipv4/ip4_frag.c ****           oldest_prev = prev;
 416              		.loc 1 249 18 view .LVU151
 417 0106 0246     		mov	r2, r0
 418              	.LVL39:
 419              	.L59:
 245:./lwip-2.1.2/src/core/ipv4/ip4_frag.c ****         /* Not the same datagram as fraghdr */
 420              		.loc 1 245 10 view .LVU152
 421 0108 0146     		mov	r1, r0
 257:./lwip-2.1.2/src/core/ipv4/ip4_frag.c ****         prev = r;
 422              		.loc 1 257 12 view .LVU153
 423 010a 1846     		mov	r0, r3
 424              	.LVL40:
 425              	.L30:
 245:./lwip-2.1.2/src/core/ipv4/ip4_frag.c ****         /* Not the same datagram as fraghdr */
 426              		.loc 1 245 12 discriminator 1 view .LVU154
 427 010c D5F81090 		ldr	r9, [r5, #16]	@ unaligned
 428 0110 8369     		ldr	r3, [r0, #24]
 429 0112 4B45     		cmp	r3, r9
 430 0114 DAD1     		bne	.L25
 245:./lwip-2.1.2/src/core/ipv4/ip4_frag.c ****         /* Not the same datagram as fraghdr */
 431              		.loc 1 245 11 discriminator 2 view .LVU155
 432 0116 B0F80C90 		ldrh	r9, [r0, #12]
 433 011a AB88     		ldrh	r3, [r5, #4]	@ unaligned
 434 011c 9945     		cmp	r9, r3
 435 011e D5D1     		bne	.L25
 436 0120 0346     		mov	r3, r0
 437              	.LVL41:
 245:./lwip-2.1.2/src/core/ipv4/ip4_frag.c ****         /* Not the same datagram as fraghdr */
 438              		.loc 1 245 11 discriminator 2 view .LVU156
 439 0122 7146     		mov	r1, lr
 440 0124 1046     		mov	r0, r2
 441              	.LVL42:
 257:./lwip-2.1.2/src/core/ipv4/ip4_frag.c ****         prev = r;
 442              		.loc 1 257 7 is_stmt 1 view .LVU157
 257:./lwip-2.1.2/src/core/ipv4/ip4_frag.c ****         prev = r;
 443              		.loc 1 257 12 is_stmt 0 view .LVU158
 444 0126 1F68     		ldr	r7, [r3]
 445 0128 8E46     		mov	lr, r1
 446              	.LVL43:
 257:./lwip-2.1.2/src/core/ipv4/ip4_frag.c ****         prev = r;
 447              		.loc 1 257 12 view .LVU159
 448 012a 0246     		mov	r2, r0
 257:./lwip-2.1.2/src/core/ipv4/ip4_frag.c ****         prev = r;
 449              		.loc 1 257 10 view .LVU160
 450 012c 47B1     		cbz	r7, .L29
 451              	.L41:
 257:./lwip-2.1.2/src/core/ipv4/ip4_frag.c ****         prev = r;
 452              		.loc 1 257 10 view .LVU161
 453 012e 1946     		mov	r1, r3
 454 0130 3846     		mov	r0, r7
 455              	.LVL44:
 257:./lwip-2.1.2/src/core/ipv4/ip4_frag.c ****         prev = r;
 456              		.loc 1 257 10 view .LVU162
 457 0132 C8E7     		b	.L33
 458              	.LVL45:
 459              	.L38:
 257:./lwip-2.1.2/src/core/ipv4/ip4_frag.c ****         prev = r;
 460              		.loc 1 257 10 view .LVU163
 461 0134 0346     		mov	r3, r0
 462              	.LVL46:
 257:./lwip-2.1.2/src/core/ipv4/ip4_frag.c ****         prev = r;
 463              		.loc 1 257 7 is_stmt 1 view .LVU164
 464 0136 8E46     		mov	lr, r1
 465              	.LVL47:
 257:./lwip-2.1.2/src/core/ipv4/ip4_frag.c ****         prev = r;
 466              		.loc 1 257 7 is_stmt 0 view .LVU165
 467 0138 0246     		mov	r2, r0
 257:./lwip-2.1.2/src/core/ipv4/ip4_frag.c ****         prev = r;
 468              		.loc 1 257 12 view .LVU166
 469 013a 1F68     		ldr	r7, [r3]
 257:./lwip-2.1.2/src/core/ipv4/ip4_frag.c ****         prev = r;
 470              		.loc 1 257 10 view .LVU167
 471 013c 002F     		cmp	r7, #0
 472 013e F6D1     		bne	.L41
 473              	.LVL48:
 474              	.L29:
 244:./lwip-2.1.2/src/core/ipv4/ip4_frag.c ****       if (!IP_ADDRESSES_AND_ID_MATCH(&r->iphdr, fraghdr)) {
 475              		.loc 1 244 14 is_stmt 1 view .LVU168
 262:./lwip-2.1.2/src/core/ipv4/ip4_frag.c ****       pbufs_freed_current = ip_reass_free_complete_datagram(oldest, oldest_prev);
 476              		.loc 1 262 5 view .LVU169
 262:./lwip-2.1.2/src/core/ipv4/ip4_frag.c ****       pbufs_freed_current = ip_reass_free_complete_datagram(oldest, oldest_prev);
 477              		.loc 1 262 8 is_stmt 0 view .LVU170
 478 0140 32B9     		cbnz	r2, .L62
 479              	.LVL49:
 480              	.L34:
 266:./lwip-2.1.2/src/core/ipv4/ip4_frag.c ****   return pbufs_freed;
 481              		.loc 1 266 41 is_stmt 1 view .LVU171
 482 0142 5E45     		cmp	r6, fp
 483 0144 01DA     		bge	.L23
 266:./lwip-2.1.2/src/core/ipv4/ip4_frag.c ****   return pbufs_freed;
 484              		.loc 1 266 41 is_stmt 0 view .LVU172
 485 0146 012C     		cmp	r4, #1
 486 0148 B3DC     		bgt	.L35
 487              	.LVL50:
 488              	.L23:
 268:./lwip-2.1.2/src/core/ipv4/ip4_frag.c **** #endif /* IP_REASS_FREE_OLDEST */
 489              		.loc 1 268 1 view .LVU173
 490 014a 3046     		mov	r0, r6
 491 014c BDE8F88F 		pop	{r3, r4, r5, r6, r7, r8, r9, r10, fp, pc}
 492              	.LVL51:
 493              	.L62:
 268:./lwip-2.1.2/src/core/ipv4/ip4_frag.c **** #endif /* IP_REASS_FREE_OLDEST */
 494              		.loc 1 268 1 view .LVU174
 495 0150 1046     		mov	r0, r2
 496              	.LVL52:
 268:./lwip-2.1.2/src/core/ipv4/ip4_frag.c **** #endif /* IP_REASS_FREE_OLDEST */
 497              		.loc 1 268 1 view .LVU175
 498 0152 7146     		mov	r1, lr
 499              	.LVL53:
 500              	.L32:
 263:./lwip-2.1.2/src/core/ipv4/ip4_frag.c ****       pbufs_freed += pbufs_freed_current;
 501              		.loc 1 263 7 is_stmt 1 view .LVU176
 263:./lwip-2.1.2/src/core/ipv4/ip4_frag.c ****       pbufs_freed += pbufs_freed_current;
 502              		.loc 1 263 29 is_stmt 0 view .LVU177
 503 0154 FFF760FF 		bl	ip_reass_free_complete_datagram
 504              	.LVL54:
 264:./lwip-2.1.2/src/core/ipv4/ip4_frag.c ****     }
 505              		.loc 1 264 7 is_stmt 1 view .LVU178
 264:./lwip-2.1.2/src/core/ipv4/ip4_frag.c ****     }
 506              		.loc 1 264 19 is_stmt 0 view .LVU179
 507 0158 0644     		add	r6, r6, r0
 508              	.LVL55:
 264:./lwip-2.1.2/src/core/ipv4/ip4_frag.c ****     }
 509              		.loc 1 264 19 view .LVU180
 510 015a F2E7     		b	.L34
 511              	.L64:
 512              		.align	2
 513              	.L63:
 514 015c 00000000 		.word	.LANCHOR0
 515              		.cfi_endproc
 516              	.LFE28:
 518              		.align	1
 519              		.p2align 2,,3
 520              		.global	ip_reass_tmr
 521              		.syntax unified
 522              		.thumb
 523              		.thumb_func
 525              	ip_reass_tmr:
 526              	.LFB26:
 129:./lwip-2.1.2/src/core/ipv4/ip4_frag.c ****   struct ip_reassdata *r, *prev = NULL;
 527              		.loc 1 129 1 is_stmt 1 view -0
 528              		.cfi_startproc
 529              		@ args = 0, pretend = 0, frame = 0
 530              		@ frame_needed = 0, uses_anonymous_args = 0
 130:./lwip-2.1.2/src/core/ipv4/ip4_frag.c **** 
 531              		.loc 1 130 3 view .LVU182
 532              	.LVL56:
 132:./lwip-2.1.2/src/core/ipv4/ip4_frag.c ****   while (r != NULL) {
 533              		.loc 1 132 3 view .LVU183
 129:./lwip-2.1.2/src/core/ipv4/ip4_frag.c ****   struct ip_reassdata *r, *prev = NULL;
 534              		.loc 1 129 1 is_stmt 0 view .LVU184
 535 0160 38B5     		push	{r3, r4, r5, lr}
 536              	.LCFI4:
 537              		.cfi_def_cfa_offset 16
 538              		.cfi_offset 3, -16
 539              		.cfi_offset 4, -12
 540              		.cfi_offset 5, -8
 541              		.cfi_offset 14, -4
 132:./lwip-2.1.2/src/core/ipv4/ip4_frag.c ****   while (r != NULL) {
 542              		.loc 1 132 5 view .LVU185
 543 0162 0A4B     		ldr	r3, .L73
 544 0164 1C68     		ldr	r4, [r3]
 545              	.LVL57:
 133:./lwip-2.1.2/src/core/ipv4/ip4_frag.c ****     /* Decrement the timer. Once it reaches 0,
 546              		.loc 1 133 3 is_stmt 1 view .LVU186
 133:./lwip-2.1.2/src/core/ipv4/ip4_frag.c ****     /* Decrement the timer. Once it reaches 0,
 547              		.loc 1 133 12 view .LVU187
 548 0166 4CB1     		cbz	r4, .L65
 130:./lwip-2.1.2/src/core/ipv4/ip4_frag.c **** 
 549              		.loc 1 130 28 is_stmt 0 view .LVU188
 550 0168 0025     		movs	r5, #0
 551              	.LVL58:
 552              	.L66:
 136:./lwip-2.1.2/src/core/ipv4/ip4_frag.c ****       r->timer--;
 553              		.loc 1 136 5 is_stmt 1 view .LVU189
 137:./lwip-2.1.2/src/core/ipv4/ip4_frag.c ****       LWIP_DEBUGF(IP_REASS_DEBUG, ("ip_reass_tmr: timer dec %"U16_F"\n", (u16_t)r->timer));
 554              		.loc 1 137 7 view .LVU190
 136:./lwip-2.1.2/src/core/ipv4/ip4_frag.c ****       r->timer--;
 555              		.loc 1 136 10 is_stmt 0 view .LVU191
 556 016a E37F     		ldrb	r3, [r4, #31]	@ zero_extendqisi2
 557 016c 2046     		mov	r0, r4
 140:./lwip-2.1.2/src/core/ipv4/ip4_frag.c ****     } else {
 558              		.loc 1 140 9 view .LVU192
 559 016e 2468     		ldr	r4, [r4]
 560              	.LVL59:
 137:./lwip-2.1.2/src/core/ipv4/ip4_frag.c ****       LWIP_DEBUGF(IP_REASS_DEBUG, ("ip_reass_tmr: timer dec %"U16_F"\n", (u16_t)r->timer));
 561              		.loc 1 137 15 view .LVU193
 562 0170 5A1E     		subs	r2, r3, #1
 136:./lwip-2.1.2/src/core/ipv4/ip4_frag.c ****       r->timer--;
 563              		.loc 1 136 8 view .LVU194
 564 0172 23B1     		cbz	r3, .L67
 139:./lwip-2.1.2/src/core/ipv4/ip4_frag.c ****       r = r->next;
 565              		.loc 1 139 12 view .LVU195
 566 0174 0546     		mov	r5, r0
 567              	.LVL60:
 137:./lwip-2.1.2/src/core/ipv4/ip4_frag.c ****       LWIP_DEBUGF(IP_REASS_DEBUG, ("ip_reass_tmr: timer dec %"U16_F"\n", (u16_t)r->timer));
 568              		.loc 1 137 15 view .LVU196
 569 0176 C277     		strb	r2, [r0, #31]
 138:./lwip-2.1.2/src/core/ipv4/ip4_frag.c ****       prev = r;
 570              		.loc 1 138 91 is_stmt 1 view .LVU197
 139:./lwip-2.1.2/src/core/ipv4/ip4_frag.c ****       r = r->next;
 571              		.loc 1 139 7 view .LVU198
 572              	.LVL61:
 140:./lwip-2.1.2/src/core/ipv4/ip4_frag.c ****     } else {
 573              		.loc 1 140 7 view .LVU199
 133:./lwip-2.1.2/src/core/ipv4/ip4_frag.c ****     /* Decrement the timer. Once it reaches 0,
 574              		.loc 1 133 12 view .LVU200
 575 0178 002C     		cmp	r4, #0
 576 017a F6D1     		bne	.L66
 577              	.LVL62:
 578              	.L65:
 152:./lwip-2.1.2/src/core/ipv4/ip4_frag.c **** 
 579              		.loc 1 152 1 is_stmt 0 view .LVU201
 580 017c 38BD     		pop	{r3, r4, r5, pc}
 581              	.LVL63:
 582              	.L67:
 583              	.LBB19:
 143:./lwip-2.1.2/src/core/ipv4/ip4_frag.c ****       LWIP_DEBUGF(IP_REASS_DEBUG, ("ip_reass_tmr: timer timed out\n"));
 584              		.loc 1 143 7 is_stmt 1 view .LVU202
 144:./lwip-2.1.2/src/core/ipv4/ip4_frag.c ****       tmp = r;
 585              		.loc 1 144 71 view .LVU203
 145:./lwip-2.1.2/src/core/ipv4/ip4_frag.c ****       /* get the next pointer before freeing */
 586              		.loc 1 145 7 view .LVU204
 147:./lwip-2.1.2/src/core/ipv4/ip4_frag.c ****       /* free the helper struct and all enqueued pbufs */
 587              		.loc 1 147 7 view .LVU205
 149:./lwip-2.1.2/src/core/ipv4/ip4_frag.c ****     }
 588              		.loc 1 149 7 view .LVU206
 589 017e 2946     		mov	r1, r5
 590 0180 FFF74AFF 		bl	ip_reass_free_complete_datagram
 591              	.LVL64:
 149:./lwip-2.1.2/src/core/ipv4/ip4_frag.c ****     }
 592              		.loc 1 149 7 is_stmt 0 view .LVU207
 593              	.LBE19:
 133:./lwip-2.1.2/src/core/ipv4/ip4_frag.c ****     /* Decrement the timer. Once it reaches 0,
 594              		.loc 1 133 12 is_stmt 1 view .LVU208
 595 0184 002C     		cmp	r4, #0
 596 0186 F0D1     		bne	.L66
 597 0188 F8E7     		b	.L65
 598              	.L74:
 599 018a 00BF     		.align	2
 600              	.L73:
 601 018c 00000000 		.word	.LANCHOR0
 602              		.cfi_endproc
 603              	.LFE26:
 605              		.align	1
 606              		.p2align 2,,3
 607              		.global	ip4_reass
 608              		.syntax unified
 609              		.thumb
 610              		.thumb_func
 612              	ip4_reass:
 613              	.LVL65:
 614              	.LFB32:
 504:./lwip-2.1.2/src/core/ipv4/ip4_frag.c ****   struct pbuf *r;
 615              		.loc 1 504 1 view -0
 616              		.cfi_startproc
 617              		@ args = 0, pretend = 0, frame = 8
 618              		@ frame_needed = 0, uses_anonymous_args = 0
 505:./lwip-2.1.2/src/core/ipv4/ip4_frag.c ****   struct ip_hdr *fraghdr;
 619              		.loc 1 505 3 view .LVU210
 506:./lwip-2.1.2/src/core/ipv4/ip4_frag.c ****   struct ip_reassdata *ipr;
 620              		.loc 1 506 3 view .LVU211
 507:./lwip-2.1.2/src/core/ipv4/ip4_frag.c ****   struct ip_reass_helper *iprh;
 621              		.loc 1 507 3 view .LVU212
 508:./lwip-2.1.2/src/core/ipv4/ip4_frag.c ****   u16_t offset, len, clen;
 622              		.loc 1 508 3 view .LVU213
 509:./lwip-2.1.2/src/core/ipv4/ip4_frag.c ****   u8_t hlen;
 623              		.loc 1 509 3 view .LVU214
 510:./lwip-2.1.2/src/core/ipv4/ip4_frag.c ****   int valid;
 624              		.loc 1 510 3 view .LVU215
 511:./lwip-2.1.2/src/core/ipv4/ip4_frag.c ****   int is_last;
 625              		.loc 1 511 3 view .LVU216
 512:./lwip-2.1.2/src/core/ipv4/ip4_frag.c **** 
 626              		.loc 1 512 3 view .LVU217
 514:./lwip-2.1.2/src/core/ipv4/ip4_frag.c ****   MIB2_STATS_INC(mib2.ipreasmreqds);
 627              		.loc 1 514 33 view .LVU218
 515:./lwip-2.1.2/src/core/ipv4/ip4_frag.c **** 
 628              		.loc 1 515 36 view .LVU219
 517:./lwip-2.1.2/src/core/ipv4/ip4_frag.c **** 
 629              		.loc 1 517 3 view .LVU220
 504:./lwip-2.1.2/src/core/ipv4/ip4_frag.c ****   struct pbuf *r;
 630              		.loc 1 504 1 is_stmt 0 view .LVU221
 631 0190 2DE9F04F 		push	{r4, r5, r6, r7, r8, r9, r10, fp, lr}
 632              	.LCFI5:
 633              		.cfi_def_cfa_offset 36
 634              		.cfi_offset 4, -36
 635              		.cfi_offset 5, -32
 636              		.cfi_offset 6, -28
 637              		.cfi_offset 7, -24
 638              		.cfi_offset 8, -20
 639              		.cfi_offset 9, -16
 640              		.cfi_offset 10, -12
 641              		.cfi_offset 11, -8
 642              		.cfi_offset 14, -4
 517:./lwip-2.1.2/src/core/ipv4/ip4_frag.c **** 
 643              		.loc 1 517 11 view .LVU222
 644 0194 4768     		ldr	r7, [r0, #4]
 645              	.LVL66:
 519:./lwip-2.1.2/src/core/ipv4/ip4_frag.c ****     LWIP_DEBUGF(IP_REASS_DEBUG, ("ip4_reass: IP options currently not supported!\n"));
 646              		.loc 1 519 3 is_stmt 1 view .LVU223
 504:./lwip-2.1.2/src/core/ipv4/ip4_frag.c ****   struct pbuf *r;
 647              		.loc 1 504 1 is_stmt 0 view .LVU224
 648 0196 83B0     		sub	sp, sp, #12
 649              	.LCFI6:
 650              		.cfi_def_cfa_offset 48
 504:./lwip-2.1.2/src/core/ipv4/ip4_frag.c ****   struct pbuf *r;
 651              		.loc 1 504 1 view .LVU225
 652 0198 0546     		mov	r5, r0
 519:./lwip-2.1.2/src/core/ipv4/ip4_frag.c ****     LWIP_DEBUGF(IP_REASS_DEBUG, ("ip4_reass: IP options currently not supported!\n"));
 653              		.loc 1 519 7 view .LVU226
 654 019a 3B78     		ldrb	r3, [r7]	@ zero_extendqisi2
 655 019c 03F00F03 		and	r3, r3, #15
 519:./lwip-2.1.2/src/core/ipv4/ip4_frag.c ****     LWIP_DEBUGF(IP_REASS_DEBUG, ("ip4_reass: IP options currently not supported!\n"));
 656              		.loc 1 519 6 view .LVU227
 657 01a0 052B     		cmp	r3, #5
 658 01a2 40F0C180 		bne	.L120
 525:./lwip-2.1.2/src/core/ipv4/ip4_frag.c ****   len = lwip_ntohs(IPH_LEN(fraghdr));
 659              		.loc 1 525 3 is_stmt 1 view .LVU228
 525:./lwip-2.1.2/src/core/ipv4/ip4_frag.c ****   len = lwip_ntohs(IPH_LEN(fraghdr));
 660              		.loc 1 525 12 is_stmt 0 view .LVU229
 661 01a6 F888     		ldrh	r0, [r7, #6]	@ unaligned
 662              	.LVL67:
 525:./lwip-2.1.2/src/core/ipv4/ip4_frag.c ****   len = lwip_ntohs(IPH_LEN(fraghdr));
 663              		.loc 1 525 12 view .LVU230
 664 01a8 FFF7FEFF 		bl	lwip_htons
 665              	.LVL68:
 666 01ac 8246     		mov	r10, r0
 526:./lwip-2.1.2/src/core/ipv4/ip4_frag.c ****   hlen = IPH_HL_BYTES(fraghdr);
 667              		.loc 1 526 9 view .LVU231
 668 01ae 7888     		ldrh	r0, [r7, #2]	@ unaligned
 669              	.LVL69:
 526:./lwip-2.1.2/src/core/ipv4/ip4_frag.c ****   hlen = IPH_HL_BYTES(fraghdr);
 670              		.loc 1 526 3 is_stmt 1 view .LVU232
 526:./lwip-2.1.2/src/core/ipv4/ip4_frag.c ****   hlen = IPH_HL_BYTES(fraghdr);
 671              		.loc 1 526 9 is_stmt 0 view .LVU233
 672 01b0 FFF7FEFF 		bl	lwip_htons
 673              	.LVL70:
 527:./lwip-2.1.2/src/core/ipv4/ip4_frag.c ****   if (hlen > len) {
 674              		.loc 1 527 10 view .LVU234
 675 01b4 3B78     		ldrb	r3, [r7]	@ zero_extendqisi2
 676              	.LVL71:
 527:./lwip-2.1.2/src/core/ipv4/ip4_frag.c ****   if (hlen > len) {
 677              		.loc 1 527 3 is_stmt 1 view .LVU235
 528:./lwip-2.1.2/src/core/ipv4/ip4_frag.c ****     /* invalid datagram */
 678              		.loc 1 528 3 view .LVU236
 527:./lwip-2.1.2/src/core/ipv4/ip4_frag.c ****   if (hlen > len) {
 679              		.loc 1 527 10 is_stmt 0 view .LVU237
 680 01b6 03F00F03 		and	r3, r3, #15
 528:./lwip-2.1.2/src/core/ipv4/ip4_frag.c ****     /* invalid datagram */
 681              		.loc 1 528 6 view .LVU238
 682 01ba B0EB830F 		cmp	r0, r3, lsl #2
 528:./lwip-2.1.2/src/core/ipv4/ip4_frag.c ****     /* invalid datagram */
 683              		.loc 1 528 12 view .LVU239
 684 01be 4FEA8302 		lsl	r2, r3, #2
 528:./lwip-2.1.2/src/core/ipv4/ip4_frag.c ****     /* invalid datagram */
 685              		.loc 1 528 6 view .LVU240
 686 01c2 C0F0B180 		bcc	.L120
 532:./lwip-2.1.2/src/core/ipv4/ip4_frag.c **** 
 687              		.loc 1 532 3 is_stmt 1 view .LVU241
 536:./lwip-2.1.2/src/core/ipv4/ip4_frag.c **** #if IP_REASS_FREE_OLDEST
 688              		.loc 1 536 27 is_stmt 0 view .LVU242
 689 01c6 DFF86083 		ldr	r8, .L187
 532:./lwip-2.1.2/src/core/ipv4/ip4_frag.c **** 
 690              		.loc 1 532 7 view .LVU243
 691 01ca 861A     		subs	r6, r0, r2
 535:./lwip-2.1.2/src/core/ipv4/ip4_frag.c ****   if ((ip_reass_pbufcount + clen) > IP_REASS_MAX_PBUFS) {
 692              		.loc 1 535 10 view .LVU244
 693 01cc 2846     		mov	r0, r5
 694              	.LVL72:
 535:./lwip-2.1.2/src/core/ipv4/ip4_frag.c ****   if ((ip_reass_pbufcount + clen) > IP_REASS_MAX_PBUFS) {
 695              		.loc 1 535 10 view .LVU245
 696 01ce FFF7FEFF 		bl	pbuf_clen
 697              	.LVL73:
 536:./lwip-2.1.2/src/core/ipv4/ip4_frag.c **** #if IP_REASS_FREE_OLDEST
 698              		.loc 1 536 27 view .LVU246
 699 01d2 B8F80430 		ldrh	r3, [r8, #4]
 532:./lwip-2.1.2/src/core/ipv4/ip4_frag.c **** 
 700              		.loc 1 532 7 view .LVU247
 701 01d6 B6B2     		uxth	r6, r6
 702              	.LVL74:
 535:./lwip-2.1.2/src/core/ipv4/ip4_frag.c ****   if ((ip_reass_pbufcount + clen) > IP_REASS_MAX_PBUFS) {
 703              		.loc 1 535 3 is_stmt 1 view .LVU248
 535:./lwip-2.1.2/src/core/ipv4/ip4_frag.c ****   if ((ip_reass_pbufcount + clen) > IP_REASS_MAX_PBUFS) {
 704              		.loc 1 535 10 is_stmt 0 view .LVU249
 705 01d8 8146     		mov	r9, r0
 706              	.LVL75:
 536:./lwip-2.1.2/src/core/ipv4/ip4_frag.c **** #if IP_REASS_FREE_OLDEST
 707              		.loc 1 536 3 is_stmt 1 view .LVU250
 536:./lwip-2.1.2/src/core/ipv4/ip4_frag.c **** #if IP_REASS_FREE_OLDEST
 708              		.loc 1 536 27 is_stmt 0 view .LVU251
 709 01da 0344     		add	r3, r3, r0
 536:./lwip-2.1.2/src/core/ipv4/ip4_frag.c **** #if IP_REASS_FREE_OLDEST
 710              		.loc 1 536 6 view .LVU252
 711 01dc 0A2B     		cmp	r3, #10
 712 01de 00F39880 		bgt	.L77
 713              	.LVL76:
 714              	.L80:
 554:./lwip-2.1.2/src/core/ipv4/ip4_frag.c ****     /* Check if the incoming fragment matches the one currently present
 715              		.loc 1 554 3 is_stmt 1 view .LVU253
 554:./lwip-2.1.2/src/core/ipv4/ip4_frag.c ****     /* Check if the incoming fragment matches the one currently present
 716              		.loc 1 554 12 is_stmt 0 view .LVU254
 717 01e2 D8F80040 		ldr	r4, [r8]
 718              	.LVL77:
 554:./lwip-2.1.2/src/core/ipv4/ip4_frag.c ****     /* Check if the incoming fragment matches the one currently present
 719              		.loc 1 554 34 is_stmt 1 discriminator 1 view .LVU255
 720 01e6 002C     		cmp	r4, #0
 721 01e8 00F0B980 		beq	.L79
 558:./lwip-2.1.2/src/core/ipv4/ip4_frag.c ****       LWIP_DEBUGF(IP_REASS_DEBUG, ("ip4_reass: matching previous fragment ID=%"X16_F"\n",
 722              		.loc 1 558 9 is_stmt 0 view .LVU256
 723 01ec FA68     		ldr	r2, [r7, #12]	@ unaligned
 724 01ee 03E0     		b	.L83
 725              	.L81:
 554:./lwip-2.1.2/src/core/ipv4/ip4_frag.c ****     /* Check if the incoming fragment matches the one currently present
 726              		.loc 1 554 47 is_stmt 1 discriminator 2 view .LVU257
 727              	.LVL78:
 554:./lwip-2.1.2/src/core/ipv4/ip4_frag.c ****     /* Check if the incoming fragment matches the one currently present
 728              		.loc 1 554 47 is_stmt 0 discriminator 2 view .LVU258
 729 01f0 2468     		ldr	r4, [r4]
 730              	.LVL79:
 554:./lwip-2.1.2/src/core/ipv4/ip4_frag.c ****     /* Check if the incoming fragment matches the one currently present
 731              		.loc 1 554 34 is_stmt 1 discriminator 1 view .LVU259
 732 01f2 002C     		cmp	r4, #0
 733 01f4 00F0B380 		beq	.L79
 734              	.L83:
 558:./lwip-2.1.2/src/core/ipv4/ip4_frag.c ****       LWIP_DEBUGF(IP_REASS_DEBUG, ("ip4_reass: matching previous fragment ID=%"X16_F"\n",
 735              		.loc 1 558 5 view .LVU260
 558:./lwip-2.1.2/src/core/ipv4/ip4_frag.c ****       LWIP_DEBUGF(IP_REASS_DEBUG, ("ip4_reass: matching previous fragment ID=%"X16_F"\n",
 736              		.loc 1 558 8 is_stmt 0 view .LVU261
 737 01f8 6369     		ldr	r3, [r4, #20]
 738 01fa 9342     		cmp	r3, r2
 739 01fc F8D1     		bne	.L81
 558:./lwip-2.1.2/src/core/ipv4/ip4_frag.c ****       LWIP_DEBUGF(IP_REASS_DEBUG, ("ip4_reass: matching previous fragment ID=%"X16_F"\n",
 740              		.loc 1 558 9 discriminator 1 view .LVU262
 741 01fe 3B69     		ldr	r3, [r7, #16]	@ unaligned
 742 0200 A169     		ldr	r1, [r4, #24]
 743 0202 9942     		cmp	r1, r3
 744 0204 F4D1     		bne	.L81
 558:./lwip-2.1.2/src/core/ipv4/ip4_frag.c ****       LWIP_DEBUGF(IP_REASS_DEBUG, ("ip4_reass: matching previous fragment ID=%"X16_F"\n",
 745              		.loc 1 558 9 discriminator 2 view .LVU263
 746 0206 A189     		ldrh	r1, [r4, #12]
 747 0208 BB88     		ldrh	r3, [r7, #4]	@ unaligned
 748 020a 9942     		cmp	r1, r3
 749 020c F0D1     		bne	.L81
 566:./lwip-2.1.2/src/core/ipv4/ip4_frag.c ****     /* Enqueue a new datagram into the datagram queue */
 750              		.loc 1 566 3 is_stmt 1 view .LVU264
 574:./lwip-2.1.2/src/core/ipv4/ip4_frag.c ****         ((lwip_ntohs(IPH_OFFSET(&ipr->iphdr)) & IP_OFFMASK) != 0)) {
 751              		.loc 1 574 5 view .LVU265
 574:./lwip-2.1.2/src/core/ipv4/ip4_frag.c ****         ((lwip_ntohs(IPH_OFFSET(&ipr->iphdr)) & IP_OFFMASK) != 0)) {
 752              		.loc 1 574 11 is_stmt 0 view .LVU266
 753 020e F888     		ldrh	r0, [r7, #6]	@ unaligned
 754 0210 FFF7FEFF 		bl	lwip_htons
 755              	.LVL80:
 574:./lwip-2.1.2/src/core/ipv4/ip4_frag.c ****         ((lwip_ntohs(IPH_OFFSET(&ipr->iphdr)) & IP_OFFMASK) != 0)) {
 756              		.loc 1 574 8 discriminator 1 view .LVU267
 757 0214 C0F30C00 		ubfx	r0, r0, #0, #13
 758 0218 0028     		cmp	r0, #0
 759 021a 00F08D80 		beq	.L177
 760              	.L85:
 588:./lwip-2.1.2/src/core/ipv4/ip4_frag.c ****   if (is_last) {
 761              		.loc 1 588 14 view .LVU268
 762 021e FB88     		ldrh	r3, [r7, #6]	@ unaligned
 525:./lwip-2.1.2/src/core/ipv4/ip4_frag.c ****   len = lwip_ntohs(IPH_LEN(fraghdr));
 763              		.loc 1 525 12 discriminator 1 view .LVU269
 764 0220 CAF30C0A 		ubfx	r10, r10, #0, #13
 765              	.LVL81:
 589:./lwip-2.1.2/src/core/ipv4/ip4_frag.c ****     u16_t datagram_len = (u16_t)(offset + len);
 766              		.loc 1 589 6 view .LVU270
 767 0224 13F02003 		ands	r3, r3, #32
 525:./lwip-2.1.2/src/core/ipv4/ip4_frag.c ****   len = lwip_ntohs(IPH_LEN(fraghdr));
 768              		.loc 1 525 10 discriminator 1 view .LVU271
 769 0228 4FEACA07 		lsl	r7, r10, #3
 770              	.LVL82:
 588:./lwip-2.1.2/src/core/ipv4/ip4_frag.c ****   if (is_last) {
 771              		.loc 1 588 3 is_stmt 1 view .LVU272
 589:./lwip-2.1.2/src/core/ipv4/ip4_frag.c ****     u16_t datagram_len = (u16_t)(offset + len);
 772              		.loc 1 589 3 view .LVU273
 589:./lwip-2.1.2/src/core/ipv4/ip4_frag.c ****     u16_t datagram_len = (u16_t)(offset + len);
 773              		.loc 1 589 6 is_stmt 0 view .LVU274
 774 022c 0093     		str	r3, [sp]
 775 022e 09D1     		bne	.L88
 776              	.LBB31:
 590:./lwip-2.1.2/src/core/ipv4/ip4_frag.c ****     if ((datagram_len < offset) || (datagram_len > (0xFFFF - IP_HLEN))) {
 777              		.loc 1 590 5 is_stmt 1 view .LVU275
 590:./lwip-2.1.2/src/core/ipv4/ip4_frag.c ****     if ((datagram_len < offset) || (datagram_len > (0xFFFF - IP_HLEN))) {
 778              		.loc 1 590 11 is_stmt 0 view .LVU276
 779 0230 BB19     		adds	r3, r7, r6
 780 0232 9BB2     		uxth	r3, r3
 781              	.LVL83:
 591:./lwip-2.1.2/src/core/ipv4/ip4_frag.c ****       /* u16_t overflow, cannot handle this */
 782              		.loc 1 591 5 is_stmt 1 view .LVU277
 591:./lwip-2.1.2/src/core/ipv4/ip4_frag.c ****       /* u16_t overflow, cannot handle this */
 783              		.loc 1 591 8 is_stmt 0 view .LVU278
 784 0234 9F42     		cmp	r7, r3
 785 0236 00F2A980 		bhi	.L89
 591:./lwip-2.1.2/src/core/ipv4/ip4_frag.c ****       /* u16_t overflow, cannot handle this */
 786              		.loc 1 591 50 view .LVU279
 787 023a 4FF6EB72 		movw	r2, #65515
 591:./lwip-2.1.2/src/core/ipv4/ip4_frag.c ****       /* u16_t overflow, cannot handle this */
 788              		.loc 1 591 8 view .LVU280
 789 023e 9342     		cmp	r3, r2
 790 0240 00F2A480 		bhi	.L89
 791              	.LVL84:
 792              	.L88:
 591:./lwip-2.1.2/src/core/ipv4/ip4_frag.c ****       /* u16_t overflow, cannot handle this */
 793              		.loc 1 591 8 view .LVU281
 794              	.LBE31:
 598:./lwip-2.1.2/src/core/ipv4/ip4_frag.c ****   if (valid == IP_REASS_VALIDATE_PBUF_DROPPED) {
 795              		.loc 1 598 3 is_stmt 1 view .LVU282
 796              	.LBB32:
 797              	.LBI32:
 344:./lwip-2.1.2/src/core/ipv4/ip4_frag.c **** {
 798              		.loc 1 344 1 view .LVU283
 799              	.LBB33:
 346:./lwip-2.1.2/src/core/ipv4/ip4_frag.c ****   struct pbuf *q;
 800              		.loc 1 346 3 view .LVU284
 347:./lwip-2.1.2/src/core/ipv4/ip4_frag.c ****   u16_t offset, len;
 801              		.loc 1 347 3 view .LVU285
 348:./lwip-2.1.2/src/core/ipv4/ip4_frag.c ****   u8_t hlen;
 802              		.loc 1 348 3 view .LVU286
 349:./lwip-2.1.2/src/core/ipv4/ip4_frag.c ****   struct ip_hdr *fraghdr;
 803              		.loc 1 349 3 view .LVU287
 350:./lwip-2.1.2/src/core/ipv4/ip4_frag.c ****   int valid = 1;
 804              		.loc 1 350 3 view .LVU288
 351:./lwip-2.1.2/src/core/ipv4/ip4_frag.c **** 
 805              		.loc 1 351 3 view .LVU289
 354:./lwip-2.1.2/src/core/ipv4/ip4_frag.c ****   len = lwip_ntohs(IPH_LEN(fraghdr));
 806              		.loc 1 354 3 view .LVU290
 354:./lwip-2.1.2/src/core/ipv4/ip4_frag.c ****   len = lwip_ntohs(IPH_LEN(fraghdr));
 807              		.loc 1 354 11 is_stmt 0 view .LVU291
 808 0244 D5F804A0 		ldr	r10, [r5, #4]
 809              	.LVL85:
 355:./lwip-2.1.2/src/core/ipv4/ip4_frag.c ****   hlen = IPH_HL_BYTES(fraghdr);
 810              		.loc 1 355 3 is_stmt 1 view .LVU292
 355:./lwip-2.1.2/src/core/ipv4/ip4_frag.c ****   hlen = IPH_HL_BYTES(fraghdr);
 811              		.loc 1 355 9 is_stmt 0 view .LVU293
 812 0248 BAF80200 		ldrh	r0, [r10, #2]	@ unaligned
 813 024c FFF7FEFF 		bl	lwip_htons
 814              	.LVL86:
 356:./lwip-2.1.2/src/core/ipv4/ip4_frag.c ****   if (hlen > len) {
 815              		.loc 1 356 3 is_stmt 1 view .LVU294
 357:./lwip-2.1.2/src/core/ipv4/ip4_frag.c ****     /* invalid datagram */
 816              		.loc 1 357 3 view .LVU295
 356:./lwip-2.1.2/src/core/ipv4/ip4_frag.c ****   if (hlen > len) {
 817              		.loc 1 356 10 is_stmt 0 view .LVU296
 818 0250 9AF80030 		ldrb	r3, [r10]	@ zero_extendqisi2
 819 0254 03F00F03 		and	r3, r3, #15
 357:./lwip-2.1.2/src/core/ipv4/ip4_frag.c ****     /* invalid datagram */
 820              		.loc 1 357 6 view .LVU297
 821 0258 B0EB830F 		cmp	r0, r3, lsl #2
 357:./lwip-2.1.2/src/core/ipv4/ip4_frag.c ****     /* invalid datagram */
 822              		.loc 1 357 12 view .LVU298
 823 025c 4FEA8302 		lsl	r2, r3, #2
 357:./lwip-2.1.2/src/core/ipv4/ip4_frag.c ****     /* invalid datagram */
 824              		.loc 1 357 6 view .LVU299
 825 0260 C0F09480 		bcc	.L89
 361:./lwip-2.1.2/src/core/ipv4/ip4_frag.c ****   offset = IPH_OFFSET_BYTES(fraghdr);
 826              		.loc 1 361 3 is_stmt 1 view .LVU300
 361:./lwip-2.1.2/src/core/ipv4/ip4_frag.c ****   offset = IPH_OFFSET_BYTES(fraghdr);
 827              		.loc 1 361 7 is_stmt 0 view .LVU301
 828 0264 831A     		subs	r3, r0, r2
 362:./lwip-2.1.2/src/core/ipv4/ip4_frag.c **** 
 829              		.loc 1 362 12 view .LVU302
 830 0266 BAF80600 		ldrh	r0, [r10, #6]	@ unaligned
 831              	.LVL87:
 361:./lwip-2.1.2/src/core/ipv4/ip4_frag.c ****   offset = IPH_OFFSET_BYTES(fraghdr);
 832              		.loc 1 361 7 view .LVU303
 833 026a 1FFA83FA 		uxth	r10, r3
 834              	.LVL88:
 362:./lwip-2.1.2/src/core/ipv4/ip4_frag.c **** 
 835              		.loc 1 362 3 is_stmt 1 view .LVU304
 362:./lwip-2.1.2/src/core/ipv4/ip4_frag.c **** 
 836              		.loc 1 362 12 is_stmt 0 view .LVU305
 837 026e FFF7FEFF 		bl	lwip_htons
 838              	.LVL89:
 362:./lwip-2.1.2/src/core/ipv4/ip4_frag.c **** 
 839              		.loc 1 362 12 discriminator 1 view .LVU306
 840 0272 C0F30C01 		ubfx	r1, r0, #0, #13
 369:./lwip-2.1.2/src/core/ipv4/ip4_frag.c ****   iprh->next_pbuf = NULL;
 841              		.loc 1 369 8 view .LVU307
 842 0276 D5F804B0 		ldr	fp, [r5, #4]
 362:./lwip-2.1.2/src/core/ipv4/ip4_frag.c **** 
 843              		.loc 1 362 10 discriminator 1 view .LVU308
 844 027a C900     		lsls	r1, r1, #3
 845              	.LVL90:
 368:./lwip-2.1.2/src/core/ipv4/ip4_frag.c ****   iprh = (struct ip_reass_helper *)new_p->payload;
 846              		.loc 1 368 57 is_stmt 1 view .LVU309
 369:./lwip-2.1.2/src/core/ipv4/ip4_frag.c ****   iprh->next_pbuf = NULL;
 847              		.loc 1 369 3 view .LVU310
 370:./lwip-2.1.2/src/core/ipv4/ip4_frag.c ****   iprh->start = offset;
 848              		.loc 1 370 3 view .LVU311
 372:./lwip-2.1.2/src/core/ipv4/ip4_frag.c ****   if (iprh->end < offset) {
 849              		.loc 1 372 15 is_stmt 0 view .LVU312
 850 027c 0AEB0103 		add	r3, r10, r1
 371:./lwip-2.1.2/src/core/ipv4/ip4_frag.c ****   iprh->end = (u16_t)(offset + len);
 851              		.loc 1 371 15 view .LVU313
 852 0280 ABF80410 		strh	r1, [fp, #4]	@ unaligned
 372:./lwip-2.1.2/src/core/ipv4/ip4_frag.c ****   if (iprh->end < offset) {
 853              		.loc 1 372 13 view .LVU314
 854 0284 ABF80630 		strh	r3, [fp, #6]	@ unaligned
 372:./lwip-2.1.2/src/core/ipv4/ip4_frag.c ****   if (iprh->end < offset) {
 855              		.loc 1 372 15 view .LVU315
 856 0288 9BB2     		uxth	r3, r3
 857 028a 1A46     		mov	r2, r3
 858 028c 0193     		str	r3, [sp, #4]
 370:./lwip-2.1.2/src/core/ipv4/ip4_frag.c ****   iprh->start = offset;
 859              		.loc 1 370 19 view .LVU316
 860 028e 0023     		movs	r3, #0
 373:./lwip-2.1.2/src/core/ipv4/ip4_frag.c ****     /* u16_t overflow, cannot handle this */
 861              		.loc 1 373 6 view .LVU317
 862 0290 9142     		cmp	r1, r2
 370:./lwip-2.1.2/src/core/ipv4/ip4_frag.c ****   iprh->start = offset;
 863              		.loc 1 370 19 view .LVU318
 864 0292 8BF80030 		strb	r3, [fp]
 865 0296 8BF80130 		strb	r3, [fp, #1]
 866 029a 8BF80230 		strb	r3, [fp, #2]
 867 029e 8BF80330 		strb	r3, [fp, #3]
 371:./lwip-2.1.2/src/core/ipv4/ip4_frag.c ****   iprh->end = (u16_t)(offset + len);
 868              		.loc 1 371 3 is_stmt 1 view .LVU319
 372:./lwip-2.1.2/src/core/ipv4/ip4_frag.c ****   if (iprh->end < offset) {
 869              		.loc 1 372 3 view .LVU320
 373:./lwip-2.1.2/src/core/ipv4/ip4_frag.c ****     /* u16_t overflow, cannot handle this */
 870              		.loc 1 373 3 view .LVU321
 373:./lwip-2.1.2/src/core/ipv4/ip4_frag.c ****     /* u16_t overflow, cannot handle this */
 871              		.loc 1 373 6 is_stmt 0 view .LVU322
 872 02a2 73D8     		bhi	.L89
 380:./lwip-2.1.2/src/core/ipv4/ip4_frag.c ****     iprh_tmp = (struct ip_reass_helper *)q->payload;
 873              		.loc 1 380 3 is_stmt 1 view .LVU323
 380:./lwip-2.1.2/src/core/ipv4/ip4_frag.c ****     iprh_tmp = (struct ip_reass_helper *)q->payload;
 874              		.loc 1 380 10 is_stmt 0 view .LVU324
 875 02a4 6268     		ldr	r2, [r4, #4]
 876              	.LVL91:
 380:./lwip-2.1.2/src/core/ipv4/ip4_frag.c ****     iprh_tmp = (struct ip_reass_helper *)q->payload;
 877              		.loc 1 380 22 is_stmt 1 discriminator 1 view .LVU325
 878 02a6 002A     		cmp	r2, #0
 879 02a8 00F02181 		beq	.L178
 351:./lwip-2.1.2/src/core/ipv4/ip4_frag.c **** 
 880              		.loc 1 351 7 is_stmt 0 view .LVU326
 881 02ac 4FF0010A 		mov	r10, #1
 882              	.LVL92:
 351:./lwip-2.1.2/src/core/ipv4/ip4_frag.c **** 
 883              		.loc 1 351 7 view .LVU327
 884 02b0 8C46     		mov	ip, r1
 885 02b2 0EE0     		b	.L90
 886              	.LVL93:
 887              	.L93:
 410:./lwip-2.1.2/src/core/ipv4/ip4_frag.c ****       /* received the same datagram twice: no need to keep the datagram */
 888              		.loc 1 410 12 is_stmt 1 view .LVU328
 410:./lwip-2.1.2/src/core/ipv4/ip4_frag.c ****       /* received the same datagram twice: no need to keep the datagram */
 889              		.loc 1 410 15 is_stmt 0 view .LVU329
 890 02b4 38D0     		beq	.L120
 414:./lwip-2.1.2/src/core/ipv4/ip4_frag.c ****       /* overlap: no need to keep the new datagram */
 891              		.loc 1 414 12 is_stmt 1 view .LVU330
 414:./lwip-2.1.2/src/core/ipv4/ip4_frag.c ****       /* overlap: no need to keep the new datagram */
 892              		.loc 1 414 38 is_stmt 0 view .LVU331
 893 02b6 B3F806E0 		ldrh	lr, [r3, #6]	@ unaligned
 414:./lwip-2.1.2/src/core/ipv4/ip4_frag.c ****       /* overlap: no need to keep the new datagram */
 894              		.loc 1 414 15 view .LVU332
 895 02ba F445     		cmp	ip, lr
 896 02bc 34D3     		bcc	.L120
 420:./lwip-2.1.2/src/core/ipv4/ip4_frag.c ****         if (iprh_prev->end != iprh_tmp->start) {
 897              		.loc 1 420 7 is_stmt 1 view .LVU333
 420:./lwip-2.1.2/src/core/ipv4/ip4_frag.c ****         if (iprh_prev->end != iprh_tmp->start) {
 898              		.loc 1 420 10 is_stmt 0 view .LVU334
 899 02be 21B1     		cbz	r1, .L100
 421:./lwip-2.1.2/src/core/ipv4/ip4_frag.c ****           /* There is a fragment missing between the current
 900              		.loc 1 421 9 is_stmt 1 view .LVU335
 421:./lwip-2.1.2/src/core/ipv4/ip4_frag.c ****           /* There is a fragment missing between the current
 901              		.loc 1 421 12 is_stmt 0 view .LVU336
 902 02c0 CA88     		ldrh	r2, [r1, #6]	@ unaligned
 903              	.LVL94:
 424:./lwip-2.1.2/src/core/ipv4/ip4_frag.c ****         }
 904              		.loc 1 424 17 view .LVU337
 905 02c2 8242     		cmp	r2, r0
 906 02c4 18BF     		it	ne
 907 02c6 4FF0000A 		movne	r10, #0
 908              	.LVL95:
 909              	.L100:
 428:./lwip-2.1.2/src/core/ipv4/ip4_frag.c ****     iprh_prev = iprh_tmp;
 910              		.loc 1 428 5 is_stmt 1 view .LVU338
 428:./lwip-2.1.2/src/core/ipv4/ip4_frag.c ****     iprh_prev = iprh_tmp;
 911              		.loc 1 428 7 is_stmt 0 view .LVU339
 912 02ca 1A68     		ldr	r2, [r3]	@ unaligned
 913              	.LVL96:
 429:./lwip-2.1.2/src/core/ipv4/ip4_frag.c ****   }
 914              		.loc 1 429 5 is_stmt 1 view .LVU340
 380:./lwip-2.1.2/src/core/ipv4/ip4_frag.c ****     iprh_tmp = (struct ip_reass_helper *)q->payload;
 915              		.loc 1 380 22 discriminator 1 view .LVU341
 916 02cc 002A     		cmp	r2, #0
 917 02ce 00F0FD80 		beq	.L179
 918              	.LVL97:
 919              	.L90:
 381:./lwip-2.1.2/src/core/ipv4/ip4_frag.c ****     if (iprh->start < iprh_tmp->start) {
 920              		.loc 1 381 5 view .LVU342
 921 02d2 1946     		mov	r1, r3
 381:./lwip-2.1.2/src/core/ipv4/ip4_frag.c ****     if (iprh->start < iprh_tmp->start) {
 922              		.loc 1 381 14 is_stmt 0 view .LVU343
 923 02d4 5368     		ldr	r3, [r2, #4]
 924              	.LVL98:
 382:./lwip-2.1.2/src/core/ipv4/ip4_frag.c ****       /* the new pbuf should be inserted before this */
 925              		.loc 1 382 5 is_stmt 1 view .LVU344
 382:./lwip-2.1.2/src/core/ipv4/ip4_frag.c ****       /* the new pbuf should be inserted before this */
 926              		.loc 1 382 31 is_stmt 0 view .LVU345
 927 02d6 9888     		ldrh	r0, [r3, #4]	@ unaligned
 382:./lwip-2.1.2/src/core/ipv4/ip4_frag.c ****       /* the new pbuf should be inserted before this */
 928              		.loc 1 382 8 view .LVU346
 929 02d8 8445     		cmp	ip, r0
 930 02da EBD2     		bcs	.L93
 384:./lwip-2.1.2/src/core/ipv4/ip4_frag.c ****       if (iprh_prev != NULL) {
 931              		.loc 1 384 7 is_stmt 1 view .LVU347
 384:./lwip-2.1.2/src/core/ipv4/ip4_frag.c ****       if (iprh_prev != NULL) {
 932              		.loc 1 384 23 is_stmt 0 view .LVU348
 933 02dc 0B46     		mov	r3, r1
 934              	.LVL99:
 384:./lwip-2.1.2/src/core/ipv4/ip4_frag.c ****       if (iprh_prev != NULL) {
 935              		.loc 1 384 23 view .LVU349
 936 02de CBF80020 		str	r2, [fp]	@ unaligned
 385:./lwip-2.1.2/src/core/ipv4/ip4_frag.c ****         /* not the fragment with the lowest offset */
 937              		.loc 1 385 7 is_stmt 1 view .LVU350
 384:./lwip-2.1.2/src/core/ipv4/ip4_frag.c ****       if (iprh_prev != NULL) {
 938              		.loc 1 384 23 is_stmt 0 view .LVU351
 939 02e2 6146     		mov	r1, ip
 940              	.LVL100:
 384:./lwip-2.1.2/src/core/ipv4/ip4_frag.c ****       if (iprh_prev != NULL) {
 941              		.loc 1 384 23 view .LVU352
 942 02e4 9C46     		mov	ip, r3
 943              	.LVL101:
 385:./lwip-2.1.2/src/core/ipv4/ip4_frag.c ****         /* not the fragment with the lowest offset */
 944              		.loc 1 385 10 view .LVU353
 945 02e6 002B     		cmp	r3, #0
 946 02e8 5BD0     		beq	.L94
 388:./lwip-2.1.2/src/core/ipv4/ip4_frag.c ****           /* fragment overlaps with previous or following, throw away */
 947              		.loc 1 388 9 is_stmt 1 view .LVU354
 388:./lwip-2.1.2/src/core/ipv4/ip4_frag.c ****           /* fragment overlaps with previous or following, throw away */
 948              		.loc 1 388 44 is_stmt 0 discriminator 1 view .LVU355
 949 02ea 019A     		ldr	r2, [sp, #4]
 950              	.LVL102:
 388:./lwip-2.1.2/src/core/ipv4/ip4_frag.c ****           /* fragment overlaps with previous or following, throw away */
 951              		.loc 1 388 37 view .LVU356
 952 02ec DB88     		ldrh	r3, [r3, #6]	@ unaligned
 953              	.LVL103:
 388:./lwip-2.1.2/src/core/ipv4/ip4_frag.c ****           /* fragment overlaps with previous or following, throw away */
 954              		.loc 1 388 44 discriminator 1 view .LVU357
 955 02ee 8242     		cmp	r2, r0
 956 02f0 1AD8     		bhi	.L120
 957 02f2 9942     		cmp	r1, r3
 958 02f4 18D3     		bcc	.L120
 393:./lwip-2.1.2/src/core/ipv4/ip4_frag.c ****         if (iprh_prev->end != iprh->start) {
 959              		.loc 1 393 9 is_stmt 1 view .LVU358
 393:./lwip-2.1.2/src/core/ipv4/ip4_frag.c ****         if (iprh_prev->end != iprh->start) {
 960              		.loc 1 393 30 is_stmt 0 view .LVU359
 961 02f6 CCF80050 		str	r5, [ip]	@ unaligned
 394:./lwip-2.1.2/src/core/ipv4/ip4_frag.c ****           /* There is a fragment missing between the current
 962              		.loc 1 394 9 is_stmt 1 view .LVU360
 394:./lwip-2.1.2/src/core/ipv4/ip4_frag.c ****           /* There is a fragment missing between the current
 963              		.loc 1 394 12 is_stmt 0 view .LVU361
 964 02fa 56D0     		beq	.L99
 965              	.LVL104:
 966              	.L174:
 456:./lwip-2.1.2/src/core/ipv4/ip4_frag.c ****     /* and had no holes so far */
 967              		.loc 1 456 3 is_stmt 1 view .LVU362
 456:./lwip-2.1.2/src/core/ipv4/ip4_frag.c ****     /* and had no holes so far */
 968              		.loc 1 456 6 is_stmt 0 view .LVU363
 969 02fc 009A     		ldr	r2, [sp]
 456:./lwip-2.1.2/src/core/ipv4/ip4_frag.c ****     /* and had no holes so far */
 970              		.loc 1 456 23 discriminator 1 view .LVU364
 971 02fe A37F     		ldrb	r3, [r4, #30]	@ zero_extendqisi2
 456:./lwip-2.1.2/src/core/ipv4/ip4_frag.c ****     /* and had no holes so far */
 972              		.loc 1 456 6 view .LVU365
 973 0300 002A     		cmp	r2, #0
 974 0302 00F0E980 		beq	.L96
 975              	.LVL105:
 976              	.L175:
 456:./lwip-2.1.2/src/core/ipv4/ip4_frag.c ****     /* and had no holes so far */
 977              		.loc 1 456 6 view .LVU366
 978              	.LBE33:
 979              	.LBE32:
 607:./lwip-2.1.2/src/core/ipv4/ip4_frag.c ****   if (is_last) {
 980              		.loc 1 607 24 view .LVU367
 981 0306 B8F80430 		ldrh	r3, [r8, #4]
 982 030a 4B44     		add	r3, r3, r9
 607:./lwip-2.1.2/src/core/ipv4/ip4_frag.c ****   if (is_last) {
 983              		.loc 1 607 22 view .LVU368
 984 030c A8F80430 		strh	r3, [r8, #4]	@ movhi
 608:./lwip-2.1.2/src/core/ipv4/ip4_frag.c ****     u16_t datagram_len = (u16_t)(offset + len);
 985              		.loc 1 608 3 is_stmt 1 view .LVU369
 986              	.LVL106:
 987              	.LBB38:
 609:./lwip-2.1.2/src/core/ipv4/ip4_frag.c ****     ipr->datagram_len = datagram_len;
 988              		.loc 1 609 5 view .LVU370
 610:./lwip-2.1.2/src/core/ipv4/ip4_frag.c ****     ipr->flags |= IP_REASS_FLAG_LASTFRAG;
 989              		.loc 1 610 5 view .LVU371
 611:./lwip-2.1.2/src/core/ipv4/ip4_frag.c ****     LWIP_DEBUGF(IP_REASS_DEBUG,
 990              		.loc 1 611 5 view .LVU372
 614:./lwip-2.1.2/src/core/ipv4/ip4_frag.c ****   }
 991              		.loc 1 614 37 view .LVU373
 992              	.LBE38:
 617:./lwip-2.1.2/src/core/ipv4/ip4_frag.c ****     struct ip_reassdata *ipr_prev;
 993              		.loc 1 617 3 view .LVU374
 994 0310 0DE0     		b	.L98
 995              	.LVL107:
 996              	.L77:
 538:./lwip-2.1.2/src/core/ipv4/ip4_frag.c ****         ((ip_reass_pbufcount + clen) > IP_REASS_MAX_PBUFS))
 997              		.loc 1 538 5 view .LVU375
 538:./lwip-2.1.2/src/core/ipv4/ip4_frag.c ****         ((ip_reass_pbufcount + clen) > IP_REASS_MAX_PBUFS))
 998              		.loc 1 538 10 is_stmt 0 view .LVU376
 999 0312 0146     		mov	r1, r0
 1000 0314 3846     		mov	r0, r7
 1001              	.LVL108:
 538:./lwip-2.1.2/src/core/ipv4/ip4_frag.c ****         ((ip_reass_pbufcount + clen) > IP_REASS_MAX_PBUFS))
 1002              		.loc 1 538 10 view .LVU377
 1003 0316 FFF7C5FE 		bl	ip_reass_remove_oldest_datagram
 1004              	.LVL109:
 538:./lwip-2.1.2/src/core/ipv4/ip4_frag.c ****         ((ip_reass_pbufcount + clen) > IP_REASS_MAX_PBUFS))
 1005              		.loc 1 538 8 discriminator 1 view .LVU378
 1006 031a 28B1     		cbz	r0, .L120
 539:./lwip-2.1.2/src/core/ipv4/ip4_frag.c **** #endif /* IP_REASS_FREE_OLDEST */
 1007              		.loc 1 539 30 view .LVU379
 1008 031c B8F80430 		ldrh	r3, [r8, #4]
 1009 0320 4B44     		add	r3, r3, r9
 538:./lwip-2.1.2/src/core/ipv4/ip4_frag.c ****         ((ip_reass_pbufcount + clen) > IP_REASS_MAX_PBUFS))
 1010              		.loc 1 538 57 discriminator 1 view .LVU380
 1011 0322 0A2B     		cmp	r3, #10
 1012 0324 7FF75DAF 		ble	.L80
 1013              	.LVL110:
 1014              	.L120:
 688:./lwip-2.1.2/src/core/ipv4/ip4_frag.c ****   IPFRAG_STATS_INC(ip_frag.drop);
 1015              		.loc 1 688 59 is_stmt 1 view .LVU381
 689:./lwip-2.1.2/src/core/ipv4/ip4_frag.c ****   pbuf_free(p);
 1016              		.loc 1 689 33 view .LVU382
 690:./lwip-2.1.2/src/core/ipv4/ip4_frag.c ****   return NULL;
 1017              		.loc 1 690 3 view .LVU383
 1018 0328 2846     		mov	r0, r5
 1019 032a FFF7FEFF 		bl	pbuf_free
 1020              	.LVL111:
 691:./lwip-2.1.2/src/core/ipv4/ip4_frag.c **** }
 1021              		.loc 1 691 3 view .LVU384
 1022              	.L98:
 677:./lwip-2.1.2/src/core/ipv4/ip4_frag.c **** 
 1023              		.loc 1 677 10 is_stmt 0 view .LVU385
 1024 032e 0026     		movs	r6, #0
 1025              	.LVL112:
 1026              	.L75:
 692:./lwip-2.1.2/src/core/ipv4/ip4_frag.c **** #endif /* IP_REASSEMBLY */
 1027              		.loc 1 692 1 view .LVU386
 1028 0330 3046     		mov	r0, r6
 1029 0332 03B0     		add	sp, sp, #12
 1030              	.LCFI7:
 1031              		.cfi_remember_state
 1032              		.cfi_def_cfa_offset 36
 1033              		@ sp needed
 1034 0334 BDE8F08F 		pop	{r4, r5, r6, r7, r8, r9, r10, fp, pc}
 1035              	.LVL113:
 1036              	.L177:
 1037              	.LCFI8:
 1038              		.cfi_restore_state
 575:./lwip-2.1.2/src/core/ipv4/ip4_frag.c ****       /* ipr->iphdr is not the header from the first fragment, but fraghdr is
 1039              		.loc 1 575 11 view .LVU387
 1040 0338 E089     		ldrh	r0, [r4, #14]
 1041 033a FFF7FEFF 		bl	lwip_htons
 1042              	.LVL114:
 574:./lwip-2.1.2/src/core/ipv4/ip4_frag.c ****         ((lwip_ntohs(IPH_OFFSET(&ipr->iphdr)) & IP_OFFMASK) != 0)) {
 1043              		.loc 1 574 63 discriminator 1 view .LVU388
 1044 033e C0F30C00 		ubfx	r0, r0, #0, #13
 1045 0342 0028     		cmp	r0, #0
 1046 0344 3FF46BAF 		beq	.L85
 1047              	.L172:
 580:./lwip-2.1.2/src/core/ipv4/ip4_frag.c ****     }
 1048              		.loc 1 580 7 is_stmt 1 view .LVU389
 1049 0348 3B68     		ldr	r3, [r7]	@ unaligned
 1050 034a 7868     		ldr	r0, [r7, #4]	@ unaligned
 1051 034c B968     		ldr	r1, [r7, #8]	@ unaligned
 1052 034e FA68     		ldr	r2, [r7, #12]	@ unaligned
 1053 0350 A360     		str	r3, [r4, #8]	@ unaligned
 1054 0352 E060     		str	r0, [r4, #12]	@ unaligned
 1055 0354 2161     		str	r1, [r4, #16]	@ unaligned
 1056 0356 6261     		str	r2, [r4, #20]	@ unaligned
 1057 0358 3B69     		ldr	r3, [r7, #16]	@ unaligned
 1058 035a A361     		str	r3, [r4, #24]	@ unaligned
 1059 035c 5FE7     		b	.L85
 1060              	.L79:
 568:./lwip-2.1.2/src/core/ipv4/ip4_frag.c ****     /* Bail if unable to enqueue */
 1061              		.loc 1 568 5 view .LVU390
 1062              	.LVL115:
 1063              	.LBB39:
 1064              	.LBI39:
 278:./lwip-2.1.2/src/core/ipv4/ip4_frag.c **** {
 1065              		.loc 1 278 1 view .LVU391
 1066              	.LBB40:
 280:./lwip-2.1.2/src/core/ipv4/ip4_frag.c **** #if ! IP_REASS_FREE_OLDEST
 1067              		.loc 1 280 3 view .LVU392
 286:./lwip-2.1.2/src/core/ipv4/ip4_frag.c ****   if (ipr == NULL) {
 1068              		.loc 1 286 3 view .LVU393
 286:./lwip-2.1.2/src/core/ipv4/ip4_frag.c ****   if (ipr == NULL) {
 1069              		.loc 1 286 32 is_stmt 0 view .LVU394
 1070 035e 0420     		movs	r0, #4
 1071 0360 FFF7FEFF 		bl	memp_malloc
 1072              	.LVL116:
 287:./lwip-2.1.2/src/core/ipv4/ip4_frag.c **** #if IP_REASS_FREE_OLDEST
 1073              		.loc 1 287 3 is_stmt 1 view .LVU395
 287:./lwip-2.1.2/src/core/ipv4/ip4_frag.c **** #if IP_REASS_FREE_OLDEST
 1074              		.loc 1 287 6 is_stmt 0 view .LVU396
 1075 0364 0446     		mov	r4, r0
 1076 0366 0028     		cmp	r0, #0
 1077 0368 00F0A180 		beq	.L180
 1078              	.L84:
 300:./lwip-2.1.2/src/core/ipv4/ip4_frag.c ****   ipr->timer = IP_REASS_MAXAGE;
 1079              		.loc 1 300 3 is_stmt 1 view .LVU397
 1080 036c 0023     		movs	r3, #0
 1081 036e E361     		str	r3, [r4, #28]	@ unaligned
 301:./lwip-2.1.2/src/core/ipv4/ip4_frag.c **** 
 1082              		.loc 1 301 3 view .LVU398
 300:./lwip-2.1.2/src/core/ipv4/ip4_frag.c ****   ipr->timer = IP_REASS_MAXAGE;
 1083              		.loc 1 300 3 is_stmt 0 view .LVU399
 1084 0370 A360     		str	r3, [r4, #8]	@ unaligned
 1085 0372 E360     		str	r3, [r4, #12]	@ unaligned
 1086 0374 2361     		str	r3, [r4, #16]	@ unaligned
 1087 0376 6361     		str	r3, [r4, #20]	@ unaligned
 1088 0378 A361     		str	r3, [r4, #24]	@ unaligned
 1089 037a 6360     		str	r3, [r4, #4]	@ unaligned
 304:./lwip-2.1.2/src/core/ipv4/ip4_frag.c ****   reassdatagrams = ipr;
 1090              		.loc 1 304 13 view .LVU400
 1091 037c D8F80030 		ldr	r3, [r8]
 305:./lwip-2.1.2/src/core/ipv4/ip4_frag.c ****   /* copy the ip header for later tests and input */
 1092              		.loc 1 305 18 view .LVU401
 1093 0380 C8F80040 		str	r4, [r8]
 304:./lwip-2.1.2/src/core/ipv4/ip4_frag.c ****   reassdatagrams = ipr;
 1094              		.loc 1 304 13 view .LVU402
 1095 0384 2360     		str	r3, [r4]
 301:./lwip-2.1.2/src/core/ipv4/ip4_frag.c **** 
 1096              		.loc 1 301 14 view .LVU403
 1097 0386 0F23     		movs	r3, #15
 1098 0388 E377     		strb	r3, [r4, #31]
 304:./lwip-2.1.2/src/core/ipv4/ip4_frag.c ****   reassdatagrams = ipr;
 1099              		.loc 1 304 3 is_stmt 1 view .LVU404
 305:./lwip-2.1.2/src/core/ipv4/ip4_frag.c ****   /* copy the ip header for later tests and input */
 1100              		.loc 1 305 3 view .LVU405
 308:./lwip-2.1.2/src/core/ipv4/ip4_frag.c ****   return ipr;
 1101              		.loc 1 308 3 view .LVU406
 1102 038a DDE7     		b	.L172
 1103              	.LVL117:
 1104              	.L89:
 1105              	.LDL1:
 308:./lwip-2.1.2/src/core/ipv4/ip4_frag.c ****   return ipr;
 1106              		.loc 1 308 3 is_stmt 0 view .LVU407
 1107              	.LBE40:
 1108              	.LBE39:
 680:./lwip-2.1.2/src/core/ipv4/ip4_frag.c ****   if (ipr->p == NULL) {
 1109              		.loc 1 680 42 is_stmt 1 view .LVU408
 681:./lwip-2.1.2/src/core/ipv4/ip4_frag.c ****     /* dropped pbuf after creating a new datagram entry: remove the entry, too */
 1110              		.loc 1 681 3 view .LVU409
 681:./lwip-2.1.2/src/core/ipv4/ip4_frag.c ****     /* dropped pbuf after creating a new datagram entry: remove the entry, too */
 1111              		.loc 1 681 6 is_stmt 0 view .LVU410
 1112 038c 6368     		ldr	r3, [r4, #4]
 1113 038e 002B     		cmp	r3, #0
 1114 0390 CAD1     		bne	.L120
 683:./lwip-2.1.2/src/core/ipv4/ip4_frag.c ****     ip_reass_dequeue_datagram(ipr, NULL);
 1115              		.loc 1 683 74 is_stmt 1 view .LVU411
 684:./lwip-2.1.2/src/core/ipv4/ip4_frag.c ****   }
 1116              		.loc 1 684 5 view .LVU412
 1117              	.LVL118:
 1118              	.LBB42:
 1119              	.LBI42:
 317:./lwip-2.1.2/src/core/ipv4/ip4_frag.c **** {
 1120              		.loc 1 317 1 view .LVU413
 1121              	.LBB43:
 320:./lwip-2.1.2/src/core/ipv4/ip4_frag.c ****     /* it was the first in the list */
 1122              		.loc 1 320 3 view .LVU414
 320:./lwip-2.1.2/src/core/ipv4/ip4_frag.c ****     /* it was the first in the list */
 1123              		.loc 1 320 6 is_stmt 0 view .LVU415
 1124 0392 D8F80010 		ldr	r1, [r8]
 322:./lwip-2.1.2/src/core/ipv4/ip4_frag.c ****   } else {
 1125              		.loc 1 322 25 view .LVU416
 1126 0396 2268     		ldr	r2, [r4]
 320:./lwip-2.1.2/src/core/ipv4/ip4_frag.c ****     /* it was the first in the list */
 1127              		.loc 1 320 6 view .LVU417
 1128 0398 8C42     		cmp	r4, r1
 1129 039a 00F0A180 		beq	.L181
 325:./lwip-2.1.2/src/core/ipv4/ip4_frag.c ****     prev->next = ipr->next;
 1130              		.loc 1 325 58 is_stmt 1 view .LVU418
 326:./lwip-2.1.2/src/core/ipv4/ip4_frag.c ****   }
 1131              		.loc 1 326 5 view .LVU419
 326:./lwip-2.1.2/src/core/ipv4/ip4_frag.c ****   }
 1132              		.loc 1 326 16 is_stmt 0 view .LVU420
 1133 039e 1A60     		str	r2, [r3]
 1134 03a0 FFDE     		.inst	0xdeff
 1135              	.LVL119:
 1136              	.L94:
 326:./lwip-2.1.2/src/core/ipv4/ip4_frag.c ****   }
 1137              		.loc 1 326 16 view .LVU421
 1138              	.LBE43:
 1139              	.LBE42:
 1140              	.LBB45:
 1141              	.LBB34:
 401:./lwip-2.1.2/src/core/ipv4/ip4_frag.c ****           /* fragment overlaps with following, throw away */
 1142              		.loc 1 401 9 is_stmt 1 view .LVU422
 401:./lwip-2.1.2/src/core/ipv4/ip4_frag.c ****           /* fragment overlaps with following, throw away */
 1143              		.loc 1 401 12 is_stmt 0 view .LVU423
 1144 03a2 019B     		ldr	r3, [sp, #4]
 1145              	.LVL120:
 401:./lwip-2.1.2/src/core/ipv4/ip4_frag.c ****           /* fragment overlaps with following, throw away */
 1146              		.loc 1 401 12 view .LVU424
 1147 03a4 8342     		cmp	r3, r0
 1148 03a6 BFD8     		bhi	.L120
 407:./lwip-2.1.2/src/core/ipv4/ip4_frag.c ****       }
 1149              		.loc 1 407 9 is_stmt 1 view .LVU425
 407:./lwip-2.1.2/src/core/ipv4/ip4_frag.c ****       }
 1150              		.loc 1 407 16 is_stmt 0 view .LVU426
 1151 03a8 6560     		str	r5, [r4, #4]
 433:./lwip-2.1.2/src/core/ipv4/ip4_frag.c ****     if (iprh_prev != NULL) {
 1152              		.loc 1 433 3 is_stmt 1 view .LVU427
 1153              	.LVL121:
 1154              	.L99:
 456:./lwip-2.1.2/src/core/ipv4/ip4_frag.c ****     /* and had no holes so far */
 1155              		.loc 1 456 3 view .LVU428
 456:./lwip-2.1.2/src/core/ipv4/ip4_frag.c ****     /* and had no holes so far */
 1156              		.loc 1 456 6 is_stmt 0 view .LVU429
 1157 03aa 009B     		ldr	r3, [sp]
 1158 03ac 002B     		cmp	r3, #0
 1159 03ae 6ED0     		beq	.L102
 456:./lwip-2.1.2/src/core/ipv4/ip4_frag.c ****     /* and had no holes so far */
 1160              		.loc 1 456 15 discriminator 1 view .LVU430
 1161 03b0 A37F     		ldrb	r3, [r4, #30]	@ zero_extendqisi2
 1162 03b2 DA07     		lsls	r2, r3, #31
 1163 03b4 A7D5     		bpl	.L175
 458:./lwip-2.1.2/src/core/ipv4/ip4_frag.c ****       /* then check if the rest of the fragments is here */
 1164              		.loc 1 458 5 is_stmt 1 view .LVU431
 458:./lwip-2.1.2/src/core/ipv4/ip4_frag.c ****       /* then check if the rest of the fragments is here */
 1165              		.loc 1 458 8 is_stmt 0 view .LVU432
 1166 03b6 BAF1000F 		cmp	r10, #0
 1167 03ba A4D0     		beq	.L175
 1168              	.LVL122:
 1169              	.L103:
 461:./lwip-2.1.2/src/core/ipv4/ip4_frag.c ****         valid = 0;
 1170              		.loc 1 461 7 is_stmt 1 view .LVU433
 461:./lwip-2.1.2/src/core/ipv4/ip4_frag.c ****         valid = 0;
 1171              		.loc 1 461 15 is_stmt 0 view .LVU434
 1172 03bc 6368     		ldr	r3, [r4, #4]
 461:./lwip-2.1.2/src/core/ipv4/ip4_frag.c ****         valid = 0;
 1173              		.loc 1 461 10 view .LVU435
 1174 03be 002B     		cmp	r3, #0
 1175 03c0 A1D0     		beq	.L175
 461:./lwip-2.1.2/src/core/ipv4/ip4_frag.c ****         valid = 0;
 1176              		.loc 1 461 75 discriminator 1 view .LVU436
 1177 03c2 5B68     		ldr	r3, [r3, #4]
 461:./lwip-2.1.2/src/core/ipv4/ip4_frag.c ****         valid = 0;
 1178              		.loc 1 461 28 discriminator 1 view .LVU437
 1179 03c4 9B88     		ldrh	r3, [r3, #4]	@ unaligned
 1180 03c6 002B     		cmp	r3, #0
 1181 03c8 9DD1     		bne	.L175
 1182              	.LVL123:
 1183              	.L126:
 465:./lwip-2.1.2/src/core/ipv4/ip4_frag.c ****         q = iprh->next_pbuf;
 1184              		.loc 1 465 9 is_stmt 1 view .LVU438
 466:./lwip-2.1.2/src/core/ipv4/ip4_frag.c ****         while (q != NULL) {
 1185              		.loc 1 466 9 view .LVU439
 466:./lwip-2.1.2/src/core/ipv4/ip4_frag.c ****         while (q != NULL) {
 1186              		.loc 1 466 11 is_stmt 0 view .LVU440
 1187 03ca DBF80030 		ldr	r3, [fp]	@ unaligned
 1188              	.LVL124:
 467:./lwip-2.1.2/src/core/ipv4/ip4_frag.c ****           iprh = (struct ip_reass_helper *)q->payload;
 1189              		.loc 1 467 9 is_stmt 1 view .LVU441
 467:./lwip-2.1.2/src/core/ipv4/ip4_frag.c ****           iprh = (struct ip_reass_helper *)q->payload;
 1190              		.loc 1 467 18 view .LVU442
 1191 03ce 002B     		cmp	r3, #0
 1192 03d0 00F09880 		beq	.L105
 1193 03d4 5A46     		mov	r2, fp
 1194 03d6 03E0     		b	.L107
 1195              	.LVL125:
 1196              	.L183:
 473:./lwip-2.1.2/src/core/ipv4/ip4_frag.c ****           q = iprh->next_pbuf;
 1197              		.loc 1 473 11 view .LVU443
 474:./lwip-2.1.2/src/core/ipv4/ip4_frag.c ****         }
 1198              		.loc 1 474 11 view .LVU444
 474:./lwip-2.1.2/src/core/ipv4/ip4_frag.c ****         }
 1199              		.loc 1 474 13 is_stmt 0 view .LVU445
 1200 03d8 1368     		ldr	r3, [r2]	@ unaligned
 1201              	.LVL126:
 467:./lwip-2.1.2/src/core/ipv4/ip4_frag.c ****           iprh = (struct ip_reass_helper *)q->payload;
 1202              		.loc 1 467 18 is_stmt 1 view .LVU446
 1203 03da 002B     		cmp	r3, #0
 1204 03dc 00F09080 		beq	.L182
 1205              	.L107:
 468:./lwip-2.1.2/src/core/ipv4/ip4_frag.c ****           if (iprh_prev->end != iprh->start) {
 1206              		.loc 1 468 11 view .LVU447
 1207 03e0 1146     		mov	r1, r2
 468:./lwip-2.1.2/src/core/ipv4/ip4_frag.c ****           if (iprh_prev->end != iprh->start) {
 1208              		.loc 1 468 16 is_stmt 0 view .LVU448
 1209 03e2 5A68     		ldr	r2, [r3, #4]
 1210              	.LVL127:
 469:./lwip-2.1.2/src/core/ipv4/ip4_frag.c ****             valid = 0;
 1211              		.loc 1 469 11 is_stmt 1 view .LVU449
 469:./lwip-2.1.2/src/core/ipv4/ip4_frag.c ****             valid = 0;
 1212              		.loc 1 469 14 is_stmt 0 view .LVU450
 1213 03e4 C988     		ldrh	r1, [r1, #6]	@ unaligned
 1214              	.LVL128:
 469:./lwip-2.1.2/src/core/ipv4/ip4_frag.c ****             valid = 0;
 1215              		.loc 1 469 14 view .LVU451
 1216 03e6 9388     		ldrh	r3, [r2, #4]	@ unaligned
 1217              	.LVL129:
 469:./lwip-2.1.2/src/core/ipv4/ip4_frag.c ****             valid = 0;
 1218              		.loc 1 469 14 view .LVU452
 1219 03e8 9942     		cmp	r1, r3
 1220 03ea F5D0     		beq	.L183
 1221 03ec 0022     		movs	r2, #0
 1222              	.LVL130:
 1223              	.L106:
 469:./lwip-2.1.2/src/core/ipv4/ip4_frag.c ****             valid = 0;
 1224              		.loc 1 469 14 view .LVU453
 1225              	.LBE34:
 1226              	.LBE45:
 599:./lwip-2.1.2/src/core/ipv4/ip4_frag.c ****     goto nullreturn_ipr;
 1227              		.loc 1 599 3 is_stmt 1 view .LVU454
 607:./lwip-2.1.2/src/core/ipv4/ip4_frag.c ****   if (is_last) {
 1228              		.loc 1 607 3 view .LVU455
 607:./lwip-2.1.2/src/core/ipv4/ip4_frag.c ****   if (is_last) {
 1229              		.loc 1 607 24 is_stmt 0 view .LVU456
 1230 03ee B8F80430 		ldrh	r3, [r8, #4]
 1231 03f2 4B44     		add	r3, r3, r9
 607:./lwip-2.1.2/src/core/ipv4/ip4_frag.c ****   if (is_last) {
 1232              		.loc 1 607 22 view .LVU457
 1233 03f4 A8F80430 		strh	r3, [r8, #4]	@ movhi
 608:./lwip-2.1.2/src/core/ipv4/ip4_frag.c ****     u16_t datagram_len = (u16_t)(offset + len);
 1234              		.loc 1 608 3 is_stmt 1 view .LVU458
 608:./lwip-2.1.2/src/core/ipv4/ip4_frag.c ****     u16_t datagram_len = (u16_t)(offset + len);
 1235              		.loc 1 608 6 is_stmt 0 view .LVU459
 1236 03f8 009B     		ldr	r3, [sp]
 1237 03fa 2BB9     		cbnz	r3, .L124
 1238              	.LBB46:
 609:./lwip-2.1.2/src/core/ipv4/ip4_frag.c ****     ipr->datagram_len = datagram_len;
 1239              		.loc 1 609 5 is_stmt 1 view .LVU460
 1240              	.LVL131:
 610:./lwip-2.1.2/src/core/ipv4/ip4_frag.c ****     ipr->flags |= IP_REASS_FLAG_LASTFRAG;
 1241              		.loc 1 610 5 view .LVU461
 611:./lwip-2.1.2/src/core/ipv4/ip4_frag.c ****     LWIP_DEBUGF(IP_REASS_DEBUG,
 1242              		.loc 1 611 16 is_stmt 0 view .LVU462
 1243 03fc A37F     		ldrb	r3, [r4, #30]	@ zero_extendqisi2
 609:./lwip-2.1.2/src/core/ipv4/ip4_frag.c ****     ipr->datagram_len = datagram_len;
 1244              		.loc 1 609 11 view .LVU463
 1245 03fe 3744     		add	r7, r7, r6
 1246              	.LVL132:
 611:./lwip-2.1.2/src/core/ipv4/ip4_frag.c ****     LWIP_DEBUGF(IP_REASS_DEBUG,
 1247              		.loc 1 611 16 view .LVU464
 1248 0400 43F00103 		orr	r3, r3, #1
 610:./lwip-2.1.2/src/core/ipv4/ip4_frag.c ****     ipr->flags |= IP_REASS_FLAG_LASTFRAG;
 1249              		.loc 1 610 23 view .LVU465
 1250 0404 A783     		strh	r7, [r4, #28]	@ movhi
 611:./lwip-2.1.2/src/core/ipv4/ip4_frag.c ****     LWIP_DEBUGF(IP_REASS_DEBUG,
 1251              		.loc 1 611 5 is_stmt 1 view .LVU466
 611:./lwip-2.1.2/src/core/ipv4/ip4_frag.c ****     LWIP_DEBUGF(IP_REASS_DEBUG,
 1252              		.loc 1 611 16 is_stmt 0 view .LVU467
 1253 0406 A377     		strb	r3, [r4, #30]
 1254              	.LVL133:
 1255              	.L124:
 614:./lwip-2.1.2/src/core/ipv4/ip4_frag.c ****   }
 1256              		.loc 1 614 37 is_stmt 1 view .LVU468
 1257              	.LBE46:
 617:./lwip-2.1.2/src/core/ipv4/ip4_frag.c ****     struct ip_reassdata *ipr_prev;
 1258              		.loc 1 617 3 view .LVU469
 617:./lwip-2.1.2/src/core/ipv4/ip4_frag.c ****     struct ip_reassdata *ipr_prev;
 1259              		.loc 1 617 6 is_stmt 0 view .LVU470
 1260 0408 002A     		cmp	r2, #0
 1261 040a 90D0     		beq	.L98
 1262              	.LVL134:
 1263              	.L108:
 1264              	.LBB47:
 618:./lwip-2.1.2/src/core/ipv4/ip4_frag.c ****     /* the totally last fragment (flag more fragments = 0) was received at least
 1265              		.loc 1 618 5 is_stmt 1 view .LVU471
 621:./lwip-2.1.2/src/core/ipv4/ip4_frag.c **** 
 1266              		.loc 1 621 5 view .LVU472
 624:./lwip-2.1.2/src/core/ipv4/ip4_frag.c **** 
 1267              		.loc 1 624 42 is_stmt 0 view .LVU473
 1268 040c 6368     		ldr	r3, [r4, #4]
 621:./lwip-2.1.2/src/core/ipv4/ip4_frag.c **** 
 1269              		.loc 1 621 11 view .LVU474
 1270 040e A08B     		ldrh	r0, [r4, #28]
 624:./lwip-2.1.2/src/core/ipv4/ip4_frag.c **** 
 1271              		.loc 1 624 42 view .LVU475
 1272 0410 5E68     		ldr	r6, [r3, #4]
 1273              	.LVL135:
 628:./lwip-2.1.2/src/core/ipv4/ip4_frag.c ****     IPH_LEN_SET(fraghdr, lwip_htons(datagram_len));
 1274              		.loc 1 628 5 view .LVU476
 1275 0412 E768     		ldr	r7, [r4, #12]	@ unaligned
 621:./lwip-2.1.2/src/core/ipv4/ip4_frag.c **** 
 1276              		.loc 1 621 11 view .LVU477
 1277 0414 1430     		adds	r0, r0, #20
 1278              	.LVL136:
 624:./lwip-2.1.2/src/core/ipv4/ip4_frag.c **** 
 1279              		.loc 1 624 5 is_stmt 1 view .LVU478
 628:./lwip-2.1.2/src/core/ipv4/ip4_frag.c ****     IPH_LEN_SET(fraghdr, lwip_htons(datagram_len));
 1280              		.loc 1 628 5 is_stmt 0 view .LVU479
 1281 0416 A368     		ldr	r3, [r4, #8]	@ unaligned
 1282 0418 2169     		ldr	r1, [r4, #16]	@ unaligned
 629:./lwip-2.1.2/src/core/ipv4/ip4_frag.c ****     IPH_OFFSET_SET(fraghdr, 0);
 1283              		.loc 1 629 5 view .LVU480
 1284 041a 80B2     		uxth	r0, r0
 628:./lwip-2.1.2/src/core/ipv4/ip4_frag.c ****     IPH_LEN_SET(fraghdr, lwip_htons(datagram_len));
 1285              		.loc 1 628 5 view .LVU481
 1286 041c 6269     		ldr	r2, [r4, #20]	@ unaligned
 624:./lwip-2.1.2/src/core/ipv4/ip4_frag.c **** 
 1287              		.loc 1 624 7 view .LVU482
 1288 041e 3568     		ldr	r5, [r6]	@ unaligned
 1289              	.LVL137:
 627:./lwip-2.1.2/src/core/ipv4/ip4_frag.c ****     SMEMCPY(fraghdr, &ipr->iphdr, IP_HLEN);
 1290              		.loc 1 627 5 is_stmt 1 view .LVU483
 628:./lwip-2.1.2/src/core/ipv4/ip4_frag.c ****     IPH_LEN_SET(fraghdr, lwip_htons(datagram_len));
 1291              		.loc 1 628 5 view .LVU484
 1292 0420 7760     		str	r7, [r6, #4]	@ unaligned
 1293 0422 3360     		str	r3, [r6]	@ unaligned
 1294 0424 B160     		str	r1, [r6, #8]	@ unaligned
 1295 0426 F260     		str	r2, [r6, #12]	@ unaligned
 1296 0428 A369     		ldr	r3, [r4, #24]	@ unaligned
 1297 042a 3361     		str	r3, [r6, #16]	@ unaligned
 629:./lwip-2.1.2/src/core/ipv4/ip4_frag.c ****     IPH_OFFSET_SET(fraghdr, 0);
 1298              		.loc 1 629 5 view .LVU485
 1299 042c FFF7FEFF 		bl	lwip_htons
 1300              	.LVL138:
 630:./lwip-2.1.2/src/core/ipv4/ip4_frag.c ****     IPH_CHKSUM_SET(fraghdr, 0);
 1301              		.loc 1 630 5 is_stmt 0 view .LVU486
 1302 0430 0023     		movs	r3, #0
 629:./lwip-2.1.2/src/core/ipv4/ip4_frag.c ****     IPH_OFFSET_SET(fraghdr, 0);
 1303              		.loc 1 629 5 discriminator 1 view .LVU487
 1304 0432 7080     		strh	r0, [r6, #2]	@ unaligned
 630:./lwip-2.1.2/src/core/ipv4/ip4_frag.c ****     IPH_CHKSUM_SET(fraghdr, 0);
 1305              		.loc 1 630 5 is_stmt 1 view .LVU488
 1306 0434 B371     		strb	r3, [r6, #6]
 1307 0436 F371     		strb	r3, [r6, #7]
 631:./lwip-2.1.2/src/core/ipv4/ip4_frag.c ****     /* @todo: do we need to set/calculate the correct checksum? */
 1308              		.loc 1 631 5 view .LVU489
 1309 0438 B372     		strb	r3, [r6, #10]
 1310 043a F372     		strb	r3, [r6, #11]
 639:./lwip-2.1.2/src/core/ipv4/ip4_frag.c **** 
 1311              		.loc 1 639 5 view .LVU490
 639:./lwip-2.1.2/src/core/ipv4/ip4_frag.c **** 
 1312              		.loc 1 639 7 is_stmt 0 view .LVU491
 1313 043c 6668     		ldr	r6, [r4, #4]
 1314              	.LVL139:
 642:./lwip-2.1.2/src/core/ipv4/ip4_frag.c ****       iprh = (struct ip_reass_helper *)r->payload;
 1315              		.loc 1 642 5 is_stmt 1 view .LVU492
 642:./lwip-2.1.2/src/core/ipv4/ip4_frag.c ****       iprh = (struct ip_reass_helper *)r->payload;
 1316              		.loc 1 642 14 view .LVU493
 1317 043e 5DB1     		cbz	r5, .L110
 1318              	.L109:
 643:./lwip-2.1.2/src/core/ipv4/ip4_frag.c **** 
 1319              		.loc 1 643 7 view .LVU494
 643:./lwip-2.1.2/src/core/ipv4/ip4_frag.c **** 
 1320              		.loc 1 643 12 is_stmt 0 view .LVU495
 1321 0440 6F68     		ldr	r7, [r5, #4]
 1322              	.LVL140:
 646:./lwip-2.1.2/src/core/ipv4/ip4_frag.c ****       pbuf_cat(p, r);
 1323              		.loc 1 646 7 is_stmt 1 view .LVU496
 1324 0442 1421     		movs	r1, #20
 1325 0444 2846     		mov	r0, r5
 1326 0446 FFF7FEFF 		bl	pbuf_remove_header
 1327              	.LVL141:
 647:./lwip-2.1.2/src/core/ipv4/ip4_frag.c ****       r = iprh->next_pbuf;
 1328              		.loc 1 647 7 view .LVU497
 1329 044a 2946     		mov	r1, r5
 1330 044c 3046     		mov	r0, r6
 1331 044e FFF7FEFF 		bl	pbuf_cat
 1332              	.LVL142:
 648:./lwip-2.1.2/src/core/ipv4/ip4_frag.c ****     }
 1333              		.loc 1 648 7 view .LVU498
 648:./lwip-2.1.2/src/core/ipv4/ip4_frag.c ****     }
 1334              		.loc 1 648 9 is_stmt 0 view .LVU499
 1335 0452 3D68     		ldr	r5, [r7]	@ unaligned
 1336              	.LVL143:
 642:./lwip-2.1.2/src/core/ipv4/ip4_frag.c ****       iprh = (struct ip_reass_helper *)r->payload;
 1337              		.loc 1 642 14 is_stmt 1 view .LVU500
 1338 0454 002D     		cmp	r5, #0
 1339 0456 F3D1     		bne	.L109
 1340              	.LVL144:
 1341              	.L110:
 652:./lwip-2.1.2/src/core/ipv4/ip4_frag.c ****       ipr_prev = NULL;
 1342              		.loc 1 652 5 view .LVU501
 652:./lwip-2.1.2/src/core/ipv4/ip4_frag.c ****       ipr_prev = NULL;
 1343              		.loc 1 652 13 is_stmt 0 view .LVU502
 1344 0458 D8F80030 		ldr	r3, [r8]
 1345              	.LBB48:
 1346              	.LBB49:
 322:./lwip-2.1.2/src/core/ipv4/ip4_frag.c ****   } else {
 1347              		.loc 1 322 25 view .LVU503
 1348 045c 2168     		ldr	r1, [r4]
 1349              	.LBE49:
 1350              	.LBE48:
 652:./lwip-2.1.2/src/core/ipv4/ip4_frag.c ****       ipr_prev = NULL;
 1351              		.loc 1 652 8 view .LVU504
 1352 045e A342     		cmp	r3, r4
 1353 0460 06D0     		beq	.L184
 1354              	.L113:
 1355              	.LVL145:
 655:./lwip-2.1.2/src/core/ipv4/ip4_frag.c ****         if (ipr_prev->next == ipr) {
 1356              		.loc 1 655 48 is_stmt 1 discriminator 1 view .LVU505
 1357 0462 002B     		cmp	r3, #0
 1358 0464 5ED0     		beq	.L185
 656:./lwip-2.1.2/src/core/ipv4/ip4_frag.c ****           break;
 1359              		.loc 1 656 9 view .LVU506
 656:./lwip-2.1.2/src/core/ipv4/ip4_frag.c ****           break;
 1360              		.loc 1 656 21 is_stmt 0 view .LVU507
 1361 0466 1A68     		ldr	r2, [r3]
 656:./lwip-2.1.2/src/core/ipv4/ip4_frag.c ****           break;
 1362              		.loc 1 656 12 view .LVU508
 1363 0468 A242     		cmp	r2, r4
 1364 046a 37D0     		beq	.L114
 655:./lwip-2.1.2/src/core/ipv4/ip4_frag.c ****         if (ipr_prev->next == ipr) {
 1365              		.loc 1 655 66 discriminator 2 view .LVU509
 1366 046c 1346     		mov	r3, r2
 1367              	.LVL146:
 655:./lwip-2.1.2/src/core/ipv4/ip4_frag.c ****         if (ipr_prev->next == ipr) {
 1368              		.loc 1 655 66 discriminator 2 view .LVU510
 1369 046e F8E7     		b	.L113
 1370              	.LVL147:
 1371              	.L184:
 663:./lwip-2.1.2/src/core/ipv4/ip4_frag.c **** 
 1372              		.loc 1 663 5 is_stmt 1 view .LVU511
 1373              	.LBB53:
 1374              	.LBI48:
 317:./lwip-2.1.2/src/core/ipv4/ip4_frag.c **** {
 1375              		.loc 1 317 1 view .LVU512
 1376              	.LBB50:
 320:./lwip-2.1.2/src/core/ipv4/ip4_frag.c ****     /* it was the first in the list */
 1377              		.loc 1 320 3 view .LVU513
 322:./lwip-2.1.2/src/core/ipv4/ip4_frag.c ****   } else {
 1378              		.loc 1 322 5 view .LVU514
 322:./lwip-2.1.2/src/core/ipv4/ip4_frag.c ****   } else {
 1379              		.loc 1 322 20 is_stmt 0 view .LVU515
 1380 0470 C8F80010 		str	r1, [r8]
 1381              	.LVL148:
 1382              	.L117:
 330:./lwip-2.1.2/src/core/ipv4/ip4_frag.c **** }
 1383              		.loc 1 330 3 is_stmt 1 view .LVU516
 1384 0474 2146     		mov	r1, r4
 1385 0476 0420     		movs	r0, #4
 1386 0478 FFF7FEFF 		bl	memp_free
 1387              	.LVL149:
 330:./lwip-2.1.2/src/core/ipv4/ip4_frag.c **** }
 1388              		.loc 1 330 3 is_stmt 0 view .LVU517
 1389              	.LBE50:
 1390              	.LBE53:
 666:./lwip-2.1.2/src/core/ipv4/ip4_frag.c ****     LWIP_ASSERT("ip_reass_pbufcount >= clen", ip_reass_pbufcount >= clen);
 1391              		.loc 1 666 5 is_stmt 1 view .LVU518
 666:./lwip-2.1.2/src/core/ipv4/ip4_frag.c ****     LWIP_ASSERT("ip_reass_pbufcount >= clen", ip_reass_pbufcount >= clen);
 1392              		.loc 1 666 12 is_stmt 0 view .LVU519
 1393 047c 3046     		mov	r0, r6
 1394 047e FFF7FEFF 		bl	pbuf_clen
 1395              	.LVL150:
 667:./lwip-2.1.2/src/core/ipv4/ip4_frag.c ****     ip_reass_pbufcount = (u16_t)(ip_reass_pbufcount - clen);
 1396              		.loc 1 667 74 is_stmt 1 view .LVU520
 668:./lwip-2.1.2/src/core/ipv4/ip4_frag.c **** 
 1397              		.loc 1 668 5 view .LVU521
 668:./lwip-2.1.2/src/core/ipv4/ip4_frag.c **** 
 1398              		.loc 1 668 26 is_stmt 0 view .LVU522
 1399 0482 B8F80430 		ldrh	r3, [r8, #4]
 1400 0486 1B1A     		subs	r3, r3, r0
 668:./lwip-2.1.2/src/core/ipv4/ip4_frag.c **** 
 1401              		.loc 1 668 24 view .LVU523
 1402 0488 A8F80430 		strh	r3, [r8, #4]	@ movhi
 670:./lwip-2.1.2/src/core/ipv4/ip4_frag.c **** 
 1403              		.loc 1 670 36 is_stmt 1 view .LVU524
 673:./lwip-2.1.2/src/core/ipv4/ip4_frag.c ****   }
 1404              		.loc 1 673 5 view .LVU525
 673:./lwip-2.1.2/src/core/ipv4/ip4_frag.c ****   }
 1405              		.loc 1 673 12 is_stmt 0 view .LVU526
 1406 048c 50E7     		b	.L75
 1407              	.LVL151:
 1408              	.L102:
 673:./lwip-2.1.2/src/core/ipv4/ip4_frag.c ****   }
 1409              		.loc 1 673 12 view .LVU527
 1410              	.LBE47:
 1411              	.LBB56:
 1412              	.LBB35:
 458:./lwip-2.1.2/src/core/ipv4/ip4_frag.c ****       /* then check if the rest of the fragments is here */
 1413              		.loc 1 458 5 is_stmt 1 view .LVU528
 458:./lwip-2.1.2/src/core/ipv4/ip4_frag.c ****       /* then check if the rest of the fragments is here */
 1414              		.loc 1 458 8 is_stmt 0 view .LVU529
 1415 048e BAF1000F 		cmp	r10, #0
 1416 0492 20D0     		beq	.L186
 461:./lwip-2.1.2/src/core/ipv4/ip4_frag.c ****         valid = 0;
 1417              		.loc 1 461 15 view .LVU530
 1418 0494 6568     		ldr	r5, [r4, #4]
 1419              	.LVL152:
 461:./lwip-2.1.2/src/core/ipv4/ip4_frag.c ****         valid = 0;
 1420              		.loc 1 461 7 is_stmt 1 view .LVU531
 461:./lwip-2.1.2/src/core/ipv4/ip4_frag.c ****         valid = 0;
 1421              		.loc 1 461 10 is_stmt 0 view .LVU532
 1422 0496 1DB1     		cbz	r5, .L127
 1423              	.LVL153:
 1424              	.L91:
 461:./lwip-2.1.2/src/core/ipv4/ip4_frag.c ****         valid = 0;
 1425              		.loc 1 461 75 discriminator 1 view .LVU533
 1426 0498 6B68     		ldr	r3, [r5, #4]
 461:./lwip-2.1.2/src/core/ipv4/ip4_frag.c ****         valid = 0;
 1427              		.loc 1 461 28 discriminator 1 view .LVU534
 1428 049a 9B88     		ldrh	r3, [r3, #4]	@ unaligned
 1429 049c 002B     		cmp	r3, #0
 1430 049e 94D0     		beq	.L126
 1431              	.L127:
 1432              	.LVL154:
 461:./lwip-2.1.2/src/core/ipv4/ip4_frag.c ****         valid = 0;
 1433              		.loc 1 461 28 discriminator 1 view .LVU535
 1434              	.LBE35:
 1435              	.LBE56:
 599:./lwip-2.1.2/src/core/ipv4/ip4_frag.c ****     goto nullreturn_ipr;
 1436              		.loc 1 599 3 is_stmt 1 view .LVU536
 607:./lwip-2.1.2/src/core/ipv4/ip4_frag.c ****   if (is_last) {
 1437              		.loc 1 607 3 view .LVU537
 1438              	.LBB57:
 609:./lwip-2.1.2/src/core/ipv4/ip4_frag.c ****     ipr->datagram_len = datagram_len;
 1439              		.loc 1 609 11 is_stmt 0 view .LVU538
 1440 04a0 3744     		add	r7, r7, r6
 611:./lwip-2.1.2/src/core/ipv4/ip4_frag.c ****     LWIP_DEBUGF(IP_REASS_DEBUG,
 1441              		.loc 1 611 16 view .LVU539
 1442 04a2 A37F     		ldrb	r3, [r4, #30]	@ zero_extendqisi2
 1443              	.L176:
 611:./lwip-2.1.2/src/core/ipv4/ip4_frag.c ****     LWIP_DEBUGF(IP_REASS_DEBUG,
 1444              		.loc 1 611 16 view .LVU540
 1445 04a4 43F00103 		orr	r3, r3, #1
 610:./lwip-2.1.2/src/core/ipv4/ip4_frag.c ****     ipr->flags |= IP_REASS_FLAG_LASTFRAG;
 1446              		.loc 1 610 23 view .LVU541
 1447 04a8 A783     		strh	r7, [r4, #28]	@ movhi
 611:./lwip-2.1.2/src/core/ipv4/ip4_frag.c ****     LWIP_DEBUGF(IP_REASS_DEBUG,
 1448              		.loc 1 611 16 view .LVU542
 1449 04aa A377     		strb	r3, [r4, #30]
 1450 04ac 2BE7     		b	.L175
 1451              	.LVL155:
 1452              	.L180:
 611:./lwip-2.1.2/src/core/ipv4/ip4_frag.c ****     LWIP_DEBUGF(IP_REASS_DEBUG,
 1453              		.loc 1 611 16 view .LVU543
 1454              	.LBE57:
 1455              	.LBB58:
 1456              	.LBB41:
 289:./lwip-2.1.2/src/core/ipv4/ip4_frag.c ****       ipr = (struct ip_reassdata *)memp_malloc(MEMP_REASSDATA);
 1457              		.loc 1 289 5 is_stmt 1 view .LVU544
 289:./lwip-2.1.2/src/core/ipv4/ip4_frag.c ****       ipr = (struct ip_reassdata *)memp_malloc(MEMP_REASSDATA);
 1458              		.loc 1 289 9 is_stmt 0 view .LVU545
 1459 04ae 4946     		mov	r1, r9
 1460 04b0 3846     		mov	r0, r7
 1461              	.LVL156:
 289:./lwip-2.1.2/src/core/ipv4/ip4_frag.c ****       ipr = (struct ip_reassdata *)memp_malloc(MEMP_REASSDATA);
 1462              		.loc 1 289 9 view .LVU546
 1463 04b2 FFF7F7FD 		bl	ip_reass_remove_oldest_datagram
 1464              	.LVL157:
 289:./lwip-2.1.2/src/core/ipv4/ip4_frag.c ****       ipr = (struct ip_reassdata *)memp_malloc(MEMP_REASSDATA);
 1465              		.loc 1 289 8 discriminator 1 view .LVU547
 1466 04b6 8145     		cmp	r9, r0
 1467 04b8 3FF736AF 		bgt	.L120
 290:./lwip-2.1.2/src/core/ipv4/ip4_frag.c ****     }
 1468              		.loc 1 290 7 is_stmt 1 view .LVU548
 290:./lwip-2.1.2/src/core/ipv4/ip4_frag.c ****     }
 1469              		.loc 1 290 36 is_stmt 0 view .LVU549
 1470 04bc 0420     		movs	r0, #4
 1471 04be FFF7FEFF 		bl	memp_malloc
 1472              	.LVL158:
 292:./lwip-2.1.2/src/core/ipv4/ip4_frag.c **** #endif /* IP_REASS_FREE_OLDEST */
 1473              		.loc 1 292 5 is_stmt 1 view .LVU550
 292:./lwip-2.1.2/src/core/ipv4/ip4_frag.c **** #endif /* IP_REASS_FREE_OLDEST */
 1474              		.loc 1 292 8 is_stmt 0 view .LVU551
 1475 04c2 0446     		mov	r4, r0
 1476 04c4 0028     		cmp	r0, #0
 1477 04c6 7FF451AF 		bne	.L84
 1478 04ca 2DE7     		b	.L120
 1479              	.LVL159:
 1480              	.L179:
 292:./lwip-2.1.2/src/core/ipv4/ip4_frag.c **** #endif /* IP_REASS_FREE_OLDEST */
 1481              		.loc 1 292 8 view .LVU552
 1482              	.LBE41:
 1483              	.LBE58:
 1484              	.LBB59:
 1485              	.LBB36:
 433:./lwip-2.1.2/src/core/ipv4/ip4_frag.c ****     if (iprh_prev != NULL) {
 1486              		.loc 1 433 3 is_stmt 1 view .LVU553
 434:./lwip-2.1.2/src/core/ipv4/ip4_frag.c ****       /* this is (for now), the fragment with the highest offset:
 1487              		.loc 1 434 5 view .LVU554
 438:./lwip-2.1.2/src/core/ipv4/ip4_frag.c **** #endif /* IP_REASS_CHECK_OVERLAP */
 1488              		.loc 1 438 82 view .LVU555
 440:./lwip-2.1.2/src/core/ipv4/ip4_frag.c ****       if (iprh_prev->end != iprh->start) {
 1489              		.loc 1 440 7 view .LVU556
 441:./lwip-2.1.2/src/core/ipv4/ip4_frag.c ****         valid = 0;
 1490              		.loc 1 441 10 is_stmt 0 view .LVU557
 1491 04cc F445     		cmp	ip, lr
 440:./lwip-2.1.2/src/core/ipv4/ip4_frag.c ****       if (iprh_prev->end != iprh->start) {
 1492              		.loc 1 440 28 view .LVU558
 1493 04ce 1D60     		str	r5, [r3]	@ unaligned
 441:./lwip-2.1.2/src/core/ipv4/ip4_frag.c ****         valid = 0;
 1494              		.loc 1 441 7 is_stmt 1 view .LVU559
 441:./lwip-2.1.2/src/core/ipv4/ip4_frag.c ****         valid = 0;
 1495              		.loc 1 441 10 is_stmt 0 view .LVU560
 1496 04d0 7FF414AF 		bne	.L174
 1497 04d4 69E7     		b	.L99
 1498              	.LVL160:
 1499              	.L186:
 441:./lwip-2.1.2/src/core/ipv4/ip4_frag.c ****         valid = 0;
 1500              		.loc 1 441 10 view .LVU561
 1501 04d6 A37F     		ldrb	r3, [r4, #30]	@ zero_extendqisi2
 1502              	.LVL161:
 1503              	.L96:
 441:./lwip-2.1.2/src/core/ipv4/ip4_frag.c ****         valid = 0;
 1504              		.loc 1 441 10 view .LVU562
 1505              	.LBE36:
 1506              	.LBE59:
 599:./lwip-2.1.2/src/core/ipv4/ip4_frag.c ****     goto nullreturn_ipr;
 1507              		.loc 1 599 3 is_stmt 1 view .LVU563
 607:./lwip-2.1.2/src/core/ipv4/ip4_frag.c ****   if (is_last) {
 1508              		.loc 1 607 3 view .LVU564
 1509              	.LBB60:
 609:./lwip-2.1.2/src/core/ipv4/ip4_frag.c ****     ipr->datagram_len = datagram_len;
 1510              		.loc 1 609 11 is_stmt 0 view .LVU565
 1511 04d8 3744     		add	r7, r7, r6
 1512 04da E3E7     		b	.L176
 1513              	.LVL162:
 1514              	.L114:
 609:./lwip-2.1.2/src/core/ipv4/ip4_frag.c ****     ipr->datagram_len = datagram_len;
 1515              		.loc 1 609 11 view .LVU566
 1516              	.LBE60:
 1517              	.LBB61:
 663:./lwip-2.1.2/src/core/ipv4/ip4_frag.c **** 
 1518              		.loc 1 663 5 is_stmt 1 view .LVU567
 1519              	.LBB54:
 317:./lwip-2.1.2/src/core/ipv4/ip4_frag.c **** {
 1520              		.loc 1 317 1 view .LVU568
 1521              	.LBB51:
 320:./lwip-2.1.2/src/core/ipv4/ip4_frag.c ****     /* it was the first in the list */
 1522              		.loc 1 320 3 view .LVU569
 325:./lwip-2.1.2/src/core/ipv4/ip4_frag.c ****     prev->next = ipr->next;
 1523              		.loc 1 325 58 view .LVU570
 326:./lwip-2.1.2/src/core/ipv4/ip4_frag.c ****   }
 1524              		.loc 1 326 5 view .LVU571
 326:./lwip-2.1.2/src/core/ipv4/ip4_frag.c ****   }
 1525              		.loc 1 326 16 is_stmt 0 view .LVU572
 1526 04dc 1960     		str	r1, [r3]
 1527 04de C9E7     		b	.L117
 1528              	.LVL163:
 1529              	.L181:
 326:./lwip-2.1.2/src/core/ipv4/ip4_frag.c ****   }
 1530              		.loc 1 326 16 view .LVU573
 1531              	.LBE51:
 1532              	.LBE54:
 1533              	.LBE61:
 1534              	.LBB62:
 1535              	.LBB44:
 322:./lwip-2.1.2/src/core/ipv4/ip4_frag.c ****   } else {
 1536              		.loc 1 322 5 is_stmt 1 view .LVU574
 330:./lwip-2.1.2/src/core/ipv4/ip4_frag.c **** }
 1537              		.loc 1 330 3 is_stmt 0 view .LVU575
 1538 04e0 2146     		mov	r1, r4
 1539 04e2 0420     		movs	r0, #4
 322:./lwip-2.1.2/src/core/ipv4/ip4_frag.c ****   } else {
 1540              		.loc 1 322 20 view .LVU576
 1541 04e4 C8F80020 		str	r2, [r8]
 330:./lwip-2.1.2/src/core/ipv4/ip4_frag.c **** }
 1542              		.loc 1 330 3 is_stmt 1 view .LVU577
 1543 04e8 FFF7FEFF 		bl	memp_free
 1544              	.LVL164:
 331:./lwip-2.1.2/src/core/ipv4/ip4_frag.c **** 
 1545              		.loc 1 331 1 is_stmt 0 view .LVU578
 1546 04ec 1CE7     		b	.L120
 1547              	.LVL165:
 1548              	.L178:
 331:./lwip-2.1.2/src/core/ipv4/ip4_frag.c **** 
 1549              		.loc 1 331 1 view .LVU579
 1550              	.LBE44:
 1551              	.LBE62:
 1552              	.LBB63:
 1553              	.LBB37:
 433:./lwip-2.1.2/src/core/ipv4/ip4_frag.c ****     if (iprh_prev != NULL) {
 1554              		.loc 1 433 3 is_stmt 1 view .LVU580
 434:./lwip-2.1.2/src/core/ipv4/ip4_frag.c ****       /* this is (for now), the fragment with the highest offset:
 1555              		.loc 1 434 5 view .LVU581
 447:./lwip-2.1.2/src/core/ipv4/ip4_frag.c **** #endif /* IP_REASS_CHECK_OVERLAP */
 1556              		.loc 1 447 34 view .LVU582
 450:./lwip-2.1.2/src/core/ipv4/ip4_frag.c ****     }
 1557              		.loc 1 450 7 view .LVU583
 456:./lwip-2.1.2/src/core/ipv4/ip4_frag.c ****     /* and had no holes so far */
 1558              		.loc 1 456 6 is_stmt 0 view .LVU584
 1559 04ee 009B     		ldr	r3, [sp]
 450:./lwip-2.1.2/src/core/ipv4/ip4_frag.c ****     }
 1560              		.loc 1 450 14 view .LVU585
 1561 04f0 6560     		str	r5, [r4, #4]
 456:./lwip-2.1.2/src/core/ipv4/ip4_frag.c ****     /* and had no holes so far */
 1562              		.loc 1 456 3 is_stmt 1 view .LVU586
 456:./lwip-2.1.2/src/core/ipv4/ip4_frag.c ****     /* and had no holes so far */
 1563              		.loc 1 456 6 is_stmt 0 view .LVU587
 1564 04f2 002B     		cmp	r3, #0
 1565 04f4 D0D0     		beq	.L91
 456:./lwip-2.1.2/src/core/ipv4/ip4_frag.c ****     /* and had no holes so far */
 1566              		.loc 1 456 15 discriminator 1 view .LVU588
 1567 04f6 A37F     		ldrb	r3, [r4, #30]	@ zero_extendqisi2
 1568 04f8 DB07     		lsls	r3, r3, #31
 1569 04fa 7FF504AF 		bpl	.L175
 1570 04fe 5DE7     		b	.L103
 1571              	.LVL166:
 1572              	.L182:
 456:./lwip-2.1.2/src/core/ipv4/ip4_frag.c ****     /* and had no holes so far */
 1573              		.loc 1 456 15 discriminator 1 view .LVU589
 1574 0500 0122     		movs	r2, #1
 1575              	.LVL167:
 456:./lwip-2.1.2/src/core/ipv4/ip4_frag.c ****     /* and had no holes so far */
 1576              		.loc 1 456 15 discriminator 1 view .LVU590
 1577 0502 74E7     		b	.L106
 1578              	.LVL168:
 1579              	.L105:
 456:./lwip-2.1.2/src/core/ipv4/ip4_frag.c ****     /* and had no holes so far */
 1580              		.loc 1 456 15 discriminator 1 view .LVU591
 1581              	.LBE37:
 1582              	.LBE63:
 599:./lwip-2.1.2/src/core/ipv4/ip4_frag.c ****     goto nullreturn_ipr;
 1583              		.loc 1 599 3 is_stmt 1 view .LVU592
 607:./lwip-2.1.2/src/core/ipv4/ip4_frag.c ****   if (is_last) {
 1584              		.loc 1 607 3 view .LVU593
 607:./lwip-2.1.2/src/core/ipv4/ip4_frag.c ****   if (is_last) {
 1585              		.loc 1 607 24 is_stmt 0 view .LVU594
 1586 0504 B8F80430 		ldrh	r3, [r8, #4]
 1587 0508 4B44     		add	r3, r3, r9
 607:./lwip-2.1.2/src/core/ipv4/ip4_frag.c ****   if (is_last) {
 1588              		.loc 1 607 22 view .LVU595
 1589 050a A8F80430 		strh	r3, [r8, #4]	@ movhi
 608:./lwip-2.1.2/src/core/ipv4/ip4_frag.c ****     u16_t datagram_len = (u16_t)(offset + len);
 1590              		.loc 1 608 3 is_stmt 1 view .LVU596
 608:./lwip-2.1.2/src/core/ipv4/ip4_frag.c ****     u16_t datagram_len = (u16_t)(offset + len);
 1591              		.loc 1 608 6 is_stmt 0 view .LVU597
 1592 050e 009B     		ldr	r3, [sp]
 1593 0510 002B     		cmp	r3, #0
 1594 0512 7FF47BAF 		bne	.L108
 1595              	.LBB64:
 609:./lwip-2.1.2/src/core/ipv4/ip4_frag.c ****     ipr->datagram_len = datagram_len;
 1596              		.loc 1 609 5 is_stmt 1 view .LVU598
 1597              	.LVL169:
 610:./lwip-2.1.2/src/core/ipv4/ip4_frag.c ****     ipr->flags |= IP_REASS_FLAG_LASTFRAG;
 1598              		.loc 1 610 5 view .LVU599
 611:./lwip-2.1.2/src/core/ipv4/ip4_frag.c ****     LWIP_DEBUGF(IP_REASS_DEBUG,
 1599              		.loc 1 611 16 is_stmt 0 view .LVU600
 1600 0516 A37F     		ldrb	r3, [r4, #30]	@ zero_extendqisi2
 609:./lwip-2.1.2/src/core/ipv4/ip4_frag.c ****     ipr->datagram_len = datagram_len;
 1601              		.loc 1 609 11 view .LVU601
 1602 0518 3744     		add	r7, r7, r6
 1603              	.LVL170:
 611:./lwip-2.1.2/src/core/ipv4/ip4_frag.c ****     LWIP_DEBUGF(IP_REASS_DEBUG,
 1604              		.loc 1 611 16 view .LVU602
 1605 051a 43F00103 		orr	r3, r3, #1
 610:./lwip-2.1.2/src/core/ipv4/ip4_frag.c ****     ipr->flags |= IP_REASS_FLAG_LASTFRAG;
 1606              		.loc 1 610 23 view .LVU603
 1607 051e A783     		strh	r7, [r4, #28]	@ movhi
 611:./lwip-2.1.2/src/core/ipv4/ip4_frag.c ****     LWIP_DEBUGF(IP_REASS_DEBUG,
 1608              		.loc 1 611 5 is_stmt 1 view .LVU604
 611:./lwip-2.1.2/src/core/ipv4/ip4_frag.c ****     LWIP_DEBUGF(IP_REASS_DEBUG,
 1609              		.loc 1 611 16 is_stmt 0 view .LVU605
 1610 0520 A377     		strb	r3, [r4, #30]
 614:./lwip-2.1.2/src/core/ipv4/ip4_frag.c ****   }
 1611              		.loc 1 614 37 is_stmt 1 view .LVU606
 1612              	.LBE64:
 617:./lwip-2.1.2/src/core/ipv4/ip4_frag.c ****     struct ip_reassdata *ipr_prev;
 1613              		.loc 1 617 3 view .LVU607
 1614 0522 73E7     		b	.L108
 1615              	.LVL171:
 1616              	.L185:
 1617              	.LBB65:
 663:./lwip-2.1.2/src/core/ipv4/ip4_frag.c **** 
 1618              		.loc 1 663 5 view .LVU608
 1619              	.LBB55:
 317:./lwip-2.1.2/src/core/ipv4/ip4_frag.c **** {
 1620              		.loc 1 317 1 view .LVU609
 1621              	.LBB52:
 320:./lwip-2.1.2/src/core/ipv4/ip4_frag.c ****     /* it was the first in the list */
 1622              		.loc 1 320 3 view .LVU610
 325:./lwip-2.1.2/src/core/ipv4/ip4_frag.c ****     prev->next = ipr->next;
 1623              		.loc 1 325 58 view .LVU611
 326:./lwip-2.1.2/src/core/ipv4/ip4_frag.c ****   }
 1624              		.loc 1 326 5 view .LVU612
 326:./lwip-2.1.2/src/core/ipv4/ip4_frag.c ****   }
 1625              		.loc 1 326 16 is_stmt 0 view .LVU613
 1626 0524 1960     		str	r1, [r3]
 1627 0526 FFDE     		.inst	0xdeff
 1628              	.L188:
 1629              		.align	2
 1630              	.L187:
 1631 0528 00000000 		.word	.LANCHOR0
 1632              	.LBE52:
 1633              	.LBE55:
 1634              	.LBE65:
 1635              		.cfi_endproc
 1636              	.LFE32:
 1638              		.align	1
 1639              		.p2align 2,,3
 1640              		.global	ip4_frag
 1641              		.syntax unified
 1642              		.thumb
 1643              		.thumb_func
 1645              	ip4_frag:
 1646              	.LVL172:
 1647              	.LFB36:
 725:./lwip-2.1.2/src/core/ipv4/ip4_frag.c **** #endif /* !LWIP_NETIF_TX_SINGLE_PBUF */
 726:./lwip-2.1.2/src/core/ipv4/ip4_frag.c **** 
 727:./lwip-2.1.2/src/core/ipv4/ip4_frag.c **** /**
 728:./lwip-2.1.2/src/core/ipv4/ip4_frag.c ****  * Fragment an IP datagram if too large for the netif.
 729:./lwip-2.1.2/src/core/ipv4/ip4_frag.c ****  *
 730:./lwip-2.1.2/src/core/ipv4/ip4_frag.c ****  * Chop the datagram in MTU sized chunks and send them in order
 731:./lwip-2.1.2/src/core/ipv4/ip4_frag.c ****  * by pointing PBUF_REFs into p.
 732:./lwip-2.1.2/src/core/ipv4/ip4_frag.c ****  *
 733:./lwip-2.1.2/src/core/ipv4/ip4_frag.c ****  * @param p ip packet to send
 734:./lwip-2.1.2/src/core/ipv4/ip4_frag.c ****  * @param netif the netif on which to send
 735:./lwip-2.1.2/src/core/ipv4/ip4_frag.c ****  * @param dest destination ip address to which to send
 736:./lwip-2.1.2/src/core/ipv4/ip4_frag.c ****  *
 737:./lwip-2.1.2/src/core/ipv4/ip4_frag.c ****  * @return ERR_OK if sent successfully, err_t otherwise
 738:./lwip-2.1.2/src/core/ipv4/ip4_frag.c ****  */
 739:./lwip-2.1.2/src/core/ipv4/ip4_frag.c **** err_t
 740:./lwip-2.1.2/src/core/ipv4/ip4_frag.c **** ip4_frag(struct pbuf *p, struct netif *netif, const ip4_addr_t *dest)
 741:./lwip-2.1.2/src/core/ipv4/ip4_frag.c **** {
 1648              		.loc 1 741 1 is_stmt 1 view -0
 1649              		.cfi_startproc
 1650              		@ args = 0, pretend = 0, frame = 48
 1651              		@ frame_needed = 0, uses_anonymous_args = 0
 742:./lwip-2.1.2/src/core/ipv4/ip4_frag.c ****   struct pbuf *rambuf;
 1652              		.loc 1 742 3 view .LVU615
 743:./lwip-2.1.2/src/core/ipv4/ip4_frag.c **** #if !LWIP_NETIF_TX_SINGLE_PBUF
 744:./lwip-2.1.2/src/core/ipv4/ip4_frag.c ****   struct pbuf *newpbuf;
 1653              		.loc 1 744 3 view .LVU616
 745:./lwip-2.1.2/src/core/ipv4/ip4_frag.c ****   u16_t newpbuflen = 0;
 1654              		.loc 1 745 3 view .LVU617
 746:./lwip-2.1.2/src/core/ipv4/ip4_frag.c ****   u16_t left_to_copy;
 1655              		.loc 1 746 3 view .LVU618
 747:./lwip-2.1.2/src/core/ipv4/ip4_frag.c **** #endif
 748:./lwip-2.1.2/src/core/ipv4/ip4_frag.c ****   struct ip_hdr *original_iphdr;
 1656              		.loc 1 748 3 view .LVU619
 749:./lwip-2.1.2/src/core/ipv4/ip4_frag.c ****   struct ip_hdr *iphdr;
 1657              		.loc 1 749 3 view .LVU620
 750:./lwip-2.1.2/src/core/ipv4/ip4_frag.c ****   const u16_t nfb = (u16_t)((netif->mtu - IP_HLEN) / 8);
 1658              		.loc 1 750 3 view .LVU621
 741:./lwip-2.1.2/src/core/ipv4/ip4_frag.c ****   struct pbuf *rambuf;
 1659              		.loc 1 741 1 is_stmt 0 view .LVU622
 1660 052c 2DE9F04F 		push	{r4, r5, r6, r7, r8, r9, r10, fp, lr}
 1661              	.LCFI9:
 1662              		.cfi_def_cfa_offset 36
 1663              		.cfi_offset 4, -36
 1664              		.cfi_offset 5, -32
 1665              		.cfi_offset 6, -28
 1666              		.cfi_offset 7, -24
 1667              		.cfi_offset 8, -20
 1668              		.cfi_offset 9, -16
 1669              		.cfi_offset 10, -12
 1670              		.cfi_offset 11, -8
 1671              		.cfi_offset 14, -4
 1672              		.loc 1 750 35 view .LVU623
 1673 0530 8B8C     		ldrh	r3, [r1, #36]
 741:./lwip-2.1.2/src/core/ipv4/ip4_frag.c ****   struct pbuf *rambuf;
 1674              		.loc 1 741 1 view .LVU624
 1675 0532 8FB0     		sub	sp, sp, #60
 1676              	.LCFI10:
 1677              		.cfi_def_cfa_offset 96
 741:./lwip-2.1.2/src/core/ipv4/ip4_frag.c ****   struct pbuf *rambuf;
 1678              		.loc 1 741 1 view .LVU625
 1679 0534 0546     		mov	r5, r0
 1680 0536 0C92     		str	r2, [sp, #48]
 1681              		.loc 1 750 52 view .LVU626
 1682 0538 B3F11402 		subs	r2, r3, #20
 1683              	.LVL173:
 741:./lwip-2.1.2/src/core/ipv4/ip4_frag.c ****   struct pbuf *rambuf;
 1684              		.loc 1 741 1 view .LVU627
 1685 053c 0B91     		str	r1, [sp, #44]
 1686              		.loc 1 750 52 view .LVU628
 1687 053e 48BF     		it	mi
 1688 0540 A3F10D02 		submi	r2, r3, #13
 751:./lwip-2.1.2/src/core/ipv4/ip4_frag.c ****   u16_t left, fragsize;
 752:./lwip-2.1.2/src/core/ipv4/ip4_frag.c ****   u16_t ofo;
 753:./lwip-2.1.2/src/core/ipv4/ip4_frag.c ****   int last;
 754:./lwip-2.1.2/src/core/ipv4/ip4_frag.c ****   u16_t poff = IP_HLEN;
 755:./lwip-2.1.2/src/core/ipv4/ip4_frag.c ****   u16_t tmp;
 756:./lwip-2.1.2/src/core/ipv4/ip4_frag.c ****   int mf_set;
 757:./lwip-2.1.2/src/core/ipv4/ip4_frag.c **** 
 758:./lwip-2.1.2/src/core/ipv4/ip4_frag.c ****   original_iphdr = (struct ip_hdr *)p->payload;
 1689              		.loc 1 758 18 view .LVU629
 1690 0544 4368     		ldr	r3, [r0, #4]
 750:./lwip-2.1.2/src/core/ipv4/ip4_frag.c ****   u16_t left, fragsize;
 1691              		.loc 1 750 15 view .LVU630
 1692 0546 C2F3CF02 		ubfx	r2, r2, #3, #16
 1693              		.loc 1 758 18 view .LVU631
 1694 054a 0493     		str	r3, [sp, #16]
 750:./lwip-2.1.2/src/core/ipv4/ip4_frag.c ****   u16_t left, fragsize;
 1695              		.loc 1 750 15 view .LVU632
 1696 054c 0892     		str	r2, [sp, #32]
 1697              	.LVL174:
 751:./lwip-2.1.2/src/core/ipv4/ip4_frag.c ****   u16_t left, fragsize;
 1698              		.loc 1 751 3 is_stmt 1 view .LVU633
 752:./lwip-2.1.2/src/core/ipv4/ip4_frag.c ****   int last;
 1699              		.loc 1 752 3 view .LVU634
 753:./lwip-2.1.2/src/core/ipv4/ip4_frag.c ****   u16_t poff = IP_HLEN;
 1700              		.loc 1 753 3 view .LVU635
 754:./lwip-2.1.2/src/core/ipv4/ip4_frag.c ****   u16_t tmp;
 1701              		.loc 1 754 3 view .LVU636
 755:./lwip-2.1.2/src/core/ipv4/ip4_frag.c ****   int mf_set;
 1702              		.loc 1 755 3 view .LVU637
 756:./lwip-2.1.2/src/core/ipv4/ip4_frag.c **** 
 1703              		.loc 1 756 3 view .LVU638
 1704              		.loc 1 758 3 view .LVU639
 759:./lwip-2.1.2/src/core/ipv4/ip4_frag.c ****   iphdr = original_iphdr;
 1705              		.loc 1 759 3 view .LVU640
 760:./lwip-2.1.2/src/core/ipv4/ip4_frag.c ****   if (IPH_HL_BYTES(iphdr) != IP_HLEN) {
 1706              		.loc 1 760 3 view .LVU641
 1707              		.loc 1 760 7 is_stmt 0 view .LVU642
 1708 054e 1A46     		mov	r2, r3
 1709 0550 1B78     		ldrb	r3, [r3]	@ zero_extendqisi2
 1710              	.LVL175:
 1711              		.loc 1 760 7 view .LVU643
 1712 0552 03F00F03 		and	r3, r3, #15
 1713              		.loc 1 760 6 view .LVU644
 1714 0556 052B     		cmp	r3, #5
 1715 0558 4FEA8307 		lsl	r7, r3, #2
 1716 055c 40F0C580 		bne	.L206
 761:./lwip-2.1.2/src/core/ipv4/ip4_frag.c ****     /* ip4_frag() does not support IP options */
 762:./lwip-2.1.2/src/core/ipv4/ip4_frag.c ****     return ERR_VAL;
 763:./lwip-2.1.2/src/core/ipv4/ip4_frag.c ****   }
 764:./lwip-2.1.2/src/core/ipv4/ip4_frag.c ****   LWIP_ERROR("ip4_frag(): pbuf too short", p->len >= IP_HLEN, return ERR_VAL);
 1717              		.loc 1 764 3 is_stmt 1 view .LVU645
 1718              		.loc 1 764 3 view .LVU646
 1719 0560 4389     		ldrh	r3, [r0, #10]
 1720 0562 132B     		cmp	r3, #19
 1721 0564 40F2C180 		bls	.L206
 1722              		.loc 1 764 3 discriminator 2 view .LVU647
 765:./lwip-2.1.2/src/core/ipv4/ip4_frag.c **** 
 766:./lwip-2.1.2/src/core/ipv4/ip4_frag.c ****   /* Save original offset */
 767:./lwip-2.1.2/src/core/ipv4/ip4_frag.c ****   tmp = lwip_ntohs(IPH_OFFSET(iphdr));
 1723              		.loc 1 767 3 view .LVU648
 1724              		.loc 1 767 9 is_stmt 0 view .LVU649
 1725 0568 D088     		ldrh	r0, [r2, #6]	@ unaligned
 1726              	.LVL176:
 1727              		.loc 1 767 9 view .LVU650
 1728 056a FFF7FEFF 		bl	lwip_htons
 1729              	.LVL177:
 768:./lwip-2.1.2/src/core/ipv4/ip4_frag.c ****   ofo = tmp & IP_OFFMASK;
 1730              		.loc 1 768 3 is_stmt 1 view .LVU651
 769:./lwip-2.1.2/src/core/ipv4/ip4_frag.c ****   /* already fragmented? if so, the last fragment we create must have MF, too */
 770:./lwip-2.1.2/src/core/ipv4/ip4_frag.c ****   mf_set = tmp & IP_MF;
 771:./lwip-2.1.2/src/core/ipv4/ip4_frag.c **** 
 772:./lwip-2.1.2/src/core/ipv4/ip4_frag.c ****   left = (u16_t)(p->tot_len - IP_HLEN);
 1731              		.loc 1 772 8 is_stmt 0 view .LVU652
 1732 056e 2B89     		ldrh	r3, [r5, #8]
 768:./lwip-2.1.2/src/core/ipv4/ip4_frag.c ****   ofo = tmp & IP_OFFMASK;
 1733              		.loc 1 768 7 view .LVU653
 1734 0570 C0F30C0C 		ubfx	ip, r0, #0, #13
 1735              	.LVL178:
 770:./lwip-2.1.2/src/core/ipv4/ip4_frag.c **** 
 1736              		.loc 1 770 3 is_stmt 1 view .LVU654
 1737 0574 00F4005E 		and	lr, r0, #8192
 1738              	.LVL179:
 1739              		.loc 1 772 3 view .LVU655
 1740              		.loc 1 772 8 is_stmt 0 view .LVU656
 1741 0578 143B     		subs	r3, r3, #20
 1742 057a 9BB2     		uxth	r3, r3
 1743              	.LVL180:
 773:./lwip-2.1.2/src/core/ipv4/ip4_frag.c **** 
 774:./lwip-2.1.2/src/core/ipv4/ip4_frag.c ****   while (left) {
 1744              		.loc 1 774 3 is_stmt 1 view .LVU657
 1745              		.loc 1 774 10 view .LVU658
 772:./lwip-2.1.2/src/core/ipv4/ip4_frag.c **** 
 1746              		.loc 1 772 8 is_stmt 0 view .LVU659
 1747 057c 0593     		str	r3, [sp, #20]
 1748              		.loc 1 774 10 view .LVU660
 1749 057e 002B     		cmp	r3, #0
 1750 0580 00F0AE80 		beq	.L204
 775:./lwip-2.1.2/src/core/ipv4/ip4_frag.c ****     /* Fill this fragment */
 776:./lwip-2.1.2/src/core/ipv4/ip4_frag.c ****     fragsize = LWIP_MIN(left, (u16_t)(nfb * 8));
 1751              		.loc 1 776 16 view .LVU661
 1752 0584 089B     		ldr	r3, [sp, #32]
 1753              	.LVL181:
 745:./lwip-2.1.2/src/core/ipv4/ip4_frag.c ****   u16_t left_to_copy;
 1754              		.loc 1 745 9 view .LVU662
 1755 0586 0024     		movs	r4, #0
 1756              	.LBB66:
 777:./lwip-2.1.2/src/core/ipv4/ip4_frag.c **** 
 778:./lwip-2.1.2/src/core/ipv4/ip4_frag.c **** #if LWIP_NETIF_TX_SINGLE_PBUF
 779:./lwip-2.1.2/src/core/ipv4/ip4_frag.c ****     rambuf = pbuf_alloc(PBUF_IP, fragsize, PBUF_RAM);
 780:./lwip-2.1.2/src/core/ipv4/ip4_frag.c ****     if (rambuf == NULL) {
 781:./lwip-2.1.2/src/core/ipv4/ip4_frag.c ****       goto memerr;
 782:./lwip-2.1.2/src/core/ipv4/ip4_frag.c ****     }
 783:./lwip-2.1.2/src/core/ipv4/ip4_frag.c ****     LWIP_ASSERT("this needs a pbuf in one piece!",
 784:./lwip-2.1.2/src/core/ipv4/ip4_frag.c ****                 (rambuf->len == rambuf->tot_len) && (rambuf->next == NULL));
 785:./lwip-2.1.2/src/core/ipv4/ip4_frag.c ****     poff += pbuf_copy_partial(p, rambuf->payload, fragsize, poff);
 786:./lwip-2.1.2/src/core/ipv4/ip4_frag.c ****     /* make room for the IP header */
 787:./lwip-2.1.2/src/core/ipv4/ip4_frag.c ****     if (pbuf_add_header(rambuf, IP_HLEN)) {
 788:./lwip-2.1.2/src/core/ipv4/ip4_frag.c ****       pbuf_free(rambuf);
 789:./lwip-2.1.2/src/core/ipv4/ip4_frag.c ****       goto memerr;
 790:./lwip-2.1.2/src/core/ipv4/ip4_frag.c ****     }
 791:./lwip-2.1.2/src/core/ipv4/ip4_frag.c ****     /* fill in the IP header */
 792:./lwip-2.1.2/src/core/ipv4/ip4_frag.c ****     SMEMCPY(rambuf->payload, original_iphdr, IP_HLEN);
 793:./lwip-2.1.2/src/core/ipv4/ip4_frag.c ****     iphdr = (struct ip_hdr *)rambuf->payload;
 794:./lwip-2.1.2/src/core/ipv4/ip4_frag.c **** #else /* LWIP_NETIF_TX_SINGLE_PBUF */
 795:./lwip-2.1.2/src/core/ipv4/ip4_frag.c ****     /* When not using a static buffer, create a chain of pbufs.
 796:./lwip-2.1.2/src/core/ipv4/ip4_frag.c ****      * The first will be a PBUF_RAM holding the link and IP header.
 797:./lwip-2.1.2/src/core/ipv4/ip4_frag.c ****      * The rest will be PBUF_REFs mirroring the pbuf chain to be fragged,
 798:./lwip-2.1.2/src/core/ipv4/ip4_frag.c ****      * but limited to the size of an mtu.
 799:./lwip-2.1.2/src/core/ipv4/ip4_frag.c ****      */
 800:./lwip-2.1.2/src/core/ipv4/ip4_frag.c ****     rambuf = pbuf_alloc(PBUF_LINK, IP_HLEN, PBUF_RAM);
 801:./lwip-2.1.2/src/core/ipv4/ip4_frag.c ****     if (rambuf == NULL) {
 802:./lwip-2.1.2/src/core/ipv4/ip4_frag.c ****       goto memerr;
 803:./lwip-2.1.2/src/core/ipv4/ip4_frag.c ****     }
 804:./lwip-2.1.2/src/core/ipv4/ip4_frag.c ****     LWIP_ASSERT("this needs a pbuf in one piece!",
 805:./lwip-2.1.2/src/core/ipv4/ip4_frag.c ****                 (rambuf->len >= (IP_HLEN)));
 806:./lwip-2.1.2/src/core/ipv4/ip4_frag.c ****     SMEMCPY(rambuf->payload, original_iphdr, IP_HLEN);
 807:./lwip-2.1.2/src/core/ipv4/ip4_frag.c ****     iphdr = (struct ip_hdr *)rambuf->payload;
 808:./lwip-2.1.2/src/core/ipv4/ip4_frag.c **** 
 809:./lwip-2.1.2/src/core/ipv4/ip4_frag.c ****     left_to_copy = fragsize;
 810:./lwip-2.1.2/src/core/ipv4/ip4_frag.c ****     while (left_to_copy) {
 811:./lwip-2.1.2/src/core/ipv4/ip4_frag.c ****       struct pbuf_custom_ref *pcr;
 812:./lwip-2.1.2/src/core/ipv4/ip4_frag.c ****       u16_t plen = (u16_t)(p->len - poff);
 813:./lwip-2.1.2/src/core/ipv4/ip4_frag.c ****       LWIP_ASSERT("p->len >= poff", p->len >= poff);
 814:./lwip-2.1.2/src/core/ipv4/ip4_frag.c ****       newpbuflen = LWIP_MIN(left_to_copy, plen);
 815:./lwip-2.1.2/src/core/ipv4/ip4_frag.c ****       /* Is this pbuf already empty? */
 816:./lwip-2.1.2/src/core/ipv4/ip4_frag.c ****       if (!newpbuflen) {
 817:./lwip-2.1.2/src/core/ipv4/ip4_frag.c ****         poff = 0;
 818:./lwip-2.1.2/src/core/ipv4/ip4_frag.c ****         p = p->next;
 819:./lwip-2.1.2/src/core/ipv4/ip4_frag.c ****         continue;
 820:./lwip-2.1.2/src/core/ipv4/ip4_frag.c ****       }
 821:./lwip-2.1.2/src/core/ipv4/ip4_frag.c ****       pcr = ip_frag_alloc_pbuf_custom_ref();
 822:./lwip-2.1.2/src/core/ipv4/ip4_frag.c ****       if (pcr == NULL) {
 823:./lwip-2.1.2/src/core/ipv4/ip4_frag.c ****         pbuf_free(rambuf);
 824:./lwip-2.1.2/src/core/ipv4/ip4_frag.c ****         goto memerr;
 825:./lwip-2.1.2/src/core/ipv4/ip4_frag.c ****       }
 826:./lwip-2.1.2/src/core/ipv4/ip4_frag.c ****       /* Mirror this pbuf, although we might not need all of it. */
 827:./lwip-2.1.2/src/core/ipv4/ip4_frag.c ****       newpbuf = pbuf_alloced_custom(PBUF_RAW, newpbuflen, PBUF_REF, &pcr->pc,
 828:./lwip-2.1.2/src/core/ipv4/ip4_frag.c ****                                     (u8_t *)p->payload + poff, newpbuflen);
 829:./lwip-2.1.2/src/core/ipv4/ip4_frag.c ****       if (newpbuf == NULL) {
 830:./lwip-2.1.2/src/core/ipv4/ip4_frag.c ****         ip_frag_free_pbuf_custom_ref(pcr);
 831:./lwip-2.1.2/src/core/ipv4/ip4_frag.c ****         pbuf_free(rambuf);
 832:./lwip-2.1.2/src/core/ipv4/ip4_frag.c ****         goto memerr;
 833:./lwip-2.1.2/src/core/ipv4/ip4_frag.c ****       }
 834:./lwip-2.1.2/src/core/ipv4/ip4_frag.c ****       pbuf_ref(p);
 835:./lwip-2.1.2/src/core/ipv4/ip4_frag.c ****       pcr->original = p;
 836:./lwip-2.1.2/src/core/ipv4/ip4_frag.c ****       pcr->pc.custom_free_function = ipfrag_free_pbuf_custom;
 1757              		.loc 1 836 36 view .LVU663
 1758 0588 DFF864A1 		ldr	r10, .L211
 1759              	.LBE66:
 776:./lwip-2.1.2/src/core/ipv4/ip4_frag.c **** 
 1760              		.loc 1 776 16 view .LVU664
 1761 058c DB00     		lsls	r3, r3, #3
 1762              	.LBB77:
 1763              		.loc 1 836 36 view .LVU665
 1764 058e CDF834E0 		str	lr, [sp, #52]
 1765 0592 CDF81CC0 		str	ip, [sp, #28]
 1766              	.LBE77:
 776:./lwip-2.1.2/src/core/ipv4/ip4_frag.c **** 
 1767              		.loc 1 776 16 view .LVU666
 1768 0596 9BB2     		uxth	r3, r3
 1769 0598 0993     		str	r3, [sp, #36]
 1770              	.LVL182:
 1771              	.L203:
 776:./lwip-2.1.2/src/core/ipv4/ip4_frag.c **** 
 1772              		.loc 1 776 5 is_stmt 1 view .LVU667
 776:./lwip-2.1.2/src/core/ipv4/ip4_frag.c **** 
 1773              		.loc 1 776 14 is_stmt 0 view .LVU668
 1774 059a 099B     		ldr	r3, [sp, #36]
 800:./lwip-2.1.2/src/core/ipv4/ip4_frag.c ****     if (rambuf == NULL) {
 1775              		.loc 1 800 14 view .LVU669
 1776 059c 4FF42072 		mov	r2, #640
 776:./lwip-2.1.2/src/core/ipv4/ip4_frag.c **** 
 1777              		.loc 1 776 14 view .LVU670
 1778 05a0 059E     		ldr	r6, [sp, #20]
 800:./lwip-2.1.2/src/core/ipv4/ip4_frag.c ****     if (rambuf == NULL) {
 1779              		.loc 1 800 14 view .LVU671
 1780 05a2 1421     		movs	r1, #20
 1781 05a4 0E20     		movs	r0, #14
 776:./lwip-2.1.2/src/core/ipv4/ip4_frag.c **** 
 1782              		.loc 1 776 14 view .LVU672
 1783 05a6 B342     		cmp	r3, r6
 1784 05a8 28BF     		it	cs
 1785 05aa 3346     		movcs	r3, r6
 1786 05ac 0693     		str	r3, [sp, #24]
 1787              	.LVL183:
 800:./lwip-2.1.2/src/core/ipv4/ip4_frag.c ****     if (rambuf == NULL) {
 1788              		.loc 1 800 5 is_stmt 1 view .LVU673
 800:./lwip-2.1.2/src/core/ipv4/ip4_frag.c ****     if (rambuf == NULL) {
 1789              		.loc 1 800 14 is_stmt 0 view .LVU674
 1790 05ae FFF7FEFF 		bl	pbuf_alloc
 1791              	.LVL184:
 801:./lwip-2.1.2/src/core/ipv4/ip4_frag.c ****       goto memerr;
 1792              		.loc 1 801 5 is_stmt 1 view .LVU675
 801:./lwip-2.1.2/src/core/ipv4/ip4_frag.c ****       goto memerr;
 1793              		.loc 1 801 8 is_stmt 0 view .LVU676
 1794 05b2 8346     		mov	fp, r0
 1795 05b4 0028     		cmp	r0, #0
 1796 05b6 49D0     		beq	.L198
 805:./lwip-2.1.2/src/core/ipv4/ip4_frag.c ****     SMEMCPY(rambuf->payload, original_iphdr, IP_HLEN);
 1797              		.loc 1 805 44 is_stmt 1 view .LVU677
 806:./lwip-2.1.2/src/core/ipv4/ip4_frag.c ****     iphdr = (struct ip_hdr *)rambuf->payload;
 1798              		.loc 1 806 5 view .LVU678
 1799 05b8 0499     		ldr	r1, [sp, #16]
 1800 05ba 4368     		ldr	r3, [r0, #4]
 1801 05bc 0A68     		ldr	r2, [r1]	@ unaligned
 1802 05be 4E68     		ldr	r6, [r1, #4]	@ unaligned
 1803 05c0 8868     		ldr	r0, [r1, #8]	@ unaligned
 1804              	.LVL185:
 806:./lwip-2.1.2/src/core/ipv4/ip4_frag.c ****     iphdr = (struct ip_hdr *)rambuf->payload;
 1805              		.loc 1 806 5 is_stmt 0 view .LVU679
 1806 05c2 C968     		ldr	r1, [r1, #12]	@ unaligned
 1807 05c4 5E60     		str	r6, [r3, #4]	@ unaligned
 1808 05c6 D960     		str	r1, [r3, #12]	@ unaligned
 1809 05c8 0499     		ldr	r1, [sp, #16]
 1810 05ca 1A60     		str	r2, [r3]	@ unaligned
 1811 05cc 9860     		str	r0, [r3, #8]	@ unaligned
 810:./lwip-2.1.2/src/core/ipv4/ip4_frag.c ****       struct pbuf_custom_ref *pcr;
 1812              		.loc 1 810 12 view .LVU680
 1813 05ce 069E     		ldr	r6, [sp, #24]
 806:./lwip-2.1.2/src/core/ipv4/ip4_frag.c ****     iphdr = (struct ip_hdr *)rambuf->payload;
 1814              		.loc 1 806 5 view .LVU681
 1815 05d0 0A69     		ldr	r2, [r1, #16]	@ unaligned
 1816 05d2 1A61     		str	r2, [r3, #16]	@ unaligned
 807:./lwip-2.1.2/src/core/ipv4/ip4_frag.c **** 
 1817              		.loc 1 807 5 is_stmt 1 view .LVU682
 807:./lwip-2.1.2/src/core/ipv4/ip4_frag.c **** 
 1818              		.loc 1 807 11 is_stmt 0 view .LVU683
 1819 05d4 DBF80490 		ldr	r9, [fp, #4]
 1820              	.LVL186:
 809:./lwip-2.1.2/src/core/ipv4/ip4_frag.c ****     while (left_to_copy) {
 1821              		.loc 1 809 5 is_stmt 1 view .LVU684
 810:./lwip-2.1.2/src/core/ipv4/ip4_frag.c ****       struct pbuf_custom_ref *pcr;
 1822              		.loc 1 810 5 view .LVU685
 810:./lwip-2.1.2/src/core/ipv4/ip4_frag.c ****       struct pbuf_custom_ref *pcr;
 1823              		.loc 1 810 12 view .LVU686
 1824 05d8 002E     		cmp	r6, #0
 1825 05da 00F08380 		beq	.L194
 809:./lwip-2.1.2/src/core/ipv4/ip4_frag.c ****     while (left_to_copy) {
 1826              		.loc 1 809 18 is_stmt 0 view .LVU687
 1827 05de CDF82890 		str	r9, [sp, #40]
 1828 05e2 0396     		str	r6, [sp, #12]
 1829 05e4 1CE0     		b	.L202
 1830              	.LVL187:
 1831              	.L197:
 1832              	.LBB78:
 827:./lwip-2.1.2/src/core/ipv4/ip4_frag.c ****                                     (u8_t *)p->payload + poff, newpbuflen);
 1833              		.loc 1 827 17 view .LVU688
 1834 05e6 0194     		str	r4, [sp, #4]
 1835 05e8 4346     		mov	r3, r8
 1836 05ea 6E68     		ldr	r6, [r5, #4]
 1837 05ec 06EB070C 		add	ip, r6, r7
 1838 05f0 CDF800C0 		str	ip, [sp]
 1839 05f4 FFF7FEFF 		bl	pbuf_alloced_custom
 1840              	.LVL188:
 834:./lwip-2.1.2/src/core/ipv4/ip4_frag.c ****       pcr->original = p;
 1841              		.loc 1 834 7 is_stmt 1 view .LVU689
 827:./lwip-2.1.2/src/core/ipv4/ip4_frag.c ****                                     (u8_t *)p->payload + poff, newpbuflen);
 1842              		.loc 1 827 17 is_stmt 0 view .LVU690
 1843 05f8 8146     		mov	r9, r0
 1844              	.LVL189:
 829:./lwip-2.1.2/src/core/ipv4/ip4_frag.c ****         ip_frag_free_pbuf_custom_ref(pcr);
 1845              		.loc 1 829 7 is_stmt 1 view .LVU691
 834:./lwip-2.1.2/src/core/ipv4/ip4_frag.c ****       pcr->original = p;
 1846              		.loc 1 834 7 is_stmt 0 view .LVU692
 1847 05fa 2846     		mov	r0, r5
 1848              	.LVL190:
 829:./lwip-2.1.2/src/core/ipv4/ip4_frag.c ****         ip_frag_free_pbuf_custom_ref(pcr);
 1849              		.loc 1 829 10 view .LVU693
 1850 05fc B9F1000F 		cmp	r9, #0
 1851 0600 29D0     		beq	.L209
 1852              	.LVL191:
 834:./lwip-2.1.2/src/core/ipv4/ip4_frag.c ****       pcr->original = p;
 1853              		.loc 1 834 7 view .LVU694
 1854 0602 FFF7FEFF 		bl	pbuf_ref
 1855              	.LVL192:
 835:./lwip-2.1.2/src/core/ipv4/ip4_frag.c ****       pcr->pc.custom_free_function = ipfrag_free_pbuf_custom;
 1856              		.loc 1 835 7 is_stmt 1 view .LVU695
 837:./lwip-2.1.2/src/core/ipv4/ip4_frag.c **** 
 838:./lwip-2.1.2/src/core/ipv4/ip4_frag.c ****       /* Add it to end of rambuf's chain, but using pbuf_cat, not pbuf_chain
 839:./lwip-2.1.2/src/core/ipv4/ip4_frag.c ****        * so that it is removed when pbuf_dechain is later called on rambuf.
 840:./lwip-2.1.2/src/core/ipv4/ip4_frag.c ****        */
 841:./lwip-2.1.2/src/core/ipv4/ip4_frag.c ****       pbuf_cat(rambuf, newpbuf);
 1857              		.loc 1 841 7 is_stmt 0 view .LVU696
 1858 0606 4946     		mov	r1, r9
 1859 0608 5846     		mov	r0, fp
 836:./lwip-2.1.2/src/core/ipv4/ip4_frag.c **** 
 1860              		.loc 1 836 36 view .LVU697
 1861 060a C8E904A5 		strd	r10, r5, [r8, #16]
 1862              		.loc 1 841 7 is_stmt 1 view .LVU698
 1863 060e FFF7FEFF 		bl	pbuf_cat
 1864              	.LVL193:
 842:./lwip-2.1.2/src/core/ipv4/ip4_frag.c ****       left_to_copy = (u16_t)(left_to_copy - newpbuflen);
 1865              		.loc 1 842 7 view .LVU699
 843:./lwip-2.1.2/src/core/ipv4/ip4_frag.c ****       if (left_to_copy) {
 844:./lwip-2.1.2/src/core/ipv4/ip4_frag.c ****         poff = 0;
 1866              		.loc 1 844 9 view .LVU700
 845:./lwip-2.1.2/src/core/ipv4/ip4_frag.c ****         p = p->next;
 1867              		.loc 1 845 9 view .LVU701
 842:./lwip-2.1.2/src/core/ipv4/ip4_frag.c ****       left_to_copy = (u16_t)(left_to_copy - newpbuflen);
 1868              		.loc 1 842 20 is_stmt 0 view .LVU702
 1869 0612 039B     		ldr	r3, [sp, #12]
 1870 0614 1E1B     		subs	r6, r3, r4
 1871 0616 B3B2     		uxth	r3, r6
 1872 0618 0393     		str	r3, [sp, #12]
 1873              	.LVL194:
 843:./lwip-2.1.2/src/core/ipv4/ip4_frag.c ****       if (left_to_copy) {
 1874              		.loc 1 843 7 is_stmt 1 view .LVU703
 843:./lwip-2.1.2/src/core/ipv4/ip4_frag.c ****       if (left_to_copy) {
 1875              		.loc 1 843 10 is_stmt 0 view .LVU704
 1876 061a 23B3     		cbz	r3, .L210
 1877              	.LVL195:
 1878              	.L200:
 1879              		.loc 1 845 11 view .LVU705
 1880 061c 2D68     		ldr	r5, [r5]
 1881              	.LVL196:
 1882              		.loc 1 845 11 view .LVU706
 1883              	.LBE78:
 810:./lwip-2.1.2/src/core/ipv4/ip4_frag.c ****       struct pbuf_custom_ref *pcr;
 1884              		.loc 1 810 12 is_stmt 1 view .LVU707
 745:./lwip-2.1.2/src/core/ipv4/ip4_frag.c ****   u16_t left_to_copy;
 1885              		.loc 1 745 9 is_stmt 0 view .LVU708
 1886 061e 0027     		movs	r7, #0
 1887              	.LVL197:
 1888              	.L202:
 1889              	.LBB79:
 811:./lwip-2.1.2/src/core/ipv4/ip4_frag.c ****       u16_t plen = (u16_t)(p->len - poff);
 1890              		.loc 1 811 7 is_stmt 1 view .LVU709
 812:./lwip-2.1.2/src/core/ipv4/ip4_frag.c ****       LWIP_ASSERT("p->len >= poff", p->len >= poff);
 1891              		.loc 1 812 7 view .LVU710
 813:./lwip-2.1.2/src/core/ipv4/ip4_frag.c ****       newpbuflen = LWIP_MIN(left_to_copy, plen);
 1892              		.loc 1 813 52 view .LVU711
 814:./lwip-2.1.2/src/core/ipv4/ip4_frag.c ****       /* Is this pbuf already empty? */
 1893              		.loc 1 814 7 view .LVU712
 817:./lwip-2.1.2/src/core/ipv4/ip4_frag.c ****         p = p->next;
 1894              		.loc 1 817 9 view .LVU713
 818:./lwip-2.1.2/src/core/ipv4/ip4_frag.c ****         continue;
 1895              		.loc 1 818 9 view .LVU714
 821:./lwip-2.1.2/src/core/ipv4/ip4_frag.c ****       if (pcr == NULL) {
 1896              		.loc 1 821 7 view .LVU715
 1897              	.LBB67:
 1898              	.LBI67:
 699:./lwip-2.1.2/src/core/ipv4/ip4_frag.c **** {
 1899              		.loc 1 699 1 view .LVU716
 1900              	.LBB68:
 701:./lwip-2.1.2/src/core/ipv4/ip4_frag.c **** }
 1901              		.loc 1 701 3 view .LVU717
 1902              	.LBE68:
 1903              	.LBE67:
 812:./lwip-2.1.2/src/core/ipv4/ip4_frag.c ****       LWIP_ASSERT("p->len >= poff", p->len >= poff);
 1904              		.loc 1 812 13 is_stmt 0 view .LVU718
 1905 0620 6C89     		ldrh	r4, [r5, #10]
 1906              	.LBB72:
 1907              	.LBB69:
 701:./lwip-2.1.2/src/core/ipv4/ip4_frag.c **** }
 1908              		.loc 1 701 36 view .LVU719
 1909 0622 0520     		movs	r0, #5
 1910              	.LBE69:
 1911              	.LBE72:
 814:./lwip-2.1.2/src/core/ipv4/ip4_frag.c ****       /* Is this pbuf already empty? */
 1912              		.loc 1 814 18 view .LVU720
 1913 0624 039B     		ldr	r3, [sp, #12]
 812:./lwip-2.1.2/src/core/ipv4/ip4_frag.c ****       LWIP_ASSERT("p->len >= poff", p->len >= poff);
 1914              		.loc 1 812 13 view .LVU721
 1915 0626 E41B     		subs	r4, r4, r7
 814:./lwip-2.1.2/src/core/ipv4/ip4_frag.c ****       /* Is this pbuf already empty? */
 1916              		.loc 1 814 18 view .LVU722
 1917 0628 A4B2     		uxth	r4, r4
 1918              	.LVL198:
 814:./lwip-2.1.2/src/core/ipv4/ip4_frag.c ****       /* Is this pbuf already empty? */
 1919              		.loc 1 814 18 view .LVU723
 1920 062a 9C42     		cmp	r4, r3
 1921 062c 28BF     		it	cs
 1922 062e 1C46     		movcs	r4, r3
 1923              	.LVL199:
 816:./lwip-2.1.2/src/core/ipv4/ip4_frag.c ****         poff = 0;
 1924              		.loc 1 816 7 is_stmt 1 view .LVU724
 816:./lwip-2.1.2/src/core/ipv4/ip4_frag.c ****         poff = 0;
 1925              		.loc 1 816 10 is_stmt 0 view .LVU725
 1926 0630 002C     		cmp	r4, #0
 1927 0632 F3D0     		beq	.L200
 1928              	.LBB73:
 1929              	.LBB70:
 701:./lwip-2.1.2/src/core/ipv4/ip4_frag.c **** }
 1930              		.loc 1 701 36 view .LVU726
 1931 0634 FFF7FEFF 		bl	memp_malloc
 1932              	.LVL200:
 701:./lwip-2.1.2/src/core/ipv4/ip4_frag.c **** }
 1933              		.loc 1 701 36 view .LVU727
 1934              	.LBE70:
 1935              	.LBE73:
 827:./lwip-2.1.2/src/core/ipv4/ip4_frag.c ****                                     (u8_t *)p->payload + poff, newpbuflen);
 1936              		.loc 1 827 7 is_stmt 1 view .LVU728
 1937              	.LBB74:
 1938              	.LBB71:
 701:./lwip-2.1.2/src/core/ipv4/ip4_frag.c **** }
 1939              		.loc 1 701 36 is_stmt 0 view .LVU729
 1940 0638 8046     		mov	r8, r0
 1941              	.LVL201:
 701:./lwip-2.1.2/src/core/ipv4/ip4_frag.c **** }
 1942              		.loc 1 701 36 view .LVU730
 1943              	.LBE71:
 1944              	.LBE74:
 822:./lwip-2.1.2/src/core/ipv4/ip4_frag.c ****         pbuf_free(rambuf);
 1945              		.loc 1 822 7 is_stmt 1 view .LVU731
 827:./lwip-2.1.2/src/core/ipv4/ip4_frag.c ****                                     (u8_t *)p->payload + poff, newpbuflen);
 1946              		.loc 1 827 17 is_stmt 0 view .LVU732
 1947 063a 4122     		movs	r2, #65
 1948 063c 2146     		mov	r1, r4
 1949 063e 0020     		movs	r0, #0
 1950              	.LVL202:
 822:./lwip-2.1.2/src/core/ipv4/ip4_frag.c ****         pbuf_free(rambuf);
 1951              		.loc 1 822 10 view .LVU733
 1952 0640 B8F1000F 		cmp	r8, #0
 1953 0644 CFD1     		bne	.L197
 823:./lwip-2.1.2/src/core/ipv4/ip4_frag.c ****         goto memerr;
 1954              		.loc 1 823 9 is_stmt 1 view .LVU734
 1955 0646 5846     		mov	r0, fp
 1956 0648 FFF7FEFF 		bl	pbuf_free
 1957              	.LVL203:
 824:./lwip-2.1.2/src/core/ipv4/ip4_frag.c ****       }
 1958              		.loc 1 824 9 view .LVU735
 1959              	.L198:
 824:./lwip-2.1.2/src/core/ipv4/ip4_frag.c ****       }
 1960              		.loc 1 824 9 is_stmt 0 view .LVU736
 1961              	.LBE79:
 846:./lwip-2.1.2/src/core/ipv4/ip4_frag.c ****       }
 847:./lwip-2.1.2/src/core/ipv4/ip4_frag.c ****     }
 848:./lwip-2.1.2/src/core/ipv4/ip4_frag.c ****     poff = (u16_t)(poff + newpbuflen);
 849:./lwip-2.1.2/src/core/ipv4/ip4_frag.c **** #endif /* LWIP_NETIF_TX_SINGLE_PBUF */
 850:./lwip-2.1.2/src/core/ipv4/ip4_frag.c **** 
 851:./lwip-2.1.2/src/core/ipv4/ip4_frag.c ****     /* Correct header */
 852:./lwip-2.1.2/src/core/ipv4/ip4_frag.c ****     last = (left <= netif->mtu - IP_HLEN);
 853:./lwip-2.1.2/src/core/ipv4/ip4_frag.c **** 
 854:./lwip-2.1.2/src/core/ipv4/ip4_frag.c ****     /* Set new offset and MF flag */
 855:./lwip-2.1.2/src/core/ipv4/ip4_frag.c ****     tmp = (IP_OFFMASK & (ofo));
 856:./lwip-2.1.2/src/core/ipv4/ip4_frag.c ****     if (!last || mf_set) {
 857:./lwip-2.1.2/src/core/ipv4/ip4_frag.c ****       /* the last fragment has MF set if the input frame had it */
 858:./lwip-2.1.2/src/core/ipv4/ip4_frag.c ****       tmp = tmp | IP_MF;
 859:./lwip-2.1.2/src/core/ipv4/ip4_frag.c ****     }
 860:./lwip-2.1.2/src/core/ipv4/ip4_frag.c ****     IPH_OFFSET_SET(iphdr, lwip_htons(tmp));
 861:./lwip-2.1.2/src/core/ipv4/ip4_frag.c ****     IPH_LEN_SET(iphdr, lwip_htons((u16_t)(fragsize + IP_HLEN)));
 862:./lwip-2.1.2/src/core/ipv4/ip4_frag.c ****     IPH_CHKSUM_SET(iphdr, 0);
 863:./lwip-2.1.2/src/core/ipv4/ip4_frag.c **** #if CHECKSUM_GEN_IP
 864:./lwip-2.1.2/src/core/ipv4/ip4_frag.c ****     IF__NETIF_CHECKSUM_ENABLED(netif, NETIF_CHECKSUM_GEN_IP) {
 865:./lwip-2.1.2/src/core/ipv4/ip4_frag.c ****       IPH_CHKSUM_SET(iphdr, inet_chksum(iphdr, IP_HLEN));
 866:./lwip-2.1.2/src/core/ipv4/ip4_frag.c ****     }
 867:./lwip-2.1.2/src/core/ipv4/ip4_frag.c **** #endif /* CHECKSUM_GEN_IP */
 868:./lwip-2.1.2/src/core/ipv4/ip4_frag.c **** 
 869:./lwip-2.1.2/src/core/ipv4/ip4_frag.c ****     /* No need for separate header pbuf - we allowed room for it in rambuf
 870:./lwip-2.1.2/src/core/ipv4/ip4_frag.c ****      * when allocated.
 871:./lwip-2.1.2/src/core/ipv4/ip4_frag.c ****      */
 872:./lwip-2.1.2/src/core/ipv4/ip4_frag.c ****     netif->output(netif, rambuf, dest);
 873:./lwip-2.1.2/src/core/ipv4/ip4_frag.c ****     IPFRAG_STATS_INC(ip_frag.xmit);
 874:./lwip-2.1.2/src/core/ipv4/ip4_frag.c **** 
 875:./lwip-2.1.2/src/core/ipv4/ip4_frag.c ****     /* Unfortunately we can't reuse rambuf - the hardware may still be
 876:./lwip-2.1.2/src/core/ipv4/ip4_frag.c ****      * using the buffer. Instead we free it (and the ensuing chain) and
 877:./lwip-2.1.2/src/core/ipv4/ip4_frag.c ****      * recreate it next time round the loop. If we're lucky the hardware
 878:./lwip-2.1.2/src/core/ipv4/ip4_frag.c ****      * will have already sent the packet, the free will really free, and
 879:./lwip-2.1.2/src/core/ipv4/ip4_frag.c ****      * there will be zero memory penalty.
 880:./lwip-2.1.2/src/core/ipv4/ip4_frag.c ****      */
 881:./lwip-2.1.2/src/core/ipv4/ip4_frag.c **** 
 882:./lwip-2.1.2/src/core/ipv4/ip4_frag.c ****     pbuf_free(rambuf);
 883:./lwip-2.1.2/src/core/ipv4/ip4_frag.c ****     left = (u16_t)(left - fragsize);
 884:./lwip-2.1.2/src/core/ipv4/ip4_frag.c ****     ofo = (u16_t)(ofo + nfb);
 885:./lwip-2.1.2/src/core/ipv4/ip4_frag.c ****   }
 886:./lwip-2.1.2/src/core/ipv4/ip4_frag.c ****   MIB2_STATS_INC(mib2.ipfragoks);
 887:./lwip-2.1.2/src/core/ipv4/ip4_frag.c ****   return ERR_OK;
 888:./lwip-2.1.2/src/core/ipv4/ip4_frag.c **** memerr:
 889:./lwip-2.1.2/src/core/ipv4/ip4_frag.c ****   MIB2_STATS_INC(mib2.ipfragfails);
 890:./lwip-2.1.2/src/core/ipv4/ip4_frag.c ****   return ERR_MEM;
 1962              		.loc 1 890 10 view .LVU737
 1963 064c 4FF0FF30 		mov	r0, #-1
 1964              	.LVL204:
 1965              	.L191:
 891:./lwip-2.1.2/src/core/ipv4/ip4_frag.c **** }
 1966              		.loc 1 891 1 view .LVU738
 1967 0650 0FB0     		add	sp, sp, #60
 1968              	.LCFI11:
 1969              		.cfi_remember_state
 1970              		.cfi_def_cfa_offset 36
 1971              		@ sp needed
 1972 0652 BDE8F08F 		pop	{r4, r5, r6, r7, r8, r9, r10, fp, pc}
 1973              	.LVL205:
 1974              	.L209:
 1975              	.LCFI12:
 1976              		.cfi_restore_state
 1977              	.LBB80:
 830:./lwip-2.1.2/src/core/ipv4/ip4_frag.c ****         pbuf_free(rambuf);
 1978              		.loc 1 830 9 is_stmt 1 view .LVU739
 1979              	.LBB75:
 1980              	.LBI75:
 706:./lwip-2.1.2/src/core/ipv4/ip4_frag.c **** {
 1981              		.loc 1 706 1 view .LVU740
 1982              	.LBB76:
 708:./lwip-2.1.2/src/core/ipv4/ip4_frag.c ****   memp_free(MEMP_FRAG_PBUF, p);
 1983              		.loc 1 708 38 view .LVU741
 709:./lwip-2.1.2/src/core/ipv4/ip4_frag.c **** }
 1984              		.loc 1 709 3 view .LVU742
 1985 0656 4146     		mov	r1, r8
 1986 0658 0520     		movs	r0, #5
 1987              	.LVL206:
 709:./lwip-2.1.2/src/core/ipv4/ip4_frag.c **** }
 1988              		.loc 1 709 3 is_stmt 0 view .LVU743
 1989 065a FFF7FEFF 		bl	memp_free
 1990              	.LVL207:
 709:./lwip-2.1.2/src/core/ipv4/ip4_frag.c **** }
 1991              		.loc 1 709 3 view .LVU744
 1992              	.LBE76:
 1993              	.LBE75:
 831:./lwip-2.1.2/src/core/ipv4/ip4_frag.c ****         goto memerr;
 1994              		.loc 1 831 9 is_stmt 1 view .LVU745
 1995 065e 5846     		mov	r0, fp
 1996 0660 FFF7FEFF 		bl	pbuf_free
 1997              	.LVL208:
 832:./lwip-2.1.2/src/core/ipv4/ip4_frag.c ****       }
 1998              		.loc 1 832 9 view .LVU746
 1999 0664 F2E7     		b	.L198
 2000              	.LVL209:
 2001              	.L210:
 832:./lwip-2.1.2/src/core/ipv4/ip4_frag.c ****       }
 2002              		.loc 1 832 9 is_stmt 0 view .LVU747
 2003              	.LBE80:
 848:./lwip-2.1.2/src/core/ipv4/ip4_frag.c **** #endif /* LWIP_NETIF_TX_SINGLE_PBUF */
 2004              		.loc 1 848 10 view .LVU748
 2005 0666 2744     		add	r7, r7, r4
 2006 0668 DDF82890 		ldr	r9, [sp, #40]
 2007              	.LVL210:
 848:./lwip-2.1.2/src/core/ipv4/ip4_frag.c **** #endif /* LWIP_NETIF_TX_SINGLE_PBUF */
 2008              		.loc 1 848 10 view .LVU749
 2009 066c BFB2     		uxth	r7, r7
 2010              	.LVL211:
 2011              	.L201:
 848:./lwip-2.1.2/src/core/ipv4/ip4_frag.c **** #endif /* LWIP_NETIF_TX_SINGLE_PBUF */
 2012              		.loc 1 848 5 is_stmt 1 view .LVU750
 852:./lwip-2.1.2/src/core/ipv4/ip4_frag.c **** 
 2013              		.loc 1 852 5 view .LVU751
 855:./lwip-2.1.2/src/core/ipv4/ip4_frag.c ****     if (!last || mf_set) {
 2014              		.loc 1 855 5 view .LVU752
 856:./lwip-2.1.2/src/core/ipv4/ip4_frag.c ****       /* the last fragment has MF set if the input frame had it */
 2015              		.loc 1 856 5 view .LVU753
 860:./lwip-2.1.2/src/core/ipv4/ip4_frag.c ****     IPH_LEN_SET(iphdr, lwip_htons((u16_t)(fragsize + IP_HLEN)));
 2016              		.loc 1 860 5 view .LVU754
 852:./lwip-2.1.2/src/core/ipv4/ip4_frag.c **** 
 2017              		.loc 1 852 26 is_stmt 0 view .LVU755
 2018 066e 0B9E     		ldr	r6, [sp, #44]
 856:./lwip-2.1.2/src/core/ipv4/ip4_frag.c ****       /* the last fragment has MF set if the input frame had it */
 2019              		.loc 1 856 15 view .LVU756
 2020 0670 0D9A     		ldr	r2, [sp, #52]
 852:./lwip-2.1.2/src/core/ipv4/ip4_frag.c **** 
 2021              		.loc 1 852 26 view .LVU757
 2022 0672 B38C     		ldrh	r3, [r6, #36]
 2023              	.LVL212:
 856:./lwip-2.1.2/src/core/ipv4/ip4_frag.c ****       /* the last fragment has MF set if the input frame had it */
 2024              		.loc 1 856 15 view .LVU758
 2025 0674 101E     		subs	r0, r2, #0
 855:./lwip-2.1.2/src/core/ipv4/ip4_frag.c ****     if (!last || mf_set) {
 2026              		.loc 1 855 9 view .LVU759
 2027 0676 0799     		ldr	r1, [sp, #28]
 856:./lwip-2.1.2/src/core/ipv4/ip4_frag.c ****       /* the last fragment has MF set if the input frame had it */
 2028              		.loc 1 856 8 view .LVU760
 2029 0678 059A     		ldr	r2, [sp, #20]
 852:./lwip-2.1.2/src/core/ipv4/ip4_frag.c **** 
 2030              		.loc 1 852 18 view .LVU761
 2031 067a A3F11303 		sub	r3, r3, #19
 2032              	.LVL213:
 856:./lwip-2.1.2/src/core/ipv4/ip4_frag.c ****       /* the last fragment has MF set if the input frame had it */
 2033              		.loc 1 856 15 view .LVU762
 2034 067e 18BF     		it	ne
 2035 0680 0120     		movne	r0, #1
 856:./lwip-2.1.2/src/core/ipv4/ip4_frag.c ****       /* the last fragment has MF set if the input frame had it */
 2036              		.loc 1 856 8 view .LVU763
 2037 0682 9342     		cmp	r3, r2
 2038 0684 D8BF     		it	le
 2039 0686 40F00100 		orrle	r0, r0, #1
 855:./lwip-2.1.2/src/core/ipv4/ip4_frag.c ****     if (!last || mf_set) {
 2040              		.loc 1 855 9 view .LVU764
 2041 068a C1F30C03 		ubfx	r3, r1, #0, #13
 2042              	.LVL214:
 860:./lwip-2.1.2/src/core/ipv4/ip4_frag.c ****     IPH_LEN_SET(iphdr, lwip_htons((u16_t)(fragsize + IP_HLEN)));
 2043              		.loc 1 860 5 view .LVU765
 2044 068e 43EA4030 		orr	r0, r3, r0, lsl #13
 2045 0692 FFF7FEFF 		bl	lwip_htons
 2046              	.LVL215:
 860:./lwip-2.1.2/src/core/ipv4/ip4_frag.c ****     IPH_LEN_SET(iphdr, lwip_htons((u16_t)(fragsize + IP_HLEN)));
 2047              		.loc 1 860 5 discriminator 1 view .LVU766
 2048 0696 A9F80600 		strh	r0, [r9, #6]	@ unaligned
 861:./lwip-2.1.2/src/core/ipv4/ip4_frag.c ****     IPH_CHKSUM_SET(iphdr, 0);
 2049              		.loc 1 861 5 is_stmt 1 view .LVU767
 2050 069a 0698     		ldr	r0, [sp, #24]
 2051 069c 1430     		adds	r0, r0, #20
 2052 069e 80B2     		uxth	r0, r0
 2053 06a0 FFF7FEFF 		bl	lwip_htons
 2054              	.LVL216:
 862:./lwip-2.1.2/src/core/ipv4/ip4_frag.c **** #if CHECKSUM_GEN_IP
 2055              		.loc 1 862 5 is_stmt 0 view .LVU768
 2056 06a4 0023     		movs	r3, #0
 872:./lwip-2.1.2/src/core/ipv4/ip4_frag.c ****     IPFRAG_STATS_INC(ip_frag.xmit);
 2057              		.loc 1 872 5 view .LVU769
 2058 06a6 0C9A     		ldr	r2, [sp, #48]
 2059 06a8 5946     		mov	r1, fp
 861:./lwip-2.1.2/src/core/ipv4/ip4_frag.c ****     IPH_CHKSUM_SET(iphdr, 0);
 2060              		.loc 1 861 5 discriminator 1 view .LVU770
 2061 06aa A9F80200 		strh	r0, [r9, #2]	@ unaligned
 862:./lwip-2.1.2/src/core/ipv4/ip4_frag.c **** #if CHECKSUM_GEN_IP
 2062              		.loc 1 862 5 is_stmt 1 view .LVU771
 872:./lwip-2.1.2/src/core/ipv4/ip4_frag.c ****     IPFRAG_STATS_INC(ip_frag.xmit);
 2063              		.loc 1 872 5 is_stmt 0 view .LVU772
 2064 06ae 3046     		mov	r0, r6
 862:./lwip-2.1.2/src/core/ipv4/ip4_frag.c **** #if CHECKSUM_GEN_IP
 2065              		.loc 1 862 5 view .LVU773
 2066 06b0 89F80A30 		strb	r3, [r9, #10]
 2067 06b4 89F80B30 		strb	r3, [r9, #11]
 872:./lwip-2.1.2/src/core/ipv4/ip4_frag.c ****     IPFRAG_STATS_INC(ip_frag.xmit);
 2068              		.loc 1 872 5 is_stmt 1 view .LVU774
 2069 06b8 7369     		ldr	r3, [r6, #20]
 2070 06ba 9847     		blx	r3
 2071              	.LVL217:
 873:./lwip-2.1.2/src/core/ipv4/ip4_frag.c **** 
 2072              		.loc 1 873 35 view .LVU775
 882:./lwip-2.1.2/src/core/ipv4/ip4_frag.c ****     left = (u16_t)(left - fragsize);
 2073              		.loc 1 882 5 view .LVU776
 2074 06bc 5846     		mov	r0, fp
 2075 06be FFF7FEFF 		bl	pbuf_free
 2076              	.LVL218:
 883:./lwip-2.1.2/src/core/ipv4/ip4_frag.c ****     ofo = (u16_t)(ofo + nfb);
 2077              		.loc 1 883 5 view .LVU777
 883:./lwip-2.1.2/src/core/ipv4/ip4_frag.c ****     ofo = (u16_t)(ofo + nfb);
 2078              		.loc 1 883 10 is_stmt 0 view .LVU778
 2079 06c2 DDE90530 		ldrd	r3, r0, [sp, #20]
 2080 06c6 A3EB0009 		sub	r9, r3, r0
 884:./lwip-2.1.2/src/core/ipv4/ip4_frag.c ****   }
 2081              		.loc 1 884 9 view .LVU779
 2082 06ca DDE90713 		ldrd	r1, r3, [sp, #28]
 883:./lwip-2.1.2/src/core/ipv4/ip4_frag.c ****     ofo = (u16_t)(ofo + nfb);
 2083              		.loc 1 883 10 view .LVU780
 2084 06ce 1FFA89F2 		uxth	r2, r9
 884:./lwip-2.1.2/src/core/ipv4/ip4_frag.c ****   }
 2085              		.loc 1 884 9 view .LVU781
 2086 06d2 0B44     		add	r3, r3, r1
 883:./lwip-2.1.2/src/core/ipv4/ip4_frag.c ****     ofo = (u16_t)(ofo + nfb);
 2087              		.loc 1 883 10 view .LVU782
 2088 06d4 0592     		str	r2, [sp, #20]
 2089              	.LVL219:
 884:./lwip-2.1.2/src/core/ipv4/ip4_frag.c ****   }
 2090              		.loc 1 884 5 is_stmt 1 view .LVU783
 884:./lwip-2.1.2/src/core/ipv4/ip4_frag.c ****   }
 2091              		.loc 1 884 9 is_stmt 0 view .LVU784
 2092 06d6 9BB2     		uxth	r3, r3
 2093 06d8 0793     		str	r3, [sp, #28]
 2094              	.LVL220:
 774:./lwip-2.1.2/src/core/ipv4/ip4_frag.c ****     /* Fill this fragment */
 2095              		.loc 1 774 10 is_stmt 1 view .LVU785
 2096 06da 002A     		cmp	r2, #0
 2097 06dc 7FF45DAF 		bne	.L203
 2098              	.LVL221:
 2099              	.L204:
 887:./lwip-2.1.2/src/core/ipv4/ip4_frag.c **** memerr:
 2100              		.loc 1 887 10 is_stmt 0 view .LVU786
 2101 06e0 0020     		movs	r0, #0
 2102 06e2 B5E7     		b	.L191
 2103              	.LVL222:
 2104              	.L194:
 848:./lwip-2.1.2/src/core/ipv4/ip4_frag.c **** #endif /* LWIP_NETIF_TX_SINGLE_PBUF */
 2105              		.loc 1 848 10 view .LVU787
 2106 06e4 2744     		add	r7, r7, r4
 2107              	.LVL223:
 848:./lwip-2.1.2/src/core/ipv4/ip4_frag.c **** #endif /* LWIP_NETIF_TX_SINGLE_PBUF */
 2108              		.loc 1 848 10 view .LVU788
 2109 06e6 BFB2     		uxth	r7, r7
 2110 06e8 C1E7     		b	.L201
 2111              	.LVL224:
 2112              	.L206:
 762:./lwip-2.1.2/src/core/ipv4/ip4_frag.c ****   }
 2113              		.loc 1 762 12 view .LVU789
 2114 06ea 6FF00500 		mvn	r0, #5
 2115              	.LVL225:
 762:./lwip-2.1.2/src/core/ipv4/ip4_frag.c ****   }
 2116              		.loc 1 762 12 view .LVU790
 2117 06ee AFE7     		b	.L191
 2118              	.L212:
 2119              		.align	2
 2120              	.L211:
 2121 06f0 00000000 		.word	ipfrag_free_pbuf_custom
 2122              		.cfi_endproc
 2123              	.LFE36:
 2125              		.bss
 2126              		.align	2
 2127              		.set	.LANCHOR0,. + 0
 2130              	reassdatagrams:
 2131 0000 00000000 		.space	4
 2134              	ip_reass_pbufcount:
 2135 0004 0000     		.space	2
 2136              		.text
 2137              	.Letext0:
 2138              		.file 2 "C:\\ST\\STM32CubeCLT_1.18.0\\GNU-tools-for-STM32\\bin\\../lib/gcc/arm-none-eabi/13.3.1/in
 2139              		.file 3 "C:\\ST\\STM32CubeCLT_1.18.0\\GNU-tools-for-STM32\\bin\\../lib/gcc/arm-none-eabi/13.3.1/..
 2140              		.file 4 "C:\\ST\\STM32CubeCLT_1.18.0\\GNU-tools-for-STM32\\bin\\../lib/gcc/arm-none-eabi/13.3.1/..
 2141              		.file 5 "./lwip-2.1.2/src/include/lwip/arch.h"
 2142              		.file 6 "./lwip-2.1.2/src/include/lwip/err.h"
 2143              		.file 7 "./lwip-2.1.2/src/include/lwip/pbuf.h"
 2144              		.file 8 "./lwip-2.1.2/src/include/lwip/ip4_addr.h"
 2145              		.file 9 "./lwip-2.1.2/src/include/lwip/ip_addr.h"
 2146              		.file 10 "./lwip-2.1.2/src/include/lwip/memp.h"
 2147              		.file 11 "./lwip-2.1.2/src/include/lwip/netif.h"
 2148              		.file 12 "./lwip-2.1.2/src/include/lwip/prot/ip4.h"
 2149              		.file 13 "./lwip-2.1.2/src/include/lwip/ip4_frag.h"
 2150              		.file 14 "./lwip-2.1.2/src/include/lwip/icmp.h"
 2151              		.file 15 "C:\\ST\\STM32CubeCLT_1.18.0\\GNU-tools-for-STM32\\bin\\../lib/gcc/arm-none-eabi/13.3.1/.
 2152              		.file 16 "./lwip-2.1.2/src/include/lwip/def.h"
DEFINED SYMBOLS
                            *ABS*:00000000 ip4_frag.c
C:\Users\JAEJUN~1\AppData\Local\Temp\ccy11LBS.s:19     .text:00000000 $t
C:\Users\JAEJUN~1\AppData\Local\Temp\ccy11LBS.s:25     .text:00000000 ipfrag_free_pbuf_custom
C:\Users\JAEJUN~1\AppData\Local\Temp\ccy11LBS.s:89     .text:00000018 ip_reass_free_complete_datagram
C:\Users\JAEJUN~1\AppData\Local\Temp\ccy11LBS.s:275    .text:000000a0 $d
C:\Users\JAEJUN~1\AppData\Local\Temp\ccy11LBS.s:279    .text:000000a4 $t
C:\Users\JAEJUN~1\AppData\Local\Temp\ccy11LBS.s:285    .text:000000a4 ip_reass_remove_oldest_datagram
C:\Users\JAEJUN~1\AppData\Local\Temp\ccy11LBS.s:514    .text:0000015c $d
C:\Users\JAEJUN~1\AppData\Local\Temp\ccy11LBS.s:518    .text:00000160 $t
C:\Users\JAEJUN~1\AppData\Local\Temp\ccy11LBS.s:525    .text:00000160 ip_reass_tmr
C:\Users\JAEJUN~1\AppData\Local\Temp\ccy11LBS.s:601    .text:0000018c $d
C:\Users\JAEJUN~1\AppData\Local\Temp\ccy11LBS.s:605    .text:00000190 $t
C:\Users\JAEJUN~1\AppData\Local\Temp\ccy11LBS.s:612    .text:00000190 ip4_reass
C:\Users\JAEJUN~1\AppData\Local\Temp\ccy11LBS.s:1631   .text:00000528 $d
C:\Users\JAEJUN~1\AppData\Local\Temp\ccy11LBS.s:1638   .text:0000052c $t
C:\Users\JAEJUN~1\AppData\Local\Temp\ccy11LBS.s:1645   .text:0000052c ip4_frag
C:\Users\JAEJUN~1\AppData\Local\Temp\ccy11LBS.s:2121   .text:000006f0 $d
C:\Users\JAEJUN~1\AppData\Local\Temp\ccy11LBS.s:2126   .bss:00000000 $d
C:\Users\JAEJUN~1\AppData\Local\Temp\ccy11LBS.s:2130   .bss:00000000 reassdatagrams
C:\Users\JAEJUN~1\AppData\Local\Temp\ccy11LBS.s:2134   .bss:00000004 ip_reass_pbufcount

UNDEFINED SYMBOLS
pbuf_free
memp_free
pbuf_clen
icmp_time_exceeded
lwip_htons
memp_malloc
pbuf_remove_header
pbuf_cat
pbuf_alloc
pbuf_alloced_custom
pbuf_ref
