   1              		.cpu cortex-m7
   2              		.arch armv7e-m
   3              		.fpu fpv5-d16
   4              		.eabi_attribute 28, 1
   5              		.eabi_attribute 20, 1
   6              		.eabi_attribute 21, 1
   7              		.eabi_attribute 23, 3
   8              		.eabi_attribute 24, 1
   9              		.eabi_attribute 25, 1
  10              		.eabi_attribute 26, 1
  11              		.eabi_attribute 30, 2
  12              		.eabi_attribute 34, 1
  13              		.eabi_attribute 18, 4
  14              		.file	"stm32f7xx_hal_eth.c"
  15              		.text
  16              	.Ltext0:
  17              		.cfi_sections	.debug_frame
  18              		.file 1 "./src/stm32f7xx_hal_eth.c"
  19              		.align	1
  20              		.p2align 2,,3
  21              		.syntax unified
  22              		.thumb
  23              		.thumb_func
  25              	ETH_MACDMAConfig:
  26              	.LVL0:
  27              	.LFB164:
   1:./src/stm32f7xx_hal_eth.c **** /**
   2:./src/stm32f7xx_hal_eth.c ****   ******************************************************************************
   3:./src/stm32f7xx_hal_eth.c ****   * @file    stm32f7xx_hal_eth.c
   4:./src/stm32f7xx_hal_eth.c ****   * @author  MCD Application Team
   5:./src/stm32f7xx_hal_eth.c ****   * @brief   ETH HAL module driver.
   6:./src/stm32f7xx_hal_eth.c ****   *          This file provides firmware functions to manage the following 
   7:./src/stm32f7xx_hal_eth.c ****   *          functionalities of the Ethernet (ETH) peripheral:
   8:./src/stm32f7xx_hal_eth.c ****   *           + Initialization and de-initialization functions
   9:./src/stm32f7xx_hal_eth.c ****   *           + IO operation functions
  10:./src/stm32f7xx_hal_eth.c ****   *           + Peripheral Control functions 
  11:./src/stm32f7xx_hal_eth.c ****   *           + Peripheral State and Errors functions
  12:./src/stm32f7xx_hal_eth.c ****   *
  13:./src/stm32f7xx_hal_eth.c ****   @verbatim
  14:./src/stm32f7xx_hal_eth.c ****   ==============================================================================
  15:./src/stm32f7xx_hal_eth.c ****                     ##### How to use this driver #####
  16:./src/stm32f7xx_hal_eth.c ****   ==============================================================================
  17:./src/stm32f7xx_hal_eth.c ****     [..]
  18:./src/stm32f7xx_hal_eth.c ****       (#)Declare a ETH_HandleTypeDef handle structure, for example:
  19:./src/stm32f7xx_hal_eth.c ****          ETH_HandleTypeDef  heth;
  20:./src/stm32f7xx_hal_eth.c ****         
  21:./src/stm32f7xx_hal_eth.c ****       (#)Fill parameters of Init structure in heth handle
  22:./src/stm32f7xx_hal_eth.c ****   
  23:./src/stm32f7xx_hal_eth.c ****       (#)Call HAL_ETH_Init() API to initialize the Ethernet peripheral (MAC, DMA, ...) 
  24:./src/stm32f7xx_hal_eth.c **** 
  25:./src/stm32f7xx_hal_eth.c ****       (#)Initialize the ETH low level resources through the HAL_ETH_MspInit() API:
  26:./src/stm32f7xx_hal_eth.c ****           (##) Enable the Ethernet interface clock using 
  27:./src/stm32f7xx_hal_eth.c ****                (+++) __HAL_RCC_ETHMAC_CLK_ENABLE();
  28:./src/stm32f7xx_hal_eth.c ****                (+++) __HAL_RCC_ETHMACTX_CLK_ENABLE();
  29:./src/stm32f7xx_hal_eth.c ****                (+++) __HAL_RCC_ETHMACRX_CLK_ENABLE();
  30:./src/stm32f7xx_hal_eth.c ****            
  31:./src/stm32f7xx_hal_eth.c ****           (##) Initialize the related GPIO clocks
  32:./src/stm32f7xx_hal_eth.c ****           (##) Configure Ethernet pin-out
  33:./src/stm32f7xx_hal_eth.c ****           (##) Configure Ethernet NVIC interrupt (IT mode)   
  34:./src/stm32f7xx_hal_eth.c ****     
  35:./src/stm32f7xx_hal_eth.c ****       (#)Initialize Ethernet DMA Descriptors in chain mode and point to allocated buffers:
  36:./src/stm32f7xx_hal_eth.c ****           (##) HAL_ETH_DMATxDescListInit(); for Transmission process
  37:./src/stm32f7xx_hal_eth.c ****           (##) HAL_ETH_DMARxDescListInit(); for Reception process
  38:./src/stm32f7xx_hal_eth.c **** 
  39:./src/stm32f7xx_hal_eth.c ****       (#)Enable MAC and DMA transmission and reception:
  40:./src/stm32f7xx_hal_eth.c ****           (##) HAL_ETH_Start();
  41:./src/stm32f7xx_hal_eth.c **** 
  42:./src/stm32f7xx_hal_eth.c ****       (#)Prepare ETH DMA TX Descriptors and give the hand to ETH DMA to transfer 
  43:./src/stm32f7xx_hal_eth.c ****          the frame to MAC TX FIFO:
  44:./src/stm32f7xx_hal_eth.c ****          (##) HAL_ETH_TransmitFrame();
  45:./src/stm32f7xx_hal_eth.c **** 
  46:./src/stm32f7xx_hal_eth.c ****       (#)Poll for a received frame in ETH RX DMA Descriptors and get received 
  47:./src/stm32f7xx_hal_eth.c ****          frame parameters
  48:./src/stm32f7xx_hal_eth.c ****          (##) HAL_ETH_GetReceivedFrame(); (should be called into an infinite loop)
  49:./src/stm32f7xx_hal_eth.c **** 
  50:./src/stm32f7xx_hal_eth.c ****       (#) Get a received frame when an ETH RX interrupt occurs:
  51:./src/stm32f7xx_hal_eth.c ****          (##) HAL_ETH_GetReceivedFrame_IT(); (called in IT mode only)
  52:./src/stm32f7xx_hal_eth.c **** 
  53:./src/stm32f7xx_hal_eth.c ****       (#) Communicate with external PHY device:
  54:./src/stm32f7xx_hal_eth.c ****          (##) Read a specific register from the PHY  
  55:./src/stm32f7xx_hal_eth.c ****               HAL_ETH_ReadPHYRegister();
  56:./src/stm32f7xx_hal_eth.c ****          (##) Write data to a specific RHY register:
  57:./src/stm32f7xx_hal_eth.c ****               HAL_ETH_WritePHYRegister();
  58:./src/stm32f7xx_hal_eth.c **** 
  59:./src/stm32f7xx_hal_eth.c ****       (#) Configure the Ethernet MAC after ETH peripheral initialization
  60:./src/stm32f7xx_hal_eth.c ****           HAL_ETH_ConfigMAC(); all MAC parameters should be filled.
  61:./src/stm32f7xx_hal_eth.c ****       
  62:./src/stm32f7xx_hal_eth.c ****       (#) Configure the Ethernet DMA after ETH peripheral initialization
  63:./src/stm32f7xx_hal_eth.c ****           HAL_ETH_ConfigDMA(); all DMA parameters should be filled.
  64:./src/stm32f7xx_hal_eth.c **** 
  65:./src/stm32f7xx_hal_eth.c **** *** Callback registration ***
  66:./src/stm32f7xx_hal_eth.c ****   =============================================
  67:./src/stm32f7xx_hal_eth.c **** 
  68:./src/stm32f7xx_hal_eth.c ****   The compilation define  USE_HAL_ETH_REGISTER_CALLBACKS when set to 1
  69:./src/stm32f7xx_hal_eth.c ****   allows the user to configure dynamically the driver callbacks.
  70:./src/stm32f7xx_hal_eth.c ****   Use Function @ref HAL_ETH_RegisterCallback() to register an interrupt callback.
  71:./src/stm32f7xx_hal_eth.c **** 
  72:./src/stm32f7xx_hal_eth.c ****   Function @ref HAL_ETH_RegisterCallback() allows to register following callbacks:
  73:./src/stm32f7xx_hal_eth.c ****     (+) TxCpltCallback   : Tx Complete Callback.
  74:./src/stm32f7xx_hal_eth.c ****     (+) RxCpltCallback   : Rx Complete Callback.
  75:./src/stm32f7xx_hal_eth.c ****     (+) DMAErrorCallback : DMA Error Callback.
  76:./src/stm32f7xx_hal_eth.c ****     (+) MspInitCallback  : MspInit Callback.
  77:./src/stm32f7xx_hal_eth.c ****     (+) MspDeInitCallback: MspDeInit Callback.
  78:./src/stm32f7xx_hal_eth.c **** 
  79:./src/stm32f7xx_hal_eth.c ****   This function takes as parameters the HAL peripheral handle, the Callback ID
  80:./src/stm32f7xx_hal_eth.c ****   and a pointer to the user callback function.
  81:./src/stm32f7xx_hal_eth.c **** 
  82:./src/stm32f7xx_hal_eth.c ****   Use function @ref HAL_ETH_UnRegisterCallback() to reset a callback to the default
  83:./src/stm32f7xx_hal_eth.c ****   weak function.
  84:./src/stm32f7xx_hal_eth.c ****   @ref HAL_ETH_UnRegisterCallback takes as parameters the HAL peripheral handle,
  85:./src/stm32f7xx_hal_eth.c ****   and the Callback ID.
  86:./src/stm32f7xx_hal_eth.c ****   This function allows to reset following callbacks:
  87:./src/stm32f7xx_hal_eth.c ****     (+) TxCpltCallback   : Tx Complete Callback.
  88:./src/stm32f7xx_hal_eth.c ****     (+) RxCpltCallback   : Rx Complete Callback.
  89:./src/stm32f7xx_hal_eth.c ****     (+) DMAErrorCallback : DMA Error Callback.
  90:./src/stm32f7xx_hal_eth.c ****     (+) MspInitCallback  : MspInit Callback.
  91:./src/stm32f7xx_hal_eth.c ****     (+) MspDeInitCallback: MspDeInit Callback.
  92:./src/stm32f7xx_hal_eth.c **** 
  93:./src/stm32f7xx_hal_eth.c ****   By default, after the HAL_ETH_Init and when the state is HAL_ETH_STATE_RESET
  94:./src/stm32f7xx_hal_eth.c ****   all callbacks are set to the corresponding weak functions:
  95:./src/stm32f7xx_hal_eth.c ****   examples @ref HAL_ETH_TxCpltCallback(), @ref HAL_ETH_RxCpltCallback().
  96:./src/stm32f7xx_hal_eth.c ****   Exception done for MspInit and MspDeInit functions that are
  97:./src/stm32f7xx_hal_eth.c ****   reset to the legacy weak function in the HAL_ETH_Init/ @ref HAL_ETH_DeInit only when
  98:./src/stm32f7xx_hal_eth.c ****   these callbacks are null (not registered beforehand).
  99:./src/stm32f7xx_hal_eth.c ****   if not, MspInit or MspDeInit are not null, the HAL_ETH_Init/ @ref HAL_ETH_DeInit
 100:./src/stm32f7xx_hal_eth.c ****   keep and use the user MspInit/MspDeInit callbacks (registered beforehand)
 101:./src/stm32f7xx_hal_eth.c **** 
 102:./src/stm32f7xx_hal_eth.c ****   Callbacks can be registered/unregistered in HAL_ETH_STATE_READY state only.
 103:./src/stm32f7xx_hal_eth.c ****   Exception done MspInit/MspDeInit that can be registered/unregistered
 104:./src/stm32f7xx_hal_eth.c ****   in HAL_ETH_STATE_READY or HAL_ETH_STATE_RESET state,
 105:./src/stm32f7xx_hal_eth.c ****   thus registered (user) MspInit/DeInit callbacks can be used during the Init/DeInit.
 106:./src/stm32f7xx_hal_eth.c ****   In that case first register the MspInit/MspDeInit user callbacks
 107:./src/stm32f7xx_hal_eth.c ****   using @ref HAL_ETH_RegisterCallback() before calling @ref HAL_ETH_DeInit
 108:./src/stm32f7xx_hal_eth.c ****   or HAL_ETH_Init function.
 109:./src/stm32f7xx_hal_eth.c **** 
 110:./src/stm32f7xx_hal_eth.c ****   When The compilation define USE_HAL_ETH_REGISTER_CALLBACKS is set to 0 or
 111:./src/stm32f7xx_hal_eth.c ****   not defined, the callback registration feature is not available and all callbacks
 112:./src/stm32f7xx_hal_eth.c ****   are set to the corresponding weak functions.
 113:./src/stm32f7xx_hal_eth.c **** 
 114:./src/stm32f7xx_hal_eth.c ****   @endverbatim
 115:./src/stm32f7xx_hal_eth.c ****   ******************************************************************************
 116:./src/stm32f7xx_hal_eth.c ****   * @attention
 117:./src/stm32f7xx_hal_eth.c ****   *
 118:./src/stm32f7xx_hal_eth.c ****   * <h2><center>&copy; Copyright (c) 2017 STMicroelectronics.
 119:./src/stm32f7xx_hal_eth.c ****   * All rights reserved.</center></h2>
 120:./src/stm32f7xx_hal_eth.c ****   *
 121:./src/stm32f7xx_hal_eth.c ****   * This software component is licensed by ST under BSD 3-Clause license,
 122:./src/stm32f7xx_hal_eth.c ****   * the "License"; You may not use this file except in compliance with the
 123:./src/stm32f7xx_hal_eth.c ****   * License. You may obtain a copy of the License at:
 124:./src/stm32f7xx_hal_eth.c ****   *                        opensource.org/licenses/BSD-3-Clause
 125:./src/stm32f7xx_hal_eth.c ****   *
 126:./src/stm32f7xx_hal_eth.c ****   ******************************************************************************
 127:./src/stm32f7xx_hal_eth.c ****   */
 128:./src/stm32f7xx_hal_eth.c **** 
 129:./src/stm32f7xx_hal_eth.c **** /* Includes ------------------------------------------------------------------*/
 130:./src/stm32f7xx_hal_eth.c **** #include "stm32f7xx_hal.h"
 131:./src/stm32f7xx_hal_eth.c **** 
 132:./src/stm32f7xx_hal_eth.c **** /** @addtogroup STM32F7xx_HAL_Driver
 133:./src/stm32f7xx_hal_eth.c ****   * @{
 134:./src/stm32f7xx_hal_eth.c ****   */
 135:./src/stm32f7xx_hal_eth.c **** 
 136:./src/stm32f7xx_hal_eth.c **** /** @defgroup ETH ETH 
 137:./src/stm32f7xx_hal_eth.c ****   * @brief ETH HAL module driver
 138:./src/stm32f7xx_hal_eth.c ****   * @{
 139:./src/stm32f7xx_hal_eth.c ****   */
 140:./src/stm32f7xx_hal_eth.c **** 
 141:./src/stm32f7xx_hal_eth.c **** #ifdef HAL_ETH_MODULE_ENABLED
 142:./src/stm32f7xx_hal_eth.c **** #if defined (ETH)
 143:./src/stm32f7xx_hal_eth.c **** 
 144:./src/stm32f7xx_hal_eth.c **** /* Private typedef -----------------------------------------------------------*/
 145:./src/stm32f7xx_hal_eth.c **** /* Private define ------------------------------------------------------------*/
 146:./src/stm32f7xx_hal_eth.c **** /** @defgroup ETH_Private_Constants ETH Private Constants
 147:./src/stm32f7xx_hal_eth.c ****   * @{
 148:./src/stm32f7xx_hal_eth.c ****   */
 149:./src/stm32f7xx_hal_eth.c **** #define ETH_TIMEOUT_SWRESET                 ((uint32_t)500)  
 150:./src/stm32f7xx_hal_eth.c **** #define ETH_TIMEOUT_LINKED_STATE          ((uint32_t)5000)  
 151:./src/stm32f7xx_hal_eth.c **** #define ETH_TIMEOUT_AUTONEGO_COMPLETED    ((uint32_t)5000) 
 152:./src/stm32f7xx_hal_eth.c **** 
 153:./src/stm32f7xx_hal_eth.c **** /**
 154:./src/stm32f7xx_hal_eth.c ****   * @}
 155:./src/stm32f7xx_hal_eth.c ****   */
 156:./src/stm32f7xx_hal_eth.c **** /* Private macro -------------------------------------------------------------*/
 157:./src/stm32f7xx_hal_eth.c **** /* Private variables ---------------------------------------------------------*/
 158:./src/stm32f7xx_hal_eth.c **** /* Private function prototypes -----------------------------------------------*/
 159:./src/stm32f7xx_hal_eth.c **** /** @defgroup ETH_Private_Functions ETH Private Functions
 160:./src/stm32f7xx_hal_eth.c ****   * @{
 161:./src/stm32f7xx_hal_eth.c ****   */
 162:./src/stm32f7xx_hal_eth.c **** static void ETH_MACDMAConfig(ETH_HandleTypeDef *heth, uint32_t err);
 163:./src/stm32f7xx_hal_eth.c **** static void ETH_MACAddressConfig(ETH_HandleTypeDef *heth, uint32_t MacAddr, uint8_t *Addr);
 164:./src/stm32f7xx_hal_eth.c **** static void ETH_MACReceptionEnable(ETH_HandleTypeDef *heth);
 165:./src/stm32f7xx_hal_eth.c **** static void ETH_MACReceptionDisable(ETH_HandleTypeDef *heth);
 166:./src/stm32f7xx_hal_eth.c **** static void ETH_MACTransmissionEnable(ETH_HandleTypeDef *heth);
 167:./src/stm32f7xx_hal_eth.c **** static void ETH_MACTransmissionDisable(ETH_HandleTypeDef *heth);
 168:./src/stm32f7xx_hal_eth.c **** static void ETH_DMATransmissionEnable(ETH_HandleTypeDef *heth);
 169:./src/stm32f7xx_hal_eth.c **** static void ETH_DMATransmissionDisable(ETH_HandleTypeDef *heth);
 170:./src/stm32f7xx_hal_eth.c **** static void ETH_DMAReceptionEnable(ETH_HandleTypeDef *heth);
 171:./src/stm32f7xx_hal_eth.c **** static void ETH_DMAReceptionDisable(ETH_HandleTypeDef *heth);
 172:./src/stm32f7xx_hal_eth.c **** static void ETH_FlushTransmitFIFO(ETH_HandleTypeDef *heth);
 173:./src/stm32f7xx_hal_eth.c **** #if (USE_HAL_ETH_REGISTER_CALLBACKS == 1)
 174:./src/stm32f7xx_hal_eth.c **** static void ETH_InitCallbacksToDefault(ETH_HandleTypeDef *heth);
 175:./src/stm32f7xx_hal_eth.c **** #endif /* USE_HAL_ETH_REGISTER_CALLBACKS */
 176:./src/stm32f7xx_hal_eth.c **** 
 177:./src/stm32f7xx_hal_eth.c **** /**
 178:./src/stm32f7xx_hal_eth.c ****   * @}
 179:./src/stm32f7xx_hal_eth.c ****   */
 180:./src/stm32f7xx_hal_eth.c **** /* Private functions ---------------------------------------------------------*/
 181:./src/stm32f7xx_hal_eth.c **** 
 182:./src/stm32f7xx_hal_eth.c **** /** @defgroup ETH_Exported_Functions ETH Exported Functions
 183:./src/stm32f7xx_hal_eth.c ****   * @{
 184:./src/stm32f7xx_hal_eth.c ****   */
 185:./src/stm32f7xx_hal_eth.c **** 
 186:./src/stm32f7xx_hal_eth.c **** /** @defgroup ETH_Exported_Functions_Group1 Initialization and de-initialization functions 
 187:./src/stm32f7xx_hal_eth.c ****   *  @brief   Initialization and Configuration functions 
 188:./src/stm32f7xx_hal_eth.c ****   *
 189:./src/stm32f7xx_hal_eth.c ****   @verbatim    
 190:./src/stm32f7xx_hal_eth.c ****   ===============================================================================
 191:./src/stm32f7xx_hal_eth.c ****             ##### Initialization and de-initialization functions #####
 192:./src/stm32f7xx_hal_eth.c ****   ===============================================================================
 193:./src/stm32f7xx_hal_eth.c ****   [..]  This section provides functions allowing to:
 194:./src/stm32f7xx_hal_eth.c ****       (+) Initialize and configure the Ethernet peripheral
 195:./src/stm32f7xx_hal_eth.c ****       (+) De-initialize the Ethernet peripheral
 196:./src/stm32f7xx_hal_eth.c **** 
 197:./src/stm32f7xx_hal_eth.c ****   @endverbatim
 198:./src/stm32f7xx_hal_eth.c ****   * @{
 199:./src/stm32f7xx_hal_eth.c ****   */
 200:./src/stm32f7xx_hal_eth.c **** 
 201:./src/stm32f7xx_hal_eth.c **** /**
 202:./src/stm32f7xx_hal_eth.c ****   * @brief  Initializes the Ethernet MAC and DMA according to default
 203:./src/stm32f7xx_hal_eth.c ****   *         parameters.
 204:./src/stm32f7xx_hal_eth.c ****   * @param  heth pointer to a ETH_HandleTypeDef structure that contains
 205:./src/stm32f7xx_hal_eth.c ****   *         the configuration information for ETHERNET module
 206:./src/stm32f7xx_hal_eth.c ****   * @retval HAL status
 207:./src/stm32f7xx_hal_eth.c ****   */
 208:./src/stm32f7xx_hal_eth.c **** HAL_StatusTypeDef HAL_ETH_Init(ETH_HandleTypeDef *heth)
 209:./src/stm32f7xx_hal_eth.c **** {
 210:./src/stm32f7xx_hal_eth.c ****   uint32_t tempreg = 0, phyreg = 0;
 211:./src/stm32f7xx_hal_eth.c ****   uint32_t hclk = 60000000;
 212:./src/stm32f7xx_hal_eth.c ****   uint32_t tickstart = 0;
 213:./src/stm32f7xx_hal_eth.c ****   uint32_t err = ETH_SUCCESS;
 214:./src/stm32f7xx_hal_eth.c ****   
 215:./src/stm32f7xx_hal_eth.c ****   /* Check the ETH peripheral state */
 216:./src/stm32f7xx_hal_eth.c ****   if(heth == NULL)
 217:./src/stm32f7xx_hal_eth.c ****   {
 218:./src/stm32f7xx_hal_eth.c ****     return HAL_ERROR;
 219:./src/stm32f7xx_hal_eth.c ****   }
 220:./src/stm32f7xx_hal_eth.c ****   
 221:./src/stm32f7xx_hal_eth.c ****   /* Check parameters */
 222:./src/stm32f7xx_hal_eth.c ****   assert_param(IS_ETH_AUTONEGOTIATION(heth->Init.AutoNegotiation));
 223:./src/stm32f7xx_hal_eth.c ****   assert_param(IS_ETH_RX_MODE(heth->Init.RxMode));
 224:./src/stm32f7xx_hal_eth.c ****   assert_param(IS_ETH_CHECKSUM_MODE(heth->Init.ChecksumMode));
 225:./src/stm32f7xx_hal_eth.c ****   assert_param(IS_ETH_MEDIA_INTERFACE(heth->Init.MediaInterface));  
 226:./src/stm32f7xx_hal_eth.c ****   
 227:./src/stm32f7xx_hal_eth.c ****   if(heth->State == HAL_ETH_STATE_RESET)
 228:./src/stm32f7xx_hal_eth.c ****   {
 229:./src/stm32f7xx_hal_eth.c ****     /* Allocate lock resource and initialize it */
 230:./src/stm32f7xx_hal_eth.c ****     heth->Lock = HAL_UNLOCKED;
 231:./src/stm32f7xx_hal_eth.c **** #if (USE_HAL_ETH_REGISTER_CALLBACKS == 1)
 232:./src/stm32f7xx_hal_eth.c ****     ETH_InitCallbacksToDefault(heth);
 233:./src/stm32f7xx_hal_eth.c **** 
 234:./src/stm32f7xx_hal_eth.c ****     if(heth->MspInitCallback == NULL)
 235:./src/stm32f7xx_hal_eth.c ****     {
 236:./src/stm32f7xx_hal_eth.c ****       /* Init the low level hardware : GPIO, CLOCK, NVIC. */
 237:./src/stm32f7xx_hal_eth.c ****       heth->MspInitCallback = HAL_ETH_MspInit;
 238:./src/stm32f7xx_hal_eth.c ****     }
 239:./src/stm32f7xx_hal_eth.c ****     heth->MspInitCallback(heth);
 240:./src/stm32f7xx_hal_eth.c **** 
 241:./src/stm32f7xx_hal_eth.c **** #else
 242:./src/stm32f7xx_hal_eth.c ****     /* Init the low level hardware : GPIO, CLOCK, NVIC. */
 243:./src/stm32f7xx_hal_eth.c ****     HAL_ETH_MspInit(heth);
 244:./src/stm32f7xx_hal_eth.c **** #endif /* USE_HAL_ETH_REGISTER_CALLBACKS */
 245:./src/stm32f7xx_hal_eth.c ****   }
 246:./src/stm32f7xx_hal_eth.c ****   
 247:./src/stm32f7xx_hal_eth.c ****   /* Enable SYSCFG Clock */
 248:./src/stm32f7xx_hal_eth.c ****   __HAL_RCC_SYSCFG_CLK_ENABLE();
 249:./src/stm32f7xx_hal_eth.c ****   
 250:./src/stm32f7xx_hal_eth.c ****   /* Select MII or RMII Mode*/
 251:./src/stm32f7xx_hal_eth.c ****   SYSCFG->PMC &= ~(SYSCFG_PMC_MII_RMII_SEL);
 252:./src/stm32f7xx_hal_eth.c ****   SYSCFG->PMC |= (uint32_t)heth->Init.MediaInterface;
 253:./src/stm32f7xx_hal_eth.c ****   
 254:./src/stm32f7xx_hal_eth.c ****   /* Ethernet Software reset */
 255:./src/stm32f7xx_hal_eth.c ****   /* Set the SWR bit: resets all MAC subsystem internal registers and logic */
 256:./src/stm32f7xx_hal_eth.c ****   /* After reset all the registers holds their respective reset values */
 257:./src/stm32f7xx_hal_eth.c ****   (heth->Instance)->DMABMR |= ETH_DMABMR_SR;
 258:./src/stm32f7xx_hal_eth.c ****   
 259:./src/stm32f7xx_hal_eth.c ****   /* Get tick */
 260:./src/stm32f7xx_hal_eth.c ****   tickstart = HAL_GetTick();
 261:./src/stm32f7xx_hal_eth.c ****   
 262:./src/stm32f7xx_hal_eth.c ****   /* Wait for software reset */
 263:./src/stm32f7xx_hal_eth.c ****   while (((heth->Instance)->DMABMR & ETH_DMABMR_SR) != (uint32_t)RESET)
 264:./src/stm32f7xx_hal_eth.c ****   {
 265:./src/stm32f7xx_hal_eth.c ****     /* Check for the Timeout */
 266:./src/stm32f7xx_hal_eth.c ****     if((HAL_GetTick() - tickstart ) > ETH_TIMEOUT_SWRESET)
 267:./src/stm32f7xx_hal_eth.c ****     {     
 268:./src/stm32f7xx_hal_eth.c ****       heth->State= HAL_ETH_STATE_TIMEOUT;
 269:./src/stm32f7xx_hal_eth.c ****   
 270:./src/stm32f7xx_hal_eth.c ****       /* Process Unlocked */
 271:./src/stm32f7xx_hal_eth.c ****       __HAL_UNLOCK(heth);
 272:./src/stm32f7xx_hal_eth.c ****     
 273:./src/stm32f7xx_hal_eth.c ****       /* Note: The SWR is not performed if the ETH_RX_CLK or the ETH_TX_CLK are  
 274:./src/stm32f7xx_hal_eth.c ****          not available, please check your external PHY or the IO configuration */
 275:./src/stm32f7xx_hal_eth.c ****                
 276:./src/stm32f7xx_hal_eth.c ****       return HAL_TIMEOUT;
 277:./src/stm32f7xx_hal_eth.c ****     }
 278:./src/stm32f7xx_hal_eth.c ****   }
 279:./src/stm32f7xx_hal_eth.c ****   
 280:./src/stm32f7xx_hal_eth.c ****   /*-------------------------------- MAC Initialization ----------------------*/
 281:./src/stm32f7xx_hal_eth.c ****   /* Get the ETHERNET MACMIIAR value */
 282:./src/stm32f7xx_hal_eth.c ****   tempreg = (heth->Instance)->MACMIIAR;
 283:./src/stm32f7xx_hal_eth.c ****   /* Clear CSR Clock Range CR[2:0] bits */
 284:./src/stm32f7xx_hal_eth.c ****   tempreg &= ETH_MACMIIAR_CR_MASK;
 285:./src/stm32f7xx_hal_eth.c ****   
 286:./src/stm32f7xx_hal_eth.c ****   /* Get hclk frequency value */
 287:./src/stm32f7xx_hal_eth.c ****   hclk = HAL_RCC_GetHCLKFreq();
 288:./src/stm32f7xx_hal_eth.c ****   
 289:./src/stm32f7xx_hal_eth.c ****   /* Set CR bits depending on hclk value */
 290:./src/stm32f7xx_hal_eth.c ****   if((hclk >= 20000000)&&(hclk < 35000000))
 291:./src/stm32f7xx_hal_eth.c ****   {
 292:./src/stm32f7xx_hal_eth.c ****     /* CSR Clock Range between 20-35 MHz */
 293:./src/stm32f7xx_hal_eth.c ****     tempreg |= (uint32_t)ETH_MACMIIAR_CR_Div16;
 294:./src/stm32f7xx_hal_eth.c ****   }
 295:./src/stm32f7xx_hal_eth.c ****   else if((hclk >= 35000000)&&(hclk < 60000000))
 296:./src/stm32f7xx_hal_eth.c ****   {
 297:./src/stm32f7xx_hal_eth.c ****     /* CSR Clock Range between 35-60 MHz */ 
 298:./src/stm32f7xx_hal_eth.c ****     tempreg |= (uint32_t)ETH_MACMIIAR_CR_Div26;
 299:./src/stm32f7xx_hal_eth.c ****   }  
 300:./src/stm32f7xx_hal_eth.c ****   else if((hclk >= 60000000)&&(hclk < 100000000))
 301:./src/stm32f7xx_hal_eth.c ****   {
 302:./src/stm32f7xx_hal_eth.c ****     /* CSR Clock Range between 60-100 MHz */ 
 303:./src/stm32f7xx_hal_eth.c ****     tempreg |= (uint32_t)ETH_MACMIIAR_CR_Div42;
 304:./src/stm32f7xx_hal_eth.c ****   }  
 305:./src/stm32f7xx_hal_eth.c ****   else if((hclk >= 100000000)&&(hclk < 150000000))
 306:./src/stm32f7xx_hal_eth.c ****   {
 307:./src/stm32f7xx_hal_eth.c ****     /* CSR Clock Range between 100-150 MHz */ 
 308:./src/stm32f7xx_hal_eth.c ****     tempreg |= (uint32_t)ETH_MACMIIAR_CR_Div62;
 309:./src/stm32f7xx_hal_eth.c ****   }
 310:./src/stm32f7xx_hal_eth.c ****   else /* ((hclk >= 150000000)&&(hclk <= 216000000)) */
 311:./src/stm32f7xx_hal_eth.c ****   {
 312:./src/stm32f7xx_hal_eth.c ****     /* CSR Clock Range between 150-216 MHz */ 
 313:./src/stm32f7xx_hal_eth.c ****     tempreg |= (uint32_t)ETH_MACMIIAR_CR_Div102;    
 314:./src/stm32f7xx_hal_eth.c ****   }
 315:./src/stm32f7xx_hal_eth.c ****   
 316:./src/stm32f7xx_hal_eth.c ****   /* Write to ETHERNET MAC MIIAR: Configure the ETHERNET CSR Clock Range */
 317:./src/stm32f7xx_hal_eth.c ****   (heth->Instance)->MACMIIAR = (uint32_t)tempreg;
 318:./src/stm32f7xx_hal_eth.c ****   
 319:./src/stm32f7xx_hal_eth.c ****   /*-------------------- PHY initialization and configuration ----------------*/
 320:./src/stm32f7xx_hal_eth.c ****   /* Put the PHY in reset mode */
 321:./src/stm32f7xx_hal_eth.c ****   if((HAL_ETH_WritePHYRegister(heth, PHY_BCR, PHY_RESET)) != HAL_OK)
 322:./src/stm32f7xx_hal_eth.c ****   {
 323:./src/stm32f7xx_hal_eth.c ****     /* In case of write timeout */
 324:./src/stm32f7xx_hal_eth.c ****     err = ETH_ERROR;
 325:./src/stm32f7xx_hal_eth.c ****     
 326:./src/stm32f7xx_hal_eth.c ****     /* Config MAC and DMA */
 327:./src/stm32f7xx_hal_eth.c ****     ETH_MACDMAConfig(heth, err);
 328:./src/stm32f7xx_hal_eth.c ****     
 329:./src/stm32f7xx_hal_eth.c ****     /* Set the ETH peripheral state to READY */
 330:./src/stm32f7xx_hal_eth.c ****     heth->State = HAL_ETH_STATE_READY;
 331:./src/stm32f7xx_hal_eth.c ****     
 332:./src/stm32f7xx_hal_eth.c ****     /* Return HAL_ERROR */
 333:./src/stm32f7xx_hal_eth.c ****     return HAL_ERROR;
 334:./src/stm32f7xx_hal_eth.c ****   }
 335:./src/stm32f7xx_hal_eth.c ****   
 336:./src/stm32f7xx_hal_eth.c ****   /* Delay to assure PHY reset */
 337:./src/stm32f7xx_hal_eth.c ****   HAL_Delay(PHY_RESET_DELAY);
 338:./src/stm32f7xx_hal_eth.c ****   
 339:./src/stm32f7xx_hal_eth.c ****   if((heth->Init).AutoNegotiation != ETH_AUTONEGOTIATION_DISABLE)
 340:./src/stm32f7xx_hal_eth.c ****   {
 341:./src/stm32f7xx_hal_eth.c ****     /* Get tick */
 342:./src/stm32f7xx_hal_eth.c ****     tickstart = HAL_GetTick();
 343:./src/stm32f7xx_hal_eth.c ****     
 344:./src/stm32f7xx_hal_eth.c ****     /* We wait for linked status */
 345:./src/stm32f7xx_hal_eth.c ****     do
 346:./src/stm32f7xx_hal_eth.c ****     {
 347:./src/stm32f7xx_hal_eth.c ****       HAL_ETH_ReadPHYRegister(heth, PHY_BSR, &phyreg);
 348:./src/stm32f7xx_hal_eth.c ****       
 349:./src/stm32f7xx_hal_eth.c ****       /* Check for the Timeout */
 350:./src/stm32f7xx_hal_eth.c ****       if((HAL_GetTick() - tickstart ) > ETH_TIMEOUT_LINKED_STATE)
 351:./src/stm32f7xx_hal_eth.c ****       {
 352:./src/stm32f7xx_hal_eth.c ****         /* In case of write timeout */
 353:./src/stm32f7xx_hal_eth.c ****         err = ETH_ERROR;
 354:./src/stm32f7xx_hal_eth.c ****       
 355:./src/stm32f7xx_hal_eth.c ****         /* Config MAC and DMA */
 356:./src/stm32f7xx_hal_eth.c ****         ETH_MACDMAConfig(heth, err);
 357:./src/stm32f7xx_hal_eth.c ****         
 358:./src/stm32f7xx_hal_eth.c ****         heth->State= HAL_ETH_STATE_READY;
 359:./src/stm32f7xx_hal_eth.c ****   
 360:./src/stm32f7xx_hal_eth.c ****         /* Process Unlocked */
 361:./src/stm32f7xx_hal_eth.c ****         __HAL_UNLOCK(heth);
 362:./src/stm32f7xx_hal_eth.c ****     
 363:./src/stm32f7xx_hal_eth.c ****         return HAL_TIMEOUT;
 364:./src/stm32f7xx_hal_eth.c ****       }
 365:./src/stm32f7xx_hal_eth.c ****     } while (((phyreg & PHY_LINKED_STATUS) != PHY_LINKED_STATUS));
 366:./src/stm32f7xx_hal_eth.c **** 
 367:./src/stm32f7xx_hal_eth.c ****     
 368:./src/stm32f7xx_hal_eth.c ****     /* Enable Auto-Negotiation */
 369:./src/stm32f7xx_hal_eth.c ****     if((HAL_ETH_WritePHYRegister(heth, PHY_BCR, PHY_AUTONEGOTIATION)) != HAL_OK)
 370:./src/stm32f7xx_hal_eth.c ****     {
 371:./src/stm32f7xx_hal_eth.c ****       /* In case of write timeout */
 372:./src/stm32f7xx_hal_eth.c ****       err = ETH_ERROR;
 373:./src/stm32f7xx_hal_eth.c ****       
 374:./src/stm32f7xx_hal_eth.c ****       /* Config MAC and DMA */
 375:./src/stm32f7xx_hal_eth.c ****       ETH_MACDMAConfig(heth, err);
 376:./src/stm32f7xx_hal_eth.c ****       
 377:./src/stm32f7xx_hal_eth.c ****       /* Set the ETH peripheral state to READY */
 378:./src/stm32f7xx_hal_eth.c ****       heth->State = HAL_ETH_STATE_READY;
 379:./src/stm32f7xx_hal_eth.c ****       
 380:./src/stm32f7xx_hal_eth.c ****       /* Return HAL_ERROR */
 381:./src/stm32f7xx_hal_eth.c ****       return HAL_ERROR;   
 382:./src/stm32f7xx_hal_eth.c ****     }
 383:./src/stm32f7xx_hal_eth.c ****     
 384:./src/stm32f7xx_hal_eth.c ****     /* Get tick */
 385:./src/stm32f7xx_hal_eth.c ****     tickstart = HAL_GetTick();
 386:./src/stm32f7xx_hal_eth.c ****     
 387:./src/stm32f7xx_hal_eth.c ****     /* Wait until the auto-negotiation will be completed */
 388:./src/stm32f7xx_hal_eth.c ****     do
 389:./src/stm32f7xx_hal_eth.c ****     {
 390:./src/stm32f7xx_hal_eth.c ****       HAL_ETH_ReadPHYRegister(heth, PHY_BSR, &phyreg);
 391:./src/stm32f7xx_hal_eth.c ****       
 392:./src/stm32f7xx_hal_eth.c ****       /* Check for the Timeout */
 393:./src/stm32f7xx_hal_eth.c ****       if((HAL_GetTick() - tickstart ) > ETH_TIMEOUT_AUTONEGO_COMPLETED)
 394:./src/stm32f7xx_hal_eth.c ****       {
 395:./src/stm32f7xx_hal_eth.c ****         /* In case of write timeout */
 396:./src/stm32f7xx_hal_eth.c ****         err = ETH_ERROR;
 397:./src/stm32f7xx_hal_eth.c ****       
 398:./src/stm32f7xx_hal_eth.c ****         /* Config MAC and DMA */
 399:./src/stm32f7xx_hal_eth.c ****         ETH_MACDMAConfig(heth, err);
 400:./src/stm32f7xx_hal_eth.c ****         
 401:./src/stm32f7xx_hal_eth.c ****         heth->State= HAL_ETH_STATE_READY;
 402:./src/stm32f7xx_hal_eth.c ****   
 403:./src/stm32f7xx_hal_eth.c ****         /* Process Unlocked */
 404:./src/stm32f7xx_hal_eth.c ****         __HAL_UNLOCK(heth);
 405:./src/stm32f7xx_hal_eth.c ****     
 406:./src/stm32f7xx_hal_eth.c ****         return HAL_TIMEOUT;
 407:./src/stm32f7xx_hal_eth.c ****       }
 408:./src/stm32f7xx_hal_eth.c ****       
 409:./src/stm32f7xx_hal_eth.c ****     } while (((phyreg & PHY_AUTONEGO_COMPLETE) != PHY_AUTONEGO_COMPLETE));
 410:./src/stm32f7xx_hal_eth.c ****     
 411:./src/stm32f7xx_hal_eth.c ****     /* Read the result of the auto-negotiation */
 412:./src/stm32f7xx_hal_eth.c ****     if((HAL_ETH_ReadPHYRegister(heth, PHY_SR, &phyreg)) != HAL_OK)
 413:./src/stm32f7xx_hal_eth.c ****     {
 414:./src/stm32f7xx_hal_eth.c ****       /* In case of write timeout */
 415:./src/stm32f7xx_hal_eth.c ****       err = ETH_ERROR;
 416:./src/stm32f7xx_hal_eth.c ****       
 417:./src/stm32f7xx_hal_eth.c ****       /* Config MAC and DMA */
 418:./src/stm32f7xx_hal_eth.c ****       ETH_MACDMAConfig(heth, err);
 419:./src/stm32f7xx_hal_eth.c ****       
 420:./src/stm32f7xx_hal_eth.c ****       /* Set the ETH peripheral state to READY */
 421:./src/stm32f7xx_hal_eth.c ****       heth->State = HAL_ETH_STATE_READY;
 422:./src/stm32f7xx_hal_eth.c ****       
 423:./src/stm32f7xx_hal_eth.c ****       /* Return HAL_ERROR */
 424:./src/stm32f7xx_hal_eth.c ****       return HAL_ERROR;   
 425:./src/stm32f7xx_hal_eth.c ****     }
 426:./src/stm32f7xx_hal_eth.c ****     
 427:./src/stm32f7xx_hal_eth.c ****     /* Configure the MAC with the Duplex Mode fixed by the auto-negotiation process */
 428:./src/stm32f7xx_hal_eth.c ****     if((phyreg & PHY_DUPLEX_STATUS) != (uint32_t)RESET)
 429:./src/stm32f7xx_hal_eth.c ****     {
 430:./src/stm32f7xx_hal_eth.c ****       /* Set Ethernet duplex mode to Full-duplex following the auto-negotiation */
 431:./src/stm32f7xx_hal_eth.c ****       (heth->Init).DuplexMode = ETH_MODE_FULLDUPLEX;  
 432:./src/stm32f7xx_hal_eth.c ****     }
 433:./src/stm32f7xx_hal_eth.c ****     else
 434:./src/stm32f7xx_hal_eth.c ****     {
 435:./src/stm32f7xx_hal_eth.c ****       /* Set Ethernet duplex mode to Half-duplex following the auto-negotiation */
 436:./src/stm32f7xx_hal_eth.c ****       (heth->Init).DuplexMode = ETH_MODE_HALFDUPLEX;           
 437:./src/stm32f7xx_hal_eth.c ****     }
 438:./src/stm32f7xx_hal_eth.c ****     /* Configure the MAC with the speed fixed by the auto-negotiation process */
 439:./src/stm32f7xx_hal_eth.c ****     if((phyreg & PHY_SPEED_STATUS) == PHY_SPEED_STATUS)
 440:./src/stm32f7xx_hal_eth.c ****     {  
 441:./src/stm32f7xx_hal_eth.c ****       /* Set Ethernet speed to 10M following the auto-negotiation */
 442:./src/stm32f7xx_hal_eth.c ****       (heth->Init).Speed = ETH_SPEED_10M; 
 443:./src/stm32f7xx_hal_eth.c ****     }
 444:./src/stm32f7xx_hal_eth.c ****     else
 445:./src/stm32f7xx_hal_eth.c ****     {   
 446:./src/stm32f7xx_hal_eth.c ****       /* Set Ethernet speed to 100M following the auto-negotiation */ 
 447:./src/stm32f7xx_hal_eth.c ****       (heth->Init).Speed = ETH_SPEED_100M;
 448:./src/stm32f7xx_hal_eth.c ****     }
 449:./src/stm32f7xx_hal_eth.c ****   }
 450:./src/stm32f7xx_hal_eth.c ****   else /* AutoNegotiation Disable */
 451:./src/stm32f7xx_hal_eth.c ****   {
 452:./src/stm32f7xx_hal_eth.c ****     /* Check parameters */
 453:./src/stm32f7xx_hal_eth.c ****     assert_param(IS_ETH_SPEED(heth->Init.Speed));
 454:./src/stm32f7xx_hal_eth.c ****     assert_param(IS_ETH_DUPLEX_MODE(heth->Init.DuplexMode));
 455:./src/stm32f7xx_hal_eth.c ****     
 456:./src/stm32f7xx_hal_eth.c ****     /* Set MAC Speed and Duplex Mode */
 457:./src/stm32f7xx_hal_eth.c ****     if(HAL_ETH_WritePHYRegister(heth, PHY_BCR, ((uint16_t)((heth->Init).DuplexMode >> 3) |
 458:./src/stm32f7xx_hal_eth.c ****                                                 (uint16_t)((heth->Init).Speed >> 1))) != HAL_OK)
 459:./src/stm32f7xx_hal_eth.c ****     {
 460:./src/stm32f7xx_hal_eth.c ****       /* In case of write timeout */
 461:./src/stm32f7xx_hal_eth.c ****       err = ETH_ERROR;
 462:./src/stm32f7xx_hal_eth.c ****       
 463:./src/stm32f7xx_hal_eth.c ****       /* Config MAC and DMA */
 464:./src/stm32f7xx_hal_eth.c ****       ETH_MACDMAConfig(heth, err);
 465:./src/stm32f7xx_hal_eth.c ****       
 466:./src/stm32f7xx_hal_eth.c ****       /* Set the ETH peripheral state to READY */
 467:./src/stm32f7xx_hal_eth.c ****       heth->State = HAL_ETH_STATE_READY;
 468:./src/stm32f7xx_hal_eth.c ****       
 469:./src/stm32f7xx_hal_eth.c ****       /* Return HAL_ERROR */
 470:./src/stm32f7xx_hal_eth.c ****       return HAL_ERROR;
 471:./src/stm32f7xx_hal_eth.c ****     }  
 472:./src/stm32f7xx_hal_eth.c ****     
 473:./src/stm32f7xx_hal_eth.c ****     /* Delay to assure PHY configuration */
 474:./src/stm32f7xx_hal_eth.c ****     HAL_Delay(PHY_CONFIG_DELAY);
 475:./src/stm32f7xx_hal_eth.c ****   }
 476:./src/stm32f7xx_hal_eth.c ****   
 477:./src/stm32f7xx_hal_eth.c ****   /* Config MAC and DMA */
 478:./src/stm32f7xx_hal_eth.c ****   ETH_MACDMAConfig(heth, err);
 479:./src/stm32f7xx_hal_eth.c ****   
 480:./src/stm32f7xx_hal_eth.c ****   /* Set ETH HAL State to Ready */
 481:./src/stm32f7xx_hal_eth.c ****   heth->State= HAL_ETH_STATE_READY;
 482:./src/stm32f7xx_hal_eth.c ****   
 483:./src/stm32f7xx_hal_eth.c ****   /* Return function status */
 484:./src/stm32f7xx_hal_eth.c ****   return HAL_OK;
 485:./src/stm32f7xx_hal_eth.c **** }
 486:./src/stm32f7xx_hal_eth.c **** 
 487:./src/stm32f7xx_hal_eth.c **** /**
 488:./src/stm32f7xx_hal_eth.c ****   * @brief  De-Initializes the ETH peripheral. 
 489:./src/stm32f7xx_hal_eth.c ****   * @param  heth pointer to a ETH_HandleTypeDef structure that contains
 490:./src/stm32f7xx_hal_eth.c ****   *         the configuration information for ETHERNET module
 491:./src/stm32f7xx_hal_eth.c ****   * @retval HAL status
 492:./src/stm32f7xx_hal_eth.c ****   */
 493:./src/stm32f7xx_hal_eth.c **** HAL_StatusTypeDef HAL_ETH_DeInit(ETH_HandleTypeDef *heth)
 494:./src/stm32f7xx_hal_eth.c **** {
 495:./src/stm32f7xx_hal_eth.c ****   /* Set the ETH peripheral state to BUSY */
 496:./src/stm32f7xx_hal_eth.c ****   heth->State = HAL_ETH_STATE_BUSY;
 497:./src/stm32f7xx_hal_eth.c ****   
 498:./src/stm32f7xx_hal_eth.c **** #if (USE_HAL_ETH_REGISTER_CALLBACKS == 1)
 499:./src/stm32f7xx_hal_eth.c ****   if(heth->MspDeInitCallback == NULL)
 500:./src/stm32f7xx_hal_eth.c ****   {
 501:./src/stm32f7xx_hal_eth.c ****     heth->MspDeInitCallback = HAL_ETH_MspDeInit;
 502:./src/stm32f7xx_hal_eth.c ****   }
 503:./src/stm32f7xx_hal_eth.c ****   /* De-Init the low level hardware : GPIO, CLOCK, NVIC. */
 504:./src/stm32f7xx_hal_eth.c ****   heth->MspDeInitCallback(heth);
 505:./src/stm32f7xx_hal_eth.c **** #else
 506:./src/stm32f7xx_hal_eth.c ****   /* De-Init the low level hardware : GPIO, CLOCK, NVIC. */
 507:./src/stm32f7xx_hal_eth.c ****   HAL_ETH_MspDeInit(heth);
 508:./src/stm32f7xx_hal_eth.c **** #endif
 509:./src/stm32f7xx_hal_eth.c ****   
 510:./src/stm32f7xx_hal_eth.c ****   /* Set ETH HAL state to Disabled */
 511:./src/stm32f7xx_hal_eth.c ****   heth->State= HAL_ETH_STATE_RESET;
 512:./src/stm32f7xx_hal_eth.c **** 
 513:./src/stm32f7xx_hal_eth.c ****   /* Release Lock */
 514:./src/stm32f7xx_hal_eth.c ****   __HAL_UNLOCK(heth);
 515:./src/stm32f7xx_hal_eth.c **** 
 516:./src/stm32f7xx_hal_eth.c ****   /* Return function status */
 517:./src/stm32f7xx_hal_eth.c ****   return HAL_OK;
 518:./src/stm32f7xx_hal_eth.c **** }
 519:./src/stm32f7xx_hal_eth.c **** 
 520:./src/stm32f7xx_hal_eth.c **** /**
 521:./src/stm32f7xx_hal_eth.c ****   * @brief  Initializes the DMA Tx descriptors in chain mode.
 522:./src/stm32f7xx_hal_eth.c ****   * @param  heth pointer to a ETH_HandleTypeDef structure that contains
 523:./src/stm32f7xx_hal_eth.c ****   *         the configuration information for ETHERNET module  
 524:./src/stm32f7xx_hal_eth.c ****   * @param  DMATxDescTab Pointer to the first Tx desc list 
 525:./src/stm32f7xx_hal_eth.c ****   * @param  TxBuff Pointer to the first TxBuffer list
 526:./src/stm32f7xx_hal_eth.c ****   * @param  TxBuffCount Number of the used Tx desc in the list
 527:./src/stm32f7xx_hal_eth.c ****   * @retval HAL status
 528:./src/stm32f7xx_hal_eth.c ****   */
 529:./src/stm32f7xx_hal_eth.c **** HAL_StatusTypeDef HAL_ETH_DMATxDescListInit(ETH_HandleTypeDef *heth, ETH_DMADescTypeDef *DMATxDescT
 530:./src/stm32f7xx_hal_eth.c **** {
 531:./src/stm32f7xx_hal_eth.c ****   uint32_t i = 0;
 532:./src/stm32f7xx_hal_eth.c ****   ETH_DMADescTypeDef *dmatxdesc;
 533:./src/stm32f7xx_hal_eth.c ****   
 534:./src/stm32f7xx_hal_eth.c ****   /* Process Locked */
 535:./src/stm32f7xx_hal_eth.c ****   __HAL_LOCK(heth);
 536:./src/stm32f7xx_hal_eth.c ****   
 537:./src/stm32f7xx_hal_eth.c ****   /* Set the ETH peripheral state to BUSY */
 538:./src/stm32f7xx_hal_eth.c ****   heth->State = HAL_ETH_STATE_BUSY;
 539:./src/stm32f7xx_hal_eth.c ****   
 540:./src/stm32f7xx_hal_eth.c ****   /* Set the DMATxDescToSet pointer with the first one of the DMATxDescTab list */
 541:./src/stm32f7xx_hal_eth.c ****   heth->TxDesc = DMATxDescTab;
 542:./src/stm32f7xx_hal_eth.c ****   
 543:./src/stm32f7xx_hal_eth.c ****   /* Fill each DMATxDesc descriptor with the right values */   
 544:./src/stm32f7xx_hal_eth.c ****   for(i=0; i < TxBuffCount; i++)
 545:./src/stm32f7xx_hal_eth.c ****   {
 546:./src/stm32f7xx_hal_eth.c ****     /* Get the pointer on the ith member of the Tx Desc list */
 547:./src/stm32f7xx_hal_eth.c ****     dmatxdesc = DMATxDescTab + i;
 548:./src/stm32f7xx_hal_eth.c ****     
 549:./src/stm32f7xx_hal_eth.c ****     /* Set Second Address Chained bit */
 550:./src/stm32f7xx_hal_eth.c ****     dmatxdesc->Status = ETH_DMATXDESC_TCH;  
 551:./src/stm32f7xx_hal_eth.c ****     
 552:./src/stm32f7xx_hal_eth.c ****     /* Set Buffer1 address pointer */
 553:./src/stm32f7xx_hal_eth.c ****     dmatxdesc->Buffer1Addr = (uint32_t)(&TxBuff[i*ETH_TX_BUF_SIZE]);
 554:./src/stm32f7xx_hal_eth.c ****     
 555:./src/stm32f7xx_hal_eth.c ****     if ((heth->Init).ChecksumMode == ETH_CHECKSUM_BY_HARDWARE)
 556:./src/stm32f7xx_hal_eth.c ****     {
 557:./src/stm32f7xx_hal_eth.c ****       /* Set the DMA Tx descriptors checksum insertion */
 558:./src/stm32f7xx_hal_eth.c ****       dmatxdesc->Status |= ETH_DMATXDESC_CHECKSUMTCPUDPICMPFULL;
 559:./src/stm32f7xx_hal_eth.c ****     }
 560:./src/stm32f7xx_hal_eth.c ****     
 561:./src/stm32f7xx_hal_eth.c ****     /* Initialize the next descriptor with the Next Descriptor Polling Enable */
 562:./src/stm32f7xx_hal_eth.c ****     if(i < (TxBuffCount-1))
 563:./src/stm32f7xx_hal_eth.c ****     {
 564:./src/stm32f7xx_hal_eth.c ****       /* Set next descriptor address register with next descriptor base address */
 565:./src/stm32f7xx_hal_eth.c ****       dmatxdesc->Buffer2NextDescAddr = (uint32_t)(DMATxDescTab+i+1);
 566:./src/stm32f7xx_hal_eth.c ****     }
 567:./src/stm32f7xx_hal_eth.c ****     else
 568:./src/stm32f7xx_hal_eth.c ****     {
 569:./src/stm32f7xx_hal_eth.c ****       /* For last descriptor, set next descriptor address register equal to the first descriptor ba
 570:./src/stm32f7xx_hal_eth.c ****       dmatxdesc->Buffer2NextDescAddr = (uint32_t) DMATxDescTab;  
 571:./src/stm32f7xx_hal_eth.c ****     }
 572:./src/stm32f7xx_hal_eth.c ****   }
 573:./src/stm32f7xx_hal_eth.c ****   
 574:./src/stm32f7xx_hal_eth.c ****   /* Set Transmit Descriptor List Address Register */
 575:./src/stm32f7xx_hal_eth.c ****   (heth->Instance)->DMATDLAR = (uint32_t) DMATxDescTab;
 576:./src/stm32f7xx_hal_eth.c ****   
 577:./src/stm32f7xx_hal_eth.c ****   /* Set ETH HAL State to Ready */
 578:./src/stm32f7xx_hal_eth.c ****   heth->State= HAL_ETH_STATE_READY;
 579:./src/stm32f7xx_hal_eth.c ****   
 580:./src/stm32f7xx_hal_eth.c ****   /* Process Unlocked */
 581:./src/stm32f7xx_hal_eth.c ****   __HAL_UNLOCK(heth);
 582:./src/stm32f7xx_hal_eth.c ****   
 583:./src/stm32f7xx_hal_eth.c ****   /* Return function status */
 584:./src/stm32f7xx_hal_eth.c ****   return HAL_OK;
 585:./src/stm32f7xx_hal_eth.c **** }
 586:./src/stm32f7xx_hal_eth.c **** 
 587:./src/stm32f7xx_hal_eth.c **** /**
 588:./src/stm32f7xx_hal_eth.c ****   * @brief  Initializes the DMA Rx descriptors in chain mode.
 589:./src/stm32f7xx_hal_eth.c ****   * @param  heth pointer to a ETH_HandleTypeDef structure that contains
 590:./src/stm32f7xx_hal_eth.c ****   *         the configuration information for ETHERNET module  
 591:./src/stm32f7xx_hal_eth.c ****   * @param  DMARxDescTab Pointer to the first Rx desc list 
 592:./src/stm32f7xx_hal_eth.c ****   * @param  RxBuff Pointer to the first RxBuffer list
 593:./src/stm32f7xx_hal_eth.c ****   * @param  RxBuffCount Number of the used Rx desc in the list
 594:./src/stm32f7xx_hal_eth.c ****   * @retval HAL status
 595:./src/stm32f7xx_hal_eth.c ****   */
 596:./src/stm32f7xx_hal_eth.c **** HAL_StatusTypeDef HAL_ETH_DMARxDescListInit(ETH_HandleTypeDef *heth, ETH_DMADescTypeDef *DMARxDescT
 597:./src/stm32f7xx_hal_eth.c **** {
 598:./src/stm32f7xx_hal_eth.c ****   uint32_t i = 0;
 599:./src/stm32f7xx_hal_eth.c ****   ETH_DMADescTypeDef *DMARxDesc;
 600:./src/stm32f7xx_hal_eth.c ****   
 601:./src/stm32f7xx_hal_eth.c ****   /* Process Locked */
 602:./src/stm32f7xx_hal_eth.c ****   __HAL_LOCK(heth);
 603:./src/stm32f7xx_hal_eth.c ****   
 604:./src/stm32f7xx_hal_eth.c ****   /* Set the ETH peripheral state to BUSY */
 605:./src/stm32f7xx_hal_eth.c ****   heth->State = HAL_ETH_STATE_BUSY;
 606:./src/stm32f7xx_hal_eth.c ****   
 607:./src/stm32f7xx_hal_eth.c ****   /* Set the Ethernet RxDesc pointer with the first one of the DMARxDescTab list */
 608:./src/stm32f7xx_hal_eth.c ****   heth->RxDesc = DMARxDescTab; 
 609:./src/stm32f7xx_hal_eth.c ****   
 610:./src/stm32f7xx_hal_eth.c ****   /* Fill each DMARxDesc descriptor with the right values */
 611:./src/stm32f7xx_hal_eth.c ****   for(i=0; i < RxBuffCount; i++)
 612:./src/stm32f7xx_hal_eth.c ****   {
 613:./src/stm32f7xx_hal_eth.c ****     /* Get the pointer on the ith member of the Rx Desc list */
 614:./src/stm32f7xx_hal_eth.c ****     DMARxDesc = DMARxDescTab+i;
 615:./src/stm32f7xx_hal_eth.c ****     
 616:./src/stm32f7xx_hal_eth.c ****     /* Set Own bit of the Rx descriptor Status */
 617:./src/stm32f7xx_hal_eth.c ****     DMARxDesc->Status = ETH_DMARXDESC_OWN;
 618:./src/stm32f7xx_hal_eth.c ****     
 619:./src/stm32f7xx_hal_eth.c ****     /* Set Buffer1 size and Second Address Chained bit */
 620:./src/stm32f7xx_hal_eth.c ****     DMARxDesc->ControlBufferSize = ETH_DMARXDESC_RCH | ETH_RX_BUF_SIZE;  
 621:./src/stm32f7xx_hal_eth.c ****     
 622:./src/stm32f7xx_hal_eth.c ****     /* Set Buffer1 address pointer */
 623:./src/stm32f7xx_hal_eth.c ****     DMARxDesc->Buffer1Addr = (uint32_t)(&RxBuff[i*ETH_RX_BUF_SIZE]);
 624:./src/stm32f7xx_hal_eth.c ****     
 625:./src/stm32f7xx_hal_eth.c ****     if((heth->Init).RxMode == ETH_RXINTERRUPT_MODE)
 626:./src/stm32f7xx_hal_eth.c ****     {
 627:./src/stm32f7xx_hal_eth.c ****       /* Enable Ethernet DMA Rx Descriptor interrupt */
 628:./src/stm32f7xx_hal_eth.c ****       DMARxDesc->ControlBufferSize &= ~ETH_DMARXDESC_DIC;
 629:./src/stm32f7xx_hal_eth.c ****     }
 630:./src/stm32f7xx_hal_eth.c ****     
 631:./src/stm32f7xx_hal_eth.c ****     /* Initialize the next descriptor with the Next Descriptor Polling Enable */
 632:./src/stm32f7xx_hal_eth.c ****     if(i < (RxBuffCount-1))
 633:./src/stm32f7xx_hal_eth.c ****     {
 634:./src/stm32f7xx_hal_eth.c ****       /* Set next descriptor address register with next descriptor base address */
 635:./src/stm32f7xx_hal_eth.c ****       DMARxDesc->Buffer2NextDescAddr = (uint32_t)(DMARxDescTab+i+1); 
 636:./src/stm32f7xx_hal_eth.c ****     }
 637:./src/stm32f7xx_hal_eth.c ****     else
 638:./src/stm32f7xx_hal_eth.c ****     {
 639:./src/stm32f7xx_hal_eth.c ****       /* For last descriptor, set next descriptor address register equal to the first descriptor ba
 640:./src/stm32f7xx_hal_eth.c ****       DMARxDesc->Buffer2NextDescAddr = (uint32_t)(DMARxDescTab); 
 641:./src/stm32f7xx_hal_eth.c ****     }
 642:./src/stm32f7xx_hal_eth.c ****   }
 643:./src/stm32f7xx_hal_eth.c ****   
 644:./src/stm32f7xx_hal_eth.c ****   /* Set Receive Descriptor List Address Register */
 645:./src/stm32f7xx_hal_eth.c ****   (heth->Instance)->DMARDLAR = (uint32_t) DMARxDescTab;
 646:./src/stm32f7xx_hal_eth.c ****   
 647:./src/stm32f7xx_hal_eth.c ****   /* Set ETH HAL State to Ready */
 648:./src/stm32f7xx_hal_eth.c ****   heth->State= HAL_ETH_STATE_READY;
 649:./src/stm32f7xx_hal_eth.c ****   
 650:./src/stm32f7xx_hal_eth.c ****   /* Process Unlocked */
 651:./src/stm32f7xx_hal_eth.c ****   __HAL_UNLOCK(heth);
 652:./src/stm32f7xx_hal_eth.c ****   
 653:./src/stm32f7xx_hal_eth.c ****   /* Return function status */
 654:./src/stm32f7xx_hal_eth.c ****   return HAL_OK;
 655:./src/stm32f7xx_hal_eth.c **** }
 656:./src/stm32f7xx_hal_eth.c **** 
 657:./src/stm32f7xx_hal_eth.c **** /**
 658:./src/stm32f7xx_hal_eth.c ****   * @brief  Initializes the ETH MSP.
 659:./src/stm32f7xx_hal_eth.c ****   * @param  heth pointer to a ETH_HandleTypeDef structure that contains
 660:./src/stm32f7xx_hal_eth.c ****   *         the configuration information for ETHERNET module
 661:./src/stm32f7xx_hal_eth.c ****   * @retval None
 662:./src/stm32f7xx_hal_eth.c ****   */
 663:./src/stm32f7xx_hal_eth.c **** __weak void HAL_ETH_MspInit(ETH_HandleTypeDef *heth)
 664:./src/stm32f7xx_hal_eth.c **** {
 665:./src/stm32f7xx_hal_eth.c ****   /* Prevent unused argument(s) compilation warning */
 666:./src/stm32f7xx_hal_eth.c ****   UNUSED(heth);
 667:./src/stm32f7xx_hal_eth.c ****  
 668:./src/stm32f7xx_hal_eth.c ****   /* NOTE : This function Should not be modified, when the callback is needed,
 669:./src/stm32f7xx_hal_eth.c ****   the HAL_ETH_MspInit could be implemented in the user file
 670:./src/stm32f7xx_hal_eth.c ****   */
 671:./src/stm32f7xx_hal_eth.c **** }
 672:./src/stm32f7xx_hal_eth.c **** 
 673:./src/stm32f7xx_hal_eth.c **** /**
 674:./src/stm32f7xx_hal_eth.c ****   * @brief  DeInitializes ETH MSP.
 675:./src/stm32f7xx_hal_eth.c ****   * @param  heth pointer to a ETH_HandleTypeDef structure that contains
 676:./src/stm32f7xx_hal_eth.c ****   *         the configuration information for ETHERNET module
 677:./src/stm32f7xx_hal_eth.c ****   * @retval None
 678:./src/stm32f7xx_hal_eth.c ****   */
 679:./src/stm32f7xx_hal_eth.c **** __weak void HAL_ETH_MspDeInit(ETH_HandleTypeDef *heth)
 680:./src/stm32f7xx_hal_eth.c **** {
 681:./src/stm32f7xx_hal_eth.c ****   /* Prevent unused argument(s) compilation warning */
 682:./src/stm32f7xx_hal_eth.c ****   UNUSED(heth);
 683:./src/stm32f7xx_hal_eth.c ****  
 684:./src/stm32f7xx_hal_eth.c ****   /* NOTE : This function Should not be modified, when the callback is needed,
 685:./src/stm32f7xx_hal_eth.c ****   the HAL_ETH_MspDeInit could be implemented in the user file
 686:./src/stm32f7xx_hal_eth.c ****   */
 687:./src/stm32f7xx_hal_eth.c **** }
 688:./src/stm32f7xx_hal_eth.c **** 
 689:./src/stm32f7xx_hal_eth.c **** #if (USE_HAL_ETH_REGISTER_CALLBACKS == 1)
 690:./src/stm32f7xx_hal_eth.c **** /**
 691:./src/stm32f7xx_hal_eth.c ****   * @brief  Register a User ETH Callback
 692:./src/stm32f7xx_hal_eth.c ****   *         To be used instead of the weak predefined callback
 693:./src/stm32f7xx_hal_eth.c ****   * @param heth eth handle
 694:./src/stm32f7xx_hal_eth.c ****   * @param CallbackID ID of the callback to be registered
 695:./src/stm32f7xx_hal_eth.c ****   *        This parameter can be one of the following values:
 696:./src/stm32f7xx_hal_eth.c ****   *          @arg @ref HAL_ETH_TX_COMPLETE_CB_ID Tx Complete Callback ID
 697:./src/stm32f7xx_hal_eth.c ****   *          @arg @ref HAL_ETH_RX_COMPLETE_CB_ID Rx Complete Callback ID
 698:./src/stm32f7xx_hal_eth.c ****   *          @arg @ref HAL_ETH_DMA_ERROR_CB_ID   DMA Error Callback ID
 699:./src/stm32f7xx_hal_eth.c ****   *          @arg @ref HAL_ETH_MSPINIT_CB_ID     MspInit callback ID
 700:./src/stm32f7xx_hal_eth.c ****   *          @arg @ref HAL_ETH_MSPDEINIT_CB_ID   MspDeInit callback ID
 701:./src/stm32f7xx_hal_eth.c ****   * @param pCallback pointer to the Callback function
 702:./src/stm32f7xx_hal_eth.c ****   * @retval status
 703:./src/stm32f7xx_hal_eth.c ****   */
 704:./src/stm32f7xx_hal_eth.c **** HAL_StatusTypeDef HAL_ETH_RegisterCallback(ETH_HandleTypeDef *heth, HAL_ETH_CallbackIDTypeDef Callb
 705:./src/stm32f7xx_hal_eth.c **** {
 706:./src/stm32f7xx_hal_eth.c ****   HAL_StatusTypeDef status = HAL_OK;
 707:./src/stm32f7xx_hal_eth.c **** 
 708:./src/stm32f7xx_hal_eth.c ****   if(pCallback == NULL)
 709:./src/stm32f7xx_hal_eth.c ****   {
 710:./src/stm32f7xx_hal_eth.c ****     return HAL_ERROR;
 711:./src/stm32f7xx_hal_eth.c ****   }
 712:./src/stm32f7xx_hal_eth.c ****   /* Process locked */
 713:./src/stm32f7xx_hal_eth.c ****   __HAL_LOCK(heth);
 714:./src/stm32f7xx_hal_eth.c **** 
 715:./src/stm32f7xx_hal_eth.c ****   if(heth->State == HAL_ETH_STATE_READY)
 716:./src/stm32f7xx_hal_eth.c ****   {
 717:./src/stm32f7xx_hal_eth.c ****     switch (CallbackID)
 718:./src/stm32f7xx_hal_eth.c ****     {
 719:./src/stm32f7xx_hal_eth.c ****     case HAL_ETH_TX_COMPLETE_CB_ID :
 720:./src/stm32f7xx_hal_eth.c ****       heth->TxCpltCallback = pCallback;
 721:./src/stm32f7xx_hal_eth.c ****       break;
 722:./src/stm32f7xx_hal_eth.c **** 
 723:./src/stm32f7xx_hal_eth.c ****     case HAL_ETH_RX_COMPLETE_CB_ID :
 724:./src/stm32f7xx_hal_eth.c ****       heth->RxCpltCallback = pCallback;
 725:./src/stm32f7xx_hal_eth.c ****       break;
 726:./src/stm32f7xx_hal_eth.c **** 
 727:./src/stm32f7xx_hal_eth.c ****     case HAL_ETH_DMA_ERROR_CB_ID :
 728:./src/stm32f7xx_hal_eth.c ****       heth->DMAErrorCallback = pCallback;
 729:./src/stm32f7xx_hal_eth.c ****       break;
 730:./src/stm32f7xx_hal_eth.c **** 
 731:./src/stm32f7xx_hal_eth.c ****     case HAL_ETH_MSPINIT_CB_ID :
 732:./src/stm32f7xx_hal_eth.c ****       heth->MspInitCallback = pCallback;
 733:./src/stm32f7xx_hal_eth.c ****       break;
 734:./src/stm32f7xx_hal_eth.c **** 
 735:./src/stm32f7xx_hal_eth.c ****     case HAL_ETH_MSPDEINIT_CB_ID :
 736:./src/stm32f7xx_hal_eth.c ****       heth->MspDeInitCallback = pCallback;
 737:./src/stm32f7xx_hal_eth.c ****       break;
 738:./src/stm32f7xx_hal_eth.c **** 
 739:./src/stm32f7xx_hal_eth.c ****     default :
 740:./src/stm32f7xx_hal_eth.c ****       /* Return error status */
 741:./src/stm32f7xx_hal_eth.c ****       status =  HAL_ERROR;
 742:./src/stm32f7xx_hal_eth.c ****       break;
 743:./src/stm32f7xx_hal_eth.c ****     }
 744:./src/stm32f7xx_hal_eth.c ****   }
 745:./src/stm32f7xx_hal_eth.c ****   else if(heth->State == HAL_ETH_STATE_RESET)
 746:./src/stm32f7xx_hal_eth.c ****   {
 747:./src/stm32f7xx_hal_eth.c ****     switch (CallbackID)
 748:./src/stm32f7xx_hal_eth.c ****     {
 749:./src/stm32f7xx_hal_eth.c ****     case HAL_ETH_MSPINIT_CB_ID :
 750:./src/stm32f7xx_hal_eth.c ****       heth->MspInitCallback = pCallback;
 751:./src/stm32f7xx_hal_eth.c ****       break;
 752:./src/stm32f7xx_hal_eth.c **** 
 753:./src/stm32f7xx_hal_eth.c ****     case HAL_ETH_MSPDEINIT_CB_ID :
 754:./src/stm32f7xx_hal_eth.c ****       heth->MspDeInitCallback = pCallback;
 755:./src/stm32f7xx_hal_eth.c ****       break;
 756:./src/stm32f7xx_hal_eth.c **** 
 757:./src/stm32f7xx_hal_eth.c ****     default :
 758:./src/stm32f7xx_hal_eth.c ****       /* Return error status */
 759:./src/stm32f7xx_hal_eth.c ****       status =  HAL_ERROR;
 760:./src/stm32f7xx_hal_eth.c ****       break;
 761:./src/stm32f7xx_hal_eth.c ****     }
 762:./src/stm32f7xx_hal_eth.c ****   }
 763:./src/stm32f7xx_hal_eth.c ****   else
 764:./src/stm32f7xx_hal_eth.c ****   {
 765:./src/stm32f7xx_hal_eth.c ****     /* Return error status */
 766:./src/stm32f7xx_hal_eth.c ****     status =  HAL_ERROR;
 767:./src/stm32f7xx_hal_eth.c ****   }
 768:./src/stm32f7xx_hal_eth.c **** 
 769:./src/stm32f7xx_hal_eth.c ****   /* Release Lock */
 770:./src/stm32f7xx_hal_eth.c ****   __HAL_UNLOCK(heth);
 771:./src/stm32f7xx_hal_eth.c **** 
 772:./src/stm32f7xx_hal_eth.c ****   return status;
 773:./src/stm32f7xx_hal_eth.c **** }
 774:./src/stm32f7xx_hal_eth.c **** 
 775:./src/stm32f7xx_hal_eth.c **** /**
 776:./src/stm32f7xx_hal_eth.c ****   * @brief  Unregister an ETH Callback
 777:./src/stm32f7xx_hal_eth.c ****   *         ETH callabck is redirected to the weak predefined callback
 778:./src/stm32f7xx_hal_eth.c ****   * @param heth eth handle
 779:./src/stm32f7xx_hal_eth.c ****   * @param CallbackID ID of the callback to be unregistered
 780:./src/stm32f7xx_hal_eth.c ****   *        This parameter can be one of the following values:
 781:./src/stm32f7xx_hal_eth.c ****   *          @arg @ref HAL_ETH_TX_COMPLETE_CB_ID Tx Complete Callback ID
 782:./src/stm32f7xx_hal_eth.c ****   *          @arg @ref HAL_ETH_RX_COMPLETE_CB_ID Rx Complete Callback ID
 783:./src/stm32f7xx_hal_eth.c ****   *          @arg @ref HAL_ETH_DMA_ERROR_CB_ID   DMA Error Callback ID
 784:./src/stm32f7xx_hal_eth.c ****   *          @arg @ref HAL_ETH_MSPINIT_CB_ID     MspInit callback ID
 785:./src/stm32f7xx_hal_eth.c ****   *          @arg @ref HAL_ETH_MSPDEINIT_CB_ID   MspDeInit callback ID
 786:./src/stm32f7xx_hal_eth.c ****   * @retval status
 787:./src/stm32f7xx_hal_eth.c ****   */
 788:./src/stm32f7xx_hal_eth.c **** HAL_StatusTypeDef HAL_ETH_UnRegisterCallback(ETH_HandleTypeDef *heth, HAL_ETH_CallbackIDTypeDef Cal
 789:./src/stm32f7xx_hal_eth.c **** {
 790:./src/stm32f7xx_hal_eth.c ****   HAL_StatusTypeDef status = HAL_OK;
 791:./src/stm32f7xx_hal_eth.c **** 
 792:./src/stm32f7xx_hal_eth.c ****   /* Process locked */
 793:./src/stm32f7xx_hal_eth.c ****   __HAL_LOCK(heth);
 794:./src/stm32f7xx_hal_eth.c **** 
 795:./src/stm32f7xx_hal_eth.c ****   if(heth->State == HAL_ETH_STATE_READY)
 796:./src/stm32f7xx_hal_eth.c ****   {
 797:./src/stm32f7xx_hal_eth.c ****     switch (CallbackID)
 798:./src/stm32f7xx_hal_eth.c ****     {
 799:./src/stm32f7xx_hal_eth.c ****     case HAL_ETH_TX_COMPLETE_CB_ID :
 800:./src/stm32f7xx_hal_eth.c ****       heth->TxCpltCallback = HAL_ETH_TxCpltCallback;
 801:./src/stm32f7xx_hal_eth.c ****       break;
 802:./src/stm32f7xx_hal_eth.c **** 
 803:./src/stm32f7xx_hal_eth.c ****     case HAL_ETH_RX_COMPLETE_CB_ID :
 804:./src/stm32f7xx_hal_eth.c ****       heth->RxCpltCallback = HAL_ETH_RxCpltCallback;
 805:./src/stm32f7xx_hal_eth.c ****       break;
 806:./src/stm32f7xx_hal_eth.c **** 
 807:./src/stm32f7xx_hal_eth.c ****     case HAL_ETH_DMA_ERROR_CB_ID :
 808:./src/stm32f7xx_hal_eth.c ****       heth->DMAErrorCallback = HAL_ETH_ErrorCallback;
 809:./src/stm32f7xx_hal_eth.c ****       break;
 810:./src/stm32f7xx_hal_eth.c **** 
 811:./src/stm32f7xx_hal_eth.c ****     case HAL_ETH_MSPINIT_CB_ID :
 812:./src/stm32f7xx_hal_eth.c ****       heth->MspInitCallback = HAL_ETH_MspInit;
 813:./src/stm32f7xx_hal_eth.c ****       break;
 814:./src/stm32f7xx_hal_eth.c **** 
 815:./src/stm32f7xx_hal_eth.c ****     case HAL_ETH_MSPDEINIT_CB_ID :
 816:./src/stm32f7xx_hal_eth.c ****       heth->MspDeInitCallback = HAL_ETH_MspDeInit;
 817:./src/stm32f7xx_hal_eth.c ****       break;
 818:./src/stm32f7xx_hal_eth.c **** 
 819:./src/stm32f7xx_hal_eth.c ****     default :
 820:./src/stm32f7xx_hal_eth.c ****       /* Return error status */
 821:./src/stm32f7xx_hal_eth.c ****       status =  HAL_ERROR;
 822:./src/stm32f7xx_hal_eth.c ****       break;
 823:./src/stm32f7xx_hal_eth.c ****     }
 824:./src/stm32f7xx_hal_eth.c ****   }
 825:./src/stm32f7xx_hal_eth.c ****   else if(heth->State == HAL_ETH_STATE_RESET)
 826:./src/stm32f7xx_hal_eth.c ****   {
 827:./src/stm32f7xx_hal_eth.c ****     switch (CallbackID)
 828:./src/stm32f7xx_hal_eth.c ****     {
 829:./src/stm32f7xx_hal_eth.c ****     case HAL_ETH_MSPINIT_CB_ID :
 830:./src/stm32f7xx_hal_eth.c ****       heth->MspInitCallback = HAL_ETH_MspInit;
 831:./src/stm32f7xx_hal_eth.c ****       break;
 832:./src/stm32f7xx_hal_eth.c **** 
 833:./src/stm32f7xx_hal_eth.c ****     case HAL_ETH_MSPDEINIT_CB_ID :
 834:./src/stm32f7xx_hal_eth.c ****       heth->MspDeInitCallback = HAL_ETH_MspDeInit;
 835:./src/stm32f7xx_hal_eth.c ****       break;
 836:./src/stm32f7xx_hal_eth.c **** 
 837:./src/stm32f7xx_hal_eth.c ****     default :
 838:./src/stm32f7xx_hal_eth.c ****       /* Return error status */
 839:./src/stm32f7xx_hal_eth.c ****       status =  HAL_ERROR;
 840:./src/stm32f7xx_hal_eth.c ****       break;
 841:./src/stm32f7xx_hal_eth.c ****     }
 842:./src/stm32f7xx_hal_eth.c ****   }
 843:./src/stm32f7xx_hal_eth.c ****   else
 844:./src/stm32f7xx_hal_eth.c ****   {
 845:./src/stm32f7xx_hal_eth.c ****     /* Return error status */
 846:./src/stm32f7xx_hal_eth.c ****     status =  HAL_ERROR;
 847:./src/stm32f7xx_hal_eth.c ****   }
 848:./src/stm32f7xx_hal_eth.c **** 
 849:./src/stm32f7xx_hal_eth.c ****   /* Release Lock */
 850:./src/stm32f7xx_hal_eth.c ****   __HAL_UNLOCK(heth);
 851:./src/stm32f7xx_hal_eth.c **** 
 852:./src/stm32f7xx_hal_eth.c ****   return status;
 853:./src/stm32f7xx_hal_eth.c **** }
 854:./src/stm32f7xx_hal_eth.c **** #endif /* USE_HAL_ETH_REGISTER_CALLBACKS */
 855:./src/stm32f7xx_hal_eth.c **** 
 856:./src/stm32f7xx_hal_eth.c **** /**
 857:./src/stm32f7xx_hal_eth.c ****   * @}
 858:./src/stm32f7xx_hal_eth.c ****   */
 859:./src/stm32f7xx_hal_eth.c **** 
 860:./src/stm32f7xx_hal_eth.c **** /** @defgroup ETH_Exported_Functions_Group2 IO operation functions 
 861:./src/stm32f7xx_hal_eth.c ****   *  @brief   Data transfers functions 
 862:./src/stm32f7xx_hal_eth.c ****   *
 863:./src/stm32f7xx_hal_eth.c ****   @verbatim   
 864:./src/stm32f7xx_hal_eth.c ****   ==============================================================================
 865:./src/stm32f7xx_hal_eth.c ****                           ##### IO operation functions #####
 866:./src/stm32f7xx_hal_eth.c ****   ==============================================================================  
 867:./src/stm32f7xx_hal_eth.c ****   [..]  This section provides functions allowing to:
 868:./src/stm32f7xx_hal_eth.c ****         (+) Transmit a frame
 869:./src/stm32f7xx_hal_eth.c ****             HAL_ETH_TransmitFrame();
 870:./src/stm32f7xx_hal_eth.c ****         (+) Receive a frame
 871:./src/stm32f7xx_hal_eth.c ****             HAL_ETH_GetReceivedFrame();
 872:./src/stm32f7xx_hal_eth.c ****             HAL_ETH_GetReceivedFrame_IT();
 873:./src/stm32f7xx_hal_eth.c ****         (+) Read from an External PHY register
 874:./src/stm32f7xx_hal_eth.c ****             HAL_ETH_ReadPHYRegister();
 875:./src/stm32f7xx_hal_eth.c ****         (+) Write to an External PHY register
 876:./src/stm32f7xx_hal_eth.c ****             HAL_ETH_WritePHYRegister();
 877:./src/stm32f7xx_hal_eth.c **** 
 878:./src/stm32f7xx_hal_eth.c ****   @endverbatim
 879:./src/stm32f7xx_hal_eth.c ****   
 880:./src/stm32f7xx_hal_eth.c ****   * @{
 881:./src/stm32f7xx_hal_eth.c ****   */
 882:./src/stm32f7xx_hal_eth.c **** 
 883:./src/stm32f7xx_hal_eth.c **** /**
 884:./src/stm32f7xx_hal_eth.c ****   * @brief  Sends an Ethernet frame. 
 885:./src/stm32f7xx_hal_eth.c ****   * @param  heth pointer to a ETH_HandleTypeDef structure that contains
 886:./src/stm32f7xx_hal_eth.c ****   *         the configuration information for ETHERNET module
 887:./src/stm32f7xx_hal_eth.c ****   * @param  FrameLength Amount of data to be sent
 888:./src/stm32f7xx_hal_eth.c ****   * @retval HAL status
 889:./src/stm32f7xx_hal_eth.c ****   */
 890:./src/stm32f7xx_hal_eth.c **** HAL_StatusTypeDef HAL_ETH_TransmitFrame(ETH_HandleTypeDef *heth, uint32_t FrameLength)
 891:./src/stm32f7xx_hal_eth.c **** {
 892:./src/stm32f7xx_hal_eth.c ****   uint32_t bufcount = 0, size = 0, i = 0;
 893:./src/stm32f7xx_hal_eth.c ****   
 894:./src/stm32f7xx_hal_eth.c ****   /* Process Locked */
 895:./src/stm32f7xx_hal_eth.c ****   __HAL_LOCK(heth);
 896:./src/stm32f7xx_hal_eth.c ****   
 897:./src/stm32f7xx_hal_eth.c ****   /* Set the ETH peripheral state to BUSY */
 898:./src/stm32f7xx_hal_eth.c ****   heth->State = HAL_ETH_STATE_BUSY;
 899:./src/stm32f7xx_hal_eth.c ****   
 900:./src/stm32f7xx_hal_eth.c ****   if (FrameLength == 0) 
 901:./src/stm32f7xx_hal_eth.c ****   {
 902:./src/stm32f7xx_hal_eth.c ****     /* Set ETH HAL state to READY */
 903:./src/stm32f7xx_hal_eth.c ****     heth->State = HAL_ETH_STATE_READY;
 904:./src/stm32f7xx_hal_eth.c ****     
 905:./src/stm32f7xx_hal_eth.c ****     /* Process Unlocked */
 906:./src/stm32f7xx_hal_eth.c ****     __HAL_UNLOCK(heth);
 907:./src/stm32f7xx_hal_eth.c ****     
 908:./src/stm32f7xx_hal_eth.c ****     return  HAL_ERROR;                                    
 909:./src/stm32f7xx_hal_eth.c ****   }  
 910:./src/stm32f7xx_hal_eth.c ****   
 911:./src/stm32f7xx_hal_eth.c ****   /* Check if the descriptor is owned by the ETHERNET DMA (when set) or CPU (when reset) */
 912:./src/stm32f7xx_hal_eth.c ****   if(((heth->TxDesc)->Status & ETH_DMATXDESC_OWN) != (uint32_t)RESET)
 913:./src/stm32f7xx_hal_eth.c ****   {  
 914:./src/stm32f7xx_hal_eth.c ****     /* OWN bit set */
 915:./src/stm32f7xx_hal_eth.c ****     heth->State = HAL_ETH_STATE_BUSY_TX;
 916:./src/stm32f7xx_hal_eth.c ****     
 917:./src/stm32f7xx_hal_eth.c ****     /* Process Unlocked */
 918:./src/stm32f7xx_hal_eth.c ****     __HAL_UNLOCK(heth);
 919:./src/stm32f7xx_hal_eth.c ****     
 920:./src/stm32f7xx_hal_eth.c ****     return HAL_ERROR;
 921:./src/stm32f7xx_hal_eth.c ****   }
 922:./src/stm32f7xx_hal_eth.c ****   
 923:./src/stm32f7xx_hal_eth.c ****   /* Get the number of needed Tx buffers for the current frame */
 924:./src/stm32f7xx_hal_eth.c ****   if (FrameLength > ETH_TX_BUF_SIZE)
 925:./src/stm32f7xx_hal_eth.c ****   {
 926:./src/stm32f7xx_hal_eth.c ****     bufcount = FrameLength/ETH_TX_BUF_SIZE;
 927:./src/stm32f7xx_hal_eth.c ****     if (FrameLength % ETH_TX_BUF_SIZE) 
 928:./src/stm32f7xx_hal_eth.c ****     {
 929:./src/stm32f7xx_hal_eth.c ****       bufcount++;
 930:./src/stm32f7xx_hal_eth.c ****     }
 931:./src/stm32f7xx_hal_eth.c ****   }
 932:./src/stm32f7xx_hal_eth.c ****   else 
 933:./src/stm32f7xx_hal_eth.c ****   {  
 934:./src/stm32f7xx_hal_eth.c ****     bufcount = 1;
 935:./src/stm32f7xx_hal_eth.c ****   }
 936:./src/stm32f7xx_hal_eth.c ****   if (bufcount == 1)
 937:./src/stm32f7xx_hal_eth.c ****   {
 938:./src/stm32f7xx_hal_eth.c ****     /* Set LAST and FIRST segment */
 939:./src/stm32f7xx_hal_eth.c ****     heth->TxDesc->Status |=ETH_DMATXDESC_FS|ETH_DMATXDESC_LS;
 940:./src/stm32f7xx_hal_eth.c ****     /* Set frame size */
 941:./src/stm32f7xx_hal_eth.c ****     heth->TxDesc->ControlBufferSize = (FrameLength & ETH_DMATXDESC_TBS1);
 942:./src/stm32f7xx_hal_eth.c ****     /* Set Own bit of the Tx descriptor Status: gives the buffer back to ETHERNET DMA */
 943:./src/stm32f7xx_hal_eth.c ****     heth->TxDesc->Status |= ETH_DMATXDESC_OWN;
 944:./src/stm32f7xx_hal_eth.c ****     /* Point to next descriptor */
 945:./src/stm32f7xx_hal_eth.c ****     heth->TxDesc= (ETH_DMADescTypeDef *)(heth->TxDesc->Buffer2NextDescAddr);
 946:./src/stm32f7xx_hal_eth.c ****   }
 947:./src/stm32f7xx_hal_eth.c ****   else
 948:./src/stm32f7xx_hal_eth.c ****   {
 949:./src/stm32f7xx_hal_eth.c ****     for (i=0; i< bufcount; i++)
 950:./src/stm32f7xx_hal_eth.c ****     {
 951:./src/stm32f7xx_hal_eth.c ****       /* Clear FIRST and LAST segment bits */
 952:./src/stm32f7xx_hal_eth.c ****       heth->TxDesc->Status &= ~(ETH_DMATXDESC_FS | ETH_DMATXDESC_LS);
 953:./src/stm32f7xx_hal_eth.c ****       
 954:./src/stm32f7xx_hal_eth.c ****       if (i == 0) 
 955:./src/stm32f7xx_hal_eth.c ****       {
 956:./src/stm32f7xx_hal_eth.c ****         /* Setting the first segment bit */
 957:./src/stm32f7xx_hal_eth.c ****         heth->TxDesc->Status |= ETH_DMATXDESC_FS;  
 958:./src/stm32f7xx_hal_eth.c ****       }
 959:./src/stm32f7xx_hal_eth.c ****       
 960:./src/stm32f7xx_hal_eth.c ****       /* Program size */
 961:./src/stm32f7xx_hal_eth.c ****       heth->TxDesc->ControlBufferSize = (ETH_TX_BUF_SIZE & ETH_DMATXDESC_TBS1);
 962:./src/stm32f7xx_hal_eth.c ****       
 963:./src/stm32f7xx_hal_eth.c ****       if (i == (bufcount-1))
 964:./src/stm32f7xx_hal_eth.c ****       {
 965:./src/stm32f7xx_hal_eth.c ****         /* Setting the last segment bit */
 966:./src/stm32f7xx_hal_eth.c ****         heth->TxDesc->Status |= ETH_DMATXDESC_LS;
 967:./src/stm32f7xx_hal_eth.c ****         size = FrameLength - (bufcount-1)*ETH_TX_BUF_SIZE;
 968:./src/stm32f7xx_hal_eth.c ****         heth->TxDesc->ControlBufferSize = (size & ETH_DMATXDESC_TBS1);
 969:./src/stm32f7xx_hal_eth.c ****       }
 970:./src/stm32f7xx_hal_eth.c ****       
 971:./src/stm32f7xx_hal_eth.c ****       /* Set Own bit of the Tx descriptor Status: gives the buffer back to ETHERNET DMA */
 972:./src/stm32f7xx_hal_eth.c ****       heth->TxDesc->Status |= ETH_DMATXDESC_OWN;
 973:./src/stm32f7xx_hal_eth.c ****       /* point to next descriptor */
 974:./src/stm32f7xx_hal_eth.c ****       heth->TxDesc = (ETH_DMADescTypeDef *)(heth->TxDesc->Buffer2NextDescAddr);
 975:./src/stm32f7xx_hal_eth.c ****     }
 976:./src/stm32f7xx_hal_eth.c ****   }
 977:./src/stm32f7xx_hal_eth.c ****   
 978:./src/stm32f7xx_hal_eth.c ****   /* When Tx Buffer unavailable flag is set: clear it and resume transmission */
 979:./src/stm32f7xx_hal_eth.c ****   if (((heth->Instance)->DMASR & ETH_DMASR_TBUS) != (uint32_t)RESET)
 980:./src/stm32f7xx_hal_eth.c ****   {
 981:./src/stm32f7xx_hal_eth.c ****     /* Clear TBUS ETHERNET DMA flag */
 982:./src/stm32f7xx_hal_eth.c ****     (heth->Instance)->DMASR = ETH_DMASR_TBUS;
 983:./src/stm32f7xx_hal_eth.c ****     /* Resume DMA transmission*/
 984:./src/stm32f7xx_hal_eth.c ****     (heth->Instance)->DMATPDR = 0;
 985:./src/stm32f7xx_hal_eth.c ****   }
 986:./src/stm32f7xx_hal_eth.c ****   
 987:./src/stm32f7xx_hal_eth.c ****   /* Set ETH HAL State to Ready */
 988:./src/stm32f7xx_hal_eth.c ****   heth->State = HAL_ETH_STATE_READY;
 989:./src/stm32f7xx_hal_eth.c ****   
 990:./src/stm32f7xx_hal_eth.c ****   /* Process Unlocked */
 991:./src/stm32f7xx_hal_eth.c ****   __HAL_UNLOCK(heth);
 992:./src/stm32f7xx_hal_eth.c ****   
 993:./src/stm32f7xx_hal_eth.c ****   /* Return function status */
 994:./src/stm32f7xx_hal_eth.c ****   return HAL_OK;
 995:./src/stm32f7xx_hal_eth.c **** }
 996:./src/stm32f7xx_hal_eth.c **** 
 997:./src/stm32f7xx_hal_eth.c **** /**
 998:./src/stm32f7xx_hal_eth.c ****   * @brief  Checks for received frames. 
 999:./src/stm32f7xx_hal_eth.c ****   * @param  heth pointer to a ETH_HandleTypeDef structure that contains
1000:./src/stm32f7xx_hal_eth.c ****   *         the configuration information for ETHERNET module
1001:./src/stm32f7xx_hal_eth.c ****   * @retval HAL status
1002:./src/stm32f7xx_hal_eth.c ****   */
1003:./src/stm32f7xx_hal_eth.c **** HAL_StatusTypeDef HAL_ETH_GetReceivedFrame(ETH_HandleTypeDef *heth)
1004:./src/stm32f7xx_hal_eth.c **** {
1005:./src/stm32f7xx_hal_eth.c ****   uint32_t framelength = 0;
1006:./src/stm32f7xx_hal_eth.c ****   
1007:./src/stm32f7xx_hal_eth.c ****   /* Process Locked */
1008:./src/stm32f7xx_hal_eth.c ****   __HAL_LOCK(heth);
1009:./src/stm32f7xx_hal_eth.c ****   
1010:./src/stm32f7xx_hal_eth.c ****   /* Check the ETH state to BUSY */
1011:./src/stm32f7xx_hal_eth.c ****   heth->State = HAL_ETH_STATE_BUSY;
1012:./src/stm32f7xx_hal_eth.c ****   
1013:./src/stm32f7xx_hal_eth.c ****   /* Check if segment is not owned by DMA */
1014:./src/stm32f7xx_hal_eth.c ****   /* (((heth->RxDesc->Status & ETH_DMARXDESC_OWN) == (uint32_t)RESET) && ((heth->RxDesc->Status & E
1015:./src/stm32f7xx_hal_eth.c ****   if(((heth->RxDesc->Status & ETH_DMARXDESC_OWN) == (uint32_t)RESET))
1016:./src/stm32f7xx_hal_eth.c ****   {
1017:./src/stm32f7xx_hal_eth.c ****     /* Check if last segment */
1018:./src/stm32f7xx_hal_eth.c ****     if(((heth->RxDesc->Status & ETH_DMARXDESC_LS) != (uint32_t)RESET)) 
1019:./src/stm32f7xx_hal_eth.c ****     {
1020:./src/stm32f7xx_hal_eth.c ****       /* increment segment count */
1021:./src/stm32f7xx_hal_eth.c ****       (heth->RxFrameInfos).SegCount++;
1022:./src/stm32f7xx_hal_eth.c ****       
1023:./src/stm32f7xx_hal_eth.c ****       /* Check if last segment is first segment: one segment contains the frame */
1024:./src/stm32f7xx_hal_eth.c ****       if ((heth->RxFrameInfos).SegCount == 1)
1025:./src/stm32f7xx_hal_eth.c ****       {
1026:./src/stm32f7xx_hal_eth.c ****         (heth->RxFrameInfos).FSRxDesc =heth->RxDesc;
1027:./src/stm32f7xx_hal_eth.c ****       }
1028:./src/stm32f7xx_hal_eth.c ****       
1029:./src/stm32f7xx_hal_eth.c ****       heth->RxFrameInfos.LSRxDesc = heth->RxDesc;
1030:./src/stm32f7xx_hal_eth.c ****       
1031:./src/stm32f7xx_hal_eth.c ****       /* Get the Frame Length of the received packet: substruct 4 bytes of the CRC */
1032:./src/stm32f7xx_hal_eth.c ****       framelength = (((heth->RxDesc)->Status & ETH_DMARXDESC_FL) >> ETH_DMARXDESC_FRAMELENGTHSHIFT)
1033:./src/stm32f7xx_hal_eth.c ****       heth->RxFrameInfos.length = framelength;
1034:./src/stm32f7xx_hal_eth.c ****       
1035:./src/stm32f7xx_hal_eth.c ****       /* Get the address of the buffer start address */
1036:./src/stm32f7xx_hal_eth.c ****       heth->RxFrameInfos.buffer = ((heth->RxFrameInfos).FSRxDesc)->Buffer1Addr;
1037:./src/stm32f7xx_hal_eth.c ****       /* point to next descriptor */
1038:./src/stm32f7xx_hal_eth.c ****       heth->RxDesc = (ETH_DMADescTypeDef*) ((heth->RxDesc)->Buffer2NextDescAddr);
1039:./src/stm32f7xx_hal_eth.c ****       
1040:./src/stm32f7xx_hal_eth.c ****       /* Set HAL State to Ready */
1041:./src/stm32f7xx_hal_eth.c ****       heth->State = HAL_ETH_STATE_READY;
1042:./src/stm32f7xx_hal_eth.c ****       
1043:./src/stm32f7xx_hal_eth.c ****       /* Process Unlocked */
1044:./src/stm32f7xx_hal_eth.c ****       __HAL_UNLOCK(heth);
1045:./src/stm32f7xx_hal_eth.c ****       
1046:./src/stm32f7xx_hal_eth.c ****       /* Return function status */
1047:./src/stm32f7xx_hal_eth.c ****       return HAL_OK;
1048:./src/stm32f7xx_hal_eth.c ****     }
1049:./src/stm32f7xx_hal_eth.c ****     /* Check if first segment */
1050:./src/stm32f7xx_hal_eth.c ****     else if((heth->RxDesc->Status & ETH_DMARXDESC_FS) != (uint32_t)RESET)
1051:./src/stm32f7xx_hal_eth.c ****     {
1052:./src/stm32f7xx_hal_eth.c ****       (heth->RxFrameInfos).FSRxDesc = heth->RxDesc;
1053:./src/stm32f7xx_hal_eth.c ****       (heth->RxFrameInfos).LSRxDesc = NULL;
1054:./src/stm32f7xx_hal_eth.c ****       (heth->RxFrameInfos).SegCount = 1;
1055:./src/stm32f7xx_hal_eth.c ****       /* Point to next descriptor */
1056:./src/stm32f7xx_hal_eth.c ****       heth->RxDesc = (ETH_DMADescTypeDef*) (heth->RxDesc->Buffer2NextDescAddr);
1057:./src/stm32f7xx_hal_eth.c ****     }
1058:./src/stm32f7xx_hal_eth.c ****     /* Check if intermediate segment */ 
1059:./src/stm32f7xx_hal_eth.c ****     else
1060:./src/stm32f7xx_hal_eth.c ****     {
1061:./src/stm32f7xx_hal_eth.c ****       (heth->RxFrameInfos).SegCount++;
1062:./src/stm32f7xx_hal_eth.c ****       /* Point to next descriptor */
1063:./src/stm32f7xx_hal_eth.c ****       heth->RxDesc = (ETH_DMADescTypeDef*) (heth->RxDesc->Buffer2NextDescAddr);
1064:./src/stm32f7xx_hal_eth.c ****     } 
1065:./src/stm32f7xx_hal_eth.c ****   }
1066:./src/stm32f7xx_hal_eth.c ****   
1067:./src/stm32f7xx_hal_eth.c ****   /* Set ETH HAL State to Ready */
1068:./src/stm32f7xx_hal_eth.c ****   heth->State = HAL_ETH_STATE_READY;
1069:./src/stm32f7xx_hal_eth.c ****   
1070:./src/stm32f7xx_hal_eth.c ****   /* Process Unlocked */
1071:./src/stm32f7xx_hal_eth.c ****   __HAL_UNLOCK(heth);
1072:./src/stm32f7xx_hal_eth.c ****   
1073:./src/stm32f7xx_hal_eth.c ****   /* Return function status */
1074:./src/stm32f7xx_hal_eth.c ****   return HAL_ERROR;
1075:./src/stm32f7xx_hal_eth.c **** }
1076:./src/stm32f7xx_hal_eth.c **** 
1077:./src/stm32f7xx_hal_eth.c **** /**
1078:./src/stm32f7xx_hal_eth.c ****   * @brief  Gets the Received frame in interrupt mode. 
1079:./src/stm32f7xx_hal_eth.c ****   * @param  heth pointer to a ETH_HandleTypeDef structure that contains
1080:./src/stm32f7xx_hal_eth.c ****   *         the configuration information for ETHERNET module
1081:./src/stm32f7xx_hal_eth.c ****   * @retval HAL status
1082:./src/stm32f7xx_hal_eth.c ****   */
1083:./src/stm32f7xx_hal_eth.c **** HAL_StatusTypeDef HAL_ETH_GetReceivedFrame_IT(ETH_HandleTypeDef *heth)
1084:./src/stm32f7xx_hal_eth.c **** {
1085:./src/stm32f7xx_hal_eth.c ****   uint32_t descriptorscancounter = 0;
1086:./src/stm32f7xx_hal_eth.c ****   
1087:./src/stm32f7xx_hal_eth.c ****   /* Process Locked */
1088:./src/stm32f7xx_hal_eth.c ****   __HAL_LOCK(heth);
1089:./src/stm32f7xx_hal_eth.c ****   
1090:./src/stm32f7xx_hal_eth.c ****   /* Set ETH HAL State to BUSY */
1091:./src/stm32f7xx_hal_eth.c ****   heth->State = HAL_ETH_STATE_BUSY;
1092:./src/stm32f7xx_hal_eth.c ****   
1093:./src/stm32f7xx_hal_eth.c ****   /* Scan descriptors owned by CPU */
1094:./src/stm32f7xx_hal_eth.c ****   while (((heth->RxDesc->Status & ETH_DMARXDESC_OWN) == (uint32_t)RESET) && (descriptorscancounter 
1095:./src/stm32f7xx_hal_eth.c ****   {
1096:./src/stm32f7xx_hal_eth.c ****     /* Just for security */
1097:./src/stm32f7xx_hal_eth.c ****     descriptorscancounter++;
1098:./src/stm32f7xx_hal_eth.c ****     
1099:./src/stm32f7xx_hal_eth.c ****     /* Check if first segment in frame */
1100:./src/stm32f7xx_hal_eth.c ****     /* ((heth->RxDesc->Status & ETH_DMARXDESC_FS) != (uint32_t)RESET) && ((heth->RxDesc->Status & E
1101:./src/stm32f7xx_hal_eth.c ****     if((heth->RxDesc->Status & (ETH_DMARXDESC_FS | ETH_DMARXDESC_LS)) == (uint32_t)ETH_DMARXDESC_FS
1102:./src/stm32f7xx_hal_eth.c ****     { 
1103:./src/stm32f7xx_hal_eth.c ****       heth->RxFrameInfos.FSRxDesc = heth->RxDesc;
1104:./src/stm32f7xx_hal_eth.c ****       heth->RxFrameInfos.SegCount = 1;   
1105:./src/stm32f7xx_hal_eth.c ****       /* Point to next descriptor */
1106:./src/stm32f7xx_hal_eth.c ****       heth->RxDesc = (ETH_DMADescTypeDef*) (heth->RxDesc->Buffer2NextDescAddr);
1107:./src/stm32f7xx_hal_eth.c ****     }
1108:./src/stm32f7xx_hal_eth.c ****     /* Check if intermediate segment */
1109:./src/stm32f7xx_hal_eth.c ****     /* ((heth->RxDesc->Status & ETH_DMARXDESC_LS) == (uint32_t)RESET)&& ((heth->RxDesc->Status & ET
1110:./src/stm32f7xx_hal_eth.c ****     else if ((heth->RxDesc->Status & (ETH_DMARXDESC_LS | ETH_DMARXDESC_FS)) == (uint32_t)RESET)
1111:./src/stm32f7xx_hal_eth.c ****     {
1112:./src/stm32f7xx_hal_eth.c ****       /* Increment segment count */
1113:./src/stm32f7xx_hal_eth.c ****       (heth->RxFrameInfos.SegCount)++;
1114:./src/stm32f7xx_hal_eth.c ****       /* Point to next descriptor */
1115:./src/stm32f7xx_hal_eth.c ****       heth->RxDesc = (ETH_DMADescTypeDef*)(heth->RxDesc->Buffer2NextDescAddr);
1116:./src/stm32f7xx_hal_eth.c ****     }
1117:./src/stm32f7xx_hal_eth.c ****     /* Should be last segment */
1118:./src/stm32f7xx_hal_eth.c ****     else
1119:./src/stm32f7xx_hal_eth.c ****     { 
1120:./src/stm32f7xx_hal_eth.c ****       /* Last segment */
1121:./src/stm32f7xx_hal_eth.c ****       heth->RxFrameInfos.LSRxDesc = heth->RxDesc;
1122:./src/stm32f7xx_hal_eth.c ****       
1123:./src/stm32f7xx_hal_eth.c ****       /* Increment segment count */
1124:./src/stm32f7xx_hal_eth.c ****       (heth->RxFrameInfos.SegCount)++;
1125:./src/stm32f7xx_hal_eth.c ****       
1126:./src/stm32f7xx_hal_eth.c ****       /* Check if last segment is first segment: one segment contains the frame */
1127:./src/stm32f7xx_hal_eth.c ****       if ((heth->RxFrameInfos.SegCount) == 1)
1128:./src/stm32f7xx_hal_eth.c ****       {
1129:./src/stm32f7xx_hal_eth.c ****         heth->RxFrameInfos.FSRxDesc = heth->RxDesc;
1130:./src/stm32f7xx_hal_eth.c ****       }
1131:./src/stm32f7xx_hal_eth.c ****       
1132:./src/stm32f7xx_hal_eth.c ****       /* Get the Frame Length of the received packet: substruct 4 bytes of the CRC */
1133:./src/stm32f7xx_hal_eth.c ****       heth->RxFrameInfos.length = (((heth->RxDesc)->Status & ETH_DMARXDESC_FL) >> ETH_DMARXDESC_FRA
1134:./src/stm32f7xx_hal_eth.c ****       
1135:./src/stm32f7xx_hal_eth.c ****       /* Get the address of the buffer start address */ 
1136:./src/stm32f7xx_hal_eth.c ****       heth->RxFrameInfos.buffer =((heth->RxFrameInfos).FSRxDesc)->Buffer1Addr;
1137:./src/stm32f7xx_hal_eth.c ****       
1138:./src/stm32f7xx_hal_eth.c ****       /* Point to next descriptor */      
1139:./src/stm32f7xx_hal_eth.c ****       heth->RxDesc = (ETH_DMADescTypeDef*) (heth->RxDesc->Buffer2NextDescAddr);
1140:./src/stm32f7xx_hal_eth.c ****       
1141:./src/stm32f7xx_hal_eth.c ****       /* Set HAL State to Ready */
1142:./src/stm32f7xx_hal_eth.c ****       heth->State = HAL_ETH_STATE_READY;
1143:./src/stm32f7xx_hal_eth.c ****       
1144:./src/stm32f7xx_hal_eth.c ****       /* Process Unlocked */
1145:./src/stm32f7xx_hal_eth.c ****       __HAL_UNLOCK(heth);
1146:./src/stm32f7xx_hal_eth.c ****   
1147:./src/stm32f7xx_hal_eth.c ****       /* Return function status */
1148:./src/stm32f7xx_hal_eth.c ****       return HAL_OK;
1149:./src/stm32f7xx_hal_eth.c ****     }
1150:./src/stm32f7xx_hal_eth.c ****   }
1151:./src/stm32f7xx_hal_eth.c **** 
1152:./src/stm32f7xx_hal_eth.c ****   /* Set HAL State to Ready */
1153:./src/stm32f7xx_hal_eth.c ****   heth->State = HAL_ETH_STATE_READY;
1154:./src/stm32f7xx_hal_eth.c ****   
1155:./src/stm32f7xx_hal_eth.c ****   /* Process Unlocked */
1156:./src/stm32f7xx_hal_eth.c ****   __HAL_UNLOCK(heth);
1157:./src/stm32f7xx_hal_eth.c ****   
1158:./src/stm32f7xx_hal_eth.c ****   /* Return function status */
1159:./src/stm32f7xx_hal_eth.c ****   return HAL_ERROR;
1160:./src/stm32f7xx_hal_eth.c **** }
1161:./src/stm32f7xx_hal_eth.c **** 
1162:./src/stm32f7xx_hal_eth.c **** /**
1163:./src/stm32f7xx_hal_eth.c ****   * @brief  This function handles ETH interrupt request.
1164:./src/stm32f7xx_hal_eth.c ****   * @param  heth pointer to a ETH_HandleTypeDef structure that contains
1165:./src/stm32f7xx_hal_eth.c ****   *         the configuration information for ETHERNET module
1166:./src/stm32f7xx_hal_eth.c ****   * @retval HAL status
1167:./src/stm32f7xx_hal_eth.c ****   */
1168:./src/stm32f7xx_hal_eth.c **** void HAL_ETH_IRQHandler(ETH_HandleTypeDef *heth)
1169:./src/stm32f7xx_hal_eth.c **** {
1170:./src/stm32f7xx_hal_eth.c ****   /* Frame received */
1171:./src/stm32f7xx_hal_eth.c ****   if (__HAL_ETH_DMA_GET_FLAG(heth, ETH_DMA_FLAG_R)) 
1172:./src/stm32f7xx_hal_eth.c ****   {
1173:./src/stm32f7xx_hal_eth.c **** #if (USE_HAL_ETH_REGISTER_CALLBACKS == 1)
1174:./src/stm32f7xx_hal_eth.c ****     /*Call registered Receive complete callback*/
1175:./src/stm32f7xx_hal_eth.c ****     heth->RxCpltCallback(heth);
1176:./src/stm32f7xx_hal_eth.c **** #else
1177:./src/stm32f7xx_hal_eth.c ****     /* Receive complete callback */
1178:./src/stm32f7xx_hal_eth.c ****     HAL_ETH_RxCpltCallback(heth);
1179:./src/stm32f7xx_hal_eth.c **** #endif /* USE_HAL_ETH_REGISTER_CALLBACKS */
1180:./src/stm32f7xx_hal_eth.c ****     
1181:./src/stm32f7xx_hal_eth.c ****      /* Clear the Eth DMA Rx IT pending bits */
1182:./src/stm32f7xx_hal_eth.c ****     __HAL_ETH_DMA_CLEAR_IT(heth, ETH_DMA_IT_R);
1183:./src/stm32f7xx_hal_eth.c **** 
1184:./src/stm32f7xx_hal_eth.c ****     /* Set HAL State to Ready */
1185:./src/stm32f7xx_hal_eth.c ****     heth->State = HAL_ETH_STATE_READY;
1186:./src/stm32f7xx_hal_eth.c ****     
1187:./src/stm32f7xx_hal_eth.c ****     /* Process Unlocked */
1188:./src/stm32f7xx_hal_eth.c ****     __HAL_UNLOCK(heth);
1189:./src/stm32f7xx_hal_eth.c **** 
1190:./src/stm32f7xx_hal_eth.c ****   }
1191:./src/stm32f7xx_hal_eth.c ****   /* Frame transmitted */
1192:./src/stm32f7xx_hal_eth.c ****   else if (__HAL_ETH_DMA_GET_FLAG(heth, ETH_DMA_FLAG_T)) 
1193:./src/stm32f7xx_hal_eth.c ****   {
1194:./src/stm32f7xx_hal_eth.c **** #if (USE_HAL_ETH_REGISTER_CALLBACKS == 1)
1195:./src/stm32f7xx_hal_eth.c ****     /*  Call resgistered Transfer complete callback*/
1196:./src/stm32f7xx_hal_eth.c ****     heth->TxCpltCallback(heth);
1197:./src/stm32f7xx_hal_eth.c **** #else
1198:./src/stm32f7xx_hal_eth.c ****     /* Transfer complete callback */
1199:./src/stm32f7xx_hal_eth.c ****     HAL_ETH_TxCpltCallback(heth);
1200:./src/stm32f7xx_hal_eth.c **** #endif /* USE_HAL_ETH_REGISTER_CALLBACKS */
1201:./src/stm32f7xx_hal_eth.c ****     
1202:./src/stm32f7xx_hal_eth.c ****     /* Clear the Eth DMA Tx IT pending bits */
1203:./src/stm32f7xx_hal_eth.c ****     __HAL_ETH_DMA_CLEAR_IT(heth, ETH_DMA_IT_T);
1204:./src/stm32f7xx_hal_eth.c **** 
1205:./src/stm32f7xx_hal_eth.c ****     /* Set HAL State to Ready */
1206:./src/stm32f7xx_hal_eth.c ****     heth->State = HAL_ETH_STATE_READY;
1207:./src/stm32f7xx_hal_eth.c ****     
1208:./src/stm32f7xx_hal_eth.c ****     /* Process Unlocked */
1209:./src/stm32f7xx_hal_eth.c ****     __HAL_UNLOCK(heth);
1210:./src/stm32f7xx_hal_eth.c ****   }
1211:./src/stm32f7xx_hal_eth.c ****   
1212:./src/stm32f7xx_hal_eth.c ****   /* Clear the interrupt flags */
1213:./src/stm32f7xx_hal_eth.c ****   __HAL_ETH_DMA_CLEAR_IT(heth, ETH_DMA_IT_NIS);
1214:./src/stm32f7xx_hal_eth.c ****   
1215:./src/stm32f7xx_hal_eth.c ****   /* ETH DMA Error */
1216:./src/stm32f7xx_hal_eth.c ****   if(__HAL_ETH_DMA_GET_FLAG(heth, ETH_DMA_FLAG_AIS))
1217:./src/stm32f7xx_hal_eth.c ****   {
1218:./src/stm32f7xx_hal_eth.c **** #if (USE_HAL_ETH_REGISTER_CALLBACKS == 1)
1219:./src/stm32f7xx_hal_eth.c ****     heth->DMAErrorCallback(heth);
1220:./src/stm32f7xx_hal_eth.c **** #else
1221:./src/stm32f7xx_hal_eth.c ****     /* Ethernet Error callback */
1222:./src/stm32f7xx_hal_eth.c ****     HAL_ETH_ErrorCallback(heth);
1223:./src/stm32f7xx_hal_eth.c **** #endif /* USE_HAL_ETH_REGISTER_CALLBACKS */
1224:./src/stm32f7xx_hal_eth.c **** 
1225:./src/stm32f7xx_hal_eth.c ****     /* Clear the interrupt flags */
1226:./src/stm32f7xx_hal_eth.c ****     __HAL_ETH_DMA_CLEAR_IT(heth, ETH_DMA_FLAG_AIS);
1227:./src/stm32f7xx_hal_eth.c ****   
1228:./src/stm32f7xx_hal_eth.c ****     /* Set HAL State to Ready */
1229:./src/stm32f7xx_hal_eth.c ****     heth->State = HAL_ETH_STATE_READY;
1230:./src/stm32f7xx_hal_eth.c ****     
1231:./src/stm32f7xx_hal_eth.c ****     /* Process Unlocked */
1232:./src/stm32f7xx_hal_eth.c ****     __HAL_UNLOCK(heth);
1233:./src/stm32f7xx_hal_eth.c ****   }
1234:./src/stm32f7xx_hal_eth.c **** }
1235:./src/stm32f7xx_hal_eth.c **** 
1236:./src/stm32f7xx_hal_eth.c **** /**
1237:./src/stm32f7xx_hal_eth.c ****   * @brief  Tx Transfer completed callbacks.
1238:./src/stm32f7xx_hal_eth.c ****   * @param  heth pointer to a ETH_HandleTypeDef structure that contains
1239:./src/stm32f7xx_hal_eth.c ****   *         the configuration information for ETHERNET module
1240:./src/stm32f7xx_hal_eth.c ****   * @retval None
1241:./src/stm32f7xx_hal_eth.c ****   */
1242:./src/stm32f7xx_hal_eth.c **** __weak void HAL_ETH_TxCpltCallback(ETH_HandleTypeDef *heth)
1243:./src/stm32f7xx_hal_eth.c **** {
1244:./src/stm32f7xx_hal_eth.c ****   /* Prevent unused argument(s) compilation warning */
1245:./src/stm32f7xx_hal_eth.c ****   UNUSED(heth);
1246:./src/stm32f7xx_hal_eth.c ****  
1247:./src/stm32f7xx_hal_eth.c ****   /* NOTE : This function Should not be modified, when the callback is needed,
1248:./src/stm32f7xx_hal_eth.c ****   the HAL_ETH_TxCpltCallback could be implemented in the user file
1249:./src/stm32f7xx_hal_eth.c ****   */ 
1250:./src/stm32f7xx_hal_eth.c **** }
1251:./src/stm32f7xx_hal_eth.c **** 
1252:./src/stm32f7xx_hal_eth.c **** /**
1253:./src/stm32f7xx_hal_eth.c ****   * @brief  Rx Transfer completed callbacks.
1254:./src/stm32f7xx_hal_eth.c ****   * @param  heth pointer to a ETH_HandleTypeDef structure that contains
1255:./src/stm32f7xx_hal_eth.c ****   *         the configuration information for ETHERNET module
1256:./src/stm32f7xx_hal_eth.c ****   * @retval None
1257:./src/stm32f7xx_hal_eth.c ****   */
1258:./src/stm32f7xx_hal_eth.c **** __weak void HAL_ETH_RxCpltCallback(ETH_HandleTypeDef *heth)
1259:./src/stm32f7xx_hal_eth.c **** {
1260:./src/stm32f7xx_hal_eth.c ****   /* Prevent unused argument(s) compilation warning */
1261:./src/stm32f7xx_hal_eth.c ****   UNUSED(heth);
1262:./src/stm32f7xx_hal_eth.c ****  
1263:./src/stm32f7xx_hal_eth.c ****   /* NOTE : This function Should not be modified, when the callback is needed,
1264:./src/stm32f7xx_hal_eth.c ****   the HAL_ETH_RxCpltCallback could be implemented in the user file
1265:./src/stm32f7xx_hal_eth.c ****   */ 
1266:./src/stm32f7xx_hal_eth.c **** }
1267:./src/stm32f7xx_hal_eth.c **** 
1268:./src/stm32f7xx_hal_eth.c **** /**
1269:./src/stm32f7xx_hal_eth.c ****   * @brief  Ethernet transfer error callbacks
1270:./src/stm32f7xx_hal_eth.c ****   * @param  heth pointer to a ETH_HandleTypeDef structure that contains
1271:./src/stm32f7xx_hal_eth.c ****   *         the configuration information for ETHERNET module
1272:./src/stm32f7xx_hal_eth.c ****   * @retval None
1273:./src/stm32f7xx_hal_eth.c ****   */
1274:./src/stm32f7xx_hal_eth.c **** __weak void HAL_ETH_ErrorCallback(ETH_HandleTypeDef *heth)
1275:./src/stm32f7xx_hal_eth.c **** {
1276:./src/stm32f7xx_hal_eth.c ****   /* Prevent unused argument(s) compilation warning */
1277:./src/stm32f7xx_hal_eth.c ****   UNUSED(heth);
1278:./src/stm32f7xx_hal_eth.c ****  
1279:./src/stm32f7xx_hal_eth.c ****   /* NOTE : This function Should not be modified, when the callback is needed,
1280:./src/stm32f7xx_hal_eth.c ****   the HAL_ETH_ErrorCallback could be implemented in the user file
1281:./src/stm32f7xx_hal_eth.c ****   */ 
1282:./src/stm32f7xx_hal_eth.c **** }
1283:./src/stm32f7xx_hal_eth.c **** 
1284:./src/stm32f7xx_hal_eth.c **** /**
1285:./src/stm32f7xx_hal_eth.c ****   * @brief  Reads a PHY register
1286:./src/stm32f7xx_hal_eth.c ****   * @param  heth pointer to a ETH_HandleTypeDef structure that contains
1287:./src/stm32f7xx_hal_eth.c ****   *         the configuration information for ETHERNET module                  
1288:./src/stm32f7xx_hal_eth.c ****   * @param PHYReg PHY register address, is the index of one of the 32 PHY register. 
1289:./src/stm32f7xx_hal_eth.c ****   *                This parameter can be one of the following values: 
1290:./src/stm32f7xx_hal_eth.c ****   *                   PHY_BCR: Transceiver Basic Control Register, 
1291:./src/stm32f7xx_hal_eth.c ****   *                   PHY_BSR: Transceiver Basic Status Register.   
1292:./src/stm32f7xx_hal_eth.c ****   *                   More PHY register could be read depending on the used PHY
1293:./src/stm32f7xx_hal_eth.c ****   * @param RegValue PHY register value                  
1294:./src/stm32f7xx_hal_eth.c ****   * @retval HAL status
1295:./src/stm32f7xx_hal_eth.c ****   */
1296:./src/stm32f7xx_hal_eth.c **** HAL_StatusTypeDef HAL_ETH_ReadPHYRegister(ETH_HandleTypeDef *heth, uint16_t PHYReg, uint32_t *RegVa
1297:./src/stm32f7xx_hal_eth.c **** {
1298:./src/stm32f7xx_hal_eth.c ****   uint32_t tmpreg = 0;     
1299:./src/stm32f7xx_hal_eth.c ****   uint32_t tickstart = 0;
1300:./src/stm32f7xx_hal_eth.c ****   
1301:./src/stm32f7xx_hal_eth.c ****   /* Check parameters */
1302:./src/stm32f7xx_hal_eth.c ****   assert_param(IS_ETH_PHY_ADDRESS(heth->Init.PhyAddress));
1303:./src/stm32f7xx_hal_eth.c ****   
1304:./src/stm32f7xx_hal_eth.c ****   /* Check the ETH peripheral state */
1305:./src/stm32f7xx_hal_eth.c ****   if(heth->State == HAL_ETH_STATE_BUSY_RD)
1306:./src/stm32f7xx_hal_eth.c ****   {
1307:./src/stm32f7xx_hal_eth.c ****     return HAL_BUSY;
1308:./src/stm32f7xx_hal_eth.c ****   }
1309:./src/stm32f7xx_hal_eth.c ****   /* Set ETH HAL State to BUSY_RD */
1310:./src/stm32f7xx_hal_eth.c ****   heth->State = HAL_ETH_STATE_BUSY_RD;
1311:./src/stm32f7xx_hal_eth.c ****   
1312:./src/stm32f7xx_hal_eth.c ****   /* Get the ETHERNET MACMIIAR value */
1313:./src/stm32f7xx_hal_eth.c ****   tmpreg = heth->Instance->MACMIIAR;
1314:./src/stm32f7xx_hal_eth.c ****   
1315:./src/stm32f7xx_hal_eth.c ****   /* Keep only the CSR Clock Range CR[2:0] bits value */
1316:./src/stm32f7xx_hal_eth.c ****   tmpreg &= ~ETH_MACMIIAR_CR_MASK;
1317:./src/stm32f7xx_hal_eth.c ****   
1318:./src/stm32f7xx_hal_eth.c ****   /* Prepare the MII address register value */
1319:./src/stm32f7xx_hal_eth.c ****   tmpreg |=(((uint32_t)heth->Init.PhyAddress << 11) & ETH_MACMIIAR_PA); /* Set the PHY device addre
1320:./src/stm32f7xx_hal_eth.c ****   tmpreg |=(((uint32_t)PHYReg<<6) & ETH_MACMIIAR_MR);                   /* Set the PHY register add
1321:./src/stm32f7xx_hal_eth.c ****   tmpreg &= ~ETH_MACMIIAR_MW;                                           /* Set the read mode       
1322:./src/stm32f7xx_hal_eth.c ****   tmpreg |= ETH_MACMIIAR_MB;                                            /* Set the MII Busy bit    
1323:./src/stm32f7xx_hal_eth.c ****   
1324:./src/stm32f7xx_hal_eth.c ****   /* Write the result value into the MII Address register */
1325:./src/stm32f7xx_hal_eth.c ****   heth->Instance->MACMIIAR = tmpreg;
1326:./src/stm32f7xx_hal_eth.c ****   
1327:./src/stm32f7xx_hal_eth.c ****   /* Get tick */
1328:./src/stm32f7xx_hal_eth.c ****   tickstart = HAL_GetTick();
1329:./src/stm32f7xx_hal_eth.c ****   
1330:./src/stm32f7xx_hal_eth.c ****   /* Check for the Busy flag */
1331:./src/stm32f7xx_hal_eth.c ****   while((tmpreg & ETH_MACMIIAR_MB) == ETH_MACMIIAR_MB)
1332:./src/stm32f7xx_hal_eth.c ****   {
1333:./src/stm32f7xx_hal_eth.c ****     /* Check for the Timeout */
1334:./src/stm32f7xx_hal_eth.c ****     if((HAL_GetTick() - tickstart ) > PHY_READ_TO)
1335:./src/stm32f7xx_hal_eth.c ****     {
1336:./src/stm32f7xx_hal_eth.c ****       heth->State= HAL_ETH_STATE_READY;
1337:./src/stm32f7xx_hal_eth.c ****   
1338:./src/stm32f7xx_hal_eth.c ****       /* Process Unlocked */
1339:./src/stm32f7xx_hal_eth.c ****       __HAL_UNLOCK(heth);
1340:./src/stm32f7xx_hal_eth.c ****     
1341:./src/stm32f7xx_hal_eth.c ****       return HAL_TIMEOUT;
1342:./src/stm32f7xx_hal_eth.c ****     }
1343:./src/stm32f7xx_hal_eth.c ****     
1344:./src/stm32f7xx_hal_eth.c ****     tmpreg = heth->Instance->MACMIIAR;
1345:./src/stm32f7xx_hal_eth.c ****   }
1346:./src/stm32f7xx_hal_eth.c ****   
1347:./src/stm32f7xx_hal_eth.c ****   /* Get MACMIIDR value */
1348:./src/stm32f7xx_hal_eth.c ****   *RegValue = (uint16_t)(heth->Instance->MACMIIDR);
1349:./src/stm32f7xx_hal_eth.c ****   
1350:./src/stm32f7xx_hal_eth.c ****   /* Set ETH HAL State to READY */
1351:./src/stm32f7xx_hal_eth.c ****   heth->State = HAL_ETH_STATE_READY;
1352:./src/stm32f7xx_hal_eth.c ****   
1353:./src/stm32f7xx_hal_eth.c ****   /* Return function status */
1354:./src/stm32f7xx_hal_eth.c ****   return HAL_OK;
1355:./src/stm32f7xx_hal_eth.c **** }
1356:./src/stm32f7xx_hal_eth.c **** 
1357:./src/stm32f7xx_hal_eth.c **** /**
1358:./src/stm32f7xx_hal_eth.c ****   * @brief  Writes to a PHY register.
1359:./src/stm32f7xx_hal_eth.c ****   * @param  heth pointer to a ETH_HandleTypeDef structure that contains
1360:./src/stm32f7xx_hal_eth.c ****   *         the configuration information for ETHERNET module  
1361:./src/stm32f7xx_hal_eth.c ****   * @param  PHYReg PHY register address, is the index of one of the 32 PHY register. 
1362:./src/stm32f7xx_hal_eth.c ****   *          This parameter can be one of the following values: 
1363:./src/stm32f7xx_hal_eth.c ****   *             PHY_BCR: Transceiver Control Register.  
1364:./src/stm32f7xx_hal_eth.c ****   *             More PHY register could be written depending on the used PHY
1365:./src/stm32f7xx_hal_eth.c ****   * @param  RegValue the value to write
1366:./src/stm32f7xx_hal_eth.c ****   * @retval HAL status
1367:./src/stm32f7xx_hal_eth.c ****   */
1368:./src/stm32f7xx_hal_eth.c **** HAL_StatusTypeDef HAL_ETH_WritePHYRegister(ETH_HandleTypeDef *heth, uint16_t PHYReg, uint32_t RegVa
1369:./src/stm32f7xx_hal_eth.c **** {
1370:./src/stm32f7xx_hal_eth.c ****   uint32_t tmpreg = 0;
1371:./src/stm32f7xx_hal_eth.c ****   uint32_t tickstart = 0;
1372:./src/stm32f7xx_hal_eth.c ****   
1373:./src/stm32f7xx_hal_eth.c ****   /* Check parameters */
1374:./src/stm32f7xx_hal_eth.c ****   assert_param(IS_ETH_PHY_ADDRESS(heth->Init.PhyAddress));
1375:./src/stm32f7xx_hal_eth.c ****   
1376:./src/stm32f7xx_hal_eth.c ****   /* Check the ETH peripheral state */
1377:./src/stm32f7xx_hal_eth.c ****   if(heth->State == HAL_ETH_STATE_BUSY_WR)
1378:./src/stm32f7xx_hal_eth.c ****   {
1379:./src/stm32f7xx_hal_eth.c ****     return HAL_BUSY;
1380:./src/stm32f7xx_hal_eth.c ****   }
1381:./src/stm32f7xx_hal_eth.c ****   /* Set ETH HAL State to BUSY_WR */
1382:./src/stm32f7xx_hal_eth.c ****   heth->State = HAL_ETH_STATE_BUSY_WR;
1383:./src/stm32f7xx_hal_eth.c ****   
1384:./src/stm32f7xx_hal_eth.c ****   /* Get the ETHERNET MACMIIAR value */
1385:./src/stm32f7xx_hal_eth.c ****   tmpreg = heth->Instance->MACMIIAR;
1386:./src/stm32f7xx_hal_eth.c ****   
1387:./src/stm32f7xx_hal_eth.c ****   /* Keep only the CSR Clock Range CR[2:0] bits value */
1388:./src/stm32f7xx_hal_eth.c ****   tmpreg &= ~ETH_MACMIIAR_CR_MASK;
1389:./src/stm32f7xx_hal_eth.c ****   
1390:./src/stm32f7xx_hal_eth.c ****   /* Prepare the MII register address value */
1391:./src/stm32f7xx_hal_eth.c ****   tmpreg |=(((uint32_t)heth->Init.PhyAddress<<11) & ETH_MACMIIAR_PA); /* Set the PHY device address
1392:./src/stm32f7xx_hal_eth.c ****   tmpreg |=(((uint32_t)PHYReg<<6) & ETH_MACMIIAR_MR);                 /* Set the PHY register addre
1393:./src/stm32f7xx_hal_eth.c ****   tmpreg |= ETH_MACMIIAR_MW;                                          /* Set the write mode */
1394:./src/stm32f7xx_hal_eth.c ****   tmpreg |= ETH_MACMIIAR_MB;                                          /* Set the MII Busy bit */
1395:./src/stm32f7xx_hal_eth.c ****   
1396:./src/stm32f7xx_hal_eth.c ****   /* Give the value to the MII data register */
1397:./src/stm32f7xx_hal_eth.c ****   heth->Instance->MACMIIDR = (uint16_t)RegValue;
1398:./src/stm32f7xx_hal_eth.c ****   
1399:./src/stm32f7xx_hal_eth.c ****   /* Write the result value into the MII Address register */
1400:./src/stm32f7xx_hal_eth.c ****   heth->Instance->MACMIIAR = tmpreg;
1401:./src/stm32f7xx_hal_eth.c ****   
1402:./src/stm32f7xx_hal_eth.c ****   /* Get tick */
1403:./src/stm32f7xx_hal_eth.c ****   tickstart = HAL_GetTick();
1404:./src/stm32f7xx_hal_eth.c ****   
1405:./src/stm32f7xx_hal_eth.c ****   /* Check for the Busy flag */
1406:./src/stm32f7xx_hal_eth.c ****   while((tmpreg & ETH_MACMIIAR_MB) == ETH_MACMIIAR_MB)
1407:./src/stm32f7xx_hal_eth.c ****   {
1408:./src/stm32f7xx_hal_eth.c ****     /* Check for the Timeout */
1409:./src/stm32f7xx_hal_eth.c ****     if((HAL_GetTick() - tickstart ) > PHY_WRITE_TO)
1410:./src/stm32f7xx_hal_eth.c ****     {
1411:./src/stm32f7xx_hal_eth.c ****       heth->State= HAL_ETH_STATE_READY;
1412:./src/stm32f7xx_hal_eth.c ****   
1413:./src/stm32f7xx_hal_eth.c ****       /* Process Unlocked */
1414:./src/stm32f7xx_hal_eth.c ****       __HAL_UNLOCK(heth);
1415:./src/stm32f7xx_hal_eth.c ****     
1416:./src/stm32f7xx_hal_eth.c ****       return HAL_TIMEOUT;
1417:./src/stm32f7xx_hal_eth.c ****     }
1418:./src/stm32f7xx_hal_eth.c ****     
1419:./src/stm32f7xx_hal_eth.c ****     tmpreg = heth->Instance->MACMIIAR;
1420:./src/stm32f7xx_hal_eth.c ****   }
1421:./src/stm32f7xx_hal_eth.c ****   
1422:./src/stm32f7xx_hal_eth.c ****   /* Set ETH HAL State to READY */
1423:./src/stm32f7xx_hal_eth.c ****   heth->State = HAL_ETH_STATE_READY;
1424:./src/stm32f7xx_hal_eth.c ****   
1425:./src/stm32f7xx_hal_eth.c ****   /* Return function status */
1426:./src/stm32f7xx_hal_eth.c ****   return HAL_OK; 
1427:./src/stm32f7xx_hal_eth.c **** }
1428:./src/stm32f7xx_hal_eth.c **** 
1429:./src/stm32f7xx_hal_eth.c **** /**
1430:./src/stm32f7xx_hal_eth.c ****   * @}
1431:./src/stm32f7xx_hal_eth.c ****   */
1432:./src/stm32f7xx_hal_eth.c **** 
1433:./src/stm32f7xx_hal_eth.c **** /** @defgroup ETH_Exported_Functions_Group3 Peripheral Control functions
1434:./src/stm32f7xx_hal_eth.c ****  *  @brief    Peripheral Control functions 
1435:./src/stm32f7xx_hal_eth.c ****  *
1436:./src/stm32f7xx_hal_eth.c **** @verbatim   
1437:./src/stm32f7xx_hal_eth.c ****  ===============================================================================
1438:./src/stm32f7xx_hal_eth.c ****                   ##### Peripheral Control functions #####
1439:./src/stm32f7xx_hal_eth.c ****  ===============================================================================  
1440:./src/stm32f7xx_hal_eth.c ****     [..]  This section provides functions allowing to:
1441:./src/stm32f7xx_hal_eth.c ****       (+) Enable MAC and DMA transmission and reception.
1442:./src/stm32f7xx_hal_eth.c ****           HAL_ETH_Start();
1443:./src/stm32f7xx_hal_eth.c ****       (+) Disable MAC and DMA transmission and reception. 
1444:./src/stm32f7xx_hal_eth.c ****           HAL_ETH_Stop();
1445:./src/stm32f7xx_hal_eth.c ****       (+) Set the MAC configuration in runtime mode
1446:./src/stm32f7xx_hal_eth.c ****           HAL_ETH_ConfigMAC();
1447:./src/stm32f7xx_hal_eth.c ****       (+) Set the DMA configuration in runtime mode
1448:./src/stm32f7xx_hal_eth.c ****           HAL_ETH_ConfigDMA();
1449:./src/stm32f7xx_hal_eth.c **** 
1450:./src/stm32f7xx_hal_eth.c **** @endverbatim
1451:./src/stm32f7xx_hal_eth.c ****   * @{
1452:./src/stm32f7xx_hal_eth.c ****   */ 
1453:./src/stm32f7xx_hal_eth.c **** 
1454:./src/stm32f7xx_hal_eth.c ****  /**
1455:./src/stm32f7xx_hal_eth.c ****   * @brief  Enables Ethernet MAC and DMA reception/transmission 
1456:./src/stm32f7xx_hal_eth.c ****   * @param  heth pointer to a ETH_HandleTypeDef structure that contains
1457:./src/stm32f7xx_hal_eth.c ****   *         the configuration information for ETHERNET module
1458:./src/stm32f7xx_hal_eth.c ****   * @retval HAL status
1459:./src/stm32f7xx_hal_eth.c ****   */
1460:./src/stm32f7xx_hal_eth.c **** HAL_StatusTypeDef HAL_ETH_Start(ETH_HandleTypeDef *heth)
1461:./src/stm32f7xx_hal_eth.c **** {  
1462:./src/stm32f7xx_hal_eth.c ****   /* Process Locked */
1463:./src/stm32f7xx_hal_eth.c ****   __HAL_LOCK(heth);
1464:./src/stm32f7xx_hal_eth.c ****   
1465:./src/stm32f7xx_hal_eth.c ****   /* Set the ETH peripheral state to BUSY */
1466:./src/stm32f7xx_hal_eth.c ****   heth->State = HAL_ETH_STATE_BUSY;
1467:./src/stm32f7xx_hal_eth.c ****   
1468:./src/stm32f7xx_hal_eth.c ****   /* Enable transmit state machine of the MAC for transmission on the MII */
1469:./src/stm32f7xx_hal_eth.c ****   ETH_MACTransmissionEnable(heth);
1470:./src/stm32f7xx_hal_eth.c ****   
1471:./src/stm32f7xx_hal_eth.c ****   /* Enable receive state machine of the MAC for reception from the MII */
1472:./src/stm32f7xx_hal_eth.c ****   ETH_MACReceptionEnable(heth);
1473:./src/stm32f7xx_hal_eth.c ****   
1474:./src/stm32f7xx_hal_eth.c ****   /* Flush Transmit FIFO */
1475:./src/stm32f7xx_hal_eth.c ****   ETH_FlushTransmitFIFO(heth);
1476:./src/stm32f7xx_hal_eth.c ****   
1477:./src/stm32f7xx_hal_eth.c ****   /* Start DMA transmission */
1478:./src/stm32f7xx_hal_eth.c ****   ETH_DMATransmissionEnable(heth);
1479:./src/stm32f7xx_hal_eth.c ****   
1480:./src/stm32f7xx_hal_eth.c ****   /* Start DMA reception */
1481:./src/stm32f7xx_hal_eth.c ****   ETH_DMAReceptionEnable(heth);
1482:./src/stm32f7xx_hal_eth.c ****   
1483:./src/stm32f7xx_hal_eth.c ****   /* Set the ETH state to READY*/
1484:./src/stm32f7xx_hal_eth.c ****   heth->State= HAL_ETH_STATE_READY;
1485:./src/stm32f7xx_hal_eth.c ****   
1486:./src/stm32f7xx_hal_eth.c ****   /* Process Unlocked */
1487:./src/stm32f7xx_hal_eth.c ****   __HAL_UNLOCK(heth);
1488:./src/stm32f7xx_hal_eth.c ****   
1489:./src/stm32f7xx_hal_eth.c ****   /* Return function status */
1490:./src/stm32f7xx_hal_eth.c ****   return HAL_OK;
1491:./src/stm32f7xx_hal_eth.c **** }
1492:./src/stm32f7xx_hal_eth.c **** 
1493:./src/stm32f7xx_hal_eth.c **** /**
1494:./src/stm32f7xx_hal_eth.c ****   * @brief  Stop Ethernet MAC and DMA reception/transmission 
1495:./src/stm32f7xx_hal_eth.c ****   * @param  heth pointer to a ETH_HandleTypeDef structure that contains
1496:./src/stm32f7xx_hal_eth.c ****   *         the configuration information for ETHERNET module
1497:./src/stm32f7xx_hal_eth.c ****   * @retval HAL status
1498:./src/stm32f7xx_hal_eth.c ****   */
1499:./src/stm32f7xx_hal_eth.c **** HAL_StatusTypeDef HAL_ETH_Stop(ETH_HandleTypeDef *heth)
1500:./src/stm32f7xx_hal_eth.c **** {  
1501:./src/stm32f7xx_hal_eth.c ****   /* Process Locked */
1502:./src/stm32f7xx_hal_eth.c ****   __HAL_LOCK(heth);
1503:./src/stm32f7xx_hal_eth.c ****   
1504:./src/stm32f7xx_hal_eth.c ****   /* Set the ETH peripheral state to BUSY */
1505:./src/stm32f7xx_hal_eth.c ****   heth->State = HAL_ETH_STATE_BUSY;
1506:./src/stm32f7xx_hal_eth.c ****   
1507:./src/stm32f7xx_hal_eth.c ****   /* Stop DMA transmission */
1508:./src/stm32f7xx_hal_eth.c ****   ETH_DMATransmissionDisable(heth);
1509:./src/stm32f7xx_hal_eth.c ****   
1510:./src/stm32f7xx_hal_eth.c ****   /* Stop DMA reception */
1511:./src/stm32f7xx_hal_eth.c ****   ETH_DMAReceptionDisable(heth);
1512:./src/stm32f7xx_hal_eth.c ****   
1513:./src/stm32f7xx_hal_eth.c ****   /* Disable receive state machine of the MAC for reception from the MII */
1514:./src/stm32f7xx_hal_eth.c ****   ETH_MACReceptionDisable(heth);
1515:./src/stm32f7xx_hal_eth.c ****   
1516:./src/stm32f7xx_hal_eth.c ****   /* Flush Transmit FIFO */
1517:./src/stm32f7xx_hal_eth.c ****   ETH_FlushTransmitFIFO(heth);
1518:./src/stm32f7xx_hal_eth.c ****   
1519:./src/stm32f7xx_hal_eth.c ****   /* Disable transmit state machine of the MAC for transmission on the MII */
1520:./src/stm32f7xx_hal_eth.c ****   ETH_MACTransmissionDisable(heth);
1521:./src/stm32f7xx_hal_eth.c ****   
1522:./src/stm32f7xx_hal_eth.c ****   /* Set the ETH state*/
1523:./src/stm32f7xx_hal_eth.c ****   heth->State = HAL_ETH_STATE_READY;
1524:./src/stm32f7xx_hal_eth.c ****   
1525:./src/stm32f7xx_hal_eth.c ****   /* Process Unlocked */
1526:./src/stm32f7xx_hal_eth.c ****   __HAL_UNLOCK(heth);
1527:./src/stm32f7xx_hal_eth.c ****   
1528:./src/stm32f7xx_hal_eth.c ****   /* Return function status */
1529:./src/stm32f7xx_hal_eth.c ****   return HAL_OK;
1530:./src/stm32f7xx_hal_eth.c **** }
1531:./src/stm32f7xx_hal_eth.c **** 
1532:./src/stm32f7xx_hal_eth.c **** /**
1533:./src/stm32f7xx_hal_eth.c ****   * @brief  Set ETH MAC Configuration.
1534:./src/stm32f7xx_hal_eth.c ****   * @param  heth pointer to a ETH_HandleTypeDef structure that contains
1535:./src/stm32f7xx_hal_eth.c ****   *         the configuration information for ETHERNET module
1536:./src/stm32f7xx_hal_eth.c ****   * @param  macconf MAC Configuration structure  
1537:./src/stm32f7xx_hal_eth.c ****   * @retval HAL status
1538:./src/stm32f7xx_hal_eth.c ****   */
1539:./src/stm32f7xx_hal_eth.c **** HAL_StatusTypeDef HAL_ETH_ConfigMAC(ETH_HandleTypeDef *heth, ETH_MACInitTypeDef *macconf)
1540:./src/stm32f7xx_hal_eth.c **** {
1541:./src/stm32f7xx_hal_eth.c ****   uint32_t tmpreg = 0;
1542:./src/stm32f7xx_hal_eth.c ****   
1543:./src/stm32f7xx_hal_eth.c ****   /* Process Locked */
1544:./src/stm32f7xx_hal_eth.c ****   __HAL_LOCK(heth);
1545:./src/stm32f7xx_hal_eth.c ****   
1546:./src/stm32f7xx_hal_eth.c ****   /* Set the ETH peripheral state to BUSY */
1547:./src/stm32f7xx_hal_eth.c ****   heth->State= HAL_ETH_STATE_BUSY;
1548:./src/stm32f7xx_hal_eth.c ****   
1549:./src/stm32f7xx_hal_eth.c ****   assert_param(IS_ETH_SPEED(heth->Init.Speed));
1550:./src/stm32f7xx_hal_eth.c ****   assert_param(IS_ETH_DUPLEX_MODE(heth->Init.DuplexMode)); 
1551:./src/stm32f7xx_hal_eth.c ****   
1552:./src/stm32f7xx_hal_eth.c ****   if (macconf != NULL)
1553:./src/stm32f7xx_hal_eth.c ****   {
1554:./src/stm32f7xx_hal_eth.c ****     /* Check the parameters */
1555:./src/stm32f7xx_hal_eth.c ****     assert_param(IS_ETH_WATCHDOG(macconf->Watchdog));
1556:./src/stm32f7xx_hal_eth.c ****     assert_param(IS_ETH_JABBER(macconf->Jabber));
1557:./src/stm32f7xx_hal_eth.c ****     assert_param(IS_ETH_INTER_FRAME_GAP(macconf->InterFrameGap));
1558:./src/stm32f7xx_hal_eth.c ****     assert_param(IS_ETH_CARRIER_SENSE(macconf->CarrierSense));
1559:./src/stm32f7xx_hal_eth.c ****     assert_param(IS_ETH_RECEIVE_OWN(macconf->ReceiveOwn));
1560:./src/stm32f7xx_hal_eth.c ****     assert_param(IS_ETH_LOOPBACK_MODE(macconf->LoopbackMode));
1561:./src/stm32f7xx_hal_eth.c ****     assert_param(IS_ETH_CHECKSUM_OFFLOAD(macconf->ChecksumOffload));
1562:./src/stm32f7xx_hal_eth.c ****     assert_param(IS_ETH_RETRY_TRANSMISSION(macconf->RetryTransmission));
1563:./src/stm32f7xx_hal_eth.c ****     assert_param(IS_ETH_AUTOMATIC_PADCRC_STRIP(macconf->AutomaticPadCRCStrip));
1564:./src/stm32f7xx_hal_eth.c ****     assert_param(IS_ETH_BACKOFF_LIMIT(macconf->BackOffLimit));
1565:./src/stm32f7xx_hal_eth.c ****     assert_param(IS_ETH_DEFERRAL_CHECK(macconf->DeferralCheck));
1566:./src/stm32f7xx_hal_eth.c ****     assert_param(IS_ETH_RECEIVE_ALL(macconf->ReceiveAll));
1567:./src/stm32f7xx_hal_eth.c ****     assert_param(IS_ETH_SOURCE_ADDR_FILTER(macconf->SourceAddrFilter));
1568:./src/stm32f7xx_hal_eth.c ****     assert_param(IS_ETH_CONTROL_FRAMES(macconf->PassControlFrames));
1569:./src/stm32f7xx_hal_eth.c ****     assert_param(IS_ETH_BROADCAST_FRAMES_RECEPTION(macconf->BroadcastFramesReception));
1570:./src/stm32f7xx_hal_eth.c ****     assert_param(IS_ETH_DESTINATION_ADDR_FILTER(macconf->DestinationAddrFilter));
1571:./src/stm32f7xx_hal_eth.c ****     assert_param(IS_ETH_PROMISCUOUS_MODE(macconf->PromiscuousMode));
1572:./src/stm32f7xx_hal_eth.c ****     assert_param(IS_ETH_MULTICAST_FRAMES_FILTER(macconf->MulticastFramesFilter));
1573:./src/stm32f7xx_hal_eth.c ****     assert_param(IS_ETH_UNICAST_FRAMES_FILTER(macconf->UnicastFramesFilter));
1574:./src/stm32f7xx_hal_eth.c ****     assert_param(IS_ETH_PAUSE_TIME(macconf->PauseTime));
1575:./src/stm32f7xx_hal_eth.c ****     assert_param(IS_ETH_ZEROQUANTA_PAUSE(macconf->ZeroQuantaPause));
1576:./src/stm32f7xx_hal_eth.c ****     assert_param(IS_ETH_PAUSE_LOW_THRESHOLD(macconf->PauseLowThreshold));
1577:./src/stm32f7xx_hal_eth.c ****     assert_param(IS_ETH_UNICAST_PAUSE_FRAME_DETECT(macconf->UnicastPauseFrameDetect));
1578:./src/stm32f7xx_hal_eth.c ****     assert_param(IS_ETH_RECEIVE_FLOWCONTROL(macconf->ReceiveFlowControl));
1579:./src/stm32f7xx_hal_eth.c ****     assert_param(IS_ETH_TRANSMIT_FLOWCONTROL(macconf->TransmitFlowControl));
1580:./src/stm32f7xx_hal_eth.c ****     assert_param(IS_ETH_VLAN_TAG_COMPARISON(macconf->VLANTagComparison));
1581:./src/stm32f7xx_hal_eth.c ****     assert_param(IS_ETH_VLAN_TAG_IDENTIFIER(macconf->VLANTagIdentifier));
1582:./src/stm32f7xx_hal_eth.c ****     
1583:./src/stm32f7xx_hal_eth.c ****     /*------------------------ ETHERNET MACCR Configuration --------------------*/
1584:./src/stm32f7xx_hal_eth.c ****     /* Get the ETHERNET MACCR value */
1585:./src/stm32f7xx_hal_eth.c ****     tmpreg = (heth->Instance)->MACCR;
1586:./src/stm32f7xx_hal_eth.c ****     /* Clear WD, PCE, PS, TE and RE bits */
1587:./src/stm32f7xx_hal_eth.c ****     tmpreg &= ETH_MACCR_CLEAR_MASK;
1588:./src/stm32f7xx_hal_eth.c ****     
1589:./src/stm32f7xx_hal_eth.c ****     tmpreg |= (uint32_t)(macconf->Watchdog | 
1590:./src/stm32f7xx_hal_eth.c ****                          macconf->Jabber | 
1591:./src/stm32f7xx_hal_eth.c ****                          macconf->InterFrameGap |
1592:./src/stm32f7xx_hal_eth.c ****                          macconf->CarrierSense |
1593:./src/stm32f7xx_hal_eth.c ****                          (heth->Init).Speed | 
1594:./src/stm32f7xx_hal_eth.c ****                          macconf->ReceiveOwn |
1595:./src/stm32f7xx_hal_eth.c ****                          macconf->LoopbackMode |
1596:./src/stm32f7xx_hal_eth.c ****                          (heth->Init).DuplexMode | 
1597:./src/stm32f7xx_hal_eth.c ****                          macconf->ChecksumOffload |    
1598:./src/stm32f7xx_hal_eth.c ****                          macconf->RetryTransmission | 
1599:./src/stm32f7xx_hal_eth.c ****                          macconf->AutomaticPadCRCStrip | 
1600:./src/stm32f7xx_hal_eth.c ****                          macconf->BackOffLimit | 
1601:./src/stm32f7xx_hal_eth.c ****                          macconf->DeferralCheck);
1602:./src/stm32f7xx_hal_eth.c ****     
1603:./src/stm32f7xx_hal_eth.c ****     /* Write to ETHERNET MACCR */
1604:./src/stm32f7xx_hal_eth.c ****     (heth->Instance)->MACCR = (uint32_t)tmpreg;
1605:./src/stm32f7xx_hal_eth.c ****     
1606:./src/stm32f7xx_hal_eth.c ****     /* Wait until the write operation will be taken into account :
1607:./src/stm32f7xx_hal_eth.c ****     at least four TX_CLK/RX_CLK clock cycles */
1608:./src/stm32f7xx_hal_eth.c ****     tmpreg = (heth->Instance)->MACCR;
1609:./src/stm32f7xx_hal_eth.c ****     HAL_Delay(ETH_REG_WRITE_DELAY);
1610:./src/stm32f7xx_hal_eth.c ****     (heth->Instance)->MACCR = tmpreg; 
1611:./src/stm32f7xx_hal_eth.c ****     
1612:./src/stm32f7xx_hal_eth.c ****     /*----------------------- ETHERNET MACFFR Configuration --------------------*/ 
1613:./src/stm32f7xx_hal_eth.c ****     /* Write to ETHERNET MACFFR */  
1614:./src/stm32f7xx_hal_eth.c ****     (heth->Instance)->MACFFR = (uint32_t)(macconf->ReceiveAll | 
1615:./src/stm32f7xx_hal_eth.c ****                                           macconf->SourceAddrFilter |
1616:./src/stm32f7xx_hal_eth.c ****                                           macconf->PassControlFrames |
1617:./src/stm32f7xx_hal_eth.c ****                                           macconf->BroadcastFramesReception | 
1618:./src/stm32f7xx_hal_eth.c ****                                           macconf->DestinationAddrFilter |
1619:./src/stm32f7xx_hal_eth.c ****                                           macconf->PromiscuousMode |
1620:./src/stm32f7xx_hal_eth.c ****                                           macconf->MulticastFramesFilter |
1621:./src/stm32f7xx_hal_eth.c ****                                           macconf->UnicastFramesFilter);
1622:./src/stm32f7xx_hal_eth.c ****      
1623:./src/stm32f7xx_hal_eth.c ****      /* Wait until the write operation will be taken into account :
1624:./src/stm32f7xx_hal_eth.c ****      at least four TX_CLK/RX_CLK clock cycles */
1625:./src/stm32f7xx_hal_eth.c ****      tmpreg = (heth->Instance)->MACFFR;
1626:./src/stm32f7xx_hal_eth.c ****      HAL_Delay(ETH_REG_WRITE_DELAY);
1627:./src/stm32f7xx_hal_eth.c ****      (heth->Instance)->MACFFR = tmpreg;
1628:./src/stm32f7xx_hal_eth.c ****      
1629:./src/stm32f7xx_hal_eth.c ****      /*--------------- ETHERNET MACHTHR and MACHTLR Configuration ---------------*/
1630:./src/stm32f7xx_hal_eth.c ****      /* Write to ETHERNET MACHTHR */
1631:./src/stm32f7xx_hal_eth.c ****      (heth->Instance)->MACHTHR = (uint32_t)macconf->HashTableHigh;
1632:./src/stm32f7xx_hal_eth.c ****      
1633:./src/stm32f7xx_hal_eth.c ****      /* Write to ETHERNET MACHTLR */
1634:./src/stm32f7xx_hal_eth.c ****      (heth->Instance)->MACHTLR = (uint32_t)macconf->HashTableLow;
1635:./src/stm32f7xx_hal_eth.c ****      /*----------------------- ETHERNET MACFCR Configuration --------------------*/
1636:./src/stm32f7xx_hal_eth.c ****      
1637:./src/stm32f7xx_hal_eth.c ****      /* Get the ETHERNET MACFCR value */  
1638:./src/stm32f7xx_hal_eth.c ****      tmpreg = (heth->Instance)->MACFCR;
1639:./src/stm32f7xx_hal_eth.c ****      /* Clear xx bits */
1640:./src/stm32f7xx_hal_eth.c ****      tmpreg &= ETH_MACFCR_CLEAR_MASK;
1641:./src/stm32f7xx_hal_eth.c ****      
1642:./src/stm32f7xx_hal_eth.c ****      tmpreg |= (uint32_t)((macconf->PauseTime << 16) | 
1643:./src/stm32f7xx_hal_eth.c ****                           macconf->ZeroQuantaPause |
1644:./src/stm32f7xx_hal_eth.c ****                           macconf->PauseLowThreshold |
1645:./src/stm32f7xx_hal_eth.c ****                           macconf->UnicastPauseFrameDetect | 
1646:./src/stm32f7xx_hal_eth.c ****                           macconf->ReceiveFlowControl |
1647:./src/stm32f7xx_hal_eth.c ****                           macconf->TransmitFlowControl); 
1648:./src/stm32f7xx_hal_eth.c ****      
1649:./src/stm32f7xx_hal_eth.c ****      /* Write to ETHERNET MACFCR */
1650:./src/stm32f7xx_hal_eth.c ****      (heth->Instance)->MACFCR = (uint32_t)tmpreg;
1651:./src/stm32f7xx_hal_eth.c ****      
1652:./src/stm32f7xx_hal_eth.c ****      /* Wait until the write operation will be taken into account :
1653:./src/stm32f7xx_hal_eth.c ****      at least four TX_CLK/RX_CLK clock cycles */
1654:./src/stm32f7xx_hal_eth.c ****      tmpreg = (heth->Instance)->MACFCR;
1655:./src/stm32f7xx_hal_eth.c ****      HAL_Delay(ETH_REG_WRITE_DELAY);
1656:./src/stm32f7xx_hal_eth.c ****      (heth->Instance)->MACFCR = tmpreg;
1657:./src/stm32f7xx_hal_eth.c ****      
1658:./src/stm32f7xx_hal_eth.c ****      /*----------------------- ETHERNET MACVLANTR Configuration -----------------*/
1659:./src/stm32f7xx_hal_eth.c ****      (heth->Instance)->MACVLANTR = (uint32_t)(macconf->VLANTagComparison | 
1660:./src/stm32f7xx_hal_eth.c ****                                               macconf->VLANTagIdentifier);
1661:./src/stm32f7xx_hal_eth.c ****       
1662:./src/stm32f7xx_hal_eth.c ****       /* Wait until the write operation will be taken into account :
1663:./src/stm32f7xx_hal_eth.c ****       at least four TX_CLK/RX_CLK clock cycles */
1664:./src/stm32f7xx_hal_eth.c ****       tmpreg = (heth->Instance)->MACVLANTR;
1665:./src/stm32f7xx_hal_eth.c ****       HAL_Delay(ETH_REG_WRITE_DELAY);
1666:./src/stm32f7xx_hal_eth.c ****       (heth->Instance)->MACVLANTR = tmpreg;
1667:./src/stm32f7xx_hal_eth.c ****   }
1668:./src/stm32f7xx_hal_eth.c ****   else /* macconf == NULL : here we just configure Speed and Duplex mode */
1669:./src/stm32f7xx_hal_eth.c ****   {
1670:./src/stm32f7xx_hal_eth.c ****     /*------------------------ ETHERNET MACCR Configuration --------------------*/
1671:./src/stm32f7xx_hal_eth.c ****     /* Get the ETHERNET MACCR value */
1672:./src/stm32f7xx_hal_eth.c ****     tmpreg = (heth->Instance)->MACCR;
1673:./src/stm32f7xx_hal_eth.c ****     
1674:./src/stm32f7xx_hal_eth.c ****     /* Clear FES and DM bits */
1675:./src/stm32f7xx_hal_eth.c ****     tmpreg &= ~((uint32_t)0x00004800);
1676:./src/stm32f7xx_hal_eth.c ****     
1677:./src/stm32f7xx_hal_eth.c ****     tmpreg |= (uint32_t)(heth->Init.Speed | heth->Init.DuplexMode);
1678:./src/stm32f7xx_hal_eth.c ****     
1679:./src/stm32f7xx_hal_eth.c ****     /* Write to ETHERNET MACCR */
1680:./src/stm32f7xx_hal_eth.c ****     (heth->Instance)->MACCR = (uint32_t)tmpreg;
1681:./src/stm32f7xx_hal_eth.c ****     
1682:./src/stm32f7xx_hal_eth.c ****     /* Wait until the write operation will be taken into account:
1683:./src/stm32f7xx_hal_eth.c ****     at least four TX_CLK/RX_CLK clock cycles */
1684:./src/stm32f7xx_hal_eth.c ****     tmpreg = (heth->Instance)->MACCR;
1685:./src/stm32f7xx_hal_eth.c ****     HAL_Delay(ETH_REG_WRITE_DELAY);
1686:./src/stm32f7xx_hal_eth.c ****     (heth->Instance)->MACCR = tmpreg;
1687:./src/stm32f7xx_hal_eth.c ****   }
1688:./src/stm32f7xx_hal_eth.c ****   
1689:./src/stm32f7xx_hal_eth.c ****   /* Set the ETH state to Ready */
1690:./src/stm32f7xx_hal_eth.c ****   heth->State= HAL_ETH_STATE_READY;
1691:./src/stm32f7xx_hal_eth.c ****   
1692:./src/stm32f7xx_hal_eth.c ****   /* Process Unlocked */
1693:./src/stm32f7xx_hal_eth.c ****   __HAL_UNLOCK(heth);
1694:./src/stm32f7xx_hal_eth.c ****   
1695:./src/stm32f7xx_hal_eth.c ****   /* Return function status */
1696:./src/stm32f7xx_hal_eth.c ****   return HAL_OK;  
1697:./src/stm32f7xx_hal_eth.c **** }
1698:./src/stm32f7xx_hal_eth.c **** 
1699:./src/stm32f7xx_hal_eth.c **** /**
1700:./src/stm32f7xx_hal_eth.c ****   * @brief  Sets ETH DMA Configuration.
1701:./src/stm32f7xx_hal_eth.c ****   * @param  heth pointer to a ETH_HandleTypeDef structure that contains
1702:./src/stm32f7xx_hal_eth.c ****   *         the configuration information for ETHERNET module
1703:./src/stm32f7xx_hal_eth.c ****   * @param  dmaconf DMA Configuration structure  
1704:./src/stm32f7xx_hal_eth.c ****   * @retval HAL status
1705:./src/stm32f7xx_hal_eth.c ****   */
1706:./src/stm32f7xx_hal_eth.c **** HAL_StatusTypeDef HAL_ETH_ConfigDMA(ETH_HandleTypeDef *heth, ETH_DMAInitTypeDef *dmaconf)
1707:./src/stm32f7xx_hal_eth.c **** {
1708:./src/stm32f7xx_hal_eth.c ****   uint32_t tmpreg = 0;
1709:./src/stm32f7xx_hal_eth.c **** 
1710:./src/stm32f7xx_hal_eth.c ****   /* Process Locked */
1711:./src/stm32f7xx_hal_eth.c ****   __HAL_LOCK(heth);
1712:./src/stm32f7xx_hal_eth.c ****   
1713:./src/stm32f7xx_hal_eth.c ****   /* Set the ETH peripheral state to BUSY */
1714:./src/stm32f7xx_hal_eth.c ****   heth->State= HAL_ETH_STATE_BUSY;
1715:./src/stm32f7xx_hal_eth.c **** 
1716:./src/stm32f7xx_hal_eth.c ****   /* Check parameters */
1717:./src/stm32f7xx_hal_eth.c ****   assert_param(IS_ETH_DROP_TCPIP_CHECKSUM_FRAME(dmaconf->DropTCPIPChecksumErrorFrame));
1718:./src/stm32f7xx_hal_eth.c ****   assert_param(IS_ETH_RECEIVE_STORE_FORWARD(dmaconf->ReceiveStoreForward));
1719:./src/stm32f7xx_hal_eth.c ****   assert_param(IS_ETH_FLUSH_RECEIVE_FRAME(dmaconf->FlushReceivedFrame));
1720:./src/stm32f7xx_hal_eth.c ****   assert_param(IS_ETH_TRANSMIT_STORE_FORWARD(dmaconf->TransmitStoreForward));
1721:./src/stm32f7xx_hal_eth.c ****   assert_param(IS_ETH_TRANSMIT_THRESHOLD_CONTROL(dmaconf->TransmitThresholdControl));
1722:./src/stm32f7xx_hal_eth.c ****   assert_param(IS_ETH_FORWARD_ERROR_FRAMES(dmaconf->ForwardErrorFrames));
1723:./src/stm32f7xx_hal_eth.c ****   assert_param(IS_ETH_FORWARD_UNDERSIZED_GOOD_FRAMES(dmaconf->ForwardUndersizedGoodFrames));
1724:./src/stm32f7xx_hal_eth.c ****   assert_param(IS_ETH_RECEIVE_THRESHOLD_CONTROL(dmaconf->ReceiveThresholdControl));
1725:./src/stm32f7xx_hal_eth.c ****   assert_param(IS_ETH_SECOND_FRAME_OPERATE(dmaconf->SecondFrameOperate));
1726:./src/stm32f7xx_hal_eth.c ****   assert_param(IS_ETH_ADDRESS_ALIGNED_BEATS(dmaconf->AddressAlignedBeats));
1727:./src/stm32f7xx_hal_eth.c ****   assert_param(IS_ETH_FIXED_BURST(dmaconf->FixedBurst));
1728:./src/stm32f7xx_hal_eth.c ****   assert_param(IS_ETH_RXDMA_BURST_LENGTH(dmaconf->RxDMABurstLength));
1729:./src/stm32f7xx_hal_eth.c ****   assert_param(IS_ETH_TXDMA_BURST_LENGTH(dmaconf->TxDMABurstLength));
1730:./src/stm32f7xx_hal_eth.c ****   assert_param(IS_ETH_ENHANCED_DESCRIPTOR_FORMAT(dmaconf->EnhancedDescriptorFormat));
1731:./src/stm32f7xx_hal_eth.c ****   assert_param(IS_ETH_DMA_DESC_SKIP_LENGTH(dmaconf->DescriptorSkipLength));
1732:./src/stm32f7xx_hal_eth.c ****   assert_param(IS_ETH_DMA_ARBITRATION_ROUNDROBIN_RXTX(dmaconf->DMAArbitration));
1733:./src/stm32f7xx_hal_eth.c ****   
1734:./src/stm32f7xx_hal_eth.c ****   /*----------------------- ETHERNET DMAOMR Configuration --------------------*/
1735:./src/stm32f7xx_hal_eth.c ****   /* Get the ETHERNET DMAOMR value */
1736:./src/stm32f7xx_hal_eth.c ****   tmpreg = (heth->Instance)->DMAOMR;
1737:./src/stm32f7xx_hal_eth.c ****   /* Clear xx bits */
1738:./src/stm32f7xx_hal_eth.c ****   tmpreg &= ETH_DMAOMR_CLEAR_MASK;
1739:./src/stm32f7xx_hal_eth.c **** 
1740:./src/stm32f7xx_hal_eth.c ****   tmpreg |= (uint32_t)(dmaconf->DropTCPIPChecksumErrorFrame | 
1741:./src/stm32f7xx_hal_eth.c ****                        dmaconf->ReceiveStoreForward |
1742:./src/stm32f7xx_hal_eth.c ****                        dmaconf->FlushReceivedFrame |
1743:./src/stm32f7xx_hal_eth.c ****                        dmaconf->TransmitStoreForward | 
1744:./src/stm32f7xx_hal_eth.c ****                        dmaconf->TransmitThresholdControl |
1745:./src/stm32f7xx_hal_eth.c ****                        dmaconf->ForwardErrorFrames |
1746:./src/stm32f7xx_hal_eth.c ****                        dmaconf->ForwardUndersizedGoodFrames |
1747:./src/stm32f7xx_hal_eth.c ****                        dmaconf->ReceiveThresholdControl |
1748:./src/stm32f7xx_hal_eth.c ****                        dmaconf->SecondFrameOperate);
1749:./src/stm32f7xx_hal_eth.c **** 
1750:./src/stm32f7xx_hal_eth.c ****   /* Write to ETHERNET DMAOMR */
1751:./src/stm32f7xx_hal_eth.c ****   (heth->Instance)->DMAOMR = (uint32_t)tmpreg;
1752:./src/stm32f7xx_hal_eth.c **** 
1753:./src/stm32f7xx_hal_eth.c ****   /* Wait until the write operation will be taken into account:
1754:./src/stm32f7xx_hal_eth.c ****   at least four TX_CLK/RX_CLK clock cycles */
1755:./src/stm32f7xx_hal_eth.c ****   tmpreg = (heth->Instance)->DMAOMR;
1756:./src/stm32f7xx_hal_eth.c ****   HAL_Delay(ETH_REG_WRITE_DELAY);
1757:./src/stm32f7xx_hal_eth.c ****   (heth->Instance)->DMAOMR = tmpreg;
1758:./src/stm32f7xx_hal_eth.c **** 
1759:./src/stm32f7xx_hal_eth.c ****   /*----------------------- ETHERNET DMABMR Configuration --------------------*/
1760:./src/stm32f7xx_hal_eth.c ****   (heth->Instance)->DMABMR = (uint32_t)(dmaconf->AddressAlignedBeats | 
1761:./src/stm32f7xx_hal_eth.c ****                                          dmaconf->FixedBurst |
1762:./src/stm32f7xx_hal_eth.c ****                                          dmaconf->RxDMABurstLength | /* !! if 4xPBL is selected for
1763:./src/stm32f7xx_hal_eth.c ****                                          dmaconf->TxDMABurstLength |
1764:./src/stm32f7xx_hal_eth.c ****                                          dmaconf->EnhancedDescriptorFormat |
1765:./src/stm32f7xx_hal_eth.c ****                                          (dmaconf->DescriptorSkipLength << 2) |
1766:./src/stm32f7xx_hal_eth.c ****                                          dmaconf->DMAArbitration | 
1767:./src/stm32f7xx_hal_eth.c ****                                          ETH_DMABMR_USP); /* Enable use of separate PBL for Rx and 
1768:./src/stm32f7xx_hal_eth.c **** 
1769:./src/stm32f7xx_hal_eth.c ****    /* Wait until the write operation will be taken into account:
1770:./src/stm32f7xx_hal_eth.c ****       at least four TX_CLK/RX_CLK clock cycles */
1771:./src/stm32f7xx_hal_eth.c ****    tmpreg = (heth->Instance)->DMABMR;
1772:./src/stm32f7xx_hal_eth.c ****    HAL_Delay(ETH_REG_WRITE_DELAY);
1773:./src/stm32f7xx_hal_eth.c ****    (heth->Instance)->DMABMR = tmpreg;
1774:./src/stm32f7xx_hal_eth.c **** 
1775:./src/stm32f7xx_hal_eth.c ****    /* Set the ETH state to Ready */
1776:./src/stm32f7xx_hal_eth.c ****    heth->State= HAL_ETH_STATE_READY;
1777:./src/stm32f7xx_hal_eth.c ****    
1778:./src/stm32f7xx_hal_eth.c ****    /* Process Unlocked */
1779:./src/stm32f7xx_hal_eth.c ****    __HAL_UNLOCK(heth);
1780:./src/stm32f7xx_hal_eth.c ****    
1781:./src/stm32f7xx_hal_eth.c ****    /* Return function status */
1782:./src/stm32f7xx_hal_eth.c ****    return HAL_OK; 
1783:./src/stm32f7xx_hal_eth.c **** }
1784:./src/stm32f7xx_hal_eth.c **** 
1785:./src/stm32f7xx_hal_eth.c **** /**
1786:./src/stm32f7xx_hal_eth.c ****   * @}
1787:./src/stm32f7xx_hal_eth.c ****   */
1788:./src/stm32f7xx_hal_eth.c **** 
1789:./src/stm32f7xx_hal_eth.c **** /** @defgroup ETH_Exported_Functions_Group4 Peripheral State functions 
1790:./src/stm32f7xx_hal_eth.c ****   *  @brief   Peripheral State functions 
1791:./src/stm32f7xx_hal_eth.c ****   *
1792:./src/stm32f7xx_hal_eth.c ****   @verbatim   
1793:./src/stm32f7xx_hal_eth.c ****   ===============================================================================
1794:./src/stm32f7xx_hal_eth.c ****                          ##### Peripheral State functions #####
1795:./src/stm32f7xx_hal_eth.c ****   ===============================================================================  
1796:./src/stm32f7xx_hal_eth.c ****   [..]
1797:./src/stm32f7xx_hal_eth.c ****   This subsection permits to get in run-time the status of the peripheral 
1798:./src/stm32f7xx_hal_eth.c ****   and the data flow.
1799:./src/stm32f7xx_hal_eth.c ****        (+) Get the ETH handle state:
1800:./src/stm32f7xx_hal_eth.c ****            HAL_ETH_GetState();
1801:./src/stm32f7xx_hal_eth.c ****            
1802:./src/stm32f7xx_hal_eth.c **** 
1803:./src/stm32f7xx_hal_eth.c ****   @endverbatim
1804:./src/stm32f7xx_hal_eth.c ****   * @{
1805:./src/stm32f7xx_hal_eth.c ****   */
1806:./src/stm32f7xx_hal_eth.c **** 
1807:./src/stm32f7xx_hal_eth.c **** /**
1808:./src/stm32f7xx_hal_eth.c ****   * @brief  Return the ETH HAL state
1809:./src/stm32f7xx_hal_eth.c ****   * @param  heth pointer to a ETH_HandleTypeDef structure that contains
1810:./src/stm32f7xx_hal_eth.c ****   *         the configuration information for ETHERNET module
1811:./src/stm32f7xx_hal_eth.c ****   * @retval HAL state
1812:./src/stm32f7xx_hal_eth.c ****   */
1813:./src/stm32f7xx_hal_eth.c **** HAL_ETH_StateTypeDef HAL_ETH_GetState(ETH_HandleTypeDef *heth)
1814:./src/stm32f7xx_hal_eth.c **** {  
1815:./src/stm32f7xx_hal_eth.c ****   /* Return ETH state */
1816:./src/stm32f7xx_hal_eth.c ****   return heth->State;
1817:./src/stm32f7xx_hal_eth.c **** }
1818:./src/stm32f7xx_hal_eth.c **** 
1819:./src/stm32f7xx_hal_eth.c **** /**
1820:./src/stm32f7xx_hal_eth.c ****   * @}
1821:./src/stm32f7xx_hal_eth.c ****   */
1822:./src/stm32f7xx_hal_eth.c ****   
1823:./src/stm32f7xx_hal_eth.c **** /**
1824:./src/stm32f7xx_hal_eth.c ****   * @}
1825:./src/stm32f7xx_hal_eth.c ****   */
1826:./src/stm32f7xx_hal_eth.c ****   
1827:./src/stm32f7xx_hal_eth.c **** /** @addtogroup ETH_Private_Functions
1828:./src/stm32f7xx_hal_eth.c ****   * @{
1829:./src/stm32f7xx_hal_eth.c ****   */
1830:./src/stm32f7xx_hal_eth.c **** 
1831:./src/stm32f7xx_hal_eth.c **** /**
1832:./src/stm32f7xx_hal_eth.c ****   * @brief  Configures Ethernet MAC and DMA with default parameters.
1833:./src/stm32f7xx_hal_eth.c ****   * @param  heth pointer to a ETH_HandleTypeDef structure that contains
1834:./src/stm32f7xx_hal_eth.c ****   *         the configuration information for ETHERNET module
1835:./src/stm32f7xx_hal_eth.c ****   * @param  err Ethernet Init error
1836:./src/stm32f7xx_hal_eth.c ****   * @retval HAL status
1837:./src/stm32f7xx_hal_eth.c ****   */
1838:./src/stm32f7xx_hal_eth.c **** static void ETH_MACDMAConfig(ETH_HandleTypeDef *heth, uint32_t err)
1839:./src/stm32f7xx_hal_eth.c **** {
  28              		.loc 1 1839 1 view -0
  29              		.cfi_startproc
  30              		@ args = 0, pretend = 0, frame = 0
  31              		@ frame_needed = 0, uses_anonymous_args = 0
1840:./src/stm32f7xx_hal_eth.c ****   ETH_MACInitTypeDef macinit;
  32              		.loc 1 1840 3 view .LVU1
1841:./src/stm32f7xx_hal_eth.c ****   ETH_DMAInitTypeDef dmainit;
  33              		.loc 1 1841 3 view .LVU2
1842:./src/stm32f7xx_hal_eth.c ****   uint32_t tmpreg = 0;
  34              		.loc 1 1842 3 view .LVU3
1843:./src/stm32f7xx_hal_eth.c ****   
1844:./src/stm32f7xx_hal_eth.c ****   if (err != ETH_SUCCESS) /* Auto-negotiation failed */
  35              		.loc 1 1844 3 view .LVU4
1839:./src/stm32f7xx_hal_eth.c ****   ETH_MACInitTypeDef macinit;
  36              		.loc 1 1839 1 is_stmt 0 view .LVU5
  37 0000 70B5     		push	{r4, r5, r6, lr}
  38              	.LCFI0:
  39              		.cfi_def_cfa_offset 16
  40              		.cfi_offset 4, -16
  41              		.cfi_offset 5, -12
  42              		.cfi_offset 6, -8
  43              		.cfi_offset 14, -4
1839:./src/stm32f7xx_hal_eth.c ****   ETH_MACInitTypeDef macinit;
  44              		.loc 1 1839 1 view .LVU6
  45 0002 0446     		mov	r4, r0
  46              		.loc 1 1844 6 view .LVU7
  47 0004 0029     		cmp	r1, #0
  48 0006 5DD1     		bne	.L2
1845:./src/stm32f7xx_hal_eth.c ****   {
1846:./src/stm32f7xx_hal_eth.c ****     /* Set Ethernet duplex mode to Full-duplex */
1847:./src/stm32f7xx_hal_eth.c ****     (heth->Init).DuplexMode = ETH_MODE_FULLDUPLEX;
1848:./src/stm32f7xx_hal_eth.c ****     
1849:./src/stm32f7xx_hal_eth.c ****     /* Set Ethernet speed to 100M */
1850:./src/stm32f7xx_hal_eth.c ****     (heth->Init).Speed = ETH_SPEED_100M;
1851:./src/stm32f7xx_hal_eth.c ****   }
1852:./src/stm32f7xx_hal_eth.c ****   
1853:./src/stm32f7xx_hal_eth.c ****   /* Ethernet MAC default initialization **************************************/
1854:./src/stm32f7xx_hal_eth.c ****   macinit.Watchdog = ETH_WATCHDOG_ENABLE;
1855:./src/stm32f7xx_hal_eth.c ****   macinit.Jabber = ETH_JABBER_ENABLE;
1856:./src/stm32f7xx_hal_eth.c ****   macinit.InterFrameGap = ETH_INTERFRAMEGAP_96BIT;
1857:./src/stm32f7xx_hal_eth.c ****   macinit.CarrierSense = ETH_CARRIERSENCE_ENABLE;
1858:./src/stm32f7xx_hal_eth.c ****   macinit.ReceiveOwn = ETH_RECEIVEOWN_ENABLE;
1859:./src/stm32f7xx_hal_eth.c ****   macinit.LoopbackMode = ETH_LOOPBACKMODE_DISABLE;
1860:./src/stm32f7xx_hal_eth.c ****   if(heth->Init.ChecksumMode == ETH_CHECKSUM_BY_HARDWARE)
1861:./src/stm32f7xx_hal_eth.c ****   {
1862:./src/stm32f7xx_hal_eth.c ****     macinit.ChecksumOffload = ETH_CHECKSUMOFFLAOD_ENABLE;
1863:./src/stm32f7xx_hal_eth.c ****   }
1864:./src/stm32f7xx_hal_eth.c ****   else
1865:./src/stm32f7xx_hal_eth.c ****   {
1866:./src/stm32f7xx_hal_eth.c ****     macinit.ChecksumOffload = ETH_CHECKSUMOFFLAOD_DISABLE;
1867:./src/stm32f7xx_hal_eth.c ****   }
1868:./src/stm32f7xx_hal_eth.c ****   macinit.RetryTransmission = ETH_RETRYTRANSMISSION_DISABLE;
1869:./src/stm32f7xx_hal_eth.c ****   macinit.AutomaticPadCRCStrip = ETH_AUTOMATICPADCRCSTRIP_DISABLE;
1870:./src/stm32f7xx_hal_eth.c ****   macinit.BackOffLimit = ETH_BACKOFFLIMIT_10;
1871:./src/stm32f7xx_hal_eth.c ****   macinit.DeferralCheck = ETH_DEFFERRALCHECK_DISABLE;
1872:./src/stm32f7xx_hal_eth.c ****   macinit.ReceiveAll = ETH_RECEIVEAll_DISABLE;
1873:./src/stm32f7xx_hal_eth.c ****   macinit.SourceAddrFilter = ETH_SOURCEADDRFILTER_DISABLE;
1874:./src/stm32f7xx_hal_eth.c ****   macinit.PassControlFrames = ETH_PASSCONTROLFRAMES_BLOCKALL;
1875:./src/stm32f7xx_hal_eth.c ****   macinit.BroadcastFramesReception = ETH_BROADCASTFRAMESRECEPTION_ENABLE;
1876:./src/stm32f7xx_hal_eth.c ****   macinit.DestinationAddrFilter = ETH_DESTINATIONADDRFILTER_NORMAL;
1877:./src/stm32f7xx_hal_eth.c ****   macinit.PromiscuousMode = ETH_PROMISCUOUS_MODE_DISABLE;
1878:./src/stm32f7xx_hal_eth.c ****   macinit.MulticastFramesFilter = ETH_MULTICASTFRAMESFILTER_PERFECT;
1879:./src/stm32f7xx_hal_eth.c ****   macinit.UnicastFramesFilter = ETH_UNICASTFRAMESFILTER_PERFECT;
1880:./src/stm32f7xx_hal_eth.c ****   macinit.HashTableHigh = 0x0;
1881:./src/stm32f7xx_hal_eth.c ****   macinit.HashTableLow = 0x0;
1882:./src/stm32f7xx_hal_eth.c ****   macinit.PauseTime = 0x0;
1883:./src/stm32f7xx_hal_eth.c ****   macinit.ZeroQuantaPause = ETH_ZEROQUANTAPAUSE_DISABLE;
1884:./src/stm32f7xx_hal_eth.c ****   macinit.PauseLowThreshold = ETH_PAUSELOWTHRESHOLD_MINUS4;
1885:./src/stm32f7xx_hal_eth.c ****   macinit.UnicastPauseFrameDetect = ETH_UNICASTPAUSEFRAMEDETECT_DISABLE;
1886:./src/stm32f7xx_hal_eth.c ****   macinit.ReceiveFlowControl = ETH_RECEIVEFLOWCONTROL_DISABLE;
1887:./src/stm32f7xx_hal_eth.c ****   macinit.TransmitFlowControl = ETH_TRANSMITFLOWCONTROL_DISABLE;
1888:./src/stm32f7xx_hal_eth.c ****   macinit.VLANTagComparison = ETH_VLANTAGCOMPARISON_16BIT;
1889:./src/stm32f7xx_hal_eth.c ****   macinit.VLANTagIdentifier = 0x0;
1890:./src/stm32f7xx_hal_eth.c ****   
1891:./src/stm32f7xx_hal_eth.c ****   /*------------------------ ETHERNET MACCR Configuration --------------------*/
1892:./src/stm32f7xx_hal_eth.c ****   /* Get the ETHERNET MACCR value */
1893:./src/stm32f7xx_hal_eth.c ****   tmpreg = (heth->Instance)->MACCR;
1894:./src/stm32f7xx_hal_eth.c ****   /* Clear WD, PCE, PS, TE and RE bits */
1895:./src/stm32f7xx_hal_eth.c ****   tmpreg &= ETH_MACCR_CLEAR_MASK;
1896:./src/stm32f7xx_hal_eth.c ****   /* Set the WD bit according to ETH Watchdog value */
1897:./src/stm32f7xx_hal_eth.c ****   /* Set the JD: bit according to ETH Jabber value */
1898:./src/stm32f7xx_hal_eth.c ****   /* Set the IFG bit according to ETH InterFrameGap value */
1899:./src/stm32f7xx_hal_eth.c ****   /* Set the DCRS bit according to ETH CarrierSense value */
1900:./src/stm32f7xx_hal_eth.c ****   /* Set the FES bit according to ETH Speed value */ 
1901:./src/stm32f7xx_hal_eth.c ****   /* Set the DO bit according to ETH ReceiveOwn value */ 
1902:./src/stm32f7xx_hal_eth.c ****   /* Set the LM bit according to ETH LoopbackMode value */
1903:./src/stm32f7xx_hal_eth.c ****   /* Set the DM bit according to ETH Mode value */ 
1904:./src/stm32f7xx_hal_eth.c ****   /* Set the IPCO bit according to ETH ChecksumOffload value */
1905:./src/stm32f7xx_hal_eth.c ****   /* Set the DR bit according to ETH RetryTransmission value */
1906:./src/stm32f7xx_hal_eth.c ****   /* Set the ACS bit according to ETH AutomaticPadCRCStrip value */
1907:./src/stm32f7xx_hal_eth.c ****   /* Set the BL bit according to ETH BackOffLimit value */
1908:./src/stm32f7xx_hal_eth.c ****   /* Set the DC bit according to ETH DeferralCheck value */
1909:./src/stm32f7xx_hal_eth.c ****   tmpreg |= (uint32_t)(macinit.Watchdog | 
1910:./src/stm32f7xx_hal_eth.c ****                        macinit.Jabber | 
1911:./src/stm32f7xx_hal_eth.c ****                        macinit.InterFrameGap |
1912:./src/stm32f7xx_hal_eth.c ****                        macinit.CarrierSense |
1913:./src/stm32f7xx_hal_eth.c ****                        (heth->Init).Speed | 
1914:./src/stm32f7xx_hal_eth.c ****                        macinit.ReceiveOwn |
1915:./src/stm32f7xx_hal_eth.c ****                        macinit.LoopbackMode |
  49              		.loc 1 1915 45 view .LVU8
  50 0008 D0E90203 		ldrd	r0, r3, [r0, #8]
  51              	.LVL1:
  52              		.loc 1 1915 45 view .LVU9
  53 000c 1843     		orrs	r0, r0, r3
  54              	.L3:
1854:./src/stm32f7xx_hal_eth.c ****   macinit.Jabber = ETH_JABBER_ENABLE;
  55              		.loc 1 1854 3 is_stmt 1 view .LVU10
  56              	.LVL2:
1855:./src/stm32f7xx_hal_eth.c ****   macinit.InterFrameGap = ETH_INTERFRAMEGAP_96BIT;
  57              		.loc 1 1855 3 view .LVU11
1856:./src/stm32f7xx_hal_eth.c ****   macinit.CarrierSense = ETH_CARRIERSENCE_ENABLE;
  58              		.loc 1 1856 3 view .LVU12
1857:./src/stm32f7xx_hal_eth.c ****   macinit.ReceiveOwn = ETH_RECEIVEOWN_ENABLE;
  59              		.loc 1 1857 3 view .LVU13
1858:./src/stm32f7xx_hal_eth.c ****   macinit.LoopbackMode = ETH_LOOPBACKMODE_DISABLE;
  60              		.loc 1 1858 3 view .LVU14
1859:./src/stm32f7xx_hal_eth.c ****   if(heth->Init.ChecksumMode == ETH_CHECKSUM_BY_HARDWARE)
  61              		.loc 1 1859 3 view .LVU15
1860:./src/stm32f7xx_hal_eth.c ****   {
  62              		.loc 1 1860 3 view .LVU16
1868:./src/stm32f7xx_hal_eth.c ****   macinit.AutomaticPadCRCStrip = ETH_AUTOMATICPADCRCSTRIP_DISABLE;
  63              		.loc 1 1868 3 view .LVU17
1869:./src/stm32f7xx_hal_eth.c ****   macinit.BackOffLimit = ETH_BACKOFFLIMIT_10;
  64              		.loc 1 1869 3 view .LVU18
1870:./src/stm32f7xx_hal_eth.c ****   macinit.DeferralCheck = ETH_DEFFERRALCHECK_DISABLE;
  65              		.loc 1 1870 3 view .LVU19
1871:./src/stm32f7xx_hal_eth.c ****   macinit.ReceiveAll = ETH_RECEIVEAll_DISABLE;
  66              		.loc 1 1871 3 view .LVU20
1872:./src/stm32f7xx_hal_eth.c ****   macinit.SourceAddrFilter = ETH_SOURCEADDRFILTER_DISABLE;
  67              		.loc 1 1872 3 view .LVU21
1873:./src/stm32f7xx_hal_eth.c ****   macinit.PassControlFrames = ETH_PASSCONTROLFRAMES_BLOCKALL;
  68              		.loc 1 1873 3 view .LVU22
1874:./src/stm32f7xx_hal_eth.c ****   macinit.BroadcastFramesReception = ETH_BROADCASTFRAMESRECEPTION_ENABLE;
  69              		.loc 1 1874 3 view .LVU23
1875:./src/stm32f7xx_hal_eth.c ****   macinit.DestinationAddrFilter = ETH_DESTINATIONADDRFILTER_NORMAL;
  70              		.loc 1 1875 3 view .LVU24
1876:./src/stm32f7xx_hal_eth.c ****   macinit.PromiscuousMode = ETH_PROMISCUOUS_MODE_DISABLE;
  71              		.loc 1 1876 3 view .LVU25
1877:./src/stm32f7xx_hal_eth.c ****   macinit.MulticastFramesFilter = ETH_MULTICASTFRAMESFILTER_PERFECT;
  72              		.loc 1 1877 3 view .LVU26
1878:./src/stm32f7xx_hal_eth.c ****   macinit.UnicastFramesFilter = ETH_UNICASTFRAMESFILTER_PERFECT;
  73              		.loc 1 1878 3 view .LVU27
1879:./src/stm32f7xx_hal_eth.c ****   macinit.HashTableHigh = 0x0;
  74              		.loc 1 1879 3 view .LVU28
1880:./src/stm32f7xx_hal_eth.c ****   macinit.HashTableLow = 0x0;
  75              		.loc 1 1880 3 view .LVU29
1881:./src/stm32f7xx_hal_eth.c ****   macinit.PauseTime = 0x0;
  76              		.loc 1 1881 3 view .LVU30
1882:./src/stm32f7xx_hal_eth.c ****   macinit.ZeroQuantaPause = ETH_ZEROQUANTAPAUSE_DISABLE;
  77              		.loc 1 1882 3 view .LVU31
1883:./src/stm32f7xx_hal_eth.c ****   macinit.PauseLowThreshold = ETH_PAUSELOWTHRESHOLD_MINUS4;
  78              		.loc 1 1883 3 view .LVU32
1884:./src/stm32f7xx_hal_eth.c ****   macinit.UnicastPauseFrameDetect = ETH_UNICASTPAUSEFRAMEDETECT_DISABLE;
  79              		.loc 1 1884 3 view .LVU33
1885:./src/stm32f7xx_hal_eth.c ****   macinit.ReceiveFlowControl = ETH_RECEIVEFLOWCONTROL_DISABLE;
  80              		.loc 1 1885 3 view .LVU34
1886:./src/stm32f7xx_hal_eth.c ****   macinit.TransmitFlowControl = ETH_TRANSMITFLOWCONTROL_DISABLE;
  81              		.loc 1 1886 3 view .LVU35
1887:./src/stm32f7xx_hal_eth.c ****   macinit.VLANTagComparison = ETH_VLANTAGCOMPARISON_16BIT;
  82              		.loc 1 1887 3 view .LVU36
1888:./src/stm32f7xx_hal_eth.c ****   macinit.VLANTagIdentifier = 0x0;
  83              		.loc 1 1888 3 view .LVU37
1889:./src/stm32f7xx_hal_eth.c ****   
  84              		.loc 1 1889 3 view .LVU38
1893:./src/stm32f7xx_hal_eth.c ****   /* Clear WD, PCE, PS, TE and RE bits */
  85              		.loc 1 1893 3 view .LVU39
1893:./src/stm32f7xx_hal_eth.c ****   /* Clear WD, PCE, PS, TE and RE bits */
  86              		.loc 1 1893 17 is_stmt 0 view .LVU40
  87 000e 2168     		ldr	r1, [r4]
  88              	.LVL3:
1860:./src/stm32f7xx_hal_eth.c ****   {
  89              		.loc 1 1860 5 view .LVU41
  90 0010 E269     		ldr	r2, [r4, #28]
1893:./src/stm32f7xx_hal_eth.c ****   /* Clear WD, PCE, PS, TE and RE bits */
  91              		.loc 1 1893 10 view .LVU42
  92 0012 0D68     		ldr	r5, [r1]
  93              	.LVL4:
1895:./src/stm32f7xx_hal_eth.c ****   /* Set the WD bit according to ETH Watchdog value */
  94              		.loc 1 1895 3 is_stmt 1 view .LVU43
1909:./src/stm32f7xx_hal_eth.c ****                        macinit.Jabber | 
  95              		.loc 1 1909 3 view .LVU44
1895:./src/stm32f7xx_hal_eth.c ****   /* Set the WD bit according to ETH Watchdog value */
  96              		.loc 1 1895 10 is_stmt 0 view .LVU45
  97 0014 304B     		ldr	r3, .L7
1860:./src/stm32f7xx_hal_eth.c ****   {
  98              		.loc 1 1860 5 view .LVU46
  99 0016 B2FA82F2 		clz	r2, r2
1895:./src/stm32f7xx_hal_eth.c ****   /* Set the WD bit according to ETH Watchdog value */
 100              		.loc 1 1895 10 view .LVU47
 101 001a 2B40     		ands	r3, r3, r5
 102              	.LVL5:
1860:./src/stm32f7xx_hal_eth.c ****   {
 103              		.loc 1 1860 5 view .LVU48
 104 001c 5209     		lsrs	r2, r2, #5
 105 001e 0343     		orrs	r3, r3, r0
 106              	.LVL6:
1916:./src/stm32f7xx_hal_eth.c ****                        (heth->Init).DuplexMode | 
1917:./src/stm32f7xx_hal_eth.c ****                        macinit.ChecksumOffload |    
1918:./src/stm32f7xx_hal_eth.c ****                        macinit.RetryTransmission | 
1919:./src/stm32f7xx_hal_eth.c ****                        macinit.AutomaticPadCRCStrip | 
1920:./src/stm32f7xx_hal_eth.c ****                        macinit.BackOffLimit | 
1921:./src/stm32f7xx_hal_eth.c ****                        macinit.DeferralCheck);
1922:./src/stm32f7xx_hal_eth.c ****   
1923:./src/stm32f7xx_hal_eth.c ****   /* Write to ETHERNET MACCR */
1924:./src/stm32f7xx_hal_eth.c ****   (heth->Instance)->MACCR = (uint32_t)tmpreg;
1925:./src/stm32f7xx_hal_eth.c ****   
1926:./src/stm32f7xx_hal_eth.c ****   /* Wait until the write operation will be taken into account:
1927:./src/stm32f7xx_hal_eth.c ****      at least four TX_CLK/RX_CLK clock cycles */
1928:./src/stm32f7xx_hal_eth.c ****   tmpreg = (heth->Instance)->MACCR;
1929:./src/stm32f7xx_hal_eth.c ****   HAL_Delay(ETH_REG_WRITE_DELAY);
 107              		.loc 1 1929 3 view .LVU49
 108 0020 0120     		movs	r0, #1
 109 0022 43EA8223 		orr	r3, r3, r2, lsl #10
1909:./src/stm32f7xx_hal_eth.c ****                        macinit.Jabber | 
 110              		.loc 1 1909 10 view .LVU50
 111 0026 43F40073 		orr	r3, r3, #512
 112              	.LVL7:
1924:./src/stm32f7xx_hal_eth.c ****   
 113              		.loc 1 1924 3 is_stmt 1 view .LVU51
1924:./src/stm32f7xx_hal_eth.c ****   
 114              		.loc 1 1924 27 is_stmt 0 view .LVU52
 115 002a 0B60     		str	r3, [r1]
1928:./src/stm32f7xx_hal_eth.c ****   HAL_Delay(ETH_REG_WRITE_DELAY);
 116              		.loc 1 1928 3 is_stmt 1 view .LVU53
1928:./src/stm32f7xx_hal_eth.c ****   HAL_Delay(ETH_REG_WRITE_DELAY);
 117              		.loc 1 1928 10 is_stmt 0 view .LVU54
 118 002c 0D68     		ldr	r5, [r1]
 119              	.LVL8:
 120              		.loc 1 1929 3 is_stmt 1 view .LVU55
 121 002e FFF7FEFF 		bl	HAL_Delay
 122              	.LVL9:
1930:./src/stm32f7xx_hal_eth.c ****   (heth->Instance)->MACCR = tmpreg; 
 123              		.loc 1 1930 3 view .LVU56
 124              		.loc 1 1930 8 is_stmt 0 view .LVU57
 125 0032 2368     		ldr	r3, [r4]
1931:./src/stm32f7xx_hal_eth.c ****   
1932:./src/stm32f7xx_hal_eth.c ****   /*----------------------- ETHERNET MACFFR Configuration --------------------*/ 
1933:./src/stm32f7xx_hal_eth.c ****   /* Set the RA bit according to ETH ReceiveAll value */
1934:./src/stm32f7xx_hal_eth.c ****   /* Set the SAF and SAIF bits according to ETH SourceAddrFilter value */
1935:./src/stm32f7xx_hal_eth.c ****   /* Set the PCF bit according to ETH PassControlFrames value */
1936:./src/stm32f7xx_hal_eth.c ****   /* Set the DBF bit according to ETH BroadcastFramesReception value */
1937:./src/stm32f7xx_hal_eth.c ****   /* Set the DAIF bit according to ETH DestinationAddrFilter value */
1938:./src/stm32f7xx_hal_eth.c ****   /* Set the PR bit according to ETH PromiscuousMode value */
1939:./src/stm32f7xx_hal_eth.c ****   /* Set the PM, HMC and HPF bits according to ETH MulticastFramesFilter value */
1940:./src/stm32f7xx_hal_eth.c ****   /* Set the HUC and HPF bits according to ETH UnicastFramesFilter value */
1941:./src/stm32f7xx_hal_eth.c ****   /* Write to ETHERNET MACFFR */  
1942:./src/stm32f7xx_hal_eth.c ****   (heth->Instance)->MACFFR = (uint32_t)(macinit.ReceiveAll | 
 126              		.loc 1 1942 28 view .LVU58
 127 0034 4022     		movs	r2, #64
1943:./src/stm32f7xx_hal_eth.c ****                                         macinit.SourceAddrFilter |
1944:./src/stm32f7xx_hal_eth.c ****                                         macinit.PassControlFrames |
1945:./src/stm32f7xx_hal_eth.c ****                                         macinit.BroadcastFramesReception | 
1946:./src/stm32f7xx_hal_eth.c ****                                         macinit.DestinationAddrFilter |
1947:./src/stm32f7xx_hal_eth.c ****                                         macinit.PromiscuousMode |
1948:./src/stm32f7xx_hal_eth.c ****                                         macinit.MulticastFramesFilter |
1949:./src/stm32f7xx_hal_eth.c ****                                         macinit.UnicastFramesFilter);
1950:./src/stm32f7xx_hal_eth.c ****    
1951:./src/stm32f7xx_hal_eth.c ****    /* Wait until the write operation will be taken into account:
1952:./src/stm32f7xx_hal_eth.c ****       at least four TX_CLK/RX_CLK clock cycles */
1953:./src/stm32f7xx_hal_eth.c ****    tmpreg = (heth->Instance)->MACFFR;
1954:./src/stm32f7xx_hal_eth.c ****    HAL_Delay(ETH_REG_WRITE_DELAY);
 128              		.loc 1 1954 4 view .LVU59
 129 0036 0120     		movs	r0, #1
1930:./src/stm32f7xx_hal_eth.c ****   
 130              		.loc 1 1930 27 view .LVU60
 131 0038 1D60     		str	r5, [r3]
1942:./src/stm32f7xx_hal_eth.c ****                                         macinit.SourceAddrFilter |
 132              		.loc 1 1942 3 is_stmt 1 view .LVU61
1955:./src/stm32f7xx_hal_eth.c ****    (heth->Instance)->MACFFR = tmpreg;
1956:./src/stm32f7xx_hal_eth.c ****    
1957:./src/stm32f7xx_hal_eth.c ****    /*--------------- ETHERNET MACHTHR and MACHTLR Configuration --------------*/
1958:./src/stm32f7xx_hal_eth.c ****    /* Write to ETHERNET MACHTHR */
1959:./src/stm32f7xx_hal_eth.c ****    (heth->Instance)->MACHTHR = (uint32_t)macinit.HashTableHigh;
 133              		.loc 1 1959 30 is_stmt 0 view .LVU62
 134 003a 0025     		movs	r5, #0
 135              	.LVL10:
1942:./src/stm32f7xx_hal_eth.c ****                                         macinit.SourceAddrFilter |
 136              		.loc 1 1942 28 view .LVU63
 137 003c 5A60     		str	r2, [r3, #4]
 138              	.LVL11:
1953:./src/stm32f7xx_hal_eth.c ****    HAL_Delay(ETH_REG_WRITE_DELAY);
 139              		.loc 1 1953 4 is_stmt 1 view .LVU64
1953:./src/stm32f7xx_hal_eth.c ****    HAL_Delay(ETH_REG_WRITE_DELAY);
 140              		.loc 1 1953 11 is_stmt 0 view .LVU65
 141 003e 5E68     		ldr	r6, [r3, #4]
 142              	.LVL12:
1954:./src/stm32f7xx_hal_eth.c ****    (heth->Instance)->MACFFR = tmpreg;
 143              		.loc 1 1954 4 is_stmt 1 view .LVU66
 144 0040 FFF7FEFF 		bl	HAL_Delay
 145              	.LVL13:
1955:./src/stm32f7xx_hal_eth.c ****    (heth->Instance)->MACFFR = tmpreg;
 146              		.loc 1 1955 4 view .LVU67
1955:./src/stm32f7xx_hal_eth.c ****    (heth->Instance)->MACFFR = tmpreg;
 147              		.loc 1 1955 9 is_stmt 0 view .LVU68
 148 0044 2368     		ldr	r3, [r4]
1960:./src/stm32f7xx_hal_eth.c ****    
1961:./src/stm32f7xx_hal_eth.c ****    /* Write to ETHERNET MACHTLR */
1962:./src/stm32f7xx_hal_eth.c ****    (heth->Instance)->MACHTLR = (uint32_t)macinit.HashTableLow;
1963:./src/stm32f7xx_hal_eth.c ****    /*----------------------- ETHERNET MACFCR Configuration -------------------*/
1964:./src/stm32f7xx_hal_eth.c ****    
1965:./src/stm32f7xx_hal_eth.c ****    /* Get the ETHERNET MACFCR value */  
1966:./src/stm32f7xx_hal_eth.c ****    tmpreg = (heth->Instance)->MACFCR;
1967:./src/stm32f7xx_hal_eth.c ****    /* Clear xx bits */
1968:./src/stm32f7xx_hal_eth.c ****    tmpreg &= ETH_MACFCR_CLEAR_MASK;
 149              		.loc 1 1968 11 view .LVU69
 150 0046 4FF64171 		movw	r1, #65345
1969:./src/stm32f7xx_hal_eth.c ****    
1970:./src/stm32f7xx_hal_eth.c ****    /* Set the PT bit according to ETH PauseTime value */
1971:./src/stm32f7xx_hal_eth.c ****    /* Set the DZPQ bit according to ETH ZeroQuantaPause value */
1972:./src/stm32f7xx_hal_eth.c ****    /* Set the PLT bit according to ETH PauseLowThreshold value */
1973:./src/stm32f7xx_hal_eth.c ****    /* Set the UP bit according to ETH UnicastPauseFrameDetect value */
1974:./src/stm32f7xx_hal_eth.c ****    /* Set the RFE bit according to ETH ReceiveFlowControl value */
1975:./src/stm32f7xx_hal_eth.c ****    /* Set the TFE bit according to ETH TransmitFlowControl value */ 
1976:./src/stm32f7xx_hal_eth.c ****    tmpreg |= (uint32_t)((macinit.PauseTime << 16) | 
1977:./src/stm32f7xx_hal_eth.c ****                         macinit.ZeroQuantaPause |
1978:./src/stm32f7xx_hal_eth.c ****                         macinit.PauseLowThreshold |
1979:./src/stm32f7xx_hal_eth.c ****                         macinit.UnicastPauseFrameDetect | 
1980:./src/stm32f7xx_hal_eth.c ****                         macinit.ReceiveFlowControl |
1981:./src/stm32f7xx_hal_eth.c ****                         macinit.TransmitFlowControl); 
1982:./src/stm32f7xx_hal_eth.c ****    
1983:./src/stm32f7xx_hal_eth.c ****    /* Write to ETHERNET MACFCR */
1984:./src/stm32f7xx_hal_eth.c ****    (heth->Instance)->MACFCR = (uint32_t)tmpreg;
1985:./src/stm32f7xx_hal_eth.c ****    
1986:./src/stm32f7xx_hal_eth.c ****    /* Wait until the write operation will be taken into account:
1987:./src/stm32f7xx_hal_eth.c ****    at least four TX_CLK/RX_CLK clock cycles */
1988:./src/stm32f7xx_hal_eth.c ****    tmpreg = (heth->Instance)->MACFCR;
1989:./src/stm32f7xx_hal_eth.c ****    HAL_Delay(ETH_REG_WRITE_DELAY);
 151              		.loc 1 1989 4 view .LVU70
 152 004a 0120     		movs	r0, #1
1955:./src/stm32f7xx_hal_eth.c ****    
 153              		.loc 1 1955 29 view .LVU71
 154 004c 5E60     		str	r6, [r3, #4]
1959:./src/stm32f7xx_hal_eth.c ****    
 155              		.loc 1 1959 4 is_stmt 1 view .LVU72
1959:./src/stm32f7xx_hal_eth.c ****    
 156              		.loc 1 1959 30 is_stmt 0 view .LVU73
 157 004e 9D60     		str	r5, [r3, #8]
1962:./src/stm32f7xx_hal_eth.c ****    /*----------------------- ETHERNET MACFCR Configuration -------------------*/
 158              		.loc 1 1962 4 is_stmt 1 view .LVU74
1962:./src/stm32f7xx_hal_eth.c ****    /*----------------------- ETHERNET MACFCR Configuration -------------------*/
 159              		.loc 1 1962 30 is_stmt 0 view .LVU75
 160 0050 DD60     		str	r5, [r3, #12]
1966:./src/stm32f7xx_hal_eth.c ****    /* Clear xx bits */
 161              		.loc 1 1966 4 is_stmt 1 view .LVU76
1966:./src/stm32f7xx_hal_eth.c ****    /* Clear xx bits */
 162              		.loc 1 1966 11 is_stmt 0 view .LVU77
 163 0052 9A69     		ldr	r2, [r3, #24]
 164              	.LVL14:
1968:./src/stm32f7xx_hal_eth.c ****    
 165              		.loc 1 1968 4 is_stmt 1 view .LVU78
1968:./src/stm32f7xx_hal_eth.c ****    
 166              		.loc 1 1968 11 is_stmt 0 view .LVU79
 167 0054 0A40     		ands	r2, r2, r1
 168              	.LVL15:
1976:./src/stm32f7xx_hal_eth.c ****                         macinit.ZeroQuantaPause |
 169              		.loc 1 1976 4 is_stmt 1 view .LVU80
1976:./src/stm32f7xx_hal_eth.c ****                         macinit.ZeroQuantaPause |
 170              		.loc 1 1976 11 is_stmt 0 view .LVU81
 171 0056 42F08002 		orr	r2, r2, #128
 172              	.LVL16:
1984:./src/stm32f7xx_hal_eth.c ****    
 173              		.loc 1 1984 4 is_stmt 1 view .LVU82
1984:./src/stm32f7xx_hal_eth.c ****    
 174              		.loc 1 1984 29 is_stmt 0 view .LVU83
 175 005a 9A61     		str	r2, [r3, #24]
1988:./src/stm32f7xx_hal_eth.c ****    HAL_Delay(ETH_REG_WRITE_DELAY);
 176              		.loc 1 1988 4 is_stmt 1 view .LVU84
1988:./src/stm32f7xx_hal_eth.c ****    HAL_Delay(ETH_REG_WRITE_DELAY);
 177              		.loc 1 1988 11 is_stmt 0 view .LVU85
 178 005c 9E69     		ldr	r6, [r3, #24]
 179              	.LVL17:
 180              		.loc 1 1989 4 is_stmt 1 view .LVU86
 181 005e FFF7FEFF 		bl	HAL_Delay
 182              	.LVL18:
1990:./src/stm32f7xx_hal_eth.c ****    (heth->Instance)->MACFCR = tmpreg;
 183              		.loc 1 1990 4 view .LVU87
 184              		.loc 1 1990 9 is_stmt 0 view .LVU88
 185 0062 2368     		ldr	r3, [r4]
1991:./src/stm32f7xx_hal_eth.c ****    
1992:./src/stm32f7xx_hal_eth.c ****    /*----------------------- ETHERNET MACVLANTR Configuration ----------------*/
1993:./src/stm32f7xx_hal_eth.c ****    /* Set the ETV bit according to ETH VLANTagComparison value */
1994:./src/stm32f7xx_hal_eth.c ****    /* Set the VL bit according to ETH VLANTagIdentifier value */  
1995:./src/stm32f7xx_hal_eth.c ****    (heth->Instance)->MACVLANTR = (uint32_t)(macinit.VLANTagComparison | 
1996:./src/stm32f7xx_hal_eth.c ****                                             macinit.VLANTagIdentifier);
1997:./src/stm32f7xx_hal_eth.c ****     
1998:./src/stm32f7xx_hal_eth.c ****     /* Wait until the write operation will be taken into account:
1999:./src/stm32f7xx_hal_eth.c ****        at least four TX_CLK/RX_CLK clock cycles */
2000:./src/stm32f7xx_hal_eth.c ****     tmpreg = (heth->Instance)->MACVLANTR;
2001:./src/stm32f7xx_hal_eth.c ****     HAL_Delay(ETH_REG_WRITE_DELAY);
 186              		.loc 1 2001 5 view .LVU89
 187 0064 0120     		movs	r0, #1
1990:./src/stm32f7xx_hal_eth.c ****    (heth->Instance)->MACFCR = tmpreg;
 188              		.loc 1 1990 29 view .LVU90
 189 0066 9E61     		str	r6, [r3, #24]
1995:./src/stm32f7xx_hal_eth.c ****                                             macinit.VLANTagIdentifier);
 190              		.loc 1 1995 4 is_stmt 1 view .LVU91
1995:./src/stm32f7xx_hal_eth.c ****                                             macinit.VLANTagIdentifier);
 191              		.loc 1 1995 32 is_stmt 0 view .LVU92
 192 0068 DD61     		str	r5, [r3, #28]
2000:./src/stm32f7xx_hal_eth.c ****     HAL_Delay(ETH_REG_WRITE_DELAY);
 193              		.loc 1 2000 5 is_stmt 1 view .LVU93
2000:./src/stm32f7xx_hal_eth.c ****     HAL_Delay(ETH_REG_WRITE_DELAY);
 194              		.loc 1 2000 12 is_stmt 0 view .LVU94
 195 006a DD69     		ldr	r5, [r3, #28]
 196              	.LVL19:
 197              		.loc 1 2001 5 is_stmt 1 view .LVU95
 198 006c FFF7FEFF 		bl	HAL_Delay
 199              	.LVL20:
2002:./src/stm32f7xx_hal_eth.c ****     (heth->Instance)->MACVLANTR = tmpreg;
 200              		.loc 1 2002 5 view .LVU96
 201              		.loc 1 2002 10 is_stmt 0 view .LVU97
 202 0070 2068     		ldr	r0, [r4]
2003:./src/stm32f7xx_hal_eth.c ****     
2004:./src/stm32f7xx_hal_eth.c ****     /* Ethernet DMA default initialization ************************************/
2005:./src/stm32f7xx_hal_eth.c ****     dmainit.DropTCPIPChecksumErrorFrame = ETH_DROPTCPIPCHECKSUMERRORFRAME_ENABLE;
2006:./src/stm32f7xx_hal_eth.c ****     dmainit.ReceiveStoreForward = ETH_RECEIVESTOREFORWARD_ENABLE;
2007:./src/stm32f7xx_hal_eth.c ****     dmainit.FlushReceivedFrame = ETH_FLUSHRECEIVEDFRAME_ENABLE;
2008:./src/stm32f7xx_hal_eth.c ****     dmainit.TransmitStoreForward = ETH_TRANSMITSTOREFORWARD_ENABLE;  
2009:./src/stm32f7xx_hal_eth.c ****     dmainit.TransmitThresholdControl = ETH_TRANSMITTHRESHOLDCONTROL_64BYTES;
2010:./src/stm32f7xx_hal_eth.c ****     dmainit.ForwardErrorFrames = ETH_FORWARDERRORFRAMES_DISABLE;
2011:./src/stm32f7xx_hal_eth.c ****     dmainit.ForwardUndersizedGoodFrames = ETH_FORWARDUNDERSIZEDGOODFRAMES_DISABLE;
2012:./src/stm32f7xx_hal_eth.c ****     dmainit.ReceiveThresholdControl = ETH_RECEIVEDTHRESHOLDCONTROL_64BYTES;
2013:./src/stm32f7xx_hal_eth.c ****     dmainit.SecondFrameOperate = ETH_SECONDFRAMEOPERARTE_ENABLE;
2014:./src/stm32f7xx_hal_eth.c ****     dmainit.AddressAlignedBeats = ETH_ADDRESSALIGNEDBEATS_ENABLE;
2015:./src/stm32f7xx_hal_eth.c ****     dmainit.FixedBurst = ETH_FIXEDBURST_ENABLE;
2016:./src/stm32f7xx_hal_eth.c ****     dmainit.RxDMABurstLength = ETH_RXDMABURSTLENGTH_32BEAT;
2017:./src/stm32f7xx_hal_eth.c ****     dmainit.TxDMABurstLength = ETH_TXDMABURSTLENGTH_32BEAT;
2018:./src/stm32f7xx_hal_eth.c ****     dmainit.EnhancedDescriptorFormat = ETH_DMAENHANCEDDESCRIPTOR_ENABLE;
2019:./src/stm32f7xx_hal_eth.c ****     dmainit.DescriptorSkipLength = 0x0;
2020:./src/stm32f7xx_hal_eth.c ****     dmainit.DMAArbitration = ETH_DMAARBITRATION_ROUNDROBIN_RXTX_1_1;
2021:./src/stm32f7xx_hal_eth.c ****     
2022:./src/stm32f7xx_hal_eth.c ****     /* Get the ETHERNET DMAOMR value */
2023:./src/stm32f7xx_hal_eth.c ****     tmpreg = (heth->Instance)->DMAOMR;
2024:./src/stm32f7xx_hal_eth.c ****     /* Clear xx bits */
2025:./src/stm32f7xx_hal_eth.c ****     tmpreg &= ETH_DMAOMR_CLEAR_MASK;
 203              		.loc 1 2025 12 view .LVU98
 204 0072 1A49     		ldr	r1, .L7+4
2023:./src/stm32f7xx_hal_eth.c ****     /* Clear xx bits */
 205              		.loc 1 2023 12 view .LVU99
 206 0074 00F58053 		add	r3, r0, #4096
2002:./src/stm32f7xx_hal_eth.c ****     (heth->Instance)->MACVLANTR = tmpreg;
 207              		.loc 1 2002 33 view .LVU100
 208 0078 C561     		str	r5, [r0, #28]
2005:./src/stm32f7xx_hal_eth.c ****     dmainit.ReceiveStoreForward = ETH_RECEIVESTOREFORWARD_ENABLE;
 209              		.loc 1 2005 5 is_stmt 1 view .LVU101
 210              	.LVL21:
2006:./src/stm32f7xx_hal_eth.c ****     dmainit.FlushReceivedFrame = ETH_FLUSHRECEIVEDFRAME_ENABLE;
 211              		.loc 1 2006 5 view .LVU102
2007:./src/stm32f7xx_hal_eth.c ****     dmainit.TransmitStoreForward = ETH_TRANSMITSTOREFORWARD_ENABLE;  
 212              		.loc 1 2007 5 view .LVU103
2008:./src/stm32f7xx_hal_eth.c ****     dmainit.TransmitThresholdControl = ETH_TRANSMITTHRESHOLDCONTROL_64BYTES;
 213              		.loc 1 2008 5 view .LVU104
2009:./src/stm32f7xx_hal_eth.c ****     dmainit.ForwardErrorFrames = ETH_FORWARDERRORFRAMES_DISABLE;
 214              		.loc 1 2009 5 view .LVU105
2010:./src/stm32f7xx_hal_eth.c ****     dmainit.ForwardUndersizedGoodFrames = ETH_FORWARDUNDERSIZEDGOODFRAMES_DISABLE;
 215              		.loc 1 2010 5 view .LVU106
2011:./src/stm32f7xx_hal_eth.c ****     dmainit.ReceiveThresholdControl = ETH_RECEIVEDTHRESHOLDCONTROL_64BYTES;
 216              		.loc 1 2011 5 view .LVU107
2012:./src/stm32f7xx_hal_eth.c ****     dmainit.SecondFrameOperate = ETH_SECONDFRAMEOPERARTE_ENABLE;
 217              		.loc 1 2012 5 view .LVU108
2013:./src/stm32f7xx_hal_eth.c ****     dmainit.AddressAlignedBeats = ETH_ADDRESSALIGNEDBEATS_ENABLE;
 218              		.loc 1 2013 5 view .LVU109
2014:./src/stm32f7xx_hal_eth.c ****     dmainit.FixedBurst = ETH_FIXEDBURST_ENABLE;
 219              		.loc 1 2014 5 view .LVU110
2015:./src/stm32f7xx_hal_eth.c ****     dmainit.RxDMABurstLength = ETH_RXDMABURSTLENGTH_32BEAT;
 220              		.loc 1 2015 5 view .LVU111
2016:./src/stm32f7xx_hal_eth.c ****     dmainit.TxDMABurstLength = ETH_TXDMABURSTLENGTH_32BEAT;
 221              		.loc 1 2016 5 view .LVU112
2017:./src/stm32f7xx_hal_eth.c ****     dmainit.EnhancedDescriptorFormat = ETH_DMAENHANCEDDESCRIPTOR_ENABLE;
 222              		.loc 1 2017 5 view .LVU113
2018:./src/stm32f7xx_hal_eth.c ****     dmainit.DescriptorSkipLength = 0x0;
 223              		.loc 1 2018 5 view .LVU114
2019:./src/stm32f7xx_hal_eth.c ****     dmainit.DMAArbitration = ETH_DMAARBITRATION_ROUNDROBIN_RXTX_1_1;
 224              		.loc 1 2019 5 view .LVU115
2020:./src/stm32f7xx_hal_eth.c ****     
 225              		.loc 1 2020 5 view .LVU116
2023:./src/stm32f7xx_hal_eth.c ****     /* Clear xx bits */
 226              		.loc 1 2023 5 view .LVU117
2026:./src/stm32f7xx_hal_eth.c ****     
2027:./src/stm32f7xx_hal_eth.c ****     /* Set the DT bit according to ETH DropTCPIPChecksumErrorFrame value */
2028:./src/stm32f7xx_hal_eth.c ****     /* Set the RSF bit according to ETH ReceiveStoreForward value */
2029:./src/stm32f7xx_hal_eth.c ****     /* Set the DFF bit according to ETH FlushReceivedFrame value */
2030:./src/stm32f7xx_hal_eth.c ****     /* Set the TSF bit according to ETH TransmitStoreForward value */
2031:./src/stm32f7xx_hal_eth.c ****     /* Set the TTC bit according to ETH TransmitThresholdControl value */
2032:./src/stm32f7xx_hal_eth.c ****     /* Set the FEF bit according to ETH ForwardErrorFrames value */
2033:./src/stm32f7xx_hal_eth.c ****     /* Set the FUF bit according to ETH ForwardUndersizedGoodFrames value */
2034:./src/stm32f7xx_hal_eth.c ****     /* Set the RTC bit according to ETH ReceiveThresholdControl value */
2035:./src/stm32f7xx_hal_eth.c ****     /* Set the OSF bit according to ETH SecondFrameOperate value */
2036:./src/stm32f7xx_hal_eth.c ****     tmpreg |= (uint32_t)(dmainit.DropTCPIPChecksumErrorFrame | 
 227              		.loc 1 2036 12 is_stmt 0 view .LVU118
 228 007a 194A     		ldr	r2, .L7+8
2023:./src/stm32f7xx_hal_eth.c ****     /* Clear xx bits */
 229              		.loc 1 2023 12 view .LVU119
 230 007c 9869     		ldr	r0, [r3, #24]
 231              	.LVL22:
2025:./src/stm32f7xx_hal_eth.c ****     
 232              		.loc 1 2025 5 is_stmt 1 view .LVU120
2025:./src/stm32f7xx_hal_eth.c ****     
 233              		.loc 1 2025 12 is_stmt 0 view .LVU121
 234 007e 0140     		ands	r1, r1, r0
 235              	.LVL23:
 236              		.loc 1 2036 5 is_stmt 1 view .LVU122
2037:./src/stm32f7xx_hal_eth.c ****                          dmainit.ReceiveStoreForward |
2038:./src/stm32f7xx_hal_eth.c ****                          dmainit.FlushReceivedFrame |
2039:./src/stm32f7xx_hal_eth.c ****                          dmainit.TransmitStoreForward | 
2040:./src/stm32f7xx_hal_eth.c ****                          dmainit.TransmitThresholdControl |
2041:./src/stm32f7xx_hal_eth.c ****                          dmainit.ForwardErrorFrames |
2042:./src/stm32f7xx_hal_eth.c ****                          dmainit.ForwardUndersizedGoodFrames |
2043:./src/stm32f7xx_hal_eth.c ****                          dmainit.ReceiveThresholdControl |
2044:./src/stm32f7xx_hal_eth.c ****                          dmainit.SecondFrameOperate);
2045:./src/stm32f7xx_hal_eth.c ****     
2046:./src/stm32f7xx_hal_eth.c ****     /* Write to ETHERNET DMAOMR */
2047:./src/stm32f7xx_hal_eth.c ****     (heth->Instance)->DMAOMR = (uint32_t)tmpreg;
2048:./src/stm32f7xx_hal_eth.c ****     
2049:./src/stm32f7xx_hal_eth.c ****     /* Wait until the write operation will be taken into account:
2050:./src/stm32f7xx_hal_eth.c ****        at least four TX_CLK/RX_CLK clock cycles */
2051:./src/stm32f7xx_hal_eth.c ****     tmpreg = (heth->Instance)->DMAOMR;
2052:./src/stm32f7xx_hal_eth.c ****     HAL_Delay(ETH_REG_WRITE_DELAY);
 237              		.loc 1 2052 5 is_stmt 0 view .LVU123
 238 0080 0120     		movs	r0, #1
2036:./src/stm32f7xx_hal_eth.c ****                          dmainit.ReceiveStoreForward |
 239              		.loc 1 2036 12 view .LVU124
 240 0082 0A43     		orrs	r2, r2, r1
 241              	.LVL24:
2047:./src/stm32f7xx_hal_eth.c ****     
 242              		.loc 1 2047 5 is_stmt 1 view .LVU125
2047:./src/stm32f7xx_hal_eth.c ****     
 243              		.loc 1 2047 30 is_stmt 0 view .LVU126
 244 0084 9A61     		str	r2, [r3, #24]
2051:./src/stm32f7xx_hal_eth.c ****     HAL_Delay(ETH_REG_WRITE_DELAY);
 245              		.loc 1 2051 5 is_stmt 1 view .LVU127
2051:./src/stm32f7xx_hal_eth.c ****     HAL_Delay(ETH_REG_WRITE_DELAY);
 246              		.loc 1 2051 12 is_stmt 0 view .LVU128
 247 0086 9D69     		ldr	r5, [r3, #24]
 248              	.LVL25:
 249              		.loc 1 2052 5 is_stmt 1 view .LVU129
 250 0088 FFF7FEFF 		bl	HAL_Delay
 251              	.LVL26:
2053:./src/stm32f7xx_hal_eth.c ****     (heth->Instance)->DMAOMR = tmpreg;
 252              		.loc 1 2053 5 view .LVU130
 253              		.loc 1 2053 10 is_stmt 0 view .LVU131
 254 008c 2368     		ldr	r3, [r4]
2054:./src/stm32f7xx_hal_eth.c ****     
2055:./src/stm32f7xx_hal_eth.c ****     /*----------------------- ETHERNET DMABMR Configuration ------------------*/
2056:./src/stm32f7xx_hal_eth.c ****     /* Set the AAL bit according to ETH AddressAlignedBeats value */
2057:./src/stm32f7xx_hal_eth.c ****     /* Set the FB bit according to ETH FixedBurst value */
2058:./src/stm32f7xx_hal_eth.c ****     /* Set the RPBL and 4*PBL bits according to ETH RxDMABurstLength value */
2059:./src/stm32f7xx_hal_eth.c ****     /* Set the PBL and 4*PBL bits according to ETH TxDMABurstLength value */
2060:./src/stm32f7xx_hal_eth.c ****     /* Set the Enhanced DMA descriptors bit according to ETH EnhancedDescriptorFormat value*/
2061:./src/stm32f7xx_hal_eth.c ****     /* Set the DSL bit according to ETH DesciptorSkipLength value */
2062:./src/stm32f7xx_hal_eth.c ****     /* Set the PR and DA bits according to ETH DMAArbitration value */
2063:./src/stm32f7xx_hal_eth.c ****     (heth->Instance)->DMABMR = (uint32_t)(dmainit.AddressAlignedBeats | 
2064:./src/stm32f7xx_hal_eth.c ****                                           dmainit.FixedBurst |
2065:./src/stm32f7xx_hal_eth.c ****                                           dmainit.RxDMABurstLength |    /* !! if 4xPBL is selected 
2066:./src/stm32f7xx_hal_eth.c ****                                           dmainit.TxDMABurstLength |
2067:./src/stm32f7xx_hal_eth.c ****                                           dmainit.EnhancedDescriptorFormat |
2068:./src/stm32f7xx_hal_eth.c ****                                           (dmainit.DescriptorSkipLength << 2) |
2069:./src/stm32f7xx_hal_eth.c ****                                           dmainit.DMAArbitration |
2070:./src/stm32f7xx_hal_eth.c ****                                           ETH_DMABMR_USP); /* Enable use of separate PBL for Rx and
2071:./src/stm32f7xx_hal_eth.c ****      
2072:./src/stm32f7xx_hal_eth.c ****      /* Wait until the write operation will be taken into account:
2073:./src/stm32f7xx_hal_eth.c ****         at least four TX_CLK/RX_CLK clock cycles */
2074:./src/stm32f7xx_hal_eth.c ****      tmpreg = (heth->Instance)->DMABMR;
2075:./src/stm32f7xx_hal_eth.c ****      HAL_Delay(ETH_REG_WRITE_DELAY);
 255              		.loc 1 2075 6 view .LVU132
 256 008e 0120     		movs	r0, #1
2063:./src/stm32f7xx_hal_eth.c ****                                           dmainit.FixedBurst |
 257              		.loc 1 2063 30 view .LVU133
 258 0090 144A     		ldr	r2, .L7+12
2053:./src/stm32f7xx_hal_eth.c ****     (heth->Instance)->DMAOMR = tmpreg;
 259              		.loc 1 2053 30 view .LVU134
 260 0092 03F58053 		add	r3, r3, #4096
 261 0096 9D61     		str	r5, [r3, #24]
2063:./src/stm32f7xx_hal_eth.c ****                                           dmainit.FixedBurst |
 262              		.loc 1 2063 5 is_stmt 1 view .LVU135
2063:./src/stm32f7xx_hal_eth.c ****                                           dmainit.FixedBurst |
 263              		.loc 1 2063 30 is_stmt 0 view .LVU136
 264 0098 1A60     		str	r2, [r3]
2074:./src/stm32f7xx_hal_eth.c ****      HAL_Delay(ETH_REG_WRITE_DELAY);
 265              		.loc 1 2074 6 is_stmt 1 view .LVU137
2074:./src/stm32f7xx_hal_eth.c ****      HAL_Delay(ETH_REG_WRITE_DELAY);
 266              		.loc 1 2074 13 is_stmt 0 view .LVU138
 267 009a 1D68     		ldr	r5, [r3]
 268              	.LVL27:
 269              		.loc 1 2075 6 is_stmt 1 view .LVU139
 270 009c FFF7FEFF 		bl	HAL_Delay
 271              	.LVL28:
2076:./src/stm32f7xx_hal_eth.c ****      (heth->Instance)->DMABMR = tmpreg;
 272              		.loc 1 2076 6 view .LVU140
 273              		.loc 1 2076 11 is_stmt 0 view .LVU141
 274 00a0 2368     		ldr	r3, [r4]
2077:./src/stm32f7xx_hal_eth.c **** 
2078:./src/stm32f7xx_hal_eth.c ****      if((heth->Init).RxMode == ETH_RXINTERRUPT_MODE)
 275              		.loc 1 2078 8 view .LVU142
 276 00a2 A269     		ldr	r2, [r4, #24]
2076:./src/stm32f7xx_hal_eth.c ****      (heth->Instance)->DMABMR = tmpreg;
 277              		.loc 1 2076 31 view .LVU143
 278 00a4 03F58053 		add	r3, r3, #4096
 279              		.loc 1 2078 8 view .LVU144
 280 00a8 012A     		cmp	r2, #1
2076:./src/stm32f7xx_hal_eth.c ****      (heth->Instance)->DMABMR = tmpreg;
 281              		.loc 1 2076 31 view .LVU145
 282 00aa 1D60     		str	r5, [r3]
 283              		.loc 1 2078 6 is_stmt 1 view .LVU146
 284              		.loc 1 2078 8 is_stmt 0 view .LVU147
 285 00ac 03D1     		bne	.L4
2079:./src/stm32f7xx_hal_eth.c ****      {
2080:./src/stm32f7xx_hal_eth.c ****        /* Enable the Ethernet Rx Interrupt */
2081:./src/stm32f7xx_hal_eth.c ****        __HAL_ETH_DMA_ENABLE_IT((heth), ETH_DMA_IT_NIS | ETH_DMA_IT_R);
 286              		.loc 1 2081 8 is_stmt 1 view .LVU148
 287 00ae D969     		ldr	r1, [r3, #28]
 288 00b0 0D4A     		ldr	r2, .L7+16
 289 00b2 0A43     		orrs	r2, r2, r1
 290 00b4 DA61     		str	r2, [r3, #28]
 291              	.L4:
2082:./src/stm32f7xx_hal_eth.c ****      }
2083:./src/stm32f7xx_hal_eth.c **** 
2084:./src/stm32f7xx_hal_eth.c ****      /* Initialize MAC address in ethernet MAC */ 
2085:./src/stm32f7xx_hal_eth.c ****      ETH_MACAddressConfig(heth, ETH_MAC_ADDRESS0, heth->Init.MACAddr);
 292              		.loc 1 2085 6 view .LVU149
 293 00b6 6269     		ldr	r2, [r4, #20]
 294              	.LVL29:
 295              	.LBB12:
 296              	.LBI12:
2086:./src/stm32f7xx_hal_eth.c **** }
2087:./src/stm32f7xx_hal_eth.c **** 
2088:./src/stm32f7xx_hal_eth.c **** /**
2089:./src/stm32f7xx_hal_eth.c ****   * @brief  Configures the selected MAC address.
2090:./src/stm32f7xx_hal_eth.c ****   * @param  heth pointer to a ETH_HandleTypeDef structure that contains
2091:./src/stm32f7xx_hal_eth.c ****   *         the configuration information for ETHERNET module
2092:./src/stm32f7xx_hal_eth.c ****   * @param  MacAddr The MAC address to configure
2093:./src/stm32f7xx_hal_eth.c ****   *          This parameter can be one of the following values:
2094:./src/stm32f7xx_hal_eth.c ****   *             @arg ETH_MAC_Address0: MAC Address0 
2095:./src/stm32f7xx_hal_eth.c ****   *             @arg ETH_MAC_Address1: MAC Address1 
2096:./src/stm32f7xx_hal_eth.c ****   *             @arg ETH_MAC_Address2: MAC Address2
2097:./src/stm32f7xx_hal_eth.c ****   *             @arg ETH_MAC_Address3: MAC Address3
2098:./src/stm32f7xx_hal_eth.c ****   * @param  Addr Pointer to MAC address buffer data (6 bytes)
2099:./src/stm32f7xx_hal_eth.c ****   * @retval HAL status
2100:./src/stm32f7xx_hal_eth.c ****   */
2101:./src/stm32f7xx_hal_eth.c **** static void ETH_MACAddressConfig(ETH_HandleTypeDef *heth, uint32_t MacAddr, uint8_t *Addr)
 297              		.loc 1 2101 13 view .LVU150
 298              	.LBB13:
2102:./src/stm32f7xx_hal_eth.c **** {
2103:./src/stm32f7xx_hal_eth.c ****   uint32_t tmpreg;
 299              		.loc 1 2103 3 view .LVU151
2104:./src/stm32f7xx_hal_eth.c ****   
2105:./src/stm32f7xx_hal_eth.c ****   /* Check the parameters */
2106:./src/stm32f7xx_hal_eth.c ****   assert_param(IS_ETH_MAC_ADDRESS0123(MacAddr));
 300              		.loc 1 2106 3 view .LVU152
2107:./src/stm32f7xx_hal_eth.c ****   
2108:./src/stm32f7xx_hal_eth.c ****   /* Calculate the selected MAC address high register */
2109:./src/stm32f7xx_hal_eth.c ****   tmpreg = ((uint32_t)Addr[5] << 8) | (uint32_t)Addr[4];
 301              		.loc 1 2109 3 view .LVU153
2110:./src/stm32f7xx_hal_eth.c ****   /* Load the selected MAC address high register */
2111:./src/stm32f7xx_hal_eth.c ****   (*(__IO uint32_t *)((uint32_t)(ETH_MAC_ADDR_HBASE + MacAddr))) = tmpreg;
 302              		.loc 1 2111 66 is_stmt 0 view .LVU154
 303 00b8 0C4B     		ldr	r3, .L7+20
2109:./src/stm32f7xx_hal_eth.c ****   /* Load the selected MAC address high register */
 304              		.loc 1 2109 10 view .LVU155
 305 00ba 9188     		ldrh	r1, [r2, #4]	@ unaligned
 306              	.LVL30:
 307              		.loc 1 2111 3 is_stmt 1 view .LVU156
 308              		.loc 1 2111 66 is_stmt 0 view .LVU157
 309 00bc 1964     		str	r1, [r3, #64]
 310              	.LVL31:
2112:./src/stm32f7xx_hal_eth.c ****   /* Calculate the selected MAC address low register */
2113:./src/stm32f7xx_hal_eth.c ****   tmpreg = ((uint32_t)Addr[3] << 24) | ((uint32_t)Addr[2] << 16) | ((uint32_t)Addr[1] << 8) | Addr[
 311              		.loc 1 2113 3 is_stmt 1 view .LVU158
 312              		.loc 1 2113 10 is_stmt 0 view .LVU159
 313 00be 1268     		ldr	r2, [r2]	@ unaligned
 314              	.LVL32:
2114:./src/stm32f7xx_hal_eth.c ****   
2115:./src/stm32f7xx_hal_eth.c ****   /* Load the selected MAC address low register */
2116:./src/stm32f7xx_hal_eth.c ****   (*(__IO uint32_t *)((uint32_t)(ETH_MAC_ADDR_LBASE + MacAddr))) = tmpreg;
 315              		.loc 1 2116 3 is_stmt 1 view .LVU160
 316              		.loc 1 2116 66 is_stmt 0 view .LVU161
 317 00c0 5A64     		str	r2, [r3, #68]
 318              	.LVL33:
 319              		.loc 1 2116 66 view .LVU162
 320              	.LBE13:
 321              	.LBE12:
2086:./src/stm32f7xx_hal_eth.c **** 
 322              		.loc 1 2086 1 view .LVU163
 323 00c2 70BD     		pop	{r4, r5, r6, pc}
 324              	.LVL34:
 325              	.L2:
1847:./src/stm32f7xx_hal_eth.c ****     
 326              		.loc 1 1847 5 is_stmt 1 view .LVU164
1850:./src/stm32f7xx_hal_eth.c ****   }
 327              		.loc 1 1850 5 view .LVU165
1850:./src/stm32f7xx_hal_eth.c ****   }
 328              		.loc 1 1850 24 is_stmt 0 view .LVU166
 329 00c4 4FF48042 		mov	r2, #16384
 330 00c8 4FF40063 		mov	r3, #2048
 331 00cc 4FF49040 		mov	r0, #18432
 332              	.LVL35:
1850:./src/stm32f7xx_hal_eth.c ****   }
 333              		.loc 1 1850 24 view .LVU167
 334 00d0 C4E90223 		strd	r2, r3, [r4, #8]
 335 00d4 9BE7     		b	.L3
 336              	.L8:
 337 00d6 00BF     		.align	2
 338              	.L7:
 339 00d8 0F8120FF 		.word	-14647025
 340 00dc 233FDEF8 		.word	-119652573
 341 00e0 04002002 		.word	35651588
 342 00e4 8020C102 		.word	46211200
 343 00e8 40000100 		.word	65600
 344 00ec 00800240 		.word	1073905664
 345              		.cfi_endproc
 346              	.LFE164:
 348              		.align	1
 349              		.p2align 2,,3
 350              		.global	HAL_ETH_DMATxDescListInit
 351              		.syntax unified
 352              		.thumb
 353              		.thumb_func
 355              	HAL_ETH_DMATxDescListInit:
 356              	.LVL36:
 357              	.LFB146:
 530:./src/stm32f7xx_hal_eth.c ****   uint32_t i = 0;
 358              		.loc 1 530 1 is_stmt 1 view -0
 359              		.cfi_startproc
 360              		@ args = 0, pretend = 0, frame = 0
 361              		@ frame_needed = 0, uses_anonymous_args = 0
 531:./src/stm32f7xx_hal_eth.c ****   ETH_DMADescTypeDef *dmatxdesc;
 362              		.loc 1 531 3 view .LVU169
 532:./src/stm32f7xx_hal_eth.c ****   
 363              		.loc 1 532 3 view .LVU170
 535:./src/stm32f7xx_hal_eth.c ****   
 364              		.loc 1 535 3 view .LVU171
 535:./src/stm32f7xx_hal_eth.c ****   
 365              		.loc 1 535 3 view .LVU172
 530:./src/stm32f7xx_hal_eth.c ****   uint32_t i = 0;
 366              		.loc 1 530 1 is_stmt 0 view .LVU173
 367 00f0 2DE9F043 		push	{r4, r5, r6, r7, r8, r9, lr}
 368              	.LCFI1:
 369              		.cfi_def_cfa_offset 28
 370              		.cfi_offset 4, -28
 371              		.cfi_offset 5, -24
 372              		.cfi_offset 6, -20
 373              		.cfi_offset 7, -16
 374              		.cfi_offset 8, -12
 375              		.cfi_offset 9, -8
 376              		.cfi_offset 14, -4
 530:./src/stm32f7xx_hal_eth.c ****   uint32_t i = 0;
 377              		.loc 1 530 1 view .LVU174
 378 00f4 0746     		mov	r7, r0
 535:./src/stm32f7xx_hal_eth.c ****   
 379              		.loc 1 535 3 view .LVU175
 380 00f6 90F84500 		ldrb	r0, [r0, #69]	@ zero_extendqisi2
 381              	.LVL37:
 535:./src/stm32f7xx_hal_eth.c ****   
 382              		.loc 1 535 3 view .LVU176
 383 00fa 0128     		cmp	r0, #1
 384 00fc 3DD0     		beq	.L16
 535:./src/stm32f7xx_hal_eth.c ****   
 385              		.loc 1 535 3 is_stmt 1 discriminator 2 view .LVU177
 386 00fe 0120     		movs	r0, #1
 541:./src/stm32f7xx_hal_eth.c ****   
 387              		.loc 1 541 16 is_stmt 0 view .LVU178
 388 0100 F962     		str	r1, [r7, #44]
 535:./src/stm32f7xx_hal_eth.c ****   
 389              		.loc 1 535 3 discriminator 2 view .LVU179
 390 0102 87F84500 		strb	r0, [r7, #69]
 535:./src/stm32f7xx_hal_eth.c ****   
 391              		.loc 1 535 3 is_stmt 1 discriminator 2 view .LVU180
 538:./src/stm32f7xx_hal_eth.c ****   
 392              		.loc 1 538 3 view .LVU181
 538:./src/stm32f7xx_hal_eth.c ****   
 393              		.loc 1 538 15 is_stmt 0 view .LVU182
 394 0106 0220     		movs	r0, #2
 395 0108 87F84400 		strb	r0, [r7, #68]
 541:./src/stm32f7xx_hal_eth.c ****   
 396              		.loc 1 541 3 is_stmt 1 view .LVU183
 544:./src/stm32f7xx_hal_eth.c ****   {
 397              		.loc 1 544 3 view .LVU184
 544:./src/stm32f7xx_hal_eth.c ****   {
 398              		.loc 1 544 14 discriminator 1 view .LVU185
 399 010c 43B3     		cbz	r3, .L15
 555:./src/stm32f7xx_hal_eth.c ****     {
 400              		.loc 1 555 21 is_stmt 0 view .LVU186
 401 010e D7F81C80 		ldr	r8, [r7, #28]
 562:./src/stm32f7xx_hal_eth.c ****     {
 402              		.loc 1 562 24 view .LVU187
 403 0112 03F1FF39 		add	r9, r3, #-1
 404 0116 01EB4316 		add	r6, r1, r3, lsl #5
 405 011a 8C46     		mov	ip, r1
 406 011c 4FF0000E 		mov	lr, #0
 550:./src/stm32f7xx_hal_eth.c ****     
 407              		.loc 1 550 23 view .LVU188
 408 0120 4FF48010 		mov	r0, #1048576
 409              	.LVL38:
 410              	.L14:
 547:./src/stm32f7xx_hal_eth.c ****     
 411              		.loc 1 547 5 is_stmt 1 view .LVU189
 550:./src/stm32f7xx_hal_eth.c ****     
 412              		.loc 1 550 5 view .LVU190
 558:./src/stm32f7xx_hal_eth.c ****     }
 413              		.loc 1 558 7 view .LVU191
 562:./src/stm32f7xx_hal_eth.c ****     {
 414              		.loc 1 562 5 view .LVU192
 565:./src/stm32f7xx_hal_eth.c ****     }
 415              		.loc 1 565 7 view .LVU193
 416 0124 0CF12003 		add	r3, ip, #32
 570:./src/stm32f7xx_hal_eth.c ****     }
 417              		.loc 1 570 38 is_stmt 0 view .LVU194
 418 0128 0C46     		mov	r4, r1
 550:./src/stm32f7xx_hal_eth.c ****     
 419              		.loc 1 550 23 view .LVU195
 420 012a CCF80000 		str	r0, [ip]
 553:./src/stm32f7xx_hal_eth.c ****     
 421              		.loc 1 553 5 is_stmt 1 view .LVU196
 553:./src/stm32f7xx_hal_eth.c ****     
 422              		.loc 1 553 28 is_stmt 0 view .LVU197
 423 012e CCF80820 		str	r2, [ip, #8]
 555:./src/stm32f7xx_hal_eth.c ****     {
 424              		.loc 1 555 5 is_stmt 1 view .LVU198
 555:./src/stm32f7xx_hal_eth.c ****     {
 425              		.loc 1 555 8 is_stmt 0 view .LVU199
 426 0132 B8F1000F 		cmp	r8, #0
 427 0136 05D1     		bne	.L12
 558:./src/stm32f7xx_hal_eth.c ****     }
 428              		.loc 1 558 16 view .LVU200
 429 0138 DCF80050 		ldr	r5, [ip]
 558:./src/stm32f7xx_hal_eth.c ****     }
 430              		.loc 1 558 25 view .LVU201
 431 013c 45F44005 		orr	r5, r5, #12582912
 432 0140 CCF80050 		str	r5, [ip]
 433              	.L12:
 562:./src/stm32f7xx_hal_eth.c ****     {
 434              		.loc 1 562 7 view .LVU202
 435 0144 F145     		cmp	r9, lr
 544:./src/stm32f7xx_hal_eth.c ****   {
 436              		.loc 1 544 14 discriminator 1 view .LVU203
 437 0146 02F2F452 		addw	r2, r2, #1524
 438 014a 0EF1010E 		add	lr, lr, #1
 439              	.LVL39:
 544:./src/stm32f7xx_hal_eth.c ****   {
 440              		.loc 1 544 14 discriminator 1 view .LVU204
 441 014e 94BF     		ite	ls
 442 0150 0CF12003 		addls	r3, ip, #32
 443 0154 1C46     		movhi	r4, r3
 444 0156 B342     		cmp	r3, r6
 445 0158 CCF80C40 		str	r4, [ip, #12]
 544:./src/stm32f7xx_hal_eth.c ****   {
 446              		.loc 1 544 30 is_stmt 1 discriminator 2 view .LVU205
 447              	.LVL40:
 544:./src/stm32f7xx_hal_eth.c ****   {
 448              		.loc 1 544 14 discriminator 1 view .LVU206
 449 015c 9C46     		mov	ip, r3
 450              	.LVL41:
 544:./src/stm32f7xx_hal_eth.c ****   {
 451              		.loc 1 544 14 is_stmt 0 discriminator 1 view .LVU207
 452 015e E1D1     		bne	.L14
 453              	.LVL42:
 454              	.L15:
 575:./src/stm32f7xx_hal_eth.c ****   
 455              		.loc 1 575 3 is_stmt 1 view .LVU208
 575:./src/stm32f7xx_hal_eth.c ****   
 456              		.loc 1 575 8 is_stmt 0 view .LVU209
 457 0160 3B68     		ldr	r3, [r7]
 581:./src/stm32f7xx_hal_eth.c ****   
 458              		.loc 1 581 3 view .LVU210
 459 0162 0022     		movs	r2, #0
 578:./src/stm32f7xx_hal_eth.c ****   
 460              		.loc 1 578 14 view .LVU211
 461 0164 0120     		movs	r0, #1
 575:./src/stm32f7xx_hal_eth.c ****   
 462              		.loc 1 575 30 view .LVU212
 463 0166 03F58053 		add	r3, r3, #4096
 464 016a 1961     		str	r1, [r3, #16]
 578:./src/stm32f7xx_hal_eth.c ****   
 465              		.loc 1 578 3 is_stmt 1 view .LVU213
 578:./src/stm32f7xx_hal_eth.c ****   
 466              		.loc 1 578 14 is_stmt 0 view .LVU214
 467 016c 87F84400 		strb	r0, [r7, #68]
 581:./src/stm32f7xx_hal_eth.c ****   
 468              		.loc 1 581 3 is_stmt 1 view .LVU215
 581:./src/stm32f7xx_hal_eth.c ****   
 469              		.loc 1 581 3 view .LVU216
 584:./src/stm32f7xx_hal_eth.c **** }
 470              		.loc 1 584 10 is_stmt 0 view .LVU217
 471 0170 1046     		mov	r0, r2
 581:./src/stm32f7xx_hal_eth.c ****   
 472              		.loc 1 581 3 view .LVU218
 473 0172 87F84520 		strb	r2, [r7, #69]
 581:./src/stm32f7xx_hal_eth.c ****   
 474              		.loc 1 581 3 is_stmt 1 view .LVU219
 584:./src/stm32f7xx_hal_eth.c **** }
 475              		.loc 1 584 3 view .LVU220
 585:./src/stm32f7xx_hal_eth.c **** 
 476              		.loc 1 585 1 is_stmt 0 view .LVU221
 477 0176 BDE8F083 		pop	{r4, r5, r6, r7, r8, r9, pc}
 478              	.LVL43:
 479              	.L16:
 535:./src/stm32f7xx_hal_eth.c ****   
 480              		.loc 1 535 3 discriminator 1 view .LVU222
 481 017a 0220     		movs	r0, #2
 585:./src/stm32f7xx_hal_eth.c **** 
 482              		.loc 1 585 1 view .LVU223
 483 017c BDE8F083 		pop	{r4, r5, r6, r7, r8, r9, pc}
 585:./src/stm32f7xx_hal_eth.c **** 
 484              		.loc 1 585 1 view .LVU224
 485              		.cfi_endproc
 486              	.LFE146:
 488              		.align	1
 489              		.p2align 2,,3
 490              		.global	HAL_ETH_DMARxDescListInit
 491              		.syntax unified
 492              		.thumb
 493              		.thumb_func
 495              	HAL_ETH_DMARxDescListInit:
 496              	.LVL44:
 497              	.LFB147:
 597:./src/stm32f7xx_hal_eth.c ****   uint32_t i = 0;
 498              		.loc 1 597 1 is_stmt 1 view -0
 499              		.cfi_startproc
 500              		@ args = 0, pretend = 0, frame = 0
 501              		@ frame_needed = 0, uses_anonymous_args = 0
 598:./src/stm32f7xx_hal_eth.c ****   ETH_DMADescTypeDef *DMARxDesc;
 502              		.loc 1 598 3 view .LVU226
 599:./src/stm32f7xx_hal_eth.c ****   
 503              		.loc 1 599 3 view .LVU227
 602:./src/stm32f7xx_hal_eth.c ****   
 504              		.loc 1 602 3 view .LVU228
 602:./src/stm32f7xx_hal_eth.c ****   
 505              		.loc 1 602 3 view .LVU229
 597:./src/stm32f7xx_hal_eth.c ****   uint32_t i = 0;
 506              		.loc 1 597 1 is_stmt 0 view .LVU230
 507 0180 2DE9F041 		push	{r4, r5, r6, r7, r8, lr}
 508              	.LCFI2:
 509              		.cfi_def_cfa_offset 24
 510              		.cfi_offset 4, -24
 511              		.cfi_offset 5, -20
 512              		.cfi_offset 6, -16
 513              		.cfi_offset 7, -12
 514              		.cfi_offset 8, -8
 515              		.cfi_offset 14, -4
 597:./src/stm32f7xx_hal_eth.c ****   uint32_t i = 0;
 516              		.loc 1 597 1 view .LVU231
 517 0184 0646     		mov	r6, r0
 602:./src/stm32f7xx_hal_eth.c ****   
 518              		.loc 1 602 3 view .LVU232
 519 0186 90F84500 		ldrb	r0, [r0, #69]	@ zero_extendqisi2
 520              	.LVL45:
 602:./src/stm32f7xx_hal_eth.c ****   
 521              		.loc 1 602 3 view .LVU233
 522 018a 0128     		cmp	r0, #1
 523 018c 36D0     		beq	.L26
 602:./src/stm32f7xx_hal_eth.c ****   
 524              		.loc 1 602 3 is_stmt 1 discriminator 2 view .LVU234
 525 018e 0120     		movs	r0, #1
 608:./src/stm32f7xx_hal_eth.c ****   
 526              		.loc 1 608 16 is_stmt 0 view .LVU235
 527 0190 B162     		str	r1, [r6, #40]
 602:./src/stm32f7xx_hal_eth.c ****   
 528              		.loc 1 602 3 discriminator 2 view .LVU236
 529 0192 86F84500 		strb	r0, [r6, #69]
 602:./src/stm32f7xx_hal_eth.c ****   
 530              		.loc 1 602 3 is_stmt 1 discriminator 2 view .LVU237
 605:./src/stm32f7xx_hal_eth.c ****   
 531              		.loc 1 605 3 view .LVU238
 605:./src/stm32f7xx_hal_eth.c ****   
 532              		.loc 1 605 15 is_stmt 0 view .LVU239
 533 0196 0220     		movs	r0, #2
 534 0198 86F84400 		strb	r0, [r6, #68]
 608:./src/stm32f7xx_hal_eth.c ****   
 535              		.loc 1 608 3 is_stmt 1 view .LVU240
 611:./src/stm32f7xx_hal_eth.c ****   {
 536              		.loc 1 611 3 view .LVU241
 611:./src/stm32f7xx_hal_eth.c ****   {
 537              		.loc 1 611 14 discriminator 1 view .LVU242
 538 019c 0BB3     		cbz	r3, .L25
 632:./src/stm32f7xx_hal_eth.c ****     {
 539              		.loc 1 632 24 is_stmt 0 view .LVU243
 540 019e 03F1FF38 		add	r8, r3, #-1
 541 01a2 01EB4315 		add	r5, r1, r3, lsl #5
 542 01a6 8C46     		mov	ip, r1
 543 01a8 4FF0000E 		mov	lr, #0
 617:./src/stm32f7xx_hal_eth.c ****     
 544              		.loc 1 617 23 view .LVU244
 545 01ac 4FF00047 		mov	r7, #-2147483648
 620:./src/stm32f7xx_hal_eth.c ****     
 546              		.loc 1 620 34 view .LVU245
 547 01b0 44F2F450 		movw	r0, #17908
 548              	.LVL46:
 549              	.L24:
 614:./src/stm32f7xx_hal_eth.c ****     
 550              		.loc 1 614 5 is_stmt 1 view .LVU246
 617:./src/stm32f7xx_hal_eth.c ****     
 551              		.loc 1 617 5 view .LVU247
 635:./src/stm32f7xx_hal_eth.c ****     }
 552              		.loc 1 635 7 view .LVU248
 632:./src/stm32f7xx_hal_eth.c ****     {
 553              		.loc 1 632 7 is_stmt 0 view .LVU249
 554 01b4 C645     		cmp	lr, r8
 555 01b6 0CF12003 		add	r3, ip, #32
 640:./src/stm32f7xx_hal_eth.c ****     }
 556              		.loc 1 640 38 view .LVU250
 557 01ba 0C46     		mov	r4, r1
 623:./src/stm32f7xx_hal_eth.c ****     
 558              		.loc 1 623 28 view .LVU251
 559 01bc CCF80820 		str	r2, [ip, #8]
 560 01c0 2CBF     		ite	cs
 561 01c2 0CF12003 		addcs	r3, ip, #32
 562 01c6 1C46     		movcc	r4, r3
 617:./src/stm32f7xx_hal_eth.c ****     
 563              		.loc 1 617 23 view .LVU252
 564 01c8 CCF80070 		str	r7, [ip]
 620:./src/stm32f7xx_hal_eth.c ****     
 565              		.loc 1 620 5 is_stmt 1 view .LVU253
 611:./src/stm32f7xx_hal_eth.c ****   {
 566              		.loc 1 611 14 is_stmt 0 discriminator 1 view .LVU254
 567 01cc 0EF1010E 		add	lr, lr, #1
 568              	.LVL47:
 611:./src/stm32f7xx_hal_eth.c ****   {
 569              		.loc 1 611 14 discriminator 1 view .LVU255
 570 01d0 AB42     		cmp	r3, r5
 620:./src/stm32f7xx_hal_eth.c ****     
 571              		.loc 1 620 34 view .LVU256
 572 01d2 CCF80400 		str	r0, [ip, #4]
 623:./src/stm32f7xx_hal_eth.c ****     
 573              		.loc 1 623 5 is_stmt 1 view .LVU257
 625:./src/stm32f7xx_hal_eth.c ****     {
 574              		.loc 1 625 5 view .LVU258
 628:./src/stm32f7xx_hal_eth.c ****     }
 575              		.loc 1 628 7 view .LVU259
 632:./src/stm32f7xx_hal_eth.c ****     {
 576              		.loc 1 632 5 view .LVU260
 577 01d6 CCF80C40 		str	r4, [ip, #12]
 611:./src/stm32f7xx_hal_eth.c ****   {
 578              		.loc 1 611 30 discriminator 2 view .LVU261
 579              	.LVL48:
 611:./src/stm32f7xx_hal_eth.c ****   {
 580              		.loc 1 611 14 discriminator 1 view .LVU262
 581 01da 02F2F452 		addw	r2, r2, #1524
 582 01de 9C46     		mov	ip, r3
 583              	.LVL49:
 611:./src/stm32f7xx_hal_eth.c ****   {
 584              		.loc 1 611 14 is_stmt 0 discriminator 1 view .LVU263
 585 01e0 E8D1     		bne	.L24
 586              	.LVL50:
 587              	.L25:
 645:./src/stm32f7xx_hal_eth.c ****   
 588              		.loc 1 645 3 is_stmt 1 view .LVU264
 645:./src/stm32f7xx_hal_eth.c ****   
 589              		.loc 1 645 8 is_stmt 0 view .LVU265
 590 01e2 3368     		ldr	r3, [r6]
 651:./src/stm32f7xx_hal_eth.c ****   
 591              		.loc 1 651 3 view .LVU266
 592 01e4 0022     		movs	r2, #0
 648:./src/stm32f7xx_hal_eth.c ****   
 593              		.loc 1 648 14 view .LVU267
 594 01e6 0120     		movs	r0, #1
 645:./src/stm32f7xx_hal_eth.c ****   
 595              		.loc 1 645 30 view .LVU268
 596 01e8 03F58053 		add	r3, r3, #4096
 597 01ec D960     		str	r1, [r3, #12]
 648:./src/stm32f7xx_hal_eth.c ****   
 598              		.loc 1 648 3 is_stmt 1 view .LVU269
 648:./src/stm32f7xx_hal_eth.c ****   
 599              		.loc 1 648 14 is_stmt 0 view .LVU270
 600 01ee 86F84400 		strb	r0, [r6, #68]
 651:./src/stm32f7xx_hal_eth.c ****   
 601              		.loc 1 651 3 is_stmt 1 view .LVU271
 651:./src/stm32f7xx_hal_eth.c ****   
 602              		.loc 1 651 3 view .LVU272
 654:./src/stm32f7xx_hal_eth.c **** }
 603              		.loc 1 654 10 is_stmt 0 view .LVU273
 604 01f2 1046     		mov	r0, r2
 651:./src/stm32f7xx_hal_eth.c ****   
 605              		.loc 1 651 3 view .LVU274
 606 01f4 86F84520 		strb	r2, [r6, #69]
 651:./src/stm32f7xx_hal_eth.c ****   
 607              		.loc 1 651 3 is_stmt 1 view .LVU275
 654:./src/stm32f7xx_hal_eth.c **** }
 608              		.loc 1 654 3 view .LVU276
 655:./src/stm32f7xx_hal_eth.c **** 
 609              		.loc 1 655 1 is_stmt 0 view .LVU277
 610 01f8 BDE8F081 		pop	{r4, r5, r6, r7, r8, pc}
 611              	.LVL51:
 612              	.L26:
 602:./src/stm32f7xx_hal_eth.c ****   
 613              		.loc 1 602 3 discriminator 1 view .LVU278
 614 01fc 0220     		movs	r0, #2
 655:./src/stm32f7xx_hal_eth.c **** 
 615              		.loc 1 655 1 view .LVU279
 616 01fe BDE8F081 		pop	{r4, r5, r6, r7, r8, pc}
 655:./src/stm32f7xx_hal_eth.c **** 
 617              		.loc 1 655 1 view .LVU280
 618              		.cfi_endproc
 619              	.LFE147:
 621              		.align	1
 622 0202 00BF     		.p2align 2,,3
 623              		.weak	HAL_ETH_MspInit
 624              		.syntax unified
 625              		.thumb
 626              		.thumb_func
 628              	HAL_ETH_MspInit:
 629              	.LVL52:
 630              	.LFB148:
 664:./src/stm32f7xx_hal_eth.c ****   /* Prevent unused argument(s) compilation warning */
 631              		.loc 1 664 1 is_stmt 1 view -0
 632              		.cfi_startproc
 633              		@ args = 0, pretend = 0, frame = 0
 634              		@ frame_needed = 0, uses_anonymous_args = 0
 635              		@ link register save eliminated.
 666:./src/stm32f7xx_hal_eth.c ****  
 636              		.loc 1 666 3 view .LVU282
 671:./src/stm32f7xx_hal_eth.c **** 
 637              		.loc 1 671 1 is_stmt 0 view .LVU283
 638 0204 7047     		bx	lr
 639              		.cfi_endproc
 640              	.LFE148:
 642              		.align	1
 643 0206 00BF     		.p2align 2,,3
 644              		.weak	HAL_ETH_MspDeInit
 645              		.syntax unified
 646              		.thumb
 647              		.thumb_func
 649              	HAL_ETH_MspDeInit:
 650              	.LFB176:
 651              		.cfi_startproc
 679:./src/stm32f7xx_hal_eth.c **** {
 652              		.loc 1 679 13 is_stmt 1 view .LVU284
 653              		@ args = 0, pretend = 0, frame = 0
 654              		@ frame_needed = 0, uses_anonymous_args = 0
 655              		@ link register save eliminated.
 656 0208 7047     		bx	lr
 657              		.cfi_endproc
 658              	.LFE176:
 660              		.align	1
 661 020a 00BF     		.p2align 2,,3
 662              		.global	HAL_ETH_DeInit
 663              		.syntax unified
 664              		.thumb
 665              		.thumb_func
 667              	HAL_ETH_DeInit:
 668              	.LVL53:
 669              	.LFB145:
 494:./src/stm32f7xx_hal_eth.c ****   /* Set the ETH peripheral state to BUSY */
 670              		.loc 1 494 1 view -0
 671              		.cfi_startproc
 672              		@ args = 0, pretend = 0, frame = 0
 673              		@ frame_needed = 0, uses_anonymous_args = 0
 496:./src/stm32f7xx_hal_eth.c ****   
 674              		.loc 1 496 3 view .LVU286
 496:./src/stm32f7xx_hal_eth.c ****   
 675              		.loc 1 496 15 is_stmt 0 view .LVU287
 676 020c 0223     		movs	r3, #2
 494:./src/stm32f7xx_hal_eth.c ****   /* Set the ETH peripheral state to BUSY */
 677              		.loc 1 494 1 view .LVU288
 678 020e 10B5     		push	{r4, lr}
 679              	.LCFI3:
 680              		.cfi_def_cfa_offset 8
 681              		.cfi_offset 4, -8
 682              		.cfi_offset 14, -4
 496:./src/stm32f7xx_hal_eth.c ****   
 683              		.loc 1 496 15 view .LVU289
 684 0210 80F84430 		strb	r3, [r0, #68]
 507:./src/stm32f7xx_hal_eth.c **** #endif
 685              		.loc 1 507 3 is_stmt 1 view .LVU290
 494:./src/stm32f7xx_hal_eth.c ****   /* Set the ETH peripheral state to BUSY */
 686              		.loc 1 494 1 is_stmt 0 view .LVU291
 687 0214 0446     		mov	r4, r0
 507:./src/stm32f7xx_hal_eth.c **** #endif
 688              		.loc 1 507 3 view .LVU292
 689 0216 FFF7FEFF 		bl	HAL_ETH_MspDeInit
 690              	.LVL54:
 511:./src/stm32f7xx_hal_eth.c **** 
 691              		.loc 1 511 3 is_stmt 1 view .LVU293
 511:./src/stm32f7xx_hal_eth.c **** 
 692              		.loc 1 511 14 is_stmt 0 view .LVU294
 693 021a 0020     		movs	r0, #0
 694 021c 84F84400 		strb	r0, [r4, #68]
 514:./src/stm32f7xx_hal_eth.c **** 
 695              		.loc 1 514 3 is_stmt 1 view .LVU295
 514:./src/stm32f7xx_hal_eth.c **** 
 696              		.loc 1 514 3 view .LVU296
 697 0220 84F84500 		strb	r0, [r4, #69]
 514:./src/stm32f7xx_hal_eth.c **** 
 698              		.loc 1 514 3 view .LVU297
 517:./src/stm32f7xx_hal_eth.c **** }
 699              		.loc 1 517 3 view .LVU298
 518:./src/stm32f7xx_hal_eth.c **** 
 700              		.loc 1 518 1 is_stmt 0 view .LVU299
 701 0224 10BD     		pop	{r4, pc}
 518:./src/stm32f7xx_hal_eth.c **** 
 702              		.loc 1 518 1 view .LVU300
 703              		.cfi_endproc
 704              	.LFE145:
 706              		.align	1
 707 0226 00BF     		.p2align 2,,3
 708              		.global	HAL_ETH_TransmitFrame
 709              		.syntax unified
 710              		.thumb
 711              		.thumb_func
 713              	HAL_ETH_TransmitFrame:
 714              	.LVL55:
 715              	.LFB150:
 891:./src/stm32f7xx_hal_eth.c ****   uint32_t bufcount = 0, size = 0, i = 0;
 716              		.loc 1 891 1 is_stmt 1 view -0
 717              		.cfi_startproc
 718              		@ args = 0, pretend = 0, frame = 0
 719              		@ frame_needed = 0, uses_anonymous_args = 0
 892:./src/stm32f7xx_hal_eth.c ****   
 720              		.loc 1 892 3 view .LVU302
 895:./src/stm32f7xx_hal_eth.c ****   
 721              		.loc 1 895 3 view .LVU303
 895:./src/stm32f7xx_hal_eth.c ****   
 722              		.loc 1 895 3 view .LVU304
 723 0228 90F84530 		ldrb	r3, [r0, #69]	@ zero_extendqisi2
 724 022c 012B     		cmp	r3, #1
 725 022e 72D0     		beq	.L47
 895:./src/stm32f7xx_hal_eth.c ****   
 726              		.loc 1 895 3 discriminator 2 view .LVU305
 727 0230 0246     		mov	r2, r0
 728 0232 0123     		movs	r3, #1
 898:./src/stm32f7xx_hal_eth.c ****   
 729              		.loc 1 898 15 is_stmt 0 view .LVU306
 730 0234 0220     		movs	r0, #2
 731              	.LVL56:
 895:./src/stm32f7xx_hal_eth.c ****   
 732              		.loc 1 895 3 discriminator 2 view .LVU307
 733 0236 82F84530 		strb	r3, [r2, #69]
 895:./src/stm32f7xx_hal_eth.c ****   
 734              		.loc 1 895 3 is_stmt 1 discriminator 2 view .LVU308
 898:./src/stm32f7xx_hal_eth.c ****   
 735              		.loc 1 898 3 view .LVU309
 898:./src/stm32f7xx_hal_eth.c ****   
 736              		.loc 1 898 15 is_stmt 0 view .LVU310
 737 023a 82F84400 		strb	r0, [r2, #68]
 900:./src/stm32f7xx_hal_eth.c ****   {
 738              		.loc 1 900 3 is_stmt 1 view .LVU311
 900:./src/stm32f7xx_hal_eth.c ****   {
 739              		.loc 1 900 6 is_stmt 0 view .LVU312
 740 023e 0029     		cmp	r1, #0
 741 0240 40D0     		beq	.L55
 912:./src/stm32f7xx_hal_eth.c ****   {  
 742              		.loc 1 912 3 is_stmt 1 view .LVU313
 912:./src/stm32f7xx_hal_eth.c ****   {  
 743              		.loc 1 912 12 is_stmt 0 view .LVU314
 744 0242 D36A     		ldr	r3, [r2, #44]
 912:./src/stm32f7xx_hal_eth.c ****   {  
 745              		.loc 1 912 21 view .LVU315
 746 0244 1868     		ldr	r0, [r3]
 912:./src/stm32f7xx_hal_eth.c ****   {  
 747              		.loc 1 912 5 view .LVU316
 748 0246 0028     		cmp	r0, #0
 749 0248 3BDB     		blt	.L56
 924:./src/stm32f7xx_hal_eth.c ****   {
 750              		.loc 1 924 3 is_stmt 1 view .LVU317
 924:./src/stm32f7xx_hal_eth.c ****   {
 751              		.loc 1 924 6 is_stmt 0 view .LVU318
 752 024a 40F2F450 		movw	r0, #1524
 753 024e 8142     		cmp	r1, r0
 891:./src/stm32f7xx_hal_eth.c ****   uint32_t bufcount = 0, size = 0, i = 0;
 754              		.loc 1 891 1 view .LVU319
 755 0250 30B5     		push	{r4, r5, lr}
 756              	.LCFI4:
 757              		.cfi_def_cfa_offset 12
 758              		.cfi_offset 4, -12
 759              		.cfi_offset 5, -8
 760              		.cfi_offset 14, -4
 924:./src/stm32f7xx_hal_eth.c ****   {
 761              		.loc 1 924 6 view .LVU320
 762 0252 41D9     		bls	.L39
 926:./src/stm32f7xx_hal_eth.c ****     if (FrameLength % ETH_TX_BUF_SIZE) 
 763              		.loc 1 926 5 is_stmt 1 view .LVU321
 926:./src/stm32f7xx_hal_eth.c ****     if (FrameLength % ETH_TX_BUF_SIZE) 
 764              		.loc 1 926 14 is_stmt 0 view .LVU322
 765 0254 314C     		ldr	r4, .L57
 766 0256 A4FB014E 		umull	r4, lr, r4, r1
 767 025a 4FEA9E2E 		lsr	lr, lr, #10
 768              	.LVL57:
 927:./src/stm32f7xx_hal_eth.c ****     {
 769              		.loc 1 927 5 is_stmt 1 view .LVU323
 927:./src/stm32f7xx_hal_eth.c ****     {
 770              		.loc 1 927 21 is_stmt 0 view .LVU324
 771 025e 00FB1E10 		mls	r0, r0, lr, r1
 927:./src/stm32f7xx_hal_eth.c ****     {
 772              		.loc 1 927 8 view .LVU325
 773 0262 0028     		cmp	r0, #0
 774 0264 35D0     		beq	.L40
 929:./src/stm32f7xx_hal_eth.c ****     }
 775              		.loc 1 929 7 is_stmt 1 view .LVU326
 929:./src/stm32f7xx_hal_eth.c ****     }
 776              		.loc 1 929 15 is_stmt 0 view .LVU327
 777 0266 0EF1010E 		add	lr, lr, #1
 778              	.LVL58:
 936:./src/stm32f7xx_hal_eth.c ****   {
 779              		.loc 1 936 3 is_stmt 1 view .LVU328
 949:./src/stm32f7xx_hal_eth.c ****     {
 780              		.loc 1 949 16 discriminator 1 view .LVU329
 781              	.L41:
 967:./src/stm32f7xx_hal_eth.c ****         heth->TxDesc->ControlBufferSize = (size & ETH_DMATXDESC_TBS1);
 782              		.loc 1 967 28 is_stmt 0 view .LVU330
 783 026a 2D48     		ldr	r0, .L57+4
 967:./src/stm32f7xx_hal_eth.c ****         heth->TxDesc->ControlBufferSize = (size & ETH_DMATXDESC_TBS1);
 784              		.loc 1 967 14 view .LVU331
 785 026c 01F2F451 		addw	r1, r1, #1524
 786              	.LVL59:
 961:./src/stm32f7xx_hal_eth.c ****       
 787              		.loc 1 961 39 view .LVU332
 788 0270 40F2F454 		movw	r4, #1524
 789 0274 4FF0000C 		mov	ip, #0
 967:./src/stm32f7xx_hal_eth.c ****         heth->TxDesc->ControlBufferSize = (size & ETH_DMATXDESC_TBS1);
 790              		.loc 1 967 14 view .LVU333
 791 0278 00FB0E11 		mla	r1, r0, lr, r1
 792              	.LVL60:
 952:./src/stm32f7xx_hal_eth.c ****       
 793              		.loc 1 952 19 view .LVU334
 794 027c 1868     		ldr	r0, [r3]
 963:./src/stm32f7xx_hal_eth.c ****       {
 795              		.loc 1 963 25 view .LVU335
 796 027e 0EF1FF35 		add	r5, lr, #-1
 961:./src/stm32f7xx_hal_eth.c ****       
 797              		.loc 1 961 39 view .LVU336
 798 0282 5C60     		str	r4, [r3, #4]
 952:./src/stm32f7xx_hal_eth.c ****       
 799              		.loc 1 952 28 view .LVU337
 800 0284 20F04050 		bic	r0, r0, #805306368
 968:./src/stm32f7xx_hal_eth.c ****       }
 801              		.loc 1 968 49 view .LVU338
 802 0288 C1F30C01 		ubfx	r1, r1, #0, #13
 803              	.LVL61:
 952:./src/stm32f7xx_hal_eth.c ****       
 804              		.loc 1 952 7 is_stmt 1 view .LVU339
 952:./src/stm32f7xx_hal_eth.c ****       
 805              		.loc 1 952 28 is_stmt 0 view .LVU340
 806 028c 1860     		str	r0, [r3]
 954:./src/stm32f7xx_hal_eth.c ****       {
 807              		.loc 1 954 7 is_stmt 1 view .LVU341
 957:./src/stm32f7xx_hal_eth.c ****       }
 808              		.loc 1 957 9 view .LVU342
 957:./src/stm32f7xx_hal_eth.c ****       }
 809              		.loc 1 957 21 is_stmt 0 view .LVU343
 810 028e 1868     		ldr	r0, [r3]
 957:./src/stm32f7xx_hal_eth.c ****       }
 811              		.loc 1 957 30 view .LVU344
 812 0290 40F08050 		orr	r0, r0, #268435456
 813 0294 1860     		str	r0, [r3]
 961:./src/stm32f7xx_hal_eth.c ****       
 814              		.loc 1 961 7 is_stmt 1 view .LVU345
 963:./src/stm32f7xx_hal_eth.c ****       {
 815              		.loc 1 963 7 view .LVU346
 816              	.LVL62:
 817              	.L43:
 966:./src/stm32f7xx_hal_eth.c ****         size = FrameLength - (bufcount-1)*ETH_TX_BUF_SIZE;
 818              		.loc 1 966 9 view .LVU347
 972:./src/stm32f7xx_hal_eth.c ****       /* point to next descriptor */
 819              		.loc 1 972 7 view .LVU348
 972:./src/stm32f7xx_hal_eth.c ****       /* point to next descriptor */
 820              		.loc 1 972 19 is_stmt 0 view .LVU349
 821 0296 1868     		ldr	r0, [r3]
 949:./src/stm32f7xx_hal_eth.c ****     {
 822              		.loc 1 949 29 discriminator 2 view .LVU350
 823 0298 0CF1010C 		add	ip, ip, #1
 824              	.LVL63:
 952:./src/stm32f7xx_hal_eth.c ****       
 825              		.loc 1 952 7 is_stmt 1 view .LVU351
 972:./src/stm32f7xx_hal_eth.c ****       /* point to next descriptor */
 826              		.loc 1 972 28 is_stmt 0 view .LVU352
 827 029c 40F00040 		orr	r0, r0, #-2147483648
 949:./src/stm32f7xx_hal_eth.c ****     {
 828              		.loc 1 949 16 discriminator 1 view .LVU353
 829 02a0 E645     		cmp	lr, ip
 972:./src/stm32f7xx_hal_eth.c ****       /* point to next descriptor */
 830              		.loc 1 972 28 view .LVU354
 831 02a2 1860     		str	r0, [r3]
 974:./src/stm32f7xx_hal_eth.c ****     }
 832              		.loc 1 974 7 is_stmt 1 view .LVU355
 974:./src/stm32f7xx_hal_eth.c ****     }
 833              		.loc 1 974 22 is_stmt 0 view .LVU356
 834 02a4 DB68     		ldr	r3, [r3, #12]
 949:./src/stm32f7xx_hal_eth.c ****     {
 835              		.loc 1 949 29 is_stmt 1 discriminator 2 view .LVU357
 949:./src/stm32f7xx_hal_eth.c ****     {
 836              		.loc 1 949 16 discriminator 1 view .LVU358
 837 02a6 23D0     		beq	.L42
 952:./src/stm32f7xx_hal_eth.c ****       
 838              		.loc 1 952 19 is_stmt 0 view .LVU359
 839 02a8 1868     		ldr	r0, [r3]
 963:./src/stm32f7xx_hal_eth.c ****       {
 840              		.loc 1 963 10 view .LVU360
 841 02aa 6545     		cmp	r5, ip
 961:./src/stm32f7xx_hal_eth.c ****       
 842              		.loc 1 961 39 view .LVU361
 843 02ac 5C60     		str	r4, [r3, #4]
 952:./src/stm32f7xx_hal_eth.c ****       
 844              		.loc 1 952 28 view .LVU362
 845 02ae 20F04050 		bic	r0, r0, #805306368
 846 02b2 1860     		str	r0, [r3]
 954:./src/stm32f7xx_hal_eth.c ****       {
 847              		.loc 1 954 7 is_stmt 1 view .LVU363
 961:./src/stm32f7xx_hal_eth.c ****       
 848              		.loc 1 961 7 view .LVU364
 963:./src/stm32f7xx_hal_eth.c ****       {
 849              		.loc 1 963 7 view .LVU365
 963:./src/stm32f7xx_hal_eth.c ****       {
 850              		.loc 1 963 10 is_stmt 0 view .LVU366
 851 02b4 EFD1     		bne	.L43
 966:./src/stm32f7xx_hal_eth.c ****         size = FrameLength - (bufcount-1)*ETH_TX_BUF_SIZE;
 852              		.loc 1 966 21 view .LVU367
 853 02b6 1868     		ldr	r0, [r3]
 968:./src/stm32f7xx_hal_eth.c ****       }
 854              		.loc 1 968 41 view .LVU368
 855 02b8 5960     		str	r1, [r3, #4]
 966:./src/stm32f7xx_hal_eth.c ****         size = FrameLength - (bufcount-1)*ETH_TX_BUF_SIZE;
 856              		.loc 1 966 30 view .LVU369
 857 02ba 40F00050 		orr	r0, r0, #536870912
 858 02be 1860     		str	r0, [r3]
 967:./src/stm32f7xx_hal_eth.c ****         heth->TxDesc->ControlBufferSize = (size & ETH_DMATXDESC_TBS1);
 859              		.loc 1 967 9 is_stmt 1 view .LVU370
 860              	.LVL64:
 968:./src/stm32f7xx_hal_eth.c ****       }
 861              		.loc 1 968 9 view .LVU371
 862 02c0 E9E7     		b	.L43
 863              	.LVL65:
 864              	.L56:
 865              	.LCFI5:
 866              		.cfi_def_cfa_offset 0
 867              		.cfi_restore 4
 868              		.cfi_restore 5
 869              		.cfi_restore 14
 915:./src/stm32f7xx_hal_eth.c ****     
 870              		.loc 1 915 5 view .LVU372
 915:./src/stm32f7xx_hal_eth.c ****     
 871              		.loc 1 915 17 is_stmt 0 view .LVU373
 872 02c2 1223     		movs	r3, #18
 873              	.L55:
 874 02c4 82F84430 		strb	r3, [r2, #68]
 918:./src/stm32f7xx_hal_eth.c ****     
 875              		.loc 1 918 5 is_stmt 1 view .LVU374
 918:./src/stm32f7xx_hal_eth.c ****     
 876              		.loc 1 918 5 view .LVU375
 918:./src/stm32f7xx_hal_eth.c ****     
 877              		.loc 1 918 5 view .LVU376
 920:./src/stm32f7xx_hal_eth.c ****   }
 878              		.loc 1 920 5 view .LVU377
 918:./src/stm32f7xx_hal_eth.c ****     
 879              		.loc 1 918 5 is_stmt 0 view .LVU378
 880 02c8 0023     		movs	r3, #0
 908:./src/stm32f7xx_hal_eth.c ****   }  
 881              		.loc 1 908 13 view .LVU379
 882 02ca 0120     		movs	r0, #1
 918:./src/stm32f7xx_hal_eth.c ****     
 883              		.loc 1 918 5 view .LVU380
 884 02cc 82F84530 		strb	r3, [r2, #69]
 885 02d0 7047     		bx	lr
 886              	.LVL66:
 887              	.L40:
 888              	.LCFI6:
 889              		.cfi_def_cfa_offset 12
 890              		.cfi_offset 4, -12
 891              		.cfi_offset 5, -8
 892              		.cfi_offset 14, -4
 936:./src/stm32f7xx_hal_eth.c ****   {
 893              		.loc 1 936 3 is_stmt 1 view .LVU381
 936:./src/stm32f7xx_hal_eth.c ****   {
 894              		.loc 1 936 6 is_stmt 0 view .LVU382
 895 02d2 BEF1010F 		cmp	lr, #1
 896 02d6 C8D1     		bne	.L41
 897              	.LVL67:
 898              	.L39:
 939:./src/stm32f7xx_hal_eth.c ****     /* Set frame size */
 899              		.loc 1 939 5 is_stmt 1 view .LVU383
 939:./src/stm32f7xx_hal_eth.c ****     /* Set frame size */
 900              		.loc 1 939 17 is_stmt 0 view .LVU384
 901 02d8 1868     		ldr	r0, [r3]
 941:./src/stm32f7xx_hal_eth.c ****     /* Set Own bit of the Tx descriptor Status: gives the buffer back to ETHERNET DMA */
 902              		.loc 1 941 52 view .LVU385
 903 02da C1F30C01 		ubfx	r1, r1, #0, #13
 904              	.LVL68:
 939:./src/stm32f7xx_hal_eth.c ****     /* Set frame size */
 905              		.loc 1 939 26 view .LVU386
 906 02de 40F04050 		orr	r0, r0, #805306368
 941:./src/stm32f7xx_hal_eth.c ****     /* Set Own bit of the Tx descriptor Status: gives the buffer back to ETHERNET DMA */
 907              		.loc 1 941 37 view .LVU387
 908 02e2 5960     		str	r1, [r3, #4]
 939:./src/stm32f7xx_hal_eth.c ****     /* Set frame size */
 909              		.loc 1 939 26 view .LVU388
 910 02e4 1860     		str	r0, [r3]
 941:./src/stm32f7xx_hal_eth.c ****     /* Set Own bit of the Tx descriptor Status: gives the buffer back to ETHERNET DMA */
 911              		.loc 1 941 5 is_stmt 1 view .LVU389
 943:./src/stm32f7xx_hal_eth.c ****     /* Point to next descriptor */
 912              		.loc 1 943 5 view .LVU390
 943:./src/stm32f7xx_hal_eth.c ****     /* Point to next descriptor */
 913              		.loc 1 943 17 is_stmt 0 view .LVU391
 914 02e6 1968     		ldr	r1, [r3]
 943:./src/stm32f7xx_hal_eth.c ****     /* Point to next descriptor */
 915              		.loc 1 943 26 view .LVU392
 916 02e8 41F00041 		orr	r1, r1, #-2147483648
 917 02ec 1960     		str	r1, [r3]
 945:./src/stm32f7xx_hal_eth.c ****   }
 918              		.loc 1 945 5 is_stmt 1 view .LVU393
 945:./src/stm32f7xx_hal_eth.c ****   }
 919              		.loc 1 945 19 is_stmt 0 view .LVU394
 920 02ee DB68     		ldr	r3, [r3, #12]
 921              	.LVL69:
 922              	.L42:
 979:./src/stm32f7xx_hal_eth.c ****   {
 923              		.loc 1 979 13 view .LVU395
 924 02f0 1168     		ldr	r1, [r2]
 945:./src/stm32f7xx_hal_eth.c ****   }
 925              		.loc 1 945 17 view .LVU396
 926 02f2 D362     		str	r3, [r2, #44]
 979:./src/stm32f7xx_hal_eth.c ****   {
 927              		.loc 1 979 3 is_stmt 1 view .LVU397
 979:./src/stm32f7xx_hal_eth.c ****   {
 928              		.loc 1 979 24 is_stmt 0 view .LVU398
 929 02f4 01F58053 		add	r3, r1, #4096
 930 02f8 5969     		ldr	r1, [r3, #20]
 979:./src/stm32f7xx_hal_eth.c ****   {
 931              		.loc 1 979 6 view .LVU399
 932 02fa 4907     		lsls	r1, r1, #29
 933 02fc 03D5     		bpl	.L46
 982:./src/stm32f7xx_hal_eth.c ****     /* Resume DMA transmission*/
 934              		.loc 1 982 5 is_stmt 1 view .LVU400
 982:./src/stm32f7xx_hal_eth.c ****     /* Resume DMA transmission*/
 935              		.loc 1 982 29 is_stmt 0 view .LVU401
 936 02fe 0420     		movs	r0, #4
 984:./src/stm32f7xx_hal_eth.c ****   }
 937              		.loc 1 984 31 view .LVU402
 938 0300 0021     		movs	r1, #0
 982:./src/stm32f7xx_hal_eth.c ****     /* Resume DMA transmission*/
 939              		.loc 1 982 29 view .LVU403
 940 0302 5861     		str	r0, [r3, #20]
 984:./src/stm32f7xx_hal_eth.c ****   }
 941              		.loc 1 984 5 is_stmt 1 view .LVU404
 984:./src/stm32f7xx_hal_eth.c ****   }
 942              		.loc 1 984 31 is_stmt 0 view .LVU405
 943 0304 5960     		str	r1, [r3, #4]
 944              	.L46:
 988:./src/stm32f7xx_hal_eth.c ****   
 945              		.loc 1 988 3 is_stmt 1 view .LVU406
 991:./src/stm32f7xx_hal_eth.c ****   
 946              		.loc 1 991 3 is_stmt 0 view .LVU407
 947 0306 0023     		movs	r3, #0
 988:./src/stm32f7xx_hal_eth.c ****   
 948              		.loc 1 988 15 view .LVU408
 949 0308 0121     		movs	r1, #1
 994:./src/stm32f7xx_hal_eth.c **** }
 950              		.loc 1 994 10 view .LVU409
 951 030a 1846     		mov	r0, r3
 988:./src/stm32f7xx_hal_eth.c ****   
 952              		.loc 1 988 15 view .LVU410
 953 030c 82F84410 		strb	r1, [r2, #68]
 991:./src/stm32f7xx_hal_eth.c ****   
 954              		.loc 1 991 3 is_stmt 1 view .LVU411
 991:./src/stm32f7xx_hal_eth.c ****   
 955              		.loc 1 991 3 view .LVU412
 956 0310 82F84530 		strb	r3, [r2, #69]
 991:./src/stm32f7xx_hal_eth.c ****   
 957              		.loc 1 991 3 view .LVU413
 994:./src/stm32f7xx_hal_eth.c **** }
 958              		.loc 1 994 3 view .LVU414
 995:./src/stm32f7xx_hal_eth.c **** 
 959              		.loc 1 995 1 is_stmt 0 view .LVU415
 960 0314 30BD     		pop	{r4, r5, pc}
 961              	.LVL70:
 962              	.L47:
 963              	.LCFI7:
 964              		.cfi_def_cfa_offset 0
 965              		.cfi_restore 4
 966              		.cfi_restore 5
 967              		.cfi_restore 14
 895:./src/stm32f7xx_hal_eth.c ****   
 968              		.loc 1 895 3 discriminator 1 view .LVU416
 969 0316 0220     		movs	r0, #2
 970              	.LVL71:
 995:./src/stm32f7xx_hal_eth.c **** 
 971              		.loc 1 995 1 view .LVU417
 972 0318 7047     		bx	lr
 973              	.L58:
 974 031a 00BF     		.align	2
 975              	.L57:
 976 031c 0BB002AC 		.word	-1409110005
 977 0320 0CFAFFFF 		.word	-1524
 978              		.cfi_endproc
 979              	.LFE150:
 981              		.align	1
 982              		.p2align 2,,3
 983              		.global	HAL_ETH_GetReceivedFrame
 984              		.syntax unified
 985              		.thumb
 986              		.thumb_func
 988              	HAL_ETH_GetReceivedFrame:
 989              	.LVL72:
 990              	.LFB151:
1004:./src/stm32f7xx_hal_eth.c ****   uint32_t framelength = 0;
 991              		.loc 1 1004 1 is_stmt 1 view -0
 992              		.cfi_startproc
 993              		@ args = 0, pretend = 0, frame = 0
 994              		@ frame_needed = 0, uses_anonymous_args = 0
 995              		@ link register save eliminated.
1005:./src/stm32f7xx_hal_eth.c ****   
 996              		.loc 1 1005 3 view .LVU419
1008:./src/stm32f7xx_hal_eth.c ****   
 997              		.loc 1 1008 3 view .LVU420
1008:./src/stm32f7xx_hal_eth.c ****   
 998              		.loc 1 1008 3 view .LVU421
 999 0324 90F84520 		ldrb	r2, [r0, #69]	@ zero_extendqisi2
 1000 0328 012A     		cmp	r2, #1
 1001 032a 3DD0     		beq	.L66
 1002 032c 0346     		mov	r3, r0
1008:./src/stm32f7xx_hal_eth.c ****   
 1003              		.loc 1 1008 3 discriminator 2 view .LVU422
1011:./src/stm32f7xx_hal_eth.c ****   
 1004              		.loc 1 1011 15 is_stmt 0 view .LVU423
 1005 032e 0221     		movs	r1, #2
1008:./src/stm32f7xx_hal_eth.c ****   
 1006              		.loc 1 1008 3 discriminator 2 view .LVU424
 1007 0330 0120     		movs	r0, #1
 1008              	.LVL73:
1015:./src/stm32f7xx_hal_eth.c ****   {
 1009              		.loc 1 1015 12 view .LVU425
 1010 0332 9A6A     		ldr	r2, [r3, #40]
1004:./src/stm32f7xx_hal_eth.c ****   uint32_t framelength = 0;
 1011              		.loc 1 1004 1 view .LVU426
 1012 0334 30B4     		push	{r4, r5}
 1013              	.LCFI8:
 1014              		.cfi_def_cfa_offset 8
 1015              		.cfi_offset 4, -8
 1016              		.cfi_offset 5, -4
1008:./src/stm32f7xx_hal_eth.c ****   
 1017              		.loc 1 1008 3 discriminator 2 view .LVU427
 1018 0336 83F84500 		strb	r0, [r3, #69]
1008:./src/stm32f7xx_hal_eth.c ****   
 1019              		.loc 1 1008 3 is_stmt 1 discriminator 2 view .LVU428
1011:./src/stm32f7xx_hal_eth.c ****   
 1020              		.loc 1 1011 3 view .LVU429
1011:./src/stm32f7xx_hal_eth.c ****   
 1021              		.loc 1 1011 15 is_stmt 0 view .LVU430
 1022 033a 83F84410 		strb	r1, [r3, #68]
1015:./src/stm32f7xx_hal_eth.c ****   {
 1023              		.loc 1 1015 3 is_stmt 1 view .LVU431
1015:./src/stm32f7xx_hal_eth.c ****   {
 1024              		.loc 1 1015 20 is_stmt 0 view .LVU432
 1025 033e 1168     		ldr	r1, [r2]
1015:./src/stm32f7xx_hal_eth.c ****   {
 1026              		.loc 1 1015 5 view .LVU433
 1027 0340 0029     		cmp	r1, #0
 1028 0342 0BDB     		blt	.L61
1018:./src/stm32f7xx_hal_eth.c ****     {
 1029              		.loc 1 1018 5 is_stmt 1 view .LVU434
1018:./src/stm32f7xx_hal_eth.c ****     {
 1030              		.loc 1 1018 22 is_stmt 0 view .LVU435
 1031 0344 1168     		ldr	r1, [r2]
1038:./src/stm32f7xx_hal_eth.c ****       
 1032              		.loc 1 1038 22 view .LVU436
 1033 0346 D468     		ldr	r4, [r2, #12]
1018:./src/stm32f7xx_hal_eth.c ****     {
 1034              		.loc 1 1018 7 view .LVU437
 1035 0348 11F48071 		ands	r1, r1, #256
 1036 034c 0FD1     		bne	.L71
1050:./src/stm32f7xx_hal_eth.c ****     {
 1037              		.loc 1 1050 10 is_stmt 1 view .LVU438
1050:./src/stm32f7xx_hal_eth.c ****     {
 1038              		.loc 1 1050 26 is_stmt 0 view .LVU439
 1039 034e 1568     		ldr	r5, [r2]
1050:./src/stm32f7xx_hal_eth.c ****     {
 1040              		.loc 1 1050 12 view .LVU440
 1041 0350 AD05     		lsls	r5, r5, #22
 1042 0352 24D5     		bpl	.L65
1052:./src/stm32f7xx_hal_eth.c ****       (heth->RxFrameInfos).LSRxDesc = NULL;
 1043              		.loc 1 1052 7 is_stmt 1 view .LVU441
1054:./src/stm32f7xx_hal_eth.c ****       /* Point to next descriptor */
 1044              		.loc 1 1054 37 is_stmt 0 view .LVU442
 1045 0354 9863     		str	r0, [r3, #56]
1056:./src/stm32f7xx_hal_eth.c ****     }
 1046              		.loc 1 1056 20 view .LVU443
 1047 0356 9C62     		str	r4, [r3, #40]
1053:./src/stm32f7xx_hal_eth.c ****       (heth->RxFrameInfos).SegCount = 1;
 1048              		.loc 1 1053 37 view .LVU444
 1049 0358 C3E90C21 		strd	r2, r1, [r3, #48]
1054:./src/stm32f7xx_hal_eth.c ****       /* Point to next descriptor */
 1050              		.loc 1 1054 7 is_stmt 1 view .LVU445
1056:./src/stm32f7xx_hal_eth.c ****     }
 1051              		.loc 1 1056 7 view .LVU446
 1052              	.L61:
1068:./src/stm32f7xx_hal_eth.c ****   
 1053              		.loc 1 1068 3 view .LVU447
1068:./src/stm32f7xx_hal_eth.c ****   
 1054              		.loc 1 1068 15 is_stmt 0 view .LVU448
 1055 035c 0122     		movs	r2, #1
1071:./src/stm32f7xx_hal_eth.c ****   
 1056              		.loc 1 1071 3 view .LVU449
 1057 035e 0021     		movs	r1, #0
1074:./src/stm32f7xx_hal_eth.c **** }
 1058              		.loc 1 1074 10 view .LVU450
 1059 0360 1046     		mov	r0, r2
1068:./src/stm32f7xx_hal_eth.c ****   
 1060              		.loc 1 1068 15 view .LVU451
 1061 0362 83F84420 		strb	r2, [r3, #68]
1071:./src/stm32f7xx_hal_eth.c ****   
 1062              		.loc 1 1071 3 is_stmt 1 view .LVU452
1071:./src/stm32f7xx_hal_eth.c ****   
 1063              		.loc 1 1071 3 view .LVU453
 1064 0366 83F84510 		strb	r1, [r3, #69]
1071:./src/stm32f7xx_hal_eth.c ****   
 1065              		.loc 1 1071 3 view .LVU454
1074:./src/stm32f7xx_hal_eth.c **** }
 1066              		.loc 1 1074 3 view .LVU455
1075:./src/stm32f7xx_hal_eth.c **** 
 1067              		.loc 1 1075 1 is_stmt 0 view .LVU456
 1068 036a 30BC     		pop	{r4, r5}
 1069              	.LCFI9:
 1070              		.cfi_remember_state
 1071              		.cfi_restore 5
 1072              		.cfi_restore 4
 1073              		.cfi_def_cfa_offset 0
 1074 036c 7047     		bx	lr
 1075              	.L71:
 1076              	.LCFI10:
 1077              		.cfi_restore_state
1021:./src/stm32f7xx_hal_eth.c ****       
 1078              		.loc 1 1021 7 is_stmt 1 view .LVU457
1021:./src/stm32f7xx_hal_eth.c ****       
 1079              		.loc 1 1021 36 is_stmt 0 view .LVU458
 1080 036e 996B     		ldr	r1, [r3, #56]
 1081 0370 0144     		add	r1, r1, r0
1024:./src/stm32f7xx_hal_eth.c ****       {
 1082              		.loc 1 1024 10 view .LVU459
 1083 0372 8142     		cmp	r1, r0
1021:./src/stm32f7xx_hal_eth.c ****       
 1084              		.loc 1 1021 36 view .LVU460
 1085 0374 9963     		str	r1, [r3, #56]
1024:./src/stm32f7xx_hal_eth.c ****       {
 1086              		.loc 1 1024 7 is_stmt 1 view .LVU461
1024:./src/stm32f7xx_hal_eth.c ****       {
 1087              		.loc 1 1024 10 is_stmt 0 view .LVU462
 1088 0376 19D0     		beq	.L63
1036:./src/stm32f7xx_hal_eth.c ****       /* point to next descriptor */
 1089              		.loc 1 1036 56 view .LVU463
 1090 0378 186B     		ldr	r0, [r3, #48]
 1091              	.L64:
1029:./src/stm32f7xx_hal_eth.c ****       
 1092              		.loc 1 1029 7 is_stmt 1 view .LVU464
1032:./src/stm32f7xx_hal_eth.c ****       heth->RxFrameInfos.length = framelength;
 1093              		.loc 1 1032 37 is_stmt 0 view .LVU465
 1094 037a 1168     		ldr	r1, [r2]
1036:./src/stm32f7xx_hal_eth.c ****       /* point to next descriptor */
 1095              		.loc 1 1036 33 view .LVU466
 1096 037c 8068     		ldr	r0, [r0, #8]
1029:./src/stm32f7xx_hal_eth.c ****       
 1097              		.loc 1 1029 35 view .LVU467
 1098 037e 5A63     		str	r2, [r3, #52]
1032:./src/stm32f7xx_hal_eth.c ****       heth->RxFrameInfos.length = framelength;
 1099              		.loc 1 1032 7 is_stmt 1 view .LVU468
 1100              	.LVL74:
1033:./src/stm32f7xx_hal_eth.c ****       
 1101              		.loc 1 1033 7 view .LVU469
1032:./src/stm32f7xx_hal_eth.c ****       heth->RxFrameInfos.length = framelength;
 1102              		.loc 1 1032 66 is_stmt 0 view .LVU470
 1103 0380 C1F30D42 		ubfx	r2, r1, #16, #14
1038:./src/stm32f7xx_hal_eth.c ****       
 1104              		.loc 1 1038 20 view .LVU471
 1105 0384 9C62     		str	r4, [r3, #40]
1044:./src/stm32f7xx_hal_eth.c ****       
 1106              		.loc 1 1044 7 view .LVU472
 1107 0386 0021     		movs	r1, #0
 1108              	.LVL75:
1041:./src/stm32f7xx_hal_eth.c ****       
 1109              		.loc 1 1041 19 view .LVU473
 1110 0388 0124     		movs	r4, #1
1032:./src/stm32f7xx_hal_eth.c ****       heth->RxFrameInfos.length = framelength;
 1111              		.loc 1 1032 19 view .LVU474
 1112 038a 043A     		subs	r2, r2, #4
1036:./src/stm32f7xx_hal_eth.c ****       /* point to next descriptor */
 1113              		.loc 1 1036 33 view .LVU475
 1114 038c 1864     		str	r0, [r3, #64]
1047:./src/stm32f7xx_hal_eth.c ****     }
 1115              		.loc 1 1047 14 view .LVU476
 1116 038e 0846     		mov	r0, r1
1041:./src/stm32f7xx_hal_eth.c ****       
 1117              		.loc 1 1041 19 view .LVU477
 1118 0390 83F84440 		strb	r4, [r3, #68]
1044:./src/stm32f7xx_hal_eth.c ****       
 1119              		.loc 1 1044 7 view .LVU478
 1120 0394 83F84510 		strb	r1, [r3, #69]
1033:./src/stm32f7xx_hal_eth.c ****       
 1121              		.loc 1 1033 33 view .LVU479
 1122 0398 DA63     		str	r2, [r3, #60]
1036:./src/stm32f7xx_hal_eth.c ****       /* point to next descriptor */
 1123              		.loc 1 1036 7 is_stmt 1 view .LVU480
1038:./src/stm32f7xx_hal_eth.c ****       
 1124              		.loc 1 1038 7 view .LVU481
1041:./src/stm32f7xx_hal_eth.c ****       
 1125              		.loc 1 1041 7 view .LVU482
1044:./src/stm32f7xx_hal_eth.c ****       
 1126              		.loc 1 1044 7 view .LVU483
1044:./src/stm32f7xx_hal_eth.c ****       
 1127              		.loc 1 1044 7 view .LVU484
1044:./src/stm32f7xx_hal_eth.c ****       
 1128              		.loc 1 1044 7 view .LVU485
1047:./src/stm32f7xx_hal_eth.c ****     }
 1129              		.loc 1 1047 7 view .LVU486
1075:./src/stm32f7xx_hal_eth.c **** 
 1130              		.loc 1 1075 1 is_stmt 0 view .LVU487
 1131 039a 30BC     		pop	{r4, r5}
 1132              	.LCFI11:
 1133              		.cfi_remember_state
 1134              		.cfi_restore 5
 1135              		.cfi_restore 4
 1136              		.cfi_def_cfa_offset 0
 1137 039c 7047     		bx	lr
 1138              	.LVL76:
 1139              	.L65:
 1140              	.LCFI12:
 1141              		.cfi_restore_state
1061:./src/stm32f7xx_hal_eth.c ****       /* Point to next descriptor */
 1142              		.loc 1 1061 7 is_stmt 1 view .LVU488
1061:./src/stm32f7xx_hal_eth.c ****       /* Point to next descriptor */
 1143              		.loc 1 1061 36 is_stmt 0 view .LVU489
 1144 039e 9A6B     		ldr	r2, [r3, #56]
1063:./src/stm32f7xx_hal_eth.c ****     } 
 1145              		.loc 1 1063 20 view .LVU490
 1146 03a0 9C62     		str	r4, [r3, #40]
1061:./src/stm32f7xx_hal_eth.c ****       /* Point to next descriptor */
 1147              		.loc 1 1061 36 view .LVU491
 1148 03a2 0132     		adds	r2, r2, #1
 1149 03a4 9A63     		str	r2, [r3, #56]
1063:./src/stm32f7xx_hal_eth.c ****     } 
 1150              		.loc 1 1063 7 is_stmt 1 view .LVU492
 1151 03a6 D9E7     		b	.L61
 1152              	.LVL77:
 1153              	.L66:
 1154              	.LCFI13:
 1155              		.cfi_def_cfa_offset 0
 1156              		.cfi_restore 4
 1157              		.cfi_restore 5
1008:./src/stm32f7xx_hal_eth.c ****   
 1158              		.loc 1 1008 3 is_stmt 0 discriminator 1 view .LVU493
 1159 03a8 0220     		movs	r0, #2
 1160              	.LVL78:
1075:./src/stm32f7xx_hal_eth.c **** 
 1161              		.loc 1 1075 1 view .LVU494
 1162 03aa 7047     		bx	lr
 1163              	.LVL79:
 1164              	.L63:
 1165              	.LCFI14:
 1166              		.cfi_def_cfa_offset 8
 1167              		.cfi_offset 4, -8
 1168              		.cfi_offset 5, -4
1026:./src/stm32f7xx_hal_eth.c ****       }
 1169              		.loc 1 1026 9 is_stmt 1 view .LVU495
1026:./src/stm32f7xx_hal_eth.c ****       }
 1170              		.loc 1 1026 39 is_stmt 0 view .LVU496
 1171 03ac 1046     		mov	r0, r2
 1172 03ae 1A63     		str	r2, [r3, #48]
 1173 03b0 E3E7     		b	.L64
 1174              		.cfi_endproc
 1175              	.LFE151:
 1177              		.align	1
 1178 03b2 00BF     		.p2align 2,,3
 1179              		.global	HAL_ETH_GetReceivedFrame_IT
 1180              		.syntax unified
 1181              		.thumb
 1182              		.thumb_func
 1184              	HAL_ETH_GetReceivedFrame_IT:
 1185              	.LVL80:
 1186              	.LFB152:
1084:./src/stm32f7xx_hal_eth.c ****   uint32_t descriptorscancounter = 0;
 1187              		.loc 1 1084 1 is_stmt 1 view -0
 1188              		.cfi_startproc
 1189              		@ args = 0, pretend = 0, frame = 0
 1190              		@ frame_needed = 0, uses_anonymous_args = 0
 1191              		@ link register save eliminated.
1085:./src/stm32f7xx_hal_eth.c ****   
 1192              		.loc 1 1085 3 view .LVU498
1088:./src/stm32f7xx_hal_eth.c ****   
 1193              		.loc 1 1088 3 view .LVU499
1088:./src/stm32f7xx_hal_eth.c ****   
 1194              		.loc 1 1088 3 view .LVU500
 1195 03b4 90F84530 		ldrb	r3, [r0, #69]	@ zero_extendqisi2
 1196 03b8 012B     		cmp	r3, #1
 1197 03ba 2FD0     		beq	.L81
 1198 03bc 0246     		mov	r2, r0
1088:./src/stm32f7xx_hal_eth.c ****   
 1199              		.loc 1 1088 3 discriminator 2 view .LVU501
1091:./src/stm32f7xx_hal_eth.c ****   
 1200              		.loc 1 1091 15 is_stmt 0 view .LVU502
 1201 03be 0221     		movs	r1, #2
1088:./src/stm32f7xx_hal_eth.c ****   
 1202              		.loc 1 1088 3 discriminator 2 view .LVU503
 1203 03c0 0120     		movs	r0, #1
 1204              	.LVL81:
1094:./src/stm32f7xx_hal_eth.c ****   {
 1205              		.loc 1 1094 16 view .LVU504
 1206 03c2 936A     		ldr	r3, [r2, #40]
1084:./src/stm32f7xx_hal_eth.c ****   uint32_t descriptorscancounter = 0;
 1207              		.loc 1 1084 1 view .LVU505
 1208 03c4 30B4     		push	{r4, r5}
 1209              	.LCFI15:
 1210              		.cfi_def_cfa_offset 8
 1211              		.cfi_offset 4, -8
 1212              		.cfi_offset 5, -4
1088:./src/stm32f7xx_hal_eth.c ****   
 1213              		.loc 1 1088 3 discriminator 2 view .LVU506
 1214 03c6 82F84500 		strb	r0, [r2, #69]
1088:./src/stm32f7xx_hal_eth.c ****   
 1215              		.loc 1 1088 3 is_stmt 1 discriminator 2 view .LVU507
1091:./src/stm32f7xx_hal_eth.c ****   
 1216              		.loc 1 1091 3 view .LVU508
1091:./src/stm32f7xx_hal_eth.c ****   
 1217              		.loc 1 1091 15 is_stmt 0 view .LVU509
 1218 03ca 82F84410 		strb	r1, [r2, #68]
1094:./src/stm32f7xx_hal_eth.c ****   {
 1219              		.loc 1 1094 3 is_stmt 1 view .LVU510
1094:./src/stm32f7xx_hal_eth.c ****   {
 1220              		.loc 1 1094 74 view .LVU511
1094:./src/stm32f7xx_hal_eth.c ****   {
 1221              		.loc 1 1094 24 is_stmt 0 view .LVU512
 1222 03ce 1968     		ldr	r1, [r3]
1094:./src/stm32f7xx_hal_eth.c ****   {
 1223              		.loc 1 1094 74 discriminator 1 view .LVU513
 1224 03d0 0029     		cmp	r1, #0
 1225 03d2 17DB     		blt	.L80
1085:./src/stm32f7xx_hal_eth.c ****   
 1226              		.loc 1 1085 12 view .LVU514
 1227 03d4 0020     		movs	r0, #0
 1228              	.LVL82:
 1229              	.L74:
1097:./src/stm32f7xx_hal_eth.c ****     
 1230              		.loc 1 1097 5 is_stmt 1 view .LVU515
1110:./src/stm32f7xx_hal_eth.c ****     {
 1231              		.loc 1 1110 10 view .LVU516
1101:./src/stm32f7xx_hal_eth.c ****     { 
 1232              		.loc 1 1101 21 is_stmt 0 view .LVU517
 1233 03d6 1968     		ldr	r1, [r3]
 1234 03d8 1C46     		mov	r4, r3
1097:./src/stm32f7xx_hal_eth.c ****     
 1235              		.loc 1 1097 26 view .LVU518
 1236 03da 0130     		adds	r0, r0, #1
 1237              	.LVL83:
1101:./src/stm32f7xx_hal_eth.c ****     { 
 1238              		.loc 1 1101 5 is_stmt 1 view .LVU519
1106:./src/stm32f7xx_hal_eth.c ****     }
 1239              		.loc 1 1106 22 is_stmt 0 view .LVU520
 1240 03dc DB68     		ldr	r3, [r3, #12]
1101:./src/stm32f7xx_hal_eth.c ****     { 
 1241              		.loc 1 1101 30 view .LVU521
 1242 03de 01F44071 		and	r1, r1, #768
1101:./src/stm32f7xx_hal_eth.c ****     { 
 1243              		.loc 1 1101 7 view .LVU522
 1244 03e2 B1F5007F 		cmp	r1, #512
 1245 03e6 16D0     		beq	.L94
1110:./src/stm32f7xx_hal_eth.c ****     {
 1246              		.loc 1 1110 27 view .LVU523
 1247 03e8 2568     		ldr	r5, [r4]
1113:./src/stm32f7xx_hal_eth.c ****       /* Point to next descriptor */
 1248              		.loc 1 1113 36 view .LVU524
 1249 03ea 916B     		ldr	r1, [r2, #56]
1110:./src/stm32f7xx_hal_eth.c ****     {
 1250              		.loc 1 1110 13 view .LVU525
 1251 03ec 15F4407F 		tst	r5, #768
1113:./src/stm32f7xx_hal_eth.c ****       /* Point to next descriptor */
 1252              		.loc 1 1113 36 view .LVU526
 1253 03f0 01F10101 		add	r1, r1, #1
1110:./src/stm32f7xx_hal_eth.c ****     {
 1254              		.loc 1 1110 13 view .LVU527
 1255 03f4 14D1     		bne	.L95
 1256              	.L76:
1094:./src/stm32f7xx_hal_eth.c ****   {
 1257              		.loc 1 1094 24 view .LVU528
 1258 03f6 1C68     		ldr	r4, [r3]
1104:./src/stm32f7xx_hal_eth.c ****       /* Point to next descriptor */
 1259              		.loc 1 1104 35 view .LVU529
 1260 03f8 9163     		str	r1, [r2, #56]
1094:./src/stm32f7xx_hal_eth.c ****   {
 1261              		.loc 1 1094 74 discriminator 1 view .LVU530
 1262 03fa 002C     		cmp	r4, #0
1106:./src/stm32f7xx_hal_eth.c ****     }
 1263              		.loc 1 1106 20 view .LVU531
 1264 03fc 9362     		str	r3, [r2, #40]
1094:./src/stm32f7xx_hal_eth.c ****   {
 1265              		.loc 1 1094 74 is_stmt 1 view .LVU532
1094:./src/stm32f7xx_hal_eth.c ****   {
 1266              		.loc 1 1094 74 is_stmt 0 discriminator 1 view .LVU533
 1267 03fe 01DB     		blt	.L80
 1268 0400 0428     		cmp	r0, #4
 1269 0402 E8D1     		bne	.L74
 1270              	.LVL84:
 1271              	.L80:
1153:./src/stm32f7xx_hal_eth.c ****   
 1272              		.loc 1 1153 3 is_stmt 1 view .LVU534
1153:./src/stm32f7xx_hal_eth.c ****   
 1273              		.loc 1 1153 15 is_stmt 0 view .LVU535
 1274 0404 0123     		movs	r3, #1
1156:./src/stm32f7xx_hal_eth.c ****   
 1275              		.loc 1 1156 3 view .LVU536
 1276 0406 0021     		movs	r1, #0
1159:./src/stm32f7xx_hal_eth.c **** }
 1277              		.loc 1 1159 10 view .LVU537
 1278 0408 1846     		mov	r0, r3
1153:./src/stm32f7xx_hal_eth.c ****   
 1279              		.loc 1 1153 15 view .LVU538
 1280 040a 82F84430 		strb	r3, [r2, #68]
1156:./src/stm32f7xx_hal_eth.c ****   
 1281              		.loc 1 1156 3 is_stmt 1 view .LVU539
1156:./src/stm32f7xx_hal_eth.c ****   
 1282              		.loc 1 1156 3 view .LVU540
 1283 040e 82F84510 		strb	r1, [r2, #69]
1156:./src/stm32f7xx_hal_eth.c ****   
 1284              		.loc 1 1156 3 view .LVU541
1159:./src/stm32f7xx_hal_eth.c **** }
 1285              		.loc 1 1159 3 view .LVU542
 1286              	.L73:
1160:./src/stm32f7xx_hal_eth.c **** 
 1287              		.loc 1 1160 1 is_stmt 0 view .LVU543
 1288 0412 30BC     		pop	{r4, r5}
 1289              	.LCFI16:
 1290              		.cfi_remember_state
 1291              		.cfi_restore 5
 1292              		.cfi_restore 4
 1293              		.cfi_def_cfa_offset 0
 1294 0414 7047     		bx	lr
 1295              	.LVL85:
 1296              	.L94:
 1297              	.LCFI17:
 1298              		.cfi_restore_state
1103:./src/stm32f7xx_hal_eth.c ****       heth->RxFrameInfos.SegCount = 1;   
 1299              		.loc 1 1103 7 is_stmt 1 view .LVU544
 1300 0416 0121     		movs	r1, #1
1103:./src/stm32f7xx_hal_eth.c ****       heth->RxFrameInfos.SegCount = 1;   
 1301              		.loc 1 1103 35 is_stmt 0 view .LVU545
 1302 0418 1463     		str	r4, [r2, #48]
1104:./src/stm32f7xx_hal_eth.c ****       /* Point to next descriptor */
 1303              		.loc 1 1104 7 is_stmt 1 view .LVU546
1106:./src/stm32f7xx_hal_eth.c ****     }
 1304              		.loc 1 1106 7 view .LVU547
 1305 041a ECE7     		b	.L76
 1306              	.LVL86:
 1307              	.L81:
 1308              	.LCFI18:
 1309              		.cfi_def_cfa_offset 0
 1310              		.cfi_restore 4
 1311              		.cfi_restore 5
1088:./src/stm32f7xx_hal_eth.c ****   
 1312              		.loc 1 1088 3 is_stmt 0 discriminator 1 view .LVU548
 1313 041c 0220     		movs	r0, #2
 1314              	.LVL87:
1160:./src/stm32f7xx_hal_eth.c **** 
 1315              		.loc 1 1160 1 view .LVU549
 1316 041e 7047     		bx	lr
 1317              	.LVL88:
 1318              	.L95:
 1319              	.LCFI19:
 1320              		.cfi_def_cfa_offset 8
 1321              		.cfi_offset 4, -8
 1322              		.cfi_offset 5, -4
1121:./src/stm32f7xx_hal_eth.c ****       
 1323              		.loc 1 1121 7 is_stmt 1 view .LVU550
1127:./src/stm32f7xx_hal_eth.c ****       {
 1324              		.loc 1 1127 10 is_stmt 0 view .LVU551
 1325 0420 0129     		cmp	r1, #1
1124:./src/stm32f7xx_hal_eth.c ****       
 1326              		.loc 1 1124 36 view .LVU552
 1327 0422 C2E90D41 		strd	r4, r1, [r2, #52]
1127:./src/stm32f7xx_hal_eth.c ****       {
 1328              		.loc 1 1127 7 is_stmt 1 view .LVU553
1127:./src/stm32f7xx_hal_eth.c ****       {
 1329              		.loc 1 1127 10 is_stmt 0 view .LVU554
 1330 0426 10D0     		beq	.L77
1136:./src/stm32f7xx_hal_eth.c ****       
 1331              		.loc 1 1136 55 view .LVU555
 1332 0428 106B     		ldr	r0, [r2, #48]
 1333              	.LVL89:
 1334              	.L78:
1133:./src/stm32f7xx_hal_eth.c ****       
 1335              		.loc 1 1133 7 is_stmt 1 view .LVU556
1133:./src/stm32f7xx_hal_eth.c ****       
 1336              		.loc 1 1133 51 is_stmt 0 view .LVU557
 1337 042a 2168     		ldr	r1, [r4]
1142:./src/stm32f7xx_hal_eth.c ****       
 1338              		.loc 1 1142 19 view .LVU558
 1339 042c 0125     		movs	r5, #1
1136:./src/stm32f7xx_hal_eth.c ****       
 1340              		.loc 1 1136 33 view .LVU559
 1341 042e 8068     		ldr	r0, [r0, #8]
1145:./src/stm32f7xx_hal_eth.c ****   
 1342              		.loc 1 1145 7 view .LVU560
 1343 0430 0024     		movs	r4, #0
1133:./src/stm32f7xx_hal_eth.c ****       
 1344              		.loc 1 1133 80 view .LVU561
 1345 0432 C1F30D41 		ubfx	r1, r1, #16, #14
1142:./src/stm32f7xx_hal_eth.c ****       
 1346              		.loc 1 1142 19 view .LVU562
 1347 0436 82F84450 		strb	r5, [r2, #68]
1136:./src/stm32f7xx_hal_eth.c ****       
 1348              		.loc 1 1136 33 view .LVU563
 1349 043a 1064     		str	r0, [r2, #64]
1148:./src/stm32f7xx_hal_eth.c ****     }
 1350              		.loc 1 1148 14 view .LVU564
 1351 043c 2046     		mov	r0, r4
1133:./src/stm32f7xx_hal_eth.c ****       
 1352              		.loc 1 1133 115 view .LVU565
 1353 043e 0439     		subs	r1, r1, #4
1139:./src/stm32f7xx_hal_eth.c ****       
 1354              		.loc 1 1139 20 view .LVU566
 1355 0440 9362     		str	r3, [r2, #40]
1145:./src/stm32f7xx_hal_eth.c ****   
 1356              		.loc 1 1145 7 view .LVU567
 1357 0442 82F84540 		strb	r4, [r2, #69]
1133:./src/stm32f7xx_hal_eth.c ****       
 1358              		.loc 1 1133 33 view .LVU568
 1359 0446 D163     		str	r1, [r2, #60]
1136:./src/stm32f7xx_hal_eth.c ****       
 1360              		.loc 1 1136 7 is_stmt 1 view .LVU569
1139:./src/stm32f7xx_hal_eth.c ****       
 1361              		.loc 1 1139 7 view .LVU570
1142:./src/stm32f7xx_hal_eth.c ****       
 1362              		.loc 1 1142 7 view .LVU571
1145:./src/stm32f7xx_hal_eth.c ****   
 1363              		.loc 1 1145 7 view .LVU572
1145:./src/stm32f7xx_hal_eth.c ****   
 1364              		.loc 1 1145 7 view .LVU573
1145:./src/stm32f7xx_hal_eth.c ****   
 1365              		.loc 1 1145 7 view .LVU574
1148:./src/stm32f7xx_hal_eth.c ****     }
 1366              		.loc 1 1148 7 view .LVU575
1148:./src/stm32f7xx_hal_eth.c ****     }
 1367              		.loc 1 1148 14 is_stmt 0 view .LVU576
 1368 0448 E3E7     		b	.L73
 1369              	.LVL90:
 1370              	.L77:
1129:./src/stm32f7xx_hal_eth.c ****       }
 1371              		.loc 1 1129 9 is_stmt 1 view .LVU577
1129:./src/stm32f7xx_hal_eth.c ****       }
 1372              		.loc 1 1129 37 is_stmt 0 view .LVU578
 1373 044a 2046     		mov	r0, r4
 1374              	.LVL91:
1129:./src/stm32f7xx_hal_eth.c ****       }
 1375              		.loc 1 1129 37 view .LVU579
 1376 044c 1463     		str	r4, [r2, #48]
 1377 044e ECE7     		b	.L78
 1378              		.cfi_endproc
 1379              	.LFE152:
 1381              		.align	1
 1382              		.p2align 2,,3
 1383              		.weak	HAL_ETH_TxCpltCallback
 1384              		.syntax unified
 1385              		.thumb
 1386              		.thumb_func
 1388              	HAL_ETH_TxCpltCallback:
 1389              	.LFB178:
 1390              		.cfi_startproc
1242:./src/stm32f7xx_hal_eth.c **** {
 1391              		.loc 1 1242 13 is_stmt 1 view .LVU580
 1392              		@ args = 0, pretend = 0, frame = 0
 1393              		@ frame_needed = 0, uses_anonymous_args = 0
 1394              		@ link register save eliminated.
 1395 0450 7047     		bx	lr
 1396              		.cfi_endproc
 1397              	.LFE178:
 1399              		.align	1
 1400 0452 00BF     		.p2align 2,,3
 1401              		.weak	HAL_ETH_RxCpltCallback
 1402              		.syntax unified
 1403              		.thumb
 1404              		.thumb_func
 1406              	HAL_ETH_RxCpltCallback:
 1407              	.LFB180:
 1408              		.cfi_startproc
1258:./src/stm32f7xx_hal_eth.c **** {
 1409              		.loc 1 1258 13 view .LVU581
 1410              		@ args = 0, pretend = 0, frame = 0
 1411              		@ frame_needed = 0, uses_anonymous_args = 0
 1412              		@ link register save eliminated.
 1413 0454 7047     		bx	lr
 1414              		.cfi_endproc
 1415              	.LFE180:
 1417              		.align	1
 1418 0456 00BF     		.p2align 2,,3
 1419              		.weak	HAL_ETH_ErrorCallback
 1420              		.syntax unified
 1421              		.thumb
 1422              		.thumb_func
 1424              	HAL_ETH_ErrorCallback:
 1425              	.LFB182:
 1426              		.cfi_startproc
1274:./src/stm32f7xx_hal_eth.c **** {
 1427              		.loc 1 1274 13 view .LVU582
 1428              		@ args = 0, pretend = 0, frame = 0
 1429              		@ frame_needed = 0, uses_anonymous_args = 0
 1430              		@ link register save eliminated.
 1431 0458 7047     		bx	lr
 1432              		.cfi_endproc
 1433              	.LFE182:
 1435              		.align	1
 1436 045a 00BF     		.p2align 2,,3
 1437              		.global	HAL_ETH_IRQHandler
 1438              		.syntax unified
 1439              		.thumb
 1440              		.thumb_func
 1442              	HAL_ETH_IRQHandler:
 1443              	.LVL92:
 1444              	.LFB153:
1169:./src/stm32f7xx_hal_eth.c ****   /* Frame received */
 1445              		.loc 1 1169 1 view -0
 1446              		.cfi_startproc
 1447              		@ args = 0, pretend = 0, frame = 0
 1448              		@ frame_needed = 0, uses_anonymous_args = 0
1171:./src/stm32f7xx_hal_eth.c ****   {
 1449              		.loc 1 1171 3 view .LVU584
1169:./src/stm32f7xx_hal_eth.c ****   /* Frame received */
 1450              		.loc 1 1169 1 is_stmt 0 view .LVU585
 1451 045c 38B5     		push	{r3, r4, r5, lr}
 1452              	.LCFI20:
 1453              		.cfi_def_cfa_offset 16
 1454              		.cfi_offset 3, -16
 1455              		.cfi_offset 4, -12
 1456              		.cfi_offset 5, -8
 1457              		.cfi_offset 14, -4
1171:./src/stm32f7xx_hal_eth.c ****   {
 1458              		.loc 1 1171 7 view .LVU586
 1459 045e 0368     		ldr	r3, [r0]
1169:./src/stm32f7xx_hal_eth.c ****   /* Frame received */
 1460              		.loc 1 1169 1 view .LVU587
 1461 0460 0446     		mov	r4, r0
1171:./src/stm32f7xx_hal_eth.c ****   {
 1462              		.loc 1 1171 7 view .LVU588
 1463 0462 03F58053 		add	r3, r3, #4096
 1464 0466 5D69     		ldr	r5, [r3, #20]
1171:./src/stm32f7xx_hal_eth.c ****   {
 1465              		.loc 1 1171 6 view .LVU589
 1466 0468 15F04005 		ands	r5, r5, #64
 1467 046c 25D1     		bne	.L110
1192:./src/stm32f7xx_hal_eth.c ****   {
 1468              		.loc 1 1192 8 is_stmt 1 view .LVU590
1192:./src/stm32f7xx_hal_eth.c ****   {
 1469              		.loc 1 1192 12 is_stmt 0 view .LVU591
 1470 046e 5A69     		ldr	r2, [r3, #20]
1192:./src/stm32f7xx_hal_eth.c ****   {
 1471              		.loc 1 1192 11 view .LVU592
 1472 0470 D207     		lsls	r2, r2, #31
 1473 0472 16D4     		bmi	.L111
 1474              	.LVL93:
 1475              	.L101:
1209:./src/stm32f7xx_hal_eth.c ****   }
 1476              		.loc 1 1209 5 is_stmt 1 discriminator 1 view .LVU593
1213:./src/stm32f7xx_hal_eth.c ****   
 1477              		.loc 1 1213 3 view .LVU594
 1478 0474 4FF48032 		mov	r2, #65536
 1479 0478 5A61     		str	r2, [r3, #20]
1216:./src/stm32f7xx_hal_eth.c ****   {
 1480              		.loc 1 1216 3 view .LVU595
1216:./src/stm32f7xx_hal_eth.c ****   {
 1481              		.loc 1 1216 6 is_stmt 0 view .LVU596
 1482 047a 5B69     		ldr	r3, [r3, #20]
1216:./src/stm32f7xx_hal_eth.c ****   {
 1483              		.loc 1 1216 5 view .LVU597
 1484 047c 1B04     		lsls	r3, r3, #16
 1485 047e 00D4     		bmi	.L112
1234:./src/stm32f7xx_hal_eth.c **** 
 1486              		.loc 1 1234 1 view .LVU598
 1487 0480 38BD     		pop	{r3, r4, r5, pc}
 1488              	.LVL94:
 1489              	.L112:
1222:./src/stm32f7xx_hal_eth.c **** #endif /* USE_HAL_ETH_REGISTER_CALLBACKS */
 1490              		.loc 1 1222 5 is_stmt 1 view .LVU599
 1491 0482 2046     		mov	r0, r4
 1492 0484 FFF7FEFF 		bl	HAL_ETH_ErrorCallback
 1493              	.LVL95:
1226:./src/stm32f7xx_hal_eth.c ****   
 1494              		.loc 1 1226 5 view .LVU600
 1495 0488 2368     		ldr	r3, [r4]
 1496 048a 4FF40040 		mov	r0, #32768
1229:./src/stm32f7xx_hal_eth.c ****     
 1497              		.loc 1 1229 17 is_stmt 0 view .LVU601
 1498 048e 0121     		movs	r1, #1
1226:./src/stm32f7xx_hal_eth.c ****   
 1499              		.loc 1 1226 5 view .LVU602
 1500 0490 03F58053 		add	r3, r3, #4096
1232:./src/stm32f7xx_hal_eth.c ****   }
 1501              		.loc 1 1232 5 view .LVU603
 1502 0494 0022     		movs	r2, #0
1226:./src/stm32f7xx_hal_eth.c ****   
 1503              		.loc 1 1226 5 view .LVU604
 1504 0496 5861     		str	r0, [r3, #20]
1229:./src/stm32f7xx_hal_eth.c ****     
 1505              		.loc 1 1229 5 is_stmt 1 view .LVU605
1229:./src/stm32f7xx_hal_eth.c ****     
 1506              		.loc 1 1229 17 is_stmt 0 view .LVU606
 1507 0498 84F84410 		strb	r1, [r4, #68]
1232:./src/stm32f7xx_hal_eth.c ****   }
 1508              		.loc 1 1232 5 is_stmt 1 view .LVU607
1232:./src/stm32f7xx_hal_eth.c ****   }
 1509              		.loc 1 1232 5 view .LVU608
 1510 049c 84F84520 		strb	r2, [r4, #69]
1232:./src/stm32f7xx_hal_eth.c ****   }
 1511              		.loc 1 1232 5 discriminator 1 view .LVU609
1234:./src/stm32f7xx_hal_eth.c **** 
 1512              		.loc 1 1234 1 is_stmt 0 view .LVU610
 1513 04a0 38BD     		pop	{r3, r4, r5, pc}
 1514              	.LVL96:
 1515              	.L111:
1199:./src/stm32f7xx_hal_eth.c **** #endif /* USE_HAL_ETH_REGISTER_CALLBACKS */
 1516              		.loc 1 1199 5 is_stmt 1 view .LVU611
 1517 04a2 FFF7FEFF 		bl	HAL_ETH_TxCpltCallback
 1518              	.LVL97:
1203:./src/stm32f7xx_hal_eth.c **** 
 1519              		.loc 1 1203 5 view .LVU612
 1520 04a6 2368     		ldr	r3, [r4]
 1521 04a8 0122     		movs	r2, #1
 1522 04aa 03F58053 		add	r3, r3, #4096
 1523 04ae 5A61     		str	r2, [r3, #20]
1206:./src/stm32f7xx_hal_eth.c ****     
 1524              		.loc 1 1206 5 view .LVU613
1206:./src/stm32f7xx_hal_eth.c ****     
 1525              		.loc 1 1206 17 is_stmt 0 view .LVU614
 1526 04b0 84F84420 		strb	r2, [r4, #68]
1209:./src/stm32f7xx_hal_eth.c ****   }
 1527              		.loc 1 1209 5 is_stmt 1 view .LVU615
1209:./src/stm32f7xx_hal_eth.c ****   }
 1528              		.loc 1 1209 5 view .LVU616
 1529 04b4 84F84550 		strb	r5, [r4, #69]
 1530 04b8 DCE7     		b	.L101
 1531              	.LVL98:
 1532              	.L110:
1178:./src/stm32f7xx_hal_eth.c **** #endif /* USE_HAL_ETH_REGISTER_CALLBACKS */
 1533              		.loc 1 1178 5 view .LVU617
 1534 04ba FFF7FEFF 		bl	HAL_ETH_RxCpltCallback
 1535              	.LVL99:
1182:./src/stm32f7xx_hal_eth.c **** 
 1536              		.loc 1 1182 5 view .LVU618
 1537 04be 2368     		ldr	r3, [r4]
 1538 04c0 4020     		movs	r0, #64
1185:./src/stm32f7xx_hal_eth.c ****     
 1539              		.loc 1 1185 17 is_stmt 0 view .LVU619
 1540 04c2 0121     		movs	r1, #1
1182:./src/stm32f7xx_hal_eth.c **** 
 1541              		.loc 1 1182 5 view .LVU620
 1542 04c4 03F58053 		add	r3, r3, #4096
1188:./src/stm32f7xx_hal_eth.c **** 
 1543              		.loc 1 1188 5 view .LVU621
 1544 04c8 0022     		movs	r2, #0
1182:./src/stm32f7xx_hal_eth.c **** 
 1545              		.loc 1 1182 5 view .LVU622
 1546 04ca 5861     		str	r0, [r3, #20]
1185:./src/stm32f7xx_hal_eth.c ****     
 1547              		.loc 1 1185 5 is_stmt 1 view .LVU623
1185:./src/stm32f7xx_hal_eth.c ****     
 1548              		.loc 1 1185 17 is_stmt 0 view .LVU624
 1549 04cc 84F84410 		strb	r1, [r4, #68]
1188:./src/stm32f7xx_hal_eth.c **** 
 1550              		.loc 1 1188 5 is_stmt 1 view .LVU625
1188:./src/stm32f7xx_hal_eth.c **** 
 1551              		.loc 1 1188 5 view .LVU626
 1552 04d0 84F84520 		strb	r2, [r4, #69]
1188:./src/stm32f7xx_hal_eth.c **** 
 1553              		.loc 1 1188 5 view .LVU627
 1554 04d4 CEE7     		b	.L101
 1555              		.cfi_endproc
 1556              	.LFE153:
 1558              		.align	1
 1559 04d6 00BF     		.p2align 2,,3
 1560              		.global	HAL_ETH_ReadPHYRegister
 1561              		.syntax unified
 1562              		.thumb
 1563              		.thumb_func
 1565              	HAL_ETH_ReadPHYRegister:
 1566              	.LVL100:
 1567              	.LFB157:
1297:./src/stm32f7xx_hal_eth.c ****   uint32_t tmpreg = 0;     
 1568              		.loc 1 1297 1 view -0
 1569              		.cfi_startproc
 1570              		@ args = 0, pretend = 0, frame = 0
 1571              		@ frame_needed = 0, uses_anonymous_args = 0
1298:./src/stm32f7xx_hal_eth.c ****   uint32_t tickstart = 0;
 1572              		.loc 1 1298 3 view .LVU629
1299:./src/stm32f7xx_hal_eth.c ****   
 1573              		.loc 1 1299 3 view .LVU630
1302:./src/stm32f7xx_hal_eth.c ****   
 1574              		.loc 1 1302 3 view .LVU631
1305:./src/stm32f7xx_hal_eth.c ****   {
 1575              		.loc 1 1305 3 view .LVU632
1305:./src/stm32f7xx_hal_eth.c ****   {
 1576              		.loc 1 1305 10 is_stmt 0 view .LVU633
 1577 04d8 90F84430 		ldrb	r3, [r0, #68]	@ zero_extendqisi2
1305:./src/stm32f7xx_hal_eth.c ****   {
 1578              		.loc 1 1305 5 view .LVU634
 1579 04dc 822B     		cmp	r3, #130
 1580 04de 33D0     		beq	.L117
1310:./src/stm32f7xx_hal_eth.c ****   
 1581              		.loc 1 1310 15 view .LVU635
 1582 04e0 8223     		movs	r3, #130
1320:./src/stm32f7xx_hal_eth.c ****   tmpreg &= ~ETH_MACMIIAR_MW;                                           /* Set the read mode       
 1583              		.loc 1 1320 30 view .LVU636
 1584 04e2 8901     		lsls	r1, r1, #6
 1585              	.LVL101:
1297:./src/stm32f7xx_hal_eth.c ****   uint32_t tmpreg = 0;     
 1586              		.loc 1 1297 1 view .LVU637
 1587 04e4 70B5     		push	{r4, r5, r6, lr}
 1588              	.LCFI21:
 1589              		.cfi_def_cfa_offset 16
 1590              		.cfi_offset 4, -16
 1591              		.cfi_offset 5, -12
 1592              		.cfi_offset 6, -8
 1593              		.cfi_offset 14, -4
 1594 04e6 0446     		mov	r4, r0
1313:./src/stm32f7xx_hal_eth.c ****   
 1595              		.loc 1 1313 16 view .LVU638
 1596 04e8 0068     		ldr	r0, [r0]
 1597              	.LVL102:
1320:./src/stm32f7xx_hal_eth.c ****   tmpreg &= ~ETH_MACMIIAR_MW;                                           /* Set the read mode       
 1598              		.loc 1 1320 35 view .LVU639
 1599 04ea 01F4F861 		and	r1, r1, #1984
 1600 04ee 1546     		mov	r5, r2
1310:./src/stm32f7xx_hal_eth.c ****   
 1601              		.loc 1 1310 3 is_stmt 1 view .LVU640
1310:./src/stm32f7xx_hal_eth.c ****   
 1602              		.loc 1 1310 15 is_stmt 0 view .LVU641
 1603 04f0 84F84430 		strb	r3, [r4, #68]
1313:./src/stm32f7xx_hal_eth.c ****   
 1604              		.loc 1 1313 3 is_stmt 1 view .LVU642
1319:./src/stm32f7xx_hal_eth.c ****   tmpreg |=(((uint32_t)PHYReg<<6) & ETH_MACMIIAR_MR);                   /* Set the PHY register add
 1605              		.loc 1 1319 14 is_stmt 0 view .LVU643
 1606 04f4 238A     		ldrh	r3, [r4, #16]
1313:./src/stm32f7xx_hal_eth.c ****   
 1607              		.loc 1 1313 10 view .LVU644
 1608 04f6 0269     		ldr	r2, [r0, #16]
 1609              	.LVL103:
1316:./src/stm32f7xx_hal_eth.c ****   
 1610              		.loc 1 1316 3 is_stmt 1 view .LVU645
1319:./src/stm32f7xx_hal_eth.c ****   tmpreg |=(((uint32_t)PHYReg<<6) & ETH_MACMIIAR_MR);                   /* Set the PHY register add
 1611              		.loc 1 1319 46 is_stmt 0 view .LVU646
 1612 04f8 DB02     		lsls	r3, r3, #11
1316:./src/stm32f7xx_hal_eth.c ****   
 1613              		.loc 1 1316 10 view .LVU647
 1614 04fa 02F01C02 		and	r2, r2, #28
 1615              	.LVL104:
1319:./src/stm32f7xx_hal_eth.c ****   tmpreg |=(((uint32_t)PHYReg<<6) & ETH_MACMIIAR_MR);                   /* Set the PHY register add
 1616              		.loc 1 1319 3 is_stmt 1 view .LVU648
1320:./src/stm32f7xx_hal_eth.c ****   tmpreg &= ~ETH_MACMIIAR_MW;                                           /* Set the read mode       
 1617              		.loc 1 1320 3 view .LVU649
1319:./src/stm32f7xx_hal_eth.c ****   tmpreg |=(((uint32_t)PHYReg<<6) & ETH_MACMIIAR_MR);                   /* Set the PHY register add
 1618              		.loc 1 1319 53 is_stmt 0 view .LVU650
 1619 04fe 9BB2     		uxth	r3, r3
1320:./src/stm32f7xx_hal_eth.c ****   tmpreg &= ~ETH_MACMIIAR_MW;                                           /* Set the read mode       
 1620              		.loc 1 1320 10 view .LVU651
 1621 0500 0B43     		orrs	r3, r3, r1
 1622 0502 1343     		orrs	r3, r3, r2
 1623              	.LVL105:
1321:./src/stm32f7xx_hal_eth.c ****   tmpreg |= ETH_MACMIIAR_MB;                                            /* Set the MII Busy bit    
 1624              		.loc 1 1321 3 is_stmt 1 view .LVU652
1322:./src/stm32f7xx_hal_eth.c ****   
 1625              		.loc 1 1322 3 view .LVU653
1322:./src/stm32f7xx_hal_eth.c ****   
 1626              		.loc 1 1322 10 is_stmt 0 view .LVU654
 1627 0504 43F00103 		orr	r3, r3, #1
 1628              	.LVL106:
1325:./src/stm32f7xx_hal_eth.c ****   
 1629              		.loc 1 1325 3 is_stmt 1 view .LVU655
1325:./src/stm32f7xx_hal_eth.c ****   
 1630              		.loc 1 1325 28 is_stmt 0 view .LVU656
 1631 0508 0361     		str	r3, [r0, #16]
1328:./src/stm32f7xx_hal_eth.c ****   
 1632              		.loc 1 1328 3 is_stmt 1 view .LVU657
1328:./src/stm32f7xx_hal_eth.c ****   
 1633              		.loc 1 1328 15 is_stmt 0 view .LVU658
 1634 050a FFF7FEFF 		bl	HAL_GetTick
 1635              	.LVL107:
1328:./src/stm32f7xx_hal_eth.c ****   
 1636              		.loc 1 1328 15 view .LVU659
 1637 050e 0646     		mov	r6, r0
 1638              	.LVL108:
1331:./src/stm32f7xx_hal_eth.c ****   {
 1639              		.loc 1 1331 3 is_stmt 1 view .LVU660
1331:./src/stm32f7xx_hal_eth.c ****   {
 1640              		.loc 1 1331 36 view .LVU661
 1641 0510 04E0     		b	.L116
 1642              	.LVL109:
 1643              	.L115:
1344:./src/stm32f7xx_hal_eth.c ****   }
 1644              		.loc 1 1344 18 is_stmt 0 view .LVU662
 1645 0512 2168     		ldr	r1, [r4]
1344:./src/stm32f7xx_hal_eth.c ****   }
 1646              		.loc 1 1344 12 view .LVU663
 1647 0514 0B69     		ldr	r3, [r1, #16]
 1648              	.LVL110:
1331:./src/stm32f7xx_hal_eth.c ****   {
 1649              		.loc 1 1331 36 is_stmt 1 view .LVU664
 1650 0516 13F00103 		ands	r3, r3, #1
 1651              	.LVL111:
1331:./src/stm32f7xx_hal_eth.c ****   {
 1652              		.loc 1 1331 36 is_stmt 0 view .LVU665
 1653 051a 0DD0     		beq	.L123
 1654              	.LVL112:
 1655              	.L116:
1334:./src/stm32f7xx_hal_eth.c ****     {
 1656              		.loc 1 1334 5 is_stmt 1 view .LVU666
1334:./src/stm32f7xx_hal_eth.c ****     {
 1657              		.loc 1 1334 9 is_stmt 0 view .LVU667
 1658 051c FFF7FEFF 		bl	HAL_GetTick
 1659              	.LVL113:
1344:./src/stm32f7xx_hal_eth.c ****   }
 1660              		.loc 1 1344 5 is_stmt 1 view .LVU668
1334:./src/stm32f7xx_hal_eth.c ****     {
 1661              		.loc 1 1334 23 is_stmt 0 discriminator 1 view .LVU669
 1662 0520 831B     		subs	r3, r0, r6
1334:./src/stm32f7xx_hal_eth.c ****     {
 1663              		.loc 1 1334 7 discriminator 1 view .LVU670
 1664 0522 B3F5803F 		cmp	r3, #65536
 1665 0526 F4D3     		bcc	.L115
1336:./src/stm32f7xx_hal_eth.c ****   
 1666              		.loc 1 1336 7 is_stmt 1 view .LVU671
1336:./src/stm32f7xx_hal_eth.c ****   
 1667              		.loc 1 1336 18 is_stmt 0 view .LVU672
 1668 0528 0122     		movs	r2, #1
1339:./src/stm32f7xx_hal_eth.c ****     
 1669              		.loc 1 1339 7 view .LVU673
 1670 052a 0023     		movs	r3, #0
1341:./src/stm32f7xx_hal_eth.c ****     }
 1671              		.loc 1 1341 14 view .LVU674
 1672 052c 0320     		movs	r0, #3
1336:./src/stm32f7xx_hal_eth.c ****   
 1673              		.loc 1 1336 18 view .LVU675
 1674 052e 84F84420 		strb	r2, [r4, #68]
1339:./src/stm32f7xx_hal_eth.c ****     
 1675              		.loc 1 1339 7 is_stmt 1 view .LVU676
1339:./src/stm32f7xx_hal_eth.c ****     
 1676              		.loc 1 1339 7 view .LVU677
 1677 0532 84F84530 		strb	r3, [r4, #69]
1339:./src/stm32f7xx_hal_eth.c ****     
 1678              		.loc 1 1339 7 view .LVU678
1341:./src/stm32f7xx_hal_eth.c ****     }
 1679              		.loc 1 1341 7 view .LVU679
1355:./src/stm32f7xx_hal_eth.c **** 
 1680              		.loc 1 1355 1 is_stmt 0 view .LVU680
 1681 0536 70BD     		pop	{r4, r5, r6, pc}
 1682              	.LVL114:
 1683              	.L123:
1348:./src/stm32f7xx_hal_eth.c ****   
 1684              		.loc 1 1348 3 is_stmt 1 view .LVU681
1348:./src/stm32f7xx_hal_eth.c ****   
 1685              		.loc 1 1348 40 is_stmt 0 view .LVU682
 1686 0538 4A69     		ldr	r2, [r1, #20]
1351:./src/stm32f7xx_hal_eth.c ****   
 1687              		.loc 1 1351 15 view .LVU683
 1688 053a 0121     		movs	r1, #1
1354:./src/stm32f7xx_hal_eth.c **** }
 1689              		.loc 1 1354 10 view .LVU684
 1690 053c 1846     		mov	r0, r3
1348:./src/stm32f7xx_hal_eth.c ****   
 1691              		.loc 1 1348 13 view .LVU685
 1692 053e 92B2     		uxth	r2, r2
 1693 0540 2A60     		str	r2, [r5]
1351:./src/stm32f7xx_hal_eth.c ****   
 1694              		.loc 1 1351 3 is_stmt 1 view .LVU686
1351:./src/stm32f7xx_hal_eth.c ****   
 1695              		.loc 1 1351 15 is_stmt 0 view .LVU687
 1696 0542 84F84410 		strb	r1, [r4, #68]
1354:./src/stm32f7xx_hal_eth.c **** }
 1697              		.loc 1 1354 3 is_stmt 1 view .LVU688
1355:./src/stm32f7xx_hal_eth.c **** 
 1698              		.loc 1 1355 1 is_stmt 0 view .LVU689
 1699 0546 70BD     		pop	{r4, r5, r6, pc}
 1700              	.LVL115:
 1701              	.L117:
 1702              	.LCFI22:
 1703              		.cfi_def_cfa_offset 0
 1704              		.cfi_restore 4
 1705              		.cfi_restore 5
 1706              		.cfi_restore 6
 1707              		.cfi_restore 14
1307:./src/stm32f7xx_hal_eth.c ****   }
 1708              		.loc 1 1307 12 view .LVU690
 1709 0548 0220     		movs	r0, #2
 1710              	.LVL116:
1355:./src/stm32f7xx_hal_eth.c **** 
 1711              		.loc 1 1355 1 view .LVU691
 1712 054a 7047     		bx	lr
 1713              		.cfi_endproc
 1714              	.LFE157:
 1716              		.align	1
 1717              		.p2align 2,,3
 1718              		.global	HAL_ETH_WritePHYRegister
 1719              		.syntax unified
 1720              		.thumb
 1721              		.thumb_func
 1723              	HAL_ETH_WritePHYRegister:
 1724              	.LVL117:
 1725              	.LFB158:
1369:./src/stm32f7xx_hal_eth.c ****   uint32_t tmpreg = 0;
 1726              		.loc 1 1369 1 is_stmt 1 view -0
 1727              		.cfi_startproc
 1728              		@ args = 0, pretend = 0, frame = 0
 1729              		@ frame_needed = 0, uses_anonymous_args = 0
1370:./src/stm32f7xx_hal_eth.c ****   uint32_t tickstart = 0;
 1730              		.loc 1 1370 3 view .LVU693
1371:./src/stm32f7xx_hal_eth.c ****   
 1731              		.loc 1 1371 3 view .LVU694
1374:./src/stm32f7xx_hal_eth.c ****   
 1732              		.loc 1 1374 3 view .LVU695
1377:./src/stm32f7xx_hal_eth.c ****   {
 1733              		.loc 1 1377 3 view .LVU696
1369:./src/stm32f7xx_hal_eth.c ****   uint32_t tmpreg = 0;
 1734              		.loc 1 1369 1 is_stmt 0 view .LVU697
 1735 054c 38B5     		push	{r3, r4, r5, lr}
 1736              	.LCFI23:
 1737              		.cfi_def_cfa_offset 16
 1738              		.cfi_offset 3, -16
 1739              		.cfi_offset 4, -12
 1740              		.cfi_offset 5, -8
 1741              		.cfi_offset 14, -4
1377:./src/stm32f7xx_hal_eth.c ****   {
 1742              		.loc 1 1377 10 view .LVU698
 1743 054e 90F84430 		ldrb	r3, [r0, #68]	@ zero_extendqisi2
1377:./src/stm32f7xx_hal_eth.c ****   {
 1744              		.loc 1 1377 5 view .LVU699
 1745 0552 422B     		cmp	r3, #66
 1746 0554 30D0     		beq	.L128
 1747 0556 0446     		mov	r4, r0
1382:./src/stm32f7xx_hal_eth.c ****   
 1748              		.loc 1 1382 3 is_stmt 1 view .LVU700
1382:./src/stm32f7xx_hal_eth.c ****   
 1749              		.loc 1 1382 15 is_stmt 0 view .LVU701
 1750 0558 4223     		movs	r3, #66
1385:./src/stm32f7xx_hal_eth.c ****   
 1751              		.loc 1 1385 16 view .LVU702
 1752 055a 0068     		ldr	r0, [r0]
 1753              	.LVL118:
1392:./src/stm32f7xx_hal_eth.c ****   tmpreg |= ETH_MACMIIAR_MW;                                          /* Set the write mode */
 1754              		.loc 1 1392 30 view .LVU703
 1755 055c 8901     		lsls	r1, r1, #6
 1756              	.LVL119:
1382:./src/stm32f7xx_hal_eth.c ****   
 1757              		.loc 1 1382 15 view .LVU704
 1758 055e 84F84430 		strb	r3, [r4, #68]
1385:./src/stm32f7xx_hal_eth.c ****   
 1759              		.loc 1 1385 3 is_stmt 1 view .LVU705
 1760 0562 92B2     		uxth	r2, r2
 1761              	.LVL120:
1391:./src/stm32f7xx_hal_eth.c ****   tmpreg |=(((uint32_t)PHYReg<<6) & ETH_MACMIIAR_MR);                 /* Set the PHY register addre
 1762              		.loc 1 1391 14 is_stmt 0 view .LVU706
 1763 0564 238A     		ldrh	r3, [r4, #16]
1392:./src/stm32f7xx_hal_eth.c ****   tmpreg |= ETH_MACMIIAR_MW;                                          /* Set the write mode */
 1764              		.loc 1 1392 35 view .LVU707
 1765 0566 01F4F861 		and	r1, r1, #1984
1385:./src/stm32f7xx_hal_eth.c ****   
 1766              		.loc 1 1385 10 view .LVU708
 1767 056a 0569     		ldr	r5, [r0, #16]
 1768              	.LVL121:
1388:./src/stm32f7xx_hal_eth.c ****   
 1769              		.loc 1 1388 3 is_stmt 1 view .LVU709
1391:./src/stm32f7xx_hal_eth.c ****   tmpreg |=(((uint32_t)PHYReg<<6) & ETH_MACMIIAR_MR);                 /* Set the PHY register addre
 1770              		.loc 1 1391 45 is_stmt 0 view .LVU710
 1771 056c DB02     		lsls	r3, r3, #11
1397:./src/stm32f7xx_hal_eth.c ****   
 1772              		.loc 1 1397 28 view .LVU711
 1773 056e 4261     		str	r2, [r0, #20]
1388:./src/stm32f7xx_hal_eth.c ****   
 1774              		.loc 1 1388 10 view .LVU712
 1775 0570 05F01C05 		and	r5, r5, #28
 1776              	.LVL122:
1391:./src/stm32f7xx_hal_eth.c ****   tmpreg |=(((uint32_t)PHYReg<<6) & ETH_MACMIIAR_MR);                 /* Set the PHY register addre
 1777              		.loc 1 1391 3 is_stmt 1 view .LVU713
1392:./src/stm32f7xx_hal_eth.c ****   tmpreg |= ETH_MACMIIAR_MW;                                          /* Set the write mode */
 1778              		.loc 1 1392 3 view .LVU714
1391:./src/stm32f7xx_hal_eth.c ****   tmpreg |=(((uint32_t)PHYReg<<6) & ETH_MACMIIAR_MR);                 /* Set the PHY register addre
 1779              		.loc 1 1391 51 is_stmt 0 view .LVU715
 1780 0574 9BB2     		uxth	r3, r3
1392:./src/stm32f7xx_hal_eth.c ****   tmpreg |= ETH_MACMIIAR_MW;                                          /* Set the write mode */
 1781              		.loc 1 1392 10 view .LVU716
 1782 0576 0B43     		orrs	r3, r3, r1
 1783 0578 2B43     		orrs	r3, r3, r5
 1784              	.LVL123:
1393:./src/stm32f7xx_hal_eth.c ****   tmpreg |= ETH_MACMIIAR_MB;                                          /* Set the MII Busy bit */
 1785              		.loc 1 1393 3 is_stmt 1 view .LVU717
1394:./src/stm32f7xx_hal_eth.c ****   
 1786              		.loc 1 1394 3 view .LVU718
1394:./src/stm32f7xx_hal_eth.c ****   
 1787              		.loc 1 1394 10 is_stmt 0 view .LVU719
 1788 057a 43F00303 		orr	r3, r3, #3
 1789              	.LVL124:
1397:./src/stm32f7xx_hal_eth.c ****   
 1790              		.loc 1 1397 3 is_stmt 1 view .LVU720
1400:./src/stm32f7xx_hal_eth.c ****   
 1791              		.loc 1 1400 3 view .LVU721
1400:./src/stm32f7xx_hal_eth.c ****   
 1792              		.loc 1 1400 28 is_stmt 0 view .LVU722
 1793 057e 0361     		str	r3, [r0, #16]
1403:./src/stm32f7xx_hal_eth.c ****   
 1794              		.loc 1 1403 3 is_stmt 1 view .LVU723
1403:./src/stm32f7xx_hal_eth.c ****   
 1795              		.loc 1 1403 15 is_stmt 0 view .LVU724
 1796 0580 FFF7FEFF 		bl	HAL_GetTick
 1797              	.LVL125:
1403:./src/stm32f7xx_hal_eth.c ****   
 1798              		.loc 1 1403 15 view .LVU725
 1799 0584 0546     		mov	r5, r0
 1800              	.LVL126:
1406:./src/stm32f7xx_hal_eth.c ****   {
 1801              		.loc 1 1406 3 is_stmt 1 view .LVU726
1406:./src/stm32f7xx_hal_eth.c ****   {
 1802              		.loc 1 1406 36 view .LVU727
 1803 0586 04E0     		b	.L127
 1804              	.LVL127:
 1805              	.L126:
1419:./src/stm32f7xx_hal_eth.c ****   }
 1806              		.loc 1 1419 18 is_stmt 0 view .LVU728
 1807 0588 2368     		ldr	r3, [r4]
1419:./src/stm32f7xx_hal_eth.c ****   }
 1808              		.loc 1 1419 12 view .LVU729
 1809 058a 1B69     		ldr	r3, [r3, #16]
 1810              	.LVL128:
1406:./src/stm32f7xx_hal_eth.c ****   {
 1811              		.loc 1 1406 36 is_stmt 1 view .LVU730
 1812 058c 13F00103 		ands	r3, r3, #1
 1813              	.LVL129:
1406:./src/stm32f7xx_hal_eth.c ****   {
 1814              		.loc 1 1406 36 is_stmt 0 view .LVU731
 1815 0590 0DD0     		beq	.L131
 1816              	.LVL130:
 1817              	.L127:
1409:./src/stm32f7xx_hal_eth.c ****     {
 1818              		.loc 1 1409 5 is_stmt 1 view .LVU732
1409:./src/stm32f7xx_hal_eth.c ****     {
 1819              		.loc 1 1409 9 is_stmt 0 view .LVU733
 1820 0592 FFF7FEFF 		bl	HAL_GetTick
 1821              	.LVL131:
1419:./src/stm32f7xx_hal_eth.c ****   }
 1822              		.loc 1 1419 5 is_stmt 1 view .LVU734
1409:./src/stm32f7xx_hal_eth.c ****     {
 1823              		.loc 1 1409 23 is_stmt 0 discriminator 1 view .LVU735
 1824 0596 431B     		subs	r3, r0, r5
1409:./src/stm32f7xx_hal_eth.c ****     {
 1825              		.loc 1 1409 7 discriminator 1 view .LVU736
 1826 0598 B3F5803F 		cmp	r3, #65536
 1827 059c F4D3     		bcc	.L126
1411:./src/stm32f7xx_hal_eth.c ****   
 1828              		.loc 1 1411 7 is_stmt 1 view .LVU737
1411:./src/stm32f7xx_hal_eth.c ****   
 1829              		.loc 1 1411 18 is_stmt 0 view .LVU738
 1830 059e 0122     		movs	r2, #1
1414:./src/stm32f7xx_hal_eth.c ****     
 1831              		.loc 1 1414 7 view .LVU739
 1832 05a0 0023     		movs	r3, #0
1416:./src/stm32f7xx_hal_eth.c ****     }
 1833              		.loc 1 1416 14 view .LVU740
 1834 05a2 0320     		movs	r0, #3
1411:./src/stm32f7xx_hal_eth.c ****   
 1835              		.loc 1 1411 18 view .LVU741
 1836 05a4 84F84420 		strb	r2, [r4, #68]
1414:./src/stm32f7xx_hal_eth.c ****     
 1837              		.loc 1 1414 7 is_stmt 1 view .LVU742
1414:./src/stm32f7xx_hal_eth.c ****     
 1838              		.loc 1 1414 7 view .LVU743
 1839 05a8 84F84530 		strb	r3, [r4, #69]
1414:./src/stm32f7xx_hal_eth.c ****     
 1840              		.loc 1 1414 7 view .LVU744
1416:./src/stm32f7xx_hal_eth.c ****     }
 1841              		.loc 1 1416 7 view .LVU745
1427:./src/stm32f7xx_hal_eth.c **** 
 1842              		.loc 1 1427 1 is_stmt 0 view .LVU746
 1843 05ac 38BD     		pop	{r3, r4, r5, pc}
 1844              	.LVL132:
 1845              	.L131:
1423:./src/stm32f7xx_hal_eth.c ****   
 1846              		.loc 1 1423 3 is_stmt 1 view .LVU747
1423:./src/stm32f7xx_hal_eth.c ****   
 1847              		.loc 1 1423 15 is_stmt 0 view .LVU748
 1848 05ae 0122     		movs	r2, #1
1426:./src/stm32f7xx_hal_eth.c **** }
 1849              		.loc 1 1426 10 view .LVU749
 1850 05b0 1846     		mov	r0, r3
1423:./src/stm32f7xx_hal_eth.c ****   
 1851              		.loc 1 1423 15 view .LVU750
 1852 05b2 84F84420 		strb	r2, [r4, #68]
1426:./src/stm32f7xx_hal_eth.c **** }
 1853              		.loc 1 1426 3 is_stmt 1 view .LVU751
1427:./src/stm32f7xx_hal_eth.c **** 
 1854              		.loc 1 1427 1 is_stmt 0 view .LVU752
 1855 05b6 38BD     		pop	{r3, r4, r5, pc}
 1856              	.LVL133:
 1857              	.L128:
1379:./src/stm32f7xx_hal_eth.c ****   }
 1858              		.loc 1 1379 12 view .LVU753
 1859 05b8 0220     		movs	r0, #2
 1860              	.LVL134:
1427:./src/stm32f7xx_hal_eth.c **** 
 1861              		.loc 1 1427 1 view .LVU754
 1862 05ba 38BD     		pop	{r3, r4, r5, pc}
 1863              		.cfi_endproc
 1864              	.LFE158:
 1866              		.align	1
 1867              		.p2align 2,,3
 1868              		.global	HAL_ETH_Init
 1869              		.syntax unified
 1870              		.thumb
 1871              		.thumb_func
 1873              	HAL_ETH_Init:
 1874              	.LVL135:
 1875              	.LFB144:
 209:./src/stm32f7xx_hal_eth.c ****   uint32_t tempreg = 0, phyreg = 0;
 1876              		.loc 1 209 1 is_stmt 1 view -0
 1877              		.cfi_startproc
 1878              		@ args = 0, pretend = 0, frame = 8
 1879              		@ frame_needed = 0, uses_anonymous_args = 0
 210:./src/stm32f7xx_hal_eth.c ****   uint32_t hclk = 60000000;
 1880              		.loc 1 210 3 view .LVU756
 209:./src/stm32f7xx_hal_eth.c ****   uint32_t tempreg = 0, phyreg = 0;
 1881              		.loc 1 209 1 is_stmt 0 view .LVU757
 1882 05bc F0B5     		push	{r4, r5, r6, r7, lr}
 1883              	.LCFI24:
 1884              		.cfi_def_cfa_offset 20
 1885              		.cfi_offset 4, -20
 1886              		.cfi_offset 5, -16
 1887              		.cfi_offset 6, -12
 1888              		.cfi_offset 7, -8
 1889              		.cfi_offset 14, -4
 210:./src/stm32f7xx_hal_eth.c ****   uint32_t hclk = 60000000;
 1890              		.loc 1 210 25 view .LVU758
 1891 05be 0023     		movs	r3, #0
 209:./src/stm32f7xx_hal_eth.c ****   uint32_t tempreg = 0, phyreg = 0;
 1892              		.loc 1 209 1 view .LVU759
 1893 05c0 83B0     		sub	sp, sp, #12
 1894              	.LCFI25:
 1895              		.cfi_def_cfa_offset 32
 210:./src/stm32f7xx_hal_eth.c ****   uint32_t hclk = 60000000;
 1896              		.loc 1 210 25 view .LVU760
 1897 05c2 0093     		str	r3, [sp]
 211:./src/stm32f7xx_hal_eth.c ****   uint32_t tickstart = 0;
 1898              		.loc 1 211 3 is_stmt 1 view .LVU761
 1899              	.LVL136:
 212:./src/stm32f7xx_hal_eth.c ****   uint32_t err = ETH_SUCCESS;
 1900              		.loc 1 212 3 view .LVU762
 213:./src/stm32f7xx_hal_eth.c ****   
 1901              		.loc 1 213 3 view .LVU763
 216:./src/stm32f7xx_hal_eth.c ****   {
 1902              		.loc 1 216 3 view .LVU764
 216:./src/stm32f7xx_hal_eth.c ****   {
 1903              		.loc 1 216 5 is_stmt 0 view .LVU765
 1904 05c4 0028     		cmp	r0, #0
 1905 05c6 00F08680 		beq	.L133
 222:./src/stm32f7xx_hal_eth.c ****   assert_param(IS_ETH_RX_MODE(heth->Init.RxMode));
 1906              		.loc 1 222 3 is_stmt 1 view .LVU766
 223:./src/stm32f7xx_hal_eth.c ****   assert_param(IS_ETH_CHECKSUM_MODE(heth->Init.ChecksumMode));
 1907              		.loc 1 223 3 view .LVU767
 224:./src/stm32f7xx_hal_eth.c ****   assert_param(IS_ETH_MEDIA_INTERFACE(heth->Init.MediaInterface));  
 1908              		.loc 1 224 3 view .LVU768
 225:./src/stm32f7xx_hal_eth.c ****   
 1909              		.loc 1 225 3 view .LVU769
 227:./src/stm32f7xx_hal_eth.c ****   {
 1910              		.loc 1 227 3 view .LVU770
 227:./src/stm32f7xx_hal_eth.c ****   {
 1911              		.loc 1 227 10 is_stmt 0 view .LVU771
 1912 05ca 90F84430 		ldrb	r3, [r0, #68]	@ zero_extendqisi2
 1913 05ce 0446     		mov	r4, r0
 227:./src/stm32f7xx_hal_eth.c ****   {
 1914              		.loc 1 227 5 view .LVU772
 1915 05d0 03F0FF02 		and	r2, r3, #255
 1916 05d4 002B     		cmp	r3, #0
 1917 05d6 6AD0     		beq	.L165
 1918              	.LVL137:
 1919              	.L134:
 248:./src/stm32f7xx_hal_eth.c ****   
 1920              		.loc 1 248 3 is_stmt 1 view .LVU773
 1921              	.LBB14:
 248:./src/stm32f7xx_hal_eth.c ****   
 1922              		.loc 1 248 3 view .LVU774
 248:./src/stm32f7xx_hal_eth.c ****   
 1923              		.loc 1 248 3 view .LVU775
 1924 05d8 6D4B     		ldr	r3, .L170
 1925              	.LBE14:
 251:./src/stm32f7xx_hal_eth.c ****   SYSCFG->PMC |= (uint32_t)heth->Init.MediaInterface;
 1926              		.loc 1 251 9 is_stmt 0 view .LVU776
 1927 05da 6E4A     		ldr	r2, .L170+4
 1928              	.LBB15:
 248:./src/stm32f7xx_hal_eth.c ****   
 1929              		.loc 1 248 3 view .LVU777
 1930 05dc 596C     		ldr	r1, [r3, #68]
 1931 05de 41F48041 		orr	r1, r1, #16384
 1932 05e2 5964     		str	r1, [r3, #68]
 248:./src/stm32f7xx_hal_eth.c ****   
 1933              		.loc 1 248 3 is_stmt 1 view .LVU778
 1934 05e4 5B6C     		ldr	r3, [r3, #68]
 1935 05e6 03F48043 		and	r3, r3, #16384
 1936 05ea 0193     		str	r3, [sp, #4]
 248:./src/stm32f7xx_hal_eth.c ****   
 1937              		.loc 1 248 3 view .LVU779
 1938 05ec 0199     		ldr	r1, [sp, #4]
 1939              	.LBE15:
 248:./src/stm32f7xx_hal_eth.c ****   
 1940              		.loc 1 248 3 view .LVU780
 251:./src/stm32f7xx_hal_eth.c ****   SYSCFG->PMC |= (uint32_t)heth->Init.MediaInterface;
 1941              		.loc 1 251 3 view .LVU781
 251:./src/stm32f7xx_hal_eth.c ****   SYSCFG->PMC |= (uint32_t)heth->Init.MediaInterface;
 1942              		.loc 1 251 9 is_stmt 0 view .LVU782
 1943 05ee 5168     		ldr	r1, [r2, #4]
 257:./src/stm32f7xx_hal_eth.c ****   
 1944              		.loc 1 257 8 view .LVU783
 1945 05f0 2368     		ldr	r3, [r4]
 251:./src/stm32f7xx_hal_eth.c ****   SYSCFG->PMC |= (uint32_t)heth->Init.MediaInterface;
 1946              		.loc 1 251 15 view .LVU784
 1947 05f2 21F40001 		bic	r1, r1, #8388608
 257:./src/stm32f7xx_hal_eth.c ****   
 1948              		.loc 1 257 19 view .LVU785
 1949 05f6 03F58053 		add	r3, r3, #4096
 251:./src/stm32f7xx_hal_eth.c ****   SYSCFG->PMC |= (uint32_t)heth->Init.MediaInterface;
 1950              		.loc 1 251 15 view .LVU786
 1951 05fa 5160     		str	r1, [r2, #4]
 252:./src/stm32f7xx_hal_eth.c ****   
 1952              		.loc 1 252 3 is_stmt 1 view .LVU787
 252:./src/stm32f7xx_hal_eth.c ****   
 1953              		.loc 1 252 9 is_stmt 0 view .LVU788
 1954 05fc 5168     		ldr	r1, [r2, #4]
 252:./src/stm32f7xx_hal_eth.c ****   
 1955              		.loc 1 252 15 view .LVU789
 1956 05fe 206A     		ldr	r0, [r4, #32]
 1957 0600 0143     		orrs	r1, r1, r0
 1958 0602 5160     		str	r1, [r2, #4]
 257:./src/stm32f7xx_hal_eth.c ****   
 1959              		.loc 1 257 3 is_stmt 1 view .LVU790
 257:./src/stm32f7xx_hal_eth.c ****   
 1960              		.loc 1 257 19 is_stmt 0 view .LVU791
 1961 0604 1A68     		ldr	r2, [r3]
 257:./src/stm32f7xx_hal_eth.c ****   
 1962              		.loc 1 257 28 view .LVU792
 1963 0606 42F00102 		orr	r2, r2, #1
 1964 060a 1A60     		str	r2, [r3]
 260:./src/stm32f7xx_hal_eth.c ****   
 1965              		.loc 1 260 3 is_stmt 1 view .LVU793
 260:./src/stm32f7xx_hal_eth.c ****   
 1966              		.loc 1 260 15 is_stmt 0 view .LVU794
 1967 060c FFF7FEFF 		bl	HAL_GetTick
 1968              	.LVL138:
 1969 0610 0546     		mov	r5, r0
 1970              	.LVL139:
 263:./src/stm32f7xx_hal_eth.c ****   {
 1971              		.loc 1 263 3 is_stmt 1 view .LVU795
 263:./src/stm32f7xx_hal_eth.c ****   {
 1972              		.loc 1 263 9 is_stmt 0 view .LVU796
 1973 0612 05E0     		b	.L135
 1974              	.LVL140:
 1975              	.L137:
 266:./src/stm32f7xx_hal_eth.c ****     {     
 1976              		.loc 1 266 9 view .LVU797
 1977 0614 FFF7FEFF 		bl	HAL_GetTick
 1978              	.LVL141:
 266:./src/stm32f7xx_hal_eth.c ****     {     
 1979              		.loc 1 266 23 discriminator 1 view .LVU798
 1980 0618 401B     		subs	r0, r0, r5
 266:./src/stm32f7xx_hal_eth.c ****     {     
 1981              		.loc 1 266 7 discriminator 1 view .LVU799
 1982 061a B0F5FA7F 		cmp	r0, #500
 1983 061e 3CD8     		bhi	.L166
 1984              	.L135:
 266:./src/stm32f7xx_hal_eth.c ****     {     
 1985              		.loc 1 266 5 is_stmt 1 view .LVU800
 263:./src/stm32f7xx_hal_eth.c ****   {
 1986              		.loc 1 263 53 view .LVU801
 263:./src/stm32f7xx_hal_eth.c ****   {
 1987              		.loc 1 263 16 is_stmt 0 view .LVU802
 1988 0620 2368     		ldr	r3, [r4]
 263:./src/stm32f7xx_hal_eth.c ****   {
 1989              		.loc 1 263 27 view .LVU803
 1990 0622 03F58052 		add	r2, r3, #4096
 1991 0626 1268     		ldr	r2, [r2]
 263:./src/stm32f7xx_hal_eth.c ****   {
 1992              		.loc 1 263 53 view .LVU804
 1993 0628 D007     		lsls	r0, r2, #31
 1994 062a F3D4     		bmi	.L137
 282:./src/stm32f7xx_hal_eth.c ****   /* Clear CSR Clock Range CR[2:0] bits */
 1995              		.loc 1 282 3 is_stmt 1 view .LVU805
 282:./src/stm32f7xx_hal_eth.c ****   /* Clear CSR Clock Range CR[2:0] bits */
 1996              		.loc 1 282 11 is_stmt 0 view .LVU806
 1997 062c 1D69     		ldr	r5, [r3, #16]
 1998              	.LVL142:
 284:./src/stm32f7xx_hal_eth.c ****   
 1999              		.loc 1 284 3 is_stmt 1 view .LVU807
 287:./src/stm32f7xx_hal_eth.c ****   
 2000              		.loc 1 287 10 is_stmt 0 view .LVU808
 2001 062e FFF7FEFF 		bl	HAL_RCC_GetHCLKFreq
 2002              	.LVL143:
 290:./src/stm32f7xx_hal_eth.c ****   {
 2003              		.loc 1 290 24 view .LVU809
 2004 0632 594B     		ldr	r3, .L170+8
 290:./src/stm32f7xx_hal_eth.c ****   {
 2005              		.loc 1 290 5 view .LVU810
 2006 0634 594A     		ldr	r2, .L170+12
 284:./src/stm32f7xx_hal_eth.c ****   
 2007              		.loc 1 284 11 view .LVU811
 2008 0636 25F01C05 		bic	r5, r5, #28
 2009              	.LVL144:
 287:./src/stm32f7xx_hal_eth.c ****   
 2010              		.loc 1 287 3 is_stmt 1 view .LVU812
 290:./src/stm32f7xx_hal_eth.c ****   {
 2011              		.loc 1 290 3 view .LVU813
 290:./src/stm32f7xx_hal_eth.c ****   {
 2012              		.loc 1 290 24 is_stmt 0 view .LVU814
 2013 063a 0344     		add	r3, r3, r0
 290:./src/stm32f7xx_hal_eth.c ****   {
 2014              		.loc 1 290 5 view .LVU815
 2015 063c 9342     		cmp	r3, r2
 2016 063e 4ED2     		bcs	.L138
 293:./src/stm32f7xx_hal_eth.c ****   }
 2017              		.loc 1 293 5 is_stmt 1 view .LVU816
 293:./src/stm32f7xx_hal_eth.c ****   }
 2018              		.loc 1 293 13 is_stmt 0 view .LVU817
 2019 0640 45F00805 		orr	r5, r5, #8
 2020              	.LVL145:
 2021              	.L139:
 317:./src/stm32f7xx_hal_eth.c ****   
 2022              		.loc 1 317 3 is_stmt 1 view .LVU818
 317:./src/stm32f7xx_hal_eth.c ****   
 2023              		.loc 1 317 8 is_stmt 0 view .LVU819
 2024 0644 2368     		ldr	r3, [r4]
 321:./src/stm32f7xx_hal_eth.c ****   {
 2025              		.loc 1 321 7 view .LVU820
 2026 0646 4FF40042 		mov	r2, #32768
 2027 064a 0021     		movs	r1, #0
 2028 064c 2046     		mov	r0, r4
 2029              	.LVL146:
 317:./src/stm32f7xx_hal_eth.c ****   
 2030              		.loc 1 317 30 view .LVU821
 2031 064e 1D61     		str	r5, [r3, #16]
 321:./src/stm32f7xx_hal_eth.c ****   {
 2032              		.loc 1 321 3 is_stmt 1 view .LVU822
 321:./src/stm32f7xx_hal_eth.c ****   {
 2033              		.loc 1 321 7 is_stmt 0 view .LVU823
 2034 0650 FFF7FEFF 		bl	HAL_ETH_WritePHYRegister
 2035              	.LVL147:
 321:./src/stm32f7xx_hal_eth.c ****   {
 2036              		.loc 1 321 5 discriminator 1 view .LVU824
 2037 0654 0546     		mov	r5, r0
 2038              	.LVL148:
 321:./src/stm32f7xx_hal_eth.c ****   {
 2039              		.loc 1 321 5 discriminator 1 view .LVU825
 2040 0656 B8BB     		cbnz	r0, .L163
 337:./src/stm32f7xx_hal_eth.c ****   
 2041              		.loc 1 337 3 is_stmt 1 view .LVU826
 2042 0658 FF20     		movs	r0, #255
 2043 065a FFF7FEFF 		bl	HAL_Delay
 2044              	.LVL149:
 339:./src/stm32f7xx_hal_eth.c ****   {
 2045              		.loc 1 339 3 view .LVU827
 339:./src/stm32f7xx_hal_eth.c ****   {
 2046              		.loc 1 339 5 is_stmt 0 view .LVU828
 2047 065e 6168     		ldr	r1, [r4, #4]
 2048 0660 0029     		cmp	r1, #0
 2049 0662 50D0     		beq	.L144
 342:./src/stm32f7xx_hal_eth.c ****     
 2050              		.loc 1 342 5 is_stmt 1 view .LVU829
 342:./src/stm32f7xx_hal_eth.c ****     
 2051              		.loc 1 342 17 is_stmt 0 view .LVU830
 2052 0664 FFF7FEFF 		bl	HAL_GetTick
 2053              	.LVL150:
 350:./src/stm32f7xx_hal_eth.c ****       {
 2054              		.loc 1 350 9 discriminator 1 view .LVU831
 2055 0668 41F28837 		movw	r7, #5000
 342:./src/stm32f7xx_hal_eth.c ****     
 2056              		.loc 1 342 17 view .LVU832
 2057 066c 0646     		mov	r6, r0
 2058              	.LVL151:
 342:./src/stm32f7xx_hal_eth.c ****     
 2059              		.loc 1 342 17 view .LVU833
 2060 066e 02E0     		b	.L146
 2061              	.LVL152:
 2062              	.L145:
 365:./src/stm32f7xx_hal_eth.c **** 
 2063              		.loc 1 365 23 view .LVU834
 2064 0670 009B     		ldr	r3, [sp]
 365:./src/stm32f7xx_hal_eth.c **** 
 2065              		.loc 1 365 44 view .LVU835
 2066 0672 5907     		lsls	r1, r3, #29
 2067 0674 20D4     		bmi	.L167
 2068              	.L146:
 345:./src/stm32f7xx_hal_eth.c ****     {
 2069              		.loc 1 345 5 is_stmt 1 view .LVU836
 347:./src/stm32f7xx_hal_eth.c ****       
 2070              		.loc 1 347 7 view .LVU837
 2071 0676 6A46     		mov	r2, sp
 2072 0678 0121     		movs	r1, #1
 2073 067a 2046     		mov	r0, r4
 2074 067c FFF7FEFF 		bl	HAL_ETH_ReadPHYRegister
 2075              	.LVL153:
 350:./src/stm32f7xx_hal_eth.c ****       {
 2076              		.loc 1 350 7 view .LVU838
 350:./src/stm32f7xx_hal_eth.c ****       {
 2077              		.loc 1 350 11 is_stmt 0 view .LVU839
 2078 0680 FFF7FEFF 		bl	HAL_GetTick
 2079              	.LVL154:
 365:./src/stm32f7xx_hal_eth.c **** 
 2080              		.loc 1 365 44 is_stmt 1 view .LVU840
 350:./src/stm32f7xx_hal_eth.c ****       {
 2081              		.loc 1 350 25 is_stmt 0 discriminator 1 view .LVU841
 2082 0684 831B     		subs	r3, r0, r6
 350:./src/stm32f7xx_hal_eth.c ****       {
 2083              		.loc 1 350 9 discriminator 1 view .LVU842
 2084 0686 BB42     		cmp	r3, r7
 2085 0688 F2D9     		bls	.L145
 2086              	.L164:
 353:./src/stm32f7xx_hal_eth.c ****       
 2087              		.loc 1 353 9 is_stmt 1 view .LVU843
 2088              	.LVL155:
 356:./src/stm32f7xx_hal_eth.c ****         
 2089              		.loc 1 356 9 view .LVU844
 2090 068a 0121     		movs	r1, #1
 2091 068c 2046     		mov	r0, r4
 2092 068e FFF7B7FC 		bl	ETH_MACDMAConfig
 2093              	.LVL156:
 358:./src/stm32f7xx_hal_eth.c ****   
 2094              		.loc 1 358 9 view .LVU845
 358:./src/stm32f7xx_hal_eth.c ****   
 2095              		.loc 1 358 20 is_stmt 0 view .LVU846
 2096 0692 0123     		movs	r3, #1
 2097 0694 84F84430 		strb	r3, [r4, #68]
 361:./src/stm32f7xx_hal_eth.c ****     
 2098              		.loc 1 361 9 is_stmt 1 view .LVU847
 361:./src/stm32f7xx_hal_eth.c ****     
 2099              		.loc 1 361 9 view .LVU848
 361:./src/stm32f7xx_hal_eth.c ****     
 2100              		.loc 1 361 9 view .LVU849
 363:./src/stm32f7xx_hal_eth.c ****       }
 2101              		.loc 1 363 9 view .LVU850
 363:./src/stm32f7xx_hal_eth.c ****       }
 2102              		.loc 1 363 16 is_stmt 0 view .LVU851
 2103 0698 02E0     		b	.L136
 2104              	.LVL157:
 2105              	.L166:
 268:./src/stm32f7xx_hal_eth.c ****   
 2106              		.loc 1 268 7 is_stmt 1 view .LVU852
 268:./src/stm32f7xx_hal_eth.c ****   
 2107              		.loc 1 268 18 is_stmt 0 view .LVU853
 2108 069a 0323     		movs	r3, #3
 2109 069c 84F84430 		strb	r3, [r4, #68]
 271:./src/stm32f7xx_hal_eth.c ****     
 2110              		.loc 1 271 7 is_stmt 1 view .LVU854
 271:./src/stm32f7xx_hal_eth.c ****     
 2111              		.loc 1 271 7 view .LVU855
 271:./src/stm32f7xx_hal_eth.c ****     
 2112              		.loc 1 271 7 view .LVU856
 276:./src/stm32f7xx_hal_eth.c ****     }
 2113              		.loc 1 276 7 view .LVU857
 2114              	.LVL158:
 2115              	.L136:
 276:./src/stm32f7xx_hal_eth.c ****     }
 2116              		.loc 1 276 14 is_stmt 0 view .LVU858
 2117 06a0 0325     		movs	r5, #3
 361:./src/stm32f7xx_hal_eth.c ****     
 2118              		.loc 1 361 9 view .LVU859
 2119 06a2 0023     		movs	r3, #0
 485:./src/stm32f7xx_hal_eth.c **** 
 2120              		.loc 1 485 1 view .LVU860
 2121 06a4 2846     		mov	r0, r5
 361:./src/stm32f7xx_hal_eth.c ****     
 2122              		.loc 1 361 9 view .LVU861
 2123 06a6 84F84530 		strb	r3, [r4, #69]
 485:./src/stm32f7xx_hal_eth.c **** 
 2124              		.loc 1 485 1 view .LVU862
 2125 06aa 03B0     		add	sp, sp, #12
 2126              	.LCFI26:
 2127              		.cfi_remember_state
 2128              		.cfi_def_cfa_offset 20
 2129              		@ sp needed
 2130 06ac F0BD     		pop	{r4, r5, r6, r7, pc}
 2131              	.LVL159:
 2132              	.L165:
 2133              	.LCFI27:
 2134              		.cfi_restore_state
 230:./src/stm32f7xx_hal_eth.c **** #if (USE_HAL_ETH_REGISTER_CALLBACKS == 1)
 2135              		.loc 1 230 5 is_stmt 1 view .LVU863
 230:./src/stm32f7xx_hal_eth.c **** #if (USE_HAL_ETH_REGISTER_CALLBACKS == 1)
 2136              		.loc 1 230 16 is_stmt 0 view .LVU864
 2137 06ae 80F84520 		strb	r2, [r0, #69]
 243:./src/stm32f7xx_hal_eth.c **** #endif /* USE_HAL_ETH_REGISTER_CALLBACKS */
 2138              		.loc 1 243 5 is_stmt 1 view .LVU865
 2139 06b2 FFF7FEFF 		bl	HAL_ETH_MspInit
 2140              	.LVL160:
 243:./src/stm32f7xx_hal_eth.c **** #endif /* USE_HAL_ETH_REGISTER_CALLBACKS */
 2141              		.loc 1 243 5 is_stmt 0 view .LVU866
 2142 06b6 8FE7     		b	.L134
 2143              	.LVL161:
 2144              	.L167:
 369:./src/stm32f7xx_hal_eth.c ****     {
 2145              		.loc 1 369 5 is_stmt 1 view .LVU867
 369:./src/stm32f7xx_hal_eth.c ****     {
 2146              		.loc 1 369 9 is_stmt 0 view .LVU868
 2147 06b8 4FF48052 		mov	r2, #4096
 2148 06bc 0021     		movs	r1, #0
 2149 06be 2046     		mov	r0, r4
 2150 06c0 FFF7FEFF 		bl	HAL_ETH_WritePHYRegister
 2151              	.LVL162:
 369:./src/stm32f7xx_hal_eth.c ****     {
 2152              		.loc 1 369 7 discriminator 1 view .LVU869
 2153 06c4 0028     		cmp	r0, #0
 2154 06c6 3AD0     		beq	.L147
 2155              	.LVL163:
 2156              	.L163:
 324:./src/stm32f7xx_hal_eth.c ****     
 2157              		.loc 1 324 5 is_stmt 1 view .LVU870
 327:./src/stm32f7xx_hal_eth.c ****     
 2158              		.loc 1 327 5 view .LVU871
 2159 06c8 0121     		movs	r1, #1
 2160 06ca 2046     		mov	r0, r4
 2161 06cc FFF798FC 		bl	ETH_MACDMAConfig
 2162              	.LVL164:
 330:./src/stm32f7xx_hal_eth.c ****     
 2163              		.loc 1 330 5 view .LVU872
 330:./src/stm32f7xx_hal_eth.c ****     
 2164              		.loc 1 330 17 is_stmt 0 view .LVU873
 2165 06d0 0123     		movs	r3, #1
 2166 06d2 84F84430 		strb	r3, [r4, #68]
 333:./src/stm32f7xx_hal_eth.c ****   }
 2167              		.loc 1 333 5 is_stmt 1 view .LVU874
 2168              	.LVL165:
 2169              	.L133:
 218:./src/stm32f7xx_hal_eth.c ****   }
 2170              		.loc 1 218 12 is_stmt 0 view .LVU875
 2171 06d6 0125     		movs	r5, #1
 485:./src/stm32f7xx_hal_eth.c **** 
 2172              		.loc 1 485 1 view .LVU876
 2173 06d8 2846     		mov	r0, r5
 2174 06da 03B0     		add	sp, sp, #12
 2175              	.LCFI28:
 2176              		.cfi_remember_state
 2177              		.cfi_def_cfa_offset 20
 2178              		@ sp needed
 2179 06dc F0BD     		pop	{r4, r5, r6, r7, pc}
 2180              	.LVL166:
 2181              	.L138:
 2182              	.LCFI29:
 2183              		.cfi_restore_state
 295:./src/stm32f7xx_hal_eth.c ****   {
 2184              		.loc 1 295 8 is_stmt 1 view .LVU877
 295:./src/stm32f7xx_hal_eth.c ****   {
 2185              		.loc 1 295 29 is_stmt 0 view .LVU878
 2186 06de 304B     		ldr	r3, .L170+16
 295:./src/stm32f7xx_hal_eth.c ****   {
 2187              		.loc 1 295 10 view .LVU879
 2188 06e0 304A     		ldr	r2, .L170+20
 295:./src/stm32f7xx_hal_eth.c ****   {
 2189              		.loc 1 295 29 view .LVU880
 2190 06e2 0344     		add	r3, r3, r0
 295:./src/stm32f7xx_hal_eth.c ****   {
 2191              		.loc 1 295 10 view .LVU881
 2192 06e4 9342     		cmp	r3, r2
 2193 06e6 27D9     		bls	.L168
 300:./src/stm32f7xx_hal_eth.c ****   {
 2194              		.loc 1 300 8 is_stmt 1 view .LVU882
 300:./src/stm32f7xx_hal_eth.c ****   {
 2195              		.loc 1 300 29 is_stmt 0 view .LVU883
 2196 06e8 2F4B     		ldr	r3, .L170+24
 300:./src/stm32f7xx_hal_eth.c ****   {
 2197              		.loc 1 300 10 view .LVU884
 2198 06ea 304A     		ldr	r2, .L170+28
 300:./src/stm32f7xx_hal_eth.c ****   {
 2199              		.loc 1 300 29 view .LVU885
 2200 06ec 0344     		add	r3, r3, r0
 300:./src/stm32f7xx_hal_eth.c ****   {
 2201              		.loc 1 300 10 view .LVU886
 2202 06ee 9342     		cmp	r3, r2
 2203 06f0 A8D3     		bcc	.L139
 305:./src/stm32f7xx_hal_eth.c ****   {
 2204              		.loc 1 305 8 is_stmt 1 view .LVU887
 305:./src/stm32f7xx_hal_eth.c ****   {
 2205              		.loc 1 305 30 is_stmt 0 view .LVU888
 2206 06f2 2F4B     		ldr	r3, .L170+32
 305:./src/stm32f7xx_hal_eth.c ****   {
 2207              		.loc 1 305 10 view .LVU889
 2208 06f4 2F4A     		ldr	r2, .L170+36
 305:./src/stm32f7xx_hal_eth.c ****   {
 2209              		.loc 1 305 30 view .LVU890
 2210 06f6 0344     		add	r3, r3, r0
 305:./src/stm32f7xx_hal_eth.c ****   {
 2211              		.loc 1 305 10 view .LVU891
 2212 06f8 9342     		cmp	r3, r2
 308:./src/stm32f7xx_hal_eth.c ****   }
 2213              		.loc 1 308 5 is_stmt 1 view .LVU892
 308:./src/stm32f7xx_hal_eth.c ****   }
 2214              		.loc 1 308 13 is_stmt 0 view .LVU893
 2215 06fa 94BF     		ite	ls
 2216 06fc 45F00405 		orrls	r5, r5, #4
 2217              	.LVL167:
 313:./src/stm32f7xx_hal_eth.c ****   }
 2218              		.loc 1 313 5 is_stmt 1 view .LVU894
 313:./src/stm32f7xx_hal_eth.c ****   }
 2219              		.loc 1 313 13 is_stmt 0 view .LVU895
 2220 0700 45F01005 		orrhi	r5, r5, #16
 2221              	.LVL168:
 313:./src/stm32f7xx_hal_eth.c ****   }
 2222              		.loc 1 313 13 view .LVU896
 2223 0704 9EE7     		b	.L139
 2224              	.LVL169:
 2225              	.L144:
 453:./src/stm32f7xx_hal_eth.c ****     assert_param(IS_ETH_DUPLEX_MODE(heth->Init.DuplexMode));
 2226              		.loc 1 453 5 is_stmt 1 view .LVU897
 454:./src/stm32f7xx_hal_eth.c ****     
 2227              		.loc 1 454 5 view .LVU898
 457:./src/stm32f7xx_hal_eth.c ****                                                 (uint16_t)((heth->Init).Speed >> 1))) != HAL_OK)
 2228              		.loc 1 457 5 view .LVU899
 457:./src/stm32f7xx_hal_eth.c ****                                                 (uint16_t)((heth->Init).Speed >> 1))) != HAL_OK)
 2229              		.loc 1 457 84 is_stmt 0 view .LVU900
 2230 0706 D4E90232 		ldrd	r3, r2, [r4, #8]
 457:./src/stm32f7xx_hal_eth.c ****                                                 (uint16_t)((heth->Init).Speed >> 1))) != HAL_OK)
 2231              		.loc 1 457 8 view .LVU901
 2232 070a 2046     		mov	r0, r4
 458:./src/stm32f7xx_hal_eth.c ****     {
 2233              		.loc 1 458 79 view .LVU902
 2234 070c 5B08     		lsrs	r3, r3, #1
 457:./src/stm32f7xx_hal_eth.c ****                                                 (uint16_t)((heth->Init).Speed >> 1))) != HAL_OK)
 2235              		.loc 1 457 8 view .LVU903
 2236 070e 43EAD202 		orr	r2, r3, r2, lsr #3
 2237 0712 92B2     		uxth	r2, r2
 2238 0714 FFF7FEFF 		bl	HAL_ETH_WritePHYRegister
 2239              	.LVL170:
 457:./src/stm32f7xx_hal_eth.c ****                                                 (uint16_t)((heth->Init).Speed >> 1))) != HAL_OK)
 2240              		.loc 1 457 7 discriminator 1 view .LVU904
 2241 0718 0028     		cmp	r0, #0
 2242 071a D5D1     		bne	.L163
 474:./src/stm32f7xx_hal_eth.c ****   }
 2243              		.loc 1 474 5 is_stmt 1 view .LVU905
 2244 071c 40F6FF70 		movw	r0, #4095
 2245 0720 FFF7FEFF 		bl	HAL_Delay
 2246              	.LVL171:
 2247              	.L152:
 478:./src/stm32f7xx_hal_eth.c ****   
 2248              		.loc 1 478 3 view .LVU906
 2249 0724 2046     		mov	r0, r4
 2250 0726 0021     		movs	r1, #0
 2251 0728 FFF76AFC 		bl	ETH_MACDMAConfig
 2252              	.LVL172:
 481:./src/stm32f7xx_hal_eth.c ****   
 2253              		.loc 1 481 3 view .LVU907
 481:./src/stm32f7xx_hal_eth.c ****   
 2254              		.loc 1 481 14 is_stmt 0 view .LVU908
 2255 072c 0123     		movs	r3, #1
 485:./src/stm32f7xx_hal_eth.c **** 
 2256              		.loc 1 485 1 view .LVU909
 2257 072e 2846     		mov	r0, r5
 481:./src/stm32f7xx_hal_eth.c ****   
 2258              		.loc 1 481 14 view .LVU910
 2259 0730 84F84430 		strb	r3, [r4, #68]
 484:./src/stm32f7xx_hal_eth.c **** }
 2260              		.loc 1 484 3 is_stmt 1 view .LVU911
 485:./src/stm32f7xx_hal_eth.c **** 
 2261              		.loc 1 485 1 is_stmt 0 view .LVU912
 2262 0734 03B0     		add	sp, sp, #12
 2263              	.LCFI30:
 2264              		.cfi_remember_state
 2265              		.cfi_def_cfa_offset 20
 2266              		@ sp needed
 2267 0736 F0BD     		pop	{r4, r5, r6, r7, pc}
 2268              	.LVL173:
 2269              	.L168:
 2270              	.LCFI31:
 2271              		.cfi_restore_state
 298:./src/stm32f7xx_hal_eth.c ****   }  
 2272              		.loc 1 298 5 is_stmt 1 view .LVU913
 298:./src/stm32f7xx_hal_eth.c ****   }  
 2273              		.loc 1 298 13 is_stmt 0 view .LVU914
 2274 0738 45F00C05 		orr	r5, r5, #12
 2275              	.LVL174:
 298:./src/stm32f7xx_hal_eth.c ****   }  
 2276              		.loc 1 298 13 view .LVU915
 2277 073c 82E7     		b	.L139
 2278              	.LVL175:
 2279              	.L147:
 385:./src/stm32f7xx_hal_eth.c ****     
 2280              		.loc 1 385 5 is_stmt 1 view .LVU916
 385:./src/stm32f7xx_hal_eth.c ****     
 2281              		.loc 1 385 17 is_stmt 0 view .LVU917
 2282 073e FFF7FEFF 		bl	HAL_GetTick
 2283              	.LVL176:
 393:./src/stm32f7xx_hal_eth.c ****       {
 2284              		.loc 1 393 9 discriminator 1 view .LVU918
 2285 0742 41F28837 		movw	r7, #5000
 385:./src/stm32f7xx_hal_eth.c ****     
 2286              		.loc 1 385 17 view .LVU919
 2287 0746 0646     		mov	r6, r0
 2288              	.LVL177:
 385:./src/stm32f7xx_hal_eth.c ****     
 2289              		.loc 1 385 17 view .LVU920
 2290 0748 02E0     		b	.L149
 2291              	.LVL178:
 2292              	.L148:
 409:./src/stm32f7xx_hal_eth.c ****     
 2293              		.loc 1 409 23 view .LVU921
 2294 074a 009B     		ldr	r3, [sp]
 409:./src/stm32f7xx_hal_eth.c ****     
 2295              		.loc 1 409 48 view .LVU922
 2296 074c 9A06     		lsls	r2, r3, #26
 2297 074e 0AD4     		bmi	.L169
 2298              	.L149:
 388:./src/stm32f7xx_hal_eth.c ****     {
 2299              		.loc 1 388 5 is_stmt 1 view .LVU923
 390:./src/stm32f7xx_hal_eth.c ****       
 2300              		.loc 1 390 7 view .LVU924
 2301 0750 6A46     		mov	r2, sp
 2302 0752 0121     		movs	r1, #1
 2303 0754 2046     		mov	r0, r4
 2304 0756 FFF7FEFF 		bl	HAL_ETH_ReadPHYRegister
 2305              	.LVL179:
 393:./src/stm32f7xx_hal_eth.c ****       {
 2306              		.loc 1 393 7 view .LVU925
 393:./src/stm32f7xx_hal_eth.c ****       {
 2307              		.loc 1 393 11 is_stmt 0 view .LVU926
 2308 075a FFF7FEFF 		bl	HAL_GetTick
 2309              	.LVL180:
 409:./src/stm32f7xx_hal_eth.c ****     
 2310              		.loc 1 409 48 is_stmt 1 view .LVU927
 393:./src/stm32f7xx_hal_eth.c ****       {
 2311              		.loc 1 393 25 is_stmt 0 discriminator 1 view .LVU928
 2312 075e 801B     		subs	r0, r0, r6
 393:./src/stm32f7xx_hal_eth.c ****       {
 2313              		.loc 1 393 9 discriminator 1 view .LVU929
 2314 0760 B842     		cmp	r0, r7
 2315 0762 F2D9     		bls	.L148
 2316 0764 91E7     		b	.L164
 2317              	.L169:
 412:./src/stm32f7xx_hal_eth.c ****     {
 2318              		.loc 1 412 5 is_stmt 1 view .LVU930
 412:./src/stm32f7xx_hal_eth.c ****     {
 2319              		.loc 1 412 9 is_stmt 0 view .LVU931
 2320 0766 6A46     		mov	r2, sp
 2321 0768 1021     		movs	r1, #16
 2322 076a 2046     		mov	r0, r4
 2323 076c FFF7FEFF 		bl	HAL_ETH_ReadPHYRegister
 2324              	.LVL181:
 412:./src/stm32f7xx_hal_eth.c ****     {
 2325              		.loc 1 412 7 discriminator 1 view .LVU932
 2326 0770 0028     		cmp	r0, #0
 2327 0772 A9D1     		bne	.L163
 428:./src/stm32f7xx_hal_eth.c ****     {
 2328              		.loc 1 428 5 is_stmt 1 view .LVU933
 428:./src/stm32f7xx_hal_eth.c ****     {
 2329              		.loc 1 428 16 is_stmt 0 view .LVU934
 2330 0774 009A     		ldr	r2, [sp]
 428:./src/stm32f7xx_hal_eth.c ****     {
 2331              		.loc 1 428 7 view .LVU935
 2332 0776 C2F38003 		ubfx	r3, r2, #2, #1
 2333 077a DB02     		lsls	r3, r3, #11
 2334 077c E360     		str	r3, [r4, #12]
 439:./src/stm32f7xx_hal_eth.c ****     {  
 2335              		.loc 1 439 5 is_stmt 1 view .LVU936
 439:./src/stm32f7xx_hal_eth.c ****     {  
 2336              		.loc 1 439 7 is_stmt 0 view .LVU937
 2337 077e 9307     		lsls	r3, r2, #30
 2338 0780 01D5     		bpl	.L151
 442:./src/stm32f7xx_hal_eth.c ****     }
 2339              		.loc 1 442 7 is_stmt 1 view .LVU938
 442:./src/stm32f7xx_hal_eth.c ****     }
 2340              		.loc 1 442 26 is_stmt 0 view .LVU939
 2341 0782 A060     		str	r0, [r4, #8]
 2342 0784 CEE7     		b	.L152
 2343              	.L151:
 447:./src/stm32f7xx_hal_eth.c ****     }
 2344              		.loc 1 447 7 is_stmt 1 view .LVU940
 447:./src/stm32f7xx_hal_eth.c ****     }
 2345              		.loc 1 447 26 is_stmt 0 view .LVU941
 2346 0786 4FF48043 		mov	r3, #16384
 2347 078a A360     		str	r3, [r4, #8]
 2348 078c CAE7     		b	.L152
 2349              	.L171:
 2350 078e 00BF     		.align	2
 2351              	.L170:
 2352 0790 00380240 		.word	1073887232
 2353 0794 00380140 		.word	1073821696
 2354 0798 00D3CEFE 		.word	-20000000
 2355 079c C0E1E400 		.word	15000000
 2356 07a0 40F1E9FD 		.word	-35000000
 2357 07a4 3F787D01 		.word	24999999
 2358 07a8 00796CFC 		.word	-60000000
 2359 07ac 005A6202 		.word	40000000
 2360 07b0 001F0AFA 		.word	-100000000
 2361 07b4 7FF0FA02 		.word	49999999
 2362              		.cfi_endproc
 2363              	.LFE144:
 2365              		.align	1
 2366              		.p2align 2,,3
 2367              		.global	HAL_ETH_Start
 2368              		.syntax unified
 2369              		.thumb
 2370              		.thumb_func
 2372              	HAL_ETH_Start:
 2373              	.LVL182:
 2374              	.LFB159:
1461:./src/stm32f7xx_hal_eth.c ****   /* Process Locked */
 2375              		.loc 1 1461 1 is_stmt 1 view -0
 2376              		.cfi_startproc
 2377              		@ args = 0, pretend = 0, frame = 16
 2378              		@ frame_needed = 0, uses_anonymous_args = 0
1463:./src/stm32f7xx_hal_eth.c ****   
 2379              		.loc 1 1463 3 view .LVU943
1463:./src/stm32f7xx_hal_eth.c ****   
 2380              		.loc 1 1463 3 view .LVU944
 2381 07b8 90F84530 		ldrb	r3, [r0, #69]	@ zero_extendqisi2
 2382 07bc 012B     		cmp	r3, #1
 2383 07be 44D0     		beq	.L174
 2384              	.LBB26:
 2385              	.LBB27:
2117:./src/stm32f7xx_hal_eth.c **** }
2118:./src/stm32f7xx_hal_eth.c **** 
2119:./src/stm32f7xx_hal_eth.c **** /**
2120:./src/stm32f7xx_hal_eth.c ****   * @brief  Enables the MAC transmission.
2121:./src/stm32f7xx_hal_eth.c ****   * @param  heth pointer to a ETH_HandleTypeDef structure that contains
2122:./src/stm32f7xx_hal_eth.c ****   *         the configuration information for ETHERNET module  
2123:./src/stm32f7xx_hal_eth.c ****   * @retval None
2124:./src/stm32f7xx_hal_eth.c ****   */
2125:./src/stm32f7xx_hal_eth.c **** static void ETH_MACTransmissionEnable(ETH_HandleTypeDef *heth)
2126:./src/stm32f7xx_hal_eth.c **** { 
2127:./src/stm32f7xx_hal_eth.c ****   __IO uint32_t tmpreg = 0;
2128:./src/stm32f7xx_hal_eth.c ****   
2129:./src/stm32f7xx_hal_eth.c ****   /* Enable the MAC transmission */
2130:./src/stm32f7xx_hal_eth.c ****   (heth->Instance)->MACCR |= ETH_MACCR_TE;
 2386              		.loc 1 2130 8 is_stmt 0 view .LVU945
 2387 07c0 0368     		ldr	r3, [r0]
 2388              	.LBE27:
 2389              	.LBE26:
1466:./src/stm32f7xx_hal_eth.c ****   
 2390              		.loc 1 1466 15 view .LVU946
 2391 07c2 0222     		movs	r2, #2
1461:./src/stm32f7xx_hal_eth.c ****   /* Process Locked */
 2392              		.loc 1 1461 1 view .LVU947
 2393 07c4 70B5     		push	{r4, r5, r6, lr}
 2394              	.LCFI32:
 2395              		.cfi_def_cfa_offset 16
 2396              		.cfi_offset 4, -16
 2397              		.cfi_offset 5, -12
 2398              		.cfi_offset 6, -8
 2399              		.cfi_offset 14, -4
1463:./src/stm32f7xx_hal_eth.c ****   
 2400              		.loc 1 1463 3 discriminator 2 view .LVU948
 2401 07c6 0126     		movs	r6, #1
1461:./src/stm32f7xx_hal_eth.c ****   /* Process Locked */
 2402              		.loc 1 1461 1 view .LVU949
 2403 07c8 84B0     		sub	sp, sp, #16
 2404              	.LCFI33:
 2405              		.cfi_def_cfa_offset 32
 2406              	.LBB31:
 2407              	.LBB28:
2127:./src/stm32f7xx_hal_eth.c ****   
 2408              		.loc 1 2127 17 view .LVU950
 2409 07ca 0025     		movs	r5, #0
 2410              	.LBE28:
 2411              	.LBE31:
1466:./src/stm32f7xx_hal_eth.c ****   
 2412              		.loc 1 1466 15 view .LVU951
 2413 07cc 80F84420 		strb	r2, [r0, #68]
1463:./src/stm32f7xx_hal_eth.c ****   
 2414              		.loc 1 1463 3 discriminator 2 view .LVU952
 2415 07d0 80F84560 		strb	r6, [r0, #69]
 2416 07d4 0446     		mov	r4, r0
1463:./src/stm32f7xx_hal_eth.c ****   
 2417              		.loc 1 1463 3 is_stmt 1 discriminator 2 view .LVU953
1463:./src/stm32f7xx_hal_eth.c ****   
 2418              		.loc 1 1463 3 discriminator 2 view .LVU954
1466:./src/stm32f7xx_hal_eth.c ****   
 2419              		.loc 1 1466 3 view .LVU955
1469:./src/stm32f7xx_hal_eth.c ****   
 2420              		.loc 1 1469 3 view .LVU956
 2421              	.LVL183:
 2422              	.LBB32:
 2423              	.LBI26:
2125:./src/stm32f7xx_hal_eth.c **** { 
 2424              		.loc 1 2125 13 view .LVU957
 2425              	.LBB29:
2127:./src/stm32f7xx_hal_eth.c ****   
 2426              		.loc 1 2127 3 view .LVU958
2127:./src/stm32f7xx_hal_eth.c ****   
 2427              		.loc 1 2127 17 is_stmt 0 view .LVU959
 2428 07d6 0395     		str	r5, [sp, #12]
 2429              		.loc 1 2130 3 is_stmt 1 view .LVU960
2131:./src/stm32f7xx_hal_eth.c ****   
2132:./src/stm32f7xx_hal_eth.c ****   /* Wait until the write operation will be taken into account:
2133:./src/stm32f7xx_hal_eth.c ****      at least four TX_CLK/RX_CLK clock cycles */
2134:./src/stm32f7xx_hal_eth.c ****   tmpreg = (heth->Instance)->MACCR;
2135:./src/stm32f7xx_hal_eth.c ****   HAL_Delay(ETH_REG_WRITE_DELAY);
 2430              		.loc 1 2135 3 is_stmt 0 view .LVU961
 2431 07d8 3046     		mov	r0, r6
 2432              	.LVL184:
2130:./src/stm32f7xx_hal_eth.c ****   
 2433              		.loc 1 2130 19 view .LVU962
 2434 07da 1A68     		ldr	r2, [r3]
2130:./src/stm32f7xx_hal_eth.c ****   
 2435              		.loc 1 2130 27 view .LVU963
 2436 07dc 42F00802 		orr	r2, r2, #8
 2437 07e0 1A60     		str	r2, [r3]
2134:./src/stm32f7xx_hal_eth.c ****   HAL_Delay(ETH_REG_WRITE_DELAY);
 2438              		.loc 1 2134 3 is_stmt 1 view .LVU964
2134:./src/stm32f7xx_hal_eth.c ****   HAL_Delay(ETH_REG_WRITE_DELAY);
 2439              		.loc 1 2134 28 is_stmt 0 view .LVU965
 2440 07e2 1B68     		ldr	r3, [r3]
2134:./src/stm32f7xx_hal_eth.c ****   HAL_Delay(ETH_REG_WRITE_DELAY);
 2441              		.loc 1 2134 10 view .LVU966
 2442 07e4 0393     		str	r3, [sp, #12]
 2443              		.loc 1 2135 3 is_stmt 1 view .LVU967
 2444 07e6 FFF7FEFF 		bl	HAL_Delay
 2445              	.LVL185:
2136:./src/stm32f7xx_hal_eth.c ****   (heth->Instance)->MACCR = tmpreg;
 2446              		.loc 1 2136 3 view .LVU968
 2447              		.loc 1 2136 27 is_stmt 0 view .LVU969
 2448 07ea 039A     		ldr	r2, [sp, #12]
 2449              	.LBE29:
 2450              	.LBE32:
 2451              	.LBB33:
 2452              	.LBB34:
2137:./src/stm32f7xx_hal_eth.c **** }
2138:./src/stm32f7xx_hal_eth.c **** 
2139:./src/stm32f7xx_hal_eth.c **** /**
2140:./src/stm32f7xx_hal_eth.c ****   * @brief  Disables the MAC transmission.
2141:./src/stm32f7xx_hal_eth.c ****   * @param  heth pointer to a ETH_HandleTypeDef structure that contains
2142:./src/stm32f7xx_hal_eth.c ****   *         the configuration information for ETHERNET module  
2143:./src/stm32f7xx_hal_eth.c ****   * @retval None
2144:./src/stm32f7xx_hal_eth.c ****   */
2145:./src/stm32f7xx_hal_eth.c **** static void ETH_MACTransmissionDisable(ETH_HandleTypeDef *heth)
2146:./src/stm32f7xx_hal_eth.c **** { 
2147:./src/stm32f7xx_hal_eth.c ****   __IO uint32_t tmpreg = 0;
2148:./src/stm32f7xx_hal_eth.c ****   
2149:./src/stm32f7xx_hal_eth.c ****   /* Disable the MAC transmission */
2150:./src/stm32f7xx_hal_eth.c ****   (heth->Instance)->MACCR &= ~ETH_MACCR_TE;
2151:./src/stm32f7xx_hal_eth.c ****   
2152:./src/stm32f7xx_hal_eth.c ****   /* Wait until the write operation will be taken into account:
2153:./src/stm32f7xx_hal_eth.c ****      at least four TX_CLK/RX_CLK clock cycles */
2154:./src/stm32f7xx_hal_eth.c ****   tmpreg = (heth->Instance)->MACCR;
2155:./src/stm32f7xx_hal_eth.c ****   HAL_Delay(ETH_REG_WRITE_DELAY);
2156:./src/stm32f7xx_hal_eth.c ****   (heth->Instance)->MACCR = tmpreg;
2157:./src/stm32f7xx_hal_eth.c **** }
2158:./src/stm32f7xx_hal_eth.c **** 
2159:./src/stm32f7xx_hal_eth.c **** /**
2160:./src/stm32f7xx_hal_eth.c ****   * @brief  Enables the MAC reception.
2161:./src/stm32f7xx_hal_eth.c ****   * @param  heth pointer to a ETH_HandleTypeDef structure that contains
2162:./src/stm32f7xx_hal_eth.c ****   *         the configuration information for ETHERNET module   
2163:./src/stm32f7xx_hal_eth.c ****   * @retval None
2164:./src/stm32f7xx_hal_eth.c ****   */
2165:./src/stm32f7xx_hal_eth.c **** static void ETH_MACReceptionEnable(ETH_HandleTypeDef *heth)
2166:./src/stm32f7xx_hal_eth.c **** { 
2167:./src/stm32f7xx_hal_eth.c ****   __IO uint32_t tmpreg = 0;
2168:./src/stm32f7xx_hal_eth.c ****   
2169:./src/stm32f7xx_hal_eth.c ****   /* Enable the MAC reception */
2170:./src/stm32f7xx_hal_eth.c ****   (heth->Instance)->MACCR |= ETH_MACCR_RE;
2171:./src/stm32f7xx_hal_eth.c ****   
2172:./src/stm32f7xx_hal_eth.c ****   /* Wait until the write operation will be taken into account:
2173:./src/stm32f7xx_hal_eth.c ****      at least four TX_CLK/RX_CLK clock cycles */
2174:./src/stm32f7xx_hal_eth.c ****   tmpreg = (heth->Instance)->MACCR;
2175:./src/stm32f7xx_hal_eth.c ****   HAL_Delay(ETH_REG_WRITE_DELAY);
 2453              		.loc 1 2175 3 view .LVU970
 2454 07ec 3046     		mov	r0, r6
 2455              	.LBE34:
 2456              	.LBE33:
 2457              	.LBB37:
 2458              	.LBB30:
2136:./src/stm32f7xx_hal_eth.c ****   (heth->Instance)->MACCR = tmpreg;
 2459              		.loc 1 2136 8 view .LVU971
 2460 07ee 2368     		ldr	r3, [r4]
2136:./src/stm32f7xx_hal_eth.c ****   (heth->Instance)->MACCR = tmpreg;
 2461              		.loc 1 2136 27 view .LVU972
 2462 07f0 1A60     		str	r2, [r3]
 2463              	.LVL186:
2136:./src/stm32f7xx_hal_eth.c ****   (heth->Instance)->MACCR = tmpreg;
 2464              		.loc 1 2136 27 view .LVU973
 2465              	.LBE30:
 2466              	.LBE37:
1472:./src/stm32f7xx_hal_eth.c ****   
 2467              		.loc 1 1472 3 is_stmt 1 view .LVU974
 2468              	.LBB38:
 2469              	.LBI33:
2165:./src/stm32f7xx_hal_eth.c **** { 
 2470              		.loc 1 2165 13 view .LVU975
 2471              	.LBB35:
2167:./src/stm32f7xx_hal_eth.c ****   
 2472              		.loc 1 2167 3 view .LVU976
2167:./src/stm32f7xx_hal_eth.c ****   
 2473              		.loc 1 2167 17 is_stmt 0 view .LVU977
 2474 07f2 0295     		str	r5, [sp, #8]
2170:./src/stm32f7xx_hal_eth.c ****   
 2475              		.loc 1 2170 3 is_stmt 1 view .LVU978
2170:./src/stm32f7xx_hal_eth.c ****   
 2476              		.loc 1 2170 19 is_stmt 0 view .LVU979
 2477 07f4 1A68     		ldr	r2, [r3]
2170:./src/stm32f7xx_hal_eth.c ****   
 2478              		.loc 1 2170 27 view .LVU980
 2479 07f6 42F00402 		orr	r2, r2, #4
 2480 07fa 1A60     		str	r2, [r3]
2174:./src/stm32f7xx_hal_eth.c ****   HAL_Delay(ETH_REG_WRITE_DELAY);
 2481              		.loc 1 2174 3 is_stmt 1 view .LVU981
2174:./src/stm32f7xx_hal_eth.c ****   HAL_Delay(ETH_REG_WRITE_DELAY);
 2482              		.loc 1 2174 28 is_stmt 0 view .LVU982
 2483 07fc 1B68     		ldr	r3, [r3]
2174:./src/stm32f7xx_hal_eth.c ****   HAL_Delay(ETH_REG_WRITE_DELAY);
 2484              		.loc 1 2174 10 view .LVU983
 2485 07fe 0293     		str	r3, [sp, #8]
 2486              		.loc 1 2175 3 is_stmt 1 view .LVU984
 2487 0800 FFF7FEFF 		bl	HAL_Delay
 2488              	.LVL187:
2176:./src/stm32f7xx_hal_eth.c ****   (heth->Instance)->MACCR = tmpreg;
 2489              		.loc 1 2176 3 view .LVU985
 2490              		.loc 1 2176 27 is_stmt 0 view .LVU986
 2491 0804 029A     		ldr	r2, [sp, #8]
 2492              	.LBE35:
 2493              	.LBE38:
 2494              	.LBB39:
 2495              	.LBB40:
2177:./src/stm32f7xx_hal_eth.c **** }
2178:./src/stm32f7xx_hal_eth.c **** 
2179:./src/stm32f7xx_hal_eth.c **** /**
2180:./src/stm32f7xx_hal_eth.c ****   * @brief  Disables the MAC reception.
2181:./src/stm32f7xx_hal_eth.c ****   * @param  heth pointer to a ETH_HandleTypeDef structure that contains
2182:./src/stm32f7xx_hal_eth.c ****   *         the configuration information for ETHERNET module   
2183:./src/stm32f7xx_hal_eth.c ****   * @retval None
2184:./src/stm32f7xx_hal_eth.c ****   */
2185:./src/stm32f7xx_hal_eth.c **** static void ETH_MACReceptionDisable(ETH_HandleTypeDef *heth)
2186:./src/stm32f7xx_hal_eth.c **** { 
2187:./src/stm32f7xx_hal_eth.c ****   __IO uint32_t tmpreg = 0;
2188:./src/stm32f7xx_hal_eth.c ****   
2189:./src/stm32f7xx_hal_eth.c ****   /* Disable the MAC reception */
2190:./src/stm32f7xx_hal_eth.c ****   (heth->Instance)->MACCR &= ~ETH_MACCR_RE; 
2191:./src/stm32f7xx_hal_eth.c ****   
2192:./src/stm32f7xx_hal_eth.c ****   /* Wait until the write operation will be taken into account:
2193:./src/stm32f7xx_hal_eth.c ****      at least four TX_CLK/RX_CLK clock cycles */
2194:./src/stm32f7xx_hal_eth.c ****   tmpreg = (heth->Instance)->MACCR;
2195:./src/stm32f7xx_hal_eth.c ****   HAL_Delay(ETH_REG_WRITE_DELAY);
2196:./src/stm32f7xx_hal_eth.c ****   (heth->Instance)->MACCR = tmpreg;
2197:./src/stm32f7xx_hal_eth.c **** }
2198:./src/stm32f7xx_hal_eth.c **** 
2199:./src/stm32f7xx_hal_eth.c **** /**
2200:./src/stm32f7xx_hal_eth.c ****   * @brief  Enables the DMA transmission.
2201:./src/stm32f7xx_hal_eth.c ****   * @param  heth pointer to a ETH_HandleTypeDef structure that contains
2202:./src/stm32f7xx_hal_eth.c ****   *         the configuration information for ETHERNET module   
2203:./src/stm32f7xx_hal_eth.c ****   * @retval None
2204:./src/stm32f7xx_hal_eth.c ****   */
2205:./src/stm32f7xx_hal_eth.c **** static void ETH_DMATransmissionEnable(ETH_HandleTypeDef *heth)
2206:./src/stm32f7xx_hal_eth.c **** {
2207:./src/stm32f7xx_hal_eth.c ****   /* Enable the DMA transmission */
2208:./src/stm32f7xx_hal_eth.c ****   (heth->Instance)->DMAOMR |= ETH_DMAOMR_ST;  
2209:./src/stm32f7xx_hal_eth.c **** }
2210:./src/stm32f7xx_hal_eth.c **** 
2211:./src/stm32f7xx_hal_eth.c **** /**
2212:./src/stm32f7xx_hal_eth.c ****   * @brief  Disables the DMA transmission.
2213:./src/stm32f7xx_hal_eth.c ****   * @param  heth pointer to a ETH_HandleTypeDef structure that contains
2214:./src/stm32f7xx_hal_eth.c ****   *         the configuration information for ETHERNET module   
2215:./src/stm32f7xx_hal_eth.c ****   * @retval None
2216:./src/stm32f7xx_hal_eth.c ****   */
2217:./src/stm32f7xx_hal_eth.c **** static void ETH_DMATransmissionDisable(ETH_HandleTypeDef *heth)
2218:./src/stm32f7xx_hal_eth.c **** { 
2219:./src/stm32f7xx_hal_eth.c ****   /* Disable the DMA transmission */
2220:./src/stm32f7xx_hal_eth.c ****   (heth->Instance)->DMAOMR &= ~ETH_DMAOMR_ST;
2221:./src/stm32f7xx_hal_eth.c **** }
2222:./src/stm32f7xx_hal_eth.c **** 
2223:./src/stm32f7xx_hal_eth.c **** /**
2224:./src/stm32f7xx_hal_eth.c ****   * @brief  Enables the DMA reception.
2225:./src/stm32f7xx_hal_eth.c ****   * @param  heth pointer to a ETH_HandleTypeDef structure that contains
2226:./src/stm32f7xx_hal_eth.c ****   *         the configuration information for ETHERNET module 
2227:./src/stm32f7xx_hal_eth.c ****   * @retval None
2228:./src/stm32f7xx_hal_eth.c ****   */
2229:./src/stm32f7xx_hal_eth.c **** static void ETH_DMAReceptionEnable(ETH_HandleTypeDef *heth)
2230:./src/stm32f7xx_hal_eth.c **** {  
2231:./src/stm32f7xx_hal_eth.c ****   /* Enable the DMA reception */
2232:./src/stm32f7xx_hal_eth.c ****   (heth->Instance)->DMAOMR |= ETH_DMAOMR_SR;  
2233:./src/stm32f7xx_hal_eth.c **** }
2234:./src/stm32f7xx_hal_eth.c **** 
2235:./src/stm32f7xx_hal_eth.c **** /**
2236:./src/stm32f7xx_hal_eth.c ****   * @brief  Disables the DMA reception.
2237:./src/stm32f7xx_hal_eth.c ****   * @param  heth pointer to a ETH_HandleTypeDef structure that contains
2238:./src/stm32f7xx_hal_eth.c ****   *         the configuration information for ETHERNET module 
2239:./src/stm32f7xx_hal_eth.c ****   * @retval None
2240:./src/stm32f7xx_hal_eth.c ****   */
2241:./src/stm32f7xx_hal_eth.c **** static void ETH_DMAReceptionDisable(ETH_HandleTypeDef *heth)
2242:./src/stm32f7xx_hal_eth.c **** { 
2243:./src/stm32f7xx_hal_eth.c ****   /* Disable the DMA reception */
2244:./src/stm32f7xx_hal_eth.c ****   (heth->Instance)->DMAOMR &= ~ETH_DMAOMR_SR;
2245:./src/stm32f7xx_hal_eth.c **** }
2246:./src/stm32f7xx_hal_eth.c **** 
2247:./src/stm32f7xx_hal_eth.c **** /**
2248:./src/stm32f7xx_hal_eth.c ****   * @brief  Clears the ETHERNET transmit FIFO.
2249:./src/stm32f7xx_hal_eth.c ****   * @param  heth pointer to a ETH_HandleTypeDef structure that contains
2250:./src/stm32f7xx_hal_eth.c ****   *         the configuration information for ETHERNET module
2251:./src/stm32f7xx_hal_eth.c ****   * @retval None
2252:./src/stm32f7xx_hal_eth.c ****   */
2253:./src/stm32f7xx_hal_eth.c **** static void ETH_FlushTransmitFIFO(ETH_HandleTypeDef *heth)
2254:./src/stm32f7xx_hal_eth.c **** {
2255:./src/stm32f7xx_hal_eth.c ****   __IO uint32_t tmpreg = 0;
2256:./src/stm32f7xx_hal_eth.c ****   
2257:./src/stm32f7xx_hal_eth.c ****   /* Set the Flush Transmit FIFO bit */
2258:./src/stm32f7xx_hal_eth.c ****   (heth->Instance)->DMAOMR |= ETH_DMAOMR_FTF;
2259:./src/stm32f7xx_hal_eth.c ****   
2260:./src/stm32f7xx_hal_eth.c ****   /* Wait until the write operation will be taken into account:
2261:./src/stm32f7xx_hal_eth.c ****      at least four TX_CLK/RX_CLK clock cycles */
2262:./src/stm32f7xx_hal_eth.c ****   tmpreg = (heth->Instance)->DMAOMR;
2263:./src/stm32f7xx_hal_eth.c ****   HAL_Delay(ETH_REG_WRITE_DELAY);
 2496              		.loc 1 2263 3 view .LVU987
 2497 0806 3046     		mov	r0, r6
 2498              	.LBE40:
 2499              	.LBE39:
 2500              	.LBB43:
 2501              	.LBB36:
2176:./src/stm32f7xx_hal_eth.c ****   (heth->Instance)->MACCR = tmpreg;
 2502              		.loc 1 2176 8 view .LVU988
 2503 0808 2368     		ldr	r3, [r4]
2176:./src/stm32f7xx_hal_eth.c ****   (heth->Instance)->MACCR = tmpreg;
 2504              		.loc 1 2176 27 view .LVU989
 2505 080a 1A60     		str	r2, [r3]
 2506              	.LVL188:
2176:./src/stm32f7xx_hal_eth.c ****   (heth->Instance)->MACCR = tmpreg;
 2507              		.loc 1 2176 27 view .LVU990
 2508              	.LBE36:
 2509              	.LBE43:
1475:./src/stm32f7xx_hal_eth.c ****   
 2510              		.loc 1 1475 3 is_stmt 1 view .LVU991
 2511              	.LBB44:
 2512              	.LBI39:
2253:./src/stm32f7xx_hal_eth.c **** {
 2513              		.loc 1 2253 13 view .LVU992
 2514              	.LBB41:
2255:./src/stm32f7xx_hal_eth.c ****   
 2515              		.loc 1 2255 3 view .LVU993
2258:./src/stm32f7xx_hal_eth.c ****   
 2516              		.loc 1 2258 19 is_stmt 0 view .LVU994
 2517 080c 03F58053 		add	r3, r3, #4096
2255:./src/stm32f7xx_hal_eth.c ****   
 2518              		.loc 1 2255 17 view .LVU995
 2519 0810 0195     		str	r5, [sp, #4]
2258:./src/stm32f7xx_hal_eth.c ****   
 2520              		.loc 1 2258 3 is_stmt 1 view .LVU996
2258:./src/stm32f7xx_hal_eth.c ****   
 2521              		.loc 1 2258 19 is_stmt 0 view .LVU997
 2522 0812 9A69     		ldr	r2, [r3, #24]
2258:./src/stm32f7xx_hal_eth.c ****   
 2523              		.loc 1 2258 28 view .LVU998
 2524 0814 42F48012 		orr	r2, r2, #1048576
 2525 0818 9A61     		str	r2, [r3, #24]
2262:./src/stm32f7xx_hal_eth.c ****   HAL_Delay(ETH_REG_WRITE_DELAY);
 2526              		.loc 1 2262 3 is_stmt 1 view .LVU999
2262:./src/stm32f7xx_hal_eth.c ****   HAL_Delay(ETH_REG_WRITE_DELAY);
 2527              		.loc 1 2262 28 is_stmt 0 view .LVU1000
 2528 081a 9B69     		ldr	r3, [r3, #24]
2262:./src/stm32f7xx_hal_eth.c ****   HAL_Delay(ETH_REG_WRITE_DELAY);
 2529              		.loc 1 2262 10 view .LVU1001
 2530 081c 0193     		str	r3, [sp, #4]
 2531              		.loc 1 2263 3 is_stmt 1 view .LVU1002
 2532 081e FFF7FEFF 		bl	HAL_Delay
 2533              	.LVL189:
2264:./src/stm32f7xx_hal_eth.c ****   (heth->Instance)->DMAOMR = tmpreg;
 2534              		.loc 1 2264 3 view .LVU1003
 2535              		.loc 1 2264 8 is_stmt 0 view .LVU1004
 2536 0822 2368     		ldr	r3, [r4]
 2537              	.LBE41:
 2538              	.LBE44:
1490:./src/stm32f7xx_hal_eth.c **** }
 2539              		.loc 1 1490 10 view .LVU1005
 2540 0824 2846     		mov	r0, r5
 2541              	.LBB45:
 2542              	.LBB42:
 2543              		.loc 1 2264 28 view .LVU1006
 2544 0826 019A     		ldr	r2, [sp, #4]
 2545 0828 03F58053 		add	r3, r3, #4096
 2546 082c 9A61     		str	r2, [r3, #24]
 2547              	.LVL190:
 2548              		.loc 1 2264 28 view .LVU1007
 2549              	.LBE42:
 2550              	.LBE45:
1478:./src/stm32f7xx_hal_eth.c ****   
 2551              		.loc 1 1478 3 is_stmt 1 view .LVU1008
 2552              	.LBB46:
 2553              	.LBI46:
2205:./src/stm32f7xx_hal_eth.c **** {
 2554              		.loc 1 2205 13 view .LVU1009
 2555              	.LBB47:
2208:./src/stm32f7xx_hal_eth.c **** }
 2556              		.loc 1 2208 3 view .LVU1010
2208:./src/stm32f7xx_hal_eth.c **** }
 2557              		.loc 1 2208 19 is_stmt 0 view .LVU1011
 2558 082e 9A69     		ldr	r2, [r3, #24]
2208:./src/stm32f7xx_hal_eth.c **** }
 2559              		.loc 1 2208 28 view .LVU1012
 2560 0830 42F40052 		orr	r2, r2, #8192
 2561 0834 9A61     		str	r2, [r3, #24]
 2562              	.LVL191:
2208:./src/stm32f7xx_hal_eth.c **** }
 2563              		.loc 1 2208 28 view .LVU1013
 2564              	.LBE47:
 2565              	.LBE46:
1481:./src/stm32f7xx_hal_eth.c ****   
 2566              		.loc 1 1481 3 is_stmt 1 view .LVU1014
 2567              	.LBB48:
 2568              	.LBI48:
2229:./src/stm32f7xx_hal_eth.c **** {  
 2569              		.loc 1 2229 13 view .LVU1015
 2570              	.LBB49:
2232:./src/stm32f7xx_hal_eth.c **** }
 2571              		.loc 1 2232 3 view .LVU1016
2232:./src/stm32f7xx_hal_eth.c **** }
 2572              		.loc 1 2232 19 is_stmt 0 view .LVU1017
 2573 0836 9A69     		ldr	r2, [r3, #24]
2232:./src/stm32f7xx_hal_eth.c **** }
 2574              		.loc 1 2232 28 view .LVU1018
 2575 0838 42F00202 		orr	r2, r2, #2
 2576 083c 9A61     		str	r2, [r3, #24]
 2577              	.LVL192:
2232:./src/stm32f7xx_hal_eth.c **** }
 2578              		.loc 1 2232 28 view .LVU1019
 2579              	.LBE49:
 2580              	.LBE48:
1484:./src/stm32f7xx_hal_eth.c ****   
 2581              		.loc 1 1484 3 is_stmt 1 view .LVU1020
1484:./src/stm32f7xx_hal_eth.c ****   
 2582              		.loc 1 1484 14 is_stmt 0 view .LVU1021
 2583 083e 84F84460 		strb	r6, [r4, #68]
1487:./src/stm32f7xx_hal_eth.c ****   
 2584              		.loc 1 1487 3 is_stmt 1 view .LVU1022
1487:./src/stm32f7xx_hal_eth.c ****   
 2585              		.loc 1 1487 3 view .LVU1023
 2586 0842 84F84550 		strb	r5, [r4, #69]
1487:./src/stm32f7xx_hal_eth.c ****   
 2587              		.loc 1 1487 3 view .LVU1024
1490:./src/stm32f7xx_hal_eth.c **** }
 2588              		.loc 1 1490 3 view .LVU1025
1491:./src/stm32f7xx_hal_eth.c **** 
 2589              		.loc 1 1491 1 is_stmt 0 view .LVU1026
 2590 0846 04B0     		add	sp, sp, #16
 2591              	.LCFI34:
 2592              		.cfi_def_cfa_offset 16
 2593              		@ sp needed
 2594 0848 70BD     		pop	{r4, r5, r6, pc}
 2595              	.LVL193:
 2596              	.L174:
 2597              	.LCFI35:
 2598              		.cfi_def_cfa_offset 0
 2599              		.cfi_restore 4
 2600              		.cfi_restore 5
 2601              		.cfi_restore 6
 2602              		.cfi_restore 14
1463:./src/stm32f7xx_hal_eth.c ****   
 2603              		.loc 1 1463 3 discriminator 1 view .LVU1027
 2604 084a 0220     		movs	r0, #2
 2605              	.LVL194:
1491:./src/stm32f7xx_hal_eth.c **** 
 2606              		.loc 1 1491 1 view .LVU1028
 2607 084c 7047     		bx	lr
 2608              		.cfi_endproc
 2609              	.LFE159:
 2611              		.align	1
 2612 084e 00BF     		.p2align 2,,3
 2613              		.global	HAL_ETH_Stop
 2614              		.syntax unified
 2615              		.thumb
 2616              		.thumb_func
 2618              	HAL_ETH_Stop:
 2619              	.LVL195:
 2620              	.LFB160:
1500:./src/stm32f7xx_hal_eth.c ****   /* Process Locked */
 2621              		.loc 1 1500 1 is_stmt 1 view -0
 2622              		.cfi_startproc
 2623              		@ args = 0, pretend = 0, frame = 16
 2624              		@ frame_needed = 0, uses_anonymous_args = 0
1502:./src/stm32f7xx_hal_eth.c ****   
 2625              		.loc 1 1502 3 view .LVU1030
1502:./src/stm32f7xx_hal_eth.c ****   
 2626              		.loc 1 1502 3 view .LVU1031
 2627 0850 90F84530 		ldrb	r3, [r0, #69]	@ zero_extendqisi2
 2628 0854 012B     		cmp	r3, #1
 2629 0856 46D0     		beq	.L181
 2630              	.LBB60:
 2631              	.LBB61:
2220:./src/stm32f7xx_hal_eth.c **** }
 2632              		.loc 1 2220 8 is_stmt 0 view .LVU1032
 2633 0858 0368     		ldr	r3, [r0]
 2634              	.LBE61:
 2635              	.LBE60:
1505:./src/stm32f7xx_hal_eth.c ****   
 2636              		.loc 1 1505 15 view .LVU1033
 2637 085a 0221     		movs	r1, #2
1500:./src/stm32f7xx_hal_eth.c ****   /* Process Locked */
 2638              		.loc 1 1500 1 view .LVU1034
 2639 085c 70B5     		push	{r4, r5, r6, lr}
 2640              	.LCFI36:
 2641              		.cfi_def_cfa_offset 16
 2642              		.cfi_offset 4, -16
 2643              		.cfi_offset 5, -12
 2644              		.cfi_offset 6, -8
 2645              		.cfi_offset 14, -4
 2646              	.LBB66:
 2647              	.LBB62:
2220:./src/stm32f7xx_hal_eth.c **** }
 2648              		.loc 1 2220 19 view .LVU1035
 2649 085e 03F58052 		add	r2, r3, #4096
 2650              	.LBE62:
 2651              	.LBE66:
1502:./src/stm32f7xx_hal_eth.c ****   
 2652              		.loc 1 1502 3 discriminator 2 view .LVU1036
 2653 0862 0126     		movs	r6, #1
1500:./src/stm32f7xx_hal_eth.c ****   /* Process Locked */
 2654              		.loc 1 1500 1 view .LVU1037
 2655 0864 84B0     		sub	sp, sp, #16
 2656              	.LCFI37:
 2657              		.cfi_def_cfa_offset 32
1505:./src/stm32f7xx_hal_eth.c ****   
 2658              		.loc 1 1505 15 view .LVU1038
 2659 0866 80F84410 		strb	r1, [r0, #68]
1502:./src/stm32f7xx_hal_eth.c ****   
 2660              		.loc 1 1502 3 discriminator 2 view .LVU1039
 2661 086a 80F84560 		strb	r6, [r0, #69]
 2662              	.LBB67:
 2663              	.LBB68:
2187:./src/stm32f7xx_hal_eth.c ****   
 2664              		.loc 1 2187 17 view .LVU1040
 2665 086e 0025     		movs	r5, #0
 2666              	.LBE68:
 2667              	.LBE67:
 2668              	.LBB72:
 2669              	.LBB63:
2220:./src/stm32f7xx_hal_eth.c **** }
 2670              		.loc 1 2220 19 view .LVU1041
 2671 0870 9169     		ldr	r1, [r2, #24]
 2672 0872 0446     		mov	r4, r0
 2673              	.LBE63:
 2674              	.LBE72:
1502:./src/stm32f7xx_hal_eth.c ****   
 2675              		.loc 1 1502 3 is_stmt 1 discriminator 2 view .LVU1042
1502:./src/stm32f7xx_hal_eth.c ****   
 2676              		.loc 1 1502 3 discriminator 2 view .LVU1043
1505:./src/stm32f7xx_hal_eth.c ****   
 2677              		.loc 1 1505 3 view .LVU1044
1508:./src/stm32f7xx_hal_eth.c ****   
 2678              		.loc 1 1508 3 view .LVU1045
 2679              	.LVL196:
 2680              	.LBB73:
 2681              	.LBI60:
2217:./src/stm32f7xx_hal_eth.c **** { 
 2682              		.loc 1 2217 13 view .LVU1046
 2683              	.LBB64:
2220:./src/stm32f7xx_hal_eth.c **** }
 2684              		.loc 1 2220 3 view .LVU1047
 2685              	.LBE64:
 2686              	.LBE73:
 2687              	.LBB74:
 2688              	.LBB69:
2195:./src/stm32f7xx_hal_eth.c ****   (heth->Instance)->MACCR = tmpreg;
 2689              		.loc 1 2195 3 is_stmt 0 view .LVU1048
 2690 0874 3046     		mov	r0, r6
 2691              	.LVL197:
2195:./src/stm32f7xx_hal_eth.c ****   (heth->Instance)->MACCR = tmpreg;
 2692              		.loc 1 2195 3 view .LVU1049
 2693              	.LBE69:
 2694              	.LBE74:
 2695              	.LBB75:
 2696              	.LBB65:
2220:./src/stm32f7xx_hal_eth.c **** }
 2697              		.loc 1 2220 28 view .LVU1050
 2698 0876 21F40051 		bic	r1, r1, #8192
 2699 087a 9161     		str	r1, [r2, #24]
 2700              	.LVL198:
2220:./src/stm32f7xx_hal_eth.c **** }
 2701              		.loc 1 2220 28 view .LVU1051
 2702              	.LBE65:
 2703              	.LBE75:
1511:./src/stm32f7xx_hal_eth.c ****   
 2704              		.loc 1 1511 3 is_stmt 1 view .LVU1052
 2705              	.LBB76:
 2706              	.LBI76:
2241:./src/stm32f7xx_hal_eth.c **** { 
 2707              		.loc 1 2241 13 view .LVU1053
 2708              	.LBB77:
2244:./src/stm32f7xx_hal_eth.c **** }
 2709              		.loc 1 2244 3 view .LVU1054
2244:./src/stm32f7xx_hal_eth.c **** }
 2710              		.loc 1 2244 19 is_stmt 0 view .LVU1055
 2711 087c 9169     		ldr	r1, [r2, #24]
2244:./src/stm32f7xx_hal_eth.c **** }
 2712              		.loc 1 2244 28 view .LVU1056
 2713 087e 21F00201 		bic	r1, r1, #2
 2714 0882 9161     		str	r1, [r2, #24]
 2715              	.LVL199:
2244:./src/stm32f7xx_hal_eth.c **** }
 2716              		.loc 1 2244 28 view .LVU1057
 2717              	.LBE77:
 2718              	.LBE76:
1514:./src/stm32f7xx_hal_eth.c ****   
 2719              		.loc 1 1514 3 is_stmt 1 view .LVU1058
 2720              	.LBB78:
 2721              	.LBI67:
2185:./src/stm32f7xx_hal_eth.c **** { 
 2722              		.loc 1 2185 13 view .LVU1059
 2723              	.LBB70:
2187:./src/stm32f7xx_hal_eth.c ****   
 2724              		.loc 1 2187 3 view .LVU1060
2187:./src/stm32f7xx_hal_eth.c ****   
 2725              		.loc 1 2187 17 is_stmt 0 view .LVU1061
 2726 0884 0395     		str	r5, [sp, #12]
2190:./src/stm32f7xx_hal_eth.c ****   
 2727              		.loc 1 2190 3 is_stmt 1 view .LVU1062
2190:./src/stm32f7xx_hal_eth.c ****   
 2728              		.loc 1 2190 19 is_stmt 0 view .LVU1063
 2729 0886 1A68     		ldr	r2, [r3]
2190:./src/stm32f7xx_hal_eth.c ****   
 2730              		.loc 1 2190 27 view .LVU1064
 2731 0888 22F00402 		bic	r2, r2, #4
 2732 088c 1A60     		str	r2, [r3]
2194:./src/stm32f7xx_hal_eth.c ****   HAL_Delay(ETH_REG_WRITE_DELAY);
 2733              		.loc 1 2194 3 is_stmt 1 view .LVU1065
2194:./src/stm32f7xx_hal_eth.c ****   HAL_Delay(ETH_REG_WRITE_DELAY);
 2734              		.loc 1 2194 28 is_stmt 0 view .LVU1066
 2735 088e 1B68     		ldr	r3, [r3]
2194:./src/stm32f7xx_hal_eth.c ****   HAL_Delay(ETH_REG_WRITE_DELAY);
 2736              		.loc 1 2194 10 view .LVU1067
 2737 0890 0393     		str	r3, [sp, #12]
2195:./src/stm32f7xx_hal_eth.c ****   (heth->Instance)->MACCR = tmpreg;
 2738              		.loc 1 2195 3 is_stmt 1 view .LVU1068
 2739 0892 FFF7FEFF 		bl	HAL_Delay
 2740              	.LVL200:
2196:./src/stm32f7xx_hal_eth.c **** }
 2741              		.loc 1 2196 3 view .LVU1069
2196:./src/stm32f7xx_hal_eth.c **** }
 2742              		.loc 1 2196 27 is_stmt 0 view .LVU1070
 2743 0896 039A     		ldr	r2, [sp, #12]
 2744              	.LBE70:
 2745              	.LBE78:
 2746              	.LBB79:
 2747              	.LBB80:
2263:./src/stm32f7xx_hal_eth.c ****   (heth->Instance)->DMAOMR = tmpreg;
 2748              		.loc 1 2263 3 view .LVU1071
 2749 0898 3046     		mov	r0, r6
 2750              	.LBE80:
 2751              	.LBE79:
 2752              	.LBB83:
 2753              	.LBB71:
2196:./src/stm32f7xx_hal_eth.c **** }
 2754              		.loc 1 2196 8 view .LVU1072
 2755 089a 2368     		ldr	r3, [r4]
2196:./src/stm32f7xx_hal_eth.c **** }
 2756              		.loc 1 2196 27 view .LVU1073
 2757 089c 1A60     		str	r2, [r3]
 2758              	.LVL201:
2196:./src/stm32f7xx_hal_eth.c **** }
 2759              		.loc 1 2196 27 view .LVU1074
 2760              	.LBE71:
 2761              	.LBE83:
1517:./src/stm32f7xx_hal_eth.c ****   
 2762              		.loc 1 1517 3 is_stmt 1 view .LVU1075
 2763              	.LBB84:
 2764              	.LBI79:
2253:./src/stm32f7xx_hal_eth.c **** {
 2765              		.loc 1 2253 13 view .LVU1076
 2766              	.LBB81:
2255:./src/stm32f7xx_hal_eth.c ****   
 2767              		.loc 1 2255 3 view .LVU1077
2258:./src/stm32f7xx_hal_eth.c ****   
 2768              		.loc 1 2258 19 is_stmt 0 view .LVU1078
 2769 089e 03F58053 		add	r3, r3, #4096
2255:./src/stm32f7xx_hal_eth.c ****   
 2770              		.loc 1 2255 17 view .LVU1079
 2771 08a2 0295     		str	r5, [sp, #8]
2258:./src/stm32f7xx_hal_eth.c ****   
 2772              		.loc 1 2258 3 is_stmt 1 view .LVU1080
2258:./src/stm32f7xx_hal_eth.c ****   
 2773              		.loc 1 2258 19 is_stmt 0 view .LVU1081
 2774 08a4 9A69     		ldr	r2, [r3, #24]
2258:./src/stm32f7xx_hal_eth.c ****   
 2775              		.loc 1 2258 28 view .LVU1082
 2776 08a6 42F48012 		orr	r2, r2, #1048576
 2777 08aa 9A61     		str	r2, [r3, #24]
2262:./src/stm32f7xx_hal_eth.c ****   HAL_Delay(ETH_REG_WRITE_DELAY);
 2778              		.loc 1 2262 3 is_stmt 1 view .LVU1083
2262:./src/stm32f7xx_hal_eth.c ****   HAL_Delay(ETH_REG_WRITE_DELAY);
 2779              		.loc 1 2262 28 is_stmt 0 view .LVU1084
 2780 08ac 9B69     		ldr	r3, [r3, #24]
2262:./src/stm32f7xx_hal_eth.c ****   HAL_Delay(ETH_REG_WRITE_DELAY);
 2781              		.loc 1 2262 10 view .LVU1085
 2782 08ae 0293     		str	r3, [sp, #8]
2263:./src/stm32f7xx_hal_eth.c ****   (heth->Instance)->DMAOMR = tmpreg;
 2783              		.loc 1 2263 3 is_stmt 1 view .LVU1086
 2784 08b0 FFF7FEFF 		bl	HAL_Delay
 2785              	.LVL202:
 2786              		.loc 1 2264 3 view .LVU1087
 2787              		.loc 1 2264 8 is_stmt 0 view .LVU1088
 2788 08b4 2368     		ldr	r3, [r4]
 2789              	.LBE81:
 2790              	.LBE84:
 2791              	.LBB85:
 2792              	.LBB86:
2155:./src/stm32f7xx_hal_eth.c ****   (heth->Instance)->MACCR = tmpreg;
 2793              		.loc 1 2155 3 view .LVU1089
 2794 08b6 3046     		mov	r0, r6
 2795              	.LBE86:
 2796              	.LBE85:
 2797              	.LBB89:
 2798              	.LBB82:
 2799              		.loc 1 2264 28 view .LVU1090
 2800 08b8 0299     		ldr	r1, [sp, #8]
 2801 08ba 03F58052 		add	r2, r3, #4096
 2802 08be 9161     		str	r1, [r2, #24]
 2803              	.LVL203:
 2804              		.loc 1 2264 28 view .LVU1091
 2805              	.LBE82:
 2806              	.LBE89:
1520:./src/stm32f7xx_hal_eth.c ****   
 2807              		.loc 1 1520 3 is_stmt 1 view .LVU1092
 2808              	.LBB90:
 2809              	.LBI85:
2145:./src/stm32f7xx_hal_eth.c **** { 
 2810              		.loc 1 2145 13 view .LVU1093
 2811              	.LBB87:
2147:./src/stm32f7xx_hal_eth.c ****   
 2812              		.loc 1 2147 3 view .LVU1094
2147:./src/stm32f7xx_hal_eth.c ****   
 2813              		.loc 1 2147 17 is_stmt 0 view .LVU1095
 2814 08c0 0195     		str	r5, [sp, #4]
2150:./src/stm32f7xx_hal_eth.c ****   
 2815              		.loc 1 2150 3 is_stmt 1 view .LVU1096
2150:./src/stm32f7xx_hal_eth.c ****   
 2816              		.loc 1 2150 19 is_stmt 0 view .LVU1097
 2817 08c2 1A68     		ldr	r2, [r3]
2150:./src/stm32f7xx_hal_eth.c ****   
 2818              		.loc 1 2150 27 view .LVU1098
 2819 08c4 22F00802 		bic	r2, r2, #8
 2820 08c8 1A60     		str	r2, [r3]
2154:./src/stm32f7xx_hal_eth.c ****   HAL_Delay(ETH_REG_WRITE_DELAY);
 2821              		.loc 1 2154 3 is_stmt 1 view .LVU1099
2154:./src/stm32f7xx_hal_eth.c ****   HAL_Delay(ETH_REG_WRITE_DELAY);
 2822              		.loc 1 2154 28 is_stmt 0 view .LVU1100
 2823 08ca 1B68     		ldr	r3, [r3]
2154:./src/stm32f7xx_hal_eth.c ****   HAL_Delay(ETH_REG_WRITE_DELAY);
 2824              		.loc 1 2154 10 view .LVU1101
 2825 08cc 0193     		str	r3, [sp, #4]
2155:./src/stm32f7xx_hal_eth.c ****   (heth->Instance)->MACCR = tmpreg;
 2826              		.loc 1 2155 3 is_stmt 1 view .LVU1102
 2827 08ce FFF7FEFF 		bl	HAL_Delay
 2828              	.LVL204:
2156:./src/stm32f7xx_hal_eth.c **** }
 2829              		.loc 1 2156 3 view .LVU1103
2156:./src/stm32f7xx_hal_eth.c **** }
 2830              		.loc 1 2156 27 is_stmt 0 view .LVU1104
 2831 08d2 019A     		ldr	r2, [sp, #4]
 2832              	.LBE87:
 2833              	.LBE90:
1529:./src/stm32f7xx_hal_eth.c **** }
 2834              		.loc 1 1529 10 view .LVU1105
 2835 08d4 2846     		mov	r0, r5
 2836              	.LBB91:
 2837              	.LBB88:
2156:./src/stm32f7xx_hal_eth.c **** }
 2838              		.loc 1 2156 8 view .LVU1106
 2839 08d6 2368     		ldr	r3, [r4]
2156:./src/stm32f7xx_hal_eth.c **** }
 2840              		.loc 1 2156 27 view .LVU1107
 2841 08d8 1A60     		str	r2, [r3]
 2842              	.LVL205:
2156:./src/stm32f7xx_hal_eth.c **** }
 2843              		.loc 1 2156 27 view .LVU1108
 2844              	.LBE88:
 2845              	.LBE91:
1523:./src/stm32f7xx_hal_eth.c ****   
 2846              		.loc 1 1523 3 is_stmt 1 view .LVU1109
1523:./src/stm32f7xx_hal_eth.c ****   
 2847              		.loc 1 1523 15 is_stmt 0 view .LVU1110
 2848 08da 84F84460 		strb	r6, [r4, #68]
1526:./src/stm32f7xx_hal_eth.c ****   
 2849              		.loc 1 1526 3 is_stmt 1 view .LVU1111
1526:./src/stm32f7xx_hal_eth.c ****   
 2850              		.loc 1 1526 3 view .LVU1112
 2851 08de 84F84550 		strb	r5, [r4, #69]
1526:./src/stm32f7xx_hal_eth.c ****   
 2852              		.loc 1 1526 3 view .LVU1113
1529:./src/stm32f7xx_hal_eth.c **** }
 2853              		.loc 1 1529 3 view .LVU1114
1530:./src/stm32f7xx_hal_eth.c **** 
 2854              		.loc 1 1530 1 is_stmt 0 view .LVU1115
 2855 08e2 04B0     		add	sp, sp, #16
 2856              	.LCFI38:
 2857              		.cfi_def_cfa_offset 16
 2858              		@ sp needed
 2859 08e4 70BD     		pop	{r4, r5, r6, pc}
 2860              	.LVL206:
 2861              	.L181:
 2862              	.LCFI39:
 2863              		.cfi_def_cfa_offset 0
 2864              		.cfi_restore 4
 2865              		.cfi_restore 5
 2866              		.cfi_restore 6
 2867              		.cfi_restore 14
1502:./src/stm32f7xx_hal_eth.c ****   
 2868              		.loc 1 1502 3 discriminator 1 view .LVU1116
 2869 08e6 0220     		movs	r0, #2
 2870              	.LVL207:
1530:./src/stm32f7xx_hal_eth.c **** 
 2871              		.loc 1 1530 1 view .LVU1117
 2872 08e8 7047     		bx	lr
 2873              		.cfi_endproc
 2874              	.LFE160:
 2876              		.align	1
 2877 08ea 00BF     		.p2align 2,,3
 2878              		.global	HAL_ETH_ConfigMAC
 2879              		.syntax unified
 2880              		.thumb
 2881              		.thumb_func
 2883              	HAL_ETH_ConfigMAC:
 2884              	.LVL208:
 2885              	.LFB161:
1540:./src/stm32f7xx_hal_eth.c ****   uint32_t tmpreg = 0;
 2886              		.loc 1 1540 1 is_stmt 1 view -0
 2887              		.cfi_startproc
 2888              		@ args = 0, pretend = 0, frame = 0
 2889              		@ frame_needed = 0, uses_anonymous_args = 0
1541:./src/stm32f7xx_hal_eth.c ****   
 2890              		.loc 1 1541 3 view .LVU1119
1544:./src/stm32f7xx_hal_eth.c ****   
 2891              		.loc 1 1544 3 view .LVU1120
1544:./src/stm32f7xx_hal_eth.c ****   
 2892              		.loc 1 1544 3 view .LVU1121
1540:./src/stm32f7xx_hal_eth.c ****   uint32_t tmpreg = 0;
 2893              		.loc 1 1540 1 is_stmt 0 view .LVU1122
 2894 08ec F8B5     		push	{r3, r4, r5, r6, r7, lr}
 2895              	.LCFI40:
 2896              		.cfi_def_cfa_offset 24
 2897              		.cfi_offset 3, -24
 2898              		.cfi_offset 4, -20
 2899              		.cfi_offset 5, -16
 2900              		.cfi_offset 6, -12
 2901              		.cfi_offset 7, -8
 2902              		.cfi_offset 14, -4
1544:./src/stm32f7xx_hal_eth.c ****   
 2903              		.loc 1 1544 3 view .LVU1123
 2904 08ee 90F84530 		ldrb	r3, [r0, #69]	@ zero_extendqisi2
 2905 08f2 012B     		cmp	r3, #1
 2906 08f4 00F08180 		beq	.L190
1544:./src/stm32f7xx_hal_eth.c ****   
 2907              		.loc 1 1544 3 is_stmt 1 discriminator 2 view .LVU1124
 2908 08f8 0C46     		mov	r4, r1
 2909 08fa 0126     		movs	r6, #1
1547:./src/stm32f7xx_hal_eth.c ****   
 2910              		.loc 1 1547 14 is_stmt 0 view .LVU1125
 2911 08fc 0223     		movs	r3, #2
 2912 08fe 0546     		mov	r5, r0
1585:./src/stm32f7xx_hal_eth.c ****     /* Clear WD, PCE, PS, TE and RE bits */
 2913              		.loc 1 1585 19 view .LVU1126
 2914 0900 0268     		ldr	r2, [r0]
1544:./src/stm32f7xx_hal_eth.c ****   
 2915              		.loc 1 1544 3 discriminator 2 view .LVU1127
 2916 0902 80F84560 		strb	r6, [r0, #69]
1544:./src/stm32f7xx_hal_eth.c ****   
 2917              		.loc 1 1544 3 is_stmt 1 discriminator 2 view .LVU1128
1547:./src/stm32f7xx_hal_eth.c ****   
 2918              		.loc 1 1547 3 view .LVU1129
1547:./src/stm32f7xx_hal_eth.c ****   
 2919              		.loc 1 1547 14 is_stmt 0 view .LVU1130
 2920 0906 80F84430 		strb	r3, [r0, #68]
1549:./src/stm32f7xx_hal_eth.c ****   assert_param(IS_ETH_DUPLEX_MODE(heth->Init.DuplexMode)); 
 2921              		.loc 1 1549 3 is_stmt 1 view .LVU1131
1550:./src/stm32f7xx_hal_eth.c ****   
 2922              		.loc 1 1550 3 view .LVU1132
1552:./src/stm32f7xx_hal_eth.c ****   {
 2923              		.loc 1 1552 3 view .LVU1133
1596:./src/stm32f7xx_hal_eth.c ****                          macconf->ChecksumOffload |    
 2924              		.loc 1 1596 38 is_stmt 0 view .LVU1134
 2925 090a D0E90201 		ldrd	r0, r1, [r0, #8]
 2926              	.LVL209:
1552:./src/stm32f7xx_hal_eth.c ****   {
 2927              		.loc 1 1552 6 view .LVU1135
 2928 090e 002C     		cmp	r4, #0
 2929 0910 65D0     		beq	.L188
1555:./src/stm32f7xx_hal_eth.c ****     assert_param(IS_ETH_JABBER(macconf->Jabber));
 2930              		.loc 1 1555 5 is_stmt 1 view .LVU1136
1556:./src/stm32f7xx_hal_eth.c ****     assert_param(IS_ETH_INTER_FRAME_GAP(macconf->InterFrameGap));
 2931              		.loc 1 1556 5 view .LVU1137
1557:./src/stm32f7xx_hal_eth.c ****     assert_param(IS_ETH_CARRIER_SENSE(macconf->CarrierSense));
 2932              		.loc 1 1557 5 view .LVU1138
1558:./src/stm32f7xx_hal_eth.c ****     assert_param(IS_ETH_RECEIVE_OWN(macconf->ReceiveOwn));
 2933              		.loc 1 1558 5 view .LVU1139
1559:./src/stm32f7xx_hal_eth.c ****     assert_param(IS_ETH_LOOPBACK_MODE(macconf->LoopbackMode));
 2934              		.loc 1 1559 5 view .LVU1140
1560:./src/stm32f7xx_hal_eth.c ****     assert_param(IS_ETH_CHECKSUM_OFFLOAD(macconf->ChecksumOffload));
 2935              		.loc 1 1560 5 view .LVU1141
1561:./src/stm32f7xx_hal_eth.c ****     assert_param(IS_ETH_RETRY_TRANSMISSION(macconf->RetryTransmission));
 2936              		.loc 1 1561 5 view .LVU1142
1562:./src/stm32f7xx_hal_eth.c ****     assert_param(IS_ETH_AUTOMATIC_PADCRC_STRIP(macconf->AutomaticPadCRCStrip));
 2937              		.loc 1 1562 5 view .LVU1143
1563:./src/stm32f7xx_hal_eth.c ****     assert_param(IS_ETH_BACKOFF_LIMIT(macconf->BackOffLimit));
 2938              		.loc 1 1563 5 view .LVU1144
1564:./src/stm32f7xx_hal_eth.c ****     assert_param(IS_ETH_DEFERRAL_CHECK(macconf->DeferralCheck));
 2939              		.loc 1 1564 5 view .LVU1145
1565:./src/stm32f7xx_hal_eth.c ****     assert_param(IS_ETH_RECEIVE_ALL(macconf->ReceiveAll));
 2940              		.loc 1 1565 5 view .LVU1146
1566:./src/stm32f7xx_hal_eth.c ****     assert_param(IS_ETH_SOURCE_ADDR_FILTER(macconf->SourceAddrFilter));
 2941              		.loc 1 1566 5 view .LVU1147
1567:./src/stm32f7xx_hal_eth.c ****     assert_param(IS_ETH_CONTROL_FRAMES(macconf->PassControlFrames));
 2942              		.loc 1 1567 5 view .LVU1148
1568:./src/stm32f7xx_hal_eth.c ****     assert_param(IS_ETH_BROADCAST_FRAMES_RECEPTION(macconf->BroadcastFramesReception));
 2943              		.loc 1 1568 5 view .LVU1149
1569:./src/stm32f7xx_hal_eth.c ****     assert_param(IS_ETH_DESTINATION_ADDR_FILTER(macconf->DestinationAddrFilter));
 2944              		.loc 1 1569 5 view .LVU1150
1570:./src/stm32f7xx_hal_eth.c ****     assert_param(IS_ETH_PROMISCUOUS_MODE(macconf->PromiscuousMode));
 2945              		.loc 1 1570 5 view .LVU1151
1571:./src/stm32f7xx_hal_eth.c ****     assert_param(IS_ETH_MULTICAST_FRAMES_FILTER(macconf->MulticastFramesFilter));
 2946              		.loc 1 1571 5 view .LVU1152
1572:./src/stm32f7xx_hal_eth.c ****     assert_param(IS_ETH_UNICAST_FRAMES_FILTER(macconf->UnicastFramesFilter));
 2947              		.loc 1 1572 5 view .LVU1153
1573:./src/stm32f7xx_hal_eth.c ****     assert_param(IS_ETH_PAUSE_TIME(macconf->PauseTime));
 2948              		.loc 1 1573 5 view .LVU1154
1574:./src/stm32f7xx_hal_eth.c ****     assert_param(IS_ETH_ZEROQUANTA_PAUSE(macconf->ZeroQuantaPause));
 2949              		.loc 1 1574 5 view .LVU1155
1575:./src/stm32f7xx_hal_eth.c ****     assert_param(IS_ETH_PAUSE_LOW_THRESHOLD(macconf->PauseLowThreshold));
 2950              		.loc 1 1575 5 view .LVU1156
1576:./src/stm32f7xx_hal_eth.c ****     assert_param(IS_ETH_UNICAST_PAUSE_FRAME_DETECT(macconf->UnicastPauseFrameDetect));
 2951              		.loc 1 1576 5 view .LVU1157
1577:./src/stm32f7xx_hal_eth.c ****     assert_param(IS_ETH_RECEIVE_FLOWCONTROL(macconf->ReceiveFlowControl));
 2952              		.loc 1 1577 5 view .LVU1158
1578:./src/stm32f7xx_hal_eth.c ****     assert_param(IS_ETH_TRANSMIT_FLOWCONTROL(macconf->TransmitFlowControl));
 2953              		.loc 1 1578 5 view .LVU1159
1579:./src/stm32f7xx_hal_eth.c ****     assert_param(IS_ETH_VLAN_TAG_COMPARISON(macconf->VLANTagComparison));
 2954              		.loc 1 1579 5 view .LVU1160
1580:./src/stm32f7xx_hal_eth.c ****     assert_param(IS_ETH_VLAN_TAG_IDENTIFIER(macconf->VLANTagIdentifier));
 2955              		.loc 1 1580 5 view .LVU1161
1581:./src/stm32f7xx_hal_eth.c ****     
 2956              		.loc 1 1581 5 view .LVU1162
1585:./src/stm32f7xx_hal_eth.c ****     /* Clear WD, PCE, PS, TE and RE bits */
 2957              		.loc 1 1585 5 view .LVU1163
1600:./src/stm32f7xx_hal_eth.c ****                          macconf->DeferralCheck);
 2958              		.loc 1 1600 48 is_stmt 0 view .LVU1164
 2959 0912 D4E90037 		ldrd	r3, r7, [r4]
 2960 0916 3B43     		orrs	r3, r3, r7
 2961 0918 A768     		ldr	r7, [r4, #8]
 2962 091a 3B43     		orrs	r3, r3, r7
 2963 091c E768     		ldr	r7, [r4, #12]
 2964 091e 3B43     		orrs	r3, r3, r7
 2965 0920 2769     		ldr	r7, [r4, #16]
 2966 0922 3B43     		orrs	r3, r3, r7
 2967 0924 6769     		ldr	r7, [r4, #20]
 2968 0926 3B43     		orrs	r3, r3, r7
 2969 0928 A769     		ldr	r7, [r4, #24]
 2970 092a 3B43     		orrs	r3, r3, r7
 2971 092c E769     		ldr	r7, [r4, #28]
 2972 092e 3B43     		orrs	r3, r3, r7
 2973 0930 276A     		ldr	r7, [r4, #32]
 2974 0932 3B43     		orrs	r3, r3, r7
 2975 0934 676A     		ldr	r7, [r4, #36]
 2976 0936 3B43     		orrs	r3, r3, r7
 2977 0938 A76A     		ldr	r7, [r4, #40]
 2978 093a 3B43     		orrs	r3, r3, r7
 2979 093c 0343     		orrs	r3, r3, r0
1585:./src/stm32f7xx_hal_eth.c ****     /* Clear WD, PCE, PS, TE and RE bits */
 2980              		.loc 1 1585 12 view .LVU1165
 2981 093e 1068     		ldr	r0, [r2]
 2982              	.LVL210:
1587:./src/stm32f7xx_hal_eth.c ****     
 2983              		.loc 1 1587 5 is_stmt 1 view .LVU1166
1600:./src/stm32f7xx_hal_eth.c ****                          macconf->DeferralCheck);
 2984              		.loc 1 1600 48 is_stmt 0 view .LVU1167
 2985 0940 0B43     		orrs	r3, r3, r1
1587:./src/stm32f7xx_hal_eth.c ****     
 2986              		.loc 1 1587 12 view .LVU1168
 2987 0942 2F49     		ldr	r1, .L192
 2988 0944 0140     		ands	r1, r1, r0
 2989              	.LVL211:
1589:./src/stm32f7xx_hal_eth.c ****                          macconf->Jabber | 
 2990              		.loc 1 1589 5 is_stmt 1 view .LVU1169
1609:./src/stm32f7xx_hal_eth.c ****     (heth->Instance)->MACCR = tmpreg; 
 2991              		.loc 1 1609 5 is_stmt 0 view .LVU1170
 2992 0946 3046     		mov	r0, r6
1589:./src/stm32f7xx_hal_eth.c ****                          macconf->Jabber | 
 2993              		.loc 1 1589 12 view .LVU1171
 2994 0948 0B43     		orrs	r3, r3, r1
 2995              	.LVL212:
1604:./src/stm32f7xx_hal_eth.c ****     
 2996              		.loc 1 1604 5 is_stmt 1 view .LVU1172
1604:./src/stm32f7xx_hal_eth.c ****     
 2997              		.loc 1 1604 29 is_stmt 0 view .LVU1173
 2998 094a 1360     		str	r3, [r2]
1608:./src/stm32f7xx_hal_eth.c ****     HAL_Delay(ETH_REG_WRITE_DELAY);
 2999              		.loc 1 1608 5 is_stmt 1 view .LVU1174
1608:./src/stm32f7xx_hal_eth.c ****     HAL_Delay(ETH_REG_WRITE_DELAY);
 3000              		.loc 1 1608 12 is_stmt 0 view .LVU1175
 3001 094c 1768     		ldr	r7, [r2]
 3002              	.LVL213:
1609:./src/stm32f7xx_hal_eth.c ****     (heth->Instance)->MACCR = tmpreg; 
 3003              		.loc 1 1609 5 is_stmt 1 view .LVU1176
 3004 094e FFF7FEFF 		bl	HAL_Delay
 3005              	.LVL214:
1610:./src/stm32f7xx_hal_eth.c ****     
 3006              		.loc 1 1610 5 view .LVU1177
1610:./src/stm32f7xx_hal_eth.c ****     
 3007              		.loc 1 1610 10 is_stmt 0 view .LVU1178
 3008 0952 2A68     		ldr	r2, [r5]
1626:./src/stm32f7xx_hal_eth.c ****      (heth->Instance)->MACFFR = tmpreg;
 3009              		.loc 1 1626 6 view .LVU1179
 3010 0954 3046     		mov	r0, r6
1614:./src/stm32f7xx_hal_eth.c ****                                           macconf->SourceAddrFilter |
 3011              		.loc 1 1614 63 view .LVU1180
 3012 0956 D4E90B31 		ldrd	r3, r1, [r4, #44]
1610:./src/stm32f7xx_hal_eth.c ****     
 3013              		.loc 1 1610 29 view .LVU1181
 3014 095a 1760     		str	r7, [r2]
1614:./src/stm32f7xx_hal_eth.c ****                                           macconf->SourceAddrFilter |
 3015              		.loc 1 1614 5 is_stmt 1 view .LVU1182
1614:./src/stm32f7xx_hal_eth.c ****                                           macconf->SourceAddrFilter |
 3016              		.loc 1 1614 63 is_stmt 0 view .LVU1183
 3017 095c 0B43     		orrs	r3, r3, r1
1615:./src/stm32f7xx_hal_eth.c ****                                           macconf->PassControlFrames |
 3018              		.loc 1 1615 69 view .LVU1184
 3019 095e 616B     		ldr	r1, [r4, #52]
 3020 0960 0B43     		orrs	r3, r3, r1
1616:./src/stm32f7xx_hal_eth.c ****                                           macconf->BroadcastFramesReception | 
 3021              		.loc 1 1616 70 view .LVU1185
 3022 0962 A16B     		ldr	r1, [r4, #56]
 3023 0964 0B43     		orrs	r3, r3, r1
1617:./src/stm32f7xx_hal_eth.c ****                                           macconf->DestinationAddrFilter |
 3024              		.loc 1 1617 77 view .LVU1186
 3025 0966 E16B     		ldr	r1, [r4, #60]
 3026 0968 0B43     		orrs	r3, r3, r1
1618:./src/stm32f7xx_hal_eth.c ****                                           macconf->PromiscuousMode |
 3027              		.loc 1 1618 74 view .LVU1187
 3028 096a 216C     		ldr	r1, [r4, #64]
 3029 096c 0B43     		orrs	r3, r3, r1
1619:./src/stm32f7xx_hal_eth.c ****                                           macconf->MulticastFramesFilter |
 3030              		.loc 1 1619 68 view .LVU1188
 3031 096e 616C     		ldr	r1, [r4, #68]
 3032 0970 0B43     		orrs	r3, r3, r1
1620:./src/stm32f7xx_hal_eth.c ****                                           macconf->UnicastFramesFilter);
 3033              		.loc 1 1620 74 view .LVU1189
 3034 0972 A16C     		ldr	r1, [r4, #72]
 3035 0974 0B43     		orrs	r3, r3, r1
1614:./src/stm32f7xx_hal_eth.c ****                                           macconf->SourceAddrFilter |
 3036              		.loc 1 1614 30 view .LVU1190
 3037 0976 5360     		str	r3, [r2, #4]
1625:./src/stm32f7xx_hal_eth.c ****      HAL_Delay(ETH_REG_WRITE_DELAY);
 3038              		.loc 1 1625 6 is_stmt 1 view .LVU1191
1625:./src/stm32f7xx_hal_eth.c ****      HAL_Delay(ETH_REG_WRITE_DELAY);
 3039              		.loc 1 1625 13 is_stmt 0 view .LVU1192
 3040 0978 5768     		ldr	r7, [r2, #4]
 3041              	.LVL215:
1626:./src/stm32f7xx_hal_eth.c ****      (heth->Instance)->MACFFR = tmpreg;
 3042              		.loc 1 1626 6 is_stmt 1 view .LVU1193
 3043 097a FFF7FEFF 		bl	HAL_Delay
 3044              	.LVL216:
1627:./src/stm32f7xx_hal_eth.c ****      
 3045              		.loc 1 1627 6 view .LVU1194
1627:./src/stm32f7xx_hal_eth.c ****      
 3046              		.loc 1 1627 11 is_stmt 0 view .LVU1195
 3047 097e 2A68     		ldr	r2, [r5]
1631:./src/stm32f7xx_hal_eth.c ****      
 3048              		.loc 1 1631 51 view .LVU1196
 3049 0980 E36C     		ldr	r3, [r4, #76]
1627:./src/stm32f7xx_hal_eth.c ****      
 3050              		.loc 1 1627 31 view .LVU1197
 3051 0982 5760     		str	r7, [r2, #4]
1631:./src/stm32f7xx_hal_eth.c ****      
 3052              		.loc 1 1631 6 is_stmt 1 view .LVU1198
1631:./src/stm32f7xx_hal_eth.c ****      
 3053              		.loc 1 1631 32 is_stmt 0 view .LVU1199
 3054 0984 9360     		str	r3, [r2, #8]
1634:./src/stm32f7xx_hal_eth.c ****      /*----------------------- ETHERNET MACFCR Configuration --------------------*/
 3055              		.loc 1 1634 6 is_stmt 1 view .LVU1200
1634:./src/stm32f7xx_hal_eth.c ****      /*----------------------- ETHERNET MACFCR Configuration --------------------*/
 3056              		.loc 1 1634 51 is_stmt 0 view .LVU1201
 3057 0986 236D     		ldr	r3, [r4, #80]
1634:./src/stm32f7xx_hal_eth.c ****      /*----------------------- ETHERNET MACFCR Configuration --------------------*/
 3058              		.loc 1 1634 32 view .LVU1202
 3059 0988 D360     		str	r3, [r2, #12]
1638:./src/stm32f7xx_hal_eth.c ****      /* Clear xx bits */
 3060              		.loc 1 1638 6 is_stmt 1 view .LVU1203
1638:./src/stm32f7xx_hal_eth.c ****      /* Clear xx bits */
 3061              		.loc 1 1638 13 is_stmt 0 view .LVU1204
 3062 098a 9169     		ldr	r1, [r2, #24]
 3063              	.LVL217:
1640:./src/stm32f7xx_hal_eth.c ****      
 3064              		.loc 1 1640 6 is_stmt 1 view .LVU1205
1646:./src/stm32f7xx_hal_eth.c ****                           macconf->TransmitFlowControl); 
 3065              		.loc 1 1646 55 is_stmt 0 view .LVU1206
 3066 098c D4E91630 		ldrd	r3, r0, [r4, #88]
 3067 0990 0343     		orrs	r3, r3, r0
 3068 0992 206E     		ldr	r0, [r4, #96]
 3069 0994 0343     		orrs	r3, r3, r0
 3070 0996 606E     		ldr	r0, [r4, #100]
 3071 0998 0343     		orrs	r3, r3, r0
 3072 099a A06E     		ldr	r0, [r4, #104]
 3073 099c 0343     		orrs	r3, r3, r0
1642:./src/stm32f7xx_hal_eth.c ****                           macconf->ZeroQuantaPause |
 3074              		.loc 1 1642 47 view .LVU1207
 3075 099e 606D     		ldr	r0, [r4, #84]
1646:./src/stm32f7xx_hal_eth.c ****                           macconf->TransmitFlowControl); 
 3076              		.loc 1 1646 55 view .LVU1208
 3077 09a0 43EA0043 		orr	r3, r3, r0, lsl #16
1640:./src/stm32f7xx_hal_eth.c ****      
 3078              		.loc 1 1640 13 view .LVU1209
 3079 09a4 4FF64170 		movw	r0, #65345
 3080 09a8 0140     		ands	r1, r1, r0
 3081              	.LVL218:
1642:./src/stm32f7xx_hal_eth.c ****                           macconf->ZeroQuantaPause |
 3082              		.loc 1 1642 6 is_stmt 1 view .LVU1210
1655:./src/stm32f7xx_hal_eth.c ****      (heth->Instance)->MACFCR = tmpreg;
 3083              		.loc 1 1655 6 is_stmt 0 view .LVU1211
 3084 09aa 3046     		mov	r0, r6
1642:./src/stm32f7xx_hal_eth.c ****                           macconf->ZeroQuantaPause |
 3085              		.loc 1 1642 13 view .LVU1212
 3086 09ac 0B43     		orrs	r3, r3, r1
 3087              	.LVL219:
1650:./src/stm32f7xx_hal_eth.c ****      
 3088              		.loc 1 1650 6 is_stmt 1 view .LVU1213
1650:./src/stm32f7xx_hal_eth.c ****      
 3089              		.loc 1 1650 31 is_stmt 0 view .LVU1214
 3090 09ae 9361     		str	r3, [r2, #24]
1654:./src/stm32f7xx_hal_eth.c ****      HAL_Delay(ETH_REG_WRITE_DELAY);
 3091              		.loc 1 1654 6 is_stmt 1 view .LVU1215
1654:./src/stm32f7xx_hal_eth.c ****      HAL_Delay(ETH_REG_WRITE_DELAY);
 3092              		.loc 1 1654 13 is_stmt 0 view .LVU1216
 3093 09b0 9769     		ldr	r7, [r2, #24]
 3094              	.LVL220:
1655:./src/stm32f7xx_hal_eth.c ****      (heth->Instance)->MACFCR = tmpreg;
 3095              		.loc 1 1655 6 is_stmt 1 view .LVU1217
 3096 09b2 FFF7FEFF 		bl	HAL_Delay
 3097              	.LVL221:
1656:./src/stm32f7xx_hal_eth.c ****      
 3098              		.loc 1 1656 6 view .LVU1218
1656:./src/stm32f7xx_hal_eth.c ****      
 3099              		.loc 1 1656 11 is_stmt 0 view .LVU1219
 3100 09b6 2B68     		ldr	r3, [r5]
1665:./src/stm32f7xx_hal_eth.c ****       (heth->Instance)->MACVLANTR = tmpreg;
 3101              		.loc 1 1665 7 view .LVU1220
 3102 09b8 3046     		mov	r0, r6
1659:./src/stm32f7xx_hal_eth.c ****                                               macconf->VLANTagIdentifier);
 3103              		.loc 1 1659 74 view .LVU1221
 3104 09ba D4E91B21 		ldrd	r2, r1, [r4, #108]
1656:./src/stm32f7xx_hal_eth.c ****      
 3105              		.loc 1 1656 31 view .LVU1222
 3106 09be 9F61     		str	r7, [r3, #24]
1659:./src/stm32f7xx_hal_eth.c ****                                               macconf->VLANTagIdentifier);
 3107              		.loc 1 1659 6 is_stmt 1 view .LVU1223
1659:./src/stm32f7xx_hal_eth.c ****                                               macconf->VLANTagIdentifier);
 3108              		.loc 1 1659 74 is_stmt 0 view .LVU1224
 3109 09c0 0A43     		orrs	r2, r2, r1
1659:./src/stm32f7xx_hal_eth.c ****                                               macconf->VLANTagIdentifier);
 3110              		.loc 1 1659 34 view .LVU1225
 3111 09c2 DA61     		str	r2, [r3, #28]
1664:./src/stm32f7xx_hal_eth.c ****       HAL_Delay(ETH_REG_WRITE_DELAY);
 3112              		.loc 1 1664 7 is_stmt 1 view .LVU1226
1664:./src/stm32f7xx_hal_eth.c ****       HAL_Delay(ETH_REG_WRITE_DELAY);
 3113              		.loc 1 1664 14 is_stmt 0 view .LVU1227
 3114 09c4 DC69     		ldr	r4, [r3, #28]
 3115              	.LVL222:
1665:./src/stm32f7xx_hal_eth.c ****       (heth->Instance)->MACVLANTR = tmpreg;
 3116              		.loc 1 1665 7 is_stmt 1 view .LVU1228
 3117 09c6 FFF7FEFF 		bl	HAL_Delay
 3118              	.LVL223:
1666:./src/stm32f7xx_hal_eth.c ****   }
 3119              		.loc 1 1666 7 view .LVU1229
1666:./src/stm32f7xx_hal_eth.c ****   }
 3120              		.loc 1 1666 12 is_stmt 0 view .LVU1230
 3121 09ca 2B68     		ldr	r3, [r5]
1666:./src/stm32f7xx_hal_eth.c ****   }
 3122              		.loc 1 1666 35 view .LVU1231
 3123 09cc DC61     		str	r4, [r3, #28]
 3124              	.L189:
1690:./src/stm32f7xx_hal_eth.c ****   
 3125              		.loc 1 1690 3 is_stmt 1 view .LVU1232
1693:./src/stm32f7xx_hal_eth.c ****   
 3126              		.loc 1 1693 3 is_stmt 0 view .LVU1233
 3127 09ce 0023     		movs	r3, #0
1690:./src/stm32f7xx_hal_eth.c ****   
 3128              		.loc 1 1690 14 view .LVU1234
 3129 09d0 0122     		movs	r2, #1
1696:./src/stm32f7xx_hal_eth.c **** }
 3130              		.loc 1 1696 10 view .LVU1235
 3131 09d2 1846     		mov	r0, r3
1690:./src/stm32f7xx_hal_eth.c ****   
 3132              		.loc 1 1690 14 view .LVU1236
 3133 09d4 85F84420 		strb	r2, [r5, #68]
1693:./src/stm32f7xx_hal_eth.c ****   
 3134              		.loc 1 1693 3 is_stmt 1 view .LVU1237
1693:./src/stm32f7xx_hal_eth.c ****   
 3135              		.loc 1 1693 3 view .LVU1238
 3136 09d8 85F84530 		strb	r3, [r5, #69]
1693:./src/stm32f7xx_hal_eth.c ****   
 3137              		.loc 1 1693 3 view .LVU1239
1696:./src/stm32f7xx_hal_eth.c **** }
 3138              		.loc 1 1696 3 view .LVU1240
1697:./src/stm32f7xx_hal_eth.c **** 
 3139              		.loc 1 1697 1 is_stmt 0 view .LVU1241
 3140 09dc F8BD     		pop	{r3, r4, r5, r6, r7, pc}
 3141              	.LVL224:
 3142              	.L188:
1672:./src/stm32f7xx_hal_eth.c ****     
 3143              		.loc 1 1672 5 is_stmt 1 view .LVU1242
1677:./src/stm32f7xx_hal_eth.c ****     
 3144              		.loc 1 1677 43 is_stmt 0 view .LVU1243
 3145 09de 40EA0103 		orr	r3, r0, r1
1672:./src/stm32f7xx_hal_eth.c ****     
 3146              		.loc 1 1672 12 view .LVU1244
 3147 09e2 1168     		ldr	r1, [r2]
 3148              	.LVL225:
1675:./src/stm32f7xx_hal_eth.c ****     
 3149              		.loc 1 1675 5 is_stmt 1 view .LVU1245
1685:./src/stm32f7xx_hal_eth.c ****     (heth->Instance)->MACCR = tmpreg;
 3150              		.loc 1 1685 5 is_stmt 0 view .LVU1246
 3151 09e4 3046     		mov	r0, r6
1675:./src/stm32f7xx_hal_eth.c ****     
 3152              		.loc 1 1675 12 view .LVU1247
 3153 09e6 21F49041 		bic	r1, r1, #18432
 3154              	.LVL226:
1677:./src/stm32f7xx_hal_eth.c ****     
 3155              		.loc 1 1677 5 is_stmt 1 view .LVU1248
1677:./src/stm32f7xx_hal_eth.c ****     
 3156              		.loc 1 1677 12 is_stmt 0 view .LVU1249
 3157 09ea 0B43     		orrs	r3, r3, r1
 3158              	.LVL227:
1680:./src/stm32f7xx_hal_eth.c ****     
 3159              		.loc 1 1680 5 is_stmt 1 view .LVU1250
1680:./src/stm32f7xx_hal_eth.c ****     
 3160              		.loc 1 1680 29 is_stmt 0 view .LVU1251
 3161 09ec 1360     		str	r3, [r2]
1684:./src/stm32f7xx_hal_eth.c ****     HAL_Delay(ETH_REG_WRITE_DELAY);
 3162              		.loc 1 1684 5 is_stmt 1 view .LVU1252
1684:./src/stm32f7xx_hal_eth.c ****     HAL_Delay(ETH_REG_WRITE_DELAY);
 3163              		.loc 1 1684 12 is_stmt 0 view .LVU1253
 3164 09ee 1468     		ldr	r4, [r2]
 3165              	.LVL228:
1685:./src/stm32f7xx_hal_eth.c ****     (heth->Instance)->MACCR = tmpreg;
 3166              		.loc 1 1685 5 is_stmt 1 view .LVU1254
 3167 09f0 FFF7FEFF 		bl	HAL_Delay
 3168              	.LVL229:
1686:./src/stm32f7xx_hal_eth.c ****   }
 3169              		.loc 1 1686 5 view .LVU1255
1686:./src/stm32f7xx_hal_eth.c ****   }
 3170              		.loc 1 1686 10 is_stmt 0 view .LVU1256
 3171 09f4 2B68     		ldr	r3, [r5]
1686:./src/stm32f7xx_hal_eth.c ****   }
 3172              		.loc 1 1686 29 view .LVU1257
 3173 09f6 1C60     		str	r4, [r3]
 3174 09f8 E9E7     		b	.L189
 3175              	.LVL230:
 3176              	.L190:
1544:./src/stm32f7xx_hal_eth.c ****   
 3177              		.loc 1 1544 3 discriminator 1 view .LVU1258
 3178 09fa 0220     		movs	r0, #2
 3179              	.LVL231:
1697:./src/stm32f7xx_hal_eth.c **** 
 3180              		.loc 1 1697 1 view .LVU1259
 3181 09fc F8BD     		pop	{r3, r4, r5, r6, r7, pc}
 3182              	.L193:
 3183 09fe 00BF     		.align	2
 3184              	.L192:
 3185 0a00 0F8120FF 		.word	-14647025
 3186              		.cfi_endproc
 3187              	.LFE161:
 3189              		.align	1
 3190              		.p2align 2,,3
 3191              		.global	HAL_ETH_ConfigDMA
 3192              		.syntax unified
 3193              		.thumb
 3194              		.thumb_func
 3196              	HAL_ETH_ConfigDMA:
 3197              	.LVL232:
 3198              	.LFB162:
1707:./src/stm32f7xx_hal_eth.c ****   uint32_t tmpreg = 0;
 3199              		.loc 1 1707 1 is_stmt 1 view -0
 3200              		.cfi_startproc
 3201              		@ args = 0, pretend = 0, frame = 0
 3202              		@ frame_needed = 0, uses_anonymous_args = 0
1708:./src/stm32f7xx_hal_eth.c **** 
 3203              		.loc 1 1708 3 view .LVU1261
1711:./src/stm32f7xx_hal_eth.c ****   
 3204              		.loc 1 1711 3 view .LVU1262
1711:./src/stm32f7xx_hal_eth.c ****   
 3205              		.loc 1 1711 3 view .LVU1263
1707:./src/stm32f7xx_hal_eth.c ****   uint32_t tmpreg = 0;
 3206              		.loc 1 1707 1 is_stmt 0 view .LVU1264
 3207 0a04 F8B5     		push	{r3, r4, r5, r6, r7, lr}
 3208              	.LCFI41:
 3209              		.cfi_def_cfa_offset 24
 3210              		.cfi_offset 3, -24
 3211              		.cfi_offset 4, -20
 3212              		.cfi_offset 5, -16
 3213              		.cfi_offset 6, -12
 3214              		.cfi_offset 7, -8
 3215              		.cfi_offset 14, -4
1711:./src/stm32f7xx_hal_eth.c ****   
 3216              		.loc 1 1711 3 view .LVU1265
 3217 0a06 90F84530 		ldrb	r3, [r0, #69]	@ zero_extendqisi2
 3218 0a0a 012B     		cmp	r3, #1
 3219 0a0c 48D0     		beq	.L196
1711:./src/stm32f7xx_hal_eth.c ****   
 3220              		.loc 1 1711 3 is_stmt 1 discriminator 2 view .LVU1266
 3221 0a0e 0126     		movs	r6, #1
1714:./src/stm32f7xx_hal_eth.c **** 
 3222              		.loc 1 1714 14 is_stmt 0 view .LVU1267
 3223 0a10 0223     		movs	r3, #2
 3224 0a12 0C46     		mov	r4, r1
1736:./src/stm32f7xx_hal_eth.c ****   /* Clear xx bits */
 3225              		.loc 1 1736 17 view .LVU1268
 3226 0a14 0268     		ldr	r2, [r0]
1711:./src/stm32f7xx_hal_eth.c ****   
 3227              		.loc 1 1711 3 discriminator 2 view .LVU1269
 3228 0a16 80F84560 		strb	r6, [r0, #69]
1711:./src/stm32f7xx_hal_eth.c ****   
 3229              		.loc 1 1711 3 is_stmt 1 discriminator 2 view .LVU1270
1714:./src/stm32f7xx_hal_eth.c **** 
 3230              		.loc 1 1714 3 view .LVU1271
 3231 0a1a 0546     		mov	r5, r0
1714:./src/stm32f7xx_hal_eth.c **** 
 3232              		.loc 1 1714 14 is_stmt 0 view .LVU1272
 3233 0a1c 80F84430 		strb	r3, [r0, #68]
1717:./src/stm32f7xx_hal_eth.c ****   assert_param(IS_ETH_RECEIVE_STORE_FORWARD(dmaconf->ReceiveStoreForward));
 3234              		.loc 1 1717 3 is_stmt 1 view .LVU1273
1718:./src/stm32f7xx_hal_eth.c ****   assert_param(IS_ETH_FLUSH_RECEIVE_FRAME(dmaconf->FlushReceivedFrame));
 3235              		.loc 1 1718 3 view .LVU1274
1719:./src/stm32f7xx_hal_eth.c ****   assert_param(IS_ETH_TRANSMIT_STORE_FORWARD(dmaconf->TransmitStoreForward));
 3236              		.loc 1 1719 3 view .LVU1275
1720:./src/stm32f7xx_hal_eth.c ****   assert_param(IS_ETH_TRANSMIT_THRESHOLD_CONTROL(dmaconf->TransmitThresholdControl));
 3237              		.loc 1 1720 3 view .LVU1276
1721:./src/stm32f7xx_hal_eth.c ****   assert_param(IS_ETH_FORWARD_ERROR_FRAMES(dmaconf->ForwardErrorFrames));
 3238              		.loc 1 1721 3 view .LVU1277
1722:./src/stm32f7xx_hal_eth.c ****   assert_param(IS_ETH_FORWARD_UNDERSIZED_GOOD_FRAMES(dmaconf->ForwardUndersizedGoodFrames));
 3239              		.loc 1 1722 3 view .LVU1278
1723:./src/stm32f7xx_hal_eth.c ****   assert_param(IS_ETH_RECEIVE_THRESHOLD_CONTROL(dmaconf->ReceiveThresholdControl));
 3240              		.loc 1 1723 3 view .LVU1279
1724:./src/stm32f7xx_hal_eth.c ****   assert_param(IS_ETH_SECOND_FRAME_OPERATE(dmaconf->SecondFrameOperate));
 3241              		.loc 1 1724 3 view .LVU1280
1725:./src/stm32f7xx_hal_eth.c ****   assert_param(IS_ETH_ADDRESS_ALIGNED_BEATS(dmaconf->AddressAlignedBeats));
 3242              		.loc 1 1725 3 view .LVU1281
1726:./src/stm32f7xx_hal_eth.c ****   assert_param(IS_ETH_FIXED_BURST(dmaconf->FixedBurst));
 3243              		.loc 1 1726 3 view .LVU1282
1727:./src/stm32f7xx_hal_eth.c ****   assert_param(IS_ETH_RXDMA_BURST_LENGTH(dmaconf->RxDMABurstLength));
 3244              		.loc 1 1727 3 view .LVU1283
1728:./src/stm32f7xx_hal_eth.c ****   assert_param(IS_ETH_TXDMA_BURST_LENGTH(dmaconf->TxDMABurstLength));
 3245              		.loc 1 1728 3 view .LVU1284
1729:./src/stm32f7xx_hal_eth.c ****   assert_param(IS_ETH_ENHANCED_DESCRIPTOR_FORMAT(dmaconf->EnhancedDescriptorFormat));
 3246              		.loc 1 1729 3 view .LVU1285
1730:./src/stm32f7xx_hal_eth.c ****   assert_param(IS_ETH_DMA_DESC_SKIP_LENGTH(dmaconf->DescriptorSkipLength));
 3247              		.loc 1 1730 3 view .LVU1286
1731:./src/stm32f7xx_hal_eth.c ****   assert_param(IS_ETH_DMA_ARBITRATION_ROUNDROBIN_RXTX(dmaconf->DMAArbitration));
 3248              		.loc 1 1731 3 view .LVU1287
1732:./src/stm32f7xx_hal_eth.c ****   
 3249              		.loc 1 1732 3 view .LVU1288
1736:./src/stm32f7xx_hal_eth.c ****   /* Clear xx bits */
 3250              		.loc 1 1736 3 view .LVU1289
1736:./src/stm32f7xx_hal_eth.c ****   /* Clear xx bits */
 3251              		.loc 1 1736 10 is_stmt 0 view .LVU1290
 3252 0a20 02F58052 		add	r2, r2, #4096
1740:./src/stm32f7xx_hal_eth.c ****                        dmaconf->ReceiveStoreForward |
 3253              		.loc 1 1740 61 view .LVU1291
 3254 0a24 D1E90031 		ldrd	r3, r1, [r1]
 3255              	.LVL233:
1736:./src/stm32f7xx_hal_eth.c ****   /* Clear xx bits */
 3256              		.loc 1 1736 10 view .LVU1292
 3257 0a28 9069     		ldr	r0, [r2, #24]
 3258              	.LVL234:
1738:./src/stm32f7xx_hal_eth.c **** 
 3259              		.loc 1 1738 3 is_stmt 1 view .LVU1293
1740:./src/stm32f7xx_hal_eth.c ****                        dmaconf->ReceiveStoreForward |
 3260              		.loc 1 1740 61 is_stmt 0 view .LVU1294
 3261 0a2a 0B43     		orrs	r3, r3, r1
1741:./src/stm32f7xx_hal_eth.c ****                        dmaconf->FlushReceivedFrame |
 3262              		.loc 1 1741 53 view .LVU1295
 3263 0a2c A168     		ldr	r1, [r4, #8]
 3264 0a2e 0B43     		orrs	r3, r3, r1
1742:./src/stm32f7xx_hal_eth.c ****                        dmaconf->TransmitStoreForward | 
 3265              		.loc 1 1742 52 view .LVU1296
 3266 0a30 E168     		ldr	r1, [r4, #12]
 3267 0a32 0B43     		orrs	r3, r3, r1
1743:./src/stm32f7xx_hal_eth.c ****                        dmaconf->TransmitThresholdControl |
 3268              		.loc 1 1743 54 view .LVU1297
 3269 0a34 2169     		ldr	r1, [r4, #16]
 3270 0a36 0B43     		orrs	r3, r3, r1
1744:./src/stm32f7xx_hal_eth.c ****                        dmaconf->ForwardErrorFrames |
 3271              		.loc 1 1744 58 view .LVU1298
 3272 0a38 6169     		ldr	r1, [r4, #20]
 3273 0a3a 0B43     		orrs	r3, r3, r1
1745:./src/stm32f7xx_hal_eth.c ****                        dmaconf->ForwardUndersizedGoodFrames |
 3274              		.loc 1 1745 52 view .LVU1299
 3275 0a3c A169     		ldr	r1, [r4, #24]
 3276 0a3e 0B43     		orrs	r3, r3, r1
1746:./src/stm32f7xx_hal_eth.c ****                        dmaconf->ReceiveThresholdControl |
 3277              		.loc 1 1746 61 view .LVU1300
 3278 0a40 E169     		ldr	r1, [r4, #28]
 3279 0a42 0B43     		orrs	r3, r3, r1
1747:./src/stm32f7xx_hal_eth.c ****                        dmaconf->SecondFrameOperate);
 3280              		.loc 1 1747 57 view .LVU1301
 3281 0a44 216A     		ldr	r1, [r4, #32]
 3282 0a46 0B43     		orrs	r3, r3, r1
1738:./src/stm32f7xx_hal_eth.c **** 
 3283              		.loc 1 1738 10 view .LVU1302
 3284 0a48 1649     		ldr	r1, .L198
 3285 0a4a 0140     		ands	r1, r1, r0
 3286              	.LVL235:
1740:./src/stm32f7xx_hal_eth.c ****                        dmaconf->ReceiveStoreForward |
 3287              		.loc 1 1740 3 is_stmt 1 view .LVU1303
1756:./src/stm32f7xx_hal_eth.c ****   (heth->Instance)->DMAOMR = tmpreg;
 3288              		.loc 1 1756 3 is_stmt 0 view .LVU1304
 3289 0a4c 3046     		mov	r0, r6
1740:./src/stm32f7xx_hal_eth.c ****                        dmaconf->ReceiveStoreForward |
 3290              		.loc 1 1740 10 view .LVU1305
 3291 0a4e 0B43     		orrs	r3, r3, r1
 3292              	.LVL236:
1751:./src/stm32f7xx_hal_eth.c **** 
 3293              		.loc 1 1751 3 is_stmt 1 view .LVU1306
1751:./src/stm32f7xx_hal_eth.c **** 
 3294              		.loc 1 1751 28 is_stmt 0 view .LVU1307
 3295 0a50 9361     		str	r3, [r2, #24]
1755:./src/stm32f7xx_hal_eth.c ****   HAL_Delay(ETH_REG_WRITE_DELAY);
 3296              		.loc 1 1755 3 is_stmt 1 view .LVU1308
1755:./src/stm32f7xx_hal_eth.c ****   HAL_Delay(ETH_REG_WRITE_DELAY);
 3297              		.loc 1 1755 10 is_stmt 0 view .LVU1309
 3298 0a52 9769     		ldr	r7, [r2, #24]
 3299              	.LVL237:
1756:./src/stm32f7xx_hal_eth.c ****   (heth->Instance)->DMAOMR = tmpreg;
 3300              		.loc 1 1756 3 is_stmt 1 view .LVU1310
 3301 0a54 FFF7FEFF 		bl	HAL_Delay
 3302              	.LVL238:
1757:./src/stm32f7xx_hal_eth.c **** 
 3303              		.loc 1 1757 3 view .LVU1311
1757:./src/stm32f7xx_hal_eth.c **** 
 3304              		.loc 1 1757 8 is_stmt 0 view .LVU1312
 3305 0a58 2A68     		ldr	r2, [r5]
1772:./src/stm32f7xx_hal_eth.c ****    (heth->Instance)->DMABMR = tmpreg;
 3306              		.loc 1 1772 4 view .LVU1313
 3307 0a5a 3046     		mov	r0, r6
1760:./src/stm32f7xx_hal_eth.c ****                                          dmaconf->FixedBurst |
 3308              		.loc 1 1760 70 view .LVU1314
 3309 0a5c D4E90931 		ldrd	r3, r1, [r4, #36]
1757:./src/stm32f7xx_hal_eth.c **** 
 3310              		.loc 1 1757 28 view .LVU1315
 3311 0a60 02F58052 		add	r2, r2, #4096
1760:./src/stm32f7xx_hal_eth.c ****                                          dmaconf->FixedBurst |
 3312              		.loc 1 1760 70 view .LVU1316
 3313 0a64 0B43     		orrs	r3, r3, r1
1765:./src/stm32f7xx_hal_eth.c ****                                          dmaconf->DMAArbitration | 
 3314              		.loc 1 1765 73 view .LVU1317
 3315 0a66 A16B     		ldr	r1, [r4, #56]
1757:./src/stm32f7xx_hal_eth.c **** 
 3316              		.loc 1 1757 28 view .LVU1318
 3317 0a68 9761     		str	r7, [r2, #24]
1760:./src/stm32f7xx_hal_eth.c ****                                          dmaconf->FixedBurst |
 3318              		.loc 1 1760 3 is_stmt 1 view .LVU1319
1764:./src/stm32f7xx_hal_eth.c ****                                          (dmaconf->DescriptorSkipLength << 2) |
 3319              		.loc 1 1764 76 is_stmt 0 view .LVU1320
 3320 0a6a 43EA8103 		orr	r3, r3, r1, lsl #2
 3321 0a6e E16A     		ldr	r1, [r4, #44]
 3322 0a70 0B43     		orrs	r3, r3, r1
 3323 0a72 216B     		ldr	r1, [r4, #48]
 3324 0a74 0B43     		orrs	r3, r3, r1
 3325 0a76 616B     		ldr	r1, [r4, #52]
 3326 0a78 0B43     		orrs	r3, r3, r1
1765:./src/stm32f7xx_hal_eth.c ****                                          dmaconf->DMAArbitration | 
 3327              		.loc 1 1765 79 view .LVU1321
 3328 0a7a E16B     		ldr	r1, [r4, #60]
 3329 0a7c 0B43     		orrs	r3, r3, r1
1760:./src/stm32f7xx_hal_eth.c ****                                          dmaconf->FixedBurst |
 3330              		.loc 1 1760 30 view .LVU1322
 3331 0a7e 43F40003 		orr	r3, r3, #8388608
1760:./src/stm32f7xx_hal_eth.c ****                                          dmaconf->FixedBurst |
 3332              		.loc 1 1760 28 view .LVU1323
 3333 0a82 1360     		str	r3, [r2]
1771:./src/stm32f7xx_hal_eth.c ****    HAL_Delay(ETH_REG_WRITE_DELAY);
 3334              		.loc 1 1771 4 is_stmt 1 view .LVU1324
1771:./src/stm32f7xx_hal_eth.c ****    HAL_Delay(ETH_REG_WRITE_DELAY);
 3335              		.loc 1 1771 11 is_stmt 0 view .LVU1325
 3336 0a84 1468     		ldr	r4, [r2]
 3337              	.LVL239:
1772:./src/stm32f7xx_hal_eth.c ****    (heth->Instance)->DMABMR = tmpreg;
 3338              		.loc 1 1772 4 is_stmt 1 view .LVU1326
 3339 0a86 FFF7FEFF 		bl	HAL_Delay
 3340              	.LVL240:
1773:./src/stm32f7xx_hal_eth.c **** 
 3341              		.loc 1 1773 4 view .LVU1327
1773:./src/stm32f7xx_hal_eth.c **** 
 3342              		.loc 1 1773 9 is_stmt 0 view .LVU1328
 3343 0a8a 2B68     		ldr	r3, [r5]
1779:./src/stm32f7xx_hal_eth.c ****    
 3344              		.loc 1 1779 4 view .LVU1329
 3345 0a8c 0022     		movs	r2, #0
1773:./src/stm32f7xx_hal_eth.c **** 
 3346              		.loc 1 1773 29 view .LVU1330
 3347 0a8e 03F58053 		add	r3, r3, #4096
1782:./src/stm32f7xx_hal_eth.c **** }
 3348              		.loc 1 1782 11 view .LVU1331
 3349 0a92 1046     		mov	r0, r2
1773:./src/stm32f7xx_hal_eth.c **** 
 3350              		.loc 1 1773 29 view .LVU1332
 3351 0a94 1C60     		str	r4, [r3]
1776:./src/stm32f7xx_hal_eth.c ****    
 3352              		.loc 1 1776 4 is_stmt 1 view .LVU1333
1776:./src/stm32f7xx_hal_eth.c ****    
 3353              		.loc 1 1776 15 is_stmt 0 view .LVU1334
 3354 0a96 85F84460 		strb	r6, [r5, #68]
1779:./src/stm32f7xx_hal_eth.c ****    
 3355              		.loc 1 1779 4 is_stmt 1 view .LVU1335
1779:./src/stm32f7xx_hal_eth.c ****    
 3356              		.loc 1 1779 4 view .LVU1336
 3357 0a9a 85F84520 		strb	r2, [r5, #69]
1779:./src/stm32f7xx_hal_eth.c ****    
 3358              		.loc 1 1779 4 view .LVU1337
1782:./src/stm32f7xx_hal_eth.c **** }
 3359              		.loc 1 1782 4 view .LVU1338
1783:./src/stm32f7xx_hal_eth.c **** 
 3360              		.loc 1 1783 1 is_stmt 0 view .LVU1339
 3361 0a9e F8BD     		pop	{r3, r4, r5, r6, r7, pc}
 3362              	.LVL241:
 3363              	.L196:
1711:./src/stm32f7xx_hal_eth.c ****   
 3364              		.loc 1 1711 3 discriminator 1 view .LVU1340
 3365 0aa0 0220     		movs	r0, #2
 3366              	.LVL242:
1783:./src/stm32f7xx_hal_eth.c **** 
 3367              		.loc 1 1783 1 view .LVU1341
 3368 0aa2 F8BD     		pop	{r3, r4, r5, r6, r7, pc}
 3369              	.L199:
 3370              		.align	2
 3371              	.L198:
 3372 0aa4 233FDEF8 		.word	-119652573
 3373              		.cfi_endproc
 3374              	.LFE162:
 3376              		.align	1
 3377              		.p2align 2,,3
 3378              		.global	HAL_ETH_GetState
 3379              		.syntax unified
 3380              		.thumb
 3381              		.thumb_func
 3383              	HAL_ETH_GetState:
 3384              	.LVL243:
 3385              	.LFB163:
1814:./src/stm32f7xx_hal_eth.c ****   /* Return ETH state */
 3386              		.loc 1 1814 1 is_stmt 1 view -0
 3387              		.cfi_startproc
 3388              		@ args = 0, pretend = 0, frame = 0
 3389              		@ frame_needed = 0, uses_anonymous_args = 0
 3390              		@ link register save eliminated.
1816:./src/stm32f7xx_hal_eth.c **** }
 3391              		.loc 1 1816 3 view .LVU1343
1816:./src/stm32f7xx_hal_eth.c **** }
 3392              		.loc 1 1816 14 is_stmt 0 view .LVU1344
 3393 0aa8 90F84400 		ldrb	r0, [r0, #68]	@ zero_extendqisi2
 3394              	.LVL244:
1817:./src/stm32f7xx_hal_eth.c **** 
 3395              		.loc 1 1817 1 view .LVU1345
 3396 0aac 7047     		bx	lr
 3397              		.cfi_endproc
 3398              	.LFE163:
 3400              	.Letext0:
 3401              		.file 2 "C:\\ST\\STM32CubeCLT_1.18.0\\GNU-tools-for-STM32\\bin\\../lib/gcc/arm-none-eabi/13.3.1/..
 3402              		.file 3 "C:\\ST\\STM32CubeCLT_1.18.0\\GNU-tools-for-STM32\\bin\\../lib/gcc/arm-none-eabi/13.3.1/..
 3403              		.file 4 "./inc/stm32f765xx.h"
 3404              		.file 5 "./inc/stm32f7xx.h"
 3405              		.file 6 "./inc/stm32f7xx_hal_def.h"
 3406              		.file 7 "./inc/stm32f7xx_hal_eth.h"
 3407              		.file 8 "./inc/stm32f7xx_hal_rcc.h"
 3408              		.file 9 "./inc/stm32f7xx_hal.h"
DEFINED SYMBOLS
                            *ABS*:00000000 stm32f7xx_hal_eth.c
C:\Users\JAEJUN~1\AppData\Local\Temp\ccDyhAJD.s:19     .text:00000000 $t
C:\Users\JAEJUN~1\AppData\Local\Temp\ccDyhAJD.s:25     .text:00000000 ETH_MACDMAConfig
C:\Users\JAEJUN~1\AppData\Local\Temp\ccDyhAJD.s:339    .text:000000d8 $d
C:\Users\JAEJUN~1\AppData\Local\Temp\ccDyhAJD.s:348    .text:000000f0 $t
C:\Users\JAEJUN~1\AppData\Local\Temp\ccDyhAJD.s:355    .text:000000f0 HAL_ETH_DMATxDescListInit
C:\Users\JAEJUN~1\AppData\Local\Temp\ccDyhAJD.s:495    .text:00000180 HAL_ETH_DMARxDescListInit
C:\Users\JAEJUN~1\AppData\Local\Temp\ccDyhAJD.s:628    .text:00000204 HAL_ETH_MspInit
C:\Users\JAEJUN~1\AppData\Local\Temp\ccDyhAJD.s:649    .text:00000208 HAL_ETH_MspDeInit
C:\Users\JAEJUN~1\AppData\Local\Temp\ccDyhAJD.s:667    .text:0000020c HAL_ETH_DeInit
C:\Users\JAEJUN~1\AppData\Local\Temp\ccDyhAJD.s:713    .text:00000228 HAL_ETH_TransmitFrame
C:\Users\JAEJUN~1\AppData\Local\Temp\ccDyhAJD.s:976    .text:0000031c $d
C:\Users\JAEJUN~1\AppData\Local\Temp\ccDyhAJD.s:981    .text:00000324 $t
C:\Users\JAEJUN~1\AppData\Local\Temp\ccDyhAJD.s:988    .text:00000324 HAL_ETH_GetReceivedFrame
C:\Users\JAEJUN~1\AppData\Local\Temp\ccDyhAJD.s:1184   .text:000003b4 HAL_ETH_GetReceivedFrame_IT
C:\Users\JAEJUN~1\AppData\Local\Temp\ccDyhAJD.s:1388   .text:00000450 HAL_ETH_TxCpltCallback
C:\Users\JAEJUN~1\AppData\Local\Temp\ccDyhAJD.s:1406   .text:00000454 HAL_ETH_RxCpltCallback
C:\Users\JAEJUN~1\AppData\Local\Temp\ccDyhAJD.s:1424   .text:00000458 HAL_ETH_ErrorCallback
C:\Users\JAEJUN~1\AppData\Local\Temp\ccDyhAJD.s:1442   .text:0000045c HAL_ETH_IRQHandler
C:\Users\JAEJUN~1\AppData\Local\Temp\ccDyhAJD.s:1565   .text:000004d8 HAL_ETH_ReadPHYRegister
C:\Users\JAEJUN~1\AppData\Local\Temp\ccDyhAJD.s:1723   .text:0000054c HAL_ETH_WritePHYRegister
C:\Users\JAEJUN~1\AppData\Local\Temp\ccDyhAJD.s:1873   .text:000005bc HAL_ETH_Init
C:\Users\JAEJUN~1\AppData\Local\Temp\ccDyhAJD.s:2352   .text:00000790 $d
C:\Users\JAEJUN~1\AppData\Local\Temp\ccDyhAJD.s:2365   .text:000007b8 $t
C:\Users\JAEJUN~1\AppData\Local\Temp\ccDyhAJD.s:2372   .text:000007b8 HAL_ETH_Start
C:\Users\JAEJUN~1\AppData\Local\Temp\ccDyhAJD.s:2618   .text:00000850 HAL_ETH_Stop
C:\Users\JAEJUN~1\AppData\Local\Temp\ccDyhAJD.s:2883   .text:000008ec HAL_ETH_ConfigMAC
C:\Users\JAEJUN~1\AppData\Local\Temp\ccDyhAJD.s:3185   .text:00000a00 $d
C:\Users\JAEJUN~1\AppData\Local\Temp\ccDyhAJD.s:3189   .text:00000a04 $t
C:\Users\JAEJUN~1\AppData\Local\Temp\ccDyhAJD.s:3196   .text:00000a04 HAL_ETH_ConfigDMA
C:\Users\JAEJUN~1\AppData\Local\Temp\ccDyhAJD.s:3372   .text:00000aa4 $d
C:\Users\JAEJUN~1\AppData\Local\Temp\ccDyhAJD.s:3376   .text:00000aa8 $t
C:\Users\JAEJUN~1\AppData\Local\Temp\ccDyhAJD.s:3383   .text:00000aa8 HAL_ETH_GetState

UNDEFINED SYMBOLS
HAL_Delay
HAL_GetTick
HAL_RCC_GetHCLKFreq
