   1              		.cpu cortex-m7
   2              		.arch armv7e-m
   3              		.fpu fpv5-d16
   4              		.eabi_attribute 28, 1
   5              		.eabi_attribute 20, 1
   6              		.eabi_attribute 21, 1
   7              		.eabi_attribute 23, 3
   8              		.eabi_attribute 24, 1
   9              		.eabi_attribute 25, 1
  10              		.eabi_attribute 26, 1
  11              		.eabi_attribute 30, 2
  12              		.eabi_attribute 34, 1
  13              		.eabi_attribute 18, 4
  14              		.file	"stm32f7xx_hal_cortex.c"
  15              		.text
  16              	.Ltext0:
  17              		.cfi_sections	.debug_frame
  18              		.file 1 "./src/stm32f7xx_hal_cortex.c"
  19              		.align	1
  20              		.p2align 2,,3
  21              		.global	HAL_NVIC_SetPriorityGrouping
  22              		.syntax unified
  23              		.thumb
  24              		.thumb_func
  26              	HAL_NVIC_SetPriorityGrouping:
  27              	.LVL0:
  28              	.LFB144:
   1:./src/stm32f7xx_hal_cortex.c **** /**
   2:./src/stm32f7xx_hal_cortex.c ****   ******************************************************************************
   3:./src/stm32f7xx_hal_cortex.c ****   * @file    stm32f7xx_hal_cortex.c
   4:./src/stm32f7xx_hal_cortex.c ****   * @author  MCD Application Team
   5:./src/stm32f7xx_hal_cortex.c ****   * @brief   CORTEX HAL module driver.
   6:./src/stm32f7xx_hal_cortex.c ****   *          This file provides firmware functions to manage the following 
   7:./src/stm32f7xx_hal_cortex.c ****   *          functionalities of the CORTEX:
   8:./src/stm32f7xx_hal_cortex.c ****   *           + Initialization and de-initialization functions
   9:./src/stm32f7xx_hal_cortex.c ****   *           + Peripheral Control functions 
  10:./src/stm32f7xx_hal_cortex.c ****   *
  11:./src/stm32f7xx_hal_cortex.c ****   @verbatim  
  12:./src/stm32f7xx_hal_cortex.c ****   ==============================================================================
  13:./src/stm32f7xx_hal_cortex.c ****                         ##### How to use this driver #####
  14:./src/stm32f7xx_hal_cortex.c ****   ==============================================================================
  15:./src/stm32f7xx_hal_cortex.c **** 
  16:./src/stm32f7xx_hal_cortex.c ****     [..]  
  17:./src/stm32f7xx_hal_cortex.c ****     *** How to configure Interrupts using CORTEX HAL driver ***
  18:./src/stm32f7xx_hal_cortex.c ****     ===========================================================
  19:./src/stm32f7xx_hal_cortex.c ****     [..]     
  20:./src/stm32f7xx_hal_cortex.c ****     This section provides functions allowing to configure the NVIC interrupts (IRQ).
  21:./src/stm32f7xx_hal_cortex.c ****     The Cortex-M4 exceptions are managed by CMSIS functions.
  22:./src/stm32f7xx_hal_cortex.c ****    
  23:./src/stm32f7xx_hal_cortex.c ****     (#) Configure the NVIC Priority Grouping using HAL_NVIC_SetPriorityGrouping()
  24:./src/stm32f7xx_hal_cortex.c ****         function according to the following table.
  25:./src/stm32f7xx_hal_cortex.c ****     (#) Configure the priority of the selected IRQ Channels using HAL_NVIC_SetPriority(). 
  26:./src/stm32f7xx_hal_cortex.c ****     (#) Enable the selected IRQ Channels using HAL_NVIC_EnableIRQ().
  27:./src/stm32f7xx_hal_cortex.c ****     (#) please refer to programming manual for details in how to configure priority. 
  28:./src/stm32f7xx_hal_cortex.c ****       
  29:./src/stm32f7xx_hal_cortex.c ****      -@- When the NVIC_PRIORITYGROUP_0 is selected, IRQ preemption is no more possible. 
  30:./src/stm32f7xx_hal_cortex.c ****          The pending IRQ priority will be managed only by the sub priority.
  31:./src/stm32f7xx_hal_cortex.c ****    
  32:./src/stm32f7xx_hal_cortex.c ****      -@- IRQ priority order (sorted by highest to lowest priority):
  33:./src/stm32f7xx_hal_cortex.c ****         (+@) Lowest preemption priority
  34:./src/stm32f7xx_hal_cortex.c ****         (+@) Lowest sub priority
  35:./src/stm32f7xx_hal_cortex.c ****         (+@) Lowest hardware priority (IRQ number)
  36:./src/stm32f7xx_hal_cortex.c ****  
  37:./src/stm32f7xx_hal_cortex.c ****     [..]  
  38:./src/stm32f7xx_hal_cortex.c ****     *** How to configure Systick using CORTEX HAL driver ***
  39:./src/stm32f7xx_hal_cortex.c ****     ========================================================
  40:./src/stm32f7xx_hal_cortex.c ****     [..]
  41:./src/stm32f7xx_hal_cortex.c ****     Setup SysTick Timer for time base.
  42:./src/stm32f7xx_hal_cortex.c ****            
  43:./src/stm32f7xx_hal_cortex.c ****    (+) The HAL_SYSTICK_Config() function calls the SysTick_Config() function which
  44:./src/stm32f7xx_hal_cortex.c ****        is a CMSIS function that:
  45:./src/stm32f7xx_hal_cortex.c ****         (++) Configures the SysTick Reload register with value passed as function parameter.
  46:./src/stm32f7xx_hal_cortex.c ****         (++) Configures the SysTick IRQ priority to the lowest value (0x0F).
  47:./src/stm32f7xx_hal_cortex.c ****         (++) Resets the SysTick Counter register.
  48:./src/stm32f7xx_hal_cortex.c ****         (++) Configures the SysTick Counter clock source to be Core Clock Source (HCLK).
  49:./src/stm32f7xx_hal_cortex.c ****         (++) Enables the SysTick Interrupt.
  50:./src/stm32f7xx_hal_cortex.c ****         (++) Starts the SysTick Counter.
  51:./src/stm32f7xx_hal_cortex.c ****     
  52:./src/stm32f7xx_hal_cortex.c ****    (+) You can change the SysTick Clock source to be HCLK_Div8 by calling the macro
  53:./src/stm32f7xx_hal_cortex.c ****        __HAL_CORTEX_SYSTICKCLK_CONFIG(SYSTICK_CLKSOURCE_HCLK_DIV8) just after the
  54:./src/stm32f7xx_hal_cortex.c ****        HAL_SYSTICK_Config() function call. The __HAL_CORTEX_SYSTICKCLK_CONFIG() macro is defined
  55:./src/stm32f7xx_hal_cortex.c ****        inside the stm32f7xx_hal_cortex.h file.
  56:./src/stm32f7xx_hal_cortex.c **** 
  57:./src/stm32f7xx_hal_cortex.c ****    (+) You can change the SysTick IRQ priority by calling the
  58:./src/stm32f7xx_hal_cortex.c ****        HAL_NVIC_SetPriority(SysTick_IRQn,...) function just after the HAL_SYSTICK_Config() function
  59:./src/stm32f7xx_hal_cortex.c ****        call. The HAL_NVIC_SetPriority() call the NVIC_SetPriority() function which is a CMSIS funct
  60:./src/stm32f7xx_hal_cortex.c **** 
  61:./src/stm32f7xx_hal_cortex.c ****    (+) To adjust the SysTick time base, use the following formula:
  62:./src/stm32f7xx_hal_cortex.c ****                             
  63:./src/stm32f7xx_hal_cortex.c ****        Reload Value = SysTick Counter Clock (Hz) x  Desired Time base (s)
  64:./src/stm32f7xx_hal_cortex.c ****        (++) Reload Value is the parameter to be passed for HAL_SYSTICK_Config() function
  65:./src/stm32f7xx_hal_cortex.c ****        (++) Reload Value should not exceed 0xFFFFFF
  66:./src/stm32f7xx_hal_cortex.c ****    
  67:./src/stm32f7xx_hal_cortex.c ****   @endverbatim
  68:./src/stm32f7xx_hal_cortex.c ****   ******************************************************************************
  69:./src/stm32f7xx_hal_cortex.c ****   * @attention
  70:./src/stm32f7xx_hal_cortex.c ****   *
  71:./src/stm32f7xx_hal_cortex.c ****   * <h2><center>&copy; Copyright (c) 2017 STMicroelectronics.
  72:./src/stm32f7xx_hal_cortex.c ****   * All rights reserved.</center></h2>
  73:./src/stm32f7xx_hal_cortex.c ****   *
  74:./src/stm32f7xx_hal_cortex.c ****   * This software component is licensed by ST under BSD 3-Clause license,
  75:./src/stm32f7xx_hal_cortex.c ****   * the "License"; You may not use this file except in compliance with the
  76:./src/stm32f7xx_hal_cortex.c ****   * License. You may obtain a copy of the License at:
  77:./src/stm32f7xx_hal_cortex.c ****   *                        opensource.org/licenses/BSD-3-Clause
  78:./src/stm32f7xx_hal_cortex.c ****   *
  79:./src/stm32f7xx_hal_cortex.c ****   ******************************************************************************
  80:./src/stm32f7xx_hal_cortex.c ****   */
  81:./src/stm32f7xx_hal_cortex.c **** 
  82:./src/stm32f7xx_hal_cortex.c **** /* Includes ------------------------------------------------------------------*/
  83:./src/stm32f7xx_hal_cortex.c **** #include "stm32f7xx_hal.h"
  84:./src/stm32f7xx_hal_cortex.c **** 
  85:./src/stm32f7xx_hal_cortex.c **** /** @addtogroup STM32F7xx_HAL_Driver
  86:./src/stm32f7xx_hal_cortex.c ****   * @{
  87:./src/stm32f7xx_hal_cortex.c ****   */
  88:./src/stm32f7xx_hal_cortex.c **** 
  89:./src/stm32f7xx_hal_cortex.c **** /** @defgroup CORTEX CORTEX
  90:./src/stm32f7xx_hal_cortex.c ****   * @brief CORTEX HAL module driver
  91:./src/stm32f7xx_hal_cortex.c ****   * @{
  92:./src/stm32f7xx_hal_cortex.c ****   */
  93:./src/stm32f7xx_hal_cortex.c **** 
  94:./src/stm32f7xx_hal_cortex.c **** #ifdef HAL_CORTEX_MODULE_ENABLED
  95:./src/stm32f7xx_hal_cortex.c **** 
  96:./src/stm32f7xx_hal_cortex.c **** /* Private types -------------------------------------------------------------*/
  97:./src/stm32f7xx_hal_cortex.c **** /* Private variables ---------------------------------------------------------*/
  98:./src/stm32f7xx_hal_cortex.c **** /* Private constants ---------------------------------------------------------*/
  99:./src/stm32f7xx_hal_cortex.c **** /* Private macros ------------------------------------------------------------*/
 100:./src/stm32f7xx_hal_cortex.c **** /* Private functions ---------------------------------------------------------*/
 101:./src/stm32f7xx_hal_cortex.c **** /* Exported functions --------------------------------------------------------*/
 102:./src/stm32f7xx_hal_cortex.c **** 
 103:./src/stm32f7xx_hal_cortex.c **** /** @defgroup CORTEX_Exported_Functions CORTEX Exported Functions
 104:./src/stm32f7xx_hal_cortex.c ****   * @{
 105:./src/stm32f7xx_hal_cortex.c ****   */
 106:./src/stm32f7xx_hal_cortex.c **** 
 107:./src/stm32f7xx_hal_cortex.c **** 
 108:./src/stm32f7xx_hal_cortex.c **** /** @defgroup CORTEX_Exported_Functions_Group1 Initialization and de-initialization functions
 109:./src/stm32f7xx_hal_cortex.c ****  *  @brief    Initialization and Configuration functions 
 110:./src/stm32f7xx_hal_cortex.c ****  *
 111:./src/stm32f7xx_hal_cortex.c **** @verbatim    
 112:./src/stm32f7xx_hal_cortex.c ****   ==============================================================================
 113:./src/stm32f7xx_hal_cortex.c ****               ##### Initialization and de-initialization functions #####
 114:./src/stm32f7xx_hal_cortex.c ****   ==============================================================================
 115:./src/stm32f7xx_hal_cortex.c ****     [..]
 116:./src/stm32f7xx_hal_cortex.c ****       This section provides the CORTEX HAL driver functions allowing to configure Interrupts
 117:./src/stm32f7xx_hal_cortex.c ****       Systick functionalities 
 118:./src/stm32f7xx_hal_cortex.c **** 
 119:./src/stm32f7xx_hal_cortex.c **** @endverbatim
 120:./src/stm32f7xx_hal_cortex.c ****   * @{
 121:./src/stm32f7xx_hal_cortex.c ****   */
 122:./src/stm32f7xx_hal_cortex.c **** 
 123:./src/stm32f7xx_hal_cortex.c **** 
 124:./src/stm32f7xx_hal_cortex.c **** /**
 125:./src/stm32f7xx_hal_cortex.c ****   * @brief  Sets the priority grouping field (preemption priority and subpriority)
 126:./src/stm32f7xx_hal_cortex.c ****   *         using the required unlock sequence.
 127:./src/stm32f7xx_hal_cortex.c ****   * @param  PriorityGroup The priority grouping bits length. 
 128:./src/stm32f7xx_hal_cortex.c ****   *         This parameter can be one of the following values:
 129:./src/stm32f7xx_hal_cortex.c ****   *         @arg NVIC_PRIORITYGROUP_0: 0 bits for preemption priority
 130:./src/stm32f7xx_hal_cortex.c ****   *                                    4 bits for subpriority
 131:./src/stm32f7xx_hal_cortex.c ****   *         @arg NVIC_PRIORITYGROUP_1: 1 bits for preemption priority
 132:./src/stm32f7xx_hal_cortex.c ****   *                                    3 bits for subpriority
 133:./src/stm32f7xx_hal_cortex.c ****   *         @arg NVIC_PRIORITYGROUP_2: 2 bits for preemption priority
 134:./src/stm32f7xx_hal_cortex.c ****   *                                    2 bits for subpriority
 135:./src/stm32f7xx_hal_cortex.c ****   *         @arg NVIC_PRIORITYGROUP_3: 3 bits for preemption priority
 136:./src/stm32f7xx_hal_cortex.c ****   *                                    1 bits for subpriority
 137:./src/stm32f7xx_hal_cortex.c ****   *         @arg NVIC_PRIORITYGROUP_4: 4 bits for preemption priority
 138:./src/stm32f7xx_hal_cortex.c ****   *                                    0 bits for subpriority
 139:./src/stm32f7xx_hal_cortex.c ****   * @note   When the NVIC_PriorityGroup_0 is selected, IRQ preemption is no more possible. 
 140:./src/stm32f7xx_hal_cortex.c ****   *         The pending IRQ priority will be managed only by the subpriority. 
 141:./src/stm32f7xx_hal_cortex.c ****   * @retval None
 142:./src/stm32f7xx_hal_cortex.c ****   */
 143:./src/stm32f7xx_hal_cortex.c **** void HAL_NVIC_SetPriorityGrouping(uint32_t PriorityGroup)
 144:./src/stm32f7xx_hal_cortex.c **** {
  29              		.loc 1 144 1 view -0
  30              		.cfi_startproc
  31              		@ args = 0, pretend = 0, frame = 0
  32              		@ frame_needed = 0, uses_anonymous_args = 0
  33              		@ link register save eliminated.
 145:./src/stm32f7xx_hal_cortex.c ****   /* Check the parameters */
 146:./src/stm32f7xx_hal_cortex.c ****   assert_param(IS_NVIC_PRIORITY_GROUP(PriorityGroup));
  34              		.loc 1 146 3 view .LVU1
 147:./src/stm32f7xx_hal_cortex.c ****   
 148:./src/stm32f7xx_hal_cortex.c ****   /* Set the PRIGROUP[10:8] bits according to the PriorityGroup parameter value */
 149:./src/stm32f7xx_hal_cortex.c ****   NVIC_SetPriorityGrouping(PriorityGroup);
  35              		.loc 1 149 3 view .LVU2
  36              	.LBB32:
  37              	.LBB33:
  38              		.file 2 "./inc/core_cm7.h"
   1:./inc/core_cm7.h **** /**************************************************************************//**
   2:./inc/core_cm7.h ****  * @file     core_cm7.h
   3:./inc/core_cm7.h ****  * @brief    CMSIS Cortex-M7 Core Peripheral Access Layer Header File
   4:./inc/core_cm7.h ****  * @version  V5.1.1
   5:./inc/core_cm7.h ****  * @date     28. March 2019
   6:./inc/core_cm7.h ****  ******************************************************************************/
   7:./inc/core_cm7.h **** /*
   8:./inc/core_cm7.h ****  * Copyright (c) 2009-2019 Arm Limited. All rights reserved.
   9:./inc/core_cm7.h ****  *
  10:./inc/core_cm7.h ****  * SPDX-License-Identifier: Apache-2.0
  11:./inc/core_cm7.h ****  *
  12:./inc/core_cm7.h ****  * Licensed under the Apache License, Version 2.0 (the License); you may
  13:./inc/core_cm7.h ****  * not use this file except in compliance with the License.
  14:./inc/core_cm7.h ****  * You may obtain a copy of the License at
  15:./inc/core_cm7.h ****  *
  16:./inc/core_cm7.h ****  * www.apache.org/licenses/LICENSE-2.0
  17:./inc/core_cm7.h ****  *
  18:./inc/core_cm7.h ****  * Unless required by applicable law or agreed to in writing, software
  19:./inc/core_cm7.h ****  * distributed under the License is distributed on an AS IS BASIS, WITHOUT
  20:./inc/core_cm7.h ****  * WARRANTIES OR CONDITIONS OF ANY KIND, either express or implied.
  21:./inc/core_cm7.h ****  * See the License for the specific language governing permissions and
  22:./inc/core_cm7.h ****  * limitations under the License.
  23:./inc/core_cm7.h ****  */
  24:./inc/core_cm7.h **** 
  25:./inc/core_cm7.h **** #if   defined ( __ICCARM__ )
  26:./inc/core_cm7.h ****   #pragma system_include         /* treat file as system include file for MISRA check */
  27:./inc/core_cm7.h **** #elif defined (__clang__)
  28:./inc/core_cm7.h ****   #pragma clang system_header   /* treat file as system include file */
  29:./inc/core_cm7.h **** #endif
  30:./inc/core_cm7.h **** 
  31:./inc/core_cm7.h **** #ifndef __CORE_CM7_H_GENERIC
  32:./inc/core_cm7.h **** #define __CORE_CM7_H_GENERIC
  33:./inc/core_cm7.h **** 
  34:./inc/core_cm7.h **** #include <stdint.h>
  35:./inc/core_cm7.h **** 
  36:./inc/core_cm7.h **** #ifdef __cplusplus
  37:./inc/core_cm7.h ****  extern "C" {
  38:./inc/core_cm7.h **** #endif
  39:./inc/core_cm7.h **** 
  40:./inc/core_cm7.h **** /**
  41:./inc/core_cm7.h ****   \page CMSIS_MISRA_Exceptions  MISRA-C:2004 Compliance Exceptions
  42:./inc/core_cm7.h ****   CMSIS violates the following MISRA-C:2004 rules:
  43:./inc/core_cm7.h **** 
  44:./inc/core_cm7.h ****    \li Required Rule 8.5, object/function definition in header file.<br>
  45:./inc/core_cm7.h ****      Function definitions in header files are used to allow 'inlining'.
  46:./inc/core_cm7.h **** 
  47:./inc/core_cm7.h ****    \li Required Rule 18.4, declaration of union type or object of union type: '{...}'.<br>
  48:./inc/core_cm7.h ****      Unions are used for effective representation of core registers.
  49:./inc/core_cm7.h **** 
  50:./inc/core_cm7.h ****    \li Advisory Rule 19.7, Function-like macro defined.<br>
  51:./inc/core_cm7.h ****      Function-like macros are used to allow more efficient code.
  52:./inc/core_cm7.h ****  */
  53:./inc/core_cm7.h **** 
  54:./inc/core_cm7.h **** 
  55:./inc/core_cm7.h **** /*******************************************************************************
  56:./inc/core_cm7.h ****  *                 CMSIS definitions
  57:./inc/core_cm7.h ****  ******************************************************************************/
  58:./inc/core_cm7.h **** /**
  59:./inc/core_cm7.h ****   \ingroup Cortex_M7
  60:./inc/core_cm7.h ****   @{
  61:./inc/core_cm7.h ****  */
  62:./inc/core_cm7.h **** 
  63:./inc/core_cm7.h **** #include "cmsis_version.h"
  64:./inc/core_cm7.h **** 
  65:./inc/core_cm7.h **** /* CMSIS CM7 definitions */
  66:./inc/core_cm7.h **** #define __CM7_CMSIS_VERSION_MAIN  (__CM_CMSIS_VERSION_MAIN)                  /*!< \deprecated [31:1
  67:./inc/core_cm7.h **** #define __CM7_CMSIS_VERSION_SUB   ( __CM_CMSIS_VERSION_SUB)                  /*!< \deprecated [15:0
  68:./inc/core_cm7.h **** #define __CM7_CMSIS_VERSION       ((__CM7_CMSIS_VERSION_MAIN << 16U) | \
  69:./inc/core_cm7.h ****                                     __CM7_CMSIS_VERSION_SUB           )      /*!< \deprecated CMSIS
  70:./inc/core_cm7.h **** 
  71:./inc/core_cm7.h **** #define __CORTEX_M                (7U)                                       /*!< Cortex-M Core */
  72:./inc/core_cm7.h **** 
  73:./inc/core_cm7.h **** /** __FPU_USED indicates whether an FPU is used or not.
  74:./inc/core_cm7.h ****     For this, __FPU_PRESENT has to be checked prior to making use of FPU specific registers and fun
  75:./inc/core_cm7.h **** */
  76:./inc/core_cm7.h **** #if defined ( __CC_ARM )
  77:./inc/core_cm7.h ****   #if defined __TARGET_FPU_VFP
  78:./inc/core_cm7.h ****     #if defined (__FPU_PRESENT) && (__FPU_PRESENT == 1U)
  79:./inc/core_cm7.h ****       #define __FPU_USED       1U
  80:./inc/core_cm7.h ****     #else
  81:./inc/core_cm7.h ****       #error "Compiler generates FPU instructions for a device without an FPU (check __FPU_PRESENT)
  82:./inc/core_cm7.h ****       #define __FPU_USED       0U
  83:./inc/core_cm7.h ****     #endif
  84:./inc/core_cm7.h ****   #else
  85:./inc/core_cm7.h ****     #define __FPU_USED         0U
  86:./inc/core_cm7.h ****   #endif
  87:./inc/core_cm7.h **** 
  88:./inc/core_cm7.h **** #elif defined (__ARMCC_VERSION) && (__ARMCC_VERSION >= 6010050)
  89:./inc/core_cm7.h ****   #if defined __ARM_FP
  90:./inc/core_cm7.h ****     #if defined (__FPU_PRESENT) && (__FPU_PRESENT == 1U)
  91:./inc/core_cm7.h ****       #define __FPU_USED       1U
  92:./inc/core_cm7.h ****     #else
  93:./inc/core_cm7.h ****       #warning "Compiler generates FPU instructions for a device without an FPU (check __FPU_PRESEN
  94:./inc/core_cm7.h ****       #define __FPU_USED       0U
  95:./inc/core_cm7.h ****     #endif
  96:./inc/core_cm7.h ****   #else
  97:./inc/core_cm7.h ****     #define __FPU_USED         0U
  98:./inc/core_cm7.h ****   #endif
  99:./inc/core_cm7.h **** 
 100:./inc/core_cm7.h **** #elif defined ( __GNUC__ )
 101:./inc/core_cm7.h ****   #if defined (__VFP_FP__) && !defined(__SOFTFP__)
 102:./inc/core_cm7.h ****     #if defined (__FPU_PRESENT) && (__FPU_PRESENT == 1U)
 103:./inc/core_cm7.h ****       #define __FPU_USED       1U
 104:./inc/core_cm7.h ****     #else
 105:./inc/core_cm7.h ****       #error "Compiler generates FPU instructions for a device without an FPU (check __FPU_PRESENT)
 106:./inc/core_cm7.h ****       #define __FPU_USED       0U
 107:./inc/core_cm7.h ****     #endif
 108:./inc/core_cm7.h ****   #else
 109:./inc/core_cm7.h ****     #define __FPU_USED         0U
 110:./inc/core_cm7.h ****   #endif
 111:./inc/core_cm7.h **** 
 112:./inc/core_cm7.h **** #elif defined ( __ICCARM__ )
 113:./inc/core_cm7.h ****   #if defined __ARMVFP__
 114:./inc/core_cm7.h ****     #if defined (__FPU_PRESENT) && (__FPU_PRESENT == 1U)
 115:./inc/core_cm7.h ****       #define __FPU_USED       1U
 116:./inc/core_cm7.h ****     #else
 117:./inc/core_cm7.h ****       #error "Compiler generates FPU instructions for a device without an FPU (check __FPU_PRESENT)
 118:./inc/core_cm7.h ****       #define __FPU_USED       0U
 119:./inc/core_cm7.h ****     #endif
 120:./inc/core_cm7.h ****   #else
 121:./inc/core_cm7.h ****     #define __FPU_USED         0U
 122:./inc/core_cm7.h ****   #endif
 123:./inc/core_cm7.h **** 
 124:./inc/core_cm7.h **** #elif defined ( __TI_ARM__ )
 125:./inc/core_cm7.h ****   #if defined __TI_VFP_SUPPORT__
 126:./inc/core_cm7.h ****     #if defined (__FPU_PRESENT) && (__FPU_PRESENT == 1U)
 127:./inc/core_cm7.h ****       #define __FPU_USED       1U
 128:./inc/core_cm7.h ****     #else
 129:./inc/core_cm7.h ****       #error "Compiler generates FPU instructions for a device without an FPU (check __FPU_PRESENT)
 130:./inc/core_cm7.h ****       #define __FPU_USED       0U
 131:./inc/core_cm7.h ****     #endif
 132:./inc/core_cm7.h ****   #else
 133:./inc/core_cm7.h ****     #define __FPU_USED         0U
 134:./inc/core_cm7.h ****   #endif
 135:./inc/core_cm7.h **** 
 136:./inc/core_cm7.h **** #elif defined ( __TASKING__ )
 137:./inc/core_cm7.h ****   #if defined __FPU_VFP__
 138:./inc/core_cm7.h ****     #if defined (__FPU_PRESENT) && (__FPU_PRESENT == 1U)
 139:./inc/core_cm7.h ****       #define __FPU_USED       1U
 140:./inc/core_cm7.h ****     #else
 141:./inc/core_cm7.h ****       #error "Compiler generates FPU instructions for a device without an FPU (check __FPU_PRESENT)
 142:./inc/core_cm7.h ****       #define __FPU_USED       0U
 143:./inc/core_cm7.h ****     #endif
 144:./inc/core_cm7.h ****   #else
 145:./inc/core_cm7.h ****     #define __FPU_USED         0U
 146:./inc/core_cm7.h ****   #endif
 147:./inc/core_cm7.h **** 
 148:./inc/core_cm7.h **** #elif defined ( __CSMC__ )
 149:./inc/core_cm7.h ****   #if ( __CSMC__ & 0x400U)
 150:./inc/core_cm7.h ****     #if defined (__FPU_PRESENT) && (__FPU_PRESENT == 1U)
 151:./inc/core_cm7.h ****       #define __FPU_USED       1U
 152:./inc/core_cm7.h ****     #else
 153:./inc/core_cm7.h ****       #error "Compiler generates FPU instructions for a device without an FPU (check __FPU_PRESENT)
 154:./inc/core_cm7.h ****       #define __FPU_USED       0U
 155:./inc/core_cm7.h ****     #endif
 156:./inc/core_cm7.h ****   #else
 157:./inc/core_cm7.h ****     #define __FPU_USED         0U
 158:./inc/core_cm7.h ****   #endif
 159:./inc/core_cm7.h **** 
 160:./inc/core_cm7.h **** #endif
 161:./inc/core_cm7.h **** 
 162:./inc/core_cm7.h **** #include "cmsis_compiler.h"               /* CMSIS compiler specific defines */
 163:./inc/core_cm7.h **** 
 164:./inc/core_cm7.h **** 
 165:./inc/core_cm7.h **** #ifdef __cplusplus
 166:./inc/core_cm7.h **** }
 167:./inc/core_cm7.h **** #endif
 168:./inc/core_cm7.h **** 
 169:./inc/core_cm7.h **** #endif /* __CORE_CM7_H_GENERIC */
 170:./inc/core_cm7.h **** 
 171:./inc/core_cm7.h **** #ifndef __CMSIS_GENERIC
 172:./inc/core_cm7.h **** 
 173:./inc/core_cm7.h **** #ifndef __CORE_CM7_H_DEPENDANT
 174:./inc/core_cm7.h **** #define __CORE_CM7_H_DEPENDANT
 175:./inc/core_cm7.h **** 
 176:./inc/core_cm7.h **** #ifdef __cplusplus
 177:./inc/core_cm7.h ****  extern "C" {
 178:./inc/core_cm7.h **** #endif
 179:./inc/core_cm7.h **** 
 180:./inc/core_cm7.h **** /* check device defines and use defaults */
 181:./inc/core_cm7.h **** #if defined __CHECK_DEVICE_DEFINES
 182:./inc/core_cm7.h ****   #ifndef __CM7_REV
 183:./inc/core_cm7.h ****     #define __CM7_REV               0x0000U
 184:./inc/core_cm7.h ****     #warning "__CM7_REV not defined in device header file; using default!"
 185:./inc/core_cm7.h ****   #endif
 186:./inc/core_cm7.h **** 
 187:./inc/core_cm7.h ****   #ifndef __FPU_PRESENT
 188:./inc/core_cm7.h ****     #define __FPU_PRESENT             0U
 189:./inc/core_cm7.h ****     #warning "__FPU_PRESENT not defined in device header file; using default!"
 190:./inc/core_cm7.h ****   #endif
 191:./inc/core_cm7.h **** 
 192:./inc/core_cm7.h ****   #ifndef __MPU_PRESENT
 193:./inc/core_cm7.h ****     #define __MPU_PRESENT             0U
 194:./inc/core_cm7.h ****     #warning "__MPU_PRESENT not defined in device header file; using default!"
 195:./inc/core_cm7.h ****   #endif
 196:./inc/core_cm7.h **** 
 197:./inc/core_cm7.h ****   #ifndef __ICACHE_PRESENT
 198:./inc/core_cm7.h ****     #define __ICACHE_PRESENT          0U
 199:./inc/core_cm7.h ****     #warning "__ICACHE_PRESENT not defined in device header file; using default!"
 200:./inc/core_cm7.h ****   #endif
 201:./inc/core_cm7.h **** 
 202:./inc/core_cm7.h ****   #ifndef __DCACHE_PRESENT
 203:./inc/core_cm7.h ****     #define __DCACHE_PRESENT          0U
 204:./inc/core_cm7.h ****     #warning "__DCACHE_PRESENT not defined in device header file; using default!"
 205:./inc/core_cm7.h ****   #endif
 206:./inc/core_cm7.h **** 
 207:./inc/core_cm7.h ****   #ifndef __DTCM_PRESENT
 208:./inc/core_cm7.h ****     #define __DTCM_PRESENT            0U
 209:./inc/core_cm7.h ****     #warning "__DTCM_PRESENT        not defined in device header file; using default!"
 210:./inc/core_cm7.h ****   #endif
 211:./inc/core_cm7.h **** 
 212:./inc/core_cm7.h ****   #ifndef __NVIC_PRIO_BITS
 213:./inc/core_cm7.h ****     #define __NVIC_PRIO_BITS          3U
 214:./inc/core_cm7.h ****     #warning "__NVIC_PRIO_BITS not defined in device header file; using default!"
 215:./inc/core_cm7.h ****   #endif
 216:./inc/core_cm7.h **** 
 217:./inc/core_cm7.h ****   #ifndef __Vendor_SysTickConfig
 218:./inc/core_cm7.h ****     #define __Vendor_SysTickConfig    0U
 219:./inc/core_cm7.h ****     #warning "__Vendor_SysTickConfig not defined in device header file; using default!"
 220:./inc/core_cm7.h ****   #endif
 221:./inc/core_cm7.h **** #endif
 222:./inc/core_cm7.h **** 
 223:./inc/core_cm7.h **** /* IO definitions (access restrictions to peripheral registers) */
 224:./inc/core_cm7.h **** /**
 225:./inc/core_cm7.h ****     \defgroup CMSIS_glob_defs CMSIS Global Defines
 226:./inc/core_cm7.h **** 
 227:./inc/core_cm7.h ****     <strong>IO Type Qualifiers</strong> are used
 228:./inc/core_cm7.h ****     \li to specify the access to peripheral variables.
 229:./inc/core_cm7.h ****     \li for automatic generation of peripheral register debug information.
 230:./inc/core_cm7.h **** */
 231:./inc/core_cm7.h **** #ifdef __cplusplus
 232:./inc/core_cm7.h ****   #define   __I     volatile             /*!< Defines 'read only' permissions */
 233:./inc/core_cm7.h **** #else
 234:./inc/core_cm7.h ****   #define   __I     volatile const       /*!< Defines 'read only' permissions */
 235:./inc/core_cm7.h **** #endif
 236:./inc/core_cm7.h **** #define     __O     volatile             /*!< Defines 'write only' permissions */
 237:./inc/core_cm7.h **** #define     __IO    volatile             /*!< Defines 'read / write' permissions */
 238:./inc/core_cm7.h **** 
 239:./inc/core_cm7.h **** /* following defines should be used for structure members */
 240:./inc/core_cm7.h **** #define     __IM     volatile const      /*! Defines 'read only' structure member permissions */
 241:./inc/core_cm7.h **** #define     __OM     volatile            /*! Defines 'write only' structure member permissions */
 242:./inc/core_cm7.h **** #define     __IOM    volatile            /*! Defines 'read / write' structure member permissions */
 243:./inc/core_cm7.h **** 
 244:./inc/core_cm7.h **** /*@} end of group Cortex_M7 */
 245:./inc/core_cm7.h **** 
 246:./inc/core_cm7.h **** 
 247:./inc/core_cm7.h **** 
 248:./inc/core_cm7.h **** /*******************************************************************************
 249:./inc/core_cm7.h ****  *                 Register Abstraction
 250:./inc/core_cm7.h ****   Core Register contain:
 251:./inc/core_cm7.h ****   - Core Register
 252:./inc/core_cm7.h ****   - Core NVIC Register
 253:./inc/core_cm7.h ****   - Core SCB Register
 254:./inc/core_cm7.h ****   - Core SysTick Register
 255:./inc/core_cm7.h ****   - Core Debug Register
 256:./inc/core_cm7.h ****   - Core MPU Register
 257:./inc/core_cm7.h ****   - Core FPU Register
 258:./inc/core_cm7.h ****  ******************************************************************************/
 259:./inc/core_cm7.h **** /**
 260:./inc/core_cm7.h ****   \defgroup CMSIS_core_register Defines and Type Definitions
 261:./inc/core_cm7.h ****   \brief Type definitions and defines for Cortex-M processor based devices.
 262:./inc/core_cm7.h **** */
 263:./inc/core_cm7.h **** 
 264:./inc/core_cm7.h **** /**
 265:./inc/core_cm7.h ****   \ingroup    CMSIS_core_register
 266:./inc/core_cm7.h ****   \defgroup   CMSIS_CORE  Status and Control Registers
 267:./inc/core_cm7.h ****   \brief      Core Register type definitions.
 268:./inc/core_cm7.h ****   @{
 269:./inc/core_cm7.h ****  */
 270:./inc/core_cm7.h **** 
 271:./inc/core_cm7.h **** /**
 272:./inc/core_cm7.h ****   \brief  Union type to access the Application Program Status Register (APSR).
 273:./inc/core_cm7.h ****  */
 274:./inc/core_cm7.h **** typedef union
 275:./inc/core_cm7.h **** {
 276:./inc/core_cm7.h ****   struct
 277:./inc/core_cm7.h ****   {
 278:./inc/core_cm7.h ****     uint32_t _reserved0:16;              /*!< bit:  0..15  Reserved */
 279:./inc/core_cm7.h ****     uint32_t GE:4;                       /*!< bit: 16..19  Greater than or Equal flags */
 280:./inc/core_cm7.h ****     uint32_t _reserved1:7;               /*!< bit: 20..26  Reserved */
 281:./inc/core_cm7.h ****     uint32_t Q:1;                        /*!< bit:     27  Saturation condition flag */
 282:./inc/core_cm7.h ****     uint32_t V:1;                        /*!< bit:     28  Overflow condition code flag */
 283:./inc/core_cm7.h ****     uint32_t C:1;                        /*!< bit:     29  Carry condition code flag */
 284:./inc/core_cm7.h ****     uint32_t Z:1;                        /*!< bit:     30  Zero condition code flag */
 285:./inc/core_cm7.h ****     uint32_t N:1;                        /*!< bit:     31  Negative condition code flag */
 286:./inc/core_cm7.h ****   } b;                                   /*!< Structure used for bit  access */
 287:./inc/core_cm7.h ****   uint32_t w;                            /*!< Type      used for word access */
 288:./inc/core_cm7.h **** } APSR_Type;
 289:./inc/core_cm7.h **** 
 290:./inc/core_cm7.h **** /* APSR Register Definitions */
 291:./inc/core_cm7.h **** #define APSR_N_Pos                         31U                                            /*!< APSR
 292:./inc/core_cm7.h **** #define APSR_N_Msk                         (1UL << APSR_N_Pos)                            /*!< APSR
 293:./inc/core_cm7.h **** 
 294:./inc/core_cm7.h **** #define APSR_Z_Pos                         30U                                            /*!< APSR
 295:./inc/core_cm7.h **** #define APSR_Z_Msk                         (1UL << APSR_Z_Pos)                            /*!< APSR
 296:./inc/core_cm7.h **** 
 297:./inc/core_cm7.h **** #define APSR_C_Pos                         29U                                            /*!< APSR
 298:./inc/core_cm7.h **** #define APSR_C_Msk                         (1UL << APSR_C_Pos)                            /*!< APSR
 299:./inc/core_cm7.h **** 
 300:./inc/core_cm7.h **** #define APSR_V_Pos                         28U                                            /*!< APSR
 301:./inc/core_cm7.h **** #define APSR_V_Msk                         (1UL << APSR_V_Pos)                            /*!< APSR
 302:./inc/core_cm7.h **** 
 303:./inc/core_cm7.h **** #define APSR_Q_Pos                         27U                                            /*!< APSR
 304:./inc/core_cm7.h **** #define APSR_Q_Msk                         (1UL << APSR_Q_Pos)                            /*!< APSR
 305:./inc/core_cm7.h **** 
 306:./inc/core_cm7.h **** #define APSR_GE_Pos                        16U                                            /*!< APSR
 307:./inc/core_cm7.h **** #define APSR_GE_Msk                        (0xFUL << APSR_GE_Pos)                         /*!< APSR
 308:./inc/core_cm7.h **** 
 309:./inc/core_cm7.h **** 
 310:./inc/core_cm7.h **** /**
 311:./inc/core_cm7.h ****   \brief  Union type to access the Interrupt Program Status Register (IPSR).
 312:./inc/core_cm7.h ****  */
 313:./inc/core_cm7.h **** typedef union
 314:./inc/core_cm7.h **** {
 315:./inc/core_cm7.h ****   struct
 316:./inc/core_cm7.h ****   {
 317:./inc/core_cm7.h ****     uint32_t ISR:9;                      /*!< bit:  0.. 8  Exception number */
 318:./inc/core_cm7.h ****     uint32_t _reserved0:23;              /*!< bit:  9..31  Reserved */
 319:./inc/core_cm7.h ****   } b;                                   /*!< Structure used for bit  access */
 320:./inc/core_cm7.h ****   uint32_t w;                            /*!< Type      used for word access */
 321:./inc/core_cm7.h **** } IPSR_Type;
 322:./inc/core_cm7.h **** 
 323:./inc/core_cm7.h **** /* IPSR Register Definitions */
 324:./inc/core_cm7.h **** #define IPSR_ISR_Pos                        0U                                            /*!< IPSR
 325:./inc/core_cm7.h **** #define IPSR_ISR_Msk                       (0x1FFUL /*<< IPSR_ISR_Pos*/)                  /*!< IPSR
 326:./inc/core_cm7.h **** 
 327:./inc/core_cm7.h **** 
 328:./inc/core_cm7.h **** /**
 329:./inc/core_cm7.h ****   \brief  Union type to access the Special-Purpose Program Status Registers (xPSR).
 330:./inc/core_cm7.h ****  */
 331:./inc/core_cm7.h **** typedef union
 332:./inc/core_cm7.h **** {
 333:./inc/core_cm7.h ****   struct
 334:./inc/core_cm7.h ****   {
 335:./inc/core_cm7.h ****     uint32_t ISR:9;                      /*!< bit:  0.. 8  Exception number */
 336:./inc/core_cm7.h ****     uint32_t _reserved0:1;               /*!< bit:      9  Reserved */
 337:./inc/core_cm7.h ****     uint32_t ICI_IT_1:6;                 /*!< bit: 10..15  ICI/IT part 1 */
 338:./inc/core_cm7.h ****     uint32_t GE:4;                       /*!< bit: 16..19  Greater than or Equal flags */
 339:./inc/core_cm7.h ****     uint32_t _reserved1:4;               /*!< bit: 20..23  Reserved */
 340:./inc/core_cm7.h ****     uint32_t T:1;                        /*!< bit:     24  Thumb bit */
 341:./inc/core_cm7.h ****     uint32_t ICI_IT_2:2;                 /*!< bit: 25..26  ICI/IT part 2 */
 342:./inc/core_cm7.h ****     uint32_t Q:1;                        /*!< bit:     27  Saturation condition flag */
 343:./inc/core_cm7.h ****     uint32_t V:1;                        /*!< bit:     28  Overflow condition code flag */
 344:./inc/core_cm7.h ****     uint32_t C:1;                        /*!< bit:     29  Carry condition code flag */
 345:./inc/core_cm7.h ****     uint32_t Z:1;                        /*!< bit:     30  Zero condition code flag */
 346:./inc/core_cm7.h ****     uint32_t N:1;                        /*!< bit:     31  Negative condition code flag */
 347:./inc/core_cm7.h ****   } b;                                   /*!< Structure used for bit  access */
 348:./inc/core_cm7.h ****   uint32_t w;                            /*!< Type      used for word access */
 349:./inc/core_cm7.h **** } xPSR_Type;
 350:./inc/core_cm7.h **** 
 351:./inc/core_cm7.h **** /* xPSR Register Definitions */
 352:./inc/core_cm7.h **** #define xPSR_N_Pos                         31U                                            /*!< xPSR
 353:./inc/core_cm7.h **** #define xPSR_N_Msk                         (1UL << xPSR_N_Pos)                            /*!< xPSR
 354:./inc/core_cm7.h **** 
 355:./inc/core_cm7.h **** #define xPSR_Z_Pos                         30U                                            /*!< xPSR
 356:./inc/core_cm7.h **** #define xPSR_Z_Msk                         (1UL << xPSR_Z_Pos)                            /*!< xPSR
 357:./inc/core_cm7.h **** 
 358:./inc/core_cm7.h **** #define xPSR_C_Pos                         29U                                            /*!< xPSR
 359:./inc/core_cm7.h **** #define xPSR_C_Msk                         (1UL << xPSR_C_Pos)                            /*!< xPSR
 360:./inc/core_cm7.h **** 
 361:./inc/core_cm7.h **** #define xPSR_V_Pos                         28U                                            /*!< xPSR
 362:./inc/core_cm7.h **** #define xPSR_V_Msk                         (1UL << xPSR_V_Pos)                            /*!< xPSR
 363:./inc/core_cm7.h **** 
 364:./inc/core_cm7.h **** #define xPSR_Q_Pos                         27U                                            /*!< xPSR
 365:./inc/core_cm7.h **** #define xPSR_Q_Msk                         (1UL << xPSR_Q_Pos)                            /*!< xPSR
 366:./inc/core_cm7.h **** 
 367:./inc/core_cm7.h **** #define xPSR_ICI_IT_2_Pos                  25U                                            /*!< xPSR
 368:./inc/core_cm7.h **** #define xPSR_ICI_IT_2_Msk                  (3UL << xPSR_ICI_IT_2_Pos)                     /*!< xPSR
 369:./inc/core_cm7.h **** 
 370:./inc/core_cm7.h **** #define xPSR_T_Pos                         24U                                            /*!< xPSR
 371:./inc/core_cm7.h **** #define xPSR_T_Msk                         (1UL << xPSR_T_Pos)                            /*!< xPSR
 372:./inc/core_cm7.h **** 
 373:./inc/core_cm7.h **** #define xPSR_GE_Pos                        16U                                            /*!< xPSR
 374:./inc/core_cm7.h **** #define xPSR_GE_Msk                        (0xFUL << xPSR_GE_Pos)                         /*!< xPSR
 375:./inc/core_cm7.h **** 
 376:./inc/core_cm7.h **** #define xPSR_ICI_IT_1_Pos                  10U                                            /*!< xPSR
 377:./inc/core_cm7.h **** #define xPSR_ICI_IT_1_Msk                  (0x3FUL << xPSR_ICI_IT_1_Pos)                  /*!< xPSR
 378:./inc/core_cm7.h **** 
 379:./inc/core_cm7.h **** #define xPSR_ISR_Pos                        0U                                            /*!< xPSR
 380:./inc/core_cm7.h **** #define xPSR_ISR_Msk                       (0x1FFUL /*<< xPSR_ISR_Pos*/)                  /*!< xPSR
 381:./inc/core_cm7.h **** 
 382:./inc/core_cm7.h **** 
 383:./inc/core_cm7.h **** /**
 384:./inc/core_cm7.h ****   \brief  Union type to access the Control Registers (CONTROL).
 385:./inc/core_cm7.h ****  */
 386:./inc/core_cm7.h **** typedef union
 387:./inc/core_cm7.h **** {
 388:./inc/core_cm7.h ****   struct
 389:./inc/core_cm7.h ****   {
 390:./inc/core_cm7.h ****     uint32_t nPRIV:1;                    /*!< bit:      0  Execution privilege in Thread mode */
 391:./inc/core_cm7.h ****     uint32_t SPSEL:1;                    /*!< bit:      1  Stack to be used */
 392:./inc/core_cm7.h ****     uint32_t FPCA:1;                     /*!< bit:      2  FP extension active flag */
 393:./inc/core_cm7.h ****     uint32_t _reserved0:29;              /*!< bit:  3..31  Reserved */
 394:./inc/core_cm7.h ****   } b;                                   /*!< Structure used for bit  access */
 395:./inc/core_cm7.h ****   uint32_t w;                            /*!< Type      used for word access */
 396:./inc/core_cm7.h **** } CONTROL_Type;
 397:./inc/core_cm7.h **** 
 398:./inc/core_cm7.h **** /* CONTROL Register Definitions */
 399:./inc/core_cm7.h **** #define CONTROL_FPCA_Pos                    2U                                            /*!< CONT
 400:./inc/core_cm7.h **** #define CONTROL_FPCA_Msk                   (1UL << CONTROL_FPCA_Pos)                      /*!< CONT
 401:./inc/core_cm7.h **** 
 402:./inc/core_cm7.h **** #define CONTROL_SPSEL_Pos                   1U                                            /*!< CONT
 403:./inc/core_cm7.h **** #define CONTROL_SPSEL_Msk                  (1UL << CONTROL_SPSEL_Pos)                     /*!< CONT
 404:./inc/core_cm7.h **** 
 405:./inc/core_cm7.h **** #define CONTROL_nPRIV_Pos                   0U                                            /*!< CONT
 406:./inc/core_cm7.h **** #define CONTROL_nPRIV_Msk                  (1UL /*<< CONTROL_nPRIV_Pos*/)                 /*!< CONT
 407:./inc/core_cm7.h **** 
 408:./inc/core_cm7.h **** /*@} end of group CMSIS_CORE */
 409:./inc/core_cm7.h **** 
 410:./inc/core_cm7.h **** 
 411:./inc/core_cm7.h **** /**
 412:./inc/core_cm7.h ****   \ingroup    CMSIS_core_register
 413:./inc/core_cm7.h ****   \defgroup   CMSIS_NVIC  Nested Vectored Interrupt Controller (NVIC)
 414:./inc/core_cm7.h ****   \brief      Type definitions for the NVIC Registers
 415:./inc/core_cm7.h ****   @{
 416:./inc/core_cm7.h ****  */
 417:./inc/core_cm7.h **** 
 418:./inc/core_cm7.h **** /**
 419:./inc/core_cm7.h ****   \brief  Structure type to access the Nested Vectored Interrupt Controller (NVIC).
 420:./inc/core_cm7.h ****  */
 421:./inc/core_cm7.h **** typedef struct
 422:./inc/core_cm7.h **** {
 423:./inc/core_cm7.h ****   __IOM uint32_t ISER[8U];               /*!< Offset: 0x000 (R/W)  Interrupt Set Enable Register */
 424:./inc/core_cm7.h ****         uint32_t RESERVED0[24U];
 425:./inc/core_cm7.h ****   __IOM uint32_t ICER[8U];               /*!< Offset: 0x080 (R/W)  Interrupt Clear Enable Register 
 426:./inc/core_cm7.h ****         uint32_t RESERVED1[24U];
 427:./inc/core_cm7.h ****   __IOM uint32_t ISPR[8U];               /*!< Offset: 0x100 (R/W)  Interrupt Set Pending Register *
 428:./inc/core_cm7.h ****         uint32_t RESERVED2[24U];
 429:./inc/core_cm7.h ****   __IOM uint32_t ICPR[8U];               /*!< Offset: 0x180 (R/W)  Interrupt Clear Pending Register
 430:./inc/core_cm7.h ****         uint32_t RESERVED3[24U];
 431:./inc/core_cm7.h ****   __IOM uint32_t IABR[8U];               /*!< Offset: 0x200 (R/W)  Interrupt Active bit Register */
 432:./inc/core_cm7.h ****         uint32_t RESERVED4[56U];
 433:./inc/core_cm7.h ****   __IOM uint8_t  IP[240U];               /*!< Offset: 0x300 (R/W)  Interrupt Priority Register (8Bi
 434:./inc/core_cm7.h ****         uint32_t RESERVED5[644U];
 435:./inc/core_cm7.h ****   __OM  uint32_t STIR;                   /*!< Offset: 0xE00 ( /W)  Software Trigger Interrupt Regis
 436:./inc/core_cm7.h **** }  NVIC_Type;
 437:./inc/core_cm7.h **** 
 438:./inc/core_cm7.h **** /* Software Triggered Interrupt Register Definitions */
 439:./inc/core_cm7.h **** #define NVIC_STIR_INTID_Pos                 0U                                         /*!< STIR: I
 440:./inc/core_cm7.h **** #define NVIC_STIR_INTID_Msk                (0x1FFUL /*<< NVIC_STIR_INTID_Pos*/)        /*!< STIR: I
 441:./inc/core_cm7.h **** 
 442:./inc/core_cm7.h **** /*@} end of group CMSIS_NVIC */
 443:./inc/core_cm7.h **** 
 444:./inc/core_cm7.h **** 
 445:./inc/core_cm7.h **** /**
 446:./inc/core_cm7.h ****   \ingroup  CMSIS_core_register
 447:./inc/core_cm7.h ****   \defgroup CMSIS_SCB     System Control Block (SCB)
 448:./inc/core_cm7.h ****   \brief    Type definitions for the System Control Block Registers
 449:./inc/core_cm7.h ****   @{
 450:./inc/core_cm7.h ****  */
 451:./inc/core_cm7.h **** 
 452:./inc/core_cm7.h **** /**
 453:./inc/core_cm7.h ****   \brief  Structure type to access the System Control Block (SCB).
 454:./inc/core_cm7.h ****  */
 455:./inc/core_cm7.h **** typedef struct
 456:./inc/core_cm7.h **** {
 457:./inc/core_cm7.h ****   __IM  uint32_t CPUID;                  /*!< Offset: 0x000 (R/ )  CPUID Base Register */
 458:./inc/core_cm7.h ****   __IOM uint32_t ICSR;                   /*!< Offset: 0x004 (R/W)  Interrupt Control and State Regi
 459:./inc/core_cm7.h ****   __IOM uint32_t VTOR;                   /*!< Offset: 0x008 (R/W)  Vector Table Offset Register */
 460:./inc/core_cm7.h ****   __IOM uint32_t AIRCR;                  /*!< Offset: 0x00C (R/W)  Application Interrupt and Reset 
 461:./inc/core_cm7.h ****   __IOM uint32_t SCR;                    /*!< Offset: 0x010 (R/W)  System Control Register */
 462:./inc/core_cm7.h ****   __IOM uint32_t CCR;                    /*!< Offset: 0x014 (R/W)  Configuration Control Register *
 463:./inc/core_cm7.h ****   __IOM uint8_t  SHPR[12U];              /*!< Offset: 0x018 (R/W)  System Handlers Priority Registe
 464:./inc/core_cm7.h ****   __IOM uint32_t SHCSR;                  /*!< Offset: 0x024 (R/W)  System Handler Control and State
 465:./inc/core_cm7.h ****   __IOM uint32_t CFSR;                   /*!< Offset: 0x028 (R/W)  Configurable Fault Status Regist
 466:./inc/core_cm7.h ****   __IOM uint32_t HFSR;                   /*!< Offset: 0x02C (R/W)  HardFault Status Register */
 467:./inc/core_cm7.h ****   __IOM uint32_t DFSR;                   /*!< Offset: 0x030 (R/W)  Debug Fault Status Register */
 468:./inc/core_cm7.h ****   __IOM uint32_t MMFAR;                  /*!< Offset: 0x034 (R/W)  MemManage Fault Address Register
 469:./inc/core_cm7.h ****   __IOM uint32_t BFAR;                   /*!< Offset: 0x038 (R/W)  BusFault Address Register */
 470:./inc/core_cm7.h ****   __IOM uint32_t AFSR;                   /*!< Offset: 0x03C (R/W)  Auxiliary Fault Status Register 
 471:./inc/core_cm7.h ****   __IM  uint32_t ID_PFR[2U];             /*!< Offset: 0x040 (R/ )  Processor Feature Register */
 472:./inc/core_cm7.h ****   __IM  uint32_t ID_DFR;                 /*!< Offset: 0x048 (R/ )  Debug Feature Register */
 473:./inc/core_cm7.h ****   __IM  uint32_t ID_AFR;                 /*!< Offset: 0x04C (R/ )  Auxiliary Feature Register */
 474:./inc/core_cm7.h ****   __IM  uint32_t ID_MFR[4U];             /*!< Offset: 0x050 (R/ )  Memory Model Feature Register */
 475:./inc/core_cm7.h ****   __IM  uint32_t ID_ISAR[5U];            /*!< Offset: 0x060 (R/ )  Instruction Set Attributes Regis
 476:./inc/core_cm7.h ****         uint32_t RESERVED0[1U];
 477:./inc/core_cm7.h ****   __IM  uint32_t CLIDR;                  /*!< Offset: 0x078 (R/ )  Cache Level ID register */
 478:./inc/core_cm7.h ****   __IM  uint32_t CTR;                    /*!< Offset: 0x07C (R/ )  Cache Type register */
 479:./inc/core_cm7.h ****   __IM  uint32_t CCSIDR;                 /*!< Offset: 0x080 (R/ )  Cache Size ID Register */
 480:./inc/core_cm7.h ****   __IOM uint32_t CSSELR;                 /*!< Offset: 0x084 (R/W)  Cache Size Selection Register */
 481:./inc/core_cm7.h ****   __IOM uint32_t CPACR;                  /*!< Offset: 0x088 (R/W)  Coprocessor Access Control Regis
 482:./inc/core_cm7.h ****         uint32_t RESERVED3[93U];
 483:./inc/core_cm7.h ****   __OM  uint32_t STIR;                   /*!< Offset: 0x200 ( /W)  Software Triggered Interrupt Reg
 484:./inc/core_cm7.h ****         uint32_t RESERVED4[15U];
 485:./inc/core_cm7.h ****   __IM  uint32_t MVFR0;                  /*!< Offset: 0x240 (R/ )  Media and VFP Feature Register 0
 486:./inc/core_cm7.h ****   __IM  uint32_t MVFR1;                  /*!< Offset: 0x244 (R/ )  Media and VFP Feature Register 1
 487:./inc/core_cm7.h ****   __IM  uint32_t MVFR2;                  /*!< Offset: 0x248 (R/ )  Media and VFP Feature Register 2
 488:./inc/core_cm7.h ****         uint32_t RESERVED5[1U];
 489:./inc/core_cm7.h ****   __OM  uint32_t ICIALLU;                /*!< Offset: 0x250 ( /W)  I-Cache Invalidate All to PoU */
 490:./inc/core_cm7.h ****         uint32_t RESERVED6[1U];
 491:./inc/core_cm7.h ****   __OM  uint32_t ICIMVAU;                /*!< Offset: 0x258 ( /W)  I-Cache Invalidate by MVA to PoU
 492:./inc/core_cm7.h ****   __OM  uint32_t DCIMVAC;                /*!< Offset: 0x25C ( /W)  D-Cache Invalidate by MVA to PoC
 493:./inc/core_cm7.h ****   __OM  uint32_t DCISW;                  /*!< Offset: 0x260 ( /W)  D-Cache Invalidate by Set-way */
 494:./inc/core_cm7.h ****   __OM  uint32_t DCCMVAU;                /*!< Offset: 0x264 ( /W)  D-Cache Clean by MVA to PoU */
 495:./inc/core_cm7.h ****   __OM  uint32_t DCCMVAC;                /*!< Offset: 0x268 ( /W)  D-Cache Clean by MVA to PoC */
 496:./inc/core_cm7.h ****   __OM  uint32_t DCCSW;                  /*!< Offset: 0x26C ( /W)  D-Cache Clean by Set-way */
 497:./inc/core_cm7.h ****   __OM  uint32_t DCCIMVAC;               /*!< Offset: 0x270 ( /W)  D-Cache Clean and Invalidate by 
 498:./inc/core_cm7.h ****   __OM  uint32_t DCCISW;                 /*!< Offset: 0x274 ( /W)  D-Cache Clean and Invalidate by 
 499:./inc/core_cm7.h ****         uint32_t RESERVED7[6U];
 500:./inc/core_cm7.h ****   __IOM uint32_t ITCMCR;                 /*!< Offset: 0x290 (R/W)  Instruction Tightly-Coupled Memo
 501:./inc/core_cm7.h ****   __IOM uint32_t DTCMCR;                 /*!< Offset: 0x294 (R/W)  Data Tightly-Coupled Memory Cont
 502:./inc/core_cm7.h ****   __IOM uint32_t AHBPCR;                 /*!< Offset: 0x298 (R/W)  AHBP Control Register */
 503:./inc/core_cm7.h ****   __IOM uint32_t CACR;                   /*!< Offset: 0x29C (R/W)  L1 Cache Control Register */
 504:./inc/core_cm7.h ****   __IOM uint32_t AHBSCR;                 /*!< Offset: 0x2A0 (R/W)  AHB Slave Control Register */
 505:./inc/core_cm7.h ****         uint32_t RESERVED8[1U];
 506:./inc/core_cm7.h ****   __IOM uint32_t ABFSR;                  /*!< Offset: 0x2A8 (R/W)  Auxiliary Bus Fault Status Regis
 507:./inc/core_cm7.h **** } SCB_Type;
 508:./inc/core_cm7.h **** 
 509:./inc/core_cm7.h **** /* SCB CPUID Register Definitions */
 510:./inc/core_cm7.h **** #define SCB_CPUID_IMPLEMENTER_Pos          24U                                            /*!< SCB 
 511:./inc/core_cm7.h **** #define SCB_CPUID_IMPLEMENTER_Msk          (0xFFUL << SCB_CPUID_IMPLEMENTER_Pos)          /*!< SCB 
 512:./inc/core_cm7.h **** 
 513:./inc/core_cm7.h **** #define SCB_CPUID_VARIANT_Pos              20U                                            /*!< SCB 
 514:./inc/core_cm7.h **** #define SCB_CPUID_VARIANT_Msk              (0xFUL << SCB_CPUID_VARIANT_Pos)               /*!< SCB 
 515:./inc/core_cm7.h **** 
 516:./inc/core_cm7.h **** #define SCB_CPUID_ARCHITECTURE_Pos         16U                                            /*!< SCB 
 517:./inc/core_cm7.h **** #define SCB_CPUID_ARCHITECTURE_Msk         (0xFUL << SCB_CPUID_ARCHITECTURE_Pos)          /*!< SCB 
 518:./inc/core_cm7.h **** 
 519:./inc/core_cm7.h **** #define SCB_CPUID_PARTNO_Pos                4U                                            /*!< SCB 
 520:./inc/core_cm7.h **** #define SCB_CPUID_PARTNO_Msk               (0xFFFUL << SCB_CPUID_PARTNO_Pos)              /*!< SCB 
 521:./inc/core_cm7.h **** 
 522:./inc/core_cm7.h **** #define SCB_CPUID_REVISION_Pos              0U                                            /*!< SCB 
 523:./inc/core_cm7.h **** #define SCB_CPUID_REVISION_Msk             (0xFUL /*<< SCB_CPUID_REVISION_Pos*/)          /*!< SCB 
 524:./inc/core_cm7.h **** 
 525:./inc/core_cm7.h **** /* SCB Interrupt Control State Register Definitions */
 526:./inc/core_cm7.h **** #define SCB_ICSR_NMIPENDSET_Pos            31U                                            /*!< SCB 
 527:./inc/core_cm7.h **** #define SCB_ICSR_NMIPENDSET_Msk            (1UL << SCB_ICSR_NMIPENDSET_Pos)               /*!< SCB 
 528:./inc/core_cm7.h **** 
 529:./inc/core_cm7.h **** #define SCB_ICSR_PENDSVSET_Pos             28U                                            /*!< SCB 
 530:./inc/core_cm7.h **** #define SCB_ICSR_PENDSVSET_Msk             (1UL << SCB_ICSR_PENDSVSET_Pos)                /*!< SCB 
 531:./inc/core_cm7.h **** 
 532:./inc/core_cm7.h **** #define SCB_ICSR_PENDSVCLR_Pos             27U                                            /*!< SCB 
 533:./inc/core_cm7.h **** #define SCB_ICSR_PENDSVCLR_Msk             (1UL << SCB_ICSR_PENDSVCLR_Pos)                /*!< SCB 
 534:./inc/core_cm7.h **** 
 535:./inc/core_cm7.h **** #define SCB_ICSR_PENDSTSET_Pos             26U                                            /*!< SCB 
 536:./inc/core_cm7.h **** #define SCB_ICSR_PENDSTSET_Msk             (1UL << SCB_ICSR_PENDSTSET_Pos)                /*!< SCB 
 537:./inc/core_cm7.h **** 
 538:./inc/core_cm7.h **** #define SCB_ICSR_PENDSTCLR_Pos             25U                                            /*!< SCB 
 539:./inc/core_cm7.h **** #define SCB_ICSR_PENDSTCLR_Msk             (1UL << SCB_ICSR_PENDSTCLR_Pos)                /*!< SCB 
 540:./inc/core_cm7.h **** 
 541:./inc/core_cm7.h **** #define SCB_ICSR_ISRPREEMPT_Pos            23U                                            /*!< SCB 
 542:./inc/core_cm7.h **** #define SCB_ICSR_ISRPREEMPT_Msk            (1UL << SCB_ICSR_ISRPREEMPT_Pos)               /*!< SCB 
 543:./inc/core_cm7.h **** 
 544:./inc/core_cm7.h **** #define SCB_ICSR_ISRPENDING_Pos            22U                                            /*!< SCB 
 545:./inc/core_cm7.h **** #define SCB_ICSR_ISRPENDING_Msk            (1UL << SCB_ICSR_ISRPENDING_Pos)               /*!< SCB 
 546:./inc/core_cm7.h **** 
 547:./inc/core_cm7.h **** #define SCB_ICSR_VECTPENDING_Pos           12U                                            /*!< SCB 
 548:./inc/core_cm7.h **** #define SCB_ICSR_VECTPENDING_Msk           (0x1FFUL << SCB_ICSR_VECTPENDING_Pos)          /*!< SCB 
 549:./inc/core_cm7.h **** 
 550:./inc/core_cm7.h **** #define SCB_ICSR_RETTOBASE_Pos             11U                                            /*!< SCB 
 551:./inc/core_cm7.h **** #define SCB_ICSR_RETTOBASE_Msk             (1UL << SCB_ICSR_RETTOBASE_Pos)                /*!< SCB 
 552:./inc/core_cm7.h **** 
 553:./inc/core_cm7.h **** #define SCB_ICSR_VECTACTIVE_Pos             0U                                            /*!< SCB 
 554:./inc/core_cm7.h **** #define SCB_ICSR_VECTACTIVE_Msk            (0x1FFUL /*<< SCB_ICSR_VECTACTIVE_Pos*/)       /*!< SCB 
 555:./inc/core_cm7.h **** 
 556:./inc/core_cm7.h **** /* SCB Vector Table Offset Register Definitions */
 557:./inc/core_cm7.h **** #define SCB_VTOR_TBLOFF_Pos                 7U                                            /*!< SCB 
 558:./inc/core_cm7.h **** #define SCB_VTOR_TBLOFF_Msk                (0x1FFFFFFUL << SCB_VTOR_TBLOFF_Pos)           /*!< SCB 
 559:./inc/core_cm7.h **** 
 560:./inc/core_cm7.h **** /* SCB Application Interrupt and Reset Control Register Definitions */
 561:./inc/core_cm7.h **** #define SCB_AIRCR_VECTKEY_Pos              16U                                            /*!< SCB 
 562:./inc/core_cm7.h **** #define SCB_AIRCR_VECTKEY_Msk              (0xFFFFUL << SCB_AIRCR_VECTKEY_Pos)            /*!< SCB 
 563:./inc/core_cm7.h **** 
 564:./inc/core_cm7.h **** #define SCB_AIRCR_VECTKEYSTAT_Pos          16U                                            /*!< SCB 
 565:./inc/core_cm7.h **** #define SCB_AIRCR_VECTKEYSTAT_Msk          (0xFFFFUL << SCB_AIRCR_VECTKEYSTAT_Pos)        /*!< SCB 
 566:./inc/core_cm7.h **** 
 567:./inc/core_cm7.h **** #define SCB_AIRCR_ENDIANESS_Pos            15U                                            /*!< SCB 
 568:./inc/core_cm7.h **** #define SCB_AIRCR_ENDIANESS_Msk            (1UL << SCB_AIRCR_ENDIANESS_Pos)               /*!< SCB 
 569:./inc/core_cm7.h **** 
 570:./inc/core_cm7.h **** #define SCB_AIRCR_PRIGROUP_Pos              8U                                            /*!< SCB 
 571:./inc/core_cm7.h **** #define SCB_AIRCR_PRIGROUP_Msk             (7UL << SCB_AIRCR_PRIGROUP_Pos)                /*!< SCB 
 572:./inc/core_cm7.h **** 
 573:./inc/core_cm7.h **** #define SCB_AIRCR_SYSRESETREQ_Pos           2U                                            /*!< SCB 
 574:./inc/core_cm7.h **** #define SCB_AIRCR_SYSRESETREQ_Msk          (1UL << SCB_AIRCR_SYSRESETREQ_Pos)             /*!< SCB 
 575:./inc/core_cm7.h **** 
 576:./inc/core_cm7.h **** #define SCB_AIRCR_VECTCLRACTIVE_Pos         1U                                            /*!< SCB 
 577:./inc/core_cm7.h **** #define SCB_AIRCR_VECTCLRACTIVE_Msk        (1UL << SCB_AIRCR_VECTCLRACTIVE_Pos)           /*!< SCB 
 578:./inc/core_cm7.h **** 
 579:./inc/core_cm7.h **** #define SCB_AIRCR_VECTRESET_Pos             0U                                            /*!< SCB 
 580:./inc/core_cm7.h **** #define SCB_AIRCR_VECTRESET_Msk            (1UL /*<< SCB_AIRCR_VECTRESET_Pos*/)           /*!< SCB 
 581:./inc/core_cm7.h **** 
 582:./inc/core_cm7.h **** /* SCB System Control Register Definitions */
 583:./inc/core_cm7.h **** #define SCB_SCR_SEVONPEND_Pos               4U                                            /*!< SCB 
 584:./inc/core_cm7.h **** #define SCB_SCR_SEVONPEND_Msk              (1UL << SCB_SCR_SEVONPEND_Pos)                 /*!< SCB 
 585:./inc/core_cm7.h **** 
 586:./inc/core_cm7.h **** #define SCB_SCR_SLEEPDEEP_Pos               2U                                            /*!< SCB 
 587:./inc/core_cm7.h **** #define SCB_SCR_SLEEPDEEP_Msk              (1UL << SCB_SCR_SLEEPDEEP_Pos)                 /*!< SCB 
 588:./inc/core_cm7.h **** 
 589:./inc/core_cm7.h **** #define SCB_SCR_SLEEPONEXIT_Pos             1U                                            /*!< SCB 
 590:./inc/core_cm7.h **** #define SCB_SCR_SLEEPONEXIT_Msk            (1UL << SCB_SCR_SLEEPONEXIT_Pos)               /*!< SCB 
 591:./inc/core_cm7.h **** 
 592:./inc/core_cm7.h **** /* SCB Configuration Control Register Definitions */
 593:./inc/core_cm7.h **** #define SCB_CCR_BP_Pos                      18U                                           /*!< SCB 
 594:./inc/core_cm7.h **** #define SCB_CCR_BP_Msk                     (1UL << SCB_CCR_BP_Pos)                        /*!< SCB 
 595:./inc/core_cm7.h **** 
 596:./inc/core_cm7.h **** #define SCB_CCR_IC_Pos                      17U                                           /*!< SCB 
 597:./inc/core_cm7.h **** #define SCB_CCR_IC_Msk                     (1UL << SCB_CCR_IC_Pos)                        /*!< SCB 
 598:./inc/core_cm7.h **** 
 599:./inc/core_cm7.h **** #define SCB_CCR_DC_Pos                      16U                                           /*!< SCB 
 600:./inc/core_cm7.h **** #define SCB_CCR_DC_Msk                     (1UL << SCB_CCR_DC_Pos)                        /*!< SCB 
 601:./inc/core_cm7.h **** 
 602:./inc/core_cm7.h **** #define SCB_CCR_STKALIGN_Pos                9U                                            /*!< SCB 
 603:./inc/core_cm7.h **** #define SCB_CCR_STKALIGN_Msk               (1UL << SCB_CCR_STKALIGN_Pos)                  /*!< SCB 
 604:./inc/core_cm7.h **** 
 605:./inc/core_cm7.h **** #define SCB_CCR_BFHFNMIGN_Pos               8U                                            /*!< SCB 
 606:./inc/core_cm7.h **** #define SCB_CCR_BFHFNMIGN_Msk              (1UL << SCB_CCR_BFHFNMIGN_Pos)                 /*!< SCB 
 607:./inc/core_cm7.h **** 
 608:./inc/core_cm7.h **** #define SCB_CCR_DIV_0_TRP_Pos               4U                                            /*!< SCB 
 609:./inc/core_cm7.h **** #define SCB_CCR_DIV_0_TRP_Msk              (1UL << SCB_CCR_DIV_0_TRP_Pos)                 /*!< SCB 
 610:./inc/core_cm7.h **** 
 611:./inc/core_cm7.h **** #define SCB_CCR_UNALIGN_TRP_Pos             3U                                            /*!< SCB 
 612:./inc/core_cm7.h **** #define SCB_CCR_UNALIGN_TRP_Msk            (1UL << SCB_CCR_UNALIGN_TRP_Pos)               /*!< SCB 
 613:./inc/core_cm7.h **** 
 614:./inc/core_cm7.h **** #define SCB_CCR_USERSETMPEND_Pos            1U                                            /*!< SCB 
 615:./inc/core_cm7.h **** #define SCB_CCR_USERSETMPEND_Msk           (1UL << SCB_CCR_USERSETMPEND_Pos)              /*!< SCB 
 616:./inc/core_cm7.h **** 
 617:./inc/core_cm7.h **** #define SCB_CCR_NONBASETHRDENA_Pos          0U                                            /*!< SCB 
 618:./inc/core_cm7.h **** #define SCB_CCR_NONBASETHRDENA_Msk         (1UL /*<< SCB_CCR_NONBASETHRDENA_Pos*/)        /*!< SCB 
 619:./inc/core_cm7.h **** 
 620:./inc/core_cm7.h **** /* SCB System Handler Control and State Register Definitions */
 621:./inc/core_cm7.h **** #define SCB_SHCSR_USGFAULTENA_Pos          18U                                            /*!< SCB 
 622:./inc/core_cm7.h **** #define SCB_SHCSR_USGFAULTENA_Msk          (1UL << SCB_SHCSR_USGFAULTENA_Pos)             /*!< SCB 
 623:./inc/core_cm7.h **** 
 624:./inc/core_cm7.h **** #define SCB_SHCSR_BUSFAULTENA_Pos          17U                                            /*!< SCB 
 625:./inc/core_cm7.h **** #define SCB_SHCSR_BUSFAULTENA_Msk          (1UL << SCB_SHCSR_BUSFAULTENA_Pos)             /*!< SCB 
 626:./inc/core_cm7.h **** 
 627:./inc/core_cm7.h **** #define SCB_SHCSR_MEMFAULTENA_Pos          16U                                            /*!< SCB 
 628:./inc/core_cm7.h **** #define SCB_SHCSR_MEMFAULTENA_Msk          (1UL << SCB_SHCSR_MEMFAULTENA_Pos)             /*!< SCB 
 629:./inc/core_cm7.h **** 
 630:./inc/core_cm7.h **** #define SCB_SHCSR_SVCALLPENDED_Pos         15U                                            /*!< SCB 
 631:./inc/core_cm7.h **** #define SCB_SHCSR_SVCALLPENDED_Msk         (1UL << SCB_SHCSR_SVCALLPENDED_Pos)            /*!< SCB 
 632:./inc/core_cm7.h **** 
 633:./inc/core_cm7.h **** #define SCB_SHCSR_BUSFAULTPENDED_Pos       14U                                            /*!< SCB 
 634:./inc/core_cm7.h **** #define SCB_SHCSR_BUSFAULTPENDED_Msk       (1UL << SCB_SHCSR_BUSFAULTPENDED_Pos)          /*!< SCB 
 635:./inc/core_cm7.h **** 
 636:./inc/core_cm7.h **** #define SCB_SHCSR_MEMFAULTPENDED_Pos       13U                                            /*!< SCB 
 637:./inc/core_cm7.h **** #define SCB_SHCSR_MEMFAULTPENDED_Msk       (1UL << SCB_SHCSR_MEMFAULTPENDED_Pos)          /*!< SCB 
 638:./inc/core_cm7.h **** 
 639:./inc/core_cm7.h **** #define SCB_SHCSR_USGFAULTPENDED_Pos       12U                                            /*!< SCB 
 640:./inc/core_cm7.h **** #define SCB_SHCSR_USGFAULTPENDED_Msk       (1UL << SCB_SHCSR_USGFAULTPENDED_Pos)          /*!< SCB 
 641:./inc/core_cm7.h **** 
 642:./inc/core_cm7.h **** #define SCB_SHCSR_SYSTICKACT_Pos           11U                                            /*!< SCB 
 643:./inc/core_cm7.h **** #define SCB_SHCSR_SYSTICKACT_Msk           (1UL << SCB_SHCSR_SYSTICKACT_Pos)              /*!< SCB 
 644:./inc/core_cm7.h **** 
 645:./inc/core_cm7.h **** #define SCB_SHCSR_PENDSVACT_Pos            10U                                            /*!< SCB 
 646:./inc/core_cm7.h **** #define SCB_SHCSR_PENDSVACT_Msk            (1UL << SCB_SHCSR_PENDSVACT_Pos)               /*!< SCB 
 647:./inc/core_cm7.h **** 
 648:./inc/core_cm7.h **** #define SCB_SHCSR_MONITORACT_Pos            8U                                            /*!< SCB 
 649:./inc/core_cm7.h **** #define SCB_SHCSR_MONITORACT_Msk           (1UL << SCB_SHCSR_MONITORACT_Pos)              /*!< SCB 
 650:./inc/core_cm7.h **** 
 651:./inc/core_cm7.h **** #define SCB_SHCSR_SVCALLACT_Pos             7U                                            /*!< SCB 
 652:./inc/core_cm7.h **** #define SCB_SHCSR_SVCALLACT_Msk            (1UL << SCB_SHCSR_SVCALLACT_Pos)               /*!< SCB 
 653:./inc/core_cm7.h **** 
 654:./inc/core_cm7.h **** #define SCB_SHCSR_USGFAULTACT_Pos           3U                                            /*!< SCB 
 655:./inc/core_cm7.h **** #define SCB_SHCSR_USGFAULTACT_Msk          (1UL << SCB_SHCSR_USGFAULTACT_Pos)             /*!< SCB 
 656:./inc/core_cm7.h **** 
 657:./inc/core_cm7.h **** #define SCB_SHCSR_BUSFAULTACT_Pos           1U                                            /*!< SCB 
 658:./inc/core_cm7.h **** #define SCB_SHCSR_BUSFAULTACT_Msk          (1UL << SCB_SHCSR_BUSFAULTACT_Pos)             /*!< SCB 
 659:./inc/core_cm7.h **** 
 660:./inc/core_cm7.h **** #define SCB_SHCSR_MEMFAULTACT_Pos           0U                                            /*!< SCB 
 661:./inc/core_cm7.h **** #define SCB_SHCSR_MEMFAULTACT_Msk          (1UL /*<< SCB_SHCSR_MEMFAULTACT_Pos*/)         /*!< SCB 
 662:./inc/core_cm7.h **** 
 663:./inc/core_cm7.h **** /* SCB Configurable Fault Status Register Definitions */
 664:./inc/core_cm7.h **** #define SCB_CFSR_USGFAULTSR_Pos            16U                                            /*!< SCB 
 665:./inc/core_cm7.h **** #define SCB_CFSR_USGFAULTSR_Msk            (0xFFFFUL << SCB_CFSR_USGFAULTSR_Pos)          /*!< SCB 
 666:./inc/core_cm7.h **** 
 667:./inc/core_cm7.h **** #define SCB_CFSR_BUSFAULTSR_Pos             8U                                            /*!< SCB 
 668:./inc/core_cm7.h **** #define SCB_CFSR_BUSFAULTSR_Msk            (0xFFUL << SCB_CFSR_BUSFAULTSR_Pos)            /*!< SCB 
 669:./inc/core_cm7.h **** 
 670:./inc/core_cm7.h **** #define SCB_CFSR_MEMFAULTSR_Pos             0U                                            /*!< SCB 
 671:./inc/core_cm7.h **** #define SCB_CFSR_MEMFAULTSR_Msk            (0xFFUL /*<< SCB_CFSR_MEMFAULTSR_Pos*/)        /*!< SCB 
 672:./inc/core_cm7.h **** 
 673:./inc/core_cm7.h **** /* MemManage Fault Status Register (part of SCB Configurable Fault Status Register) */
 674:./inc/core_cm7.h **** #define SCB_CFSR_MMARVALID_Pos             (SCB_SHCSR_MEMFAULTACT_Pos + 7U)               /*!< SCB 
 675:./inc/core_cm7.h **** #define SCB_CFSR_MMARVALID_Msk             (1UL << SCB_CFSR_MMARVALID_Pos)                /*!< SCB 
 676:./inc/core_cm7.h **** 
 677:./inc/core_cm7.h **** #define SCB_CFSR_MLSPERR_Pos               (SCB_SHCSR_MEMFAULTACT_Pos + 5U)               /*!< SCB 
 678:./inc/core_cm7.h **** #define SCB_CFSR_MLSPERR_Msk               (1UL << SCB_CFSR_MLSPERR_Pos)                  /*!< SCB 
 679:./inc/core_cm7.h **** 
 680:./inc/core_cm7.h **** #define SCB_CFSR_MSTKERR_Pos               (SCB_SHCSR_MEMFAULTACT_Pos + 4U)               /*!< SCB 
 681:./inc/core_cm7.h **** #define SCB_CFSR_MSTKERR_Msk               (1UL << SCB_CFSR_MSTKERR_Pos)                  /*!< SCB 
 682:./inc/core_cm7.h **** 
 683:./inc/core_cm7.h **** #define SCB_CFSR_MUNSTKERR_Pos             (SCB_SHCSR_MEMFAULTACT_Pos + 3U)               /*!< SCB 
 684:./inc/core_cm7.h **** #define SCB_CFSR_MUNSTKERR_Msk             (1UL << SCB_CFSR_MUNSTKERR_Pos)                /*!< SCB 
 685:./inc/core_cm7.h **** 
 686:./inc/core_cm7.h **** #define SCB_CFSR_DACCVIOL_Pos              (SCB_SHCSR_MEMFAULTACT_Pos + 1U)               /*!< SCB 
 687:./inc/core_cm7.h **** #define SCB_CFSR_DACCVIOL_Msk              (1UL << SCB_CFSR_DACCVIOL_Pos)                 /*!< SCB 
 688:./inc/core_cm7.h **** 
 689:./inc/core_cm7.h **** #define SCB_CFSR_IACCVIOL_Pos              (SCB_SHCSR_MEMFAULTACT_Pos + 0U)               /*!< SCB 
 690:./inc/core_cm7.h **** #define SCB_CFSR_IACCVIOL_Msk              (1UL /*<< SCB_CFSR_IACCVIOL_Pos*/)             /*!< SCB 
 691:./inc/core_cm7.h **** 
 692:./inc/core_cm7.h **** /* BusFault Status Register (part of SCB Configurable Fault Status Register) */
 693:./inc/core_cm7.h **** #define SCB_CFSR_BFARVALID_Pos            (SCB_CFSR_BUSFAULTSR_Pos + 7U)                  /*!< SCB 
 694:./inc/core_cm7.h **** #define SCB_CFSR_BFARVALID_Msk            (1UL << SCB_CFSR_BFARVALID_Pos)                 /*!< SCB 
 695:./inc/core_cm7.h **** 
 696:./inc/core_cm7.h **** #define SCB_CFSR_LSPERR_Pos               (SCB_CFSR_BUSFAULTSR_Pos + 5U)                  /*!< SCB 
 697:./inc/core_cm7.h **** #define SCB_CFSR_LSPERR_Msk               (1UL << SCB_CFSR_LSPERR_Pos)                    /*!< SCB 
 698:./inc/core_cm7.h **** 
 699:./inc/core_cm7.h **** #define SCB_CFSR_STKERR_Pos               (SCB_CFSR_BUSFAULTSR_Pos + 4U)                  /*!< SCB 
 700:./inc/core_cm7.h **** #define SCB_CFSR_STKERR_Msk               (1UL << SCB_CFSR_STKERR_Pos)                    /*!< SCB 
 701:./inc/core_cm7.h **** 
 702:./inc/core_cm7.h **** #define SCB_CFSR_UNSTKERR_Pos             (SCB_CFSR_BUSFAULTSR_Pos + 3U)                  /*!< SCB 
 703:./inc/core_cm7.h **** #define SCB_CFSR_UNSTKERR_Msk             (1UL << SCB_CFSR_UNSTKERR_Pos)                  /*!< SCB 
 704:./inc/core_cm7.h **** 
 705:./inc/core_cm7.h **** #define SCB_CFSR_IMPRECISERR_Pos          (SCB_CFSR_BUSFAULTSR_Pos + 2U)                  /*!< SCB 
 706:./inc/core_cm7.h **** #define SCB_CFSR_IMPRECISERR_Msk          (1UL << SCB_CFSR_IMPRECISERR_Pos)               /*!< SCB 
 707:./inc/core_cm7.h **** 
 708:./inc/core_cm7.h **** #define SCB_CFSR_PRECISERR_Pos            (SCB_CFSR_BUSFAULTSR_Pos + 1U)                  /*!< SCB 
 709:./inc/core_cm7.h **** #define SCB_CFSR_PRECISERR_Msk            (1UL << SCB_CFSR_PRECISERR_Pos)                 /*!< SCB 
 710:./inc/core_cm7.h **** 
 711:./inc/core_cm7.h **** #define SCB_CFSR_IBUSERR_Pos              (SCB_CFSR_BUSFAULTSR_Pos + 0U)                  /*!< SCB 
 712:./inc/core_cm7.h **** #define SCB_CFSR_IBUSERR_Msk              (1UL << SCB_CFSR_IBUSERR_Pos)                   /*!< SCB 
 713:./inc/core_cm7.h **** 
 714:./inc/core_cm7.h **** /* UsageFault Status Register (part of SCB Configurable Fault Status Register) */
 715:./inc/core_cm7.h **** #define SCB_CFSR_DIVBYZERO_Pos            (SCB_CFSR_USGFAULTSR_Pos + 9U)                  /*!< SCB 
 716:./inc/core_cm7.h **** #define SCB_CFSR_DIVBYZERO_Msk            (1UL << SCB_CFSR_DIVBYZERO_Pos)                 /*!< SCB 
 717:./inc/core_cm7.h **** 
 718:./inc/core_cm7.h **** #define SCB_CFSR_UNALIGNED_Pos            (SCB_CFSR_USGFAULTSR_Pos + 8U)                  /*!< SCB 
 719:./inc/core_cm7.h **** #define SCB_CFSR_UNALIGNED_Msk            (1UL << SCB_CFSR_UNALIGNED_Pos)                 /*!< SCB 
 720:./inc/core_cm7.h **** 
 721:./inc/core_cm7.h **** #define SCB_CFSR_NOCP_Pos                 (SCB_CFSR_USGFAULTSR_Pos + 3U)                  /*!< SCB 
 722:./inc/core_cm7.h **** #define SCB_CFSR_NOCP_Msk                 (1UL << SCB_CFSR_NOCP_Pos)                      /*!< SCB 
 723:./inc/core_cm7.h **** 
 724:./inc/core_cm7.h **** #define SCB_CFSR_INVPC_Pos                (SCB_CFSR_USGFAULTSR_Pos + 2U)                  /*!< SCB 
 725:./inc/core_cm7.h **** #define SCB_CFSR_INVPC_Msk                (1UL << SCB_CFSR_INVPC_Pos)                     /*!< SCB 
 726:./inc/core_cm7.h **** 
 727:./inc/core_cm7.h **** #define SCB_CFSR_INVSTATE_Pos             (SCB_CFSR_USGFAULTSR_Pos + 1U)                  /*!< SCB 
 728:./inc/core_cm7.h **** #define SCB_CFSR_INVSTATE_Msk             (1UL << SCB_CFSR_INVSTATE_Pos)                  /*!< SCB 
 729:./inc/core_cm7.h **** 
 730:./inc/core_cm7.h **** #define SCB_CFSR_UNDEFINSTR_Pos           (SCB_CFSR_USGFAULTSR_Pos + 0U)                  /*!< SCB 
 731:./inc/core_cm7.h **** #define SCB_CFSR_UNDEFINSTR_Msk           (1UL << SCB_CFSR_UNDEFINSTR_Pos)                /*!< SCB 
 732:./inc/core_cm7.h **** 
 733:./inc/core_cm7.h **** /* SCB Hard Fault Status Register Definitions */
 734:./inc/core_cm7.h **** #define SCB_HFSR_DEBUGEVT_Pos              31U                                            /*!< SCB 
 735:./inc/core_cm7.h **** #define SCB_HFSR_DEBUGEVT_Msk              (1UL << SCB_HFSR_DEBUGEVT_Pos)                 /*!< SCB 
 736:./inc/core_cm7.h **** 
 737:./inc/core_cm7.h **** #define SCB_HFSR_FORCED_Pos                30U                                            /*!< SCB 
 738:./inc/core_cm7.h **** #define SCB_HFSR_FORCED_Msk                (1UL << SCB_HFSR_FORCED_Pos)                   /*!< SCB 
 739:./inc/core_cm7.h **** 
 740:./inc/core_cm7.h **** #define SCB_HFSR_VECTTBL_Pos                1U                                            /*!< SCB 
 741:./inc/core_cm7.h **** #define SCB_HFSR_VECTTBL_Msk               (1UL << SCB_HFSR_VECTTBL_Pos)                  /*!< SCB 
 742:./inc/core_cm7.h **** 
 743:./inc/core_cm7.h **** /* SCB Debug Fault Status Register Definitions */
 744:./inc/core_cm7.h **** #define SCB_DFSR_EXTERNAL_Pos               4U                                            /*!< SCB 
 745:./inc/core_cm7.h **** #define SCB_DFSR_EXTERNAL_Msk              (1UL << SCB_DFSR_EXTERNAL_Pos)                 /*!< SCB 
 746:./inc/core_cm7.h **** 
 747:./inc/core_cm7.h **** #define SCB_DFSR_VCATCH_Pos                 3U                                            /*!< SCB 
 748:./inc/core_cm7.h **** #define SCB_DFSR_VCATCH_Msk                (1UL << SCB_DFSR_VCATCH_Pos)                   /*!< SCB 
 749:./inc/core_cm7.h **** 
 750:./inc/core_cm7.h **** #define SCB_DFSR_DWTTRAP_Pos                2U                                            /*!< SCB 
 751:./inc/core_cm7.h **** #define SCB_DFSR_DWTTRAP_Msk               (1UL << SCB_DFSR_DWTTRAP_Pos)                  /*!< SCB 
 752:./inc/core_cm7.h **** 
 753:./inc/core_cm7.h **** #define SCB_DFSR_BKPT_Pos                   1U                                            /*!< SCB 
 754:./inc/core_cm7.h **** #define SCB_DFSR_BKPT_Msk                  (1UL << SCB_DFSR_BKPT_Pos)                     /*!< SCB 
 755:./inc/core_cm7.h **** 
 756:./inc/core_cm7.h **** #define SCB_DFSR_HALTED_Pos                 0U                                            /*!< SCB 
 757:./inc/core_cm7.h **** #define SCB_DFSR_HALTED_Msk                (1UL /*<< SCB_DFSR_HALTED_Pos*/)               /*!< SCB 
 758:./inc/core_cm7.h **** 
 759:./inc/core_cm7.h **** /* SCB Cache Level ID Register Definitions */
 760:./inc/core_cm7.h **** #define SCB_CLIDR_LOUU_Pos                 27U                                            /*!< SCB 
 761:./inc/core_cm7.h **** #define SCB_CLIDR_LOUU_Msk                 (7UL << SCB_CLIDR_LOUU_Pos)                    /*!< SCB 
 762:./inc/core_cm7.h **** 
 763:./inc/core_cm7.h **** #define SCB_CLIDR_LOC_Pos                  24U                                            /*!< SCB 
 764:./inc/core_cm7.h **** #define SCB_CLIDR_LOC_Msk                  (7UL << SCB_CLIDR_LOC_Pos)                     /*!< SCB 
 765:./inc/core_cm7.h **** 
 766:./inc/core_cm7.h **** /* SCB Cache Type Register Definitions */
 767:./inc/core_cm7.h **** #define SCB_CTR_FORMAT_Pos                 29U                                            /*!< SCB 
 768:./inc/core_cm7.h **** #define SCB_CTR_FORMAT_Msk                 (7UL << SCB_CTR_FORMAT_Pos)                    /*!< SCB 
 769:./inc/core_cm7.h **** 
 770:./inc/core_cm7.h **** #define SCB_CTR_CWG_Pos                    24U                                            /*!< SCB 
 771:./inc/core_cm7.h **** #define SCB_CTR_CWG_Msk                    (0xFUL << SCB_CTR_CWG_Pos)                     /*!< SCB 
 772:./inc/core_cm7.h **** 
 773:./inc/core_cm7.h **** #define SCB_CTR_ERG_Pos                    20U                                            /*!< SCB 
 774:./inc/core_cm7.h **** #define SCB_CTR_ERG_Msk                    (0xFUL << SCB_CTR_ERG_Pos)                     /*!< SCB 
 775:./inc/core_cm7.h **** 
 776:./inc/core_cm7.h **** #define SCB_CTR_DMINLINE_Pos               16U                                            /*!< SCB 
 777:./inc/core_cm7.h **** #define SCB_CTR_DMINLINE_Msk               (0xFUL << SCB_CTR_DMINLINE_Pos)                /*!< SCB 
 778:./inc/core_cm7.h **** 
 779:./inc/core_cm7.h **** #define SCB_CTR_IMINLINE_Pos                0U                                            /*!< SCB 
 780:./inc/core_cm7.h **** #define SCB_CTR_IMINLINE_Msk               (0xFUL /*<< SCB_CTR_IMINLINE_Pos*/)            /*!< SCB 
 781:./inc/core_cm7.h **** 
 782:./inc/core_cm7.h **** /* SCB Cache Size ID Register Definitions */
 783:./inc/core_cm7.h **** #define SCB_CCSIDR_WT_Pos                  31U                                            /*!< SCB 
 784:./inc/core_cm7.h **** #define SCB_CCSIDR_WT_Msk                  (1UL << SCB_CCSIDR_WT_Pos)                     /*!< SCB 
 785:./inc/core_cm7.h **** 
 786:./inc/core_cm7.h **** #define SCB_CCSIDR_WB_Pos                  30U                                            /*!< SCB 
 787:./inc/core_cm7.h **** #define SCB_CCSIDR_WB_Msk                  (1UL << SCB_CCSIDR_WB_Pos)                     /*!< SCB 
 788:./inc/core_cm7.h **** 
 789:./inc/core_cm7.h **** #define SCB_CCSIDR_RA_Pos                  29U                                            /*!< SCB 
 790:./inc/core_cm7.h **** #define SCB_CCSIDR_RA_Msk                  (1UL << SCB_CCSIDR_RA_Pos)                     /*!< SCB 
 791:./inc/core_cm7.h **** 
 792:./inc/core_cm7.h **** #define SCB_CCSIDR_WA_Pos                  28U                                            /*!< SCB 
 793:./inc/core_cm7.h **** #define SCB_CCSIDR_WA_Msk                  (1UL << SCB_CCSIDR_WA_Pos)                     /*!< SCB 
 794:./inc/core_cm7.h **** 
 795:./inc/core_cm7.h **** #define SCB_CCSIDR_NUMSETS_Pos             13U                                            /*!< SCB 
 796:./inc/core_cm7.h **** #define SCB_CCSIDR_NUMSETS_Msk             (0x7FFFUL << SCB_CCSIDR_NUMSETS_Pos)           /*!< SCB 
 797:./inc/core_cm7.h **** 
 798:./inc/core_cm7.h **** #define SCB_CCSIDR_ASSOCIATIVITY_Pos        3U                                            /*!< SCB 
 799:./inc/core_cm7.h **** #define SCB_CCSIDR_ASSOCIATIVITY_Msk       (0x3FFUL << SCB_CCSIDR_ASSOCIATIVITY_Pos)      /*!< SCB 
 800:./inc/core_cm7.h **** 
 801:./inc/core_cm7.h **** #define SCB_CCSIDR_LINESIZE_Pos             0U                                            /*!< SCB 
 802:./inc/core_cm7.h **** #define SCB_CCSIDR_LINESIZE_Msk            (7UL /*<< SCB_CCSIDR_LINESIZE_Pos*/)           /*!< SCB 
 803:./inc/core_cm7.h **** 
 804:./inc/core_cm7.h **** /* SCB Cache Size Selection Register Definitions */
 805:./inc/core_cm7.h **** #define SCB_CSSELR_LEVEL_Pos                1U                                            /*!< SCB 
 806:./inc/core_cm7.h **** #define SCB_CSSELR_LEVEL_Msk               (7UL << SCB_CSSELR_LEVEL_Pos)                  /*!< SCB 
 807:./inc/core_cm7.h **** 
 808:./inc/core_cm7.h **** #define SCB_CSSELR_IND_Pos                  0U                                            /*!< SCB 
 809:./inc/core_cm7.h **** #define SCB_CSSELR_IND_Msk                 (1UL /*<< SCB_CSSELR_IND_Pos*/)                /*!< SCB 
 810:./inc/core_cm7.h **** 
 811:./inc/core_cm7.h **** /* SCB Software Triggered Interrupt Register Definitions */
 812:./inc/core_cm7.h **** #define SCB_STIR_INTID_Pos                  0U                                            /*!< SCB 
 813:./inc/core_cm7.h **** #define SCB_STIR_INTID_Msk                 (0x1FFUL /*<< SCB_STIR_INTID_Pos*/)            /*!< SCB 
 814:./inc/core_cm7.h **** 
 815:./inc/core_cm7.h **** /* SCB D-Cache Invalidate by Set-way Register Definitions */
 816:./inc/core_cm7.h **** #define SCB_DCISW_WAY_Pos                  30U                                            /*!< SCB 
 817:./inc/core_cm7.h **** #define SCB_DCISW_WAY_Msk                  (3UL << SCB_DCISW_WAY_Pos)                     /*!< SCB 
 818:./inc/core_cm7.h **** 
 819:./inc/core_cm7.h **** #define SCB_DCISW_SET_Pos                   5U                                            /*!< SCB 
 820:./inc/core_cm7.h **** #define SCB_DCISW_SET_Msk                  (0x1FFUL << SCB_DCISW_SET_Pos)                 /*!< SCB 
 821:./inc/core_cm7.h **** 
 822:./inc/core_cm7.h **** /* SCB D-Cache Clean by Set-way Register Definitions */
 823:./inc/core_cm7.h **** #define SCB_DCCSW_WAY_Pos                  30U                                            /*!< SCB 
 824:./inc/core_cm7.h **** #define SCB_DCCSW_WAY_Msk                  (3UL << SCB_DCCSW_WAY_Pos)                     /*!< SCB 
 825:./inc/core_cm7.h **** 
 826:./inc/core_cm7.h **** #define SCB_DCCSW_SET_Pos                   5U                                            /*!< SCB 
 827:./inc/core_cm7.h **** #define SCB_DCCSW_SET_Msk                  (0x1FFUL << SCB_DCCSW_SET_Pos)                 /*!< SCB 
 828:./inc/core_cm7.h **** 
 829:./inc/core_cm7.h **** /* SCB D-Cache Clean and Invalidate by Set-way Register Definitions */
 830:./inc/core_cm7.h **** #define SCB_DCCISW_WAY_Pos                 30U                                            /*!< SCB 
 831:./inc/core_cm7.h **** #define SCB_DCCISW_WAY_Msk                 (3UL << SCB_DCCISW_WAY_Pos)                    /*!< SCB 
 832:./inc/core_cm7.h **** 
 833:./inc/core_cm7.h **** #define SCB_DCCISW_SET_Pos                  5U                                            /*!< SCB 
 834:./inc/core_cm7.h **** #define SCB_DCCISW_SET_Msk                 (0x1FFUL << SCB_DCCISW_SET_Pos)                /*!< SCB 
 835:./inc/core_cm7.h **** 
 836:./inc/core_cm7.h **** /* Instruction Tightly-Coupled Memory Control Register Definitions */
 837:./inc/core_cm7.h **** #define SCB_ITCMCR_SZ_Pos                   3U                                            /*!< SCB 
 838:./inc/core_cm7.h **** #define SCB_ITCMCR_SZ_Msk                  (0xFUL << SCB_ITCMCR_SZ_Pos)                   /*!< SCB 
 839:./inc/core_cm7.h **** 
 840:./inc/core_cm7.h **** #define SCB_ITCMCR_RETEN_Pos                2U                                            /*!< SCB 
 841:./inc/core_cm7.h **** #define SCB_ITCMCR_RETEN_Msk               (1UL << SCB_ITCMCR_RETEN_Pos)                  /*!< SCB 
 842:./inc/core_cm7.h **** 
 843:./inc/core_cm7.h **** #define SCB_ITCMCR_RMW_Pos                  1U                                            /*!< SCB 
 844:./inc/core_cm7.h **** #define SCB_ITCMCR_RMW_Msk                 (1UL << SCB_ITCMCR_RMW_Pos)                    /*!< SCB 
 845:./inc/core_cm7.h **** 
 846:./inc/core_cm7.h **** #define SCB_ITCMCR_EN_Pos                   0U                                            /*!< SCB 
 847:./inc/core_cm7.h **** #define SCB_ITCMCR_EN_Msk                  (1UL /*<< SCB_ITCMCR_EN_Pos*/)                 /*!< SCB 
 848:./inc/core_cm7.h **** 
 849:./inc/core_cm7.h **** /* Data Tightly-Coupled Memory Control Register Definitions */
 850:./inc/core_cm7.h **** #define SCB_DTCMCR_SZ_Pos                   3U                                            /*!< SCB 
 851:./inc/core_cm7.h **** #define SCB_DTCMCR_SZ_Msk                  (0xFUL << SCB_DTCMCR_SZ_Pos)                   /*!< SCB 
 852:./inc/core_cm7.h **** 
 853:./inc/core_cm7.h **** #define SCB_DTCMCR_RETEN_Pos                2U                                            /*!< SCB 
 854:./inc/core_cm7.h **** #define SCB_DTCMCR_RETEN_Msk               (1UL << SCB_DTCMCR_RETEN_Pos)                   /*!< SCB
 855:./inc/core_cm7.h **** 
 856:./inc/core_cm7.h **** #define SCB_DTCMCR_RMW_Pos                  1U                                            /*!< SCB 
 857:./inc/core_cm7.h **** #define SCB_DTCMCR_RMW_Msk                 (1UL << SCB_DTCMCR_RMW_Pos)                    /*!< SCB 
 858:./inc/core_cm7.h **** 
 859:./inc/core_cm7.h **** #define SCB_DTCMCR_EN_Pos                   0U                                            /*!< SCB 
 860:./inc/core_cm7.h **** #define SCB_DTCMCR_EN_Msk                  (1UL /*<< SCB_DTCMCR_EN_Pos*/)                 /*!< SCB 
 861:./inc/core_cm7.h **** 
 862:./inc/core_cm7.h **** /* AHBP Control Register Definitions */
 863:./inc/core_cm7.h **** #define SCB_AHBPCR_SZ_Pos                   1U                                            /*!< SCB 
 864:./inc/core_cm7.h **** #define SCB_AHBPCR_SZ_Msk                  (7UL << SCB_AHBPCR_SZ_Pos)                     /*!< SCB 
 865:./inc/core_cm7.h **** 
 866:./inc/core_cm7.h **** #define SCB_AHBPCR_EN_Pos                   0U                                            /*!< SCB 
 867:./inc/core_cm7.h **** #define SCB_AHBPCR_EN_Msk                  (1UL /*<< SCB_AHBPCR_EN_Pos*/)                 /*!< SCB 
 868:./inc/core_cm7.h **** 
 869:./inc/core_cm7.h **** /* L1 Cache Control Register Definitions */
 870:./inc/core_cm7.h **** #define SCB_CACR_FORCEWT_Pos                2U                                            /*!< SCB 
 871:./inc/core_cm7.h **** #define SCB_CACR_FORCEWT_Msk               (1UL << SCB_CACR_FORCEWT_Pos)                  /*!< SCB 
 872:./inc/core_cm7.h **** 
 873:./inc/core_cm7.h **** #define SCB_CACR_ECCEN_Pos                  1U                                            /*!< SCB 
 874:./inc/core_cm7.h **** #define SCB_CACR_ECCEN_Msk                 (1UL << SCB_CACR_ECCEN_Pos)                    /*!< SCB 
 875:./inc/core_cm7.h **** 
 876:./inc/core_cm7.h **** #define SCB_CACR_SIWT_Pos                   0U                                            /*!< SCB 
 877:./inc/core_cm7.h **** #define SCB_CACR_SIWT_Msk                  (1UL /*<< SCB_CACR_SIWT_Pos*/)                 /*!< SCB 
 878:./inc/core_cm7.h **** 
 879:./inc/core_cm7.h **** /* AHBS Control Register Definitions */
 880:./inc/core_cm7.h **** #define SCB_AHBSCR_INITCOUNT_Pos           11U                                            /*!< SCB 
 881:./inc/core_cm7.h **** #define SCB_AHBSCR_INITCOUNT_Msk           (0x1FUL << SCB_AHBPCR_INITCOUNT_Pos)           /*!< SCB 
 882:./inc/core_cm7.h **** 
 883:./inc/core_cm7.h **** #define SCB_AHBSCR_TPRI_Pos                 2U                                            /*!< SCB 
 884:./inc/core_cm7.h **** #define SCB_AHBSCR_TPRI_Msk                (0x1FFUL << SCB_AHBPCR_TPRI_Pos)               /*!< SCB 
 885:./inc/core_cm7.h **** 
 886:./inc/core_cm7.h **** #define SCB_AHBSCR_CTL_Pos                  0U                                            /*!< SCB 
 887:./inc/core_cm7.h **** #define SCB_AHBSCR_CTL_Msk                 (3UL /*<< SCB_AHBPCR_CTL_Pos*/)                /*!< SCB 
 888:./inc/core_cm7.h **** 
 889:./inc/core_cm7.h **** /* Auxiliary Bus Fault Status Register Definitions */
 890:./inc/core_cm7.h **** #define SCB_ABFSR_AXIMTYPE_Pos              8U                                            /*!< SCB 
 891:./inc/core_cm7.h **** #define SCB_ABFSR_AXIMTYPE_Msk             (3UL << SCB_ABFSR_AXIMTYPE_Pos)                /*!< SCB 
 892:./inc/core_cm7.h **** 
 893:./inc/core_cm7.h **** #define SCB_ABFSR_EPPB_Pos                  4U                                            /*!< SCB 
 894:./inc/core_cm7.h **** #define SCB_ABFSR_EPPB_Msk                 (1UL << SCB_ABFSR_EPPB_Pos)                    /*!< SCB 
 895:./inc/core_cm7.h **** 
 896:./inc/core_cm7.h **** #define SCB_ABFSR_AXIM_Pos                  3U                                            /*!< SCB 
 897:./inc/core_cm7.h **** #define SCB_ABFSR_AXIM_Msk                 (1UL << SCB_ABFSR_AXIM_Pos)                    /*!< SCB 
 898:./inc/core_cm7.h **** 
 899:./inc/core_cm7.h **** #define SCB_ABFSR_AHBP_Pos                  2U                                            /*!< SCB 
 900:./inc/core_cm7.h **** #define SCB_ABFSR_AHBP_Msk                 (1UL << SCB_ABFSR_AHBP_Pos)                    /*!< SCB 
 901:./inc/core_cm7.h **** 
 902:./inc/core_cm7.h **** #define SCB_ABFSR_DTCM_Pos                  1U                                            /*!< SCB 
 903:./inc/core_cm7.h **** #define SCB_ABFSR_DTCM_Msk                 (1UL << SCB_ABFSR_DTCM_Pos)                    /*!< SCB 
 904:./inc/core_cm7.h **** 
 905:./inc/core_cm7.h **** #define SCB_ABFSR_ITCM_Pos                  0U                                            /*!< SCB 
 906:./inc/core_cm7.h **** #define SCB_ABFSR_ITCM_Msk                 (1UL /*<< SCB_ABFSR_ITCM_Pos*/)                /*!< SCB 
 907:./inc/core_cm7.h **** 
 908:./inc/core_cm7.h **** /*@} end of group CMSIS_SCB */
 909:./inc/core_cm7.h **** 
 910:./inc/core_cm7.h **** 
 911:./inc/core_cm7.h **** /**
 912:./inc/core_cm7.h ****   \ingroup  CMSIS_core_register
 913:./inc/core_cm7.h ****   \defgroup CMSIS_SCnSCB System Controls not in SCB (SCnSCB)
 914:./inc/core_cm7.h ****   \brief    Type definitions for the System Control and ID Register not in the SCB
 915:./inc/core_cm7.h ****   @{
 916:./inc/core_cm7.h ****  */
 917:./inc/core_cm7.h **** 
 918:./inc/core_cm7.h **** /**
 919:./inc/core_cm7.h ****   \brief  Structure type to access the System Control and ID Register not in the SCB.
 920:./inc/core_cm7.h ****  */
 921:./inc/core_cm7.h **** typedef struct
 922:./inc/core_cm7.h **** {
 923:./inc/core_cm7.h ****         uint32_t RESERVED0[1U];
 924:./inc/core_cm7.h ****   __IM  uint32_t ICTR;                   /*!< Offset: 0x004 (R/ )  Interrupt Controller Type Regist
 925:./inc/core_cm7.h ****   __IOM uint32_t ACTLR;                  /*!< Offset: 0x008 (R/W)  Auxiliary Control Register */
 926:./inc/core_cm7.h **** } SCnSCB_Type;
 927:./inc/core_cm7.h **** 
 928:./inc/core_cm7.h **** /* Interrupt Controller Type Register Definitions */
 929:./inc/core_cm7.h **** #define SCnSCB_ICTR_INTLINESNUM_Pos         0U                                         /*!< ICTR: I
 930:./inc/core_cm7.h **** #define SCnSCB_ICTR_INTLINESNUM_Msk        (0xFUL /*<< SCnSCB_ICTR_INTLINESNUM_Pos*/)  /*!< ICTR: I
 931:./inc/core_cm7.h **** 
 932:./inc/core_cm7.h **** /* Auxiliary Control Register Definitions */
 933:./inc/core_cm7.h **** #define SCnSCB_ACTLR_DISDYNADD_Pos         26U                                         /*!< ACTLR: 
 934:./inc/core_cm7.h **** #define SCnSCB_ACTLR_DISDYNADD_Msk         (1UL << SCnSCB_ACTLR_DISDYNADD_Pos)         /*!< ACTLR: 
 935:./inc/core_cm7.h **** 
 936:./inc/core_cm7.h **** #define SCnSCB_ACTLR_DISISSCH1_Pos         21U                                         /*!< ACTLR: 
 937:./inc/core_cm7.h **** #define SCnSCB_ACTLR_DISISSCH1_Msk         (0x1FUL << SCnSCB_ACTLR_DISISSCH1_Pos)      /*!< ACTLR: 
 938:./inc/core_cm7.h **** 
 939:./inc/core_cm7.h **** #define SCnSCB_ACTLR_DISDI_Pos             16U                                         /*!< ACTLR: 
 940:./inc/core_cm7.h **** #define SCnSCB_ACTLR_DISDI_Msk             (0x1FUL << SCnSCB_ACTLR_DISDI_Pos)          /*!< ACTLR: 
 941:./inc/core_cm7.h **** 
 942:./inc/core_cm7.h **** #define SCnSCB_ACTLR_DISCRITAXIRUR_Pos     15U                                         /*!< ACTLR: 
 943:./inc/core_cm7.h **** #define SCnSCB_ACTLR_DISCRITAXIRUR_Msk     (1UL << SCnSCB_ACTLR_DISCRITAXIRUR_Pos)     /*!< ACTLR: 
 944:./inc/core_cm7.h **** 
 945:./inc/core_cm7.h **** #define SCnSCB_ACTLR_DISBTACALLOC_Pos      14U                                         /*!< ACTLR: 
 946:./inc/core_cm7.h **** #define SCnSCB_ACTLR_DISBTACALLOC_Msk      (1UL << SCnSCB_ACTLR_DISBTACALLOC_Pos)      /*!< ACTLR: 
 947:./inc/core_cm7.h **** 
 948:./inc/core_cm7.h **** #define SCnSCB_ACTLR_DISBTACREAD_Pos       13U                                         /*!< ACTLR: 
 949:./inc/core_cm7.h **** #define SCnSCB_ACTLR_DISBTACREAD_Msk       (1UL << SCnSCB_ACTLR_DISBTACREAD_Pos)       /*!< ACTLR: 
 950:./inc/core_cm7.h **** 
 951:./inc/core_cm7.h **** #define SCnSCB_ACTLR_DISITMATBFLUSH_Pos    12U                                         /*!< ACTLR: 
 952:./inc/core_cm7.h **** #define SCnSCB_ACTLR_DISITMATBFLUSH_Msk    (1UL << SCnSCB_ACTLR_DISITMATBFLUSH_Pos)    /*!< ACTLR: 
 953:./inc/core_cm7.h **** 
 954:./inc/core_cm7.h **** #define SCnSCB_ACTLR_DISRAMODE_Pos         11U                                         /*!< ACTLR: 
 955:./inc/core_cm7.h **** #define SCnSCB_ACTLR_DISRAMODE_Msk         (1UL << SCnSCB_ACTLR_DISRAMODE_Pos)         /*!< ACTLR: 
 956:./inc/core_cm7.h **** 
 957:./inc/core_cm7.h **** #define SCnSCB_ACTLR_FPEXCODIS_Pos         10U                                         /*!< ACTLR: 
 958:./inc/core_cm7.h **** #define SCnSCB_ACTLR_FPEXCODIS_Msk         (1UL << SCnSCB_ACTLR_FPEXCODIS_Pos)         /*!< ACTLR: 
 959:./inc/core_cm7.h **** 
 960:./inc/core_cm7.h **** #define SCnSCB_ACTLR_DISFOLD_Pos            2U                                         /*!< ACTLR: 
 961:./inc/core_cm7.h **** #define SCnSCB_ACTLR_DISFOLD_Msk           (1UL << SCnSCB_ACTLR_DISFOLD_Pos)           /*!< ACTLR: 
 962:./inc/core_cm7.h **** 
 963:./inc/core_cm7.h **** #define SCnSCB_ACTLR_DISMCYCINT_Pos         0U                                         /*!< ACTLR: 
 964:./inc/core_cm7.h **** #define SCnSCB_ACTLR_DISMCYCINT_Msk        (1UL /*<< SCnSCB_ACTLR_DISMCYCINT_Pos*/)    /*!< ACTLR: 
 965:./inc/core_cm7.h **** 
 966:./inc/core_cm7.h **** /*@} end of group CMSIS_SCnotSCB */
 967:./inc/core_cm7.h **** 
 968:./inc/core_cm7.h **** 
 969:./inc/core_cm7.h **** /**
 970:./inc/core_cm7.h ****   \ingroup  CMSIS_core_register
 971:./inc/core_cm7.h ****   \defgroup CMSIS_SysTick     System Tick Timer (SysTick)
 972:./inc/core_cm7.h ****   \brief    Type definitions for the System Timer Registers.
 973:./inc/core_cm7.h ****   @{
 974:./inc/core_cm7.h ****  */
 975:./inc/core_cm7.h **** 
 976:./inc/core_cm7.h **** /**
 977:./inc/core_cm7.h ****   \brief  Structure type to access the System Timer (SysTick).
 978:./inc/core_cm7.h ****  */
 979:./inc/core_cm7.h **** typedef struct
 980:./inc/core_cm7.h **** {
 981:./inc/core_cm7.h ****   __IOM uint32_t CTRL;                   /*!< Offset: 0x000 (R/W)  SysTick Control and Status Regis
 982:./inc/core_cm7.h ****   __IOM uint32_t LOAD;                   /*!< Offset: 0x004 (R/W)  SysTick Reload Value Register */
 983:./inc/core_cm7.h ****   __IOM uint32_t VAL;                    /*!< Offset: 0x008 (R/W)  SysTick Current Value Register *
 984:./inc/core_cm7.h ****   __IM  uint32_t CALIB;                  /*!< Offset: 0x00C (R/ )  SysTick Calibration Register */
 985:./inc/core_cm7.h **** } SysTick_Type;
 986:./inc/core_cm7.h **** 
 987:./inc/core_cm7.h **** /* SysTick Control / Status Register Definitions */
 988:./inc/core_cm7.h **** #define SysTick_CTRL_COUNTFLAG_Pos         16U                                            /*!< SysT
 989:./inc/core_cm7.h **** #define SysTick_CTRL_COUNTFLAG_Msk         (1UL << SysTick_CTRL_COUNTFLAG_Pos)            /*!< SysT
 990:./inc/core_cm7.h **** 
 991:./inc/core_cm7.h **** #define SysTick_CTRL_CLKSOURCE_Pos          2U                                            /*!< SysT
 992:./inc/core_cm7.h **** #define SysTick_CTRL_CLKSOURCE_Msk         (1UL << SysTick_CTRL_CLKSOURCE_Pos)            /*!< SysT
 993:./inc/core_cm7.h **** 
 994:./inc/core_cm7.h **** #define SysTick_CTRL_TICKINT_Pos            1U                                            /*!< SysT
 995:./inc/core_cm7.h **** #define SysTick_CTRL_TICKINT_Msk           (1UL << SysTick_CTRL_TICKINT_Pos)              /*!< SysT
 996:./inc/core_cm7.h **** 
 997:./inc/core_cm7.h **** #define SysTick_CTRL_ENABLE_Pos             0U                                            /*!< SysT
 998:./inc/core_cm7.h **** #define SysTick_CTRL_ENABLE_Msk            (1UL /*<< SysTick_CTRL_ENABLE_Pos*/)           /*!< SysT
 999:./inc/core_cm7.h **** 
1000:./inc/core_cm7.h **** /* SysTick Reload Register Definitions */
1001:./inc/core_cm7.h **** #define SysTick_LOAD_RELOAD_Pos             0U                                            /*!< SysT
1002:./inc/core_cm7.h **** #define SysTick_LOAD_RELOAD_Msk            (0xFFFFFFUL /*<< SysTick_LOAD_RELOAD_Pos*/)    /*!< SysT
1003:./inc/core_cm7.h **** 
1004:./inc/core_cm7.h **** /* SysTick Current Register Definitions */
1005:./inc/core_cm7.h **** #define SysTick_VAL_CURRENT_Pos             0U                                            /*!< SysT
1006:./inc/core_cm7.h **** #define SysTick_VAL_CURRENT_Msk            (0xFFFFFFUL /*<< SysTick_VAL_CURRENT_Pos*/)    /*!< SysT
1007:./inc/core_cm7.h **** 
1008:./inc/core_cm7.h **** /* SysTick Calibration Register Definitions */
1009:./inc/core_cm7.h **** #define SysTick_CALIB_NOREF_Pos            31U                                            /*!< SysT
1010:./inc/core_cm7.h **** #define SysTick_CALIB_NOREF_Msk            (1UL << SysTick_CALIB_NOREF_Pos)               /*!< SysT
1011:./inc/core_cm7.h **** 
1012:./inc/core_cm7.h **** #define SysTick_CALIB_SKEW_Pos             30U                                            /*!< SysT
1013:./inc/core_cm7.h **** #define SysTick_CALIB_SKEW_Msk             (1UL << SysTick_CALIB_SKEW_Pos)                /*!< SysT
1014:./inc/core_cm7.h **** 
1015:./inc/core_cm7.h **** #define SysTick_CALIB_TENMS_Pos             0U                                            /*!< SysT
1016:./inc/core_cm7.h **** #define SysTick_CALIB_TENMS_Msk            (0xFFFFFFUL /*<< SysTick_CALIB_TENMS_Pos*/)    /*!< SysT
1017:./inc/core_cm7.h **** 
1018:./inc/core_cm7.h **** /*@} end of group CMSIS_SysTick */
1019:./inc/core_cm7.h **** 
1020:./inc/core_cm7.h **** 
1021:./inc/core_cm7.h **** /**
1022:./inc/core_cm7.h ****   \ingroup  CMSIS_core_register
1023:./inc/core_cm7.h ****   \defgroup CMSIS_ITM     Instrumentation Trace Macrocell (ITM)
1024:./inc/core_cm7.h ****   \brief    Type definitions for the Instrumentation Trace Macrocell (ITM)
1025:./inc/core_cm7.h ****   @{
1026:./inc/core_cm7.h ****  */
1027:./inc/core_cm7.h **** 
1028:./inc/core_cm7.h **** /**
1029:./inc/core_cm7.h ****   \brief  Structure type to access the Instrumentation Trace Macrocell Register (ITM).
1030:./inc/core_cm7.h ****  */
1031:./inc/core_cm7.h **** typedef struct
1032:./inc/core_cm7.h **** {
1033:./inc/core_cm7.h ****   __OM  union
1034:./inc/core_cm7.h ****   {
1035:./inc/core_cm7.h ****     __OM  uint8_t    u8;                 /*!< Offset: 0x000 ( /W)  ITM Stimulus Port 8-bit */
1036:./inc/core_cm7.h ****     __OM  uint16_t   u16;                /*!< Offset: 0x000 ( /W)  ITM Stimulus Port 16-bit */
1037:./inc/core_cm7.h ****     __OM  uint32_t   u32;                /*!< Offset: 0x000 ( /W)  ITM Stimulus Port 32-bit */
1038:./inc/core_cm7.h ****   }  PORT [32U];                         /*!< Offset: 0x000 ( /W)  ITM Stimulus Port Registers */
1039:./inc/core_cm7.h ****         uint32_t RESERVED0[864U];
1040:./inc/core_cm7.h ****   __IOM uint32_t TER;                    /*!< Offset: 0xE00 (R/W)  ITM Trace Enable Register */
1041:./inc/core_cm7.h ****         uint32_t RESERVED1[15U];
1042:./inc/core_cm7.h ****   __IOM uint32_t TPR;                    /*!< Offset: 0xE40 (R/W)  ITM Trace Privilege Register */
1043:./inc/core_cm7.h ****         uint32_t RESERVED2[15U];
1044:./inc/core_cm7.h ****   __IOM uint32_t TCR;                    /*!< Offset: 0xE80 (R/W)  ITM Trace Control Register */
1045:./inc/core_cm7.h ****         uint32_t RESERVED3[32U];
1046:./inc/core_cm7.h ****         uint32_t RESERVED4[43U];
1047:./inc/core_cm7.h ****   __OM  uint32_t LAR;                    /*!< Offset: 0xFB0 ( /W)  ITM Lock Access Register */
1048:./inc/core_cm7.h ****   __IM  uint32_t LSR;                    /*!< Offset: 0xFB4 (R/ )  ITM Lock Status Register */
1049:./inc/core_cm7.h ****         uint32_t RESERVED5[6U];
1050:./inc/core_cm7.h ****   __IM  uint32_t PID4;                   /*!< Offset: 0xFD0 (R/ )  ITM Peripheral Identification Re
1051:./inc/core_cm7.h ****   __IM  uint32_t PID5;                   /*!< Offset: 0xFD4 (R/ )  ITM Peripheral Identification Re
1052:./inc/core_cm7.h ****   __IM  uint32_t PID6;                   /*!< Offset: 0xFD8 (R/ )  ITM Peripheral Identification Re
1053:./inc/core_cm7.h ****   __IM  uint32_t PID7;                   /*!< Offset: 0xFDC (R/ )  ITM Peripheral Identification Re
1054:./inc/core_cm7.h ****   __IM  uint32_t PID0;                   /*!< Offset: 0xFE0 (R/ )  ITM Peripheral Identification Re
1055:./inc/core_cm7.h ****   __IM  uint32_t PID1;                   /*!< Offset: 0xFE4 (R/ )  ITM Peripheral Identification Re
1056:./inc/core_cm7.h ****   __IM  uint32_t PID2;                   /*!< Offset: 0xFE8 (R/ )  ITM Peripheral Identification Re
1057:./inc/core_cm7.h ****   __IM  uint32_t PID3;                   /*!< Offset: 0xFEC (R/ )  ITM Peripheral Identification Re
1058:./inc/core_cm7.h ****   __IM  uint32_t CID0;                   /*!< Offset: 0xFF0 (R/ )  ITM Component  Identification Re
1059:./inc/core_cm7.h ****   __IM  uint32_t CID1;                   /*!< Offset: 0xFF4 (R/ )  ITM Component  Identification Re
1060:./inc/core_cm7.h ****   __IM  uint32_t CID2;                   /*!< Offset: 0xFF8 (R/ )  ITM Component  Identification Re
1061:./inc/core_cm7.h ****   __IM  uint32_t CID3;                   /*!< Offset: 0xFFC (R/ )  ITM Component  Identification Re
1062:./inc/core_cm7.h **** } ITM_Type;
1063:./inc/core_cm7.h **** 
1064:./inc/core_cm7.h **** /* ITM Trace Privilege Register Definitions */
1065:./inc/core_cm7.h **** #define ITM_TPR_PRIVMASK_Pos                0U                                            /*!< ITM 
1066:./inc/core_cm7.h **** #define ITM_TPR_PRIVMASK_Msk               (0xFFFFFFFFUL /*<< ITM_TPR_PRIVMASK_Pos*/)     /*!< ITM 
1067:./inc/core_cm7.h **** 
1068:./inc/core_cm7.h **** /* ITM Trace Control Register Definitions */
1069:./inc/core_cm7.h **** #define ITM_TCR_BUSY_Pos                   23U                                            /*!< ITM 
1070:./inc/core_cm7.h **** #define ITM_TCR_BUSY_Msk                   (1UL << ITM_TCR_BUSY_Pos)                      /*!< ITM 
1071:./inc/core_cm7.h **** 
1072:./inc/core_cm7.h **** #define ITM_TCR_TraceBusID_Pos             16U                                            /*!< ITM 
1073:./inc/core_cm7.h **** #define ITM_TCR_TraceBusID_Msk             (0x7FUL << ITM_TCR_TraceBusID_Pos)             /*!< ITM 
1074:./inc/core_cm7.h **** 
1075:./inc/core_cm7.h **** #define ITM_TCR_GTSFREQ_Pos                10U                                            /*!< ITM 
1076:./inc/core_cm7.h **** #define ITM_TCR_GTSFREQ_Msk                (3UL << ITM_TCR_GTSFREQ_Pos)                   /*!< ITM 
1077:./inc/core_cm7.h **** 
1078:./inc/core_cm7.h **** #define ITM_TCR_TSPrescale_Pos              8U                                            /*!< ITM 
1079:./inc/core_cm7.h **** #define ITM_TCR_TSPrescale_Msk             (3UL << ITM_TCR_TSPrescale_Pos)                /*!< ITM 
1080:./inc/core_cm7.h **** 
1081:./inc/core_cm7.h **** #define ITM_TCR_SWOENA_Pos                  4U                                            /*!< ITM 
1082:./inc/core_cm7.h **** #define ITM_TCR_SWOENA_Msk                 (1UL << ITM_TCR_SWOENA_Pos)                    /*!< ITM 
1083:./inc/core_cm7.h **** 
1084:./inc/core_cm7.h **** #define ITM_TCR_DWTENA_Pos                  3U                                            /*!< ITM 
1085:./inc/core_cm7.h **** #define ITM_TCR_DWTENA_Msk                 (1UL << ITM_TCR_DWTENA_Pos)                    /*!< ITM 
1086:./inc/core_cm7.h **** 
1087:./inc/core_cm7.h **** #define ITM_TCR_SYNCENA_Pos                 2U                                            /*!< ITM 
1088:./inc/core_cm7.h **** #define ITM_TCR_SYNCENA_Msk                (1UL << ITM_TCR_SYNCENA_Pos)                   /*!< ITM 
1089:./inc/core_cm7.h **** 
1090:./inc/core_cm7.h **** #define ITM_TCR_TSENA_Pos                   1U                                            /*!< ITM 
1091:./inc/core_cm7.h **** #define ITM_TCR_TSENA_Msk                  (1UL << ITM_TCR_TSENA_Pos)                     /*!< ITM 
1092:./inc/core_cm7.h **** 
1093:./inc/core_cm7.h **** #define ITM_TCR_ITMENA_Pos                  0U                                            /*!< ITM 
1094:./inc/core_cm7.h **** #define ITM_TCR_ITMENA_Msk                 (1UL /*<< ITM_TCR_ITMENA_Pos*/)                /*!< ITM 
1095:./inc/core_cm7.h **** 
1096:./inc/core_cm7.h **** /* ITM Lock Status Register Definitions */
1097:./inc/core_cm7.h **** #define ITM_LSR_ByteAcc_Pos                 2U                                            /*!< ITM 
1098:./inc/core_cm7.h **** #define ITM_LSR_ByteAcc_Msk                (1UL << ITM_LSR_ByteAcc_Pos)                   /*!< ITM 
1099:./inc/core_cm7.h **** 
1100:./inc/core_cm7.h **** #define ITM_LSR_Access_Pos                  1U                                            /*!< ITM 
1101:./inc/core_cm7.h **** #define ITM_LSR_Access_Msk                 (1UL << ITM_LSR_Access_Pos)                    /*!< ITM 
1102:./inc/core_cm7.h **** 
1103:./inc/core_cm7.h **** #define ITM_LSR_Present_Pos                 0U                                            /*!< ITM 
1104:./inc/core_cm7.h **** #define ITM_LSR_Present_Msk                (1UL /*<< ITM_LSR_Present_Pos*/)               /*!< ITM 
1105:./inc/core_cm7.h **** 
1106:./inc/core_cm7.h **** /*@}*/ /* end of group CMSIS_ITM */
1107:./inc/core_cm7.h **** 
1108:./inc/core_cm7.h **** 
1109:./inc/core_cm7.h **** /**
1110:./inc/core_cm7.h ****   \ingroup  CMSIS_core_register
1111:./inc/core_cm7.h ****   \defgroup CMSIS_DWT     Data Watchpoint and Trace (DWT)
1112:./inc/core_cm7.h ****   \brief    Type definitions for the Data Watchpoint and Trace (DWT)
1113:./inc/core_cm7.h ****   @{
1114:./inc/core_cm7.h ****  */
1115:./inc/core_cm7.h **** 
1116:./inc/core_cm7.h **** /**
1117:./inc/core_cm7.h ****   \brief  Structure type to access the Data Watchpoint and Trace Register (DWT).
1118:./inc/core_cm7.h ****  */
1119:./inc/core_cm7.h **** typedef struct
1120:./inc/core_cm7.h **** {
1121:./inc/core_cm7.h ****   __IOM uint32_t CTRL;                   /*!< Offset: 0x000 (R/W)  Control Register */
1122:./inc/core_cm7.h ****   __IOM uint32_t CYCCNT;                 /*!< Offset: 0x004 (R/W)  Cycle Count Register */
1123:./inc/core_cm7.h ****   __IOM uint32_t CPICNT;                 /*!< Offset: 0x008 (R/W)  CPI Count Register */
1124:./inc/core_cm7.h ****   __IOM uint32_t EXCCNT;                 /*!< Offset: 0x00C (R/W)  Exception Overhead Count Registe
1125:./inc/core_cm7.h ****   __IOM uint32_t SLEEPCNT;               /*!< Offset: 0x010 (R/W)  Sleep Count Register */
1126:./inc/core_cm7.h ****   __IOM uint32_t LSUCNT;                 /*!< Offset: 0x014 (R/W)  LSU Count Register */
1127:./inc/core_cm7.h ****   __IOM uint32_t FOLDCNT;                /*!< Offset: 0x018 (R/W)  Folded-instruction Count Registe
1128:./inc/core_cm7.h ****   __IM  uint32_t PCSR;                   /*!< Offset: 0x01C (R/ )  Program Counter Sample Register 
1129:./inc/core_cm7.h ****   __IOM uint32_t COMP0;                  /*!< Offset: 0x020 (R/W)  Comparator Register 0 */
1130:./inc/core_cm7.h ****   __IOM uint32_t MASK0;                  /*!< Offset: 0x024 (R/W)  Mask Register 0 */
1131:./inc/core_cm7.h ****   __IOM uint32_t FUNCTION0;              /*!< Offset: 0x028 (R/W)  Function Register 0 */
1132:./inc/core_cm7.h ****         uint32_t RESERVED0[1U];
1133:./inc/core_cm7.h ****   __IOM uint32_t COMP1;                  /*!< Offset: 0x030 (R/W)  Comparator Register 1 */
1134:./inc/core_cm7.h ****   __IOM uint32_t MASK1;                  /*!< Offset: 0x034 (R/W)  Mask Register 1 */
1135:./inc/core_cm7.h ****   __IOM uint32_t FUNCTION1;              /*!< Offset: 0x038 (R/W)  Function Register 1 */
1136:./inc/core_cm7.h ****         uint32_t RESERVED1[1U];
1137:./inc/core_cm7.h ****   __IOM uint32_t COMP2;                  /*!< Offset: 0x040 (R/W)  Comparator Register 2 */
1138:./inc/core_cm7.h ****   __IOM uint32_t MASK2;                  /*!< Offset: 0x044 (R/W)  Mask Register 2 */
1139:./inc/core_cm7.h ****   __IOM uint32_t FUNCTION2;              /*!< Offset: 0x048 (R/W)  Function Register 2 */
1140:./inc/core_cm7.h ****         uint32_t RESERVED2[1U];
1141:./inc/core_cm7.h ****   __IOM uint32_t COMP3;                  /*!< Offset: 0x050 (R/W)  Comparator Register 3 */
1142:./inc/core_cm7.h ****   __IOM uint32_t MASK3;                  /*!< Offset: 0x054 (R/W)  Mask Register 3 */
1143:./inc/core_cm7.h ****   __IOM uint32_t FUNCTION3;              /*!< Offset: 0x058 (R/W)  Function Register 3 */
1144:./inc/core_cm7.h ****         uint32_t RESERVED3[981U];
1145:./inc/core_cm7.h ****   __OM  uint32_t LAR;                    /*!< Offset: 0xFB0 (  W)  Lock Access Register */
1146:./inc/core_cm7.h ****   __IM  uint32_t LSR;                    /*!< Offset: 0xFB4 (R  )  Lock Status Register */
1147:./inc/core_cm7.h **** } DWT_Type;
1148:./inc/core_cm7.h **** 
1149:./inc/core_cm7.h **** /* DWT Control Register Definitions */
1150:./inc/core_cm7.h **** #define DWT_CTRL_NUMCOMP_Pos               28U                                         /*!< DWT CTR
1151:./inc/core_cm7.h **** #define DWT_CTRL_NUMCOMP_Msk               (0xFUL << DWT_CTRL_NUMCOMP_Pos)             /*!< DWT CTR
1152:./inc/core_cm7.h **** 
1153:./inc/core_cm7.h **** #define DWT_CTRL_NOTRCPKT_Pos              27U                                         /*!< DWT CTR
1154:./inc/core_cm7.h **** #define DWT_CTRL_NOTRCPKT_Msk              (0x1UL << DWT_CTRL_NOTRCPKT_Pos)            /*!< DWT CTR
1155:./inc/core_cm7.h **** 
1156:./inc/core_cm7.h **** #define DWT_CTRL_NOEXTTRIG_Pos             26U                                         /*!< DWT CTR
1157:./inc/core_cm7.h **** #define DWT_CTRL_NOEXTTRIG_Msk             (0x1UL << DWT_CTRL_NOEXTTRIG_Pos)           /*!< DWT CTR
1158:./inc/core_cm7.h **** 
1159:./inc/core_cm7.h **** #define DWT_CTRL_NOCYCCNT_Pos              25U                                         /*!< DWT CTR
1160:./inc/core_cm7.h **** #define DWT_CTRL_NOCYCCNT_Msk              (0x1UL << DWT_CTRL_NOCYCCNT_Pos)            /*!< DWT CTR
1161:./inc/core_cm7.h **** 
1162:./inc/core_cm7.h **** #define DWT_CTRL_NOPRFCNT_Pos              24U                                         /*!< DWT CTR
1163:./inc/core_cm7.h **** #define DWT_CTRL_NOPRFCNT_Msk              (0x1UL << DWT_CTRL_NOPRFCNT_Pos)            /*!< DWT CTR
1164:./inc/core_cm7.h **** 
1165:./inc/core_cm7.h **** #define DWT_CTRL_CYCEVTENA_Pos             22U                                         /*!< DWT CTR
1166:./inc/core_cm7.h **** #define DWT_CTRL_CYCEVTENA_Msk             (0x1UL << DWT_CTRL_CYCEVTENA_Pos)           /*!< DWT CTR
1167:./inc/core_cm7.h **** 
1168:./inc/core_cm7.h **** #define DWT_CTRL_FOLDEVTENA_Pos            21U                                         /*!< DWT CTR
1169:./inc/core_cm7.h **** #define DWT_CTRL_FOLDEVTENA_Msk            (0x1UL << DWT_CTRL_FOLDEVTENA_Pos)          /*!< DWT CTR
1170:./inc/core_cm7.h **** 
1171:./inc/core_cm7.h **** #define DWT_CTRL_LSUEVTENA_Pos             20U                                         /*!< DWT CTR
1172:./inc/core_cm7.h **** #define DWT_CTRL_LSUEVTENA_Msk             (0x1UL << DWT_CTRL_LSUEVTENA_Pos)           /*!< DWT CTR
1173:./inc/core_cm7.h **** 
1174:./inc/core_cm7.h **** #define DWT_CTRL_SLEEPEVTENA_Pos           19U                                         /*!< DWT CTR
1175:./inc/core_cm7.h **** #define DWT_CTRL_SLEEPEVTENA_Msk           (0x1UL << DWT_CTRL_SLEEPEVTENA_Pos)         /*!< DWT CTR
1176:./inc/core_cm7.h **** 
1177:./inc/core_cm7.h **** #define DWT_CTRL_EXCEVTENA_Pos             18U                                         /*!< DWT CTR
1178:./inc/core_cm7.h **** #define DWT_CTRL_EXCEVTENA_Msk             (0x1UL << DWT_CTRL_EXCEVTENA_Pos)           /*!< DWT CTR
1179:./inc/core_cm7.h **** 
1180:./inc/core_cm7.h **** #define DWT_CTRL_CPIEVTENA_Pos             17U                                         /*!< DWT CTR
1181:./inc/core_cm7.h **** #define DWT_CTRL_CPIEVTENA_Msk             (0x1UL << DWT_CTRL_CPIEVTENA_Pos)           /*!< DWT CTR
1182:./inc/core_cm7.h **** 
1183:./inc/core_cm7.h **** #define DWT_CTRL_EXCTRCENA_Pos             16U                                         /*!< DWT CTR
1184:./inc/core_cm7.h **** #define DWT_CTRL_EXCTRCENA_Msk             (0x1UL << DWT_CTRL_EXCTRCENA_Pos)           /*!< DWT CTR
1185:./inc/core_cm7.h **** 
1186:./inc/core_cm7.h **** #define DWT_CTRL_PCSAMPLENA_Pos            12U                                         /*!< DWT CTR
1187:./inc/core_cm7.h **** #define DWT_CTRL_PCSAMPLENA_Msk            (0x1UL << DWT_CTRL_PCSAMPLENA_Pos)          /*!< DWT CTR
1188:./inc/core_cm7.h **** 
1189:./inc/core_cm7.h **** #define DWT_CTRL_SYNCTAP_Pos               10U                                         /*!< DWT CTR
1190:./inc/core_cm7.h **** #define DWT_CTRL_SYNCTAP_Msk               (0x3UL << DWT_CTRL_SYNCTAP_Pos)             /*!< DWT CTR
1191:./inc/core_cm7.h **** 
1192:./inc/core_cm7.h **** #define DWT_CTRL_CYCTAP_Pos                 9U                                         /*!< DWT CTR
1193:./inc/core_cm7.h **** #define DWT_CTRL_CYCTAP_Msk                (0x1UL << DWT_CTRL_CYCTAP_Pos)              /*!< DWT CTR
1194:./inc/core_cm7.h **** 
1195:./inc/core_cm7.h **** #define DWT_CTRL_POSTINIT_Pos               5U                                         /*!< DWT CTR
1196:./inc/core_cm7.h **** #define DWT_CTRL_POSTINIT_Msk              (0xFUL << DWT_CTRL_POSTINIT_Pos)            /*!< DWT CTR
1197:./inc/core_cm7.h **** 
1198:./inc/core_cm7.h **** #define DWT_CTRL_POSTPRESET_Pos             1U                                         /*!< DWT CTR
1199:./inc/core_cm7.h **** #define DWT_CTRL_POSTPRESET_Msk            (0xFUL << DWT_CTRL_POSTPRESET_Pos)          /*!< DWT CTR
1200:./inc/core_cm7.h **** 
1201:./inc/core_cm7.h **** #define DWT_CTRL_CYCCNTENA_Pos              0U                                         /*!< DWT CTR
1202:./inc/core_cm7.h **** #define DWT_CTRL_CYCCNTENA_Msk             (0x1UL /*<< DWT_CTRL_CYCCNTENA_Pos*/)       /*!< DWT CTR
1203:./inc/core_cm7.h **** 
1204:./inc/core_cm7.h **** /* DWT CPI Count Register Definitions */
1205:./inc/core_cm7.h **** #define DWT_CPICNT_CPICNT_Pos               0U                                         /*!< DWT CPI
1206:./inc/core_cm7.h **** #define DWT_CPICNT_CPICNT_Msk              (0xFFUL /*<< DWT_CPICNT_CPICNT_Pos*/)       /*!< DWT CPI
1207:./inc/core_cm7.h **** 
1208:./inc/core_cm7.h **** /* DWT Exception Overhead Count Register Definitions */
1209:./inc/core_cm7.h **** #define DWT_EXCCNT_EXCCNT_Pos               0U                                         /*!< DWT EXC
1210:./inc/core_cm7.h **** #define DWT_EXCCNT_EXCCNT_Msk              (0xFFUL /*<< DWT_EXCCNT_EXCCNT_Pos*/)       /*!< DWT EXC
1211:./inc/core_cm7.h **** 
1212:./inc/core_cm7.h **** /* DWT Sleep Count Register Definitions */
1213:./inc/core_cm7.h **** #define DWT_SLEEPCNT_SLEEPCNT_Pos           0U                                         /*!< DWT SLE
1214:./inc/core_cm7.h **** #define DWT_SLEEPCNT_SLEEPCNT_Msk          (0xFFUL /*<< DWT_SLEEPCNT_SLEEPCNT_Pos*/)   /*!< DWT SLE
1215:./inc/core_cm7.h **** 
1216:./inc/core_cm7.h **** /* DWT LSU Count Register Definitions */
1217:./inc/core_cm7.h **** #define DWT_LSUCNT_LSUCNT_Pos               0U                                         /*!< DWT LSU
1218:./inc/core_cm7.h **** #define DWT_LSUCNT_LSUCNT_Msk              (0xFFUL /*<< DWT_LSUCNT_LSUCNT_Pos*/)       /*!< DWT LSU
1219:./inc/core_cm7.h **** 
1220:./inc/core_cm7.h **** /* DWT Folded-instruction Count Register Definitions */
1221:./inc/core_cm7.h **** #define DWT_FOLDCNT_FOLDCNT_Pos             0U                                         /*!< DWT FOL
1222:./inc/core_cm7.h **** #define DWT_FOLDCNT_FOLDCNT_Msk            (0xFFUL /*<< DWT_FOLDCNT_FOLDCNT_Pos*/)     /*!< DWT FOL
1223:./inc/core_cm7.h **** 
1224:./inc/core_cm7.h **** /* DWT Comparator Mask Register Definitions */
1225:./inc/core_cm7.h **** #define DWT_MASK_MASK_Pos                   0U                                         /*!< DWT MAS
1226:./inc/core_cm7.h **** #define DWT_MASK_MASK_Msk                  (0x1FUL /*<< DWT_MASK_MASK_Pos*/)           /*!< DWT MAS
1227:./inc/core_cm7.h **** 
1228:./inc/core_cm7.h **** /* DWT Comparator Function Register Definitions */
1229:./inc/core_cm7.h **** #define DWT_FUNCTION_MATCHED_Pos           24U                                         /*!< DWT FUN
1230:./inc/core_cm7.h **** #define DWT_FUNCTION_MATCHED_Msk           (0x1UL << DWT_FUNCTION_MATCHED_Pos)         /*!< DWT FUN
1231:./inc/core_cm7.h **** 
1232:./inc/core_cm7.h **** #define DWT_FUNCTION_DATAVADDR1_Pos        16U                                         /*!< DWT FUN
1233:./inc/core_cm7.h **** #define DWT_FUNCTION_DATAVADDR1_Msk        (0xFUL << DWT_FUNCTION_DATAVADDR1_Pos)      /*!< DWT FUN
1234:./inc/core_cm7.h **** 
1235:./inc/core_cm7.h **** #define DWT_FUNCTION_DATAVADDR0_Pos        12U                                         /*!< DWT FUN
1236:./inc/core_cm7.h **** #define DWT_FUNCTION_DATAVADDR0_Msk        (0xFUL << DWT_FUNCTION_DATAVADDR0_Pos)      /*!< DWT FUN
1237:./inc/core_cm7.h **** 
1238:./inc/core_cm7.h **** #define DWT_FUNCTION_DATAVSIZE_Pos         10U                                         /*!< DWT FUN
1239:./inc/core_cm7.h **** #define DWT_FUNCTION_DATAVSIZE_Msk         (0x3UL << DWT_FUNCTION_DATAVSIZE_Pos)       /*!< DWT FUN
1240:./inc/core_cm7.h **** 
1241:./inc/core_cm7.h **** #define DWT_FUNCTION_LNK1ENA_Pos            9U                                         /*!< DWT FUN
1242:./inc/core_cm7.h **** #define DWT_FUNCTION_LNK1ENA_Msk           (0x1UL << DWT_FUNCTION_LNK1ENA_Pos)         /*!< DWT FUN
1243:./inc/core_cm7.h **** 
1244:./inc/core_cm7.h **** #define DWT_FUNCTION_DATAVMATCH_Pos         8U                                         /*!< DWT FUN
1245:./inc/core_cm7.h **** #define DWT_FUNCTION_DATAVMATCH_Msk        (0x1UL << DWT_FUNCTION_DATAVMATCH_Pos)      /*!< DWT FUN
1246:./inc/core_cm7.h **** 
1247:./inc/core_cm7.h **** #define DWT_FUNCTION_CYCMATCH_Pos           7U                                         /*!< DWT FUN
1248:./inc/core_cm7.h **** #define DWT_FUNCTION_CYCMATCH_Msk          (0x1UL << DWT_FUNCTION_CYCMATCH_Pos)        /*!< DWT FUN
1249:./inc/core_cm7.h **** 
1250:./inc/core_cm7.h **** #define DWT_FUNCTION_EMITRANGE_Pos          5U                                         /*!< DWT FUN
1251:./inc/core_cm7.h **** #define DWT_FUNCTION_EMITRANGE_Msk         (0x1UL << DWT_FUNCTION_EMITRANGE_Pos)       /*!< DWT FUN
1252:./inc/core_cm7.h **** 
1253:./inc/core_cm7.h **** #define DWT_FUNCTION_FUNCTION_Pos           0U                                         /*!< DWT FUN
1254:./inc/core_cm7.h **** #define DWT_FUNCTION_FUNCTION_Msk          (0xFUL /*<< DWT_FUNCTION_FUNCTION_Pos*/)    /*!< DWT FUN
1255:./inc/core_cm7.h **** 
1256:./inc/core_cm7.h **** /*@}*/ /* end of group CMSIS_DWT */
1257:./inc/core_cm7.h **** 
1258:./inc/core_cm7.h **** 
1259:./inc/core_cm7.h **** /**
1260:./inc/core_cm7.h ****   \ingroup  CMSIS_core_register
1261:./inc/core_cm7.h ****   \defgroup CMSIS_TPI     Trace Port Interface (TPI)
1262:./inc/core_cm7.h ****   \brief    Type definitions for the Trace Port Interface (TPI)
1263:./inc/core_cm7.h ****   @{
1264:./inc/core_cm7.h ****  */
1265:./inc/core_cm7.h **** 
1266:./inc/core_cm7.h **** /**
1267:./inc/core_cm7.h ****   \brief  Structure type to access the Trace Port Interface Register (TPI).
1268:./inc/core_cm7.h ****  */
1269:./inc/core_cm7.h **** typedef struct
1270:./inc/core_cm7.h **** {
1271:./inc/core_cm7.h ****   __IM  uint32_t SSPSR;                  /*!< Offset: 0x000 (R/ )  Supported Parallel Port Size Reg
1272:./inc/core_cm7.h ****   __IOM uint32_t CSPSR;                  /*!< Offset: 0x004 (R/W)  Current Parallel Port Size Regis
1273:./inc/core_cm7.h ****         uint32_t RESERVED0[2U];
1274:./inc/core_cm7.h ****   __IOM uint32_t ACPR;                   /*!< Offset: 0x010 (R/W)  Asynchronous Clock Prescaler Reg
1275:./inc/core_cm7.h ****         uint32_t RESERVED1[55U];
1276:./inc/core_cm7.h ****   __IOM uint32_t SPPR;                   /*!< Offset: 0x0F0 (R/W)  Selected Pin Protocol Register *
1277:./inc/core_cm7.h ****         uint32_t RESERVED2[131U];
1278:./inc/core_cm7.h ****   __IM  uint32_t FFSR;                   /*!< Offset: 0x300 (R/ )  Formatter and Flush Status Regis
1279:./inc/core_cm7.h ****   __IOM uint32_t FFCR;                   /*!< Offset: 0x304 (R/W)  Formatter and Flush Control Regi
1280:./inc/core_cm7.h ****   __IM  uint32_t FSCR;                   /*!< Offset: 0x308 (R/ )  Formatter Synchronization Counte
1281:./inc/core_cm7.h ****         uint32_t RESERVED3[759U];
1282:./inc/core_cm7.h ****   __IM  uint32_t TRIGGER;                /*!< Offset: 0xEE8 (R/ )  TRIGGER Register */
1283:./inc/core_cm7.h ****   __IM  uint32_t FIFO0;                  /*!< Offset: 0xEEC (R/ )  Integration ETM Data */
1284:./inc/core_cm7.h ****   __IM  uint32_t ITATBCTR2;              /*!< Offset: 0xEF0 (R/ )  ITATBCTR2 */
1285:./inc/core_cm7.h ****         uint32_t RESERVED4[1U];
1286:./inc/core_cm7.h ****   __IM  uint32_t ITATBCTR0;              /*!< Offset: 0xEF8 (R/ )  ITATBCTR0 */
1287:./inc/core_cm7.h ****   __IM  uint32_t FIFO1;                  /*!< Offset: 0xEFC (R/ )  Integration ITM Data */
1288:./inc/core_cm7.h ****   __IOM uint32_t ITCTRL;                 /*!< Offset: 0xF00 (R/W)  Integration Mode Control */
1289:./inc/core_cm7.h ****         uint32_t RESERVED5[39U];
1290:./inc/core_cm7.h ****   __IOM uint32_t CLAIMSET;               /*!< Offset: 0xFA0 (R/W)  Claim tag set */
1291:./inc/core_cm7.h ****   __IOM uint32_t CLAIMCLR;               /*!< Offset: 0xFA4 (R/W)  Claim tag clear */
1292:./inc/core_cm7.h ****         uint32_t RESERVED7[8U];
1293:./inc/core_cm7.h ****   __IM  uint32_t DEVID;                  /*!< Offset: 0xFC8 (R/ )  TPIU_DEVID */
1294:./inc/core_cm7.h ****   __IM  uint32_t DEVTYPE;                /*!< Offset: 0xFCC (R/ )  TPIU_DEVTYPE */
1295:./inc/core_cm7.h **** } TPI_Type;
1296:./inc/core_cm7.h **** 
1297:./inc/core_cm7.h **** /* TPI Asynchronous Clock Prescaler Register Definitions */
1298:./inc/core_cm7.h **** #define TPI_ACPR_PRESCALER_Pos              0U                                         /*!< TPI ACP
1299:./inc/core_cm7.h **** #define TPI_ACPR_PRESCALER_Msk             (0x1FFFUL /*<< TPI_ACPR_PRESCALER_Pos*/)    /*!< TPI ACP
1300:./inc/core_cm7.h **** 
1301:./inc/core_cm7.h **** /* TPI Selected Pin Protocol Register Definitions */
1302:./inc/core_cm7.h **** #define TPI_SPPR_TXMODE_Pos                 0U                                         /*!< TPI SPP
1303:./inc/core_cm7.h **** #define TPI_SPPR_TXMODE_Msk                (0x3UL /*<< TPI_SPPR_TXMODE_Pos*/)          /*!< TPI SPP
1304:./inc/core_cm7.h **** 
1305:./inc/core_cm7.h **** /* TPI Formatter and Flush Status Register Definitions */
1306:./inc/core_cm7.h **** #define TPI_FFSR_FtNonStop_Pos              3U                                         /*!< TPI FFS
1307:./inc/core_cm7.h **** #define TPI_FFSR_FtNonStop_Msk             (0x1UL << TPI_FFSR_FtNonStop_Pos)           /*!< TPI FFS
1308:./inc/core_cm7.h **** 
1309:./inc/core_cm7.h **** #define TPI_FFSR_TCPresent_Pos              2U                                         /*!< TPI FFS
1310:./inc/core_cm7.h **** #define TPI_FFSR_TCPresent_Msk             (0x1UL << TPI_FFSR_TCPresent_Pos)           /*!< TPI FFS
1311:./inc/core_cm7.h **** 
1312:./inc/core_cm7.h **** #define TPI_FFSR_FtStopped_Pos              1U                                         /*!< TPI FFS
1313:./inc/core_cm7.h **** #define TPI_FFSR_FtStopped_Msk             (0x1UL << TPI_FFSR_FtStopped_Pos)           /*!< TPI FFS
1314:./inc/core_cm7.h **** 
1315:./inc/core_cm7.h **** #define TPI_FFSR_FlInProg_Pos               0U                                         /*!< TPI FFS
1316:./inc/core_cm7.h **** #define TPI_FFSR_FlInProg_Msk              (0x1UL /*<< TPI_FFSR_FlInProg_Pos*/)        /*!< TPI FFS
1317:./inc/core_cm7.h **** 
1318:./inc/core_cm7.h **** /* TPI Formatter and Flush Control Register Definitions */
1319:./inc/core_cm7.h **** #define TPI_FFCR_TrigIn_Pos                 8U                                         /*!< TPI FFC
1320:./inc/core_cm7.h **** #define TPI_FFCR_TrigIn_Msk                (0x1UL << TPI_FFCR_TrigIn_Pos)              /*!< TPI FFC
1321:./inc/core_cm7.h **** 
1322:./inc/core_cm7.h **** #define TPI_FFCR_EnFCont_Pos                1U                                         /*!< TPI FFC
1323:./inc/core_cm7.h **** #define TPI_FFCR_EnFCont_Msk               (0x1UL << TPI_FFCR_EnFCont_Pos)             /*!< TPI FFC
1324:./inc/core_cm7.h **** 
1325:./inc/core_cm7.h **** /* TPI TRIGGER Register Definitions */
1326:./inc/core_cm7.h **** #define TPI_TRIGGER_TRIGGER_Pos             0U                                         /*!< TPI TRI
1327:./inc/core_cm7.h **** #define TPI_TRIGGER_TRIGGER_Msk            (0x1UL /*<< TPI_TRIGGER_TRIGGER_Pos*/)      /*!< TPI TRI
1328:./inc/core_cm7.h **** 
1329:./inc/core_cm7.h **** /* TPI Integration ETM Data Register Definitions (FIFO0) */
1330:./inc/core_cm7.h **** #define TPI_FIFO0_ITM_ATVALID_Pos          29U                                         /*!< TPI FIF
1331:./inc/core_cm7.h **** #define TPI_FIFO0_ITM_ATVALID_Msk          (0x1UL << TPI_FIFO0_ITM_ATVALID_Pos)        /*!< TPI FIF
1332:./inc/core_cm7.h **** 
1333:./inc/core_cm7.h **** #define TPI_FIFO0_ITM_bytecount_Pos        27U                                         /*!< TPI FIF
1334:./inc/core_cm7.h **** #define TPI_FIFO0_ITM_bytecount_Msk        (0x3UL << TPI_FIFO0_ITM_bytecount_Pos)      /*!< TPI FIF
1335:./inc/core_cm7.h **** 
1336:./inc/core_cm7.h **** #define TPI_FIFO0_ETM_ATVALID_Pos          26U                                         /*!< TPI FIF
1337:./inc/core_cm7.h **** #define TPI_FIFO0_ETM_ATVALID_Msk          (0x1UL << TPI_FIFO0_ETM_ATVALID_Pos)        /*!< TPI FIF
1338:./inc/core_cm7.h **** 
1339:./inc/core_cm7.h **** #define TPI_FIFO0_ETM_bytecount_Pos        24U                                         /*!< TPI FIF
1340:./inc/core_cm7.h **** #define TPI_FIFO0_ETM_bytecount_Msk        (0x3UL << TPI_FIFO0_ETM_bytecount_Pos)      /*!< TPI FIF
1341:./inc/core_cm7.h **** 
1342:./inc/core_cm7.h **** #define TPI_FIFO0_ETM2_Pos                 16U                                         /*!< TPI FIF
1343:./inc/core_cm7.h **** #define TPI_FIFO0_ETM2_Msk                 (0xFFUL << TPI_FIFO0_ETM2_Pos)              /*!< TPI FIF
1344:./inc/core_cm7.h **** 
1345:./inc/core_cm7.h **** #define TPI_FIFO0_ETM1_Pos                  8U                                         /*!< TPI FIF
1346:./inc/core_cm7.h **** #define TPI_FIFO0_ETM1_Msk                 (0xFFUL << TPI_FIFO0_ETM1_Pos)              /*!< TPI FIF
1347:./inc/core_cm7.h **** 
1348:./inc/core_cm7.h **** #define TPI_FIFO0_ETM0_Pos                  0U                                         /*!< TPI FIF
1349:./inc/core_cm7.h **** #define TPI_FIFO0_ETM0_Msk                 (0xFFUL /*<< TPI_FIFO0_ETM0_Pos*/)          /*!< TPI FIF
1350:./inc/core_cm7.h **** 
1351:./inc/core_cm7.h **** /* TPI ITATBCTR2 Register Definitions */
1352:./inc/core_cm7.h **** #define TPI_ITATBCTR2_ATREADY2_Pos          0U                                         /*!< TPI ITA
1353:./inc/core_cm7.h **** #define TPI_ITATBCTR2_ATREADY2_Msk         (0x1UL /*<< TPI_ITATBCTR2_ATREADY2_Pos*/)   /*!< TPI ITA
1354:./inc/core_cm7.h **** 
1355:./inc/core_cm7.h **** #define TPI_ITATBCTR2_ATREADY1_Pos          0U                                         /*!< TPI ITA
1356:./inc/core_cm7.h **** #define TPI_ITATBCTR2_ATREADY1_Msk         (0x1UL /*<< TPI_ITATBCTR2_ATREADY1_Pos*/)   /*!< TPI ITA
1357:./inc/core_cm7.h **** 
1358:./inc/core_cm7.h **** /* TPI Integration ITM Data Register Definitions (FIFO1) */
1359:./inc/core_cm7.h **** #define TPI_FIFO1_ITM_ATVALID_Pos          29U                                         /*!< TPI FIF
1360:./inc/core_cm7.h **** #define TPI_FIFO1_ITM_ATVALID_Msk          (0x1UL << TPI_FIFO1_ITM_ATVALID_Pos)        /*!< TPI FIF
1361:./inc/core_cm7.h **** 
1362:./inc/core_cm7.h **** #define TPI_FIFO1_ITM_bytecount_Pos        27U                                         /*!< TPI FIF
1363:./inc/core_cm7.h **** #define TPI_FIFO1_ITM_bytecount_Msk        (0x3UL << TPI_FIFO1_ITM_bytecount_Pos)      /*!< TPI FIF
1364:./inc/core_cm7.h **** 
1365:./inc/core_cm7.h **** #define TPI_FIFO1_ETM_ATVALID_Pos          26U                                         /*!< TPI FIF
1366:./inc/core_cm7.h **** #define TPI_FIFO1_ETM_ATVALID_Msk          (0x1UL << TPI_FIFO1_ETM_ATVALID_Pos)        /*!< TPI FIF
1367:./inc/core_cm7.h **** 
1368:./inc/core_cm7.h **** #define TPI_FIFO1_ETM_bytecount_Pos        24U                                         /*!< TPI FIF
1369:./inc/core_cm7.h **** #define TPI_FIFO1_ETM_bytecount_Msk        (0x3UL << TPI_FIFO1_ETM_bytecount_Pos)      /*!< TPI FIF
1370:./inc/core_cm7.h **** 
1371:./inc/core_cm7.h **** #define TPI_FIFO1_ITM2_Pos                 16U                                         /*!< TPI FIF
1372:./inc/core_cm7.h **** #define TPI_FIFO1_ITM2_Msk                 (0xFFUL << TPI_FIFO1_ITM2_Pos)              /*!< TPI FIF
1373:./inc/core_cm7.h **** 
1374:./inc/core_cm7.h **** #define TPI_FIFO1_ITM1_Pos                  8U                                         /*!< TPI FIF
1375:./inc/core_cm7.h **** #define TPI_FIFO1_ITM1_Msk                 (0xFFUL << TPI_FIFO1_ITM1_Pos)              /*!< TPI FIF
1376:./inc/core_cm7.h **** 
1377:./inc/core_cm7.h **** #define TPI_FIFO1_ITM0_Pos                  0U                                         /*!< TPI FIF
1378:./inc/core_cm7.h **** #define TPI_FIFO1_ITM0_Msk                 (0xFFUL /*<< TPI_FIFO1_ITM0_Pos*/)          /*!< TPI FIF
1379:./inc/core_cm7.h **** 
1380:./inc/core_cm7.h **** /* TPI ITATBCTR0 Register Definitions */
1381:./inc/core_cm7.h **** #define TPI_ITATBCTR0_ATREADY2_Pos          0U                                         /*!< TPI ITA
1382:./inc/core_cm7.h **** #define TPI_ITATBCTR0_ATREADY2_Msk         (0x1UL /*<< TPI_ITATBCTR0_ATREADY2_Pos*/)   /*!< TPI ITA
1383:./inc/core_cm7.h **** 
1384:./inc/core_cm7.h **** #define TPI_ITATBCTR0_ATREADY1_Pos          0U                                         /*!< TPI ITA
1385:./inc/core_cm7.h **** #define TPI_ITATBCTR0_ATREADY1_Msk         (0x1UL /*<< TPI_ITATBCTR0_ATREADY1_Pos*/)   /*!< TPI ITA
1386:./inc/core_cm7.h **** 
1387:./inc/core_cm7.h **** /* TPI Integration Mode Control Register Definitions */
1388:./inc/core_cm7.h **** #define TPI_ITCTRL_Mode_Pos                 0U                                         /*!< TPI ITC
1389:./inc/core_cm7.h **** #define TPI_ITCTRL_Mode_Msk                (0x3UL /*<< TPI_ITCTRL_Mode_Pos*/)          /*!< TPI ITC
1390:./inc/core_cm7.h **** 
1391:./inc/core_cm7.h **** /* TPI DEVID Register Definitions */
1392:./inc/core_cm7.h **** #define TPI_DEVID_NRZVALID_Pos             11U                                         /*!< TPI DEV
1393:./inc/core_cm7.h **** #define TPI_DEVID_NRZVALID_Msk             (0x1UL << TPI_DEVID_NRZVALID_Pos)           /*!< TPI DEV
1394:./inc/core_cm7.h **** 
1395:./inc/core_cm7.h **** #define TPI_DEVID_MANCVALID_Pos            10U                                         /*!< TPI DEV
1396:./inc/core_cm7.h **** #define TPI_DEVID_MANCVALID_Msk            (0x1UL << TPI_DEVID_MANCVALID_Pos)          /*!< TPI DEV
1397:./inc/core_cm7.h **** 
1398:./inc/core_cm7.h **** #define TPI_DEVID_PTINVALID_Pos             9U                                         /*!< TPI DEV
1399:./inc/core_cm7.h **** #define TPI_DEVID_PTINVALID_Msk            (0x1UL << TPI_DEVID_PTINVALID_Pos)          /*!< TPI DEV
1400:./inc/core_cm7.h **** 
1401:./inc/core_cm7.h **** #define TPI_DEVID_MinBufSz_Pos              6U                                         /*!< TPI DEV
1402:./inc/core_cm7.h **** #define TPI_DEVID_MinBufSz_Msk             (0x7UL << TPI_DEVID_MinBufSz_Pos)           /*!< TPI DEV
1403:./inc/core_cm7.h **** 
1404:./inc/core_cm7.h **** #define TPI_DEVID_AsynClkIn_Pos             5U                                         /*!< TPI DEV
1405:./inc/core_cm7.h **** #define TPI_DEVID_AsynClkIn_Msk            (0x1UL << TPI_DEVID_AsynClkIn_Pos)          /*!< TPI DEV
1406:./inc/core_cm7.h **** 
1407:./inc/core_cm7.h **** #define TPI_DEVID_NrTraceInput_Pos          0U                                         /*!< TPI DEV
1408:./inc/core_cm7.h **** #define TPI_DEVID_NrTraceInput_Msk         (0x1FUL /*<< TPI_DEVID_NrTraceInput_Pos*/)  /*!< TPI DEV
1409:./inc/core_cm7.h **** 
1410:./inc/core_cm7.h **** /* TPI DEVTYPE Register Definitions */
1411:./inc/core_cm7.h **** #define TPI_DEVTYPE_SubType_Pos             4U                                         /*!< TPI DEV
1412:./inc/core_cm7.h **** #define TPI_DEVTYPE_SubType_Msk            (0xFUL /*<< TPI_DEVTYPE_SubType_Pos*/)      /*!< TPI DEV
1413:./inc/core_cm7.h **** 
1414:./inc/core_cm7.h **** #define TPI_DEVTYPE_MajorType_Pos           0U                                         /*!< TPI DEV
1415:./inc/core_cm7.h **** #define TPI_DEVTYPE_MajorType_Msk          (0xFUL << TPI_DEVTYPE_MajorType_Pos)        /*!< TPI DEV
1416:./inc/core_cm7.h **** 
1417:./inc/core_cm7.h **** /*@}*/ /* end of group CMSIS_TPI */
1418:./inc/core_cm7.h **** 
1419:./inc/core_cm7.h **** 
1420:./inc/core_cm7.h **** #if defined (__MPU_PRESENT) && (__MPU_PRESENT == 1U)
1421:./inc/core_cm7.h **** /**
1422:./inc/core_cm7.h ****   \ingroup  CMSIS_core_register
1423:./inc/core_cm7.h ****   \defgroup CMSIS_MPU     Memory Protection Unit (MPU)
1424:./inc/core_cm7.h ****   \brief    Type definitions for the Memory Protection Unit (MPU)
1425:./inc/core_cm7.h ****   @{
1426:./inc/core_cm7.h ****  */
1427:./inc/core_cm7.h **** 
1428:./inc/core_cm7.h **** /**
1429:./inc/core_cm7.h ****   \brief  Structure type to access the Memory Protection Unit (MPU).
1430:./inc/core_cm7.h ****  */
1431:./inc/core_cm7.h **** typedef struct
1432:./inc/core_cm7.h **** {
1433:./inc/core_cm7.h ****   __IM  uint32_t TYPE;                   /*!< Offset: 0x000 (R/ )  MPU Type Register */
1434:./inc/core_cm7.h ****   __IOM uint32_t CTRL;                   /*!< Offset: 0x004 (R/W)  MPU Control Register */
1435:./inc/core_cm7.h ****   __IOM uint32_t RNR;                    /*!< Offset: 0x008 (R/W)  MPU Region RNRber Register */
1436:./inc/core_cm7.h ****   __IOM uint32_t RBAR;                   /*!< Offset: 0x00C (R/W)  MPU Region Base Address Register
1437:./inc/core_cm7.h ****   __IOM uint32_t RASR;                   /*!< Offset: 0x010 (R/W)  MPU Region Attribute and Size Re
1438:./inc/core_cm7.h ****   __IOM uint32_t RBAR_A1;                /*!< Offset: 0x014 (R/W)  MPU Alias 1 Region Base Address 
1439:./inc/core_cm7.h ****   __IOM uint32_t RASR_A1;                /*!< Offset: 0x018 (R/W)  MPU Alias 1 Region Attribute and
1440:./inc/core_cm7.h ****   __IOM uint32_t RBAR_A2;                /*!< Offset: 0x01C (R/W)  MPU Alias 2 Region Base Address 
1441:./inc/core_cm7.h ****   __IOM uint32_t RASR_A2;                /*!< Offset: 0x020 (R/W)  MPU Alias 2 Region Attribute and
1442:./inc/core_cm7.h ****   __IOM uint32_t RBAR_A3;                /*!< Offset: 0x024 (R/W)  MPU Alias 3 Region Base Address 
1443:./inc/core_cm7.h ****   __IOM uint32_t RASR_A3;                /*!< Offset: 0x028 (R/W)  MPU Alias 3 Region Attribute and
1444:./inc/core_cm7.h **** } MPU_Type;
1445:./inc/core_cm7.h **** 
1446:./inc/core_cm7.h **** #define MPU_TYPE_RALIASES                  4U
1447:./inc/core_cm7.h **** 
1448:./inc/core_cm7.h **** /* MPU Type Register Definitions */
1449:./inc/core_cm7.h **** #define MPU_TYPE_IREGION_Pos               16U                                            /*!< MPU 
1450:./inc/core_cm7.h **** #define MPU_TYPE_IREGION_Msk               (0xFFUL << MPU_TYPE_IREGION_Pos)               /*!< MPU 
1451:./inc/core_cm7.h **** 
1452:./inc/core_cm7.h **** #define MPU_TYPE_DREGION_Pos                8U                                            /*!< MPU 
1453:./inc/core_cm7.h **** #define MPU_TYPE_DREGION_Msk               (0xFFUL << MPU_TYPE_DREGION_Pos)               /*!< MPU 
1454:./inc/core_cm7.h **** 
1455:./inc/core_cm7.h **** #define MPU_TYPE_SEPARATE_Pos               0U                                            /*!< MPU 
1456:./inc/core_cm7.h **** #define MPU_TYPE_SEPARATE_Msk              (1UL /*<< MPU_TYPE_SEPARATE_Pos*/)             /*!< MPU 
1457:./inc/core_cm7.h **** 
1458:./inc/core_cm7.h **** /* MPU Control Register Definitions */
1459:./inc/core_cm7.h **** #define MPU_CTRL_PRIVDEFENA_Pos             2U                                            /*!< MPU 
1460:./inc/core_cm7.h **** #define MPU_CTRL_PRIVDEFENA_Msk            (1UL << MPU_CTRL_PRIVDEFENA_Pos)               /*!< MPU 
1461:./inc/core_cm7.h **** 
1462:./inc/core_cm7.h **** #define MPU_CTRL_HFNMIENA_Pos               1U                                            /*!< MPU 
1463:./inc/core_cm7.h **** #define MPU_CTRL_HFNMIENA_Msk              (1UL << MPU_CTRL_HFNMIENA_Pos)                 /*!< MPU 
1464:./inc/core_cm7.h **** 
1465:./inc/core_cm7.h **** #define MPU_CTRL_ENABLE_Pos                 0U                                            /*!< MPU 
1466:./inc/core_cm7.h **** #define MPU_CTRL_ENABLE_Msk                (1UL /*<< MPU_CTRL_ENABLE_Pos*/)               /*!< MPU 
1467:./inc/core_cm7.h **** 
1468:./inc/core_cm7.h **** /* MPU Region Number Register Definitions */
1469:./inc/core_cm7.h **** #define MPU_RNR_REGION_Pos                  0U                                            /*!< MPU 
1470:./inc/core_cm7.h **** #define MPU_RNR_REGION_Msk                 (0xFFUL /*<< MPU_RNR_REGION_Pos*/)             /*!< MPU 
1471:./inc/core_cm7.h **** 
1472:./inc/core_cm7.h **** /* MPU Region Base Address Register Definitions */
1473:./inc/core_cm7.h **** #define MPU_RBAR_ADDR_Pos                   5U                                            /*!< MPU 
1474:./inc/core_cm7.h **** #define MPU_RBAR_ADDR_Msk                  (0x7FFFFFFUL << MPU_RBAR_ADDR_Pos)             /*!< MPU 
1475:./inc/core_cm7.h **** 
1476:./inc/core_cm7.h **** #define MPU_RBAR_VALID_Pos                  4U                                            /*!< MPU 
1477:./inc/core_cm7.h **** #define MPU_RBAR_VALID_Msk                 (1UL << MPU_RBAR_VALID_Pos)                    /*!< MPU 
1478:./inc/core_cm7.h **** 
1479:./inc/core_cm7.h **** #define MPU_RBAR_REGION_Pos                 0U                                            /*!< MPU 
1480:./inc/core_cm7.h **** #define MPU_RBAR_REGION_Msk                (0xFUL /*<< MPU_RBAR_REGION_Pos*/)             /*!< MPU 
1481:./inc/core_cm7.h **** 
1482:./inc/core_cm7.h **** /* MPU Region Attribute and Size Register Definitions */
1483:./inc/core_cm7.h **** #define MPU_RASR_ATTRS_Pos                 16U                                            /*!< MPU 
1484:./inc/core_cm7.h **** #define MPU_RASR_ATTRS_Msk                 (0xFFFFUL << MPU_RASR_ATTRS_Pos)               /*!< MPU 
1485:./inc/core_cm7.h **** 
1486:./inc/core_cm7.h **** #define MPU_RASR_XN_Pos                    28U                                            /*!< MPU 
1487:./inc/core_cm7.h **** #define MPU_RASR_XN_Msk                    (1UL << MPU_RASR_XN_Pos)                       /*!< MPU 
1488:./inc/core_cm7.h **** 
1489:./inc/core_cm7.h **** #define MPU_RASR_AP_Pos                    24U                                            /*!< MPU 
1490:./inc/core_cm7.h **** #define MPU_RASR_AP_Msk                    (0x7UL << MPU_RASR_AP_Pos)                     /*!< MPU 
1491:./inc/core_cm7.h **** 
1492:./inc/core_cm7.h **** #define MPU_RASR_TEX_Pos                   19U                                            /*!< MPU 
1493:./inc/core_cm7.h **** #define MPU_RASR_TEX_Msk                   (0x7UL << MPU_RASR_TEX_Pos)                    /*!< MPU 
1494:./inc/core_cm7.h **** 
1495:./inc/core_cm7.h **** #define MPU_RASR_S_Pos                     18U                                            /*!< MPU 
1496:./inc/core_cm7.h **** #define MPU_RASR_S_Msk                     (1UL << MPU_RASR_S_Pos)                        /*!< MPU 
1497:./inc/core_cm7.h **** 
1498:./inc/core_cm7.h **** #define MPU_RASR_C_Pos                     17U                                            /*!< MPU 
1499:./inc/core_cm7.h **** #define MPU_RASR_C_Msk                     (1UL << MPU_RASR_C_Pos)                        /*!< MPU 
1500:./inc/core_cm7.h **** 
1501:./inc/core_cm7.h **** #define MPU_RASR_B_Pos                     16U                                            /*!< MPU 
1502:./inc/core_cm7.h **** #define MPU_RASR_B_Msk                     (1UL << MPU_RASR_B_Pos)                        /*!< MPU 
1503:./inc/core_cm7.h **** 
1504:./inc/core_cm7.h **** #define MPU_RASR_SRD_Pos                    8U                                            /*!< MPU 
1505:./inc/core_cm7.h **** #define MPU_RASR_SRD_Msk                   (0xFFUL << MPU_RASR_SRD_Pos)                   /*!< MPU 
1506:./inc/core_cm7.h **** 
1507:./inc/core_cm7.h **** #define MPU_RASR_SIZE_Pos                   1U                                            /*!< MPU 
1508:./inc/core_cm7.h **** #define MPU_RASR_SIZE_Msk                  (0x1FUL << MPU_RASR_SIZE_Pos)                  /*!< MPU 
1509:./inc/core_cm7.h **** 
1510:./inc/core_cm7.h **** #define MPU_RASR_ENABLE_Pos                 0U                                            /*!< MPU 
1511:./inc/core_cm7.h **** #define MPU_RASR_ENABLE_Msk                (1UL /*<< MPU_RASR_ENABLE_Pos*/)               /*!< MPU 
1512:./inc/core_cm7.h **** 
1513:./inc/core_cm7.h **** /*@} end of group CMSIS_MPU */
1514:./inc/core_cm7.h **** #endif /* defined (__MPU_PRESENT) && (__MPU_PRESENT == 1U) */
1515:./inc/core_cm7.h **** 
1516:./inc/core_cm7.h **** 
1517:./inc/core_cm7.h **** /**
1518:./inc/core_cm7.h ****   \ingroup  CMSIS_core_register
1519:./inc/core_cm7.h ****   \defgroup CMSIS_FPU     Floating Point Unit (FPU)
1520:./inc/core_cm7.h ****   \brief    Type definitions for the Floating Point Unit (FPU)
1521:./inc/core_cm7.h ****   @{
1522:./inc/core_cm7.h ****  */
1523:./inc/core_cm7.h **** 
1524:./inc/core_cm7.h **** /**
1525:./inc/core_cm7.h ****   \brief  Structure type to access the Floating Point Unit (FPU).
1526:./inc/core_cm7.h ****  */
1527:./inc/core_cm7.h **** typedef struct
1528:./inc/core_cm7.h **** {
1529:./inc/core_cm7.h ****         uint32_t RESERVED0[1U];
1530:./inc/core_cm7.h ****   __IOM uint32_t FPCCR;                  /*!< Offset: 0x004 (R/W)  Floating-Point Context Control R
1531:./inc/core_cm7.h ****   __IOM uint32_t FPCAR;                  /*!< Offset: 0x008 (R/W)  Floating-Point Context Address R
1532:./inc/core_cm7.h ****   __IOM uint32_t FPDSCR;                 /*!< Offset: 0x00C (R/W)  Floating-Point Default Status Co
1533:./inc/core_cm7.h ****   __IM  uint32_t MVFR0;                  /*!< Offset: 0x010 (R/ )  Media and FP Feature Register 0 
1534:./inc/core_cm7.h ****   __IM  uint32_t MVFR1;                  /*!< Offset: 0x014 (R/ )  Media and FP Feature Register 1 
1535:./inc/core_cm7.h ****   __IM  uint32_t MVFR2;                  /*!< Offset: 0x018 (R/ )  Media and FP Feature Register 2 
1536:./inc/core_cm7.h **** } FPU_Type;
1537:./inc/core_cm7.h **** 
1538:./inc/core_cm7.h **** /* Floating-Point Context Control Register Definitions */
1539:./inc/core_cm7.h **** #define FPU_FPCCR_ASPEN_Pos                31U                                            /*!< FPCC
1540:./inc/core_cm7.h **** #define FPU_FPCCR_ASPEN_Msk                (1UL << FPU_FPCCR_ASPEN_Pos)                   /*!< FPCC
1541:./inc/core_cm7.h **** 
1542:./inc/core_cm7.h **** #define FPU_FPCCR_LSPEN_Pos                30U                                            /*!< FPCC
1543:./inc/core_cm7.h **** #define FPU_FPCCR_LSPEN_Msk                (1UL << FPU_FPCCR_LSPEN_Pos)                   /*!< FPCC
1544:./inc/core_cm7.h **** 
1545:./inc/core_cm7.h **** #define FPU_FPCCR_MONRDY_Pos                8U                                            /*!< FPCC
1546:./inc/core_cm7.h **** #define FPU_FPCCR_MONRDY_Msk               (1UL << FPU_FPCCR_MONRDY_Pos)                  /*!< FPCC
1547:./inc/core_cm7.h **** 
1548:./inc/core_cm7.h **** #define FPU_FPCCR_BFRDY_Pos                 6U                                            /*!< FPCC
1549:./inc/core_cm7.h **** #define FPU_FPCCR_BFRDY_Msk                (1UL << FPU_FPCCR_BFRDY_Pos)                   /*!< FPCC
1550:./inc/core_cm7.h **** 
1551:./inc/core_cm7.h **** #define FPU_FPCCR_MMRDY_Pos                 5U                                            /*!< FPCC
1552:./inc/core_cm7.h **** #define FPU_FPCCR_MMRDY_Msk                (1UL << FPU_FPCCR_MMRDY_Pos)                   /*!< FPCC
1553:./inc/core_cm7.h **** 
1554:./inc/core_cm7.h **** #define FPU_FPCCR_HFRDY_Pos                 4U                                            /*!< FPCC
1555:./inc/core_cm7.h **** #define FPU_FPCCR_HFRDY_Msk                (1UL << FPU_FPCCR_HFRDY_Pos)                   /*!< FPCC
1556:./inc/core_cm7.h **** 
1557:./inc/core_cm7.h **** #define FPU_FPCCR_THREAD_Pos                3U                                            /*!< FPCC
1558:./inc/core_cm7.h **** #define FPU_FPCCR_THREAD_Msk               (1UL << FPU_FPCCR_THREAD_Pos)                  /*!< FPCC
1559:./inc/core_cm7.h **** 
1560:./inc/core_cm7.h **** #define FPU_FPCCR_USER_Pos                  1U                                            /*!< FPCC
1561:./inc/core_cm7.h **** #define FPU_FPCCR_USER_Msk                 (1UL << FPU_FPCCR_USER_Pos)                    /*!< FPCC
1562:./inc/core_cm7.h **** 
1563:./inc/core_cm7.h **** #define FPU_FPCCR_LSPACT_Pos                0U                                            /*!< FPCC
1564:./inc/core_cm7.h **** #define FPU_FPCCR_LSPACT_Msk               (1UL /*<< FPU_FPCCR_LSPACT_Pos*/)              /*!< FPCC
1565:./inc/core_cm7.h **** 
1566:./inc/core_cm7.h **** /* Floating-Point Context Address Register Definitions */
1567:./inc/core_cm7.h **** #define FPU_FPCAR_ADDRESS_Pos               3U                                            /*!< FPCA
1568:./inc/core_cm7.h **** #define FPU_FPCAR_ADDRESS_Msk              (0x1FFFFFFFUL << FPU_FPCAR_ADDRESS_Pos)        /*!< FPCA
1569:./inc/core_cm7.h **** 
1570:./inc/core_cm7.h **** /* Floating-Point Default Status Control Register Definitions */
1571:./inc/core_cm7.h **** #define FPU_FPDSCR_AHP_Pos                 26U                                            /*!< FPDS
1572:./inc/core_cm7.h **** #define FPU_FPDSCR_AHP_Msk                 (1UL << FPU_FPDSCR_AHP_Pos)                    /*!< FPDS
1573:./inc/core_cm7.h **** 
1574:./inc/core_cm7.h **** #define FPU_FPDSCR_DN_Pos                  25U                                            /*!< FPDS
1575:./inc/core_cm7.h **** #define FPU_FPDSCR_DN_Msk                  (1UL << FPU_FPDSCR_DN_Pos)                     /*!< FPDS
1576:./inc/core_cm7.h **** 
1577:./inc/core_cm7.h **** #define FPU_FPDSCR_FZ_Pos                  24U                                            /*!< FPDS
1578:./inc/core_cm7.h **** #define FPU_FPDSCR_FZ_Msk                  (1UL << FPU_FPDSCR_FZ_Pos)                     /*!< FPDS
1579:./inc/core_cm7.h **** 
1580:./inc/core_cm7.h **** #define FPU_FPDSCR_RMode_Pos               22U                                            /*!< FPDS
1581:./inc/core_cm7.h **** #define FPU_FPDSCR_RMode_Msk               (3UL << FPU_FPDSCR_RMode_Pos)                  /*!< FPDS
1582:./inc/core_cm7.h **** 
1583:./inc/core_cm7.h **** /* Media and FP Feature Register 0 Definitions */
1584:./inc/core_cm7.h **** #define FPU_MVFR0_FP_rounding_modes_Pos    28U                                            /*!< MVFR
1585:./inc/core_cm7.h **** #define FPU_MVFR0_FP_rounding_modes_Msk    (0xFUL << FPU_MVFR0_FP_rounding_modes_Pos)     /*!< MVFR
1586:./inc/core_cm7.h **** 
1587:./inc/core_cm7.h **** #define FPU_MVFR0_Short_vectors_Pos        24U                                            /*!< MVFR
1588:./inc/core_cm7.h **** #define FPU_MVFR0_Short_vectors_Msk        (0xFUL << FPU_MVFR0_Short_vectors_Pos)         /*!< MVFR
1589:./inc/core_cm7.h **** 
1590:./inc/core_cm7.h **** #define FPU_MVFR0_Square_root_Pos          20U                                            /*!< MVFR
1591:./inc/core_cm7.h **** #define FPU_MVFR0_Square_root_Msk          (0xFUL << FPU_MVFR0_Square_root_Pos)           /*!< MVFR
1592:./inc/core_cm7.h **** 
1593:./inc/core_cm7.h **** #define FPU_MVFR0_Divide_Pos               16U                                            /*!< MVFR
1594:./inc/core_cm7.h **** #define FPU_MVFR0_Divide_Msk               (0xFUL << FPU_MVFR0_Divide_Pos)                /*!< MVFR
1595:./inc/core_cm7.h **** 
1596:./inc/core_cm7.h **** #define FPU_MVFR0_FP_excep_trapping_Pos    12U                                            /*!< MVFR
1597:./inc/core_cm7.h **** #define FPU_MVFR0_FP_excep_trapping_Msk    (0xFUL << FPU_MVFR0_FP_excep_trapping_Pos)     /*!< MVFR
1598:./inc/core_cm7.h **** 
1599:./inc/core_cm7.h **** #define FPU_MVFR0_Double_precision_Pos      8U                                            /*!< MVFR
1600:./inc/core_cm7.h **** #define FPU_MVFR0_Double_precision_Msk     (0xFUL << FPU_MVFR0_Double_precision_Pos)      /*!< MVFR
1601:./inc/core_cm7.h **** 
1602:./inc/core_cm7.h **** #define FPU_MVFR0_Single_precision_Pos      4U                                            /*!< MVFR
1603:./inc/core_cm7.h **** #define FPU_MVFR0_Single_precision_Msk     (0xFUL << FPU_MVFR0_Single_precision_Pos)      /*!< MVFR
1604:./inc/core_cm7.h **** 
1605:./inc/core_cm7.h **** #define FPU_MVFR0_A_SIMD_registers_Pos      0U                                            /*!< MVFR
1606:./inc/core_cm7.h **** #define FPU_MVFR0_A_SIMD_registers_Msk     (0xFUL /*<< FPU_MVFR0_A_SIMD_registers_Pos*/)  /*!< MVFR
1607:./inc/core_cm7.h **** 
1608:./inc/core_cm7.h **** /* Media and FP Feature Register 1 Definitions */
1609:./inc/core_cm7.h **** #define FPU_MVFR1_FP_fused_MAC_Pos         28U                                            /*!< MVFR
1610:./inc/core_cm7.h **** #define FPU_MVFR1_FP_fused_MAC_Msk         (0xFUL << FPU_MVFR1_FP_fused_MAC_Pos)          /*!< MVFR
1611:./inc/core_cm7.h **** 
1612:./inc/core_cm7.h **** #define FPU_MVFR1_FP_HPFP_Pos              24U                                            /*!< MVFR
1613:./inc/core_cm7.h **** #define FPU_MVFR1_FP_HPFP_Msk              (0xFUL << FPU_MVFR1_FP_HPFP_Pos)               /*!< MVFR
1614:./inc/core_cm7.h **** 
1615:./inc/core_cm7.h **** #define FPU_MVFR1_D_NaN_mode_Pos            4U                                            /*!< MVFR
1616:./inc/core_cm7.h **** #define FPU_MVFR1_D_NaN_mode_Msk           (0xFUL << FPU_MVFR1_D_NaN_mode_Pos)            /*!< MVFR
1617:./inc/core_cm7.h **** 
1618:./inc/core_cm7.h **** #define FPU_MVFR1_FtZ_mode_Pos              0U                                            /*!< MVFR
1619:./inc/core_cm7.h **** #define FPU_MVFR1_FtZ_mode_Msk             (0xFUL /*<< FPU_MVFR1_FtZ_mode_Pos*/)          /*!< MVFR
1620:./inc/core_cm7.h **** 
1621:./inc/core_cm7.h **** /* Media and FP Feature Register 2 Definitions */
1622:./inc/core_cm7.h **** 
1623:./inc/core_cm7.h **** #define FPU_MVFR2_VFP_Misc_Pos              4U                                            /*!< MVFR
1624:./inc/core_cm7.h **** #define FPU_MVFR2_VFP_Misc_Msk             (0xFUL << FPU_MVFR2_VFP_Misc_Pos)              /*!< MVFR
1625:./inc/core_cm7.h **** 
1626:./inc/core_cm7.h **** /*@} end of group CMSIS_FPU */
1627:./inc/core_cm7.h **** 
1628:./inc/core_cm7.h **** 
1629:./inc/core_cm7.h **** /**
1630:./inc/core_cm7.h ****   \ingroup  CMSIS_core_register
1631:./inc/core_cm7.h ****   \defgroup CMSIS_CoreDebug       Core Debug Registers (CoreDebug)
1632:./inc/core_cm7.h ****   \brief    Type definitions for the Core Debug Registers
1633:./inc/core_cm7.h ****   @{
1634:./inc/core_cm7.h ****  */
1635:./inc/core_cm7.h **** 
1636:./inc/core_cm7.h **** /**
1637:./inc/core_cm7.h ****   \brief  Structure type to access the Core Debug Register (CoreDebug).
1638:./inc/core_cm7.h ****  */
1639:./inc/core_cm7.h **** typedef struct
1640:./inc/core_cm7.h **** {
1641:./inc/core_cm7.h ****   __IOM uint32_t DHCSR;                  /*!< Offset: 0x000 (R/W)  Debug Halting Control and Status
1642:./inc/core_cm7.h ****   __OM  uint32_t DCRSR;                  /*!< Offset: 0x004 ( /W)  Debug Core Register Selector Reg
1643:./inc/core_cm7.h ****   __IOM uint32_t DCRDR;                  /*!< Offset: 0x008 (R/W)  Debug Core Register Data Registe
1644:./inc/core_cm7.h ****   __IOM uint32_t DEMCR;                  /*!< Offset: 0x00C (R/W)  Debug Exception and Monitor Cont
1645:./inc/core_cm7.h **** } CoreDebug_Type;
1646:./inc/core_cm7.h **** 
1647:./inc/core_cm7.h **** /* Debug Halting Control and Status Register Definitions */
1648:./inc/core_cm7.h **** #define CoreDebug_DHCSR_DBGKEY_Pos         16U                                            /*!< Core
1649:./inc/core_cm7.h **** #define CoreDebug_DHCSR_DBGKEY_Msk         (0xFFFFUL << CoreDebug_DHCSR_DBGKEY_Pos)       /*!< Core
1650:./inc/core_cm7.h **** 
1651:./inc/core_cm7.h **** #define CoreDebug_DHCSR_S_RESET_ST_Pos     25U                                            /*!< Core
1652:./inc/core_cm7.h **** #define CoreDebug_DHCSR_S_RESET_ST_Msk     (1UL << CoreDebug_DHCSR_S_RESET_ST_Pos)        /*!< Core
1653:./inc/core_cm7.h **** 
1654:./inc/core_cm7.h **** #define CoreDebug_DHCSR_S_RETIRE_ST_Pos    24U                                            /*!< Core
1655:./inc/core_cm7.h **** #define CoreDebug_DHCSR_S_RETIRE_ST_Msk    (1UL << CoreDebug_DHCSR_S_RETIRE_ST_Pos)       /*!< Core
1656:./inc/core_cm7.h **** 
1657:./inc/core_cm7.h **** #define CoreDebug_DHCSR_S_LOCKUP_Pos       19U                                            /*!< Core
1658:./inc/core_cm7.h **** #define CoreDebug_DHCSR_S_LOCKUP_Msk       (1UL << CoreDebug_DHCSR_S_LOCKUP_Pos)          /*!< Core
1659:./inc/core_cm7.h **** 
1660:./inc/core_cm7.h **** #define CoreDebug_DHCSR_S_SLEEP_Pos        18U                                            /*!< Core
1661:./inc/core_cm7.h **** #define CoreDebug_DHCSR_S_SLEEP_Msk        (1UL << CoreDebug_DHCSR_S_SLEEP_Pos)           /*!< Core
1662:./inc/core_cm7.h **** 
1663:./inc/core_cm7.h **** #define CoreDebug_DHCSR_S_HALT_Pos         17U                                            /*!< Core
1664:./inc/core_cm7.h **** #define CoreDebug_DHCSR_S_HALT_Msk         (1UL << CoreDebug_DHCSR_S_HALT_Pos)            /*!< Core
1665:./inc/core_cm7.h **** 
1666:./inc/core_cm7.h **** #define CoreDebug_DHCSR_S_REGRDY_Pos       16U                                            /*!< Core
1667:./inc/core_cm7.h **** #define CoreDebug_DHCSR_S_REGRDY_Msk       (1UL << CoreDebug_DHCSR_S_REGRDY_Pos)          /*!< Core
1668:./inc/core_cm7.h **** 
1669:./inc/core_cm7.h **** #define CoreDebug_DHCSR_C_SNAPSTALL_Pos     5U                                            /*!< Core
1670:./inc/core_cm7.h **** #define CoreDebug_DHCSR_C_SNAPSTALL_Msk    (1UL << CoreDebug_DHCSR_C_SNAPSTALL_Pos)       /*!< Core
1671:./inc/core_cm7.h **** 
1672:./inc/core_cm7.h **** #define CoreDebug_DHCSR_C_MASKINTS_Pos      3U                                            /*!< Core
1673:./inc/core_cm7.h **** #define CoreDebug_DHCSR_C_MASKINTS_Msk     (1UL << CoreDebug_DHCSR_C_MASKINTS_Pos)        /*!< Core
1674:./inc/core_cm7.h **** 
1675:./inc/core_cm7.h **** #define CoreDebug_DHCSR_C_STEP_Pos          2U                                            /*!< Core
1676:./inc/core_cm7.h **** #define CoreDebug_DHCSR_C_STEP_Msk         (1UL << CoreDebug_DHCSR_C_STEP_Pos)            /*!< Core
1677:./inc/core_cm7.h **** 
1678:./inc/core_cm7.h **** #define CoreDebug_DHCSR_C_HALT_Pos          1U                                            /*!< Core
1679:./inc/core_cm7.h **** #define CoreDebug_DHCSR_C_HALT_Msk         (1UL << CoreDebug_DHCSR_C_HALT_Pos)            /*!< Core
1680:./inc/core_cm7.h **** 
1681:./inc/core_cm7.h **** #define CoreDebug_DHCSR_C_DEBUGEN_Pos       0U                                            /*!< Core
1682:./inc/core_cm7.h **** #define CoreDebug_DHCSR_C_DEBUGEN_Msk      (1UL /*<< CoreDebug_DHCSR_C_DEBUGEN_Pos*/)     /*!< Core
1683:./inc/core_cm7.h **** 
1684:./inc/core_cm7.h **** /* Debug Core Register Selector Register Definitions */
1685:./inc/core_cm7.h **** #define CoreDebug_DCRSR_REGWnR_Pos         16U                                            /*!< Core
1686:./inc/core_cm7.h **** #define CoreDebug_DCRSR_REGWnR_Msk         (1UL << CoreDebug_DCRSR_REGWnR_Pos)            /*!< Core
1687:./inc/core_cm7.h **** 
1688:./inc/core_cm7.h **** #define CoreDebug_DCRSR_REGSEL_Pos          0U                                            /*!< Core
1689:./inc/core_cm7.h **** #define CoreDebug_DCRSR_REGSEL_Msk         (0x1FUL /*<< CoreDebug_DCRSR_REGSEL_Pos*/)     /*!< Core
1690:./inc/core_cm7.h **** 
1691:./inc/core_cm7.h **** /* Debug Exception and Monitor Control Register Definitions */
1692:./inc/core_cm7.h **** #define CoreDebug_DEMCR_TRCENA_Pos         24U                                            /*!< Core
1693:./inc/core_cm7.h **** #define CoreDebug_DEMCR_TRCENA_Msk         (1UL << CoreDebug_DEMCR_TRCENA_Pos)            /*!< Core
1694:./inc/core_cm7.h **** 
1695:./inc/core_cm7.h **** #define CoreDebug_DEMCR_MON_REQ_Pos        19U                                            /*!< Core
1696:./inc/core_cm7.h **** #define CoreDebug_DEMCR_MON_REQ_Msk        (1UL << CoreDebug_DEMCR_MON_REQ_Pos)           /*!< Core
1697:./inc/core_cm7.h **** 
1698:./inc/core_cm7.h **** #define CoreDebug_DEMCR_MON_STEP_Pos       18U                                            /*!< Core
1699:./inc/core_cm7.h **** #define CoreDebug_DEMCR_MON_STEP_Msk       (1UL << CoreDebug_DEMCR_MON_STEP_Pos)          /*!< Core
1700:./inc/core_cm7.h **** 
1701:./inc/core_cm7.h **** #define CoreDebug_DEMCR_MON_PEND_Pos       17U                                            /*!< Core
1702:./inc/core_cm7.h **** #define CoreDebug_DEMCR_MON_PEND_Msk       (1UL << CoreDebug_DEMCR_MON_PEND_Pos)          /*!< Core
1703:./inc/core_cm7.h **** 
1704:./inc/core_cm7.h **** #define CoreDebug_DEMCR_MON_EN_Pos         16U                                            /*!< Core
1705:./inc/core_cm7.h **** #define CoreDebug_DEMCR_MON_EN_Msk         (1UL << CoreDebug_DEMCR_MON_EN_Pos)            /*!< Core
1706:./inc/core_cm7.h **** 
1707:./inc/core_cm7.h **** #define CoreDebug_DEMCR_VC_HARDERR_Pos     10U                                            /*!< Core
1708:./inc/core_cm7.h **** #define CoreDebug_DEMCR_VC_HARDERR_Msk     (1UL << CoreDebug_DEMCR_VC_HARDERR_Pos)        /*!< Core
1709:./inc/core_cm7.h **** 
1710:./inc/core_cm7.h **** #define CoreDebug_DEMCR_VC_INTERR_Pos       9U                                            /*!< Core
1711:./inc/core_cm7.h **** #define CoreDebug_DEMCR_VC_INTERR_Msk      (1UL << CoreDebug_DEMCR_VC_INTERR_Pos)         /*!< Core
1712:./inc/core_cm7.h **** 
1713:./inc/core_cm7.h **** #define CoreDebug_DEMCR_VC_BUSERR_Pos       8U                                            /*!< Core
1714:./inc/core_cm7.h **** #define CoreDebug_DEMCR_VC_BUSERR_Msk      (1UL << CoreDebug_DEMCR_VC_BUSERR_Pos)         /*!< Core
1715:./inc/core_cm7.h **** 
1716:./inc/core_cm7.h **** #define CoreDebug_DEMCR_VC_STATERR_Pos      7U                                            /*!< Core
1717:./inc/core_cm7.h **** #define CoreDebug_DEMCR_VC_STATERR_Msk     (1UL << CoreDebug_DEMCR_VC_STATERR_Pos)        /*!< Core
1718:./inc/core_cm7.h **** 
1719:./inc/core_cm7.h **** #define CoreDebug_DEMCR_VC_CHKERR_Pos       6U                                            /*!< Core
1720:./inc/core_cm7.h **** #define CoreDebug_DEMCR_VC_CHKERR_Msk      (1UL << CoreDebug_DEMCR_VC_CHKERR_Pos)         /*!< Core
1721:./inc/core_cm7.h **** 
1722:./inc/core_cm7.h **** #define CoreDebug_DEMCR_VC_NOCPERR_Pos      5U                                            /*!< Core
1723:./inc/core_cm7.h **** #define CoreDebug_DEMCR_VC_NOCPERR_Msk     (1UL << CoreDebug_DEMCR_VC_NOCPERR_Pos)        /*!< Core
1724:./inc/core_cm7.h **** 
1725:./inc/core_cm7.h **** #define CoreDebug_DEMCR_VC_MMERR_Pos        4U                                            /*!< Core
1726:./inc/core_cm7.h **** #define CoreDebug_DEMCR_VC_MMERR_Msk       (1UL << CoreDebug_DEMCR_VC_MMERR_Pos)          /*!< Core
1727:./inc/core_cm7.h **** 
1728:./inc/core_cm7.h **** #define CoreDebug_DEMCR_VC_CORERESET_Pos    0U                                            /*!< Core
1729:./inc/core_cm7.h **** #define CoreDebug_DEMCR_VC_CORERESET_Msk   (1UL /*<< CoreDebug_DEMCR_VC_CORERESET_Pos*/)  /*!< Core
1730:./inc/core_cm7.h **** 
1731:./inc/core_cm7.h **** /*@} end of group CMSIS_CoreDebug */
1732:./inc/core_cm7.h **** 
1733:./inc/core_cm7.h **** 
1734:./inc/core_cm7.h **** /**
1735:./inc/core_cm7.h ****   \ingroup    CMSIS_core_register
1736:./inc/core_cm7.h ****   \defgroup   CMSIS_core_bitfield     Core register bit field macros
1737:./inc/core_cm7.h ****   \brief      Macros for use with bit field definitions (xxx_Pos, xxx_Msk).
1738:./inc/core_cm7.h ****   @{
1739:./inc/core_cm7.h ****  */
1740:./inc/core_cm7.h **** 
1741:./inc/core_cm7.h **** /**
1742:./inc/core_cm7.h ****   \brief   Mask and shift a bit field value for use in a register bit range.
1743:./inc/core_cm7.h ****   \param[in] field  Name of the register bit field.
1744:./inc/core_cm7.h ****   \param[in] value  Value of the bit field. This parameter is interpreted as an uint32_t type.
1745:./inc/core_cm7.h ****   \return           Masked and shifted value.
1746:./inc/core_cm7.h **** */
1747:./inc/core_cm7.h **** #define _VAL2FLD(field, value)    (((uint32_t)(value) << field ## _Pos) & field ## _Msk)
1748:./inc/core_cm7.h **** 
1749:./inc/core_cm7.h **** /**
1750:./inc/core_cm7.h ****   \brief     Mask and shift a register value to extract a bit filed value.
1751:./inc/core_cm7.h ****   \param[in] field  Name of the register bit field.
1752:./inc/core_cm7.h ****   \param[in] value  Value of register. This parameter is interpreted as an uint32_t type.
1753:./inc/core_cm7.h ****   \return           Masked and shifted bit field value.
1754:./inc/core_cm7.h **** */
1755:./inc/core_cm7.h **** #define _FLD2VAL(field, value)    (((uint32_t)(value) & field ## _Msk) >> field ## _Pos)
1756:./inc/core_cm7.h **** 
1757:./inc/core_cm7.h **** /*@} end of group CMSIS_core_bitfield */
1758:./inc/core_cm7.h **** 
1759:./inc/core_cm7.h **** 
1760:./inc/core_cm7.h **** /**
1761:./inc/core_cm7.h ****   \ingroup    CMSIS_core_register
1762:./inc/core_cm7.h ****   \defgroup   CMSIS_core_base     Core Definitions
1763:./inc/core_cm7.h ****   \brief      Definitions for base addresses, unions, and structures.
1764:./inc/core_cm7.h ****   @{
1765:./inc/core_cm7.h ****  */
1766:./inc/core_cm7.h **** 
1767:./inc/core_cm7.h **** /* Memory mapping of Core Hardware */
1768:./inc/core_cm7.h **** #define SCS_BASE            (0xE000E000UL)                            /*!< System Control Space Bas
1769:./inc/core_cm7.h **** #define ITM_BASE            (0xE0000000UL)                            /*!< ITM Base Address */
1770:./inc/core_cm7.h **** #define DWT_BASE            (0xE0001000UL)                            /*!< DWT Base Address */
1771:./inc/core_cm7.h **** #define TPI_BASE            (0xE0040000UL)                            /*!< TPI Base Address */
1772:./inc/core_cm7.h **** #define CoreDebug_BASE      (0xE000EDF0UL)                            /*!< Core Debug Base Address 
1773:./inc/core_cm7.h **** #define SysTick_BASE        (SCS_BASE +  0x0010UL)                    /*!< SysTick Base Address */
1774:./inc/core_cm7.h **** #define NVIC_BASE           (SCS_BASE +  0x0100UL)                    /*!< NVIC Base Address */
1775:./inc/core_cm7.h **** #define SCB_BASE            (SCS_BASE +  0x0D00UL)                    /*!< System Control Block Bas
1776:./inc/core_cm7.h **** 
1777:./inc/core_cm7.h **** #define SCnSCB              ((SCnSCB_Type    *)     SCS_BASE      )   /*!< System control Register 
1778:./inc/core_cm7.h **** #define SCB                 ((SCB_Type       *)     SCB_BASE      )   /*!< SCB configuration struct
1779:./inc/core_cm7.h **** #define SysTick             ((SysTick_Type   *)     SysTick_BASE  )   /*!< SysTick configuration st
1780:./inc/core_cm7.h **** #define NVIC                ((NVIC_Type      *)     NVIC_BASE     )   /*!< NVIC configuration struc
1781:./inc/core_cm7.h **** #define ITM                 ((ITM_Type       *)     ITM_BASE      )   /*!< ITM configuration struct
1782:./inc/core_cm7.h **** #define DWT                 ((DWT_Type       *)     DWT_BASE      )   /*!< DWT configuration struct
1783:./inc/core_cm7.h **** #define TPI                 ((TPI_Type       *)     TPI_BASE      )   /*!< TPI configuration struct
1784:./inc/core_cm7.h **** #define CoreDebug           ((CoreDebug_Type *)     CoreDebug_BASE)   /*!< Core Debug configuration
1785:./inc/core_cm7.h **** 
1786:./inc/core_cm7.h **** #if defined (__MPU_PRESENT) && (__MPU_PRESENT == 1U)
1787:./inc/core_cm7.h ****   #define MPU_BASE          (SCS_BASE +  0x0D90UL)                    /*!< Memory Protection Unit *
1788:./inc/core_cm7.h ****   #define MPU               ((MPU_Type       *)     MPU_BASE      )   /*!< Memory Protection Unit *
1789:./inc/core_cm7.h **** #endif
1790:./inc/core_cm7.h **** 
1791:./inc/core_cm7.h **** #define FPU_BASE            (SCS_BASE +  0x0F30UL)                    /*!< Floating Point Unit */
1792:./inc/core_cm7.h **** #define FPU                 ((FPU_Type       *)     FPU_BASE      )   /*!< Floating Point Unit */
1793:./inc/core_cm7.h **** 
1794:./inc/core_cm7.h **** /*@} */
1795:./inc/core_cm7.h **** 
1796:./inc/core_cm7.h **** 
1797:./inc/core_cm7.h **** 
1798:./inc/core_cm7.h **** /*******************************************************************************
1799:./inc/core_cm7.h ****  *                Hardware Abstraction Layer
1800:./inc/core_cm7.h ****   Core Function Interface contains:
1801:./inc/core_cm7.h ****   - Core NVIC Functions
1802:./inc/core_cm7.h ****   - Core SysTick Functions
1803:./inc/core_cm7.h ****   - Core Debug Functions
1804:./inc/core_cm7.h ****   - Core Register Access Functions
1805:./inc/core_cm7.h ****  ******************************************************************************/
1806:./inc/core_cm7.h **** /**
1807:./inc/core_cm7.h ****   \defgroup CMSIS_Core_FunctionInterface Functions and Instructions Reference
1808:./inc/core_cm7.h **** */
1809:./inc/core_cm7.h **** 
1810:./inc/core_cm7.h **** 
1811:./inc/core_cm7.h **** 
1812:./inc/core_cm7.h **** /* ##########################   NVIC functions  #################################### */
1813:./inc/core_cm7.h **** /**
1814:./inc/core_cm7.h ****   \ingroup  CMSIS_Core_FunctionInterface
1815:./inc/core_cm7.h ****   \defgroup CMSIS_Core_NVICFunctions NVIC Functions
1816:./inc/core_cm7.h ****   \brief    Functions that manage interrupts and exceptions via the NVIC.
1817:./inc/core_cm7.h ****   @{
1818:./inc/core_cm7.h ****  */
1819:./inc/core_cm7.h **** 
1820:./inc/core_cm7.h **** #ifdef CMSIS_NVIC_VIRTUAL
1821:./inc/core_cm7.h ****   #ifndef CMSIS_NVIC_VIRTUAL_HEADER_FILE
1822:./inc/core_cm7.h ****     #define CMSIS_NVIC_VIRTUAL_HEADER_FILE "cmsis_nvic_virtual.h"
1823:./inc/core_cm7.h ****   #endif
1824:./inc/core_cm7.h ****   #include CMSIS_NVIC_VIRTUAL_HEADER_FILE
1825:./inc/core_cm7.h **** #else
1826:./inc/core_cm7.h ****   #define NVIC_SetPriorityGrouping    __NVIC_SetPriorityGrouping
1827:./inc/core_cm7.h ****   #define NVIC_GetPriorityGrouping    __NVIC_GetPriorityGrouping
1828:./inc/core_cm7.h ****   #define NVIC_EnableIRQ              __NVIC_EnableIRQ
1829:./inc/core_cm7.h ****   #define NVIC_GetEnableIRQ           __NVIC_GetEnableIRQ
1830:./inc/core_cm7.h ****   #define NVIC_DisableIRQ             __NVIC_DisableIRQ
1831:./inc/core_cm7.h ****   #define NVIC_GetPendingIRQ          __NVIC_GetPendingIRQ
1832:./inc/core_cm7.h ****   #define NVIC_SetPendingIRQ          __NVIC_SetPendingIRQ
1833:./inc/core_cm7.h ****   #define NVIC_ClearPendingIRQ        __NVIC_ClearPendingIRQ
1834:./inc/core_cm7.h ****   #define NVIC_GetActive              __NVIC_GetActive
1835:./inc/core_cm7.h ****   #define NVIC_SetPriority            __NVIC_SetPriority
1836:./inc/core_cm7.h ****   #define NVIC_GetPriority            __NVIC_GetPriority
1837:./inc/core_cm7.h ****   #define NVIC_SystemReset            __NVIC_SystemReset
1838:./inc/core_cm7.h **** #endif /* CMSIS_NVIC_VIRTUAL */
1839:./inc/core_cm7.h **** 
1840:./inc/core_cm7.h **** #ifdef CMSIS_VECTAB_VIRTUAL
1841:./inc/core_cm7.h ****   #ifndef CMSIS_VECTAB_VIRTUAL_HEADER_FILE
1842:./inc/core_cm7.h ****     #define CMSIS_VECTAB_VIRTUAL_HEADER_FILE "cmsis_vectab_virtual.h"
1843:./inc/core_cm7.h ****   #endif
1844:./inc/core_cm7.h ****   #include CMSIS_VECTAB_VIRTUAL_HEADER_FILE
1845:./inc/core_cm7.h **** #else
1846:./inc/core_cm7.h ****   #define NVIC_SetVector              __NVIC_SetVector
1847:./inc/core_cm7.h ****   #define NVIC_GetVector              __NVIC_GetVector
1848:./inc/core_cm7.h **** #endif  /* (CMSIS_VECTAB_VIRTUAL) */
1849:./inc/core_cm7.h **** 
1850:./inc/core_cm7.h **** #define NVIC_USER_IRQ_OFFSET          16
1851:./inc/core_cm7.h **** 
1852:./inc/core_cm7.h **** 
1853:./inc/core_cm7.h **** /* The following EXC_RETURN values are saved the LR on exception entry */
1854:./inc/core_cm7.h **** #define EXC_RETURN_HANDLER         (0xFFFFFFF1UL)     /* return to Handler mode, uses MSP after ret
1855:./inc/core_cm7.h **** #define EXC_RETURN_THREAD_MSP      (0xFFFFFFF9UL)     /* return to Thread mode, uses MSP after retu
1856:./inc/core_cm7.h **** #define EXC_RETURN_THREAD_PSP      (0xFFFFFFFDUL)     /* return to Thread mode, uses PSP after retu
1857:./inc/core_cm7.h **** #define EXC_RETURN_HANDLER_FPU     (0xFFFFFFE1UL)     /* return to Handler mode, uses MSP after ret
1858:./inc/core_cm7.h **** #define EXC_RETURN_THREAD_MSP_FPU  (0xFFFFFFE9UL)     /* return to Thread mode, uses MSP after retu
1859:./inc/core_cm7.h **** #define EXC_RETURN_THREAD_PSP_FPU  (0xFFFFFFEDUL)     /* return to Thread mode, uses PSP after retu
1860:./inc/core_cm7.h **** 
1861:./inc/core_cm7.h **** 
1862:./inc/core_cm7.h **** /**
1863:./inc/core_cm7.h ****   \brief   Set Priority Grouping
1864:./inc/core_cm7.h ****   \details Sets the priority grouping field using the required unlock sequence.
1865:./inc/core_cm7.h ****            The parameter PriorityGroup is assigned to the field SCB->AIRCR [10:8] PRIGROUP field.
1866:./inc/core_cm7.h ****            Only values from 0..7 are used.
1867:./inc/core_cm7.h ****            In case of a conflict between priority grouping and available
1868:./inc/core_cm7.h ****            priority bits (__NVIC_PRIO_BITS), the smallest possible priority group is set.
1869:./inc/core_cm7.h ****   \param [in]      PriorityGroup  Priority grouping field.
1870:./inc/core_cm7.h ****  */
1871:./inc/core_cm7.h **** __STATIC_INLINE void __NVIC_SetPriorityGrouping(uint32_t PriorityGroup)
1872:./inc/core_cm7.h **** {
1873:./inc/core_cm7.h ****   uint32_t reg_value;
1874:./inc/core_cm7.h ****   uint32_t PriorityGroupTmp = (PriorityGroup & (uint32_t)0x07UL);             /* only values 0..7 a
1875:./inc/core_cm7.h **** 
1876:./inc/core_cm7.h ****   reg_value  =  SCB->AIRCR;                                                   /* read old register 
  39              		.loc 2 1876 14 is_stmt 0 view .LVU3
  40 0000 0649     		ldr	r1, .L3
  41              	.LVL1:
  42              		.loc 2 1876 14 view .LVU4
  43              	.LBE33:
  44              	.LBI32:
1871:./inc/core_cm7.h **** {
  45              		.loc 2 1871 22 is_stmt 1 view .LVU5
  46              	.LBB34:
1873:./inc/core_cm7.h ****   uint32_t PriorityGroupTmp = (PriorityGroup & (uint32_t)0x07UL);             /* only values 0..7 a
  47              		.loc 2 1873 3 view .LVU6
1874:./inc/core_cm7.h **** 
  48              		.loc 2 1874 3 view .LVU7
  49              		.loc 2 1876 3 view .LVU8
1877:./inc/core_cm7.h ****   reg_value &= ~((uint32_t)(SCB_AIRCR_VECTKEY_Msk | SCB_AIRCR_PRIGROUP_Msk)); /* clear bits to chan
  50              		.loc 2 1877 13 is_stmt 0 view .LVU9
  51 0002 4FF6FF0C 		movw	ip, #63743
1878:./inc/core_cm7.h ****   reg_value  =  (reg_value                                   |
1879:./inc/core_cm7.h ****                 ((uint32_t)0x5FAUL << SCB_AIRCR_VECTKEY_Pos) |
1880:./inc/core_cm7.h ****                 (PriorityGroupTmp << SCB_AIRCR_PRIGROUP_Pos)  );              /* Insert write key a
  52              		.loc 2 1880 35 view .LVU10
  53 0006 0002     		lsls	r0, r0, #8
  54              	.LVL2:
1878:./inc/core_cm7.h ****   reg_value  =  (reg_value                                   |
  55              		.loc 2 1878 14 view .LVU11
  56 0008 054B     		ldr	r3, .L3+4
1876:./inc/core_cm7.h ****   reg_value &= ~((uint32_t)(SCB_AIRCR_VECTKEY_Msk | SCB_AIRCR_PRIGROUP_Msk)); /* clear bits to chan
  57              		.loc 2 1876 14 view .LVU12
  58 000a CA68     		ldr	r2, [r1, #12]
  59              	.LVL3:
1877:./inc/core_cm7.h ****   reg_value &= ~((uint32_t)(SCB_AIRCR_VECTKEY_Msk | SCB_AIRCR_PRIGROUP_Msk)); /* clear bits to chan
  60              		.loc 2 1877 3 is_stmt 1 view .LVU13
1878:./inc/core_cm7.h ****   reg_value  =  (reg_value                                   |
  61              		.loc 2 1878 3 view .LVU14
  62              		.loc 2 1880 35 is_stmt 0 view .LVU15
  63 000c 00F4E060 		and	r0, r0, #1792
1877:./inc/core_cm7.h ****   reg_value &= ~((uint32_t)(SCB_AIRCR_VECTKEY_Msk | SCB_AIRCR_PRIGROUP_Msk)); /* clear bits to chan
  64              		.loc 2 1877 13 view .LVU16
  65 0010 02EA0C02 		and	r2, r2, ip
  66              	.LVL4:
1879:./inc/core_cm7.h ****                 (PriorityGroupTmp << SCB_AIRCR_PRIGROUP_Pos)  );              /* Insert write key a
  67              		.loc 2 1879 62 view .LVU17
  68 0014 1043     		orrs	r0, r0, r2
1878:./inc/core_cm7.h ****   reg_value  =  (reg_value                                   |
  69              		.loc 2 1878 14 view .LVU18
  70 0016 0343     		orrs	r3, r3, r0
  71              	.LVL5:
1881:./inc/core_cm7.h ****   SCB->AIRCR =  reg_value;
  72              		.loc 2 1881 3 is_stmt 1 view .LVU19
  73              		.loc 2 1881 14 is_stmt 0 view .LVU20
  74 0018 CB60     		str	r3, [r1, #12]
  75              	.LVL6:
  76              		.loc 2 1881 14 view .LVU21
  77              	.LBE34:
  78              	.LBE32:
 150:./src/stm32f7xx_hal_cortex.c **** }
  79              		.loc 1 150 1 view .LVU22
  80 001a 7047     		bx	lr
  81              	.L4:
  82              		.align	2
  83              	.L3:
  84 001c 00ED00E0 		.word	-536810240
  85 0020 0000FA05 		.word	100270080
  86              		.cfi_endproc
  87              	.LFE144:
  89              		.align	1
  90              		.p2align 2,,3
  91              		.global	HAL_NVIC_SetPriority
  92              		.syntax unified
  93              		.thumb
  94              		.thumb_func
  96              	HAL_NVIC_SetPriority:
  97              	.LVL7:
  98              	.LFB145:
 151:./src/stm32f7xx_hal_cortex.c **** 
 152:./src/stm32f7xx_hal_cortex.c **** /**
 153:./src/stm32f7xx_hal_cortex.c ****   * @brief  Sets the priority of an interrupt.
 154:./src/stm32f7xx_hal_cortex.c ****   * @param  IRQn External interrupt number.
 155:./src/stm32f7xx_hal_cortex.c ****   *         This parameter can be an enumerator of IRQn_Type enumeration
 156:./src/stm32f7xx_hal_cortex.c ****   *         (For the complete STM32 Devices IRQ Channels list, please refer to the appropriate CMSI
 157:./src/stm32f7xx_hal_cortex.c ****   * @param  PreemptPriority The preemption priority for the IRQn channel.
 158:./src/stm32f7xx_hal_cortex.c ****   *         This parameter can be a value between 0 and 15
 159:./src/stm32f7xx_hal_cortex.c ****   *         A lower priority value indicates a higher priority 
 160:./src/stm32f7xx_hal_cortex.c ****   * @param  SubPriority the subpriority level for the IRQ channel.
 161:./src/stm32f7xx_hal_cortex.c ****   *         This parameter can be a value between 0 and 15
 162:./src/stm32f7xx_hal_cortex.c ****   *         A lower priority value indicates a higher priority.          
 163:./src/stm32f7xx_hal_cortex.c ****   * @retval None
 164:./src/stm32f7xx_hal_cortex.c ****   */
 165:./src/stm32f7xx_hal_cortex.c **** void HAL_NVIC_SetPriority(IRQn_Type IRQn, uint32_t PreemptPriority, uint32_t SubPriority)
 166:./src/stm32f7xx_hal_cortex.c **** { 
  99              		.loc 1 166 1 is_stmt 1 view -0
 100              		.cfi_startproc
 101              		@ args = 0, pretend = 0, frame = 0
 102              		@ frame_needed = 0, uses_anonymous_args = 0
 167:./src/stm32f7xx_hal_cortex.c ****   uint32_t prioritygroup = 0x00;
 103              		.loc 1 167 3 view .LVU24
 168:./src/stm32f7xx_hal_cortex.c ****   
 169:./src/stm32f7xx_hal_cortex.c ****   /* Check the parameters */
 170:./src/stm32f7xx_hal_cortex.c ****   assert_param(IS_NVIC_SUB_PRIORITY(SubPriority));
 104              		.loc 1 170 3 view .LVU25
 171:./src/stm32f7xx_hal_cortex.c ****   assert_param(IS_NVIC_PREEMPTION_PRIORITY(PreemptPriority));
 105              		.loc 1 171 3 view .LVU26
 172:./src/stm32f7xx_hal_cortex.c ****   
 173:./src/stm32f7xx_hal_cortex.c ****   prioritygroup = NVIC_GetPriorityGrouping();
 106              		.loc 1 173 3 view .LVU27
 107              	.LBB43:
 108              	.LBI43:
1882:./inc/core_cm7.h **** }
1883:./inc/core_cm7.h **** 
1884:./inc/core_cm7.h **** 
1885:./inc/core_cm7.h **** /**
1886:./inc/core_cm7.h ****   \brief   Get Priority Grouping
1887:./inc/core_cm7.h ****   \details Reads the priority grouping field from the NVIC Interrupt Controller.
1888:./inc/core_cm7.h ****   \return                Priority grouping field (SCB->AIRCR [10:8] PRIGROUP field).
1889:./inc/core_cm7.h ****  */
1890:./inc/core_cm7.h **** __STATIC_INLINE uint32_t __NVIC_GetPriorityGrouping(void)
 109              		.loc 2 1890 26 view .LVU28
 110              	.LBB44:
1891:./inc/core_cm7.h **** {
1892:./inc/core_cm7.h ****   return ((uint32_t)((SCB->AIRCR & SCB_AIRCR_PRIGROUP_Msk) >> SCB_AIRCR_PRIGROUP_Pos));
 111              		.loc 2 1892 3 view .LVU29
 112              		.loc 2 1892 26 is_stmt 0 view .LVU30
 113 0024 1A4B     		ldr	r3, .L11
 114 0026 DB68     		ldr	r3, [r3, #12]
 115              		.loc 2 1892 11 view .LVU31
 116 0028 C3F30223 		ubfx	r3, r3, #8, #3
 117              	.LVL8:
 118              		.loc 2 1892 11 view .LVU32
 119              	.LBE44:
 120              	.LBE43:
 174:./src/stm32f7xx_hal_cortex.c ****   
 175:./src/stm32f7xx_hal_cortex.c ****   NVIC_SetPriority(IRQn, NVIC_EncodePriority(prioritygroup, PreemptPriority, SubPriority));
 121              		.loc 1 175 3 is_stmt 1 view .LVU33
 122              	.LBB45:
 123              	.LBI45:
1893:./inc/core_cm7.h **** }
1894:./inc/core_cm7.h **** 
1895:./inc/core_cm7.h **** 
1896:./inc/core_cm7.h **** /**
1897:./inc/core_cm7.h ****   \brief   Enable Interrupt
1898:./inc/core_cm7.h ****   \details Enables a device specific interrupt in the NVIC interrupt controller.
1899:./inc/core_cm7.h ****   \param [in]      IRQn  Device specific interrupt number.
1900:./inc/core_cm7.h ****   \note    IRQn must not be negative.
1901:./inc/core_cm7.h ****  */
1902:./inc/core_cm7.h **** __STATIC_INLINE void __NVIC_EnableIRQ(IRQn_Type IRQn)  
1903:./inc/core_cm7.h **** {
1904:./inc/core_cm7.h ****   if ((int32_t)(IRQn) >= 0)
1905:./inc/core_cm7.h ****   {
1906:./inc/core_cm7.h ****     __COMPILER_BARRIER();
1907:./inc/core_cm7.h ****     NVIC->ISER[(((uint32_t)IRQn) >> 5UL)] = (uint32_t)(1UL << (((uint32_t)IRQn) & 0x1FUL));
1908:./inc/core_cm7.h ****     __COMPILER_BARRIER();
1909:./inc/core_cm7.h ****   }
1910:./inc/core_cm7.h **** }
1911:./inc/core_cm7.h **** 
1912:./inc/core_cm7.h **** 
1913:./inc/core_cm7.h **** /**
1914:./inc/core_cm7.h ****   \brief   Get Interrupt Enable status
1915:./inc/core_cm7.h ****   \details Returns a device specific interrupt enable status from the NVIC interrupt controller.
1916:./inc/core_cm7.h ****   \param [in]      IRQn  Device specific interrupt number.
1917:./inc/core_cm7.h ****   \return             0  Interrupt is not enabled.
1918:./inc/core_cm7.h ****   \return             1  Interrupt is enabled.
1919:./inc/core_cm7.h ****   \note    IRQn must not be negative.
1920:./inc/core_cm7.h ****  */
1921:./inc/core_cm7.h **** __STATIC_INLINE uint32_t __NVIC_GetEnableIRQ(IRQn_Type IRQn)
1922:./inc/core_cm7.h **** {
1923:./inc/core_cm7.h ****   if ((int32_t)(IRQn) >= 0)
1924:./inc/core_cm7.h ****   {
1925:./inc/core_cm7.h ****     return((uint32_t)(((NVIC->ISER[(((uint32_t)IRQn) >> 5UL)] & (1UL << (((uint32_t)IRQn) & 0x1FUL)
1926:./inc/core_cm7.h ****   }
1927:./inc/core_cm7.h ****   else
1928:./inc/core_cm7.h ****   {
1929:./inc/core_cm7.h ****     return(0U);
1930:./inc/core_cm7.h ****   }
1931:./inc/core_cm7.h **** }
1932:./inc/core_cm7.h **** 
1933:./inc/core_cm7.h **** 
1934:./inc/core_cm7.h **** /**
1935:./inc/core_cm7.h ****   \brief   Disable Interrupt
1936:./inc/core_cm7.h ****   \details Disables a device specific interrupt in the NVIC interrupt controller.
1937:./inc/core_cm7.h ****   \param [in]      IRQn  Device specific interrupt number.
1938:./inc/core_cm7.h ****   \note    IRQn must not be negative.
1939:./inc/core_cm7.h ****  */
1940:./inc/core_cm7.h **** __STATIC_INLINE void __NVIC_DisableIRQ(IRQn_Type IRQn)
1941:./inc/core_cm7.h **** {
1942:./inc/core_cm7.h ****   if ((int32_t)(IRQn) >= 0)
1943:./inc/core_cm7.h ****   {
1944:./inc/core_cm7.h ****     NVIC->ICER[(((uint32_t)IRQn) >> 5UL)] = (uint32_t)(1UL << (((uint32_t)IRQn) & 0x1FUL));
1945:./inc/core_cm7.h ****     __DSB();
1946:./inc/core_cm7.h ****     __ISB();
1947:./inc/core_cm7.h ****   }
1948:./inc/core_cm7.h **** }
1949:./inc/core_cm7.h **** 
1950:./inc/core_cm7.h **** 
1951:./inc/core_cm7.h **** /**
1952:./inc/core_cm7.h ****   \brief   Get Pending Interrupt
1953:./inc/core_cm7.h ****   \details Reads the NVIC pending register and returns the pending bit for the specified device spe
1954:./inc/core_cm7.h ****   \param [in]      IRQn  Device specific interrupt number.
1955:./inc/core_cm7.h ****   \return             0  Interrupt status is not pending.
1956:./inc/core_cm7.h ****   \return             1  Interrupt status is pending.
1957:./inc/core_cm7.h ****   \note    IRQn must not be negative.
1958:./inc/core_cm7.h ****  */
1959:./inc/core_cm7.h **** __STATIC_INLINE uint32_t __NVIC_GetPendingIRQ(IRQn_Type IRQn)
1960:./inc/core_cm7.h **** {
1961:./inc/core_cm7.h ****   if ((int32_t)(IRQn) >= 0)
1962:./inc/core_cm7.h ****   {
1963:./inc/core_cm7.h ****     return((uint32_t)(((NVIC->ISPR[(((uint32_t)IRQn) >> 5UL)] & (1UL << (((uint32_t)IRQn) & 0x1FUL)
1964:./inc/core_cm7.h ****   }
1965:./inc/core_cm7.h ****   else
1966:./inc/core_cm7.h ****   {
1967:./inc/core_cm7.h ****     return(0U);
1968:./inc/core_cm7.h ****   }
1969:./inc/core_cm7.h **** }
1970:./inc/core_cm7.h **** 
1971:./inc/core_cm7.h **** 
1972:./inc/core_cm7.h **** /**
1973:./inc/core_cm7.h ****   \brief   Set Pending Interrupt
1974:./inc/core_cm7.h ****   \details Sets the pending bit of a device specific interrupt in the NVIC pending register.
1975:./inc/core_cm7.h ****   \param [in]      IRQn  Device specific interrupt number.
1976:./inc/core_cm7.h ****   \note    IRQn must not be negative.
1977:./inc/core_cm7.h ****  */
1978:./inc/core_cm7.h **** __STATIC_INLINE void __NVIC_SetPendingIRQ(IRQn_Type IRQn)
1979:./inc/core_cm7.h **** {
1980:./inc/core_cm7.h ****   if ((int32_t)(IRQn) >= 0)
1981:./inc/core_cm7.h ****   {
1982:./inc/core_cm7.h ****     NVIC->ISPR[(((uint32_t)IRQn) >> 5UL)] = (uint32_t)(1UL << (((uint32_t)IRQn) & 0x1FUL));
1983:./inc/core_cm7.h ****   }
1984:./inc/core_cm7.h **** }
1985:./inc/core_cm7.h **** 
1986:./inc/core_cm7.h **** 
1987:./inc/core_cm7.h **** /**
1988:./inc/core_cm7.h ****   \brief   Clear Pending Interrupt
1989:./inc/core_cm7.h ****   \details Clears the pending bit of a device specific interrupt in the NVIC pending register.
1990:./inc/core_cm7.h ****   \param [in]      IRQn  Device specific interrupt number.
1991:./inc/core_cm7.h ****   \note    IRQn must not be negative.
1992:./inc/core_cm7.h ****  */
1993:./inc/core_cm7.h **** __STATIC_INLINE void __NVIC_ClearPendingIRQ(IRQn_Type IRQn)
1994:./inc/core_cm7.h **** {
1995:./inc/core_cm7.h ****   if ((int32_t)(IRQn) >= 0)
1996:./inc/core_cm7.h ****   {
1997:./inc/core_cm7.h ****     NVIC->ICPR[(((uint32_t)IRQn) >> 5UL)] = (uint32_t)(1UL << (((uint32_t)IRQn) & 0x1FUL));
1998:./inc/core_cm7.h ****   }
1999:./inc/core_cm7.h **** }
2000:./inc/core_cm7.h **** 
2001:./inc/core_cm7.h **** 
2002:./inc/core_cm7.h **** /**
2003:./inc/core_cm7.h ****   \brief   Get Active Interrupt
2004:./inc/core_cm7.h ****   \details Reads the active register in the NVIC and returns the active bit for the device specific
2005:./inc/core_cm7.h ****   \param [in]      IRQn  Device specific interrupt number.
2006:./inc/core_cm7.h ****   \return             0  Interrupt status is not active.
2007:./inc/core_cm7.h ****   \return             1  Interrupt status is active.
2008:./inc/core_cm7.h ****   \note    IRQn must not be negative.
2009:./inc/core_cm7.h ****  */
2010:./inc/core_cm7.h **** __STATIC_INLINE uint32_t __NVIC_GetActive(IRQn_Type IRQn)
2011:./inc/core_cm7.h **** {
2012:./inc/core_cm7.h ****   if ((int32_t)(IRQn) >= 0)
2013:./inc/core_cm7.h ****   {
2014:./inc/core_cm7.h ****     return((uint32_t)(((NVIC->IABR[(((uint32_t)IRQn) >> 5UL)] & (1UL << (((uint32_t)IRQn) & 0x1FUL)
2015:./inc/core_cm7.h ****   }
2016:./inc/core_cm7.h ****   else
2017:./inc/core_cm7.h ****   {
2018:./inc/core_cm7.h ****     return(0U);
2019:./inc/core_cm7.h ****   }
2020:./inc/core_cm7.h **** }
2021:./inc/core_cm7.h **** 
2022:./inc/core_cm7.h **** 
2023:./inc/core_cm7.h **** /**
2024:./inc/core_cm7.h ****   \brief   Set Interrupt Priority
2025:./inc/core_cm7.h ****   \details Sets the priority of a device specific interrupt or a processor exception.
2026:./inc/core_cm7.h ****            The interrupt number can be positive to specify a device specific interrupt,
2027:./inc/core_cm7.h ****            or negative to specify a processor exception.
2028:./inc/core_cm7.h ****   \param [in]      IRQn  Interrupt number.
2029:./inc/core_cm7.h ****   \param [in]  priority  Priority to set.
2030:./inc/core_cm7.h ****   \note    The priority cannot be set for every processor exception.
2031:./inc/core_cm7.h ****  */
2032:./inc/core_cm7.h **** __STATIC_INLINE void __NVIC_SetPriority(IRQn_Type IRQn, uint32_t priority)
2033:./inc/core_cm7.h **** {
2034:./inc/core_cm7.h ****   if ((int32_t)(IRQn) >= 0)
2035:./inc/core_cm7.h ****   {
2036:./inc/core_cm7.h ****     NVIC->IP[((uint32_t)IRQn)]                = (uint8_t)((priority << (8U - __NVIC_PRIO_BITS)) & (
2037:./inc/core_cm7.h ****   }
2038:./inc/core_cm7.h ****   else
2039:./inc/core_cm7.h ****   {
2040:./inc/core_cm7.h ****     SCB->SHPR[(((uint32_t)IRQn) & 0xFUL)-4UL] = (uint8_t)((priority << (8U - __NVIC_PRIO_BITS)) & (
2041:./inc/core_cm7.h ****   }
2042:./inc/core_cm7.h **** }
2043:./inc/core_cm7.h **** 
2044:./inc/core_cm7.h **** 
2045:./inc/core_cm7.h **** /**
2046:./inc/core_cm7.h ****   \brief   Get Interrupt Priority
2047:./inc/core_cm7.h ****   \details Reads the priority of a device specific interrupt or a processor exception.
2048:./inc/core_cm7.h ****            The interrupt number can be positive to specify a device specific interrupt,
2049:./inc/core_cm7.h ****            or negative to specify a processor exception.
2050:./inc/core_cm7.h ****   \param [in]   IRQn  Interrupt number.
2051:./inc/core_cm7.h ****   \return             Interrupt Priority.
2052:./inc/core_cm7.h ****                       Value is aligned automatically to the implemented priority bits of the microc
2053:./inc/core_cm7.h ****  */
2054:./inc/core_cm7.h **** __STATIC_INLINE uint32_t __NVIC_GetPriority(IRQn_Type IRQn)
2055:./inc/core_cm7.h **** {
2056:./inc/core_cm7.h **** 
2057:./inc/core_cm7.h ****   if ((int32_t)(IRQn) >= 0)
2058:./inc/core_cm7.h ****   {
2059:./inc/core_cm7.h ****     return(((uint32_t)NVIC->IP[((uint32_t)IRQn)]                >> (8U - __NVIC_PRIO_BITS)));
2060:./inc/core_cm7.h ****   }
2061:./inc/core_cm7.h ****   else
2062:./inc/core_cm7.h ****   {
2063:./inc/core_cm7.h ****     return(((uint32_t)SCB->SHPR[(((uint32_t)IRQn) & 0xFUL)-4UL] >> (8U - __NVIC_PRIO_BITS)));
2064:./inc/core_cm7.h ****   }
2065:./inc/core_cm7.h **** }
2066:./inc/core_cm7.h **** 
2067:./inc/core_cm7.h **** 
2068:./inc/core_cm7.h **** /**
2069:./inc/core_cm7.h ****   \brief   Encode Priority
2070:./inc/core_cm7.h ****   \details Encodes the priority for an interrupt with the given priority group,
2071:./inc/core_cm7.h ****            preemptive priority value, and subpriority value.
2072:./inc/core_cm7.h ****            In case of a conflict between priority grouping and available
2073:./inc/core_cm7.h ****            priority bits (__NVIC_PRIO_BITS), the smallest possible priority group is set.
2074:./inc/core_cm7.h ****   \param [in]     PriorityGroup  Used priority group.
2075:./inc/core_cm7.h ****   \param [in]   PreemptPriority  Preemptive priority value (starting from 0).
2076:./inc/core_cm7.h ****   \param [in]       SubPriority  Subpriority value (starting from 0).
2077:./inc/core_cm7.h ****   \return                        Encoded priority. Value can be used in the function \ref NVIC_SetP
2078:./inc/core_cm7.h ****  */
2079:./inc/core_cm7.h **** __STATIC_INLINE uint32_t NVIC_EncodePriority (uint32_t PriorityGroup, uint32_t PreemptPriority, uin
 124              		.loc 2 2079 26 view .LVU34
 125              	.LBB46:
2080:./inc/core_cm7.h **** {
2081:./inc/core_cm7.h ****   uint32_t PriorityGroupTmp = (PriorityGroup & (uint32_t)0x07UL);   /* only values 0..7 are used   
 126              		.loc 2 2081 3 view .LVU35
2082:./inc/core_cm7.h ****   uint32_t PreemptPriorityBits;
 127              		.loc 2 2082 3 view .LVU36
2083:./inc/core_cm7.h ****   uint32_t SubPriorityBits;
 128              		.loc 2 2083 3 view .LVU37
2084:./inc/core_cm7.h **** 
2085:./inc/core_cm7.h ****   PreemptPriorityBits = ((7UL - PriorityGroupTmp) > (uint32_t)(__NVIC_PRIO_BITS)) ? (uint32_t)(__NV
 129              		.loc 2 2085 3 view .LVU38
 130              	.LBE46:
 131              	.LBE45:
 166:./src/stm32f7xx_hal_cortex.c ****   uint32_t prioritygroup = 0x00;
 132              		.loc 1 166 1 is_stmt 0 view .LVU39
 133 002c 00B5     		push	{lr}
 134              	.LCFI0:
 135              		.cfi_def_cfa_offset 4
 136              		.cfi_offset 14, -4
 137              	.LBB51:
 138              	.LBB47:
 139              		.loc 2 2085 31 view .LVU40
 140 002e C3F1070E 		rsb	lr, r3, #7
2086:./inc/core_cm7.h ****   SubPriorityBits     = ((PriorityGroupTmp + (uint32_t)(__NVIC_PRIO_BITS)) < (uint32_t)7UL) ? (uint
 141              		.loc 2 2086 44 view .LVU41
 142 0032 03F1040C 		add	ip, r3, #4
2085:./inc/core_cm7.h ****   SubPriorityBits     = ((PriorityGroupTmp + (uint32_t)(__NVIC_PRIO_BITS)) < (uint32_t)7UL) ? (uint
 143              		.loc 2 2085 23 view .LVU42
 144 0036 BEF1040F 		cmp	lr, #4
 145 003a 28BF     		it	cs
 146 003c 4FF0040E 		movcs	lr, #4
 147              	.LVL9:
 148              		.loc 2 2086 3 is_stmt 1 view .LVU43
 149              		.loc 2 2086 109 is_stmt 0 view .LVU44
 150 0040 BCF1060F 		cmp	ip, #6
 151 0044 1AD9     		bls	.L9
 152              		.loc 2 2086 109 discriminator 1 view .LVU45
 153 0046 A3F1030C 		sub	ip, r3, #3
2087:./inc/core_cm7.h **** 
2088:./inc/core_cm7.h ****   return (
2089:./inc/core_cm7.h ****            ((PreemptPriority & (uint32_t)((1UL << (PreemptPriorityBits)) - 1UL)) << SubPriorityBits
2090:./inc/core_cm7.h ****            ((SubPriority     & (uint32_t)((1UL << (SubPriorityBits    )) - 1UL)))
 154              		.loc 2 2090 30 view .LVU46
 155 004a 4FF0FF33 		mov	r3, #-1
 156              	.LVL10:
 157              		.loc 2 2090 30 view .LVU47
 158 004e 03FA0CF3 		lsl	r3, r3, ip
 159 0052 22EA0302 		bic	r2, r2, r3
 160              	.LVL11:
 161              	.L6:
2088:./inc/core_cm7.h ****            ((PreemptPriority & (uint32_t)((1UL << (PreemptPriorityBits)) - 1UL)) << SubPriorityBits
 162              		.loc 2 2088 3 is_stmt 1 view .LVU48
2088:./inc/core_cm7.h ****            ((PreemptPriority & (uint32_t)((1UL << (PreemptPriorityBits)) - 1UL)) << SubPriorityBits
 163              		.loc 2 2088 3 is_stmt 0 view .LVU49
 164              	.LBE47:
 165              	.LBE51:
 166              	.LBB52:
 167              	.LBI52:
2032:./inc/core_cm7.h **** {
 168              		.loc 2 2032 22 is_stmt 1 view .LVU50
 169              	.LBB53:
2034:./inc/core_cm7.h ****   {
 170              		.loc 2 2034 3 view .LVU51
 171              	.LBE53:
 172              	.LBE52:
 173              	.LBB59:
 174              	.LBB48:
2089:./inc/core_cm7.h ****            ((SubPriority     & (uint32_t)((1UL << (SubPriorityBits    )) - 1UL)))
 175              		.loc 2 2089 30 is_stmt 0 view .LVU52
 176 0056 4FF0FF33 		mov	r3, #-1
 177              	.LBE48:
 178              	.LBE59:
 179              	.LBB60:
 180              	.LBB56:
2034:./inc/core_cm7.h ****   {
 181              		.loc 2 2034 6 view .LVU53
 182 005a 0028     		cmp	r0, #0
 183              	.LBE56:
 184              	.LBE60:
 185              	.LBB61:
 186              	.LBB49:
2089:./inc/core_cm7.h ****            ((SubPriority     & (uint32_t)((1UL << (SubPriorityBits    )) - 1UL)))
 187              		.loc 2 2089 30 view .LVU54
 188 005c 03FA0EF3 		lsl	r3, r3, lr
 189              	.LVL12:
2089:./inc/core_cm7.h ****            ((SubPriority     & (uint32_t)((1UL << (SubPriorityBits    )) - 1UL)))
 190              		.loc 2 2089 30 view .LVU55
 191 0060 21EA0303 		bic	r3, r1, r3
 192              	.LVL13:
2089:./inc/core_cm7.h ****            ((SubPriority     & (uint32_t)((1UL << (SubPriorityBits    )) - 1UL)))
 193              		.loc 2 2089 82 view .LVU56
 194 0064 03FA0CF3 		lsl	r3, r3, ip
2089:./inc/core_cm7.h ****            ((SubPriority     & (uint32_t)((1UL << (SubPriorityBits    )) - 1UL)))
 195              		.loc 2 2089 102 view .LVU57
 196 0068 43EA0203 		orr	r3, r3, r2
 197              	.LBE49:
 198              	.LBE61:
 199              	.LBB62:
 200              	.LBB57:
2036:./inc/core_cm7.h ****   }
 201              		.loc 2 2036 49 view .LVU58
 202 006c 4FEA0313 		lsl	r3, r3, #4
 203 0070 DBB2     		uxtb	r3, r3
2034:./inc/core_cm7.h ****   {
 204              		.loc 2 2034 6 view .LVU59
 205 0072 06DB     		blt	.L7
2036:./inc/core_cm7.h ****   }
 206              		.loc 2 2036 5 is_stmt 1 view .LVU60
2036:./inc/core_cm7.h ****   }
 207              		.loc 2 2036 47 is_stmt 0 view .LVU61
 208 0074 074A     		ldr	r2, .L11+4
 209              	.LVL14:
2036:./inc/core_cm7.h ****   }
 210              		.loc 2 2036 47 view .LVU62
 211 0076 1354     		strb	r3, [r2, r0]
 212              	.LBE57:
 213              	.LBE62:
 176:./src/stm32f7xx_hal_cortex.c **** }
 214              		.loc 1 176 1 view .LVU63
 215 0078 5DF804FB 		ldr	pc, [sp], #4
 216              	.LVL15:
 217              	.L9:
 218              	.LBB63:
 219              	.LBB50:
 220              		.loc 1 176 1 view .LVU64
 221 007c 0022     		movs	r2, #0
 222              	.LVL16:
2086:./inc/core_cm7.h **** 
 223              		.loc 2 2086 109 discriminator 2 view .LVU65
 224 007e 9446     		mov	ip, r2
 225 0080 E9E7     		b	.L6
 226              	.LVL17:
 227              	.L7:
2086:./inc/core_cm7.h **** 
 228              		.loc 2 2086 109 discriminator 2 view .LVU66
 229              	.LBE50:
 230              	.LBE63:
 231              	.LBB64:
 232              	.LBB58:
 233              	.LBB54:
 234              	.LBI54:
2032:./inc/core_cm7.h **** {
 235              		.loc 2 2032 22 is_stmt 1 view .LVU67
 236              	.LBB55:
2040:./inc/core_cm7.h ****   }
 237              		.loc 2 2040 5 view .LVU68
2040:./inc/core_cm7.h ****   }
 238              		.loc 2 2040 33 is_stmt 0 view .LVU69
 239 0082 00F00F00 		and	r0, r0, #15
 240              	.LVL18:
2040:./inc/core_cm7.h ****   }
 241              		.loc 2 2040 47 view .LVU70
 242 0086 044A     		ldr	r2, .L11+8
 243              	.LVL19:
2040:./inc/core_cm7.h ****   }
 244              		.loc 2 2040 47 view .LVU71
 245 0088 1354     		strb	r3, [r2, r0]
 246              	.LVL20:
2040:./inc/core_cm7.h ****   }
 247              		.loc 2 2040 47 view .LVU72
 248              	.LBE55:
 249              	.LBE54:
 250              	.LBE58:
 251              	.LBE64:
 252              		.loc 1 176 1 view .LVU73
 253 008a 5DF804FB 		ldr	pc, [sp], #4
 254              	.L12:
 255 008e 00BF     		.align	2
 256              	.L11:
 257 0090 00ED00E0 		.word	-536810240
 258 0094 00E400E0 		.word	-536812544
 259 0098 14ED00E0 		.word	-536810220
 260              		.cfi_endproc
 261              	.LFE145:
 263              		.align	1
 264              		.p2align 2,,3
 265              		.global	HAL_NVIC_EnableIRQ
 266              		.syntax unified
 267              		.thumb
 268              		.thumb_func
 270              	HAL_NVIC_EnableIRQ:
 271              	.LVL21:
 272              	.LFB146:
 177:./src/stm32f7xx_hal_cortex.c **** 
 178:./src/stm32f7xx_hal_cortex.c **** /**
 179:./src/stm32f7xx_hal_cortex.c ****   * @brief  Enables a device specific interrupt in the NVIC interrupt controller.
 180:./src/stm32f7xx_hal_cortex.c ****   * @note   To configure interrupts priority correctly, the NVIC_PriorityGroupConfig()
 181:./src/stm32f7xx_hal_cortex.c ****   *         function should be called before. 
 182:./src/stm32f7xx_hal_cortex.c ****   * @param  IRQn External interrupt number.
 183:./src/stm32f7xx_hal_cortex.c ****   *         This parameter can be an enumerator of IRQn_Type enumeration
 184:./src/stm32f7xx_hal_cortex.c ****   *         (For the complete STM32 Devices IRQ Channels list, please refer to the appropriate CMSI
 185:./src/stm32f7xx_hal_cortex.c ****   * @retval None
 186:./src/stm32f7xx_hal_cortex.c ****   */
 187:./src/stm32f7xx_hal_cortex.c **** void HAL_NVIC_EnableIRQ(IRQn_Type IRQn)
 188:./src/stm32f7xx_hal_cortex.c **** {
 273              		.loc 1 188 1 is_stmt 1 view -0
 274              		.cfi_startproc
 275              		@ args = 0, pretend = 0, frame = 0
 276              		@ frame_needed = 0, uses_anonymous_args = 0
 277              		@ link register save eliminated.
 189:./src/stm32f7xx_hal_cortex.c ****   /* Check the parameters */
 190:./src/stm32f7xx_hal_cortex.c ****   assert_param(IS_NVIC_DEVICE_IRQ(IRQn));
 278              		.loc 1 190 3 view .LVU75
 191:./src/stm32f7xx_hal_cortex.c ****   
 192:./src/stm32f7xx_hal_cortex.c ****   /* Enable interrupt */
 193:./src/stm32f7xx_hal_cortex.c ****   NVIC_EnableIRQ(IRQn);
 279              		.loc 1 193 3 view .LVU76
 280              	.LBB67:
 281              	.LBI67:
1902:./inc/core_cm7.h **** {
 282              		.loc 2 1902 22 view .LVU77
 283              	.LBB68:
1904:./inc/core_cm7.h ****   {
 284              		.loc 2 1904 3 view .LVU78
1904:./inc/core_cm7.h ****   {
 285              		.loc 2 1904 6 is_stmt 0 view .LVU79
 286 009c 0028     		cmp	r0, #0
1904:./inc/core_cm7.h ****   {
 287              		.loc 2 1904 6 view .LVU80
 288 009e 07DB     		blt	.L13
1906:./inc/core_cm7.h ****     NVIC->ISER[(((uint32_t)IRQn) >> 5UL)] = (uint32_t)(1UL << (((uint32_t)IRQn) & 0x1FUL));
 289              		.loc 2 1906 5 is_stmt 1 view .LVU81
1907:./inc/core_cm7.h ****     __COMPILER_BARRIER();
 290              		.loc 2 1907 5 view .LVU82
1907:./inc/core_cm7.h ****     __COMPILER_BARRIER();
 291              		.loc 2 1907 45 is_stmt 0 view .LVU83
 292 00a0 0123     		movs	r3, #1
1907:./inc/core_cm7.h ****     __COMPILER_BARRIER();
 293              		.loc 2 1907 81 view .LVU84
 294 00a2 00F01F01 		and	r1, r0, #31
1907:./inc/core_cm7.h ****     __COMPILER_BARRIER();
 295              		.loc 2 1907 43 view .LVU85
 296 00a6 034A     		ldr	r2, .L15
1907:./inc/core_cm7.h ****     __COMPILER_BARRIER();
 297              		.loc 2 1907 34 view .LVU86
 298 00a8 4009     		lsrs	r0, r0, #5
 299              	.LVL22:
1907:./inc/core_cm7.h ****     __COMPILER_BARRIER();
 300              		.loc 2 1907 45 view .LVU87
 301 00aa 8B40     		lsls	r3, r3, r1
1907:./inc/core_cm7.h ****     __COMPILER_BARRIER();
 302              		.loc 2 1907 43 view .LVU88
 303 00ac 42F82030 		str	r3, [r2, r0, lsl #2]
1908:./inc/core_cm7.h ****   }
 304              		.loc 2 1908 5 is_stmt 1 view .LVU89
 305              	.LVL23:
 306              	.L13:
1908:./inc/core_cm7.h ****   }
 307              		.loc 2 1908 5 is_stmt 0 view .LVU90
 308              	.LBE68:
 309              	.LBE67:
 194:./src/stm32f7xx_hal_cortex.c **** }
 310              		.loc 1 194 1 view .LVU91
 311 00b0 7047     		bx	lr
 312              	.L16:
 313 00b2 00BF     		.align	2
 314              	.L15:
 315 00b4 00E100E0 		.word	-536813312
 316              		.cfi_endproc
 317              	.LFE146:
 319              		.align	1
 320              		.p2align 2,,3
 321              		.global	HAL_NVIC_DisableIRQ
 322              		.syntax unified
 323              		.thumb
 324              		.thumb_func
 326              	HAL_NVIC_DisableIRQ:
 327              	.LVL24:
 328              	.LFB147:
 195:./src/stm32f7xx_hal_cortex.c **** 
 196:./src/stm32f7xx_hal_cortex.c **** /**
 197:./src/stm32f7xx_hal_cortex.c ****   * @brief  Disables a device specific interrupt in the NVIC interrupt controller.
 198:./src/stm32f7xx_hal_cortex.c ****   * @param  IRQn External interrupt number.
 199:./src/stm32f7xx_hal_cortex.c ****   *         This parameter can be an enumerator of IRQn_Type enumeration
 200:./src/stm32f7xx_hal_cortex.c ****   *         (For the complete STM32 Devices IRQ Channels list, please refer to the appropriate CMSI
 201:./src/stm32f7xx_hal_cortex.c ****   * @retval None
 202:./src/stm32f7xx_hal_cortex.c ****   */
 203:./src/stm32f7xx_hal_cortex.c **** void HAL_NVIC_DisableIRQ(IRQn_Type IRQn)
 204:./src/stm32f7xx_hal_cortex.c **** {
 329              		.loc 1 204 1 is_stmt 1 view -0
 330              		.cfi_startproc
 331              		@ args = 0, pretend = 0, frame = 0
 332              		@ frame_needed = 0, uses_anonymous_args = 0
 333              		@ link register save eliminated.
 205:./src/stm32f7xx_hal_cortex.c ****   /* Check the parameters */
 206:./src/stm32f7xx_hal_cortex.c ****   assert_param(IS_NVIC_DEVICE_IRQ(IRQn));
 334              		.loc 1 206 3 view .LVU93
 207:./src/stm32f7xx_hal_cortex.c ****   
 208:./src/stm32f7xx_hal_cortex.c ****   /* Disable interrupt */
 209:./src/stm32f7xx_hal_cortex.c ****   NVIC_DisableIRQ(IRQn);
 335              		.loc 1 209 3 view .LVU94
 336              	.LBB75:
 337              	.LBI75:
1940:./inc/core_cm7.h **** {
 338              		.loc 2 1940 22 view .LVU95
 339              	.LBB76:
1942:./inc/core_cm7.h ****   {
 340              		.loc 2 1942 3 view .LVU96
1942:./inc/core_cm7.h ****   {
 341              		.loc 2 1942 6 is_stmt 0 view .LVU97
 342 00b8 0028     		cmp	r0, #0
1942:./inc/core_cm7.h ****   {
 343              		.loc 2 1942 6 view .LVU98
 344 00ba 0CDB     		blt	.L17
1944:./inc/core_cm7.h ****     __DSB();
 345              		.loc 2 1944 5 is_stmt 1 view .LVU99
1944:./inc/core_cm7.h ****     __DSB();
 346              		.loc 2 1944 34 is_stmt 0 view .LVU100
 347 00bc 4309     		lsrs	r3, r0, #5
1944:./inc/core_cm7.h ****     __DSB();
 348              		.loc 2 1944 45 view .LVU101
 349 00be 0122     		movs	r2, #1
1944:./inc/core_cm7.h ****     __DSB();
 350              		.loc 2 1944 81 view .LVU102
 351 00c0 00F01F00 		and	r0, r0, #31
 352              	.LVL25:
1944:./inc/core_cm7.h ****     __DSB();
 353              		.loc 2 1944 43 view .LVU103
 354 00c4 0449     		ldr	r1, .L19
 355 00c6 2033     		adds	r3, r3, #32
1944:./inc/core_cm7.h ****     __DSB();
 356              		.loc 2 1944 45 view .LVU104
 357 00c8 8240     		lsls	r2, r2, r0
1944:./inc/core_cm7.h ****     __DSB();
 358              		.loc 2 1944 43 view .LVU105
 359 00ca 41F82320 		str	r2, [r1, r3, lsl #2]
1945:./inc/core_cm7.h ****     __ISB();
 360              		.loc 2 1945 5 is_stmt 1 view .LVU106
 361              	.LBB77:
 362              	.LBI77:
 363              		.file 3 "./inc/cmsis_gcc.h"
   1:./inc/cmsis_gcc.h **** /**************************************************************************//**
   2:./inc/cmsis_gcc.h ****  * @file     cmsis_gcc.h
   3:./inc/cmsis_gcc.h ****  * @brief    CMSIS compiler GCC header file
   4:./inc/cmsis_gcc.h ****  * @version  V5.2.0
   5:./inc/cmsis_gcc.h ****  * @date     08. May 2019
   6:./inc/cmsis_gcc.h ****  ******************************************************************************/
   7:./inc/cmsis_gcc.h **** /*
   8:./inc/cmsis_gcc.h ****  * Copyright (c) 2009-2019 Arm Limited. All rights reserved.
   9:./inc/cmsis_gcc.h ****  *
  10:./inc/cmsis_gcc.h ****  * SPDX-License-Identifier: Apache-2.0
  11:./inc/cmsis_gcc.h ****  *
  12:./inc/cmsis_gcc.h ****  * Licensed under the Apache License, Version 2.0 (the License); you may
  13:./inc/cmsis_gcc.h ****  * not use this file except in compliance with the License.
  14:./inc/cmsis_gcc.h ****  * You may obtain a copy of the License at
  15:./inc/cmsis_gcc.h ****  *
  16:./inc/cmsis_gcc.h ****  * www.apache.org/licenses/LICENSE-2.0
  17:./inc/cmsis_gcc.h ****  *
  18:./inc/cmsis_gcc.h ****  * Unless required by applicable law or agreed to in writing, software
  19:./inc/cmsis_gcc.h ****  * distributed under the License is distributed on an AS IS BASIS, WITHOUT
  20:./inc/cmsis_gcc.h ****  * WARRANTIES OR CONDITIONS OF ANY KIND, either express or implied.
  21:./inc/cmsis_gcc.h ****  * See the License for the specific language governing permissions and
  22:./inc/cmsis_gcc.h ****  * limitations under the License.
  23:./inc/cmsis_gcc.h ****  */
  24:./inc/cmsis_gcc.h **** 
  25:./inc/cmsis_gcc.h **** #ifndef __CMSIS_GCC_H
  26:./inc/cmsis_gcc.h **** #define __CMSIS_GCC_H
  27:./inc/cmsis_gcc.h **** 
  28:./inc/cmsis_gcc.h **** /* ignore some GCC warnings */
  29:./inc/cmsis_gcc.h **** #pragma GCC diagnostic push
  30:./inc/cmsis_gcc.h **** #pragma GCC diagnostic ignored "-Wsign-conversion"
  31:./inc/cmsis_gcc.h **** #pragma GCC diagnostic ignored "-Wconversion"
  32:./inc/cmsis_gcc.h **** #pragma GCC diagnostic ignored "-Wunused-parameter"
  33:./inc/cmsis_gcc.h **** 
  34:./inc/cmsis_gcc.h **** /* Fallback for __has_builtin */
  35:./inc/cmsis_gcc.h **** #ifndef __has_builtin
  36:./inc/cmsis_gcc.h ****   #define __has_builtin(x) (0)
  37:./inc/cmsis_gcc.h **** #endif
  38:./inc/cmsis_gcc.h **** 
  39:./inc/cmsis_gcc.h **** /* CMSIS compiler specific defines */
  40:./inc/cmsis_gcc.h **** #ifndef   __ASM
  41:./inc/cmsis_gcc.h ****   #define __ASM                                  __asm
  42:./inc/cmsis_gcc.h **** #endif
  43:./inc/cmsis_gcc.h **** #ifndef   __INLINE
  44:./inc/cmsis_gcc.h ****   #define __INLINE                               inline
  45:./inc/cmsis_gcc.h **** #endif
  46:./inc/cmsis_gcc.h **** #ifndef   __STATIC_INLINE
  47:./inc/cmsis_gcc.h ****   #define __STATIC_INLINE                        static inline
  48:./inc/cmsis_gcc.h **** #endif
  49:./inc/cmsis_gcc.h **** #ifndef   __STATIC_FORCEINLINE                 
  50:./inc/cmsis_gcc.h ****   #define __STATIC_FORCEINLINE                   __attribute__((always_inline)) static inline
  51:./inc/cmsis_gcc.h **** #endif                                           
  52:./inc/cmsis_gcc.h **** #ifndef   __NO_RETURN
  53:./inc/cmsis_gcc.h ****   #define __NO_RETURN                            __attribute__((__noreturn__))
  54:./inc/cmsis_gcc.h **** #endif
  55:./inc/cmsis_gcc.h **** #ifndef   __USED
  56:./inc/cmsis_gcc.h ****   #define __USED                                 __attribute__((used))
  57:./inc/cmsis_gcc.h **** #endif
  58:./inc/cmsis_gcc.h **** #ifndef   __WEAK
  59:./inc/cmsis_gcc.h ****   #define __WEAK                                 __attribute__((weak))
  60:./inc/cmsis_gcc.h **** #endif
  61:./inc/cmsis_gcc.h **** #ifndef   __PACKED
  62:./inc/cmsis_gcc.h ****   #define __PACKED                               __attribute__((packed, aligned(1)))
  63:./inc/cmsis_gcc.h **** #endif
  64:./inc/cmsis_gcc.h **** #ifndef   __PACKED_STRUCT
  65:./inc/cmsis_gcc.h ****   #define __PACKED_STRUCT                        struct __attribute__((packed, aligned(1)))
  66:./inc/cmsis_gcc.h **** #endif
  67:./inc/cmsis_gcc.h **** #ifndef   __PACKED_UNION
  68:./inc/cmsis_gcc.h ****   #define __PACKED_UNION                         union __attribute__((packed, aligned(1)))
  69:./inc/cmsis_gcc.h **** #endif
  70:./inc/cmsis_gcc.h **** #ifndef   __UNALIGNED_UINT32        /* deprecated */
  71:./inc/cmsis_gcc.h ****   #pragma GCC diagnostic push
  72:./inc/cmsis_gcc.h ****   #pragma GCC diagnostic ignored "-Wpacked"
  73:./inc/cmsis_gcc.h ****   #pragma GCC diagnostic ignored "-Wattributes"
  74:./inc/cmsis_gcc.h ****   struct __attribute__((packed)) T_UINT32 { uint32_t v; };
  75:./inc/cmsis_gcc.h ****   #pragma GCC diagnostic pop
  76:./inc/cmsis_gcc.h ****   #define __UNALIGNED_UINT32(x)                  (((struct T_UINT32 *)(x))->v)
  77:./inc/cmsis_gcc.h **** #endif
  78:./inc/cmsis_gcc.h **** #ifndef   __UNALIGNED_UINT16_WRITE
  79:./inc/cmsis_gcc.h ****   #pragma GCC diagnostic push
  80:./inc/cmsis_gcc.h ****   #pragma GCC diagnostic ignored "-Wpacked"
  81:./inc/cmsis_gcc.h ****   #pragma GCC diagnostic ignored "-Wattributes"
  82:./inc/cmsis_gcc.h ****   __PACKED_STRUCT T_UINT16_WRITE { uint16_t v; };
  83:./inc/cmsis_gcc.h ****   #pragma GCC diagnostic pop
  84:./inc/cmsis_gcc.h ****   #define __UNALIGNED_UINT16_WRITE(addr, val)    (void)((((struct T_UINT16_WRITE *)(void *)(addr))-
  85:./inc/cmsis_gcc.h **** #endif
  86:./inc/cmsis_gcc.h **** #ifndef   __UNALIGNED_UINT16_READ
  87:./inc/cmsis_gcc.h ****   #pragma GCC diagnostic push
  88:./inc/cmsis_gcc.h ****   #pragma GCC diagnostic ignored "-Wpacked"
  89:./inc/cmsis_gcc.h ****   #pragma GCC diagnostic ignored "-Wattributes"
  90:./inc/cmsis_gcc.h ****   __PACKED_STRUCT T_UINT16_READ { uint16_t v; };
  91:./inc/cmsis_gcc.h ****   #pragma GCC diagnostic pop
  92:./inc/cmsis_gcc.h ****   #define __UNALIGNED_UINT16_READ(addr)          (((const struct T_UINT16_READ *)(const void *)(add
  93:./inc/cmsis_gcc.h **** #endif
  94:./inc/cmsis_gcc.h **** #ifndef   __UNALIGNED_UINT32_WRITE
  95:./inc/cmsis_gcc.h ****   #pragma GCC diagnostic push
  96:./inc/cmsis_gcc.h ****   #pragma GCC diagnostic ignored "-Wpacked"
  97:./inc/cmsis_gcc.h ****   #pragma GCC diagnostic ignored "-Wattributes"
  98:./inc/cmsis_gcc.h ****   __PACKED_STRUCT T_UINT32_WRITE { uint32_t v; };
  99:./inc/cmsis_gcc.h ****   #pragma GCC diagnostic pop
 100:./inc/cmsis_gcc.h ****   #define __UNALIGNED_UINT32_WRITE(addr, val)    (void)((((struct T_UINT32_WRITE *)(void *)(addr))-
 101:./inc/cmsis_gcc.h **** #endif
 102:./inc/cmsis_gcc.h **** #ifndef   __UNALIGNED_UINT32_READ
 103:./inc/cmsis_gcc.h ****   #pragma GCC diagnostic push
 104:./inc/cmsis_gcc.h ****   #pragma GCC diagnostic ignored "-Wpacked"
 105:./inc/cmsis_gcc.h ****   #pragma GCC diagnostic ignored "-Wattributes"
 106:./inc/cmsis_gcc.h ****   __PACKED_STRUCT T_UINT32_READ { uint32_t v; };
 107:./inc/cmsis_gcc.h ****   #pragma GCC diagnostic pop
 108:./inc/cmsis_gcc.h ****   #define __UNALIGNED_UINT32_READ(addr)          (((const struct T_UINT32_READ *)(const void *)(add
 109:./inc/cmsis_gcc.h **** #endif
 110:./inc/cmsis_gcc.h **** #ifndef   __ALIGNED
 111:./inc/cmsis_gcc.h ****   #define __ALIGNED(x)                           __attribute__((aligned(x)))
 112:./inc/cmsis_gcc.h **** #endif
 113:./inc/cmsis_gcc.h **** #ifndef   __RESTRICT
 114:./inc/cmsis_gcc.h ****   #define __RESTRICT                             __restrict
 115:./inc/cmsis_gcc.h **** #endif
 116:./inc/cmsis_gcc.h **** #ifndef   __COMPILER_BARRIER
 117:./inc/cmsis_gcc.h ****   #define __COMPILER_BARRIER()                   __ASM volatile("":::"memory")
 118:./inc/cmsis_gcc.h **** #endif
 119:./inc/cmsis_gcc.h **** 
 120:./inc/cmsis_gcc.h **** /* #########################  Startup and Lowlevel Init  ######################## */
 121:./inc/cmsis_gcc.h **** 
 122:./inc/cmsis_gcc.h **** #ifndef __PROGRAM_START
 123:./inc/cmsis_gcc.h **** 
 124:./inc/cmsis_gcc.h **** /**
 125:./inc/cmsis_gcc.h ****   \brief   Initializes data and bss sections
 126:./inc/cmsis_gcc.h ****   \details This default implementations initialized all data and additional bss
 127:./inc/cmsis_gcc.h ****            sections relying on .copy.table and .zero.table specified properly
 128:./inc/cmsis_gcc.h ****            in the used linker script.
 129:./inc/cmsis_gcc.h ****   
 130:./inc/cmsis_gcc.h ****  */
 131:./inc/cmsis_gcc.h **** __STATIC_FORCEINLINE __NO_RETURN void __cmsis_start(void)
 132:./inc/cmsis_gcc.h **** {
 133:./inc/cmsis_gcc.h ****   extern void _start(void) __NO_RETURN;
 134:./inc/cmsis_gcc.h ****   
 135:./inc/cmsis_gcc.h ****   typedef struct {
 136:./inc/cmsis_gcc.h ****     uint32_t const* src;
 137:./inc/cmsis_gcc.h ****     uint32_t* dest;
 138:./inc/cmsis_gcc.h ****     uint32_t  wlen;
 139:./inc/cmsis_gcc.h ****   } __copy_table_t;
 140:./inc/cmsis_gcc.h ****   
 141:./inc/cmsis_gcc.h ****   typedef struct {
 142:./inc/cmsis_gcc.h ****     uint32_t* dest;
 143:./inc/cmsis_gcc.h ****     uint32_t  wlen;
 144:./inc/cmsis_gcc.h ****   } __zero_table_t;
 145:./inc/cmsis_gcc.h ****   
 146:./inc/cmsis_gcc.h ****   extern const __copy_table_t __copy_table_start__;
 147:./inc/cmsis_gcc.h ****   extern const __copy_table_t __copy_table_end__;
 148:./inc/cmsis_gcc.h ****   extern const __zero_table_t __zero_table_start__;
 149:./inc/cmsis_gcc.h ****   extern const __zero_table_t __zero_table_end__;
 150:./inc/cmsis_gcc.h **** 
 151:./inc/cmsis_gcc.h ****   for (__copy_table_t const* pTable = &__copy_table_start__; pTable < &__copy_table_end__; ++pTable
 152:./inc/cmsis_gcc.h ****     for(uint32_t i=0u; i<pTable->wlen; ++i) {
 153:./inc/cmsis_gcc.h ****       pTable->dest[i] = pTable->src[i];
 154:./inc/cmsis_gcc.h ****     }
 155:./inc/cmsis_gcc.h ****   }
 156:./inc/cmsis_gcc.h ****  
 157:./inc/cmsis_gcc.h ****   for (__zero_table_t const* pTable = &__zero_table_start__; pTable < &__zero_table_end__; ++pTable
 158:./inc/cmsis_gcc.h ****     for(uint32_t i=0u; i<pTable->wlen; ++i) {
 159:./inc/cmsis_gcc.h ****       pTable->dest[i] = 0u;
 160:./inc/cmsis_gcc.h ****     }
 161:./inc/cmsis_gcc.h ****   }
 162:./inc/cmsis_gcc.h ****  
 163:./inc/cmsis_gcc.h ****   _start();
 164:./inc/cmsis_gcc.h **** }
 165:./inc/cmsis_gcc.h ****   
 166:./inc/cmsis_gcc.h **** #define __PROGRAM_START           __cmsis_start
 167:./inc/cmsis_gcc.h **** #endif
 168:./inc/cmsis_gcc.h **** 
 169:./inc/cmsis_gcc.h **** #ifndef __INITIAL_SP
 170:./inc/cmsis_gcc.h **** #define __INITIAL_SP              __StackTop
 171:./inc/cmsis_gcc.h **** #endif
 172:./inc/cmsis_gcc.h **** 
 173:./inc/cmsis_gcc.h **** #ifndef __STACK_LIMIT
 174:./inc/cmsis_gcc.h **** #define __STACK_LIMIT             __StackLimit
 175:./inc/cmsis_gcc.h **** #endif
 176:./inc/cmsis_gcc.h **** 
 177:./inc/cmsis_gcc.h **** #ifndef __VECTOR_TABLE
 178:./inc/cmsis_gcc.h **** #define __VECTOR_TABLE            __Vectors
 179:./inc/cmsis_gcc.h **** #endif
 180:./inc/cmsis_gcc.h **** 
 181:./inc/cmsis_gcc.h **** #ifndef __VECTOR_TABLE_ATTRIBUTE
 182:./inc/cmsis_gcc.h **** #define __VECTOR_TABLE_ATTRIBUTE  __attribute((used, section(".vectors")))
 183:./inc/cmsis_gcc.h **** #endif
 184:./inc/cmsis_gcc.h **** 
 185:./inc/cmsis_gcc.h **** /* ###########################  Core Function Access  ########################### */
 186:./inc/cmsis_gcc.h **** /** \ingroup  CMSIS_Core_FunctionInterface
 187:./inc/cmsis_gcc.h ****     \defgroup CMSIS_Core_RegAccFunctions CMSIS Core Register Access Functions
 188:./inc/cmsis_gcc.h ****   @{
 189:./inc/cmsis_gcc.h ****  */
 190:./inc/cmsis_gcc.h **** 
 191:./inc/cmsis_gcc.h **** /**
 192:./inc/cmsis_gcc.h ****   \brief   Enable IRQ Interrupts
 193:./inc/cmsis_gcc.h ****   \details Enables IRQ interrupts by clearing the I-bit in the CPSR.
 194:./inc/cmsis_gcc.h ****            Can only be executed in Privileged modes.
 195:./inc/cmsis_gcc.h ****  */
 196:./inc/cmsis_gcc.h **** __STATIC_FORCEINLINE void __enable_irq(void)
 197:./inc/cmsis_gcc.h **** {
 198:./inc/cmsis_gcc.h ****   __ASM volatile ("cpsie i" : : : "memory");
 199:./inc/cmsis_gcc.h **** }
 200:./inc/cmsis_gcc.h **** 
 201:./inc/cmsis_gcc.h **** 
 202:./inc/cmsis_gcc.h **** /**
 203:./inc/cmsis_gcc.h ****   \brief   Disable IRQ Interrupts
 204:./inc/cmsis_gcc.h ****   \details Disables IRQ interrupts by setting the I-bit in the CPSR.
 205:./inc/cmsis_gcc.h ****            Can only be executed in Privileged modes.
 206:./inc/cmsis_gcc.h ****  */
 207:./inc/cmsis_gcc.h **** __STATIC_FORCEINLINE void __disable_irq(void)
 208:./inc/cmsis_gcc.h **** {
 209:./inc/cmsis_gcc.h ****   __ASM volatile ("cpsid i" : : : "memory");
 210:./inc/cmsis_gcc.h **** }
 211:./inc/cmsis_gcc.h **** 
 212:./inc/cmsis_gcc.h **** 
 213:./inc/cmsis_gcc.h **** /**
 214:./inc/cmsis_gcc.h ****   \brief   Get Control Register
 215:./inc/cmsis_gcc.h ****   \details Returns the content of the Control Register.
 216:./inc/cmsis_gcc.h ****   \return               Control Register value
 217:./inc/cmsis_gcc.h ****  */
 218:./inc/cmsis_gcc.h **** __STATIC_FORCEINLINE uint32_t __get_CONTROL(void)
 219:./inc/cmsis_gcc.h **** {
 220:./inc/cmsis_gcc.h ****   uint32_t result;
 221:./inc/cmsis_gcc.h **** 
 222:./inc/cmsis_gcc.h ****   __ASM volatile ("MRS %0, control" : "=r" (result) );
 223:./inc/cmsis_gcc.h ****   return(result);
 224:./inc/cmsis_gcc.h **** }
 225:./inc/cmsis_gcc.h **** 
 226:./inc/cmsis_gcc.h **** 
 227:./inc/cmsis_gcc.h **** #if (defined (__ARM_FEATURE_CMSE ) && (__ARM_FEATURE_CMSE == 3))
 228:./inc/cmsis_gcc.h **** /**
 229:./inc/cmsis_gcc.h ****   \brief   Get Control Register (non-secure)
 230:./inc/cmsis_gcc.h ****   \details Returns the content of the non-secure Control Register when in secure mode.
 231:./inc/cmsis_gcc.h ****   \return               non-secure Control Register value
 232:./inc/cmsis_gcc.h ****  */
 233:./inc/cmsis_gcc.h **** __STATIC_FORCEINLINE uint32_t __TZ_get_CONTROL_NS(void)
 234:./inc/cmsis_gcc.h **** {
 235:./inc/cmsis_gcc.h ****   uint32_t result;
 236:./inc/cmsis_gcc.h **** 
 237:./inc/cmsis_gcc.h ****   __ASM volatile ("MRS %0, control_ns" : "=r" (result) );
 238:./inc/cmsis_gcc.h ****   return(result);
 239:./inc/cmsis_gcc.h **** }
 240:./inc/cmsis_gcc.h **** #endif
 241:./inc/cmsis_gcc.h **** 
 242:./inc/cmsis_gcc.h **** 
 243:./inc/cmsis_gcc.h **** /**
 244:./inc/cmsis_gcc.h ****   \brief   Set Control Register
 245:./inc/cmsis_gcc.h ****   \details Writes the given value to the Control Register.
 246:./inc/cmsis_gcc.h ****   \param [in]    control  Control Register value to set
 247:./inc/cmsis_gcc.h ****  */
 248:./inc/cmsis_gcc.h **** __STATIC_FORCEINLINE void __set_CONTROL(uint32_t control)
 249:./inc/cmsis_gcc.h **** {
 250:./inc/cmsis_gcc.h ****   __ASM volatile ("MSR control, %0" : : "r" (control) : "memory");
 251:./inc/cmsis_gcc.h **** }
 252:./inc/cmsis_gcc.h **** 
 253:./inc/cmsis_gcc.h **** 
 254:./inc/cmsis_gcc.h **** #if (defined (__ARM_FEATURE_CMSE ) && (__ARM_FEATURE_CMSE == 3))
 255:./inc/cmsis_gcc.h **** /**
 256:./inc/cmsis_gcc.h ****   \brief   Set Control Register (non-secure)
 257:./inc/cmsis_gcc.h ****   \details Writes the given value to the non-secure Control Register when in secure state.
 258:./inc/cmsis_gcc.h ****   \param [in]    control  Control Register value to set
 259:./inc/cmsis_gcc.h ****  */
 260:./inc/cmsis_gcc.h **** __STATIC_FORCEINLINE void __TZ_set_CONTROL_NS(uint32_t control)
 261:./inc/cmsis_gcc.h **** {
 262:./inc/cmsis_gcc.h ****   __ASM volatile ("MSR control_ns, %0" : : "r" (control) : "memory");
 263:./inc/cmsis_gcc.h **** }
 264:./inc/cmsis_gcc.h **** #endif
 265:./inc/cmsis_gcc.h **** 
 266:./inc/cmsis_gcc.h **** 
 267:./inc/cmsis_gcc.h **** /**
 268:./inc/cmsis_gcc.h ****   \brief   Get IPSR Register
 269:./inc/cmsis_gcc.h ****   \details Returns the content of the IPSR Register.
 270:./inc/cmsis_gcc.h ****   \return               IPSR Register value
 271:./inc/cmsis_gcc.h ****  */
 272:./inc/cmsis_gcc.h **** __STATIC_FORCEINLINE uint32_t __get_IPSR(void)
 273:./inc/cmsis_gcc.h **** {
 274:./inc/cmsis_gcc.h ****   uint32_t result;
 275:./inc/cmsis_gcc.h **** 
 276:./inc/cmsis_gcc.h ****   __ASM volatile ("MRS %0, ipsr" : "=r" (result) );
 277:./inc/cmsis_gcc.h ****   return(result);
 278:./inc/cmsis_gcc.h **** }
 279:./inc/cmsis_gcc.h **** 
 280:./inc/cmsis_gcc.h **** 
 281:./inc/cmsis_gcc.h **** /**
 282:./inc/cmsis_gcc.h ****   \brief   Get APSR Register
 283:./inc/cmsis_gcc.h ****   \details Returns the content of the APSR Register.
 284:./inc/cmsis_gcc.h ****   \return               APSR Register value
 285:./inc/cmsis_gcc.h ****  */
 286:./inc/cmsis_gcc.h **** __STATIC_FORCEINLINE uint32_t __get_APSR(void)
 287:./inc/cmsis_gcc.h **** {
 288:./inc/cmsis_gcc.h ****   uint32_t result;
 289:./inc/cmsis_gcc.h **** 
 290:./inc/cmsis_gcc.h ****   __ASM volatile ("MRS %0, apsr" : "=r" (result) );
 291:./inc/cmsis_gcc.h ****   return(result);
 292:./inc/cmsis_gcc.h **** }
 293:./inc/cmsis_gcc.h **** 
 294:./inc/cmsis_gcc.h **** 
 295:./inc/cmsis_gcc.h **** /**
 296:./inc/cmsis_gcc.h ****   \brief   Get xPSR Register
 297:./inc/cmsis_gcc.h ****   \details Returns the content of the xPSR Register.
 298:./inc/cmsis_gcc.h ****   \return               xPSR Register value
 299:./inc/cmsis_gcc.h ****  */
 300:./inc/cmsis_gcc.h **** __STATIC_FORCEINLINE uint32_t __get_xPSR(void)
 301:./inc/cmsis_gcc.h **** {
 302:./inc/cmsis_gcc.h ****   uint32_t result;
 303:./inc/cmsis_gcc.h **** 
 304:./inc/cmsis_gcc.h ****   __ASM volatile ("MRS %0, xpsr" : "=r" (result) );
 305:./inc/cmsis_gcc.h ****   return(result);
 306:./inc/cmsis_gcc.h **** }
 307:./inc/cmsis_gcc.h **** 
 308:./inc/cmsis_gcc.h **** 
 309:./inc/cmsis_gcc.h **** /**
 310:./inc/cmsis_gcc.h ****   \brief   Get Process Stack Pointer
 311:./inc/cmsis_gcc.h ****   \details Returns the current value of the Process Stack Pointer (PSP).
 312:./inc/cmsis_gcc.h ****   \return               PSP Register value
 313:./inc/cmsis_gcc.h ****  */
 314:./inc/cmsis_gcc.h **** __STATIC_FORCEINLINE uint32_t __get_PSP(void)
 315:./inc/cmsis_gcc.h **** {
 316:./inc/cmsis_gcc.h ****   uint32_t result;
 317:./inc/cmsis_gcc.h **** 
 318:./inc/cmsis_gcc.h ****   __ASM volatile ("MRS %0, psp"  : "=r" (result) );
 319:./inc/cmsis_gcc.h ****   return(result);
 320:./inc/cmsis_gcc.h **** }
 321:./inc/cmsis_gcc.h **** 
 322:./inc/cmsis_gcc.h **** 
 323:./inc/cmsis_gcc.h **** #if (defined (__ARM_FEATURE_CMSE ) && (__ARM_FEATURE_CMSE == 3))
 324:./inc/cmsis_gcc.h **** /**
 325:./inc/cmsis_gcc.h ****   \brief   Get Process Stack Pointer (non-secure)
 326:./inc/cmsis_gcc.h ****   \details Returns the current value of the non-secure Process Stack Pointer (PSP) when in secure s
 327:./inc/cmsis_gcc.h ****   \return               PSP Register value
 328:./inc/cmsis_gcc.h ****  */
 329:./inc/cmsis_gcc.h **** __STATIC_FORCEINLINE uint32_t __TZ_get_PSP_NS(void)
 330:./inc/cmsis_gcc.h **** {
 331:./inc/cmsis_gcc.h ****   uint32_t result;
 332:./inc/cmsis_gcc.h **** 
 333:./inc/cmsis_gcc.h ****   __ASM volatile ("MRS %0, psp_ns"  : "=r" (result) );
 334:./inc/cmsis_gcc.h ****   return(result);
 335:./inc/cmsis_gcc.h **** }
 336:./inc/cmsis_gcc.h **** #endif
 337:./inc/cmsis_gcc.h **** 
 338:./inc/cmsis_gcc.h **** 
 339:./inc/cmsis_gcc.h **** /**
 340:./inc/cmsis_gcc.h ****   \brief   Set Process Stack Pointer
 341:./inc/cmsis_gcc.h ****   \details Assigns the given value to the Process Stack Pointer (PSP).
 342:./inc/cmsis_gcc.h ****   \param [in]    topOfProcStack  Process Stack Pointer value to set
 343:./inc/cmsis_gcc.h ****  */
 344:./inc/cmsis_gcc.h **** __STATIC_FORCEINLINE void __set_PSP(uint32_t topOfProcStack)
 345:./inc/cmsis_gcc.h **** {
 346:./inc/cmsis_gcc.h ****   __ASM volatile ("MSR psp, %0" : : "r" (topOfProcStack) : );
 347:./inc/cmsis_gcc.h **** }
 348:./inc/cmsis_gcc.h **** 
 349:./inc/cmsis_gcc.h **** 
 350:./inc/cmsis_gcc.h **** #if (defined (__ARM_FEATURE_CMSE ) && (__ARM_FEATURE_CMSE == 3))
 351:./inc/cmsis_gcc.h **** /**
 352:./inc/cmsis_gcc.h ****   \brief   Set Process Stack Pointer (non-secure)
 353:./inc/cmsis_gcc.h ****   \details Assigns the given value to the non-secure Process Stack Pointer (PSP) when in secure sta
 354:./inc/cmsis_gcc.h ****   \param [in]    topOfProcStack  Process Stack Pointer value to set
 355:./inc/cmsis_gcc.h ****  */
 356:./inc/cmsis_gcc.h **** __STATIC_FORCEINLINE void __TZ_set_PSP_NS(uint32_t topOfProcStack)
 357:./inc/cmsis_gcc.h **** {
 358:./inc/cmsis_gcc.h ****   __ASM volatile ("MSR psp_ns, %0" : : "r" (topOfProcStack) : );
 359:./inc/cmsis_gcc.h **** }
 360:./inc/cmsis_gcc.h **** #endif
 361:./inc/cmsis_gcc.h **** 
 362:./inc/cmsis_gcc.h **** 
 363:./inc/cmsis_gcc.h **** /**
 364:./inc/cmsis_gcc.h ****   \brief   Get Main Stack Pointer
 365:./inc/cmsis_gcc.h ****   \details Returns the current value of the Main Stack Pointer (MSP).
 366:./inc/cmsis_gcc.h ****   \return               MSP Register value
 367:./inc/cmsis_gcc.h ****  */
 368:./inc/cmsis_gcc.h **** __STATIC_FORCEINLINE uint32_t __get_MSP(void)
 369:./inc/cmsis_gcc.h **** {
 370:./inc/cmsis_gcc.h ****   uint32_t result;
 371:./inc/cmsis_gcc.h **** 
 372:./inc/cmsis_gcc.h ****   __ASM volatile ("MRS %0, msp" : "=r" (result) );
 373:./inc/cmsis_gcc.h ****   return(result);
 374:./inc/cmsis_gcc.h **** }
 375:./inc/cmsis_gcc.h **** 
 376:./inc/cmsis_gcc.h **** 
 377:./inc/cmsis_gcc.h **** #if (defined (__ARM_FEATURE_CMSE ) && (__ARM_FEATURE_CMSE == 3))
 378:./inc/cmsis_gcc.h **** /**
 379:./inc/cmsis_gcc.h ****   \brief   Get Main Stack Pointer (non-secure)
 380:./inc/cmsis_gcc.h ****   \details Returns the current value of the non-secure Main Stack Pointer (MSP) when in secure stat
 381:./inc/cmsis_gcc.h ****   \return               MSP Register value
 382:./inc/cmsis_gcc.h ****  */
 383:./inc/cmsis_gcc.h **** __STATIC_FORCEINLINE uint32_t __TZ_get_MSP_NS(void)
 384:./inc/cmsis_gcc.h **** {
 385:./inc/cmsis_gcc.h ****   uint32_t result;
 386:./inc/cmsis_gcc.h **** 
 387:./inc/cmsis_gcc.h ****   __ASM volatile ("MRS %0, msp_ns" : "=r" (result) );
 388:./inc/cmsis_gcc.h ****   return(result);
 389:./inc/cmsis_gcc.h **** }
 390:./inc/cmsis_gcc.h **** #endif
 391:./inc/cmsis_gcc.h **** 
 392:./inc/cmsis_gcc.h **** 
 393:./inc/cmsis_gcc.h **** /**
 394:./inc/cmsis_gcc.h ****   \brief   Set Main Stack Pointer
 395:./inc/cmsis_gcc.h ****   \details Assigns the given value to the Main Stack Pointer (MSP).
 396:./inc/cmsis_gcc.h ****   \param [in]    topOfMainStack  Main Stack Pointer value to set
 397:./inc/cmsis_gcc.h ****  */
 398:./inc/cmsis_gcc.h **** __STATIC_FORCEINLINE void __set_MSP(uint32_t topOfMainStack)
 399:./inc/cmsis_gcc.h **** {
 400:./inc/cmsis_gcc.h ****   __ASM volatile ("MSR msp, %0" : : "r" (topOfMainStack) : );
 401:./inc/cmsis_gcc.h **** }
 402:./inc/cmsis_gcc.h **** 
 403:./inc/cmsis_gcc.h **** 
 404:./inc/cmsis_gcc.h **** #if (defined (__ARM_FEATURE_CMSE ) && (__ARM_FEATURE_CMSE == 3))
 405:./inc/cmsis_gcc.h **** /**
 406:./inc/cmsis_gcc.h ****   \brief   Set Main Stack Pointer (non-secure)
 407:./inc/cmsis_gcc.h ****   \details Assigns the given value to the non-secure Main Stack Pointer (MSP) when in secure state.
 408:./inc/cmsis_gcc.h ****   \param [in]    topOfMainStack  Main Stack Pointer value to set
 409:./inc/cmsis_gcc.h ****  */
 410:./inc/cmsis_gcc.h **** __STATIC_FORCEINLINE void __TZ_set_MSP_NS(uint32_t topOfMainStack)
 411:./inc/cmsis_gcc.h **** {
 412:./inc/cmsis_gcc.h ****   __ASM volatile ("MSR msp_ns, %0" : : "r" (topOfMainStack) : );
 413:./inc/cmsis_gcc.h **** }
 414:./inc/cmsis_gcc.h **** #endif
 415:./inc/cmsis_gcc.h **** 
 416:./inc/cmsis_gcc.h **** 
 417:./inc/cmsis_gcc.h **** #if (defined (__ARM_FEATURE_CMSE ) && (__ARM_FEATURE_CMSE == 3))
 418:./inc/cmsis_gcc.h **** /**
 419:./inc/cmsis_gcc.h ****   \brief   Get Stack Pointer (non-secure)
 420:./inc/cmsis_gcc.h ****   \details Returns the current value of the non-secure Stack Pointer (SP) when in secure state.
 421:./inc/cmsis_gcc.h ****   \return               SP Register value
 422:./inc/cmsis_gcc.h ****  */
 423:./inc/cmsis_gcc.h **** __STATIC_FORCEINLINE uint32_t __TZ_get_SP_NS(void)
 424:./inc/cmsis_gcc.h **** {
 425:./inc/cmsis_gcc.h ****   uint32_t result;
 426:./inc/cmsis_gcc.h **** 
 427:./inc/cmsis_gcc.h ****   __ASM volatile ("MRS %0, sp_ns" : "=r" (result) );
 428:./inc/cmsis_gcc.h ****   return(result);
 429:./inc/cmsis_gcc.h **** }
 430:./inc/cmsis_gcc.h **** 
 431:./inc/cmsis_gcc.h **** 
 432:./inc/cmsis_gcc.h **** /**
 433:./inc/cmsis_gcc.h ****   \brief   Set Stack Pointer (non-secure)
 434:./inc/cmsis_gcc.h ****   \details Assigns the given value to the non-secure Stack Pointer (SP) when in secure state.
 435:./inc/cmsis_gcc.h ****   \param [in]    topOfStack  Stack Pointer value to set
 436:./inc/cmsis_gcc.h ****  */
 437:./inc/cmsis_gcc.h **** __STATIC_FORCEINLINE void __TZ_set_SP_NS(uint32_t topOfStack)
 438:./inc/cmsis_gcc.h **** {
 439:./inc/cmsis_gcc.h ****   __ASM volatile ("MSR sp_ns, %0" : : "r" (topOfStack) : );
 440:./inc/cmsis_gcc.h **** }
 441:./inc/cmsis_gcc.h **** #endif
 442:./inc/cmsis_gcc.h **** 
 443:./inc/cmsis_gcc.h **** 
 444:./inc/cmsis_gcc.h **** /**
 445:./inc/cmsis_gcc.h ****   \brief   Get Priority Mask
 446:./inc/cmsis_gcc.h ****   \details Returns the current state of the priority mask bit from the Priority Mask Register.
 447:./inc/cmsis_gcc.h ****   \return               Priority Mask value
 448:./inc/cmsis_gcc.h ****  */
 449:./inc/cmsis_gcc.h **** __STATIC_FORCEINLINE uint32_t __get_PRIMASK(void)
 450:./inc/cmsis_gcc.h **** {
 451:./inc/cmsis_gcc.h ****   uint32_t result;
 452:./inc/cmsis_gcc.h **** 
 453:./inc/cmsis_gcc.h ****   __ASM volatile ("MRS %0, primask" : "=r" (result) :: "memory");
 454:./inc/cmsis_gcc.h ****   return(result);
 455:./inc/cmsis_gcc.h **** }
 456:./inc/cmsis_gcc.h **** 
 457:./inc/cmsis_gcc.h **** 
 458:./inc/cmsis_gcc.h **** #if (defined (__ARM_FEATURE_CMSE ) && (__ARM_FEATURE_CMSE == 3))
 459:./inc/cmsis_gcc.h **** /**
 460:./inc/cmsis_gcc.h ****   \brief   Get Priority Mask (non-secure)
 461:./inc/cmsis_gcc.h ****   \details Returns the current state of the non-secure priority mask bit from the Priority Mask Reg
 462:./inc/cmsis_gcc.h ****   \return               Priority Mask value
 463:./inc/cmsis_gcc.h ****  */
 464:./inc/cmsis_gcc.h **** __STATIC_FORCEINLINE uint32_t __TZ_get_PRIMASK_NS(void)
 465:./inc/cmsis_gcc.h **** {
 466:./inc/cmsis_gcc.h ****   uint32_t result;
 467:./inc/cmsis_gcc.h **** 
 468:./inc/cmsis_gcc.h ****   __ASM volatile ("MRS %0, primask_ns" : "=r" (result) :: "memory");
 469:./inc/cmsis_gcc.h ****   return(result);
 470:./inc/cmsis_gcc.h **** }
 471:./inc/cmsis_gcc.h **** #endif
 472:./inc/cmsis_gcc.h **** 
 473:./inc/cmsis_gcc.h **** 
 474:./inc/cmsis_gcc.h **** /**
 475:./inc/cmsis_gcc.h ****   \brief   Set Priority Mask
 476:./inc/cmsis_gcc.h ****   \details Assigns the given value to the Priority Mask Register.
 477:./inc/cmsis_gcc.h ****   \param [in]    priMask  Priority Mask
 478:./inc/cmsis_gcc.h ****  */
 479:./inc/cmsis_gcc.h **** __STATIC_FORCEINLINE void __set_PRIMASK(uint32_t priMask)
 480:./inc/cmsis_gcc.h **** {
 481:./inc/cmsis_gcc.h ****   __ASM volatile ("MSR primask, %0" : : "r" (priMask) : "memory");
 482:./inc/cmsis_gcc.h **** }
 483:./inc/cmsis_gcc.h **** 
 484:./inc/cmsis_gcc.h **** 
 485:./inc/cmsis_gcc.h **** #if (defined (__ARM_FEATURE_CMSE ) && (__ARM_FEATURE_CMSE == 3))
 486:./inc/cmsis_gcc.h **** /**
 487:./inc/cmsis_gcc.h ****   \brief   Set Priority Mask (non-secure)
 488:./inc/cmsis_gcc.h ****   \details Assigns the given value to the non-secure Priority Mask Register when in secure state.
 489:./inc/cmsis_gcc.h ****   \param [in]    priMask  Priority Mask
 490:./inc/cmsis_gcc.h ****  */
 491:./inc/cmsis_gcc.h **** __STATIC_FORCEINLINE void __TZ_set_PRIMASK_NS(uint32_t priMask)
 492:./inc/cmsis_gcc.h **** {
 493:./inc/cmsis_gcc.h ****   __ASM volatile ("MSR primask_ns, %0" : : "r" (priMask) : "memory");
 494:./inc/cmsis_gcc.h **** }
 495:./inc/cmsis_gcc.h **** #endif
 496:./inc/cmsis_gcc.h **** 
 497:./inc/cmsis_gcc.h **** 
 498:./inc/cmsis_gcc.h **** #if ((defined (__ARM_ARCH_7M__      ) && (__ARM_ARCH_7M__      == 1)) || \
 499:./inc/cmsis_gcc.h ****      (defined (__ARM_ARCH_7EM__     ) && (__ARM_ARCH_7EM__     == 1)) || \
 500:./inc/cmsis_gcc.h ****      (defined (__ARM_ARCH_8M_MAIN__ ) && (__ARM_ARCH_8M_MAIN__ == 1))    )
 501:./inc/cmsis_gcc.h **** /**
 502:./inc/cmsis_gcc.h ****   \brief   Enable FIQ
 503:./inc/cmsis_gcc.h ****   \details Enables FIQ interrupts by clearing the F-bit in the CPSR.
 504:./inc/cmsis_gcc.h ****            Can only be executed in Privileged modes.
 505:./inc/cmsis_gcc.h ****  */
 506:./inc/cmsis_gcc.h **** __STATIC_FORCEINLINE void __enable_fault_irq(void)
 507:./inc/cmsis_gcc.h **** {
 508:./inc/cmsis_gcc.h ****   __ASM volatile ("cpsie f" : : : "memory");
 509:./inc/cmsis_gcc.h **** }
 510:./inc/cmsis_gcc.h **** 
 511:./inc/cmsis_gcc.h **** 
 512:./inc/cmsis_gcc.h **** /**
 513:./inc/cmsis_gcc.h ****   \brief   Disable FIQ
 514:./inc/cmsis_gcc.h ****   \details Disables FIQ interrupts by setting the F-bit in the CPSR.
 515:./inc/cmsis_gcc.h ****            Can only be executed in Privileged modes.
 516:./inc/cmsis_gcc.h ****  */
 517:./inc/cmsis_gcc.h **** __STATIC_FORCEINLINE void __disable_fault_irq(void)
 518:./inc/cmsis_gcc.h **** {
 519:./inc/cmsis_gcc.h ****   __ASM volatile ("cpsid f" : : : "memory");
 520:./inc/cmsis_gcc.h **** }
 521:./inc/cmsis_gcc.h **** 
 522:./inc/cmsis_gcc.h **** 
 523:./inc/cmsis_gcc.h **** /**
 524:./inc/cmsis_gcc.h ****   \brief   Get Base Priority
 525:./inc/cmsis_gcc.h ****   \details Returns the current value of the Base Priority register.
 526:./inc/cmsis_gcc.h ****   \return               Base Priority register value
 527:./inc/cmsis_gcc.h ****  */
 528:./inc/cmsis_gcc.h **** __STATIC_FORCEINLINE uint32_t __get_BASEPRI(void)
 529:./inc/cmsis_gcc.h **** {
 530:./inc/cmsis_gcc.h ****   uint32_t result;
 531:./inc/cmsis_gcc.h **** 
 532:./inc/cmsis_gcc.h ****   __ASM volatile ("MRS %0, basepri" : "=r" (result) );
 533:./inc/cmsis_gcc.h ****   return(result);
 534:./inc/cmsis_gcc.h **** }
 535:./inc/cmsis_gcc.h **** 
 536:./inc/cmsis_gcc.h **** 
 537:./inc/cmsis_gcc.h **** #if (defined (__ARM_FEATURE_CMSE ) && (__ARM_FEATURE_CMSE == 3))
 538:./inc/cmsis_gcc.h **** /**
 539:./inc/cmsis_gcc.h ****   \brief   Get Base Priority (non-secure)
 540:./inc/cmsis_gcc.h ****   \details Returns the current value of the non-secure Base Priority register when in secure state.
 541:./inc/cmsis_gcc.h ****   \return               Base Priority register value
 542:./inc/cmsis_gcc.h ****  */
 543:./inc/cmsis_gcc.h **** __STATIC_FORCEINLINE uint32_t __TZ_get_BASEPRI_NS(void)
 544:./inc/cmsis_gcc.h **** {
 545:./inc/cmsis_gcc.h ****   uint32_t result;
 546:./inc/cmsis_gcc.h **** 
 547:./inc/cmsis_gcc.h ****   __ASM volatile ("MRS %0, basepri_ns" : "=r" (result) );
 548:./inc/cmsis_gcc.h ****   return(result);
 549:./inc/cmsis_gcc.h **** }
 550:./inc/cmsis_gcc.h **** #endif
 551:./inc/cmsis_gcc.h **** 
 552:./inc/cmsis_gcc.h **** 
 553:./inc/cmsis_gcc.h **** /**
 554:./inc/cmsis_gcc.h ****   \brief   Set Base Priority
 555:./inc/cmsis_gcc.h ****   \details Assigns the given value to the Base Priority register.
 556:./inc/cmsis_gcc.h ****   \param [in]    basePri  Base Priority value to set
 557:./inc/cmsis_gcc.h ****  */
 558:./inc/cmsis_gcc.h **** __STATIC_FORCEINLINE void __set_BASEPRI(uint32_t basePri)
 559:./inc/cmsis_gcc.h **** {
 560:./inc/cmsis_gcc.h ****   __ASM volatile ("MSR basepri, %0" : : "r" (basePri) : "memory");
 561:./inc/cmsis_gcc.h **** }
 562:./inc/cmsis_gcc.h **** 
 563:./inc/cmsis_gcc.h **** 
 564:./inc/cmsis_gcc.h **** #if (defined (__ARM_FEATURE_CMSE ) && (__ARM_FEATURE_CMSE == 3))
 565:./inc/cmsis_gcc.h **** /**
 566:./inc/cmsis_gcc.h ****   \brief   Set Base Priority (non-secure)
 567:./inc/cmsis_gcc.h ****   \details Assigns the given value to the non-secure Base Priority register when in secure state.
 568:./inc/cmsis_gcc.h ****   \param [in]    basePri  Base Priority value to set
 569:./inc/cmsis_gcc.h ****  */
 570:./inc/cmsis_gcc.h **** __STATIC_FORCEINLINE void __TZ_set_BASEPRI_NS(uint32_t basePri)
 571:./inc/cmsis_gcc.h **** {
 572:./inc/cmsis_gcc.h ****   __ASM volatile ("MSR basepri_ns, %0" : : "r" (basePri) : "memory");
 573:./inc/cmsis_gcc.h **** }
 574:./inc/cmsis_gcc.h **** #endif
 575:./inc/cmsis_gcc.h **** 
 576:./inc/cmsis_gcc.h **** 
 577:./inc/cmsis_gcc.h **** /**
 578:./inc/cmsis_gcc.h ****   \brief   Set Base Priority with condition
 579:./inc/cmsis_gcc.h ****   \details Assigns the given value to the Base Priority register only if BASEPRI masking is disable
 580:./inc/cmsis_gcc.h ****            or the new value increases the BASEPRI priority level.
 581:./inc/cmsis_gcc.h ****   \param [in]    basePri  Base Priority value to set
 582:./inc/cmsis_gcc.h ****  */
 583:./inc/cmsis_gcc.h **** __STATIC_FORCEINLINE void __set_BASEPRI_MAX(uint32_t basePri)
 584:./inc/cmsis_gcc.h **** {
 585:./inc/cmsis_gcc.h ****   __ASM volatile ("MSR basepri_max, %0" : : "r" (basePri) : "memory");
 586:./inc/cmsis_gcc.h **** }
 587:./inc/cmsis_gcc.h **** 
 588:./inc/cmsis_gcc.h **** 
 589:./inc/cmsis_gcc.h **** /**
 590:./inc/cmsis_gcc.h ****   \brief   Get Fault Mask
 591:./inc/cmsis_gcc.h ****   \details Returns the current value of the Fault Mask register.
 592:./inc/cmsis_gcc.h ****   \return               Fault Mask register value
 593:./inc/cmsis_gcc.h ****  */
 594:./inc/cmsis_gcc.h **** __STATIC_FORCEINLINE uint32_t __get_FAULTMASK(void)
 595:./inc/cmsis_gcc.h **** {
 596:./inc/cmsis_gcc.h ****   uint32_t result;
 597:./inc/cmsis_gcc.h **** 
 598:./inc/cmsis_gcc.h ****   __ASM volatile ("MRS %0, faultmask" : "=r" (result) );
 599:./inc/cmsis_gcc.h ****   return(result);
 600:./inc/cmsis_gcc.h **** }
 601:./inc/cmsis_gcc.h **** 
 602:./inc/cmsis_gcc.h **** 
 603:./inc/cmsis_gcc.h **** #if (defined (__ARM_FEATURE_CMSE ) && (__ARM_FEATURE_CMSE == 3))
 604:./inc/cmsis_gcc.h **** /**
 605:./inc/cmsis_gcc.h ****   \brief   Get Fault Mask (non-secure)
 606:./inc/cmsis_gcc.h ****   \details Returns the current value of the non-secure Fault Mask register when in secure state.
 607:./inc/cmsis_gcc.h ****   \return               Fault Mask register value
 608:./inc/cmsis_gcc.h ****  */
 609:./inc/cmsis_gcc.h **** __STATIC_FORCEINLINE uint32_t __TZ_get_FAULTMASK_NS(void)
 610:./inc/cmsis_gcc.h **** {
 611:./inc/cmsis_gcc.h ****   uint32_t result;
 612:./inc/cmsis_gcc.h **** 
 613:./inc/cmsis_gcc.h ****   __ASM volatile ("MRS %0, faultmask_ns" : "=r" (result) );
 614:./inc/cmsis_gcc.h ****   return(result);
 615:./inc/cmsis_gcc.h **** }
 616:./inc/cmsis_gcc.h **** #endif
 617:./inc/cmsis_gcc.h **** 
 618:./inc/cmsis_gcc.h **** 
 619:./inc/cmsis_gcc.h **** /**
 620:./inc/cmsis_gcc.h ****   \brief   Set Fault Mask
 621:./inc/cmsis_gcc.h ****   \details Assigns the given value to the Fault Mask register.
 622:./inc/cmsis_gcc.h ****   \param [in]    faultMask  Fault Mask value to set
 623:./inc/cmsis_gcc.h ****  */
 624:./inc/cmsis_gcc.h **** __STATIC_FORCEINLINE void __set_FAULTMASK(uint32_t faultMask)
 625:./inc/cmsis_gcc.h **** {
 626:./inc/cmsis_gcc.h ****   __ASM volatile ("MSR faultmask, %0" : : "r" (faultMask) : "memory");
 627:./inc/cmsis_gcc.h **** }
 628:./inc/cmsis_gcc.h **** 
 629:./inc/cmsis_gcc.h **** 
 630:./inc/cmsis_gcc.h **** #if (defined (__ARM_FEATURE_CMSE ) && (__ARM_FEATURE_CMSE == 3))
 631:./inc/cmsis_gcc.h **** /**
 632:./inc/cmsis_gcc.h ****   \brief   Set Fault Mask (non-secure)
 633:./inc/cmsis_gcc.h ****   \details Assigns the given value to the non-secure Fault Mask register when in secure state.
 634:./inc/cmsis_gcc.h ****   \param [in]    faultMask  Fault Mask value to set
 635:./inc/cmsis_gcc.h ****  */
 636:./inc/cmsis_gcc.h **** __STATIC_FORCEINLINE void __TZ_set_FAULTMASK_NS(uint32_t faultMask)
 637:./inc/cmsis_gcc.h **** {
 638:./inc/cmsis_gcc.h ****   __ASM volatile ("MSR faultmask_ns, %0" : : "r" (faultMask) : "memory");
 639:./inc/cmsis_gcc.h **** }
 640:./inc/cmsis_gcc.h **** #endif
 641:./inc/cmsis_gcc.h **** 
 642:./inc/cmsis_gcc.h **** #endif /* ((defined (__ARM_ARCH_7M__      ) && (__ARM_ARCH_7M__      == 1)) || \
 643:./inc/cmsis_gcc.h ****            (defined (__ARM_ARCH_7EM__     ) && (__ARM_ARCH_7EM__     == 1)) || \
 644:./inc/cmsis_gcc.h ****            (defined (__ARM_ARCH_8M_MAIN__ ) && (__ARM_ARCH_8M_MAIN__ == 1))    ) */
 645:./inc/cmsis_gcc.h **** 
 646:./inc/cmsis_gcc.h **** 
 647:./inc/cmsis_gcc.h **** #if ((defined (__ARM_ARCH_8M_MAIN__ ) && (__ARM_ARCH_8M_MAIN__ == 1)) || \
 648:./inc/cmsis_gcc.h ****      (defined (__ARM_ARCH_8M_BASE__ ) && (__ARM_ARCH_8M_BASE__ == 1))    )
 649:./inc/cmsis_gcc.h **** 
 650:./inc/cmsis_gcc.h **** /**
 651:./inc/cmsis_gcc.h ****   \brief   Get Process Stack Pointer Limit
 652:./inc/cmsis_gcc.h ****   Devices without ARMv8-M Main Extensions (i.e. Cortex-M23) lack the non-secure
 653:./inc/cmsis_gcc.h ****   Stack Pointer Limit register hence zero is returned always in non-secure
 654:./inc/cmsis_gcc.h ****   mode.
 655:./inc/cmsis_gcc.h ****   
 656:./inc/cmsis_gcc.h ****   \details Returns the current value of the Process Stack Pointer Limit (PSPLIM).
 657:./inc/cmsis_gcc.h ****   \return               PSPLIM Register value
 658:./inc/cmsis_gcc.h ****  */
 659:./inc/cmsis_gcc.h **** __STATIC_FORCEINLINE uint32_t __get_PSPLIM(void)
 660:./inc/cmsis_gcc.h **** {
 661:./inc/cmsis_gcc.h **** #if (!(defined (__ARM_ARCH_8M_MAIN__ ) && (__ARM_ARCH_8M_MAIN__ == 1)) && \
 662:./inc/cmsis_gcc.h ****     (!defined (__ARM_FEATURE_CMSE) || (__ARM_FEATURE_CMSE < 3)))
 663:./inc/cmsis_gcc.h ****     // without main extensions, the non-secure PSPLIM is RAZ/WI
 664:./inc/cmsis_gcc.h ****   return 0U;
 665:./inc/cmsis_gcc.h **** #else
 666:./inc/cmsis_gcc.h ****   uint32_t result;
 667:./inc/cmsis_gcc.h ****   __ASM volatile ("MRS %0, psplim"  : "=r" (result) );
 668:./inc/cmsis_gcc.h ****   return result;
 669:./inc/cmsis_gcc.h **** #endif
 670:./inc/cmsis_gcc.h **** }
 671:./inc/cmsis_gcc.h **** 
 672:./inc/cmsis_gcc.h **** #if (defined (__ARM_FEATURE_CMSE) && (__ARM_FEATURE_CMSE == 3))
 673:./inc/cmsis_gcc.h **** /**
 674:./inc/cmsis_gcc.h ****   \brief   Get Process Stack Pointer Limit (non-secure)
 675:./inc/cmsis_gcc.h ****   Devices without ARMv8-M Main Extensions (i.e. Cortex-M23) lack the non-secure
 676:./inc/cmsis_gcc.h ****   Stack Pointer Limit register hence zero is returned always.
 677:./inc/cmsis_gcc.h **** 
 678:./inc/cmsis_gcc.h ****   \details Returns the current value of the non-secure Process Stack Pointer Limit (PSPLIM) when in
 679:./inc/cmsis_gcc.h ****   \return               PSPLIM Register value
 680:./inc/cmsis_gcc.h ****  */
 681:./inc/cmsis_gcc.h **** __STATIC_FORCEINLINE uint32_t __TZ_get_PSPLIM_NS(void)
 682:./inc/cmsis_gcc.h **** {
 683:./inc/cmsis_gcc.h **** #if (!(defined (__ARM_ARCH_8M_MAIN__ ) && (__ARM_ARCH_8M_MAIN__ == 1)))
 684:./inc/cmsis_gcc.h ****   // without main extensions, the non-secure PSPLIM is RAZ/WI
 685:./inc/cmsis_gcc.h ****   return 0U;
 686:./inc/cmsis_gcc.h **** #else
 687:./inc/cmsis_gcc.h ****   uint32_t result;
 688:./inc/cmsis_gcc.h ****   __ASM volatile ("MRS %0, psplim_ns"  : "=r" (result) );
 689:./inc/cmsis_gcc.h ****   return result;
 690:./inc/cmsis_gcc.h **** #endif
 691:./inc/cmsis_gcc.h **** }
 692:./inc/cmsis_gcc.h **** #endif
 693:./inc/cmsis_gcc.h **** 
 694:./inc/cmsis_gcc.h **** 
 695:./inc/cmsis_gcc.h **** /**
 696:./inc/cmsis_gcc.h ****   \brief   Set Process Stack Pointer Limit
 697:./inc/cmsis_gcc.h ****   Devices without ARMv8-M Main Extensions (i.e. Cortex-M23) lack the non-secure
 698:./inc/cmsis_gcc.h ****   Stack Pointer Limit register hence the write is silently ignored in non-secure
 699:./inc/cmsis_gcc.h ****   mode.
 700:./inc/cmsis_gcc.h ****   
 701:./inc/cmsis_gcc.h ****   \details Assigns the given value to the Process Stack Pointer Limit (PSPLIM).
 702:./inc/cmsis_gcc.h ****   \param [in]    ProcStackPtrLimit  Process Stack Pointer Limit value to set
 703:./inc/cmsis_gcc.h ****  */
 704:./inc/cmsis_gcc.h **** __STATIC_FORCEINLINE void __set_PSPLIM(uint32_t ProcStackPtrLimit)
 705:./inc/cmsis_gcc.h **** {
 706:./inc/cmsis_gcc.h **** #if (!(defined (__ARM_ARCH_8M_MAIN__ ) && (__ARM_ARCH_8M_MAIN__ == 1)) && \
 707:./inc/cmsis_gcc.h ****     (!defined (__ARM_FEATURE_CMSE) || (__ARM_FEATURE_CMSE < 3)))
 708:./inc/cmsis_gcc.h ****   // without main extensions, the non-secure PSPLIM is RAZ/WI
 709:./inc/cmsis_gcc.h ****   (void)ProcStackPtrLimit;
 710:./inc/cmsis_gcc.h **** #else
 711:./inc/cmsis_gcc.h ****   __ASM volatile ("MSR psplim, %0" : : "r" (ProcStackPtrLimit));
 712:./inc/cmsis_gcc.h **** #endif
 713:./inc/cmsis_gcc.h **** }
 714:./inc/cmsis_gcc.h **** 
 715:./inc/cmsis_gcc.h **** 
 716:./inc/cmsis_gcc.h **** #if (defined (__ARM_FEATURE_CMSE  ) && (__ARM_FEATURE_CMSE   == 3))
 717:./inc/cmsis_gcc.h **** /**
 718:./inc/cmsis_gcc.h ****   \brief   Set Process Stack Pointer (non-secure)
 719:./inc/cmsis_gcc.h ****   Devices without ARMv8-M Main Extensions (i.e. Cortex-M23) lack the non-secure
 720:./inc/cmsis_gcc.h ****   Stack Pointer Limit register hence the write is silently ignored.
 721:./inc/cmsis_gcc.h **** 
 722:./inc/cmsis_gcc.h ****   \details Assigns the given value to the non-secure Process Stack Pointer Limit (PSPLIM) when in s
 723:./inc/cmsis_gcc.h ****   \param [in]    ProcStackPtrLimit  Process Stack Pointer Limit value to set
 724:./inc/cmsis_gcc.h ****  */
 725:./inc/cmsis_gcc.h **** __STATIC_FORCEINLINE void __TZ_set_PSPLIM_NS(uint32_t ProcStackPtrLimit)
 726:./inc/cmsis_gcc.h **** {
 727:./inc/cmsis_gcc.h **** #if (!(defined (__ARM_ARCH_8M_MAIN__ ) && (__ARM_ARCH_8M_MAIN__ == 1)))
 728:./inc/cmsis_gcc.h ****   // without main extensions, the non-secure PSPLIM is RAZ/WI
 729:./inc/cmsis_gcc.h ****   (void)ProcStackPtrLimit;
 730:./inc/cmsis_gcc.h **** #else
 731:./inc/cmsis_gcc.h ****   __ASM volatile ("MSR psplim_ns, %0\n" : : "r" (ProcStackPtrLimit));
 732:./inc/cmsis_gcc.h **** #endif
 733:./inc/cmsis_gcc.h **** }
 734:./inc/cmsis_gcc.h **** #endif
 735:./inc/cmsis_gcc.h **** 
 736:./inc/cmsis_gcc.h **** 
 737:./inc/cmsis_gcc.h **** /**
 738:./inc/cmsis_gcc.h ****   \brief   Get Main Stack Pointer Limit
 739:./inc/cmsis_gcc.h ****   Devices without ARMv8-M Main Extensions (i.e. Cortex-M23) lack the non-secure
 740:./inc/cmsis_gcc.h ****   Stack Pointer Limit register hence zero is returned always in non-secure
 741:./inc/cmsis_gcc.h ****   mode.
 742:./inc/cmsis_gcc.h **** 
 743:./inc/cmsis_gcc.h ****   \details Returns the current value of the Main Stack Pointer Limit (MSPLIM).
 744:./inc/cmsis_gcc.h ****   \return               MSPLIM Register value
 745:./inc/cmsis_gcc.h ****  */
 746:./inc/cmsis_gcc.h **** __STATIC_FORCEINLINE uint32_t __get_MSPLIM(void)
 747:./inc/cmsis_gcc.h **** {
 748:./inc/cmsis_gcc.h **** #if (!(defined (__ARM_ARCH_8M_MAIN__ ) && (__ARM_ARCH_8M_MAIN__ == 1)) && \
 749:./inc/cmsis_gcc.h ****     (!defined (__ARM_FEATURE_CMSE) || (__ARM_FEATURE_CMSE < 3)))
 750:./inc/cmsis_gcc.h ****   // without main extensions, the non-secure MSPLIM is RAZ/WI
 751:./inc/cmsis_gcc.h ****   return 0U;
 752:./inc/cmsis_gcc.h **** #else
 753:./inc/cmsis_gcc.h ****   uint32_t result;
 754:./inc/cmsis_gcc.h ****   __ASM volatile ("MRS %0, msplim" : "=r" (result) );
 755:./inc/cmsis_gcc.h ****   return result;
 756:./inc/cmsis_gcc.h **** #endif
 757:./inc/cmsis_gcc.h **** }
 758:./inc/cmsis_gcc.h **** 
 759:./inc/cmsis_gcc.h **** 
 760:./inc/cmsis_gcc.h **** #if (defined (__ARM_FEATURE_CMSE  ) && (__ARM_FEATURE_CMSE   == 3))
 761:./inc/cmsis_gcc.h **** /**
 762:./inc/cmsis_gcc.h ****   \brief   Get Main Stack Pointer Limit (non-secure)
 763:./inc/cmsis_gcc.h ****   Devices without ARMv8-M Main Extensions (i.e. Cortex-M23) lack the non-secure
 764:./inc/cmsis_gcc.h ****   Stack Pointer Limit register hence zero is returned always.
 765:./inc/cmsis_gcc.h **** 
 766:./inc/cmsis_gcc.h ****   \details Returns the current value of the non-secure Main Stack Pointer Limit(MSPLIM) when in sec
 767:./inc/cmsis_gcc.h ****   \return               MSPLIM Register value
 768:./inc/cmsis_gcc.h ****  */
 769:./inc/cmsis_gcc.h **** __STATIC_FORCEINLINE uint32_t __TZ_get_MSPLIM_NS(void)
 770:./inc/cmsis_gcc.h **** {
 771:./inc/cmsis_gcc.h **** #if (!(defined (__ARM_ARCH_8M_MAIN__ ) && (__ARM_ARCH_8M_MAIN__ == 1)))
 772:./inc/cmsis_gcc.h ****   // without main extensions, the non-secure MSPLIM is RAZ/WI
 773:./inc/cmsis_gcc.h ****   return 0U;
 774:./inc/cmsis_gcc.h **** #else
 775:./inc/cmsis_gcc.h ****   uint32_t result;
 776:./inc/cmsis_gcc.h ****   __ASM volatile ("MRS %0, msplim_ns" : "=r" (result) );
 777:./inc/cmsis_gcc.h ****   return result;
 778:./inc/cmsis_gcc.h **** #endif
 779:./inc/cmsis_gcc.h **** }
 780:./inc/cmsis_gcc.h **** #endif
 781:./inc/cmsis_gcc.h **** 
 782:./inc/cmsis_gcc.h **** 
 783:./inc/cmsis_gcc.h **** /**
 784:./inc/cmsis_gcc.h ****   \brief   Set Main Stack Pointer Limit
 785:./inc/cmsis_gcc.h ****   Devices without ARMv8-M Main Extensions (i.e. Cortex-M23) lack the non-secure
 786:./inc/cmsis_gcc.h ****   Stack Pointer Limit register hence the write is silently ignored in non-secure
 787:./inc/cmsis_gcc.h ****   mode.
 788:./inc/cmsis_gcc.h **** 
 789:./inc/cmsis_gcc.h ****   \details Assigns the given value to the Main Stack Pointer Limit (MSPLIM).
 790:./inc/cmsis_gcc.h ****   \param [in]    MainStackPtrLimit  Main Stack Pointer Limit value to set
 791:./inc/cmsis_gcc.h ****  */
 792:./inc/cmsis_gcc.h **** __STATIC_FORCEINLINE void __set_MSPLIM(uint32_t MainStackPtrLimit)
 793:./inc/cmsis_gcc.h **** {
 794:./inc/cmsis_gcc.h **** #if (!(defined (__ARM_ARCH_8M_MAIN__ ) && (__ARM_ARCH_8M_MAIN__ == 1)) && \
 795:./inc/cmsis_gcc.h ****     (!defined (__ARM_FEATURE_CMSE) || (__ARM_FEATURE_CMSE < 3)))
 796:./inc/cmsis_gcc.h ****   // without main extensions, the non-secure MSPLIM is RAZ/WI
 797:./inc/cmsis_gcc.h ****   (void)MainStackPtrLimit;
 798:./inc/cmsis_gcc.h **** #else
 799:./inc/cmsis_gcc.h ****   __ASM volatile ("MSR msplim, %0" : : "r" (MainStackPtrLimit));
 800:./inc/cmsis_gcc.h **** #endif
 801:./inc/cmsis_gcc.h **** }
 802:./inc/cmsis_gcc.h **** 
 803:./inc/cmsis_gcc.h **** 
 804:./inc/cmsis_gcc.h **** #if (defined (__ARM_FEATURE_CMSE  ) && (__ARM_FEATURE_CMSE   == 3))
 805:./inc/cmsis_gcc.h **** /**
 806:./inc/cmsis_gcc.h ****   \brief   Set Main Stack Pointer Limit (non-secure)
 807:./inc/cmsis_gcc.h ****   Devices without ARMv8-M Main Extensions (i.e. Cortex-M23) lack the non-secure
 808:./inc/cmsis_gcc.h ****   Stack Pointer Limit register hence the write is silently ignored.
 809:./inc/cmsis_gcc.h **** 
 810:./inc/cmsis_gcc.h ****   \details Assigns the given value to the non-secure Main Stack Pointer Limit (MSPLIM) when in secu
 811:./inc/cmsis_gcc.h ****   \param [in]    MainStackPtrLimit  Main Stack Pointer value to set
 812:./inc/cmsis_gcc.h ****  */
 813:./inc/cmsis_gcc.h **** __STATIC_FORCEINLINE void __TZ_set_MSPLIM_NS(uint32_t MainStackPtrLimit)
 814:./inc/cmsis_gcc.h **** {
 815:./inc/cmsis_gcc.h **** #if (!(defined (__ARM_ARCH_8M_MAIN__ ) && (__ARM_ARCH_8M_MAIN__ == 1)))
 816:./inc/cmsis_gcc.h ****   // without main extensions, the non-secure MSPLIM is RAZ/WI
 817:./inc/cmsis_gcc.h ****   (void)MainStackPtrLimit;
 818:./inc/cmsis_gcc.h **** #else
 819:./inc/cmsis_gcc.h ****   __ASM volatile ("MSR msplim_ns, %0" : : "r" (MainStackPtrLimit));
 820:./inc/cmsis_gcc.h **** #endif
 821:./inc/cmsis_gcc.h **** }
 822:./inc/cmsis_gcc.h **** #endif
 823:./inc/cmsis_gcc.h **** 
 824:./inc/cmsis_gcc.h **** #endif /* ((defined (__ARM_ARCH_8M_MAIN__ ) && (__ARM_ARCH_8M_MAIN__ == 1)) || \
 825:./inc/cmsis_gcc.h ****            (defined (__ARM_ARCH_8M_BASE__ ) && (__ARM_ARCH_8M_BASE__ == 1))    ) */
 826:./inc/cmsis_gcc.h **** 
 827:./inc/cmsis_gcc.h **** 
 828:./inc/cmsis_gcc.h **** /**
 829:./inc/cmsis_gcc.h ****   \brief   Get FPSCR
 830:./inc/cmsis_gcc.h ****   \details Returns the current value of the Floating Point Status/Control register.
 831:./inc/cmsis_gcc.h ****   \return               Floating Point Status/Control register value
 832:./inc/cmsis_gcc.h ****  */
 833:./inc/cmsis_gcc.h **** __STATIC_FORCEINLINE uint32_t __get_FPSCR(void)
 834:./inc/cmsis_gcc.h **** {
 835:./inc/cmsis_gcc.h **** #if ((defined (__FPU_PRESENT) && (__FPU_PRESENT == 1U)) && \
 836:./inc/cmsis_gcc.h ****      (defined (__FPU_USED   ) && (__FPU_USED    == 1U))     )
 837:./inc/cmsis_gcc.h **** #if __has_builtin(__builtin_arm_get_fpscr) 
 838:./inc/cmsis_gcc.h **** // Re-enable using built-in when GCC has been fixed
 839:./inc/cmsis_gcc.h **** // || (__GNUC__ > 7) || (__GNUC__ == 7 && __GNUC_MINOR__ >= 2)
 840:./inc/cmsis_gcc.h ****   /* see https://gcc.gnu.org/ml/gcc-patches/2017-04/msg00443.html */
 841:./inc/cmsis_gcc.h ****   return __builtin_arm_get_fpscr();
 842:./inc/cmsis_gcc.h **** #else
 843:./inc/cmsis_gcc.h ****   uint32_t result;
 844:./inc/cmsis_gcc.h **** 
 845:./inc/cmsis_gcc.h ****   __ASM volatile ("VMRS %0, fpscr" : "=r" (result) );
 846:./inc/cmsis_gcc.h ****   return(result);
 847:./inc/cmsis_gcc.h **** #endif
 848:./inc/cmsis_gcc.h **** #else
 849:./inc/cmsis_gcc.h ****   return(0U);
 850:./inc/cmsis_gcc.h **** #endif
 851:./inc/cmsis_gcc.h **** }
 852:./inc/cmsis_gcc.h **** 
 853:./inc/cmsis_gcc.h **** 
 854:./inc/cmsis_gcc.h **** /**
 855:./inc/cmsis_gcc.h ****   \brief   Set FPSCR
 856:./inc/cmsis_gcc.h ****   \details Assigns the given value to the Floating Point Status/Control register.
 857:./inc/cmsis_gcc.h ****   \param [in]    fpscr  Floating Point Status/Control value to set
 858:./inc/cmsis_gcc.h ****  */
 859:./inc/cmsis_gcc.h **** __STATIC_FORCEINLINE void __set_FPSCR(uint32_t fpscr)
 860:./inc/cmsis_gcc.h **** {
 861:./inc/cmsis_gcc.h **** #if ((defined (__FPU_PRESENT) && (__FPU_PRESENT == 1U)) && \
 862:./inc/cmsis_gcc.h ****      (defined (__FPU_USED   ) && (__FPU_USED    == 1U))     )
 863:./inc/cmsis_gcc.h **** #if __has_builtin(__builtin_arm_set_fpscr)
 864:./inc/cmsis_gcc.h **** // Re-enable using built-in when GCC has been fixed
 865:./inc/cmsis_gcc.h **** // || (__GNUC__ > 7) || (__GNUC__ == 7 && __GNUC_MINOR__ >= 2)
 866:./inc/cmsis_gcc.h ****   /* see https://gcc.gnu.org/ml/gcc-patches/2017-04/msg00443.html */
 867:./inc/cmsis_gcc.h ****   __builtin_arm_set_fpscr(fpscr);
 868:./inc/cmsis_gcc.h **** #else
 869:./inc/cmsis_gcc.h ****   __ASM volatile ("VMSR fpscr, %0" : : "r" (fpscr) : "vfpcc", "memory");
 870:./inc/cmsis_gcc.h **** #endif
 871:./inc/cmsis_gcc.h **** #else
 872:./inc/cmsis_gcc.h ****   (void)fpscr;
 873:./inc/cmsis_gcc.h **** #endif
 874:./inc/cmsis_gcc.h **** }
 875:./inc/cmsis_gcc.h **** 
 876:./inc/cmsis_gcc.h **** 
 877:./inc/cmsis_gcc.h **** /*@} end of CMSIS_Core_RegAccFunctions */
 878:./inc/cmsis_gcc.h **** 
 879:./inc/cmsis_gcc.h **** 
 880:./inc/cmsis_gcc.h **** /* ##########################  Core Instruction Access  ######################### */
 881:./inc/cmsis_gcc.h **** /** \defgroup CMSIS_Core_InstructionInterface CMSIS Core Instruction Interface
 882:./inc/cmsis_gcc.h ****   Access to dedicated instructions
 883:./inc/cmsis_gcc.h ****   @{
 884:./inc/cmsis_gcc.h **** */
 885:./inc/cmsis_gcc.h **** 
 886:./inc/cmsis_gcc.h **** /* Define macros for porting to both thumb1 and thumb2.
 887:./inc/cmsis_gcc.h ****  * For thumb1, use low register (r0-r7), specified by constraint "l"
 888:./inc/cmsis_gcc.h ****  * Otherwise, use general registers, specified by constraint "r" */
 889:./inc/cmsis_gcc.h **** #if defined (__thumb__) && !defined (__thumb2__)
 890:./inc/cmsis_gcc.h **** #define __CMSIS_GCC_OUT_REG(r) "=l" (r)
 891:./inc/cmsis_gcc.h **** #define __CMSIS_GCC_RW_REG(r) "+l" (r)
 892:./inc/cmsis_gcc.h **** #define __CMSIS_GCC_USE_REG(r) "l" (r)
 893:./inc/cmsis_gcc.h **** #else
 894:./inc/cmsis_gcc.h **** #define __CMSIS_GCC_OUT_REG(r) "=r" (r)
 895:./inc/cmsis_gcc.h **** #define __CMSIS_GCC_RW_REG(r) "+r" (r)
 896:./inc/cmsis_gcc.h **** #define __CMSIS_GCC_USE_REG(r) "r" (r)
 897:./inc/cmsis_gcc.h **** #endif
 898:./inc/cmsis_gcc.h **** 
 899:./inc/cmsis_gcc.h **** /**
 900:./inc/cmsis_gcc.h ****   \brief   No Operation
 901:./inc/cmsis_gcc.h ****   \details No Operation does nothing. This instruction can be used for code alignment purposes.
 902:./inc/cmsis_gcc.h ****  */
 903:./inc/cmsis_gcc.h **** #define __NOP()                             __ASM volatile ("nop")
 904:./inc/cmsis_gcc.h **** 
 905:./inc/cmsis_gcc.h **** /**
 906:./inc/cmsis_gcc.h ****   \brief   Wait For Interrupt
 907:./inc/cmsis_gcc.h ****   \details Wait For Interrupt is a hint instruction that suspends execution until one of a number o
 908:./inc/cmsis_gcc.h ****  */
 909:./inc/cmsis_gcc.h **** #define __WFI()                             __ASM volatile ("wfi")
 910:./inc/cmsis_gcc.h **** 
 911:./inc/cmsis_gcc.h **** 
 912:./inc/cmsis_gcc.h **** /**
 913:./inc/cmsis_gcc.h ****   \brief   Wait For Event
 914:./inc/cmsis_gcc.h ****   \details Wait For Event is a hint instruction that permits the processor to enter
 915:./inc/cmsis_gcc.h ****            a low-power state until one of a number of events occurs.
 916:./inc/cmsis_gcc.h ****  */
 917:./inc/cmsis_gcc.h **** #define __WFE()                             __ASM volatile ("wfe")
 918:./inc/cmsis_gcc.h **** 
 919:./inc/cmsis_gcc.h **** 
 920:./inc/cmsis_gcc.h **** /**
 921:./inc/cmsis_gcc.h ****   \brief   Send Event
 922:./inc/cmsis_gcc.h ****   \details Send Event is a hint instruction. It causes an event to be signaled to the CPU.
 923:./inc/cmsis_gcc.h ****  */
 924:./inc/cmsis_gcc.h **** #define __SEV()                             __ASM volatile ("sev")
 925:./inc/cmsis_gcc.h **** 
 926:./inc/cmsis_gcc.h **** 
 927:./inc/cmsis_gcc.h **** /**
 928:./inc/cmsis_gcc.h ****   \brief   Instruction Synchronization Barrier
 929:./inc/cmsis_gcc.h ****   \details Instruction Synchronization Barrier flushes the pipeline in the processor,
 930:./inc/cmsis_gcc.h ****            so that all instructions following the ISB are fetched from cache or memory,
 931:./inc/cmsis_gcc.h ****            after the instruction has been completed.
 932:./inc/cmsis_gcc.h ****  */
 933:./inc/cmsis_gcc.h **** __STATIC_FORCEINLINE void __ISB(void)
 934:./inc/cmsis_gcc.h **** {
 935:./inc/cmsis_gcc.h ****   __ASM volatile ("isb 0xF":::"memory");
 936:./inc/cmsis_gcc.h **** }
 937:./inc/cmsis_gcc.h **** 
 938:./inc/cmsis_gcc.h **** 
 939:./inc/cmsis_gcc.h **** /**
 940:./inc/cmsis_gcc.h ****   \brief   Data Synchronization Barrier
 941:./inc/cmsis_gcc.h ****   \details Acts as a special kind of Data Memory Barrier.
 942:./inc/cmsis_gcc.h ****            It completes when all explicit memory accesses before this instruction complete.
 943:./inc/cmsis_gcc.h ****  */
 944:./inc/cmsis_gcc.h **** __STATIC_FORCEINLINE void __DSB(void)
 364              		.loc 3 944 27 view .LVU107
 365              	.LBB78:
 945:./inc/cmsis_gcc.h **** {
 946:./inc/cmsis_gcc.h ****   __ASM volatile ("dsb 0xF":::"memory");
 366              		.loc 3 946 3 view .LVU108
 367              		.syntax unified
 368              	@ 946 "./inc/cmsis_gcc.h" 1
 369 00ce BFF34F8F 		dsb 0xF
 370              	@ 0 "" 2
 371              		.thumb
 372              		.syntax unified
 373              	.LBE78:
 374              	.LBE77:
1946:./inc/core_cm7.h ****   }
 375              		.loc 2 1946 5 view .LVU109
 376              	.LBB79:
 377              	.LBI79:
 933:./inc/cmsis_gcc.h **** {
 378              		.loc 3 933 27 view .LVU110
 379              	.LBB80:
 935:./inc/cmsis_gcc.h **** }
 380              		.loc 3 935 3 view .LVU111
 381              		.syntax unified
 382              	@ 935 "./inc/cmsis_gcc.h" 1
 383 00d2 BFF36F8F 		isb 0xF
 384              	@ 0 "" 2
 385              	.LVL26:
 386              		.thumb
 387              		.syntax unified
 388              	.L17:
 935:./inc/cmsis_gcc.h **** }
 389              		.loc 3 935 3 is_stmt 0 view .LVU112
 390              	.LBE80:
 391              	.LBE79:
 392              	.LBE76:
 393              	.LBE75:
 210:./src/stm32f7xx_hal_cortex.c **** }
 394              		.loc 1 210 1 view .LVU113
 395 00d6 7047     		bx	lr
 396              	.L20:
 397              		.align	2
 398              	.L19:
 399 00d8 00E100E0 		.word	-536813312
 400              		.cfi_endproc
 401              	.LFE147:
 403              		.align	1
 404              		.p2align 2,,3
 405              		.global	HAL_NVIC_SystemReset
 406              		.syntax unified
 407              		.thumb
 408              		.thumb_func
 410              	HAL_NVIC_SystemReset:
 411              	.LFB148:
 211:./src/stm32f7xx_hal_cortex.c **** 
 212:./src/stm32f7xx_hal_cortex.c **** /**
 213:./src/stm32f7xx_hal_cortex.c ****   * @brief  Initiates a system reset request to reset the MCU.
 214:./src/stm32f7xx_hal_cortex.c ****   * @retval None
 215:./src/stm32f7xx_hal_cortex.c ****   */
 216:./src/stm32f7xx_hal_cortex.c **** void HAL_NVIC_SystemReset(void)
 217:./src/stm32f7xx_hal_cortex.c **** {
 412              		.loc 1 217 1 is_stmt 1 view -0
 413              		.cfi_startproc
 414              		@ Volatile: function does not return.
 415              		@ args = 0, pretend = 0, frame = 0
 416              		@ frame_needed = 0, uses_anonymous_args = 0
 417              		@ link register save eliminated.
 218:./src/stm32f7xx_hal_cortex.c ****   /* System Reset */
 219:./src/stm32f7xx_hal_cortex.c ****   NVIC_SystemReset();
 418              		.loc 1 219 3 view .LVU115
 419              	.LBB87:
 420              	.LBI87:
2091:./inc/core_cm7.h ****          );
2092:./inc/core_cm7.h **** }
2093:./inc/core_cm7.h **** 
2094:./inc/core_cm7.h **** 
2095:./inc/core_cm7.h **** /**
2096:./inc/core_cm7.h ****   \brief   Decode Priority
2097:./inc/core_cm7.h ****   \details Decodes an interrupt priority value with a given priority group to
2098:./inc/core_cm7.h ****            preemptive priority value and subpriority value.
2099:./inc/core_cm7.h ****            In case of a conflict between priority grouping and available
2100:./inc/core_cm7.h ****            priority bits (__NVIC_PRIO_BITS) the smallest possible priority group is set.
2101:./inc/core_cm7.h ****   \param [in]         Priority   Priority value, which can be retrieved with the function \ref NVIC
2102:./inc/core_cm7.h ****   \param [in]     PriorityGroup  Used priority group.
2103:./inc/core_cm7.h ****   \param [out] pPreemptPriority  Preemptive priority value (starting from 0).
2104:./inc/core_cm7.h ****   \param [out]     pSubPriority  Subpriority value (starting from 0).
2105:./inc/core_cm7.h ****  */
2106:./inc/core_cm7.h **** __STATIC_INLINE void NVIC_DecodePriority (uint32_t Priority, uint32_t PriorityGroup, uint32_t* cons
2107:./inc/core_cm7.h **** {
2108:./inc/core_cm7.h ****   uint32_t PriorityGroupTmp = (PriorityGroup & (uint32_t)0x07UL);   /* only values 0..7 are used   
2109:./inc/core_cm7.h ****   uint32_t PreemptPriorityBits;
2110:./inc/core_cm7.h ****   uint32_t SubPriorityBits;
2111:./inc/core_cm7.h **** 
2112:./inc/core_cm7.h ****   PreemptPriorityBits = ((7UL - PriorityGroupTmp) > (uint32_t)(__NVIC_PRIO_BITS)) ? (uint32_t)(__NV
2113:./inc/core_cm7.h ****   SubPriorityBits     = ((PriorityGroupTmp + (uint32_t)(__NVIC_PRIO_BITS)) < (uint32_t)7UL) ? (uint
2114:./inc/core_cm7.h **** 
2115:./inc/core_cm7.h ****   *pPreemptPriority = (Priority >> SubPriorityBits) & (uint32_t)((1UL << (PreemptPriorityBits)) - 1
2116:./inc/core_cm7.h ****   *pSubPriority     = (Priority                   ) & (uint32_t)((1UL << (SubPriorityBits    )) - 1
2117:./inc/core_cm7.h **** }
2118:./inc/core_cm7.h **** 
2119:./inc/core_cm7.h **** 
2120:./inc/core_cm7.h **** /**
2121:./inc/core_cm7.h ****   \brief   Set Interrupt Vector
2122:./inc/core_cm7.h ****   \details Sets an interrupt vector in SRAM based interrupt vector table.
2123:./inc/core_cm7.h ****            The interrupt number can be positive to specify a device specific interrupt,
2124:./inc/core_cm7.h ****            or negative to specify a processor exception.
2125:./inc/core_cm7.h ****            VTOR must been relocated to SRAM before.
2126:./inc/core_cm7.h ****   \param [in]   IRQn      Interrupt number
2127:./inc/core_cm7.h ****   \param [in]   vector    Address of interrupt handler function
2128:./inc/core_cm7.h ****  */
2129:./inc/core_cm7.h **** __STATIC_INLINE void __NVIC_SetVector(IRQn_Type IRQn, uint32_t vector)
2130:./inc/core_cm7.h **** {
2131:./inc/core_cm7.h ****   uint32_t vectors = (uint32_t )SCB->VTOR;
2132:./inc/core_cm7.h ****   (* (int *) (vectors + ((int32_t)IRQn + NVIC_USER_IRQ_OFFSET) * 4)) = vector;
2133:./inc/core_cm7.h ****   __DSB();
2134:./inc/core_cm7.h **** }
2135:./inc/core_cm7.h **** 
2136:./inc/core_cm7.h **** 
2137:./inc/core_cm7.h **** /**
2138:./inc/core_cm7.h ****   \brief   Get Interrupt Vector
2139:./inc/core_cm7.h ****   \details Reads an interrupt vector from interrupt vector table.
2140:./inc/core_cm7.h ****            The interrupt number can be positive to specify a device specific interrupt,
2141:./inc/core_cm7.h ****            or negative to specify a processor exception.
2142:./inc/core_cm7.h ****   \param [in]   IRQn      Interrupt number.
2143:./inc/core_cm7.h ****   \return                 Address of interrupt handler function
2144:./inc/core_cm7.h ****  */
2145:./inc/core_cm7.h **** __STATIC_INLINE uint32_t __NVIC_GetVector(IRQn_Type IRQn)
2146:./inc/core_cm7.h **** {
2147:./inc/core_cm7.h ****   uint32_t vectors = (uint32_t )SCB->VTOR;
2148:./inc/core_cm7.h ****   return (uint32_t)(* (int *) (vectors + ((int32_t)IRQn + NVIC_USER_IRQ_OFFSET) * 4));
2149:./inc/core_cm7.h **** }
2150:./inc/core_cm7.h **** 
2151:./inc/core_cm7.h **** 
2152:./inc/core_cm7.h **** /**
2153:./inc/core_cm7.h ****   \brief   System Reset
2154:./inc/core_cm7.h ****   \details Initiates a system reset request to reset the MCU.
2155:./inc/core_cm7.h ****  */
2156:./inc/core_cm7.h **** __NO_RETURN __STATIC_INLINE void __NVIC_SystemReset(void)
 421              		.loc 2 2156 34 view .LVU116
 422              	.LBB88:
2157:./inc/core_cm7.h **** {
2158:./inc/core_cm7.h ****   __DSB();                                                          /* Ensure all outstanding memor
 423              		.loc 2 2158 3 view .LVU117
 424              	.LBB89:
 425              	.LBI89:
 944:./inc/cmsis_gcc.h **** {
 426              		.loc 3 944 27 view .LVU118
 427              	.LBB90:
 428              		.loc 3 946 3 view .LVU119
 429              		.syntax unified
 430              	@ 946 "./inc/cmsis_gcc.h" 1
 431 00dc BFF34F8F 		dsb 0xF
 432              	@ 0 "" 2
 433              		.thumb
 434              		.syntax unified
 435              	.LBE90:
 436              	.LBE89:
2159:./inc/core_cm7.h ****                                                                        buffered write are completed
2160:./inc/core_cm7.h ****   SCB->AIRCR  = (uint32_t)((0x5FAUL << SCB_AIRCR_VECTKEY_Pos)    |
 437              		.loc 2 2160 3 view .LVU120
2161:./inc/core_cm7.h ****                            (SCB->AIRCR & SCB_AIRCR_PRIGROUP_Msk) |
 438              		.loc 2 2161 32 is_stmt 0 view .LVU121
 439 00e0 0549     		ldr	r1, .L23
2160:./inc/core_cm7.h ****                            (SCB->AIRCR & SCB_AIRCR_PRIGROUP_Msk) |
 440              		.loc 2 2160 17 view .LVU122
 441 00e2 064B     		ldr	r3, .L23+4
 442              		.loc 2 2161 32 view .LVU123
 443 00e4 CA68     		ldr	r2, [r1, #12]
 444              		.loc 2 2161 40 view .LVU124
 445 00e6 02F4E062 		and	r2, r2, #1792
2160:./inc/core_cm7.h ****                            (SCB->AIRCR & SCB_AIRCR_PRIGROUP_Msk) |
 446              		.loc 2 2160 17 view .LVU125
 447 00ea 1343     		orrs	r3, r3, r2
2160:./inc/core_cm7.h ****                            (SCB->AIRCR & SCB_AIRCR_PRIGROUP_Msk) |
 448              		.loc 2 2160 15 view .LVU126
 449 00ec CB60     		str	r3, [r1, #12]
2162:./inc/core_cm7.h ****                             SCB_AIRCR_SYSRESETREQ_Msk    );         /* Keep priority group unchange
2163:./inc/core_cm7.h ****   __DSB();                                                          /* Ensure completion of memory 
 450              		.loc 2 2163 3 is_stmt 1 view .LVU127
 451              	.LBB91:
 452              	.LBI91:
 944:./inc/cmsis_gcc.h **** {
 453              		.loc 3 944 27 view .LVU128
 454              	.LBB92:
 455              		.loc 3 946 3 view .LVU129
 456              		.syntax unified
 457              	@ 946 "./inc/cmsis_gcc.h" 1
 458 00ee BFF34F8F 		dsb 0xF
 459              	@ 0 "" 2
 460              		.thumb
 461              		.syntax unified
 462              	.L22:
 463              	.LBE92:
 464              	.LBE91:
2164:./inc/core_cm7.h **** 
2165:./inc/core_cm7.h ****   for(;;)                                                           /* wait until reset */
 465              		.loc 2 2165 3 view .LVU130
2166:./inc/core_cm7.h ****   {
2167:./inc/core_cm7.h ****     __NOP();
 466              		.loc 2 2167 5 discriminator 1 view .LVU131
 467              		.syntax unified
 468              	@ 2167 "./inc/core_cm7.h" 1
 469 00f2 00BF     		nop
 470              	@ 0 "" 2
2165:./inc/core_cm7.h ****   {
 471              		.loc 2 2165 3 view .LVU132
 472              		.thumb
 473              		.syntax unified
 474 00f4 FDE7     		b	.L22
 475              	.L24:
 476 00f6 00BF     		.align	2
 477              	.L23:
 478 00f8 00ED00E0 		.word	-536810240
 479 00fc 0400FA05 		.word	100270084
 480              	.LBE88:
 481              	.LBE87:
 482              		.cfi_endproc
 483              	.LFE148:
 485              		.align	1
 486              		.p2align 2,,3
 487              		.global	HAL_SYSTICK_Config
 488              		.syntax unified
 489              		.thumb
 490              		.thumb_func
 492              	HAL_SYSTICK_Config:
 493              	.LVL27:
 494              	.LFB149:
 220:./src/stm32f7xx_hal_cortex.c **** }
 221:./src/stm32f7xx_hal_cortex.c **** 
 222:./src/stm32f7xx_hal_cortex.c **** /**
 223:./src/stm32f7xx_hal_cortex.c ****   * @brief  Initializes the System Timer and its interrupt, and starts the System Tick Timer.
 224:./src/stm32f7xx_hal_cortex.c ****   *         Counter is in free running mode to generate periodic interrupts.
 225:./src/stm32f7xx_hal_cortex.c ****   * @param  TicksNumb Specifies the ticks Number of ticks between two interrupts.
 226:./src/stm32f7xx_hal_cortex.c ****   * @retval status:  - 0  Function succeeded.
 227:./src/stm32f7xx_hal_cortex.c ****   *                  - 1  Function failed.
 228:./src/stm32f7xx_hal_cortex.c ****   */
 229:./src/stm32f7xx_hal_cortex.c **** uint32_t HAL_SYSTICK_Config(uint32_t TicksNumb)
 230:./src/stm32f7xx_hal_cortex.c **** {
 495              		.loc 1 230 1 view -0
 496              		.cfi_startproc
 497              		@ args = 0, pretend = 0, frame = 0
 498              		@ frame_needed = 0, uses_anonymous_args = 0
 499              		@ link register save eliminated.
 231:./src/stm32f7xx_hal_cortex.c ****    return SysTick_Config(TicksNumb);
 500              		.loc 1 231 4 view .LVU134
 501              	.LBB99:
 502              	.LBI99:
2168:./inc/core_cm7.h ****   }
2169:./inc/core_cm7.h **** }
2170:./inc/core_cm7.h **** 
2171:./inc/core_cm7.h **** /*@} end of CMSIS_Core_NVICFunctions */
2172:./inc/core_cm7.h **** 
2173:./inc/core_cm7.h **** 
2174:./inc/core_cm7.h **** /* ##########################  MPU functions  #################################### */
2175:./inc/core_cm7.h **** 
2176:./inc/core_cm7.h **** #if defined (__MPU_PRESENT) && (__MPU_PRESENT == 1U)
2177:./inc/core_cm7.h **** 
2178:./inc/core_cm7.h **** #include "mpu_armv7.h"
2179:./inc/core_cm7.h **** 
2180:./inc/core_cm7.h **** #endif
2181:./inc/core_cm7.h **** 
2182:./inc/core_cm7.h **** 
2183:./inc/core_cm7.h **** /* ##########################  FPU functions  #################################### */
2184:./inc/core_cm7.h **** /**
2185:./inc/core_cm7.h ****   \ingroup  CMSIS_Core_FunctionInterface
2186:./inc/core_cm7.h ****   \defgroup CMSIS_Core_FpuFunctions FPU Functions
2187:./inc/core_cm7.h ****   \brief    Function that provides FPU type.
2188:./inc/core_cm7.h ****   @{
2189:./inc/core_cm7.h ****  */
2190:./inc/core_cm7.h **** 
2191:./inc/core_cm7.h **** /**
2192:./inc/core_cm7.h ****   \brief   get FPU type
2193:./inc/core_cm7.h ****   \details returns the FPU type
2194:./inc/core_cm7.h ****   \returns
2195:./inc/core_cm7.h ****    - \b  0: No FPU
2196:./inc/core_cm7.h ****    - \b  1: Single precision FPU
2197:./inc/core_cm7.h ****    - \b  2: Double + Single precision FPU
2198:./inc/core_cm7.h ****  */
2199:./inc/core_cm7.h **** __STATIC_INLINE uint32_t SCB_GetFPUType(void)
2200:./inc/core_cm7.h **** {
2201:./inc/core_cm7.h ****   uint32_t mvfr0;
2202:./inc/core_cm7.h **** 
2203:./inc/core_cm7.h ****   mvfr0 = SCB->MVFR0;
2204:./inc/core_cm7.h ****   if      ((mvfr0 & (FPU_MVFR0_Single_precision_Msk | FPU_MVFR0_Double_precision_Msk)) == 0x220U)
2205:./inc/core_cm7.h ****   {
2206:./inc/core_cm7.h ****     return 2U;           /* Double + Single precision FPU */
2207:./inc/core_cm7.h ****   }
2208:./inc/core_cm7.h ****   else if ((mvfr0 & (FPU_MVFR0_Single_precision_Msk | FPU_MVFR0_Double_precision_Msk)) == 0x020U)
2209:./inc/core_cm7.h ****   {
2210:./inc/core_cm7.h ****     return 1U;           /* Single precision FPU */
2211:./inc/core_cm7.h ****   }
2212:./inc/core_cm7.h ****   else
2213:./inc/core_cm7.h ****   {
2214:./inc/core_cm7.h ****     return 0U;           /* No FPU */
2215:./inc/core_cm7.h ****   }
2216:./inc/core_cm7.h **** }
2217:./inc/core_cm7.h **** 
2218:./inc/core_cm7.h **** /*@} end of CMSIS_Core_FpuFunctions */
2219:./inc/core_cm7.h **** 
2220:./inc/core_cm7.h **** 
2221:./inc/core_cm7.h **** 
2222:./inc/core_cm7.h **** /* ##########################  Cache functions  #################################### */
2223:./inc/core_cm7.h **** /**
2224:./inc/core_cm7.h ****   \ingroup  CMSIS_Core_FunctionInterface
2225:./inc/core_cm7.h ****   \defgroup CMSIS_Core_CacheFunctions Cache Functions
2226:./inc/core_cm7.h ****   \brief    Functions that configure Instruction and Data cache.
2227:./inc/core_cm7.h ****   @{
2228:./inc/core_cm7.h ****  */
2229:./inc/core_cm7.h **** 
2230:./inc/core_cm7.h **** /* Cache Size ID Register Macros */
2231:./inc/core_cm7.h **** #define CCSIDR_WAYS(x)         (((x) & SCB_CCSIDR_ASSOCIATIVITY_Msk) >> SCB_CCSIDR_ASSOCIATIVITY_Po
2232:./inc/core_cm7.h **** #define CCSIDR_SETS(x)         (((x) & SCB_CCSIDR_NUMSETS_Msk      ) >> SCB_CCSIDR_NUMSETS_Pos     
2233:./inc/core_cm7.h **** 
2234:./inc/core_cm7.h **** #define __SCB_DCACHE_LINE_SIZE  32U /*!< Cortex-M7 cache line size is fixed to 32 bytes (8 words). 
2235:./inc/core_cm7.h **** #define __SCB_ICACHE_LINE_SIZE  32U /*!< Cortex-M7 cache line size is fixed to 32 bytes (8 words). 
2236:./inc/core_cm7.h **** 
2237:./inc/core_cm7.h **** /**
2238:./inc/core_cm7.h ****   \brief   Enable I-Cache
2239:./inc/core_cm7.h ****   \details Turns on I-Cache
2240:./inc/core_cm7.h ****   */
2241:./inc/core_cm7.h **** __STATIC_FORCEINLINE void SCB_EnableICache (void)
2242:./inc/core_cm7.h **** {
2243:./inc/core_cm7.h ****   #if defined (__ICACHE_PRESENT) && (__ICACHE_PRESENT == 1U)
2244:./inc/core_cm7.h ****     if (SCB->CCR & SCB_CCR_IC_Msk) return;  /* return if ICache is already enabled */
2245:./inc/core_cm7.h **** 
2246:./inc/core_cm7.h ****     __DSB();
2247:./inc/core_cm7.h ****     __ISB();
2248:./inc/core_cm7.h ****     SCB->ICIALLU = 0UL;                     /* invalidate I-Cache */
2249:./inc/core_cm7.h ****     __DSB();
2250:./inc/core_cm7.h ****     __ISB();
2251:./inc/core_cm7.h ****     SCB->CCR |=  (uint32_t)SCB_CCR_IC_Msk;  /* enable I-Cache */
2252:./inc/core_cm7.h ****     __DSB();
2253:./inc/core_cm7.h ****     __ISB();
2254:./inc/core_cm7.h ****   #endif
2255:./inc/core_cm7.h **** }
2256:./inc/core_cm7.h **** 
2257:./inc/core_cm7.h **** 
2258:./inc/core_cm7.h **** /**
2259:./inc/core_cm7.h ****   \brief   Disable I-Cache
2260:./inc/core_cm7.h ****   \details Turns off I-Cache
2261:./inc/core_cm7.h ****   */
2262:./inc/core_cm7.h **** __STATIC_FORCEINLINE void SCB_DisableICache (void)
2263:./inc/core_cm7.h **** {
2264:./inc/core_cm7.h ****   #if defined (__ICACHE_PRESENT) && (__ICACHE_PRESENT == 1U)
2265:./inc/core_cm7.h ****     __DSB();
2266:./inc/core_cm7.h ****     __ISB();
2267:./inc/core_cm7.h ****     SCB->CCR &= ~(uint32_t)SCB_CCR_IC_Msk;  /* disable I-Cache */
2268:./inc/core_cm7.h ****     SCB->ICIALLU = 0UL;                     /* invalidate I-Cache */
2269:./inc/core_cm7.h ****     __DSB();
2270:./inc/core_cm7.h ****     __ISB();
2271:./inc/core_cm7.h ****   #endif
2272:./inc/core_cm7.h **** }
2273:./inc/core_cm7.h **** 
2274:./inc/core_cm7.h **** 
2275:./inc/core_cm7.h **** /**
2276:./inc/core_cm7.h ****   \brief   Invalidate I-Cache
2277:./inc/core_cm7.h ****   \details Invalidates I-Cache
2278:./inc/core_cm7.h ****   */
2279:./inc/core_cm7.h **** __STATIC_FORCEINLINE void SCB_InvalidateICache (void)
2280:./inc/core_cm7.h **** {
2281:./inc/core_cm7.h ****   #if defined (__ICACHE_PRESENT) && (__ICACHE_PRESENT == 1U)
2282:./inc/core_cm7.h ****     __DSB();
2283:./inc/core_cm7.h ****     __ISB();
2284:./inc/core_cm7.h ****     SCB->ICIALLU = 0UL;
2285:./inc/core_cm7.h ****     __DSB();
2286:./inc/core_cm7.h ****     __ISB();
2287:./inc/core_cm7.h ****   #endif
2288:./inc/core_cm7.h **** }
2289:./inc/core_cm7.h **** 
2290:./inc/core_cm7.h **** 
2291:./inc/core_cm7.h **** /**
2292:./inc/core_cm7.h ****   \brief   I-Cache Invalidate by address
2293:./inc/core_cm7.h ****   \details Invalidates I-Cache for the given address.
2294:./inc/core_cm7.h ****            I-Cache is invalidated starting from a 32 byte aligned address in 32 byte granularity.
2295:./inc/core_cm7.h ****            I-Cache memory blocks which are part of given address + given size are invalidated.
2296:./inc/core_cm7.h ****   \param[in]   addr    address
2297:./inc/core_cm7.h ****   \param[in]   isize   size of memory block (in number of bytes)
2298:./inc/core_cm7.h **** */
2299:./inc/core_cm7.h **** __STATIC_FORCEINLINE void SCB_InvalidateICache_by_Addr (void *addr, int32_t isize)
2300:./inc/core_cm7.h **** {
2301:./inc/core_cm7.h ****   #if defined (__ICACHE_PRESENT) && (__ICACHE_PRESENT == 1U)
2302:./inc/core_cm7.h ****     if ( isize > 0 ) {
2303:./inc/core_cm7.h ****        int32_t op_size = isize + (((uint32_t)addr) & (__SCB_ICACHE_LINE_SIZE - 1U));
2304:./inc/core_cm7.h ****       uint32_t op_addr = (uint32_t)addr /* & ~(__SCB_ICACHE_LINE_SIZE - 1U) */;
2305:./inc/core_cm7.h **** 
2306:./inc/core_cm7.h ****       __DSB();
2307:./inc/core_cm7.h **** 
2308:./inc/core_cm7.h ****       do {
2309:./inc/core_cm7.h ****         SCB->ICIMVAU = op_addr;             /* register accepts only 32byte aligned values, only bi
2310:./inc/core_cm7.h ****         op_addr += __SCB_ICACHE_LINE_SIZE;
2311:./inc/core_cm7.h ****         op_size -= __SCB_ICACHE_LINE_SIZE;
2312:./inc/core_cm7.h ****       } while ( op_size > 0 );
2313:./inc/core_cm7.h **** 
2314:./inc/core_cm7.h ****       __DSB();
2315:./inc/core_cm7.h ****       __ISB();
2316:./inc/core_cm7.h ****     }
2317:./inc/core_cm7.h ****   #endif
2318:./inc/core_cm7.h **** }
2319:./inc/core_cm7.h **** 
2320:./inc/core_cm7.h **** 
2321:./inc/core_cm7.h **** /**
2322:./inc/core_cm7.h ****   \brief   Enable D-Cache
2323:./inc/core_cm7.h ****   \details Turns on D-Cache
2324:./inc/core_cm7.h ****   */
2325:./inc/core_cm7.h **** __STATIC_FORCEINLINE void SCB_EnableDCache (void)
2326:./inc/core_cm7.h **** {
2327:./inc/core_cm7.h ****   #if defined (__DCACHE_PRESENT) && (__DCACHE_PRESENT == 1U)
2328:./inc/core_cm7.h ****     uint32_t ccsidr;
2329:./inc/core_cm7.h ****     uint32_t sets;
2330:./inc/core_cm7.h ****     uint32_t ways;
2331:./inc/core_cm7.h **** 
2332:./inc/core_cm7.h ****     if (SCB->CCR & SCB_CCR_DC_Msk) return;  /* return if DCache is already enabled */
2333:./inc/core_cm7.h **** 
2334:./inc/core_cm7.h ****     SCB->CSSELR = 0U;                       /* select Level 1 data cache */
2335:./inc/core_cm7.h ****     __DSB();
2336:./inc/core_cm7.h **** 
2337:./inc/core_cm7.h ****     ccsidr = SCB->CCSIDR;
2338:./inc/core_cm7.h **** 
2339:./inc/core_cm7.h ****                                             /* invalidate D-Cache */
2340:./inc/core_cm7.h ****     sets = (uint32_t)(CCSIDR_SETS(ccsidr));
2341:./inc/core_cm7.h ****     do {
2342:./inc/core_cm7.h ****       ways = (uint32_t)(CCSIDR_WAYS(ccsidr));
2343:./inc/core_cm7.h ****       do {
2344:./inc/core_cm7.h ****         SCB->DCISW = (((sets << SCB_DCISW_SET_Pos) & SCB_DCISW_SET_Msk) |
2345:./inc/core_cm7.h ****                       ((ways << SCB_DCISW_WAY_Pos) & SCB_DCISW_WAY_Msk)  );
2346:./inc/core_cm7.h ****         #if defined ( __CC_ARM )
2347:./inc/core_cm7.h ****           __schedule_barrier();
2348:./inc/core_cm7.h ****         #endif
2349:./inc/core_cm7.h ****       } while (ways-- != 0U);
2350:./inc/core_cm7.h ****     } while(sets-- != 0U);
2351:./inc/core_cm7.h ****     __DSB();
2352:./inc/core_cm7.h **** 
2353:./inc/core_cm7.h ****     SCB->CCR |=  (uint32_t)SCB_CCR_DC_Msk;  /* enable D-Cache */
2354:./inc/core_cm7.h **** 
2355:./inc/core_cm7.h ****     __DSB();
2356:./inc/core_cm7.h ****     __ISB();
2357:./inc/core_cm7.h ****   #endif
2358:./inc/core_cm7.h **** }
2359:./inc/core_cm7.h **** 
2360:./inc/core_cm7.h **** 
2361:./inc/core_cm7.h **** /**
2362:./inc/core_cm7.h ****   \brief   Disable D-Cache
2363:./inc/core_cm7.h ****   \details Turns off D-Cache
2364:./inc/core_cm7.h ****   */
2365:./inc/core_cm7.h **** __STATIC_FORCEINLINE void SCB_DisableDCache (void)
2366:./inc/core_cm7.h **** {
2367:./inc/core_cm7.h ****   #if defined (__DCACHE_PRESENT) && (__DCACHE_PRESENT == 1U)
2368:./inc/core_cm7.h ****     uint32_t ccsidr;
2369:./inc/core_cm7.h ****     uint32_t sets;
2370:./inc/core_cm7.h ****     uint32_t ways;
2371:./inc/core_cm7.h **** 
2372:./inc/core_cm7.h ****     SCB->CSSELR = 0U;                       /* select Level 1 data cache */
2373:./inc/core_cm7.h ****     __DSB();
2374:./inc/core_cm7.h **** 
2375:./inc/core_cm7.h ****     SCB->CCR &= ~(uint32_t)SCB_CCR_DC_Msk;  /* disable D-Cache */
2376:./inc/core_cm7.h ****     __DSB();
2377:./inc/core_cm7.h **** 
2378:./inc/core_cm7.h ****     ccsidr = SCB->CCSIDR;
2379:./inc/core_cm7.h **** 
2380:./inc/core_cm7.h ****                                             /* clean & invalidate D-Cache */
2381:./inc/core_cm7.h ****     sets = (uint32_t)(CCSIDR_SETS(ccsidr));
2382:./inc/core_cm7.h ****     do {
2383:./inc/core_cm7.h ****       ways = (uint32_t)(CCSIDR_WAYS(ccsidr));
2384:./inc/core_cm7.h ****       do {
2385:./inc/core_cm7.h ****         SCB->DCCISW = (((sets << SCB_DCCISW_SET_Pos) & SCB_DCCISW_SET_Msk) |
2386:./inc/core_cm7.h ****                        ((ways << SCB_DCCISW_WAY_Pos) & SCB_DCCISW_WAY_Msk)  );
2387:./inc/core_cm7.h ****         #if defined ( __CC_ARM )
2388:./inc/core_cm7.h ****           __schedule_barrier();
2389:./inc/core_cm7.h ****         #endif
2390:./inc/core_cm7.h ****       } while (ways-- != 0U);
2391:./inc/core_cm7.h ****     } while(sets-- != 0U);
2392:./inc/core_cm7.h **** 
2393:./inc/core_cm7.h ****     __DSB();
2394:./inc/core_cm7.h ****     __ISB();
2395:./inc/core_cm7.h ****   #endif
2396:./inc/core_cm7.h **** }
2397:./inc/core_cm7.h **** 
2398:./inc/core_cm7.h **** 
2399:./inc/core_cm7.h **** /**
2400:./inc/core_cm7.h ****   \brief   Invalidate D-Cache
2401:./inc/core_cm7.h ****   \details Invalidates D-Cache
2402:./inc/core_cm7.h ****   */
2403:./inc/core_cm7.h **** __STATIC_FORCEINLINE void SCB_InvalidateDCache (void)
2404:./inc/core_cm7.h **** {
2405:./inc/core_cm7.h ****   #if defined (__DCACHE_PRESENT) && (__DCACHE_PRESENT == 1U)
2406:./inc/core_cm7.h ****     uint32_t ccsidr;
2407:./inc/core_cm7.h ****     uint32_t sets;
2408:./inc/core_cm7.h ****     uint32_t ways;
2409:./inc/core_cm7.h **** 
2410:./inc/core_cm7.h ****     SCB->CSSELR = 0U;                       /* select Level 1 data cache */
2411:./inc/core_cm7.h ****     __DSB();
2412:./inc/core_cm7.h **** 
2413:./inc/core_cm7.h ****     ccsidr = SCB->CCSIDR;
2414:./inc/core_cm7.h **** 
2415:./inc/core_cm7.h ****                                             /* invalidate D-Cache */
2416:./inc/core_cm7.h ****     sets = (uint32_t)(CCSIDR_SETS(ccsidr));
2417:./inc/core_cm7.h ****     do {
2418:./inc/core_cm7.h ****       ways = (uint32_t)(CCSIDR_WAYS(ccsidr));
2419:./inc/core_cm7.h ****       do {
2420:./inc/core_cm7.h ****         SCB->DCISW = (((sets << SCB_DCISW_SET_Pos) & SCB_DCISW_SET_Msk) |
2421:./inc/core_cm7.h ****                       ((ways << SCB_DCISW_WAY_Pos) & SCB_DCISW_WAY_Msk)  );
2422:./inc/core_cm7.h ****         #if defined ( __CC_ARM )
2423:./inc/core_cm7.h ****           __schedule_barrier();
2424:./inc/core_cm7.h ****         #endif
2425:./inc/core_cm7.h ****       } while (ways-- != 0U);
2426:./inc/core_cm7.h ****     } while(sets-- != 0U);
2427:./inc/core_cm7.h **** 
2428:./inc/core_cm7.h ****     __DSB();
2429:./inc/core_cm7.h ****     __ISB();
2430:./inc/core_cm7.h ****   #endif
2431:./inc/core_cm7.h **** }
2432:./inc/core_cm7.h **** 
2433:./inc/core_cm7.h **** 
2434:./inc/core_cm7.h **** /**
2435:./inc/core_cm7.h ****   \brief   Clean D-Cache
2436:./inc/core_cm7.h ****   \details Cleans D-Cache
2437:./inc/core_cm7.h ****   */
2438:./inc/core_cm7.h **** __STATIC_FORCEINLINE void SCB_CleanDCache (void)
2439:./inc/core_cm7.h **** {
2440:./inc/core_cm7.h ****   #if defined (__DCACHE_PRESENT) && (__DCACHE_PRESENT == 1U)
2441:./inc/core_cm7.h ****     uint32_t ccsidr;
2442:./inc/core_cm7.h ****     uint32_t sets;
2443:./inc/core_cm7.h ****     uint32_t ways;
2444:./inc/core_cm7.h **** 
2445:./inc/core_cm7.h ****     SCB->CSSELR = 0U;                       /* select Level 1 data cache */
2446:./inc/core_cm7.h ****     __DSB();
2447:./inc/core_cm7.h **** 
2448:./inc/core_cm7.h ****     ccsidr = SCB->CCSIDR;
2449:./inc/core_cm7.h **** 
2450:./inc/core_cm7.h ****                                             /* clean D-Cache */
2451:./inc/core_cm7.h ****     sets = (uint32_t)(CCSIDR_SETS(ccsidr));
2452:./inc/core_cm7.h ****     do {
2453:./inc/core_cm7.h ****       ways = (uint32_t)(CCSIDR_WAYS(ccsidr));
2454:./inc/core_cm7.h ****       do {
2455:./inc/core_cm7.h ****         SCB->DCCSW = (((sets << SCB_DCCSW_SET_Pos) & SCB_DCCSW_SET_Msk) |
2456:./inc/core_cm7.h ****                       ((ways << SCB_DCCSW_WAY_Pos) & SCB_DCCSW_WAY_Msk)  );
2457:./inc/core_cm7.h ****         #if defined ( __CC_ARM )
2458:./inc/core_cm7.h ****           __schedule_barrier();
2459:./inc/core_cm7.h ****         #endif
2460:./inc/core_cm7.h ****       } while (ways-- != 0U);
2461:./inc/core_cm7.h ****     } while(sets-- != 0U);
2462:./inc/core_cm7.h **** 
2463:./inc/core_cm7.h ****     __DSB();
2464:./inc/core_cm7.h ****     __ISB();
2465:./inc/core_cm7.h ****   #endif
2466:./inc/core_cm7.h **** }
2467:./inc/core_cm7.h **** 
2468:./inc/core_cm7.h **** 
2469:./inc/core_cm7.h **** /**
2470:./inc/core_cm7.h ****   \brief   Clean & Invalidate D-Cache
2471:./inc/core_cm7.h ****   \details Cleans and Invalidates D-Cache
2472:./inc/core_cm7.h ****   */
2473:./inc/core_cm7.h **** __STATIC_FORCEINLINE void SCB_CleanInvalidateDCache (void)
2474:./inc/core_cm7.h **** {
2475:./inc/core_cm7.h ****   #if defined (__DCACHE_PRESENT) && (__DCACHE_PRESENT == 1U)
2476:./inc/core_cm7.h ****     uint32_t ccsidr;
2477:./inc/core_cm7.h ****     uint32_t sets;
2478:./inc/core_cm7.h ****     uint32_t ways;
2479:./inc/core_cm7.h **** 
2480:./inc/core_cm7.h ****     SCB->CSSELR = 0U;                       /* select Level 1 data cache */
2481:./inc/core_cm7.h ****     __DSB();
2482:./inc/core_cm7.h **** 
2483:./inc/core_cm7.h ****     ccsidr = SCB->CCSIDR;
2484:./inc/core_cm7.h **** 
2485:./inc/core_cm7.h ****                                             /* clean & invalidate D-Cache */
2486:./inc/core_cm7.h ****     sets = (uint32_t)(CCSIDR_SETS(ccsidr));
2487:./inc/core_cm7.h ****     do {
2488:./inc/core_cm7.h ****       ways = (uint32_t)(CCSIDR_WAYS(ccsidr));
2489:./inc/core_cm7.h ****       do {
2490:./inc/core_cm7.h ****         SCB->DCCISW = (((sets << SCB_DCCISW_SET_Pos) & SCB_DCCISW_SET_Msk) |
2491:./inc/core_cm7.h ****                        ((ways << SCB_DCCISW_WAY_Pos) & SCB_DCCISW_WAY_Msk)  );
2492:./inc/core_cm7.h ****         #if defined ( __CC_ARM )
2493:./inc/core_cm7.h ****           __schedule_barrier();
2494:./inc/core_cm7.h ****         #endif
2495:./inc/core_cm7.h ****       } while (ways-- != 0U);
2496:./inc/core_cm7.h ****     } while(sets-- != 0U);
2497:./inc/core_cm7.h **** 
2498:./inc/core_cm7.h ****     __DSB();
2499:./inc/core_cm7.h ****     __ISB();
2500:./inc/core_cm7.h ****   #endif
2501:./inc/core_cm7.h **** }
2502:./inc/core_cm7.h **** 
2503:./inc/core_cm7.h **** 
2504:./inc/core_cm7.h **** /**
2505:./inc/core_cm7.h ****   \brief   D-Cache Invalidate by address
2506:./inc/core_cm7.h ****   \details Invalidates D-Cache for the given address.
2507:./inc/core_cm7.h ****            D-Cache is invalidated starting from a 32 byte aligned address in 32 byte granularity.
2508:./inc/core_cm7.h ****            D-Cache memory blocks which are part of given address + given size are invalidated.
2509:./inc/core_cm7.h ****   \param[in]   addr    address
2510:./inc/core_cm7.h ****   \param[in]   dsize   size of memory block (in number of bytes)
2511:./inc/core_cm7.h **** */
2512:./inc/core_cm7.h **** __STATIC_FORCEINLINE void SCB_InvalidateDCache_by_Addr (void *addr, int32_t dsize)
2513:./inc/core_cm7.h **** {
2514:./inc/core_cm7.h ****   #if defined (__DCACHE_PRESENT) && (__DCACHE_PRESENT == 1U)
2515:./inc/core_cm7.h ****     if ( dsize > 0 ) { 
2516:./inc/core_cm7.h ****        int32_t op_size = dsize + (((uint32_t)addr) & (__SCB_DCACHE_LINE_SIZE - 1U));
2517:./inc/core_cm7.h ****       uint32_t op_addr = (uint32_t)addr /* & ~(__SCB_DCACHE_LINE_SIZE - 1U) */;
2518:./inc/core_cm7.h ****     
2519:./inc/core_cm7.h ****       __DSB();
2520:./inc/core_cm7.h **** 
2521:./inc/core_cm7.h ****       do {
2522:./inc/core_cm7.h ****         SCB->DCIMVAC = op_addr;             /* register accepts only 32byte aligned values, only bi
2523:./inc/core_cm7.h ****         op_addr += __SCB_DCACHE_LINE_SIZE;
2524:./inc/core_cm7.h ****         op_size -= __SCB_DCACHE_LINE_SIZE;
2525:./inc/core_cm7.h ****       } while ( op_size > 0 );
2526:./inc/core_cm7.h **** 
2527:./inc/core_cm7.h ****       __DSB();
2528:./inc/core_cm7.h ****       __ISB();
2529:./inc/core_cm7.h ****     }
2530:./inc/core_cm7.h ****   #endif
2531:./inc/core_cm7.h **** }
2532:./inc/core_cm7.h **** 
2533:./inc/core_cm7.h **** 
2534:./inc/core_cm7.h **** /**
2535:./inc/core_cm7.h ****   \brief   D-Cache Clean by address
2536:./inc/core_cm7.h ****   \details Cleans D-Cache for the given address
2537:./inc/core_cm7.h ****            D-Cache is cleaned starting from a 32 byte aligned address in 32 byte granularity.
2538:./inc/core_cm7.h ****            D-Cache memory blocks which are part of given address + given size are cleaned.
2539:./inc/core_cm7.h ****   \param[in]   addr    address
2540:./inc/core_cm7.h ****   \param[in]   dsize   size of memory block (in number of bytes)
2541:./inc/core_cm7.h **** */
2542:./inc/core_cm7.h **** __STATIC_FORCEINLINE void SCB_CleanDCache_by_Addr (uint32_t *addr, int32_t dsize)
2543:./inc/core_cm7.h **** {
2544:./inc/core_cm7.h ****   #if defined (__DCACHE_PRESENT) && (__DCACHE_PRESENT == 1U)
2545:./inc/core_cm7.h ****     if ( dsize > 0 ) { 
2546:./inc/core_cm7.h ****        int32_t op_size = dsize + (((uint32_t)addr) & (__SCB_DCACHE_LINE_SIZE - 1U));
2547:./inc/core_cm7.h ****       uint32_t op_addr = (uint32_t)addr /* & ~(__SCB_DCACHE_LINE_SIZE - 1U) */;
2548:./inc/core_cm7.h ****     
2549:./inc/core_cm7.h ****       __DSB();
2550:./inc/core_cm7.h **** 
2551:./inc/core_cm7.h ****       do {
2552:./inc/core_cm7.h ****         SCB->DCCMVAC = op_addr;             /* register accepts only 32byte aligned values, only bi
2553:./inc/core_cm7.h ****         op_addr += __SCB_DCACHE_LINE_SIZE;
2554:./inc/core_cm7.h ****         op_size -= __SCB_DCACHE_LINE_SIZE;
2555:./inc/core_cm7.h ****       } while ( op_size > 0 );
2556:./inc/core_cm7.h **** 
2557:./inc/core_cm7.h ****       __DSB();
2558:./inc/core_cm7.h ****       __ISB();
2559:./inc/core_cm7.h ****     }
2560:./inc/core_cm7.h ****   #endif
2561:./inc/core_cm7.h **** }
2562:./inc/core_cm7.h **** 
2563:./inc/core_cm7.h **** 
2564:./inc/core_cm7.h **** /**
2565:./inc/core_cm7.h ****   \brief   D-Cache Clean and Invalidate by address
2566:./inc/core_cm7.h ****   \details Cleans and invalidates D_Cache for the given address
2567:./inc/core_cm7.h ****            D-Cache is cleaned and invalidated starting from a 32 byte aligned address in 32 byte gr
2568:./inc/core_cm7.h ****            D-Cache memory blocks which are part of given address + given size are cleaned and inval
2569:./inc/core_cm7.h ****   \param[in]   addr    address (aligned to 32-byte boundary)
2570:./inc/core_cm7.h ****   \param[in]   dsize   size of memory block (in number of bytes)
2571:./inc/core_cm7.h **** */
2572:./inc/core_cm7.h **** __STATIC_FORCEINLINE void SCB_CleanInvalidateDCache_by_Addr (uint32_t *addr, int32_t dsize)
2573:./inc/core_cm7.h **** {
2574:./inc/core_cm7.h ****   #if defined (__DCACHE_PRESENT) && (__DCACHE_PRESENT == 1U)
2575:./inc/core_cm7.h ****     if ( dsize > 0 ) { 
2576:./inc/core_cm7.h ****        int32_t op_size = dsize + (((uint32_t)addr) & (__SCB_DCACHE_LINE_SIZE - 1U));
2577:./inc/core_cm7.h ****       uint32_t op_addr = (uint32_t)addr /* & ~(__SCB_DCACHE_LINE_SIZE - 1U) */;
2578:./inc/core_cm7.h ****     
2579:./inc/core_cm7.h ****       __DSB();
2580:./inc/core_cm7.h **** 
2581:./inc/core_cm7.h ****       do {
2582:./inc/core_cm7.h ****         SCB->DCCIMVAC = op_addr;            /* register accepts only 32byte aligned values, only bi
2583:./inc/core_cm7.h ****         op_addr +=          __SCB_DCACHE_LINE_SIZE;
2584:./inc/core_cm7.h ****         op_size -=          __SCB_DCACHE_LINE_SIZE;
2585:./inc/core_cm7.h ****       } while ( op_size > 0 );
2586:./inc/core_cm7.h **** 
2587:./inc/core_cm7.h ****       __DSB();
2588:./inc/core_cm7.h ****       __ISB();
2589:./inc/core_cm7.h ****     }
2590:./inc/core_cm7.h ****   #endif
2591:./inc/core_cm7.h **** }
2592:./inc/core_cm7.h **** 
2593:./inc/core_cm7.h **** /*@} end of CMSIS_Core_CacheFunctions */
2594:./inc/core_cm7.h **** 
2595:./inc/core_cm7.h **** 
2596:./inc/core_cm7.h **** 
2597:./inc/core_cm7.h **** /* ##################################    SysTick function  ########################################
2598:./inc/core_cm7.h **** /**
2599:./inc/core_cm7.h ****   \ingroup  CMSIS_Core_FunctionInterface
2600:./inc/core_cm7.h ****   \defgroup CMSIS_Core_SysTickFunctions SysTick Functions
2601:./inc/core_cm7.h ****   \brief    Functions that configure the System.
2602:./inc/core_cm7.h ****   @{
2603:./inc/core_cm7.h ****  */
2604:./inc/core_cm7.h **** 
2605:./inc/core_cm7.h **** #if defined (__Vendor_SysTickConfig) && (__Vendor_SysTickConfig == 0U)
2606:./inc/core_cm7.h **** 
2607:./inc/core_cm7.h **** /**
2608:./inc/core_cm7.h ****   \brief   System Tick Configuration
2609:./inc/core_cm7.h ****   \details Initializes the System Timer and its interrupt, and starts the System Tick Timer.
2610:./inc/core_cm7.h ****            Counter is in free running mode to generate periodic interrupts.
2611:./inc/core_cm7.h ****   \param [in]  ticks  Number of ticks between two interrupts.
2612:./inc/core_cm7.h ****   \return          0  Function succeeded.
2613:./inc/core_cm7.h ****   \return          1  Function failed.
2614:./inc/core_cm7.h ****   \note    When the variable <b>__Vendor_SysTickConfig</b> is set to 1, then the
2615:./inc/core_cm7.h ****            function <b>SysTick_Config</b> is not included. In this case, the file <b><i>device</i>.
2616:./inc/core_cm7.h ****            must contain a vendor-specific implementation of this function.
2617:./inc/core_cm7.h ****  */
2618:./inc/core_cm7.h **** __STATIC_INLINE uint32_t SysTick_Config(uint32_t ticks)
 503              		.loc 2 2618 26 view .LVU135
 504              	.LBB100:
2619:./inc/core_cm7.h **** {
2620:./inc/core_cm7.h ****   if ((ticks - 1UL) > SysTick_LOAD_RELOAD_Msk)
 505              		.loc 2 2620 3 view .LVU136
 506              		.loc 2 2620 14 is_stmt 0 view .LVU137
 507 0100 431E     		subs	r3, r0, #1
 508              		.loc 2 2620 6 view .LVU138
 509 0102 B3F1807F 		cmp	r3, #16777216
 510 0106 01D3     		bcc	.L28
2621:./inc/core_cm7.h ****   {
2622:./inc/core_cm7.h ****     return (1UL);                                                   /* Reload value impossible */
 511              		.loc 2 2622 12 view .LVU139
 512 0108 0120     		movs	r0, #1
 513              	.LVL28:
 514              		.loc 2 2622 12 view .LVU140
 515              	.LBE100:
 516              	.LBE99:
 232:./src/stm32f7xx_hal_cortex.c **** }
 517              		.loc 1 232 1 view .LVU141
 518 010a 7047     		bx	lr
 519              	.LVL29:
 520              	.L28:
 521              	.LBB111:
 522              	.LBB110:
2623:./inc/core_cm7.h ****   }
2624:./inc/core_cm7.h **** 
2625:./inc/core_cm7.h ****   SysTick->LOAD  = (uint32_t)(ticks - 1UL);                         /* set reload register */
 523              		.loc 2 2625 3 is_stmt 1 view .LVU142
 524              		.loc 2 2625 18 is_stmt 0 view .LVU143
 525 010c 4FF0E022 		mov	r2, #-536813568
2626:./inc/core_cm7.h ****   NVIC_SetPriority (SysTick_IRQn, (1UL << __NVIC_PRIO_BITS) - 1UL); /* set Priority for Systick Int
2627:./inc/core_cm7.h ****   SysTick->VAL   = 0UL;                                             /* Load the SysTick Counter Val
 526              		.loc 2 2627 18 view .LVU144
 527 0110 0020     		movs	r0, #0
 528              	.LVL30:
 529              	.LBB101:
 530              	.LBB102:
 531              	.LBB103:
2040:./inc/core_cm7.h ****   }
 532              		.loc 2 2040 47 view .LVU145
 533 0112 0549     		ldr	r1, .L29
 534 0114 4FF0F00C 		mov	ip, #240
 535              	.LBE103:
 536              	.LBE102:
 537              	.LBE101:
2625:./inc/core_cm7.h ****   NVIC_SetPriority (SysTick_IRQn, (1UL << __NVIC_PRIO_BITS) - 1UL); /* set Priority for Systick Int
 538              		.loc 2 2625 18 view .LVU146
 539 0118 5361     		str	r3, [r2, #20]
2626:./inc/core_cm7.h ****   NVIC_SetPriority (SysTick_IRQn, (1UL << __NVIC_PRIO_BITS) - 1UL); /* set Priority for Systick Int
 540              		.loc 2 2626 3 is_stmt 1 view .LVU147
 541              	.LVL31:
 542              	.LBB108:
 543              	.LBI101:
2032:./inc/core_cm7.h **** {
 544              		.loc 2 2032 22 view .LVU148
2034:./inc/core_cm7.h ****   {
 545              		.loc 2 2034 3 view .LVU149
 546              	.LBB106:
 547              	.LBI102:
2032:./inc/core_cm7.h **** {
 548              		.loc 2 2032 22 view .LVU150
 549              	.LBB104:
2040:./inc/core_cm7.h ****   }
 550              		.loc 2 2040 5 view .LVU151
 551              	.LBE104:
 552              	.LBE106:
 553              	.LBE108:
2628:./inc/core_cm7.h ****   SysTick->CTRL  = SysTick_CTRL_CLKSOURCE_Msk |
 554              		.loc 2 2628 18 is_stmt 0 view .LVU152
 555 011a 0723     		movs	r3, #7
 556              	.LVL32:
 557              	.LBB109:
 558              	.LBB107:
 559              	.LBB105:
2040:./inc/core_cm7.h ****   }
 560              		.loc 2 2040 47 view .LVU153
 561 011c 81F823C0 		strb	ip, [r1, #35]
 562              	.LVL33:
2040:./inc/core_cm7.h ****   }
 563              		.loc 2 2040 47 view .LVU154
 564              	.LBE105:
 565              	.LBE107:
 566              	.LBE109:
2627:./inc/core_cm7.h ****   SysTick->CTRL  = SysTick_CTRL_CLKSOURCE_Msk |
 567              		.loc 2 2627 3 is_stmt 1 view .LVU155
2627:./inc/core_cm7.h ****   SysTick->CTRL  = SysTick_CTRL_CLKSOURCE_Msk |
 568              		.loc 2 2627 18 is_stmt 0 view .LVU156
 569 0120 9061     		str	r0, [r2, #24]
 570              		.loc 2 2628 3 is_stmt 1 view .LVU157
 571              		.loc 2 2628 18 is_stmt 0 view .LVU158
 572 0122 1361     		str	r3, [r2, #16]
2629:./inc/core_cm7.h ****                    SysTick_CTRL_TICKINT_Msk   |
2630:./inc/core_cm7.h ****                    SysTick_CTRL_ENABLE_Msk;                         /* Enable SysTick IRQ and SysTi
2631:./inc/core_cm7.h ****   return (0UL);                                                     /* Function successful */
 573              		.loc 2 2631 3 is_stmt 1 view .LVU159
 574              		.loc 2 2631 10 is_stmt 0 view .LVU160
 575 0124 7047     		bx	lr
 576              	.L30:
 577 0126 00BF     		.align	2
 578              	.L29:
 579 0128 00ED00E0 		.word	-536810240
 580              	.LBE110:
 581              	.LBE111:
 582              		.cfi_endproc
 583              	.LFE149:
 585              		.align	1
 586              		.p2align 2,,3
 587              		.global	HAL_MPU_Disable
 588              		.syntax unified
 589              		.thumb
 590              		.thumb_func
 592              	HAL_MPU_Disable:
 593              	.LFB150:
 233:./src/stm32f7xx_hal_cortex.c **** /**
 234:./src/stm32f7xx_hal_cortex.c ****   * @}
 235:./src/stm32f7xx_hal_cortex.c ****   */
 236:./src/stm32f7xx_hal_cortex.c **** 
 237:./src/stm32f7xx_hal_cortex.c **** /** @defgroup CORTEX_Exported_Functions_Group2 Peripheral Control functions
 238:./src/stm32f7xx_hal_cortex.c ****  *  @brief   Cortex control functions 
 239:./src/stm32f7xx_hal_cortex.c ****  *
 240:./src/stm32f7xx_hal_cortex.c **** @verbatim   
 241:./src/stm32f7xx_hal_cortex.c ****   ==============================================================================
 242:./src/stm32f7xx_hal_cortex.c ****                       ##### Peripheral Control functions #####
 243:./src/stm32f7xx_hal_cortex.c ****   ==============================================================================  
 244:./src/stm32f7xx_hal_cortex.c ****     [..]
 245:./src/stm32f7xx_hal_cortex.c ****       This subsection provides a set of functions allowing to control the CORTEX
 246:./src/stm32f7xx_hal_cortex.c ****       (NVIC, SYSTICK, MPU) functionalities. 
 247:./src/stm32f7xx_hal_cortex.c ****  
 248:./src/stm32f7xx_hal_cortex.c ****       
 249:./src/stm32f7xx_hal_cortex.c **** @endverbatim
 250:./src/stm32f7xx_hal_cortex.c ****   * @{
 251:./src/stm32f7xx_hal_cortex.c ****   */
 252:./src/stm32f7xx_hal_cortex.c **** 
 253:./src/stm32f7xx_hal_cortex.c **** #if (__MPU_PRESENT == 1)
 254:./src/stm32f7xx_hal_cortex.c **** /**
 255:./src/stm32f7xx_hal_cortex.c ****   * @brief  Disables the MPU
 256:./src/stm32f7xx_hal_cortex.c ****   * @retval None
 257:./src/stm32f7xx_hal_cortex.c ****   */
 258:./src/stm32f7xx_hal_cortex.c **** void HAL_MPU_Disable(void)
 259:./src/stm32f7xx_hal_cortex.c **** {
 594              		.loc 1 259 1 is_stmt 1 view -0
 595              		.cfi_startproc
 596              		@ args = 0, pretend = 0, frame = 0
 597              		@ frame_needed = 0, uses_anonymous_args = 0
 598              		@ link register save eliminated.
 260:./src/stm32f7xx_hal_cortex.c ****   /* Make sure outstanding transfers are done */
 261:./src/stm32f7xx_hal_cortex.c ****   __DMB();
 599              		.loc 1 261 3 view .LVU162
 600              	.LBB112:
 601              	.LBI112:
 947:./inc/cmsis_gcc.h **** }
 948:./inc/cmsis_gcc.h **** 
 949:./inc/cmsis_gcc.h **** 
 950:./inc/cmsis_gcc.h **** /**
 951:./inc/cmsis_gcc.h ****   \brief   Data Memory Barrier
 952:./inc/cmsis_gcc.h ****   \details Ensures the apparent order of the explicit memory operations before
 953:./inc/cmsis_gcc.h ****            and after the instruction, without ensuring their completion.
 954:./inc/cmsis_gcc.h ****  */
 955:./inc/cmsis_gcc.h **** __STATIC_FORCEINLINE void __DMB(void)
 602              		.loc 3 955 27 view .LVU163
 603              	.LBB113:
 956:./inc/cmsis_gcc.h **** {
 957:./inc/cmsis_gcc.h ****   __ASM volatile ("dmb 0xF":::"memory");
 604              		.loc 3 957 3 view .LVU164
 605              		.syntax unified
 606              	@ 957 "./inc/cmsis_gcc.h" 1
 607 012c BFF35F8F 		dmb 0xF
 608              	@ 0 "" 2
 609              		.thumb
 610              		.syntax unified
 611              	.LBE113:
 612              	.LBE112:
 262:./src/stm32f7xx_hal_cortex.c **** 
 263:./src/stm32f7xx_hal_cortex.c ****   /* Disable fault exceptions */
 264:./src/stm32f7xx_hal_cortex.c ****   SCB->SHCSR &= ~SCB_SHCSR_MEMFAULTENA_Msk;
 613              		.loc 1 264 3 view .LVU165
 614              		.loc 1 264 6 is_stmt 0 view .LVU166
 615 0130 044B     		ldr	r3, .L32
 265:./src/stm32f7xx_hal_cortex.c ****   
 266:./src/stm32f7xx_hal_cortex.c ****   /* Disable the MPU and clear the control register*/
 267:./src/stm32f7xx_hal_cortex.c ****   MPU->CTRL = 0;
 616              		.loc 1 267 13 view .LVU167
 617 0132 0021     		movs	r1, #0
 264:./src/stm32f7xx_hal_cortex.c ****   
 618              		.loc 1 264 6 view .LVU168
 619 0134 5A6A     		ldr	r2, [r3, #36]
 264:./src/stm32f7xx_hal_cortex.c ****   
 620              		.loc 1 264 14 view .LVU169
 621 0136 22F48032 		bic	r2, r2, #65536
 622 013a 5A62     		str	r2, [r3, #36]
 623              		.loc 1 267 3 is_stmt 1 view .LVU170
 624              		.loc 1 267 13 is_stmt 0 view .LVU171
 625 013c C3F89410 		str	r1, [r3, #148]
 268:./src/stm32f7xx_hal_cortex.c **** }
 626              		.loc 1 268 1 view .LVU172
 627 0140 7047     		bx	lr
 628              	.L33:
 629 0142 00BF     		.align	2
 630              	.L32:
 631 0144 00ED00E0 		.word	-536810240
 632              		.cfi_endproc
 633              	.LFE150:
 635              		.align	1
 636              		.p2align 2,,3
 637              		.global	HAL_MPU_Enable
 638              		.syntax unified
 639              		.thumb
 640              		.thumb_func
 642              	HAL_MPU_Enable:
 643              	.LVL34:
 644              	.LFB151:
 269:./src/stm32f7xx_hal_cortex.c **** 
 270:./src/stm32f7xx_hal_cortex.c **** /**
 271:./src/stm32f7xx_hal_cortex.c ****   * @brief  Enables the MPU
 272:./src/stm32f7xx_hal_cortex.c ****   * @param  MPU_Control Specifies the control mode of the MPU during hard fault, 
 273:./src/stm32f7xx_hal_cortex.c ****   *          NMI, FAULTMASK and privileged access to the default memory 
 274:./src/stm32f7xx_hal_cortex.c ****   *          This parameter can be one of the following values:
 275:./src/stm32f7xx_hal_cortex.c ****   *            @arg MPU_HFNMI_PRIVDEF_NONE
 276:./src/stm32f7xx_hal_cortex.c ****   *            @arg MPU_HARDFAULT_NMI
 277:./src/stm32f7xx_hal_cortex.c ****   *            @arg MPU_PRIVILEGED_DEFAULT
 278:./src/stm32f7xx_hal_cortex.c ****   *            @arg MPU_HFNMI_PRIVDEF
 279:./src/stm32f7xx_hal_cortex.c ****   * @retval None
 280:./src/stm32f7xx_hal_cortex.c ****   */
 281:./src/stm32f7xx_hal_cortex.c **** void HAL_MPU_Enable(uint32_t MPU_Control)
 282:./src/stm32f7xx_hal_cortex.c **** {
 645              		.loc 1 282 1 is_stmt 1 view -0
 646              		.cfi_startproc
 647              		@ args = 0, pretend = 0, frame = 0
 648              		@ frame_needed = 0, uses_anonymous_args = 0
 649              		@ link register save eliminated.
 283:./src/stm32f7xx_hal_cortex.c ****   /* Enable the MPU */
 284:./src/stm32f7xx_hal_cortex.c ****   MPU->CTRL = MPU_Control | MPU_CTRL_ENABLE_Msk;
 650              		.loc 1 284 3 view .LVU174
 651              		.loc 1 284 13 is_stmt 0 view .LVU175
 652 0148 064B     		ldr	r3, .L35
 653              		.loc 1 284 27 view .LVU176
 654 014a 40F00100 		orr	r0, r0, #1
 655              	.LVL35:
 656              		.loc 1 284 13 view .LVU177
 657 014e C3F89400 		str	r0, [r3, #148]
 285:./src/stm32f7xx_hal_cortex.c ****   
 286:./src/stm32f7xx_hal_cortex.c ****   /* Enable fault exceptions */
 287:./src/stm32f7xx_hal_cortex.c ****   SCB->SHCSR |= SCB_SHCSR_MEMFAULTENA_Msk;
 658              		.loc 1 287 3 is_stmt 1 view .LVU178
 659              		.loc 1 287 6 is_stmt 0 view .LVU179
 660 0152 5A6A     		ldr	r2, [r3, #36]
 661              		.loc 1 287 14 view .LVU180
 662 0154 42F48032 		orr	r2, r2, #65536
 663 0158 5A62     		str	r2, [r3, #36]
 288:./src/stm32f7xx_hal_cortex.c ****   
 289:./src/stm32f7xx_hal_cortex.c ****   /* Ensure MPU setting take effects */
 290:./src/stm32f7xx_hal_cortex.c ****   __DSB();
 664              		.loc 1 290 3 is_stmt 1 view .LVU181
 665              	.LBB114:
 666              	.LBI114:
 944:./inc/cmsis_gcc.h **** {
 667              		.loc 3 944 27 view .LVU182
 668              	.LBB115:
 946:./inc/cmsis_gcc.h **** }
 669              		.loc 3 946 3 view .LVU183
 670              		.syntax unified
 671              	@ 946 "./inc/cmsis_gcc.h" 1
 672 015a BFF34F8F 		dsb 0xF
 673              	@ 0 "" 2
 674              		.thumb
 675              		.syntax unified
 676              	.LBE115:
 677              	.LBE114:
 291:./src/stm32f7xx_hal_cortex.c ****   __ISB();
 678              		.loc 1 291 3 view .LVU184
 679              	.LBB116:
 680              	.LBI116:
 933:./inc/cmsis_gcc.h **** {
 681              		.loc 3 933 27 view .LVU185
 682              	.LBB117:
 935:./inc/cmsis_gcc.h **** }
 683              		.loc 3 935 3 view .LVU186
 684              		.syntax unified
 685              	@ 935 "./inc/cmsis_gcc.h" 1
 686 015e BFF36F8F 		isb 0xF
 687              	@ 0 "" 2
 688              		.thumb
 689              		.syntax unified
 690              	.LBE117:
 691              	.LBE116:
 292:./src/stm32f7xx_hal_cortex.c **** }
 692              		.loc 1 292 1 is_stmt 0 view .LVU187
 693 0162 7047     		bx	lr
 694              	.L36:
 695              		.align	2
 696              	.L35:
 697 0164 00ED00E0 		.word	-536810240
 698              		.cfi_endproc
 699              	.LFE151:
 701              		.align	1
 702              		.p2align 2,,3
 703              		.global	HAL_MPU_ConfigRegion
 704              		.syntax unified
 705              		.thumb
 706              		.thumb_func
 708              	HAL_MPU_ConfigRegion:
 709              	.LVL36:
 710              	.LFB152:
 293:./src/stm32f7xx_hal_cortex.c **** 
 294:./src/stm32f7xx_hal_cortex.c **** /**
 295:./src/stm32f7xx_hal_cortex.c ****   * @brief  Initializes and configures the Region and the memory to be protected.
 296:./src/stm32f7xx_hal_cortex.c ****   * @param  MPU_Init Pointer to a MPU_Region_InitTypeDef structure that contains
 297:./src/stm32f7xx_hal_cortex.c ****   *                the initialization and configuration information.
 298:./src/stm32f7xx_hal_cortex.c ****   * @retval None
 299:./src/stm32f7xx_hal_cortex.c ****   */
 300:./src/stm32f7xx_hal_cortex.c **** void HAL_MPU_ConfigRegion(MPU_Region_InitTypeDef *MPU_Init)
 301:./src/stm32f7xx_hal_cortex.c **** {
 711              		.loc 1 301 1 is_stmt 1 view -0
 712              		.cfi_startproc
 713              		@ args = 0, pretend = 0, frame = 0
 714              		@ frame_needed = 0, uses_anonymous_args = 0
 302:./src/stm32f7xx_hal_cortex.c ****   /* Check the parameters */
 303:./src/stm32f7xx_hal_cortex.c ****   assert_param(IS_MPU_REGION_NUMBER(MPU_Init->Number));
 715              		.loc 1 303 3 view .LVU189
 304:./src/stm32f7xx_hal_cortex.c ****   assert_param(IS_MPU_REGION_ENABLE(MPU_Init->Enable));
 716              		.loc 1 304 3 view .LVU190
 305:./src/stm32f7xx_hal_cortex.c **** 
 306:./src/stm32f7xx_hal_cortex.c ****   /* Set the Region number */
 307:./src/stm32f7xx_hal_cortex.c ****   MPU->RNR = MPU_Init->Number;
 717              		.loc 1 307 3 view .LVU191
 718              		.loc 1 307 12 is_stmt 0 view .LVU192
 719 0168 174A     		ldr	r2, .L44
 720              		.loc 1 307 22 view .LVU193
 721 016a 4378     		ldrb	r3, [r0, #1]	@ zero_extendqisi2
 722              		.loc 1 307 12 view .LVU194
 723 016c C2F89830 		str	r3, [r2, #152]
 308:./src/stm32f7xx_hal_cortex.c **** 
 309:./src/stm32f7xx_hal_cortex.c ****   if ((MPU_Init->Enable) != RESET)
 724              		.loc 1 309 3 is_stmt 1 view .LVU195
 725              		.loc 1 309 16 is_stmt 0 view .LVU196
 726 0170 0178     		ldrb	r1, [r0]	@ zero_extendqisi2
 727              		.loc 1 309 6 view .LVU197
 728 0172 21B3     		cbz	r1, .L38
 310:./src/stm32f7xx_hal_cortex.c ****   {
 311:./src/stm32f7xx_hal_cortex.c ****     /* Check the parameters */
 312:./src/stm32f7xx_hal_cortex.c ****     assert_param(IS_MPU_INSTRUCTION_ACCESS(MPU_Init->DisableExec));
 729              		.loc 1 312 5 is_stmt 1 view .LVU198
 313:./src/stm32f7xx_hal_cortex.c ****     assert_param(IS_MPU_REGION_PERMISSION_ATTRIBUTE(MPU_Init->AccessPermission));
 730              		.loc 1 313 5 view .LVU199
 314:./src/stm32f7xx_hal_cortex.c ****     assert_param(IS_MPU_TEX_LEVEL(MPU_Init->TypeExtField));
 731              		.loc 1 314 5 view .LVU200
 315:./src/stm32f7xx_hal_cortex.c ****     assert_param(IS_MPU_ACCESS_SHAREABLE(MPU_Init->IsShareable));
 732              		.loc 1 315 5 view .LVU201
 316:./src/stm32f7xx_hal_cortex.c ****     assert_param(IS_MPU_ACCESS_CACHEABLE(MPU_Init->IsCacheable));
 733              		.loc 1 316 5 view .LVU202
 317:./src/stm32f7xx_hal_cortex.c ****     assert_param(IS_MPU_ACCESS_BUFFERABLE(MPU_Init->IsBufferable));
 734              		.loc 1 317 5 view .LVU203
 318:./src/stm32f7xx_hal_cortex.c ****     assert_param(IS_MPU_SUB_REGION_DISABLE(MPU_Init->SubRegionDisable));
 735              		.loc 1 318 5 view .LVU204
 319:./src/stm32f7xx_hal_cortex.c ****     assert_param(IS_MPU_REGION_SIZE(MPU_Init->Size));
 736              		.loc 1 319 5 view .LVU205
 320:./src/stm32f7xx_hal_cortex.c ****     
 321:./src/stm32f7xx_hal_cortex.c ****     MPU->RBAR = MPU_Init->BaseAddress;
 737              		.loc 1 321 5 view .LVU206
 738              		.loc 1 321 25 is_stmt 0 view .LVU207
 739 0174 4368     		ldr	r3, [r0, #4]
 301:./src/stm32f7xx_hal_cortex.c ****   /* Check the parameters */
 740              		.loc 1 301 1 view .LVU208
 741 0176 00B5     		push	{lr}
 742              	.LCFI1:
 743              		.cfi_def_cfa_offset 4
 744              		.cfi_offset 14, -4
 745              		.loc 1 321 15 view .LVU209
 746 0178 C2F89C30 		str	r3, [r2, #156]
 322:./src/stm32f7xx_hal_cortex.c ****     MPU->RASR = ((uint32_t)MPU_Init->DisableExec             << MPU_RASR_XN_Pos)   |
 747              		.loc 1 322 5 is_stmt 1 view .LVU210
 323:./src/stm32f7xx_hal_cortex.c ****                 ((uint32_t)MPU_Init->AccessPermission        << MPU_RASR_AP_Pos)   |
 748              		.loc 1 323 18 is_stmt 0 view .LVU211
 749 017c C37A     		ldrb	r3, [r0, #11]	@ zero_extendqisi2
 322:./src/stm32f7xx_hal_cortex.c ****     MPU->RASR = ((uint32_t)MPU_Init->DisableExec             << MPU_RASR_XN_Pos)   |
 750              		.loc 1 322 18 view .LVU212
 751 017e 90F80CC0 		ldrb	ip, [r0, #12]	@ zero_extendqisi2
 752              		.loc 1 323 62 view .LVU213
 753 0182 1B06     		lsls	r3, r3, #24
 324:./src/stm32f7xx_hal_cortex.c ****                 ((uint32_t)MPU_Init->TypeExtField            << MPU_RASR_TEX_Pos)  |
 325:./src/stm32f7xx_hal_cortex.c ****                 ((uint32_t)MPU_Init->IsShareable             << MPU_RASR_S_Pos)    |
 326:./src/stm32f7xx_hal_cortex.c ****                 ((uint32_t)MPU_Init->IsCacheable             << MPU_RASR_C_Pos)    |
 327:./src/stm32f7xx_hal_cortex.c ****                 ((uint32_t)MPU_Init->IsBufferable            << MPU_RASR_B_Pos)    |
 754              		.loc 1 327 18 view .LVU214
 755 0184 90F80FE0 		ldrb	lr, [r0, #15]	@ zero_extendqisi2
 322:./src/stm32f7xx_hal_cortex.c ****                 ((uint32_t)MPU_Init->AccessPermission        << MPU_RASR_AP_Pos)   |
 756              		.loc 1 322 84 view .LVU215
 757 0188 43EA0C73 		orr	r3, r3, ip, lsl #28
 324:./src/stm32f7xx_hal_cortex.c ****                 ((uint32_t)MPU_Init->TypeExtField            << MPU_RASR_TEX_Pos)  |
 758              		.loc 1 324 18 view .LVU216
 759 018c 90F80AC0 		ldrb	ip, [r0, #10]	@ zero_extendqisi2
 328:./src/stm32f7xx_hal_cortex.c ****                 ((uint32_t)MPU_Init->SubRegionDisable        << MPU_RASR_SRD_Pos)  |
 329:./src/stm32f7xx_hal_cortex.c ****                 ((uint32_t)MPU_Init->Size                    << MPU_RASR_SIZE_Pos) |
 760              		.loc 1 329 84 view .LVU217
 761 0190 0B43     		orrs	r3, r3, r1
 326:./src/stm32f7xx_hal_cortex.c ****                 ((uint32_t)MPU_Init->IsBufferable            << MPU_RASR_B_Pos)    |
 762              		.loc 1 326 18 view .LVU218
 763 0192 817B     		ldrb	r1, [r0, #14]	@ zero_extendqisi2
 764              		.loc 1 329 84 view .LVU219
 765 0194 43EACC43 		orr	r3, r3, ip, lsl #19
 325:./src/stm32f7xx_hal_cortex.c ****                 ((uint32_t)MPU_Init->IsCacheable             << MPU_RASR_C_Pos)    |
 766              		.loc 1 325 18 view .LVU220
 767 0198 90F80DC0 		ldrb	ip, [r0, #13]	@ zero_extendqisi2
 768              		.loc 1 329 84 view .LVU221
 769 019c 43EA8C43 		orr	r3, r3, ip, lsl #18
 328:./src/stm32f7xx_hal_cortex.c ****                 ((uint32_t)MPU_Init->SubRegionDisable        << MPU_RASR_SRD_Pos)  |
 770              		.loc 1 328 18 view .LVU222
 771 01a0 90F809C0 		ldrb	ip, [r0, #9]	@ zero_extendqisi2
 772              		.loc 1 329 84 view .LVU223
 773 01a4 43EA4143 		orr	r3, r3, r1, lsl #17
 774              		.loc 1 329 18 view .LVU224
 775 01a8 017A     		ldrb	r1, [r0, #8]	@ zero_extendqisi2
 776              		.loc 1 329 84 view .LVU225
 777 01aa 43EA0E43 		orr	r3, r3, lr, lsl #16
 778 01ae 43EA0C23 		orr	r3, r3, ip, lsl #8
 779 01b2 43EA4103 		orr	r3, r3, r1, lsl #1
 322:./src/stm32f7xx_hal_cortex.c ****                 ((uint32_t)MPU_Init->AccessPermission        << MPU_RASR_AP_Pos)   |
 780              		.loc 1 322 15 view .LVU226
 781 01b6 C2F8A030 		str	r3, [r2, #160]
 330:./src/stm32f7xx_hal_cortex.c ****                 ((uint32_t)MPU_Init->Enable                  << MPU_RASR_ENABLE_Pos);
 331:./src/stm32f7xx_hal_cortex.c ****   }
 332:./src/stm32f7xx_hal_cortex.c ****   else
 333:./src/stm32f7xx_hal_cortex.c ****   {
 334:./src/stm32f7xx_hal_cortex.c ****     MPU->RBAR = 0x00;
 335:./src/stm32f7xx_hal_cortex.c ****     MPU->RASR = 0x00;
 336:./src/stm32f7xx_hal_cortex.c ****   }
 337:./src/stm32f7xx_hal_cortex.c **** }
 782              		.loc 1 337 1 view .LVU227
 783 01ba 5DF804FB 		ldr	pc, [sp], #4
 784              	.L38:
 785              	.LCFI2:
 786              		.cfi_def_cfa_offset 0
 787              		.cfi_restore 14
 334:./src/stm32f7xx_hal_cortex.c ****     MPU->RASR = 0x00;
 788              		.loc 1 334 5 is_stmt 1 view .LVU228
 334:./src/stm32f7xx_hal_cortex.c ****     MPU->RASR = 0x00;
 789              		.loc 1 334 15 is_stmt 0 view .LVU229
 790 01be C2F89C10 		str	r1, [r2, #156]
 335:./src/stm32f7xx_hal_cortex.c ****   }
 791              		.loc 1 335 5 is_stmt 1 view .LVU230
 335:./src/stm32f7xx_hal_cortex.c ****   }
 792              		.loc 1 335 15 is_stmt 0 view .LVU231
 793 01c2 C2F8A010 		str	r1, [r2, #160]
 794 01c6 7047     		bx	lr
 795              	.L45:
 796              		.align	2
 797              	.L44:
 798 01c8 00ED00E0 		.word	-536810240
 799              		.cfi_endproc
 800              	.LFE152:
 802              		.align	1
 803              		.p2align 2,,3
 804              		.global	HAL_NVIC_GetPriorityGrouping
 805              		.syntax unified
 806              		.thumb
 807              		.thumb_func
 809              	HAL_NVIC_GetPriorityGrouping:
 810              	.LFB153:
 338:./src/stm32f7xx_hal_cortex.c **** #endif /* __MPU_PRESENT */
 339:./src/stm32f7xx_hal_cortex.c **** 
 340:./src/stm32f7xx_hal_cortex.c **** /**
 341:./src/stm32f7xx_hal_cortex.c ****   * @brief  Gets the priority grouping field from the NVIC Interrupt Controller.
 342:./src/stm32f7xx_hal_cortex.c ****   * @retval Priority grouping field (SCB->AIRCR [10:8] PRIGROUP field)
 343:./src/stm32f7xx_hal_cortex.c ****   */
 344:./src/stm32f7xx_hal_cortex.c **** uint32_t HAL_NVIC_GetPriorityGrouping(void)
 345:./src/stm32f7xx_hal_cortex.c **** {
 811              		.loc 1 345 1 is_stmt 1 view -0
 812              		.cfi_startproc
 813              		@ args = 0, pretend = 0, frame = 0
 814              		@ frame_needed = 0, uses_anonymous_args = 0
 815              		@ link register save eliminated.
 346:./src/stm32f7xx_hal_cortex.c ****   /* Get the PRIGROUP[10:8] field value */
 347:./src/stm32f7xx_hal_cortex.c ****   return NVIC_GetPriorityGrouping();
 816              		.loc 1 347 3 view .LVU233
 817              	.LBB118:
 818              	.LBI118:
1890:./inc/core_cm7.h **** {
 819              		.loc 2 1890 26 view .LVU234
 820              	.LBB119:
1892:./inc/core_cm7.h **** }
 821              		.loc 2 1892 3 view .LVU235
1892:./inc/core_cm7.h **** }
 822              		.loc 2 1892 26 is_stmt 0 view .LVU236
 823 01cc 024B     		ldr	r3, .L47
 824 01ce D868     		ldr	r0, [r3, #12]
 825              	.LBE119:
 826              	.LBE118:
 348:./src/stm32f7xx_hal_cortex.c **** }
 827              		.loc 1 348 1 view .LVU237
 828 01d0 C0F30220 		ubfx	r0, r0, #8, #3
 829 01d4 7047     		bx	lr
 830              	.L48:
 831 01d6 00BF     		.align	2
 832              	.L47:
 833 01d8 00ED00E0 		.word	-536810240
 834              		.cfi_endproc
 835              	.LFE153:
 837              		.align	1
 838              		.p2align 2,,3
 839              		.global	HAL_NVIC_GetPriority
 840              		.syntax unified
 841              		.thumb
 842              		.thumb_func
 844              	HAL_NVIC_GetPriority:
 845              	.LVL37:
 846              	.LFB154:
 349:./src/stm32f7xx_hal_cortex.c **** 
 350:./src/stm32f7xx_hal_cortex.c **** /**
 351:./src/stm32f7xx_hal_cortex.c ****   * @brief  Gets the priority of an interrupt.
 352:./src/stm32f7xx_hal_cortex.c ****   * @param  IRQn External interrupt number.
 353:./src/stm32f7xx_hal_cortex.c ****   *         This parameter can be an enumerator of IRQn_Type enumeration
 354:./src/stm32f7xx_hal_cortex.c ****   *         (For the complete STM32 Devices IRQ Channels list, please refer to the appropriate CMSI
 355:./src/stm32f7xx_hal_cortex.c ****   * @param   PriorityGroup the priority grouping bits length.
 356:./src/stm32f7xx_hal_cortex.c ****   *         This parameter can be one of the following values:
 357:./src/stm32f7xx_hal_cortex.c ****   *           @arg NVIC_PRIORITYGROUP_0: 0 bits for preemption priority
 358:./src/stm32f7xx_hal_cortex.c ****   *                                      4 bits for subpriority
 359:./src/stm32f7xx_hal_cortex.c ****   *           @arg NVIC_PRIORITYGROUP_1: 1 bits for preemption priority
 360:./src/stm32f7xx_hal_cortex.c ****   *                                      3 bits for subpriority
 361:./src/stm32f7xx_hal_cortex.c ****   *           @arg NVIC_PRIORITYGROUP_2: 2 bits for preemption priority
 362:./src/stm32f7xx_hal_cortex.c ****   *                                      2 bits for subpriority
 363:./src/stm32f7xx_hal_cortex.c ****   *           @arg NVIC_PRIORITYGROUP_3: 3 bits for preemption priority
 364:./src/stm32f7xx_hal_cortex.c ****   *                                      1 bits for subpriority
 365:./src/stm32f7xx_hal_cortex.c ****   *           @arg NVIC_PRIORITYGROUP_4: 4 bits for preemption priority
 366:./src/stm32f7xx_hal_cortex.c ****   *                                      0 bits for subpriority
 367:./src/stm32f7xx_hal_cortex.c ****   * @param  pPreemptPriority Pointer on the Preemptive priority value (starting from 0).
 368:./src/stm32f7xx_hal_cortex.c ****   * @param  pSubPriority Pointer on the Subpriority value (starting from 0).
 369:./src/stm32f7xx_hal_cortex.c ****   * @retval None
 370:./src/stm32f7xx_hal_cortex.c ****   */
 371:./src/stm32f7xx_hal_cortex.c **** void HAL_NVIC_GetPriority(IRQn_Type IRQn, uint32_t PriorityGroup, uint32_t *pPreemptPriority, uint3
 372:./src/stm32f7xx_hal_cortex.c **** {
 847              		.loc 1 372 1 is_stmt 1 view -0
 848              		.cfi_startproc
 849              		@ args = 0, pretend = 0, frame = 0
 850              		@ frame_needed = 0, uses_anonymous_args = 0
 851              		@ link register save eliminated.
 373:./src/stm32f7xx_hal_cortex.c ****   /* Check the parameters */
 374:./src/stm32f7xx_hal_cortex.c ****   assert_param(IS_NVIC_PRIORITY_GROUP(PriorityGroup));
 852              		.loc 1 374 3 view .LVU239
 375:./src/stm32f7xx_hal_cortex.c ****  /* Get priority for Cortex-M system or device specific interrupts */
 376:./src/stm32f7xx_hal_cortex.c ****   NVIC_DecodePriority(NVIC_GetPriority(IRQn), PriorityGroup, pPreemptPriority, pSubPriority);
 853              		.loc 1 376 3 view .LVU240
 854              	.LBB124:
 855              	.LBI124:
2054:./inc/core_cm7.h **** {
 856              		.loc 2 2054 26 view .LVU241
 857              	.LBB125:
2057:./inc/core_cm7.h ****   {
 858              		.loc 2 2057 3 view .LVU242
2057:./inc/core_cm7.h ****   {
 859              		.loc 2 2057 6 is_stmt 0 view .LVU243
 860 01dc 0028     		cmp	r0, #0
2057:./inc/core_cm7.h ****   {
 861              		.loc 2 2057 6 view .LVU244
 862              	.LBE125:
 863              	.LBE124:
 372:./src/stm32f7xx_hal_cortex.c ****   /* Check the parameters */
 864              		.loc 1 372 1 view .LVU245
 865 01de 10B4     		push	{r4}
 866              	.LCFI3:
 867              		.cfi_def_cfa_offset 4
 868              		.cfi_offset 4, -4
 869              	.LBB128:
 870              	.LBB126:
2057:./inc/core_cm7.h ****   {
 871              		.loc 2 2057 6 view .LVU246
 872 01e0 22DB     		blt	.L50
2059:./inc/core_cm7.h ****   }
 873              		.loc 2 2059 5 is_stmt 1 view .LVU247
2059:./inc/core_cm7.h ****   }
 874              		.loc 2 2059 31 is_stmt 0 view .LVU248
 875 01e2 144C     		ldr	r4, .L55
 876 01e4 205C     		ldrb	r0, [r4, r0]	@ zero_extendqisi2
 877              	.LVL38:
2059:./inc/core_cm7.h ****   }
 878              		.loc 2 2059 65 view .LVU249
 879 01e6 0009     		lsrs	r0, r0, #4
 880              	.L51:
 881              	.LVL39:
2059:./inc/core_cm7.h ****   }
 882              		.loc 2 2059 65 view .LVU250
 883              	.LBE126:
 884              	.LBE128:
 885              	.LBB129:
 886              	.LBI129:
2106:./inc/core_cm7.h **** {
 887              		.loc 2 2106 22 is_stmt 1 view .LVU251
 888              	.LBB130:
2108:./inc/core_cm7.h ****   uint32_t PreemptPriorityBits;
 889              		.loc 2 2108 3 view .LVU252
2108:./inc/core_cm7.h ****   uint32_t PreemptPriorityBits;
 890              		.loc 2 2108 12 is_stmt 0 view .LVU253
 891 01e8 01F00701 		and	r1, r1, #7
 892              	.LVL40:
2109:./inc/core_cm7.h ****   uint32_t SubPriorityBits;
 893              		.loc 2 2109 3 is_stmt 1 view .LVU254
2110:./inc/core_cm7.h **** 
 894              		.loc 2 2110 3 view .LVU255
2112:./inc/core_cm7.h ****   SubPriorityBits     = ((PriorityGroupTmp + (uint32_t)(__NVIC_PRIO_BITS)) < (uint32_t)7UL) ? (uint
 895              		.loc 2 2112 3 view .LVU256
2112:./inc/core_cm7.h ****   SubPriorityBits     = ((PriorityGroupTmp + (uint32_t)(__NVIC_PRIO_BITS)) < (uint32_t)7UL) ? (uint
 896              		.loc 2 2112 31 is_stmt 0 view .LVU257
 897 01ec C1F1070C 		rsb	ip, r1, #7
2113:./inc/core_cm7.h **** 
 898              		.loc 2 2113 44 view .LVU258
 899 01f0 0C1D     		adds	r4, r1, #4
2112:./inc/core_cm7.h ****   SubPriorityBits     = ((PriorityGroupTmp + (uint32_t)(__NVIC_PRIO_BITS)) < (uint32_t)7UL) ? (uint
 900              		.loc 2 2112 23 view .LVU259
 901 01f2 BCF1040F 		cmp	ip, #4
 902 01f6 28BF     		it	cs
 903 01f8 4FF0040C 		movcs	ip, #4
 904              	.LVL41:
2113:./inc/core_cm7.h **** 
 905              		.loc 2 2113 3 is_stmt 1 view .LVU260
2113:./inc/core_cm7.h **** 
 906              		.loc 2 2113 109 is_stmt 0 view .LVU261
 907 01fc 062C     		cmp	r4, #6
 908 01fe 11D9     		bls	.L53
2113:./inc/core_cm7.h **** 
 909              		.loc 2 2113 109 discriminator 1 view .LVU262
 910 0200 0339     		subs	r1, r1, #3
 911              	.LVL42:
2116:./inc/core_cm7.h **** }
 912              		.loc 2 2116 53 view .LVU263
 913 0202 4FF0FF34 		mov	r4, #-1
 914 0206 8C40     		lsls	r4, r4, r1
 915 0208 20EA0404 		bic	r4, r0, r4
 916 020c C840     		lsrs	r0, r0, r1
 917              	.LVL43:
 918              	.L52:
2115:./inc/core_cm7.h ****   *pSubPriority     = (Priority                   ) & (uint32_t)((1UL << (SubPriorityBits    )) - 1
 919              		.loc 2 2115 3 is_stmt 1 view .LVU264
2115:./inc/core_cm7.h ****   *pSubPriority     = (Priority                   ) & (uint32_t)((1UL << (SubPriorityBits    )) - 1
 920              		.loc 2 2115 53 is_stmt 0 view .LVU265
 921 020e 4FF0FF31 		mov	r1, #-1
 922 0212 01FA0CF1 		lsl	r1, r1, ip
 923 0216 20EA0100 		bic	r0, r0, r1
2115:./inc/core_cm7.h ****   *pSubPriority     = (Priority                   ) & (uint32_t)((1UL << (SubPriorityBits    )) - 1
 924              		.loc 2 2115 21 view .LVU266
 925 021a 1060     		str	r0, [r2]
2116:./inc/core_cm7.h **** }
 926              		.loc 2 2116 3 is_stmt 1 view .LVU267
2116:./inc/core_cm7.h **** }
 927              		.loc 2 2116 21 is_stmt 0 view .LVU268
 928 021c 1C60     		str	r4, [r3]
 929              	.LVL44:
2116:./inc/core_cm7.h **** }
 930              		.loc 2 2116 21 view .LVU269
 931              	.LBE130:
 932              	.LBE129:
 377:./src/stm32f7xx_hal_cortex.c **** }
 933              		.loc 1 377 1 view .LVU270
 934 021e 5DF8044B 		ldr	r4, [sp], #4
 935              	.LCFI4:
 936              		.cfi_remember_state
 937              		.cfi_restore 4
 938              		.cfi_def_cfa_offset 0
 939 0222 7047     		bx	lr
 940              	.LVL45:
 941              	.L53:
 942              	.LCFI5:
 943              		.cfi_restore_state
 944              	.LBB132:
 945              	.LBB131:
 946              		.loc 1 377 1 view .LVU271
 947 0224 0024     		movs	r4, #0
 948 0226 F2E7     		b	.L52
 949              	.LVL46:
 950              	.L50:
 951              		.loc 1 377 1 view .LVU272
 952              	.LBE131:
 953              	.LBE132:
 954              	.LBB133:
 955              	.LBB127:
2063:./inc/core_cm7.h ****   }
 956              		.loc 2 2063 5 is_stmt 1 view .LVU273
2063:./inc/core_cm7.h ****   }
 957              		.loc 2 2063 51 is_stmt 0 view .LVU274
 958 0228 00F00F00 		and	r0, r0, #15
2063:./inc/core_cm7.h ****   }
 959              		.loc 2 2063 32 view .LVU275
 960 022c 024C     		ldr	r4, .L55+4
 961 022e 205C     		ldrb	r0, [r4, r0]	@ zero_extendqisi2
2063:./inc/core_cm7.h ****   }
 962              		.loc 2 2063 65 view .LVU276
 963 0230 0009     		lsrs	r0, r0, #4
 964 0232 D9E7     		b	.L51
 965              	.L56:
 966              		.align	2
 967              	.L55:
 968 0234 00E400E0 		.word	-536812544
 969 0238 14ED00E0 		.word	-536810220
 970              	.LBE127:
 971              	.LBE133:
 972              		.cfi_endproc
 973              	.LFE154:
 975              		.align	1
 976              		.p2align 2,,3
 977              		.global	HAL_NVIC_SetPendingIRQ
 978              		.syntax unified
 979              		.thumb
 980              		.thumb_func
 982              	HAL_NVIC_SetPendingIRQ:
 983              	.LVL47:
 984              	.LFB155:
 378:./src/stm32f7xx_hal_cortex.c **** 
 379:./src/stm32f7xx_hal_cortex.c **** /**
 380:./src/stm32f7xx_hal_cortex.c ****   * @brief  Sets Pending bit of an external interrupt.
 381:./src/stm32f7xx_hal_cortex.c ****   * @param  IRQn External interrupt number
 382:./src/stm32f7xx_hal_cortex.c ****   *         This parameter can be an enumerator of IRQn_Type enumeration
 383:./src/stm32f7xx_hal_cortex.c ****   *         (For the complete STM32 Devices IRQ Channels list, please refer to the appropriate CMSI
 384:./src/stm32f7xx_hal_cortex.c ****   * @retval None
 385:./src/stm32f7xx_hal_cortex.c ****   */
 386:./src/stm32f7xx_hal_cortex.c **** void HAL_NVIC_SetPendingIRQ(IRQn_Type IRQn)
 387:./src/stm32f7xx_hal_cortex.c **** {
 985              		.loc 1 387 1 is_stmt 1 view -0
 986              		.cfi_startproc
 987              		@ args = 0, pretend = 0, frame = 0
 988              		@ frame_needed = 0, uses_anonymous_args = 0
 989              		@ link register save eliminated.
 388:./src/stm32f7xx_hal_cortex.c ****   /* Check the parameters */
 389:./src/stm32f7xx_hal_cortex.c ****   assert_param(IS_NVIC_DEVICE_IRQ(IRQn));
 990              		.loc 1 389 3 view .LVU278
 390:./src/stm32f7xx_hal_cortex.c ****   
 391:./src/stm32f7xx_hal_cortex.c ****   /* Set interrupt pending */
 392:./src/stm32f7xx_hal_cortex.c ****   NVIC_SetPendingIRQ(IRQn);
 991              		.loc 1 392 3 view .LVU279
 992              	.LBB134:
 993              	.LBI134:
1978:./inc/core_cm7.h **** {
 994              		.loc 2 1978 22 view .LVU280
 995              	.LBB135:
1980:./inc/core_cm7.h ****   {
 996              		.loc 2 1980 3 view .LVU281
1980:./inc/core_cm7.h ****   {
 997              		.loc 2 1980 6 is_stmt 0 view .LVU282
 998 023c 0028     		cmp	r0, #0
1980:./inc/core_cm7.h ****   {
 999              		.loc 2 1980 6 view .LVU283
 1000 023e 08DB     		blt	.L57
1982:./inc/core_cm7.h ****   }
 1001              		.loc 2 1982 5 is_stmt 1 view .LVU284
1982:./inc/core_cm7.h ****   }
 1002              		.loc 2 1982 34 is_stmt 0 view .LVU285
 1003 0240 4309     		lsrs	r3, r0, #5
1982:./inc/core_cm7.h ****   }
 1004              		.loc 2 1982 45 view .LVU286
 1005 0242 0122     		movs	r2, #1
1982:./inc/core_cm7.h ****   }
 1006              		.loc 2 1982 81 view .LVU287
 1007 0244 00F01F00 		and	r0, r0, #31
 1008              	.LVL48:
1982:./inc/core_cm7.h ****   }
 1009              		.loc 2 1982 43 view .LVU288
 1010 0248 0249     		ldr	r1, .L59
 1011 024a 4033     		adds	r3, r3, #64
1982:./inc/core_cm7.h ****   }
 1012              		.loc 2 1982 45 view .LVU289
 1013 024c 8240     		lsls	r2, r2, r0
1982:./inc/core_cm7.h ****   }
 1014              		.loc 2 1982 43 view .LVU290
 1015 024e 41F82320 		str	r2, [r1, r3, lsl #2]
 1016              	.LVL49:
 1017              	.L57:
1982:./inc/core_cm7.h ****   }
 1018              		.loc 2 1982 43 view .LVU291
 1019              	.LBE135:
 1020              	.LBE134:
 393:./src/stm32f7xx_hal_cortex.c **** }
 1021              		.loc 1 393 1 view .LVU292
 1022 0252 7047     		bx	lr
 1023              	.L60:
 1024              		.align	2
 1025              	.L59:
 1026 0254 00E100E0 		.word	-536813312
 1027              		.cfi_endproc
 1028              	.LFE155:
 1030              		.align	1
 1031              		.p2align 2,,3
 1032              		.global	HAL_NVIC_GetPendingIRQ
 1033              		.syntax unified
 1034              		.thumb
 1035              		.thumb_func
 1037              	HAL_NVIC_GetPendingIRQ:
 1038              	.LVL50:
 1039              	.LFB156:
 394:./src/stm32f7xx_hal_cortex.c **** 
 395:./src/stm32f7xx_hal_cortex.c **** /**
 396:./src/stm32f7xx_hal_cortex.c ****   * @brief  Gets Pending Interrupt (reads the pending register in the NVIC 
 397:./src/stm32f7xx_hal_cortex.c ****   *         and returns the pending bit for the specified interrupt).
 398:./src/stm32f7xx_hal_cortex.c ****   * @param  IRQn External interrupt number.
 399:./src/stm32f7xx_hal_cortex.c ****   *          This parameter can be an enumerator of IRQn_Type enumeration
 400:./src/stm32f7xx_hal_cortex.c ****   *         (For the complete STM32 Devices IRQ Channels list, please refer to the appropriate CMSI
 401:./src/stm32f7xx_hal_cortex.c ****   * @retval status: - 0  Interrupt status is not pending.
 402:./src/stm32f7xx_hal_cortex.c ****   *                 - 1  Interrupt status is pending.
 403:./src/stm32f7xx_hal_cortex.c ****   */
 404:./src/stm32f7xx_hal_cortex.c **** uint32_t HAL_NVIC_GetPendingIRQ(IRQn_Type IRQn)
 405:./src/stm32f7xx_hal_cortex.c **** {
 1040              		.loc 1 405 1 is_stmt 1 view -0
 1041              		.cfi_startproc
 1042              		@ args = 0, pretend = 0, frame = 0
 1043              		@ frame_needed = 0, uses_anonymous_args = 0
 1044              		@ link register save eliminated.
 406:./src/stm32f7xx_hal_cortex.c ****   /* Check the parameters */
 407:./src/stm32f7xx_hal_cortex.c ****   assert_param(IS_NVIC_DEVICE_IRQ(IRQn));
 1045              		.loc 1 407 3 view .LVU294
 408:./src/stm32f7xx_hal_cortex.c ****   
 409:./src/stm32f7xx_hal_cortex.c ****   /* Return 1 if pending else 0 */
 410:./src/stm32f7xx_hal_cortex.c ****   return NVIC_GetPendingIRQ(IRQn);
 1046              		.loc 1 410 3 view .LVU295
 1047              	.LBB136:
 1048              	.LBI136:
1959:./inc/core_cm7.h **** {
 1049              		.loc 2 1959 26 view .LVU296
 1050              	.LBB137:
1961:./inc/core_cm7.h ****   {
 1051              		.loc 2 1961 3 view .LVU297
1961:./inc/core_cm7.h ****   {
 1052              		.loc 2 1961 6 is_stmt 0 view .LVU298
 1053 0258 0028     		cmp	r0, #0
1961:./inc/core_cm7.h ****   {
 1054              		.loc 2 1961 6 view .LVU299
 1055 025a 0BDB     		blt	.L63
1963:./inc/core_cm7.h ****   }
 1056              		.loc 2 1963 5 is_stmt 1 view .LVU300
1963:./inc/core_cm7.h ****   }
 1057              		.loc 2 1963 54 is_stmt 0 view .LVU301
 1058 025c 4309     		lsrs	r3, r0, #5
1963:./inc/core_cm7.h ****   }
 1059              		.loc 2 1963 35 view .LVU302
 1060 025e 064A     		ldr	r2, .L64
1963:./inc/core_cm7.h ****   }
 1061              		.loc 2 1963 91 view .LVU303
 1062 0260 00F01F00 		and	r0, r0, #31
 1063              	.LVL51:
1963:./inc/core_cm7.h ****   }
 1064              		.loc 2 1963 35 view .LVU304
 1065 0264 4033     		adds	r3, r3, #64
 1066 0266 52F82330 		ldr	r3, [r2, r3, lsl #2]
1963:./inc/core_cm7.h ****   }
 1067              		.loc 2 1963 103 view .LVU305
 1068 026a 23FA00F0 		lsr	r0, r3, r0
1963:./inc/core_cm7.h ****   }
 1069              		.loc 2 1963 12 view .LVU306
 1070 026e 00F00100 		and	r0, r0, #1
 1071 0272 7047     		bx	lr
 1072              	.L63:
1967:./inc/core_cm7.h ****   }
 1073              		.loc 2 1967 11 view .LVU307
 1074 0274 0020     		movs	r0, #0
 1075              	.LVL52:
1967:./inc/core_cm7.h ****   }
 1076              		.loc 2 1967 11 view .LVU308
 1077              	.LBE137:
 1078              	.LBE136:
 411:./src/stm32f7xx_hal_cortex.c **** }
 1079              		.loc 1 411 1 view .LVU309
 1080 0276 7047     		bx	lr
 1081              	.L65:
 1082              		.align	2
 1083              	.L64:
 1084 0278 00E100E0 		.word	-536813312
 1085              		.cfi_endproc
 1086              	.LFE156:
 1088              		.align	1
 1089              		.p2align 2,,3
 1090              		.global	HAL_NVIC_ClearPendingIRQ
 1091              		.syntax unified
 1092              		.thumb
 1093              		.thumb_func
 1095              	HAL_NVIC_ClearPendingIRQ:
 1096              	.LVL53:
 1097              	.LFB157:
 412:./src/stm32f7xx_hal_cortex.c **** 
 413:./src/stm32f7xx_hal_cortex.c **** /**
 414:./src/stm32f7xx_hal_cortex.c ****   * @brief  Clears the pending bit of an external interrupt.
 415:./src/stm32f7xx_hal_cortex.c ****   * @param  IRQn External interrupt number.
 416:./src/stm32f7xx_hal_cortex.c ****   *         This parameter can be an enumerator of IRQn_Type enumeration
 417:./src/stm32f7xx_hal_cortex.c ****   *         (For the complete STM32 Devices IRQ Channels list, please refer to the appropriate CMSI
 418:./src/stm32f7xx_hal_cortex.c ****   * @retval None
 419:./src/stm32f7xx_hal_cortex.c ****   */
 420:./src/stm32f7xx_hal_cortex.c **** void HAL_NVIC_ClearPendingIRQ(IRQn_Type IRQn)
 421:./src/stm32f7xx_hal_cortex.c **** {
 1098              		.loc 1 421 1 is_stmt 1 view -0
 1099              		.cfi_startproc
 1100              		@ args = 0, pretend = 0, frame = 0
 1101              		@ frame_needed = 0, uses_anonymous_args = 0
 1102              		@ link register save eliminated.
 422:./src/stm32f7xx_hal_cortex.c ****   /* Check the parameters */
 423:./src/stm32f7xx_hal_cortex.c ****   assert_param(IS_NVIC_DEVICE_IRQ(IRQn));
 1103              		.loc 1 423 3 view .LVU311
 424:./src/stm32f7xx_hal_cortex.c ****   
 425:./src/stm32f7xx_hal_cortex.c ****   /* Clear pending interrupt */
 426:./src/stm32f7xx_hal_cortex.c ****   NVIC_ClearPendingIRQ(IRQn);
 1104              		.loc 1 426 3 view .LVU312
 1105              	.LBB138:
 1106              	.LBI138:
1993:./inc/core_cm7.h **** {
 1107              		.loc 2 1993 22 view .LVU313
 1108              	.LBB139:
1995:./inc/core_cm7.h ****   {
 1109              		.loc 2 1995 3 view .LVU314
1995:./inc/core_cm7.h ****   {
 1110              		.loc 2 1995 6 is_stmt 0 view .LVU315
 1111 027c 0028     		cmp	r0, #0
1995:./inc/core_cm7.h ****   {
 1112              		.loc 2 1995 6 view .LVU316
 1113 027e 08DB     		blt	.L66
1997:./inc/core_cm7.h ****   }
 1114              		.loc 2 1997 5 is_stmt 1 view .LVU317
1997:./inc/core_cm7.h ****   }
 1115              		.loc 2 1997 34 is_stmt 0 view .LVU318
 1116 0280 4309     		lsrs	r3, r0, #5
1997:./inc/core_cm7.h ****   }
 1117              		.loc 2 1997 45 view .LVU319
 1118 0282 0122     		movs	r2, #1
1997:./inc/core_cm7.h ****   }
 1119              		.loc 2 1997 81 view .LVU320
 1120 0284 00F01F00 		and	r0, r0, #31
 1121              	.LVL54:
1997:./inc/core_cm7.h ****   }
 1122              		.loc 2 1997 43 view .LVU321
 1123 0288 0249     		ldr	r1, .L68
 1124 028a 6033     		adds	r3, r3, #96
1997:./inc/core_cm7.h ****   }
 1125              		.loc 2 1997 45 view .LVU322
 1126 028c 8240     		lsls	r2, r2, r0
1997:./inc/core_cm7.h ****   }
 1127              		.loc 2 1997 43 view .LVU323
 1128 028e 41F82320 		str	r2, [r1, r3, lsl #2]
 1129              	.LVL55:
 1130              	.L66:
1997:./inc/core_cm7.h ****   }
 1131              		.loc 2 1997 43 view .LVU324
 1132              	.LBE139:
 1133              	.LBE138:
 427:./src/stm32f7xx_hal_cortex.c **** }
 1134              		.loc 1 427 1 view .LVU325
 1135 0292 7047     		bx	lr
 1136              	.L69:
 1137              		.align	2
 1138              	.L68:
 1139 0294 00E100E0 		.word	-536813312
 1140              		.cfi_endproc
 1141              	.LFE157:
 1143              		.align	1
 1144              		.p2align 2,,3
 1145              		.global	HAL_NVIC_GetActive
 1146              		.syntax unified
 1147              		.thumb
 1148              		.thumb_func
 1150              	HAL_NVIC_GetActive:
 1151              	.LVL56:
 1152              	.LFB158:
 428:./src/stm32f7xx_hal_cortex.c **** 
 429:./src/stm32f7xx_hal_cortex.c **** /**
 430:./src/stm32f7xx_hal_cortex.c ****   * @brief Gets active interrupt ( reads the active register in NVIC and returns the active bit).
 431:./src/stm32f7xx_hal_cortex.c ****   * @param IRQn External interrupt number
 432:./src/stm32f7xx_hal_cortex.c ****   *         This parameter can be an enumerator of IRQn_Type enumeration
 433:./src/stm32f7xx_hal_cortex.c ****   *         (For the complete STM32 Devices IRQ Channels list, please refer to the appropriate CMSI
 434:./src/stm32f7xx_hal_cortex.c ****   * @retval status: - 0  Interrupt status is not pending.
 435:./src/stm32f7xx_hal_cortex.c ****   *                 - 1  Interrupt status is pending.
 436:./src/stm32f7xx_hal_cortex.c ****   */
 437:./src/stm32f7xx_hal_cortex.c **** uint32_t HAL_NVIC_GetActive(IRQn_Type IRQn)
 438:./src/stm32f7xx_hal_cortex.c **** {
 1153              		.loc 1 438 1 is_stmt 1 view -0
 1154              		.cfi_startproc
 1155              		@ args = 0, pretend = 0, frame = 0
 1156              		@ frame_needed = 0, uses_anonymous_args = 0
 1157              		@ link register save eliminated.
 439:./src/stm32f7xx_hal_cortex.c ****   /* Check the parameters */
 440:./src/stm32f7xx_hal_cortex.c ****   assert_param(IS_NVIC_DEVICE_IRQ(IRQn));
 1158              		.loc 1 440 3 view .LVU327
 441:./src/stm32f7xx_hal_cortex.c ****   
 442:./src/stm32f7xx_hal_cortex.c ****   /* Return 1 if active else 0 */
 443:./src/stm32f7xx_hal_cortex.c ****   return NVIC_GetActive(IRQn);
 1159              		.loc 1 443 3 view .LVU328
 1160              	.LBB140:
 1161              	.LBI140:
2010:./inc/core_cm7.h **** {
 1162              		.loc 2 2010 26 view .LVU329
 1163              	.LBB141:
2012:./inc/core_cm7.h ****   {
 1164              		.loc 2 2012 3 view .LVU330
2012:./inc/core_cm7.h ****   {
 1165              		.loc 2 2012 6 is_stmt 0 view .LVU331
 1166 0298 0028     		cmp	r0, #0
2012:./inc/core_cm7.h ****   {
 1167              		.loc 2 2012 6 view .LVU332
 1168 029a 0BDB     		blt	.L72
2014:./inc/core_cm7.h ****   }
 1169              		.loc 2 2014 5 is_stmt 1 view .LVU333
2014:./inc/core_cm7.h ****   }
 1170              		.loc 2 2014 54 is_stmt 0 view .LVU334
 1171 029c 4309     		lsrs	r3, r0, #5
2014:./inc/core_cm7.h ****   }
 1172              		.loc 2 2014 35 view .LVU335
 1173 029e 064A     		ldr	r2, .L73
2014:./inc/core_cm7.h ****   }
 1174              		.loc 2 2014 91 view .LVU336
 1175 02a0 00F01F00 		and	r0, r0, #31
 1176              	.LVL57:
2014:./inc/core_cm7.h ****   }
 1177              		.loc 2 2014 35 view .LVU337
 1178 02a4 8033     		adds	r3, r3, #128
 1179 02a6 52F82330 		ldr	r3, [r2, r3, lsl #2]
2014:./inc/core_cm7.h ****   }
 1180              		.loc 2 2014 103 view .LVU338
 1181 02aa 23FA00F0 		lsr	r0, r3, r0
2014:./inc/core_cm7.h ****   }
 1182              		.loc 2 2014 12 view .LVU339
 1183 02ae 00F00100 		and	r0, r0, #1
 1184 02b2 7047     		bx	lr
 1185              	.L72:
2018:./inc/core_cm7.h ****   }
 1186              		.loc 2 2018 11 view .LVU340
 1187 02b4 0020     		movs	r0, #0
 1188              	.LVL58:
2018:./inc/core_cm7.h ****   }
 1189              		.loc 2 2018 11 view .LVU341
 1190              	.LBE141:
 1191              	.LBE140:
 444:./src/stm32f7xx_hal_cortex.c **** }
 1192              		.loc 1 444 1 view .LVU342
 1193 02b6 7047     		bx	lr
 1194              	.L74:
 1195              		.align	2
 1196              	.L73:
 1197 02b8 00E100E0 		.word	-536813312
 1198              		.cfi_endproc
 1199              	.LFE158:
 1201              		.align	1
 1202              		.p2align 2,,3
 1203              		.global	HAL_SYSTICK_CLKSourceConfig
 1204              		.syntax unified
 1205              		.thumb
 1206              		.thumb_func
 1208              	HAL_SYSTICK_CLKSourceConfig:
 1209              	.LVL59:
 1210              	.LFB159:
 445:./src/stm32f7xx_hal_cortex.c **** 
 446:./src/stm32f7xx_hal_cortex.c **** /**
 447:./src/stm32f7xx_hal_cortex.c ****   * @brief  Configures the SysTick clock source.
 448:./src/stm32f7xx_hal_cortex.c ****   * @param  CLKSource specifies the SysTick clock source.
 449:./src/stm32f7xx_hal_cortex.c ****   *          This parameter can be one of the following values:
 450:./src/stm32f7xx_hal_cortex.c ****   *             @arg SYSTICK_CLKSOURCE_HCLK_DIV8: AHB clock divided by 8 selected as SysTick clock 
 451:./src/stm32f7xx_hal_cortex.c ****   *             @arg SYSTICK_CLKSOURCE_HCLK: AHB clock selected as SysTick clock source.
 452:./src/stm32f7xx_hal_cortex.c ****   * @retval None
 453:./src/stm32f7xx_hal_cortex.c ****   */
 454:./src/stm32f7xx_hal_cortex.c **** void HAL_SYSTICK_CLKSourceConfig(uint32_t CLKSource)
 455:./src/stm32f7xx_hal_cortex.c **** {
 1211              		.loc 1 455 1 is_stmt 1 view -0
 1212              		.cfi_startproc
 1213              		@ args = 0, pretend = 0, frame = 0
 1214              		@ frame_needed = 0, uses_anonymous_args = 0
 1215              		@ link register save eliminated.
 456:./src/stm32f7xx_hal_cortex.c ****   /* Check the parameters */
 457:./src/stm32f7xx_hal_cortex.c ****   assert_param(IS_SYSTICK_CLK_SOURCE(CLKSource));
 1216              		.loc 1 457 3 view .LVU344
 458:./src/stm32f7xx_hal_cortex.c ****   if (CLKSource == SYSTICK_CLKSOURCE_HCLK)
 1217              		.loc 1 458 3 view .LVU345
 459:./src/stm32f7xx_hal_cortex.c ****   {
 460:./src/stm32f7xx_hal_cortex.c ****     SysTick->CTRL |= SYSTICK_CLKSOURCE_HCLK;
 1218              		.loc 1 460 12 is_stmt 0 view .LVU346
 1219 02bc 4FF0E022 		mov	r2, #-536813568
 458:./src/stm32f7xx_hal_cortex.c ****   if (CLKSource == SYSTICK_CLKSOURCE_HCLK)
 1220              		.loc 1 458 6 view .LVU347
 1221 02c0 0428     		cmp	r0, #4
 1222              		.loc 1 460 5 is_stmt 1 view .LVU348
 1223              		.loc 1 460 12 is_stmt 0 view .LVU349
 1224 02c2 1369     		ldr	r3, [r2, #16]
 1225              		.loc 1 460 19 view .LVU350
 1226 02c4 0CBF     		ite	eq
 1227 02c6 43F00403 		orreq	r3, r3, #4
 461:./src/stm32f7xx_hal_cortex.c ****   }
 462:./src/stm32f7xx_hal_cortex.c ****   else
 463:./src/stm32f7xx_hal_cortex.c ****   {
 464:./src/stm32f7xx_hal_cortex.c ****     SysTick->CTRL &= ~SYSTICK_CLKSOURCE_HCLK;
 1228              		.loc 1 464 5 is_stmt 1 view .LVU351
 1229              		.loc 1 464 19 is_stmt 0 view .LVU352
 1230 02ca 23F00403 		bicne	r3, r3, #4
 1231 02ce 1361     		str	r3, [r2, #16]
 465:./src/stm32f7xx_hal_cortex.c ****   }
 466:./src/stm32f7xx_hal_cortex.c **** }
 1232              		.loc 1 466 1 view .LVU353
 1233 02d0 7047     		bx	lr
 1234              		.cfi_endproc
 1235              	.LFE159:
 1237              		.align	1
 1238 02d2 00BF     		.p2align 2,,3
 1239              		.weak	HAL_SYSTICK_Callback
 1240              		.syntax unified
 1241              		.thumb
 1242              		.thumb_func
 1244              	HAL_SYSTICK_Callback:
 1245              	.LFB161:
 467:./src/stm32f7xx_hal_cortex.c **** 
 468:./src/stm32f7xx_hal_cortex.c **** /**
 469:./src/stm32f7xx_hal_cortex.c ****   * @brief  This function handles SYSTICK interrupt request.
 470:./src/stm32f7xx_hal_cortex.c ****   * @retval None
 471:./src/stm32f7xx_hal_cortex.c ****   */
 472:./src/stm32f7xx_hal_cortex.c **** void HAL_SYSTICK_IRQHandler(void)
 473:./src/stm32f7xx_hal_cortex.c **** {
 474:./src/stm32f7xx_hal_cortex.c ****   HAL_SYSTICK_Callback();
 475:./src/stm32f7xx_hal_cortex.c **** }
 476:./src/stm32f7xx_hal_cortex.c **** 
 477:./src/stm32f7xx_hal_cortex.c **** /**
 478:./src/stm32f7xx_hal_cortex.c ****   * @brief  SYSTICK callback.
 479:./src/stm32f7xx_hal_cortex.c ****   * @retval None
 480:./src/stm32f7xx_hal_cortex.c ****   */
 481:./src/stm32f7xx_hal_cortex.c **** __weak void HAL_SYSTICK_Callback(void)
 482:./src/stm32f7xx_hal_cortex.c **** {
 1246              		.loc 1 482 1 is_stmt 1 view -0
 1247              		.cfi_startproc
 1248              		@ args = 0, pretend = 0, frame = 0
 1249              		@ frame_needed = 0, uses_anonymous_args = 0
 1250              		@ link register save eliminated.
 483:./src/stm32f7xx_hal_cortex.c ****   /* NOTE : This function Should not be modified, when the callback is needed,
 484:./src/stm32f7xx_hal_cortex.c ****             the HAL_SYSTICK_Callback could be implemented in the user file
 485:./src/stm32f7xx_hal_cortex.c ****    */
 486:./src/stm32f7xx_hal_cortex.c **** }
 1251              		.loc 1 486 1 view .LVU355
 1252 02d4 7047     		bx	lr
 1253              		.cfi_endproc
 1254              	.LFE161:
 1256              		.align	1
 1257 02d6 00BF     		.p2align 2,,3
 1258              		.global	HAL_SYSTICK_IRQHandler
 1259              		.syntax unified
 1260              		.thumb
 1261              		.thumb_func
 1263              	HAL_SYSTICK_IRQHandler:
 1264              	.LFB160:
 473:./src/stm32f7xx_hal_cortex.c ****   HAL_SYSTICK_Callback();
 1265              		.loc 1 473 1 view -0
 1266              		.cfi_startproc
 1267              		@ args = 0, pretend = 0, frame = 0
 1268              		@ frame_needed = 0, uses_anonymous_args = 0
 474:./src/stm32f7xx_hal_cortex.c **** }
 1269              		.loc 1 474 3 view .LVU357
 473:./src/stm32f7xx_hal_cortex.c ****   HAL_SYSTICK_Callback();
 1270              		.loc 1 473 1 is_stmt 0 view .LVU358
 1271 02d8 08B5     		push	{r3, lr}
 1272              	.LCFI6:
 1273              		.cfi_def_cfa_offset 8
 1274              		.cfi_offset 3, -8
 1275              		.cfi_offset 14, -4
 474:./src/stm32f7xx_hal_cortex.c **** }
 1276              		.loc 1 474 3 view .LVU359
 1277 02da FFF7FEFF 		bl	HAL_SYSTICK_Callback
 1278              	.LVL60:
 475:./src/stm32f7xx_hal_cortex.c **** 
 1279              		.loc 1 475 1 view .LVU360
 1280 02de 08BD     		pop	{r3, pc}
 1281              		.cfi_endproc
 1282              	.LFE160:
 1284              	.Letext0:
 1285              		.file 4 "./inc/ARMCM7_DP.h"
 1286              		.file 5 "C:\\ST\\STM32CubeCLT_1.18.0\\GNU-tools-for-STM32\\bin\\../lib/gcc/arm-none-eabi/13.3.1/..
 1287              		.file 6 "C:\\ST\\STM32CubeCLT_1.18.0\\GNU-tools-for-STM32\\bin\\../lib/gcc/arm-none-eabi/13.3.1/..
 1288              		.file 7 "./inc/stm32f7xx_hal_cortex.h"
 1289              		.file 8 "./inc/stm32f7xx.h"
DEFINED SYMBOLS
                            *ABS*:00000000 stm32f7xx_hal_cortex.c
C:\Users\JAEJUN~1\AppData\Local\Temp\cchfFtAh.s:19     .text:00000000 $t
C:\Users\JAEJUN~1\AppData\Local\Temp\cchfFtAh.s:26     .text:00000000 HAL_NVIC_SetPriorityGrouping
C:\Users\JAEJUN~1\AppData\Local\Temp\cchfFtAh.s:84     .text:0000001c $d
C:\Users\JAEJUN~1\AppData\Local\Temp\cchfFtAh.s:89     .text:00000024 $t
C:\Users\JAEJUN~1\AppData\Local\Temp\cchfFtAh.s:96     .text:00000024 HAL_NVIC_SetPriority
C:\Users\JAEJUN~1\AppData\Local\Temp\cchfFtAh.s:257    .text:00000090 $d
C:\Users\JAEJUN~1\AppData\Local\Temp\cchfFtAh.s:263    .text:0000009c $t
C:\Users\JAEJUN~1\AppData\Local\Temp\cchfFtAh.s:270    .text:0000009c HAL_NVIC_EnableIRQ
C:\Users\JAEJUN~1\AppData\Local\Temp\cchfFtAh.s:315    .text:000000b4 $d
C:\Users\JAEJUN~1\AppData\Local\Temp\cchfFtAh.s:319    .text:000000b8 $t
C:\Users\JAEJUN~1\AppData\Local\Temp\cchfFtAh.s:326    .text:000000b8 HAL_NVIC_DisableIRQ
C:\Users\JAEJUN~1\AppData\Local\Temp\cchfFtAh.s:399    .text:000000d8 $d
C:\Users\JAEJUN~1\AppData\Local\Temp\cchfFtAh.s:403    .text:000000dc $t
C:\Users\JAEJUN~1\AppData\Local\Temp\cchfFtAh.s:410    .text:000000dc HAL_NVIC_SystemReset
C:\Users\JAEJUN~1\AppData\Local\Temp\cchfFtAh.s:478    .text:000000f8 $d
C:\Users\JAEJUN~1\AppData\Local\Temp\cchfFtAh.s:485    .text:00000100 $t
C:\Users\JAEJUN~1\AppData\Local\Temp\cchfFtAh.s:492    .text:00000100 HAL_SYSTICK_Config
C:\Users\JAEJUN~1\AppData\Local\Temp\cchfFtAh.s:579    .text:00000128 $d
C:\Users\JAEJUN~1\AppData\Local\Temp\cchfFtAh.s:585    .text:0000012c $t
C:\Users\JAEJUN~1\AppData\Local\Temp\cchfFtAh.s:592    .text:0000012c HAL_MPU_Disable
C:\Users\JAEJUN~1\AppData\Local\Temp\cchfFtAh.s:631    .text:00000144 $d
C:\Users\JAEJUN~1\AppData\Local\Temp\cchfFtAh.s:635    .text:00000148 $t
C:\Users\JAEJUN~1\AppData\Local\Temp\cchfFtAh.s:642    .text:00000148 HAL_MPU_Enable
C:\Users\JAEJUN~1\AppData\Local\Temp\cchfFtAh.s:697    .text:00000164 $d
C:\Users\JAEJUN~1\AppData\Local\Temp\cchfFtAh.s:701    .text:00000168 $t
C:\Users\JAEJUN~1\AppData\Local\Temp\cchfFtAh.s:708    .text:00000168 HAL_MPU_ConfigRegion
C:\Users\JAEJUN~1\AppData\Local\Temp\cchfFtAh.s:798    .text:000001c8 $d
C:\Users\JAEJUN~1\AppData\Local\Temp\cchfFtAh.s:802    .text:000001cc $t
C:\Users\JAEJUN~1\AppData\Local\Temp\cchfFtAh.s:809    .text:000001cc HAL_NVIC_GetPriorityGrouping
C:\Users\JAEJUN~1\AppData\Local\Temp\cchfFtAh.s:833    .text:000001d8 $d
C:\Users\JAEJUN~1\AppData\Local\Temp\cchfFtAh.s:837    .text:000001dc $t
C:\Users\JAEJUN~1\AppData\Local\Temp\cchfFtAh.s:844    .text:000001dc HAL_NVIC_GetPriority
C:\Users\JAEJUN~1\AppData\Local\Temp\cchfFtAh.s:968    .text:00000234 $d
C:\Users\JAEJUN~1\AppData\Local\Temp\cchfFtAh.s:975    .text:0000023c $t
C:\Users\JAEJUN~1\AppData\Local\Temp\cchfFtAh.s:982    .text:0000023c HAL_NVIC_SetPendingIRQ
C:\Users\JAEJUN~1\AppData\Local\Temp\cchfFtAh.s:1026   .text:00000254 $d
C:\Users\JAEJUN~1\AppData\Local\Temp\cchfFtAh.s:1030   .text:00000258 $t
C:\Users\JAEJUN~1\AppData\Local\Temp\cchfFtAh.s:1037   .text:00000258 HAL_NVIC_GetPendingIRQ
C:\Users\JAEJUN~1\AppData\Local\Temp\cchfFtAh.s:1084   .text:00000278 $d
C:\Users\JAEJUN~1\AppData\Local\Temp\cchfFtAh.s:1088   .text:0000027c $t
C:\Users\JAEJUN~1\AppData\Local\Temp\cchfFtAh.s:1095   .text:0000027c HAL_NVIC_ClearPendingIRQ
C:\Users\JAEJUN~1\AppData\Local\Temp\cchfFtAh.s:1139   .text:00000294 $d
C:\Users\JAEJUN~1\AppData\Local\Temp\cchfFtAh.s:1143   .text:00000298 $t
C:\Users\JAEJUN~1\AppData\Local\Temp\cchfFtAh.s:1150   .text:00000298 HAL_NVIC_GetActive
C:\Users\JAEJUN~1\AppData\Local\Temp\cchfFtAh.s:1197   .text:000002b8 $d
C:\Users\JAEJUN~1\AppData\Local\Temp\cchfFtAh.s:1201   .text:000002bc $t
C:\Users\JAEJUN~1\AppData\Local\Temp\cchfFtAh.s:1208   .text:000002bc HAL_SYSTICK_CLKSourceConfig
C:\Users\JAEJUN~1\AppData\Local\Temp\cchfFtAh.s:1244   .text:000002d4 HAL_SYSTICK_Callback
C:\Users\JAEJUN~1\AppData\Local\Temp\cchfFtAh.s:1263   .text:000002d8 HAL_SYSTICK_IRQHandler

NO UNDEFINED SYMBOLS
