   1              		.cpu cortex-m7
   2              		.eabi_attribute 28, 1
   3              		.eabi_attribute 20, 1
   4              		.eabi_attribute 21, 1
   5              		.eabi_attribute 23, 3
   6              		.eabi_attribute 24, 1
   7              		.eabi_attribute 25, 1
   8              		.eabi_attribute 26, 1
   9              		.eabi_attribute 30, 6
  10              		.eabi_attribute 34, 1
  11              		.eabi_attribute 18, 4
  12              		.file	"tcp.c"
  13              		.text
  14              	.Ltext0:
  15              		.cfi_sections	.debug_frame
  16              		.section	.rodata
  17              		.align	2
  18              	.LC0:
  19 0000 434C4F53 		.ascii	"CLOSED\000"
  19      454400
  20 0007 00       		.align	2
  21              	.LC1:
  22 0008 4C495354 		.ascii	"LISTEN\000"
  22      454E00
  23 000f 00       		.align	2
  24              	.LC2:
  25 0010 53594E5F 		.ascii	"SYN_SENT\000"
  25      53454E54 
  25      00
  26 0019 000000   		.align	2
  27              	.LC3:
  28 001c 53594E5F 		.ascii	"SYN_RCVD\000"
  28      52435644 
  28      00
  29 0025 000000   		.align	2
  30              	.LC4:
  31 0028 45535441 		.ascii	"ESTABLISHED\000"
  31      424C4953 
  31      48454400 
  32              		.align	2
  33              	.LC5:
  34 0034 46494E5F 		.ascii	"FIN_WAIT_1\000"
  34      57414954 
  34      5F3100
  35 003f 00       		.align	2
  36              	.LC6:
  37 0040 46494E5F 		.ascii	"FIN_WAIT_2\000"
  37      57414954 
  37      5F3200
  38 004b 00       		.align	2
  39              	.LC7:
  40 004c 434C4F53 		.ascii	"CLOSE_WAIT\000"
  40      455F5741 
  40      495400
  41 0057 00       		.align	2
  42              	.LC8:
  43 0058 434C4F53 		.ascii	"CLOSING\000"
  43      494E4700 
  44              		.align	2
  45              	.LC9:
  46 0060 4C415354 		.ascii	"LAST_ACK\000"
  46      5F41434B 
  46      00
  47 0069 000000   		.align	2
  48              	.LC10:
  49 006c 54494D45 		.ascii	"TIME_WAIT\000"
  49      5F574149 
  49      5400
  50 0076 0000     		.align	2
  53              	tcp_state_str:
  54 0078 00000000 		.word	.LC0
  55 007c 08000000 		.word	.LC1
  56 0080 10000000 		.word	.LC2
  57 0084 1C000000 		.word	.LC3
  58 0088 28000000 		.word	.LC4
  59 008c 34000000 		.word	.LC5
  60 0090 40000000 		.word	.LC6
  61 0094 4C000000 		.word	.LC7
  62 0098 58000000 		.word	.LC8
  63 009c 60000000 		.word	.LC9
  64 00a0 6C000000 		.word	.LC10
  65              		.data
  66              		.align	1
  69              	tcp_port:
  70 0000 00C0     		.short	-16384
  71              		.global	tcp_ticks
  72              		.bss
  73              		.align	2
  76              	tcp_ticks:
  77 0000 00000000 		.space	4
  78              		.section	.rodata
  79              		.align	2
  82              	tcp_backoff:
  83 00a4 01020304 		.ascii	"\001\002\003\004\005\006\007\007\007\007\007\007\007"
  83      05060707 
  83      07070707 
  83      07
  84 00b1 000000   		.align	2
  87              	tcp_persist_backoff:
  88 00b4 03060C18 		.ascii	"\003\006\014\0300`x"
  88      306078
  89              		.global	tcp_bound_pcbs
  90              		.bss
  91              		.align	2
  94              	tcp_bound_pcbs:
  95 0004 00000000 		.space	4
  96              		.global	tcp_listen_pcbs
  97              		.align	2
 100              	tcp_listen_pcbs:
 101 0008 00000000 		.space	4
 102              		.global	tcp_active_pcbs
 103              		.align	2
 106              	tcp_active_pcbs:
 107 000c 00000000 		.space	4
 108              		.global	tcp_tw_pcbs
 109              		.align	2
 112              	tcp_tw_pcbs:
 113 0010 00000000 		.space	4
 114              		.global	tcp_pcb_lists
 115              		.section	.rodata
 116 00bb 00       		.align	2
 119              	tcp_pcb_lists:
 120 00bc 00000000 		.word	tcp_listen_pcbs
 121 00c0 00000000 		.word	tcp_bound_pcbs
 122 00c4 00000000 		.word	tcp_active_pcbs
 123 00c8 00000000 		.word	tcp_tw_pcbs
 124              		.global	tcp_active_pcbs_changed
 125              		.bss
 128              	tcp_active_pcbs_changed:
 129 0014 00       		.space	1
 130              	tcp_timer:
 131 0015 00       		.space	1
 133              	tcp_timer_ctr:
 134 0016 00       		.space	1
 136              		.text
 137              		.align	1
 138              		.global	tcp_init
 139              		.arch armv7e-m
 140              		.syntax unified
 141              		.thumb
 142              		.thumb_func
 143              		.fpu fpv5-d16
 145              	tcp_init:
 146              	.LFB25:
 147              		.file 1 "./lwip-2.1.2/src/core/tcp.c"
   1:./lwip-2.1.2/src/core/tcp.c **** /**
   2:./lwip-2.1.2/src/core/tcp.c ****  * @file
   3:./lwip-2.1.2/src/core/tcp.c ****  * Transmission Control Protocol for IP
   4:./lwip-2.1.2/src/core/tcp.c ****  * See also @ref tcp_raw
   5:./lwip-2.1.2/src/core/tcp.c ****  *
   6:./lwip-2.1.2/src/core/tcp.c ****  * @defgroup tcp_raw TCP
   7:./lwip-2.1.2/src/core/tcp.c ****  * @ingroup callbackstyle_api
   8:./lwip-2.1.2/src/core/tcp.c ****  * Transmission Control Protocol for IP\n
   9:./lwip-2.1.2/src/core/tcp.c ****  * @see @ref api
  10:./lwip-2.1.2/src/core/tcp.c ****  *
  11:./lwip-2.1.2/src/core/tcp.c ****  * Common functions for the TCP implementation, such as functions
  12:./lwip-2.1.2/src/core/tcp.c ****  * for manipulating the data structures and the TCP timer functions. TCP functions
  13:./lwip-2.1.2/src/core/tcp.c ****  * related to input and output is found in tcp_in.c and tcp_out.c respectively.\n
  14:./lwip-2.1.2/src/core/tcp.c ****  * 
  15:./lwip-2.1.2/src/core/tcp.c ****  * TCP connection setup
  16:./lwip-2.1.2/src/core/tcp.c ****  * --------------------
  17:./lwip-2.1.2/src/core/tcp.c ****  * The functions used for setting up connections is similar to that of
  18:./lwip-2.1.2/src/core/tcp.c ****  * the sequential API and of the BSD socket API. A new TCP connection
  19:./lwip-2.1.2/src/core/tcp.c ****  * identifier (i.e., a protocol control block - PCB) is created with the
  20:./lwip-2.1.2/src/core/tcp.c ****  * tcp_new() function. This PCB can then be either set to listen for new
  21:./lwip-2.1.2/src/core/tcp.c ****  * incoming connections or be explicitly connected to another host.
  22:./lwip-2.1.2/src/core/tcp.c ****  * - tcp_new()
  23:./lwip-2.1.2/src/core/tcp.c ****  * - tcp_bind()
  24:./lwip-2.1.2/src/core/tcp.c ****  * - tcp_listen() and tcp_listen_with_backlog()
  25:./lwip-2.1.2/src/core/tcp.c ****  * - tcp_accept()
  26:./lwip-2.1.2/src/core/tcp.c ****  * - tcp_connect()
  27:./lwip-2.1.2/src/core/tcp.c ****  * 
  28:./lwip-2.1.2/src/core/tcp.c ****  * Sending TCP data
  29:./lwip-2.1.2/src/core/tcp.c ****  * ----------------
  30:./lwip-2.1.2/src/core/tcp.c ****  * TCP data is sent by enqueueing the data with a call to tcp_write() and
  31:./lwip-2.1.2/src/core/tcp.c ****  * triggering to send by calling tcp_output(). When the data is successfully
  32:./lwip-2.1.2/src/core/tcp.c ****  * transmitted to the remote host, the application will be notified with a
  33:./lwip-2.1.2/src/core/tcp.c ****  * call to a specified callback function.
  34:./lwip-2.1.2/src/core/tcp.c ****  * - tcp_write()
  35:./lwip-2.1.2/src/core/tcp.c ****  * - tcp_output()
  36:./lwip-2.1.2/src/core/tcp.c ****  * - tcp_sent()
  37:./lwip-2.1.2/src/core/tcp.c ****  * 
  38:./lwip-2.1.2/src/core/tcp.c ****  * Receiving TCP data
  39:./lwip-2.1.2/src/core/tcp.c ****  * ------------------
  40:./lwip-2.1.2/src/core/tcp.c ****  * TCP data reception is callback based - an application specified
  41:./lwip-2.1.2/src/core/tcp.c ****  * callback function is called when new data arrives. When the
  42:./lwip-2.1.2/src/core/tcp.c ****  * application has taken the data, it has to call the tcp_recved()
  43:./lwip-2.1.2/src/core/tcp.c ****  * function to indicate that TCP can advertise increase the receive
  44:./lwip-2.1.2/src/core/tcp.c ****  * window.
  45:./lwip-2.1.2/src/core/tcp.c ****  * - tcp_recv()
  46:./lwip-2.1.2/src/core/tcp.c ****  * - tcp_recved()
  47:./lwip-2.1.2/src/core/tcp.c ****  * 
  48:./lwip-2.1.2/src/core/tcp.c ****  * Application polling
  49:./lwip-2.1.2/src/core/tcp.c ****  * -------------------
  50:./lwip-2.1.2/src/core/tcp.c ****  * When a connection is idle (i.e., no data is either transmitted or
  51:./lwip-2.1.2/src/core/tcp.c ****  * received), lwIP will repeatedly poll the application by calling a
  52:./lwip-2.1.2/src/core/tcp.c ****  * specified callback function. This can be used either as a watchdog
  53:./lwip-2.1.2/src/core/tcp.c ****  * timer for killing connections that have stayed idle for too long, or
  54:./lwip-2.1.2/src/core/tcp.c ****  * as a method of waiting for memory to become available. For instance,
  55:./lwip-2.1.2/src/core/tcp.c ****  * if a call to tcp_write() has failed because memory wasn't available,
  56:./lwip-2.1.2/src/core/tcp.c ****  * the application may use the polling functionality to call tcp_write()
  57:./lwip-2.1.2/src/core/tcp.c ****  * again when the connection has been idle for a while.
  58:./lwip-2.1.2/src/core/tcp.c ****  * - tcp_poll()
  59:./lwip-2.1.2/src/core/tcp.c ****  *
  60:./lwip-2.1.2/src/core/tcp.c ****  * Closing and aborting connections
  61:./lwip-2.1.2/src/core/tcp.c ****  * --------------------------------
  62:./lwip-2.1.2/src/core/tcp.c ****  * - tcp_close()
  63:./lwip-2.1.2/src/core/tcp.c ****  * - tcp_abort()
  64:./lwip-2.1.2/src/core/tcp.c ****  * - tcp_err()
  65:./lwip-2.1.2/src/core/tcp.c ****  * 
  66:./lwip-2.1.2/src/core/tcp.c ****  */
  67:./lwip-2.1.2/src/core/tcp.c **** 
  68:./lwip-2.1.2/src/core/tcp.c **** /*
  69:./lwip-2.1.2/src/core/tcp.c ****  * Copyright (c) 2001-2004 Swedish Institute of Computer Science.
  70:./lwip-2.1.2/src/core/tcp.c ****  * All rights reserved.
  71:./lwip-2.1.2/src/core/tcp.c ****  *
  72:./lwip-2.1.2/src/core/tcp.c ****  * Redistribution and use in source and binary forms, with or without modification,
  73:./lwip-2.1.2/src/core/tcp.c ****  * are permitted provided that the following conditions are met:
  74:./lwip-2.1.2/src/core/tcp.c ****  *
  75:./lwip-2.1.2/src/core/tcp.c ****  * 1. Redistributions of source code must retain the above copyright notice,
  76:./lwip-2.1.2/src/core/tcp.c ****  *    this list of conditions and the following disclaimer.
  77:./lwip-2.1.2/src/core/tcp.c ****  * 2. Redistributions in binary form must reproduce the above copyright notice,
  78:./lwip-2.1.2/src/core/tcp.c ****  *    this list of conditions and the following disclaimer in the documentation
  79:./lwip-2.1.2/src/core/tcp.c ****  *    and/or other materials provided with the distribution.
  80:./lwip-2.1.2/src/core/tcp.c ****  * 3. The name of the author may not be used to endorse or promote products
  81:./lwip-2.1.2/src/core/tcp.c ****  *    derived from this software without specific prior written permission.
  82:./lwip-2.1.2/src/core/tcp.c ****  *
  83:./lwip-2.1.2/src/core/tcp.c ****  * THIS SOFTWARE IS PROVIDED BY THE AUTHOR ``AS IS'' AND ANY EXPRESS OR IMPLIED
  84:./lwip-2.1.2/src/core/tcp.c ****  * WARRANTIES, INCLUDING, BUT NOT LIMITED TO, THE IMPLIED WARRANTIES OF
  85:./lwip-2.1.2/src/core/tcp.c ****  * MERCHANTABILITY AND FITNESS FOR A PARTICULAR PURPOSE ARE DISCLAIMED. IN NO EVENT
  86:./lwip-2.1.2/src/core/tcp.c ****  * SHALL THE AUTHOR BE LIABLE FOR ANY DIRECT, INDIRECT, INCIDENTAL, SPECIAL,
  87:./lwip-2.1.2/src/core/tcp.c ****  * EXEMPLARY, OR CONSEQUENTIAL DAMAGES (INCLUDING, BUT NOT LIMITED TO, PROCUREMENT
  88:./lwip-2.1.2/src/core/tcp.c ****  * OF SUBSTITUTE GOODS OR SERVICES; LOSS OF USE, DATA, OR PROFITS; OR BUSINESS
  89:./lwip-2.1.2/src/core/tcp.c ****  * INTERRUPTION) HOWEVER CAUSED AND ON ANY THEORY OF LIABILITY, WHETHER IN
  90:./lwip-2.1.2/src/core/tcp.c ****  * CONTRACT, STRICT LIABILITY, OR TORT (INCLUDING NEGLIGENCE OR OTHERWISE) ARISING
  91:./lwip-2.1.2/src/core/tcp.c ****  * IN ANY WAY OUT OF THE USE OF THIS SOFTWARE, EVEN IF ADVISED OF THE POSSIBILITY
  92:./lwip-2.1.2/src/core/tcp.c ****  * OF SUCH DAMAGE.
  93:./lwip-2.1.2/src/core/tcp.c ****  *
  94:./lwip-2.1.2/src/core/tcp.c ****  * This file is part of the lwIP TCP/IP stack.
  95:./lwip-2.1.2/src/core/tcp.c ****  *
  96:./lwip-2.1.2/src/core/tcp.c ****  * Author: Adam Dunkels <adam@sics.se>
  97:./lwip-2.1.2/src/core/tcp.c ****  *
  98:./lwip-2.1.2/src/core/tcp.c ****  */
  99:./lwip-2.1.2/src/core/tcp.c **** 
 100:./lwip-2.1.2/src/core/tcp.c **** #include "lwip/opt.h"
 101:./lwip-2.1.2/src/core/tcp.c **** 
 102:./lwip-2.1.2/src/core/tcp.c **** #if LWIP_TCP /* don't build if not configured for use in lwipopts.h */
 103:./lwip-2.1.2/src/core/tcp.c **** 
 104:./lwip-2.1.2/src/core/tcp.c **** #include "lwip/def.h"
 105:./lwip-2.1.2/src/core/tcp.c **** #include "lwip/mem.h"
 106:./lwip-2.1.2/src/core/tcp.c **** #include "lwip/memp.h"
 107:./lwip-2.1.2/src/core/tcp.c **** #include "lwip/tcp.h"
 108:./lwip-2.1.2/src/core/tcp.c **** #include "lwip/priv/tcp_priv.h"
 109:./lwip-2.1.2/src/core/tcp.c **** #include "lwip/debug.h"
 110:./lwip-2.1.2/src/core/tcp.c **** #include "lwip/stats.h"
 111:./lwip-2.1.2/src/core/tcp.c **** #include "lwip/ip6.h"
 112:./lwip-2.1.2/src/core/tcp.c **** #include "lwip/ip6_addr.h"
 113:./lwip-2.1.2/src/core/tcp.c **** #include "lwip/nd6.h"
 114:./lwip-2.1.2/src/core/tcp.c **** 
 115:./lwip-2.1.2/src/core/tcp.c **** #include <string.h>
 116:./lwip-2.1.2/src/core/tcp.c **** 
 117:./lwip-2.1.2/src/core/tcp.c **** #ifdef LWIP_HOOK_FILENAME
 118:./lwip-2.1.2/src/core/tcp.c **** #include LWIP_HOOK_FILENAME
 119:./lwip-2.1.2/src/core/tcp.c **** #endif
 120:./lwip-2.1.2/src/core/tcp.c **** 
 121:./lwip-2.1.2/src/core/tcp.c **** #ifndef TCP_LOCAL_PORT_RANGE_START
 122:./lwip-2.1.2/src/core/tcp.c **** /* From http://www.iana.org/assignments/port-numbers:
 123:./lwip-2.1.2/src/core/tcp.c ****    "The Dynamic and/or Private Ports are those from 49152 through 65535" */
 124:./lwip-2.1.2/src/core/tcp.c **** #define TCP_LOCAL_PORT_RANGE_START        0xc000
 125:./lwip-2.1.2/src/core/tcp.c **** #define TCP_LOCAL_PORT_RANGE_END          0xffff
 126:./lwip-2.1.2/src/core/tcp.c **** #define TCP_ENSURE_LOCAL_PORT_RANGE(port) ((u16_t)(((port) & (u16_t)~TCP_LOCAL_PORT_RANGE_START) + 
 127:./lwip-2.1.2/src/core/tcp.c **** #endif
 128:./lwip-2.1.2/src/core/tcp.c **** 
 129:./lwip-2.1.2/src/core/tcp.c **** #if LWIP_TCP_KEEPALIVE
 130:./lwip-2.1.2/src/core/tcp.c **** #define TCP_KEEP_DUR(pcb)   ((pcb)->keep_cnt * (pcb)->keep_intvl)
 131:./lwip-2.1.2/src/core/tcp.c **** #define TCP_KEEP_INTVL(pcb) ((pcb)->keep_intvl)
 132:./lwip-2.1.2/src/core/tcp.c **** #else /* LWIP_TCP_KEEPALIVE */
 133:./lwip-2.1.2/src/core/tcp.c **** #define TCP_KEEP_DUR(pcb)   TCP_MAXIDLE
 134:./lwip-2.1.2/src/core/tcp.c **** #define TCP_KEEP_INTVL(pcb) TCP_KEEPINTVL_DEFAULT
 135:./lwip-2.1.2/src/core/tcp.c **** #endif /* LWIP_TCP_KEEPALIVE */
 136:./lwip-2.1.2/src/core/tcp.c **** 
 137:./lwip-2.1.2/src/core/tcp.c **** /* As initial send MSS, we use TCP_MSS but limit it to 536. */
 138:./lwip-2.1.2/src/core/tcp.c **** #if TCP_MSS > 536
 139:./lwip-2.1.2/src/core/tcp.c **** #define INITIAL_MSS 536
 140:./lwip-2.1.2/src/core/tcp.c **** #else
 141:./lwip-2.1.2/src/core/tcp.c **** #define INITIAL_MSS TCP_MSS
 142:./lwip-2.1.2/src/core/tcp.c **** #endif
 143:./lwip-2.1.2/src/core/tcp.c **** 
 144:./lwip-2.1.2/src/core/tcp.c **** static const char *const tcp_state_str[] = {
 145:./lwip-2.1.2/src/core/tcp.c ****   "CLOSED",
 146:./lwip-2.1.2/src/core/tcp.c ****   "LISTEN",
 147:./lwip-2.1.2/src/core/tcp.c ****   "SYN_SENT",
 148:./lwip-2.1.2/src/core/tcp.c ****   "SYN_RCVD",
 149:./lwip-2.1.2/src/core/tcp.c ****   "ESTABLISHED",
 150:./lwip-2.1.2/src/core/tcp.c ****   "FIN_WAIT_1",
 151:./lwip-2.1.2/src/core/tcp.c ****   "FIN_WAIT_2",
 152:./lwip-2.1.2/src/core/tcp.c ****   "CLOSE_WAIT",
 153:./lwip-2.1.2/src/core/tcp.c ****   "CLOSING",
 154:./lwip-2.1.2/src/core/tcp.c ****   "LAST_ACK",
 155:./lwip-2.1.2/src/core/tcp.c ****   "TIME_WAIT"
 156:./lwip-2.1.2/src/core/tcp.c **** };
 157:./lwip-2.1.2/src/core/tcp.c **** 
 158:./lwip-2.1.2/src/core/tcp.c **** /* last local TCP port */
 159:./lwip-2.1.2/src/core/tcp.c **** static u16_t tcp_port = TCP_LOCAL_PORT_RANGE_START;
 160:./lwip-2.1.2/src/core/tcp.c **** 
 161:./lwip-2.1.2/src/core/tcp.c **** /* Incremented every coarse grained timer shot (typically every 500 ms). */
 162:./lwip-2.1.2/src/core/tcp.c **** u32_t tcp_ticks;
 163:./lwip-2.1.2/src/core/tcp.c **** static const u8_t tcp_backoff[13] =
 164:./lwip-2.1.2/src/core/tcp.c **** { 1, 2, 3, 4, 5, 6, 7, 7, 7, 7, 7, 7, 7};
 165:./lwip-2.1.2/src/core/tcp.c **** /* Times per slowtmr hits */
 166:./lwip-2.1.2/src/core/tcp.c **** static const u8_t tcp_persist_backoff[7] = { 3, 6, 12, 24, 48, 96, 120 };
 167:./lwip-2.1.2/src/core/tcp.c **** 
 168:./lwip-2.1.2/src/core/tcp.c **** /* The TCP PCB lists. */
 169:./lwip-2.1.2/src/core/tcp.c **** 
 170:./lwip-2.1.2/src/core/tcp.c **** /** List of all TCP PCBs bound but not yet (connected || listening) */
 171:./lwip-2.1.2/src/core/tcp.c **** struct tcp_pcb *tcp_bound_pcbs;
 172:./lwip-2.1.2/src/core/tcp.c **** /** List of all TCP PCBs in LISTEN state */
 173:./lwip-2.1.2/src/core/tcp.c **** union tcp_listen_pcbs_t tcp_listen_pcbs;
 174:./lwip-2.1.2/src/core/tcp.c **** /** List of all TCP PCBs that are in a state in which
 175:./lwip-2.1.2/src/core/tcp.c ****  * they accept or send data. */
 176:./lwip-2.1.2/src/core/tcp.c **** struct tcp_pcb *tcp_active_pcbs;
 177:./lwip-2.1.2/src/core/tcp.c **** /** List of all TCP PCBs in TIME-WAIT state */
 178:./lwip-2.1.2/src/core/tcp.c **** struct tcp_pcb *tcp_tw_pcbs;
 179:./lwip-2.1.2/src/core/tcp.c **** 
 180:./lwip-2.1.2/src/core/tcp.c **** /** An array with all (non-temporary) PCB lists, mainly used for smaller code size */
 181:./lwip-2.1.2/src/core/tcp.c **** struct tcp_pcb **const tcp_pcb_lists[] = {&tcp_listen_pcbs.pcbs, &tcp_bound_pcbs,
 182:./lwip-2.1.2/src/core/tcp.c ****          &tcp_active_pcbs, &tcp_tw_pcbs
 183:./lwip-2.1.2/src/core/tcp.c **** };
 184:./lwip-2.1.2/src/core/tcp.c **** 
 185:./lwip-2.1.2/src/core/tcp.c **** u8_t tcp_active_pcbs_changed;
 186:./lwip-2.1.2/src/core/tcp.c **** 
 187:./lwip-2.1.2/src/core/tcp.c **** /** Timer counter to handle calling slow-timer from tcp_tmr() */
 188:./lwip-2.1.2/src/core/tcp.c **** static u8_t tcp_timer;
 189:./lwip-2.1.2/src/core/tcp.c **** static u8_t tcp_timer_ctr;
 190:./lwip-2.1.2/src/core/tcp.c **** static u16_t tcp_new_port(void);
 191:./lwip-2.1.2/src/core/tcp.c **** 
 192:./lwip-2.1.2/src/core/tcp.c **** static err_t tcp_close_shutdown_fin(struct tcp_pcb *pcb);
 193:./lwip-2.1.2/src/core/tcp.c **** #if LWIP_TCP_PCB_NUM_EXT_ARGS
 194:./lwip-2.1.2/src/core/tcp.c **** static void tcp_ext_arg_invoke_callbacks_destroyed(struct tcp_pcb_ext_args *ext_args);
 195:./lwip-2.1.2/src/core/tcp.c **** #endif
 196:./lwip-2.1.2/src/core/tcp.c **** 
 197:./lwip-2.1.2/src/core/tcp.c **** /**
 198:./lwip-2.1.2/src/core/tcp.c ****  * Initialize this module.
 199:./lwip-2.1.2/src/core/tcp.c ****  */
 200:./lwip-2.1.2/src/core/tcp.c **** void
 201:./lwip-2.1.2/src/core/tcp.c **** tcp_init(void)
 202:./lwip-2.1.2/src/core/tcp.c **** {
 148              		.loc 1 202 1
 149              		.cfi_startproc
 150              		@ args = 0, pretend = 0, frame = 0
 151              		@ frame_needed = 1, uses_anonymous_args = 0
 152 0000 80B5     		push	{r7, lr}
 153              	.LCFI0:
 154              		.cfi_def_cfa_offset 8
 155              		.cfi_offset 7, -8
 156              		.cfi_offset 14, -4
 157 0002 00AF     		add	r7, sp, #0
 158              	.LCFI1:
 159              		.cfi_def_cfa_register 7
 203:./lwip-2.1.2/src/core/tcp.c **** #ifdef LWIP_RAND
 204:./lwip-2.1.2/src/core/tcp.c ****   tcp_port = TCP_ENSURE_LOCAL_PORT_RANGE(LWIP_RAND());
 160              		.loc 1 204 14
 161 0004 FFF7FEFF 		bl	rand
 162 0008 0346     		mov	r3, r0
 163 000a 9BB2     		uxth	r3, r3
 164 000c C3F30D03 		ubfx	r3, r3, #0, #14
 165 0010 9BB2     		uxth	r3, r3
 166 0012 A3F58043 		sub	r3, r3, #16384
 167 0016 9AB2     		uxth	r2, r3
 168              		.loc 1 204 12
 169 0018 014B     		ldr	r3, .L2
 170 001a 1A80     		strh	r2, [r3]	@ movhi
 205:./lwip-2.1.2/src/core/tcp.c **** #endif /* LWIP_RAND */
 206:./lwip-2.1.2/src/core/tcp.c **** }
 171              		.loc 1 206 1
 172 001c 00BF     		nop
 173 001e 80BD     		pop	{r7, pc}
 174              	.L3:
 175              		.align	2
 176              	.L2:
 177 0020 00000000 		.word	tcp_port
 178              		.cfi_endproc
 179              	.LFE25:
 181              		.align	1
 182              		.global	tcp_free
 183              		.syntax unified
 184              		.thumb
 185              		.thumb_func
 186              		.fpu fpv5-d16
 188              	tcp_free:
 189              	.LFB26:
 207:./lwip-2.1.2/src/core/tcp.c **** 
 208:./lwip-2.1.2/src/core/tcp.c **** /** Free a tcp pcb */
 209:./lwip-2.1.2/src/core/tcp.c **** void
 210:./lwip-2.1.2/src/core/tcp.c **** tcp_free(struct tcp_pcb *pcb)
 211:./lwip-2.1.2/src/core/tcp.c **** {
 190              		.loc 1 211 1
 191              		.cfi_startproc
 192              		@ args = 0, pretend = 0, frame = 8
 193              		@ frame_needed = 1, uses_anonymous_args = 0
 194 0024 80B5     		push	{r7, lr}
 195              	.LCFI2:
 196              		.cfi_def_cfa_offset 8
 197              		.cfi_offset 7, -8
 198              		.cfi_offset 14, -4
 199 0026 82B0     		sub	sp, sp, #8
 200              	.LCFI3:
 201              		.cfi_def_cfa_offset 16
 202 0028 00AF     		add	r7, sp, #0
 203              	.LCFI4:
 204              		.cfi_def_cfa_register 7
 205 002a 7860     		str	r0, [r7, #4]
 212:./lwip-2.1.2/src/core/tcp.c ****   LWIP_ASSERT("tcp_free: LISTEN", pcb->state != LISTEN);
 213:./lwip-2.1.2/src/core/tcp.c **** #if LWIP_TCP_PCB_NUM_EXT_ARGS
 214:./lwip-2.1.2/src/core/tcp.c ****   tcp_ext_arg_invoke_callbacks_destroyed(pcb->ext_args);
 215:./lwip-2.1.2/src/core/tcp.c **** #endif
 216:./lwip-2.1.2/src/core/tcp.c ****   memp_free(MEMP_TCP_PCB, pcb);
 206              		.loc 1 216 3
 207 002c 7968     		ldr	r1, [r7, #4]
 208 002e 0120     		movs	r0, #1
 209 0030 FFF7FEFF 		bl	memp_free
 217:./lwip-2.1.2/src/core/tcp.c **** }
 210              		.loc 1 217 1
 211 0034 00BF     		nop
 212 0036 0837     		adds	r7, r7, #8
 213              	.LCFI5:
 214              		.cfi_def_cfa_offset 8
 215 0038 BD46     		mov	sp, r7
 216              	.LCFI6:
 217              		.cfi_def_cfa_register 13
 218              		@ sp needed
 219 003a 80BD     		pop	{r7, pc}
 220              		.cfi_endproc
 221              	.LFE26:
 223              		.align	1
 224              		.syntax unified
 225              		.thumb
 226              		.thumb_func
 227              		.fpu fpv5-d16
 229              	tcp_free_listen:
 230              	.LFB27:
 218:./lwip-2.1.2/src/core/tcp.c **** 
 219:./lwip-2.1.2/src/core/tcp.c **** /** Free a tcp listen pcb */
 220:./lwip-2.1.2/src/core/tcp.c **** static void
 221:./lwip-2.1.2/src/core/tcp.c **** tcp_free_listen(struct tcp_pcb *pcb)
 222:./lwip-2.1.2/src/core/tcp.c **** {
 231              		.loc 1 222 1
 232              		.cfi_startproc
 233              		@ args = 0, pretend = 0, frame = 8
 234              		@ frame_needed = 1, uses_anonymous_args = 0
 235 003c 80B5     		push	{r7, lr}
 236              	.LCFI7:
 237              		.cfi_def_cfa_offset 8
 238              		.cfi_offset 7, -8
 239              		.cfi_offset 14, -4
 240 003e 82B0     		sub	sp, sp, #8
 241              	.LCFI8:
 242              		.cfi_def_cfa_offset 16
 243 0040 00AF     		add	r7, sp, #0
 244              	.LCFI9:
 245              		.cfi_def_cfa_register 7
 246 0042 7860     		str	r0, [r7, #4]
 223:./lwip-2.1.2/src/core/tcp.c ****   LWIP_ASSERT("tcp_free_listen: !LISTEN", pcb->state != LISTEN);
 224:./lwip-2.1.2/src/core/tcp.c **** #if LWIP_TCP_PCB_NUM_EXT_ARGS
 225:./lwip-2.1.2/src/core/tcp.c ****   tcp_ext_arg_invoke_callbacks_destroyed(pcb->ext_args);
 226:./lwip-2.1.2/src/core/tcp.c **** #endif
 227:./lwip-2.1.2/src/core/tcp.c ****   memp_free(MEMP_TCP_PCB_LISTEN, pcb);
 247              		.loc 1 227 3
 248 0044 7968     		ldr	r1, [r7, #4]
 249 0046 0220     		movs	r0, #2
 250 0048 FFF7FEFF 		bl	memp_free
 228:./lwip-2.1.2/src/core/tcp.c **** }
 251              		.loc 1 228 1
 252 004c 00BF     		nop
 253 004e 0837     		adds	r7, r7, #8
 254              	.LCFI10:
 255              		.cfi_def_cfa_offset 8
 256 0050 BD46     		mov	sp, r7
 257              	.LCFI11:
 258              		.cfi_def_cfa_register 13
 259              		@ sp needed
 260 0052 80BD     		pop	{r7, pc}
 261              		.cfi_endproc
 262              	.LFE27:
 264              		.align	1
 265              		.global	tcp_tmr
 266              		.syntax unified
 267              		.thumb
 268              		.thumb_func
 269              		.fpu fpv5-d16
 271              	tcp_tmr:
 272              	.LFB28:
 229:./lwip-2.1.2/src/core/tcp.c **** 
 230:./lwip-2.1.2/src/core/tcp.c **** /**
 231:./lwip-2.1.2/src/core/tcp.c ****  * Called periodically to dispatch TCP timers.
 232:./lwip-2.1.2/src/core/tcp.c ****  */
 233:./lwip-2.1.2/src/core/tcp.c **** void
 234:./lwip-2.1.2/src/core/tcp.c **** tcp_tmr(void)
 235:./lwip-2.1.2/src/core/tcp.c **** {
 273              		.loc 1 235 1
 274              		.cfi_startproc
 275              		@ args = 0, pretend = 0, frame = 0
 276              		@ frame_needed = 1, uses_anonymous_args = 0
 277 0054 80B5     		push	{r7, lr}
 278              	.LCFI12:
 279              		.cfi_def_cfa_offset 8
 280              		.cfi_offset 7, -8
 281              		.cfi_offset 14, -4
 282 0056 00AF     		add	r7, sp, #0
 283              	.LCFI13:
 284              		.cfi_def_cfa_register 7
 236:./lwip-2.1.2/src/core/tcp.c ****   /* Call tcp_fasttmr() every 250 ms */
 237:./lwip-2.1.2/src/core/tcp.c ****   tcp_fasttmr();
 285              		.loc 1 237 3
 286 0058 FFF7FEFF 		bl	tcp_fasttmr
 238:./lwip-2.1.2/src/core/tcp.c **** 
 239:./lwip-2.1.2/src/core/tcp.c ****   if (++tcp_timer & 1) {
 287              		.loc 1 239 7
 288 005c 074B     		ldr	r3, .L9
 289 005e 1B78     		ldrb	r3, [r3]	@ zero_extendqisi2
 290 0060 0133     		adds	r3, r3, #1
 291 0062 DAB2     		uxtb	r2, r3
 292              		.loc 1 239 6
 293 0064 054B     		ldr	r3, .L9
 294 0066 1A70     		strb	r2, [r3]
 295              		.loc 1 239 7
 296 0068 044B     		ldr	r3, .L9
 297 006a 1B78     		ldrb	r3, [r3]	@ zero_extendqisi2
 298              		.loc 1 239 19
 299 006c 03F00103 		and	r3, r3, #1
 300              		.loc 1 239 6
 301 0070 002B     		cmp	r3, #0
 302 0072 01D0     		beq	.L8
 240:./lwip-2.1.2/src/core/tcp.c ****     /* Call tcp_slowtmr() every 500 ms, i.e., every other timer
 241:./lwip-2.1.2/src/core/tcp.c ****        tcp_tmr() is called. */
 242:./lwip-2.1.2/src/core/tcp.c ****     tcp_slowtmr();
 303              		.loc 1 242 5
 304 0074 FFF7FEFF 		bl	tcp_slowtmr
 305              	.L8:
 243:./lwip-2.1.2/src/core/tcp.c ****   }
 244:./lwip-2.1.2/src/core/tcp.c **** }
 306              		.loc 1 244 1
 307 0078 00BF     		nop
 308 007a 80BD     		pop	{r7, pc}
 309              	.L10:
 310              		.align	2
 311              	.L9:
 312 007c 15000000 		.word	tcp_timer
 313              		.cfi_endproc
 314              	.LFE28:
 316              		.align	1
 317              		.syntax unified
 318              		.thumb
 319              		.thumb_func
 320              		.fpu fpv5-d16
 322              	tcp_remove_listener:
 323              	.LFB29:
 245:./lwip-2.1.2/src/core/tcp.c **** 
 246:./lwip-2.1.2/src/core/tcp.c **** #if LWIP_CALLBACK_API || TCP_LISTEN_BACKLOG
 247:./lwip-2.1.2/src/core/tcp.c **** /** Called when a listen pcb is closed. Iterates one pcb list and removes the
 248:./lwip-2.1.2/src/core/tcp.c ****  * closed listener pcb from pcb->listener if matching.
 249:./lwip-2.1.2/src/core/tcp.c ****  */
 250:./lwip-2.1.2/src/core/tcp.c **** static void
 251:./lwip-2.1.2/src/core/tcp.c **** tcp_remove_listener(struct tcp_pcb *list, struct tcp_pcb_listen *lpcb)
 252:./lwip-2.1.2/src/core/tcp.c **** {
 324              		.loc 1 252 1
 325              		.cfi_startproc
 326              		@ args = 0, pretend = 0, frame = 16
 327              		@ frame_needed = 1, uses_anonymous_args = 0
 328              		@ link register save eliminated.
 329 0080 80B4     		push	{r7}
 330              	.LCFI14:
 331              		.cfi_def_cfa_offset 4
 332              		.cfi_offset 7, -4
 333 0082 85B0     		sub	sp, sp, #20
 334              	.LCFI15:
 335              		.cfi_def_cfa_offset 24
 336 0084 00AF     		add	r7, sp, #0
 337              	.LCFI16:
 338              		.cfi_def_cfa_register 7
 339 0086 7860     		str	r0, [r7, #4]
 340 0088 3960     		str	r1, [r7]
 253:./lwip-2.1.2/src/core/tcp.c ****   struct tcp_pcb *pcb;
 254:./lwip-2.1.2/src/core/tcp.c **** 
 255:./lwip-2.1.2/src/core/tcp.c ****   LWIP_ASSERT("tcp_remove_listener: invalid listener", lpcb != NULL);
 256:./lwip-2.1.2/src/core/tcp.c **** 
 257:./lwip-2.1.2/src/core/tcp.c ****   for (pcb = list; pcb != NULL; pcb = pcb->next) {
 341              		.loc 1 257 12
 342 008a 7B68     		ldr	r3, [r7, #4]
 343 008c FB60     		str	r3, [r7, #12]
 344              		.loc 1 257 3
 345 008e 0AE0     		b	.L12
 346              	.L14:
 258:./lwip-2.1.2/src/core/tcp.c ****     if (pcb->listener == lpcb) {
 347              		.loc 1 258 12
 348 0090 FB68     		ldr	r3, [r7, #12]
 349 0092 DB6F     		ldr	r3, [r3, #124]
 350              		.loc 1 258 8
 351 0094 3A68     		ldr	r2, [r7]
 352 0096 9A42     		cmp	r2, r3
 353 0098 02D1     		bne	.L13
 259:./lwip-2.1.2/src/core/tcp.c ****       pcb->listener = NULL;
 354              		.loc 1 259 21
 355 009a FB68     		ldr	r3, [r7, #12]
 356 009c 0022     		movs	r2, #0
 357 009e DA67     		str	r2, [r3, #124]
 358              	.L13:
 257:./lwip-2.1.2/src/core/tcp.c ****     if (pcb->listener == lpcb) {
 359              		.loc 1 257 37 discriminator 2
 360 00a0 FB68     		ldr	r3, [r7, #12]
 361 00a2 DB68     		ldr	r3, [r3, #12]
 362 00a4 FB60     		str	r3, [r7, #12]
 363              	.L12:
 257:./lwip-2.1.2/src/core/tcp.c ****     if (pcb->listener == lpcb) {
 364              		.loc 1 257 3 discriminator 1
 365 00a6 FB68     		ldr	r3, [r7, #12]
 366 00a8 002B     		cmp	r3, #0
 367 00aa F1D1     		bne	.L14
 260:./lwip-2.1.2/src/core/tcp.c ****     }
 261:./lwip-2.1.2/src/core/tcp.c ****   }
 262:./lwip-2.1.2/src/core/tcp.c **** }
 368              		.loc 1 262 1
 369 00ac 00BF     		nop
 370 00ae 00BF     		nop
 371 00b0 1437     		adds	r7, r7, #20
 372              	.LCFI17:
 373              		.cfi_def_cfa_offset 4
 374 00b2 BD46     		mov	sp, r7
 375              	.LCFI18:
 376              		.cfi_def_cfa_register 13
 377              		@ sp needed
 378 00b4 5DF8047B 		ldr	r7, [sp], #4
 379              	.LCFI19:
 380              		.cfi_restore 7
 381              		.cfi_def_cfa_offset 0
 382 00b8 7047     		bx	lr
 383              		.cfi_endproc
 384              	.LFE29:
 386              		.align	1
 387              		.syntax unified
 388              		.thumb
 389              		.thumb_func
 390              		.fpu fpv5-d16
 392              	tcp_listen_closed:
 393              	.LFB30:
 263:./lwip-2.1.2/src/core/tcp.c **** #endif
 264:./lwip-2.1.2/src/core/tcp.c **** 
 265:./lwip-2.1.2/src/core/tcp.c **** /** Called when a listen pcb is closed. Iterates all pcb lists and removes the
 266:./lwip-2.1.2/src/core/tcp.c ****  * closed listener pcb from pcb->listener if matching.
 267:./lwip-2.1.2/src/core/tcp.c ****  */
 268:./lwip-2.1.2/src/core/tcp.c **** static void
 269:./lwip-2.1.2/src/core/tcp.c **** tcp_listen_closed(struct tcp_pcb *pcb)
 270:./lwip-2.1.2/src/core/tcp.c **** {
 394              		.loc 1 270 1
 395              		.cfi_startproc
 396              		@ args = 0, pretend = 0, frame = 16
 397              		@ frame_needed = 1, uses_anonymous_args = 0
 398 00ba 80B5     		push	{r7, lr}
 399              	.LCFI20:
 400              		.cfi_def_cfa_offset 8
 401              		.cfi_offset 7, -8
 402              		.cfi_offset 14, -4
 403 00bc 84B0     		sub	sp, sp, #16
 404              	.LCFI21:
 405              		.cfi_def_cfa_offset 24
 406 00be 00AF     		add	r7, sp, #0
 407              	.LCFI22:
 408              		.cfi_def_cfa_register 7
 409 00c0 7860     		str	r0, [r7, #4]
 271:./lwip-2.1.2/src/core/tcp.c **** #if LWIP_CALLBACK_API || TCP_LISTEN_BACKLOG
 272:./lwip-2.1.2/src/core/tcp.c ****   size_t i;
 273:./lwip-2.1.2/src/core/tcp.c ****   LWIP_ASSERT("pcb != NULL", pcb != NULL);
 274:./lwip-2.1.2/src/core/tcp.c ****   LWIP_ASSERT("pcb->state == LISTEN", pcb->state == LISTEN);
 275:./lwip-2.1.2/src/core/tcp.c ****   for (i = 1; i < LWIP_ARRAYSIZE(tcp_pcb_lists); i++) {
 410              		.loc 1 275 10
 411 00c2 0123     		movs	r3, #1
 412 00c4 FB60     		str	r3, [r7, #12]
 413              		.loc 1 275 3
 414 00c6 0BE0     		b	.L16
 415              	.L17:
 276:./lwip-2.1.2/src/core/tcp.c ****     tcp_remove_listener(*tcp_pcb_lists[i], (struct tcp_pcb_listen *)pcb);
 416              		.loc 1 276 39 discriminator 3
 417 00c8 094A     		ldr	r2, .L18
 418 00ca FB68     		ldr	r3, [r7, #12]
 419 00cc 52F82330 		ldr	r3, [r2, r3, lsl #2]
 420              		.loc 1 276 5 discriminator 3
 421 00d0 1B68     		ldr	r3, [r3]
 422 00d2 7968     		ldr	r1, [r7, #4]
 423 00d4 1846     		mov	r0, r3
 424 00d6 FFF7D3FF 		bl	tcp_remove_listener
 275:./lwip-2.1.2/src/core/tcp.c ****     tcp_remove_listener(*tcp_pcb_lists[i], (struct tcp_pcb_listen *)pcb);
 425              		.loc 1 275 51 discriminator 3
 426 00da FB68     		ldr	r3, [r7, #12]
 427 00dc 0133     		adds	r3, r3, #1
 428 00de FB60     		str	r3, [r7, #12]
 429              	.L16:
 275:./lwip-2.1.2/src/core/tcp.c ****     tcp_remove_listener(*tcp_pcb_lists[i], (struct tcp_pcb_listen *)pcb);
 430              		.loc 1 275 3 discriminator 1
 431 00e0 FB68     		ldr	r3, [r7, #12]
 432 00e2 032B     		cmp	r3, #3
 433 00e4 F0D9     		bls	.L17
 277:./lwip-2.1.2/src/core/tcp.c ****   }
 278:./lwip-2.1.2/src/core/tcp.c **** #endif
 279:./lwip-2.1.2/src/core/tcp.c ****   LWIP_UNUSED_ARG(pcb);
 280:./lwip-2.1.2/src/core/tcp.c **** }
 434              		.loc 1 280 1
 435 00e6 00BF     		nop
 436 00e8 00BF     		nop
 437 00ea 1037     		adds	r7, r7, #16
 438              	.LCFI23:
 439              		.cfi_def_cfa_offset 8
 440 00ec BD46     		mov	sp, r7
 441              	.LCFI24:
 442              		.cfi_def_cfa_register 13
 443              		@ sp needed
 444 00ee 80BD     		pop	{r7, pc}
 445              	.L19:
 446              		.align	2
 447              	.L18:
 448 00f0 00000000 		.word	tcp_pcb_lists
 449              		.cfi_endproc
 450              	.LFE30:
 452              		.align	1
 453              		.syntax unified
 454              		.thumb
 455              		.thumb_func
 456              		.fpu fpv5-d16
 458              	tcp_close_shutdown:
 459              	.LFB31:
 281:./lwip-2.1.2/src/core/tcp.c **** 
 282:./lwip-2.1.2/src/core/tcp.c **** #if TCP_LISTEN_BACKLOG
 283:./lwip-2.1.2/src/core/tcp.c **** /** @ingroup tcp_raw
 284:./lwip-2.1.2/src/core/tcp.c ****  * Delay accepting a connection in respect to the listen backlog:
 285:./lwip-2.1.2/src/core/tcp.c ****  * the number of outstanding connections is increased until
 286:./lwip-2.1.2/src/core/tcp.c ****  * tcp_backlog_accepted() is called.
 287:./lwip-2.1.2/src/core/tcp.c ****  *
 288:./lwip-2.1.2/src/core/tcp.c ****  * ATTENTION: the caller is responsible for calling tcp_backlog_accepted()
 289:./lwip-2.1.2/src/core/tcp.c ****  * or else the backlog feature will get out of sync!
 290:./lwip-2.1.2/src/core/tcp.c ****  *
 291:./lwip-2.1.2/src/core/tcp.c ****  * @param pcb the connection pcb which is not fully accepted yet
 292:./lwip-2.1.2/src/core/tcp.c ****  */
 293:./lwip-2.1.2/src/core/tcp.c **** void
 294:./lwip-2.1.2/src/core/tcp.c **** tcp_backlog_delayed(struct tcp_pcb *pcb)
 295:./lwip-2.1.2/src/core/tcp.c **** {
 296:./lwip-2.1.2/src/core/tcp.c ****   LWIP_ASSERT("pcb != NULL", pcb != NULL);
 297:./lwip-2.1.2/src/core/tcp.c ****   LWIP_ASSERT_CORE_LOCKED();
 298:./lwip-2.1.2/src/core/tcp.c ****   if ((pcb->flags & TF_BACKLOGPEND) == 0) {
 299:./lwip-2.1.2/src/core/tcp.c ****     if (pcb->listener != NULL) {
 300:./lwip-2.1.2/src/core/tcp.c ****       pcb->listener->accepts_pending++;
 301:./lwip-2.1.2/src/core/tcp.c ****       LWIP_ASSERT("accepts_pending != 0", pcb->listener->accepts_pending != 0);
 302:./lwip-2.1.2/src/core/tcp.c ****       tcp_set_flags(pcb, TF_BACKLOGPEND);
 303:./lwip-2.1.2/src/core/tcp.c ****     }
 304:./lwip-2.1.2/src/core/tcp.c ****   }
 305:./lwip-2.1.2/src/core/tcp.c **** }
 306:./lwip-2.1.2/src/core/tcp.c **** 
 307:./lwip-2.1.2/src/core/tcp.c **** /** @ingroup tcp_raw
 308:./lwip-2.1.2/src/core/tcp.c ****  * A delayed-accept a connection is accepted (or closed/aborted): decreases
 309:./lwip-2.1.2/src/core/tcp.c ****  * the number of outstanding connections after calling tcp_backlog_delayed().
 310:./lwip-2.1.2/src/core/tcp.c ****  *
 311:./lwip-2.1.2/src/core/tcp.c ****  * ATTENTION: the caller is responsible for calling tcp_backlog_accepted()
 312:./lwip-2.1.2/src/core/tcp.c ****  * or else the backlog feature will get out of sync!
 313:./lwip-2.1.2/src/core/tcp.c ****  *
 314:./lwip-2.1.2/src/core/tcp.c ****  * @param pcb the connection pcb which is now fully accepted (or closed/aborted)
 315:./lwip-2.1.2/src/core/tcp.c ****  */
 316:./lwip-2.1.2/src/core/tcp.c **** void
 317:./lwip-2.1.2/src/core/tcp.c **** tcp_backlog_accepted(struct tcp_pcb *pcb)
 318:./lwip-2.1.2/src/core/tcp.c **** {
 319:./lwip-2.1.2/src/core/tcp.c ****   LWIP_ASSERT("pcb != NULL", pcb != NULL);
 320:./lwip-2.1.2/src/core/tcp.c ****   LWIP_ASSERT_CORE_LOCKED();
 321:./lwip-2.1.2/src/core/tcp.c ****   if ((pcb->flags & TF_BACKLOGPEND) != 0) {
 322:./lwip-2.1.2/src/core/tcp.c ****     if (pcb->listener != NULL) {
 323:./lwip-2.1.2/src/core/tcp.c ****       LWIP_ASSERT("accepts_pending != 0", pcb->listener->accepts_pending != 0);
 324:./lwip-2.1.2/src/core/tcp.c ****       pcb->listener->accepts_pending--;
 325:./lwip-2.1.2/src/core/tcp.c ****       tcp_clear_flags(pcb, TF_BACKLOGPEND);
 326:./lwip-2.1.2/src/core/tcp.c ****     }
 327:./lwip-2.1.2/src/core/tcp.c ****   }
 328:./lwip-2.1.2/src/core/tcp.c **** }
 329:./lwip-2.1.2/src/core/tcp.c **** #endif /* TCP_LISTEN_BACKLOG */
 330:./lwip-2.1.2/src/core/tcp.c **** 
 331:./lwip-2.1.2/src/core/tcp.c **** /**
 332:./lwip-2.1.2/src/core/tcp.c ****  * Closes the TX side of a connection held by the PCB.
 333:./lwip-2.1.2/src/core/tcp.c ****  * For tcp_close(), a RST is sent if the application didn't receive all data
 334:./lwip-2.1.2/src/core/tcp.c ****  * (tcp_recved() not called for all data passed to recv callback).
 335:./lwip-2.1.2/src/core/tcp.c ****  *
 336:./lwip-2.1.2/src/core/tcp.c ****  * Listening pcbs are freed and may not be referenced any more.
 337:./lwip-2.1.2/src/core/tcp.c ****  * Connection pcbs are freed if not yet connected and may not be referenced
 338:./lwip-2.1.2/src/core/tcp.c ****  * any more. If a connection is established (at least SYN received or in
 339:./lwip-2.1.2/src/core/tcp.c ****  * a closing state), the connection is closed, and put in a closing state.
 340:./lwip-2.1.2/src/core/tcp.c ****  * The pcb is then automatically freed in tcp_slowtmr(). It is therefore
 341:./lwip-2.1.2/src/core/tcp.c ****  * unsafe to reference it.
 342:./lwip-2.1.2/src/core/tcp.c ****  *
 343:./lwip-2.1.2/src/core/tcp.c ****  * @param pcb the tcp_pcb to close
 344:./lwip-2.1.2/src/core/tcp.c ****  * @return ERR_OK if connection has been closed
 345:./lwip-2.1.2/src/core/tcp.c ****  *         another err_t if closing failed and pcb is not freed
 346:./lwip-2.1.2/src/core/tcp.c ****  */
 347:./lwip-2.1.2/src/core/tcp.c **** static err_t
 348:./lwip-2.1.2/src/core/tcp.c **** tcp_close_shutdown(struct tcp_pcb *pcb, u8_t rst_on_unacked_data)
 349:./lwip-2.1.2/src/core/tcp.c **** {
 460              		.loc 1 349 1
 461              		.cfi_startproc
 462              		@ args = 0, pretend = 0, frame = 16
 463              		@ frame_needed = 1, uses_anonymous_args = 0
 464 00f4 B0B5     		push	{r4, r5, r7, lr}
 465              	.LCFI25:
 466              		.cfi_def_cfa_offset 16
 467              		.cfi_offset 4, -16
 468              		.cfi_offset 5, -12
 469              		.cfi_offset 7, -8
 470              		.cfi_offset 14, -4
 471 00f6 88B0     		sub	sp, sp, #32
 472              	.LCFI26:
 473              		.cfi_def_cfa_offset 48
 474 00f8 04AF     		add	r7, sp, #16
 475              	.LCFI27:
 476              		.cfi_def_cfa 7, 32
 477 00fa 7860     		str	r0, [r7, #4]
 478 00fc 0B46     		mov	r3, r1
 479 00fe FB70     		strb	r3, [r7, #3]
 350:./lwip-2.1.2/src/core/tcp.c ****   LWIP_ASSERT("tcp_close_shutdown: invalid pcb", pcb != NULL);
 351:./lwip-2.1.2/src/core/tcp.c **** 
 352:./lwip-2.1.2/src/core/tcp.c ****   if (rst_on_unacked_data && ((pcb->state == ESTABLISHED) || (pcb->state == CLOSE_WAIT))) {
 480              		.loc 1 352 6
 481 0100 FB78     		ldrb	r3, [r7, #3]	@ zero_extendqisi2
 482 0102 002B     		cmp	r3, #0
 483 0104 59D0     		beq	.L21
 484              		.loc 1 352 35 discriminator 1
 485 0106 7B68     		ldr	r3, [r7, #4]
 486 0108 1B7D     		ldrb	r3, [r3, #20]	@ zero_extendqisi2
 487              		.loc 1 352 27 discriminator 1
 488 010a 042B     		cmp	r3, #4
 489 010c 03D0     		beq	.L22
 490              		.loc 1 352 66 discriminator 2
 491 010e 7B68     		ldr	r3, [r7, #4]
 492 0110 1B7D     		ldrb	r3, [r3, #20]	@ zero_extendqisi2
 493              		.loc 1 352 59 discriminator 2
 494 0112 072B     		cmp	r3, #7
 495 0114 51D1     		bne	.L21
 496              	.L22:
 353:./lwip-2.1.2/src/core/tcp.c ****     if ((pcb->refused_data != NULL) || (pcb->rcv_wnd != TCP_WND_MAX(pcb))) {
 497              		.loc 1 353 13
 498 0116 7B68     		ldr	r3, [r7, #4]
 499 0118 9B6F     		ldr	r3, [r3, #120]
 500              		.loc 1 353 8
 501 011a 002B     		cmp	r3, #0
 502 011c 04D1     		bne	.L23
 503              		.loc 1 353 44 discriminator 1
 504 011e 7B68     		ldr	r3, [r7, #4]
 505 0120 1B8D     		ldrh	r3, [r3, #40]
 506              		.loc 1 353 37 discriminator 1
 507 0122 B3F5066F 		cmp	r3, #2144
 508 0126 48D0     		beq	.L21
 509              	.L23:
 354:./lwip-2.1.2/src/core/tcp.c ****       /* Not all data received by application, send RST to tell the remote
 355:./lwip-2.1.2/src/core/tcp.c ****          side about this. */
 356:./lwip-2.1.2/src/core/tcp.c ****       LWIP_ASSERT("pcb->flags & TF_RXCLOSED", pcb->flags & TF_RXCLOSED);
 357:./lwip-2.1.2/src/core/tcp.c **** 
 358:./lwip-2.1.2/src/core/tcp.c ****       /* don't call tcp_abort here: we must not deallocate the pcb since
 359:./lwip-2.1.2/src/core/tcp.c ****          that might not be expected when calling tcp_close */
 360:./lwip-2.1.2/src/core/tcp.c ****       tcp_rst(pcb, pcb->snd_nxt, pcb->rcv_nxt, &pcb->local_ip, &pcb->remote_ip,
 510              		.loc 1 360 7
 511 0128 7B68     		ldr	r3, [r7, #4]
 512 012a 186D     		ldr	r0, [r3, #80]
 513 012c 7B68     		ldr	r3, [r7, #4]
 514 012e 5C6A     		ldr	r4, [r3, #36]
 515              		.loc 1 360 48
 516 0130 7D68     		ldr	r5, [r7, #4]
 517              		.loc 1 360 64
 518 0132 7B68     		ldr	r3, [r7, #4]
 519 0134 0433     		adds	r3, r3, #4
 520              		.loc 1 360 7
 521 0136 7A68     		ldr	r2, [r7, #4]
 522 0138 D28A     		ldrh	r2, [r2, #22]
 523 013a 7968     		ldr	r1, [r7, #4]
 524 013c 098B     		ldrh	r1, [r1, #24]
 525 013e 0291     		str	r1, [sp, #8]
 526 0140 0192     		str	r2, [sp, #4]
 527 0142 0093     		str	r3, [sp]
 528 0144 2B46     		mov	r3, r5
 529 0146 2246     		mov	r2, r4
 530 0148 0146     		mov	r1, r0
 531 014a 7868     		ldr	r0, [r7, #4]
 532 014c FFF7FEFF 		bl	tcp_rst
 361:./lwip-2.1.2/src/core/tcp.c ****               pcb->local_port, pcb->remote_port);
 362:./lwip-2.1.2/src/core/tcp.c **** 
 363:./lwip-2.1.2/src/core/tcp.c ****       tcp_pcb_purge(pcb);
 533              		.loc 1 363 7
 534 0150 7868     		ldr	r0, [r7, #4]
 535 0152 FFF7FEFF 		bl	tcp_pcb_purge
 364:./lwip-2.1.2/src/core/tcp.c ****       TCP_RMV_ACTIVE(pcb);
 536              		.loc 1 364 7
 537 0156 434B     		ldr	r3, .L43
 538 0158 1B68     		ldr	r3, [r3]
 539 015a 7A68     		ldr	r2, [r7, #4]
 540 015c 9A42     		cmp	r2, r3
 541 015e 05D1     		bne	.L24
 542              		.loc 1 364 7 is_stmt 0 discriminator 1
 543 0160 404B     		ldr	r3, .L43
 544 0162 1B68     		ldr	r3, [r3]
 545 0164 DB68     		ldr	r3, [r3, #12]
 546 0166 3F4A     		ldr	r2, .L43
 547 0168 1360     		str	r3, [r2]
 548 016a 13E0     		b	.L25
 549              	.L24:
 550              	.LBB2:
 551              		.loc 1 364 7 discriminator 2
 552 016c 3D4B     		ldr	r3, .L43
 553 016e 1B68     		ldr	r3, [r3]
 554 0170 FB60     		str	r3, [r7, #12]
 555 0172 0CE0     		b	.L26
 556              	.L28:
 557              		.loc 1 364 7 discriminator 9
 558 0174 FB68     		ldr	r3, [r7, #12]
 559 0176 DB68     		ldr	r3, [r3, #12]
 560 0178 7A68     		ldr	r2, [r7, #4]
 561 017a 9A42     		cmp	r2, r3
 562 017c 04D1     		bne	.L27
 563              		.loc 1 364 7 discriminator 5
 564 017e 7B68     		ldr	r3, [r7, #4]
 565 0180 DA68     		ldr	r2, [r3, #12]
 566 0182 FB68     		ldr	r3, [r7, #12]
 567 0184 DA60     		str	r2, [r3, #12]
 568 0186 05E0     		b	.L25
 569              	.L27:
 570              		.loc 1 364 7 discriminator 6
 571 0188 FB68     		ldr	r3, [r7, #12]
 572 018a DB68     		ldr	r3, [r3, #12]
 573 018c FB60     		str	r3, [r7, #12]
 574              	.L26:
 575              		.loc 1 364 7 discriminator 8
 576 018e FB68     		ldr	r3, [r7, #12]
 577 0190 002B     		cmp	r3, #0
 578 0192 EFD1     		bne	.L28
 579              	.L25:
 580              	.LBE2:
 581              		.loc 1 364 7 discriminator 10
 582 0194 7B68     		ldr	r3, [r7, #4]
 583 0196 0022     		movs	r2, #0
 584 0198 DA60     		str	r2, [r3, #12]
 585 019a 334B     		ldr	r3, .L43+4
 586 019c 0122     		movs	r2, #1
 587 019e 1A70     		strb	r2, [r3]
 365:./lwip-2.1.2/src/core/tcp.c ****       /* Deallocate the pcb since we already sent a RST for it */
 366:./lwip-2.1.2/src/core/tcp.c ****       if (tcp_input_pcb == pcb) {
 588              		.loc 1 366 25 is_stmt 1 discriminator 10
 589 01a0 324B     		ldr	r3, .L43+8
 590 01a2 1B68     		ldr	r3, [r3]
 591              		.loc 1 366 10 discriminator 10
 592 01a4 7A68     		ldr	r2, [r7, #4]
 593 01a6 9A42     		cmp	r2, r3
 594 01a8 02D1     		bne	.L29
 367:./lwip-2.1.2/src/core/tcp.c ****         /* prevent using a deallocated pcb: free it from tcp_input later */
 368:./lwip-2.1.2/src/core/tcp.c ****         tcp_trigger_input_pcb_close();
 595              		.loc 1 368 9
 596 01aa FFF7FEFF 		bl	tcp_trigger_input_pcb_close
 597 01ae 02E0     		b	.L30
 598              	.L29:
 369:./lwip-2.1.2/src/core/tcp.c ****       } else {
 370:./lwip-2.1.2/src/core/tcp.c ****         tcp_free(pcb);
 599              		.loc 1 370 9
 600 01b0 7868     		ldr	r0, [r7, #4]
 601 01b2 FFF7FEFF 		bl	tcp_free
 602              	.L30:
 371:./lwip-2.1.2/src/core/tcp.c ****       }
 372:./lwip-2.1.2/src/core/tcp.c ****       return ERR_OK;
 603              		.loc 1 372 14
 604 01b6 0023     		movs	r3, #0
 605 01b8 50E0     		b	.L31
 606              	.L21:
 373:./lwip-2.1.2/src/core/tcp.c ****     }
 374:./lwip-2.1.2/src/core/tcp.c ****   }
 375:./lwip-2.1.2/src/core/tcp.c **** 
 376:./lwip-2.1.2/src/core/tcp.c ****   /* - states which free the pcb are handled here,
 377:./lwip-2.1.2/src/core/tcp.c ****      - states which send FIN and change state are handled in tcp_close_shutdown_fin() */
 378:./lwip-2.1.2/src/core/tcp.c ****   switch (pcb->state) {
 607              		.loc 1 378 14
 608 01ba 7B68     		ldr	r3, [r7, #4]
 609 01bc 1B7D     		ldrb	r3, [r3, #20]	@ zero_extendqisi2
 610              		.loc 1 378 3
 611 01be 022B     		cmp	r3, #2
 612 01c0 3BD0     		beq	.L32
 613 01c2 022B     		cmp	r3, #2
 614 01c4 44DC     		bgt	.L33
 615 01c6 002B     		cmp	r3, #0
 616 01c8 02D0     		beq	.L34
 617 01ca 012B     		cmp	r3, #1
 618 01cc 2AD0     		beq	.L35
 619 01ce 3FE0     		b	.L33
 620              	.L34:
 379:./lwip-2.1.2/src/core/tcp.c ****     case CLOSED:
 380:./lwip-2.1.2/src/core/tcp.c ****       /* Closing a pcb in the CLOSED state might seem erroneous,
 381:./lwip-2.1.2/src/core/tcp.c ****        * however, it is in this state once allocated and as yet unused
 382:./lwip-2.1.2/src/core/tcp.c ****        * and the user needs some way to free it should the need arise.
 383:./lwip-2.1.2/src/core/tcp.c ****        * Calling tcp_close() with a pcb that has already been closed, (i.e. twice)
 384:./lwip-2.1.2/src/core/tcp.c ****        * or for a pcb that has been used and then entered the CLOSED state
 385:./lwip-2.1.2/src/core/tcp.c ****        * is erroneous, but this should never happen as the pcb has in those cases
 386:./lwip-2.1.2/src/core/tcp.c ****        * been freed, and so any remaining handles are bogus. */
 387:./lwip-2.1.2/src/core/tcp.c ****       if (pcb->local_port != 0) {
 621              		.loc 1 387 14
 622 01d0 7B68     		ldr	r3, [r7, #4]
 623 01d2 DB8A     		ldrh	r3, [r3, #22]
 624              		.loc 1 387 10
 625 01d4 002B     		cmp	r3, #0
 626 01d6 21D0     		beq	.L36
 388:./lwip-2.1.2/src/core/tcp.c ****         TCP_RMV(&tcp_bound_pcbs, pcb);
 627              		.loc 1 388 9
 628 01d8 254B     		ldr	r3, .L43+12
 629 01da 1B68     		ldr	r3, [r3]
 630 01dc 7A68     		ldr	r2, [r7, #4]
 631 01de 9A42     		cmp	r2, r3
 632 01e0 05D1     		bne	.L37
 633              		.loc 1 388 9 is_stmt 0 discriminator 1
 634 01e2 234B     		ldr	r3, .L43+12
 635 01e4 1B68     		ldr	r3, [r3]
 636 01e6 DB68     		ldr	r3, [r3, #12]
 637 01e8 214A     		ldr	r2, .L43+12
 638 01ea 1360     		str	r3, [r2]
 639 01ec 13E0     		b	.L38
 640              	.L37:
 641              	.LBB3:
 642              		.loc 1 388 9 discriminator 2
 643 01ee 204B     		ldr	r3, .L43+12
 644 01f0 1B68     		ldr	r3, [r3]
 645 01f2 BB60     		str	r3, [r7, #8]
 646 01f4 0CE0     		b	.L39
 647              	.L41:
 648              		.loc 1 388 9 discriminator 9
 649 01f6 BB68     		ldr	r3, [r7, #8]
 650 01f8 DB68     		ldr	r3, [r3, #12]
 651 01fa 7A68     		ldr	r2, [r7, #4]
 652 01fc 9A42     		cmp	r2, r3
 653 01fe 04D1     		bne	.L40
 654              		.loc 1 388 9 discriminator 5
 655 0200 7B68     		ldr	r3, [r7, #4]
 656 0202 DA68     		ldr	r2, [r3, #12]
 657 0204 BB68     		ldr	r3, [r7, #8]
 658 0206 DA60     		str	r2, [r3, #12]
 659 0208 05E0     		b	.L38
 660              	.L40:
 661              		.loc 1 388 9 discriminator 6
 662 020a BB68     		ldr	r3, [r7, #8]
 663 020c DB68     		ldr	r3, [r3, #12]
 664 020e BB60     		str	r3, [r7, #8]
 665              	.L39:
 666              		.loc 1 388 9 discriminator 8
 667 0210 BB68     		ldr	r3, [r7, #8]
 668 0212 002B     		cmp	r3, #0
 669 0214 EFD1     		bne	.L41
 670              	.L38:
 671              	.LBE3:
 672              		.loc 1 388 9 discriminator 10
 673 0216 7B68     		ldr	r3, [r7, #4]
 674 0218 0022     		movs	r2, #0
 675 021a DA60     		str	r2, [r3, #12]
 676              	.L36:
 389:./lwip-2.1.2/src/core/tcp.c ****       }
 390:./lwip-2.1.2/src/core/tcp.c ****       tcp_free(pcb);
 677              		.loc 1 390 7 is_stmt 1
 678 021c 7868     		ldr	r0, [r7, #4]
 679 021e FFF7FEFF 		bl	tcp_free
 391:./lwip-2.1.2/src/core/tcp.c ****       break;
 680              		.loc 1 391 7
 681 0222 1AE0     		b	.L42
 682              	.L35:
 392:./lwip-2.1.2/src/core/tcp.c ****     case LISTEN:
 393:./lwip-2.1.2/src/core/tcp.c ****       tcp_listen_closed(pcb);
 683              		.loc 1 393 7
 684 0224 7868     		ldr	r0, [r7, #4]
 685 0226 FFF748FF 		bl	tcp_listen_closed
 394:./lwip-2.1.2/src/core/tcp.c ****       tcp_pcb_remove(&tcp_listen_pcbs.pcbs, pcb);
 686              		.loc 1 394 7
 687 022a 7968     		ldr	r1, [r7, #4]
 688 022c 1148     		ldr	r0, .L43+16
 689 022e FFF7FEFF 		bl	tcp_pcb_remove
 395:./lwip-2.1.2/src/core/tcp.c ****       tcp_free_listen(pcb);
 690              		.loc 1 395 7
 691 0232 7868     		ldr	r0, [r7, #4]
 692 0234 FFF702FF 		bl	tcp_free_listen
 396:./lwip-2.1.2/src/core/tcp.c ****       break;
 693              		.loc 1 396 7
 694 0238 0FE0     		b	.L42
 695              	.L32:
 397:./lwip-2.1.2/src/core/tcp.c ****     case SYN_SENT:
 398:./lwip-2.1.2/src/core/tcp.c ****       TCP_PCB_REMOVE_ACTIVE(pcb);
 696              		.loc 1 398 7
 697 023a 7968     		ldr	r1, [r7, #4]
 698 023c 0948     		ldr	r0, .L43
 699 023e FFF7FEFF 		bl	tcp_pcb_remove
 700 0242 094B     		ldr	r3, .L43+4
 701 0244 0122     		movs	r2, #1
 702 0246 1A70     		strb	r2, [r3]
 399:./lwip-2.1.2/src/core/tcp.c ****       tcp_free(pcb);
 703              		.loc 1 399 7
 704 0248 7868     		ldr	r0, [r7, #4]
 705 024a FFF7FEFF 		bl	tcp_free
 400:./lwip-2.1.2/src/core/tcp.c ****       MIB2_STATS_INC(mib2.tcpattemptfails);
 401:./lwip-2.1.2/src/core/tcp.c ****       break;
 706              		.loc 1 401 7
 707 024e 04E0     		b	.L42
 708              	.L33:
 402:./lwip-2.1.2/src/core/tcp.c ****     default:
 403:./lwip-2.1.2/src/core/tcp.c ****       return tcp_close_shutdown_fin(pcb);
 709              		.loc 1 403 14
 710 0250 7868     		ldr	r0, [r7, #4]
 711 0252 00F011F8 		bl	tcp_close_shutdown_fin
 712 0256 0346     		mov	r3, r0
 713 0258 00E0     		b	.L31
 714              	.L42:
 404:./lwip-2.1.2/src/core/tcp.c ****   }
 405:./lwip-2.1.2/src/core/tcp.c ****   return ERR_OK;
 715              		.loc 1 405 10
 716 025a 0023     		movs	r3, #0
 717              	.L31:
 406:./lwip-2.1.2/src/core/tcp.c **** }
 718              		.loc 1 406 1
 719 025c 1846     		mov	r0, r3
 720 025e 1037     		adds	r7, r7, #16
 721              	.LCFI28:
 722              		.cfi_def_cfa_offset 16
 723 0260 BD46     		mov	sp, r7
 724              	.LCFI29:
 725              		.cfi_def_cfa_register 13
 726              		@ sp needed
 727 0262 B0BD     		pop	{r4, r5, r7, pc}
 728              	.L44:
 729              		.align	2
 730              	.L43:
 731 0264 00000000 		.word	tcp_active_pcbs
 732 0268 00000000 		.word	tcp_active_pcbs_changed
 733 026c 00000000 		.word	tcp_input_pcb
 734 0270 00000000 		.word	tcp_bound_pcbs
 735 0274 00000000 		.word	tcp_listen_pcbs
 736              		.cfi_endproc
 737              	.LFE31:
 739              		.align	1
 740              		.syntax unified
 741              		.thumb
 742              		.thumb_func
 743              		.fpu fpv5-d16
 745              	tcp_close_shutdown_fin:
 746              	.LFB32:
 407:./lwip-2.1.2/src/core/tcp.c **** 
 408:./lwip-2.1.2/src/core/tcp.c **** static err_t
 409:./lwip-2.1.2/src/core/tcp.c **** tcp_close_shutdown_fin(struct tcp_pcb *pcb)
 410:./lwip-2.1.2/src/core/tcp.c **** {
 747              		.loc 1 410 1
 748              		.cfi_startproc
 749              		@ args = 0, pretend = 0, frame = 16
 750              		@ frame_needed = 1, uses_anonymous_args = 0
 751 0278 80B5     		push	{r7, lr}
 752              	.LCFI30:
 753              		.cfi_def_cfa_offset 8
 754              		.cfi_offset 7, -8
 755              		.cfi_offset 14, -4
 756 027a 84B0     		sub	sp, sp, #16
 757              	.LCFI31:
 758              		.cfi_def_cfa_offset 24
 759 027c 00AF     		add	r7, sp, #0
 760              	.LCFI32:
 761              		.cfi_def_cfa_register 7
 762 027e 7860     		str	r0, [r7, #4]
 411:./lwip-2.1.2/src/core/tcp.c ****   err_t err;
 412:./lwip-2.1.2/src/core/tcp.c ****   LWIP_ASSERT("pcb != NULL", pcb != NULL);
 413:./lwip-2.1.2/src/core/tcp.c **** 
 414:./lwip-2.1.2/src/core/tcp.c ****   switch (pcb->state) {
 763              		.loc 1 414 14
 764 0280 7B68     		ldr	r3, [r7, #4]
 765 0282 1B7D     		ldrb	r3, [r3, #20]	@ zero_extendqisi2
 766              		.loc 1 414 3
 767 0284 072B     		cmp	r3, #7
 768 0286 20D0     		beq	.L46
 769 0288 072B     		cmp	r3, #7
 770 028a 2BDC     		bgt	.L47
 771 028c 032B     		cmp	r3, #3
 772 028e 02D0     		beq	.L48
 773 0290 042B     		cmp	r3, #4
 774 0292 0DD0     		beq	.L49
 775 0294 26E0     		b	.L47
 776              	.L48:
 415:./lwip-2.1.2/src/core/tcp.c ****     case SYN_RCVD:
 416:./lwip-2.1.2/src/core/tcp.c ****       err = tcp_send_fin(pcb);
 777              		.loc 1 416 13
 778 0296 7868     		ldr	r0, [r7, #4]
 779 0298 FFF7FEFF 		bl	tcp_send_fin
 780 029c 0346     		mov	r3, r0
 781 029e FB73     		strb	r3, [r7, #15]
 417:./lwip-2.1.2/src/core/tcp.c ****       if (err == ERR_OK) {
 782              		.loc 1 417 10
 783 02a0 97F90F30 		ldrsb	r3, [r7, #15]
 784 02a4 002B     		cmp	r3, #0
 785 02a6 1FD1     		bne	.L57
 418:./lwip-2.1.2/src/core/tcp.c ****         tcp_backlog_accepted(pcb);
 419:./lwip-2.1.2/src/core/tcp.c ****         MIB2_STATS_INC(mib2.tcpattemptfails);
 420:./lwip-2.1.2/src/core/tcp.c ****         pcb->state = FIN_WAIT_1;
 786              		.loc 1 420 20
 787 02a8 7B68     		ldr	r3, [r7, #4]
 788 02aa 0522     		movs	r2, #5
 789 02ac 1A75     		strb	r2, [r3, #20]
 421:./lwip-2.1.2/src/core/tcp.c ****       }
 422:./lwip-2.1.2/src/core/tcp.c ****       break;
 790              		.loc 1 422 7
 791 02ae 1BE0     		b	.L57
 792              	.L49:
 423:./lwip-2.1.2/src/core/tcp.c ****     case ESTABLISHED:
 424:./lwip-2.1.2/src/core/tcp.c ****       err = tcp_send_fin(pcb);
 793              		.loc 1 424 13
 794 02b0 7868     		ldr	r0, [r7, #4]
 795 02b2 FFF7FEFF 		bl	tcp_send_fin
 796 02b6 0346     		mov	r3, r0
 797 02b8 FB73     		strb	r3, [r7, #15]
 425:./lwip-2.1.2/src/core/tcp.c ****       if (err == ERR_OK) {
 798              		.loc 1 425 10
 799 02ba 97F90F30 		ldrsb	r3, [r7, #15]
 800 02be 002B     		cmp	r3, #0
 801 02c0 14D1     		bne	.L58
 426:./lwip-2.1.2/src/core/tcp.c ****         MIB2_STATS_INC(mib2.tcpestabresets);
 427:./lwip-2.1.2/src/core/tcp.c ****         pcb->state = FIN_WAIT_1;
 802              		.loc 1 427 20
 803 02c2 7B68     		ldr	r3, [r7, #4]
 804 02c4 0522     		movs	r2, #5
 805 02c6 1A75     		strb	r2, [r3, #20]
 428:./lwip-2.1.2/src/core/tcp.c ****       }
 429:./lwip-2.1.2/src/core/tcp.c ****       break;
 806              		.loc 1 429 7
 807 02c8 10E0     		b	.L58
 808              	.L46:
 430:./lwip-2.1.2/src/core/tcp.c ****     case CLOSE_WAIT:
 431:./lwip-2.1.2/src/core/tcp.c ****       err = tcp_send_fin(pcb);
 809              		.loc 1 431 13
 810 02ca 7868     		ldr	r0, [r7, #4]
 811 02cc FFF7FEFF 		bl	tcp_send_fin
 812 02d0 0346     		mov	r3, r0
 813 02d2 FB73     		strb	r3, [r7, #15]
 432:./lwip-2.1.2/src/core/tcp.c ****       if (err == ERR_OK) {
 814              		.loc 1 432 10
 815 02d4 97F90F30 		ldrsb	r3, [r7, #15]
 816 02d8 002B     		cmp	r3, #0
 817 02da 09D1     		bne	.L59
 433:./lwip-2.1.2/src/core/tcp.c ****         MIB2_STATS_INC(mib2.tcpestabresets);
 434:./lwip-2.1.2/src/core/tcp.c ****         pcb->state = LAST_ACK;
 818              		.loc 1 434 20
 819 02dc 7B68     		ldr	r3, [r7, #4]
 820 02de 0922     		movs	r2, #9
 821 02e0 1A75     		strb	r2, [r3, #20]
 435:./lwip-2.1.2/src/core/tcp.c ****       }
 436:./lwip-2.1.2/src/core/tcp.c ****       break;
 822              		.loc 1 436 7
 823 02e2 05E0     		b	.L59
 824              	.L47:
 437:./lwip-2.1.2/src/core/tcp.c ****     default:
 438:./lwip-2.1.2/src/core/tcp.c ****       /* Has already been closed, do nothing. */
 439:./lwip-2.1.2/src/core/tcp.c ****       return ERR_OK;
 825              		.loc 1 439 14
 826 02e4 0023     		movs	r3, #0
 827 02e6 1CE0     		b	.L54
 828              	.L57:
 422:./lwip-2.1.2/src/core/tcp.c ****     case ESTABLISHED:
 829              		.loc 1 422 7
 830 02e8 00BF     		nop
 831 02ea 02E0     		b	.L51
 832              	.L58:
 429:./lwip-2.1.2/src/core/tcp.c ****     case CLOSE_WAIT:
 833              		.loc 1 429 7
 834 02ec 00BF     		nop
 835 02ee 00E0     		b	.L51
 836              	.L59:
 436:./lwip-2.1.2/src/core/tcp.c ****     default:
 837              		.loc 1 436 7
 838 02f0 00BF     		nop
 839              	.L51:
 440:./lwip-2.1.2/src/core/tcp.c ****   }
 441:./lwip-2.1.2/src/core/tcp.c **** 
 442:./lwip-2.1.2/src/core/tcp.c ****   if (err == ERR_OK) {
 840              		.loc 1 442 6
 841 02f2 97F90F30 		ldrsb	r3, [r7, #15]
 842 02f6 002B     		cmp	r3, #0
 843 02f8 03D1     		bne	.L55
 443:./lwip-2.1.2/src/core/tcp.c ****     /* To ensure all data has been sent when tcp_close returns, we have
 444:./lwip-2.1.2/src/core/tcp.c ****        to make sure tcp_output doesn't fail.
 445:./lwip-2.1.2/src/core/tcp.c ****        Since we don't really have to ensure all data has been sent when tcp_close
 446:./lwip-2.1.2/src/core/tcp.c ****        returns (unsent data is sent from tcp timer functions, also), we don't care
 447:./lwip-2.1.2/src/core/tcp.c ****        for the return value of tcp_output for now. */
 448:./lwip-2.1.2/src/core/tcp.c ****     tcp_output(pcb);
 844              		.loc 1 448 5
 845 02fa 7868     		ldr	r0, [r7, #4]
 846 02fc FFF7FEFF 		bl	tcp_output
 847 0300 0DE0     		b	.L56
 848              	.L55:
 449:./lwip-2.1.2/src/core/tcp.c ****   } else if (err == ERR_MEM) {
 849              		.loc 1 449 13
 850 0302 97F90F30 		ldrsb	r3, [r7, #15]
 851 0306 B3F1FF3F 		cmp	r3, #-1
 852 030a 08D1     		bne	.L56
 450:./lwip-2.1.2/src/core/tcp.c ****     /* Mark this pcb for closing. Closing is retried from tcp_tmr. */
 451:./lwip-2.1.2/src/core/tcp.c ****     tcp_set_flags(pcb, TF_CLOSEPEND);
 853              		.loc 1 451 5
 854 030c 7B68     		ldr	r3, [r7, #4]
 855 030e 5B8B     		ldrh	r3, [r3, #26]
 856 0310 43F00803 		orr	r3, r3, #8
 857 0314 9AB2     		uxth	r2, r3
 858 0316 7B68     		ldr	r3, [r7, #4]
 859 0318 5A83     		strh	r2, [r3, #26]	@ movhi
 452:./lwip-2.1.2/src/core/tcp.c ****     /* We have to return ERR_OK from here to indicate to the callers that this
 453:./lwip-2.1.2/src/core/tcp.c ****        pcb should not be used any more as it will be freed soon via tcp_tmr.
 454:./lwip-2.1.2/src/core/tcp.c ****        This is OK here since sending FIN does not guarantee a time frime for
 455:./lwip-2.1.2/src/core/tcp.c ****        actually freeing the pcb, either (it is left in closure states for
 456:./lwip-2.1.2/src/core/tcp.c ****        remote ACK or timeout) */
 457:./lwip-2.1.2/src/core/tcp.c ****     return ERR_OK;
 860              		.loc 1 457 12
 861 031a 0023     		movs	r3, #0
 862 031c 01E0     		b	.L54
 863              	.L56:
 458:./lwip-2.1.2/src/core/tcp.c ****   }
 459:./lwip-2.1.2/src/core/tcp.c ****   return err;
 864              		.loc 1 459 10
 865 031e 97F90F30 		ldrsb	r3, [r7, #15]
 866              	.L54:
 460:./lwip-2.1.2/src/core/tcp.c **** }
 867              		.loc 1 460 1
 868 0322 1846     		mov	r0, r3
 869 0324 1037     		adds	r7, r7, #16
 870              	.LCFI33:
 871              		.cfi_def_cfa_offset 8
 872 0326 BD46     		mov	sp, r7
 873              	.LCFI34:
 874              		.cfi_def_cfa_register 13
 875              		@ sp needed
 876 0328 80BD     		pop	{r7, pc}
 877              		.cfi_endproc
 878              	.LFE32:
 880              		.align	1
 881              		.global	tcp_close
 882              		.syntax unified
 883              		.thumb
 884              		.thumb_func
 885              		.fpu fpv5-d16
 887              	tcp_close:
 888              	.LFB33:
 461:./lwip-2.1.2/src/core/tcp.c **** 
 462:./lwip-2.1.2/src/core/tcp.c **** /**
 463:./lwip-2.1.2/src/core/tcp.c ****  * @ingroup tcp_raw
 464:./lwip-2.1.2/src/core/tcp.c ****  * Closes the connection held by the PCB.
 465:./lwip-2.1.2/src/core/tcp.c ****  *
 466:./lwip-2.1.2/src/core/tcp.c ****  * Listening pcbs are freed and may not be referenced any more.
 467:./lwip-2.1.2/src/core/tcp.c ****  * Connection pcbs are freed if not yet connected and may not be referenced
 468:./lwip-2.1.2/src/core/tcp.c ****  * any more. If a connection is established (at least SYN received or in
 469:./lwip-2.1.2/src/core/tcp.c ****  * a closing state), the connection is closed, and put in a closing state.
 470:./lwip-2.1.2/src/core/tcp.c ****  * The pcb is then automatically freed in tcp_slowtmr(). It is therefore
 471:./lwip-2.1.2/src/core/tcp.c ****  * unsafe to reference it (unless an error is returned).
 472:./lwip-2.1.2/src/core/tcp.c ****  * 
 473:./lwip-2.1.2/src/core/tcp.c ****  * The function may return ERR_MEM if no memory
 474:./lwip-2.1.2/src/core/tcp.c ****  * was available for closing the connection. If so, the application
 475:./lwip-2.1.2/src/core/tcp.c ****  * should wait and try again either by using the acknowledgment
 476:./lwip-2.1.2/src/core/tcp.c ****  * callback or the polling functionality. If the close succeeds, the
 477:./lwip-2.1.2/src/core/tcp.c ****  * function returns ERR_OK.
 478:./lwip-2.1.2/src/core/tcp.c ****  *
 479:./lwip-2.1.2/src/core/tcp.c ****  * @param pcb the tcp_pcb to close
 480:./lwip-2.1.2/src/core/tcp.c ****  * @return ERR_OK if connection has been closed
 481:./lwip-2.1.2/src/core/tcp.c ****  *         another err_t if closing failed and pcb is not freed
 482:./lwip-2.1.2/src/core/tcp.c ****  */
 483:./lwip-2.1.2/src/core/tcp.c **** err_t
 484:./lwip-2.1.2/src/core/tcp.c **** tcp_close(struct tcp_pcb *pcb)
 485:./lwip-2.1.2/src/core/tcp.c **** {
 889              		.loc 1 485 1
 890              		.cfi_startproc
 891              		@ args = 0, pretend = 0, frame = 8
 892              		@ frame_needed = 1, uses_anonymous_args = 0
 893 032a 80B5     		push	{r7, lr}
 894              	.LCFI35:
 895              		.cfi_def_cfa_offset 8
 896              		.cfi_offset 7, -8
 897              		.cfi_offset 14, -4
 898 032c 82B0     		sub	sp, sp, #8
 899              	.LCFI36:
 900              		.cfi_def_cfa_offset 16
 901 032e 00AF     		add	r7, sp, #0
 902              	.LCFI37:
 903              		.cfi_def_cfa_register 7
 904 0330 7860     		str	r0, [r7, #4]
 486:./lwip-2.1.2/src/core/tcp.c ****   LWIP_ASSERT_CORE_LOCKED();
 487:./lwip-2.1.2/src/core/tcp.c **** 
 488:./lwip-2.1.2/src/core/tcp.c ****   LWIP_ERROR("tcp_close: invalid pcb", pcb != NULL, return ERR_ARG);
 905              		.loc 1 488 3
 906 0332 7B68     		ldr	r3, [r7, #4]
 907 0334 002B     		cmp	r3, #0
 908 0336 02D1     		bne	.L61
 909              		.loc 1 488 3 is_stmt 0 discriminator 1
 910 0338 6FF00F03 		mvn	r3, #15
 911 033c 0FE0     		b	.L62
 912              	.L61:
 489:./lwip-2.1.2/src/core/tcp.c ****   LWIP_DEBUGF(TCP_DEBUG, ("tcp_close: closing in "));
 490:./lwip-2.1.2/src/core/tcp.c **** 
 491:./lwip-2.1.2/src/core/tcp.c ****   tcp_debug_print_state(pcb->state);
 492:./lwip-2.1.2/src/core/tcp.c **** 
 493:./lwip-2.1.2/src/core/tcp.c ****   if (pcb->state != LISTEN) {
 913              		.loc 1 493 10 is_stmt 1
 914 033e 7B68     		ldr	r3, [r7, #4]
 915 0340 1B7D     		ldrb	r3, [r3, #20]	@ zero_extendqisi2
 916              		.loc 1 493 6
 917 0342 012B     		cmp	r3, #1
 918 0344 06D0     		beq	.L63
 494:./lwip-2.1.2/src/core/tcp.c ****     /* Set a flag not to receive any more data... */
 495:./lwip-2.1.2/src/core/tcp.c ****     tcp_set_flags(pcb, TF_RXCLOSED);
 919              		.loc 1 495 5
 920 0346 7B68     		ldr	r3, [r7, #4]
 921 0348 5B8B     		ldrh	r3, [r3, #26]
 922 034a 43F01003 		orr	r3, r3, #16
 923 034e 9AB2     		uxth	r2, r3
 924 0350 7B68     		ldr	r3, [r7, #4]
 925 0352 5A83     		strh	r2, [r3, #26]	@ movhi
 926              	.L63:
 496:./lwip-2.1.2/src/core/tcp.c ****   }
 497:./lwip-2.1.2/src/core/tcp.c ****   /* ... and close */
 498:./lwip-2.1.2/src/core/tcp.c ****   return tcp_close_shutdown(pcb, 1);
 927              		.loc 1 498 10
 928 0354 0121     		movs	r1, #1
 929 0356 7868     		ldr	r0, [r7, #4]
 930 0358 FFF7CCFE 		bl	tcp_close_shutdown
 931 035c 0346     		mov	r3, r0
 932              	.L62:
 499:./lwip-2.1.2/src/core/tcp.c **** }
 933              		.loc 1 499 1
 934 035e 1846     		mov	r0, r3
 935 0360 0837     		adds	r7, r7, #8
 936              	.LCFI38:
 937              		.cfi_def_cfa_offset 8
 938 0362 BD46     		mov	sp, r7
 939              	.LCFI39:
 940              		.cfi_def_cfa_register 13
 941              		@ sp needed
 942 0364 80BD     		pop	{r7, pc}
 943              		.cfi_endproc
 944              	.LFE33:
 946              		.align	1
 947              		.global	tcp_shutdown
 948              		.syntax unified
 949              		.thumb
 950              		.thumb_func
 951              		.fpu fpv5-d16
 953              	tcp_shutdown:
 954              	.LFB34:
 500:./lwip-2.1.2/src/core/tcp.c **** 
 501:./lwip-2.1.2/src/core/tcp.c **** /**
 502:./lwip-2.1.2/src/core/tcp.c ****  * @ingroup tcp_raw
 503:./lwip-2.1.2/src/core/tcp.c ****  * Causes all or part of a full-duplex connection of this PCB to be shut down.
 504:./lwip-2.1.2/src/core/tcp.c ****  * This doesn't deallocate the PCB unless shutting down both sides!
 505:./lwip-2.1.2/src/core/tcp.c ****  * Shutting down both sides is the same as calling tcp_close, so if it succeds
 506:./lwip-2.1.2/src/core/tcp.c ****  * (i.e. returns ER_OK), the PCB must not be referenced any more!
 507:./lwip-2.1.2/src/core/tcp.c ****  *
 508:./lwip-2.1.2/src/core/tcp.c ****  * @param pcb PCB to shutdown
 509:./lwip-2.1.2/src/core/tcp.c ****  * @param shut_rx shut down receive side if this is != 0
 510:./lwip-2.1.2/src/core/tcp.c ****  * @param shut_tx shut down send side if this is != 0
 511:./lwip-2.1.2/src/core/tcp.c ****  * @return ERR_OK if shutdown succeeded (or the PCB has already been shut down)
 512:./lwip-2.1.2/src/core/tcp.c ****  *         another err_t on error.
 513:./lwip-2.1.2/src/core/tcp.c ****  */
 514:./lwip-2.1.2/src/core/tcp.c **** err_t
 515:./lwip-2.1.2/src/core/tcp.c **** tcp_shutdown(struct tcp_pcb *pcb, int shut_rx, int shut_tx)
 516:./lwip-2.1.2/src/core/tcp.c **** {
 955              		.loc 1 516 1
 956              		.cfi_startproc
 957              		@ args = 0, pretend = 0, frame = 16
 958              		@ frame_needed = 1, uses_anonymous_args = 0
 959 0366 80B5     		push	{r7, lr}
 960              	.LCFI40:
 961              		.cfi_def_cfa_offset 8
 962              		.cfi_offset 7, -8
 963              		.cfi_offset 14, -4
 964 0368 84B0     		sub	sp, sp, #16
 965              	.LCFI41:
 966              		.cfi_def_cfa_offset 24
 967 036a 00AF     		add	r7, sp, #0
 968              	.LCFI42:
 969              		.cfi_def_cfa_register 7
 970 036c F860     		str	r0, [r7, #12]
 971 036e B960     		str	r1, [r7, #8]
 972 0370 7A60     		str	r2, [r7, #4]
 517:./lwip-2.1.2/src/core/tcp.c ****   LWIP_ASSERT_CORE_LOCKED();
 518:./lwip-2.1.2/src/core/tcp.c **** 
 519:./lwip-2.1.2/src/core/tcp.c ****   LWIP_ERROR("tcp_shutdown: invalid pcb", pcb != NULL, return ERR_ARG);
 973              		.loc 1 519 3
 974 0372 FB68     		ldr	r3, [r7, #12]
 975 0374 002B     		cmp	r3, #0
 976 0376 02D1     		bne	.L65
 977              		.loc 1 519 3 is_stmt 0 discriminator 1
 978 0378 6FF00F03 		mvn	r3, #15
 979 037c 3DE0     		b	.L66
 980              	.L65:
 520:./lwip-2.1.2/src/core/tcp.c **** 
 521:./lwip-2.1.2/src/core/tcp.c ****   if (pcb->state == LISTEN) {
 981              		.loc 1 521 10 is_stmt 1
 982 037e FB68     		ldr	r3, [r7, #12]
 983 0380 1B7D     		ldrb	r3, [r3, #20]	@ zero_extendqisi2
 984              		.loc 1 521 6
 985 0382 012B     		cmp	r3, #1
 986 0384 02D1     		bne	.L67
 522:./lwip-2.1.2/src/core/tcp.c ****     return ERR_CONN;
 987              		.loc 1 522 12
 988 0386 6FF00A03 		mvn	r3, #10
 989 038a 36E0     		b	.L66
 990              	.L67:
 523:./lwip-2.1.2/src/core/tcp.c ****   }
 524:./lwip-2.1.2/src/core/tcp.c ****   if (shut_rx) {
 991              		.loc 1 524 6
 992 038c BB68     		ldr	r3, [r7, #8]
 993 038e 002B     		cmp	r3, #0
 994 0390 1BD0     		beq	.L68
 525:./lwip-2.1.2/src/core/tcp.c ****     /* shut down the receive side: set a flag not to receive any more data... */
 526:./lwip-2.1.2/src/core/tcp.c ****     tcp_set_flags(pcb, TF_RXCLOSED);
 995              		.loc 1 526 5
 996 0392 FB68     		ldr	r3, [r7, #12]
 997 0394 5B8B     		ldrh	r3, [r3, #26]
 998 0396 43F01003 		orr	r3, r3, #16
 999 039a 9AB2     		uxth	r2, r3
 1000 039c FB68     		ldr	r3, [r7, #12]
 1001 039e 5A83     		strh	r2, [r3, #26]	@ movhi
 527:./lwip-2.1.2/src/core/tcp.c ****     if (shut_tx) {
 1002              		.loc 1 527 8
 1003 03a0 7B68     		ldr	r3, [r7, #4]
 1004 03a2 002B     		cmp	r3, #0
 1005 03a4 05D0     		beq	.L69
 528:./lwip-2.1.2/src/core/tcp.c ****       /* shutting down the tx AND rx side is the same as closing for the raw API */
 529:./lwip-2.1.2/src/core/tcp.c ****       return tcp_close_shutdown(pcb, 1);
 1006              		.loc 1 529 14
 1007 03a6 0121     		movs	r1, #1
 1008 03a8 F868     		ldr	r0, [r7, #12]
 1009 03aa FFF7A3FE 		bl	tcp_close_shutdown
 1010 03ae 0346     		mov	r3, r0
 1011 03b0 23E0     		b	.L66
 1012              	.L69:
 530:./lwip-2.1.2/src/core/tcp.c ****     }
 531:./lwip-2.1.2/src/core/tcp.c ****     /* ... and free buffered data */
 532:./lwip-2.1.2/src/core/tcp.c ****     if (pcb->refused_data != NULL) {
 1013              		.loc 1 532 12
 1014 03b2 FB68     		ldr	r3, [r7, #12]
 1015 03b4 9B6F     		ldr	r3, [r3, #120]
 1016              		.loc 1 532 8
 1017 03b6 002B     		cmp	r3, #0
 1018 03b8 07D0     		beq	.L68
 533:./lwip-2.1.2/src/core/tcp.c ****       pbuf_free(pcb->refused_data);
 1019              		.loc 1 533 7
 1020 03ba FB68     		ldr	r3, [r7, #12]
 1021 03bc 9B6F     		ldr	r3, [r3, #120]
 1022 03be 1846     		mov	r0, r3
 1023 03c0 FFF7FEFF 		bl	pbuf_free
 534:./lwip-2.1.2/src/core/tcp.c ****       pcb->refused_data = NULL;
 1024              		.loc 1 534 25
 1025 03c4 FB68     		ldr	r3, [r7, #12]
 1026 03c6 0022     		movs	r2, #0
 1027 03c8 9A67     		str	r2, [r3, #120]
 1028              	.L68:
 535:./lwip-2.1.2/src/core/tcp.c ****     }
 536:./lwip-2.1.2/src/core/tcp.c ****   }
 537:./lwip-2.1.2/src/core/tcp.c ****   if (shut_tx) {
 1029              		.loc 1 537 6
 1030 03ca 7B68     		ldr	r3, [r7, #4]
 1031 03cc 002B     		cmp	r3, #0
 1032 03ce 13D0     		beq	.L70
 538:./lwip-2.1.2/src/core/tcp.c ****     /* This can't happen twice since if it succeeds, the pcb's state is changed.
 539:./lwip-2.1.2/src/core/tcp.c ****        Only close in these states as the others directly deallocate the PCB */
 540:./lwip-2.1.2/src/core/tcp.c ****     switch (pcb->state) {
 1033              		.loc 1 540 16
 1034 03d0 FB68     		ldr	r3, [r7, #12]
 1035 03d2 1B7D     		ldrb	r3, [r3, #20]	@ zero_extendqisi2
 1036              		.loc 1 540 5
 1037 03d4 042B     		cmp	r3, #4
 1038 03d6 02DC     		bgt	.L71
 1039 03d8 032B     		cmp	r3, #3
 1040 03da 02DA     		bge	.L72
 1041 03dc 09E0     		b	.L73
 1042              	.L71:
 1043 03de 072B     		cmp	r3, #7
 1044 03e0 07D1     		bne	.L73
 1045              	.L72:
 541:./lwip-2.1.2/src/core/tcp.c ****       case SYN_RCVD:
 542:./lwip-2.1.2/src/core/tcp.c ****       case ESTABLISHED:
 543:./lwip-2.1.2/src/core/tcp.c ****       case CLOSE_WAIT:
 544:./lwip-2.1.2/src/core/tcp.c ****         return tcp_close_shutdown(pcb, (u8_t)shut_rx);
 1046              		.loc 1 544 16
 1047 03e2 BB68     		ldr	r3, [r7, #8]
 1048 03e4 DBB2     		uxtb	r3, r3
 1049 03e6 1946     		mov	r1, r3
 1050 03e8 F868     		ldr	r0, [r7, #12]
 1051 03ea FFF783FE 		bl	tcp_close_shutdown
 1052 03ee 0346     		mov	r3, r0
 1053 03f0 03E0     		b	.L66
 1054              	.L73:
 545:./lwip-2.1.2/src/core/tcp.c ****       default:
 546:./lwip-2.1.2/src/core/tcp.c ****         /* Not (yet?) connected, cannot shutdown the TX side as that would bring us
 547:./lwip-2.1.2/src/core/tcp.c ****           into CLOSED state, where the PCB is deallocated. */
 548:./lwip-2.1.2/src/core/tcp.c ****         return ERR_CONN;
 1055              		.loc 1 548 16
 1056 03f2 6FF00A03 		mvn	r3, #10
 1057 03f6 00E0     		b	.L66
 1058              	.L70:
 549:./lwip-2.1.2/src/core/tcp.c ****     }
 550:./lwip-2.1.2/src/core/tcp.c ****   }
 551:./lwip-2.1.2/src/core/tcp.c ****   return ERR_OK;
 1059              		.loc 1 551 10
 1060 03f8 0023     		movs	r3, #0
 1061              	.L66:
 552:./lwip-2.1.2/src/core/tcp.c **** }
 1062              		.loc 1 552 1
 1063 03fa 1846     		mov	r0, r3
 1064 03fc 1037     		adds	r7, r7, #16
 1065              	.LCFI43:
 1066              		.cfi_def_cfa_offset 8
 1067 03fe BD46     		mov	sp, r7
 1068              	.LCFI44:
 1069              		.cfi_def_cfa_register 13
 1070              		@ sp needed
 1071 0400 80BD     		pop	{r7, pc}
 1072              		.cfi_endproc
 1073              	.LFE34:
 1075              		.align	1
 1076              		.global	tcp_abandon
 1077              		.syntax unified
 1078              		.thumb
 1079              		.thumb_func
 1080              		.fpu fpv5-d16
 1082              	tcp_abandon:
 1083              	.LFB35:
 553:./lwip-2.1.2/src/core/tcp.c **** 
 554:./lwip-2.1.2/src/core/tcp.c **** /**
 555:./lwip-2.1.2/src/core/tcp.c ****  * Abandons a connection and optionally sends a RST to the remote
 556:./lwip-2.1.2/src/core/tcp.c ****  * host.  Deletes the local protocol control block. This is done when
 557:./lwip-2.1.2/src/core/tcp.c ****  * a connection is killed because of shortage of memory.
 558:./lwip-2.1.2/src/core/tcp.c ****  *
 559:./lwip-2.1.2/src/core/tcp.c ****  * @param pcb the tcp_pcb to abort
 560:./lwip-2.1.2/src/core/tcp.c ****  * @param reset boolean to indicate whether a reset should be sent
 561:./lwip-2.1.2/src/core/tcp.c ****  */
 562:./lwip-2.1.2/src/core/tcp.c **** void
 563:./lwip-2.1.2/src/core/tcp.c **** tcp_abandon(struct tcp_pcb *pcb, int reset)
 564:./lwip-2.1.2/src/core/tcp.c **** {
 1084              		.loc 1 564 1
 1085              		.cfi_startproc
 1086              		@ args = 0, pretend = 0, frame = 40
 1087              		@ frame_needed = 1, uses_anonymous_args = 0
 1088 0402 80B5     		push	{r7, lr}
 1089              	.LCFI45:
 1090              		.cfi_def_cfa_offset 8
 1091              		.cfi_offset 7, -8
 1092              		.cfi_offset 14, -4
 1093 0404 8EB0     		sub	sp, sp, #56
 1094              	.LCFI46:
 1095              		.cfi_def_cfa_offset 64
 1096 0406 04AF     		add	r7, sp, #16
 1097              	.LCFI47:
 1098              		.cfi_def_cfa 7, 48
 1099 0408 7860     		str	r0, [r7, #4]
 1100 040a 3960     		str	r1, [r7]
 565:./lwip-2.1.2/src/core/tcp.c ****   u32_t seqno, ackno;
 566:./lwip-2.1.2/src/core/tcp.c **** #if LWIP_CALLBACK_API
 567:./lwip-2.1.2/src/core/tcp.c ****   tcp_err_fn errf;
 568:./lwip-2.1.2/src/core/tcp.c **** #endif /* LWIP_CALLBACK_API */
 569:./lwip-2.1.2/src/core/tcp.c ****   void *errf_arg;
 570:./lwip-2.1.2/src/core/tcp.c **** 
 571:./lwip-2.1.2/src/core/tcp.c ****   LWIP_ASSERT_CORE_LOCKED();
 572:./lwip-2.1.2/src/core/tcp.c **** 
 573:./lwip-2.1.2/src/core/tcp.c ****   LWIP_ERROR("tcp_abandon: invalid pcb", pcb != NULL, return);
 1101              		.loc 1 573 3
 1102 040c 7B68     		ldr	r3, [r7, #4]
 1103 040e 002B     		cmp	r3, #0
 1104 0410 00F09080 		beq	.L89
 574:./lwip-2.1.2/src/core/tcp.c **** 
 575:./lwip-2.1.2/src/core/tcp.c ****   /* pcb->state LISTEN not allowed here */
 576:./lwip-2.1.2/src/core/tcp.c ****   LWIP_ASSERT("don't call tcp_abort/tcp_abandon for listen-pcbs",
 577:./lwip-2.1.2/src/core/tcp.c ****               pcb->state != LISTEN);
 578:./lwip-2.1.2/src/core/tcp.c ****   /* Figure out on which TCP PCB list we are, and remove us. If we
 579:./lwip-2.1.2/src/core/tcp.c ****      are in an active state, call the receive function associated with
 580:./lwip-2.1.2/src/core/tcp.c ****      the PCB with a NULL argument, and send an RST to the remote end. */
 581:./lwip-2.1.2/src/core/tcp.c ****   if (pcb->state == TIME_WAIT) {
 1105              		.loc 1 581 10
 1106 0414 7B68     		ldr	r3, [r7, #4]
 1107 0416 1B7D     		ldrb	r3, [r3, #20]	@ zero_extendqisi2
 1108              		.loc 1 581 6
 1109 0418 0A2B     		cmp	r3, #10
 1110 041a 07D1     		bne	.L77
 582:./lwip-2.1.2/src/core/tcp.c ****     tcp_pcb_remove(&tcp_tw_pcbs, pcb);
 1111              		.loc 1 582 5
 1112 041c 7968     		ldr	r1, [r7, #4]
 1113 041e 4748     		ldr	r0, .L90
 1114 0420 FFF7FEFF 		bl	tcp_pcb_remove
 583:./lwip-2.1.2/src/core/tcp.c ****     tcp_free(pcb);
 1115              		.loc 1 583 5
 1116 0424 7868     		ldr	r0, [r7, #4]
 1117 0426 FFF7FEFF 		bl	tcp_free
 1118 042a 84E0     		b	.L74
 1119              	.L77:
 1120              	.LBB4:
 584:./lwip-2.1.2/src/core/tcp.c ****   } else {
 585:./lwip-2.1.2/src/core/tcp.c ****     int send_rst = 0;
 1121              		.loc 1 585 9
 1122 042c 0023     		movs	r3, #0
 1123 042e 7B62     		str	r3, [r7, #36]
 586:./lwip-2.1.2/src/core/tcp.c ****     u16_t local_port = 0;
 1124              		.loc 1 586 11
 1125 0430 0023     		movs	r3, #0
 1126 0432 7B84     		strh	r3, [r7, #34]	@ movhi
 587:./lwip-2.1.2/src/core/tcp.c ****     enum tcp_state last_state;
 588:./lwip-2.1.2/src/core/tcp.c ****     seqno = pcb->snd_nxt;
 1127              		.loc 1 588 11
 1128 0434 7B68     		ldr	r3, [r7, #4]
 1129 0436 1B6D     		ldr	r3, [r3, #80]
 1130 0438 BB61     		str	r3, [r7, #24]
 589:./lwip-2.1.2/src/core/tcp.c ****     ackno = pcb->rcv_nxt;
 1131              		.loc 1 589 11
 1132 043a 7B68     		ldr	r3, [r7, #4]
 1133 043c 5B6A     		ldr	r3, [r3, #36]
 1134 043e 7B61     		str	r3, [r7, #20]
 590:./lwip-2.1.2/src/core/tcp.c **** #if LWIP_CALLBACK_API
 591:./lwip-2.1.2/src/core/tcp.c ****     errf = pcb->errf;
 1135              		.loc 1 591 10
 1136 0440 7B68     		ldr	r3, [r7, #4]
 1137 0442 D3F89030 		ldr	r3, [r3, #144]
 1138 0446 3B61     		str	r3, [r7, #16]
 592:./lwip-2.1.2/src/core/tcp.c **** #endif /* LWIP_CALLBACK_API */
 593:./lwip-2.1.2/src/core/tcp.c ****     errf_arg = pcb->callback_arg;
 1139              		.loc 1 593 14
 1140 0448 7B68     		ldr	r3, [r7, #4]
 1141 044a 1B69     		ldr	r3, [r3, #16]
 1142 044c FB60     		str	r3, [r7, #12]
 594:./lwip-2.1.2/src/core/tcp.c ****     if (pcb->state == CLOSED) {
 1143              		.loc 1 594 12
 1144 044e 7B68     		ldr	r3, [r7, #4]
 1145 0450 1B7D     		ldrb	r3, [r3, #20]	@ zero_extendqisi2
 1146              		.loc 1 594 8
 1147 0452 002B     		cmp	r3, #0
 1148 0454 26D1     		bne	.L78
 595:./lwip-2.1.2/src/core/tcp.c ****       if (pcb->local_port != 0) {
 1149              		.loc 1 595 14
 1150 0456 7B68     		ldr	r3, [r7, #4]
 1151 0458 DB8A     		ldrh	r3, [r3, #22]
 1152              		.loc 1 595 10
 1153 045a 002B     		cmp	r3, #0
 1154 045c 2ED0     		beq	.L79
 596:./lwip-2.1.2/src/core/tcp.c ****         /* bound, not yet opened */
 597:./lwip-2.1.2/src/core/tcp.c ****         TCP_RMV(&tcp_bound_pcbs, pcb);
 1155              		.loc 1 597 9
 1156 045e 384B     		ldr	r3, .L90+4
 1157 0460 1B68     		ldr	r3, [r3]
 1158 0462 7A68     		ldr	r2, [r7, #4]
 1159 0464 9A42     		cmp	r2, r3
 1160 0466 05D1     		bne	.L80
 1161              		.loc 1 597 9 is_stmt 0 discriminator 1
 1162 0468 354B     		ldr	r3, .L90+4
 1163 046a 1B68     		ldr	r3, [r3]
 1164 046c DB68     		ldr	r3, [r3, #12]
 1165 046e 344A     		ldr	r2, .L90+4
 1166 0470 1360     		str	r3, [r2]
 1167 0472 13E0     		b	.L81
 1168              	.L80:
 1169              	.LBB5:
 1170              		.loc 1 597 9 discriminator 2
 1171 0474 324B     		ldr	r3, .L90+4
 1172 0476 1B68     		ldr	r3, [r3]
 1173 0478 FB61     		str	r3, [r7, #28]
 1174 047a 0CE0     		b	.L82
 1175              	.L84:
 1176              		.loc 1 597 9 discriminator 9
 1177 047c FB69     		ldr	r3, [r7, #28]
 1178 047e DB68     		ldr	r3, [r3, #12]
 1179 0480 7A68     		ldr	r2, [r7, #4]
 1180 0482 9A42     		cmp	r2, r3
 1181 0484 04D1     		bne	.L83
 1182              		.loc 1 597 9 discriminator 5
 1183 0486 7B68     		ldr	r3, [r7, #4]
 1184 0488 DA68     		ldr	r2, [r3, #12]
 1185 048a FB69     		ldr	r3, [r7, #28]
 1186 048c DA60     		str	r2, [r3, #12]
 1187 048e 05E0     		b	.L81
 1188              	.L83:
 1189              		.loc 1 597 9 discriminator 6
 1190 0490 FB69     		ldr	r3, [r7, #28]
 1191 0492 DB68     		ldr	r3, [r3, #12]
 1192 0494 FB61     		str	r3, [r7, #28]
 1193              	.L82:
 1194              		.loc 1 597 9 discriminator 8
 1195 0496 FB69     		ldr	r3, [r7, #28]
 1196 0498 002B     		cmp	r3, #0
 1197 049a EFD1     		bne	.L84
 1198              	.L81:
 1199              	.LBE5:
 1200              		.loc 1 597 9 discriminator 10
 1201 049c 7B68     		ldr	r3, [r7, #4]
 1202 049e 0022     		movs	r2, #0
 1203 04a0 DA60     		str	r2, [r3, #12]
 1204 04a2 0BE0     		b	.L79
 1205              	.L78:
 598:./lwip-2.1.2/src/core/tcp.c ****       }
 599:./lwip-2.1.2/src/core/tcp.c ****     } else {
 600:./lwip-2.1.2/src/core/tcp.c ****       send_rst = reset;
 1206              		.loc 1 600 16 is_stmt 1
 1207 04a4 3B68     		ldr	r3, [r7]
 1208 04a6 7B62     		str	r3, [r7, #36]
 601:./lwip-2.1.2/src/core/tcp.c ****       local_port = pcb->local_port;
 1209              		.loc 1 601 18
 1210 04a8 7B68     		ldr	r3, [r7, #4]
 1211 04aa DB8A     		ldrh	r3, [r3, #22]	@ movhi
 1212 04ac 7B84     		strh	r3, [r7, #34]	@ movhi
 602:./lwip-2.1.2/src/core/tcp.c ****       TCP_PCB_REMOVE_ACTIVE(pcb);
 1213              		.loc 1 602 7
 1214 04ae 7968     		ldr	r1, [r7, #4]
 1215 04b0 2448     		ldr	r0, .L90+8
 1216 04b2 FFF7FEFF 		bl	tcp_pcb_remove
 1217 04b6 244B     		ldr	r3, .L90+12
 1218 04b8 0122     		movs	r2, #1
 1219 04ba 1A70     		strb	r2, [r3]
 1220              	.L79:
 603:./lwip-2.1.2/src/core/tcp.c ****     }
 604:./lwip-2.1.2/src/core/tcp.c ****     if (pcb->unacked != NULL) {
 1221              		.loc 1 604 12
 1222 04bc 7B68     		ldr	r3, [r7, #4]
 1223 04be 1B6F     		ldr	r3, [r3, #112]
 1224              		.loc 1 604 8
 1225 04c0 002B     		cmp	r3, #0
 1226 04c2 04D0     		beq	.L85
 605:./lwip-2.1.2/src/core/tcp.c ****       tcp_segs_free(pcb->unacked);
 1227              		.loc 1 605 7
 1228 04c4 7B68     		ldr	r3, [r7, #4]
 1229 04c6 1B6F     		ldr	r3, [r3, #112]
 1230 04c8 1846     		mov	r0, r3
 1231 04ca FFF7FEFF 		bl	tcp_segs_free
 1232              	.L85:
 606:./lwip-2.1.2/src/core/tcp.c ****     }
 607:./lwip-2.1.2/src/core/tcp.c ****     if (pcb->unsent != NULL) {
 1233              		.loc 1 607 12
 1234 04ce 7B68     		ldr	r3, [r7, #4]
 1235 04d0 DB6E     		ldr	r3, [r3, #108]
 1236              		.loc 1 607 8
 1237 04d2 002B     		cmp	r3, #0
 1238 04d4 04D0     		beq	.L86
 608:./lwip-2.1.2/src/core/tcp.c ****       tcp_segs_free(pcb->unsent);
 1239              		.loc 1 608 7
 1240 04d6 7B68     		ldr	r3, [r7, #4]
 1241 04d8 DB6E     		ldr	r3, [r3, #108]
 1242 04da 1846     		mov	r0, r3
 1243 04dc FFF7FEFF 		bl	tcp_segs_free
 1244              	.L86:
 609:./lwip-2.1.2/src/core/tcp.c ****     }
 610:./lwip-2.1.2/src/core/tcp.c **** #if TCP_QUEUE_OOSEQ
 611:./lwip-2.1.2/src/core/tcp.c ****     if (pcb->ooseq != NULL) {
 1245              		.loc 1 611 12
 1246 04e0 7B68     		ldr	r3, [r7, #4]
 1247 04e2 5B6F     		ldr	r3, [r3, #116]
 1248              		.loc 1 611 8
 1249 04e4 002B     		cmp	r3, #0
 1250 04e6 04D0     		beq	.L87
 612:./lwip-2.1.2/src/core/tcp.c ****       tcp_segs_free(pcb->ooseq);
 1251              		.loc 1 612 7
 1252 04e8 7B68     		ldr	r3, [r7, #4]
 1253 04ea 5B6F     		ldr	r3, [r3, #116]
 1254 04ec 1846     		mov	r0, r3
 1255 04ee FFF7FEFF 		bl	tcp_segs_free
 1256              	.L87:
 613:./lwip-2.1.2/src/core/tcp.c ****     }
 614:./lwip-2.1.2/src/core/tcp.c **** #endif /* TCP_QUEUE_OOSEQ */
 615:./lwip-2.1.2/src/core/tcp.c ****     tcp_backlog_accepted(pcb);
 616:./lwip-2.1.2/src/core/tcp.c ****     if (send_rst) {
 1257              		.loc 1 616 8
 1258 04f2 7B6A     		ldr	r3, [r7, #36]
 1259 04f4 002B     		cmp	r3, #0
 1260 04f6 0ED0     		beq	.L88
 617:./lwip-2.1.2/src/core/tcp.c ****       LWIP_DEBUGF(TCP_RST_DEBUG, ("tcp_abandon: sending RST\n"));
 618:./lwip-2.1.2/src/core/tcp.c ****       tcp_rst(pcb, seqno, ackno, &pcb->local_ip, &pcb->remote_ip, local_port, pcb->remote_port);
 1261              		.loc 1 618 34
 1262 04f8 7968     		ldr	r1, [r7, #4]
 1263              		.loc 1 618 50
 1264 04fa 7B68     		ldr	r3, [r7, #4]
 1265 04fc 0433     		adds	r3, r3, #4
 1266              		.loc 1 618 7
 1267 04fe 7A68     		ldr	r2, [r7, #4]
 1268 0500 128B     		ldrh	r2, [r2, #24]
 1269 0502 0292     		str	r2, [sp, #8]
 1270 0504 7A8C     		ldrh	r2, [r7, #34]
 1271 0506 0192     		str	r2, [sp, #4]
 1272 0508 0093     		str	r3, [sp]
 1273 050a 0B46     		mov	r3, r1
 1274 050c 7A69     		ldr	r2, [r7, #20]
 1275 050e B969     		ldr	r1, [r7, #24]
 1276 0510 7868     		ldr	r0, [r7, #4]
 1277 0512 FFF7FEFF 		bl	tcp_rst
 1278              	.L88:
 619:./lwip-2.1.2/src/core/tcp.c ****     }
 620:./lwip-2.1.2/src/core/tcp.c ****     last_state = pcb->state;
 1279              		.loc 1 620 16
 1280 0516 7B68     		ldr	r3, [r7, #4]
 1281 0518 1B7D     		ldrb	r3, [r3, #20]
 1282 051a FB72     		strb	r3, [r7, #11]
 621:./lwip-2.1.2/src/core/tcp.c ****     tcp_free(pcb);
 1283              		.loc 1 621 5
 1284 051c 7868     		ldr	r0, [r7, #4]
 1285 051e FFF7FEFF 		bl	tcp_free
 622:./lwip-2.1.2/src/core/tcp.c ****     TCP_EVENT_ERR(last_state, errf, errf_arg, ERR_ABRT);
 1286              		.loc 1 622 5
 1287 0522 3B69     		ldr	r3, [r7, #16]
 1288 0524 002B     		cmp	r3, #0
 1289 0526 06D0     		beq	.L74
 1290              		.loc 1 622 5 is_stmt 0 discriminator 1
 1291 0528 3B69     		ldr	r3, [r7, #16]
 1292 052a 6FF00C01 		mvn	r1, #12
 1293 052e F868     		ldr	r0, [r7, #12]
 1294 0530 9847     		blx	r3
 1295              	.LVL0:
 1296 0532 00E0     		b	.L74
 1297              	.L89:
 1298              	.LBE4:
 573:./lwip-2.1.2/src/core/tcp.c **** 
 1299              		.loc 1 573 3 is_stmt 1
 1300 0534 00BF     		nop
 1301              	.L74:
 623:./lwip-2.1.2/src/core/tcp.c ****   }
 624:./lwip-2.1.2/src/core/tcp.c **** }
 1302              		.loc 1 624 1
 1303 0536 2837     		adds	r7, r7, #40
 1304              	.LCFI48:
 1305              		.cfi_def_cfa_offset 8
 1306 0538 BD46     		mov	sp, r7
 1307              	.LCFI49:
 1308              		.cfi_def_cfa_register 13
 1309              		@ sp needed
 1310 053a 80BD     		pop	{r7, pc}
 1311              	.L91:
 1312              		.align	2
 1313              	.L90:
 1314 053c 00000000 		.word	tcp_tw_pcbs
 1315 0540 00000000 		.word	tcp_bound_pcbs
 1316 0544 00000000 		.word	tcp_active_pcbs
 1317 0548 00000000 		.word	tcp_active_pcbs_changed
 1318              		.cfi_endproc
 1319              	.LFE35:
 1321              		.align	1
 1322              		.global	tcp_abort
 1323              		.syntax unified
 1324              		.thumb
 1325              		.thumb_func
 1326              		.fpu fpv5-d16
 1328              	tcp_abort:
 1329              	.LFB36:
 625:./lwip-2.1.2/src/core/tcp.c **** 
 626:./lwip-2.1.2/src/core/tcp.c **** /**
 627:./lwip-2.1.2/src/core/tcp.c ****  * @ingroup tcp_raw
 628:./lwip-2.1.2/src/core/tcp.c ****  * Aborts the connection by sending a RST (reset) segment to the remote
 629:./lwip-2.1.2/src/core/tcp.c ****  * host. The pcb is deallocated. This function never fails.
 630:./lwip-2.1.2/src/core/tcp.c ****  *
 631:./lwip-2.1.2/src/core/tcp.c ****  * ATTENTION: When calling this from one of the TCP callbacks, make
 632:./lwip-2.1.2/src/core/tcp.c ****  * sure you always return ERR_ABRT (and never return ERR_ABRT otherwise
 633:./lwip-2.1.2/src/core/tcp.c ****  * or you will risk accessing deallocated memory or memory leaks!
 634:./lwip-2.1.2/src/core/tcp.c ****  *
 635:./lwip-2.1.2/src/core/tcp.c ****  * @param pcb the tcp pcb to abort
 636:./lwip-2.1.2/src/core/tcp.c ****  */
 637:./lwip-2.1.2/src/core/tcp.c **** void
 638:./lwip-2.1.2/src/core/tcp.c **** tcp_abort(struct tcp_pcb *pcb)
 639:./lwip-2.1.2/src/core/tcp.c **** {
 1330              		.loc 1 639 1
 1331              		.cfi_startproc
 1332              		@ args = 0, pretend = 0, frame = 8
 1333              		@ frame_needed = 1, uses_anonymous_args = 0
 1334 054c 80B5     		push	{r7, lr}
 1335              	.LCFI50:
 1336              		.cfi_def_cfa_offset 8
 1337              		.cfi_offset 7, -8
 1338              		.cfi_offset 14, -4
 1339 054e 82B0     		sub	sp, sp, #8
 1340              	.LCFI51:
 1341              		.cfi_def_cfa_offset 16
 1342 0550 00AF     		add	r7, sp, #0
 1343              	.LCFI52:
 1344              		.cfi_def_cfa_register 7
 1345 0552 7860     		str	r0, [r7, #4]
 640:./lwip-2.1.2/src/core/tcp.c ****   tcp_abandon(pcb, 1);
 1346              		.loc 1 640 3
 1347 0554 0121     		movs	r1, #1
 1348 0556 7868     		ldr	r0, [r7, #4]
 1349 0558 FFF7FEFF 		bl	tcp_abandon
 641:./lwip-2.1.2/src/core/tcp.c **** }
 1350              		.loc 1 641 1
 1351 055c 00BF     		nop
 1352 055e 0837     		adds	r7, r7, #8
 1353              	.LCFI53:
 1354              		.cfi_def_cfa_offset 8
 1355 0560 BD46     		mov	sp, r7
 1356              	.LCFI54:
 1357              		.cfi_def_cfa_register 13
 1358              		@ sp needed
 1359 0562 80BD     		pop	{r7, pc}
 1360              		.cfi_endproc
 1361              	.LFE36:
 1363              		.align	1
 1364              		.global	tcp_bind
 1365              		.syntax unified
 1366              		.thumb
 1367              		.thumb_func
 1368              		.fpu fpv5-d16
 1370              	tcp_bind:
 1371              	.LFB37:
 642:./lwip-2.1.2/src/core/tcp.c **** 
 643:./lwip-2.1.2/src/core/tcp.c **** /**
 644:./lwip-2.1.2/src/core/tcp.c ****  * @ingroup tcp_raw
 645:./lwip-2.1.2/src/core/tcp.c ****  * Binds the connection to a local port number and IP address. If the
 646:./lwip-2.1.2/src/core/tcp.c ****  * IP address is not given (i.e., ipaddr == IP_ANY_TYPE), the connection is
 647:./lwip-2.1.2/src/core/tcp.c ****  * bound to all local IP addresses.
 648:./lwip-2.1.2/src/core/tcp.c ****  * If another connection is bound to the same port, the function will
 649:./lwip-2.1.2/src/core/tcp.c ****  * return ERR_USE, otherwise ERR_OK is returned.
 650:./lwip-2.1.2/src/core/tcp.c ****  *
 651:./lwip-2.1.2/src/core/tcp.c ****  * @param pcb the tcp_pcb to bind (no check is done whether this pcb is
 652:./lwip-2.1.2/src/core/tcp.c ****  *        already bound!)
 653:./lwip-2.1.2/src/core/tcp.c ****  * @param ipaddr the local ip address to bind to (use IPx_ADDR_ANY to bind
 654:./lwip-2.1.2/src/core/tcp.c ****  *        to any local address
 655:./lwip-2.1.2/src/core/tcp.c ****  * @param port the local port to bind to
 656:./lwip-2.1.2/src/core/tcp.c ****  * @return ERR_USE if the port is already in use
 657:./lwip-2.1.2/src/core/tcp.c ****  *         ERR_VAL if bind failed because the PCB is not in a valid state
 658:./lwip-2.1.2/src/core/tcp.c ****  *         ERR_OK if bound
 659:./lwip-2.1.2/src/core/tcp.c ****  */
 660:./lwip-2.1.2/src/core/tcp.c **** err_t
 661:./lwip-2.1.2/src/core/tcp.c **** tcp_bind(struct tcp_pcb *pcb, const ip_addr_t *ipaddr, u16_t port)
 662:./lwip-2.1.2/src/core/tcp.c **** {
 1372              		.loc 1 662 1
 1373              		.cfi_startproc
 1374              		@ args = 0, pretend = 0, frame = 32
 1375              		@ frame_needed = 1, uses_anonymous_args = 0
 1376 0564 80B5     		push	{r7, lr}
 1377              	.LCFI55:
 1378              		.cfi_def_cfa_offset 8
 1379              		.cfi_offset 7, -8
 1380              		.cfi_offset 14, -4
 1381 0566 88B0     		sub	sp, sp, #32
 1382              	.LCFI56:
 1383              		.cfi_def_cfa_offset 40
 1384 0568 00AF     		add	r7, sp, #0
 1385              	.LCFI57:
 1386              		.cfi_def_cfa_register 7
 1387 056a F860     		str	r0, [r7, #12]
 1388 056c B960     		str	r1, [r7, #8]
 1389 056e 1346     		mov	r3, r2
 1390 0570 FB80     		strh	r3, [r7, #6]	@ movhi
 663:./lwip-2.1.2/src/core/tcp.c ****   int i;
 664:./lwip-2.1.2/src/core/tcp.c ****   int max_pcb_list = NUM_TCP_PCB_LISTS;
 1391              		.loc 1 664 7
 1392 0572 0423     		movs	r3, #4
 1393 0574 7B61     		str	r3, [r7, #20]
 665:./lwip-2.1.2/src/core/tcp.c ****   struct tcp_pcb *cpcb;
 666:./lwip-2.1.2/src/core/tcp.c **** #if LWIP_IPV6 && LWIP_IPV6_SCOPES
 667:./lwip-2.1.2/src/core/tcp.c ****   ip_addr_t zoned_ipaddr;
 668:./lwip-2.1.2/src/core/tcp.c **** #endif /* LWIP_IPV6 && LWIP_IPV6_SCOPES */
 669:./lwip-2.1.2/src/core/tcp.c **** 
 670:./lwip-2.1.2/src/core/tcp.c ****   LWIP_ASSERT_CORE_LOCKED();
 671:./lwip-2.1.2/src/core/tcp.c **** 
 672:./lwip-2.1.2/src/core/tcp.c **** #if LWIP_IPV4
 673:./lwip-2.1.2/src/core/tcp.c ****   /* Don't propagate NULL pointer (IPv4 ANY) to subsequent functions */
 674:./lwip-2.1.2/src/core/tcp.c ****   if (ipaddr == NULL) {
 1394              		.loc 1 674 6
 1395 0576 BB68     		ldr	r3, [r7, #8]
 1396 0578 002B     		cmp	r3, #0
 1397 057a 01D1     		bne	.L94
 675:./lwip-2.1.2/src/core/tcp.c ****     ipaddr = IP4_ADDR_ANY;
 1398              		.loc 1 675 12
 1399 057c 374B     		ldr	r3, .L109
 1400 057e BB60     		str	r3, [r7, #8]
 1401              	.L94:
 676:./lwip-2.1.2/src/core/tcp.c ****   }
 677:./lwip-2.1.2/src/core/tcp.c **** #else /* LWIP_IPV4 */
 678:./lwip-2.1.2/src/core/tcp.c ****   LWIP_ERROR("tcp_bind: invalid ipaddr", ipaddr != NULL, return ERR_ARG);
 679:./lwip-2.1.2/src/core/tcp.c **** #endif /* LWIP_IPV4 */
 680:./lwip-2.1.2/src/core/tcp.c **** 
 681:./lwip-2.1.2/src/core/tcp.c ****   LWIP_ERROR("tcp_bind: invalid pcb", pcb != NULL, return ERR_ARG);
 1402              		.loc 1 681 3
 1403 0580 FB68     		ldr	r3, [r7, #12]
 1404 0582 002B     		cmp	r3, #0
 1405 0584 02D1     		bne	.L95
 1406              		.loc 1 681 3 is_stmt 0 discriminator 1
 1407 0586 6FF00F03 		mvn	r3, #15
 1408 058a 63E0     		b	.L96
 1409              	.L95:
 682:./lwip-2.1.2/src/core/tcp.c **** 
 683:./lwip-2.1.2/src/core/tcp.c ****   LWIP_ERROR("tcp_bind: can only bind in state CLOSED", pcb->state == CLOSED, return ERR_VAL);
 1410              		.loc 1 683 3 is_stmt 1
 1411 058c FB68     		ldr	r3, [r7, #12]
 1412 058e 1B7D     		ldrb	r3, [r3, #20]	@ zero_extendqisi2
 1413 0590 002B     		cmp	r3, #0
 1414 0592 02D0     		beq	.L97
 1415              		.loc 1 683 3 is_stmt 0 discriminator 1
 1416 0594 6FF00503 		mvn	r3, #5
 1417 0598 5CE0     		b	.L96
 1418              	.L97:
 684:./lwip-2.1.2/src/core/tcp.c **** 
 685:./lwip-2.1.2/src/core/tcp.c **** #if SO_REUSE
 686:./lwip-2.1.2/src/core/tcp.c ****   /* Unless the REUSEADDR flag is set,
 687:./lwip-2.1.2/src/core/tcp.c ****      we have to check the pcbs in TIME-WAIT state, also.
 688:./lwip-2.1.2/src/core/tcp.c ****      We do not dump TIME_WAIT pcb's; they can still be matched by incoming
 689:./lwip-2.1.2/src/core/tcp.c ****      packets using both local and remote IP addresses and ports to distinguish.
 690:./lwip-2.1.2/src/core/tcp.c ****    */
 691:./lwip-2.1.2/src/core/tcp.c ****   if (ip_get_option(pcb, SOF_REUSEADDR)) {
 692:./lwip-2.1.2/src/core/tcp.c ****     max_pcb_list = NUM_TCP_PCB_LISTS_NO_TIME_WAIT;
 693:./lwip-2.1.2/src/core/tcp.c ****   }
 694:./lwip-2.1.2/src/core/tcp.c **** #endif /* SO_REUSE */
 695:./lwip-2.1.2/src/core/tcp.c **** 
 696:./lwip-2.1.2/src/core/tcp.c **** #if LWIP_IPV6 && LWIP_IPV6_SCOPES
 697:./lwip-2.1.2/src/core/tcp.c ****   /* If the given IP address should have a zone but doesn't, assign one now.
 698:./lwip-2.1.2/src/core/tcp.c ****    * This is legacy support: scope-aware callers should always provide properly
 699:./lwip-2.1.2/src/core/tcp.c ****    * zoned source addresses. Do the zone selection before the address-in-use
 700:./lwip-2.1.2/src/core/tcp.c ****    * check below; as such we have to make a temporary copy of the address. */
 701:./lwip-2.1.2/src/core/tcp.c ****   if (IP_IS_V6(ipaddr) && ip6_addr_lacks_zone(ip_2_ip6(ipaddr), IP6_UNICAST)) {
 702:./lwip-2.1.2/src/core/tcp.c ****     ip_addr_copy(zoned_ipaddr, *ipaddr);
 703:./lwip-2.1.2/src/core/tcp.c ****     ip6_addr_select_zone(ip_2_ip6(&zoned_ipaddr), ip_2_ip6(&zoned_ipaddr));
 704:./lwip-2.1.2/src/core/tcp.c ****     ipaddr = &zoned_ipaddr;
 705:./lwip-2.1.2/src/core/tcp.c ****   }
 706:./lwip-2.1.2/src/core/tcp.c **** #endif /* LWIP_IPV6 && LWIP_IPV6_SCOPES */
 707:./lwip-2.1.2/src/core/tcp.c **** 
 708:./lwip-2.1.2/src/core/tcp.c ****   if (port == 0) {
 1419              		.loc 1 708 6 is_stmt 1
 1420 059a FB88     		ldrh	r3, [r7, #6]
 1421 059c 002B     		cmp	r3, #0
 1422 059e 09D1     		bne	.L98
 709:./lwip-2.1.2/src/core/tcp.c ****     port = tcp_new_port();
 1423              		.loc 1 709 12
 1424 05a0 00F0A4F9 		bl	tcp_new_port
 1425 05a4 0346     		mov	r3, r0
 1426 05a6 FB80     		strh	r3, [r7, #6]	@ movhi
 710:./lwip-2.1.2/src/core/tcp.c ****     if (port == 0) {
 1427              		.loc 1 710 8
 1428 05a8 FB88     		ldrh	r3, [r7, #6]
 1429 05aa 002B     		cmp	r3, #0
 1430 05ac 35D1     		bne	.L99
 711:./lwip-2.1.2/src/core/tcp.c ****       return ERR_BUF;
 1431              		.loc 1 711 14
 1432 05ae 6FF00103 		mvn	r3, #1
 1433 05b2 4FE0     		b	.L96
 1434              	.L98:
 712:./lwip-2.1.2/src/core/tcp.c ****     }
 713:./lwip-2.1.2/src/core/tcp.c ****   } else {
 714:./lwip-2.1.2/src/core/tcp.c ****     /* Check if the address already is in use (on all lists) */
 715:./lwip-2.1.2/src/core/tcp.c ****     for (i = 0; i < max_pcb_list; i++) {
 1435              		.loc 1 715 12
 1436 05b4 0023     		movs	r3, #0
 1437 05b6 FB61     		str	r3, [r7, #28]
 1438              		.loc 1 715 5
 1439 05b8 2BE0     		b	.L100
 1440              	.L105:
 716:./lwip-2.1.2/src/core/tcp.c ****       for (cpcb = *tcp_pcb_lists[i]; cpcb != NULL; cpcb = cpcb->next) {
 1441              		.loc 1 716 33
 1442 05ba 294A     		ldr	r2, .L109+4
 1443 05bc FB69     		ldr	r3, [r7, #28]
 1444 05be 52F82330 		ldr	r3, [r2, r3, lsl #2]
 1445              		.loc 1 716 17
 1446 05c2 1B68     		ldr	r3, [r3]
 1447 05c4 BB61     		str	r3, [r7, #24]
 1448              		.loc 1 716 7
 1449 05c6 1EE0     		b	.L101
 1450              	.L104:
 717:./lwip-2.1.2/src/core/tcp.c ****         if (cpcb->local_port == port) {
 1451              		.loc 1 717 17
 1452 05c8 BB69     		ldr	r3, [r7, #24]
 1453 05ca DB8A     		ldrh	r3, [r3, #22]
 1454              		.loc 1 717 12
 1455 05cc FA88     		ldrh	r2, [r7, #6]
 1456 05ce 9A42     		cmp	r2, r3
 1457 05d0 16D1     		bne	.L102
 718:./lwip-2.1.2/src/core/tcp.c **** #if SO_REUSE
 719:./lwip-2.1.2/src/core/tcp.c ****           /* Omit checking for the same port if both pcbs have REUSEADDR set.
 720:./lwip-2.1.2/src/core/tcp.c ****              For SO_REUSEADDR, the duplicate-check for a 5-tuple is done in
 721:./lwip-2.1.2/src/core/tcp.c ****              tcp_connect. */
 722:./lwip-2.1.2/src/core/tcp.c ****           if (!ip_get_option(pcb, SOF_REUSEADDR) ||
 723:./lwip-2.1.2/src/core/tcp.c ****               !ip_get_option(cpcb, SOF_REUSEADDR))
 724:./lwip-2.1.2/src/core/tcp.c **** #endif /* SO_REUSE */
 725:./lwip-2.1.2/src/core/tcp.c ****           {
 726:./lwip-2.1.2/src/core/tcp.c ****             /* @todo: check accept_any_ip_version */
 727:./lwip-2.1.2/src/core/tcp.c ****             if ((IP_IS_V6(ipaddr) == IP_IS_V6_VAL(cpcb->local_ip)) &&
 728:./lwip-2.1.2/src/core/tcp.c ****                 (ip_addr_isany(&cpcb->local_ip) ||
 1458              		.loc 1 728 18
 1459 05d2 BB69     		ldr	r3, [r7, #24]
 727:./lwip-2.1.2/src/core/tcp.c ****                 (ip_addr_isany(&cpcb->local_ip) ||
 1460              		.loc 1 727 16
 1461 05d4 002B     		cmp	r3, #0
 1462 05d6 10D0     		beq	.L103
 1463              		.loc 1 728 18
 1464 05d8 BB69     		ldr	r3, [r7, #24]
 1465 05da 1B68     		ldr	r3, [r3]
 1466 05dc 002B     		cmp	r3, #0
 1467 05de 0CD0     		beq	.L103
 1468              		.loc 1 728 49 discriminator 1
 1469 05e0 BB68     		ldr	r3, [r7, #8]
 1470 05e2 002B     		cmp	r3, #0
 1471 05e4 09D0     		beq	.L103
 729:./lwip-2.1.2/src/core/tcp.c ****                  ip_addr_isany(ipaddr) ||
 1472              		.loc 1 729 18
 1473 05e6 BB68     		ldr	r3, [r7, #8]
 1474 05e8 1B68     		ldr	r3, [r3]
 1475 05ea 002B     		cmp	r3, #0
 1476 05ec 05D0     		beq	.L103
 730:./lwip-2.1.2/src/core/tcp.c ****                  ip_addr_cmp(&cpcb->local_ip, ipaddr))) {
 1477              		.loc 1 730 18
 1478 05ee BB69     		ldr	r3, [r7, #24]
 1479 05f0 1A68     		ldr	r2, [r3]
 1480 05f2 BB68     		ldr	r3, [r7, #8]
 1481 05f4 1B68     		ldr	r3, [r3]
 727:./lwip-2.1.2/src/core/tcp.c ****                 (ip_addr_isany(&cpcb->local_ip) ||
 1482              		.loc 1 727 68
 1483 05f6 9A42     		cmp	r2, r3
 1484 05f8 02D1     		bne	.L102
 1485              	.L103:
 731:./lwip-2.1.2/src/core/tcp.c ****               return ERR_USE;
 1486              		.loc 1 731 22
 1487 05fa 6FF00703 		mvn	r3, #7
 1488 05fe 29E0     		b	.L96
 1489              	.L102:
 716:./lwip-2.1.2/src/core/tcp.c ****         if (cpcb->local_port == port) {
 1490              		.loc 1 716 57 discriminator 2
 1491 0600 BB69     		ldr	r3, [r7, #24]
 1492 0602 DB68     		ldr	r3, [r3, #12]
 1493 0604 BB61     		str	r3, [r7, #24]
 1494              	.L101:
 716:./lwip-2.1.2/src/core/tcp.c ****         if (cpcb->local_port == port) {
 1495              		.loc 1 716 7 discriminator 1
 1496 0606 BB69     		ldr	r3, [r7, #24]
 1497 0608 002B     		cmp	r3, #0
 1498 060a DDD1     		bne	.L104
 715:./lwip-2.1.2/src/core/tcp.c ****       for (cpcb = *tcp_pcb_lists[i]; cpcb != NULL; cpcb = cpcb->next) {
 1499              		.loc 1 715 36 discriminator 2
 1500 060c FB69     		ldr	r3, [r7, #28]
 1501 060e 0133     		adds	r3, r3, #1
 1502 0610 FB61     		str	r3, [r7, #28]
 1503              	.L100:
 715:./lwip-2.1.2/src/core/tcp.c ****       for (cpcb = *tcp_pcb_lists[i]; cpcb != NULL; cpcb = cpcb->next) {
 1504              		.loc 1 715 5 discriminator 1
 1505 0612 FA69     		ldr	r2, [r7, #28]
 1506 0614 7B69     		ldr	r3, [r7, #20]
 1507 0616 9A42     		cmp	r2, r3
 1508 0618 CFDB     		blt	.L105
 1509              	.L99:
 732:./lwip-2.1.2/src/core/tcp.c ****             }
 733:./lwip-2.1.2/src/core/tcp.c ****           }
 734:./lwip-2.1.2/src/core/tcp.c ****         }
 735:./lwip-2.1.2/src/core/tcp.c ****       }
 736:./lwip-2.1.2/src/core/tcp.c ****     }
 737:./lwip-2.1.2/src/core/tcp.c ****   }
 738:./lwip-2.1.2/src/core/tcp.c **** 
 739:./lwip-2.1.2/src/core/tcp.c ****   if (!ip_addr_isany(ipaddr)
 1510              		.loc 1 739 6
 1511 061a BB68     		ldr	r3, [r7, #8]
 1512 061c 002B     		cmp	r3, #0
 1513 061e 0CD0     		beq	.L106
 1514              		.loc 1 739 8 discriminator 1
 1515 0620 BB68     		ldr	r3, [r7, #8]
 1516 0622 1B68     		ldr	r3, [r3]
 1517              		.loc 1 739 7 discriminator 1
 1518 0624 002B     		cmp	r3, #0
 1519 0626 08D0     		beq	.L106
 740:./lwip-2.1.2/src/core/tcp.c **** #if LWIP_IPV4 && LWIP_IPV6
 741:./lwip-2.1.2/src/core/tcp.c ****       || (IP_GET_TYPE(ipaddr) != IP_GET_TYPE(&pcb->local_ip))
 742:./lwip-2.1.2/src/core/tcp.c **** #endif /* LWIP_IPV4 && LWIP_IPV6 */
 743:./lwip-2.1.2/src/core/tcp.c ****      ) {
 744:./lwip-2.1.2/src/core/tcp.c ****     ip_addr_set(&pcb->local_ip, ipaddr);
 1520              		.loc 1 744 5
 1521 0628 BB68     		ldr	r3, [r7, #8]
 1522 062a 002B     		cmp	r3, #0
 1523 062c 02D0     		beq	.L107
 1524              		.loc 1 744 5 is_stmt 0 discriminator 1
 1525 062e BB68     		ldr	r3, [r7, #8]
 1526 0630 1B68     		ldr	r3, [r3]
 1527 0632 00E0     		b	.L108
 1528              	.L107:
 1529              		.loc 1 744 5 discriminator 2
 1530 0634 0023     		movs	r3, #0
 1531              	.L108:
 1532              		.loc 1 744 5 discriminator 4
 1533 0636 FA68     		ldr	r2, [r7, #12]
 1534 0638 1360     		str	r3, [r2]
 1535              	.L106:
 745:./lwip-2.1.2/src/core/tcp.c ****   }
 746:./lwip-2.1.2/src/core/tcp.c ****   pcb->local_port = port;
 1536              		.loc 1 746 19 is_stmt 1
 1537 063a FB68     		ldr	r3, [r7, #12]
 1538 063c FA88     		ldrh	r2, [r7, #6]	@ movhi
 1539 063e DA82     		strh	r2, [r3, #22]	@ movhi
 747:./lwip-2.1.2/src/core/tcp.c ****   TCP_REG(&tcp_bound_pcbs, pcb);
 1540              		.loc 1 747 3
 1541 0640 084B     		ldr	r3, .L109+8
 1542 0642 1A68     		ldr	r2, [r3]
 1543 0644 FB68     		ldr	r3, [r7, #12]
 1544 0646 DA60     		str	r2, [r3, #12]
 1545 0648 064A     		ldr	r2, .L109+8
 1546 064a FB68     		ldr	r3, [r7, #12]
 1547 064c 1360     		str	r3, [r2]
 1548 064e FFF7FEFF 		bl	tcp_timer_needed
 748:./lwip-2.1.2/src/core/tcp.c ****   LWIP_DEBUGF(TCP_DEBUG, ("tcp_bind: bind to port %"U16_F"\n", port));
 749:./lwip-2.1.2/src/core/tcp.c ****   return ERR_OK;
 1549              		.loc 1 749 10
 1550 0652 0023     		movs	r3, #0
 1551              	.L96:
 750:./lwip-2.1.2/src/core/tcp.c **** }
 1552              		.loc 1 750 1
 1553 0654 1846     		mov	r0, r3
 1554 0656 2037     		adds	r7, r7, #32
 1555              	.LCFI58:
 1556              		.cfi_def_cfa_offset 8
 1557 0658 BD46     		mov	sp, r7
 1558              	.LCFI59:
 1559              		.cfi_def_cfa_register 13
 1560              		@ sp needed
 1561 065a 80BD     		pop	{r7, pc}
 1562              	.L110:
 1563              		.align	2
 1564              	.L109:
 1565 065c 00000000 		.word	ip_addr_any
 1566 0660 00000000 		.word	tcp_pcb_lists
 1567 0664 00000000 		.word	tcp_bound_pcbs
 1568              		.cfi_endproc
 1569              	.LFE37:
 1571              		.align	1
 1572              		.global	tcp_bind_netif
 1573              		.syntax unified
 1574              		.thumb
 1575              		.thumb_func
 1576              		.fpu fpv5-d16
 1578              	tcp_bind_netif:
 1579              	.LFB38:
 751:./lwip-2.1.2/src/core/tcp.c **** 
 752:./lwip-2.1.2/src/core/tcp.c **** /**
 753:./lwip-2.1.2/src/core/tcp.c ****  * @ingroup tcp_raw
 754:./lwip-2.1.2/src/core/tcp.c ****  * Binds the connection to a netif and IP address.
 755:./lwip-2.1.2/src/core/tcp.c ****  * After calling this function, all packets received via this PCB
 756:./lwip-2.1.2/src/core/tcp.c ****  * are guaranteed to have come in via the specified netif, and all
 757:./lwip-2.1.2/src/core/tcp.c ****  * outgoing packets will go out via the specified netif.
 758:./lwip-2.1.2/src/core/tcp.c ****  *
 759:./lwip-2.1.2/src/core/tcp.c ****  * @param pcb the tcp_pcb to bind.
 760:./lwip-2.1.2/src/core/tcp.c ****  * @param netif the netif to bind to. Can be NULL.
 761:./lwip-2.1.2/src/core/tcp.c ****  */
 762:./lwip-2.1.2/src/core/tcp.c **** void
 763:./lwip-2.1.2/src/core/tcp.c **** tcp_bind_netif(struct tcp_pcb *pcb, const struct netif *netif)
 764:./lwip-2.1.2/src/core/tcp.c **** {
 1580              		.loc 1 764 1
 1581              		.cfi_startproc
 1582              		@ args = 0, pretend = 0, frame = 8
 1583              		@ frame_needed = 1, uses_anonymous_args = 0
 1584              		@ link register save eliminated.
 1585 0668 80B4     		push	{r7}
 1586              	.LCFI60:
 1587              		.cfi_def_cfa_offset 4
 1588              		.cfi_offset 7, -4
 1589 066a 83B0     		sub	sp, sp, #12
 1590              	.LCFI61:
 1591              		.cfi_def_cfa_offset 16
 1592 066c 00AF     		add	r7, sp, #0
 1593              	.LCFI62:
 1594              		.cfi_def_cfa_register 7
 1595 066e 7860     		str	r0, [r7, #4]
 1596 0670 3960     		str	r1, [r7]
 765:./lwip-2.1.2/src/core/tcp.c ****   LWIP_ASSERT_CORE_LOCKED();
 766:./lwip-2.1.2/src/core/tcp.c ****   if (netif != NULL) {
 1597              		.loc 1 766 6
 1598 0672 3B68     		ldr	r3, [r7]
 1599 0674 002B     		cmp	r3, #0
 1600 0676 07D0     		beq	.L112
 767:./lwip-2.1.2/src/core/tcp.c ****     pcb->netif_idx = netif_get_index(netif);
 1601              		.loc 1 767 22
 1602 0678 3B68     		ldr	r3, [r7]
 1603 067a 93F83030 		ldrb	r3, [r3, #48]	@ zero_extendqisi2
 1604 067e 0133     		adds	r3, r3, #1
 1605 0680 DAB2     		uxtb	r2, r3
 1606              		.loc 1 767 20
 1607 0682 7B68     		ldr	r3, [r7, #4]
 1608 0684 1A72     		strb	r2, [r3, #8]
 768:./lwip-2.1.2/src/core/tcp.c ****   } else {
 769:./lwip-2.1.2/src/core/tcp.c ****     pcb->netif_idx = NETIF_NO_INDEX;
 770:./lwip-2.1.2/src/core/tcp.c ****   }
 771:./lwip-2.1.2/src/core/tcp.c **** }
 1609              		.loc 1 771 1
 1610 0686 02E0     		b	.L114
 1611              	.L112:
 769:./lwip-2.1.2/src/core/tcp.c ****   }
 1612              		.loc 1 769 20
 1613 0688 7B68     		ldr	r3, [r7, #4]
 1614 068a 0022     		movs	r2, #0
 1615 068c 1A72     		strb	r2, [r3, #8]
 1616              	.L114:
 1617              		.loc 1 771 1
 1618 068e 00BF     		nop
 1619 0690 0C37     		adds	r7, r7, #12
 1620              	.LCFI63:
 1621              		.cfi_def_cfa_offset 4
 1622 0692 BD46     		mov	sp, r7
 1623              	.LCFI64:
 1624              		.cfi_def_cfa_register 13
 1625              		@ sp needed
 1626 0694 5DF8047B 		ldr	r7, [sp], #4
 1627              	.LCFI65:
 1628              		.cfi_restore 7
 1629              		.cfi_def_cfa_offset 0
 1630 0698 7047     		bx	lr
 1631              		.cfi_endproc
 1632              	.LFE38:
 1634              		.align	1
 1635              		.syntax unified
 1636              		.thumb
 1637              		.thumb_func
 1638              		.fpu fpv5-d16
 1640              	tcp_accept_null:
 1641              	.LFB39:
 772:./lwip-2.1.2/src/core/tcp.c **** 
 773:./lwip-2.1.2/src/core/tcp.c **** #if LWIP_CALLBACK_API
 774:./lwip-2.1.2/src/core/tcp.c **** /**
 775:./lwip-2.1.2/src/core/tcp.c ****  * Default accept callback if no accept callback is specified by the user.
 776:./lwip-2.1.2/src/core/tcp.c ****  */
 777:./lwip-2.1.2/src/core/tcp.c **** static err_t
 778:./lwip-2.1.2/src/core/tcp.c **** tcp_accept_null(void *arg, struct tcp_pcb *pcb, err_t err)
 779:./lwip-2.1.2/src/core/tcp.c **** {
 1642              		.loc 1 779 1
 1643              		.cfi_startproc
 1644              		@ args = 0, pretend = 0, frame = 16
 1645              		@ frame_needed = 1, uses_anonymous_args = 0
 1646 069a 80B5     		push	{r7, lr}
 1647              	.LCFI66:
 1648              		.cfi_def_cfa_offset 8
 1649              		.cfi_offset 7, -8
 1650              		.cfi_offset 14, -4
 1651 069c 84B0     		sub	sp, sp, #16
 1652              	.LCFI67:
 1653              		.cfi_def_cfa_offset 24
 1654 069e 00AF     		add	r7, sp, #0
 1655              	.LCFI68:
 1656              		.cfi_def_cfa_register 7
 1657 06a0 F860     		str	r0, [r7, #12]
 1658 06a2 B960     		str	r1, [r7, #8]
 1659 06a4 1346     		mov	r3, r2
 1660 06a6 FB71     		strb	r3, [r7, #7]
 780:./lwip-2.1.2/src/core/tcp.c ****   LWIP_UNUSED_ARG(arg);
 781:./lwip-2.1.2/src/core/tcp.c ****   LWIP_UNUSED_ARG(err);
 782:./lwip-2.1.2/src/core/tcp.c **** 
 783:./lwip-2.1.2/src/core/tcp.c ****   LWIP_ASSERT("tcp_accept_null: invalid pcb", pcb != NULL);
 784:./lwip-2.1.2/src/core/tcp.c **** 
 785:./lwip-2.1.2/src/core/tcp.c ****   tcp_abort(pcb);
 1661              		.loc 1 785 3
 1662 06a8 B868     		ldr	r0, [r7, #8]
 1663 06aa FFF7FEFF 		bl	tcp_abort
 786:./lwip-2.1.2/src/core/tcp.c **** 
 787:./lwip-2.1.2/src/core/tcp.c ****   return ERR_ABRT;
 1664              		.loc 1 787 10
 1665 06ae 6FF00C03 		mvn	r3, #12
 788:./lwip-2.1.2/src/core/tcp.c **** }
 1666              		.loc 1 788 1
 1667 06b2 1846     		mov	r0, r3
 1668 06b4 1037     		adds	r7, r7, #16
 1669              	.LCFI69:
 1670              		.cfi_def_cfa_offset 8
 1671 06b6 BD46     		mov	sp, r7
 1672              	.LCFI70:
 1673              		.cfi_def_cfa_register 13
 1674              		@ sp needed
 1675 06b8 80BD     		pop	{r7, pc}
 1676              		.cfi_endproc
 1677              	.LFE39:
 1679              		.align	1
 1680              		.global	tcp_listen_with_backlog
 1681              		.syntax unified
 1682              		.thumb
 1683              		.thumb_func
 1684              		.fpu fpv5-d16
 1686              	tcp_listen_with_backlog:
 1687              	.LFB40:
 789:./lwip-2.1.2/src/core/tcp.c **** #endif /* LWIP_CALLBACK_API */
 790:./lwip-2.1.2/src/core/tcp.c **** 
 791:./lwip-2.1.2/src/core/tcp.c **** /**
 792:./lwip-2.1.2/src/core/tcp.c ****  * @ingroup tcp_raw
 793:./lwip-2.1.2/src/core/tcp.c ****  * Set the state of the connection to be LISTEN, which means that it
 794:./lwip-2.1.2/src/core/tcp.c ****  * is able to accept incoming connections. The protocol control block
 795:./lwip-2.1.2/src/core/tcp.c ****  * is reallocated in order to consume less memory. Setting the
 796:./lwip-2.1.2/src/core/tcp.c ****  * connection to LISTEN is an irreversible process.
 797:./lwip-2.1.2/src/core/tcp.c ****  * When an incoming connection is accepted, the function specified with
 798:./lwip-2.1.2/src/core/tcp.c ****  * the tcp_accept() function will be called. The pcb has to be bound
 799:./lwip-2.1.2/src/core/tcp.c ****  * to a local port with the tcp_bind() function.
 800:./lwip-2.1.2/src/core/tcp.c ****  * 
 801:./lwip-2.1.2/src/core/tcp.c ****  * The tcp_listen() function returns a new connection identifier, and
 802:./lwip-2.1.2/src/core/tcp.c ****  * the one passed as an argument to the function will be
 803:./lwip-2.1.2/src/core/tcp.c ****  * deallocated. The reason for this behavior is that less memory is
 804:./lwip-2.1.2/src/core/tcp.c ****  * needed for a connection that is listening, so tcp_listen() will
 805:./lwip-2.1.2/src/core/tcp.c ****  * reclaim the memory needed for the original connection and allocate a
 806:./lwip-2.1.2/src/core/tcp.c ****  * new smaller memory block for the listening connection.
 807:./lwip-2.1.2/src/core/tcp.c ****  *
 808:./lwip-2.1.2/src/core/tcp.c ****  * tcp_listen() may return NULL if no memory was available for the
 809:./lwip-2.1.2/src/core/tcp.c ****  * listening connection. If so, the memory associated with the pcb
 810:./lwip-2.1.2/src/core/tcp.c ****  * passed as an argument to tcp_listen() will not be deallocated.
 811:./lwip-2.1.2/src/core/tcp.c ****  *
 812:./lwip-2.1.2/src/core/tcp.c ****  * The backlog limits the number of outstanding connections
 813:./lwip-2.1.2/src/core/tcp.c ****  * in the listen queue to the value specified by the backlog argument.
 814:./lwip-2.1.2/src/core/tcp.c ****  * To use it, your need to set TCP_LISTEN_BACKLOG=1 in your lwipopts.h.
 815:./lwip-2.1.2/src/core/tcp.c ****  * 
 816:./lwip-2.1.2/src/core/tcp.c ****  * @param pcb the original tcp_pcb
 817:./lwip-2.1.2/src/core/tcp.c ****  * @param backlog the incoming connections queue limit
 818:./lwip-2.1.2/src/core/tcp.c ****  * @return tcp_pcb used for listening, consumes less memory.
 819:./lwip-2.1.2/src/core/tcp.c ****  *
 820:./lwip-2.1.2/src/core/tcp.c ****  * @note The original tcp_pcb is freed. This function therefore has to be
 821:./lwip-2.1.2/src/core/tcp.c ****  *       called like this:
 822:./lwip-2.1.2/src/core/tcp.c ****  *             tpcb = tcp_listen_with_backlog(tpcb, backlog);
 823:./lwip-2.1.2/src/core/tcp.c ****  */
 824:./lwip-2.1.2/src/core/tcp.c **** struct tcp_pcb *
 825:./lwip-2.1.2/src/core/tcp.c **** tcp_listen_with_backlog(struct tcp_pcb *pcb, u8_t backlog)
 826:./lwip-2.1.2/src/core/tcp.c **** {
 1688              		.loc 1 826 1
 1689              		.cfi_startproc
 1690              		@ args = 0, pretend = 0, frame = 8
 1691              		@ frame_needed = 1, uses_anonymous_args = 0
 1692 06ba 80B5     		push	{r7, lr}
 1693              	.LCFI71:
 1694              		.cfi_def_cfa_offset 8
 1695              		.cfi_offset 7, -8
 1696              		.cfi_offset 14, -4
 1697 06bc 82B0     		sub	sp, sp, #8
 1698              	.LCFI72:
 1699              		.cfi_def_cfa_offset 16
 1700 06be 00AF     		add	r7, sp, #0
 1701              	.LCFI73:
 1702              		.cfi_def_cfa_register 7
 1703 06c0 7860     		str	r0, [r7, #4]
 1704 06c2 0B46     		mov	r3, r1
 1705 06c4 FB70     		strb	r3, [r7, #3]
 827:./lwip-2.1.2/src/core/tcp.c ****   LWIP_ASSERT_CORE_LOCKED();
 828:./lwip-2.1.2/src/core/tcp.c ****   return tcp_listen_with_backlog_and_err(pcb, backlog, NULL);
 1706              		.loc 1 828 10
 1707 06c6 FB78     		ldrb	r3, [r7, #3]	@ zero_extendqisi2
 1708 06c8 0022     		movs	r2, #0
 1709 06ca 1946     		mov	r1, r3
 1710 06cc 7868     		ldr	r0, [r7, #4]
 1711 06ce FFF7FEFF 		bl	tcp_listen_with_backlog_and_err
 1712 06d2 0346     		mov	r3, r0
 829:./lwip-2.1.2/src/core/tcp.c **** }
 1713              		.loc 1 829 1
 1714 06d4 1846     		mov	r0, r3
 1715 06d6 0837     		adds	r7, r7, #8
 1716              	.LCFI74:
 1717              		.cfi_def_cfa_offset 8
 1718 06d8 BD46     		mov	sp, r7
 1719              	.LCFI75:
 1720              		.cfi_def_cfa_register 13
 1721              		@ sp needed
 1722 06da 80BD     		pop	{r7, pc}
 1723              		.cfi_endproc
 1724              	.LFE40:
 1726              		.align	1
 1727              		.global	tcp_listen_with_backlog_and_err
 1728              		.syntax unified
 1729              		.thumb
 1730              		.thumb_func
 1731              		.fpu fpv5-d16
 1733              	tcp_listen_with_backlog_and_err:
 1734              	.LFB41:
 830:./lwip-2.1.2/src/core/tcp.c **** 
 831:./lwip-2.1.2/src/core/tcp.c **** /**
 832:./lwip-2.1.2/src/core/tcp.c ****  * @ingroup tcp_raw
 833:./lwip-2.1.2/src/core/tcp.c ****  * Set the state of the connection to be LISTEN, which means that it
 834:./lwip-2.1.2/src/core/tcp.c ****  * is able to accept incoming connections. The protocol control block
 835:./lwip-2.1.2/src/core/tcp.c ****  * is reallocated in order to consume less memory. Setting the
 836:./lwip-2.1.2/src/core/tcp.c ****  * connection to LISTEN is an irreversible process.
 837:./lwip-2.1.2/src/core/tcp.c ****  *
 838:./lwip-2.1.2/src/core/tcp.c ****  * @param pcb the original tcp_pcb
 839:./lwip-2.1.2/src/core/tcp.c ****  * @param backlog the incoming connections queue limit
 840:./lwip-2.1.2/src/core/tcp.c ****  * @param err when NULL is returned, this contains the error reason
 841:./lwip-2.1.2/src/core/tcp.c ****  * @return tcp_pcb used for listening, consumes less memory.
 842:./lwip-2.1.2/src/core/tcp.c ****  *
 843:./lwip-2.1.2/src/core/tcp.c ****  * @note The original tcp_pcb is freed. This function therefore has to be
 844:./lwip-2.1.2/src/core/tcp.c ****  *       called like this:
 845:./lwip-2.1.2/src/core/tcp.c ****  *             tpcb = tcp_listen_with_backlog_and_err(tpcb, backlog, &err);
 846:./lwip-2.1.2/src/core/tcp.c ****  */
 847:./lwip-2.1.2/src/core/tcp.c **** struct tcp_pcb *
 848:./lwip-2.1.2/src/core/tcp.c **** tcp_listen_with_backlog_and_err(struct tcp_pcb *pcb, u8_t backlog, err_t *err)
 849:./lwip-2.1.2/src/core/tcp.c **** {
 1735              		.loc 1 849 1
 1736              		.cfi_startproc
 1737              		@ args = 0, pretend = 0, frame = 32
 1738              		@ frame_needed = 1, uses_anonymous_args = 0
 1739 06dc 80B5     		push	{r7, lr}
 1740              	.LCFI76:
 1741              		.cfi_def_cfa_offset 8
 1742              		.cfi_offset 7, -8
 1743              		.cfi_offset 14, -4
 1744 06de 88B0     		sub	sp, sp, #32
 1745              	.LCFI77:
 1746              		.cfi_def_cfa_offset 40
 1747 06e0 00AF     		add	r7, sp, #0
 1748              	.LCFI78:
 1749              		.cfi_def_cfa_register 7
 1750 06e2 F860     		str	r0, [r7, #12]
 1751 06e4 0B46     		mov	r3, r1
 1752 06e6 7A60     		str	r2, [r7, #4]
 1753 06e8 FB72     		strb	r3, [r7, #11]
 850:./lwip-2.1.2/src/core/tcp.c ****   struct tcp_pcb_listen *lpcb = NULL;
 1754              		.loc 1 850 26
 1755 06ea 0023     		movs	r3, #0
 1756 06ec FB61     		str	r3, [r7, #28]
 851:./lwip-2.1.2/src/core/tcp.c ****   err_t res;
 852:./lwip-2.1.2/src/core/tcp.c **** 
 853:./lwip-2.1.2/src/core/tcp.c ****   LWIP_UNUSED_ARG(backlog);
 854:./lwip-2.1.2/src/core/tcp.c **** 
 855:./lwip-2.1.2/src/core/tcp.c ****   LWIP_ASSERT_CORE_LOCKED();
 856:./lwip-2.1.2/src/core/tcp.c **** 
 857:./lwip-2.1.2/src/core/tcp.c ****   LWIP_ERROR("tcp_listen_with_backlog_and_err: invalid pcb", pcb != NULL, res = ERR_ARG; goto done)
 1757              		.loc 1 857 3
 1758 06ee FB68     		ldr	r3, [r7, #12]
 1759 06f0 002B     		cmp	r3, #0
 1760 06f2 02D1     		bne	.L120
 1761              		.loc 1 857 3 is_stmt 0 discriminator 1
 1762 06f4 F023     		movs	r3, #240
 1763 06f6 FB76     		strb	r3, [r7, #27]
 1764 06f8 72E0     		b	.L121
 1765              	.L120:
 858:./lwip-2.1.2/src/core/tcp.c ****   LWIP_ERROR("tcp_listen_with_backlog_and_err: pcb already connected", pcb->state == CLOSED, res = 
 1766              		.loc 1 858 3 is_stmt 1
 1767 06fa FB68     		ldr	r3, [r7, #12]
 1768 06fc 1B7D     		ldrb	r3, [r3, #20]	@ zero_extendqisi2
 1769 06fe 002B     		cmp	r3, #0
 1770 0700 02D0     		beq	.L122
 1771              		.loc 1 858 3 is_stmt 0 discriminator 1
 1772 0702 F123     		movs	r3, #241
 1773 0704 FB76     		strb	r3, [r7, #27]
 1774 0706 6BE0     		b	.L121
 1775              	.L122:
 859:./lwip-2.1.2/src/core/tcp.c **** 
 860:./lwip-2.1.2/src/core/tcp.c ****   /* already listening? */
 861:./lwip-2.1.2/src/core/tcp.c ****   if (pcb->state == LISTEN) {
 1776              		.loc 1 861 10 is_stmt 1
 1777 0708 FB68     		ldr	r3, [r7, #12]
 1778 070a 1B7D     		ldrb	r3, [r3, #20]	@ zero_extendqisi2
 1779              		.loc 1 861 6
 1780 070c 012B     		cmp	r3, #1
 1781 070e 04D1     		bne	.L123
 862:./lwip-2.1.2/src/core/tcp.c ****     lpcb = (struct tcp_pcb_listen *)pcb;
 1782              		.loc 1 862 10
 1783 0710 FB68     		ldr	r3, [r7, #12]
 1784 0712 FB61     		str	r3, [r7, #28]
 863:./lwip-2.1.2/src/core/tcp.c ****     res = ERR_ALREADY;
 1785              		.loc 1 863 9
 1786 0714 F723     		movs	r3, #247
 1787 0716 FB76     		strb	r3, [r7, #27]
 864:./lwip-2.1.2/src/core/tcp.c ****     goto done;
 1788              		.loc 1 864 5
 1789 0718 62E0     		b	.L121
 1790              	.L123:
 865:./lwip-2.1.2/src/core/tcp.c ****   }
 866:./lwip-2.1.2/src/core/tcp.c **** #if SO_REUSE
 867:./lwip-2.1.2/src/core/tcp.c ****   if (ip_get_option(pcb, SOF_REUSEADDR)) {
 868:./lwip-2.1.2/src/core/tcp.c ****     /* Since SOF_REUSEADDR allows reusing a local address before the pcb's usage
 869:./lwip-2.1.2/src/core/tcp.c ****        is declared (listen-/connection-pcb), we have to make sure now that
 870:./lwip-2.1.2/src/core/tcp.c ****        this port is only used once for every local IP. */
 871:./lwip-2.1.2/src/core/tcp.c ****     for (lpcb = tcp_listen_pcbs.listen_pcbs; lpcb != NULL; lpcb = lpcb->next) {
 872:./lwip-2.1.2/src/core/tcp.c ****       if ((lpcb->local_port == pcb->local_port) &&
 873:./lwip-2.1.2/src/core/tcp.c ****           ip_addr_cmp(&lpcb->local_ip, &pcb->local_ip)) {
 874:./lwip-2.1.2/src/core/tcp.c ****         /* this address/port is already used */
 875:./lwip-2.1.2/src/core/tcp.c ****         lpcb = NULL;
 876:./lwip-2.1.2/src/core/tcp.c ****         res = ERR_USE;
 877:./lwip-2.1.2/src/core/tcp.c ****         goto done;
 878:./lwip-2.1.2/src/core/tcp.c ****       }
 879:./lwip-2.1.2/src/core/tcp.c ****     }
 880:./lwip-2.1.2/src/core/tcp.c ****   }
 881:./lwip-2.1.2/src/core/tcp.c **** #endif /* SO_REUSE */
 882:./lwip-2.1.2/src/core/tcp.c ****   lpcb = (struct tcp_pcb_listen *)memp_malloc(MEMP_TCP_PCB_LISTEN);
 1791              		.loc 1 882 35
 1792 071a 0220     		movs	r0, #2
 1793 071c FFF7FEFF 		bl	memp_malloc
 1794 0720 F861     		str	r0, [r7, #28]
 883:./lwip-2.1.2/src/core/tcp.c ****   if (lpcb == NULL) {
 1795              		.loc 1 883 6
 1796 0722 FB69     		ldr	r3, [r7, #28]
 1797 0724 002B     		cmp	r3, #0
 1798 0726 02D1     		bne	.L124
 884:./lwip-2.1.2/src/core/tcp.c ****     res = ERR_MEM;
 1799              		.loc 1 884 9
 1800 0728 FF23     		movs	r3, #255
 1801 072a FB76     		strb	r3, [r7, #27]
 885:./lwip-2.1.2/src/core/tcp.c ****     goto done;
 1802              		.loc 1 885 5
 1803 072c 58E0     		b	.L121
 1804              	.L124:
 886:./lwip-2.1.2/src/core/tcp.c ****   }
 887:./lwip-2.1.2/src/core/tcp.c ****   lpcb->callback_arg = pcb->callback_arg;
 1805              		.loc 1 887 27
 1806 072e FB68     		ldr	r3, [r7, #12]
 1807 0730 1A69     		ldr	r2, [r3, #16]
 1808              		.loc 1 887 22
 1809 0732 FB69     		ldr	r3, [r7, #28]
 1810 0734 1A61     		str	r2, [r3, #16]
 888:./lwip-2.1.2/src/core/tcp.c ****   lpcb->local_port = pcb->local_port;
 1811              		.loc 1 888 25
 1812 0736 FB68     		ldr	r3, [r7, #12]
 1813 0738 DA8A     		ldrh	r2, [r3, #22]
 1814              		.loc 1 888 20
 1815 073a FB69     		ldr	r3, [r7, #28]
 1816 073c DA82     		strh	r2, [r3, #22]	@ movhi
 889:./lwip-2.1.2/src/core/tcp.c ****   lpcb->state = LISTEN;
 1817              		.loc 1 889 15
 1818 073e FB69     		ldr	r3, [r7, #28]
 1819 0740 0122     		movs	r2, #1
 1820 0742 1A75     		strb	r2, [r3, #20]
 890:./lwip-2.1.2/src/core/tcp.c ****   lpcb->prio = pcb->prio;
 1821              		.loc 1 890 19
 1822 0744 FB68     		ldr	r3, [r7, #12]
 1823 0746 5A7D     		ldrb	r2, [r3, #21]	@ zero_extendqisi2
 1824              		.loc 1 890 14
 1825 0748 FB69     		ldr	r3, [r7, #28]
 1826 074a 5A75     		strb	r2, [r3, #21]
 891:./lwip-2.1.2/src/core/tcp.c ****   lpcb->so_options = pcb->so_options;
 1827              		.loc 1 891 25
 1828 074c FB68     		ldr	r3, [r7, #12]
 1829 074e 5A7A     		ldrb	r2, [r3, #9]	@ zero_extendqisi2
 1830              		.loc 1 891 20
 1831 0750 FB69     		ldr	r3, [r7, #28]
 1832 0752 5A72     		strb	r2, [r3, #9]
 892:./lwip-2.1.2/src/core/tcp.c ****   lpcb->netif_idx = NETIF_NO_INDEX;
 1833              		.loc 1 892 19
 1834 0754 FB69     		ldr	r3, [r7, #28]
 1835 0756 0022     		movs	r2, #0
 1836 0758 1A72     		strb	r2, [r3, #8]
 893:./lwip-2.1.2/src/core/tcp.c ****   lpcb->ttl = pcb->ttl;
 1837              		.loc 1 893 18
 1838 075a FB68     		ldr	r3, [r7, #12]
 1839 075c DA7A     		ldrb	r2, [r3, #11]	@ zero_extendqisi2
 1840              		.loc 1 893 13
 1841 075e FB69     		ldr	r3, [r7, #28]
 1842 0760 DA72     		strb	r2, [r3, #11]
 894:./lwip-2.1.2/src/core/tcp.c ****   lpcb->tos = pcb->tos;
 1843              		.loc 1 894 18
 1844 0762 FB68     		ldr	r3, [r7, #12]
 1845 0764 9A7A     		ldrb	r2, [r3, #10]	@ zero_extendqisi2
 1846              		.loc 1 894 13
 1847 0766 FB69     		ldr	r3, [r7, #28]
 1848 0768 9A72     		strb	r2, [r3, #10]
 895:./lwip-2.1.2/src/core/tcp.c **** #if LWIP_IPV4 && LWIP_IPV6
 896:./lwip-2.1.2/src/core/tcp.c ****   IP_SET_TYPE_VAL(lpcb->remote_ip, pcb->local_ip.type);
 897:./lwip-2.1.2/src/core/tcp.c **** #endif /* LWIP_IPV4 && LWIP_IPV6 */
 898:./lwip-2.1.2/src/core/tcp.c ****   ip_addr_copy(lpcb->local_ip, pcb->local_ip);
 1849              		.loc 1 898 3
 1850 076a FB68     		ldr	r3, [r7, #12]
 1851 076c 1A68     		ldr	r2, [r3]
 1852 076e FB69     		ldr	r3, [r7, #28]
 1853 0770 1A60     		str	r2, [r3]
 899:./lwip-2.1.2/src/core/tcp.c ****   if (pcb->local_port != 0) {
 1854              		.loc 1 899 10
 1855 0772 FB68     		ldr	r3, [r7, #12]
 1856 0774 DB8A     		ldrh	r3, [r3, #22]
 1857              		.loc 1 899 6
 1858 0776 002B     		cmp	r3, #0
 1859 0778 21D0     		beq	.L125
 900:./lwip-2.1.2/src/core/tcp.c ****     TCP_RMV(&tcp_bound_pcbs, pcb);
 1860              		.loc 1 900 5
 1861 077a 1F4B     		ldr	r3, .L133
 1862 077c 1B68     		ldr	r3, [r3]
 1863 077e FA68     		ldr	r2, [r7, #12]
 1864 0780 9A42     		cmp	r2, r3
 1865 0782 05D1     		bne	.L126
 1866              		.loc 1 900 5 is_stmt 0 discriminator 1
 1867 0784 1C4B     		ldr	r3, .L133
 1868 0786 1B68     		ldr	r3, [r3]
 1869 0788 DB68     		ldr	r3, [r3, #12]
 1870 078a 1B4A     		ldr	r2, .L133
 1871 078c 1360     		str	r3, [r2]
 1872 078e 13E0     		b	.L127
 1873              	.L126:
 1874              	.LBB6:
 1875              		.loc 1 900 5 discriminator 2
 1876 0790 194B     		ldr	r3, .L133
 1877 0792 1B68     		ldr	r3, [r3]
 1878 0794 7B61     		str	r3, [r7, #20]
 1879 0796 0CE0     		b	.L128
 1880              	.L130:
 1881              		.loc 1 900 5 discriminator 9
 1882 0798 7B69     		ldr	r3, [r7, #20]
 1883 079a DB68     		ldr	r3, [r3, #12]
 1884 079c FA68     		ldr	r2, [r7, #12]
 1885 079e 9A42     		cmp	r2, r3
 1886 07a0 04D1     		bne	.L129
 1887              		.loc 1 900 5 discriminator 5
 1888 07a2 FB68     		ldr	r3, [r7, #12]
 1889 07a4 DA68     		ldr	r2, [r3, #12]
 1890 07a6 7B69     		ldr	r3, [r7, #20]
 1891 07a8 DA60     		str	r2, [r3, #12]
 1892 07aa 05E0     		b	.L127
 1893              	.L129:
 1894              		.loc 1 900 5 discriminator 6
 1895 07ac 7B69     		ldr	r3, [r7, #20]
 1896 07ae DB68     		ldr	r3, [r3, #12]
 1897 07b0 7B61     		str	r3, [r7, #20]
 1898              	.L128:
 1899              		.loc 1 900 5 discriminator 8
 1900 07b2 7B69     		ldr	r3, [r7, #20]
 1901 07b4 002B     		cmp	r3, #0
 1902 07b6 EFD1     		bne	.L130
 1903              	.L127:
 1904              	.LBE6:
 1905              		.loc 1 900 5 discriminator 10
 1906 07b8 FB68     		ldr	r3, [r7, #12]
 1907 07ba 0022     		movs	r2, #0
 1908 07bc DA60     		str	r2, [r3, #12]
 1909              	.L125:
 901:./lwip-2.1.2/src/core/tcp.c ****   }
 902:./lwip-2.1.2/src/core/tcp.c **** #if LWIP_TCP_PCB_NUM_EXT_ARGS
 903:./lwip-2.1.2/src/core/tcp.c ****   /* copy over ext_args to listening pcb  */
 904:./lwip-2.1.2/src/core/tcp.c ****   memcpy(&lpcb->ext_args, &pcb->ext_args, sizeof(pcb->ext_args));
 905:./lwip-2.1.2/src/core/tcp.c **** #endif
 906:./lwip-2.1.2/src/core/tcp.c ****   tcp_free(pcb);
 1910              		.loc 1 906 3 is_stmt 1
 1911 07be F868     		ldr	r0, [r7, #12]
 1912 07c0 FFF7FEFF 		bl	tcp_free
 907:./lwip-2.1.2/src/core/tcp.c **** #if LWIP_CALLBACK_API
 908:./lwip-2.1.2/src/core/tcp.c ****   lpcb->accept = tcp_accept_null;
 1913              		.loc 1 908 16
 1914 07c4 FB69     		ldr	r3, [r7, #28]
 1915 07c6 0D4A     		ldr	r2, .L133+4
 1916 07c8 9A61     		str	r2, [r3, #24]
 909:./lwip-2.1.2/src/core/tcp.c **** #endif /* LWIP_CALLBACK_API */
 910:./lwip-2.1.2/src/core/tcp.c **** #if TCP_LISTEN_BACKLOG
 911:./lwip-2.1.2/src/core/tcp.c ****   lpcb->accepts_pending = 0;
 912:./lwip-2.1.2/src/core/tcp.c ****   tcp_backlog_set(lpcb, backlog);
 913:./lwip-2.1.2/src/core/tcp.c **** #endif /* TCP_LISTEN_BACKLOG */
 914:./lwip-2.1.2/src/core/tcp.c ****   TCP_REG(&tcp_listen_pcbs.pcbs, (struct tcp_pcb *)lpcb);
 1917              		.loc 1 914 3
 1918 07ca 0D4B     		ldr	r3, .L133+8
 1919 07cc 1A68     		ldr	r2, [r3]
 1920 07ce FB69     		ldr	r3, [r7, #28]
 1921 07d0 DA60     		str	r2, [r3, #12]
 1922 07d2 0B4A     		ldr	r2, .L133+8
 1923 07d4 FB69     		ldr	r3, [r7, #28]
 1924 07d6 1360     		str	r3, [r2]
 1925 07d8 FFF7FEFF 		bl	tcp_timer_needed
 915:./lwip-2.1.2/src/core/tcp.c ****   res = ERR_OK;
 1926              		.loc 1 915 7
 1927 07dc 0023     		movs	r3, #0
 1928 07de FB76     		strb	r3, [r7, #27]
 1929              	.L121:
 916:./lwip-2.1.2/src/core/tcp.c **** done:
 917:./lwip-2.1.2/src/core/tcp.c ****   if (err != NULL) {
 1930              		.loc 1 917 6
 1931 07e0 7B68     		ldr	r3, [r7, #4]
 1932 07e2 002B     		cmp	r3, #0
 1933 07e4 02D0     		beq	.L131
 918:./lwip-2.1.2/src/core/tcp.c ****     *err = res;
 1934              		.loc 1 918 10
 1935 07e6 7B68     		ldr	r3, [r7, #4]
 1936 07e8 FA7E     		ldrb	r2, [r7, #27]
 1937 07ea 1A70     		strb	r2, [r3]
 1938              	.L131:
 919:./lwip-2.1.2/src/core/tcp.c ****   }
 920:./lwip-2.1.2/src/core/tcp.c ****   return (struct tcp_pcb *)lpcb;
 1939              		.loc 1 920 10
 1940 07ec FB69     		ldr	r3, [r7, #28]
 921:./lwip-2.1.2/src/core/tcp.c **** }
 1941              		.loc 1 921 1
 1942 07ee 1846     		mov	r0, r3
 1943 07f0 2037     		adds	r7, r7, #32
 1944              	.LCFI79:
 1945              		.cfi_def_cfa_offset 8
 1946 07f2 BD46     		mov	sp, r7
 1947              	.LCFI80:
 1948              		.cfi_def_cfa_register 13
 1949              		@ sp needed
 1950 07f4 80BD     		pop	{r7, pc}
 1951              	.L134:
 1952 07f6 00BF     		.align	2
 1953              	.L133:
 1954 07f8 00000000 		.word	tcp_bound_pcbs
 1955 07fc 00000000 		.word	tcp_accept_null
 1956 0800 00000000 		.word	tcp_listen_pcbs
 1957              		.cfi_endproc
 1958              	.LFE41:
 1960              		.align	1
 1961              		.global	tcp_update_rcv_ann_wnd
 1962              		.syntax unified
 1963              		.thumb
 1964              		.thumb_func
 1965              		.fpu fpv5-d16
 1967              	tcp_update_rcv_ann_wnd:
 1968              	.LFB42:
 922:./lwip-2.1.2/src/core/tcp.c **** 
 923:./lwip-2.1.2/src/core/tcp.c **** /**
 924:./lwip-2.1.2/src/core/tcp.c ****  * Update the state that tracks the available window space to advertise.
 925:./lwip-2.1.2/src/core/tcp.c ****  *
 926:./lwip-2.1.2/src/core/tcp.c ****  * Returns how much extra window would be advertised if we sent an
 927:./lwip-2.1.2/src/core/tcp.c ****  * update now.
 928:./lwip-2.1.2/src/core/tcp.c ****  */
 929:./lwip-2.1.2/src/core/tcp.c **** u32_t
 930:./lwip-2.1.2/src/core/tcp.c **** tcp_update_rcv_ann_wnd(struct tcp_pcb *pcb)
 931:./lwip-2.1.2/src/core/tcp.c **** {
 1969              		.loc 1 931 1
 1970              		.cfi_startproc
 1971              		@ args = 0, pretend = 0, frame = 16
 1972              		@ frame_needed = 1, uses_anonymous_args = 0
 1973              		@ link register save eliminated.
 1974 0804 80B4     		push	{r7}
 1975              	.LCFI81:
 1976              		.cfi_def_cfa_offset 4
 1977              		.cfi_offset 7, -4
 1978 0806 85B0     		sub	sp, sp, #20
 1979              	.LCFI82:
 1980              		.cfi_def_cfa_offset 24
 1981 0808 00AF     		add	r7, sp, #0
 1982              	.LCFI83:
 1983              		.cfi_def_cfa_register 7
 1984 080a 7860     		str	r0, [r7, #4]
 932:./lwip-2.1.2/src/core/tcp.c ****   u32_t new_right_edge;
 933:./lwip-2.1.2/src/core/tcp.c **** 
 934:./lwip-2.1.2/src/core/tcp.c ****   LWIP_ASSERT("tcp_update_rcv_ann_wnd: invalid pcb", pcb != NULL);
 935:./lwip-2.1.2/src/core/tcp.c ****   new_right_edge = pcb->rcv_nxt + pcb->rcv_wnd;
 1985              		.loc 1 935 23
 1986 080c 7B68     		ldr	r3, [r7, #4]
 1987 080e 5B6A     		ldr	r3, [r3, #36]
 1988              		.loc 1 935 38
 1989 0810 7A68     		ldr	r2, [r7, #4]
 1990 0812 128D     		ldrh	r2, [r2, #40]
 1991              		.loc 1 935 18
 1992 0814 1344     		add	r3, r3, r2
 1993 0816 FB60     		str	r3, [r7, #12]
 936:./lwip-2.1.2/src/core/tcp.c **** 
 937:./lwip-2.1.2/src/core/tcp.c ****   if (TCP_SEQ_GEQ(new_right_edge, pcb->rcv_ann_right_edge + LWIP_MIN((TCP_WND / 2), pcb->mss))) {
 1994              		.loc 1 937 7
 1995 0818 7B68     		ldr	r3, [r7, #4]
 1996 081a DB6A     		ldr	r3, [r3, #44]
 1997 081c 7A68     		ldr	r2, [r7, #4]
 1998 081e 528E     		ldrh	r2, [r2, #50]
 1999 0820 B2F5866F 		cmp	r2, #1072
 2000 0824 28BF     		it	cs
 2001 0826 4FF48662 		movcs	r2, #1072
 2002 082a 92B2     		uxth	r2, r2
 2003 082c 1344     		add	r3, r3, r2
 2004 082e FA68     		ldr	r2, [r7, #12]
 2005 0830 D31A     		subs	r3, r2, r3
 2006              		.loc 1 937 6
 2007 0832 002B     		cmp	r3, #0
 2008 0834 08DB     		blt	.L136
 938:./lwip-2.1.2/src/core/tcp.c ****     /* we can advertise more window */
 939:./lwip-2.1.2/src/core/tcp.c ****     pcb->rcv_ann_wnd = pcb->rcv_wnd;
 2009              		.loc 1 939 27
 2010 0836 7B68     		ldr	r3, [r7, #4]
 2011 0838 1A8D     		ldrh	r2, [r3, #40]
 2012              		.loc 1 939 22
 2013 083a 7B68     		ldr	r3, [r7, #4]
 2014 083c 5A85     		strh	r2, [r3, #42]	@ movhi
 940:./lwip-2.1.2/src/core/tcp.c ****     return new_right_edge - pcb->rcv_ann_right_edge;
 2015              		.loc 1 940 32
 2016 083e 7B68     		ldr	r3, [r7, #4]
 2017 0840 DB6A     		ldr	r3, [r3, #44]
 2018              		.loc 1 940 27
 2019 0842 FA68     		ldr	r2, [r7, #12]
 2020 0844 D31A     		subs	r3, r2, r3
 2021 0846 15E0     		b	.L137
 2022              	.L136:
 941:./lwip-2.1.2/src/core/tcp.c ****   } else {
 942:./lwip-2.1.2/src/core/tcp.c ****     if (TCP_SEQ_GT(pcb->rcv_nxt, pcb->rcv_ann_right_edge)) {
 2023              		.loc 1 942 9
 2024 0848 7B68     		ldr	r3, [r7, #4]
 2025 084a 5A6A     		ldr	r2, [r3, #36]
 2026 084c 7B68     		ldr	r3, [r7, #4]
 2027 084e DB6A     		ldr	r3, [r3, #44]
 2028 0850 D31A     		subs	r3, r2, r3
 2029              		.loc 1 942 8
 2030 0852 002B     		cmp	r3, #0
 2031 0854 03DD     		ble	.L138
 943:./lwip-2.1.2/src/core/tcp.c ****       /* Can happen due to other end sending out of advertised window,
 944:./lwip-2.1.2/src/core/tcp.c ****        * but within actual available (but not yet advertised) window */
 945:./lwip-2.1.2/src/core/tcp.c ****       pcb->rcv_ann_wnd = 0;
 2032              		.loc 1 945 24
 2033 0856 7B68     		ldr	r3, [r7, #4]
 2034 0858 0022     		movs	r2, #0
 2035 085a 5A85     		strh	r2, [r3, #42]	@ movhi
 2036 085c 09E0     		b	.L139
 2037              	.L138:
 2038              	.LBB7:
 946:./lwip-2.1.2/src/core/tcp.c ****     } else {
 947:./lwip-2.1.2/src/core/tcp.c ****       /* keep the right edge of window constant */
 948:./lwip-2.1.2/src/core/tcp.c ****       u32_t new_rcv_ann_wnd = pcb->rcv_ann_right_edge - pcb->rcv_nxt;
 2039              		.loc 1 948 34
 2040 085e 7B68     		ldr	r3, [r7, #4]
 2041 0860 DA6A     		ldr	r2, [r3, #44]
 2042              		.loc 1 948 60
 2043 0862 7B68     		ldr	r3, [r7, #4]
 2044 0864 5B6A     		ldr	r3, [r3, #36]
 2045              		.loc 1 948 13
 2046 0866 D31A     		subs	r3, r2, r3
 2047 0868 BB60     		str	r3, [r7, #8]
 949:./lwip-2.1.2/src/core/tcp.c **** #if !LWIP_WND_SCALE
 950:./lwip-2.1.2/src/core/tcp.c ****       LWIP_ASSERT("new_rcv_ann_wnd <= 0xffff", new_rcv_ann_wnd <= 0xffff);
 951:./lwip-2.1.2/src/core/tcp.c **** #endif
 952:./lwip-2.1.2/src/core/tcp.c ****       pcb->rcv_ann_wnd = (tcpwnd_size_t)new_rcv_ann_wnd;
 2048              		.loc 1 952 26
 2049 086a BB68     		ldr	r3, [r7, #8]
 2050 086c 9AB2     		uxth	r2, r3
 2051              		.loc 1 952 24
 2052 086e 7B68     		ldr	r3, [r7, #4]
 2053 0870 5A85     		strh	r2, [r3, #42]	@ movhi
 2054              	.L139:
 2055              	.LBE7:
 953:./lwip-2.1.2/src/core/tcp.c ****     }
 954:./lwip-2.1.2/src/core/tcp.c ****     return 0;
 2056              		.loc 1 954 12
 2057 0872 0023     		movs	r3, #0
 2058              	.L137:
 955:./lwip-2.1.2/src/core/tcp.c ****   }
 956:./lwip-2.1.2/src/core/tcp.c **** }
 2059              		.loc 1 956 1
 2060 0874 1846     		mov	r0, r3
 2061 0876 1437     		adds	r7, r7, #20
 2062              	.LCFI84:
 2063              		.cfi_def_cfa_offset 4
 2064 0878 BD46     		mov	sp, r7
 2065              	.LCFI85:
 2066              		.cfi_def_cfa_register 13
 2067              		@ sp needed
 2068 087a 5DF8047B 		ldr	r7, [sp], #4
 2069              	.LCFI86:
 2070              		.cfi_restore 7
 2071              		.cfi_def_cfa_offset 0
 2072 087e 7047     		bx	lr
 2073              		.cfi_endproc
 2074              	.LFE42:
 2076              		.align	1
 2077              		.global	tcp_recved
 2078              		.syntax unified
 2079              		.thumb
 2080              		.thumb_func
 2081              		.fpu fpv5-d16
 2083              	tcp_recved:
 2084              	.LFB43:
 957:./lwip-2.1.2/src/core/tcp.c **** 
 958:./lwip-2.1.2/src/core/tcp.c **** /**
 959:./lwip-2.1.2/src/core/tcp.c ****  * @ingroup tcp_raw
 960:./lwip-2.1.2/src/core/tcp.c ****  * This function should be called by the application when it has
 961:./lwip-2.1.2/src/core/tcp.c ****  * processed the data. The purpose is to advertise a larger window
 962:./lwip-2.1.2/src/core/tcp.c ****  * when the data has been processed.
 963:./lwip-2.1.2/src/core/tcp.c ****  *
 964:./lwip-2.1.2/src/core/tcp.c ****  * @param pcb the tcp_pcb for which data is read
 965:./lwip-2.1.2/src/core/tcp.c ****  * @param len the amount of bytes that have been read by the application
 966:./lwip-2.1.2/src/core/tcp.c ****  */
 967:./lwip-2.1.2/src/core/tcp.c **** void
 968:./lwip-2.1.2/src/core/tcp.c **** tcp_recved(struct tcp_pcb *pcb, u16_t len)
 969:./lwip-2.1.2/src/core/tcp.c **** {
 2085              		.loc 1 969 1
 2086              		.cfi_startproc
 2087              		@ args = 0, pretend = 0, frame = 16
 2088              		@ frame_needed = 1, uses_anonymous_args = 0
 2089 0880 80B5     		push	{r7, lr}
 2090              	.LCFI87:
 2091              		.cfi_def_cfa_offset 8
 2092              		.cfi_offset 7, -8
 2093              		.cfi_offset 14, -4
 2094 0882 84B0     		sub	sp, sp, #16
 2095              	.LCFI88:
 2096              		.cfi_def_cfa_offset 24
 2097 0884 00AF     		add	r7, sp, #0
 2098              	.LCFI89:
 2099              		.cfi_def_cfa_register 7
 2100 0886 7860     		str	r0, [r7, #4]
 2101 0888 0B46     		mov	r3, r1
 2102 088a 7B80     		strh	r3, [r7, #2]	@ movhi
 970:./lwip-2.1.2/src/core/tcp.c ****   u32_t wnd_inflation;
 971:./lwip-2.1.2/src/core/tcp.c ****   tcpwnd_size_t rcv_wnd;
 972:./lwip-2.1.2/src/core/tcp.c **** 
 973:./lwip-2.1.2/src/core/tcp.c ****   LWIP_ASSERT_CORE_LOCKED();
 974:./lwip-2.1.2/src/core/tcp.c **** 
 975:./lwip-2.1.2/src/core/tcp.c ****   LWIP_ERROR("tcp_recved: invalid pcb", pcb != NULL, return);
 2103              		.loc 1 975 3
 2104 088c 7B68     		ldr	r3, [r7, #4]
 2105 088e 002B     		cmp	r3, #0
 2106 0890 28D0     		beq	.L146
 976:./lwip-2.1.2/src/core/tcp.c **** 
 977:./lwip-2.1.2/src/core/tcp.c ****   /* pcb->state LISTEN not allowed here */
 978:./lwip-2.1.2/src/core/tcp.c ****   LWIP_ASSERT("don't call tcp_recved for listen-pcbs",
 979:./lwip-2.1.2/src/core/tcp.c ****               pcb->state != LISTEN);
 980:./lwip-2.1.2/src/core/tcp.c **** 
 981:./lwip-2.1.2/src/core/tcp.c ****   rcv_wnd = (tcpwnd_size_t)(pcb->rcv_wnd + len);
 2107              		.loc 1 981 32
 2108 0892 7B68     		ldr	r3, [r7, #4]
 2109 0894 1A8D     		ldrh	r2, [r3, #40]
 2110              		.loc 1 981 11
 2111 0896 7B88     		ldrh	r3, [r7, #2]	@ movhi
 2112 0898 1344     		add	r3, r3, r2
 2113 089a FB81     		strh	r3, [r7, #14]	@ movhi
 982:./lwip-2.1.2/src/core/tcp.c ****   if ((rcv_wnd > TCP_WND_MAX(pcb)) || (rcv_wnd < pcb->rcv_wnd)) {
 2114              		.loc 1 982 6
 2115 089c FB89     		ldrh	r3, [r7, #14]
 2116 089e B3F5066F 		cmp	r3, #2144
 2117 08a2 04D8     		bhi	.L143
 2118              		.loc 1 982 53 discriminator 1
 2119 08a4 7B68     		ldr	r3, [r7, #4]
 2120 08a6 1B8D     		ldrh	r3, [r3, #40]
 2121              		.loc 1 982 36 discriminator 1
 2122 08a8 FA89     		ldrh	r2, [r7, #14]
 2123 08aa 9A42     		cmp	r2, r3
 2124 08ac 04D2     		bcs	.L144
 2125              	.L143:
 983:./lwip-2.1.2/src/core/tcp.c ****     /* window got too big or tcpwnd_size_t overflow */
 984:./lwip-2.1.2/src/core/tcp.c ****     LWIP_DEBUGF(TCP_DEBUG, ("tcp_recved: window got too big or tcpwnd_size_t overflow\n"));
 985:./lwip-2.1.2/src/core/tcp.c ****     pcb->rcv_wnd = TCP_WND_MAX(pcb);
 2126              		.loc 1 985 18
 2127 08ae 7B68     		ldr	r3, [r7, #4]
 2128 08b0 4FF40662 		mov	r2, #2144
 2129 08b4 1A85     		strh	r2, [r3, #40]	@ movhi
 2130 08b6 02E0     		b	.L145
 2131              	.L144:
 986:./lwip-2.1.2/src/core/tcp.c ****   } else  {
 987:./lwip-2.1.2/src/core/tcp.c ****     pcb->rcv_wnd = rcv_wnd;
 2132              		.loc 1 987 18
 2133 08b8 7B68     		ldr	r3, [r7, #4]
 2134 08ba FA89     		ldrh	r2, [r7, #14]	@ movhi
 2135 08bc 1A85     		strh	r2, [r3, #40]	@ movhi
 2136              	.L145:
 988:./lwip-2.1.2/src/core/tcp.c ****   }
 989:./lwip-2.1.2/src/core/tcp.c **** 
 990:./lwip-2.1.2/src/core/tcp.c ****   wnd_inflation = tcp_update_rcv_ann_wnd(pcb);
 2137              		.loc 1 990 19
 2138 08be 7868     		ldr	r0, [r7, #4]
 2139 08c0 FFF7FEFF 		bl	tcp_update_rcv_ann_wnd
 2140 08c4 B860     		str	r0, [r7, #8]
 991:./lwip-2.1.2/src/core/tcp.c **** 
 992:./lwip-2.1.2/src/core/tcp.c ****   /* If the change in the right edge of window is significant (default
 993:./lwip-2.1.2/src/core/tcp.c ****    * watermark is TCP_WND/4), then send an explicit update now.
 994:./lwip-2.1.2/src/core/tcp.c ****    * Otherwise wait for a packet to be sent in the normal course of
 995:./lwip-2.1.2/src/core/tcp.c ****    * events (or more window to be available later) */
 996:./lwip-2.1.2/src/core/tcp.c ****   if (wnd_inflation >= TCP_WND_UPDATE_THRESHOLD) {
 2141              		.loc 1 996 6
 2142 08c6 BB68     		ldr	r3, [r7, #8]
 2143 08c8 B3F5067F 		cmp	r3, #536
 2144 08cc 0BD3     		bcc	.L140
 997:./lwip-2.1.2/src/core/tcp.c ****     tcp_ack_now(pcb);
 2145              		.loc 1 997 5
 2146 08ce 7B68     		ldr	r3, [r7, #4]
 2147 08d0 5B8B     		ldrh	r3, [r3, #26]
 2148 08d2 43F00203 		orr	r3, r3, #2
 2149 08d6 9AB2     		uxth	r2, r3
 2150 08d8 7B68     		ldr	r3, [r7, #4]
 2151 08da 5A83     		strh	r2, [r3, #26]	@ movhi
 998:./lwip-2.1.2/src/core/tcp.c ****     tcp_output(pcb);
 2152              		.loc 1 998 5
 2153 08dc 7868     		ldr	r0, [r7, #4]
 2154 08de FFF7FEFF 		bl	tcp_output
 2155 08e2 00E0     		b	.L140
 2156              	.L146:
 975:./lwip-2.1.2/src/core/tcp.c **** 
 2157              		.loc 1 975 3
 2158 08e4 00BF     		nop
 2159              	.L140:
 999:./lwip-2.1.2/src/core/tcp.c ****   }
1000:./lwip-2.1.2/src/core/tcp.c **** 
1001:./lwip-2.1.2/src/core/tcp.c ****   LWIP_DEBUGF(TCP_DEBUG, ("tcp_recved: received %"U16_F" bytes, wnd %"TCPWNDSIZE_F" (%"TCPWNDSIZE_F
1002:./lwip-2.1.2/src/core/tcp.c ****                           len, pcb->rcv_wnd, (u16_t)(TCP_WND_MAX(pcb) - pcb->rcv_wnd)));
1003:./lwip-2.1.2/src/core/tcp.c **** }
 2160              		.loc 1 1003 1
 2161 08e6 1037     		adds	r7, r7, #16
 2162              	.LCFI90:
 2163              		.cfi_def_cfa_offset 8
 2164 08e8 BD46     		mov	sp, r7
 2165              	.LCFI91:
 2166              		.cfi_def_cfa_register 13
 2167              		@ sp needed
 2168 08ea 80BD     		pop	{r7, pc}
 2169              		.cfi_endproc
 2170              	.LFE43:
 2172              		.align	1
 2173              		.syntax unified
 2174              		.thumb
 2175              		.thumb_func
 2176              		.fpu fpv5-d16
 2178              	tcp_new_port:
 2179              	.LFB44:
1004:./lwip-2.1.2/src/core/tcp.c **** 
1005:./lwip-2.1.2/src/core/tcp.c **** /**
1006:./lwip-2.1.2/src/core/tcp.c ****  * Allocate a new local TCP port.
1007:./lwip-2.1.2/src/core/tcp.c ****  *
1008:./lwip-2.1.2/src/core/tcp.c ****  * @return a new (free) local TCP port number
1009:./lwip-2.1.2/src/core/tcp.c ****  */
1010:./lwip-2.1.2/src/core/tcp.c **** static u16_t
1011:./lwip-2.1.2/src/core/tcp.c **** tcp_new_port(void)
1012:./lwip-2.1.2/src/core/tcp.c **** {
 2180              		.loc 1 1012 1
 2181              		.cfi_startproc
 2182              		@ args = 0, pretend = 0, frame = 8
 2183              		@ frame_needed = 1, uses_anonymous_args = 0
 2184              		@ link register save eliminated.
 2185 08ec 80B4     		push	{r7}
 2186              	.LCFI92:
 2187              		.cfi_def_cfa_offset 4
 2188              		.cfi_offset 7, -4
 2189 08ee 83B0     		sub	sp, sp, #12
 2190              	.LCFI93:
 2191              		.cfi_def_cfa_offset 16
 2192 08f0 00AF     		add	r7, sp, #0
 2193              	.LCFI94:
 2194              		.cfi_def_cfa_register 7
1013:./lwip-2.1.2/src/core/tcp.c ****   u8_t i;
1014:./lwip-2.1.2/src/core/tcp.c ****   u16_t n = 0;
 2195              		.loc 1 1014 9
 2196 08f2 0023     		movs	r3, #0
 2197 08f4 BB80     		strh	r3, [r7, #4]	@ movhi
 2198              	.L148:
1015:./lwip-2.1.2/src/core/tcp.c ****   struct tcp_pcb *pcb;
1016:./lwip-2.1.2/src/core/tcp.c **** 
1017:./lwip-2.1.2/src/core/tcp.c **** again:
1018:./lwip-2.1.2/src/core/tcp.c ****   tcp_port++;
 2199              		.loc 1 1018 11
 2200 08f6 1E4B     		ldr	r3, .L157
 2201 08f8 1B88     		ldrh	r3, [r3]
 2202 08fa 0133     		adds	r3, r3, #1
 2203 08fc 9AB2     		uxth	r2, r3
 2204 08fe 1C4B     		ldr	r3, .L157
 2205 0900 1A80     		strh	r2, [r3]	@ movhi
1019:./lwip-2.1.2/src/core/tcp.c ****   if (tcp_port == TCP_LOCAL_PORT_RANGE_END) {
 2206              		.loc 1 1019 16
 2207 0902 1B4B     		ldr	r3, .L157
 2208 0904 1B88     		ldrh	r3, [r3]
 2209              		.loc 1 1019 6
 2210 0906 4FF6FF72 		movw	r2, #65535
 2211 090a 9342     		cmp	r3, r2
 2212 090c 03D1     		bne	.L149
1020:./lwip-2.1.2/src/core/tcp.c ****     tcp_port = TCP_LOCAL_PORT_RANGE_START;
 2213              		.loc 1 1020 14
 2214 090e 184B     		ldr	r3, .L157
 2215 0910 4FF44042 		mov	r2, #49152
 2216 0914 1A80     		strh	r2, [r3]	@ movhi
 2217              	.L149:
1021:./lwip-2.1.2/src/core/tcp.c ****   }
1022:./lwip-2.1.2/src/core/tcp.c ****   /* Check all PCB lists. */
1023:./lwip-2.1.2/src/core/tcp.c ****   for (i = 0; i < NUM_TCP_PCB_LISTS; i++) {
 2218              		.loc 1 1023 10
 2219 0916 0023     		movs	r3, #0
 2220 0918 FB71     		strb	r3, [r7, #7]
 2221              		.loc 1 1023 3
 2222 091a 1EE0     		b	.L150
 2223              	.L156:
1024:./lwip-2.1.2/src/core/tcp.c ****     for (pcb = *tcp_pcb_lists[i]; pcb != NULL; pcb = pcb->next) {
 2224              		.loc 1 1024 30
 2225 091c FB79     		ldrb	r3, [r7, #7]	@ zero_extendqisi2
 2226 091e 154A     		ldr	r2, .L157+4
 2227 0920 52F82330 		ldr	r3, [r2, r3, lsl #2]
 2228              		.loc 1 1024 14
 2229 0924 1B68     		ldr	r3, [r3]
 2230 0926 3B60     		str	r3, [r7]
 2231              		.loc 1 1024 5
 2232 0928 11E0     		b	.L151
 2233              	.L155:
1025:./lwip-2.1.2/src/core/tcp.c ****       if (pcb->local_port == tcp_port) {
 2234              		.loc 1 1025 14
 2235 092a 3B68     		ldr	r3, [r7]
 2236 092c DA8A     		ldrh	r2, [r3, #22]
 2237              		.loc 1 1025 27
 2238 092e 104B     		ldr	r3, .L157
 2239 0930 1B88     		ldrh	r3, [r3]
 2240              		.loc 1 1025 10
 2241 0932 9A42     		cmp	r2, r3
 2242 0934 08D1     		bne	.L152
1026:./lwip-2.1.2/src/core/tcp.c ****         n++;
 2243              		.loc 1 1026 10
 2244 0936 BB88     		ldrh	r3, [r7, #4]
 2245 0938 0133     		adds	r3, r3, #1
 2246 093a BB80     		strh	r3, [r7, #4]	@ movhi
1027:./lwip-2.1.2/src/core/tcp.c ****         if (n > (TCP_LOCAL_PORT_RANGE_END - TCP_LOCAL_PORT_RANGE_START)) {
 2247              		.loc 1 1027 12
 2248 093c BB88     		ldrh	r3, [r7, #4]
 2249 093e B3F5804F 		cmp	r3, #16384
 2250 0942 D8D3     		bcc	.L148
1028:./lwip-2.1.2/src/core/tcp.c ****           return 0;
 2251              		.loc 1 1028 18
 2252 0944 0023     		movs	r3, #0
 2253 0946 0DE0     		b	.L154
 2254              	.L152:
1024:./lwip-2.1.2/src/core/tcp.c ****       if (pcb->local_port == tcp_port) {
 2255              		.loc 1 1024 52 discriminator 2
 2256 0948 3B68     		ldr	r3, [r7]
 2257 094a DB68     		ldr	r3, [r3, #12]
 2258 094c 3B60     		str	r3, [r7]
 2259              	.L151:
1024:./lwip-2.1.2/src/core/tcp.c ****       if (pcb->local_port == tcp_port) {
 2260              		.loc 1 1024 5 discriminator 1
 2261 094e 3B68     		ldr	r3, [r7]
 2262 0950 002B     		cmp	r3, #0
 2263 0952 EAD1     		bne	.L155
1023:./lwip-2.1.2/src/core/tcp.c ****     for (pcb = *tcp_pcb_lists[i]; pcb != NULL; pcb = pcb->next) {
 2264              		.loc 1 1023 39 discriminator 2
 2265 0954 FB79     		ldrb	r3, [r7, #7]	@ zero_extendqisi2
 2266 0956 0133     		adds	r3, r3, #1
 2267 0958 FB71     		strb	r3, [r7, #7]
 2268              	.L150:
1023:./lwip-2.1.2/src/core/tcp.c ****     for (pcb = *tcp_pcb_lists[i]; pcb != NULL; pcb = pcb->next) {
 2269              		.loc 1 1023 3 discriminator 1
 2270 095a FB79     		ldrb	r3, [r7, #7]	@ zero_extendqisi2
 2271 095c 032B     		cmp	r3, #3
 2272 095e DDD9     		bls	.L156
1029:./lwip-2.1.2/src/core/tcp.c ****         }
1030:./lwip-2.1.2/src/core/tcp.c ****         goto again;
1031:./lwip-2.1.2/src/core/tcp.c ****       }
1032:./lwip-2.1.2/src/core/tcp.c ****     }
1033:./lwip-2.1.2/src/core/tcp.c ****   }
1034:./lwip-2.1.2/src/core/tcp.c ****   return tcp_port;
 2273              		.loc 1 1034 10
 2274 0960 034B     		ldr	r3, .L157
 2275 0962 1B88     		ldrh	r3, [r3]
 2276              	.L154:
1035:./lwip-2.1.2/src/core/tcp.c **** }
 2277              		.loc 1 1035 1
 2278 0964 1846     		mov	r0, r3
 2279 0966 0C37     		adds	r7, r7, #12
 2280              	.LCFI95:
 2281              		.cfi_def_cfa_offset 4
 2282 0968 BD46     		mov	sp, r7
 2283              	.LCFI96:
 2284              		.cfi_def_cfa_register 13
 2285              		@ sp needed
 2286 096a 5DF8047B 		ldr	r7, [sp], #4
 2287              	.LCFI97:
 2288              		.cfi_restore 7
 2289              		.cfi_def_cfa_offset 0
 2290 096e 7047     		bx	lr
 2291              	.L158:
 2292              		.align	2
 2293              	.L157:
 2294 0970 00000000 		.word	tcp_port
 2295 0974 00000000 		.word	tcp_pcb_lists
 2296              		.cfi_endproc
 2297              	.LFE44:
 2299              		.align	1
 2300              		.global	tcp_connect
 2301              		.syntax unified
 2302              		.thumb
 2303              		.thumb_func
 2304              		.fpu fpv5-d16
 2306              	tcp_connect:
 2307              	.LFB45:
1036:./lwip-2.1.2/src/core/tcp.c **** 
1037:./lwip-2.1.2/src/core/tcp.c **** /**
1038:./lwip-2.1.2/src/core/tcp.c ****  * @ingroup tcp_raw
1039:./lwip-2.1.2/src/core/tcp.c ****  * Connects to another host. The function given as the "connected"
1040:./lwip-2.1.2/src/core/tcp.c ****  * argument will be called when the connection has been established.
1041:./lwip-2.1.2/src/core/tcp.c ****  *  Sets up the pcb to connect to the remote host and sends the
1042:./lwip-2.1.2/src/core/tcp.c ****  * initial SYN segment which opens the connection. 
1043:./lwip-2.1.2/src/core/tcp.c ****  *
1044:./lwip-2.1.2/src/core/tcp.c ****  * The tcp_connect() function returns immediately; it does not wait for
1045:./lwip-2.1.2/src/core/tcp.c ****  * the connection to be properly setup. Instead, it will call the
1046:./lwip-2.1.2/src/core/tcp.c ****  * function specified as the fourth argument (the "connected" argument)
1047:./lwip-2.1.2/src/core/tcp.c ****  * when the connection is established. If the connection could not be
1048:./lwip-2.1.2/src/core/tcp.c ****  * properly established, either because the other host refused the
1049:./lwip-2.1.2/src/core/tcp.c ****  * connection or because the other host didn't answer, the "err"
1050:./lwip-2.1.2/src/core/tcp.c ****  * callback function of this pcb (registered with tcp_err, see below)
1051:./lwip-2.1.2/src/core/tcp.c ****  * will be called.
1052:./lwip-2.1.2/src/core/tcp.c ****  *
1053:./lwip-2.1.2/src/core/tcp.c ****  * The tcp_connect() function can return ERR_MEM if no memory is
1054:./lwip-2.1.2/src/core/tcp.c ****  * available for enqueueing the SYN segment. If the SYN indeed was
1055:./lwip-2.1.2/src/core/tcp.c ****  * enqueued successfully, the tcp_connect() function returns ERR_OK.
1056:./lwip-2.1.2/src/core/tcp.c ****  *
1057:./lwip-2.1.2/src/core/tcp.c ****  * @param pcb the tcp_pcb used to establish the connection
1058:./lwip-2.1.2/src/core/tcp.c ****  * @param ipaddr the remote ip address to connect to
1059:./lwip-2.1.2/src/core/tcp.c ****  * @param port the remote tcp port to connect to
1060:./lwip-2.1.2/src/core/tcp.c ****  * @param connected callback function to call when connected (on error,
1061:./lwip-2.1.2/src/core/tcp.c ****                     the err calback will be called)
1062:./lwip-2.1.2/src/core/tcp.c ****  * @return ERR_VAL if invalid arguments are given
1063:./lwip-2.1.2/src/core/tcp.c ****  *         ERR_OK if connect request has been sent
1064:./lwip-2.1.2/src/core/tcp.c ****  *         other err_t values if connect request couldn't be sent
1065:./lwip-2.1.2/src/core/tcp.c ****  */
1066:./lwip-2.1.2/src/core/tcp.c **** err_t
1067:./lwip-2.1.2/src/core/tcp.c **** tcp_connect(struct tcp_pcb *pcb, const ip_addr_t *ipaddr, u16_t port,
1068:./lwip-2.1.2/src/core/tcp.c ****             tcp_connected_fn connected)
1069:./lwip-2.1.2/src/core/tcp.c **** {
 2308              		.loc 1 1069 1
 2309              		.cfi_startproc
 2310              		@ args = 0, pretend = 0, frame = 40
 2311              		@ frame_needed = 1, uses_anonymous_args = 0
 2312 0978 80B5     		push	{r7, lr}
 2313              	.LCFI98:
 2314              		.cfi_def_cfa_offset 8
 2315              		.cfi_offset 7, -8
 2316              		.cfi_offset 14, -4
 2317 097a 8AB0     		sub	sp, sp, #40
 2318              	.LCFI99:
 2319              		.cfi_def_cfa_offset 48
 2320 097c 00AF     		add	r7, sp, #0
 2321              	.LCFI100:
 2322              		.cfi_def_cfa_register 7
 2323 097e F860     		str	r0, [r7, #12]
 2324 0980 B960     		str	r1, [r7, #8]
 2325 0982 3B60     		str	r3, [r7]
 2326 0984 1346     		mov	r3, r2	@ movhi
 2327 0986 FB80     		strh	r3, [r7, #6]	@ movhi
1070:./lwip-2.1.2/src/core/tcp.c ****   struct netif *netif = NULL;
 2328              		.loc 1 1070 17
 2329 0988 0023     		movs	r3, #0
 2330 098a 7B62     		str	r3, [r7, #36]
1071:./lwip-2.1.2/src/core/tcp.c ****   err_t ret;
1072:./lwip-2.1.2/src/core/tcp.c ****   u32_t iss;
1073:./lwip-2.1.2/src/core/tcp.c ****   u16_t old_local_port;
1074:./lwip-2.1.2/src/core/tcp.c **** 
1075:./lwip-2.1.2/src/core/tcp.c ****   LWIP_ASSERT_CORE_LOCKED();
1076:./lwip-2.1.2/src/core/tcp.c **** 
1077:./lwip-2.1.2/src/core/tcp.c ****   LWIP_ERROR("tcp_connect: invalid pcb", pcb != NULL, return ERR_ARG);
 2331              		.loc 1 1077 3
 2332 098c FB68     		ldr	r3, [r7, #12]
 2333 098e 002B     		cmp	r3, #0
 2334 0990 02D1     		bne	.L160
 2335              		.loc 1 1077 3 is_stmt 0 discriminator 1
 2336 0992 6FF00F03 		mvn	r3, #15
 2337 0996 DEE0     		b	.L161
 2338              	.L160:
1078:./lwip-2.1.2/src/core/tcp.c ****   LWIP_ERROR("tcp_connect: invalid ipaddr", ipaddr != NULL, return ERR_ARG);
 2339              		.loc 1 1078 3 is_stmt 1
 2340 0998 BB68     		ldr	r3, [r7, #8]
 2341 099a 002B     		cmp	r3, #0
 2342 099c 02D1     		bne	.L162
 2343              		.loc 1 1078 3 is_stmt 0 discriminator 1
 2344 099e 6FF00F03 		mvn	r3, #15
 2345 09a2 D8E0     		b	.L161
 2346              	.L162:
1079:./lwip-2.1.2/src/core/tcp.c **** 
1080:./lwip-2.1.2/src/core/tcp.c ****   LWIP_ERROR("tcp_connect: can only connect from state CLOSED", pcb->state == CLOSED, return ERR_IS
 2347              		.loc 1 1080 3 is_stmt 1
 2348 09a4 FB68     		ldr	r3, [r7, #12]
 2349 09a6 1B7D     		ldrb	r3, [r3, #20]	@ zero_extendqisi2
 2350 09a8 002B     		cmp	r3, #0
 2351 09aa 02D0     		beq	.L163
 2352              		.loc 1 1080 3 is_stmt 0 discriminator 1
 2353 09ac 6FF00903 		mvn	r3, #9
 2354 09b0 D1E0     		b	.L161
 2355              	.L163:
1081:./lwip-2.1.2/src/core/tcp.c **** 
1082:./lwip-2.1.2/src/core/tcp.c ****   LWIP_DEBUGF(TCP_DEBUG, ("tcp_connect to port %"U16_F"\n", port));
1083:./lwip-2.1.2/src/core/tcp.c ****   ip_addr_set(&pcb->remote_ip, ipaddr);
 2356              		.loc 1 1083 3 is_stmt 1
 2357 09b2 BB68     		ldr	r3, [r7, #8]
 2358 09b4 002B     		cmp	r3, #0
 2359 09b6 02D0     		beq	.L164
 2360              		.loc 1 1083 3 is_stmt 0 discriminator 1
 2361 09b8 BB68     		ldr	r3, [r7, #8]
 2362 09ba 1B68     		ldr	r3, [r3]
 2363 09bc 00E0     		b	.L165
 2364              	.L164:
 2365              		.loc 1 1083 3 discriminator 2
 2366 09be 0023     		movs	r3, #0
 2367              	.L165:
 2368              		.loc 1 1083 3 discriminator 4
 2369 09c0 FA68     		ldr	r2, [r7, #12]
 2370 09c2 5360     		str	r3, [r2, #4]
1084:./lwip-2.1.2/src/core/tcp.c ****   pcb->remote_port = port;
 2371              		.loc 1 1084 20 is_stmt 1 discriminator 4
 2372 09c4 FB68     		ldr	r3, [r7, #12]
 2373 09c6 FA88     		ldrh	r2, [r7, #6]	@ movhi
 2374 09c8 1A83     		strh	r2, [r3, #24]	@ movhi
1085:./lwip-2.1.2/src/core/tcp.c **** 
1086:./lwip-2.1.2/src/core/tcp.c ****   if (pcb->netif_idx != NETIF_NO_INDEX) {
 2375              		.loc 1 1086 10 discriminator 4
 2376 09ca FB68     		ldr	r3, [r7, #12]
 2377 09cc 1B7A     		ldrb	r3, [r3, #8]	@ zero_extendqisi2
 2378              		.loc 1 1086 6 discriminator 4
 2379 09ce 002B     		cmp	r3, #0
 2380 09d0 06D0     		beq	.L166
1087:./lwip-2.1.2/src/core/tcp.c ****     netif = netif_get_by_index(pcb->netif_idx);
 2381              		.loc 1 1087 13
 2382 09d2 FB68     		ldr	r3, [r7, #12]
 2383 09d4 1B7A     		ldrb	r3, [r3, #8]	@ zero_extendqisi2
 2384 09d6 1846     		mov	r0, r3
 2385 09d8 FFF7FEFF 		bl	netif_get_by_index
 2386 09dc 7862     		str	r0, [r7, #36]
 2387 09de 05E0     		b	.L167
 2388              	.L166:
1088:./lwip-2.1.2/src/core/tcp.c ****   } else {
1089:./lwip-2.1.2/src/core/tcp.c ****     /* check if we have a route to the remote host */
1090:./lwip-2.1.2/src/core/tcp.c ****     netif = ip_route(&pcb->local_ip, &pcb->remote_ip);
 2389              		.loc 1 1090 13
 2390 09e0 FB68     		ldr	r3, [r7, #12]
 2391 09e2 0433     		adds	r3, r3, #4
 2392 09e4 1846     		mov	r0, r3
 2393 09e6 FFF7FEFF 		bl	ip4_route
 2394 09ea 7862     		str	r0, [r7, #36]
 2395              	.L167:
1091:./lwip-2.1.2/src/core/tcp.c ****   }
1092:./lwip-2.1.2/src/core/tcp.c ****   if (netif == NULL) {
 2396              		.loc 1 1092 6
 2397 09ec 7B6A     		ldr	r3, [r7, #36]
 2398 09ee 002B     		cmp	r3, #0
 2399 09f0 02D1     		bne	.L168
1093:./lwip-2.1.2/src/core/tcp.c ****     /* Don't even try to send a SYN packet if we have no route since that will fail. */
1094:./lwip-2.1.2/src/core/tcp.c ****     return ERR_RTE;
 2400              		.loc 1 1094 12
 2401 09f2 6FF00303 		mvn	r3, #3
 2402 09f6 AEE0     		b	.L161
 2403              	.L168:
1095:./lwip-2.1.2/src/core/tcp.c ****   }
1096:./lwip-2.1.2/src/core/tcp.c **** 
1097:./lwip-2.1.2/src/core/tcp.c ****   /* check if local IP has been assigned to pcb, if not, get one */
1098:./lwip-2.1.2/src/core/tcp.c ****   if (ip_addr_isany(&pcb->local_ip)) {
 2404              		.loc 1 1098 7
 2405 09f8 FB68     		ldr	r3, [r7, #12]
 2406              		.loc 1 1098 6
 2407 09fa 002B     		cmp	r3, #0
 2408 09fc 03D0     		beq	.L169
 2409              		.loc 1 1098 7 discriminator 1
 2410 09fe FB68     		ldr	r3, [r7, #12]
 2411 0a00 1B68     		ldr	r3, [r3]
 2412 0a02 002B     		cmp	r3, #0
 2413 0a04 11D1     		bne	.L170
 2414              	.L169:
 2415              	.LBB8:
1099:./lwip-2.1.2/src/core/tcp.c ****     const ip_addr_t *local_ip = ip_netif_get_local_ip(netif, ipaddr);
 2416              		.loc 1 1099 33
 2417 0a06 7B6A     		ldr	r3, [r7, #36]
 2418 0a08 002B     		cmp	r3, #0
 2419 0a0a 02D0     		beq	.L171
 2420              		.loc 1 1099 33 is_stmt 0 discriminator 1
 2421 0a0c 7B6A     		ldr	r3, [r7, #36]
 2422 0a0e 0433     		adds	r3, r3, #4
 2423 0a10 00E0     		b	.L172
 2424              	.L171:
 2425              		.loc 1 1099 33 discriminator 2
 2426 0a12 0023     		movs	r3, #0
 2427              	.L172:
 2428              		.loc 1 1099 22 is_stmt 1 discriminator 4
 2429 0a14 FB61     		str	r3, [r7, #28]
1100:./lwip-2.1.2/src/core/tcp.c ****     if (local_ip == NULL) {
 2430              		.loc 1 1100 8 discriminator 4
 2431 0a16 FB69     		ldr	r3, [r7, #28]
 2432 0a18 002B     		cmp	r3, #0
 2433 0a1a 02D1     		bne	.L173
1101:./lwip-2.1.2/src/core/tcp.c ****       return ERR_RTE;
 2434              		.loc 1 1101 14
 2435 0a1c 6FF00303 		mvn	r3, #3
 2436 0a20 99E0     		b	.L161
 2437              	.L173:
1102:./lwip-2.1.2/src/core/tcp.c ****     }
1103:./lwip-2.1.2/src/core/tcp.c ****     ip_addr_copy(pcb->local_ip, *local_ip);
 2438              		.loc 1 1103 5
 2439 0a22 FB69     		ldr	r3, [r7, #28]
 2440 0a24 1A68     		ldr	r2, [r3]
 2441 0a26 FB68     		ldr	r3, [r7, #12]
 2442 0a28 1A60     		str	r2, [r3]
 2443              	.L170:
 2444              	.LBE8:
1104:./lwip-2.1.2/src/core/tcp.c ****   }
1105:./lwip-2.1.2/src/core/tcp.c **** 
1106:./lwip-2.1.2/src/core/tcp.c **** #if LWIP_IPV6 && LWIP_IPV6_SCOPES
1107:./lwip-2.1.2/src/core/tcp.c ****   /* If the given IP address should have a zone but doesn't, assign one now.
1108:./lwip-2.1.2/src/core/tcp.c ****    * Given that we already have the target netif, this is easy and cheap. */
1109:./lwip-2.1.2/src/core/tcp.c ****   if (IP_IS_V6(&pcb->remote_ip) &&
1110:./lwip-2.1.2/src/core/tcp.c ****       ip6_addr_lacks_zone(ip_2_ip6(&pcb->remote_ip), IP6_UNICAST)) {
1111:./lwip-2.1.2/src/core/tcp.c ****     ip6_addr_assign_zone(ip_2_ip6(&pcb->remote_ip), IP6_UNICAST, netif);
1112:./lwip-2.1.2/src/core/tcp.c ****   }
1113:./lwip-2.1.2/src/core/tcp.c **** #endif /* LWIP_IPV6 && LWIP_IPV6_SCOPES */
1114:./lwip-2.1.2/src/core/tcp.c **** 
1115:./lwip-2.1.2/src/core/tcp.c ****   old_local_port = pcb->local_port;
 2445              		.loc 1 1115 18
 2446 0a2a FB68     		ldr	r3, [r7, #12]
 2447 0a2c DB8A     		ldrh	r3, [r3, #22]	@ movhi
 2448 0a2e 7B83     		strh	r3, [r7, #26]	@ movhi
1116:./lwip-2.1.2/src/core/tcp.c ****   if (pcb->local_port == 0) {
 2449              		.loc 1 1116 10
 2450 0a30 FB68     		ldr	r3, [r7, #12]
 2451 0a32 DB8A     		ldrh	r3, [r3, #22]
 2452              		.loc 1 1116 6
 2453 0a34 002B     		cmp	r3, #0
 2454 0a36 0CD1     		bne	.L174
1117:./lwip-2.1.2/src/core/tcp.c ****     pcb->local_port = tcp_new_port();
 2455              		.loc 1 1117 23
 2456 0a38 FFF758FF 		bl	tcp_new_port
 2457 0a3c 0346     		mov	r3, r0
 2458 0a3e 1A46     		mov	r2, r3
 2459              		.loc 1 1117 21
 2460 0a40 FB68     		ldr	r3, [r7, #12]
 2461 0a42 DA82     		strh	r2, [r3, #22]	@ movhi
1118:./lwip-2.1.2/src/core/tcp.c ****     if (pcb->local_port == 0) {
 2462              		.loc 1 1118 12
 2463 0a44 FB68     		ldr	r3, [r7, #12]
 2464 0a46 DB8A     		ldrh	r3, [r3, #22]
 2465              		.loc 1 1118 8
 2466 0a48 002B     		cmp	r3, #0
 2467 0a4a 02D1     		bne	.L174
1119:./lwip-2.1.2/src/core/tcp.c ****       return ERR_BUF;
 2468              		.loc 1 1119 14
 2469 0a4c 6FF00103 		mvn	r3, #1
 2470 0a50 81E0     		b	.L161
 2471              	.L174:
1120:./lwip-2.1.2/src/core/tcp.c ****     }
1121:./lwip-2.1.2/src/core/tcp.c ****   } else {
1122:./lwip-2.1.2/src/core/tcp.c **** #if SO_REUSE
1123:./lwip-2.1.2/src/core/tcp.c ****     if (ip_get_option(pcb, SOF_REUSEADDR)) {
1124:./lwip-2.1.2/src/core/tcp.c ****       /* Since SOF_REUSEADDR allows reusing a local address, we have to make sure
1125:./lwip-2.1.2/src/core/tcp.c ****          now that the 5-tuple is unique. */
1126:./lwip-2.1.2/src/core/tcp.c ****       struct tcp_pcb *cpcb;
1127:./lwip-2.1.2/src/core/tcp.c ****       int i;
1128:./lwip-2.1.2/src/core/tcp.c ****       /* Don't check listen- and bound-PCBs, check active- and TIME-WAIT PCBs. */
1129:./lwip-2.1.2/src/core/tcp.c ****       for (i = 2; i < NUM_TCP_PCB_LISTS; i++) {
1130:./lwip-2.1.2/src/core/tcp.c ****         for (cpcb = *tcp_pcb_lists[i]; cpcb != NULL; cpcb = cpcb->next) {
1131:./lwip-2.1.2/src/core/tcp.c ****           if ((cpcb->local_port == pcb->local_port) &&
1132:./lwip-2.1.2/src/core/tcp.c ****               (cpcb->remote_port == port) &&
1133:./lwip-2.1.2/src/core/tcp.c ****               ip_addr_cmp(&cpcb->local_ip, &pcb->local_ip) &&
1134:./lwip-2.1.2/src/core/tcp.c ****               ip_addr_cmp(&cpcb->remote_ip, ipaddr)) {
1135:./lwip-2.1.2/src/core/tcp.c ****             /* linux returns EISCONN here, but ERR_USE should be OK for us */
1136:./lwip-2.1.2/src/core/tcp.c ****             return ERR_USE;
1137:./lwip-2.1.2/src/core/tcp.c ****           }
1138:./lwip-2.1.2/src/core/tcp.c ****         }
1139:./lwip-2.1.2/src/core/tcp.c ****       }
1140:./lwip-2.1.2/src/core/tcp.c ****     }
1141:./lwip-2.1.2/src/core/tcp.c **** #endif /* SO_REUSE */
1142:./lwip-2.1.2/src/core/tcp.c ****   }
1143:./lwip-2.1.2/src/core/tcp.c **** 
1144:./lwip-2.1.2/src/core/tcp.c ****   iss = tcp_next_iss(pcb);
 2472              		.loc 1 1144 9
 2473 0a52 F868     		ldr	r0, [r7, #12]
 2474 0a54 FFF7FEFF 		bl	tcp_next_iss
 2475 0a58 7861     		str	r0, [r7, #20]
1145:./lwip-2.1.2/src/core/tcp.c ****   pcb->rcv_nxt = 0;
 2476              		.loc 1 1145 16
 2477 0a5a FB68     		ldr	r3, [r7, #12]
 2478 0a5c 0022     		movs	r2, #0
 2479 0a5e 5A62     		str	r2, [r3, #36]
1146:./lwip-2.1.2/src/core/tcp.c ****   pcb->snd_nxt = iss;
 2480              		.loc 1 1146 16
 2481 0a60 FB68     		ldr	r3, [r7, #12]
 2482 0a62 7A69     		ldr	r2, [r7, #20]
 2483 0a64 1A65     		str	r2, [r3, #80]
1147:./lwip-2.1.2/src/core/tcp.c ****   pcb->lastack = iss - 1;
 2484              		.loc 1 1147 22
 2485 0a66 7B69     		ldr	r3, [r7, #20]
 2486 0a68 5A1E     		subs	r2, r3, #1
 2487              		.loc 1 1147 16
 2488 0a6a FB68     		ldr	r3, [r7, #12]
 2489 0a6c 5A64     		str	r2, [r3, #68]
1148:./lwip-2.1.2/src/core/tcp.c ****   pcb->snd_wl2 = iss - 1;
 2490              		.loc 1 1148 22
 2491 0a6e 7B69     		ldr	r3, [r7, #20]
 2492 0a70 5A1E     		subs	r2, r3, #1
 2493              		.loc 1 1148 16
 2494 0a72 FB68     		ldr	r3, [r7, #12]
 2495 0a74 9A65     		str	r2, [r3, #88]
1149:./lwip-2.1.2/src/core/tcp.c ****   pcb->snd_lbb = iss - 1;
 2496              		.loc 1 1149 22
 2497 0a76 7B69     		ldr	r3, [r7, #20]
 2498 0a78 5A1E     		subs	r2, r3, #1
 2499              		.loc 1 1149 16
 2500 0a7a FB68     		ldr	r3, [r7, #12]
 2501 0a7c DA65     		str	r2, [r3, #92]
1150:./lwip-2.1.2/src/core/tcp.c ****   /* Start with a window that does not need scaling. When window scaling is
1151:./lwip-2.1.2/src/core/tcp.c ****      enabled and used, the window is enlarged when both sides agree on scaling. */
1152:./lwip-2.1.2/src/core/tcp.c ****   pcb->rcv_wnd = pcb->rcv_ann_wnd = TCPWND_MIN16(TCP_WND);
 2502              		.loc 1 1152 35
 2503 0a7e FB68     		ldr	r3, [r7, #12]
 2504 0a80 4FF40662 		mov	r2, #2144
 2505 0a84 5A85     		strh	r2, [r3, #42]	@ movhi
 2506              		.loc 1 1152 21
 2507 0a86 FB68     		ldr	r3, [r7, #12]
 2508 0a88 5A8D     		ldrh	r2, [r3, #42]
 2509              		.loc 1 1152 16
 2510 0a8a FB68     		ldr	r3, [r7, #12]
 2511 0a8c 1A85     		strh	r2, [r3, #40]	@ movhi
1153:./lwip-2.1.2/src/core/tcp.c ****   pcb->rcv_ann_right_edge = pcb->rcv_nxt;
 2512              		.loc 1 1153 32
 2513 0a8e FB68     		ldr	r3, [r7, #12]
 2514 0a90 5A6A     		ldr	r2, [r3, #36]
 2515              		.loc 1 1153 27
 2516 0a92 FB68     		ldr	r3, [r7, #12]
 2517 0a94 DA62     		str	r2, [r3, #44]
1154:./lwip-2.1.2/src/core/tcp.c ****   pcb->snd_wnd = TCP_WND;
 2518              		.loc 1 1154 16
 2519 0a96 FB68     		ldr	r3, [r7, #12]
 2520 0a98 4FF40662 		mov	r2, #2144
 2521 0a9c A3F86020 		strh	r2, [r3, #96]	@ movhi
1155:./lwip-2.1.2/src/core/tcp.c ****   /* As initial send MSS, we use TCP_MSS but limit it to 536.
1156:./lwip-2.1.2/src/core/tcp.c ****      The send MSS is updated when an MSS option is received. */
1157:./lwip-2.1.2/src/core/tcp.c ****   pcb->mss = INITIAL_MSS;
 2522              		.loc 1 1157 12
 2523 0aa0 FB68     		ldr	r3, [r7, #12]
 2524 0aa2 4FF40672 		mov	r2, #536
 2525 0aa6 5A86     		strh	r2, [r3, #50]	@ movhi
1158:./lwip-2.1.2/src/core/tcp.c **** #if TCP_CALCULATE_EFF_SEND_MSS
1159:./lwip-2.1.2/src/core/tcp.c ****   pcb->mss = tcp_eff_send_mss_netif(pcb->mss, netif, &pcb->remote_ip);
 2526              		.loc 1 1159 14
 2527 0aa8 FB68     		ldr	r3, [r7, #12]
 2528 0aaa 588E     		ldrh	r0, [r3, #50]
 2529              		.loc 1 1159 54
 2530 0aac FB68     		ldr	r3, [r7, #12]
 2531 0aae 0433     		adds	r3, r3, #4
 2532              		.loc 1 1159 14
 2533 0ab0 1A46     		mov	r2, r3
 2534 0ab2 796A     		ldr	r1, [r7, #36]
 2535 0ab4 FFF7FEFF 		bl	tcp_eff_send_mss_netif
 2536 0ab8 0346     		mov	r3, r0
 2537 0aba 1A46     		mov	r2, r3
 2538              		.loc 1 1159 12
 2539 0abc FB68     		ldr	r3, [r7, #12]
 2540 0abe 5A86     		strh	r2, [r3, #50]	@ movhi
1160:./lwip-2.1.2/src/core/tcp.c **** #endif /* TCP_CALCULATE_EFF_SEND_MSS */
1161:./lwip-2.1.2/src/core/tcp.c ****   pcb->cwnd = 1;
 2541              		.loc 1 1161 13
 2542 0ac0 FB68     		ldr	r3, [r7, #12]
 2543 0ac2 0122     		movs	r2, #1
 2544 0ac4 A3F84820 		strh	r2, [r3, #72]	@ movhi
1162:./lwip-2.1.2/src/core/tcp.c **** #if LWIP_CALLBACK_API
1163:./lwip-2.1.2/src/core/tcp.c ****   pcb->connected = connected;
 2545              		.loc 1 1163 18
 2546 0ac8 FB68     		ldr	r3, [r7, #12]
 2547 0aca 3A68     		ldr	r2, [r7]
 2548 0acc C3F88820 		str	r2, [r3, #136]
1164:./lwip-2.1.2/src/core/tcp.c **** #else /* LWIP_CALLBACK_API */
1165:./lwip-2.1.2/src/core/tcp.c ****   LWIP_UNUSED_ARG(connected);
1166:./lwip-2.1.2/src/core/tcp.c **** #endif /* LWIP_CALLBACK_API */
1167:./lwip-2.1.2/src/core/tcp.c **** 
1168:./lwip-2.1.2/src/core/tcp.c ****   /* Send a SYN together with the MSS option. */
1169:./lwip-2.1.2/src/core/tcp.c ****   ret = tcp_enqueue_flags(pcb, TCP_SYN);
 2549              		.loc 1 1169 9
 2550 0ad0 0221     		movs	r1, #2
 2551 0ad2 F868     		ldr	r0, [r7, #12]
 2552 0ad4 FFF7FEFF 		bl	tcp_enqueue_flags
 2553 0ad8 0346     		mov	r3, r0
 2554 0ada FB74     		strb	r3, [r7, #19]
1170:./lwip-2.1.2/src/core/tcp.c ****   if (ret == ERR_OK) {
 2555              		.loc 1 1170 6
 2556 0adc 97F91330 		ldrsb	r3, [r7, #19]
 2557 0ae0 002B     		cmp	r3, #0
 2558 0ae2 36D1     		bne	.L175
1171:./lwip-2.1.2/src/core/tcp.c ****     /* SYN segment was enqueued, changed the pcbs state now */
1172:./lwip-2.1.2/src/core/tcp.c ****     pcb->state = SYN_SENT;
 2559              		.loc 1 1172 16
 2560 0ae4 FB68     		ldr	r3, [r7, #12]
 2561 0ae6 0222     		movs	r2, #2
 2562 0ae8 1A75     		strb	r2, [r3, #20]
1173:./lwip-2.1.2/src/core/tcp.c ****     if (old_local_port != 0) {
 2563              		.loc 1 1173 8
 2564 0aea 7B8B     		ldrh	r3, [r7, #26]
 2565 0aec 002B     		cmp	r3, #0
 2566 0aee 21D0     		beq	.L176
1174:./lwip-2.1.2/src/core/tcp.c ****       TCP_RMV(&tcp_bound_pcbs, pcb);
 2567              		.loc 1 1174 7
 2568 0af0 1B4B     		ldr	r3, .L182
 2569 0af2 1B68     		ldr	r3, [r3]
 2570 0af4 FA68     		ldr	r2, [r7, #12]
 2571 0af6 9A42     		cmp	r2, r3
 2572 0af8 05D1     		bne	.L177
 2573              		.loc 1 1174 7 is_stmt 0 discriminator 1
 2574 0afa 194B     		ldr	r3, .L182
 2575 0afc 1B68     		ldr	r3, [r3]
 2576 0afe DB68     		ldr	r3, [r3, #12]
 2577 0b00 174A     		ldr	r2, .L182
 2578 0b02 1360     		str	r3, [r2]
 2579 0b04 13E0     		b	.L178
 2580              	.L177:
 2581              	.LBB9:
 2582              		.loc 1 1174 7 discriminator 2
 2583 0b06 164B     		ldr	r3, .L182
 2584 0b08 1B68     		ldr	r3, [r3]
 2585 0b0a 3B62     		str	r3, [r7, #32]
 2586 0b0c 0CE0     		b	.L179
 2587              	.L181:
 2588              		.loc 1 1174 7 discriminator 9
 2589 0b0e 3B6A     		ldr	r3, [r7, #32]
 2590 0b10 DB68     		ldr	r3, [r3, #12]
 2591 0b12 FA68     		ldr	r2, [r7, #12]
 2592 0b14 9A42     		cmp	r2, r3
 2593 0b16 04D1     		bne	.L180
 2594              		.loc 1 1174 7 discriminator 5
 2595 0b18 FB68     		ldr	r3, [r7, #12]
 2596 0b1a DA68     		ldr	r2, [r3, #12]
 2597 0b1c 3B6A     		ldr	r3, [r7, #32]
 2598 0b1e DA60     		str	r2, [r3, #12]
 2599 0b20 05E0     		b	.L178
 2600              	.L180:
 2601              		.loc 1 1174 7 discriminator 6
 2602 0b22 3B6A     		ldr	r3, [r7, #32]
 2603 0b24 DB68     		ldr	r3, [r3, #12]
 2604 0b26 3B62     		str	r3, [r7, #32]
 2605              	.L179:
 2606              		.loc 1 1174 7 discriminator 8
 2607 0b28 3B6A     		ldr	r3, [r7, #32]
 2608 0b2a 002B     		cmp	r3, #0
 2609 0b2c EFD1     		bne	.L181
 2610              	.L178:
 2611              	.LBE9:
 2612              		.loc 1 1174 7 discriminator 10
 2613 0b2e FB68     		ldr	r3, [r7, #12]
 2614 0b30 0022     		movs	r2, #0
 2615 0b32 DA60     		str	r2, [r3, #12]
 2616              	.L176:
1175:./lwip-2.1.2/src/core/tcp.c ****     }
1176:./lwip-2.1.2/src/core/tcp.c ****     TCP_REG_ACTIVE(pcb);
 2617              		.loc 1 1176 5 is_stmt 1
 2618 0b34 0B4B     		ldr	r3, .L182+4
 2619 0b36 1A68     		ldr	r2, [r3]
 2620 0b38 FB68     		ldr	r3, [r7, #12]
 2621 0b3a DA60     		str	r2, [r3, #12]
 2622 0b3c 094A     		ldr	r2, .L182+4
 2623 0b3e FB68     		ldr	r3, [r7, #12]
 2624 0b40 1360     		str	r3, [r2]
 2625 0b42 FFF7FEFF 		bl	tcp_timer_needed
 2626 0b46 084B     		ldr	r3, .L182+8
 2627 0b48 0122     		movs	r2, #1
 2628 0b4a 1A70     		strb	r2, [r3]
1177:./lwip-2.1.2/src/core/tcp.c ****     MIB2_STATS_INC(mib2.tcpactiveopens);
1178:./lwip-2.1.2/src/core/tcp.c **** 
1179:./lwip-2.1.2/src/core/tcp.c ****     tcp_output(pcb);
 2629              		.loc 1 1179 5
 2630 0b4c F868     		ldr	r0, [r7, #12]
 2631 0b4e FFF7FEFF 		bl	tcp_output
 2632              	.L175:
1180:./lwip-2.1.2/src/core/tcp.c ****   }
1181:./lwip-2.1.2/src/core/tcp.c ****   return ret;
 2633              		.loc 1 1181 10
 2634 0b52 97F91330 		ldrsb	r3, [r7, #19]
 2635              	.L161:
1182:./lwip-2.1.2/src/core/tcp.c **** }
 2636              		.loc 1 1182 1
 2637 0b56 1846     		mov	r0, r3
 2638 0b58 2837     		adds	r7, r7, #40
 2639              	.LCFI101:
 2640              		.cfi_def_cfa_offset 8
 2641 0b5a BD46     		mov	sp, r7
 2642              	.LCFI102:
 2643              		.cfi_def_cfa_register 13
 2644              		@ sp needed
 2645 0b5c 80BD     		pop	{r7, pc}
 2646              	.L183:
 2647 0b5e 00BF     		.align	2
 2648              	.L182:
 2649 0b60 00000000 		.word	tcp_bound_pcbs
 2650 0b64 00000000 		.word	tcp_active_pcbs
 2651 0b68 00000000 		.word	tcp_active_pcbs_changed
 2652              		.cfi_endproc
 2653              	.LFE45:
 2655              		.align	1
 2656              		.global	tcp_slowtmr
 2657              		.syntax unified
 2658              		.thumb
 2659              		.thumb_func
 2660              		.fpu fpv5-d16
 2662              	tcp_slowtmr:
 2663              	.LFB46:
1183:./lwip-2.1.2/src/core/tcp.c **** 
1184:./lwip-2.1.2/src/core/tcp.c **** /**
1185:./lwip-2.1.2/src/core/tcp.c ****  * Called every 500 ms and implements the retransmission timer and the timer that
1186:./lwip-2.1.2/src/core/tcp.c ****  * removes PCBs that have been in TIME-WAIT for enough time. It also increments
1187:./lwip-2.1.2/src/core/tcp.c ****  * various timers such as the inactivity timer in each PCB.
1188:./lwip-2.1.2/src/core/tcp.c ****  *
1189:./lwip-2.1.2/src/core/tcp.c ****  * Automatically called from tcp_tmr().
1190:./lwip-2.1.2/src/core/tcp.c ****  */
1191:./lwip-2.1.2/src/core/tcp.c **** void
1192:./lwip-2.1.2/src/core/tcp.c **** tcp_slowtmr(void)
1193:./lwip-2.1.2/src/core/tcp.c **** {
 2664              		.loc 1 1193 1
 2665              		.cfi_startproc
 2666              		@ args = 0, pretend = 0, frame = 48
 2667              		@ frame_needed = 1, uses_anonymous_args = 0
 2668 0b6c B0B5     		push	{r4, r5, r7, lr}
 2669              	.LCFI103:
 2670              		.cfi_def_cfa_offset 16
 2671              		.cfi_offset 4, -16
 2672              		.cfi_offset 5, -12
 2673              		.cfi_offset 7, -8
 2674              		.cfi_offset 14, -4
 2675 0b6e 90B0     		sub	sp, sp, #64
 2676              	.LCFI104:
 2677              		.cfi_def_cfa_offset 80
 2678 0b70 04AF     		add	r7, sp, #16
 2679              	.LCFI105:
 2680              		.cfi_def_cfa 7, 64
1194:./lwip-2.1.2/src/core/tcp.c ****   struct tcp_pcb *pcb, *prev;
1195:./lwip-2.1.2/src/core/tcp.c ****   tcpwnd_size_t eff_wnd;
1196:./lwip-2.1.2/src/core/tcp.c ****   u8_t pcb_remove;      /* flag if a PCB should be removed */
1197:./lwip-2.1.2/src/core/tcp.c ****   u8_t pcb_reset;       /* flag if a RST should be sent when removing */
1198:./lwip-2.1.2/src/core/tcp.c ****   err_t err;
1199:./lwip-2.1.2/src/core/tcp.c **** 
1200:./lwip-2.1.2/src/core/tcp.c ****   err = ERR_OK;
 2681              		.loc 1 1200 7
 2682 0b72 0023     		movs	r3, #0
 2683 0b74 87F82530 		strb	r3, [r7, #37]
1201:./lwip-2.1.2/src/core/tcp.c **** 
1202:./lwip-2.1.2/src/core/tcp.c ****   ++tcp_ticks;
 2684              		.loc 1 1202 3
 2685 0b78 794B     		ldr	r3, .L224
 2686 0b7a 1B68     		ldr	r3, [r3]
 2687 0b7c 0133     		adds	r3, r3, #1
 2688 0b7e 784A     		ldr	r2, .L224
 2689 0b80 1360     		str	r3, [r2]
1203:./lwip-2.1.2/src/core/tcp.c ****   ++tcp_timer_ctr;
 2690              		.loc 1 1203 3
 2691 0b82 784B     		ldr	r3, .L224+4
 2692 0b84 1B78     		ldrb	r3, [r3]	@ zero_extendqisi2
 2693 0b86 0133     		adds	r3, r3, #1
 2694 0b88 DAB2     		uxtb	r2, r3
 2695 0b8a 764B     		ldr	r3, .L224+4
 2696 0b8c 1A70     		strb	r2, [r3]
 2697              	.L185:
1204:./lwip-2.1.2/src/core/tcp.c **** 
1205:./lwip-2.1.2/src/core/tcp.c **** tcp_slowtmr_start:
1206:./lwip-2.1.2/src/core/tcp.c ****   /* Steps through all of the active PCBs. */
1207:./lwip-2.1.2/src/core/tcp.c ****   prev = NULL;
 2698              		.loc 1 1207 8
 2699 0b8e 0023     		movs	r3, #0
 2700 0b90 BB62     		str	r3, [r7, #40]
1208:./lwip-2.1.2/src/core/tcp.c ****   pcb = tcp_active_pcbs;
 2701              		.loc 1 1208 7
 2702 0b92 754B     		ldr	r3, .L224+8
 2703 0b94 1B68     		ldr	r3, [r3]
 2704 0b96 FB62     		str	r3, [r7, #44]
1209:./lwip-2.1.2/src/core/tcp.c ****   if (pcb == NULL) {
1210:./lwip-2.1.2/src/core/tcp.c ****     LWIP_DEBUGF(TCP_DEBUG, ("tcp_slowtmr: no active pcbs\n"));
1211:./lwip-2.1.2/src/core/tcp.c ****   }
1212:./lwip-2.1.2/src/core/tcp.c ****   while (pcb != NULL) {
 2705              		.loc 1 1212 9
 2706 0b98 41E2     		b	.L186
 2707              	.L217:
1213:./lwip-2.1.2/src/core/tcp.c ****     LWIP_DEBUGF(TCP_DEBUG, ("tcp_slowtmr: processing active pcb\n"));
1214:./lwip-2.1.2/src/core/tcp.c ****     LWIP_ASSERT("tcp_slowtmr: active pcb->state != CLOSED\n", pcb->state != CLOSED);
1215:./lwip-2.1.2/src/core/tcp.c ****     LWIP_ASSERT("tcp_slowtmr: active pcb->state != LISTEN\n", pcb->state != LISTEN);
1216:./lwip-2.1.2/src/core/tcp.c ****     LWIP_ASSERT("tcp_slowtmr: active pcb->state != TIME-WAIT\n", pcb->state != TIME_WAIT);
1217:./lwip-2.1.2/src/core/tcp.c ****     if (pcb->last_timer == tcp_timer_ctr) {
 2708              		.loc 1 1217 12
 2709 0b9a FB6A     		ldr	r3, [r7, #44]
 2710 0b9c 9A7F     		ldrb	r2, [r3, #30]	@ zero_extendqisi2
 2711              		.loc 1 1217 25
 2712 0b9e 714B     		ldr	r3, .L224+4
 2713 0ba0 1B78     		ldrb	r3, [r3]	@ zero_extendqisi2
 2714              		.loc 1 1217 8
 2715 0ba2 9A42     		cmp	r2, r3
 2716 0ba4 05D1     		bne	.L187
1218:./lwip-2.1.2/src/core/tcp.c ****       /* skip this pcb, we have already processed it */
1219:./lwip-2.1.2/src/core/tcp.c ****       prev = pcb;
 2717              		.loc 1 1219 12
 2718 0ba6 FB6A     		ldr	r3, [r7, #44]
 2719 0ba8 BB62     		str	r3, [r7, #40]
1220:./lwip-2.1.2/src/core/tcp.c ****       pcb = pcb->next;
 2720              		.loc 1 1220 11
 2721 0baa FB6A     		ldr	r3, [r7, #44]
 2722 0bac DB68     		ldr	r3, [r3, #12]
 2723 0bae FB62     		str	r3, [r7, #44]
1221:./lwip-2.1.2/src/core/tcp.c ****       continue;
 2724              		.loc 1 1221 7
 2725 0bb0 35E2     		b	.L186
 2726              	.L187:
1222:./lwip-2.1.2/src/core/tcp.c ****     }
1223:./lwip-2.1.2/src/core/tcp.c ****     pcb->last_timer = tcp_timer_ctr;
 2727              		.loc 1 1223 21
 2728 0bb2 6C4B     		ldr	r3, .L224+4
 2729 0bb4 1A78     		ldrb	r2, [r3]	@ zero_extendqisi2
 2730 0bb6 FB6A     		ldr	r3, [r7, #44]
 2731 0bb8 9A77     		strb	r2, [r3, #30]
1224:./lwip-2.1.2/src/core/tcp.c **** 
1225:./lwip-2.1.2/src/core/tcp.c ****     pcb_remove = 0;
 2732              		.loc 1 1225 16
 2733 0bba 0023     		movs	r3, #0
 2734 0bbc 87F82730 		strb	r3, [r7, #39]
1226:./lwip-2.1.2/src/core/tcp.c ****     pcb_reset = 0;
 2735              		.loc 1 1226 15
 2736 0bc0 0023     		movs	r3, #0
 2737 0bc2 87F82630 		strb	r3, [r7, #38]
1227:./lwip-2.1.2/src/core/tcp.c **** 
1228:./lwip-2.1.2/src/core/tcp.c ****     if (pcb->state == SYN_SENT && pcb->nrtx >= TCP_SYNMAXRTX) {
 2738              		.loc 1 1228 12
 2739 0bc6 FB6A     		ldr	r3, [r7, #44]
 2740 0bc8 1B7D     		ldrb	r3, [r3, #20]	@ zero_extendqisi2
 2741              		.loc 1 1228 8
 2742 0bca 022B     		cmp	r3, #2
 2743 0bcc 0AD1     		bne	.L188
 2744              		.loc 1 1228 38 discriminator 1
 2745 0bce FB6A     		ldr	r3, [r7, #44]
 2746 0bd0 93F84230 		ldrb	r3, [r3, #66]	@ zero_extendqisi2
 2747              		.loc 1 1228 32 discriminator 1
 2748 0bd4 052B     		cmp	r3, #5
 2749 0bd6 05D9     		bls	.L188
1229:./lwip-2.1.2/src/core/tcp.c ****       ++pcb_remove;
 2750              		.loc 1 1229 7
 2751 0bd8 97F82730 		ldrb	r3, [r7, #39]
 2752 0bdc 0133     		adds	r3, r3, #1
 2753 0bde 87F82730 		strb	r3, [r7, #39]
 2754 0be2 FBE0     		b	.L189
 2755              	.L188:
1230:./lwip-2.1.2/src/core/tcp.c ****       LWIP_DEBUGF(TCP_DEBUG, ("tcp_slowtmr: max SYN retries reached\n"));
1231:./lwip-2.1.2/src/core/tcp.c ****     } else if (pcb->nrtx >= TCP_MAXRTX) {
 2756              		.loc 1 1231 19
 2757 0be4 FB6A     		ldr	r3, [r7, #44]
 2758 0be6 93F84230 		ldrb	r3, [r3, #66]	@ zero_extendqisi2
 2759              		.loc 1 1231 15
 2760 0bea 0B2B     		cmp	r3, #11
 2761 0bec 05D9     		bls	.L190
1232:./lwip-2.1.2/src/core/tcp.c ****       ++pcb_remove;
 2762              		.loc 1 1232 7
 2763 0bee 97F82730 		ldrb	r3, [r7, #39]
 2764 0bf2 0133     		adds	r3, r3, #1
 2765 0bf4 87F82730 		strb	r3, [r7, #39]
 2766 0bf8 F0E0     		b	.L189
 2767              	.L190:
1233:./lwip-2.1.2/src/core/tcp.c ****       LWIP_DEBUGF(TCP_DEBUG, ("tcp_slowtmr: max DATA retries reached\n"));
1234:./lwip-2.1.2/src/core/tcp.c ****     } else {
1235:./lwip-2.1.2/src/core/tcp.c ****       if (pcb->persist_backoff > 0) {
 2768              		.loc 1 1235 14
 2769 0bfa FB6A     		ldr	r3, [r7, #44]
 2770 0bfc 93F89930 		ldrb	r3, [r3, #153]	@ zero_extendqisi2
 2771              		.loc 1 1235 10
 2772 0c00 002B     		cmp	r3, #0
 2773 0c02 5FD0     		beq	.L191
1236:./lwip-2.1.2/src/core/tcp.c ****         LWIP_ASSERT("tcp_slowtimr: persist ticking with in-flight data", pcb->unacked == NULL);
1237:./lwip-2.1.2/src/core/tcp.c ****         LWIP_ASSERT("tcp_slowtimr: persist ticking with empty send buffer", pcb->unsent != NULL);
1238:./lwip-2.1.2/src/core/tcp.c ****         if (pcb->persist_probe >= TCP_MAXRTX) {
 2774              		.loc 1 1238 16
 2775 0c04 FB6A     		ldr	r3, [r7, #44]
 2776 0c06 93F89A30 		ldrb	r3, [r3, #154]	@ zero_extendqisi2
 2777              		.loc 1 1238 12
 2778 0c0a 0B2B     		cmp	r3, #11
 2779 0c0c 05D9     		bls	.L192
1239:./lwip-2.1.2/src/core/tcp.c ****           ++pcb_remove; /* max probes reached */
 2780              		.loc 1 1239 11
 2781 0c0e 97F82730 		ldrb	r3, [r7, #39]
 2782 0c12 0133     		adds	r3, r3, #1
 2783 0c14 87F82730 		strb	r3, [r7, #39]
 2784 0c18 E0E0     		b	.L189
 2785              	.L192:
 2786              	.LBB10:
1240:./lwip-2.1.2/src/core/tcp.c ****         } else {
1241:./lwip-2.1.2/src/core/tcp.c ****           u8_t backoff_cnt = tcp_persist_backoff[pcb->persist_backoff - 1];
 2787              		.loc 1 1241 53
 2788 0c1a FB6A     		ldr	r3, [r7, #44]
 2789 0c1c 93F89930 		ldrb	r3, [r3, #153]	@ zero_extendqisi2
 2790              		.loc 1 1241 71
 2791 0c20 013B     		subs	r3, r3, #1
 2792              		.loc 1 1241 16
 2793 0c22 524A     		ldr	r2, .L224+12
 2794 0c24 D35C     		ldrb	r3, [r2, r3]
 2795 0c26 7B74     		strb	r3, [r7, #17]
1242:./lwip-2.1.2/src/core/tcp.c ****           if (pcb->persist_cnt < backoff_cnt) {
 2796              		.loc 1 1242 18
 2797 0c28 FB6A     		ldr	r3, [r7, #44]
 2798 0c2a 93F89830 		ldrb	r3, [r3, #152]	@ zero_extendqisi2
 2799              		.loc 1 1242 14
 2800 0c2e 7A7C     		ldrb	r2, [r7, #17]	@ zero_extendqisi2
 2801 0c30 9A42     		cmp	r2, r3
 2802 0c32 07D9     		bls	.L193
1243:./lwip-2.1.2/src/core/tcp.c ****             pcb->persist_cnt++;
 2803              		.loc 1 1243 16
 2804 0c34 FB6A     		ldr	r3, [r7, #44]
 2805 0c36 93F89830 		ldrb	r3, [r3, #152]	@ zero_extendqisi2
 2806              		.loc 1 1243 29
 2807 0c3a 0133     		adds	r3, r3, #1
 2808 0c3c DAB2     		uxtb	r2, r3
 2809 0c3e FB6A     		ldr	r3, [r7, #44]
 2810 0c40 83F89820 		strb	r2, [r3, #152]
 2811              	.L193:
1244:./lwip-2.1.2/src/core/tcp.c ****           }
1245:./lwip-2.1.2/src/core/tcp.c ****           if (pcb->persist_cnt >= backoff_cnt) {
 2812              		.loc 1 1245 18
 2813 0c44 FB6A     		ldr	r3, [r7, #44]
 2814 0c46 93F89830 		ldrb	r3, [r3, #152]	@ zero_extendqisi2
 2815              		.loc 1 1245 14
 2816 0c4a 7A7C     		ldrb	r2, [r7, #17]	@ zero_extendqisi2
 2817 0c4c 9A42     		cmp	r2, r3
 2818 0c4e 00F2C580 		bhi	.L189
 2819              	.LBB11:
1246:./lwip-2.1.2/src/core/tcp.c ****             int next_slot = 1; /* increment timer to next slot */
 2820              		.loc 1 1246 17
 2821 0c52 0123     		movs	r3, #1
 2822 0c54 3B62     		str	r3, [r7, #32]
1247:./lwip-2.1.2/src/core/tcp.c ****             /* If snd_wnd is zero, send 1 byte probes */
1248:./lwip-2.1.2/src/core/tcp.c ****             if (pcb->snd_wnd == 0) {
 2823              		.loc 1 1248 20
 2824 0c56 FB6A     		ldr	r3, [r7, #44]
 2825 0c58 B3F86030 		ldrh	r3, [r3, #96]
 2826              		.loc 1 1248 16
 2827 0c5c 002B     		cmp	r3, #0
 2828 0c5e 08D1     		bne	.L194
1249:./lwip-2.1.2/src/core/tcp.c ****               if (tcp_zero_window_probe(pcb) != ERR_OK) {
 2829              		.loc 1 1249 19
 2830 0c60 F86A     		ldr	r0, [r7, #44]
 2831 0c62 FFF7FEFF 		bl	tcp_zero_window_probe
 2832 0c66 0346     		mov	r3, r0
 2833              		.loc 1 1249 18
 2834 0c68 002B     		cmp	r3, #0
 2835 0c6a 14D0     		beq	.L195
1250:./lwip-2.1.2/src/core/tcp.c ****                 next_slot = 0; /* try probe again with current slot */
 2836              		.loc 1 1250 27
 2837 0c6c 0023     		movs	r3, #0
 2838 0c6e 3B62     		str	r3, [r7, #32]
 2839 0c70 11E0     		b	.L195
 2840              	.L194:
1251:./lwip-2.1.2/src/core/tcp.c ****               }
1252:./lwip-2.1.2/src/core/tcp.c ****               /* snd_wnd not fully closed, split unsent head and fill window */
1253:./lwip-2.1.2/src/core/tcp.c ****             } else {
1254:./lwip-2.1.2/src/core/tcp.c ****               if (tcp_split_unsent_seg(pcb, (u16_t)pcb->snd_wnd) == ERR_OK) {
 2841              		.loc 1 1254 55
 2842 0c72 FB6A     		ldr	r3, [r7, #44]
 2843 0c74 B3F86030 		ldrh	r3, [r3, #96]
 2844              		.loc 1 1254 19
 2845 0c78 1946     		mov	r1, r3
 2846 0c7a F86A     		ldr	r0, [r7, #44]
 2847 0c7c FFF7FEFF 		bl	tcp_split_unsent_seg
 2848 0c80 0346     		mov	r3, r0
 2849              		.loc 1 1254 18
 2850 0c82 002B     		cmp	r3, #0
 2851 0c84 07D1     		bne	.L195
1255:./lwip-2.1.2/src/core/tcp.c ****                 if (tcp_output(pcb) == ERR_OK) {
 2852              		.loc 1 1255 21
 2853 0c86 F86A     		ldr	r0, [r7, #44]
 2854 0c88 FFF7FEFF 		bl	tcp_output
 2855 0c8c 0346     		mov	r3, r0
 2856              		.loc 1 1255 20
 2857 0c8e 002B     		cmp	r3, #0
 2858 0c90 01D1     		bne	.L195
1256:./lwip-2.1.2/src/core/tcp.c ****                   /* sending will cancel persist timer, else retry with current slot */
1257:./lwip-2.1.2/src/core/tcp.c ****                   next_slot = 0;
 2859              		.loc 1 1257 29
 2860 0c92 0023     		movs	r3, #0
 2861 0c94 3B62     		str	r3, [r7, #32]
 2862              	.L195:
1258:./lwip-2.1.2/src/core/tcp.c ****                 }
1259:./lwip-2.1.2/src/core/tcp.c ****               }
1260:./lwip-2.1.2/src/core/tcp.c ****             }
1261:./lwip-2.1.2/src/core/tcp.c ****             if (next_slot) {
 2863              		.loc 1 1261 16
 2864 0c96 3B6A     		ldr	r3, [r7, #32]
 2865 0c98 002B     		cmp	r3, #0
 2866 0c9a 00F09F80 		beq	.L189
1262:./lwip-2.1.2/src/core/tcp.c ****               pcb->persist_cnt = 0;
 2867              		.loc 1 1262 32
 2868 0c9e FB6A     		ldr	r3, [r7, #44]
 2869 0ca0 0022     		movs	r2, #0
 2870 0ca2 83F89820 		strb	r2, [r3, #152]
1263:./lwip-2.1.2/src/core/tcp.c ****               if (pcb->persist_backoff < sizeof(tcp_persist_backoff)) {
 2871              		.loc 1 1263 22
 2872 0ca6 FB6A     		ldr	r3, [r7, #44]
 2873 0ca8 93F89930 		ldrb	r3, [r3, #153]	@ zero_extendqisi2
 2874              		.loc 1 1263 18
 2875 0cac 062B     		cmp	r3, #6
 2876 0cae 00F29580 		bhi	.L189
1264:./lwip-2.1.2/src/core/tcp.c ****                 pcb->persist_backoff++;
 2877              		.loc 1 1264 20
 2878 0cb2 FB6A     		ldr	r3, [r7, #44]
 2879 0cb4 93F89930 		ldrb	r3, [r3, #153]	@ zero_extendqisi2
 2880              		.loc 1 1264 37
 2881 0cb8 0133     		adds	r3, r3, #1
 2882 0cba DAB2     		uxtb	r2, r3
 2883 0cbc FB6A     		ldr	r3, [r7, #44]
 2884 0cbe 83F89920 		strb	r2, [r3, #153]
 2885 0cc2 8BE0     		b	.L189
 2886              	.L191:
 2887              	.LBE11:
 2888              	.LBE10:
1265:./lwip-2.1.2/src/core/tcp.c ****               }
1266:./lwip-2.1.2/src/core/tcp.c ****             }
1267:./lwip-2.1.2/src/core/tcp.c ****           }
1268:./lwip-2.1.2/src/core/tcp.c ****         }
1269:./lwip-2.1.2/src/core/tcp.c ****       } else {
1270:./lwip-2.1.2/src/core/tcp.c ****         /* Increase the retransmission timer if it is running */
1271:./lwip-2.1.2/src/core/tcp.c ****         if ((pcb->rtime >= 0) && (pcb->rtime < 0x7FFF)) {
 2889              		.loc 1 1271 17
 2890 0cc4 FB6A     		ldr	r3, [r7, #44]
 2891 0cc6 B3F93030 		ldrsh	r3, [r3, #48]
 2892              		.loc 1 1271 12
 2893 0cca 002B     		cmp	r3, #0
 2894 0ccc 0FDB     		blt	.L196
 2895              		.loc 1 1271 38 discriminator 1
 2896 0cce FB6A     		ldr	r3, [r7, #44]
 2897 0cd0 B3F93030 		ldrsh	r3, [r3, #48]
 2898              		.loc 1 1271 31 discriminator 1
 2899 0cd4 47F6FF72 		movw	r2, #32767
 2900 0cd8 9342     		cmp	r3, r2
 2901 0cda 08D0     		beq	.L196
1272:./lwip-2.1.2/src/core/tcp.c ****           ++pcb->rtime;
 2902              		.loc 1 1272 16
 2903 0cdc FB6A     		ldr	r3, [r7, #44]
 2904 0cde B3F93030 		ldrsh	r3, [r3, #48]
 2905              		.loc 1 1272 11
 2906 0ce2 9BB2     		uxth	r3, r3
 2907 0ce4 0133     		adds	r3, r3, #1
 2908 0ce6 9BB2     		uxth	r3, r3
 2909 0ce8 1AB2     		sxth	r2, r3
 2910 0cea FB6A     		ldr	r3, [r7, #44]
 2911 0cec 1A86     		strh	r2, [r3, #48]	@ movhi
 2912              	.L196:
1273:./lwip-2.1.2/src/core/tcp.c ****         }
1274:./lwip-2.1.2/src/core/tcp.c **** 
1275:./lwip-2.1.2/src/core/tcp.c ****         if (pcb->rtime >= pcb->rto) {
 2913              		.loc 1 1275 16
 2914 0cee FB6A     		ldr	r3, [r7, #44]
 2915 0cf0 B3F93020 		ldrsh	r2, [r3, #48]
 2916              		.loc 1 1275 30
 2917 0cf4 FB6A     		ldr	r3, [r7, #44]
 2918 0cf6 B3F94030 		ldrsh	r3, [r3, #64]
 2919              		.loc 1 1275 12
 2920 0cfa 9A42     		cmp	r2, r3
 2921 0cfc 6EDB     		blt	.L189
1276:./lwip-2.1.2/src/core/tcp.c ****           /* Time for a retransmission. */
1277:./lwip-2.1.2/src/core/tcp.c ****           LWIP_DEBUGF(TCP_RTO_DEBUG, ("tcp_slowtmr: rtime %"S16_F
1278:./lwip-2.1.2/src/core/tcp.c ****                                       " pcb->rto %"S16_F"\n",
1279:./lwip-2.1.2/src/core/tcp.c ****                                       pcb->rtime, pcb->rto));
1280:./lwip-2.1.2/src/core/tcp.c ****           /* If prepare phase fails but we have unsent data but no unacked data,
1281:./lwip-2.1.2/src/core/tcp.c ****              still execute the backoff calculations below, as this means we somehow
1282:./lwip-2.1.2/src/core/tcp.c ****              failed to send segment. */
1283:./lwip-2.1.2/src/core/tcp.c ****           if ((tcp_rexmit_rto_prepare(pcb) == ERR_OK) || ((pcb->unacked == NULL) && (pcb->unsent !=
 2922              		.loc 1 1283 16
 2923 0cfe F86A     		ldr	r0, [r7, #44]
 2924 0d00 FFF7FEFF 		bl	tcp_rexmit_rto_prepare
 2925 0d04 0346     		mov	r3, r0
 2926              		.loc 1 1283 14
 2927 0d06 002B     		cmp	r3, #0
 2928 0d08 07D0     		beq	.L197
 2929              		.loc 1 1283 63 discriminator 1
 2930 0d0a FB6A     		ldr	r3, [r7, #44]
 2931 0d0c 1B6F     		ldr	r3, [r3, #112]
 2932              		.loc 1 1283 55 discriminator 1
 2933 0d0e 002B     		cmp	r3, #0
 2934 0d10 64D1     		bne	.L189
 2935              		.loc 1 1283 89 discriminator 2
 2936 0d12 FB6A     		ldr	r3, [r7, #44]
 2937 0d14 DB6E     		ldr	r3, [r3, #108]
 2938              		.loc 1 1283 82 discriminator 2
 2939 0d16 002B     		cmp	r3, #0
 2940 0d18 60D0     		beq	.L189
 2941              	.L197:
1284:./lwip-2.1.2/src/core/tcp.c ****             /* Double retransmission time-out unless we are trying to
1285:./lwip-2.1.2/src/core/tcp.c ****              * connect to somebody (i.e., we are in SYN_SENT). */
1286:./lwip-2.1.2/src/core/tcp.c ****             if (pcb->state != SYN_SENT) {
 2942              		.loc 1 1286 20
 2943 0d1a FB6A     		ldr	r3, [r7, #44]
 2944 0d1c 1B7D     		ldrb	r3, [r3, #20]	@ zero_extendqisi2
 2945              		.loc 1 1286 16
 2946 0d1e 022B     		cmp	r3, #2
 2947 0d20 2DD0     		beq	.L198
 2948              	.LBB12:
1287:./lwip-2.1.2/src/core/tcp.c ****               u8_t backoff_idx = LWIP_MIN(pcb->nrtx, sizeof(tcp_backoff) - 1);
 2949              		.loc 1 1287 34
 2950 0d22 FB6A     		ldr	r3, [r7, #44]
 2951 0d24 93F84230 		ldrb	r3, [r3, #66]	@ zero_extendqisi2
 2952              		.loc 1 1287 20
 2953 0d28 0C2B     		cmp	r3, #12
 2954 0d2a 28BF     		it	cs
 2955 0d2c 0C23     		movcs	r3, #12
 2956 0d2e FB76     		strb	r3, [r7, #27]
1288:./lwip-2.1.2/src/core/tcp.c ****               int calc_rto = ((pcb->sa >> 3) + pcb->sv) << tcp_backoff[backoff_idx];
 2957              		.loc 1 1288 35
 2958 0d30 FB6A     		ldr	r3, [r7, #44]
 2959 0d32 B3F93C30 		ldrsh	r3, [r3, #60]
 2960              		.loc 1 1288 40
 2961 0d36 DB10     		asrs	r3, r3, #3
 2962 0d38 1BB2     		sxth	r3, r3
 2963 0d3a 1A46     		mov	r2, r3
 2964              		.loc 1 1288 51
 2965 0d3c FB6A     		ldr	r3, [r7, #44]
 2966 0d3e B3F93E30 		ldrsh	r3, [r3, #62]
 2967              		.loc 1 1288 46
 2968 0d42 1344     		add	r3, r3, r2
 2969              		.loc 1 1288 71
 2970 0d44 FA7E     		ldrb	r2, [r7, #27]	@ zero_extendqisi2
 2971 0d46 0A49     		ldr	r1, .L224+16
 2972 0d48 8A5C     		ldrb	r2, [r1, r2]	@ zero_extendqisi2
 2973              		.loc 1 1288 19
 2974 0d4a 9340     		lsls	r3, r3, r2
 2975 0d4c 7B61     		str	r3, [r7, #20]
1289:./lwip-2.1.2/src/core/tcp.c ****               pcb->rto = (s16_t)LWIP_MIN(calc_rto, 0x7FFF);
 2976              		.loc 1 1289 26
 2977 0d4e 7B69     		ldr	r3, [r7, #20]
 2978 0d50 47F6FE72 		movw	r2, #32766
 2979 0d54 9342     		cmp	r3, r2
 2980 0d56 0DDC     		bgt	.L199
 2981              		.loc 1 1289 26 is_stmt 0 discriminator 1
 2982 0d58 7B69     		ldr	r3, [r7, #20]
 2983 0d5a 1AB2     		sxth	r2, r3
 2984 0d5c 0CE0     		b	.L200
 2985              	.L225:
 2986 0d5e 00BF     		.align	2
 2987              	.L224:
 2988 0d60 00000000 		.word	tcp_ticks
 2989 0d64 16000000 		.word	tcp_timer_ctr
 2990 0d68 00000000 		.word	tcp_active_pcbs
 2991 0d6c B4000000 		.word	tcp_persist_backoff
 2992 0d70 A4000000 		.word	tcp_backoff
 2993              	.L199:
 2994              		.loc 1 1289 26 discriminator 2
 2995 0d74 47F6FF72 		movw	r2, #32767
 2996              	.L200:
 2997              		.loc 1 1289 24 is_stmt 1 discriminator 4
 2998 0d78 FB6A     		ldr	r3, [r7, #44]
 2999 0d7a A3F84020 		strh	r2, [r3, #64]	@ movhi
 3000              	.L198:
 3001              	.LBE12:
1290:./lwip-2.1.2/src/core/tcp.c ****             }
1291:./lwip-2.1.2/src/core/tcp.c **** 
1292:./lwip-2.1.2/src/core/tcp.c ****             /* Reset the retransmission timer. */
1293:./lwip-2.1.2/src/core/tcp.c ****             pcb->rtime = 0;
 3002              		.loc 1 1293 24
 3003 0d7e FB6A     		ldr	r3, [r7, #44]
 3004 0d80 0022     		movs	r2, #0
 3005 0d82 1A86     		strh	r2, [r3, #48]	@ movhi
1294:./lwip-2.1.2/src/core/tcp.c **** 
1295:./lwip-2.1.2/src/core/tcp.c ****             /* Reduce congestion window and ssthresh. */
1296:./lwip-2.1.2/src/core/tcp.c ****             eff_wnd = LWIP_MIN(pcb->cwnd, pcb->snd_wnd);
 3006              		.loc 1 1296 23
 3007 0d84 FB6A     		ldr	r3, [r7, #44]
 3008 0d86 B3F86020 		ldrh	r2, [r3, #96]
 3009 0d8a FB6A     		ldr	r3, [r7, #44]
 3010 0d8c B3F84830 		ldrh	r3, [r3, #72]
 3011              		.loc 1 1296 21
 3012 0d90 9342     		cmp	r3, r2
 3013 0d92 28BF     		it	cs
 3014 0d94 1346     		movcs	r3, r2
 3015 0d96 7B82     		strh	r3, [r7, #18]	@ movhi
1297:./lwip-2.1.2/src/core/tcp.c ****             pcb->ssthresh = eff_wnd >> 1;
 3016              		.loc 1 1297 27
 3017 0d98 7B8A     		ldrh	r3, [r7, #18]
 3018 0d9a 5B08     		lsrs	r3, r3, #1
 3019 0d9c 9AB2     		uxth	r2, r3
 3020 0d9e FB6A     		ldr	r3, [r7, #44]
 3021 0da0 A3F84A20 		strh	r2, [r3, #74]	@ movhi
1298:./lwip-2.1.2/src/core/tcp.c ****             if (pcb->ssthresh < (tcpwnd_size_t)(pcb->mss << 1)) {
 3022              		.loc 1 1298 20
 3023 0da4 FB6A     		ldr	r3, [r7, #44]
 3024 0da6 B3F84A20 		ldrh	r2, [r3, #74]
 3025              		.loc 1 1298 52
 3026 0daa FB6A     		ldr	r3, [r7, #44]
 3027 0dac 5B8E     		ldrh	r3, [r3, #50]
 3028              		.loc 1 1298 33
 3029 0dae 5B00     		lsls	r3, r3, #1
 3030 0db0 9BB2     		uxth	r3, r3
 3031              		.loc 1 1298 16
 3032 0db2 9A42     		cmp	r2, r3
 3033 0db4 06D2     		bcs	.L201
1299:./lwip-2.1.2/src/core/tcp.c ****               pcb->ssthresh = (tcpwnd_size_t)(pcb->mss << 1);
 3034              		.loc 1 1299 50
 3035 0db6 FB6A     		ldr	r3, [r7, #44]
 3036 0db8 5B8E     		ldrh	r3, [r3, #50]
 3037              		.loc 1 1299 31
 3038 0dba 5B00     		lsls	r3, r3, #1
 3039 0dbc 9AB2     		uxth	r2, r3
 3040              		.loc 1 1299 29
 3041 0dbe FB6A     		ldr	r3, [r7, #44]
 3042 0dc0 A3F84A20 		strh	r2, [r3, #74]	@ movhi
 3043              	.L201:
1300:./lwip-2.1.2/src/core/tcp.c ****             }
1301:./lwip-2.1.2/src/core/tcp.c ****             pcb->cwnd = pcb->mss;
 3044              		.loc 1 1301 28
 3045 0dc4 FB6A     		ldr	r3, [r7, #44]
 3046 0dc6 5A8E     		ldrh	r2, [r3, #50]
 3047              		.loc 1 1301 23
 3048 0dc8 FB6A     		ldr	r3, [r7, #44]
 3049 0dca A3F84820 		strh	r2, [r3, #72]	@ movhi
1302:./lwip-2.1.2/src/core/tcp.c ****             LWIP_DEBUGF(TCP_CWND_DEBUG, ("tcp_slowtmr: cwnd %"TCPWNDSIZE_F
1303:./lwip-2.1.2/src/core/tcp.c ****                                          " ssthresh %"TCPWNDSIZE_F"\n",
1304:./lwip-2.1.2/src/core/tcp.c ****                                          pcb->cwnd, pcb->ssthresh));
1305:./lwip-2.1.2/src/core/tcp.c ****             pcb->bytes_acked = 0;
 3050              		.loc 1 1305 30
 3051 0dce FB6A     		ldr	r3, [r7, #44]
 3052 0dd0 0022     		movs	r2, #0
 3053 0dd2 A3F86A20 		strh	r2, [r3, #106]	@ movhi
1306:./lwip-2.1.2/src/core/tcp.c **** 
1307:./lwip-2.1.2/src/core/tcp.c ****             /* The following needs to be called AFTER cwnd is set to one
1308:./lwip-2.1.2/src/core/tcp.c ****                mss - STJ */
1309:./lwip-2.1.2/src/core/tcp.c ****             tcp_rexmit_rto_commit(pcb);
 3054              		.loc 1 1309 13
 3055 0dd6 F86A     		ldr	r0, [r7, #44]
 3056 0dd8 FFF7FEFF 		bl	tcp_rexmit_rto_commit
 3057              	.L189:
1310:./lwip-2.1.2/src/core/tcp.c ****           }
1311:./lwip-2.1.2/src/core/tcp.c ****         }
1312:./lwip-2.1.2/src/core/tcp.c ****       }
1313:./lwip-2.1.2/src/core/tcp.c ****     }
1314:./lwip-2.1.2/src/core/tcp.c ****     /* Check if this PCB has stayed too long in FIN-WAIT-2 */
1315:./lwip-2.1.2/src/core/tcp.c ****     if (pcb->state == FIN_WAIT_2) {
 3058              		.loc 1 1315 12
 3059 0ddc FB6A     		ldr	r3, [r7, #44]
 3060 0dde 1B7D     		ldrb	r3, [r3, #20]	@ zero_extendqisi2
 3061              		.loc 1 1315 8
 3062 0de0 062B     		cmp	r3, #6
 3063 0de2 11D1     		bne	.L202
1316:./lwip-2.1.2/src/core/tcp.c ****       /* If this PCB is in FIN_WAIT_2 because of SHUT_WR don't let it time out. */
1317:./lwip-2.1.2/src/core/tcp.c ****       if (pcb->flags & TF_RXCLOSED) {
 3064              		.loc 1 1317 14
 3065 0de4 FB6A     		ldr	r3, [r7, #44]
 3066 0de6 5B8B     		ldrh	r3, [r3, #26]
 3067              		.loc 1 1317 22
 3068 0de8 03F01003 		and	r3, r3, #16
 3069              		.loc 1 1317 10
 3070 0dec 002B     		cmp	r3, #0
 3071 0dee 0BD0     		beq	.L202
1318:./lwip-2.1.2/src/core/tcp.c ****         /* PCB was fully closed (either through close() or SHUT_RDWR):
1319:./lwip-2.1.2/src/core/tcp.c ****            normal FIN-WAIT timeout handling. */
1320:./lwip-2.1.2/src/core/tcp.c ****         if ((u32_t)(tcp_ticks - pcb->tmr) >
 3072              		.loc 1 1320 31
 3073 0df0 9F4B     		ldr	r3, .L226
 3074 0df2 1A68     		ldr	r2, [r3]
 3075              		.loc 1 1320 36
 3076 0df4 FB6A     		ldr	r3, [r7, #44]
 3077 0df6 1B6A     		ldr	r3, [r3, #32]
 3078              		.loc 1 1320 31
 3079 0df8 D31A     		subs	r3, r2, r3
 3080              		.loc 1 1320 12
 3081 0dfa 282B     		cmp	r3, #40
 3082 0dfc 04D9     		bls	.L202
1321:./lwip-2.1.2/src/core/tcp.c ****             TCP_FIN_WAIT_TIMEOUT / TCP_SLOW_INTERVAL) {
1322:./lwip-2.1.2/src/core/tcp.c ****           ++pcb_remove;
 3083              		.loc 1 1322 11
 3084 0dfe 97F82730 		ldrb	r3, [r7, #39]
 3085 0e02 0133     		adds	r3, r3, #1
 3086 0e04 87F82730 		strb	r3, [r7, #39]
 3087              	.L202:
1323:./lwip-2.1.2/src/core/tcp.c ****           LWIP_DEBUGF(TCP_DEBUG, ("tcp_slowtmr: removing pcb stuck in FIN-WAIT-2\n"));
1324:./lwip-2.1.2/src/core/tcp.c ****         }
1325:./lwip-2.1.2/src/core/tcp.c ****       }
1326:./lwip-2.1.2/src/core/tcp.c ****     }
1327:./lwip-2.1.2/src/core/tcp.c **** 
1328:./lwip-2.1.2/src/core/tcp.c ****     /* Check if KEEPALIVE should be sent */
1329:./lwip-2.1.2/src/core/tcp.c ****     if (ip_get_option(pcb, SOF_KEEPALIVE) &&
 3088              		.loc 1 1329 9
 3089 0e08 FB6A     		ldr	r3, [r7, #44]
 3090 0e0a 5B7A     		ldrb	r3, [r3, #9]	@ zero_extendqisi2
 3091 0e0c 03F00803 		and	r3, r3, #8
 3092              		.loc 1 1329 8
 3093 0e10 002B     		cmp	r3, #0
 3094 0e12 4AD0     		beq	.L203
1330:./lwip-2.1.2/src/core/tcp.c ****         ((pcb->state == ESTABLISHED) ||
 3095              		.loc 1 1330 14 discriminator 1
 3096 0e14 FB6A     		ldr	r3, [r7, #44]
 3097 0e16 1B7D     		ldrb	r3, [r3, #20]	@ zero_extendqisi2
1329:./lwip-2.1.2/src/core/tcp.c ****         ((pcb->state == ESTABLISHED) ||
 3098              		.loc 1 1329 43 discriminator 1
 3099 0e18 042B     		cmp	r3, #4
 3100 0e1a 03D0     		beq	.L204
1331:./lwip-2.1.2/src/core/tcp.c ****          (pcb->state == CLOSE_WAIT))) {
 3101              		.loc 1 1331 14
 3102 0e1c FB6A     		ldr	r3, [r7, #44]
 3103 0e1e 1B7D     		ldrb	r3, [r3, #20]	@ zero_extendqisi2
1330:./lwip-2.1.2/src/core/tcp.c ****         ((pcb->state == ESTABLISHED) ||
 3104              		.loc 1 1330 38
 3105 0e20 072B     		cmp	r3, #7
 3106 0e22 42D1     		bne	.L203
 3107              	.L204:
1332:./lwip-2.1.2/src/core/tcp.c ****       if ((u32_t)(tcp_ticks - pcb->tmr) >
 3108              		.loc 1 1332 11
 3109 0e24 924B     		ldr	r3, .L226
 3110 0e26 1A68     		ldr	r2, [r3]
 3111              		.loc 1 1332 34
 3112 0e28 FB6A     		ldr	r3, [r7, #44]
 3113 0e2a 1B6A     		ldr	r3, [r3, #32]
 3114              		.loc 1 1332 29
 3115 0e2c D21A     		subs	r2, r2, r3
1333:./lwip-2.1.2/src/core/tcp.c ****           (pcb->keep_idle + TCP_KEEP_DUR(pcb)) / TCP_SLOW_INTERVAL) {
 3116              		.loc 1 1333 15
 3117 0e2e FB6A     		ldr	r3, [r7, #44]
 3118 0e30 D3F89410 		ldr	r1, [r3, #148]
 3119              		.loc 1 1333 27
 3120 0e34 8F4B     		ldr	r3, .L226+4
 3121 0e36 0B44     		add	r3, r3, r1
 3122              		.loc 1 1333 48
 3123 0e38 8F49     		ldr	r1, .L226+8
 3124 0e3a A1FB0313 		umull	r1, r3, r1, r3
 3125 0e3e 5B09     		lsrs	r3, r3, #5
1332:./lwip-2.1.2/src/core/tcp.c ****       if ((u32_t)(tcp_ticks - pcb->tmr) >
 3126              		.loc 1 1332 10
 3127 0e40 9A42     		cmp	r2, r3
 3128 0e42 0AD9     		bls	.L205
1334:./lwip-2.1.2/src/core/tcp.c ****         LWIP_DEBUGF(TCP_DEBUG, ("tcp_slowtmr: KEEPALIVE timeout. Aborting connection to "));
1335:./lwip-2.1.2/src/core/tcp.c ****         ip_addr_debug_print_val(TCP_DEBUG, pcb->remote_ip);
1336:./lwip-2.1.2/src/core/tcp.c ****         LWIP_DEBUGF(TCP_DEBUG, ("\n"));
1337:./lwip-2.1.2/src/core/tcp.c **** 
1338:./lwip-2.1.2/src/core/tcp.c ****         ++pcb_remove;
 3129              		.loc 1 1338 9
 3130 0e44 97F82730 		ldrb	r3, [r7, #39]
 3131 0e48 0133     		adds	r3, r3, #1
 3132 0e4a 87F82730 		strb	r3, [r7, #39]
1339:./lwip-2.1.2/src/core/tcp.c ****         ++pcb_reset;
 3133              		.loc 1 1339 9
 3134 0e4e 97F82630 		ldrb	r3, [r7, #38]
 3135 0e52 0133     		adds	r3, r3, #1
 3136 0e54 87F82630 		strb	r3, [r7, #38]
 3137 0e58 27E0     		b	.L203
 3138              	.L205:
1340:./lwip-2.1.2/src/core/tcp.c ****       } else if ((u32_t)(tcp_ticks - pcb->tmr) >
 3139              		.loc 1 1340 18
 3140 0e5a 854B     		ldr	r3, .L226
 3141 0e5c 1A68     		ldr	r2, [r3]
 3142              		.loc 1 1340 41
 3143 0e5e FB6A     		ldr	r3, [r7, #44]
 3144 0e60 1B6A     		ldr	r3, [r3, #32]
 3145              		.loc 1 1340 36
 3146 0e62 D21A     		subs	r2, r2, r3
1341:./lwip-2.1.2/src/core/tcp.c ****                  (pcb->keep_idle + pcb->keep_cnt_sent * TCP_KEEP_INTVL(pcb))
 3147              		.loc 1 1341 22
 3148 0e64 FB6A     		ldr	r3, [r7, #44]
 3149 0e66 D3F89410 		ldr	r1, [r3, #148]
 3150              		.loc 1 1341 39
 3151 0e6a FB6A     		ldr	r3, [r7, #44]
 3152 0e6c 93F89B30 		ldrb	r3, [r3, #155]	@ zero_extendqisi2
 3153 0e70 1846     		mov	r0, r3
 3154              		.loc 1 1341 55
 3155 0e72 824B     		ldr	r3, .L226+12
 3156 0e74 00FB03F3 		mul	r3, r0, r3
 3157              		.loc 1 1341 34
 3158 0e78 0B44     		add	r3, r3, r1
1342:./lwip-2.1.2/src/core/tcp.c ****                  / TCP_SLOW_INTERVAL) {
 3159              		.loc 1 1342 18
 3160 0e7a 7F49     		ldr	r1, .L226+8
 3161 0e7c A1FB0313 		umull	r1, r3, r1, r3
 3162 0e80 5B09     		lsrs	r3, r3, #5
1340:./lwip-2.1.2/src/core/tcp.c ****       } else if ((u32_t)(tcp_ticks - pcb->tmr) >
 3163              		.loc 1 1340 17
 3164 0e82 9A42     		cmp	r2, r3
 3165 0e84 11D9     		bls	.L203
1343:./lwip-2.1.2/src/core/tcp.c ****         err = tcp_keepalive(pcb);
 3166              		.loc 1 1343 15
 3167 0e86 F86A     		ldr	r0, [r7, #44]
 3168 0e88 FFF7FEFF 		bl	tcp_keepalive
 3169 0e8c 0346     		mov	r3, r0
 3170 0e8e 87F82530 		strb	r3, [r7, #37]
1344:./lwip-2.1.2/src/core/tcp.c ****         if (err == ERR_OK) {
 3171              		.loc 1 1344 12
 3172 0e92 97F92530 		ldrsb	r3, [r7, #37]
 3173 0e96 002B     		cmp	r3, #0
 3174 0e98 07D1     		bne	.L203
1345:./lwip-2.1.2/src/core/tcp.c ****           pcb->keep_cnt_sent++;
 3175              		.loc 1 1345 14
 3176 0e9a FB6A     		ldr	r3, [r7, #44]
 3177 0e9c 93F89B30 		ldrb	r3, [r3, #155]	@ zero_extendqisi2
 3178              		.loc 1 1345 29
 3179 0ea0 0133     		adds	r3, r3, #1
 3180 0ea2 DAB2     		uxtb	r2, r3
 3181 0ea4 FB6A     		ldr	r3, [r7, #44]
 3182 0ea6 83F89B20 		strb	r2, [r3, #155]
 3183              	.L203:
1346:./lwip-2.1.2/src/core/tcp.c ****         }
1347:./lwip-2.1.2/src/core/tcp.c ****       }
1348:./lwip-2.1.2/src/core/tcp.c ****     }
1349:./lwip-2.1.2/src/core/tcp.c **** 
1350:./lwip-2.1.2/src/core/tcp.c ****     /* If this PCB has queued out of sequence data, but has been
1351:./lwip-2.1.2/src/core/tcp.c ****        inactive for too long, will drop the data (it will eventually
1352:./lwip-2.1.2/src/core/tcp.c ****        be retransmitted). */
1353:./lwip-2.1.2/src/core/tcp.c **** #if TCP_QUEUE_OOSEQ
1354:./lwip-2.1.2/src/core/tcp.c ****     if (pcb->ooseq != NULL &&
 3184              		.loc 1 1354 12
 3185 0eaa FB6A     		ldr	r3, [r7, #44]
 3186 0eac 5B6F     		ldr	r3, [r3, #116]
 3187              		.loc 1 1354 8
 3188 0eae 002B     		cmp	r3, #0
 3189 0eb0 11D0     		beq	.L206
1355:./lwip-2.1.2/src/core/tcp.c ****         (tcp_ticks - pcb->tmr >= (u32_t)pcb->rto * TCP_OOSEQ_TIMEOUT)) {
 3190              		.loc 1 1355 20 discriminator 1
 3191 0eb2 6F4B     		ldr	r3, .L226
 3192 0eb4 1A68     		ldr	r2, [r3]
 3193              		.loc 1 1355 25 discriminator 1
 3194 0eb6 FB6A     		ldr	r3, [r7, #44]
 3195 0eb8 1B6A     		ldr	r3, [r3, #32]
 3196              		.loc 1 1355 20 discriminator 1
 3197 0eba D21A     		subs	r2, r2, r3
 3198              		.loc 1 1355 44 discriminator 1
 3199 0ebc FB6A     		ldr	r3, [r7, #44]
 3200 0ebe B3F94030 		ldrsh	r3, [r3, #64]
 3201              		.loc 1 1355 34 discriminator 1
 3202 0ec2 1946     		mov	r1, r3
 3203              		.loc 1 1355 50 discriminator 1
 3204 0ec4 0B46     		mov	r3, r1
 3205 0ec6 5B00     		lsls	r3, r3, #1
 3206 0ec8 0B44     		add	r3, r3, r1
 3207 0eca 5B00     		lsls	r3, r3, #1
1354:./lwip-2.1.2/src/core/tcp.c ****         (tcp_ticks - pcb->tmr >= (u32_t)pcb->rto * TCP_OOSEQ_TIMEOUT)) {
 3208              		.loc 1 1354 28 discriminator 1
 3209 0ecc 9A42     		cmp	r2, r3
 3210 0ece 02D3     		bcc	.L206
1356:./lwip-2.1.2/src/core/tcp.c ****       LWIP_DEBUGF(TCP_CWND_DEBUG, ("tcp_slowtmr: dropping OOSEQ queued data\n"));
1357:./lwip-2.1.2/src/core/tcp.c ****       tcp_free_ooseq(pcb);
 3211              		.loc 1 1357 7
 3212 0ed0 F86A     		ldr	r0, [r7, #44]
 3213 0ed2 FFF7FEFF 		bl	tcp_free_ooseq
 3214              	.L206:
1358:./lwip-2.1.2/src/core/tcp.c ****     }
1359:./lwip-2.1.2/src/core/tcp.c **** #endif /* TCP_QUEUE_OOSEQ */
1360:./lwip-2.1.2/src/core/tcp.c **** 
1361:./lwip-2.1.2/src/core/tcp.c ****     /* Check if this PCB has stayed too long in SYN-RCVD */
1362:./lwip-2.1.2/src/core/tcp.c ****     if (pcb->state == SYN_RCVD) {
 3215              		.loc 1 1362 12
 3216 0ed6 FB6A     		ldr	r3, [r7, #44]
 3217 0ed8 1B7D     		ldrb	r3, [r3, #20]	@ zero_extendqisi2
 3218              		.loc 1 1362 8
 3219 0eda 032B     		cmp	r3, #3
 3220 0edc 0BD1     		bne	.L207
1363:./lwip-2.1.2/src/core/tcp.c ****       if ((u32_t)(tcp_ticks - pcb->tmr) >
 3221              		.loc 1 1363 29
 3222 0ede 644B     		ldr	r3, .L226
 3223 0ee0 1A68     		ldr	r2, [r3]
 3224              		.loc 1 1363 34
 3225 0ee2 FB6A     		ldr	r3, [r7, #44]
 3226 0ee4 1B6A     		ldr	r3, [r3, #32]
 3227              		.loc 1 1363 29
 3228 0ee6 D31A     		subs	r3, r2, r3
 3229              		.loc 1 1363 10
 3230 0ee8 282B     		cmp	r3, #40
 3231 0eea 04D9     		bls	.L207
1364:./lwip-2.1.2/src/core/tcp.c ****           TCP_SYN_RCVD_TIMEOUT / TCP_SLOW_INTERVAL) {
1365:./lwip-2.1.2/src/core/tcp.c ****         ++pcb_remove;
 3232              		.loc 1 1365 9
 3233 0eec 97F82730 		ldrb	r3, [r7, #39]
 3234 0ef0 0133     		adds	r3, r3, #1
 3235 0ef2 87F82730 		strb	r3, [r7, #39]
 3236              	.L207:
1366:./lwip-2.1.2/src/core/tcp.c ****         LWIP_DEBUGF(TCP_DEBUG, ("tcp_slowtmr: removing pcb stuck in SYN-RCVD\n"));
1367:./lwip-2.1.2/src/core/tcp.c ****       }
1368:./lwip-2.1.2/src/core/tcp.c ****     }
1369:./lwip-2.1.2/src/core/tcp.c **** 
1370:./lwip-2.1.2/src/core/tcp.c ****     /* Check if this PCB has stayed too long in LAST-ACK */
1371:./lwip-2.1.2/src/core/tcp.c ****     if (pcb->state == LAST_ACK) {
 3237              		.loc 1 1371 12
 3238 0ef6 FB6A     		ldr	r3, [r7, #44]
 3239 0ef8 1B7D     		ldrb	r3, [r3, #20]	@ zero_extendqisi2
 3240              		.loc 1 1371 8
 3241 0efa 092B     		cmp	r3, #9
 3242 0efc 0BD1     		bne	.L208
1372:./lwip-2.1.2/src/core/tcp.c ****       if ((u32_t)(tcp_ticks - pcb->tmr) > 2 * TCP_MSL / TCP_SLOW_INTERVAL) {
 3243              		.loc 1 1372 29
 3244 0efe 5C4B     		ldr	r3, .L226
 3245 0f00 1A68     		ldr	r2, [r3]
 3246              		.loc 1 1372 34
 3247 0f02 FB6A     		ldr	r3, [r7, #44]
 3248 0f04 1B6A     		ldr	r3, [r3, #32]
 3249              		.loc 1 1372 29
 3250 0f06 D31A     		subs	r3, r2, r3
 3251              		.loc 1 1372 10
 3252 0f08 F02B     		cmp	r3, #240
 3253 0f0a 04D9     		bls	.L208
1373:./lwip-2.1.2/src/core/tcp.c ****         ++pcb_remove;
 3254              		.loc 1 1373 9
 3255 0f0c 97F82730 		ldrb	r3, [r7, #39]
 3256 0f10 0133     		adds	r3, r3, #1
 3257 0f12 87F82730 		strb	r3, [r7, #39]
 3258              	.L208:
1374:./lwip-2.1.2/src/core/tcp.c ****         LWIP_DEBUGF(TCP_DEBUG, ("tcp_slowtmr: removing pcb stuck in LAST-ACK\n"));
1375:./lwip-2.1.2/src/core/tcp.c ****       }
1376:./lwip-2.1.2/src/core/tcp.c ****     }
1377:./lwip-2.1.2/src/core/tcp.c **** 
1378:./lwip-2.1.2/src/core/tcp.c ****     /* If the PCB should be removed, do it. */
1379:./lwip-2.1.2/src/core/tcp.c ****     if (pcb_remove) {
 3259              		.loc 1 1379 8
 3260 0f16 97F82730 		ldrb	r3, [r7, #39]	@ zero_extendqisi2
 3261 0f1a 002B     		cmp	r3, #0
 3262 0f1c 48D0     		beq	.L209
 3263              	.LBB13:
1380:./lwip-2.1.2/src/core/tcp.c ****       struct tcp_pcb *pcb2;
1381:./lwip-2.1.2/src/core/tcp.c **** #if LWIP_CALLBACK_API
1382:./lwip-2.1.2/src/core/tcp.c ****       tcp_err_fn err_fn = pcb->errf;
 3264              		.loc 1 1382 18
 3265 0f1e FB6A     		ldr	r3, [r7, #44]
 3266 0f20 D3F89030 		ldr	r3, [r3, #144]
 3267 0f24 FB60     		str	r3, [r7, #12]
1383:./lwip-2.1.2/src/core/tcp.c **** #endif /* LWIP_CALLBACK_API */
1384:./lwip-2.1.2/src/core/tcp.c ****       void *err_arg;
1385:./lwip-2.1.2/src/core/tcp.c ****       enum tcp_state last_state;
1386:./lwip-2.1.2/src/core/tcp.c ****       tcp_pcb_purge(pcb);
 3268              		.loc 1 1386 7
 3269 0f26 F86A     		ldr	r0, [r7, #44]
 3270 0f28 FFF7FEFF 		bl	tcp_pcb_purge
1387:./lwip-2.1.2/src/core/tcp.c ****       /* Remove PCB from tcp_active_pcbs list. */
1388:./lwip-2.1.2/src/core/tcp.c ****       if (prev != NULL) {
 3271              		.loc 1 1388 10
 3272 0f2c BB6A     		ldr	r3, [r7, #40]
 3273 0f2e 002B     		cmp	r3, #0
 3274 0f30 04D0     		beq	.L210
1389:./lwip-2.1.2/src/core/tcp.c ****         LWIP_ASSERT("tcp_slowtmr: middle tcp != tcp_active_pcbs", pcb != tcp_active_pcbs);
1390:./lwip-2.1.2/src/core/tcp.c ****         prev->next = pcb->next;
 3275              		.loc 1 1390 25
 3276 0f32 FB6A     		ldr	r3, [r7, #44]
 3277 0f34 DA68     		ldr	r2, [r3, #12]
 3278              		.loc 1 1390 20
 3279 0f36 BB6A     		ldr	r3, [r7, #40]
 3280 0f38 DA60     		str	r2, [r3, #12]
 3281 0f3a 03E0     		b	.L211
 3282              	.L210:
1391:./lwip-2.1.2/src/core/tcp.c ****       } else {
1392:./lwip-2.1.2/src/core/tcp.c ****         /* This PCB was the first. */
1393:./lwip-2.1.2/src/core/tcp.c ****         LWIP_ASSERT("tcp_slowtmr: first pcb == tcp_active_pcbs", tcp_active_pcbs == pcb);
1394:./lwip-2.1.2/src/core/tcp.c ****         tcp_active_pcbs = pcb->next;
 3283              		.loc 1 1394 30
 3284 0f3c FB6A     		ldr	r3, [r7, #44]
 3285 0f3e DB68     		ldr	r3, [r3, #12]
 3286              		.loc 1 1394 25
 3287 0f40 4F4A     		ldr	r2, .L226+16
 3288 0f42 1360     		str	r3, [r2]
 3289              	.L211:
1395:./lwip-2.1.2/src/core/tcp.c ****       }
1396:./lwip-2.1.2/src/core/tcp.c **** 
1397:./lwip-2.1.2/src/core/tcp.c ****       if (pcb_reset) {
 3290              		.loc 1 1397 10
 3291 0f44 97F82630 		ldrb	r3, [r7, #38]	@ zero_extendqisi2
 3292 0f48 002B     		cmp	r3, #0
 3293 0f4a 13D0     		beq	.L212
1398:./lwip-2.1.2/src/core/tcp.c ****         tcp_rst(pcb, pcb->snd_nxt, pcb->rcv_nxt, &pcb->local_ip, &pcb->remote_ip,
 3294              		.loc 1 1398 9
 3295 0f4c FB6A     		ldr	r3, [r7, #44]
 3296 0f4e 186D     		ldr	r0, [r3, #80]
 3297 0f50 FB6A     		ldr	r3, [r7, #44]
 3298 0f52 5C6A     		ldr	r4, [r3, #36]
 3299              		.loc 1 1398 50
 3300 0f54 FD6A     		ldr	r5, [r7, #44]
 3301              		.loc 1 1398 66
 3302 0f56 FB6A     		ldr	r3, [r7, #44]
 3303 0f58 0433     		adds	r3, r3, #4
 3304              		.loc 1 1398 9
 3305 0f5a FA6A     		ldr	r2, [r7, #44]
 3306 0f5c D28A     		ldrh	r2, [r2, #22]
 3307 0f5e F96A     		ldr	r1, [r7, #44]
 3308 0f60 098B     		ldrh	r1, [r1, #24]
 3309 0f62 0291     		str	r1, [sp, #8]
 3310 0f64 0192     		str	r2, [sp, #4]
 3311 0f66 0093     		str	r3, [sp]
 3312 0f68 2B46     		mov	r3, r5
 3313 0f6a 2246     		mov	r2, r4
 3314 0f6c 0146     		mov	r1, r0
 3315 0f6e F86A     		ldr	r0, [r7, #44]
 3316 0f70 FFF7FEFF 		bl	tcp_rst
 3317              	.L212:
1399:./lwip-2.1.2/src/core/tcp.c ****                 pcb->local_port, pcb->remote_port);
1400:./lwip-2.1.2/src/core/tcp.c ****       }
1401:./lwip-2.1.2/src/core/tcp.c **** 
1402:./lwip-2.1.2/src/core/tcp.c ****       err_arg = pcb->callback_arg;
 3318              		.loc 1 1402 15
 3319 0f74 FB6A     		ldr	r3, [r7, #44]
 3320 0f76 1B69     		ldr	r3, [r3, #16]
 3321 0f78 BB60     		str	r3, [r7, #8]
1403:./lwip-2.1.2/src/core/tcp.c ****       last_state = pcb->state;
 3322              		.loc 1 1403 18
 3323 0f7a FB6A     		ldr	r3, [r7, #44]
 3324 0f7c 1B7D     		ldrb	r3, [r3, #20]
 3325 0f7e FB71     		strb	r3, [r7, #7]
1404:./lwip-2.1.2/src/core/tcp.c ****       pcb2 = pcb;
 3326              		.loc 1 1404 12
 3327 0f80 FB6A     		ldr	r3, [r7, #44]
 3328 0f82 3B60     		str	r3, [r7]
1405:./lwip-2.1.2/src/core/tcp.c ****       pcb = pcb->next;
 3329              		.loc 1 1405 11
 3330 0f84 FB6A     		ldr	r3, [r7, #44]
 3331 0f86 DB68     		ldr	r3, [r3, #12]
 3332 0f88 FB62     		str	r3, [r7, #44]
1406:./lwip-2.1.2/src/core/tcp.c ****       tcp_free(pcb2);
 3333              		.loc 1 1406 7
 3334 0f8a 3868     		ldr	r0, [r7]
 3335 0f8c FFF7FEFF 		bl	tcp_free
1407:./lwip-2.1.2/src/core/tcp.c **** 
1408:./lwip-2.1.2/src/core/tcp.c ****       tcp_active_pcbs_changed = 0;
 3336              		.loc 1 1408 31
 3337 0f90 3C4B     		ldr	r3, .L226+20
 3338 0f92 0022     		movs	r2, #0
 3339 0f94 1A70     		strb	r2, [r3]
1409:./lwip-2.1.2/src/core/tcp.c ****       TCP_EVENT_ERR(last_state, err_fn, err_arg, ERR_ABRT);
 3340              		.loc 1 1409 7
 3341 0f96 FB68     		ldr	r3, [r7, #12]
 3342 0f98 002B     		cmp	r3, #0
 3343 0f9a 04D0     		beq	.L213
 3344              		.loc 1 1409 7 is_stmt 0 discriminator 1
 3345 0f9c FB68     		ldr	r3, [r7, #12]
 3346 0f9e 6FF00C01 		mvn	r1, #12
 3347 0fa2 B868     		ldr	r0, [r7, #8]
 3348 0fa4 9847     		blx	r3
 3349              	.LVL1:
 3350              	.L213:
1410:./lwip-2.1.2/src/core/tcp.c ****       if (tcp_active_pcbs_changed) {
 3351              		.loc 1 1410 11 is_stmt 1
 3352 0fa6 374B     		ldr	r3, .L226+20
 3353 0fa8 1B78     		ldrb	r3, [r3]	@ zero_extendqisi2
 3354              		.loc 1 1410 10
 3355 0faa 002B     		cmp	r3, #0
 3356 0fac 37D0     		beq	.L186
1411:./lwip-2.1.2/src/core/tcp.c ****         goto tcp_slowtmr_start;
 3357              		.loc 1 1411 9
 3358 0fae EEE5     		b	.L185
 3359              	.L209:
 3360              	.LBE13:
1412:./lwip-2.1.2/src/core/tcp.c ****       }
1413:./lwip-2.1.2/src/core/tcp.c ****     } else {
1414:./lwip-2.1.2/src/core/tcp.c ****       /* get the 'next' element now and work with 'prev' below (in case of abort) */
1415:./lwip-2.1.2/src/core/tcp.c ****       prev = pcb;
 3361              		.loc 1 1415 12
 3362 0fb0 FB6A     		ldr	r3, [r7, #44]
 3363 0fb2 BB62     		str	r3, [r7, #40]
1416:./lwip-2.1.2/src/core/tcp.c ****       pcb = pcb->next;
 3364              		.loc 1 1416 11
 3365 0fb4 FB6A     		ldr	r3, [r7, #44]
 3366 0fb6 DB68     		ldr	r3, [r3, #12]
 3367 0fb8 FB62     		str	r3, [r7, #44]
1417:./lwip-2.1.2/src/core/tcp.c **** 
1418:./lwip-2.1.2/src/core/tcp.c ****       /* We check if we should poll the connection. */
1419:./lwip-2.1.2/src/core/tcp.c ****       ++prev->polltmr;
 3368              		.loc 1 1419 13
 3369 0fba BB6A     		ldr	r3, [r7, #40]
 3370 0fbc 1B7F     		ldrb	r3, [r3, #28]	@ zero_extendqisi2
 3371              		.loc 1 1419 7
 3372 0fbe 0133     		adds	r3, r3, #1
 3373 0fc0 DAB2     		uxtb	r2, r3
 3374 0fc2 BB6A     		ldr	r3, [r7, #40]
 3375 0fc4 1A77     		strb	r2, [r3, #28]
1420:./lwip-2.1.2/src/core/tcp.c ****       if (prev->polltmr >= prev->pollinterval) {
 3376              		.loc 1 1420 15
 3377 0fc6 BB6A     		ldr	r3, [r7, #40]
 3378 0fc8 1A7F     		ldrb	r2, [r3, #28]	@ zero_extendqisi2
 3379              		.loc 1 1420 32
 3380 0fca BB6A     		ldr	r3, [r7, #40]
 3381 0fcc 5B7F     		ldrb	r3, [r3, #29]	@ zero_extendqisi2
 3382              		.loc 1 1420 10
 3383 0fce 9A42     		cmp	r2, r3
 3384 0fd0 25D3     		bcc	.L186
1421:./lwip-2.1.2/src/core/tcp.c ****         prev->polltmr = 0;
 3385              		.loc 1 1421 23
 3386 0fd2 BB6A     		ldr	r3, [r7, #40]
 3387 0fd4 0022     		movs	r2, #0
 3388 0fd6 1A77     		strb	r2, [r3, #28]
1422:./lwip-2.1.2/src/core/tcp.c ****         LWIP_DEBUGF(TCP_DEBUG, ("tcp_slowtmr: polling application\n"));
1423:./lwip-2.1.2/src/core/tcp.c ****         tcp_active_pcbs_changed = 0;
 3389              		.loc 1 1423 33
 3390 0fd8 2A4B     		ldr	r3, .L226+20
 3391 0fda 0022     		movs	r2, #0
 3392 0fdc 1A70     		strb	r2, [r3]
1424:./lwip-2.1.2/src/core/tcp.c ****         TCP_EVENT_POLL(prev, err);
 3393              		.loc 1 1424 9
 3394 0fde BB6A     		ldr	r3, [r7, #40]
 3395 0fe0 D3F88C30 		ldr	r3, [r3, #140]
 3396 0fe4 002B     		cmp	r3, #0
 3397 0fe6 0BD0     		beq	.L214
 3398              		.loc 1 1424 9 is_stmt 0 discriminator 1
 3399 0fe8 BB6A     		ldr	r3, [r7, #40]
 3400 0fea D3F88C30 		ldr	r3, [r3, #140]
 3401 0fee BA6A     		ldr	r2, [r7, #40]
 3402 0ff0 1269     		ldr	r2, [r2, #16]
 3403 0ff2 B96A     		ldr	r1, [r7, #40]
 3404 0ff4 1046     		mov	r0, r2
 3405 0ff6 9847     		blx	r3
 3406              	.LVL2:
 3407 0ff8 0346     		mov	r3, r0
 3408 0ffa 87F82530 		strb	r3, [r7, #37]
 3409 0ffe 02E0     		b	.L215
 3410              	.L214:
 3411              		.loc 1 1424 9 discriminator 2
 3412 1000 0023     		movs	r3, #0
 3413 1002 87F82530 		strb	r3, [r7, #37]
 3414              	.L215:
1425:./lwip-2.1.2/src/core/tcp.c ****         if (tcp_active_pcbs_changed) {
 3415              		.loc 1 1425 13 is_stmt 1
 3416 1006 1F4B     		ldr	r3, .L226+20
 3417 1008 1B78     		ldrb	r3, [r3]	@ zero_extendqisi2
 3418              		.loc 1 1425 12
 3419 100a 002B     		cmp	r3, #0
 3420 100c 00D0     		beq	.L216
1426:./lwip-2.1.2/src/core/tcp.c ****           goto tcp_slowtmr_start;
 3421              		.loc 1 1426 11
 3422 100e BEE5     		b	.L185
 3423              	.L216:
1427:./lwip-2.1.2/src/core/tcp.c ****         }
1428:./lwip-2.1.2/src/core/tcp.c ****         /* if err == ERR_ABRT, 'prev' is already deallocated */
1429:./lwip-2.1.2/src/core/tcp.c ****         if (err == ERR_OK) {
 3424              		.loc 1 1429 12
 3425 1010 97F92530 		ldrsb	r3, [r7, #37]
 3426 1014 002B     		cmp	r3, #0
 3427 1016 02D1     		bne	.L186
1430:./lwip-2.1.2/src/core/tcp.c ****           tcp_output(prev);
 3428              		.loc 1 1430 11
 3429 1018 B86A     		ldr	r0, [r7, #40]
 3430 101a FFF7FEFF 		bl	tcp_output
 3431              	.L186:
1212:./lwip-2.1.2/src/core/tcp.c ****     LWIP_DEBUGF(TCP_DEBUG, ("tcp_slowtmr: processing active pcb\n"));
 3432              		.loc 1 1212 9
 3433 101e FB6A     		ldr	r3, [r7, #44]
 3434 1020 002B     		cmp	r3, #0
 3435 1022 7FF4BAAD 		bne	.L217
1431:./lwip-2.1.2/src/core/tcp.c ****         }
1432:./lwip-2.1.2/src/core/tcp.c ****       }
1433:./lwip-2.1.2/src/core/tcp.c ****     }
1434:./lwip-2.1.2/src/core/tcp.c ****   }
1435:./lwip-2.1.2/src/core/tcp.c **** 
1436:./lwip-2.1.2/src/core/tcp.c **** 
1437:./lwip-2.1.2/src/core/tcp.c ****   /* Steps through all of the TIME-WAIT PCBs. */
1438:./lwip-2.1.2/src/core/tcp.c ****   prev = NULL;
 3436              		.loc 1 1438 8
 3437 1026 0023     		movs	r3, #0
 3438 1028 BB62     		str	r3, [r7, #40]
1439:./lwip-2.1.2/src/core/tcp.c ****   pcb = tcp_tw_pcbs;
 3439              		.loc 1 1439 7
 3440 102a 174B     		ldr	r3, .L226+24
 3441 102c 1B68     		ldr	r3, [r3]
 3442 102e FB62     		str	r3, [r7, #44]
1440:./lwip-2.1.2/src/core/tcp.c ****   while (pcb != NULL) {
 3443              		.loc 1 1440 9
 3444 1030 3EE0     		b	.L218
 3445              	.L223:
1441:./lwip-2.1.2/src/core/tcp.c ****     LWIP_ASSERT("tcp_slowtmr: TIME-WAIT pcb->state == TIME-WAIT", pcb->state == TIME_WAIT);
1442:./lwip-2.1.2/src/core/tcp.c ****     pcb_remove = 0;
 3446              		.loc 1 1442 16
 3447 1032 0023     		movs	r3, #0
 3448 1034 87F82730 		strb	r3, [r7, #39]
1443:./lwip-2.1.2/src/core/tcp.c **** 
1444:./lwip-2.1.2/src/core/tcp.c ****     /* Check if this PCB has stayed long enough in TIME-WAIT */
1445:./lwip-2.1.2/src/core/tcp.c ****     if ((u32_t)(tcp_ticks - pcb->tmr) > 2 * TCP_MSL / TCP_SLOW_INTERVAL) {
 3449              		.loc 1 1445 27
 3450 1038 0D4B     		ldr	r3, .L226
 3451 103a 1A68     		ldr	r2, [r3]
 3452              		.loc 1 1445 32
 3453 103c FB6A     		ldr	r3, [r7, #44]
 3454 103e 1B6A     		ldr	r3, [r3, #32]
 3455              		.loc 1 1445 27
 3456 1040 D31A     		subs	r3, r2, r3
 3457              		.loc 1 1445 8
 3458 1042 F02B     		cmp	r3, #240
 3459 1044 04D9     		bls	.L219
1446:./lwip-2.1.2/src/core/tcp.c ****       ++pcb_remove;
 3460              		.loc 1 1446 7
 3461 1046 97F82730 		ldrb	r3, [r7, #39]
 3462 104a 0133     		adds	r3, r3, #1
 3463 104c 87F82730 		strb	r3, [r7, #39]
 3464              	.L219:
1447:./lwip-2.1.2/src/core/tcp.c ****     }
1448:./lwip-2.1.2/src/core/tcp.c **** 
1449:./lwip-2.1.2/src/core/tcp.c ****     /* If the PCB should be removed, do it. */
1450:./lwip-2.1.2/src/core/tcp.c ****     if (pcb_remove) {
 3465              		.loc 1 1450 8
 3466 1050 97F82730 		ldrb	r3, [r7, #39]	@ zero_extendqisi2
 3467 1054 002B     		cmp	r3, #0
 3468 1056 26D0     		beq	.L220
 3469              	.LBB14:
1451:./lwip-2.1.2/src/core/tcp.c ****       struct tcp_pcb *pcb2;
1452:./lwip-2.1.2/src/core/tcp.c ****       tcp_pcb_purge(pcb);
 3470              		.loc 1 1452 7
 3471 1058 F86A     		ldr	r0, [r7, #44]
 3472 105a FFF7FEFF 		bl	tcp_pcb_purge
1453:./lwip-2.1.2/src/core/tcp.c ****       /* Remove PCB from tcp_tw_pcbs list. */
1454:./lwip-2.1.2/src/core/tcp.c ****       if (prev != NULL) {
 3473              		.loc 1 1454 10
 3474 105e BB6A     		ldr	r3, [r7, #40]
 3475 1060 002B     		cmp	r3, #0
 3476 1062 13D0     		beq	.L221
1455:./lwip-2.1.2/src/core/tcp.c ****         LWIP_ASSERT("tcp_slowtmr: middle tcp != tcp_tw_pcbs", pcb != tcp_tw_pcbs);
1456:./lwip-2.1.2/src/core/tcp.c ****         prev->next = pcb->next;
 3477              		.loc 1 1456 25
 3478 1064 FB6A     		ldr	r3, [r7, #44]
 3479 1066 DA68     		ldr	r2, [r3, #12]
 3480              		.loc 1 1456 20
 3481 1068 BB6A     		ldr	r3, [r7, #40]
 3482 106a DA60     		str	r2, [r3, #12]
 3483 106c 12E0     		b	.L222
 3484              	.L227:
 3485 106e 00BF     		.align	2
 3486              	.L226:
 3487 1070 00000000 		.word	tcp_ticks
 3488 1074 B84C0A00 		.word	675000
 3489 1078 D34D6210 		.word	274877907
 3490 107c F8240100 		.word	75000
 3491 1080 00000000 		.word	tcp_active_pcbs
 3492 1084 00000000 		.word	tcp_active_pcbs_changed
 3493 1088 00000000 		.word	tcp_tw_pcbs
 3494              	.L221:
1457:./lwip-2.1.2/src/core/tcp.c ****       } else {
1458:./lwip-2.1.2/src/core/tcp.c ****         /* This PCB was the first. */
1459:./lwip-2.1.2/src/core/tcp.c ****         LWIP_ASSERT("tcp_slowtmr: first pcb == tcp_tw_pcbs", tcp_tw_pcbs == pcb);
1460:./lwip-2.1.2/src/core/tcp.c ****         tcp_tw_pcbs = pcb->next;
 3495              		.loc 1 1460 26
 3496 108c FB6A     		ldr	r3, [r7, #44]
 3497 108e DB68     		ldr	r3, [r3, #12]
 3498              		.loc 1 1460 21
 3499 1090 0B4A     		ldr	r2, .L228
 3500 1092 1360     		str	r3, [r2]
 3501              	.L222:
1461:./lwip-2.1.2/src/core/tcp.c ****       }
1462:./lwip-2.1.2/src/core/tcp.c ****       pcb2 = pcb;
 3502              		.loc 1 1462 12
 3503 1094 FB6A     		ldr	r3, [r7, #44]
 3504 1096 FB61     		str	r3, [r7, #28]
1463:./lwip-2.1.2/src/core/tcp.c ****       pcb = pcb->next;
 3505              		.loc 1 1463 11
 3506 1098 FB6A     		ldr	r3, [r7, #44]
 3507 109a DB68     		ldr	r3, [r3, #12]
 3508 109c FB62     		str	r3, [r7, #44]
1464:./lwip-2.1.2/src/core/tcp.c ****       tcp_free(pcb2);
 3509              		.loc 1 1464 7
 3510 109e F869     		ldr	r0, [r7, #28]
 3511 10a0 FFF7FEFF 		bl	tcp_free
 3512              	.LBE14:
 3513 10a4 04E0     		b	.L218
 3514              	.L220:
1465:./lwip-2.1.2/src/core/tcp.c ****     } else {
1466:./lwip-2.1.2/src/core/tcp.c ****       prev = pcb;
 3515              		.loc 1 1466 12
 3516 10a6 FB6A     		ldr	r3, [r7, #44]
 3517 10a8 BB62     		str	r3, [r7, #40]
1467:./lwip-2.1.2/src/core/tcp.c ****       pcb = pcb->next;
 3518              		.loc 1 1467 11
 3519 10aa FB6A     		ldr	r3, [r7, #44]
 3520 10ac DB68     		ldr	r3, [r3, #12]
 3521 10ae FB62     		str	r3, [r7, #44]
 3522              	.L218:
1440:./lwip-2.1.2/src/core/tcp.c ****     LWIP_ASSERT("tcp_slowtmr: TIME-WAIT pcb->state == TIME-WAIT", pcb->state == TIME_WAIT);
 3523              		.loc 1 1440 9
 3524 10b0 FB6A     		ldr	r3, [r7, #44]
 3525 10b2 002B     		cmp	r3, #0
 3526 10b4 BDD1     		bne	.L223
1468:./lwip-2.1.2/src/core/tcp.c ****     }
1469:./lwip-2.1.2/src/core/tcp.c ****   }
1470:./lwip-2.1.2/src/core/tcp.c **** }
 3527              		.loc 1 1470 1
 3528 10b6 00BF     		nop
 3529 10b8 00BF     		nop
 3530 10ba 3037     		adds	r7, r7, #48
 3531              	.LCFI106:
 3532              		.cfi_def_cfa_offset 16
 3533 10bc BD46     		mov	sp, r7
 3534              	.LCFI107:
 3535              		.cfi_def_cfa_register 13
 3536              		@ sp needed
 3537 10be B0BD     		pop	{r4, r5, r7, pc}
 3538              	.L229:
 3539              		.align	2
 3540              	.L228:
 3541 10c0 00000000 		.word	tcp_tw_pcbs
 3542              		.cfi_endproc
 3543              	.LFE46:
 3545              		.align	1
 3546              		.global	tcp_fasttmr
 3547              		.syntax unified
 3548              		.thumb
 3549              		.thumb_func
 3550              		.fpu fpv5-d16
 3552              	tcp_fasttmr:
 3553              	.LFB47:
1471:./lwip-2.1.2/src/core/tcp.c **** 
1472:./lwip-2.1.2/src/core/tcp.c **** /**
1473:./lwip-2.1.2/src/core/tcp.c ****  * Is called every TCP_FAST_INTERVAL (250 ms) and process data previously
1474:./lwip-2.1.2/src/core/tcp.c ****  * "refused" by upper layer (application) and sends delayed ACKs or pending FINs.
1475:./lwip-2.1.2/src/core/tcp.c ****  *
1476:./lwip-2.1.2/src/core/tcp.c ****  * Automatically called from tcp_tmr().
1477:./lwip-2.1.2/src/core/tcp.c ****  */
1478:./lwip-2.1.2/src/core/tcp.c **** void
1479:./lwip-2.1.2/src/core/tcp.c **** tcp_fasttmr(void)
1480:./lwip-2.1.2/src/core/tcp.c **** {
 3554              		.loc 1 1480 1
 3555              		.cfi_startproc
 3556              		@ args = 0, pretend = 0, frame = 8
 3557              		@ frame_needed = 1, uses_anonymous_args = 0
 3558 10c4 80B5     		push	{r7, lr}
 3559              	.LCFI108:
 3560              		.cfi_def_cfa_offset 8
 3561              		.cfi_offset 7, -8
 3562              		.cfi_offset 14, -4
 3563 10c6 82B0     		sub	sp, sp, #8
 3564              	.LCFI109:
 3565              		.cfi_def_cfa_offset 16
 3566 10c8 00AF     		add	r7, sp, #0
 3567              	.LCFI110:
 3568              		.cfi_def_cfa_register 7
1481:./lwip-2.1.2/src/core/tcp.c ****   struct tcp_pcb *pcb;
1482:./lwip-2.1.2/src/core/tcp.c **** 
1483:./lwip-2.1.2/src/core/tcp.c ****   ++tcp_timer_ctr;
 3569              		.loc 1 1483 3
 3570 10ca 2D4B     		ldr	r3, .L238
 3571 10cc 1B78     		ldrb	r3, [r3]	@ zero_extendqisi2
 3572 10ce 0133     		adds	r3, r3, #1
 3573 10d0 DAB2     		uxtb	r2, r3
 3574 10d2 2B4B     		ldr	r3, .L238
 3575 10d4 1A70     		strb	r2, [r3]
 3576              	.L231:
1484:./lwip-2.1.2/src/core/tcp.c **** 
1485:./lwip-2.1.2/src/core/tcp.c **** tcp_fasttmr_start:
1486:./lwip-2.1.2/src/core/tcp.c ****   pcb = tcp_active_pcbs;
 3577              		.loc 1 1486 7
 3578 10d6 2B4B     		ldr	r3, .L238+4
 3579 10d8 1B68     		ldr	r3, [r3]
 3580 10da 7B60     		str	r3, [r7, #4]
1487:./lwip-2.1.2/src/core/tcp.c **** 
1488:./lwip-2.1.2/src/core/tcp.c ****   while (pcb != NULL) {
 3581              		.loc 1 1488 9
 3582 10dc 48E0     		b	.L232
 3583              	.L237:
1489:./lwip-2.1.2/src/core/tcp.c ****     if (pcb->last_timer != tcp_timer_ctr) {
 3584              		.loc 1 1489 12
 3585 10de 7B68     		ldr	r3, [r7, #4]
 3586 10e0 9A7F     		ldrb	r2, [r3, #30]	@ zero_extendqisi2
 3587              		.loc 1 1489 25
 3588 10e2 274B     		ldr	r3, .L238
 3589 10e4 1B78     		ldrb	r3, [r3]	@ zero_extendqisi2
 3590              		.loc 1 1489 8
 3591 10e6 9A42     		cmp	r2, r3
 3592 10e8 3FD0     		beq	.L233
 3593              	.LBB15:
1490:./lwip-2.1.2/src/core/tcp.c ****       struct tcp_pcb *next;
1491:./lwip-2.1.2/src/core/tcp.c ****       pcb->last_timer = tcp_timer_ctr;
 3594              		.loc 1 1491 23
 3595 10ea 254B     		ldr	r3, .L238
 3596 10ec 1A78     		ldrb	r2, [r3]	@ zero_extendqisi2
 3597 10ee 7B68     		ldr	r3, [r7, #4]
 3598 10f0 9A77     		strb	r2, [r3, #30]
1492:./lwip-2.1.2/src/core/tcp.c ****       /* send delayed ACKs */
1493:./lwip-2.1.2/src/core/tcp.c ****       if (pcb->flags & TF_ACK_DELAY) {
 3599              		.loc 1 1493 14
 3600 10f2 7B68     		ldr	r3, [r7, #4]
 3601 10f4 5B8B     		ldrh	r3, [r3, #26]
 3602              		.loc 1 1493 22
 3603 10f6 03F00103 		and	r3, r3, #1
 3604              		.loc 1 1493 10
 3605 10fa 002B     		cmp	r3, #0
 3606 10fc 10D0     		beq	.L234
1494:./lwip-2.1.2/src/core/tcp.c ****         LWIP_DEBUGF(TCP_DEBUG, ("tcp_fasttmr: delayed ACK\n"));
1495:./lwip-2.1.2/src/core/tcp.c ****         tcp_ack_now(pcb);
 3607              		.loc 1 1495 9
 3608 10fe 7B68     		ldr	r3, [r7, #4]
 3609 1100 5B8B     		ldrh	r3, [r3, #26]
 3610 1102 43F00203 		orr	r3, r3, #2
 3611 1106 9AB2     		uxth	r2, r3
 3612 1108 7B68     		ldr	r3, [r7, #4]
 3613 110a 5A83     		strh	r2, [r3, #26]	@ movhi
1496:./lwip-2.1.2/src/core/tcp.c ****         tcp_output(pcb);
 3614              		.loc 1 1496 9
 3615 110c 7868     		ldr	r0, [r7, #4]
 3616 110e FFF7FEFF 		bl	tcp_output
1497:./lwip-2.1.2/src/core/tcp.c ****         tcp_clear_flags(pcb, TF_ACK_DELAY | TF_ACK_NOW);
 3617              		.loc 1 1497 9
 3618 1112 7B68     		ldr	r3, [r7, #4]
 3619 1114 5B8B     		ldrh	r3, [r3, #26]
 3620 1116 23F00303 		bic	r3, r3, #3
 3621 111a 9AB2     		uxth	r2, r3
 3622 111c 7B68     		ldr	r3, [r7, #4]
 3623 111e 5A83     		strh	r2, [r3, #26]	@ movhi
 3624              	.L234:
1498:./lwip-2.1.2/src/core/tcp.c ****       }
1499:./lwip-2.1.2/src/core/tcp.c ****       /* send pending FIN */
1500:./lwip-2.1.2/src/core/tcp.c ****       if (pcb->flags & TF_CLOSEPEND) {
 3625              		.loc 1 1500 14
 3626 1120 7B68     		ldr	r3, [r7, #4]
 3627 1122 5B8B     		ldrh	r3, [r3, #26]
 3628              		.loc 1 1500 22
 3629 1124 03F00803 		and	r3, r3, #8
 3630              		.loc 1 1500 10
 3631 1128 002B     		cmp	r3, #0
 3632 112a 09D0     		beq	.L235
1501:./lwip-2.1.2/src/core/tcp.c ****         LWIP_DEBUGF(TCP_DEBUG, ("tcp_fasttmr: pending FIN\n"));
1502:./lwip-2.1.2/src/core/tcp.c ****         tcp_clear_flags(pcb, TF_CLOSEPEND);
 3633              		.loc 1 1502 9
 3634 112c 7B68     		ldr	r3, [r7, #4]
 3635 112e 5B8B     		ldrh	r3, [r3, #26]
 3636 1130 23F00803 		bic	r3, r3, #8
 3637 1134 9AB2     		uxth	r2, r3
 3638 1136 7B68     		ldr	r3, [r7, #4]
 3639 1138 5A83     		strh	r2, [r3, #26]	@ movhi
1503:./lwip-2.1.2/src/core/tcp.c ****         tcp_close_shutdown_fin(pcb);
 3640              		.loc 1 1503 9
 3641 113a 7868     		ldr	r0, [r7, #4]
 3642 113c FFF79CF8 		bl	tcp_close_shutdown_fin
 3643              	.L235:
1504:./lwip-2.1.2/src/core/tcp.c ****       }
1505:./lwip-2.1.2/src/core/tcp.c **** 
1506:./lwip-2.1.2/src/core/tcp.c ****       next = pcb->next;
 3644              		.loc 1 1506 12
 3645 1140 7B68     		ldr	r3, [r7, #4]
 3646 1142 DB68     		ldr	r3, [r3, #12]
 3647 1144 3B60     		str	r3, [r7]
1507:./lwip-2.1.2/src/core/tcp.c **** 
1508:./lwip-2.1.2/src/core/tcp.c ****       /* If there is data which was previously "refused" by upper layer */
1509:./lwip-2.1.2/src/core/tcp.c ****       if (pcb->refused_data != NULL) {
 3648              		.loc 1 1509 14
 3649 1146 7B68     		ldr	r3, [r7, #4]
 3650 1148 9B6F     		ldr	r3, [r3, #120]
 3651              		.loc 1 1509 10
 3652 114a 002B     		cmp	r3, #0
 3653 114c 0AD0     		beq	.L236
1510:./lwip-2.1.2/src/core/tcp.c ****         tcp_active_pcbs_changed = 0;
 3654              		.loc 1 1510 33
 3655 114e 0E4B     		ldr	r3, .L238+8
 3656 1150 0022     		movs	r2, #0
 3657 1152 1A70     		strb	r2, [r3]
1511:./lwip-2.1.2/src/core/tcp.c ****         tcp_process_refused_data(pcb);
 3658              		.loc 1 1511 9
 3659 1154 7868     		ldr	r0, [r7, #4]
 3660 1156 FFF7FEFF 		bl	tcp_process_refused_data
1512:./lwip-2.1.2/src/core/tcp.c ****         if (tcp_active_pcbs_changed) {
 3661              		.loc 1 1512 13
 3662 115a 0B4B     		ldr	r3, .L238+8
 3663 115c 1B78     		ldrb	r3, [r3]	@ zero_extendqisi2
 3664              		.loc 1 1512 12
 3665 115e 002B     		cmp	r3, #0
 3666 1160 00D0     		beq	.L236
1513:./lwip-2.1.2/src/core/tcp.c ****           /* application callback has changed the pcb list: restart the loop */
1514:./lwip-2.1.2/src/core/tcp.c ****           goto tcp_fasttmr_start;
 3667              		.loc 1 1514 11
 3668 1162 B8E7     		b	.L231
 3669              	.L236:
1515:./lwip-2.1.2/src/core/tcp.c ****         }
1516:./lwip-2.1.2/src/core/tcp.c ****       }
1517:./lwip-2.1.2/src/core/tcp.c ****       pcb = next;
 3670              		.loc 1 1517 11
 3671 1164 3B68     		ldr	r3, [r7]
 3672 1166 7B60     		str	r3, [r7, #4]
 3673              	.LBE15:
 3674 1168 02E0     		b	.L232
 3675              	.L233:
1518:./lwip-2.1.2/src/core/tcp.c ****     } else {
1519:./lwip-2.1.2/src/core/tcp.c ****       pcb = pcb->next;
 3676              		.loc 1 1519 11
 3677 116a 7B68     		ldr	r3, [r7, #4]
 3678 116c DB68     		ldr	r3, [r3, #12]
 3679 116e 7B60     		str	r3, [r7, #4]
 3680              	.L232:
1488:./lwip-2.1.2/src/core/tcp.c ****     if (pcb->last_timer != tcp_timer_ctr) {
 3681              		.loc 1 1488 9
 3682 1170 7B68     		ldr	r3, [r7, #4]
 3683 1172 002B     		cmp	r3, #0
 3684 1174 B3D1     		bne	.L237
1520:./lwip-2.1.2/src/core/tcp.c ****     }
1521:./lwip-2.1.2/src/core/tcp.c ****   }
1522:./lwip-2.1.2/src/core/tcp.c **** }
 3685              		.loc 1 1522 1
 3686 1176 00BF     		nop
 3687 1178 00BF     		nop
 3688 117a 0837     		adds	r7, r7, #8
 3689              	.LCFI111:
 3690              		.cfi_def_cfa_offset 8
 3691 117c BD46     		mov	sp, r7
 3692              	.LCFI112:
 3693              		.cfi_def_cfa_register 13
 3694              		@ sp needed
 3695 117e 80BD     		pop	{r7, pc}
 3696              	.L239:
 3697              		.align	2
 3698              	.L238:
 3699 1180 16000000 		.word	tcp_timer_ctr
 3700 1184 00000000 		.word	tcp_active_pcbs
 3701 1188 00000000 		.word	tcp_active_pcbs_changed
 3702              		.cfi_endproc
 3703              	.LFE47:
 3705              		.align	1
 3706              		.global	tcp_txnow
 3707              		.syntax unified
 3708              		.thumb
 3709              		.thumb_func
 3710              		.fpu fpv5-d16
 3712              	tcp_txnow:
 3713              	.LFB48:
1523:./lwip-2.1.2/src/core/tcp.c **** 
1524:./lwip-2.1.2/src/core/tcp.c **** /** Call tcp_output for all active pcbs that have TF_NAGLEMEMERR set */
1525:./lwip-2.1.2/src/core/tcp.c **** void
1526:./lwip-2.1.2/src/core/tcp.c **** tcp_txnow(void)
1527:./lwip-2.1.2/src/core/tcp.c **** {
 3714              		.loc 1 1527 1
 3715              		.cfi_startproc
 3716              		@ args = 0, pretend = 0, frame = 8
 3717              		@ frame_needed = 1, uses_anonymous_args = 0
 3718 118c 80B5     		push	{r7, lr}
 3719              	.LCFI113:
 3720              		.cfi_def_cfa_offset 8
 3721              		.cfi_offset 7, -8
 3722              		.cfi_offset 14, -4
 3723 118e 82B0     		sub	sp, sp, #8
 3724              	.LCFI114:
 3725              		.cfi_def_cfa_offset 16
 3726 1190 00AF     		add	r7, sp, #0
 3727              	.LCFI115:
 3728              		.cfi_def_cfa_register 7
1528:./lwip-2.1.2/src/core/tcp.c ****   struct tcp_pcb *pcb;
1529:./lwip-2.1.2/src/core/tcp.c **** 
1530:./lwip-2.1.2/src/core/tcp.c ****   for (pcb = tcp_active_pcbs; pcb != NULL; pcb = pcb->next) {
 3729              		.loc 1 1530 12
 3730 1192 0C4B     		ldr	r3, .L244
 3731 1194 1B68     		ldr	r3, [r3]
 3732 1196 7B60     		str	r3, [r7, #4]
 3733              		.loc 1 1530 3
 3734 1198 0BE0     		b	.L241
 3735              	.L243:
1531:./lwip-2.1.2/src/core/tcp.c ****     if (pcb->flags & TF_NAGLEMEMERR) {
 3736              		.loc 1 1531 12
 3737 119a 7B68     		ldr	r3, [r7, #4]
 3738 119c 5B8B     		ldrh	r3, [r3, #26]
 3739              		.loc 1 1531 20
 3740 119e 03F08003 		and	r3, r3, #128
 3741              		.loc 1 1531 8
 3742 11a2 002B     		cmp	r3, #0
 3743 11a4 02D0     		beq	.L242
1532:./lwip-2.1.2/src/core/tcp.c ****       tcp_output(pcb);
 3744              		.loc 1 1532 7
 3745 11a6 7868     		ldr	r0, [r7, #4]
 3746 11a8 FFF7FEFF 		bl	tcp_output
 3747              	.L242:
1530:./lwip-2.1.2/src/core/tcp.c ****     if (pcb->flags & TF_NAGLEMEMERR) {
 3748              		.loc 1 1530 48 discriminator 2
 3749 11ac 7B68     		ldr	r3, [r7, #4]
 3750 11ae DB68     		ldr	r3, [r3, #12]
 3751 11b0 7B60     		str	r3, [r7, #4]
 3752              	.L241:
1530:./lwip-2.1.2/src/core/tcp.c ****     if (pcb->flags & TF_NAGLEMEMERR) {
 3753              		.loc 1 1530 3 discriminator 1
 3754 11b2 7B68     		ldr	r3, [r7, #4]
 3755 11b4 002B     		cmp	r3, #0
 3756 11b6 F0D1     		bne	.L243
1533:./lwip-2.1.2/src/core/tcp.c ****     }
1534:./lwip-2.1.2/src/core/tcp.c ****   }
1535:./lwip-2.1.2/src/core/tcp.c **** }
 3757              		.loc 1 1535 1
 3758 11b8 00BF     		nop
 3759 11ba 00BF     		nop
 3760 11bc 0837     		adds	r7, r7, #8
 3761              	.LCFI116:
 3762              		.cfi_def_cfa_offset 8
 3763 11be BD46     		mov	sp, r7
 3764              	.LCFI117:
 3765              		.cfi_def_cfa_register 13
 3766              		@ sp needed
 3767 11c0 80BD     		pop	{r7, pc}
 3768              	.L245:
 3769 11c2 00BF     		.align	2
 3770              	.L244:
 3771 11c4 00000000 		.word	tcp_active_pcbs
 3772              		.cfi_endproc
 3773              	.LFE48:
 3775              		.align	1
 3776              		.global	tcp_process_refused_data
 3777              		.syntax unified
 3778              		.thumb
 3779              		.thumb_func
 3780              		.fpu fpv5-d16
 3782              	tcp_process_refused_data:
 3783              	.LFB49:
1536:./lwip-2.1.2/src/core/tcp.c **** 
1537:./lwip-2.1.2/src/core/tcp.c **** /** Pass pcb->refused_data to the recv callback */
1538:./lwip-2.1.2/src/core/tcp.c **** err_t
1539:./lwip-2.1.2/src/core/tcp.c **** tcp_process_refused_data(struct tcp_pcb *pcb)
1540:./lwip-2.1.2/src/core/tcp.c **** {
 3784              		.loc 1 1540 1
 3785              		.cfi_startproc
 3786              		@ args = 0, pretend = 0, frame = 16
 3787              		@ frame_needed = 1, uses_anonymous_args = 0
 3788 11c8 90B5     		push	{r4, r7, lr}
 3789              	.LCFI118:
 3790              		.cfi_def_cfa_offset 12
 3791              		.cfi_offset 4, -12
 3792              		.cfi_offset 7, -8
 3793              		.cfi_offset 14, -4
 3794 11ca 85B0     		sub	sp, sp, #20
 3795              	.LCFI119:
 3796              		.cfi_def_cfa_offset 32
 3797 11cc 00AF     		add	r7, sp, #0
 3798              	.LCFI120:
 3799              		.cfi_def_cfa_register 7
 3800 11ce 7860     		str	r0, [r7, #4]
1541:./lwip-2.1.2/src/core/tcp.c **** #if TCP_QUEUE_OOSEQ && LWIP_WND_SCALE
1542:./lwip-2.1.2/src/core/tcp.c ****   struct pbuf *rest;
1543:./lwip-2.1.2/src/core/tcp.c **** #endif /* TCP_QUEUE_OOSEQ && LWIP_WND_SCALE */
1544:./lwip-2.1.2/src/core/tcp.c **** 
1545:./lwip-2.1.2/src/core/tcp.c ****   LWIP_ERROR("tcp_process_refused_data: invalid pcb", pcb != NULL, return ERR_ARG);
 3801              		.loc 1 1545 3
 3802 11d0 7B68     		ldr	r3, [r7, #4]
 3803 11d2 002B     		cmp	r3, #0
 3804 11d4 02D1     		bne	.L247
 3805              		.loc 1 1545 3 is_stmt 0 discriminator 1
 3806 11d6 6FF00F03 		mvn	r3, #15
 3807 11da 60E0     		b	.L248
 3808              	.L247:
 3809              	.LBB16:
1546:./lwip-2.1.2/src/core/tcp.c **** 
1547:./lwip-2.1.2/src/core/tcp.c **** #if TCP_QUEUE_OOSEQ && LWIP_WND_SCALE
1548:./lwip-2.1.2/src/core/tcp.c ****   while (pcb->refused_data != NULL)
1549:./lwip-2.1.2/src/core/tcp.c **** #endif /* TCP_QUEUE_OOSEQ && LWIP_WND_SCALE */
1550:./lwip-2.1.2/src/core/tcp.c ****   {
1551:./lwip-2.1.2/src/core/tcp.c ****     err_t err;
1552:./lwip-2.1.2/src/core/tcp.c ****     u8_t refused_flags = pcb->refused_data->flags;
 3810              		.loc 1 1552 29 is_stmt 1
 3811 11dc 7B68     		ldr	r3, [r7, #4]
 3812 11de 9B6F     		ldr	r3, [r3, #120]
 3813              		.loc 1 1552 10
 3814 11e0 5B7B     		ldrb	r3, [r3, #13]
 3815 11e2 BB73     		strb	r3, [r7, #14]
1553:./lwip-2.1.2/src/core/tcp.c ****     /* set pcb->refused_data to NULL in case the callback frees it and then
1554:./lwip-2.1.2/src/core/tcp.c ****        closes the pcb */
1555:./lwip-2.1.2/src/core/tcp.c ****     struct pbuf *refused_data = pcb->refused_data;
 3816              		.loc 1 1555 18
 3817 11e4 7B68     		ldr	r3, [r7, #4]
 3818 11e6 9B6F     		ldr	r3, [r3, #120]
 3819 11e8 BB60     		str	r3, [r7, #8]
1556:./lwip-2.1.2/src/core/tcp.c **** #if TCP_QUEUE_OOSEQ && LWIP_WND_SCALE
1557:./lwip-2.1.2/src/core/tcp.c ****     pbuf_split_64k(refused_data, &rest);
1558:./lwip-2.1.2/src/core/tcp.c ****     pcb->refused_data = rest;
1559:./lwip-2.1.2/src/core/tcp.c **** #else /* TCP_QUEUE_OOSEQ && LWIP_WND_SCALE */
1560:./lwip-2.1.2/src/core/tcp.c ****     pcb->refused_data = NULL;
 3820              		.loc 1 1560 23
 3821 11ea 7B68     		ldr	r3, [r7, #4]
 3822 11ec 0022     		movs	r2, #0
 3823 11ee 9A67     		str	r2, [r3, #120]
1561:./lwip-2.1.2/src/core/tcp.c **** #endif /* TCP_QUEUE_OOSEQ && LWIP_WND_SCALE */
1562:./lwip-2.1.2/src/core/tcp.c ****     /* Notify again application with data previously received. */
1563:./lwip-2.1.2/src/core/tcp.c ****     LWIP_DEBUGF(TCP_INPUT_DEBUG, ("tcp_input: notify kept packet\n"));
1564:./lwip-2.1.2/src/core/tcp.c ****     TCP_EVENT_RECV(pcb, refused_data, ERR_OK, err);
 3824              		.loc 1 1564 5
 3825 11f0 7B68     		ldr	r3, [r7, #4]
 3826 11f2 D3F88430 		ldr	r3, [r3, #132]
 3827 11f6 002B     		cmp	r3, #0
 3828 11f8 0BD0     		beq	.L249
 3829              		.loc 1 1564 5 is_stmt 0 discriminator 1
 3830 11fa 7B68     		ldr	r3, [r7, #4]
 3831 11fc D3F88440 		ldr	r4, [r3, #132]
 3832 1200 7B68     		ldr	r3, [r7, #4]
 3833 1202 1869     		ldr	r0, [r3, #16]
 3834 1204 0023     		movs	r3, #0
 3835 1206 BA68     		ldr	r2, [r7, #8]
 3836 1208 7968     		ldr	r1, [r7, #4]
 3837 120a A047     		blx	r4
 3838              	.LVL3:
 3839 120c 0346     		mov	r3, r0
 3840 120e FB73     		strb	r3, [r7, #15]
 3841 1210 07E0     		b	.L250
 3842              	.L249:
 3843              		.loc 1 1564 5 discriminator 2
 3844 1212 0023     		movs	r3, #0
 3845 1214 BA68     		ldr	r2, [r7, #8]
 3846 1216 7968     		ldr	r1, [r7, #4]
 3847 1218 0020     		movs	r0, #0
 3848 121a FFF7FEFF 		bl	tcp_recv_null
 3849 121e 0346     		mov	r3, r0
 3850 1220 FB73     		strb	r3, [r7, #15]
 3851              	.L250:
1565:./lwip-2.1.2/src/core/tcp.c ****     if (err == ERR_OK) {
 3852              		.loc 1 1565 8 is_stmt 1
 3853 1222 97F90F30 		ldrsb	r3, [r7, #15]
 3854 1226 002B     		cmp	r3, #0
 3855 1228 2AD1     		bne	.L251
1566:./lwip-2.1.2/src/core/tcp.c ****       /* did refused_data include a FIN? */
1567:./lwip-2.1.2/src/core/tcp.c ****       if ((refused_flags & PBUF_FLAG_TCP_FIN)
 3856              		.loc 1 1567 26
 3857 122a BB7B     		ldrb	r3, [r7, #14]	@ zero_extendqisi2
 3858 122c 03F02003 		and	r3, r3, #32
 3859              		.loc 1 1567 10
 3860 1230 002B     		cmp	r3, #0
 3861 1232 33D0     		beq	.L252
1568:./lwip-2.1.2/src/core/tcp.c **** #if TCP_QUEUE_OOSEQ && LWIP_WND_SCALE
1569:./lwip-2.1.2/src/core/tcp.c ****           && (rest == NULL)
1570:./lwip-2.1.2/src/core/tcp.c **** #endif /* TCP_QUEUE_OOSEQ && LWIP_WND_SCALE */
1571:./lwip-2.1.2/src/core/tcp.c ****          ) {
1572:./lwip-2.1.2/src/core/tcp.c ****         /* correct rcv_wnd as the application won't call tcp_recved()
1573:./lwip-2.1.2/src/core/tcp.c ****            for the FIN's seqno */
1574:./lwip-2.1.2/src/core/tcp.c ****         if (pcb->rcv_wnd != TCP_WND_MAX(pcb)) {
 3862              		.loc 1 1574 16
 3863 1234 7B68     		ldr	r3, [r7, #4]
 3864 1236 1B8D     		ldrh	r3, [r3, #40]
 3865              		.loc 1 1574 12
 3866 1238 B3F5066F 		cmp	r3, #2144
 3867 123c 05D0     		beq	.L253
1575:./lwip-2.1.2/src/core/tcp.c ****           pcb->rcv_wnd++;
 3868              		.loc 1 1575 14
 3869 123e 7B68     		ldr	r3, [r7, #4]
 3870 1240 1B8D     		ldrh	r3, [r3, #40]
 3871              		.loc 1 1575 23
 3872 1242 0133     		adds	r3, r3, #1
 3873 1244 9AB2     		uxth	r2, r3
 3874 1246 7B68     		ldr	r3, [r7, #4]
 3875 1248 1A85     		strh	r2, [r3, #40]	@ movhi
 3876              	.L253:
1576:./lwip-2.1.2/src/core/tcp.c ****         }
1577:./lwip-2.1.2/src/core/tcp.c ****         TCP_EVENT_CLOSED(pcb, err);
 3877              		.loc 1 1577 9
 3878 124a 7B68     		ldr	r3, [r7, #4]
 3879 124c D3F88430 		ldr	r3, [r3, #132]
 3880 1250 002B     		cmp	r3, #0
 3881 1252 0BD0     		beq	.L254
 3882              		.loc 1 1577 9 is_stmt 0 discriminator 1
 3883 1254 7B68     		ldr	r3, [r7, #4]
 3884 1256 D3F88440 		ldr	r4, [r3, #132]
 3885 125a 7B68     		ldr	r3, [r7, #4]
 3886 125c 1869     		ldr	r0, [r3, #16]
 3887 125e 0023     		movs	r3, #0
 3888 1260 0022     		movs	r2, #0
 3889 1262 7968     		ldr	r1, [r7, #4]
 3890 1264 A047     		blx	r4
 3891              	.LVL4:
 3892 1266 0346     		mov	r3, r0
 3893 1268 FB73     		strb	r3, [r7, #15]
 3894 126a 01E0     		b	.L255
 3895              	.L254:
 3896              		.loc 1 1577 9 discriminator 2
 3897 126c 0023     		movs	r3, #0
 3898 126e FB73     		strb	r3, [r7, #15]
 3899              	.L255:
1578:./lwip-2.1.2/src/core/tcp.c ****         if (err == ERR_ABRT) {
 3900              		.loc 1 1578 12 is_stmt 1
 3901 1270 97F90F30 		ldrsb	r3, [r7, #15]
 3902 1274 13F10D0F 		cmn	r3, #13
 3903 1278 10D1     		bne	.L252
1579:./lwip-2.1.2/src/core/tcp.c ****           return ERR_ABRT;
 3904              		.loc 1 1579 18
 3905 127a 6FF00C03 		mvn	r3, #12
 3906 127e 0EE0     		b	.L248
 3907              	.L251:
1580:./lwip-2.1.2/src/core/tcp.c ****         }
1581:./lwip-2.1.2/src/core/tcp.c ****       }
1582:./lwip-2.1.2/src/core/tcp.c ****     } else if (err == ERR_ABRT) {
 3908              		.loc 1 1582 15
 3909 1280 97F90F30 		ldrsb	r3, [r7, #15]
 3910 1284 13F10D0F 		cmn	r3, #13
 3911 1288 02D1     		bne	.L256
1583:./lwip-2.1.2/src/core/tcp.c ****       /* if err == ERR_ABRT, 'pcb' is already deallocated */
1584:./lwip-2.1.2/src/core/tcp.c ****       /* Drop incoming packets because pcb is "full" (only if the incoming
1585:./lwip-2.1.2/src/core/tcp.c ****          segment contains data). */
1586:./lwip-2.1.2/src/core/tcp.c ****       LWIP_DEBUGF(TCP_INPUT_DEBUG, ("tcp_input: drop incoming packets, because pcb is \"full\"\n"))
1587:./lwip-2.1.2/src/core/tcp.c ****       return ERR_ABRT;
 3912              		.loc 1 1587 14
 3913 128a 6FF00C03 		mvn	r3, #12
 3914 128e 06E0     		b	.L248
 3915              	.L256:
1588:./lwip-2.1.2/src/core/tcp.c ****     } else {
1589:./lwip-2.1.2/src/core/tcp.c ****       /* data is still refused, pbuf is still valid (go on for ACK-only packets) */
1590:./lwip-2.1.2/src/core/tcp.c **** #if TCP_QUEUE_OOSEQ && LWIP_WND_SCALE
1591:./lwip-2.1.2/src/core/tcp.c ****       if (rest != NULL) {
1592:./lwip-2.1.2/src/core/tcp.c ****         pbuf_cat(refused_data, rest);
1593:./lwip-2.1.2/src/core/tcp.c ****       }
1594:./lwip-2.1.2/src/core/tcp.c **** #endif /* TCP_QUEUE_OOSEQ && LWIP_WND_SCALE */
1595:./lwip-2.1.2/src/core/tcp.c ****       pcb->refused_data = refused_data;
 3916              		.loc 1 1595 25
 3917 1290 7B68     		ldr	r3, [r7, #4]
 3918 1292 BA68     		ldr	r2, [r7, #8]
 3919 1294 9A67     		str	r2, [r3, #120]
1596:./lwip-2.1.2/src/core/tcp.c ****       return ERR_INPROGRESS;
 3920              		.loc 1 1596 14
 3921 1296 6FF00403 		mvn	r3, #4
 3922 129a 00E0     		b	.L248
 3923              	.L252:
 3924              	.LBE16:
1597:./lwip-2.1.2/src/core/tcp.c ****     }
1598:./lwip-2.1.2/src/core/tcp.c ****   }
1599:./lwip-2.1.2/src/core/tcp.c ****   return ERR_OK;
 3925              		.loc 1 1599 10
 3926 129c 0023     		movs	r3, #0
 3927              	.L248:
1600:./lwip-2.1.2/src/core/tcp.c **** }
 3928              		.loc 1 1600 1
 3929 129e 1846     		mov	r0, r3
 3930 12a0 1437     		adds	r7, r7, #20
 3931              	.LCFI121:
 3932              		.cfi_def_cfa_offset 12
 3933 12a2 BD46     		mov	sp, r7
 3934              	.LCFI122:
 3935              		.cfi_def_cfa_register 13
 3936              		@ sp needed
 3937 12a4 90BD     		pop	{r4, r7, pc}
 3938              		.cfi_endproc
 3939              	.LFE49:
 3941              		.align	1
 3942              		.global	tcp_segs_free
 3943              		.syntax unified
 3944              		.thumb
 3945              		.thumb_func
 3946              		.fpu fpv5-d16
 3948              	tcp_segs_free:
 3949              	.LFB50:
1601:./lwip-2.1.2/src/core/tcp.c **** 
1602:./lwip-2.1.2/src/core/tcp.c **** /**
1603:./lwip-2.1.2/src/core/tcp.c ****  * Deallocates a list of TCP segments (tcp_seg structures).
1604:./lwip-2.1.2/src/core/tcp.c ****  *
1605:./lwip-2.1.2/src/core/tcp.c ****  * @param seg tcp_seg list of TCP segments to free
1606:./lwip-2.1.2/src/core/tcp.c ****  */
1607:./lwip-2.1.2/src/core/tcp.c **** void
1608:./lwip-2.1.2/src/core/tcp.c **** tcp_segs_free(struct tcp_seg *seg)
1609:./lwip-2.1.2/src/core/tcp.c **** {
 3950              		.loc 1 1609 1
 3951              		.cfi_startproc
 3952              		@ args = 0, pretend = 0, frame = 16
 3953              		@ frame_needed = 1, uses_anonymous_args = 0
 3954 12a6 80B5     		push	{r7, lr}
 3955              	.LCFI123:
 3956              		.cfi_def_cfa_offset 8
 3957              		.cfi_offset 7, -8
 3958              		.cfi_offset 14, -4
 3959 12a8 84B0     		sub	sp, sp, #16
 3960              	.LCFI124:
 3961              		.cfi_def_cfa_offset 24
 3962 12aa 00AF     		add	r7, sp, #0
 3963              	.LCFI125:
 3964              		.cfi_def_cfa_register 7
 3965 12ac 7860     		str	r0, [r7, #4]
1610:./lwip-2.1.2/src/core/tcp.c ****   while (seg != NULL) {
 3966              		.loc 1 1610 9
 3967 12ae 07E0     		b	.L258
 3968              	.L259:
 3969              	.LBB17:
1611:./lwip-2.1.2/src/core/tcp.c ****     struct tcp_seg *next = seg->next;
 3970              		.loc 1 1611 21
 3971 12b0 7B68     		ldr	r3, [r7, #4]
 3972 12b2 1B68     		ldr	r3, [r3]
 3973 12b4 FB60     		str	r3, [r7, #12]
1612:./lwip-2.1.2/src/core/tcp.c ****     tcp_seg_free(seg);
 3974              		.loc 1 1612 5
 3975 12b6 7868     		ldr	r0, [r7, #4]
 3976 12b8 FFF7FEFF 		bl	tcp_seg_free
1613:./lwip-2.1.2/src/core/tcp.c ****     seg = next;
 3977              		.loc 1 1613 9
 3978 12bc FB68     		ldr	r3, [r7, #12]
 3979 12be 7B60     		str	r3, [r7, #4]
 3980              	.L258:
 3981              	.LBE17:
1610:./lwip-2.1.2/src/core/tcp.c ****     struct tcp_seg *next = seg->next;
 3982              		.loc 1 1610 9
 3983 12c0 7B68     		ldr	r3, [r7, #4]
 3984 12c2 002B     		cmp	r3, #0
 3985 12c4 F4D1     		bne	.L259
1614:./lwip-2.1.2/src/core/tcp.c ****   }
1615:./lwip-2.1.2/src/core/tcp.c **** }
 3986              		.loc 1 1615 1
 3987 12c6 00BF     		nop
 3988 12c8 00BF     		nop
 3989 12ca 1037     		adds	r7, r7, #16
 3990              	.LCFI126:
 3991              		.cfi_def_cfa_offset 8
 3992 12cc BD46     		mov	sp, r7
 3993              	.LCFI127:
 3994              		.cfi_def_cfa_register 13
 3995              		@ sp needed
 3996 12ce 80BD     		pop	{r7, pc}
 3997              		.cfi_endproc
 3998              	.LFE50:
 4000              		.align	1
 4001              		.global	tcp_seg_free
 4002              		.syntax unified
 4003              		.thumb
 4004              		.thumb_func
 4005              		.fpu fpv5-d16
 4007              	tcp_seg_free:
 4008              	.LFB51:
1616:./lwip-2.1.2/src/core/tcp.c **** 
1617:./lwip-2.1.2/src/core/tcp.c **** /**
1618:./lwip-2.1.2/src/core/tcp.c ****  * Frees a TCP segment (tcp_seg structure).
1619:./lwip-2.1.2/src/core/tcp.c ****  *
1620:./lwip-2.1.2/src/core/tcp.c ****  * @param seg single tcp_seg to free
1621:./lwip-2.1.2/src/core/tcp.c ****  */
1622:./lwip-2.1.2/src/core/tcp.c **** void
1623:./lwip-2.1.2/src/core/tcp.c **** tcp_seg_free(struct tcp_seg *seg)
1624:./lwip-2.1.2/src/core/tcp.c **** {
 4009              		.loc 1 1624 1
 4010              		.cfi_startproc
 4011              		@ args = 0, pretend = 0, frame = 8
 4012              		@ frame_needed = 1, uses_anonymous_args = 0
 4013 12d0 80B5     		push	{r7, lr}
 4014              	.LCFI128:
 4015              		.cfi_def_cfa_offset 8
 4016              		.cfi_offset 7, -8
 4017              		.cfi_offset 14, -4
 4018 12d2 82B0     		sub	sp, sp, #8
 4019              	.LCFI129:
 4020              		.cfi_def_cfa_offset 16
 4021 12d4 00AF     		add	r7, sp, #0
 4022              	.LCFI130:
 4023              		.cfi_def_cfa_register 7
 4024 12d6 7860     		str	r0, [r7, #4]
1625:./lwip-2.1.2/src/core/tcp.c ****   if (seg != NULL) {
 4025              		.loc 1 1625 6
 4026 12d8 7B68     		ldr	r3, [r7, #4]
 4027 12da 002B     		cmp	r3, #0
 4028 12dc 0CD0     		beq	.L263
1626:./lwip-2.1.2/src/core/tcp.c ****     if (seg->p != NULL) {
 4029              		.loc 1 1626 12
 4030 12de 7B68     		ldr	r3, [r7, #4]
 4031 12e0 5B68     		ldr	r3, [r3, #4]
 4032              		.loc 1 1626 8
 4033 12e2 002B     		cmp	r3, #0
 4034 12e4 04D0     		beq	.L262
1627:./lwip-2.1.2/src/core/tcp.c ****       pbuf_free(seg->p);
 4035              		.loc 1 1627 7
 4036 12e6 7B68     		ldr	r3, [r7, #4]
 4037 12e8 5B68     		ldr	r3, [r3, #4]
 4038 12ea 1846     		mov	r0, r3
 4039 12ec FFF7FEFF 		bl	pbuf_free
 4040              	.L262:
1628:./lwip-2.1.2/src/core/tcp.c **** #if TCP_DEBUG
1629:./lwip-2.1.2/src/core/tcp.c ****       seg->p = NULL;
1630:./lwip-2.1.2/src/core/tcp.c **** #endif /* TCP_DEBUG */
1631:./lwip-2.1.2/src/core/tcp.c ****     }
1632:./lwip-2.1.2/src/core/tcp.c ****     memp_free(MEMP_TCP_SEG, seg);
 4041              		.loc 1 1632 5
 4042 12f0 7968     		ldr	r1, [r7, #4]
 4043 12f2 0320     		movs	r0, #3
 4044 12f4 FFF7FEFF 		bl	memp_free
 4045              	.L263:
1633:./lwip-2.1.2/src/core/tcp.c ****   }
1634:./lwip-2.1.2/src/core/tcp.c **** }
 4046              		.loc 1 1634 1
 4047 12f8 00BF     		nop
 4048 12fa 0837     		adds	r7, r7, #8
 4049              	.LCFI131:
 4050              		.cfi_def_cfa_offset 8
 4051 12fc BD46     		mov	sp, r7
 4052              	.LCFI132:
 4053              		.cfi_def_cfa_register 13
 4054              		@ sp needed
 4055 12fe 80BD     		pop	{r7, pc}
 4056              		.cfi_endproc
 4057              	.LFE51:
 4059              		.align	1
 4060              		.global	tcp_setprio
 4061              		.syntax unified
 4062              		.thumb
 4063              		.thumb_func
 4064              		.fpu fpv5-d16
 4066              	tcp_setprio:
 4067              	.LFB52:
1635:./lwip-2.1.2/src/core/tcp.c **** 
1636:./lwip-2.1.2/src/core/tcp.c **** /**
1637:./lwip-2.1.2/src/core/tcp.c ****  * @ingroup tcp
1638:./lwip-2.1.2/src/core/tcp.c ****  * Sets the priority of a connection.
1639:./lwip-2.1.2/src/core/tcp.c ****  *
1640:./lwip-2.1.2/src/core/tcp.c ****  * @param pcb the tcp_pcb to manipulate
1641:./lwip-2.1.2/src/core/tcp.c ****  * @param prio new priority
1642:./lwip-2.1.2/src/core/tcp.c ****  */
1643:./lwip-2.1.2/src/core/tcp.c **** void
1644:./lwip-2.1.2/src/core/tcp.c **** tcp_setprio(struct tcp_pcb *pcb, u8_t prio)
1645:./lwip-2.1.2/src/core/tcp.c **** {
 4068              		.loc 1 1645 1
 4069              		.cfi_startproc
 4070              		@ args = 0, pretend = 0, frame = 8
 4071              		@ frame_needed = 1, uses_anonymous_args = 0
 4072              		@ link register save eliminated.
 4073 1300 80B4     		push	{r7}
 4074              	.LCFI133:
 4075              		.cfi_def_cfa_offset 4
 4076              		.cfi_offset 7, -4
 4077 1302 83B0     		sub	sp, sp, #12
 4078              	.LCFI134:
 4079              		.cfi_def_cfa_offset 16
 4080 1304 00AF     		add	r7, sp, #0
 4081              	.LCFI135:
 4082              		.cfi_def_cfa_register 7
 4083 1306 7860     		str	r0, [r7, #4]
 4084 1308 0B46     		mov	r3, r1
 4085 130a FB70     		strb	r3, [r7, #3]
1646:./lwip-2.1.2/src/core/tcp.c ****   LWIP_ASSERT_CORE_LOCKED();
1647:./lwip-2.1.2/src/core/tcp.c **** 
1648:./lwip-2.1.2/src/core/tcp.c ****   LWIP_ERROR("tcp_setprio: invalid pcb", pcb != NULL, return);
 4086              		.loc 1 1648 3
 4087 130c 7B68     		ldr	r3, [r7, #4]
 4088 130e 002B     		cmp	r3, #0
 4089 1310 03D0     		beq	.L267
1649:./lwip-2.1.2/src/core/tcp.c **** 
1650:./lwip-2.1.2/src/core/tcp.c ****   pcb->prio = prio;
 4090              		.loc 1 1650 13
 4091 1312 7B68     		ldr	r3, [r7, #4]
 4092 1314 FA78     		ldrb	r2, [r7, #3]
 4093 1316 5A75     		strb	r2, [r3, #21]
 4094 1318 00E0     		b	.L264
 4095              	.L267:
1648:./lwip-2.1.2/src/core/tcp.c **** 
 4096              		.loc 1 1648 3
 4097 131a 00BF     		nop
 4098              	.L264:
1651:./lwip-2.1.2/src/core/tcp.c **** }
 4099              		.loc 1 1651 1
 4100 131c 0C37     		adds	r7, r7, #12
 4101              	.LCFI136:
 4102              		.cfi_def_cfa_offset 4
 4103 131e BD46     		mov	sp, r7
 4104              	.LCFI137:
 4105              		.cfi_def_cfa_register 13
 4106              		@ sp needed
 4107 1320 5DF8047B 		ldr	r7, [sp], #4
 4108              	.LCFI138:
 4109              		.cfi_restore 7
 4110              		.cfi_def_cfa_offset 0
 4111 1324 7047     		bx	lr
 4112              		.cfi_endproc
 4113              	.LFE52:
 4115              		.align	1
 4116              		.global	tcp_seg_copy
 4117              		.syntax unified
 4118              		.thumb
 4119              		.thumb_func
 4120              		.fpu fpv5-d16
 4122              	tcp_seg_copy:
 4123              	.LFB53:
1652:./lwip-2.1.2/src/core/tcp.c **** 
1653:./lwip-2.1.2/src/core/tcp.c **** #if TCP_QUEUE_OOSEQ
1654:./lwip-2.1.2/src/core/tcp.c **** /**
1655:./lwip-2.1.2/src/core/tcp.c ****  * Returns a copy of the given TCP segment.
1656:./lwip-2.1.2/src/core/tcp.c ****  * The pbuf and data are not copied, only the pointers
1657:./lwip-2.1.2/src/core/tcp.c ****  *
1658:./lwip-2.1.2/src/core/tcp.c ****  * @param seg the old tcp_seg
1659:./lwip-2.1.2/src/core/tcp.c ****  * @return a copy of seg
1660:./lwip-2.1.2/src/core/tcp.c ****  */
1661:./lwip-2.1.2/src/core/tcp.c **** struct tcp_seg *
1662:./lwip-2.1.2/src/core/tcp.c **** tcp_seg_copy(struct tcp_seg *seg)
1663:./lwip-2.1.2/src/core/tcp.c **** {
 4124              		.loc 1 1663 1
 4125              		.cfi_startproc
 4126              		@ args = 0, pretend = 0, frame = 16
 4127              		@ frame_needed = 1, uses_anonymous_args = 0
 4128 1326 80B5     		push	{r7, lr}
 4129              	.LCFI139:
 4130              		.cfi_def_cfa_offset 8
 4131              		.cfi_offset 7, -8
 4132              		.cfi_offset 14, -4
 4133 1328 84B0     		sub	sp, sp, #16
 4134              	.LCFI140:
 4135              		.cfi_def_cfa_offset 24
 4136 132a 00AF     		add	r7, sp, #0
 4137              	.LCFI141:
 4138              		.cfi_def_cfa_register 7
 4139 132c 7860     		str	r0, [r7, #4]
1664:./lwip-2.1.2/src/core/tcp.c ****   struct tcp_seg *cseg;
1665:./lwip-2.1.2/src/core/tcp.c **** 
1666:./lwip-2.1.2/src/core/tcp.c ****   LWIP_ASSERT("tcp_seg_copy: invalid seg", seg != NULL);
1667:./lwip-2.1.2/src/core/tcp.c **** 
1668:./lwip-2.1.2/src/core/tcp.c ****   cseg = (struct tcp_seg *)memp_malloc(MEMP_TCP_SEG);
 4140              		.loc 1 1668 28
 4141 132e 0320     		movs	r0, #3
 4142 1330 FFF7FEFF 		bl	memp_malloc
 4143 1334 F860     		str	r0, [r7, #12]
1669:./lwip-2.1.2/src/core/tcp.c ****   if (cseg == NULL) {
 4144              		.loc 1 1669 6
 4145 1336 FB68     		ldr	r3, [r7, #12]
 4146 1338 002B     		cmp	r3, #0
 4147 133a 01D1     		bne	.L269
1670:./lwip-2.1.2/src/core/tcp.c ****     return NULL;
 4148              		.loc 1 1670 12
 4149 133c 0023     		movs	r3, #0
 4150 133e 0AE0     		b	.L270
 4151              	.L269:
1671:./lwip-2.1.2/src/core/tcp.c ****   }
1672:./lwip-2.1.2/src/core/tcp.c ****   SMEMCPY((u8_t *)cseg, (const u8_t *)seg, sizeof(struct tcp_seg));
 4152              		.loc 1 1672 3
 4153 1340 1022     		movs	r2, #16
 4154 1342 7968     		ldr	r1, [r7, #4]
 4155 1344 F868     		ldr	r0, [r7, #12]
 4156 1346 FFF7FEFF 		bl	memcpy
1673:./lwip-2.1.2/src/core/tcp.c ****   pbuf_ref(cseg->p);
 4157              		.loc 1 1673 3
 4158 134a FB68     		ldr	r3, [r7, #12]
 4159 134c 5B68     		ldr	r3, [r3, #4]
 4160 134e 1846     		mov	r0, r3
 4161 1350 FFF7FEFF 		bl	pbuf_ref
1674:./lwip-2.1.2/src/core/tcp.c ****   return cseg;
 4162              		.loc 1 1674 10
 4163 1354 FB68     		ldr	r3, [r7, #12]
 4164              	.L270:
1675:./lwip-2.1.2/src/core/tcp.c **** }
 4165              		.loc 1 1675 1
 4166 1356 1846     		mov	r0, r3
 4167 1358 1037     		adds	r7, r7, #16
 4168              	.LCFI142:
 4169              		.cfi_def_cfa_offset 8
 4170 135a BD46     		mov	sp, r7
 4171              	.LCFI143:
 4172              		.cfi_def_cfa_register 13
 4173              		@ sp needed
 4174 135c 80BD     		pop	{r7, pc}
 4175              		.cfi_endproc
 4176              	.LFE53:
 4178              		.align	1
 4179              		.global	tcp_recv_null
 4180              		.syntax unified
 4181              		.thumb
 4182              		.thumb_func
 4183              		.fpu fpv5-d16
 4185              	tcp_recv_null:
 4186              	.LFB54:
1676:./lwip-2.1.2/src/core/tcp.c **** #endif /* TCP_QUEUE_OOSEQ */
1677:./lwip-2.1.2/src/core/tcp.c **** 
1678:./lwip-2.1.2/src/core/tcp.c **** #if LWIP_CALLBACK_API
1679:./lwip-2.1.2/src/core/tcp.c **** /**
1680:./lwip-2.1.2/src/core/tcp.c ****  * Default receive callback that is called if the user didn't register
1681:./lwip-2.1.2/src/core/tcp.c ****  * a recv callback for the pcb.
1682:./lwip-2.1.2/src/core/tcp.c ****  */
1683:./lwip-2.1.2/src/core/tcp.c **** err_t
1684:./lwip-2.1.2/src/core/tcp.c **** tcp_recv_null(void *arg, struct tcp_pcb *pcb, struct pbuf *p, err_t err)
1685:./lwip-2.1.2/src/core/tcp.c **** {
 4187              		.loc 1 1685 1
 4188              		.cfi_startproc
 4189              		@ args = 0, pretend = 0, frame = 16
 4190              		@ frame_needed = 1, uses_anonymous_args = 0
 4191 135e 80B5     		push	{r7, lr}
 4192              	.LCFI144:
 4193              		.cfi_def_cfa_offset 8
 4194              		.cfi_offset 7, -8
 4195              		.cfi_offset 14, -4
 4196 1360 84B0     		sub	sp, sp, #16
 4197              	.LCFI145:
 4198              		.cfi_def_cfa_offset 24
 4199 1362 00AF     		add	r7, sp, #0
 4200              	.LCFI146:
 4201              		.cfi_def_cfa_register 7
 4202 1364 F860     		str	r0, [r7, #12]
 4203 1366 B960     		str	r1, [r7, #8]
 4204 1368 7A60     		str	r2, [r7, #4]
 4205 136a FB70     		strb	r3, [r7, #3]
1686:./lwip-2.1.2/src/core/tcp.c ****   LWIP_UNUSED_ARG(arg);
1687:./lwip-2.1.2/src/core/tcp.c **** 
1688:./lwip-2.1.2/src/core/tcp.c ****   LWIP_ERROR("tcp_recv_null: invalid pcb", pcb != NULL, return ERR_ARG);
 4206              		.loc 1 1688 3
 4207 136c BB68     		ldr	r3, [r7, #8]
 4208 136e 002B     		cmp	r3, #0
 4209 1370 02D1     		bne	.L272
 4210              		.loc 1 1688 3 is_stmt 0 discriminator 1
 4211 1372 6FF00F03 		mvn	r3, #15
 4212 1376 16E0     		b	.L273
 4213              	.L272:
1689:./lwip-2.1.2/src/core/tcp.c **** 
1690:./lwip-2.1.2/src/core/tcp.c ****   if (p != NULL) {
 4214              		.loc 1 1690 6 is_stmt 1
 4215 1378 7B68     		ldr	r3, [r7, #4]
 4216 137a 002B     		cmp	r3, #0
 4217 137c 09D0     		beq	.L274
1691:./lwip-2.1.2/src/core/tcp.c ****     tcp_recved(pcb, p->tot_len);
 4218              		.loc 1 1691 5
 4219 137e 7B68     		ldr	r3, [r7, #4]
 4220 1380 1B89     		ldrh	r3, [r3, #8]
 4221 1382 1946     		mov	r1, r3
 4222 1384 B868     		ldr	r0, [r7, #8]
 4223 1386 FFF7FEFF 		bl	tcp_recved
1692:./lwip-2.1.2/src/core/tcp.c ****     pbuf_free(p);
 4224              		.loc 1 1692 5
 4225 138a 7868     		ldr	r0, [r7, #4]
 4226 138c FFF7FEFF 		bl	pbuf_free
 4227 1390 08E0     		b	.L275
 4228              	.L274:
1693:./lwip-2.1.2/src/core/tcp.c ****   } else if (err == ERR_OK) {
 4229              		.loc 1 1693 13
 4230 1392 97F90330 		ldrsb	r3, [r7, #3]
 4231 1396 002B     		cmp	r3, #0
 4232 1398 04D1     		bne	.L275
1694:./lwip-2.1.2/src/core/tcp.c ****     return tcp_close(pcb);
 4233              		.loc 1 1694 12
 4234 139a B868     		ldr	r0, [r7, #8]
 4235 139c FFF7FEFF 		bl	tcp_close
 4236 13a0 0346     		mov	r3, r0
 4237 13a2 00E0     		b	.L273
 4238              	.L275:
1695:./lwip-2.1.2/src/core/tcp.c ****   }
1696:./lwip-2.1.2/src/core/tcp.c ****   return ERR_OK;
 4239              		.loc 1 1696 10
 4240 13a4 0023     		movs	r3, #0
 4241              	.L273:
1697:./lwip-2.1.2/src/core/tcp.c **** }
 4242              		.loc 1 1697 1
 4243 13a6 1846     		mov	r0, r3
 4244 13a8 1037     		adds	r7, r7, #16
 4245              	.LCFI147:
 4246              		.cfi_def_cfa_offset 8
 4247 13aa BD46     		mov	sp, r7
 4248              	.LCFI148:
 4249              		.cfi_def_cfa_register 13
 4250              		@ sp needed
 4251 13ac 80BD     		pop	{r7, pc}
 4252              		.cfi_endproc
 4253              	.LFE54:
 4255              		.align	1
 4256              		.syntax unified
 4257              		.thumb
 4258              		.thumb_func
 4259              		.fpu fpv5-d16
 4261              	tcp_kill_prio:
 4262              	.LFB55:
1698:./lwip-2.1.2/src/core/tcp.c **** #endif /* LWIP_CALLBACK_API */
1699:./lwip-2.1.2/src/core/tcp.c **** 
1700:./lwip-2.1.2/src/core/tcp.c **** /**
1701:./lwip-2.1.2/src/core/tcp.c ****  * Kills the oldest active connection that has a lower priority than 'prio'.
1702:./lwip-2.1.2/src/core/tcp.c ****  *
1703:./lwip-2.1.2/src/core/tcp.c ****  * @param prio minimum priority
1704:./lwip-2.1.2/src/core/tcp.c ****  */
1705:./lwip-2.1.2/src/core/tcp.c **** static void
1706:./lwip-2.1.2/src/core/tcp.c **** tcp_kill_prio(u8_t prio)
1707:./lwip-2.1.2/src/core/tcp.c **** {
 4263              		.loc 1 1707 1
 4264              		.cfi_startproc
 4265              		@ args = 0, pretend = 0, frame = 24
 4266              		@ frame_needed = 1, uses_anonymous_args = 0
 4267 13ae 80B5     		push	{r7, lr}
 4268              	.LCFI149:
 4269              		.cfi_def_cfa_offset 8
 4270              		.cfi_offset 7, -8
 4271              		.cfi_offset 14, -4
 4272 13b0 86B0     		sub	sp, sp, #24
 4273              	.LCFI150:
 4274              		.cfi_def_cfa_offset 32
 4275 13b2 00AF     		add	r7, sp, #0
 4276              	.LCFI151:
 4277              		.cfi_def_cfa_register 7
 4278 13b4 0346     		mov	r3, r0
 4279 13b6 FB71     		strb	r3, [r7, #7]
1708:./lwip-2.1.2/src/core/tcp.c ****   struct tcp_pcb *pcb, *inactive;
1709:./lwip-2.1.2/src/core/tcp.c ****   u32_t inactivity;
1710:./lwip-2.1.2/src/core/tcp.c ****   u8_t mprio;
1711:./lwip-2.1.2/src/core/tcp.c **** 
1712:./lwip-2.1.2/src/core/tcp.c ****   mprio = LWIP_MIN(TCP_PRIO_MAX, prio);
 4280              		.loc 1 1712 11
 4281 13b8 97F90730 		ldrsb	r3, [r7, #7]
 4282              		.loc 1 1712 9
 4283 13bc 002B     		cmp	r3, #0
 4284 13be 01DB     		blt	.L277
 4285              		.loc 1 1712 9 is_stmt 0 discriminator 1
 4286 13c0 FB79     		ldrb	r3, [r7, #7]	@ zero_extendqisi2
 4287 13c2 00E0     		b	.L278
 4288              	.L277:
 4289              		.loc 1 1712 9 discriminator 2
 4290 13c4 7F23     		movs	r3, #127
 4291              	.L278:
 4292              		.loc 1 1712 9 discriminator 4
 4293 13c6 FB72     		strb	r3, [r7, #11]
1713:./lwip-2.1.2/src/core/tcp.c **** 
1714:./lwip-2.1.2/src/core/tcp.c ****   /* We want to kill connections with a lower prio, so bail out if 
1715:./lwip-2.1.2/src/core/tcp.c ****    * supplied prio is 0 - there can never be a lower prio
1716:./lwip-2.1.2/src/core/tcp.c ****    */
1717:./lwip-2.1.2/src/core/tcp.c ****   if (mprio == 0) {
 4294              		.loc 1 1717 6 is_stmt 1 discriminator 4
 4295 13c8 FB7A     		ldrb	r3, [r7, #11]	@ zero_extendqisi2
 4296 13ca 002B     		cmp	r3, #0
 4297 13cc 34D0     		beq	.L285
1718:./lwip-2.1.2/src/core/tcp.c ****     return;
1719:./lwip-2.1.2/src/core/tcp.c ****   }
1720:./lwip-2.1.2/src/core/tcp.c **** 
1721:./lwip-2.1.2/src/core/tcp.c ****   /* We only want kill connections with a lower prio, so decrement prio by one 
1722:./lwip-2.1.2/src/core/tcp.c ****    * and start searching for oldest connection with same or lower priority than mprio.
1723:./lwip-2.1.2/src/core/tcp.c ****    * We want to find the connections with the lowest possible prio, and among
1724:./lwip-2.1.2/src/core/tcp.c ****    * these the one with the longest inactivity time.
1725:./lwip-2.1.2/src/core/tcp.c ****    */
1726:./lwip-2.1.2/src/core/tcp.c ****   mprio--;
 4298              		.loc 1 1726 8
 4299 13ce FB7A     		ldrb	r3, [r7, #11]	@ zero_extendqisi2
 4300 13d0 013B     		subs	r3, r3, #1
 4301 13d2 FB72     		strb	r3, [r7, #11]
1727:./lwip-2.1.2/src/core/tcp.c **** 
1728:./lwip-2.1.2/src/core/tcp.c ****   inactivity = 0;
 4302              		.loc 1 1728 14
 4303 13d4 0023     		movs	r3, #0
 4304 13d6 FB60     		str	r3, [r7, #12]
1729:./lwip-2.1.2/src/core/tcp.c ****   inactive = NULL;
 4305              		.loc 1 1729 12
 4306 13d8 0023     		movs	r3, #0
 4307 13da 3B61     		str	r3, [r7, #16]
1730:./lwip-2.1.2/src/core/tcp.c ****   for (pcb = tcp_active_pcbs; pcb != NULL; pcb = pcb->next) {
 4308              		.loc 1 1730 12
 4309 13dc 184B     		ldr	r3, .L286
 4310 13de 1B68     		ldr	r3, [r3]
 4311 13e0 7B61     		str	r3, [r7, #20]
 4312              		.loc 1 1730 3
 4313 13e2 1FE0     		b	.L281
 4314              	.L284:
1731:./lwip-2.1.2/src/core/tcp.c ****         /* lower prio is always a kill candidate */
1732:./lwip-2.1.2/src/core/tcp.c ****     if ((pcb->prio < mprio) ||
 4315              		.loc 1 1732 13
 4316 13e4 7B69     		ldr	r3, [r7, #20]
 4317 13e6 5B7D     		ldrb	r3, [r3, #21]	@ zero_extendqisi2
 4318              		.loc 1 1732 8
 4319 13e8 FA7A     		ldrb	r2, [r7, #11]	@ zero_extendqisi2
 4320 13ea 9A42     		cmp	r2, r3
 4321 13ec 0CD8     		bhi	.L282
1733:./lwip-2.1.2/src/core/tcp.c ****         /* longer inactivity is also a kill candidate */
1734:./lwip-2.1.2/src/core/tcp.c ****         ((pcb->prio == mprio) && ((u32_t)(tcp_ticks - pcb->tmr) >= inactivity))) {
 4322              		.loc 1 1734 14 discriminator 1
 4323 13ee 7B69     		ldr	r3, [r7, #20]
 4324 13f0 5B7D     		ldrb	r3, [r3, #21]	@ zero_extendqisi2
1732:./lwip-2.1.2/src/core/tcp.c ****         /* longer inactivity is also a kill candidate */
 4325              		.loc 1 1732 29 discriminator 1
 4326 13f2 FA7A     		ldrb	r2, [r7, #11]	@ zero_extendqisi2
 4327 13f4 9A42     		cmp	r2, r3
 4328 13f6 12D1     		bne	.L283
 4329              		.loc 1 1734 53
 4330 13f8 124B     		ldr	r3, .L286+4
 4331 13fa 1A68     		ldr	r2, [r3]
 4332              		.loc 1 1734 58
 4333 13fc 7B69     		ldr	r3, [r7, #20]
 4334 13fe 1B6A     		ldr	r3, [r3, #32]
 4335              		.loc 1 1734 53
 4336 1400 D31A     		subs	r3, r2, r3
 4337              		.loc 1 1734 31
 4338 1402 FA68     		ldr	r2, [r7, #12]
 4339 1404 9A42     		cmp	r2, r3
 4340 1406 0AD8     		bhi	.L283
 4341              	.L282:
1735:./lwip-2.1.2/src/core/tcp.c ****       inactivity = tcp_ticks - pcb->tmr;
 4342              		.loc 1 1735 30
 4343 1408 0E4B     		ldr	r3, .L286+4
 4344 140a 1A68     		ldr	r2, [r3]
 4345              		.loc 1 1735 35
 4346 140c 7B69     		ldr	r3, [r7, #20]
 4347 140e 1B6A     		ldr	r3, [r3, #32]
 4348              		.loc 1 1735 18
 4349 1410 D31A     		subs	r3, r2, r3
 4350 1412 FB60     		str	r3, [r7, #12]
1736:./lwip-2.1.2/src/core/tcp.c ****       inactive   = pcb;
 4351              		.loc 1 1736 18
 4352 1414 7B69     		ldr	r3, [r7, #20]
 4353 1416 3B61     		str	r3, [r7, #16]
1737:./lwip-2.1.2/src/core/tcp.c ****       mprio      = pcb->prio;
 4354              		.loc 1 1737 18
 4355 1418 7B69     		ldr	r3, [r7, #20]
 4356 141a 5B7D     		ldrb	r3, [r3, #21]
 4357 141c FB72     		strb	r3, [r7, #11]
 4358              	.L283:
1730:./lwip-2.1.2/src/core/tcp.c ****         /* lower prio is always a kill candidate */
 4359              		.loc 1 1730 48 discriminator 2
 4360 141e 7B69     		ldr	r3, [r7, #20]
 4361 1420 DB68     		ldr	r3, [r3, #12]
 4362 1422 7B61     		str	r3, [r7, #20]
 4363              	.L281:
1730:./lwip-2.1.2/src/core/tcp.c ****         /* lower prio is always a kill candidate */
 4364              		.loc 1 1730 3 discriminator 1
 4365 1424 7B69     		ldr	r3, [r7, #20]
 4366 1426 002B     		cmp	r3, #0
 4367 1428 DCD1     		bne	.L284
1738:./lwip-2.1.2/src/core/tcp.c ****     }
1739:./lwip-2.1.2/src/core/tcp.c ****   }
1740:./lwip-2.1.2/src/core/tcp.c ****   if (inactive != NULL) {
 4368              		.loc 1 1740 6
 4369 142a 3B69     		ldr	r3, [r7, #16]
 4370 142c 002B     		cmp	r3, #0
 4371 142e 04D0     		beq	.L276
1741:./lwip-2.1.2/src/core/tcp.c ****     LWIP_DEBUGF(TCP_DEBUG, ("tcp_kill_prio: killing oldest PCB %p (%"S32_F")\n",
1742:./lwip-2.1.2/src/core/tcp.c ****                             (void *)inactive, inactivity));
1743:./lwip-2.1.2/src/core/tcp.c ****     tcp_abort(inactive);
 4372              		.loc 1 1743 5
 4373 1430 3869     		ldr	r0, [r7, #16]
 4374 1432 FFF7FEFF 		bl	tcp_abort
 4375 1436 00E0     		b	.L276
 4376              	.L285:
1718:./lwip-2.1.2/src/core/tcp.c ****   }
 4377              		.loc 1 1718 5
 4378 1438 00BF     		nop
 4379              	.L276:
1744:./lwip-2.1.2/src/core/tcp.c ****   }
1745:./lwip-2.1.2/src/core/tcp.c **** }
 4380              		.loc 1 1745 1
 4381 143a 1837     		adds	r7, r7, #24
 4382              	.LCFI152:
 4383              		.cfi_def_cfa_offset 8
 4384 143c BD46     		mov	sp, r7
 4385              	.LCFI153:
 4386              		.cfi_def_cfa_register 13
 4387              		@ sp needed
 4388 143e 80BD     		pop	{r7, pc}
 4389              	.L287:
 4390              		.align	2
 4391              	.L286:
 4392 1440 00000000 		.word	tcp_active_pcbs
 4393 1444 00000000 		.word	tcp_ticks
 4394              		.cfi_endproc
 4395              	.LFE55:
 4397              		.align	1
 4398              		.syntax unified
 4399              		.thumb
 4400              		.thumb_func
 4401              		.fpu fpv5-d16
 4403              	tcp_kill_state:
 4404              	.LFB56:
1746:./lwip-2.1.2/src/core/tcp.c **** 
1747:./lwip-2.1.2/src/core/tcp.c **** /**
1748:./lwip-2.1.2/src/core/tcp.c ****  * Kills the oldest connection that is in specific state.
1749:./lwip-2.1.2/src/core/tcp.c ****  * Called from tcp_alloc() for LAST_ACK and CLOSING if no more connections are available.
1750:./lwip-2.1.2/src/core/tcp.c ****  */
1751:./lwip-2.1.2/src/core/tcp.c **** static void
1752:./lwip-2.1.2/src/core/tcp.c **** tcp_kill_state(enum tcp_state state)
1753:./lwip-2.1.2/src/core/tcp.c **** {
 4405              		.loc 1 1753 1
 4406              		.cfi_startproc
 4407              		@ args = 0, pretend = 0, frame = 24
 4408              		@ frame_needed = 1, uses_anonymous_args = 0
 4409 1448 80B5     		push	{r7, lr}
 4410              	.LCFI154:
 4411              		.cfi_def_cfa_offset 8
 4412              		.cfi_offset 7, -8
 4413              		.cfi_offset 14, -4
 4414 144a 86B0     		sub	sp, sp, #24
 4415              	.LCFI155:
 4416              		.cfi_def_cfa_offset 32
 4417 144c 00AF     		add	r7, sp, #0
 4418              	.LCFI156:
 4419              		.cfi_def_cfa_register 7
 4420 144e 0346     		mov	r3, r0
 4421 1450 FB71     		strb	r3, [r7, #7]
1754:./lwip-2.1.2/src/core/tcp.c ****   struct tcp_pcb *pcb, *inactive;
1755:./lwip-2.1.2/src/core/tcp.c ****   u32_t inactivity;
1756:./lwip-2.1.2/src/core/tcp.c **** 
1757:./lwip-2.1.2/src/core/tcp.c ****   LWIP_ASSERT("invalid state", (state == CLOSING) || (state == LAST_ACK));
1758:./lwip-2.1.2/src/core/tcp.c **** 
1759:./lwip-2.1.2/src/core/tcp.c ****   inactivity = 0;
 4422              		.loc 1 1759 14
 4423 1452 0023     		movs	r3, #0
 4424 1454 FB60     		str	r3, [r7, #12]
1760:./lwip-2.1.2/src/core/tcp.c ****   inactive = NULL;
 4425              		.loc 1 1760 12
 4426 1456 0023     		movs	r3, #0
 4427 1458 3B61     		str	r3, [r7, #16]
1761:./lwip-2.1.2/src/core/tcp.c ****   /* Go through the list of active pcbs and get the oldest pcb that is in state
1762:./lwip-2.1.2/src/core/tcp.c ****      CLOSING/LAST_ACK. */
1763:./lwip-2.1.2/src/core/tcp.c ****   for (pcb = tcp_active_pcbs; pcb != NULL; pcb = pcb->next) {
 4428              		.loc 1 1763 12
 4429 145a 154B     		ldr	r3, .L294
 4430 145c 1B68     		ldr	r3, [r3]
 4431 145e 7B61     		str	r3, [r7, #20]
 4432              		.loc 1 1763 3
 4433 1460 17E0     		b	.L289
 4434              	.L291:
1764:./lwip-2.1.2/src/core/tcp.c ****     if (pcb->state == state) {
 4435              		.loc 1 1764 12
 4436 1462 7B69     		ldr	r3, [r7, #20]
 4437 1464 1B7D     		ldrb	r3, [r3, #20]	@ zero_extendqisi2
 4438              		.loc 1 1764 8
 4439 1466 FA79     		ldrb	r2, [r7, #7]	@ zero_extendqisi2
 4440 1468 9A42     		cmp	r2, r3
 4441 146a 0FD1     		bne	.L290
1765:./lwip-2.1.2/src/core/tcp.c ****       if ((u32_t)(tcp_ticks - pcb->tmr) >= inactivity) {
 4442              		.loc 1 1765 29
 4443 146c 114B     		ldr	r3, .L294+4
 4444 146e 1A68     		ldr	r2, [r3]
 4445              		.loc 1 1765 34
 4446 1470 7B69     		ldr	r3, [r7, #20]
 4447 1472 1B6A     		ldr	r3, [r3, #32]
 4448              		.loc 1 1765 29
 4449 1474 D31A     		subs	r3, r2, r3
 4450              		.loc 1 1765 10
 4451 1476 FA68     		ldr	r2, [r7, #12]
 4452 1478 9A42     		cmp	r2, r3
 4453 147a 07D8     		bhi	.L290
1766:./lwip-2.1.2/src/core/tcp.c ****         inactivity = tcp_ticks - pcb->tmr;
 4454              		.loc 1 1766 32
 4455 147c 0D4B     		ldr	r3, .L294+4
 4456 147e 1A68     		ldr	r2, [r3]
 4457              		.loc 1 1766 37
 4458 1480 7B69     		ldr	r3, [r7, #20]
 4459 1482 1B6A     		ldr	r3, [r3, #32]
 4460              		.loc 1 1766 20
 4461 1484 D31A     		subs	r3, r2, r3
 4462 1486 FB60     		str	r3, [r7, #12]
1767:./lwip-2.1.2/src/core/tcp.c ****         inactive = pcb;
 4463              		.loc 1 1767 18
 4464 1488 7B69     		ldr	r3, [r7, #20]
 4465 148a 3B61     		str	r3, [r7, #16]
 4466              	.L290:
1763:./lwip-2.1.2/src/core/tcp.c ****     if (pcb->state == state) {
 4467              		.loc 1 1763 48 discriminator 2
 4468 148c 7B69     		ldr	r3, [r7, #20]
 4469 148e DB68     		ldr	r3, [r3, #12]
 4470 1490 7B61     		str	r3, [r7, #20]
 4471              	.L289:
1763:./lwip-2.1.2/src/core/tcp.c ****     if (pcb->state == state) {
 4472              		.loc 1 1763 3 discriminator 1
 4473 1492 7B69     		ldr	r3, [r7, #20]
 4474 1494 002B     		cmp	r3, #0
 4475 1496 E4D1     		bne	.L291
1768:./lwip-2.1.2/src/core/tcp.c ****       }
1769:./lwip-2.1.2/src/core/tcp.c ****     }
1770:./lwip-2.1.2/src/core/tcp.c ****   }
1771:./lwip-2.1.2/src/core/tcp.c ****   if (inactive != NULL) {
 4476              		.loc 1 1771 6
 4477 1498 3B69     		ldr	r3, [r7, #16]
 4478 149a 002B     		cmp	r3, #0
 4479 149c 03D0     		beq	.L293
1772:./lwip-2.1.2/src/core/tcp.c ****     LWIP_DEBUGF(TCP_DEBUG, ("tcp_kill_closing: killing oldest %s PCB %p (%"S32_F")\n",
1773:./lwip-2.1.2/src/core/tcp.c ****                             tcp_state_str[state], (void *)inactive, inactivity));
1774:./lwip-2.1.2/src/core/tcp.c ****     /* Don't send a RST, since no data is lost. */
1775:./lwip-2.1.2/src/core/tcp.c ****     tcp_abandon(inactive, 0);
 4480              		.loc 1 1775 5
 4481 149e 0021     		movs	r1, #0
 4482 14a0 3869     		ldr	r0, [r7, #16]
 4483 14a2 FFF7FEFF 		bl	tcp_abandon
 4484              	.L293:
1776:./lwip-2.1.2/src/core/tcp.c ****   }
1777:./lwip-2.1.2/src/core/tcp.c **** }
 4485              		.loc 1 1777 1
 4486 14a6 00BF     		nop
 4487 14a8 1837     		adds	r7, r7, #24
 4488              	.LCFI157:
 4489              		.cfi_def_cfa_offset 8
 4490 14aa BD46     		mov	sp, r7
 4491              	.LCFI158:
 4492              		.cfi_def_cfa_register 13
 4493              		@ sp needed
 4494 14ac 80BD     		pop	{r7, pc}
 4495              	.L295:
 4496 14ae 00BF     		.align	2
 4497              	.L294:
 4498 14b0 00000000 		.word	tcp_active_pcbs
 4499 14b4 00000000 		.word	tcp_ticks
 4500              		.cfi_endproc
 4501              	.LFE56:
 4503              		.align	1
 4504              		.syntax unified
 4505              		.thumb
 4506              		.thumb_func
 4507              		.fpu fpv5-d16
 4509              	tcp_kill_timewait:
 4510              	.LFB57:
1778:./lwip-2.1.2/src/core/tcp.c **** 
1779:./lwip-2.1.2/src/core/tcp.c **** /**
1780:./lwip-2.1.2/src/core/tcp.c ****  * Kills the oldest connection that is in TIME_WAIT state.
1781:./lwip-2.1.2/src/core/tcp.c ****  * Called from tcp_alloc() if no more connections are available.
1782:./lwip-2.1.2/src/core/tcp.c ****  */
1783:./lwip-2.1.2/src/core/tcp.c **** static void
1784:./lwip-2.1.2/src/core/tcp.c **** tcp_kill_timewait(void)
1785:./lwip-2.1.2/src/core/tcp.c **** {
 4511              		.loc 1 1785 1
 4512              		.cfi_startproc
 4513              		@ args = 0, pretend = 0, frame = 16
 4514              		@ frame_needed = 1, uses_anonymous_args = 0
 4515 14b8 80B5     		push	{r7, lr}
 4516              	.LCFI159:
 4517              		.cfi_def_cfa_offset 8
 4518              		.cfi_offset 7, -8
 4519              		.cfi_offset 14, -4
 4520 14ba 84B0     		sub	sp, sp, #16
 4521              	.LCFI160:
 4522              		.cfi_def_cfa_offset 24
 4523 14bc 00AF     		add	r7, sp, #0
 4524              	.LCFI161:
 4525              		.cfi_def_cfa_register 7
1786:./lwip-2.1.2/src/core/tcp.c ****   struct tcp_pcb *pcb, *inactive;
1787:./lwip-2.1.2/src/core/tcp.c ****   u32_t inactivity;
1788:./lwip-2.1.2/src/core/tcp.c **** 
1789:./lwip-2.1.2/src/core/tcp.c ****   inactivity = 0;
 4526              		.loc 1 1789 14
 4527 14be 0023     		movs	r3, #0
 4528 14c0 7B60     		str	r3, [r7, #4]
1790:./lwip-2.1.2/src/core/tcp.c ****   inactive = NULL;
 4529              		.loc 1 1790 12
 4530 14c2 0023     		movs	r3, #0
 4531 14c4 BB60     		str	r3, [r7, #8]
1791:./lwip-2.1.2/src/core/tcp.c ****   /* Go through the list of TIME_WAIT pcbs and get the oldest pcb. */
1792:./lwip-2.1.2/src/core/tcp.c ****   for (pcb = tcp_tw_pcbs; pcb != NULL; pcb = pcb->next) {
 4532              		.loc 1 1792 12
 4533 14c6 124B     		ldr	r3, .L302
 4534 14c8 1B68     		ldr	r3, [r3]
 4535 14ca FB60     		str	r3, [r7, #12]
 4536              		.loc 1 1792 3
 4537 14cc 12E0     		b	.L297
 4538              	.L299:
1793:./lwip-2.1.2/src/core/tcp.c ****     if ((u32_t)(tcp_ticks - pcb->tmr) >= inactivity) {
 4539              		.loc 1 1793 27
 4540 14ce 114B     		ldr	r3, .L302+4
 4541 14d0 1A68     		ldr	r2, [r3]
 4542              		.loc 1 1793 32
 4543 14d2 FB68     		ldr	r3, [r7, #12]
 4544 14d4 1B6A     		ldr	r3, [r3, #32]
 4545              		.loc 1 1793 27
 4546 14d6 D31A     		subs	r3, r2, r3
 4547              		.loc 1 1793 8
 4548 14d8 7A68     		ldr	r2, [r7, #4]
 4549 14da 9A42     		cmp	r2, r3
 4550 14dc 07D8     		bhi	.L298
1794:./lwip-2.1.2/src/core/tcp.c ****       inactivity = tcp_ticks - pcb->tmr;
 4551              		.loc 1 1794 30
 4552 14de 0D4B     		ldr	r3, .L302+4
 4553 14e0 1A68     		ldr	r2, [r3]
 4554              		.loc 1 1794 35
 4555 14e2 FB68     		ldr	r3, [r7, #12]
 4556 14e4 1B6A     		ldr	r3, [r3, #32]
 4557              		.loc 1 1794 18
 4558 14e6 D31A     		subs	r3, r2, r3
 4559 14e8 7B60     		str	r3, [r7, #4]
1795:./lwip-2.1.2/src/core/tcp.c ****       inactive = pcb;
 4560              		.loc 1 1795 16
 4561 14ea FB68     		ldr	r3, [r7, #12]
 4562 14ec BB60     		str	r3, [r7, #8]
 4563              	.L298:
1792:./lwip-2.1.2/src/core/tcp.c ****     if ((u32_t)(tcp_ticks - pcb->tmr) >= inactivity) {
 4564              		.loc 1 1792 44 discriminator 2
 4565 14ee FB68     		ldr	r3, [r7, #12]
 4566 14f0 DB68     		ldr	r3, [r3, #12]
 4567 14f2 FB60     		str	r3, [r7, #12]
 4568              	.L297:
1792:./lwip-2.1.2/src/core/tcp.c ****     if ((u32_t)(tcp_ticks - pcb->tmr) >= inactivity) {
 4569              		.loc 1 1792 3 discriminator 1
 4570 14f4 FB68     		ldr	r3, [r7, #12]
 4571 14f6 002B     		cmp	r3, #0
 4572 14f8 E9D1     		bne	.L299
1796:./lwip-2.1.2/src/core/tcp.c ****     }
1797:./lwip-2.1.2/src/core/tcp.c ****   }
1798:./lwip-2.1.2/src/core/tcp.c ****   if (inactive != NULL) {
 4573              		.loc 1 1798 6
 4574 14fa BB68     		ldr	r3, [r7, #8]
 4575 14fc 002B     		cmp	r3, #0
 4576 14fe 02D0     		beq	.L301
1799:./lwip-2.1.2/src/core/tcp.c ****     LWIP_DEBUGF(TCP_DEBUG, ("tcp_kill_timewait: killing oldest TIME-WAIT PCB %p (%"S32_F")\n",
1800:./lwip-2.1.2/src/core/tcp.c ****                             (void *)inactive, inactivity));
1801:./lwip-2.1.2/src/core/tcp.c ****     tcp_abort(inactive);
 4577              		.loc 1 1801 5
 4578 1500 B868     		ldr	r0, [r7, #8]
 4579 1502 FFF7FEFF 		bl	tcp_abort
 4580              	.L301:
1802:./lwip-2.1.2/src/core/tcp.c ****   }
1803:./lwip-2.1.2/src/core/tcp.c **** }
 4581              		.loc 1 1803 1
 4582 1506 00BF     		nop
 4583 1508 1037     		adds	r7, r7, #16
 4584              	.LCFI162:
 4585              		.cfi_def_cfa_offset 8
 4586 150a BD46     		mov	sp, r7
 4587              	.LCFI163:
 4588              		.cfi_def_cfa_register 13
 4589              		@ sp needed
 4590 150c 80BD     		pop	{r7, pc}
 4591              	.L303:
 4592 150e 00BF     		.align	2
 4593              	.L302:
 4594 1510 00000000 		.word	tcp_tw_pcbs
 4595 1514 00000000 		.word	tcp_ticks
 4596              		.cfi_endproc
 4597              	.LFE57:
 4599              		.align	1
 4600              		.syntax unified
 4601              		.thumb
 4602              		.thumb_func
 4603              		.fpu fpv5-d16
 4605              	tcp_handle_closepend:
 4606              	.LFB58:
1804:./lwip-2.1.2/src/core/tcp.c **** 
1805:./lwip-2.1.2/src/core/tcp.c **** /* Called when allocating a pcb fails.
1806:./lwip-2.1.2/src/core/tcp.c ****  * In this case, we want to handle all pcbs that want to close first: if we can
1807:./lwip-2.1.2/src/core/tcp.c ****  * now send the FIN (which failed before), the pcb might be in a state that is
1808:./lwip-2.1.2/src/core/tcp.c ****  * OK for us to now free it.
1809:./lwip-2.1.2/src/core/tcp.c ****  */
1810:./lwip-2.1.2/src/core/tcp.c **** static void
1811:./lwip-2.1.2/src/core/tcp.c **** tcp_handle_closepend(void)
1812:./lwip-2.1.2/src/core/tcp.c **** {
 4607              		.loc 1 1812 1
 4608              		.cfi_startproc
 4609              		@ args = 0, pretend = 0, frame = 8
 4610              		@ frame_needed = 1, uses_anonymous_args = 0
 4611 1518 80B5     		push	{r7, lr}
 4612              	.LCFI164:
 4613              		.cfi_def_cfa_offset 8
 4614              		.cfi_offset 7, -8
 4615              		.cfi_offset 14, -4
 4616 151a 82B0     		sub	sp, sp, #8
 4617              	.LCFI165:
 4618              		.cfi_def_cfa_offset 16
 4619 151c 00AF     		add	r7, sp, #0
 4620              	.LCFI166:
 4621              		.cfi_def_cfa_register 7
1813:./lwip-2.1.2/src/core/tcp.c ****   struct tcp_pcb *pcb = tcp_active_pcbs;
 4622              		.loc 1 1813 19
 4623 151e 104B     		ldr	r3, .L308
 4624 1520 1B68     		ldr	r3, [r3]
 4625 1522 7B60     		str	r3, [r7, #4]
1814:./lwip-2.1.2/src/core/tcp.c **** 
1815:./lwip-2.1.2/src/core/tcp.c ****   while (pcb != NULL) {
 4626              		.loc 1 1815 9
 4627 1524 14E0     		b	.L305
 4628              	.L307:
 4629              	.LBB18:
1816:./lwip-2.1.2/src/core/tcp.c ****     struct tcp_pcb *next = pcb->next;
 4630              		.loc 1 1816 21
 4631 1526 7B68     		ldr	r3, [r7, #4]
 4632 1528 DB68     		ldr	r3, [r3, #12]
 4633 152a 3B60     		str	r3, [r7]
1817:./lwip-2.1.2/src/core/tcp.c ****     /* send pending FIN */
1818:./lwip-2.1.2/src/core/tcp.c ****     if (pcb->flags & TF_CLOSEPEND) {
 4634              		.loc 1 1818 12
 4635 152c 7B68     		ldr	r3, [r7, #4]
 4636 152e 5B8B     		ldrh	r3, [r3, #26]
 4637              		.loc 1 1818 20
 4638 1530 03F00803 		and	r3, r3, #8
 4639              		.loc 1 1818 8
 4640 1534 002B     		cmp	r3, #0
 4641 1536 09D0     		beq	.L306
1819:./lwip-2.1.2/src/core/tcp.c ****       LWIP_DEBUGF(TCP_DEBUG, ("tcp_handle_closepend: pending FIN\n"));
1820:./lwip-2.1.2/src/core/tcp.c ****       tcp_clear_flags(pcb, TF_CLOSEPEND);
 4642              		.loc 1 1820 7
 4643 1538 7B68     		ldr	r3, [r7, #4]
 4644 153a 5B8B     		ldrh	r3, [r3, #26]
 4645 153c 23F00803 		bic	r3, r3, #8
 4646 1540 9AB2     		uxth	r2, r3
 4647 1542 7B68     		ldr	r3, [r7, #4]
 4648 1544 5A83     		strh	r2, [r3, #26]	@ movhi
1821:./lwip-2.1.2/src/core/tcp.c ****       tcp_close_shutdown_fin(pcb);
 4649              		.loc 1 1821 7
 4650 1546 7868     		ldr	r0, [r7, #4]
 4651 1548 FEF796FE 		bl	tcp_close_shutdown_fin
 4652              	.L306:
1822:./lwip-2.1.2/src/core/tcp.c ****     }
1823:./lwip-2.1.2/src/core/tcp.c ****     pcb = next;
 4653              		.loc 1 1823 9
 4654 154c 3B68     		ldr	r3, [r7]
 4655 154e 7B60     		str	r3, [r7, #4]
 4656              	.L305:
 4657              	.LBE18:
1815:./lwip-2.1.2/src/core/tcp.c ****     struct tcp_pcb *next = pcb->next;
 4658              		.loc 1 1815 9
 4659 1550 7B68     		ldr	r3, [r7, #4]
 4660 1552 002B     		cmp	r3, #0
 4661 1554 E7D1     		bne	.L307
1824:./lwip-2.1.2/src/core/tcp.c ****   }
1825:./lwip-2.1.2/src/core/tcp.c **** }
 4662              		.loc 1 1825 1
 4663 1556 00BF     		nop
 4664 1558 00BF     		nop
 4665 155a 0837     		adds	r7, r7, #8
 4666              	.LCFI167:
 4667              		.cfi_def_cfa_offset 8
 4668 155c BD46     		mov	sp, r7
 4669              	.LCFI168:
 4670              		.cfi_def_cfa_register 13
 4671              		@ sp needed
 4672 155e 80BD     		pop	{r7, pc}
 4673              	.L309:
 4674              		.align	2
 4675              	.L308:
 4676 1560 00000000 		.word	tcp_active_pcbs
 4677              		.cfi_endproc
 4678              	.LFE58:
 4680              		.align	1
 4681              		.global	tcp_alloc
 4682              		.syntax unified
 4683              		.thumb
 4684              		.thumb_func
 4685              		.fpu fpv5-d16
 4687              	tcp_alloc:
 4688              	.LFB59:
1826:./lwip-2.1.2/src/core/tcp.c **** 
1827:./lwip-2.1.2/src/core/tcp.c **** /**
1828:./lwip-2.1.2/src/core/tcp.c ****  * Allocate a new tcp_pcb structure.
1829:./lwip-2.1.2/src/core/tcp.c ****  *
1830:./lwip-2.1.2/src/core/tcp.c ****  * @param prio priority for the new pcb
1831:./lwip-2.1.2/src/core/tcp.c ****  * @return a new tcp_pcb that initially is in state CLOSED
1832:./lwip-2.1.2/src/core/tcp.c ****  */
1833:./lwip-2.1.2/src/core/tcp.c **** struct tcp_pcb *
1834:./lwip-2.1.2/src/core/tcp.c **** tcp_alloc(u8_t prio)
1835:./lwip-2.1.2/src/core/tcp.c **** {
 4689              		.loc 1 1835 1
 4690              		.cfi_startproc
 4691              		@ args = 0, pretend = 0, frame = 16
 4692              		@ frame_needed = 1, uses_anonymous_args = 0
 4693 1564 80B5     		push	{r7, lr}
 4694              	.LCFI169:
 4695              		.cfi_def_cfa_offset 8
 4696              		.cfi_offset 7, -8
 4697              		.cfi_offset 14, -4
 4698 1566 84B0     		sub	sp, sp, #16
 4699              	.LCFI170:
 4700              		.cfi_def_cfa_offset 24
 4701 1568 00AF     		add	r7, sp, #0
 4702              	.LCFI171:
 4703              		.cfi_def_cfa_register 7
 4704 156a 0346     		mov	r3, r0
 4705 156c FB71     		strb	r3, [r7, #7]
1836:./lwip-2.1.2/src/core/tcp.c ****   struct tcp_pcb *pcb;
1837:./lwip-2.1.2/src/core/tcp.c **** 
1838:./lwip-2.1.2/src/core/tcp.c ****   LWIP_ASSERT_CORE_LOCKED();
1839:./lwip-2.1.2/src/core/tcp.c **** 
1840:./lwip-2.1.2/src/core/tcp.c ****   pcb = (struct tcp_pcb *)memp_malloc(MEMP_TCP_PCB);
 4706              		.loc 1 1840 27
 4707 156e 0120     		movs	r0, #1
 4708 1570 FFF7FEFF 		bl	memp_malloc
 4709 1574 F860     		str	r0, [r7, #12]
1841:./lwip-2.1.2/src/core/tcp.c ****   if (pcb == NULL) {
 4710              		.loc 1 1841 6
 4711 1576 FB68     		ldr	r3, [r7, #12]
 4712 1578 002B     		cmp	r3, #0
 4713 157a 26D1     		bne	.L311
1842:./lwip-2.1.2/src/core/tcp.c ****     /* Try to send FIN for all pcbs stuck in TF_CLOSEPEND first */
1843:./lwip-2.1.2/src/core/tcp.c ****     tcp_handle_closepend();
 4714              		.loc 1 1843 5
 4715 157c FFF7CCFF 		bl	tcp_handle_closepend
1844:./lwip-2.1.2/src/core/tcp.c **** 
1845:./lwip-2.1.2/src/core/tcp.c ****     /* Try killing oldest connection in TIME-WAIT. */
1846:./lwip-2.1.2/src/core/tcp.c ****     LWIP_DEBUGF(TCP_DEBUG, ("tcp_alloc: killing off oldest TIME-WAIT connection\n"));
1847:./lwip-2.1.2/src/core/tcp.c ****     tcp_kill_timewait();
 4716              		.loc 1 1847 5
 4717 1580 FFF79AFF 		bl	tcp_kill_timewait
1848:./lwip-2.1.2/src/core/tcp.c ****     /* Try to allocate a tcp_pcb again. */
1849:./lwip-2.1.2/src/core/tcp.c ****     pcb = (struct tcp_pcb *)memp_malloc(MEMP_TCP_PCB);
 4718              		.loc 1 1849 29
 4719 1584 0120     		movs	r0, #1
 4720 1586 FFF7FEFF 		bl	memp_malloc
 4721 158a F860     		str	r0, [r7, #12]
1850:./lwip-2.1.2/src/core/tcp.c ****     if (pcb == NULL) {
 4722              		.loc 1 1850 8
 4723 158c FB68     		ldr	r3, [r7, #12]
 4724 158e 002B     		cmp	r3, #0
 4725 1590 1BD1     		bne	.L311
1851:./lwip-2.1.2/src/core/tcp.c ****       /* Try killing oldest connection in LAST-ACK (these wouldn't go to TIME-WAIT). */
1852:./lwip-2.1.2/src/core/tcp.c ****       LWIP_DEBUGF(TCP_DEBUG, ("tcp_alloc: killing off oldest LAST-ACK connection\n"));
1853:./lwip-2.1.2/src/core/tcp.c ****       tcp_kill_state(LAST_ACK);
 4726              		.loc 1 1853 7
 4727 1592 0920     		movs	r0, #9
 4728 1594 FFF758FF 		bl	tcp_kill_state
1854:./lwip-2.1.2/src/core/tcp.c ****       /* Try to allocate a tcp_pcb again. */
1855:./lwip-2.1.2/src/core/tcp.c ****       pcb = (struct tcp_pcb *)memp_malloc(MEMP_TCP_PCB);
 4729              		.loc 1 1855 31
 4730 1598 0120     		movs	r0, #1
 4731 159a FFF7FEFF 		bl	memp_malloc
 4732 159e F860     		str	r0, [r7, #12]
1856:./lwip-2.1.2/src/core/tcp.c ****       if (pcb == NULL) {
 4733              		.loc 1 1856 10
 4734 15a0 FB68     		ldr	r3, [r7, #12]
 4735 15a2 002B     		cmp	r3, #0
 4736 15a4 11D1     		bne	.L311
1857:./lwip-2.1.2/src/core/tcp.c ****         /* Try killing oldest connection in CLOSING. */
1858:./lwip-2.1.2/src/core/tcp.c ****         LWIP_DEBUGF(TCP_DEBUG, ("tcp_alloc: killing off oldest CLOSING connection\n"));
1859:./lwip-2.1.2/src/core/tcp.c ****         tcp_kill_state(CLOSING);
 4737              		.loc 1 1859 9
 4738 15a6 0820     		movs	r0, #8
 4739 15a8 FFF74EFF 		bl	tcp_kill_state
1860:./lwip-2.1.2/src/core/tcp.c ****         /* Try to allocate a tcp_pcb again. */
1861:./lwip-2.1.2/src/core/tcp.c ****         pcb = (struct tcp_pcb *)memp_malloc(MEMP_TCP_PCB);
 4740              		.loc 1 1861 33
 4741 15ac 0120     		movs	r0, #1
 4742 15ae FFF7FEFF 		bl	memp_malloc
 4743 15b2 F860     		str	r0, [r7, #12]
1862:./lwip-2.1.2/src/core/tcp.c ****         if (pcb == NULL) {
 4744              		.loc 1 1862 12
 4745 15b4 FB68     		ldr	r3, [r7, #12]
 4746 15b6 002B     		cmp	r3, #0
 4747 15b8 07D1     		bne	.L311
1863:./lwip-2.1.2/src/core/tcp.c ****           /* Try killing oldest active connection with lower priority than the new one. */
1864:./lwip-2.1.2/src/core/tcp.c ****           LWIP_DEBUGF(TCP_DEBUG, ("tcp_alloc: killing oldest connection with prio lower than %d\n",
1865:./lwip-2.1.2/src/core/tcp.c ****           tcp_kill_prio(prio);
 4748              		.loc 1 1865 11
 4749 15ba FB79     		ldrb	r3, [r7, #7]	@ zero_extendqisi2
 4750 15bc 1846     		mov	r0, r3
 4751 15be FFF7F6FE 		bl	tcp_kill_prio
1866:./lwip-2.1.2/src/core/tcp.c ****           /* Try to allocate a tcp_pcb again. */
1867:./lwip-2.1.2/src/core/tcp.c ****           pcb = (struct tcp_pcb *)memp_malloc(MEMP_TCP_PCB);
 4752              		.loc 1 1867 35
 4753 15c2 0120     		movs	r0, #1
 4754 15c4 FFF7FEFF 		bl	memp_malloc
 4755 15c8 F860     		str	r0, [r7, #12]
 4756              	.L311:
1868:./lwip-2.1.2/src/core/tcp.c ****           if (pcb != NULL) {
1869:./lwip-2.1.2/src/core/tcp.c ****             /* adjust err stats: memp_malloc failed multiple times before */
1870:./lwip-2.1.2/src/core/tcp.c ****             MEMP_STATS_DEC(err, MEMP_TCP_PCB);
1871:./lwip-2.1.2/src/core/tcp.c ****           }
1872:./lwip-2.1.2/src/core/tcp.c ****         }
1873:./lwip-2.1.2/src/core/tcp.c ****         if (pcb != NULL) {
1874:./lwip-2.1.2/src/core/tcp.c ****           /* adjust err stats: memp_malloc failed multiple times before */
1875:./lwip-2.1.2/src/core/tcp.c ****           MEMP_STATS_DEC(err, MEMP_TCP_PCB);
1876:./lwip-2.1.2/src/core/tcp.c ****         }
1877:./lwip-2.1.2/src/core/tcp.c ****       }
1878:./lwip-2.1.2/src/core/tcp.c ****       if (pcb != NULL) {
1879:./lwip-2.1.2/src/core/tcp.c ****         /* adjust err stats: memp_malloc failed multiple times before */
1880:./lwip-2.1.2/src/core/tcp.c ****         MEMP_STATS_DEC(err, MEMP_TCP_PCB);
1881:./lwip-2.1.2/src/core/tcp.c ****       }
1882:./lwip-2.1.2/src/core/tcp.c ****     }
1883:./lwip-2.1.2/src/core/tcp.c ****     if (pcb != NULL) {
1884:./lwip-2.1.2/src/core/tcp.c ****       /* adjust err stats: memp_malloc failed above */
1885:./lwip-2.1.2/src/core/tcp.c ****       MEMP_STATS_DEC(err, MEMP_TCP_PCB);
1886:./lwip-2.1.2/src/core/tcp.c ****     }
1887:./lwip-2.1.2/src/core/tcp.c ****   }
1888:./lwip-2.1.2/src/core/tcp.c ****   if (pcb != NULL) {
 4757              		.loc 1 1888 6
 4758 15ca FB68     		ldr	r3, [r7, #12]
 4759 15cc 002B     		cmp	r3, #0
 4760 15ce 3FD0     		beq	.L312
1889:./lwip-2.1.2/src/core/tcp.c ****     /* zero out the whole pcb, so there is no need to initialize members to zero */
1890:./lwip-2.1.2/src/core/tcp.c ****     memset(pcb, 0, sizeof(struct tcp_pcb));
 4761              		.loc 1 1890 5
 4762 15d0 9C22     		movs	r2, #156
 4763 15d2 0021     		movs	r1, #0
 4764 15d4 F868     		ldr	r0, [r7, #12]
 4765 15d6 FFF7FEFF 		bl	memset
1891:./lwip-2.1.2/src/core/tcp.c ****     pcb->prio = prio;
 4766              		.loc 1 1891 15
 4767 15da FB68     		ldr	r3, [r7, #12]
 4768 15dc FA79     		ldrb	r2, [r7, #7]
 4769 15de 5A75     		strb	r2, [r3, #21]
1892:./lwip-2.1.2/src/core/tcp.c ****     pcb->snd_buf = TCP_SND_BUF;
 4770              		.loc 1 1892 18
 4771 15e0 FB68     		ldr	r3, [r7, #12]
 4772 15e2 4FF48662 		mov	r2, #1072
 4773 15e6 A3F86420 		strh	r2, [r3, #100]	@ movhi
1893:./lwip-2.1.2/src/core/tcp.c ****     /* Start with a window that does not need scaling. When window scaling is
1894:./lwip-2.1.2/src/core/tcp.c ****        enabled and used, the window is enlarged when both sides agree on scaling. */
1895:./lwip-2.1.2/src/core/tcp.c ****     pcb->rcv_wnd = pcb->rcv_ann_wnd = TCPWND_MIN16(TCP_WND);
 4774              		.loc 1 1895 37
 4775 15ea FB68     		ldr	r3, [r7, #12]
 4776 15ec 4FF40662 		mov	r2, #2144
 4777 15f0 5A85     		strh	r2, [r3, #42]	@ movhi
 4778              		.loc 1 1895 23
 4779 15f2 FB68     		ldr	r3, [r7, #12]
 4780 15f4 5A8D     		ldrh	r2, [r3, #42]
 4781              		.loc 1 1895 18
 4782 15f6 FB68     		ldr	r3, [r7, #12]
 4783 15f8 1A85     		strh	r2, [r3, #40]	@ movhi
1896:./lwip-2.1.2/src/core/tcp.c ****     pcb->ttl = TCP_TTL;
 4784              		.loc 1 1896 14
 4785 15fa FB68     		ldr	r3, [r7, #12]
 4786 15fc FF22     		movs	r2, #255
 4787 15fe DA72     		strb	r2, [r3, #11]
1897:./lwip-2.1.2/src/core/tcp.c ****     /* As initial send MSS, we use TCP_MSS but limit it to 536.
1898:./lwip-2.1.2/src/core/tcp.c ****        The send MSS is updated when an MSS option is received. */
1899:./lwip-2.1.2/src/core/tcp.c ****     pcb->mss = INITIAL_MSS;
 4788              		.loc 1 1899 14
 4789 1600 FB68     		ldr	r3, [r7, #12]
 4790 1602 4FF40672 		mov	r2, #536
 4791 1606 5A86     		strh	r2, [r3, #50]	@ movhi
1900:./lwip-2.1.2/src/core/tcp.c ****     pcb->rto = 3000 / TCP_SLOW_INTERVAL;
 4792              		.loc 1 1900 14
 4793 1608 FB68     		ldr	r3, [r7, #12]
 4794 160a 0622     		movs	r2, #6
 4795 160c A3F84020 		strh	r2, [r3, #64]	@ movhi
1901:./lwip-2.1.2/src/core/tcp.c ****     pcb->sv = 3000 / TCP_SLOW_INTERVAL;
 4796              		.loc 1 1901 13
 4797 1610 FB68     		ldr	r3, [r7, #12]
 4798 1612 0622     		movs	r2, #6
 4799 1614 DA87     		strh	r2, [r3, #62]	@ movhi
1902:./lwip-2.1.2/src/core/tcp.c ****     pcb->rtime = -1;
 4800              		.loc 1 1902 16
 4801 1616 FB68     		ldr	r3, [r7, #12]
 4802 1618 4FF6FF72 		movw	r2, #65535
 4803 161c 1A86     		strh	r2, [r3, #48]	@ movhi
1903:./lwip-2.1.2/src/core/tcp.c ****     pcb->cwnd = 1;
 4804              		.loc 1 1903 15
 4805 161e FB68     		ldr	r3, [r7, #12]
 4806 1620 0122     		movs	r2, #1
 4807 1622 A3F84820 		strh	r2, [r3, #72]	@ movhi
1904:./lwip-2.1.2/src/core/tcp.c ****     pcb->tmr = tcp_ticks;
 4808              		.loc 1 1904 14
 4809 1626 0D4B     		ldr	r3, .L314
 4810 1628 1A68     		ldr	r2, [r3]
 4811 162a FB68     		ldr	r3, [r7, #12]
 4812 162c 1A62     		str	r2, [r3, #32]
1905:./lwip-2.1.2/src/core/tcp.c ****     pcb->last_timer = tcp_timer_ctr;
 4813              		.loc 1 1905 21
 4814 162e 0C4B     		ldr	r3, .L314+4
 4815 1630 1A78     		ldrb	r2, [r3]	@ zero_extendqisi2
 4816 1632 FB68     		ldr	r3, [r7, #12]
 4817 1634 9A77     		strb	r2, [r3, #30]
1906:./lwip-2.1.2/src/core/tcp.c **** 
1907:./lwip-2.1.2/src/core/tcp.c ****     /* RFC 5681 recommends setting ssthresh abritrarily high and gives an example
1908:./lwip-2.1.2/src/core/tcp.c ****     of using the largest advertised receive window.  We've seen complications with
1909:./lwip-2.1.2/src/core/tcp.c ****     receiving TCPs that use window scaling and/or window auto-tuning where the
1910:./lwip-2.1.2/src/core/tcp.c ****     initial advertised window is very small and then grows rapidly once the
1911:./lwip-2.1.2/src/core/tcp.c ****     connection is established. To avoid these complications, we set ssthresh to the
1912:./lwip-2.1.2/src/core/tcp.c ****     largest effective cwnd (amount of in-flight data) that the sender can have. */
1913:./lwip-2.1.2/src/core/tcp.c ****     pcb->ssthresh = TCP_SND_BUF;
 4818              		.loc 1 1913 19
 4819 1636 FB68     		ldr	r3, [r7, #12]
 4820 1638 4FF48662 		mov	r2, #1072
 4821 163c A3F84A20 		strh	r2, [r3, #74]	@ movhi
1914:./lwip-2.1.2/src/core/tcp.c **** 
1915:./lwip-2.1.2/src/core/tcp.c **** #if LWIP_CALLBACK_API
1916:./lwip-2.1.2/src/core/tcp.c ****     pcb->recv = tcp_recv_null;
 4822              		.loc 1 1916 15
 4823 1640 FB68     		ldr	r3, [r7, #12]
 4824 1642 084A     		ldr	r2, .L314+8
 4825 1644 C3F88420 		str	r2, [r3, #132]
1917:./lwip-2.1.2/src/core/tcp.c **** #endif /* LWIP_CALLBACK_API */
1918:./lwip-2.1.2/src/core/tcp.c **** 
1919:./lwip-2.1.2/src/core/tcp.c ****     /* Init KEEPALIVE timer */
1920:./lwip-2.1.2/src/core/tcp.c ****     pcb->keep_idle  = TCP_KEEPIDLE_DEFAULT;
 4826              		.loc 1 1920 21
 4827 1648 FB68     		ldr	r3, [r7, #12]
 4828 164a 074A     		ldr	r2, .L314+12
 4829 164c C3F89420 		str	r2, [r3, #148]
 4830              	.L312:
1921:./lwip-2.1.2/src/core/tcp.c **** 
1922:./lwip-2.1.2/src/core/tcp.c **** #if LWIP_TCP_KEEPALIVE
1923:./lwip-2.1.2/src/core/tcp.c ****     pcb->keep_intvl = TCP_KEEPINTVL_DEFAULT;
1924:./lwip-2.1.2/src/core/tcp.c ****     pcb->keep_cnt   = TCP_KEEPCNT_DEFAULT;
1925:./lwip-2.1.2/src/core/tcp.c **** #endif /* LWIP_TCP_KEEPALIVE */
1926:./lwip-2.1.2/src/core/tcp.c ****   }
1927:./lwip-2.1.2/src/core/tcp.c ****   return pcb;
 4831              		.loc 1 1927 10
 4832 1650 FB68     		ldr	r3, [r7, #12]
1928:./lwip-2.1.2/src/core/tcp.c **** }
 4833              		.loc 1 1928 1
 4834 1652 1846     		mov	r0, r3
 4835 1654 1037     		adds	r7, r7, #16
 4836              	.LCFI172:
 4837              		.cfi_def_cfa_offset 8
 4838 1656 BD46     		mov	sp, r7
 4839              	.LCFI173:
 4840              		.cfi_def_cfa_register 13
 4841              		@ sp needed
 4842 1658 80BD     		pop	{r7, pc}
 4843              	.L315:
 4844 165a 00BF     		.align	2
 4845              	.L314:
 4846 165c 00000000 		.word	tcp_ticks
 4847 1660 16000000 		.word	tcp_timer_ctr
 4848 1664 00000000 		.word	tcp_recv_null
 4849 1668 00DD6D00 		.word	7200000
 4850              		.cfi_endproc
 4851              	.LFE59:
 4853              		.align	1
 4854              		.global	tcp_new
 4855              		.syntax unified
 4856              		.thumb
 4857              		.thumb_func
 4858              		.fpu fpv5-d16
 4860              	tcp_new:
 4861              	.LFB60:
1929:./lwip-2.1.2/src/core/tcp.c **** 
1930:./lwip-2.1.2/src/core/tcp.c **** /**
1931:./lwip-2.1.2/src/core/tcp.c ****  * @ingroup tcp_raw
1932:./lwip-2.1.2/src/core/tcp.c ****  * Creates a new TCP protocol control block but doesn't place it on
1933:./lwip-2.1.2/src/core/tcp.c ****  * any of the TCP PCB lists.
1934:./lwip-2.1.2/src/core/tcp.c ****  * The pcb is not put on any list until binding using tcp_bind().
1935:./lwip-2.1.2/src/core/tcp.c ****  * If memory is not available for creating the new pcb, NULL is returned.
1936:./lwip-2.1.2/src/core/tcp.c ****  *
1937:./lwip-2.1.2/src/core/tcp.c ****  * @internal: Maybe there should be a idle TCP PCB list where these
1938:./lwip-2.1.2/src/core/tcp.c ****  * PCBs are put on. Port reservation using tcp_bind() is implemented but
1939:./lwip-2.1.2/src/core/tcp.c ****  * allocated pcbs that are not bound can't be killed automatically if wanting
1940:./lwip-2.1.2/src/core/tcp.c ****  * to allocate a pcb with higher prio (@see tcp_kill_prio())
1941:./lwip-2.1.2/src/core/tcp.c ****  *
1942:./lwip-2.1.2/src/core/tcp.c ****  * @return a new tcp_pcb that initially is in state CLOSED
1943:./lwip-2.1.2/src/core/tcp.c ****  */
1944:./lwip-2.1.2/src/core/tcp.c **** struct tcp_pcb *
1945:./lwip-2.1.2/src/core/tcp.c **** tcp_new(void)
1946:./lwip-2.1.2/src/core/tcp.c **** {
 4862              		.loc 1 1946 1
 4863              		.cfi_startproc
 4864              		@ args = 0, pretend = 0, frame = 0
 4865              		@ frame_needed = 1, uses_anonymous_args = 0
 4866 166c 80B5     		push	{r7, lr}
 4867              	.LCFI174:
 4868              		.cfi_def_cfa_offset 8
 4869              		.cfi_offset 7, -8
 4870              		.cfi_offset 14, -4
 4871 166e 00AF     		add	r7, sp, #0
 4872              	.LCFI175:
 4873              		.cfi_def_cfa_register 7
1947:./lwip-2.1.2/src/core/tcp.c ****   return tcp_alloc(TCP_PRIO_NORMAL);
 4874              		.loc 1 1947 10
 4875 1670 4020     		movs	r0, #64
 4876 1672 FFF7FEFF 		bl	tcp_alloc
 4877 1676 0346     		mov	r3, r0
1948:./lwip-2.1.2/src/core/tcp.c **** }
 4878              		.loc 1 1948 1
 4879 1678 1846     		mov	r0, r3
 4880 167a 80BD     		pop	{r7, pc}
 4881              		.cfi_endproc
 4882              	.LFE60:
 4884              		.align	1
 4885              		.global	tcp_new_ip_type
 4886              		.syntax unified
 4887              		.thumb
 4888              		.thumb_func
 4889              		.fpu fpv5-d16
 4891              	tcp_new_ip_type:
 4892              	.LFB61:
1949:./lwip-2.1.2/src/core/tcp.c **** 
1950:./lwip-2.1.2/src/core/tcp.c **** /**
1951:./lwip-2.1.2/src/core/tcp.c ****  * @ingroup tcp_raw
1952:./lwip-2.1.2/src/core/tcp.c ****  * Creates a new TCP protocol control block but doesn't
1953:./lwip-2.1.2/src/core/tcp.c ****  * place it on any of the TCP PCB lists.
1954:./lwip-2.1.2/src/core/tcp.c ****  * The pcb is not put on any list until binding using tcp_bind().
1955:./lwip-2.1.2/src/core/tcp.c ****  *
1956:./lwip-2.1.2/src/core/tcp.c ****  * @param type IP address type, see @ref lwip_ip_addr_type definitions.
1957:./lwip-2.1.2/src/core/tcp.c ****  * If you want to listen to IPv4 and IPv6 (dual-stack) connections,
1958:./lwip-2.1.2/src/core/tcp.c ****  * supply @ref IPADDR_TYPE_ANY as argument and bind to @ref IP_ANY_TYPE.
1959:./lwip-2.1.2/src/core/tcp.c ****  * @return a new tcp_pcb that initially is in state CLOSED
1960:./lwip-2.1.2/src/core/tcp.c ****  */
1961:./lwip-2.1.2/src/core/tcp.c **** struct tcp_pcb *
1962:./lwip-2.1.2/src/core/tcp.c **** tcp_new_ip_type(u8_t type)
1963:./lwip-2.1.2/src/core/tcp.c **** {
 4893              		.loc 1 1963 1
 4894              		.cfi_startproc
 4895              		@ args = 0, pretend = 0, frame = 16
 4896              		@ frame_needed = 1, uses_anonymous_args = 0
 4897 167c 80B5     		push	{r7, lr}
 4898              	.LCFI176:
 4899              		.cfi_def_cfa_offset 8
 4900              		.cfi_offset 7, -8
 4901              		.cfi_offset 14, -4
 4902 167e 84B0     		sub	sp, sp, #16
 4903              	.LCFI177:
 4904              		.cfi_def_cfa_offset 24
 4905 1680 00AF     		add	r7, sp, #0
 4906              	.LCFI178:
 4907              		.cfi_def_cfa_register 7
 4908 1682 0346     		mov	r3, r0
 4909 1684 FB71     		strb	r3, [r7, #7]
1964:./lwip-2.1.2/src/core/tcp.c ****   struct tcp_pcb *pcb;
1965:./lwip-2.1.2/src/core/tcp.c ****   pcb = tcp_alloc(TCP_PRIO_NORMAL);
 4910              		.loc 1 1965 9
 4911 1686 4020     		movs	r0, #64
 4912 1688 FFF7FEFF 		bl	tcp_alloc
 4913 168c F860     		str	r0, [r7, #12]
1966:./lwip-2.1.2/src/core/tcp.c **** #if LWIP_IPV4 && LWIP_IPV6
1967:./lwip-2.1.2/src/core/tcp.c ****   if (pcb != NULL) {
1968:./lwip-2.1.2/src/core/tcp.c ****     IP_SET_TYPE_VAL(pcb->local_ip, type);
1969:./lwip-2.1.2/src/core/tcp.c ****     IP_SET_TYPE_VAL(pcb->remote_ip, type);
1970:./lwip-2.1.2/src/core/tcp.c ****   }
1971:./lwip-2.1.2/src/core/tcp.c **** #else
1972:./lwip-2.1.2/src/core/tcp.c ****   LWIP_UNUSED_ARG(type);
1973:./lwip-2.1.2/src/core/tcp.c **** #endif /* LWIP_IPV4 && LWIP_IPV6 */
1974:./lwip-2.1.2/src/core/tcp.c ****   return pcb;
 4914              		.loc 1 1974 10
 4915 168e FB68     		ldr	r3, [r7, #12]
1975:./lwip-2.1.2/src/core/tcp.c **** }
 4916              		.loc 1 1975 1
 4917 1690 1846     		mov	r0, r3
 4918 1692 1037     		adds	r7, r7, #16
 4919              	.LCFI179:
 4920              		.cfi_def_cfa_offset 8
 4921 1694 BD46     		mov	sp, r7
 4922              	.LCFI180:
 4923              		.cfi_def_cfa_register 13
 4924              		@ sp needed
 4925 1696 80BD     		pop	{r7, pc}
 4926              		.cfi_endproc
 4927              	.LFE61:
 4929              		.align	1
 4930              		.global	tcp_arg
 4931              		.syntax unified
 4932              		.thumb
 4933              		.thumb_func
 4934              		.fpu fpv5-d16
 4936              	tcp_arg:
 4937              	.LFB62:
1976:./lwip-2.1.2/src/core/tcp.c **** 
1977:./lwip-2.1.2/src/core/tcp.c **** /**
1978:./lwip-2.1.2/src/core/tcp.c ****  * @ingroup tcp_raw
1979:./lwip-2.1.2/src/core/tcp.c ****  * Specifies the program specific state that should be passed to all
1980:./lwip-2.1.2/src/core/tcp.c ****  * other callback functions. The "pcb" argument is the current TCP
1981:./lwip-2.1.2/src/core/tcp.c ****  * connection control block, and the "arg" argument is the argument
1982:./lwip-2.1.2/src/core/tcp.c ****  * that will be passed to the callbacks.
1983:./lwip-2.1.2/src/core/tcp.c ****  *
1984:./lwip-2.1.2/src/core/tcp.c ****  * @param pcb tcp_pcb to set the callback argument
1985:./lwip-2.1.2/src/core/tcp.c ****  * @param arg void pointer argument to pass to callback functions
1986:./lwip-2.1.2/src/core/tcp.c ****  */
1987:./lwip-2.1.2/src/core/tcp.c **** void
1988:./lwip-2.1.2/src/core/tcp.c **** tcp_arg(struct tcp_pcb *pcb, void *arg)
1989:./lwip-2.1.2/src/core/tcp.c **** {
 4938              		.loc 1 1989 1
 4939              		.cfi_startproc
 4940              		@ args = 0, pretend = 0, frame = 8
 4941              		@ frame_needed = 1, uses_anonymous_args = 0
 4942              		@ link register save eliminated.
 4943 1698 80B4     		push	{r7}
 4944              	.LCFI181:
 4945              		.cfi_def_cfa_offset 4
 4946              		.cfi_offset 7, -4
 4947 169a 83B0     		sub	sp, sp, #12
 4948              	.LCFI182:
 4949              		.cfi_def_cfa_offset 16
 4950 169c 00AF     		add	r7, sp, #0
 4951              	.LCFI183:
 4952              		.cfi_def_cfa_register 7
 4953 169e 7860     		str	r0, [r7, #4]
 4954 16a0 3960     		str	r1, [r7]
1990:./lwip-2.1.2/src/core/tcp.c ****   LWIP_ASSERT_CORE_LOCKED();
1991:./lwip-2.1.2/src/core/tcp.c ****   /* This function is allowed to be called for both listen pcbs and
1992:./lwip-2.1.2/src/core/tcp.c ****      connection pcbs. */
1993:./lwip-2.1.2/src/core/tcp.c ****   if (pcb != NULL) {
 4955              		.loc 1 1993 6
 4956 16a2 7B68     		ldr	r3, [r7, #4]
 4957 16a4 002B     		cmp	r3, #0
 4958 16a6 02D0     		beq	.L322
1994:./lwip-2.1.2/src/core/tcp.c ****     pcb->callback_arg = arg;
 4959              		.loc 1 1994 23
 4960 16a8 7B68     		ldr	r3, [r7, #4]
 4961 16aa 3A68     		ldr	r2, [r7]
 4962 16ac 1A61     		str	r2, [r3, #16]
 4963              	.L322:
1995:./lwip-2.1.2/src/core/tcp.c ****   }
1996:./lwip-2.1.2/src/core/tcp.c **** }
 4964              		.loc 1 1996 1
 4965 16ae 00BF     		nop
 4966 16b0 0C37     		adds	r7, r7, #12
 4967              	.LCFI184:
 4968              		.cfi_def_cfa_offset 4
 4969 16b2 BD46     		mov	sp, r7
 4970              	.LCFI185:
 4971              		.cfi_def_cfa_register 13
 4972              		@ sp needed
 4973 16b4 5DF8047B 		ldr	r7, [sp], #4
 4974              	.LCFI186:
 4975              		.cfi_restore 7
 4976              		.cfi_def_cfa_offset 0
 4977 16b8 7047     		bx	lr
 4978              		.cfi_endproc
 4979              	.LFE62:
 4981              		.align	1
 4982              		.global	tcp_recv
 4983              		.syntax unified
 4984              		.thumb
 4985              		.thumb_func
 4986              		.fpu fpv5-d16
 4988              	tcp_recv:
 4989              	.LFB63:
1997:./lwip-2.1.2/src/core/tcp.c **** #if LWIP_CALLBACK_API
1998:./lwip-2.1.2/src/core/tcp.c **** 
1999:./lwip-2.1.2/src/core/tcp.c **** /**
2000:./lwip-2.1.2/src/core/tcp.c ****  * @ingroup tcp_raw
2001:./lwip-2.1.2/src/core/tcp.c ****  * Sets the callback function that will be called when new data
2002:./lwip-2.1.2/src/core/tcp.c ****  * arrives. The callback function will be passed a NULL pbuf to
2003:./lwip-2.1.2/src/core/tcp.c ****  * indicate that the remote host has closed the connection. If the
2004:./lwip-2.1.2/src/core/tcp.c ****  * callback function returns ERR_OK or ERR_ABRT it must have
2005:./lwip-2.1.2/src/core/tcp.c ****  * freed the pbuf, otherwise it must not have freed it.
2006:./lwip-2.1.2/src/core/tcp.c ****  *
2007:./lwip-2.1.2/src/core/tcp.c ****  * @param pcb tcp_pcb to set the recv callback
2008:./lwip-2.1.2/src/core/tcp.c ****  * @param recv callback function to call for this pcb when data is received
2009:./lwip-2.1.2/src/core/tcp.c ****  */
2010:./lwip-2.1.2/src/core/tcp.c **** void
2011:./lwip-2.1.2/src/core/tcp.c **** tcp_recv(struct tcp_pcb *pcb, tcp_recv_fn recv)
2012:./lwip-2.1.2/src/core/tcp.c **** {
 4990              		.loc 1 2012 1
 4991              		.cfi_startproc
 4992              		@ args = 0, pretend = 0, frame = 8
 4993              		@ frame_needed = 1, uses_anonymous_args = 0
 4994              		@ link register save eliminated.
 4995 16ba 80B4     		push	{r7}
 4996              	.LCFI187:
 4997              		.cfi_def_cfa_offset 4
 4998              		.cfi_offset 7, -4
 4999 16bc 83B0     		sub	sp, sp, #12
 5000              	.LCFI188:
 5001              		.cfi_def_cfa_offset 16
 5002 16be 00AF     		add	r7, sp, #0
 5003              	.LCFI189:
 5004              		.cfi_def_cfa_register 7
 5005 16c0 7860     		str	r0, [r7, #4]
 5006 16c2 3960     		str	r1, [r7]
2013:./lwip-2.1.2/src/core/tcp.c ****   LWIP_ASSERT_CORE_LOCKED();
2014:./lwip-2.1.2/src/core/tcp.c ****   if (pcb != NULL) {
 5007              		.loc 1 2014 6
 5008 16c4 7B68     		ldr	r3, [r7, #4]
 5009 16c6 002B     		cmp	r3, #0
 5010 16c8 03D0     		beq	.L325
2015:./lwip-2.1.2/src/core/tcp.c ****     LWIP_ASSERT("invalid socket state for recv callback", pcb->state != LISTEN);
2016:./lwip-2.1.2/src/core/tcp.c ****     pcb->recv = recv;
 5011              		.loc 1 2016 15
 5012 16ca 7B68     		ldr	r3, [r7, #4]
 5013 16cc 3A68     		ldr	r2, [r7]
 5014 16ce C3F88420 		str	r2, [r3, #132]
 5015              	.L325:
2017:./lwip-2.1.2/src/core/tcp.c ****   }
2018:./lwip-2.1.2/src/core/tcp.c **** }
 5016              		.loc 1 2018 1
 5017 16d2 00BF     		nop
 5018 16d4 0C37     		adds	r7, r7, #12
 5019              	.LCFI190:
 5020              		.cfi_def_cfa_offset 4
 5021 16d6 BD46     		mov	sp, r7
 5022              	.LCFI191:
 5023              		.cfi_def_cfa_register 13
 5024              		@ sp needed
 5025 16d8 5DF8047B 		ldr	r7, [sp], #4
 5026              	.LCFI192:
 5027              		.cfi_restore 7
 5028              		.cfi_def_cfa_offset 0
 5029 16dc 7047     		bx	lr
 5030              		.cfi_endproc
 5031              	.LFE63:
 5033              		.align	1
 5034              		.global	tcp_sent
 5035              		.syntax unified
 5036              		.thumb
 5037              		.thumb_func
 5038              		.fpu fpv5-d16
 5040              	tcp_sent:
 5041              	.LFB64:
2019:./lwip-2.1.2/src/core/tcp.c **** 
2020:./lwip-2.1.2/src/core/tcp.c **** /**
2021:./lwip-2.1.2/src/core/tcp.c ****  * @ingroup tcp_raw
2022:./lwip-2.1.2/src/core/tcp.c ****  * Specifies the callback function that should be called when data has
2023:./lwip-2.1.2/src/core/tcp.c ****  * successfully been received (i.e., acknowledged) by the remote
2024:./lwip-2.1.2/src/core/tcp.c ****  * host. The len argument passed to the callback function gives the
2025:./lwip-2.1.2/src/core/tcp.c ****  * amount bytes that was acknowledged by the last acknowledgment.
2026:./lwip-2.1.2/src/core/tcp.c ****  *
2027:./lwip-2.1.2/src/core/tcp.c ****  * @param pcb tcp_pcb to set the sent callback
2028:./lwip-2.1.2/src/core/tcp.c ****  * @param sent callback function to call for this pcb when data is successfully sent
2029:./lwip-2.1.2/src/core/tcp.c ****  */
2030:./lwip-2.1.2/src/core/tcp.c **** void
2031:./lwip-2.1.2/src/core/tcp.c **** tcp_sent(struct tcp_pcb *pcb, tcp_sent_fn sent)
2032:./lwip-2.1.2/src/core/tcp.c **** {
 5042              		.loc 1 2032 1
 5043              		.cfi_startproc
 5044              		@ args = 0, pretend = 0, frame = 8
 5045              		@ frame_needed = 1, uses_anonymous_args = 0
 5046              		@ link register save eliminated.
 5047 16de 80B4     		push	{r7}
 5048              	.LCFI193:
 5049              		.cfi_def_cfa_offset 4
 5050              		.cfi_offset 7, -4
 5051 16e0 83B0     		sub	sp, sp, #12
 5052              	.LCFI194:
 5053              		.cfi_def_cfa_offset 16
 5054 16e2 00AF     		add	r7, sp, #0
 5055              	.LCFI195:
 5056              		.cfi_def_cfa_register 7
 5057 16e4 7860     		str	r0, [r7, #4]
 5058 16e6 3960     		str	r1, [r7]
2033:./lwip-2.1.2/src/core/tcp.c ****   LWIP_ASSERT_CORE_LOCKED();
2034:./lwip-2.1.2/src/core/tcp.c ****   if (pcb != NULL) {
 5059              		.loc 1 2034 6
 5060 16e8 7B68     		ldr	r3, [r7, #4]
 5061 16ea 002B     		cmp	r3, #0
 5062 16ec 03D0     		beq	.L328
2035:./lwip-2.1.2/src/core/tcp.c ****     LWIP_ASSERT("invalid socket state for sent callback", pcb->state != LISTEN);
2036:./lwip-2.1.2/src/core/tcp.c ****     pcb->sent = sent;
 5063              		.loc 1 2036 15
 5064 16ee 7B68     		ldr	r3, [r7, #4]
 5065 16f0 3A68     		ldr	r2, [r7]
 5066 16f2 C3F88020 		str	r2, [r3, #128]
 5067              	.L328:
2037:./lwip-2.1.2/src/core/tcp.c ****   }
2038:./lwip-2.1.2/src/core/tcp.c **** }
 5068              		.loc 1 2038 1
 5069 16f6 00BF     		nop
 5070 16f8 0C37     		adds	r7, r7, #12
 5071              	.LCFI196:
 5072              		.cfi_def_cfa_offset 4
 5073 16fa BD46     		mov	sp, r7
 5074              	.LCFI197:
 5075              		.cfi_def_cfa_register 13
 5076              		@ sp needed
 5077 16fc 5DF8047B 		ldr	r7, [sp], #4
 5078              	.LCFI198:
 5079              		.cfi_restore 7
 5080              		.cfi_def_cfa_offset 0
 5081 1700 7047     		bx	lr
 5082              		.cfi_endproc
 5083              	.LFE64:
 5085              		.align	1
 5086              		.global	tcp_err
 5087              		.syntax unified
 5088              		.thumb
 5089              		.thumb_func
 5090              		.fpu fpv5-d16
 5092              	tcp_err:
 5093              	.LFB65:
2039:./lwip-2.1.2/src/core/tcp.c **** 
2040:./lwip-2.1.2/src/core/tcp.c **** /**
2041:./lwip-2.1.2/src/core/tcp.c ****  * @ingroup tcp_raw
2042:./lwip-2.1.2/src/core/tcp.c ****  * Used to specify the function that should be called when a fatal error
2043:./lwip-2.1.2/src/core/tcp.c ****  * has occurred on the connection.
2044:./lwip-2.1.2/src/core/tcp.c ****  * 
2045:./lwip-2.1.2/src/core/tcp.c ****  * If a connection is aborted because of an error, the application is
2046:./lwip-2.1.2/src/core/tcp.c ****  * alerted of this event by the err callback. Errors that might abort a
2047:./lwip-2.1.2/src/core/tcp.c ****  * connection are when there is a shortage of memory. The callback
2048:./lwip-2.1.2/src/core/tcp.c ****  * function to be called is set using the tcp_err() function.
2049:./lwip-2.1.2/src/core/tcp.c ****  *
2050:./lwip-2.1.2/src/core/tcp.c ****  * @note The corresponding pcb is already freed when this callback is called!
2051:./lwip-2.1.2/src/core/tcp.c ****  *
2052:./lwip-2.1.2/src/core/tcp.c ****  * @param pcb tcp_pcb to set the err callback
2053:./lwip-2.1.2/src/core/tcp.c ****  * @param err callback function to call for this pcb when a fatal error
2054:./lwip-2.1.2/src/core/tcp.c ****  *        has occurred on the connection
2055:./lwip-2.1.2/src/core/tcp.c ****  */
2056:./lwip-2.1.2/src/core/tcp.c **** void
2057:./lwip-2.1.2/src/core/tcp.c **** tcp_err(struct tcp_pcb *pcb, tcp_err_fn err)
2058:./lwip-2.1.2/src/core/tcp.c **** {
 5094              		.loc 1 2058 1
 5095              		.cfi_startproc
 5096              		@ args = 0, pretend = 0, frame = 8
 5097              		@ frame_needed = 1, uses_anonymous_args = 0
 5098              		@ link register save eliminated.
 5099 1702 80B4     		push	{r7}
 5100              	.LCFI199:
 5101              		.cfi_def_cfa_offset 4
 5102              		.cfi_offset 7, -4
 5103 1704 83B0     		sub	sp, sp, #12
 5104              	.LCFI200:
 5105              		.cfi_def_cfa_offset 16
 5106 1706 00AF     		add	r7, sp, #0
 5107              	.LCFI201:
 5108              		.cfi_def_cfa_register 7
 5109 1708 7860     		str	r0, [r7, #4]
 5110 170a 3960     		str	r1, [r7]
2059:./lwip-2.1.2/src/core/tcp.c ****   LWIP_ASSERT_CORE_LOCKED();
2060:./lwip-2.1.2/src/core/tcp.c ****   if (pcb != NULL) {
 5111              		.loc 1 2060 6
 5112 170c 7B68     		ldr	r3, [r7, #4]
 5113 170e 002B     		cmp	r3, #0
 5114 1710 03D0     		beq	.L331
2061:./lwip-2.1.2/src/core/tcp.c ****     LWIP_ASSERT("invalid socket state for err callback", pcb->state != LISTEN);
2062:./lwip-2.1.2/src/core/tcp.c ****     pcb->errf = err;
 5115              		.loc 1 2062 15
 5116 1712 7B68     		ldr	r3, [r7, #4]
 5117 1714 3A68     		ldr	r2, [r7]
 5118 1716 C3F89020 		str	r2, [r3, #144]
 5119              	.L331:
2063:./lwip-2.1.2/src/core/tcp.c ****   }
2064:./lwip-2.1.2/src/core/tcp.c **** }
 5120              		.loc 1 2064 1
 5121 171a 00BF     		nop
 5122 171c 0C37     		adds	r7, r7, #12
 5123              	.LCFI202:
 5124              		.cfi_def_cfa_offset 4
 5125 171e BD46     		mov	sp, r7
 5126              	.LCFI203:
 5127              		.cfi_def_cfa_register 13
 5128              		@ sp needed
 5129 1720 5DF8047B 		ldr	r7, [sp], #4
 5130              	.LCFI204:
 5131              		.cfi_restore 7
 5132              		.cfi_def_cfa_offset 0
 5133 1724 7047     		bx	lr
 5134              		.cfi_endproc
 5135              	.LFE65:
 5137              		.align	1
 5138              		.global	tcp_accept
 5139              		.syntax unified
 5140              		.thumb
 5141              		.thumb_func
 5142              		.fpu fpv5-d16
 5144              	tcp_accept:
 5145              	.LFB66:
2065:./lwip-2.1.2/src/core/tcp.c **** 
2066:./lwip-2.1.2/src/core/tcp.c **** /**
2067:./lwip-2.1.2/src/core/tcp.c ****  * @ingroup tcp_raw
2068:./lwip-2.1.2/src/core/tcp.c ****  * Used for specifying the function that should be called when a
2069:./lwip-2.1.2/src/core/tcp.c ****  * LISTENing connection has been connected to another host.
2070:./lwip-2.1.2/src/core/tcp.c ****  *
2071:./lwip-2.1.2/src/core/tcp.c ****  * @param pcb tcp_pcb to set the accept callback
2072:./lwip-2.1.2/src/core/tcp.c ****  * @param accept callback function to call for this pcb when LISTENing
2073:./lwip-2.1.2/src/core/tcp.c ****  *        connection has been connected to another host
2074:./lwip-2.1.2/src/core/tcp.c ****  */
2075:./lwip-2.1.2/src/core/tcp.c **** void
2076:./lwip-2.1.2/src/core/tcp.c **** tcp_accept(struct tcp_pcb *pcb, tcp_accept_fn accept)
2077:./lwip-2.1.2/src/core/tcp.c **** {
 5146              		.loc 1 2077 1
 5147              		.cfi_startproc
 5148              		@ args = 0, pretend = 0, frame = 16
 5149              		@ frame_needed = 1, uses_anonymous_args = 0
 5150              		@ link register save eliminated.
 5151 1726 80B4     		push	{r7}
 5152              	.LCFI205:
 5153              		.cfi_def_cfa_offset 4
 5154              		.cfi_offset 7, -4
 5155 1728 85B0     		sub	sp, sp, #20
 5156              	.LCFI206:
 5157              		.cfi_def_cfa_offset 24
 5158 172a 00AF     		add	r7, sp, #0
 5159              	.LCFI207:
 5160              		.cfi_def_cfa_register 7
 5161 172c 7860     		str	r0, [r7, #4]
 5162 172e 3960     		str	r1, [r7]
2078:./lwip-2.1.2/src/core/tcp.c ****   LWIP_ASSERT_CORE_LOCKED();
2079:./lwip-2.1.2/src/core/tcp.c ****   if ((pcb != NULL) && (pcb->state == LISTEN)) {
 5163              		.loc 1 2079 6
 5164 1730 7B68     		ldr	r3, [r7, #4]
 5165 1732 002B     		cmp	r3, #0
 5166 1734 08D0     		beq	.L334
 5167              		.loc 1 2079 28 discriminator 1
 5168 1736 7B68     		ldr	r3, [r7, #4]
 5169 1738 1B7D     		ldrb	r3, [r3, #20]	@ zero_extendqisi2
 5170              		.loc 1 2079 21 discriminator 1
 5171 173a 012B     		cmp	r3, #1
 5172 173c 04D1     		bne	.L334
 5173              	.LBB19:
2080:./lwip-2.1.2/src/core/tcp.c ****     struct tcp_pcb_listen *lpcb = (struct tcp_pcb_listen *)pcb;
 5174              		.loc 1 2080 28
 5175 173e 7B68     		ldr	r3, [r7, #4]
 5176 1740 FB60     		str	r3, [r7, #12]
2081:./lwip-2.1.2/src/core/tcp.c ****     lpcb->accept = accept;
 5177              		.loc 1 2081 18
 5178 1742 FB68     		ldr	r3, [r7, #12]
 5179 1744 3A68     		ldr	r2, [r7]
 5180 1746 9A61     		str	r2, [r3, #24]
 5181              	.L334:
 5182              	.LBE19:
2082:./lwip-2.1.2/src/core/tcp.c ****   }
2083:./lwip-2.1.2/src/core/tcp.c **** }
 5183              		.loc 1 2083 1
 5184 1748 00BF     		nop
 5185 174a 1437     		adds	r7, r7, #20
 5186              	.LCFI208:
 5187              		.cfi_def_cfa_offset 4
 5188 174c BD46     		mov	sp, r7
 5189              	.LCFI209:
 5190              		.cfi_def_cfa_register 13
 5191              		@ sp needed
 5192 174e 5DF8047B 		ldr	r7, [sp], #4
 5193              	.LCFI210:
 5194              		.cfi_restore 7
 5195              		.cfi_def_cfa_offset 0
 5196 1752 7047     		bx	lr
 5197              		.cfi_endproc
 5198              	.LFE66:
 5200              		.align	1
 5201              		.global	tcp_poll
 5202              		.syntax unified
 5203              		.thumb
 5204              		.thumb_func
 5205              		.fpu fpv5-d16
 5207              	tcp_poll:
 5208              	.LFB67:
2084:./lwip-2.1.2/src/core/tcp.c **** #endif /* LWIP_CALLBACK_API */
2085:./lwip-2.1.2/src/core/tcp.c **** 
2086:./lwip-2.1.2/src/core/tcp.c **** 
2087:./lwip-2.1.2/src/core/tcp.c **** /**
2088:./lwip-2.1.2/src/core/tcp.c ****  * @ingroup tcp_raw
2089:./lwip-2.1.2/src/core/tcp.c ****  * Specifies the polling interval and the callback function that should
2090:./lwip-2.1.2/src/core/tcp.c ****  * be called to poll the application. The interval is specified in
2091:./lwip-2.1.2/src/core/tcp.c ****  * number of TCP coarse grained timer shots, which typically occurs
2092:./lwip-2.1.2/src/core/tcp.c ****  * twice a second. An interval of 10 means that the application would
2093:./lwip-2.1.2/src/core/tcp.c ****  * be polled every 5 seconds.
2094:./lwip-2.1.2/src/core/tcp.c ****  * 
2095:./lwip-2.1.2/src/core/tcp.c ****  * When a connection is idle (i.e., no data is either transmitted or
2096:./lwip-2.1.2/src/core/tcp.c ****  * received), lwIP will repeatedly poll the application by calling a
2097:./lwip-2.1.2/src/core/tcp.c ****  * specified callback function. This can be used either as a watchdog
2098:./lwip-2.1.2/src/core/tcp.c ****  * timer for killing connections that have stayed idle for too long, or
2099:./lwip-2.1.2/src/core/tcp.c ****  * as a method of waiting for memory to become available. For instance,
2100:./lwip-2.1.2/src/core/tcp.c ****  * if a call to tcp_write() has failed because memory wasn't available,
2101:./lwip-2.1.2/src/core/tcp.c ****  * the application may use the polling functionality to call tcp_write()
2102:./lwip-2.1.2/src/core/tcp.c ****  * again when the connection has been idle for a while.
2103:./lwip-2.1.2/src/core/tcp.c ****  */
2104:./lwip-2.1.2/src/core/tcp.c **** void
2105:./lwip-2.1.2/src/core/tcp.c **** tcp_poll(struct tcp_pcb *pcb, tcp_poll_fn poll, u8_t interval)
2106:./lwip-2.1.2/src/core/tcp.c **** {
 5209              		.loc 1 2106 1
 5210              		.cfi_startproc
 5211              		@ args = 0, pretend = 0, frame = 16
 5212              		@ frame_needed = 1, uses_anonymous_args = 0
 5213              		@ link register save eliminated.
 5214 1754 80B4     		push	{r7}
 5215              	.LCFI211:
 5216              		.cfi_def_cfa_offset 4
 5217              		.cfi_offset 7, -4
 5218 1756 85B0     		sub	sp, sp, #20
 5219              	.LCFI212:
 5220              		.cfi_def_cfa_offset 24
 5221 1758 00AF     		add	r7, sp, #0
 5222              	.LCFI213:
 5223              		.cfi_def_cfa_register 7
 5224 175a F860     		str	r0, [r7, #12]
 5225 175c B960     		str	r1, [r7, #8]
 5226 175e 1346     		mov	r3, r2
 5227 1760 FB71     		strb	r3, [r7, #7]
2107:./lwip-2.1.2/src/core/tcp.c ****   LWIP_ASSERT_CORE_LOCKED();
2108:./lwip-2.1.2/src/core/tcp.c **** 
2109:./lwip-2.1.2/src/core/tcp.c ****   LWIP_ERROR("tcp_poll: invalid pcb", pcb != NULL, return);
 5228              		.loc 1 2109 3
 5229 1762 FB68     		ldr	r3, [r7, #12]
 5230 1764 002B     		cmp	r3, #0
 5231 1766 07D0     		beq	.L338
2110:./lwip-2.1.2/src/core/tcp.c ****   LWIP_ASSERT("invalid socket state for poll", pcb->state != LISTEN);
2111:./lwip-2.1.2/src/core/tcp.c **** 
2112:./lwip-2.1.2/src/core/tcp.c **** #if LWIP_CALLBACK_API
2113:./lwip-2.1.2/src/core/tcp.c ****   pcb->poll = poll;
 5232              		.loc 1 2113 13
 5233 1768 FB68     		ldr	r3, [r7, #12]
 5234 176a BA68     		ldr	r2, [r7, #8]
 5235 176c C3F88C20 		str	r2, [r3, #140]
2114:./lwip-2.1.2/src/core/tcp.c **** #else /* LWIP_CALLBACK_API */
2115:./lwip-2.1.2/src/core/tcp.c ****   LWIP_UNUSED_ARG(poll);
2116:./lwip-2.1.2/src/core/tcp.c **** #endif /* LWIP_CALLBACK_API */
2117:./lwip-2.1.2/src/core/tcp.c ****   pcb->pollinterval = interval;
 5236              		.loc 1 2117 21
 5237 1770 FB68     		ldr	r3, [r7, #12]
 5238 1772 FA79     		ldrb	r2, [r7, #7]
 5239 1774 5A77     		strb	r2, [r3, #29]
 5240 1776 00E0     		b	.L335
 5241              	.L338:
2109:./lwip-2.1.2/src/core/tcp.c ****   LWIP_ASSERT("invalid socket state for poll", pcb->state != LISTEN);
 5242              		.loc 1 2109 3
 5243 1778 00BF     		nop
 5244              	.L335:
2118:./lwip-2.1.2/src/core/tcp.c **** }
 5245              		.loc 1 2118 1
 5246 177a 1437     		adds	r7, r7, #20
 5247              	.LCFI214:
 5248              		.cfi_def_cfa_offset 4
 5249 177c BD46     		mov	sp, r7
 5250              	.LCFI215:
 5251              		.cfi_def_cfa_register 13
 5252              		@ sp needed
 5253 177e 5DF8047B 		ldr	r7, [sp], #4
 5254              	.LCFI216:
 5255              		.cfi_restore 7
 5256              		.cfi_def_cfa_offset 0
 5257 1782 7047     		bx	lr
 5258              		.cfi_endproc
 5259              	.LFE67:
 5261              		.align	1
 5262              		.global	tcp_pcb_purge
 5263              		.syntax unified
 5264              		.thumb
 5265              		.thumb_func
 5266              		.fpu fpv5-d16
 5268              	tcp_pcb_purge:
 5269              	.LFB68:
2119:./lwip-2.1.2/src/core/tcp.c **** 
2120:./lwip-2.1.2/src/core/tcp.c **** /**
2121:./lwip-2.1.2/src/core/tcp.c ****  * Purges a TCP PCB. Removes any buffered data and frees the buffer memory
2122:./lwip-2.1.2/src/core/tcp.c ****  * (pcb->ooseq, pcb->unsent and pcb->unacked are freed).
2123:./lwip-2.1.2/src/core/tcp.c ****  *
2124:./lwip-2.1.2/src/core/tcp.c ****  * @param pcb tcp_pcb to purge. The pcb itself is not deallocated!
2125:./lwip-2.1.2/src/core/tcp.c ****  */
2126:./lwip-2.1.2/src/core/tcp.c **** void
2127:./lwip-2.1.2/src/core/tcp.c **** tcp_pcb_purge(struct tcp_pcb *pcb)
2128:./lwip-2.1.2/src/core/tcp.c **** {
 5270              		.loc 1 2128 1
 5271              		.cfi_startproc
 5272              		@ args = 0, pretend = 0, frame = 8
 5273              		@ frame_needed = 1, uses_anonymous_args = 0
 5274 1784 80B5     		push	{r7, lr}
 5275              	.LCFI217:
 5276              		.cfi_def_cfa_offset 8
 5277              		.cfi_offset 7, -8
 5278              		.cfi_offset 14, -4
 5279 1786 82B0     		sub	sp, sp, #8
 5280              	.LCFI218:
 5281              		.cfi_def_cfa_offset 16
 5282 1788 00AF     		add	r7, sp, #0
 5283              	.LCFI219:
 5284              		.cfi_def_cfa_register 7
 5285 178a 7860     		str	r0, [r7, #4]
2129:./lwip-2.1.2/src/core/tcp.c ****   LWIP_ERROR("tcp_pcb_purge: invalid pcb", pcb != NULL, return);
 5286              		.loc 1 2129 3
 5287 178c 7B68     		ldr	r3, [r7, #4]
 5288 178e 002B     		cmp	r3, #0
 5289 1790 38D0     		beq	.L344
2130:./lwip-2.1.2/src/core/tcp.c **** 
2131:./lwip-2.1.2/src/core/tcp.c ****   if (pcb->state != CLOSED &&
 5290              		.loc 1 2131 10
 5291 1792 7B68     		ldr	r3, [r7, #4]
 5292 1794 1B7D     		ldrb	r3, [r3, #20]	@ zero_extendqisi2
 5293              		.loc 1 2131 6
 5294 1796 002B     		cmp	r3, #0
 5295 1798 35D0     		beq	.L339
2132:./lwip-2.1.2/src/core/tcp.c ****       pcb->state != TIME_WAIT &&
 5296              		.loc 1 2132 10 discriminator 1
 5297 179a 7B68     		ldr	r3, [r7, #4]
 5298 179c 1B7D     		ldrb	r3, [r3, #20]	@ zero_extendqisi2
2131:./lwip-2.1.2/src/core/tcp.c ****       pcb->state != TIME_WAIT &&
 5299              		.loc 1 2131 28 discriminator 1
 5300 179e 0A2B     		cmp	r3, #10
 5301 17a0 31D0     		beq	.L339
2133:./lwip-2.1.2/src/core/tcp.c ****       pcb->state != LISTEN) {
 5302              		.loc 1 2133 10
 5303 17a2 7B68     		ldr	r3, [r7, #4]
 5304 17a4 1B7D     		ldrb	r3, [r3, #20]	@ zero_extendqisi2
2132:./lwip-2.1.2/src/core/tcp.c ****       pcb->state != TIME_WAIT &&
 5305              		.loc 1 2132 31
 5306 17a6 012B     		cmp	r3, #1
 5307 17a8 2DD0     		beq	.L339
2134:./lwip-2.1.2/src/core/tcp.c **** 
2135:./lwip-2.1.2/src/core/tcp.c ****     LWIP_DEBUGF(TCP_DEBUG, ("tcp_pcb_purge\n"));
2136:./lwip-2.1.2/src/core/tcp.c **** 
2137:./lwip-2.1.2/src/core/tcp.c ****     tcp_backlog_accepted(pcb);
2138:./lwip-2.1.2/src/core/tcp.c **** 
2139:./lwip-2.1.2/src/core/tcp.c ****     if (pcb->refused_data != NULL) {
 5308              		.loc 1 2139 12
 5309 17aa 7B68     		ldr	r3, [r7, #4]
 5310 17ac 9B6F     		ldr	r3, [r3, #120]
 5311              		.loc 1 2139 8
 5312 17ae 002B     		cmp	r3, #0
 5313 17b0 07D0     		beq	.L342
2140:./lwip-2.1.2/src/core/tcp.c ****       LWIP_DEBUGF(TCP_DEBUG, ("tcp_pcb_purge: data left on ->refused_data\n"));
2141:./lwip-2.1.2/src/core/tcp.c ****       pbuf_free(pcb->refused_data);
 5314              		.loc 1 2141 7
 5315 17b2 7B68     		ldr	r3, [r7, #4]
 5316 17b4 9B6F     		ldr	r3, [r3, #120]
 5317 17b6 1846     		mov	r0, r3
 5318 17b8 FFF7FEFF 		bl	pbuf_free
2142:./lwip-2.1.2/src/core/tcp.c ****       pcb->refused_data = NULL;
 5319              		.loc 1 2142 25
 5320 17bc 7B68     		ldr	r3, [r7, #4]
 5321 17be 0022     		movs	r2, #0
 5322 17c0 9A67     		str	r2, [r3, #120]
 5323              	.L342:
2143:./lwip-2.1.2/src/core/tcp.c ****     }
2144:./lwip-2.1.2/src/core/tcp.c ****     if (pcb->unsent != NULL) {
2145:./lwip-2.1.2/src/core/tcp.c ****       LWIP_DEBUGF(TCP_DEBUG, ("tcp_pcb_purge: not all data sent\n"));
2146:./lwip-2.1.2/src/core/tcp.c ****     }
2147:./lwip-2.1.2/src/core/tcp.c ****     if (pcb->unacked != NULL) {
2148:./lwip-2.1.2/src/core/tcp.c ****       LWIP_DEBUGF(TCP_DEBUG, ("tcp_pcb_purge: data left on ->unacked\n"));
2149:./lwip-2.1.2/src/core/tcp.c ****     }
2150:./lwip-2.1.2/src/core/tcp.c **** #if TCP_QUEUE_OOSEQ
2151:./lwip-2.1.2/src/core/tcp.c ****     if (pcb->ooseq != NULL) {
 5324              		.loc 1 2151 12
 5325 17c2 7B68     		ldr	r3, [r7, #4]
 5326 17c4 5B6F     		ldr	r3, [r3, #116]
 5327              		.loc 1 2151 8
 5328 17c6 002B     		cmp	r3, #0
 5329 17c8 02D0     		beq	.L343
2152:./lwip-2.1.2/src/core/tcp.c ****       LWIP_DEBUGF(TCP_DEBUG, ("tcp_pcb_purge: data left on ->ooseq\n"));
2153:./lwip-2.1.2/src/core/tcp.c ****       tcp_free_ooseq(pcb);
 5330              		.loc 1 2153 7
 5331 17ca 7868     		ldr	r0, [r7, #4]
 5332 17cc FFF7FEFF 		bl	tcp_free_ooseq
 5333              	.L343:
2154:./lwip-2.1.2/src/core/tcp.c ****     }
2155:./lwip-2.1.2/src/core/tcp.c **** #endif /* TCP_QUEUE_OOSEQ */
2156:./lwip-2.1.2/src/core/tcp.c **** 
2157:./lwip-2.1.2/src/core/tcp.c ****     /* Stop the retransmission timer as it will expect data on unacked
2158:./lwip-2.1.2/src/core/tcp.c ****        queue if it fires */
2159:./lwip-2.1.2/src/core/tcp.c ****     pcb->rtime = -1;
 5334              		.loc 1 2159 16
 5335 17d0 7B68     		ldr	r3, [r7, #4]
 5336 17d2 4FF6FF72 		movw	r2, #65535
 5337 17d6 1A86     		strh	r2, [r3, #48]	@ movhi
2160:./lwip-2.1.2/src/core/tcp.c **** 
2161:./lwip-2.1.2/src/core/tcp.c ****     tcp_segs_free(pcb->unsent);
 5338              		.loc 1 2161 5
 5339 17d8 7B68     		ldr	r3, [r7, #4]
 5340 17da DB6E     		ldr	r3, [r3, #108]
 5341 17dc 1846     		mov	r0, r3
 5342 17de FFF7FEFF 		bl	tcp_segs_free
2162:./lwip-2.1.2/src/core/tcp.c ****     tcp_segs_free(pcb->unacked);
 5343              		.loc 1 2162 5
 5344 17e2 7B68     		ldr	r3, [r7, #4]
 5345 17e4 1B6F     		ldr	r3, [r3, #112]
 5346 17e6 1846     		mov	r0, r3
 5347 17e8 FFF7FEFF 		bl	tcp_segs_free
2163:./lwip-2.1.2/src/core/tcp.c ****     pcb->unacked = pcb->unsent = NULL;
 5348              		.loc 1 2163 32
 5349 17ec 7B68     		ldr	r3, [r7, #4]
 5350 17ee 0022     		movs	r2, #0
 5351 17f0 DA66     		str	r2, [r3, #108]
 5352              		.loc 1 2163 23
 5353 17f2 7B68     		ldr	r3, [r7, #4]
 5354 17f4 DA6E     		ldr	r2, [r3, #108]
 5355              		.loc 1 2163 18
 5356 17f6 7B68     		ldr	r3, [r7, #4]
 5357 17f8 1A67     		str	r2, [r3, #112]
2164:./lwip-2.1.2/src/core/tcp.c **** #if TCP_OVERSIZE
2165:./lwip-2.1.2/src/core/tcp.c ****     pcb->unsent_oversize = 0;
 5358              		.loc 1 2165 26
 5359 17fa 7B68     		ldr	r3, [r7, #4]
 5360 17fc 0022     		movs	r2, #0
 5361 17fe A3F86820 		strh	r2, [r3, #104]	@ movhi
 5362 1802 00E0     		b	.L339
 5363              	.L344:
2129:./lwip-2.1.2/src/core/tcp.c **** 
 5364              		.loc 1 2129 3
 5365 1804 00BF     		nop
 5366              	.L339:
2166:./lwip-2.1.2/src/core/tcp.c **** #endif /* TCP_OVERSIZE */
2167:./lwip-2.1.2/src/core/tcp.c ****   }
2168:./lwip-2.1.2/src/core/tcp.c **** }
 5367              		.loc 1 2168 1
 5368 1806 0837     		adds	r7, r7, #8
 5369              	.LCFI220:
 5370              		.cfi_def_cfa_offset 8
 5371 1808 BD46     		mov	sp, r7
 5372              	.LCFI221:
 5373              		.cfi_def_cfa_register 13
 5374              		@ sp needed
 5375 180a 80BD     		pop	{r7, pc}
 5376              		.cfi_endproc
 5377              	.LFE68:
 5379              		.align	1
 5380              		.global	tcp_pcb_remove
 5381              		.syntax unified
 5382              		.thumb
 5383              		.thumb_func
 5384              		.fpu fpv5-d16
 5386              	tcp_pcb_remove:
 5387              	.LFB69:
2169:./lwip-2.1.2/src/core/tcp.c **** 
2170:./lwip-2.1.2/src/core/tcp.c **** /**
2171:./lwip-2.1.2/src/core/tcp.c ****  * Purges the PCB and removes it from a PCB list. Any delayed ACKs are sent first.
2172:./lwip-2.1.2/src/core/tcp.c ****  *
2173:./lwip-2.1.2/src/core/tcp.c ****  * @param pcblist PCB list to purge.
2174:./lwip-2.1.2/src/core/tcp.c ****  * @param pcb tcp_pcb to purge. The pcb itself is NOT deallocated!
2175:./lwip-2.1.2/src/core/tcp.c ****  */
2176:./lwip-2.1.2/src/core/tcp.c **** void
2177:./lwip-2.1.2/src/core/tcp.c **** tcp_pcb_remove(struct tcp_pcb **pcblist, struct tcp_pcb *pcb)
2178:./lwip-2.1.2/src/core/tcp.c **** {
 5388              		.loc 1 2178 1
 5389              		.cfi_startproc
 5390              		@ args = 0, pretend = 0, frame = 16
 5391              		@ frame_needed = 1, uses_anonymous_args = 0
 5392 180c 80B5     		push	{r7, lr}
 5393              	.LCFI222:
 5394              		.cfi_def_cfa_offset 8
 5395              		.cfi_offset 7, -8
 5396              		.cfi_offset 14, -4
 5397 180e 84B0     		sub	sp, sp, #16
 5398              	.LCFI223:
 5399              		.cfi_def_cfa_offset 24
 5400 1810 00AF     		add	r7, sp, #0
 5401              	.LCFI224:
 5402              		.cfi_def_cfa_register 7
 5403 1812 7860     		str	r0, [r7, #4]
 5404 1814 3960     		str	r1, [r7]
2179:./lwip-2.1.2/src/core/tcp.c ****   LWIP_ASSERT("tcp_pcb_remove: invalid pcb", pcb != NULL);
2180:./lwip-2.1.2/src/core/tcp.c ****   LWIP_ASSERT("tcp_pcb_remove: invalid pcblist", pcblist != NULL);
2181:./lwip-2.1.2/src/core/tcp.c **** 
2182:./lwip-2.1.2/src/core/tcp.c ****   TCP_RMV(pcblist, pcb);
 5405              		.loc 1 2182 3
 5406 1816 7B68     		ldr	r3, [r7, #4]
 5407 1818 1B68     		ldr	r3, [r3]
 5408 181a 3A68     		ldr	r2, [r7]
 5409 181c 9A42     		cmp	r2, r3
 5410 181e 05D1     		bne	.L346
 5411              		.loc 1 2182 3 is_stmt 0 discriminator 1
 5412 1820 7B68     		ldr	r3, [r7, #4]
 5413 1822 1B68     		ldr	r3, [r3]
 5414 1824 DA68     		ldr	r2, [r3, #12]
 5415 1826 7B68     		ldr	r3, [r7, #4]
 5416 1828 1A60     		str	r2, [r3]
 5417 182a 13E0     		b	.L347
 5418              	.L346:
 5419              	.LBB20:
 5420              		.loc 1 2182 3 discriminator 2
 5421 182c 7B68     		ldr	r3, [r7, #4]
 5422 182e 1B68     		ldr	r3, [r3]
 5423 1830 FB60     		str	r3, [r7, #12]
 5424 1832 0CE0     		b	.L348
 5425              	.L350:
 5426              		.loc 1 2182 3 discriminator 9
 5427 1834 FB68     		ldr	r3, [r7, #12]
 5428 1836 DB68     		ldr	r3, [r3, #12]
 5429 1838 3A68     		ldr	r2, [r7]
 5430 183a 9A42     		cmp	r2, r3
 5431 183c 04D1     		bne	.L349
 5432              		.loc 1 2182 3 discriminator 5
 5433 183e 3B68     		ldr	r3, [r7]
 5434 1840 DA68     		ldr	r2, [r3, #12]
 5435 1842 FB68     		ldr	r3, [r7, #12]
 5436 1844 DA60     		str	r2, [r3, #12]
 5437 1846 05E0     		b	.L347
 5438              	.L349:
 5439              		.loc 1 2182 3 discriminator 6
 5440 1848 FB68     		ldr	r3, [r7, #12]
 5441 184a DB68     		ldr	r3, [r3, #12]
 5442 184c FB60     		str	r3, [r7, #12]
 5443              	.L348:
 5444              		.loc 1 2182 3 discriminator 8
 5445 184e FB68     		ldr	r3, [r7, #12]
 5446 1850 002B     		cmp	r3, #0
 5447 1852 EFD1     		bne	.L350
 5448              	.L347:
 5449              	.LBE20:
 5450              		.loc 1 2182 3 discriminator 10
 5451 1854 3B68     		ldr	r3, [r7]
 5452 1856 0022     		movs	r2, #0
 5453 1858 DA60     		str	r2, [r3, #12]
2183:./lwip-2.1.2/src/core/tcp.c **** 
2184:./lwip-2.1.2/src/core/tcp.c ****   tcp_pcb_purge(pcb);
 5454              		.loc 1 2184 3 is_stmt 1 discriminator 10
 5455 185a 3868     		ldr	r0, [r7]
 5456 185c FFF7FEFF 		bl	tcp_pcb_purge
2185:./lwip-2.1.2/src/core/tcp.c **** 
2186:./lwip-2.1.2/src/core/tcp.c ****   /* if there is an outstanding delayed ACKs, send it */
2187:./lwip-2.1.2/src/core/tcp.c ****   if ((pcb->state != TIME_WAIT) &&
 5457              		.loc 1 2187 11 discriminator 10
 5458 1860 3B68     		ldr	r3, [r7]
 5459 1862 1B7D     		ldrb	r3, [r3, #20]	@ zero_extendqisi2
 5460              		.loc 1 2187 6 discriminator 10
 5461 1864 0A2B     		cmp	r3, #10
 5462 1866 13D0     		beq	.L351
2188:./lwip-2.1.2/src/core/tcp.c ****       (pcb->state != LISTEN) &&
 5463              		.loc 1 2188 11 discriminator 1
 5464 1868 3B68     		ldr	r3, [r7]
 5465 186a 1B7D     		ldrb	r3, [r3, #20]	@ zero_extendqisi2
2187:./lwip-2.1.2/src/core/tcp.c ****       (pcb->state != LISTEN) &&
 5466              		.loc 1 2187 33 discriminator 1
 5467 186c 012B     		cmp	r3, #1
 5468 186e 0FD0     		beq	.L351
2189:./lwip-2.1.2/src/core/tcp.c ****       (pcb->flags & TF_ACK_DELAY)) {
 5469              		.loc 1 2189 11
 5470 1870 3B68     		ldr	r3, [r7]
 5471 1872 5B8B     		ldrh	r3, [r3, #26]
 5472              		.loc 1 2189 19
 5473 1874 03F00103 		and	r3, r3, #1
2188:./lwip-2.1.2/src/core/tcp.c ****       (pcb->state != LISTEN) &&
 5474              		.loc 1 2188 30
 5475 1878 002B     		cmp	r3, #0
 5476 187a 09D0     		beq	.L351
2190:./lwip-2.1.2/src/core/tcp.c ****     tcp_ack_now(pcb);
 5477              		.loc 1 2190 5
 5478 187c 3B68     		ldr	r3, [r7]
 5479 187e 5B8B     		ldrh	r3, [r3, #26]
 5480 1880 43F00203 		orr	r3, r3, #2
 5481 1884 9AB2     		uxth	r2, r3
 5482 1886 3B68     		ldr	r3, [r7]
 5483 1888 5A83     		strh	r2, [r3, #26]	@ movhi
2191:./lwip-2.1.2/src/core/tcp.c ****     tcp_output(pcb);
 5484              		.loc 1 2191 5
 5485 188a 3868     		ldr	r0, [r7]
 5486 188c FFF7FEFF 		bl	tcp_output
 5487              	.L351:
2192:./lwip-2.1.2/src/core/tcp.c ****   }
2193:./lwip-2.1.2/src/core/tcp.c **** 
2194:./lwip-2.1.2/src/core/tcp.c ****   if (pcb->state != LISTEN) {
2195:./lwip-2.1.2/src/core/tcp.c ****     LWIP_ASSERT("unsent segments leaking", pcb->unsent == NULL);
2196:./lwip-2.1.2/src/core/tcp.c ****     LWIP_ASSERT("unacked segments leaking", pcb->unacked == NULL);
2197:./lwip-2.1.2/src/core/tcp.c **** #if TCP_QUEUE_OOSEQ
2198:./lwip-2.1.2/src/core/tcp.c ****     LWIP_ASSERT("ooseq segments leaking", pcb->ooseq == NULL);
2199:./lwip-2.1.2/src/core/tcp.c **** #endif /* TCP_QUEUE_OOSEQ */
2200:./lwip-2.1.2/src/core/tcp.c ****   }
2201:./lwip-2.1.2/src/core/tcp.c **** 
2202:./lwip-2.1.2/src/core/tcp.c ****   pcb->state = CLOSED;
 5488              		.loc 1 2202 14
 5489 1890 3B68     		ldr	r3, [r7]
 5490 1892 0022     		movs	r2, #0
 5491 1894 1A75     		strb	r2, [r3, #20]
2203:./lwip-2.1.2/src/core/tcp.c ****   /* reset the local port to prevent the pcb from being 'bound' */
2204:./lwip-2.1.2/src/core/tcp.c ****   pcb->local_port = 0;
 5492              		.loc 1 2204 19
 5493 1896 3B68     		ldr	r3, [r7]
 5494 1898 0022     		movs	r2, #0
 5495 189a DA82     		strh	r2, [r3, #22]	@ movhi
2205:./lwip-2.1.2/src/core/tcp.c **** 
2206:./lwip-2.1.2/src/core/tcp.c ****   LWIP_ASSERT("tcp_pcb_remove: tcp_pcbs_sane()", tcp_pcbs_sane());
2207:./lwip-2.1.2/src/core/tcp.c **** }
 5496              		.loc 1 2207 1
 5497 189c 00BF     		nop
 5498 189e 1037     		adds	r7, r7, #16
 5499              	.LCFI225:
 5500              		.cfi_def_cfa_offset 8
 5501 18a0 BD46     		mov	sp, r7
 5502              	.LCFI226:
 5503              		.cfi_def_cfa_register 13
 5504              		@ sp needed
 5505 18a2 80BD     		pop	{r7, pc}
 5506              		.cfi_endproc
 5507              	.LFE69:
 5509              		.align	1
 5510              		.global	tcp_next_iss
 5511              		.syntax unified
 5512              		.thumb
 5513              		.thumb_func
 5514              		.fpu fpv5-d16
 5516              	tcp_next_iss:
 5517              	.LFB70:
2208:./lwip-2.1.2/src/core/tcp.c **** 
2209:./lwip-2.1.2/src/core/tcp.c **** /**
2210:./lwip-2.1.2/src/core/tcp.c ****  * Calculates a new initial sequence number for new connections.
2211:./lwip-2.1.2/src/core/tcp.c ****  *
2212:./lwip-2.1.2/src/core/tcp.c ****  * @return u32_t pseudo random sequence number
2213:./lwip-2.1.2/src/core/tcp.c ****  */
2214:./lwip-2.1.2/src/core/tcp.c **** u32_t
2215:./lwip-2.1.2/src/core/tcp.c **** tcp_next_iss(struct tcp_pcb *pcb)
2216:./lwip-2.1.2/src/core/tcp.c **** {
 5518              		.loc 1 2216 1
 5519              		.cfi_startproc
 5520              		@ args = 0, pretend = 0, frame = 8
 5521              		@ frame_needed = 1, uses_anonymous_args = 0
 5522              		@ link register save eliminated.
 5523 18a4 80B4     		push	{r7}
 5524              	.LCFI227:
 5525              		.cfi_def_cfa_offset 4
 5526              		.cfi_offset 7, -4
 5527 18a6 83B0     		sub	sp, sp, #12
 5528              	.LCFI228:
 5529              		.cfi_def_cfa_offset 16
 5530 18a8 00AF     		add	r7, sp, #0
 5531              	.LCFI229:
 5532              		.cfi_def_cfa_register 7
 5533 18aa 7860     		str	r0, [r7, #4]
2217:./lwip-2.1.2/src/core/tcp.c **** #ifdef LWIP_HOOK_TCP_ISN
2218:./lwip-2.1.2/src/core/tcp.c ****   LWIP_ASSERT("tcp_next_iss: invalid pcb", pcb != NULL);
2219:./lwip-2.1.2/src/core/tcp.c ****   return LWIP_HOOK_TCP_ISN(&pcb->local_ip, pcb->local_port, &pcb->remote_ip, pcb->remote_port);
2220:./lwip-2.1.2/src/core/tcp.c **** #else /* LWIP_HOOK_TCP_ISN */
2221:./lwip-2.1.2/src/core/tcp.c ****   static u32_t iss = 6510;
2222:./lwip-2.1.2/src/core/tcp.c **** 
2223:./lwip-2.1.2/src/core/tcp.c ****   LWIP_ASSERT("tcp_next_iss: invalid pcb", pcb != NULL);
2224:./lwip-2.1.2/src/core/tcp.c ****   LWIP_UNUSED_ARG(pcb);
2225:./lwip-2.1.2/src/core/tcp.c **** 
2226:./lwip-2.1.2/src/core/tcp.c ****   iss += tcp_ticks;       /* XXX */
 5534              		.loc 1 2226 7
 5535 18ac 074B     		ldr	r3, .L354
 5536 18ae 1A68     		ldr	r2, [r3]
 5537 18b0 074B     		ldr	r3, .L354+4
 5538 18b2 1B68     		ldr	r3, [r3]
 5539 18b4 1344     		add	r3, r3, r2
 5540 18b6 054A     		ldr	r2, .L354
 5541 18b8 1360     		str	r3, [r2]
2227:./lwip-2.1.2/src/core/tcp.c ****   return iss;
 5542              		.loc 1 2227 10
 5543 18ba 044B     		ldr	r3, .L354
 5544 18bc 1B68     		ldr	r3, [r3]
2228:./lwip-2.1.2/src/core/tcp.c **** #endif /* LWIP_HOOK_TCP_ISN */
2229:./lwip-2.1.2/src/core/tcp.c **** }
 5545              		.loc 1 2229 1
 5546 18be 1846     		mov	r0, r3
 5547 18c0 0C37     		adds	r7, r7, #12
 5548              	.LCFI230:
 5549              		.cfi_def_cfa_offset 4
 5550 18c2 BD46     		mov	sp, r7
 5551              	.LCFI231:
 5552              		.cfi_def_cfa_register 13
 5553              		@ sp needed
 5554 18c4 5DF8047B 		ldr	r7, [sp], #4
 5555              	.LCFI232:
 5556              		.cfi_restore 7
 5557              		.cfi_def_cfa_offset 0
 5558 18c8 7047     		bx	lr
 5559              	.L355:
 5560 18ca 00BF     		.align	2
 5561              	.L354:
 5562 18cc 04000000 		.word	iss.0
 5563 18d0 00000000 		.word	tcp_ticks
 5564              		.cfi_endproc
 5565              	.LFE70:
 5567              		.align	1
 5568              		.global	tcp_eff_send_mss_netif
 5569              		.syntax unified
 5570              		.thumb
 5571              		.thumb_func
 5572              		.fpu fpv5-d16
 5574              	tcp_eff_send_mss_netif:
 5575              	.LFB71:
2230:./lwip-2.1.2/src/core/tcp.c **** 
2231:./lwip-2.1.2/src/core/tcp.c **** #if TCP_CALCULATE_EFF_SEND_MSS
2232:./lwip-2.1.2/src/core/tcp.c **** /**
2233:./lwip-2.1.2/src/core/tcp.c ****  * Calculates the effective send mss that can be used for a specific IP address
2234:./lwip-2.1.2/src/core/tcp.c ****  * by calculating the minimum of TCP_MSS and the mtu (if set) of the target
2235:./lwip-2.1.2/src/core/tcp.c ****  * netif (if not NULL).
2236:./lwip-2.1.2/src/core/tcp.c ****  */
2237:./lwip-2.1.2/src/core/tcp.c **** u16_t
2238:./lwip-2.1.2/src/core/tcp.c **** tcp_eff_send_mss_netif(u16_t sendmss, struct netif *outif, const ip_addr_t *dest)
2239:./lwip-2.1.2/src/core/tcp.c **** {
 5576              		.loc 1 2239 1
 5577              		.cfi_startproc
 5578              		@ args = 0, pretend = 0, frame = 24
 5579              		@ frame_needed = 1, uses_anonymous_args = 0
 5580              		@ link register save eliminated.
 5581 18d4 80B4     		push	{r7}
 5582              	.LCFI233:
 5583              		.cfi_def_cfa_offset 4
 5584              		.cfi_offset 7, -4
 5585 18d6 87B0     		sub	sp, sp, #28
 5586              	.LCFI234:
 5587              		.cfi_def_cfa_offset 32
 5588 18d8 00AF     		add	r7, sp, #0
 5589              	.LCFI235:
 5590              		.cfi_def_cfa_register 7
 5591 18da 0346     		mov	r3, r0
 5592 18dc B960     		str	r1, [r7, #8]
 5593 18de 7A60     		str	r2, [r7, #4]
 5594 18e0 FB81     		strh	r3, [r7, #14]	@ movhi
2240:./lwip-2.1.2/src/core/tcp.c ****   u16_t mss_s;
2241:./lwip-2.1.2/src/core/tcp.c ****   u16_t mtu;
2242:./lwip-2.1.2/src/core/tcp.c **** 
2243:./lwip-2.1.2/src/core/tcp.c ****   LWIP_UNUSED_ARG(dest); /* in case IPv6 is disabled */
2244:./lwip-2.1.2/src/core/tcp.c **** 
2245:./lwip-2.1.2/src/core/tcp.c ****   LWIP_ASSERT("tcp_eff_send_mss_netif: invalid dst_ip", dest != NULL);
2246:./lwip-2.1.2/src/core/tcp.c **** 
2247:./lwip-2.1.2/src/core/tcp.c **** #if LWIP_IPV6
2248:./lwip-2.1.2/src/core/tcp.c **** #if LWIP_IPV4
2249:./lwip-2.1.2/src/core/tcp.c ****   if (IP_IS_V6(dest))
2250:./lwip-2.1.2/src/core/tcp.c **** #endif /* LWIP_IPV4 */
2251:./lwip-2.1.2/src/core/tcp.c ****   {
2252:./lwip-2.1.2/src/core/tcp.c ****     /* First look in destination cache, to see if there is a Path MTU. */
2253:./lwip-2.1.2/src/core/tcp.c ****     mtu = nd6_get_destination_mtu(ip_2_ip6(dest), outif);
2254:./lwip-2.1.2/src/core/tcp.c ****   }
2255:./lwip-2.1.2/src/core/tcp.c **** #if LWIP_IPV4
2256:./lwip-2.1.2/src/core/tcp.c ****   else
2257:./lwip-2.1.2/src/core/tcp.c **** #endif /* LWIP_IPV4 */
2258:./lwip-2.1.2/src/core/tcp.c **** #endif /* LWIP_IPV6 */
2259:./lwip-2.1.2/src/core/tcp.c **** #if LWIP_IPV4
2260:./lwip-2.1.2/src/core/tcp.c ****   {
2261:./lwip-2.1.2/src/core/tcp.c ****     if (outif == NULL) {
 5595              		.loc 1 2261 8
 5596 18e2 BB68     		ldr	r3, [r7, #8]
 5597 18e4 002B     		cmp	r3, #0
 5598 18e6 01D1     		bne	.L357
2262:./lwip-2.1.2/src/core/tcp.c ****       return sendmss;
 5599              		.loc 1 2262 14
 5600 18e8 FB89     		ldrh	r3, [r7, #14]
 5601 18ea 19E0     		b	.L358
 5602              	.L357:
2263:./lwip-2.1.2/src/core/tcp.c ****     }
2264:./lwip-2.1.2/src/core/tcp.c ****     mtu = outif->mtu;
 5603              		.loc 1 2264 9
 5604 18ec BB68     		ldr	r3, [r7, #8]
 5605 18ee 9B8C     		ldrh	r3, [r3, #36]	@ movhi
 5606 18f0 FB82     		strh	r3, [r7, #22]	@ movhi
2265:./lwip-2.1.2/src/core/tcp.c ****   }
2266:./lwip-2.1.2/src/core/tcp.c **** #endif /* LWIP_IPV4 */
2267:./lwip-2.1.2/src/core/tcp.c **** 
2268:./lwip-2.1.2/src/core/tcp.c ****   if (mtu != 0) {
 5607              		.loc 1 2268 6
 5608 18f2 FB8A     		ldrh	r3, [r7, #22]
 5609 18f4 002B     		cmp	r3, #0
 5610 18f6 12D0     		beq	.L359
 5611              	.LBB21:
2269:./lwip-2.1.2/src/core/tcp.c ****     u16_t offset;
2270:./lwip-2.1.2/src/core/tcp.c **** #if LWIP_IPV6
2271:./lwip-2.1.2/src/core/tcp.c **** #if LWIP_IPV4
2272:./lwip-2.1.2/src/core/tcp.c ****     if (IP_IS_V6(dest))
2273:./lwip-2.1.2/src/core/tcp.c **** #endif /* LWIP_IPV4 */
2274:./lwip-2.1.2/src/core/tcp.c ****     {
2275:./lwip-2.1.2/src/core/tcp.c ****       offset = IP6_HLEN + TCP_HLEN;
2276:./lwip-2.1.2/src/core/tcp.c ****     }
2277:./lwip-2.1.2/src/core/tcp.c **** #if LWIP_IPV4
2278:./lwip-2.1.2/src/core/tcp.c ****     else
2279:./lwip-2.1.2/src/core/tcp.c **** #endif /* LWIP_IPV4 */
2280:./lwip-2.1.2/src/core/tcp.c **** #endif /* LWIP_IPV6 */
2281:./lwip-2.1.2/src/core/tcp.c **** #if LWIP_IPV4
2282:./lwip-2.1.2/src/core/tcp.c ****     {
2283:./lwip-2.1.2/src/core/tcp.c ****       offset = IP_HLEN + TCP_HLEN;
 5612              		.loc 1 2283 14
 5613 18f8 2823     		movs	r3, #40
 5614 18fa BB82     		strh	r3, [r7, #20]	@ movhi
2284:./lwip-2.1.2/src/core/tcp.c ****     }
2285:./lwip-2.1.2/src/core/tcp.c **** #endif /* LWIP_IPV4 */
2286:./lwip-2.1.2/src/core/tcp.c ****     mss_s = (mtu > offset) ? (u16_t)(mtu - offset) : 0;
 5615              		.loc 1 2286 11
 5616 18fc FA8A     		ldrh	r2, [r7, #22]
 5617 18fe BB8A     		ldrh	r3, [r7, #20]
 5618 1900 9A42     		cmp	r2, r3
 5619 1902 04D9     		bls	.L360
 5620              		.loc 1 2286 11 is_stmt 0 discriminator 1
 5621 1904 FA8A     		ldrh	r2, [r7, #22]	@ movhi
 5622 1906 BB8A     		ldrh	r3, [r7, #20]	@ movhi
 5623 1908 D31A     		subs	r3, r2, r3
 5624 190a 9BB2     		uxth	r3, r3
 5625 190c 00E0     		b	.L361
 5626              	.L360:
 5627              		.loc 1 2286 11 discriminator 2
 5628 190e 0023     		movs	r3, #0
 5629              	.L361:
 5630              		.loc 1 2286 11 discriminator 4
 5631 1910 7B82     		strh	r3, [r7, #18]	@ movhi
2287:./lwip-2.1.2/src/core/tcp.c ****     /* RFC 1122, chap 4.2.2.6:
2288:./lwip-2.1.2/src/core/tcp.c ****      * Eff.snd.MSS = min(SendMSS+20, MMS_S) - TCPhdrsize - IPoptionsize
2289:./lwip-2.1.2/src/core/tcp.c ****      * We correct for TCP options in tcp_write(), and don't support IP options.
2290:./lwip-2.1.2/src/core/tcp.c ****      */
2291:./lwip-2.1.2/src/core/tcp.c ****     sendmss = LWIP_MIN(sendmss, mss_s);
 5632              		.loc 1 2291 13 is_stmt 1 discriminator 4
 5633 1912 7A8A     		ldrh	r2, [r7, #18]
 5634 1914 FB89     		ldrh	r3, [r7, #14]
 5635 1916 9342     		cmp	r3, r2
 5636 1918 28BF     		it	cs
 5637 191a 1346     		movcs	r3, r2
 5638 191c FB81     		strh	r3, [r7, #14]	@ movhi
 5639              	.L359:
 5640              	.LBE21:
2292:./lwip-2.1.2/src/core/tcp.c ****   }
2293:./lwip-2.1.2/src/core/tcp.c ****   return sendmss;
 5641              		.loc 1 2293 10
 5642 191e FB89     		ldrh	r3, [r7, #14]
 5643              	.L358:
2294:./lwip-2.1.2/src/core/tcp.c **** }
 5644              		.loc 1 2294 1
 5645 1920 1846     		mov	r0, r3
 5646 1922 1C37     		adds	r7, r7, #28
 5647              	.LCFI236:
 5648              		.cfi_def_cfa_offset 4
 5649 1924 BD46     		mov	sp, r7
 5650              	.LCFI237:
 5651              		.cfi_def_cfa_register 13
 5652              		@ sp needed
 5653 1926 5DF8047B 		ldr	r7, [sp], #4
 5654              	.LCFI238:
 5655              		.cfi_restore 7
 5656              		.cfi_def_cfa_offset 0
 5657 192a 7047     		bx	lr
 5658              		.cfi_endproc
 5659              	.LFE71:
 5661              		.align	1
 5662              		.syntax unified
 5663              		.thumb
 5664              		.thumb_func
 5665              		.fpu fpv5-d16
 5667              	tcp_netif_ip_addr_changed_pcblist:
 5668              	.LFB72:
2295:./lwip-2.1.2/src/core/tcp.c **** #endif /* TCP_CALCULATE_EFF_SEND_MSS */
2296:./lwip-2.1.2/src/core/tcp.c **** 
2297:./lwip-2.1.2/src/core/tcp.c **** /** Helper function for tcp_netif_ip_addr_changed() that iterates a pcb list */
2298:./lwip-2.1.2/src/core/tcp.c **** static void
2299:./lwip-2.1.2/src/core/tcp.c **** tcp_netif_ip_addr_changed_pcblist(const ip_addr_t *old_addr, struct tcp_pcb *pcb_list)
2300:./lwip-2.1.2/src/core/tcp.c **** {
 5669              		.loc 1 2300 1
 5670              		.cfi_startproc
 5671              		@ args = 0, pretend = 0, frame = 16
 5672              		@ frame_needed = 1, uses_anonymous_args = 0
 5673 192c 80B5     		push	{r7, lr}
 5674              	.LCFI239:
 5675              		.cfi_def_cfa_offset 8
 5676              		.cfi_offset 7, -8
 5677              		.cfi_offset 14, -4
 5678 192e 84B0     		sub	sp, sp, #16
 5679              	.LCFI240:
 5680              		.cfi_def_cfa_offset 24
 5681 1930 00AF     		add	r7, sp, #0
 5682              	.LCFI241:
 5683              		.cfi_def_cfa_register 7
 5684 1932 7860     		str	r0, [r7, #4]
 5685 1934 3960     		str	r1, [r7]
2301:./lwip-2.1.2/src/core/tcp.c ****   struct tcp_pcb *pcb;
2302:./lwip-2.1.2/src/core/tcp.c ****   pcb = pcb_list;
 5686              		.loc 1 2302 7
 5687 1936 3B68     		ldr	r3, [r7]
 5688 1938 FB60     		str	r3, [r7, #12]
2303:./lwip-2.1.2/src/core/tcp.c **** 
2304:./lwip-2.1.2/src/core/tcp.c ****   LWIP_ASSERT("tcp_netif_ip_addr_changed_pcblist: invalid old_addr", old_addr != NULL);
2305:./lwip-2.1.2/src/core/tcp.c **** 
2306:./lwip-2.1.2/src/core/tcp.c ****   while (pcb != NULL) {
 5689              		.loc 1 2306 9
 5690 193a 11E0     		b	.L363
 5691              	.L365:
2307:./lwip-2.1.2/src/core/tcp.c ****     /* PCB bound to current local interface address? */
2308:./lwip-2.1.2/src/core/tcp.c ****     if (ip_addr_cmp(&pcb->local_ip, old_addr)
 5692              		.loc 1 2308 9
 5693 193c FB68     		ldr	r3, [r7, #12]
 5694 193e 1A68     		ldr	r2, [r3]
 5695 1940 7B68     		ldr	r3, [r7, #4]
 5696 1942 1B68     		ldr	r3, [r3]
 5697              		.loc 1 2308 8
 5698 1944 9A42     		cmp	r2, r3
 5699 1946 08D1     		bne	.L364
 5700              	.LBB22:
2309:./lwip-2.1.2/src/core/tcp.c **** #if LWIP_AUTOIP
2310:./lwip-2.1.2/src/core/tcp.c ****         /* connections to link-local addresses must persist (RFC3927 ch. 1.9) */
2311:./lwip-2.1.2/src/core/tcp.c ****         && (!IP_IS_V4_VAL(pcb->local_ip) || !ip4_addr_islinklocal(ip_2_ip4(&pcb->local_ip)))
2312:./lwip-2.1.2/src/core/tcp.c **** #endif /* LWIP_AUTOIP */
2313:./lwip-2.1.2/src/core/tcp.c ****        ) {
2314:./lwip-2.1.2/src/core/tcp.c ****       /* this connection must be aborted */
2315:./lwip-2.1.2/src/core/tcp.c ****       struct tcp_pcb *next = pcb->next;
 5701              		.loc 1 2315 23
 5702 1948 FB68     		ldr	r3, [r7, #12]
 5703 194a DB68     		ldr	r3, [r3, #12]
 5704 194c BB60     		str	r3, [r7, #8]
2316:./lwip-2.1.2/src/core/tcp.c ****       LWIP_DEBUGF(NETIF_DEBUG | LWIP_DBG_STATE, ("netif_set_ipaddr: aborting TCP pcb %p\n", (void *
2317:./lwip-2.1.2/src/core/tcp.c ****       tcp_abort(pcb);
 5705              		.loc 1 2317 7
 5706 194e F868     		ldr	r0, [r7, #12]
 5707 1950 FFF7FEFF 		bl	tcp_abort
2318:./lwip-2.1.2/src/core/tcp.c ****       pcb = next;
 5708              		.loc 1 2318 11
 5709 1954 BB68     		ldr	r3, [r7, #8]
 5710 1956 FB60     		str	r3, [r7, #12]
 5711              	.LBE22:
 5712 1958 02E0     		b	.L363
 5713              	.L364:
2319:./lwip-2.1.2/src/core/tcp.c ****     } else {
2320:./lwip-2.1.2/src/core/tcp.c ****       pcb = pcb->next;
 5714              		.loc 1 2320 11
 5715 195a FB68     		ldr	r3, [r7, #12]
 5716 195c DB68     		ldr	r3, [r3, #12]
 5717 195e FB60     		str	r3, [r7, #12]
 5718              	.L363:
2306:./lwip-2.1.2/src/core/tcp.c ****     /* PCB bound to current local interface address? */
 5719              		.loc 1 2306 9
 5720 1960 FB68     		ldr	r3, [r7, #12]
 5721 1962 002B     		cmp	r3, #0
 5722 1964 EAD1     		bne	.L365
2321:./lwip-2.1.2/src/core/tcp.c ****     }
2322:./lwip-2.1.2/src/core/tcp.c ****   }
2323:./lwip-2.1.2/src/core/tcp.c **** }
 5723              		.loc 1 2323 1
 5724 1966 00BF     		nop
 5725 1968 00BF     		nop
 5726 196a 1037     		adds	r7, r7, #16
 5727              	.LCFI242:
 5728              		.cfi_def_cfa_offset 8
 5729 196c BD46     		mov	sp, r7
 5730              	.LCFI243:
 5731              		.cfi_def_cfa_register 13
 5732              		@ sp needed
 5733 196e 80BD     		pop	{r7, pc}
 5734              		.cfi_endproc
 5735              	.LFE72:
 5737              		.align	1
 5738              		.global	tcp_netif_ip_addr_changed
 5739              		.syntax unified
 5740              		.thumb
 5741              		.thumb_func
 5742              		.fpu fpv5-d16
 5744              	tcp_netif_ip_addr_changed:
 5745              	.LFB73:
2324:./lwip-2.1.2/src/core/tcp.c **** 
2325:./lwip-2.1.2/src/core/tcp.c **** /** This function is called from netif.c when address is changed or netif is removed
2326:./lwip-2.1.2/src/core/tcp.c ****  *
2327:./lwip-2.1.2/src/core/tcp.c ****  * @param old_addr IP address of the netif before change
2328:./lwip-2.1.2/src/core/tcp.c ****  * @param new_addr IP address of the netif after change or NULL if netif has been removed
2329:./lwip-2.1.2/src/core/tcp.c ****  */
2330:./lwip-2.1.2/src/core/tcp.c **** void
2331:./lwip-2.1.2/src/core/tcp.c **** tcp_netif_ip_addr_changed(const ip_addr_t *old_addr, const ip_addr_t *new_addr)
2332:./lwip-2.1.2/src/core/tcp.c **** {
 5746              		.loc 1 2332 1
 5747              		.cfi_startproc
 5748              		@ args = 0, pretend = 0, frame = 16
 5749              		@ frame_needed = 1, uses_anonymous_args = 0
 5750 1970 80B5     		push	{r7, lr}
 5751              	.LCFI244:
 5752              		.cfi_def_cfa_offset 8
 5753              		.cfi_offset 7, -8
 5754              		.cfi_offset 14, -4
 5755 1972 84B0     		sub	sp, sp, #16
 5756              	.LCFI245:
 5757              		.cfi_def_cfa_offset 24
 5758 1974 00AF     		add	r7, sp, #0
 5759              	.LCFI246:
 5760              		.cfi_def_cfa_register 7
 5761 1976 7860     		str	r0, [r7, #4]
 5762 1978 3960     		str	r1, [r7]
2333:./lwip-2.1.2/src/core/tcp.c ****   struct tcp_pcb_listen *lpcb;
2334:./lwip-2.1.2/src/core/tcp.c **** 
2335:./lwip-2.1.2/src/core/tcp.c ****   if (!ip_addr_isany(old_addr)) {
 5763              		.loc 1 2335 6
 5764 197a 7B68     		ldr	r3, [r7, #4]
 5765 197c 002B     		cmp	r3, #0
 5766 197e 2AD0     		beq	.L371
 5767              		.loc 1 2335 8 discriminator 1
 5768 1980 7B68     		ldr	r3, [r7, #4]
 5769 1982 1B68     		ldr	r3, [r3]
 5770              		.loc 1 2335 7 discriminator 1
 5771 1984 002B     		cmp	r3, #0
 5772 1986 26D0     		beq	.L371
2336:./lwip-2.1.2/src/core/tcp.c ****     tcp_netif_ip_addr_changed_pcblist(old_addr, tcp_active_pcbs);
 5773              		.loc 1 2336 5
 5774 1988 154B     		ldr	r3, .L372
 5775 198a 1B68     		ldr	r3, [r3]
 5776 198c 1946     		mov	r1, r3
 5777 198e 7868     		ldr	r0, [r7, #4]
 5778 1990 FFF7CCFF 		bl	tcp_netif_ip_addr_changed_pcblist
2337:./lwip-2.1.2/src/core/tcp.c ****     tcp_netif_ip_addr_changed_pcblist(old_addr, tcp_bound_pcbs);
 5779              		.loc 1 2337 5
 5780 1994 134B     		ldr	r3, .L372+4
 5781 1996 1B68     		ldr	r3, [r3]
 5782 1998 1946     		mov	r1, r3
 5783 199a 7868     		ldr	r0, [r7, #4]
 5784 199c FFF7C6FF 		bl	tcp_netif_ip_addr_changed_pcblist
2338:./lwip-2.1.2/src/core/tcp.c **** 
2339:./lwip-2.1.2/src/core/tcp.c ****     if (!ip_addr_isany(new_addr)) {
 5785              		.loc 1 2339 8
 5786 19a0 3B68     		ldr	r3, [r7]
 5787 19a2 002B     		cmp	r3, #0
 5788 19a4 17D0     		beq	.L371
 5789              		.loc 1 2339 10 discriminator 1
 5790 19a6 3B68     		ldr	r3, [r7]
 5791 19a8 1B68     		ldr	r3, [r3]
 5792              		.loc 1 2339 9 discriminator 1
 5793 19aa 002B     		cmp	r3, #0
 5794 19ac 13D0     		beq	.L371
2340:./lwip-2.1.2/src/core/tcp.c ****       /* PCB bound to current local interface address? */
2341:./lwip-2.1.2/src/core/tcp.c ****       for (lpcb = tcp_listen_pcbs.listen_pcbs; lpcb != NULL; lpcb = lpcb->next) {
 5795              		.loc 1 2341 17
 5796 19ae 0E4B     		ldr	r3, .L372+8
 5797 19b0 1B68     		ldr	r3, [r3]
 5798 19b2 FB60     		str	r3, [r7, #12]
 5799              		.loc 1 2341 7
 5800 19b4 0CE0     		b	.L368
 5801              	.L370:
2342:./lwip-2.1.2/src/core/tcp.c ****         /* PCB bound to current local interface address? */
2343:./lwip-2.1.2/src/core/tcp.c ****         if (ip_addr_cmp(&lpcb->local_ip, old_addr)) {
 5802              		.loc 1 2343 13
 5803 19b6 FB68     		ldr	r3, [r7, #12]
 5804 19b8 1A68     		ldr	r2, [r3]
 5805 19ba 7B68     		ldr	r3, [r7, #4]
 5806 19bc 1B68     		ldr	r3, [r3]
 5807              		.loc 1 2343 12
 5808 19be 9A42     		cmp	r2, r3
 5809 19c0 03D1     		bne	.L369
2344:./lwip-2.1.2/src/core/tcp.c ****           /* The PCB is listening to the old ipaddr and
2345:./lwip-2.1.2/src/core/tcp.c ****             * is set to listen to the new one instead */
2346:./lwip-2.1.2/src/core/tcp.c ****           ip_addr_copy(lpcb->local_ip, *new_addr);
 5810              		.loc 1 2346 11
 5811 19c2 3B68     		ldr	r3, [r7]
 5812 19c4 1A68     		ldr	r2, [r3]
 5813 19c6 FB68     		ldr	r3, [r7, #12]
 5814 19c8 1A60     		str	r2, [r3]
 5815              	.L369:
2341:./lwip-2.1.2/src/core/tcp.c ****         /* PCB bound to current local interface address? */
 5816              		.loc 1 2341 67 discriminator 2
 5817 19ca FB68     		ldr	r3, [r7, #12]
 5818 19cc DB68     		ldr	r3, [r3, #12]
 5819 19ce FB60     		str	r3, [r7, #12]
 5820              	.L368:
2341:./lwip-2.1.2/src/core/tcp.c ****         /* PCB bound to current local interface address? */
 5821              		.loc 1 2341 7 discriminator 1
 5822 19d0 FB68     		ldr	r3, [r7, #12]
 5823 19d2 002B     		cmp	r3, #0
 5824 19d4 EFD1     		bne	.L370
 5825              	.L371:
2347:./lwip-2.1.2/src/core/tcp.c ****         }
2348:./lwip-2.1.2/src/core/tcp.c ****       }
2349:./lwip-2.1.2/src/core/tcp.c ****     }
2350:./lwip-2.1.2/src/core/tcp.c ****   }
2351:./lwip-2.1.2/src/core/tcp.c **** }
 5826              		.loc 1 2351 1
 5827 19d6 00BF     		nop
 5828 19d8 1037     		adds	r7, r7, #16
 5829              	.LCFI247:
 5830              		.cfi_def_cfa_offset 8
 5831 19da BD46     		mov	sp, r7
 5832              	.LCFI248:
 5833              		.cfi_def_cfa_register 13
 5834              		@ sp needed
 5835 19dc 80BD     		pop	{r7, pc}
 5836              	.L373:
 5837 19de 00BF     		.align	2
 5838              	.L372:
 5839 19e0 00000000 		.word	tcp_active_pcbs
 5840 19e4 00000000 		.word	tcp_bound_pcbs
 5841 19e8 00000000 		.word	tcp_listen_pcbs
 5842              		.cfi_endproc
 5843              	.LFE73:
 5845              		.align	1
 5846              		.global	tcp_debug_state_str
 5847              		.syntax unified
 5848              		.thumb
 5849              		.thumb_func
 5850              		.fpu fpv5-d16
 5852              	tcp_debug_state_str:
 5853              	.LFB74:
2352:./lwip-2.1.2/src/core/tcp.c **** 
2353:./lwip-2.1.2/src/core/tcp.c **** const char *
2354:./lwip-2.1.2/src/core/tcp.c **** tcp_debug_state_str(enum tcp_state s)
2355:./lwip-2.1.2/src/core/tcp.c **** {
 5854              		.loc 1 2355 1
 5855              		.cfi_startproc
 5856              		@ args = 0, pretend = 0, frame = 8
 5857              		@ frame_needed = 1, uses_anonymous_args = 0
 5858              		@ link register save eliminated.
 5859 19ec 80B4     		push	{r7}
 5860              	.LCFI249:
 5861              		.cfi_def_cfa_offset 4
 5862              		.cfi_offset 7, -4
 5863 19ee 83B0     		sub	sp, sp, #12
 5864              	.LCFI250:
 5865              		.cfi_def_cfa_offset 16
 5866 19f0 00AF     		add	r7, sp, #0
 5867              	.LCFI251:
 5868              		.cfi_def_cfa_register 7
 5869 19f2 0346     		mov	r3, r0
 5870 19f4 FB71     		strb	r3, [r7, #7]
2356:./lwip-2.1.2/src/core/tcp.c ****   return tcp_state_str[s];
 5871              		.loc 1 2356 23
 5872 19f6 FB79     		ldrb	r3, [r7, #7]	@ zero_extendqisi2
 5873 19f8 044A     		ldr	r2, .L376
 5874 19fa 52F82330 		ldr	r3, [r2, r3, lsl #2]
2357:./lwip-2.1.2/src/core/tcp.c **** }
 5875              		.loc 1 2357 1
 5876 19fe 1846     		mov	r0, r3
 5877 1a00 0C37     		adds	r7, r7, #12
 5878              	.LCFI252:
 5879              		.cfi_def_cfa_offset 4
 5880 1a02 BD46     		mov	sp, r7
 5881              	.LCFI253:
 5882              		.cfi_def_cfa_register 13
 5883              		@ sp needed
 5884 1a04 5DF8047B 		ldr	r7, [sp], #4
 5885              	.LCFI254:
 5886              		.cfi_restore 7
 5887              		.cfi_def_cfa_offset 0
 5888 1a08 7047     		bx	lr
 5889              	.L377:
 5890 1a0a 00BF     		.align	2
 5891              	.L376:
 5892 1a0c 78000000 		.word	tcp_state_str
 5893              		.cfi_endproc
 5894              	.LFE74:
 5896              		.align	1
 5897              		.global	tcp_tcp_get_tcp_addrinfo
 5898              		.syntax unified
 5899              		.thumb
 5900              		.thumb_func
 5901              		.fpu fpv5-d16
 5903              	tcp_tcp_get_tcp_addrinfo:
 5904              	.LFB75:
2358:./lwip-2.1.2/src/core/tcp.c **** 
2359:./lwip-2.1.2/src/core/tcp.c **** err_t
2360:./lwip-2.1.2/src/core/tcp.c **** tcp_tcp_get_tcp_addrinfo(struct tcp_pcb *pcb, int local, ip_addr_t *addr, u16_t *port)
2361:./lwip-2.1.2/src/core/tcp.c **** {
 5905              		.loc 1 2361 1
 5906              		.cfi_startproc
 5907              		@ args = 0, pretend = 0, frame = 16
 5908              		@ frame_needed = 1, uses_anonymous_args = 0
 5909              		@ link register save eliminated.
 5910 1a10 80B4     		push	{r7}
 5911              	.LCFI255:
 5912              		.cfi_def_cfa_offset 4
 5913              		.cfi_offset 7, -4
 5914 1a12 85B0     		sub	sp, sp, #20
 5915              	.LCFI256:
 5916              		.cfi_def_cfa_offset 24
 5917 1a14 00AF     		add	r7, sp, #0
 5918              	.LCFI257:
 5919              		.cfi_def_cfa_register 7
 5920 1a16 F860     		str	r0, [r7, #12]
 5921 1a18 B960     		str	r1, [r7, #8]
 5922 1a1a 7A60     		str	r2, [r7, #4]
 5923 1a1c 3B60     		str	r3, [r7]
2362:./lwip-2.1.2/src/core/tcp.c ****   if (pcb) {
 5924              		.loc 1 2362 6
 5925 1a1e FB68     		ldr	r3, [r7, #12]
 5926 1a20 002B     		cmp	r3, #0
 5927 1a22 21D0     		beq	.L379
2363:./lwip-2.1.2/src/core/tcp.c ****     if (local) {
 5928              		.loc 1 2363 8
 5929 1a24 BB68     		ldr	r3, [r7, #8]
 5930 1a26 002B     		cmp	r3, #0
 5931 1a28 0ED0     		beq	.L380
2364:./lwip-2.1.2/src/core/tcp.c ****       if (addr) {
 5932              		.loc 1 2364 10
 5933 1a2a 7B68     		ldr	r3, [r7, #4]
 5934 1a2c 002B     		cmp	r3, #0
 5935 1a2e 03D0     		beq	.L381
2365:./lwip-2.1.2/src/core/tcp.c ****         *addr = pcb->local_ip;
 5936              		.loc 1 2365 15
 5937 1a30 7B68     		ldr	r3, [r7, #4]
 5938 1a32 FA68     		ldr	r2, [r7, #12]
 5939 1a34 1268     		ldr	r2, [r2]
 5940 1a36 1A60     		str	r2, [r3]
 5941              	.L381:
2366:./lwip-2.1.2/src/core/tcp.c ****       }
2367:./lwip-2.1.2/src/core/tcp.c ****       if (port) {
 5942              		.loc 1 2367 10
 5943 1a38 3B68     		ldr	r3, [r7]
 5944 1a3a 002B     		cmp	r3, #0
 5945 1a3c 12D0     		beq	.L382
2368:./lwip-2.1.2/src/core/tcp.c ****         *port = pcb->local_port;
 5946              		.loc 1 2368 20
 5947 1a3e FB68     		ldr	r3, [r7, #12]
 5948 1a40 DA8A     		ldrh	r2, [r3, #22]
 5949              		.loc 1 2368 15
 5950 1a42 3B68     		ldr	r3, [r7]
 5951 1a44 1A80     		strh	r2, [r3]	@ movhi
 5952 1a46 0DE0     		b	.L382
 5953              	.L380:
2369:./lwip-2.1.2/src/core/tcp.c ****       }
2370:./lwip-2.1.2/src/core/tcp.c ****     } else {
2371:./lwip-2.1.2/src/core/tcp.c ****       if (addr) {
 5954              		.loc 1 2371 10
 5955 1a48 7B68     		ldr	r3, [r7, #4]
 5956 1a4a 002B     		cmp	r3, #0
 5957 1a4c 03D0     		beq	.L383
2372:./lwip-2.1.2/src/core/tcp.c ****         *addr = pcb->remote_ip;
 5958              		.loc 1 2372 15
 5959 1a4e 7B68     		ldr	r3, [r7, #4]
 5960 1a50 FA68     		ldr	r2, [r7, #12]
 5961 1a52 5268     		ldr	r2, [r2, #4]
 5962 1a54 1A60     		str	r2, [r3]
 5963              	.L383:
2373:./lwip-2.1.2/src/core/tcp.c ****       }
2374:./lwip-2.1.2/src/core/tcp.c ****       if (port) {
 5964              		.loc 1 2374 10
 5965 1a56 3B68     		ldr	r3, [r7]
 5966 1a58 002B     		cmp	r3, #0
 5967 1a5a 03D0     		beq	.L382
2375:./lwip-2.1.2/src/core/tcp.c ****         *port = pcb->remote_port;
 5968              		.loc 1 2375 20
 5969 1a5c FB68     		ldr	r3, [r7, #12]
 5970 1a5e 1A8B     		ldrh	r2, [r3, #24]
 5971              		.loc 1 2375 15
 5972 1a60 3B68     		ldr	r3, [r7]
 5973 1a62 1A80     		strh	r2, [r3]	@ movhi
 5974              	.L382:
2376:./lwip-2.1.2/src/core/tcp.c ****       }
2377:./lwip-2.1.2/src/core/tcp.c ****     }
2378:./lwip-2.1.2/src/core/tcp.c ****     return ERR_OK;
 5975              		.loc 1 2378 12
 5976 1a64 0023     		movs	r3, #0
 5977 1a66 01E0     		b	.L384
 5978              	.L379:
2379:./lwip-2.1.2/src/core/tcp.c ****   }
2380:./lwip-2.1.2/src/core/tcp.c ****   return ERR_VAL;
 5979              		.loc 1 2380 10
 5980 1a68 6FF00503 		mvn	r3, #5
 5981              	.L384:
2381:./lwip-2.1.2/src/core/tcp.c **** }
 5982              		.loc 1 2381 1
 5983 1a6c 1846     		mov	r0, r3
 5984 1a6e 1437     		adds	r7, r7, #20
 5985              	.LCFI258:
 5986              		.cfi_def_cfa_offset 4
 5987 1a70 BD46     		mov	sp, r7
 5988              	.LCFI259:
 5989              		.cfi_def_cfa_register 13
 5990              		@ sp needed
 5991 1a72 5DF8047B 		ldr	r7, [sp], #4
 5992              	.LCFI260:
 5993              		.cfi_restore 7
 5994              		.cfi_def_cfa_offset 0
 5995 1a76 7047     		bx	lr
 5996              		.cfi_endproc
 5997              	.LFE75:
 5999              		.align	1
 6000              		.global	tcp_free_ooseq
 6001              		.syntax unified
 6002              		.thumb
 6003              		.thumb_func
 6004              		.fpu fpv5-d16
 6006              	tcp_free_ooseq:
 6007              	.LFB76:
2382:./lwip-2.1.2/src/core/tcp.c **** 
2383:./lwip-2.1.2/src/core/tcp.c **** #if TCP_QUEUE_OOSEQ
2384:./lwip-2.1.2/src/core/tcp.c **** /* Free all ooseq pbufs (and possibly reset SACK state) */
2385:./lwip-2.1.2/src/core/tcp.c **** void
2386:./lwip-2.1.2/src/core/tcp.c **** tcp_free_ooseq(struct tcp_pcb *pcb)
2387:./lwip-2.1.2/src/core/tcp.c **** {
 6008              		.loc 1 2387 1
 6009              		.cfi_startproc
 6010              		@ args = 0, pretend = 0, frame = 8
 6011              		@ frame_needed = 1, uses_anonymous_args = 0
 6012 1a78 80B5     		push	{r7, lr}
 6013              	.LCFI261:
 6014              		.cfi_def_cfa_offset 8
 6015              		.cfi_offset 7, -8
 6016              		.cfi_offset 14, -4
 6017 1a7a 82B0     		sub	sp, sp, #8
 6018              	.LCFI262:
 6019              		.cfi_def_cfa_offset 16
 6020 1a7c 00AF     		add	r7, sp, #0
 6021              	.LCFI263:
 6022              		.cfi_def_cfa_register 7
 6023 1a7e 7860     		str	r0, [r7, #4]
2388:./lwip-2.1.2/src/core/tcp.c ****   if (pcb->ooseq) {
 6024              		.loc 1 2388 10
 6025 1a80 7B68     		ldr	r3, [r7, #4]
 6026 1a82 5B6F     		ldr	r3, [r3, #116]
 6027              		.loc 1 2388 6
 6028 1a84 002B     		cmp	r3, #0
 6029 1a86 07D0     		beq	.L387
2389:./lwip-2.1.2/src/core/tcp.c ****     tcp_segs_free(pcb->ooseq);
 6030              		.loc 1 2389 5
 6031 1a88 7B68     		ldr	r3, [r7, #4]
 6032 1a8a 5B6F     		ldr	r3, [r3, #116]
 6033 1a8c 1846     		mov	r0, r3
 6034 1a8e FFF7FEFF 		bl	tcp_segs_free
2390:./lwip-2.1.2/src/core/tcp.c ****     pcb->ooseq = NULL;
 6035              		.loc 1 2390 16
 6036 1a92 7B68     		ldr	r3, [r7, #4]
 6037 1a94 0022     		movs	r2, #0
 6038 1a96 5A67     		str	r2, [r3, #116]
 6039              	.L387:
2391:./lwip-2.1.2/src/core/tcp.c **** #if LWIP_TCP_SACK_OUT
2392:./lwip-2.1.2/src/core/tcp.c ****     memset(pcb->rcv_sacks, 0, sizeof(pcb->rcv_sacks));
2393:./lwip-2.1.2/src/core/tcp.c **** #endif /* LWIP_TCP_SACK_OUT */
2394:./lwip-2.1.2/src/core/tcp.c ****   }
2395:./lwip-2.1.2/src/core/tcp.c **** }
 6040              		.loc 1 2395 1
 6041 1a98 00BF     		nop
 6042 1a9a 0837     		adds	r7, r7, #8
 6043              	.LCFI264:
 6044              		.cfi_def_cfa_offset 8
 6045 1a9c BD46     		mov	sp, r7
 6046              	.LCFI265:
 6047              		.cfi_def_cfa_register 13
 6048              		@ sp needed
 6049 1a9e 80BD     		pop	{r7, pc}
 6050              		.cfi_endproc
 6051              	.LFE76:
 6053              		.data
 6054 0002 0000     		.align	2
 6057              	iss.0:
 6058 0004 6E190000 		.word	6510
 6059              		.text
 6060              	.Letext0:
 6061              		.file 2 "c:\\users\\jaejunmin\\downloads\\peak-devpack\\compiler\\10 2020-q4-major\\lib\\gcc\\arm-
 6062              		.file 3 "c:\\users\\jaejunmin\\downloads\\peak-devpack\\compiler\\10 2020-q4-major\\arm-none-eabi\
 6063              		.file 4 "c:\\users\\jaejunmin\\downloads\\peak-devpack\\compiler\\10 2020-q4-major\\arm-none-eabi\
 6064              		.file 5 "./lwip-2.1.2/src/include/lwip/arch.h"
 6065              		.file 6 "./lwip-2.1.2/src/include/lwip/tcpbase.h"
 6066              		.file 7 "./lwip-2.1.2/src/include/lwip/memp.h"
 6067              		.file 8 "./lwip-2.1.2/src/include/lwip/err.h"
 6068              		.file 9 "./lwip-2.1.2/src/include/lwip/pbuf.h"
 6069              		.file 10 "./lwip-2.1.2/src/include/lwip/ip4_addr.h"
 6070              		.file 11 "./lwip-2.1.2/src/include/lwip/ip_addr.h"
 6071              		.file 12 "./lwip-2.1.2/src/include/lwip/netif.h"
 6072              		.file 13 "./lwip-2.1.2/src/include/lwip/tcp.h"
 6073              		.file 14 "./lwip-2.1.2/src/include/lwip/priv/tcp_priv.h"
 6074              		.file 15 "./lwip-2.1.2/src/include/lwip/prot/tcp.h"
DEFINED SYMBOLS
                            *ABS*:00000000 tcp.c
C:\Users\JAEJUN~1\AppData\Local\Temp\ccVX2eyh.s:17     .rodata:00000000 $d
C:\Users\JAEJUN~1\AppData\Local\Temp\ccVX2eyh.s:53     .rodata:00000078 tcp_state_str
C:\Users\JAEJUN~1\AppData\Local\Temp\ccVX2eyh.s:66     .data:00000000 $d
C:\Users\JAEJUN~1\AppData\Local\Temp\ccVX2eyh.s:69     .data:00000000 tcp_port
C:\Users\JAEJUN~1\AppData\Local\Temp\ccVX2eyh.s:76     .bss:00000000 tcp_ticks
C:\Users\JAEJUN~1\AppData\Local\Temp\ccVX2eyh.s:73     .bss:00000000 $d
C:\Users\JAEJUN~1\AppData\Local\Temp\ccVX2eyh.s:82     .rodata:000000a4 tcp_backoff
C:\Users\JAEJUN~1\AppData\Local\Temp\ccVX2eyh.s:87     .rodata:000000b4 tcp_persist_backoff
C:\Users\JAEJUN~1\AppData\Local\Temp\ccVX2eyh.s:94     .bss:00000004 tcp_bound_pcbs
C:\Users\JAEJUN~1\AppData\Local\Temp\ccVX2eyh.s:100    .bss:00000008 tcp_listen_pcbs
C:\Users\JAEJUN~1\AppData\Local\Temp\ccVX2eyh.s:106    .bss:0000000c tcp_active_pcbs
C:\Users\JAEJUN~1\AppData\Local\Temp\ccVX2eyh.s:112    .bss:00000010 tcp_tw_pcbs
C:\Users\JAEJUN~1\AppData\Local\Temp\ccVX2eyh.s:119    .rodata:000000bc tcp_pcb_lists
C:\Users\JAEJUN~1\AppData\Local\Temp\ccVX2eyh.s:128    .bss:00000014 tcp_active_pcbs_changed
C:\Users\JAEJUN~1\AppData\Local\Temp\ccVX2eyh.s:130    .bss:00000015 tcp_timer
C:\Users\JAEJUN~1\AppData\Local\Temp\ccVX2eyh.s:133    .bss:00000016 tcp_timer_ctr
C:\Users\JAEJUN~1\AppData\Local\Temp\ccVX2eyh.s:137    .text:00000000 $t
C:\Users\JAEJUN~1\AppData\Local\Temp\ccVX2eyh.s:145    .text:00000000 tcp_init
C:\Users\JAEJUN~1\AppData\Local\Temp\ccVX2eyh.s:177    .text:00000020 $d
C:\Users\JAEJUN~1\AppData\Local\Temp\ccVX2eyh.s:181    .text:00000024 $t
C:\Users\JAEJUN~1\AppData\Local\Temp\ccVX2eyh.s:188    .text:00000024 tcp_free
C:\Users\JAEJUN~1\AppData\Local\Temp\ccVX2eyh.s:229    .text:0000003c tcp_free_listen
C:\Users\JAEJUN~1\AppData\Local\Temp\ccVX2eyh.s:271    .text:00000054 tcp_tmr
C:\Users\JAEJUN~1\AppData\Local\Temp\ccVX2eyh.s:3552   .text:000010c4 tcp_fasttmr
C:\Users\JAEJUN~1\AppData\Local\Temp\ccVX2eyh.s:2662   .text:00000b6c tcp_slowtmr
C:\Users\JAEJUN~1\AppData\Local\Temp\ccVX2eyh.s:312    .text:0000007c $d
C:\Users\JAEJUN~1\AppData\Local\Temp\ccVX2eyh.s:316    .text:00000080 $t
C:\Users\JAEJUN~1\AppData\Local\Temp\ccVX2eyh.s:322    .text:00000080 tcp_remove_listener
C:\Users\JAEJUN~1\AppData\Local\Temp\ccVX2eyh.s:392    .text:000000ba tcp_listen_closed
C:\Users\JAEJUN~1\AppData\Local\Temp\ccVX2eyh.s:448    .text:000000f0 $d
C:\Users\JAEJUN~1\AppData\Local\Temp\ccVX2eyh.s:452    .text:000000f4 $t
C:\Users\JAEJUN~1\AppData\Local\Temp\ccVX2eyh.s:458    .text:000000f4 tcp_close_shutdown
C:\Users\JAEJUN~1\AppData\Local\Temp\ccVX2eyh.s:5268   .text:00001784 tcp_pcb_purge
C:\Users\JAEJUN~1\AppData\Local\Temp\ccVX2eyh.s:5386   .text:0000180c tcp_pcb_remove
C:\Users\JAEJUN~1\AppData\Local\Temp\ccVX2eyh.s:745    .text:00000278 tcp_close_shutdown_fin
C:\Users\JAEJUN~1\AppData\Local\Temp\ccVX2eyh.s:731    .text:00000264 $d
C:\Users\JAEJUN~1\AppData\Local\Temp\ccVX2eyh.s:739    .text:00000278 $t
C:\Users\JAEJUN~1\AppData\Local\Temp\ccVX2eyh.s:887    .text:0000032a tcp_close
C:\Users\JAEJUN~1\AppData\Local\Temp\ccVX2eyh.s:953    .text:00000366 tcp_shutdown
C:\Users\JAEJUN~1\AppData\Local\Temp\ccVX2eyh.s:1082   .text:00000402 tcp_abandon
C:\Users\JAEJUN~1\AppData\Local\Temp\ccVX2eyh.s:3948   .text:000012a6 tcp_segs_free
C:\Users\JAEJUN~1\AppData\Local\Temp\ccVX2eyh.s:1314   .text:0000053c $d
C:\Users\JAEJUN~1\AppData\Local\Temp\ccVX2eyh.s:1321   .text:0000054c $t
C:\Users\JAEJUN~1\AppData\Local\Temp\ccVX2eyh.s:1328   .text:0000054c tcp_abort
C:\Users\JAEJUN~1\AppData\Local\Temp\ccVX2eyh.s:1370   .text:00000564 tcp_bind
C:\Users\JAEJUN~1\AppData\Local\Temp\ccVX2eyh.s:2178   .text:000008ec tcp_new_port
C:\Users\JAEJUN~1\AppData\Local\Temp\ccVX2eyh.s:1565   .text:0000065c $d
C:\Users\JAEJUN~1\AppData\Local\Temp\ccVX2eyh.s:1571   .text:00000668 $t
C:\Users\JAEJUN~1\AppData\Local\Temp\ccVX2eyh.s:1578   .text:00000668 tcp_bind_netif
C:\Users\JAEJUN~1\AppData\Local\Temp\ccVX2eyh.s:1640   .text:0000069a tcp_accept_null
C:\Users\JAEJUN~1\AppData\Local\Temp\ccVX2eyh.s:1686   .text:000006ba tcp_listen_with_backlog
C:\Users\JAEJUN~1\AppData\Local\Temp\ccVX2eyh.s:1733   .text:000006dc tcp_listen_with_backlog_and_err
C:\Users\JAEJUN~1\AppData\Local\Temp\ccVX2eyh.s:1954   .text:000007f8 $d
C:\Users\JAEJUN~1\AppData\Local\Temp\ccVX2eyh.s:1960   .text:00000804 $t
C:\Users\JAEJUN~1\AppData\Local\Temp\ccVX2eyh.s:1967   .text:00000804 tcp_update_rcv_ann_wnd
C:\Users\JAEJUN~1\AppData\Local\Temp\ccVX2eyh.s:2083   .text:00000880 tcp_recved
C:\Users\JAEJUN~1\AppData\Local\Temp\ccVX2eyh.s:2294   .text:00000970 $d
C:\Users\JAEJUN~1\AppData\Local\Temp\ccVX2eyh.s:2299   .text:00000978 $t
C:\Users\JAEJUN~1\AppData\Local\Temp\ccVX2eyh.s:2306   .text:00000978 tcp_connect
C:\Users\JAEJUN~1\AppData\Local\Temp\ccVX2eyh.s:5516   .text:000018a4 tcp_next_iss
C:\Users\JAEJUN~1\AppData\Local\Temp\ccVX2eyh.s:5574   .text:000018d4 tcp_eff_send_mss_netif
C:\Users\JAEJUN~1\AppData\Local\Temp\ccVX2eyh.s:2649   .text:00000b60 $d
C:\Users\JAEJUN~1\AppData\Local\Temp\ccVX2eyh.s:2655   .text:00000b6c $t
C:\Users\JAEJUN~1\AppData\Local\Temp\ccVX2eyh.s:2988   .text:00000d60 $d
C:\Users\JAEJUN~1\AppData\Local\Temp\ccVX2eyh.s:2995   .text:00000d74 $t
C:\Users\JAEJUN~1\AppData\Local\Temp\ccVX2eyh.s:6006   .text:00001a78 tcp_free_ooseq
C:\Users\JAEJUN~1\AppData\Local\Temp\ccVX2eyh.s:3487   .text:00001070 $d
C:\Users\JAEJUN~1\AppData\Local\Temp\ccVX2eyh.s:3496   .text:0000108c $t
C:\Users\JAEJUN~1\AppData\Local\Temp\ccVX2eyh.s:3541   .text:000010c0 $d
C:\Users\JAEJUN~1\AppData\Local\Temp\ccVX2eyh.s:3545   .text:000010c4 $t
C:\Users\JAEJUN~1\AppData\Local\Temp\ccVX2eyh.s:3782   .text:000011c8 tcp_process_refused_data
C:\Users\JAEJUN~1\AppData\Local\Temp\ccVX2eyh.s:3699   .text:00001180 $d
C:\Users\JAEJUN~1\AppData\Local\Temp\ccVX2eyh.s:3705   .text:0000118c $t
C:\Users\JAEJUN~1\AppData\Local\Temp\ccVX2eyh.s:3712   .text:0000118c tcp_txnow
C:\Users\JAEJUN~1\AppData\Local\Temp\ccVX2eyh.s:3771   .text:000011c4 $d
C:\Users\JAEJUN~1\AppData\Local\Temp\ccVX2eyh.s:3775   .text:000011c8 $t
C:\Users\JAEJUN~1\AppData\Local\Temp\ccVX2eyh.s:4185   .text:0000135e tcp_recv_null
C:\Users\JAEJUN~1\AppData\Local\Temp\ccVX2eyh.s:4007   .text:000012d0 tcp_seg_free
C:\Users\JAEJUN~1\AppData\Local\Temp\ccVX2eyh.s:4066   .text:00001300 tcp_setprio
C:\Users\JAEJUN~1\AppData\Local\Temp\ccVX2eyh.s:4122   .text:00001326 tcp_seg_copy
C:\Users\JAEJUN~1\AppData\Local\Temp\ccVX2eyh.s:4261   .text:000013ae tcp_kill_prio
C:\Users\JAEJUN~1\AppData\Local\Temp\ccVX2eyh.s:4392   .text:00001440 $d
C:\Users\JAEJUN~1\AppData\Local\Temp\ccVX2eyh.s:4397   .text:00001448 $t
C:\Users\JAEJUN~1\AppData\Local\Temp\ccVX2eyh.s:4403   .text:00001448 tcp_kill_state
C:\Users\JAEJUN~1\AppData\Local\Temp\ccVX2eyh.s:4498   .text:000014b0 $d
C:\Users\JAEJUN~1\AppData\Local\Temp\ccVX2eyh.s:4503   .text:000014b8 $t
C:\Users\JAEJUN~1\AppData\Local\Temp\ccVX2eyh.s:4509   .text:000014b8 tcp_kill_timewait
C:\Users\JAEJUN~1\AppData\Local\Temp\ccVX2eyh.s:4594   .text:00001510 $d
C:\Users\JAEJUN~1\AppData\Local\Temp\ccVX2eyh.s:4599   .text:00001518 $t
C:\Users\JAEJUN~1\AppData\Local\Temp\ccVX2eyh.s:4605   .text:00001518 tcp_handle_closepend
C:\Users\JAEJUN~1\AppData\Local\Temp\ccVX2eyh.s:4676   .text:00001560 $d
C:\Users\JAEJUN~1\AppData\Local\Temp\ccVX2eyh.s:4680   .text:00001564 $t
C:\Users\JAEJUN~1\AppData\Local\Temp\ccVX2eyh.s:4687   .text:00001564 tcp_alloc
C:\Users\JAEJUN~1\AppData\Local\Temp\ccVX2eyh.s:4846   .text:0000165c $d
C:\Users\JAEJUN~1\AppData\Local\Temp\ccVX2eyh.s:4853   .text:0000166c $t
C:\Users\JAEJUN~1\AppData\Local\Temp\ccVX2eyh.s:4860   .text:0000166c tcp_new
C:\Users\JAEJUN~1\AppData\Local\Temp\ccVX2eyh.s:4891   .text:0000167c tcp_new_ip_type
C:\Users\JAEJUN~1\AppData\Local\Temp\ccVX2eyh.s:4936   .text:00001698 tcp_arg
C:\Users\JAEJUN~1\AppData\Local\Temp\ccVX2eyh.s:4988   .text:000016ba tcp_recv
C:\Users\JAEJUN~1\AppData\Local\Temp\ccVX2eyh.s:5040   .text:000016de tcp_sent
C:\Users\JAEJUN~1\AppData\Local\Temp\ccVX2eyh.s:5092   .text:00001702 tcp_err
C:\Users\JAEJUN~1\AppData\Local\Temp\ccVX2eyh.s:5144   .text:00001726 tcp_accept
C:\Users\JAEJUN~1\AppData\Local\Temp\ccVX2eyh.s:5207   .text:00001754 tcp_poll
C:\Users\JAEJUN~1\AppData\Local\Temp\ccVX2eyh.s:5562   .text:000018cc $d
C:\Users\JAEJUN~1\AppData\Local\Temp\ccVX2eyh.s:6057   .data:00000004 iss.0
C:\Users\JAEJUN~1\AppData\Local\Temp\ccVX2eyh.s:5567   .text:000018d4 $t
C:\Users\JAEJUN~1\AppData\Local\Temp\ccVX2eyh.s:5667   .text:0000192c tcp_netif_ip_addr_changed_pcblist
C:\Users\JAEJUN~1\AppData\Local\Temp\ccVX2eyh.s:5744   .text:00001970 tcp_netif_ip_addr_changed
C:\Users\JAEJUN~1\AppData\Local\Temp\ccVX2eyh.s:5839   .text:000019e0 $d
C:\Users\JAEJUN~1\AppData\Local\Temp\ccVX2eyh.s:5845   .text:000019ec $t
C:\Users\JAEJUN~1\AppData\Local\Temp\ccVX2eyh.s:5852   .text:000019ec tcp_debug_state_str
C:\Users\JAEJUN~1\AppData\Local\Temp\ccVX2eyh.s:5892   .text:00001a0c $d
C:\Users\JAEJUN~1\AppData\Local\Temp\ccVX2eyh.s:5896   .text:00001a10 $t
C:\Users\JAEJUN~1\AppData\Local\Temp\ccVX2eyh.s:5903   .text:00001a10 tcp_tcp_get_tcp_addrinfo

UNDEFINED SYMBOLS
rand
memp_free
tcp_rst
tcp_trigger_input_pcb_close
tcp_input_pcb
tcp_send_fin
tcp_output
pbuf_free
tcp_timer_needed
ip_addr_any
memp_malloc
netif_get_by_index
ip4_route
tcp_enqueue_flags
tcp_zero_window_probe
tcp_split_unsent_seg
tcp_rexmit_rto_prepare
tcp_rexmit_rto_commit
tcp_keepalive
memcpy
pbuf_ref
memset
