   1              		.cpu cortex-m7
   2              		.eabi_attribute 28, 1
   3              		.eabi_attribute 20, 1
   4              		.eabi_attribute 21, 1
   5              		.eabi_attribute 23, 3
   6              		.eabi_attribute 24, 1
   7              		.eabi_attribute 25, 1
   8              		.eabi_attribute 26, 1
   9              		.eabi_attribute 30, 6
  10              		.eabi_attribute 34, 1
  11              		.eabi_attribute 18, 4
  12              		.file	"tcp_out.c"
  13              		.text
  14              	.Ltext0:
  15              		.cfi_sections	.debug_frame
  16              		.align	1
  17              		.arch armv7e-m
  18              		.syntax unified
  19              		.thumb
  20              		.thumb_func
  21              		.fpu fpv5-d16
  23              	tcp_route:
  24              	.LFB25:
  25              		.file 1 "./lwip-2.1.2/src/core/tcp_out.c"
   1:./lwip-2.1.2/src/core/tcp_out.c **** /**
   2:./lwip-2.1.2/src/core/tcp_out.c ****  * @file
   3:./lwip-2.1.2/src/core/tcp_out.c ****  * Transmission Control Protocol, outgoing traffic
   4:./lwip-2.1.2/src/core/tcp_out.c ****  *
   5:./lwip-2.1.2/src/core/tcp_out.c ****  * The output functions of TCP.
   6:./lwip-2.1.2/src/core/tcp_out.c ****  *
   7:./lwip-2.1.2/src/core/tcp_out.c ****  * There are two distinct ways for TCP segments to get sent:
   8:./lwip-2.1.2/src/core/tcp_out.c ****  * - queued data: these are segments transferring data or segments containing
   9:./lwip-2.1.2/src/core/tcp_out.c ****  *   SYN or FIN (which both count as one sequence number). They are created as
  10:./lwip-2.1.2/src/core/tcp_out.c ****  *   struct @ref pbuf together with a struct tcp_seg and enqueue to the
  11:./lwip-2.1.2/src/core/tcp_out.c ****  *   unsent list of the pcb. They are sent by tcp_output:
  12:./lwip-2.1.2/src/core/tcp_out.c ****  *   - @ref tcp_write : creates data segments
  13:./lwip-2.1.2/src/core/tcp_out.c ****  *   - @ref tcp_split_unsent_seg : splits a data segment
  14:./lwip-2.1.2/src/core/tcp_out.c ****  *   - @ref tcp_enqueue_flags : creates SYN-only or FIN-only segments
  15:./lwip-2.1.2/src/core/tcp_out.c ****  *   - @ref tcp_output / tcp_output_segment : finalize the tcp header
  16:./lwip-2.1.2/src/core/tcp_out.c ****  *      (e.g. sequence numbers, options, checksum) and output to IP
  17:./lwip-2.1.2/src/core/tcp_out.c ****  *   - the various tcp_rexmit functions shuffle around segments between the
  18:./lwip-2.1.2/src/core/tcp_out.c ****  *     unsent an unacked lists to retransmit them
  19:./lwip-2.1.2/src/core/tcp_out.c ****  *   - tcp_create_segment and tcp_pbuf_prealloc allocate pbuf and
  20:./lwip-2.1.2/src/core/tcp_out.c ****  *     segment for these functions
  21:./lwip-2.1.2/src/core/tcp_out.c ****  * - direct send: these segments don't contain data but control the connection
  22:./lwip-2.1.2/src/core/tcp_out.c ****  *   behaviour. They are created as pbuf only and sent directly without
  23:./lwip-2.1.2/src/core/tcp_out.c ****  *   enqueueing them:
  24:./lwip-2.1.2/src/core/tcp_out.c ****  *   - @ref tcp_send_empty_ack sends an ACK-only segment
  25:./lwip-2.1.2/src/core/tcp_out.c ****  *   - @ref tcp_rst sends a RST segment
  26:./lwip-2.1.2/src/core/tcp_out.c ****  *   - @ref tcp_keepalive sends a keepalive segment
  27:./lwip-2.1.2/src/core/tcp_out.c ****  *   - @ref tcp_zero_window_probe sends a window probe segment
  28:./lwip-2.1.2/src/core/tcp_out.c ****  *   - tcp_output_alloc_header allocates a header-only pbuf for these functions
  29:./lwip-2.1.2/src/core/tcp_out.c ****  */
  30:./lwip-2.1.2/src/core/tcp_out.c **** 
  31:./lwip-2.1.2/src/core/tcp_out.c **** /*
  32:./lwip-2.1.2/src/core/tcp_out.c ****  * Copyright (c) 2001-2004 Swedish Institute of Computer Science.
  33:./lwip-2.1.2/src/core/tcp_out.c ****  * All rights reserved.
  34:./lwip-2.1.2/src/core/tcp_out.c ****  *
  35:./lwip-2.1.2/src/core/tcp_out.c ****  * Redistribution and use in source and binary forms, with or without modification,
  36:./lwip-2.1.2/src/core/tcp_out.c ****  * are permitted provided that the following conditions are met:
  37:./lwip-2.1.2/src/core/tcp_out.c ****  *
  38:./lwip-2.1.2/src/core/tcp_out.c ****  * 1. Redistributions of source code must retain the above copyright notice,
  39:./lwip-2.1.2/src/core/tcp_out.c ****  *    this list of conditions and the following disclaimer.
  40:./lwip-2.1.2/src/core/tcp_out.c ****  * 2. Redistributions in binary form must reproduce the above copyright notice,
  41:./lwip-2.1.2/src/core/tcp_out.c ****  *    this list of conditions and the following disclaimer in the documentation
  42:./lwip-2.1.2/src/core/tcp_out.c ****  *    and/or other materials provided with the distribution.
  43:./lwip-2.1.2/src/core/tcp_out.c ****  * 3. The name of the author may not be used to endorse or promote products
  44:./lwip-2.1.2/src/core/tcp_out.c ****  *    derived from this software without specific prior written permission.
  45:./lwip-2.1.2/src/core/tcp_out.c ****  *
  46:./lwip-2.1.2/src/core/tcp_out.c ****  * THIS SOFTWARE IS PROVIDED BY THE AUTHOR ``AS IS'' AND ANY EXPRESS OR IMPLIED
  47:./lwip-2.1.2/src/core/tcp_out.c ****  * WARRANTIES, INCLUDING, BUT NOT LIMITED TO, THE IMPLIED WARRANTIES OF
  48:./lwip-2.1.2/src/core/tcp_out.c ****  * MERCHANTABILITY AND FITNESS FOR A PARTICULAR PURPOSE ARE DISCLAIMED. IN NO EVENT
  49:./lwip-2.1.2/src/core/tcp_out.c ****  * SHALL THE AUTHOR BE LIABLE FOR ANY DIRECT, INDIRECT, INCIDENTAL, SPECIAL,
  50:./lwip-2.1.2/src/core/tcp_out.c ****  * EXEMPLARY, OR CONSEQUENTIAL DAMAGES (INCLUDING, BUT NOT LIMITED TO, PROCUREMENT
  51:./lwip-2.1.2/src/core/tcp_out.c ****  * OF SUBSTITUTE GOODS OR SERVICES; LOSS OF USE, DATA, OR PROFITS; OR BUSINESS
  52:./lwip-2.1.2/src/core/tcp_out.c ****  * INTERRUPTION) HOWEVER CAUSED AND ON ANY THEORY OF LIABILITY, WHETHER IN
  53:./lwip-2.1.2/src/core/tcp_out.c ****  * CONTRACT, STRICT LIABILITY, OR TORT (INCLUDING NEGLIGENCE OR OTHERWISE) ARISING
  54:./lwip-2.1.2/src/core/tcp_out.c ****  * IN ANY WAY OUT OF THE USE OF THIS SOFTWARE, EVEN IF ADVISED OF THE POSSIBILITY
  55:./lwip-2.1.2/src/core/tcp_out.c ****  * OF SUCH DAMAGE.
  56:./lwip-2.1.2/src/core/tcp_out.c ****  *
  57:./lwip-2.1.2/src/core/tcp_out.c ****  * This file is part of the lwIP TCP/IP stack.
  58:./lwip-2.1.2/src/core/tcp_out.c ****  *
  59:./lwip-2.1.2/src/core/tcp_out.c ****  * Author: Adam Dunkels <adam@sics.se>
  60:./lwip-2.1.2/src/core/tcp_out.c ****  *
  61:./lwip-2.1.2/src/core/tcp_out.c ****  */
  62:./lwip-2.1.2/src/core/tcp_out.c **** 
  63:./lwip-2.1.2/src/core/tcp_out.c **** #include "lwip/opt.h"
  64:./lwip-2.1.2/src/core/tcp_out.c **** 
  65:./lwip-2.1.2/src/core/tcp_out.c **** #if LWIP_TCP /* don't build if not configured for use in lwipopts.h */
  66:./lwip-2.1.2/src/core/tcp_out.c **** 
  67:./lwip-2.1.2/src/core/tcp_out.c **** #include "lwip/priv/tcp_priv.h"
  68:./lwip-2.1.2/src/core/tcp_out.c **** #include "lwip/def.h"
  69:./lwip-2.1.2/src/core/tcp_out.c **** #include "lwip/mem.h"
  70:./lwip-2.1.2/src/core/tcp_out.c **** #include "lwip/memp.h"
  71:./lwip-2.1.2/src/core/tcp_out.c **** #include "lwip/ip_addr.h"
  72:./lwip-2.1.2/src/core/tcp_out.c **** #include "lwip/netif.h"
  73:./lwip-2.1.2/src/core/tcp_out.c **** #include "lwip/inet_chksum.h"
  74:./lwip-2.1.2/src/core/tcp_out.c **** #include "lwip/stats.h"
  75:./lwip-2.1.2/src/core/tcp_out.c **** #include "lwip/ip6.h"
  76:./lwip-2.1.2/src/core/tcp_out.c **** #include "lwip/ip6_addr.h"
  77:./lwip-2.1.2/src/core/tcp_out.c **** #if LWIP_TCP_TIMESTAMPS
  78:./lwip-2.1.2/src/core/tcp_out.c **** #include "lwip/sys.h"
  79:./lwip-2.1.2/src/core/tcp_out.c **** #endif
  80:./lwip-2.1.2/src/core/tcp_out.c **** 
  81:./lwip-2.1.2/src/core/tcp_out.c **** #include <string.h>
  82:./lwip-2.1.2/src/core/tcp_out.c **** 
  83:./lwip-2.1.2/src/core/tcp_out.c **** #ifdef LWIP_HOOK_FILENAME
  84:./lwip-2.1.2/src/core/tcp_out.c **** #include LWIP_HOOK_FILENAME
  85:./lwip-2.1.2/src/core/tcp_out.c **** #endif
  86:./lwip-2.1.2/src/core/tcp_out.c **** 
  87:./lwip-2.1.2/src/core/tcp_out.c **** /* Allow to add custom TCP header options by defining this hook */
  88:./lwip-2.1.2/src/core/tcp_out.c **** #ifdef LWIP_HOOK_TCP_OUT_TCPOPT_LENGTH
  89:./lwip-2.1.2/src/core/tcp_out.c **** #define LWIP_TCP_OPT_LENGTH_SEGMENT(flags, pcb) LWIP_HOOK_TCP_OUT_TCPOPT_LENGTH(pcb, LWIP_TCP_OPT_L
  90:./lwip-2.1.2/src/core/tcp_out.c **** #else
  91:./lwip-2.1.2/src/core/tcp_out.c **** #define LWIP_TCP_OPT_LENGTH_SEGMENT(flags, pcb) LWIP_TCP_OPT_LENGTH(flags)
  92:./lwip-2.1.2/src/core/tcp_out.c **** #endif
  93:./lwip-2.1.2/src/core/tcp_out.c **** 
  94:./lwip-2.1.2/src/core/tcp_out.c **** /* Define some copy-macros for checksum-on-copy so that the code looks
  95:./lwip-2.1.2/src/core/tcp_out.c ****    nicer by preventing too many ifdef's. */
  96:./lwip-2.1.2/src/core/tcp_out.c **** #if TCP_CHECKSUM_ON_COPY
  97:./lwip-2.1.2/src/core/tcp_out.c **** #define TCP_DATA_COPY(dst, src, len, seg) do { \
  98:./lwip-2.1.2/src/core/tcp_out.c ****   tcp_seg_add_chksum(LWIP_CHKSUM_COPY(dst, src, len), \
  99:./lwip-2.1.2/src/core/tcp_out.c ****                      len, &seg->chksum, &seg->chksum_swapped); \
 100:./lwip-2.1.2/src/core/tcp_out.c ****   seg->flags |= TF_SEG_DATA_CHECKSUMMED; } while(0)
 101:./lwip-2.1.2/src/core/tcp_out.c **** #define TCP_DATA_COPY2(dst, src, len, chksum, chksum_swapped)  \
 102:./lwip-2.1.2/src/core/tcp_out.c ****   tcp_seg_add_chksum(LWIP_CHKSUM_COPY(dst, src, len), len, chksum, chksum_swapped);
 103:./lwip-2.1.2/src/core/tcp_out.c **** #else /* TCP_CHECKSUM_ON_COPY*/
 104:./lwip-2.1.2/src/core/tcp_out.c **** #define TCP_DATA_COPY(dst, src, len, seg)                     MEMCPY(dst, src, len)
 105:./lwip-2.1.2/src/core/tcp_out.c **** #define TCP_DATA_COPY2(dst, src, len, chksum, chksum_swapped) MEMCPY(dst, src, len)
 106:./lwip-2.1.2/src/core/tcp_out.c **** #endif /* TCP_CHECKSUM_ON_COPY*/
 107:./lwip-2.1.2/src/core/tcp_out.c **** 
 108:./lwip-2.1.2/src/core/tcp_out.c **** /** Define this to 1 for an extra check that the output checksum is valid
 109:./lwip-2.1.2/src/core/tcp_out.c ****  * (usefule when the checksum is generated by the application, not the stack) */
 110:./lwip-2.1.2/src/core/tcp_out.c **** #ifndef TCP_CHECKSUM_ON_COPY_SANITY_CHECK
 111:./lwip-2.1.2/src/core/tcp_out.c **** #define TCP_CHECKSUM_ON_COPY_SANITY_CHECK   0
 112:./lwip-2.1.2/src/core/tcp_out.c **** #endif
 113:./lwip-2.1.2/src/core/tcp_out.c **** /* Allow to override the failure of sanity check from warning to e.g. hard failure */
 114:./lwip-2.1.2/src/core/tcp_out.c **** #if TCP_CHECKSUM_ON_COPY_SANITY_CHECK
 115:./lwip-2.1.2/src/core/tcp_out.c **** #ifndef TCP_CHECKSUM_ON_COPY_SANITY_CHECK_FAIL
 116:./lwip-2.1.2/src/core/tcp_out.c **** #define TCP_CHECKSUM_ON_COPY_SANITY_CHECK_FAIL(msg) LWIP_DEBUGF(TCP_DEBUG | LWIP_DBG_LEVEL_WARNING,
 117:./lwip-2.1.2/src/core/tcp_out.c **** #endif
 118:./lwip-2.1.2/src/core/tcp_out.c **** #endif
 119:./lwip-2.1.2/src/core/tcp_out.c **** 
 120:./lwip-2.1.2/src/core/tcp_out.c **** #if TCP_OVERSIZE
 121:./lwip-2.1.2/src/core/tcp_out.c **** /** The size of segment pbufs created when TCP_OVERSIZE is enabled */
 122:./lwip-2.1.2/src/core/tcp_out.c **** #ifndef TCP_OVERSIZE_CALC_LENGTH
 123:./lwip-2.1.2/src/core/tcp_out.c **** #define TCP_OVERSIZE_CALC_LENGTH(length) ((length) + TCP_OVERSIZE)
 124:./lwip-2.1.2/src/core/tcp_out.c **** #endif
 125:./lwip-2.1.2/src/core/tcp_out.c **** #endif
 126:./lwip-2.1.2/src/core/tcp_out.c **** 
 127:./lwip-2.1.2/src/core/tcp_out.c **** /* Forward declarations.*/
 128:./lwip-2.1.2/src/core/tcp_out.c **** static err_t tcp_output_segment(struct tcp_seg *seg, struct tcp_pcb *pcb, struct netif *netif);
 129:./lwip-2.1.2/src/core/tcp_out.c **** 
 130:./lwip-2.1.2/src/core/tcp_out.c **** /* tcp_route: common code that returns a fixed bound netif or calls ip_route */
 131:./lwip-2.1.2/src/core/tcp_out.c **** static struct netif *
 132:./lwip-2.1.2/src/core/tcp_out.c **** tcp_route(const struct tcp_pcb *pcb, const ip_addr_t *src, const ip_addr_t *dst)
 133:./lwip-2.1.2/src/core/tcp_out.c **** {
  26              		.loc 1 133 1
  27              		.cfi_startproc
  28              		@ args = 0, pretend = 0, frame = 16
  29              		@ frame_needed = 1, uses_anonymous_args = 0
  30 0000 80B5     		push	{r7, lr}
  31              	.LCFI0:
  32              		.cfi_def_cfa_offset 8
  33              		.cfi_offset 7, -8
  34              		.cfi_offset 14, -4
  35 0002 84B0     		sub	sp, sp, #16
  36              	.LCFI1:
  37              		.cfi_def_cfa_offset 24
  38 0004 00AF     		add	r7, sp, #0
  39              	.LCFI2:
  40              		.cfi_def_cfa_register 7
  41 0006 F860     		str	r0, [r7, #12]
  42 0008 B960     		str	r1, [r7, #8]
  43 000a 7A60     		str	r2, [r7, #4]
 134:./lwip-2.1.2/src/core/tcp_out.c ****   LWIP_UNUSED_ARG(src); /* in case IPv4-only and source-based routing is disabled */
 135:./lwip-2.1.2/src/core/tcp_out.c **** 
 136:./lwip-2.1.2/src/core/tcp_out.c ****   if ((pcb != NULL) && (pcb->netif_idx != NETIF_NO_INDEX)) {
  44              		.loc 1 136 6
  45 000c FB68     		ldr	r3, [r7, #12]
  46 000e 002B     		cmp	r3, #0
  47 0010 0AD0     		beq	.L2
  48              		.loc 1 136 28 discriminator 1
  49 0012 FB68     		ldr	r3, [r7, #12]
  50 0014 1B7A     		ldrb	r3, [r3, #8]	@ zero_extendqisi2
  51              		.loc 1 136 21 discriminator 1
  52 0016 002B     		cmp	r3, #0
  53 0018 06D0     		beq	.L2
 137:./lwip-2.1.2/src/core/tcp_out.c ****     return netif_get_by_index(pcb->netif_idx);
  54              		.loc 1 137 12
  55 001a FB68     		ldr	r3, [r7, #12]
  56 001c 1B7A     		ldrb	r3, [r3, #8]	@ zero_extendqisi2
  57 001e 1846     		mov	r0, r3
  58 0020 FFF7FEFF 		bl	netif_get_by_index
  59 0024 0346     		mov	r3, r0
  60 0026 03E0     		b	.L3
  61              	.L2:
 138:./lwip-2.1.2/src/core/tcp_out.c ****   } else {
 139:./lwip-2.1.2/src/core/tcp_out.c ****     return ip_route(src, dst);
  62              		.loc 1 139 12
  63 0028 7868     		ldr	r0, [r7, #4]
  64 002a FFF7FEFF 		bl	ip4_route
  65 002e 0346     		mov	r3, r0
  66              	.L3:
 140:./lwip-2.1.2/src/core/tcp_out.c ****   }
 141:./lwip-2.1.2/src/core/tcp_out.c **** }
  67              		.loc 1 141 1
  68 0030 1846     		mov	r0, r3
  69 0032 1037     		adds	r7, r7, #16
  70              	.LCFI3:
  71              		.cfi_def_cfa_offset 8
  72 0034 BD46     		mov	sp, r7
  73              	.LCFI4:
  74              		.cfi_def_cfa_register 13
  75              		@ sp needed
  76 0036 80BD     		pop	{r7, pc}
  77              		.cfi_endproc
  78              	.LFE25:
  80              		.align	1
  81              		.syntax unified
  82              		.thumb
  83              		.thumb_func
  84              		.fpu fpv5-d16
  86              	tcp_create_segment:
  87              	.LFB26:
 142:./lwip-2.1.2/src/core/tcp_out.c **** 
 143:./lwip-2.1.2/src/core/tcp_out.c **** /**
 144:./lwip-2.1.2/src/core/tcp_out.c ****  * Create a TCP segment with prefilled header.
 145:./lwip-2.1.2/src/core/tcp_out.c ****  *
 146:./lwip-2.1.2/src/core/tcp_out.c ****  * Called by @ref tcp_write, @ref tcp_enqueue_flags and @ref tcp_split_unsent_seg
 147:./lwip-2.1.2/src/core/tcp_out.c ****  *
 148:./lwip-2.1.2/src/core/tcp_out.c ****  * @param pcb Protocol control block for the TCP connection.
 149:./lwip-2.1.2/src/core/tcp_out.c ****  * @param p pbuf that is used to hold the TCP header.
 150:./lwip-2.1.2/src/core/tcp_out.c ****  * @param hdrflags TCP flags for header.
 151:./lwip-2.1.2/src/core/tcp_out.c ****  * @param seqno TCP sequence number of this packet
 152:./lwip-2.1.2/src/core/tcp_out.c ****  * @param optflags options to include in TCP header
 153:./lwip-2.1.2/src/core/tcp_out.c ****  * @return a new tcp_seg pointing to p, or NULL.
 154:./lwip-2.1.2/src/core/tcp_out.c ****  * The TCP header is filled in except ackno and wnd.
 155:./lwip-2.1.2/src/core/tcp_out.c ****  * p is freed on failure.
 156:./lwip-2.1.2/src/core/tcp_out.c ****  */
 157:./lwip-2.1.2/src/core/tcp_out.c **** static struct tcp_seg *
 158:./lwip-2.1.2/src/core/tcp_out.c **** tcp_create_segment(const struct tcp_pcb *pcb, struct pbuf *p, u8_t hdrflags, u32_t seqno, u8_t optf
 159:./lwip-2.1.2/src/core/tcp_out.c **** {
  88              		.loc 1 159 1
  89              		.cfi_startproc
  90              		@ args = 4, pretend = 0, frame = 24
  91              		@ frame_needed = 1, uses_anonymous_args = 0
  92 0038 90B5     		push	{r4, r7, lr}
  93              	.LCFI5:
  94              		.cfi_def_cfa_offset 12
  95              		.cfi_offset 4, -12
  96              		.cfi_offset 7, -8
  97              		.cfi_offset 14, -4
  98 003a 87B0     		sub	sp, sp, #28
  99              	.LCFI6:
 100              		.cfi_def_cfa_offset 40
 101 003c 00AF     		add	r7, sp, #0
 102              	.LCFI7:
 103              		.cfi_def_cfa_register 7
 104 003e F860     		str	r0, [r7, #12]
 105 0040 B960     		str	r1, [r7, #8]
 106 0042 3B60     		str	r3, [r7]
 107 0044 1346     		mov	r3, r2
 108 0046 FB71     		strb	r3, [r7, #7]
 160:./lwip-2.1.2/src/core/tcp_out.c ****   struct tcp_seg *seg;
 161:./lwip-2.1.2/src/core/tcp_out.c ****   u8_t optlen;
 162:./lwip-2.1.2/src/core/tcp_out.c **** 
 163:./lwip-2.1.2/src/core/tcp_out.c ****   LWIP_ASSERT("tcp_create_segment: invalid pcb", pcb != NULL);
 164:./lwip-2.1.2/src/core/tcp_out.c ****   LWIP_ASSERT("tcp_create_segment: invalid pbuf", p != NULL);
 165:./lwip-2.1.2/src/core/tcp_out.c **** 
 166:./lwip-2.1.2/src/core/tcp_out.c ****   optlen = LWIP_TCP_OPT_LENGTH_SEGMENT(optflags, pcb);
 109              		.loc 1 166 12
 110 0048 97F82830 		ldrb	r3, [r7, #40]	@ zero_extendqisi2
 111 004c 9B00     		lsls	r3, r3, #2
 112 004e DBB2     		uxtb	r3, r3
 113              		.loc 1 166 10
 114 0050 03F00403 		and	r3, r3, #4
 115 0054 FB75     		strb	r3, [r7, #23]
 167:./lwip-2.1.2/src/core/tcp_out.c **** 
 168:./lwip-2.1.2/src/core/tcp_out.c ****   if ((seg = (struct tcp_seg *)memp_malloc(MEMP_TCP_SEG)) == NULL) {
 116              		.loc 1 168 32
 117 0056 0320     		movs	r0, #3
 118 0058 FFF7FEFF 		bl	memp_malloc
 119 005c 3861     		str	r0, [r7, #16]
 120              		.loc 1 168 6
 121 005e 3B69     		ldr	r3, [r7, #16]
 122 0060 002B     		cmp	r3, #0
 123 0062 04D1     		bne	.L5
 169:./lwip-2.1.2/src/core/tcp_out.c ****     LWIP_DEBUGF(TCP_OUTPUT_DEBUG | LWIP_DBG_LEVEL_SERIOUS, ("tcp_create_segment: no memory.\n"));
 170:./lwip-2.1.2/src/core/tcp_out.c ****     pbuf_free(p);
 124              		.loc 1 170 5
 125 0064 B868     		ldr	r0, [r7, #8]
 126 0066 FFF7FEFF 		bl	pbuf_free
 171:./lwip-2.1.2/src/core/tcp_out.c ****     return NULL;
 127              		.loc 1 171 12
 128 006a 0023     		movs	r3, #0
 129 006c 55E0     		b	.L6
 130              	.L5:
 172:./lwip-2.1.2/src/core/tcp_out.c ****   }
 173:./lwip-2.1.2/src/core/tcp_out.c ****   seg->flags = optflags;
 131              		.loc 1 173 14
 132 006e 3B69     		ldr	r3, [r7, #16]
 133 0070 97F82820 		ldrb	r2, [r7, #40]
 134 0074 9A72     		strb	r2, [r3, #10]
 174:./lwip-2.1.2/src/core/tcp_out.c ****   seg->next = NULL;
 135              		.loc 1 174 13
 136 0076 3B69     		ldr	r3, [r7, #16]
 137 0078 0022     		movs	r2, #0
 138 007a 1A60     		str	r2, [r3]
 175:./lwip-2.1.2/src/core/tcp_out.c ****   seg->p = p;
 139              		.loc 1 175 10
 140 007c 3B69     		ldr	r3, [r7, #16]
 141 007e BA68     		ldr	r2, [r7, #8]
 142 0080 5A60     		str	r2, [r3, #4]
 176:./lwip-2.1.2/src/core/tcp_out.c ****   LWIP_ASSERT("p->tot_len >= optlen", p->tot_len >= optlen);
 177:./lwip-2.1.2/src/core/tcp_out.c ****   seg->len = p->tot_len - optlen;
 143              		.loc 1 177 15
 144 0082 BB68     		ldr	r3, [r7, #8]
 145 0084 1A89     		ldrh	r2, [r3, #8]
 146              		.loc 1 177 25
 147 0086 FB7D     		ldrb	r3, [r7, #23]	@ zero_extendqisi2
 148 0088 9BB2     		uxth	r3, r3
 149 008a D31A     		subs	r3, r2, r3
 150 008c 9AB2     		uxth	r2, r3
 151              		.loc 1 177 12
 152 008e 3B69     		ldr	r3, [r7, #16]
 153 0090 1A81     		strh	r2, [r3, #8]	@ movhi
 178:./lwip-2.1.2/src/core/tcp_out.c **** #if TCP_OVERSIZE_DBGCHECK
 179:./lwip-2.1.2/src/core/tcp_out.c ****   seg->oversize_left = 0;
 180:./lwip-2.1.2/src/core/tcp_out.c **** #endif /* TCP_OVERSIZE_DBGCHECK */
 181:./lwip-2.1.2/src/core/tcp_out.c **** #if TCP_CHECKSUM_ON_COPY
 182:./lwip-2.1.2/src/core/tcp_out.c ****   seg->chksum = 0;
 183:./lwip-2.1.2/src/core/tcp_out.c ****   seg->chksum_swapped = 0;
 184:./lwip-2.1.2/src/core/tcp_out.c ****   /* check optflags */
 185:./lwip-2.1.2/src/core/tcp_out.c ****   LWIP_ASSERT("invalid optflags passed: TF_SEG_DATA_CHECKSUMMED",
 186:./lwip-2.1.2/src/core/tcp_out.c ****               (optflags & TF_SEG_DATA_CHECKSUMMED) == 0);
 187:./lwip-2.1.2/src/core/tcp_out.c **** #endif /* TCP_CHECKSUM_ON_COPY */
 188:./lwip-2.1.2/src/core/tcp_out.c **** 
 189:./lwip-2.1.2/src/core/tcp_out.c ****   /* build TCP header */
 190:./lwip-2.1.2/src/core/tcp_out.c ****   if (pbuf_add_header(p, TCP_HLEN)) {
 154              		.loc 1 190 7
 155 0092 1421     		movs	r1, #20
 156 0094 B868     		ldr	r0, [r7, #8]
 157 0096 FFF7FEFF 		bl	pbuf_add_header
 158 009a 0346     		mov	r3, r0
 159              		.loc 1 190 6
 160 009c 002B     		cmp	r3, #0
 161 009e 04D0     		beq	.L7
 191:./lwip-2.1.2/src/core/tcp_out.c ****     LWIP_DEBUGF(TCP_OUTPUT_DEBUG | LWIP_DBG_LEVEL_SERIOUS, ("tcp_create_segment: no room for TCP he
 192:./lwip-2.1.2/src/core/tcp_out.c ****     TCP_STATS_INC(tcp.err);
 193:./lwip-2.1.2/src/core/tcp_out.c ****     tcp_seg_free(seg);
 162              		.loc 1 193 5
 163 00a0 3869     		ldr	r0, [r7, #16]
 164 00a2 FFF7FEFF 		bl	tcp_seg_free
 194:./lwip-2.1.2/src/core/tcp_out.c ****     return NULL;
 165              		.loc 1 194 12
 166 00a6 0023     		movs	r3, #0
 167 00a8 37E0     		b	.L6
 168              	.L7:
 195:./lwip-2.1.2/src/core/tcp_out.c ****   }
 196:./lwip-2.1.2/src/core/tcp_out.c ****   seg->tcphdr = (struct tcp_hdr *)seg->p->payload;
 169              		.loc 1 196 38
 170 00aa 3B69     		ldr	r3, [r7, #16]
 171 00ac 5B68     		ldr	r3, [r3, #4]
 172              		.loc 1 196 41
 173 00ae 5A68     		ldr	r2, [r3, #4]
 174              		.loc 1 196 15
 175 00b0 3B69     		ldr	r3, [r7, #16]
 176 00b2 DA60     		str	r2, [r3, #12]
 197:./lwip-2.1.2/src/core/tcp_out.c ****   seg->tcphdr->src = lwip_htons(pcb->local_port);
 177              		.loc 1 197 22
 178 00b4 FB68     		ldr	r3, [r7, #12]
 179 00b6 DA8A     		ldrh	r2, [r3, #22]
 180              		.loc 1 197 6
 181 00b8 3B69     		ldr	r3, [r7, #16]
 182 00ba DC68     		ldr	r4, [r3, #12]
 183              		.loc 1 197 22
 184 00bc 1046     		mov	r0, r2
 185 00be FFF7FEFF 		bl	lwip_htons
 186 00c2 0346     		mov	r3, r0
 187              		.loc 1 197 20
 188 00c4 2380     		strh	r3, [r4]	@ unaligned
 198:./lwip-2.1.2/src/core/tcp_out.c ****   seg->tcphdr->dest = lwip_htons(pcb->remote_port);
 189              		.loc 1 198 23
 190 00c6 FB68     		ldr	r3, [r7, #12]
 191 00c8 1A8B     		ldrh	r2, [r3, #24]
 192              		.loc 1 198 6
 193 00ca 3B69     		ldr	r3, [r7, #16]
 194 00cc DC68     		ldr	r4, [r3, #12]
 195              		.loc 1 198 23
 196 00ce 1046     		mov	r0, r2
 197 00d0 FFF7FEFF 		bl	lwip_htons
 198 00d4 0346     		mov	r3, r0
 199              		.loc 1 198 21
 200 00d6 6380     		strh	r3, [r4, #2]	@ unaligned
 199:./lwip-2.1.2/src/core/tcp_out.c ****   seg->tcphdr->seqno = lwip_htonl(seqno);
 201              		.loc 1 199 6
 202 00d8 3B69     		ldr	r3, [r7, #16]
 203 00da DC68     		ldr	r4, [r3, #12]
 204              		.loc 1 199 24
 205 00dc 3868     		ldr	r0, [r7]
 206 00de FFF7FEFF 		bl	lwip_htonl
 207 00e2 0346     		mov	r3, r0
 208              		.loc 1 199 22
 209 00e4 6360     		str	r3, [r4, #4]	@ unaligned
 200:./lwip-2.1.2/src/core/tcp_out.c ****   /* ackno is set in tcp_output */
 201:./lwip-2.1.2/src/core/tcp_out.c ****   TCPH_HDRLEN_FLAGS_SET(seg->tcphdr, (5 + optlen / 4), hdrflags);
 210              		.loc 1 201 3
 211 00e6 FB7D     		ldrb	r3, [r7, #23]	@ zero_extendqisi2
 212 00e8 9B08     		lsrs	r3, r3, #2
 213 00ea DBB2     		uxtb	r3, r3
 214 00ec 9BB2     		uxth	r3, r3
 215 00ee 0533     		adds	r3, r3, #5
 216 00f0 9BB2     		uxth	r3, r3
 217 00f2 1B03     		lsls	r3, r3, #12
 218 00f4 9AB2     		uxth	r2, r3
 219 00f6 FB79     		ldrb	r3, [r7, #7]	@ zero_extendqisi2
 220 00f8 9BB2     		uxth	r3, r3
 221 00fa 1343     		orrs	r3, r3, r2
 222 00fc 9AB2     		uxth	r2, r3
 223 00fe 3B69     		ldr	r3, [r7, #16]
 224 0100 DC68     		ldr	r4, [r3, #12]
 225 0102 1046     		mov	r0, r2
 226 0104 FFF7FEFF 		bl	lwip_htons
 227 0108 0346     		mov	r3, r0
 228 010a A381     		strh	r3, [r4, #12]	@ unaligned
 202:./lwip-2.1.2/src/core/tcp_out.c ****   /* wnd and chksum are set in tcp_output */
 203:./lwip-2.1.2/src/core/tcp_out.c ****   seg->tcphdr->urgp = 0;
 229              		.loc 1 203 6
 230 010c 3B69     		ldr	r3, [r7, #16]
 231 010e DB68     		ldr	r3, [r3, #12]
 232              		.loc 1 203 21
 233 0110 0022     		movs	r2, #0
 234 0112 9A74     		strb	r2, [r3, #18]
 235 0114 0022     		movs	r2, #0
 236 0116 DA74     		strb	r2, [r3, #19]
 204:./lwip-2.1.2/src/core/tcp_out.c ****   return seg;
 237              		.loc 1 204 10
 238 0118 3B69     		ldr	r3, [r7, #16]
 239              	.L6:
 205:./lwip-2.1.2/src/core/tcp_out.c **** }
 240              		.loc 1 205 1
 241 011a 1846     		mov	r0, r3
 242 011c 1C37     		adds	r7, r7, #28
 243              	.LCFI8:
 244              		.cfi_def_cfa_offset 12
 245 011e BD46     		mov	sp, r7
 246              	.LCFI9:
 247              		.cfi_def_cfa_register 13
 248              		@ sp needed
 249 0120 90BD     		pop	{r4, r7, pc}
 250              		.cfi_endproc
 251              	.LFE26:
 253              		.align	1
 254              		.syntax unified
 255              		.thumb
 256              		.thumb_func
 257              		.fpu fpv5-d16
 259              	tcp_pbuf_prealloc:
 260              	.LFB27:
 206:./lwip-2.1.2/src/core/tcp_out.c **** 
 207:./lwip-2.1.2/src/core/tcp_out.c **** /**
 208:./lwip-2.1.2/src/core/tcp_out.c ****  * Allocate a PBUF_RAM pbuf, perhaps with extra space at the end.
 209:./lwip-2.1.2/src/core/tcp_out.c ****  *
 210:./lwip-2.1.2/src/core/tcp_out.c ****  * This function is like pbuf_alloc(layer, length, PBUF_RAM) except
 211:./lwip-2.1.2/src/core/tcp_out.c ****  * there may be extra bytes available at the end.
 212:./lwip-2.1.2/src/core/tcp_out.c ****  *
 213:./lwip-2.1.2/src/core/tcp_out.c ****  * Called by @ref tcp_write
 214:./lwip-2.1.2/src/core/tcp_out.c ****  *
 215:./lwip-2.1.2/src/core/tcp_out.c ****  * @param layer flag to define header size.
 216:./lwip-2.1.2/src/core/tcp_out.c ****  * @param length size of the pbuf's payload.
 217:./lwip-2.1.2/src/core/tcp_out.c ****  * @param max_length maximum usable size of payload+oversize.
 218:./lwip-2.1.2/src/core/tcp_out.c ****  * @param oversize pointer to a u16_t that will receive the number of usable tail bytes.
 219:./lwip-2.1.2/src/core/tcp_out.c ****  * @param pcb The TCP connection that will enqueue the pbuf.
 220:./lwip-2.1.2/src/core/tcp_out.c ****  * @param apiflags API flags given to tcp_write.
 221:./lwip-2.1.2/src/core/tcp_out.c ****  * @param first_seg true when this pbuf will be used in the first enqueued segment.
 222:./lwip-2.1.2/src/core/tcp_out.c ****  */
 223:./lwip-2.1.2/src/core/tcp_out.c **** #if TCP_OVERSIZE
 224:./lwip-2.1.2/src/core/tcp_out.c **** static struct pbuf *
 225:./lwip-2.1.2/src/core/tcp_out.c **** tcp_pbuf_prealloc(pbuf_layer layer, u16_t length, u16_t max_length,
 226:./lwip-2.1.2/src/core/tcp_out.c ****                   u16_t *oversize, const struct tcp_pcb *pcb, u8_t apiflags,
 227:./lwip-2.1.2/src/core/tcp_out.c ****                   u8_t first_seg)
 228:./lwip-2.1.2/src/core/tcp_out.c **** {
 261              		.loc 1 228 1
 262              		.cfi_startproc
 263              		@ args = 12, pretend = 0, frame = 24
 264              		@ frame_needed = 1, uses_anonymous_args = 0
 265 0122 80B5     		push	{r7, lr}
 266              	.LCFI10:
 267              		.cfi_def_cfa_offset 8
 268              		.cfi_offset 7, -8
 269              		.cfi_offset 14, -4
 270 0124 86B0     		sub	sp, sp, #24
 271              	.LCFI11:
 272              		.cfi_def_cfa_offset 32
 273 0126 00AF     		add	r7, sp, #0
 274              	.LCFI12:
 275              		.cfi_def_cfa_register 7
 276 0128 7B60     		str	r3, [r7, #4]
 277 012a 0346     		mov	r3, r0
 278 012c FB73     		strb	r3, [r7, #15]
 279 012e 0B46     		mov	r3, r1	@ movhi
 280 0130 BB81     		strh	r3, [r7, #12]	@ movhi
 281 0132 1346     		mov	r3, r2	@ movhi
 282 0134 7B81     		strh	r3, [r7, #10]	@ movhi
 229:./lwip-2.1.2/src/core/tcp_out.c ****   struct pbuf *p;
 230:./lwip-2.1.2/src/core/tcp_out.c ****   u16_t alloc = length;
 283              		.loc 1 230 9
 284 0136 BB89     		ldrh	r3, [r7, #12]	@ movhi
 285 0138 FB82     		strh	r3, [r7, #22]	@ movhi
 231:./lwip-2.1.2/src/core/tcp_out.c **** 
 232:./lwip-2.1.2/src/core/tcp_out.c ****   LWIP_ASSERT("tcp_pbuf_prealloc: invalid oversize", oversize != NULL);
 233:./lwip-2.1.2/src/core/tcp_out.c ****   LWIP_ASSERT("tcp_pbuf_prealloc: invalid pcb", pcb != NULL);
 234:./lwip-2.1.2/src/core/tcp_out.c **** 
 235:./lwip-2.1.2/src/core/tcp_out.c **** #if LWIP_NETIF_TX_SINGLE_PBUF
 236:./lwip-2.1.2/src/core/tcp_out.c ****   LWIP_UNUSED_ARG(max_length);
 237:./lwip-2.1.2/src/core/tcp_out.c ****   LWIP_UNUSED_ARG(pcb);
 238:./lwip-2.1.2/src/core/tcp_out.c ****   LWIP_UNUSED_ARG(apiflags);
 239:./lwip-2.1.2/src/core/tcp_out.c ****   LWIP_UNUSED_ARG(first_seg);
 240:./lwip-2.1.2/src/core/tcp_out.c ****   alloc = max_length;
 241:./lwip-2.1.2/src/core/tcp_out.c **** #else /* LWIP_NETIF_TX_SINGLE_PBUF */
 242:./lwip-2.1.2/src/core/tcp_out.c ****   if (length < max_length) {
 286              		.loc 1 242 6
 287 013a BA89     		ldrh	r2, [r7, #12]
 288 013c 7B89     		ldrh	r3, [r7, #10]
 289 013e 9A42     		cmp	r2, r3
 290 0140 21D2     		bcs	.L9
 243:./lwip-2.1.2/src/core/tcp_out.c ****     /* Should we allocate an oversized pbuf, or just the minimum
 244:./lwip-2.1.2/src/core/tcp_out.c ****      * length required? If tcp_write is going to be called again
 245:./lwip-2.1.2/src/core/tcp_out.c ****      * before this segment is transmitted, we want the oversized
 246:./lwip-2.1.2/src/core/tcp_out.c ****      * buffer. If the segment will be transmitted immediately, we can
 247:./lwip-2.1.2/src/core/tcp_out.c ****      * save memory by allocating only length. We use a simple
 248:./lwip-2.1.2/src/core/tcp_out.c ****      * heuristic based on the following information:
 249:./lwip-2.1.2/src/core/tcp_out.c ****      *
 250:./lwip-2.1.2/src/core/tcp_out.c ****      * Did the user set TCP_WRITE_FLAG_MORE?
 251:./lwip-2.1.2/src/core/tcp_out.c ****      *
 252:./lwip-2.1.2/src/core/tcp_out.c ****      * Will the Nagle algorithm defer transmission of this segment?
 253:./lwip-2.1.2/src/core/tcp_out.c ****      */
 254:./lwip-2.1.2/src/core/tcp_out.c ****     if ((apiflags & TCP_WRITE_FLAG_MORE) ||
 291              		.loc 1 254 19
 292 0142 97F82430 		ldrb	r3, [r7, #36]	@ zero_extendqisi2
 293 0146 03F00203 		and	r3, r3, #2
 294              		.loc 1 254 8
 295 014a 002B     		cmp	r3, #0
 296 014c 11D1     		bne	.L10
 255:./lwip-2.1.2/src/core/tcp_out.c ****         (!(pcb->flags & TF_NODELAY) &&
 297              		.loc 1 255 15 discriminator 1
 298 014e 3B6A     		ldr	r3, [r7, #32]
 299 0150 5B8B     		ldrh	r3, [r3, #26]
 300              		.loc 1 255 23 discriminator 1
 301 0152 03F04003 		and	r3, r3, #64
 254:./lwip-2.1.2/src/core/tcp_out.c ****         (!(pcb->flags & TF_NODELAY) &&
 302              		.loc 1 254 42 discriminator 1
 303 0156 002B     		cmp	r3, #0
 304 0158 15D1     		bne	.L9
 305              		.loc 1 255 37
 306 015a 97F82830 		ldrb	r3, [r7, #40]	@ zero_extendqisi2
 307 015e 002B     		cmp	r3, #0
 308 0160 07D0     		beq	.L10
 256:./lwip-2.1.2/src/core/tcp_out.c ****          (!first_seg ||
 257:./lwip-2.1.2/src/core/tcp_out.c ****           pcb->unsent != NULL ||
 309              		.loc 1 257 14
 310 0162 3B6A     		ldr	r3, [r7, #32]
 311 0164 DB6E     		ldr	r3, [r3, #108]
 256:./lwip-2.1.2/src/core/tcp_out.c ****          (!first_seg ||
 312              		.loc 1 256 22
 313 0166 002B     		cmp	r3, #0
 314 0168 03D1     		bne	.L10
 258:./lwip-2.1.2/src/core/tcp_out.c ****           pcb->unacked != NULL))) {
 315              		.loc 1 258 14
 316 016a 3B6A     		ldr	r3, [r7, #32]
 317 016c 1B6F     		ldr	r3, [r3, #112]
 257:./lwip-2.1.2/src/core/tcp_out.c ****           pcb->unacked != NULL))) {
 318              		.loc 1 257 31
 319 016e 002B     		cmp	r3, #0
 320 0170 09D0     		beq	.L9
 321              	.L10:
 259:./lwip-2.1.2/src/core/tcp_out.c ****       alloc = LWIP_MIN(max_length, LWIP_MEM_ALIGN_SIZE(TCP_OVERSIZE_CALC_LENGTH(length)));
 322              		.loc 1 259 15
 323 0172 BB89     		ldrh	r3, [r7, #12]
 324 0174 03F21B23 		addw	r3, r3, #539
 325 0178 23F00302 		bic	r2, r3, #3
 326 017c 7B89     		ldrh	r3, [r7, #10]
 327 017e 9342     		cmp	r3, r2
 328 0180 28BF     		it	cs
 329 0182 1346     		movcs	r3, r2
 330              		.loc 1 259 13
 331 0184 FB82     		strh	r3, [r7, #22]	@ movhi
 332              	.L9:
 260:./lwip-2.1.2/src/core/tcp_out.c ****     }
 261:./lwip-2.1.2/src/core/tcp_out.c ****   }
 262:./lwip-2.1.2/src/core/tcp_out.c **** #endif /* LWIP_NETIF_TX_SINGLE_PBUF */
 263:./lwip-2.1.2/src/core/tcp_out.c ****   p = pbuf_alloc(layer, alloc, PBUF_RAM);
 333              		.loc 1 263 7
 334 0186 F98A     		ldrh	r1, [r7, #22]
 335 0188 FB7B     		ldrb	r3, [r7, #15]	@ zero_extendqisi2
 336 018a 4FF42072 		mov	r2, #640
 337 018e 1846     		mov	r0, r3
 338 0190 FFF7FEFF 		bl	pbuf_alloc
 339 0194 3861     		str	r0, [r7, #16]
 264:./lwip-2.1.2/src/core/tcp_out.c ****   if (p == NULL) {
 340              		.loc 1 264 6
 341 0196 3B69     		ldr	r3, [r7, #16]
 342 0198 002B     		cmp	r3, #0
 343 019a 01D1     		bne	.L11
 265:./lwip-2.1.2/src/core/tcp_out.c ****     return NULL;
 344              		.loc 1 265 12
 345 019c 0023     		movs	r3, #0
 346 019e 0EE0     		b	.L12
 347              	.L11:
 266:./lwip-2.1.2/src/core/tcp_out.c ****   }
 267:./lwip-2.1.2/src/core/tcp_out.c ****   LWIP_ASSERT("need unchained pbuf", p->next == NULL);
 268:./lwip-2.1.2/src/core/tcp_out.c ****   *oversize = p->len - length;
 348              		.loc 1 268 16
 349 01a0 3B69     		ldr	r3, [r7, #16]
 350 01a2 5A89     		ldrh	r2, [r3, #10]
 351              		.loc 1 268 22
 352 01a4 BB89     		ldrh	r3, [r7, #12]	@ movhi
 353 01a6 D31A     		subs	r3, r2, r3
 354 01a8 9AB2     		uxth	r2, r3
 355              		.loc 1 268 13
 356 01aa 7B68     		ldr	r3, [r7, #4]
 357 01ac 1A80     		strh	r2, [r3]	@ movhi
 269:./lwip-2.1.2/src/core/tcp_out.c ****   /* trim p->len to the currently used size */
 270:./lwip-2.1.2/src/core/tcp_out.c ****   p->len = p->tot_len = length;
 358              		.loc 1 270 23
 359 01ae 3B69     		ldr	r3, [r7, #16]
 360 01b0 BA89     		ldrh	r2, [r7, #12]	@ movhi
 361 01b2 1A81     		strh	r2, [r3, #8]	@ movhi
 362              		.loc 1 270 13
 363 01b4 3B69     		ldr	r3, [r7, #16]
 364 01b6 1A89     		ldrh	r2, [r3, #8]
 365              		.loc 1 270 10
 366 01b8 3B69     		ldr	r3, [r7, #16]
 367 01ba 5A81     		strh	r2, [r3, #10]	@ movhi
 271:./lwip-2.1.2/src/core/tcp_out.c ****   return p;
 368              		.loc 1 271 10
 369 01bc 3B69     		ldr	r3, [r7, #16]
 370              	.L12:
 272:./lwip-2.1.2/src/core/tcp_out.c **** }
 371              		.loc 1 272 1
 372 01be 1846     		mov	r0, r3
 373 01c0 1837     		adds	r7, r7, #24
 374              	.LCFI13:
 375              		.cfi_def_cfa_offset 8
 376 01c2 BD46     		mov	sp, r7
 377              	.LCFI14:
 378              		.cfi_def_cfa_register 13
 379              		@ sp needed
 380 01c4 80BD     		pop	{r7, pc}
 381              		.cfi_endproc
 382              	.LFE27:
 384              		.align	1
 385              		.syntax unified
 386              		.thumb
 387              		.thumb_func
 388              		.fpu fpv5-d16
 390              	tcp_write_checks:
 391              	.LFB28:
 273:./lwip-2.1.2/src/core/tcp_out.c **** #else /* TCP_OVERSIZE */
 274:./lwip-2.1.2/src/core/tcp_out.c **** #define tcp_pbuf_prealloc(layer, length, mx, os, pcb, api, fst) pbuf_alloc((layer), (length), PBUF_
 275:./lwip-2.1.2/src/core/tcp_out.c **** #endif /* TCP_OVERSIZE */
 276:./lwip-2.1.2/src/core/tcp_out.c **** 
 277:./lwip-2.1.2/src/core/tcp_out.c **** #if TCP_CHECKSUM_ON_COPY
 278:./lwip-2.1.2/src/core/tcp_out.c **** /** Add a checksum of newly added data to the segment.
 279:./lwip-2.1.2/src/core/tcp_out.c ****  *
 280:./lwip-2.1.2/src/core/tcp_out.c ****  * Called by tcp_write and tcp_split_unsent_seg.
 281:./lwip-2.1.2/src/core/tcp_out.c ****  */
 282:./lwip-2.1.2/src/core/tcp_out.c **** static void
 283:./lwip-2.1.2/src/core/tcp_out.c **** tcp_seg_add_chksum(u16_t chksum, u16_t len, u16_t *seg_chksum,
 284:./lwip-2.1.2/src/core/tcp_out.c ****                    u8_t *seg_chksum_swapped)
 285:./lwip-2.1.2/src/core/tcp_out.c **** {
 286:./lwip-2.1.2/src/core/tcp_out.c ****   u32_t helper;
 287:./lwip-2.1.2/src/core/tcp_out.c ****   /* add chksum to old chksum and fold to u16_t */
 288:./lwip-2.1.2/src/core/tcp_out.c ****   helper = chksum + *seg_chksum;
 289:./lwip-2.1.2/src/core/tcp_out.c ****   chksum = FOLD_U32T(helper);
 290:./lwip-2.1.2/src/core/tcp_out.c ****   if ((len & 1) != 0) {
 291:./lwip-2.1.2/src/core/tcp_out.c ****     *seg_chksum_swapped = 1 - *seg_chksum_swapped;
 292:./lwip-2.1.2/src/core/tcp_out.c ****     chksum = SWAP_BYTES_IN_WORD(chksum);
 293:./lwip-2.1.2/src/core/tcp_out.c ****   }
 294:./lwip-2.1.2/src/core/tcp_out.c ****   *seg_chksum = chksum;
 295:./lwip-2.1.2/src/core/tcp_out.c **** }
 296:./lwip-2.1.2/src/core/tcp_out.c **** #endif /* TCP_CHECKSUM_ON_COPY */
 297:./lwip-2.1.2/src/core/tcp_out.c **** 
 298:./lwip-2.1.2/src/core/tcp_out.c **** /** Checks if tcp_write is allowed or not (checks state, snd_buf and snd_queuelen).
 299:./lwip-2.1.2/src/core/tcp_out.c ****  *
 300:./lwip-2.1.2/src/core/tcp_out.c ****  * @param pcb the tcp pcb to check for
 301:./lwip-2.1.2/src/core/tcp_out.c ****  * @param len length of data to send (checked agains snd_buf)
 302:./lwip-2.1.2/src/core/tcp_out.c ****  * @return ERR_OK if tcp_write is allowed to proceed, another err_t otherwise
 303:./lwip-2.1.2/src/core/tcp_out.c ****  */
 304:./lwip-2.1.2/src/core/tcp_out.c **** static err_t
 305:./lwip-2.1.2/src/core/tcp_out.c **** tcp_write_checks(struct tcp_pcb *pcb, u16_t len)
 306:./lwip-2.1.2/src/core/tcp_out.c **** {
 392              		.loc 1 306 1
 393              		.cfi_startproc
 394              		@ args = 0, pretend = 0, frame = 8
 395              		@ frame_needed = 1, uses_anonymous_args = 0
 396              		@ link register save eliminated.
 397 01c6 80B4     		push	{r7}
 398              	.LCFI15:
 399              		.cfi_def_cfa_offset 4
 400              		.cfi_offset 7, -4
 401 01c8 83B0     		sub	sp, sp, #12
 402              	.LCFI16:
 403              		.cfi_def_cfa_offset 16
 404 01ca 00AF     		add	r7, sp, #0
 405              	.LCFI17:
 406              		.cfi_def_cfa_register 7
 407 01cc 7860     		str	r0, [r7, #4]
 408 01ce 0B46     		mov	r3, r1
 409 01d0 7B80     		strh	r3, [r7, #2]	@ movhi
 307:./lwip-2.1.2/src/core/tcp_out.c ****   LWIP_ASSERT("tcp_write_checks: invalid pcb", pcb != NULL);
 308:./lwip-2.1.2/src/core/tcp_out.c **** 
 309:./lwip-2.1.2/src/core/tcp_out.c ****   /* connection is in invalid state for data transmission? */
 310:./lwip-2.1.2/src/core/tcp_out.c ****   if ((pcb->state != ESTABLISHED) &&
 410              		.loc 1 310 11
 411 01d2 7B68     		ldr	r3, [r7, #4]
 412 01d4 1B7D     		ldrb	r3, [r3, #20]	@ zero_extendqisi2
 413              		.loc 1 310 6
 414 01d6 042B     		cmp	r3, #4
 415 01d8 0ED0     		beq	.L14
 311:./lwip-2.1.2/src/core/tcp_out.c ****       (pcb->state != CLOSE_WAIT) &&
 416              		.loc 1 311 11 discriminator 1
 417 01da 7B68     		ldr	r3, [r7, #4]
 418 01dc 1B7D     		ldrb	r3, [r3, #20]	@ zero_extendqisi2
 310:./lwip-2.1.2/src/core/tcp_out.c ****       (pcb->state != CLOSE_WAIT) &&
 419              		.loc 1 310 35 discriminator 1
 420 01de 072B     		cmp	r3, #7
 421 01e0 0AD0     		beq	.L14
 312:./lwip-2.1.2/src/core/tcp_out.c ****       (pcb->state != SYN_SENT) &&
 422              		.loc 1 312 11
 423 01e2 7B68     		ldr	r3, [r7, #4]
 424 01e4 1B7D     		ldrb	r3, [r3, #20]	@ zero_extendqisi2
 311:./lwip-2.1.2/src/core/tcp_out.c ****       (pcb->state != CLOSE_WAIT) &&
 425              		.loc 1 311 34
 426 01e6 022B     		cmp	r3, #2
 427 01e8 06D0     		beq	.L14
 313:./lwip-2.1.2/src/core/tcp_out.c ****       (pcb->state != SYN_RCVD)) {
 428              		.loc 1 313 11
 429 01ea 7B68     		ldr	r3, [r7, #4]
 430 01ec 1B7D     		ldrb	r3, [r3, #20]	@ zero_extendqisi2
 312:./lwip-2.1.2/src/core/tcp_out.c ****       (pcb->state != SYN_SENT) &&
 431              		.loc 1 312 32
 432 01ee 032B     		cmp	r3, #3
 433 01f0 02D0     		beq	.L14
 314:./lwip-2.1.2/src/core/tcp_out.c ****     LWIP_DEBUGF(TCP_OUTPUT_DEBUG | LWIP_DBG_STATE | LWIP_DBG_LEVEL_SEVERE, ("tcp_write() called in 
 315:./lwip-2.1.2/src/core/tcp_out.c ****     return ERR_CONN;
 434              		.loc 1 315 12
 435 01f2 6FF00A03 		mvn	r3, #10
 436 01f6 24E0     		b	.L15
 437              	.L14:
 316:./lwip-2.1.2/src/core/tcp_out.c ****   } else if (len == 0) {
 438              		.loc 1 316 13
 439 01f8 7B88     		ldrh	r3, [r7, #2]
 440 01fa 002B     		cmp	r3, #0
 441 01fc 01D1     		bne	.L16
 317:./lwip-2.1.2/src/core/tcp_out.c ****     return ERR_OK;
 442              		.loc 1 317 12
 443 01fe 0023     		movs	r3, #0
 444 0200 1FE0     		b	.L15
 445              	.L16:
 318:./lwip-2.1.2/src/core/tcp_out.c ****   }
 319:./lwip-2.1.2/src/core/tcp_out.c **** 
 320:./lwip-2.1.2/src/core/tcp_out.c ****   /* fail on too much data */
 321:./lwip-2.1.2/src/core/tcp_out.c ****   if (len > pcb->snd_buf) {
 446              		.loc 1 321 16
 447 0202 7B68     		ldr	r3, [r7, #4]
 448 0204 B3F86430 		ldrh	r3, [r3, #100]
 449              		.loc 1 321 6
 450 0208 7A88     		ldrh	r2, [r7, #2]
 451 020a 9A42     		cmp	r2, r3
 452 020c 09D9     		bls	.L17
 322:./lwip-2.1.2/src/core/tcp_out.c ****     LWIP_DEBUGF(TCP_OUTPUT_DEBUG | LWIP_DBG_LEVEL_SEVERE, ("tcp_write: too much data (len=%"U16_F" 
 323:./lwip-2.1.2/src/core/tcp_out.c ****                 len, pcb->snd_buf));
 324:./lwip-2.1.2/src/core/tcp_out.c ****     tcp_set_flags(pcb, TF_NAGLEMEMERR);
 453              		.loc 1 324 5
 454 020e 7B68     		ldr	r3, [r7, #4]
 455 0210 5B8B     		ldrh	r3, [r3, #26]
 456 0212 43F08003 		orr	r3, r3, #128
 457 0216 9AB2     		uxth	r2, r3
 458 0218 7B68     		ldr	r3, [r7, #4]
 459 021a 5A83     		strh	r2, [r3, #26]	@ movhi
 325:./lwip-2.1.2/src/core/tcp_out.c ****     return ERR_MEM;
 460              		.loc 1 325 12
 461 021c 4FF0FF33 		mov	r3, #-1
 462 0220 0FE0     		b	.L15
 463              	.L17:
 326:./lwip-2.1.2/src/core/tcp_out.c ****   }
 327:./lwip-2.1.2/src/core/tcp_out.c **** 
 328:./lwip-2.1.2/src/core/tcp_out.c ****   LWIP_DEBUGF(TCP_QLEN_DEBUG, ("tcp_write: queuelen: %"TCPWNDSIZE_F"\n", (tcpwnd_size_t)pcb->snd_qu
 329:./lwip-2.1.2/src/core/tcp_out.c **** 
 330:./lwip-2.1.2/src/core/tcp_out.c ****   /* If total number of pbufs on the unsent/unacked queues exceeds the
 331:./lwip-2.1.2/src/core/tcp_out.c ****    * configured maximum, return an error */
 332:./lwip-2.1.2/src/core/tcp_out.c ****   /* check for configured max queuelen and possible overflow */
 333:./lwip-2.1.2/src/core/tcp_out.c ****   if (pcb->snd_queuelen >= LWIP_MIN(TCP_SND_QUEUELEN, (TCP_SNDQUEUELEN_OVERFLOW + 1))) {
 464              		.loc 1 333 10
 465 0222 7B68     		ldr	r3, [r7, #4]
 466 0224 B3F86630 		ldrh	r3, [r3, #102]
 467              		.loc 1 333 6
 468 0228 082B     		cmp	r3, #8
 469 022a 09D9     		bls	.L18
 334:./lwip-2.1.2/src/core/tcp_out.c ****     LWIP_DEBUGF(TCP_OUTPUT_DEBUG | LWIP_DBG_LEVEL_SEVERE, ("tcp_write: too long queue %"U16_F" (max
 335:./lwip-2.1.2/src/core/tcp_out.c ****                 pcb->snd_queuelen, (u16_t)TCP_SND_QUEUELEN));
 336:./lwip-2.1.2/src/core/tcp_out.c ****     TCP_STATS_INC(tcp.memerr);
 337:./lwip-2.1.2/src/core/tcp_out.c ****     tcp_set_flags(pcb, TF_NAGLEMEMERR);
 470              		.loc 1 337 5
 471 022c 7B68     		ldr	r3, [r7, #4]
 472 022e 5B8B     		ldrh	r3, [r3, #26]
 473 0230 43F08003 		orr	r3, r3, #128
 474 0234 9AB2     		uxth	r2, r3
 475 0236 7B68     		ldr	r3, [r7, #4]
 476 0238 5A83     		strh	r2, [r3, #26]	@ movhi
 338:./lwip-2.1.2/src/core/tcp_out.c ****     return ERR_MEM;
 477              		.loc 1 338 12
 478 023a 4FF0FF33 		mov	r3, #-1
 479 023e 00E0     		b	.L15
 480              	.L18:
 339:./lwip-2.1.2/src/core/tcp_out.c ****   }
 340:./lwip-2.1.2/src/core/tcp_out.c ****   if (pcb->snd_queuelen != 0) {
 341:./lwip-2.1.2/src/core/tcp_out.c ****     LWIP_ASSERT("tcp_write: pbufs on queue => at least one queue non-empty",
 342:./lwip-2.1.2/src/core/tcp_out.c ****                 pcb->unacked != NULL || pcb->unsent != NULL);
 343:./lwip-2.1.2/src/core/tcp_out.c ****   } else {
 344:./lwip-2.1.2/src/core/tcp_out.c ****     LWIP_ASSERT("tcp_write: no pbufs on queue => both queues empty",
 345:./lwip-2.1.2/src/core/tcp_out.c ****                 pcb->unacked == NULL && pcb->unsent == NULL);
 346:./lwip-2.1.2/src/core/tcp_out.c ****   }
 347:./lwip-2.1.2/src/core/tcp_out.c ****   return ERR_OK;
 481              		.loc 1 347 10
 482 0240 0023     		movs	r3, #0
 483              	.L15:
 348:./lwip-2.1.2/src/core/tcp_out.c **** }
 484              		.loc 1 348 1
 485 0242 1846     		mov	r0, r3
 486 0244 0C37     		adds	r7, r7, #12
 487              	.LCFI18:
 488              		.cfi_def_cfa_offset 4
 489 0246 BD46     		mov	sp, r7
 490              	.LCFI19:
 491              		.cfi_def_cfa_register 13
 492              		@ sp needed
 493 0248 5DF8047B 		ldr	r7, [sp], #4
 494              	.LCFI20:
 495              		.cfi_restore 7
 496              		.cfi_def_cfa_offset 0
 497 024c 7047     		bx	lr
 498              		.cfi_endproc
 499              	.LFE28:
 501              		.align	1
 502              		.global	tcp_write
 503              		.syntax unified
 504              		.thumb
 505              		.thumb_func
 506              		.fpu fpv5-d16
 508              	tcp_write:
 509              	.LFB29:
 349:./lwip-2.1.2/src/core/tcp_out.c **** 
 350:./lwip-2.1.2/src/core/tcp_out.c **** /**
 351:./lwip-2.1.2/src/core/tcp_out.c ****  * @ingroup tcp_raw
 352:./lwip-2.1.2/src/core/tcp_out.c ****  * Write data for sending (but does not send it immediately).
 353:./lwip-2.1.2/src/core/tcp_out.c ****  *
 354:./lwip-2.1.2/src/core/tcp_out.c ****  * It waits in the expectation of more data being sent soon (as
 355:./lwip-2.1.2/src/core/tcp_out.c ****  * it can send them more efficiently by combining them together).
 356:./lwip-2.1.2/src/core/tcp_out.c ****  * To prompt the system to send data now, call tcp_output() after
 357:./lwip-2.1.2/src/core/tcp_out.c ****  * calling tcp_write().
 358:./lwip-2.1.2/src/core/tcp_out.c ****  * 
 359:./lwip-2.1.2/src/core/tcp_out.c ****  * This function enqueues the data pointed to by the argument dataptr. The length of
 360:./lwip-2.1.2/src/core/tcp_out.c ****  * the data is passed as the len parameter. The apiflags can be one or more of:
 361:./lwip-2.1.2/src/core/tcp_out.c ****  * - TCP_WRITE_FLAG_COPY: indicates whether the new memory should be allocated
 362:./lwip-2.1.2/src/core/tcp_out.c ****  *   for the data to be copied into. If this flag is not given, no new memory
 363:./lwip-2.1.2/src/core/tcp_out.c ****  *   should be allocated and the data should only be referenced by pointer. This
 364:./lwip-2.1.2/src/core/tcp_out.c ****  *   also means that the memory behind dataptr must not change until the data is
 365:./lwip-2.1.2/src/core/tcp_out.c ****  *   ACKed by the remote host
 366:./lwip-2.1.2/src/core/tcp_out.c ****  * - TCP_WRITE_FLAG_MORE: indicates that more data follows. If this is omitted,
 367:./lwip-2.1.2/src/core/tcp_out.c ****  *   the PSH flag is set in the last segment created by this call to tcp_write.
 368:./lwip-2.1.2/src/core/tcp_out.c ****  *   If this flag is given, the PSH flag is not set.
 369:./lwip-2.1.2/src/core/tcp_out.c ****  *
 370:./lwip-2.1.2/src/core/tcp_out.c ****  * The tcp_write() function will fail and return ERR_MEM if the length
 371:./lwip-2.1.2/src/core/tcp_out.c ****  * of the data exceeds the current send buffer size or if the length of
 372:./lwip-2.1.2/src/core/tcp_out.c ****  * the queue of outgoing segment is larger than the upper limit defined
 373:./lwip-2.1.2/src/core/tcp_out.c ****  * in lwipopts.h. The number of bytes available in the output queue can
 374:./lwip-2.1.2/src/core/tcp_out.c ****  * be retrieved with the tcp_sndbuf() function.
 375:./lwip-2.1.2/src/core/tcp_out.c ****  *
 376:./lwip-2.1.2/src/core/tcp_out.c ****  * The proper way to use this function is to call the function with at
 377:./lwip-2.1.2/src/core/tcp_out.c ****  * most tcp_sndbuf() bytes of data. If the function returns ERR_MEM,
 378:./lwip-2.1.2/src/core/tcp_out.c ****  * the application should wait until some of the currently enqueued
 379:./lwip-2.1.2/src/core/tcp_out.c ****  * data has been successfully received by the other host and try again.
 380:./lwip-2.1.2/src/core/tcp_out.c ****  *
 381:./lwip-2.1.2/src/core/tcp_out.c ****  * @param pcb Protocol control block for the TCP connection to enqueue data for.
 382:./lwip-2.1.2/src/core/tcp_out.c ****  * @param arg Pointer to the data to be enqueued for sending.
 383:./lwip-2.1.2/src/core/tcp_out.c ****  * @param len Data length in bytes
 384:./lwip-2.1.2/src/core/tcp_out.c ****  * @param apiflags combination of following flags :
 385:./lwip-2.1.2/src/core/tcp_out.c ****  * - TCP_WRITE_FLAG_COPY (0x01) data will be copied into memory belonging to the stack
 386:./lwip-2.1.2/src/core/tcp_out.c ****  * - TCP_WRITE_FLAG_MORE (0x02) for TCP connection, PSH flag will not be set on last segment sent,
 387:./lwip-2.1.2/src/core/tcp_out.c ****  * @return ERR_OK if enqueued, another err_t on error
 388:./lwip-2.1.2/src/core/tcp_out.c ****  */
 389:./lwip-2.1.2/src/core/tcp_out.c **** err_t
 390:./lwip-2.1.2/src/core/tcp_out.c **** tcp_write(struct tcp_pcb *pcb, const void *arg, u16_t len, u8_t apiflags)
 391:./lwip-2.1.2/src/core/tcp_out.c **** {
 510              		.loc 1 391 1
 511              		.cfi_startproc
 512              		@ args = 0, pretend = 0, frame = 88
 513              		@ frame_needed = 1, uses_anonymous_args = 0
 514 024e 90B5     		push	{r4, r7, lr}
 515              	.LCFI21:
 516              		.cfi_def_cfa_offset 12
 517              		.cfi_offset 4, -12
 518              		.cfi_offset 7, -8
 519              		.cfi_offset 14, -4
 520 0250 9BB0     		sub	sp, sp, #108
 521              	.LCFI22:
 522              		.cfi_def_cfa_offset 120
 523 0252 04AF     		add	r7, sp, #16
 524              	.LCFI23:
 525              		.cfi_def_cfa 7, 104
 526 0254 F860     		str	r0, [r7, #12]
 527 0256 B960     		str	r1, [r7, #8]
 528 0258 1146     		mov	r1, r2
 529 025a 1A46     		mov	r2, r3
 530 025c 0B46     		mov	r3, r1	@ movhi
 531 025e FB80     		strh	r3, [r7, #6]	@ movhi
 532 0260 1346     		mov	r3, r2
 533 0262 7B71     		strb	r3, [r7, #5]
 392:./lwip-2.1.2/src/core/tcp_out.c ****   struct pbuf *concat_p = NULL;
 534              		.loc 1 392 16
 535 0264 0023     		movs	r3, #0
 536 0266 7B65     		str	r3, [r7, #84]
 393:./lwip-2.1.2/src/core/tcp_out.c ****   struct tcp_seg *last_unsent = NULL, *seg = NULL, *prev_seg = NULL, *queue = NULL;
 537              		.loc 1 393 19
 538 0268 0023     		movs	r3, #0
 539 026a 3B65     		str	r3, [r7, #80]
 540              		.loc 1 393 40
 541 026c 0023     		movs	r3, #0
 542 026e FB64     		str	r3, [r7, #76]
 543              		.loc 1 393 53
 544 0270 0023     		movs	r3, #0
 545 0272 BB64     		str	r3, [r7, #72]
 546              		.loc 1 393 71
 547 0274 0023     		movs	r3, #0
 548 0276 7B64     		str	r3, [r7, #68]
 394:./lwip-2.1.2/src/core/tcp_out.c ****   u16_t pos = 0; /* position in 'arg' data */
 549              		.loc 1 394 9
 550 0278 0023     		movs	r3, #0
 551 027a A7F84230 		strh	r3, [r7, #66]	@ movhi
 395:./lwip-2.1.2/src/core/tcp_out.c ****   u16_t queuelen;
 396:./lwip-2.1.2/src/core/tcp_out.c ****   u8_t optlen;
 397:./lwip-2.1.2/src/core/tcp_out.c ****   u8_t optflags = 0;
 552              		.loc 1 397 8
 553 027e 0023     		movs	r3, #0
 554 0280 87F82730 		strb	r3, [r7, #39]
 398:./lwip-2.1.2/src/core/tcp_out.c **** #if TCP_OVERSIZE
 399:./lwip-2.1.2/src/core/tcp_out.c ****   u16_t oversize = 0;
 555              		.loc 1 399 9
 556 0284 0023     		movs	r3, #0
 557 0286 7B82     		strh	r3, [r7, #18]	@ movhi
 400:./lwip-2.1.2/src/core/tcp_out.c ****   u16_t oversize_used = 0;
 558              		.loc 1 400 9
 559 0288 0023     		movs	r3, #0
 560 028a FB87     		strh	r3, [r7, #62]	@ movhi
 401:./lwip-2.1.2/src/core/tcp_out.c **** #if TCP_OVERSIZE_DBGCHECK
 402:./lwip-2.1.2/src/core/tcp_out.c ****   u16_t oversize_add = 0;
 403:./lwip-2.1.2/src/core/tcp_out.c **** #endif /* TCP_OVERSIZE_DBGCHECK*/
 404:./lwip-2.1.2/src/core/tcp_out.c **** #endif /* TCP_OVERSIZE */
 405:./lwip-2.1.2/src/core/tcp_out.c ****   u16_t extendlen = 0;
 561              		.loc 1 405 9
 562 028c 0023     		movs	r3, #0
 563 028e BB87     		strh	r3, [r7, #60]	@ movhi
 406:./lwip-2.1.2/src/core/tcp_out.c **** #if TCP_CHECKSUM_ON_COPY
 407:./lwip-2.1.2/src/core/tcp_out.c ****   u16_t concat_chksum = 0;
 408:./lwip-2.1.2/src/core/tcp_out.c ****   u8_t concat_chksum_swapped = 0;
 409:./lwip-2.1.2/src/core/tcp_out.c ****   u16_t concat_chksummed = 0;
 410:./lwip-2.1.2/src/core/tcp_out.c **** #endif /* TCP_CHECKSUM_ON_COPY */
 411:./lwip-2.1.2/src/core/tcp_out.c ****   err_t err;
 412:./lwip-2.1.2/src/core/tcp_out.c ****   u16_t mss_local;
 413:./lwip-2.1.2/src/core/tcp_out.c **** 
 414:./lwip-2.1.2/src/core/tcp_out.c ****   LWIP_ERROR("tcp_write: invalid pcb", pcb != NULL, return ERR_ARG);
 564              		.loc 1 414 3
 565 0290 FB68     		ldr	r3, [r7, #12]
 566 0292 002B     		cmp	r3, #0
 567 0294 02D1     		bne	.L20
 568              		.loc 1 414 3 is_stmt 0 discriminator 1
 569 0296 6FF00F03 		mvn	r3, #15
 570 029a 61E2     		b	.L62
 571              	.L20:
 415:./lwip-2.1.2/src/core/tcp_out.c **** 
 416:./lwip-2.1.2/src/core/tcp_out.c ****   /* don't allocate segments bigger than half the maximum window we ever received */
 417:./lwip-2.1.2/src/core/tcp_out.c ****   mss_local = LWIP_MIN(pcb->mss, TCPWND_MIN16(pcb->snd_wnd_max / 2));
 572              		.loc 1 417 15 is_stmt 1
 573 029c FB68     		ldr	r3, [r7, #12]
 574 029e B3F86230 		ldrh	r3, [r3, #98]
 575 02a2 5B08     		lsrs	r3, r3, #1
 576 02a4 9AB2     		uxth	r2, r3
 577 02a6 FB68     		ldr	r3, [r7, #12]
 578 02a8 5B8E     		ldrh	r3, [r3, #50]
 579              		.loc 1 417 13
 580 02aa 9342     		cmp	r3, r2
 581 02ac 28BF     		it	cs
 582 02ae 1346     		movcs	r3, r2
 583 02b0 BB84     		strh	r3, [r7, #36]	@ movhi
 418:./lwip-2.1.2/src/core/tcp_out.c ****   mss_local = mss_local ? mss_local : pcb->mss;
 584              		.loc 1 418 13
 585 02b2 BB8C     		ldrh	r3, [r7, #36]
 586 02b4 002B     		cmp	r3, #0
 587 02b6 02D1     		bne	.L22
 588              		.loc 1 418 13 is_stmt 0 discriminator 1
 589 02b8 FB68     		ldr	r3, [r7, #12]
 590 02ba 5B8E     		ldrh	r3, [r3, #50]
 591 02bc 00E0     		b	.L23
 592              	.L22:
 593              		.loc 1 418 13 discriminator 2
 594 02be BB8C     		ldrh	r3, [r7, #36]
 595              	.L23:
 596              		.loc 1 418 13 discriminator 4
 597 02c0 BB84     		strh	r3, [r7, #36]	@ movhi
 419:./lwip-2.1.2/src/core/tcp_out.c **** 
 420:./lwip-2.1.2/src/core/tcp_out.c ****   LWIP_ASSERT_CORE_LOCKED();
 421:./lwip-2.1.2/src/core/tcp_out.c **** 
 422:./lwip-2.1.2/src/core/tcp_out.c **** #if LWIP_NETIF_TX_SINGLE_PBUF
 423:./lwip-2.1.2/src/core/tcp_out.c ****   /* Always copy to try to create single pbufs for TX */
 424:./lwip-2.1.2/src/core/tcp_out.c ****   apiflags |= TCP_WRITE_FLAG_COPY;
 425:./lwip-2.1.2/src/core/tcp_out.c **** #endif /* LWIP_NETIF_TX_SINGLE_PBUF */
 426:./lwip-2.1.2/src/core/tcp_out.c **** 
 427:./lwip-2.1.2/src/core/tcp_out.c ****   LWIP_DEBUGF(TCP_OUTPUT_DEBUG, ("tcp_write(pcb=%p, data=%p, len=%"U16_F", apiflags=%"U16_F")\n",
 428:./lwip-2.1.2/src/core/tcp_out.c ****                                  (void *)pcb, arg, len, (u16_t)apiflags));
 429:./lwip-2.1.2/src/core/tcp_out.c ****   LWIP_ERROR("tcp_write: arg == NULL (programmer violates API)",
 598              		.loc 1 429 3 is_stmt 1 discriminator 4
 599 02c2 BB68     		ldr	r3, [r7, #8]
 600 02c4 002B     		cmp	r3, #0
 601 02c6 02D1     		bne	.L24
 602              		.loc 1 429 3 is_stmt 0 discriminator 1
 603 02c8 6FF00F03 		mvn	r3, #15
 604 02cc 48E2     		b	.L62
 605              	.L24:
 430:./lwip-2.1.2/src/core/tcp_out.c ****              arg != NULL, return ERR_ARG;);
 431:./lwip-2.1.2/src/core/tcp_out.c **** 
 432:./lwip-2.1.2/src/core/tcp_out.c ****   err = tcp_write_checks(pcb, len);
 606              		.loc 1 432 9 is_stmt 1
 607 02ce FB88     		ldrh	r3, [r7, #6]
 608 02d0 1946     		mov	r1, r3
 609 02d2 F868     		ldr	r0, [r7, #12]
 610 02d4 FFF777FF 		bl	tcp_write_checks
 611 02d8 0346     		mov	r3, r0
 612 02da 87F82330 		strb	r3, [r7, #35]
 433:./lwip-2.1.2/src/core/tcp_out.c ****   if (err != ERR_OK) {
 613              		.loc 1 433 6
 614 02de 97F92330 		ldrsb	r3, [r7, #35]
 615 02e2 002B     		cmp	r3, #0
 616 02e4 02D0     		beq	.L25
 434:./lwip-2.1.2/src/core/tcp_out.c ****     return err;
 617              		.loc 1 434 12
 618 02e6 97F92330 		ldrsb	r3, [r7, #35]
 619 02ea 39E2     		b	.L62
 620              	.L25:
 435:./lwip-2.1.2/src/core/tcp_out.c ****   }
 436:./lwip-2.1.2/src/core/tcp_out.c ****   queuelen = pcb->snd_queuelen;
 621              		.loc 1 436 12
 622 02ec FB68     		ldr	r3, [r7, #12]
 623 02ee B3F86630 		ldrh	r3, [r3, #102]	@ movhi
 624 02f2 A7F84030 		strh	r3, [r7, #64]	@ movhi
 437:./lwip-2.1.2/src/core/tcp_out.c **** 
 438:./lwip-2.1.2/src/core/tcp_out.c **** #if LWIP_TCP_TIMESTAMPS
 439:./lwip-2.1.2/src/core/tcp_out.c ****   if ((pcb->flags & TF_TIMESTAMP)) {
 440:./lwip-2.1.2/src/core/tcp_out.c ****     /* Make sure the timestamp option is only included in data segments if we
 441:./lwip-2.1.2/src/core/tcp_out.c ****        agreed about it with the remote host. */
 442:./lwip-2.1.2/src/core/tcp_out.c ****     optflags = TF_SEG_OPTS_TS;
 443:./lwip-2.1.2/src/core/tcp_out.c ****     optlen = LWIP_TCP_OPT_LENGTH_SEGMENT(TF_SEG_OPTS_TS, pcb);
 444:./lwip-2.1.2/src/core/tcp_out.c ****     /* ensure that segments can hold at least one data byte... */
 445:./lwip-2.1.2/src/core/tcp_out.c ****     mss_local = LWIP_MAX(mss_local, LWIP_TCP_OPT_LEN_TS + 1);
 446:./lwip-2.1.2/src/core/tcp_out.c ****   } else
 447:./lwip-2.1.2/src/core/tcp_out.c **** #endif /* LWIP_TCP_TIMESTAMPS */
 448:./lwip-2.1.2/src/core/tcp_out.c ****   {
 449:./lwip-2.1.2/src/core/tcp_out.c ****     optlen = LWIP_TCP_OPT_LENGTH_SEGMENT(0, pcb);
 625              		.loc 1 449 12
 626 02f6 0023     		movs	r3, #0
 627 02f8 87F82230 		strb	r3, [r7, #34]
 450:./lwip-2.1.2/src/core/tcp_out.c ****   }
 451:./lwip-2.1.2/src/core/tcp_out.c **** 
 452:./lwip-2.1.2/src/core/tcp_out.c **** 
 453:./lwip-2.1.2/src/core/tcp_out.c ****   /*
 454:./lwip-2.1.2/src/core/tcp_out.c ****    * TCP segmentation is done in three phases with increasing complexity:
 455:./lwip-2.1.2/src/core/tcp_out.c ****    *
 456:./lwip-2.1.2/src/core/tcp_out.c ****    * 1. Copy data directly into an oversized pbuf.
 457:./lwip-2.1.2/src/core/tcp_out.c ****    * 2. Chain a new pbuf to the end of pcb->unsent.
 458:./lwip-2.1.2/src/core/tcp_out.c ****    * 3. Create new segments.
 459:./lwip-2.1.2/src/core/tcp_out.c ****    *
 460:./lwip-2.1.2/src/core/tcp_out.c ****    * We may run out of memory at any point. In that case we must
 461:./lwip-2.1.2/src/core/tcp_out.c ****    * return ERR_MEM and not change anything in pcb. Therefore, all
 462:./lwip-2.1.2/src/core/tcp_out.c ****    * changes are recorded in local variables and committed at the end
 463:./lwip-2.1.2/src/core/tcp_out.c ****    * of the function. Some pcb fields are maintained in local copies:
 464:./lwip-2.1.2/src/core/tcp_out.c ****    *
 465:./lwip-2.1.2/src/core/tcp_out.c ****    * queuelen = pcb->snd_queuelen
 466:./lwip-2.1.2/src/core/tcp_out.c ****    * oversize = pcb->unsent_oversize
 467:./lwip-2.1.2/src/core/tcp_out.c ****    *
 468:./lwip-2.1.2/src/core/tcp_out.c ****    * These variables are set consistently by the phases:
 469:./lwip-2.1.2/src/core/tcp_out.c ****    *
 470:./lwip-2.1.2/src/core/tcp_out.c ****    * seg points to the last segment tampered with.
 471:./lwip-2.1.2/src/core/tcp_out.c ****    *
 472:./lwip-2.1.2/src/core/tcp_out.c ****    * pos records progress as data is segmented.
 473:./lwip-2.1.2/src/core/tcp_out.c ****    */
 474:./lwip-2.1.2/src/core/tcp_out.c **** 
 475:./lwip-2.1.2/src/core/tcp_out.c ****   /* Find the tail of the unsent queue. */
 476:./lwip-2.1.2/src/core/tcp_out.c ****   if (pcb->unsent != NULL) {
 628              		.loc 1 476 10
 629 02fc FB68     		ldr	r3, [r7, #12]
 630 02fe DB6E     		ldr	r3, [r3, #108]
 631              		.loc 1 476 6
 632 0300 002B     		cmp	r3, #0
 633 0302 00F05F81 		beq	.L38
 634              	.LBB2:
 477:./lwip-2.1.2/src/core/tcp_out.c ****     u16_t space;
 478:./lwip-2.1.2/src/core/tcp_out.c ****     u16_t unsent_optlen;
 479:./lwip-2.1.2/src/core/tcp_out.c **** 
 480:./lwip-2.1.2/src/core/tcp_out.c ****     /* @todo: this could be sped up by keeping last_unsent in the pcb */
 481:./lwip-2.1.2/src/core/tcp_out.c ****     for (last_unsent = pcb->unsent; last_unsent->next != NULL;
 635              		.loc 1 481 22
 636 0306 FB68     		ldr	r3, [r7, #12]
 637 0308 DB6E     		ldr	r3, [r3, #108]
 638 030a 3B65     		str	r3, [r7, #80]
 639              		.loc 1 481 5
 640 030c 02E0     		b	.L27
 641              	.L28:
 482:./lwip-2.1.2/src/core/tcp_out.c ****          last_unsent = last_unsent->next);
 642              		.loc 1 482 22
 643 030e 3B6D     		ldr	r3, [r7, #80]
 644 0310 1B68     		ldr	r3, [r3]
 645 0312 3B65     		str	r3, [r7, #80]
 646              	.L27:
 481:./lwip-2.1.2/src/core/tcp_out.c ****          last_unsent = last_unsent->next);
 647              		.loc 1 481 48 discriminator 1
 648 0314 3B6D     		ldr	r3, [r7, #80]
 649 0316 1B68     		ldr	r3, [r3]
 481:./lwip-2.1.2/src/core/tcp_out.c ****          last_unsent = last_unsent->next);
 650              		.loc 1 481 5 discriminator 1
 651 0318 002B     		cmp	r3, #0
 652 031a F8D1     		bne	.L28
 483:./lwip-2.1.2/src/core/tcp_out.c **** 
 484:./lwip-2.1.2/src/core/tcp_out.c ****     /* Usable space at the end of the last unsent segment */
 485:./lwip-2.1.2/src/core/tcp_out.c ****     unsent_optlen = LWIP_TCP_OPT_LENGTH_SEGMENT(last_unsent->flags, pcb);
 653              		.loc 1 485 21
 654 031c 3B6D     		ldr	r3, [r7, #80]
 655 031e 9B7A     		ldrb	r3, [r3, #10]	@ zero_extendqisi2
 656 0320 9B00     		lsls	r3, r3, #2
 657 0322 9BB2     		uxth	r3, r3
 658              		.loc 1 485 19
 659 0324 03F00403 		and	r3, r3, #4
 660 0328 3B84     		strh	r3, [r7, #32]	@ movhi
 486:./lwip-2.1.2/src/core/tcp_out.c ****     LWIP_ASSERT("mss_local is too small", mss_local >= last_unsent->len + unsent_optlen);
 487:./lwip-2.1.2/src/core/tcp_out.c ****     space = mss_local - (last_unsent->len + unsent_optlen);
 661              		.loc 1 487 37
 662 032a 3B6D     		ldr	r3, [r7, #80]
 663 032c 1A89     		ldrh	r2, [r3, #8]
 664              		.loc 1 487 43
 665 032e 3B8C     		ldrh	r3, [r7, #32]	@ movhi
 666 0330 1344     		add	r3, r3, r2
 667 0332 9BB2     		uxth	r3, r3
 668              		.loc 1 487 11
 669 0334 BA8C     		ldrh	r2, [r7, #36]	@ movhi
 670 0336 D31A     		subs	r3, r2, r3
 671 0338 7B87     		strh	r3, [r7, #58]	@ movhi
 488:./lwip-2.1.2/src/core/tcp_out.c **** 
 489:./lwip-2.1.2/src/core/tcp_out.c ****     /*
 490:./lwip-2.1.2/src/core/tcp_out.c ****      * Phase 1: Copy data directly into an oversized pbuf.
 491:./lwip-2.1.2/src/core/tcp_out.c ****      *
 492:./lwip-2.1.2/src/core/tcp_out.c ****      * The number of bytes copied is recorded in the oversize_used
 493:./lwip-2.1.2/src/core/tcp_out.c ****      * variable. The actual copying is done at the bottom of the
 494:./lwip-2.1.2/src/core/tcp_out.c ****      * function.
 495:./lwip-2.1.2/src/core/tcp_out.c ****      */
 496:./lwip-2.1.2/src/core/tcp_out.c **** #if TCP_OVERSIZE
 497:./lwip-2.1.2/src/core/tcp_out.c **** #if TCP_OVERSIZE_DBGCHECK
 498:./lwip-2.1.2/src/core/tcp_out.c ****     /* check that pcb->unsent_oversize matches last_unsent->oversize_left */
 499:./lwip-2.1.2/src/core/tcp_out.c ****     LWIP_ASSERT("unsent_oversize mismatch (pcb vs. last_unsent)",
 500:./lwip-2.1.2/src/core/tcp_out.c ****                 pcb->unsent_oversize == last_unsent->oversize_left);
 501:./lwip-2.1.2/src/core/tcp_out.c **** #endif /* TCP_OVERSIZE_DBGCHECK */
 502:./lwip-2.1.2/src/core/tcp_out.c ****     oversize = pcb->unsent_oversize;
 672              		.loc 1 502 19
 673 033a FB68     		ldr	r3, [r7, #12]
 674 033c B3F86830 		ldrh	r3, [r3, #104]
 675              		.loc 1 502 14
 676 0340 7B82     		strh	r3, [r7, #18]	@ movhi
 503:./lwip-2.1.2/src/core/tcp_out.c ****     if (oversize > 0) {
 677              		.loc 1 503 18
 678 0342 7B8A     		ldrh	r3, [r7, #18]
 679              		.loc 1 503 8
 680 0344 002B     		cmp	r3, #0
 681 0346 1BD0     		beq	.L29
 504:./lwip-2.1.2/src/core/tcp_out.c ****       LWIP_ASSERT("inconsistent oversize vs. space", oversize <= space);
 505:./lwip-2.1.2/src/core/tcp_out.c ****       seg = last_unsent;
 682              		.loc 1 505 11
 683 0348 3B6D     		ldr	r3, [r7, #80]
 684 034a FB64     		str	r3, [r7, #76]
 506:./lwip-2.1.2/src/core/tcp_out.c ****       oversize_used = LWIP_MIN(space, LWIP_MIN(oversize, len));
 685              		.loc 1 506 23
 686 034c 7B8A     		ldrh	r3, [r7, #18]
 687 034e FA88     		ldrh	r2, [r7, #6]
 688 0350 9342     		cmp	r3, r2
 689 0352 28BF     		it	cs
 690 0354 1346     		movcs	r3, r2
 691 0356 9BB2     		uxth	r3, r3
 692              		.loc 1 506 21
 693 0358 7A8F     		ldrh	r2, [r7, #58]
 694 035a 9342     		cmp	r3, r2
 695 035c 28BF     		it	cs
 696 035e 1346     		movcs	r3, r2
 697 0360 FB87     		strh	r3, [r7, #62]	@ movhi
 507:./lwip-2.1.2/src/core/tcp_out.c ****       pos += oversize_used;
 698              		.loc 1 507 11
 699 0362 B7F84220 		ldrh	r2, [r7, #66]	@ movhi
 700 0366 FB8F     		ldrh	r3, [r7, #62]	@ movhi
 701 0368 1344     		add	r3, r3, r2
 702 036a A7F84230 		strh	r3, [r7, #66]	@ movhi
 508:./lwip-2.1.2/src/core/tcp_out.c ****       oversize -= oversize_used;
 703              		.loc 1 508 16
 704 036e 7A8A     		ldrh	r2, [r7, #18]
 705 0370 FB8F     		ldrh	r3, [r7, #62]	@ movhi
 706 0372 D31A     		subs	r3, r2, r3
 707 0374 9BB2     		uxth	r3, r3
 708 0376 7B82     		strh	r3, [r7, #18]	@ movhi
 509:./lwip-2.1.2/src/core/tcp_out.c ****       space -= oversize_used;
 709              		.loc 1 509 13
 710 0378 7A8F     		ldrh	r2, [r7, #58]	@ movhi
 711 037a FB8F     		ldrh	r3, [r7, #62]	@ movhi
 712 037c D31A     		subs	r3, r2, r3
 713 037e 7B87     		strh	r3, [r7, #58]	@ movhi
 714              	.L29:
 510:./lwip-2.1.2/src/core/tcp_out.c ****     }
 511:./lwip-2.1.2/src/core/tcp_out.c ****     /* now we are either finished or oversize is zero */
 512:./lwip-2.1.2/src/core/tcp_out.c ****     LWIP_ASSERT("inconsistent oversize vs. len", (oversize == 0) || (pos == len));
 513:./lwip-2.1.2/src/core/tcp_out.c **** #endif /* TCP_OVERSIZE */
 514:./lwip-2.1.2/src/core/tcp_out.c **** 
 515:./lwip-2.1.2/src/core/tcp_out.c **** #if !LWIP_NETIF_TX_SINGLE_PBUF
 516:./lwip-2.1.2/src/core/tcp_out.c ****     /*
 517:./lwip-2.1.2/src/core/tcp_out.c ****      * Phase 2: Chain a new pbuf to the end of pcb->unsent.
 518:./lwip-2.1.2/src/core/tcp_out.c ****      *
 519:./lwip-2.1.2/src/core/tcp_out.c ****      * As an exception when NOT copying the data, if the given data buffer
 520:./lwip-2.1.2/src/core/tcp_out.c ****      * directly follows the last unsent data buffer in memory, extend the last
 521:./lwip-2.1.2/src/core/tcp_out.c ****      * ROM pbuf reference to the buffer, thus saving a ROM pbuf allocation.
 522:./lwip-2.1.2/src/core/tcp_out.c ****      *
 523:./lwip-2.1.2/src/core/tcp_out.c ****      * We don't extend segments containing SYN/FIN flags or options
 524:./lwip-2.1.2/src/core/tcp_out.c ****      * (len==0). The new pbuf is kept in concat_p and pbuf_cat'ed at
 525:./lwip-2.1.2/src/core/tcp_out.c ****      * the end.
 526:./lwip-2.1.2/src/core/tcp_out.c ****      *
 527:./lwip-2.1.2/src/core/tcp_out.c ****      * This phase is skipped for LWIP_NETIF_TX_SINGLE_PBUF as we could only execute
 528:./lwip-2.1.2/src/core/tcp_out.c ****      * it after rexmit puts a segment from unacked to unsent and at this point,
 529:./lwip-2.1.2/src/core/tcp_out.c ****      * oversize info is lost.
 530:./lwip-2.1.2/src/core/tcp_out.c ****      */
 531:./lwip-2.1.2/src/core/tcp_out.c ****     if ((pos < len) && (space > 0) && (last_unsent->len > 0)) {
 715              		.loc 1 531 8
 716 0380 B7F84220 		ldrh	r2, [r7, #66]
 717 0384 FB88     		ldrh	r3, [r7, #6]
 718 0386 9A42     		cmp	r2, r3
 719 0388 80F01C81 		bcs	.L38
 720              		.loc 1 531 21 discriminator 1
 721 038c 7B8F     		ldrh	r3, [r7, #58]
 722 038e 002B     		cmp	r3, #0
 723 0390 00F01881 		beq	.L38
 724              		.loc 1 531 51 discriminator 2
 725 0394 3B6D     		ldr	r3, [r7, #80]
 726 0396 1B89     		ldrh	r3, [r3, #8]
 727              		.loc 1 531 36 discriminator 2
 728 0398 002B     		cmp	r3, #0
 729 039a 00F01381 		beq	.L38
 730              	.LBB3:
 532:./lwip-2.1.2/src/core/tcp_out.c ****       u16_t seglen = LWIP_MIN(space, len - pos);
 731              		.loc 1 532 22
 732 039e FA88     		ldrh	r2, [r7, #6]
 733 03a0 B7F84230 		ldrh	r3, [r7, #66]
 734 03a4 D21A     		subs	r2, r2, r3
 735 03a6 7B8F     		ldrh	r3, [r7, #58]
 736 03a8 9342     		cmp	r3, r2
 737 03aa A8BF     		it	ge
 738 03ac 1346     		movge	r3, r2
 739              		.loc 1 532 13
 740 03ae FB83     		strh	r3, [r7, #30]	@ movhi
 533:./lwip-2.1.2/src/core/tcp_out.c ****       seg = last_unsent;
 741              		.loc 1 533 11
 742 03b0 3B6D     		ldr	r3, [r7, #80]
 743 03b2 FB64     		str	r3, [r7, #76]
 534:./lwip-2.1.2/src/core/tcp_out.c **** 
 535:./lwip-2.1.2/src/core/tcp_out.c ****       /* Create a pbuf with a copy or reference to seglen bytes. We
 536:./lwip-2.1.2/src/core/tcp_out.c ****        * can use PBUF_RAW here since the data appears in the middle of
 537:./lwip-2.1.2/src/core/tcp_out.c ****        * a segment. A header will never be prepended. */
 538:./lwip-2.1.2/src/core/tcp_out.c ****       if (apiflags & TCP_WRITE_FLAG_COPY) {
 744              		.loc 1 538 20
 745 03b4 7B79     		ldrb	r3, [r7, #5]	@ zero_extendqisi2
 746 03b6 03F00103 		and	r3, r3, #1
 747              		.loc 1 538 10
 748 03ba 002B     		cmp	r3, #0
 749 03bc 27D0     		beq	.L30
 539:./lwip-2.1.2/src/core/tcp_out.c ****         /* Data is copied */
 540:./lwip-2.1.2/src/core/tcp_out.c ****         if ((concat_p = tcp_pbuf_prealloc(PBUF_RAW, seglen, space, &oversize, pcb, apiflags, 1)) ==
 750              		.loc 1 540 25
 751 03be 07F11200 		add	r0, r7, #18
 752 03c2 7A8F     		ldrh	r2, [r7, #58]
 753 03c4 F98B     		ldrh	r1, [r7, #30]
 754 03c6 0123     		movs	r3, #1
 755 03c8 0293     		str	r3, [sp, #8]
 756 03ca 7B79     		ldrb	r3, [r7, #5]	@ zero_extendqisi2
 757 03cc 0193     		str	r3, [sp, #4]
 758 03ce FB68     		ldr	r3, [r7, #12]
 759 03d0 0093     		str	r3, [sp]
 760 03d2 0346     		mov	r3, r0
 761 03d4 0020     		movs	r0, #0
 762 03d6 FFF7A4FE 		bl	tcp_pbuf_prealloc
 763 03da 7865     		str	r0, [r7, #84]
 764              		.loc 1 540 12
 765 03dc 7B6D     		ldr	r3, [r7, #84]
 766 03de 002B     		cmp	r3, #0
 767 03e0 00F0A081 		beq	.L63
 541:./lwip-2.1.2/src/core/tcp_out.c ****           LWIP_DEBUGF(TCP_OUTPUT_DEBUG | LWIP_DBG_LEVEL_SERIOUS,
 542:./lwip-2.1.2/src/core/tcp_out.c ****                       ("tcp_write : could not allocate memory for pbuf copy size %"U16_F"\n",
 543:./lwip-2.1.2/src/core/tcp_out.c ****                        seglen));
 544:./lwip-2.1.2/src/core/tcp_out.c ****           goto memerr;
 545:./lwip-2.1.2/src/core/tcp_out.c ****         }
 546:./lwip-2.1.2/src/core/tcp_out.c **** #if TCP_OVERSIZE_DBGCHECK
 547:./lwip-2.1.2/src/core/tcp_out.c ****         oversize_add = oversize;
 548:./lwip-2.1.2/src/core/tcp_out.c **** #endif /* TCP_OVERSIZE_DBGCHECK */
 549:./lwip-2.1.2/src/core/tcp_out.c ****         TCP_DATA_COPY2(concat_p->payload, (const u8_t *)arg + pos, seglen, &concat_chksum, &concat_
 768              		.loc 1 549 9
 769 03e4 7B6D     		ldr	r3, [r7, #84]
 770 03e6 5868     		ldr	r0, [r3, #4]
 771 03e8 B7F84230 		ldrh	r3, [r7, #66]
 772 03ec BA68     		ldr	r2, [r7, #8]
 773 03ee 1344     		add	r3, r3, r2
 774 03f0 FA8B     		ldrh	r2, [r7, #30]
 775 03f2 1946     		mov	r1, r3
 776 03f4 FFF7FEFF 		bl	memcpy
 550:./lwip-2.1.2/src/core/tcp_out.c **** #if TCP_CHECKSUM_ON_COPY
 551:./lwip-2.1.2/src/core/tcp_out.c ****         concat_chksummed += seglen;
 552:./lwip-2.1.2/src/core/tcp_out.c **** #endif /* TCP_CHECKSUM_ON_COPY */
 553:./lwip-2.1.2/src/core/tcp_out.c ****         queuelen += pbuf_clen(concat_p);
 777              		.loc 1 553 21
 778 03f8 786D     		ldr	r0, [r7, #84]
 779 03fa FFF7FEFF 		bl	pbuf_clen
 780 03fe 0346     		mov	r3, r0
 781 0400 1A46     		mov	r2, r3
 782              		.loc 1 553 18
 783 0402 B7F84030 		ldrh	r3, [r7, #64]	@ movhi
 784 0406 1344     		add	r3, r3, r2
 785 0408 A7F84030 		strh	r3, [r7, #64]	@ movhi
 786 040c 36E0     		b	.L33
 787              	.L30:
 788              	.LBB4:
 554:./lwip-2.1.2/src/core/tcp_out.c ****       } else {
 555:./lwip-2.1.2/src/core/tcp_out.c ****         /* Data is not copied */
 556:./lwip-2.1.2/src/core/tcp_out.c ****         /* If the last unsent pbuf is of type PBUF_ROM, try to extend it. */
 557:./lwip-2.1.2/src/core/tcp_out.c ****         struct pbuf *p;
 558:./lwip-2.1.2/src/core/tcp_out.c ****         for (p = last_unsent->p; p->next != NULL; p = p->next);
 789              		.loc 1 558 16
 790 040e 3B6D     		ldr	r3, [r7, #80]
 791 0410 5B68     		ldr	r3, [r3, #4]
 792 0412 7B63     		str	r3, [r7, #52]
 793              		.loc 1 558 9
 794 0414 02E0     		b	.L34
 795              	.L35:
 796              		.loc 1 558 53 discriminator 3
 797 0416 7B6B     		ldr	r3, [r7, #52]
 798 0418 1B68     		ldr	r3, [r3]
 799 041a 7B63     		str	r3, [r7, #52]
 800              	.L34:
 801              		.loc 1 558 35 discriminator 1
 802 041c 7B6B     		ldr	r3, [r7, #52]
 803 041e 1B68     		ldr	r3, [r3]
 804              		.loc 1 558 9 discriminator 1
 805 0420 002B     		cmp	r3, #0
 806 0422 F8D1     		bne	.L35
 559:./lwip-2.1.2/src/core/tcp_out.c ****         if (((p->type_internal & (PBUF_TYPE_FLAG_STRUCT_DATA_CONTIGUOUS | PBUF_TYPE_FLAG_DATA_VOLAT
 807              		.loc 1 559 16
 808 0424 7B6B     		ldr	r3, [r7, #52]
 809 0426 1B7B     		ldrb	r3, [r3, #12]	@ zero_extendqisi2
 810              		.loc 1 559 32
 811 0428 03F0C003 		and	r3, r3, #192
 812              		.loc 1 559 12
 813 042c 002B     		cmp	r3, #0
 814 042e 0AD1     		bne	.L36
 560:./lwip-2.1.2/src/core/tcp_out.c ****             (const u8_t *)p->payload + p->len == (const u8_t *)arg) {
 815              		.loc 1 560 28 discriminator 1
 816 0430 7B6B     		ldr	r3, [r7, #52]
 817 0432 5B68     		ldr	r3, [r3, #4]
 818              		.loc 1 560 41 discriminator 1
 819 0434 7A6B     		ldr	r2, [r7, #52]
 820 0436 5289     		ldrh	r2, [r2, #10]
 821              		.loc 1 560 38 discriminator 1
 822 0438 1344     		add	r3, r3, r2
 559:./lwip-2.1.2/src/core/tcp_out.c ****         if (((p->type_internal & (PBUF_TYPE_FLAG_STRUCT_DATA_CONTIGUOUS | PBUF_TYPE_FLAG_DATA_VOLAT
 823              		.loc 1 559 112 discriminator 1
 824 043a BA68     		ldr	r2, [r7, #8]
 825 043c 9A42     		cmp	r2, r3
 826 043e 02D1     		bne	.L36
 561:./lwip-2.1.2/src/core/tcp_out.c ****           LWIP_ASSERT("tcp_write: ROM pbufs cannot be oversized", pos == 0);
 562:./lwip-2.1.2/src/core/tcp_out.c ****           extendlen = seglen;
 827              		.loc 1 562 21
 828 0440 FB8B     		ldrh	r3, [r7, #30]	@ movhi
 829 0442 BB87     		strh	r3, [r7, #60]	@ movhi
 830 0444 1AE0     		b	.L33
 831              	.L36:
 563:./lwip-2.1.2/src/core/tcp_out.c ****         } else {
 564:./lwip-2.1.2/src/core/tcp_out.c ****           if ((concat_p = pbuf_alloc(PBUF_RAW, seglen, PBUF_ROM)) == NULL) {
 832              		.loc 1 564 27
 833 0446 FB8B     		ldrh	r3, [r7, #30]
 834 0448 0122     		movs	r2, #1
 835 044a 1946     		mov	r1, r3
 836 044c 0020     		movs	r0, #0
 837 044e FFF7FEFF 		bl	pbuf_alloc
 838 0452 7865     		str	r0, [r7, #84]
 839              		.loc 1 564 14
 840 0454 7B6D     		ldr	r3, [r7, #84]
 841 0456 002B     		cmp	r3, #0
 842 0458 00F06681 		beq	.L64
 565:./lwip-2.1.2/src/core/tcp_out.c ****             LWIP_DEBUGF(TCP_OUTPUT_DEBUG | LWIP_DBG_LEVEL_SERIOUS,
 566:./lwip-2.1.2/src/core/tcp_out.c ****                         ("tcp_write: could not allocate memory for zero-copy pbuf\n"));
 567:./lwip-2.1.2/src/core/tcp_out.c ****             goto memerr;
 568:./lwip-2.1.2/src/core/tcp_out.c ****           }
 569:./lwip-2.1.2/src/core/tcp_out.c ****           /* reference the non-volatile payload data */
 570:./lwip-2.1.2/src/core/tcp_out.c ****           ((struct pbuf_rom *)concat_p)->payload = (const u8_t *)arg + pos;
 843              		.loc 1 570 70
 844 045c B7F84230 		ldrh	r3, [r7, #66]
 845 0460 BA68     		ldr	r2, [r7, #8]
 846 0462 1A44     		add	r2, r2, r3
 847              		.loc 1 570 50
 848 0464 7B6D     		ldr	r3, [r7, #84]
 849 0466 5A60     		str	r2, [r3, #4]
 571:./lwip-2.1.2/src/core/tcp_out.c ****           queuelen += pbuf_clen(concat_p);
 850              		.loc 1 571 23
 851 0468 786D     		ldr	r0, [r7, #84]
 852 046a FFF7FEFF 		bl	pbuf_clen
 853 046e 0346     		mov	r3, r0
 854 0470 1A46     		mov	r2, r3
 855              		.loc 1 571 20
 856 0472 B7F84030 		ldrh	r3, [r7, #64]	@ movhi
 857 0476 1344     		add	r3, r3, r2
 858 0478 A7F84030 		strh	r3, [r7, #64]	@ movhi
 859              	.L33:
 860              	.LBE4:
 572:./lwip-2.1.2/src/core/tcp_out.c ****         }
 573:./lwip-2.1.2/src/core/tcp_out.c **** #if TCP_CHECKSUM_ON_COPY
 574:./lwip-2.1.2/src/core/tcp_out.c ****         /* calculate the checksum of nocopy-data */
 575:./lwip-2.1.2/src/core/tcp_out.c ****         tcp_seg_add_chksum(~inet_chksum((const u8_t *)arg + pos, seglen), seglen,
 576:./lwip-2.1.2/src/core/tcp_out.c ****                            &concat_chksum, &concat_chksum_swapped);
 577:./lwip-2.1.2/src/core/tcp_out.c ****         concat_chksummed += seglen;
 578:./lwip-2.1.2/src/core/tcp_out.c **** #endif /* TCP_CHECKSUM_ON_COPY */
 579:./lwip-2.1.2/src/core/tcp_out.c ****       }
 580:./lwip-2.1.2/src/core/tcp_out.c **** 
 581:./lwip-2.1.2/src/core/tcp_out.c ****       pos += seglen;
 861              		.loc 1 581 11
 862 047c B7F84220 		ldrh	r2, [r7, #66]	@ movhi
 863 0480 FB8B     		ldrh	r3, [r7, #30]	@ movhi
 864 0482 1344     		add	r3, r3, r2
 865 0484 A7F84230 		strh	r3, [r7, #66]	@ movhi
 866              	.LBE3:
 867              	.LBE2:
 582:./lwip-2.1.2/src/core/tcp_out.c ****     }
 583:./lwip-2.1.2/src/core/tcp_out.c **** #endif /* !LWIP_NETIF_TX_SINGLE_PBUF */
 584:./lwip-2.1.2/src/core/tcp_out.c ****   } else {
 585:./lwip-2.1.2/src/core/tcp_out.c **** #if TCP_OVERSIZE
 586:./lwip-2.1.2/src/core/tcp_out.c ****     LWIP_ASSERT("unsent_oversize mismatch (pcb->unsent is NULL)",
 587:./lwip-2.1.2/src/core/tcp_out.c ****                 pcb->unsent_oversize == 0);
 588:./lwip-2.1.2/src/core/tcp_out.c **** #endif /* TCP_OVERSIZE */
 589:./lwip-2.1.2/src/core/tcp_out.c ****   }
 590:./lwip-2.1.2/src/core/tcp_out.c **** 
 591:./lwip-2.1.2/src/core/tcp_out.c ****   /*
 592:./lwip-2.1.2/src/core/tcp_out.c ****    * Phase 3: Create new segments.
 593:./lwip-2.1.2/src/core/tcp_out.c ****    *
 594:./lwip-2.1.2/src/core/tcp_out.c ****    * The new segments are chained together in the local 'queue'
 595:./lwip-2.1.2/src/core/tcp_out.c ****    * variable, ready to be appended to pcb->unsent.
 596:./lwip-2.1.2/src/core/tcp_out.c ****    */
 597:./lwip-2.1.2/src/core/tcp_out.c ****   while (pos < len) {
 868              		.loc 1 597 9
 869 0488 9CE0     		b	.L38
 870              	.L48:
 871              	.LBB7:
 598:./lwip-2.1.2/src/core/tcp_out.c ****     struct pbuf *p;
 599:./lwip-2.1.2/src/core/tcp_out.c ****     u16_t left = len - pos;
 872              		.loc 1 599 11
 873 048a FA88     		ldrh	r2, [r7, #6]	@ movhi
 874 048c B7F84230 		ldrh	r3, [r7, #66]	@ movhi
 875 0490 D31A     		subs	r3, r2, r3
 876 0492 BB83     		strh	r3, [r7, #28]	@ movhi
 600:./lwip-2.1.2/src/core/tcp_out.c ****     u16_t max_len = mss_local - optlen;
 877              		.loc 1 600 31
 878 0494 97F82230 		ldrb	r3, [r7, #34]	@ zero_extendqisi2
 879 0498 9BB2     		uxth	r3, r3
 880              		.loc 1 600 11
 881 049a BA8C     		ldrh	r2, [r7, #36]	@ movhi
 882 049c D31A     		subs	r3, r2, r3
 883 049e 7B83     		strh	r3, [r7, #26]	@ movhi
 601:./lwip-2.1.2/src/core/tcp_out.c ****     u16_t seglen = LWIP_MIN(left, max_len);
 884              		.loc 1 601 11
 885 04a0 7A8B     		ldrh	r2, [r7, #26]
 886 04a2 BB8B     		ldrh	r3, [r7, #28]
 887 04a4 9342     		cmp	r3, r2
 888 04a6 28BF     		it	cs
 889 04a8 1346     		movcs	r3, r2
 890 04aa 3B83     		strh	r3, [r7, #24]	@ movhi
 602:./lwip-2.1.2/src/core/tcp_out.c **** #if TCP_CHECKSUM_ON_COPY
 603:./lwip-2.1.2/src/core/tcp_out.c ****     u16_t chksum = 0;
 604:./lwip-2.1.2/src/core/tcp_out.c ****     u8_t chksum_swapped = 0;
 605:./lwip-2.1.2/src/core/tcp_out.c **** #endif /* TCP_CHECKSUM_ON_COPY */
 606:./lwip-2.1.2/src/core/tcp_out.c **** 
 607:./lwip-2.1.2/src/core/tcp_out.c ****     if (apiflags & TCP_WRITE_FLAG_COPY) {
 891              		.loc 1 607 18
 892 04ac 7B79     		ldrb	r3, [r7, #5]	@ zero_extendqisi2
 893 04ae 03F00103 		and	r3, r3, #1
 894              		.loc 1 607 8
 895 04b2 002B     		cmp	r3, #0
 896 04b4 2AD0     		beq	.L39
 608:./lwip-2.1.2/src/core/tcp_out.c ****       /* If copy is set, memory should be allocated and data copied
 609:./lwip-2.1.2/src/core/tcp_out.c ****        * into pbuf */
 610:./lwip-2.1.2/src/core/tcp_out.c ****       if ((p = tcp_pbuf_prealloc(PBUF_TRANSPORT, seglen + optlen, mss_local, &oversize, pcb, apifla
 897              		.loc 1 610 16
 898 04b6 97F82230 		ldrb	r3, [r7, #34]	@ zero_extendqisi2
 899 04ba 9AB2     		uxth	r2, r3
 900 04bc 3B8B     		ldrh	r3, [r7, #24]	@ movhi
 901 04be 1344     		add	r3, r3, r2
 902 04c0 99B2     		uxth	r1, r3
 903 04c2 7B6C     		ldr	r3, [r7, #68]
 904 04c4 002B     		cmp	r3, #0
 905 04c6 0CBF     		ite	eq
 906 04c8 0123     		moveq	r3, #1
 907 04ca 0023     		movne	r3, #0
 908 04cc DBB2     		uxtb	r3, r3
 909 04ce 07F11200 		add	r0, r7, #18
 910 04d2 BA8C     		ldrh	r2, [r7, #36]
 911 04d4 0293     		str	r3, [sp, #8]
 912 04d6 7B79     		ldrb	r3, [r7, #5]	@ zero_extendqisi2
 913 04d8 0193     		str	r3, [sp, #4]
 914 04da FB68     		ldr	r3, [r7, #12]
 915 04dc 0093     		str	r3, [sp]
 916 04de 0346     		mov	r3, r0
 917 04e0 3620     		movs	r0, #54
 918 04e2 FFF71EFE 		bl	tcp_pbuf_prealloc
 919 04e6 3863     		str	r0, [r7, #48]
 920              		.loc 1 610 10
 921 04e8 3B6B     		ldr	r3, [r7, #48]
 922 04ea 002B     		cmp	r3, #0
 923 04ec 00F01E81 		beq	.L65
 611:./lwip-2.1.2/src/core/tcp_out.c ****         LWIP_DEBUGF(TCP_OUTPUT_DEBUG | LWIP_DBG_LEVEL_SERIOUS, ("tcp_write : could not allocate mem
 612:./lwip-2.1.2/src/core/tcp_out.c ****         goto memerr;
 613:./lwip-2.1.2/src/core/tcp_out.c ****       }
 614:./lwip-2.1.2/src/core/tcp_out.c ****       LWIP_ASSERT("tcp_write: check that first pbuf can hold the complete seglen",
 615:./lwip-2.1.2/src/core/tcp_out.c ****                   (p->len >= seglen));
 616:./lwip-2.1.2/src/core/tcp_out.c ****       TCP_DATA_COPY2((char *)p->payload + optlen, (const u8_t *)arg + pos, seglen, &chksum, &chksum
 924              		.loc 1 616 7
 925 04f0 3B6B     		ldr	r3, [r7, #48]
 926 04f2 5A68     		ldr	r2, [r3, #4]
 927 04f4 97F82230 		ldrb	r3, [r7, #34]	@ zero_extendqisi2
 928 04f8 D018     		adds	r0, r2, r3
 929 04fa B7F84230 		ldrh	r3, [r7, #66]
 930 04fe BA68     		ldr	r2, [r7, #8]
 931 0500 1344     		add	r3, r3, r2
 932 0502 3A8B     		ldrh	r2, [r7, #24]
 933 0504 1946     		mov	r1, r3
 934 0506 FFF7FEFF 		bl	memcpy
 935 050a 25E0     		b	.L41
 936              	.L39:
 937              	.LBB8:
 617:./lwip-2.1.2/src/core/tcp_out.c ****     } else {
 618:./lwip-2.1.2/src/core/tcp_out.c ****       /* Copy is not set: First allocate a pbuf for holding the data.
 619:./lwip-2.1.2/src/core/tcp_out.c ****        * Since the referenced data is available at least until it is
 620:./lwip-2.1.2/src/core/tcp_out.c ****        * sent out on the link (as it has to be ACKed by the remote
 621:./lwip-2.1.2/src/core/tcp_out.c ****        * party) we can safely use PBUF_ROM instead of PBUF_REF here.
 622:./lwip-2.1.2/src/core/tcp_out.c ****        */
 623:./lwip-2.1.2/src/core/tcp_out.c ****       struct pbuf *p2;
 624:./lwip-2.1.2/src/core/tcp_out.c **** #if TCP_OVERSIZE
 625:./lwip-2.1.2/src/core/tcp_out.c ****       LWIP_ASSERT("oversize == 0", oversize == 0);
 626:./lwip-2.1.2/src/core/tcp_out.c **** #endif /* TCP_OVERSIZE */
 627:./lwip-2.1.2/src/core/tcp_out.c ****       if ((p2 = pbuf_alloc(PBUF_TRANSPORT, seglen, PBUF_ROM)) == NULL) {
 938              		.loc 1 627 17
 939 050c 3B8B     		ldrh	r3, [r7, #24]
 940 050e 0122     		movs	r2, #1
 941 0510 1946     		mov	r1, r3
 942 0512 3620     		movs	r0, #54
 943 0514 FFF7FEFF 		bl	pbuf_alloc
 944 0518 7861     		str	r0, [r7, #20]
 945              		.loc 1 627 10
 946 051a 7B69     		ldr	r3, [r7, #20]
 947 051c 002B     		cmp	r3, #0
 948 051e 00F00781 		beq	.L66
 628:./lwip-2.1.2/src/core/tcp_out.c ****         LWIP_DEBUGF(TCP_OUTPUT_DEBUG | LWIP_DBG_LEVEL_SERIOUS, ("tcp_write: could not allocate memo
 629:./lwip-2.1.2/src/core/tcp_out.c ****         goto memerr;
 630:./lwip-2.1.2/src/core/tcp_out.c ****       }
 631:./lwip-2.1.2/src/core/tcp_out.c **** #if TCP_CHECKSUM_ON_COPY
 632:./lwip-2.1.2/src/core/tcp_out.c ****       /* calculate the checksum of nocopy-data */
 633:./lwip-2.1.2/src/core/tcp_out.c ****       chksum = ~inet_chksum((const u8_t *)arg + pos, seglen);
 634:./lwip-2.1.2/src/core/tcp_out.c ****       if (seglen & 1) {
 635:./lwip-2.1.2/src/core/tcp_out.c ****         chksum_swapped = 1;
 636:./lwip-2.1.2/src/core/tcp_out.c ****         chksum = SWAP_BYTES_IN_WORD(chksum);
 637:./lwip-2.1.2/src/core/tcp_out.c ****       }
 638:./lwip-2.1.2/src/core/tcp_out.c **** #endif /* TCP_CHECKSUM_ON_COPY */
 639:./lwip-2.1.2/src/core/tcp_out.c ****       /* reference the non-volatile payload data */
 640:./lwip-2.1.2/src/core/tcp_out.c ****       ((struct pbuf_rom *)p2)->payload = (const u8_t *)arg + pos;
 949              		.loc 1 640 60
 950 0522 B7F84230 		ldrh	r3, [r7, #66]
 951 0526 BA68     		ldr	r2, [r7, #8]
 952 0528 1A44     		add	r2, r2, r3
 953              		.loc 1 640 40
 954 052a 7B69     		ldr	r3, [r7, #20]
 955 052c 5A60     		str	r2, [r3, #4]
 641:./lwip-2.1.2/src/core/tcp_out.c **** 
 642:./lwip-2.1.2/src/core/tcp_out.c ****       /* Second, allocate a pbuf for the headers. */
 643:./lwip-2.1.2/src/core/tcp_out.c ****       if ((p = pbuf_alloc(PBUF_TRANSPORT, optlen, PBUF_RAM)) == NULL) {
 956              		.loc 1 643 16
 957 052e 97F82230 		ldrb	r3, [r7, #34]	@ zero_extendqisi2
 958 0532 9BB2     		uxth	r3, r3
 959 0534 4FF42072 		mov	r2, #640
 960 0538 1946     		mov	r1, r3
 961 053a 3620     		movs	r0, #54
 962 053c FFF7FEFF 		bl	pbuf_alloc
 963 0540 3863     		str	r0, [r7, #48]
 964              		.loc 1 643 10
 965 0542 3B6B     		ldr	r3, [r7, #48]
 966 0544 002B     		cmp	r3, #0
 967 0546 03D1     		bne	.L43
 644:./lwip-2.1.2/src/core/tcp_out.c ****         /* If allocation fails, we have to deallocate the data pbuf as
 645:./lwip-2.1.2/src/core/tcp_out.c ****          * well. */
 646:./lwip-2.1.2/src/core/tcp_out.c ****         pbuf_free(p2);
 968              		.loc 1 646 9
 969 0548 7869     		ldr	r0, [r7, #20]
 970 054a FFF7FEFF 		bl	pbuf_free
 647:./lwip-2.1.2/src/core/tcp_out.c ****         LWIP_DEBUGF(TCP_OUTPUT_DEBUG | LWIP_DBG_LEVEL_SERIOUS, ("tcp_write: could not allocate memo
 648:./lwip-2.1.2/src/core/tcp_out.c ****         goto memerr;
 971              		.loc 1 648 9
 972 054e F2E0     		b	.L32
 973              	.L43:
 649:./lwip-2.1.2/src/core/tcp_out.c ****       }
 650:./lwip-2.1.2/src/core/tcp_out.c ****       /* Concatenate the headers and data pbufs together. */
 651:./lwip-2.1.2/src/core/tcp_out.c ****       pbuf_cat(p/*header*/, p2/*data*/);
 974              		.loc 1 651 7
 975 0550 7969     		ldr	r1, [r7, #20]
 976 0552 386B     		ldr	r0, [r7, #48]
 977 0554 FFF7FEFF 		bl	pbuf_cat
 978              	.L41:
 979              	.LBE8:
 652:./lwip-2.1.2/src/core/tcp_out.c ****     }
 653:./lwip-2.1.2/src/core/tcp_out.c **** 
 654:./lwip-2.1.2/src/core/tcp_out.c ****     queuelen += pbuf_clen(p);
 980              		.loc 1 654 17
 981 0558 386B     		ldr	r0, [r7, #48]
 982 055a FFF7FEFF 		bl	pbuf_clen
 983 055e 0346     		mov	r3, r0
 984 0560 1A46     		mov	r2, r3
 985              		.loc 1 654 14
 986 0562 B7F84030 		ldrh	r3, [r7, #64]	@ movhi
 987 0566 1344     		add	r3, r3, r2
 988 0568 A7F84030 		strh	r3, [r7, #64]	@ movhi
 655:./lwip-2.1.2/src/core/tcp_out.c **** 
 656:./lwip-2.1.2/src/core/tcp_out.c ****     /* Now that there are more segments queued, we check again if the
 657:./lwip-2.1.2/src/core/tcp_out.c ****      * length of the queue exceeds the configured maximum or
 658:./lwip-2.1.2/src/core/tcp_out.c ****      * overflows. */
 659:./lwip-2.1.2/src/core/tcp_out.c ****     if (queuelen > LWIP_MIN(TCP_SND_QUEUELEN, TCP_SNDQUEUELEN_OVERFLOW)) {
 989              		.loc 1 659 8
 990 056c B7F84030 		ldrh	r3, [r7, #64]
 991 0570 092B     		cmp	r3, #9
 992 0572 03D9     		bls	.L44
 660:./lwip-2.1.2/src/core/tcp_out.c ****       LWIP_DEBUGF(TCP_OUTPUT_DEBUG | LWIP_DBG_LEVEL_SERIOUS, ("tcp_write: queue too long %"U16_F" (
 661:./lwip-2.1.2/src/core/tcp_out.c ****                   queuelen, (int)TCP_SND_QUEUELEN));
 662:./lwip-2.1.2/src/core/tcp_out.c ****       pbuf_free(p);
 993              		.loc 1 662 7
 994 0574 386B     		ldr	r0, [r7, #48]
 995 0576 FFF7FEFF 		bl	pbuf_free
 663:./lwip-2.1.2/src/core/tcp_out.c ****       goto memerr;
 996              		.loc 1 663 7
 997 057a DCE0     		b	.L32
 998              	.L44:
 664:./lwip-2.1.2/src/core/tcp_out.c ****     }
 665:./lwip-2.1.2/src/core/tcp_out.c **** 
 666:./lwip-2.1.2/src/core/tcp_out.c ****     if ((seg = tcp_create_segment(pcb, p, 0, pcb->snd_lbb + pos, optflags)) == NULL) {
 999              		.loc 1 666 49
 1000 057c FB68     		ldr	r3, [r7, #12]
 1001 057e DA6D     		ldr	r2, [r3, #92]
 1002              		.loc 1 666 16
 1003 0580 B7F84230 		ldrh	r3, [r7, #66]
 1004 0584 1A44     		add	r2, r2, r3
 1005 0586 97F82730 		ldrb	r3, [r7, #39]	@ zero_extendqisi2
 1006 058a 0093     		str	r3, [sp]
 1007 058c 1346     		mov	r3, r2
 1008 058e 0022     		movs	r2, #0
 1009 0590 396B     		ldr	r1, [r7, #48]
 1010 0592 F868     		ldr	r0, [r7, #12]
 1011 0594 FFF750FD 		bl	tcp_create_segment
 1012 0598 F864     		str	r0, [r7, #76]
 1013              		.loc 1 666 8
 1014 059a FB6C     		ldr	r3, [r7, #76]
 1015 059c 002B     		cmp	r3, #0
 1016 059e 00F0C980 		beq	.L67
 667:./lwip-2.1.2/src/core/tcp_out.c ****       goto memerr;
 668:./lwip-2.1.2/src/core/tcp_out.c ****     }
 669:./lwip-2.1.2/src/core/tcp_out.c **** #if TCP_OVERSIZE_DBGCHECK
 670:./lwip-2.1.2/src/core/tcp_out.c ****     seg->oversize_left = oversize;
 671:./lwip-2.1.2/src/core/tcp_out.c **** #endif /* TCP_OVERSIZE_DBGCHECK */
 672:./lwip-2.1.2/src/core/tcp_out.c **** #if TCP_CHECKSUM_ON_COPY
 673:./lwip-2.1.2/src/core/tcp_out.c ****     seg->chksum = chksum;
 674:./lwip-2.1.2/src/core/tcp_out.c ****     seg->chksum_swapped = chksum_swapped;
 675:./lwip-2.1.2/src/core/tcp_out.c ****     seg->flags |= TF_SEG_DATA_CHECKSUMMED;
 676:./lwip-2.1.2/src/core/tcp_out.c **** #endif /* TCP_CHECKSUM_ON_COPY */
 677:./lwip-2.1.2/src/core/tcp_out.c **** 
 678:./lwip-2.1.2/src/core/tcp_out.c ****     /* first segment of to-be-queued data? */
 679:./lwip-2.1.2/src/core/tcp_out.c ****     if (queue == NULL) {
 1017              		.loc 1 679 8
 1018 05a2 7B6C     		ldr	r3, [r7, #68]
 1019 05a4 002B     		cmp	r3, #0
 1020 05a6 02D1     		bne	.L46
 680:./lwip-2.1.2/src/core/tcp_out.c ****       queue = seg;
 1021              		.loc 1 680 13
 1022 05a8 FB6C     		ldr	r3, [r7, #76]
 1023 05aa 7B64     		str	r3, [r7, #68]
 1024 05ac 02E0     		b	.L47
 1025              	.L46:
 681:./lwip-2.1.2/src/core/tcp_out.c ****     } else {
 682:./lwip-2.1.2/src/core/tcp_out.c ****       /* Attach the segment to the end of the queued segments */
 683:./lwip-2.1.2/src/core/tcp_out.c ****       LWIP_ASSERT("prev_seg != NULL", prev_seg != NULL);
 684:./lwip-2.1.2/src/core/tcp_out.c ****       prev_seg->next = seg;
 1026              		.loc 1 684 22
 1027 05ae BB6C     		ldr	r3, [r7, #72]
 1028 05b0 FA6C     		ldr	r2, [r7, #76]
 1029 05b2 1A60     		str	r2, [r3]
 1030              	.L47:
 685:./lwip-2.1.2/src/core/tcp_out.c ****     }
 686:./lwip-2.1.2/src/core/tcp_out.c ****     /* remember last segment of to-be-queued data for next iteration */
 687:./lwip-2.1.2/src/core/tcp_out.c ****     prev_seg = seg;
 1031              		.loc 1 687 14
 1032 05b4 FB6C     		ldr	r3, [r7, #76]
 1033 05b6 BB64     		str	r3, [r7, #72]
 688:./lwip-2.1.2/src/core/tcp_out.c **** 
 689:./lwip-2.1.2/src/core/tcp_out.c ****     LWIP_DEBUGF(TCP_OUTPUT_DEBUG | LWIP_DBG_TRACE, ("tcp_write: queueing %"U32_F":%"U32_F"\n",
 690:./lwip-2.1.2/src/core/tcp_out.c ****                 lwip_ntohl(seg->tcphdr->seqno),
 691:./lwip-2.1.2/src/core/tcp_out.c ****                 lwip_ntohl(seg->tcphdr->seqno) + TCP_TCPLEN(seg)));
 692:./lwip-2.1.2/src/core/tcp_out.c **** 
 693:./lwip-2.1.2/src/core/tcp_out.c ****     pos += seglen;
 1034              		.loc 1 693 9
 1035 05b8 B7F84220 		ldrh	r2, [r7, #66]	@ movhi
 1036 05bc 3B8B     		ldrh	r3, [r7, #24]	@ movhi
 1037 05be 1344     		add	r3, r3, r2
 1038 05c0 A7F84230 		strh	r3, [r7, #66]	@ movhi
 1039              	.L38:
 1040              	.LBE7:
 597:./lwip-2.1.2/src/core/tcp_out.c ****     struct pbuf *p;
 1041              		.loc 1 597 9
 1042 05c4 B7F84220 		ldrh	r2, [r7, #66]
 1043 05c8 FB88     		ldrh	r3, [r7, #6]
 1044 05ca 9A42     		cmp	r2, r3
 1045 05cc FFF45DAF 		bcc	.L48
 694:./lwip-2.1.2/src/core/tcp_out.c ****   }
 695:./lwip-2.1.2/src/core/tcp_out.c **** 
 696:./lwip-2.1.2/src/core/tcp_out.c ****   /*
 697:./lwip-2.1.2/src/core/tcp_out.c ****    * All three segmentation phases were successful. We can commit the
 698:./lwip-2.1.2/src/core/tcp_out.c ****    * transaction.
 699:./lwip-2.1.2/src/core/tcp_out.c ****    */
 700:./lwip-2.1.2/src/core/tcp_out.c **** #if TCP_OVERSIZE_DBGCHECK
 701:./lwip-2.1.2/src/core/tcp_out.c ****   if ((last_unsent != NULL) && (oversize_add != 0)) {
 702:./lwip-2.1.2/src/core/tcp_out.c ****     last_unsent->oversize_left += oversize_add;
 703:./lwip-2.1.2/src/core/tcp_out.c ****   }
 704:./lwip-2.1.2/src/core/tcp_out.c **** #endif /* TCP_OVERSIZE_DBGCHECK */
 705:./lwip-2.1.2/src/core/tcp_out.c **** 
 706:./lwip-2.1.2/src/core/tcp_out.c ****   /*
 707:./lwip-2.1.2/src/core/tcp_out.c ****    * Phase 1: If data has been added to the preallocated tail of
 708:./lwip-2.1.2/src/core/tcp_out.c ****    * last_unsent, we update the length fields of the pbuf chain.
 709:./lwip-2.1.2/src/core/tcp_out.c ****    */
 710:./lwip-2.1.2/src/core/tcp_out.c **** #if TCP_OVERSIZE
 711:./lwip-2.1.2/src/core/tcp_out.c ****   if (oversize_used > 0) {
 1046              		.loc 1 711 6
 1047 05d0 FB8F     		ldrh	r3, [r7, #62]
 1048 05d2 002B     		cmp	r3, #0
 1049 05d4 2CD0     		beq	.L49
 1050              	.LBB10:
 712:./lwip-2.1.2/src/core/tcp_out.c ****     struct pbuf *p;
 713:./lwip-2.1.2/src/core/tcp_out.c ****     /* Bump tot_len of whole chain, len of tail */
 714:./lwip-2.1.2/src/core/tcp_out.c ****     for (p = last_unsent->p; p; p = p->next) {
 1051              		.loc 1 714 12
 1052 05d6 3B6D     		ldr	r3, [r7, #80]
 1053 05d8 5B68     		ldr	r3, [r3, #4]
 1054 05da FB62     		str	r3, [r7, #44]
 1055              		.loc 1 714 5
 1056 05dc 1EE0     		b	.L50
 1057              	.L52:
 715:./lwip-2.1.2/src/core/tcp_out.c ****       p->tot_len += oversize_used;
 1058              		.loc 1 715 18
 1059 05de FB6A     		ldr	r3, [r7, #44]
 1060 05e0 1A89     		ldrh	r2, [r3, #8]
 1061 05e2 FB8F     		ldrh	r3, [r7, #62]	@ movhi
 1062 05e4 1344     		add	r3, r3, r2
 1063 05e6 9AB2     		uxth	r2, r3
 1064 05e8 FB6A     		ldr	r3, [r7, #44]
 1065 05ea 1A81     		strh	r2, [r3, #8]	@ movhi
 716:./lwip-2.1.2/src/core/tcp_out.c ****       if (p->next == NULL) {
 1066              		.loc 1 716 12
 1067 05ec FB6A     		ldr	r3, [r7, #44]
 1068 05ee 1B68     		ldr	r3, [r3]
 1069              		.loc 1 716 10
 1070 05f0 002B     		cmp	r3, #0
 1071 05f2 10D1     		bne	.L51
 717:./lwip-2.1.2/src/core/tcp_out.c ****         TCP_DATA_COPY((char *)p->payload + p->len, arg, oversize_used, last_unsent);
 1072              		.loc 1 717 9
 1073 05f4 FB6A     		ldr	r3, [r7, #44]
 1074 05f6 5B68     		ldr	r3, [r3, #4]
 1075 05f8 FA6A     		ldr	r2, [r7, #44]
 1076 05fa 5289     		ldrh	r2, [r2, #10]
 1077 05fc 1344     		add	r3, r3, r2
 1078 05fe FA8F     		ldrh	r2, [r7, #62]
 1079 0600 B968     		ldr	r1, [r7, #8]
 1080 0602 1846     		mov	r0, r3
 1081 0604 FFF7FEFF 		bl	memcpy
 718:./lwip-2.1.2/src/core/tcp_out.c ****         p->len += oversize_used;
 1082              		.loc 1 718 16
 1083 0608 FB6A     		ldr	r3, [r7, #44]
 1084 060a 5A89     		ldrh	r2, [r3, #10]
 1085 060c FB8F     		ldrh	r3, [r7, #62]	@ movhi
 1086 060e 1344     		add	r3, r3, r2
 1087 0610 9AB2     		uxth	r2, r3
 1088 0612 FB6A     		ldr	r3, [r7, #44]
 1089 0614 5A81     		strh	r2, [r3, #10]	@ movhi
 1090              	.L51:
 714:./lwip-2.1.2/src/core/tcp_out.c ****       p->tot_len += oversize_used;
 1091              		.loc 1 714 35 discriminator 2
 1092 0616 FB6A     		ldr	r3, [r7, #44]
 1093 0618 1B68     		ldr	r3, [r3]
 1094 061a FB62     		str	r3, [r7, #44]
 1095              	.L50:
 714:./lwip-2.1.2/src/core/tcp_out.c ****       p->tot_len += oversize_used;
 1096              		.loc 1 714 5 discriminator 1
 1097 061c FB6A     		ldr	r3, [r7, #44]
 1098 061e 002B     		cmp	r3, #0
 1099 0620 DDD1     		bne	.L52
 719:./lwip-2.1.2/src/core/tcp_out.c ****       }
 720:./lwip-2.1.2/src/core/tcp_out.c ****     }
 721:./lwip-2.1.2/src/core/tcp_out.c ****     last_unsent->len += oversize_used;
 1100              		.loc 1 721 22
 1101 0622 3B6D     		ldr	r3, [r7, #80]
 1102 0624 1A89     		ldrh	r2, [r3, #8]
 1103 0626 FB8F     		ldrh	r3, [r7, #62]	@ movhi
 1104 0628 1344     		add	r3, r3, r2
 1105 062a 9AB2     		uxth	r2, r3
 1106 062c 3B6D     		ldr	r3, [r7, #80]
 1107 062e 1A81     		strh	r2, [r3, #8]	@ movhi
 1108              	.L49:
 1109              	.LBE10:
 722:./lwip-2.1.2/src/core/tcp_out.c **** #if TCP_OVERSIZE_DBGCHECK
 723:./lwip-2.1.2/src/core/tcp_out.c ****     LWIP_ASSERT("last_unsent->oversize_left >= oversize_used",
 724:./lwip-2.1.2/src/core/tcp_out.c ****                 last_unsent->oversize_left >= oversize_used);
 725:./lwip-2.1.2/src/core/tcp_out.c ****     last_unsent->oversize_left -= oversize_used;
 726:./lwip-2.1.2/src/core/tcp_out.c **** #endif /* TCP_OVERSIZE_DBGCHECK */
 727:./lwip-2.1.2/src/core/tcp_out.c ****   }
 728:./lwip-2.1.2/src/core/tcp_out.c ****   pcb->unsent_oversize = oversize;
 1110              		.loc 1 728 24
 1111 0630 7A8A     		ldrh	r2, [r7, #18]
 1112 0632 FB68     		ldr	r3, [r7, #12]
 1113 0634 A3F86820 		strh	r2, [r3, #104]	@ movhi
 729:./lwip-2.1.2/src/core/tcp_out.c **** #endif /* TCP_OVERSIZE */
 730:./lwip-2.1.2/src/core/tcp_out.c **** 
 731:./lwip-2.1.2/src/core/tcp_out.c ****   /*
 732:./lwip-2.1.2/src/core/tcp_out.c ****    * Phase 2: concat_p can be concatenated onto last_unsent->p, unless we
 733:./lwip-2.1.2/src/core/tcp_out.c ****    * determined that the last ROM pbuf can be extended to include the new data.
 734:./lwip-2.1.2/src/core/tcp_out.c ****    */
 735:./lwip-2.1.2/src/core/tcp_out.c ****   if (concat_p != NULL) {
 1114              		.loc 1 735 6
 1115 0638 7B6D     		ldr	r3, [r7, #84]
 1116 063a 002B     		cmp	r3, #0
 1117 063c 0ED0     		beq	.L53
 736:./lwip-2.1.2/src/core/tcp_out.c ****     LWIP_ASSERT("tcp_write: cannot concatenate when pcb->unsent is empty",
 737:./lwip-2.1.2/src/core/tcp_out.c ****                 (last_unsent != NULL));
 738:./lwip-2.1.2/src/core/tcp_out.c ****     pbuf_cat(last_unsent->p, concat_p);
 1118              		.loc 1 738 5
 1119 063e 3B6D     		ldr	r3, [r7, #80]
 1120 0640 5B68     		ldr	r3, [r3, #4]
 1121 0642 796D     		ldr	r1, [r7, #84]
 1122 0644 1846     		mov	r0, r3
 1123 0646 FFF7FEFF 		bl	pbuf_cat
 739:./lwip-2.1.2/src/core/tcp_out.c ****     last_unsent->len += concat_p->tot_len;
 1124              		.loc 1 739 22
 1125 064a 3B6D     		ldr	r3, [r7, #80]
 1126 064c 1A89     		ldrh	r2, [r3, #8]
 1127              		.loc 1 739 33
 1128 064e 7B6D     		ldr	r3, [r7, #84]
 1129 0650 1B89     		ldrh	r3, [r3, #8]
 1130              		.loc 1 739 22
 1131 0652 1344     		add	r3, r3, r2
 1132 0654 9AB2     		uxth	r2, r3
 1133 0656 3B6D     		ldr	r3, [r7, #80]
 1134 0658 1A81     		strh	r2, [r3, #8]	@ movhi
 1135 065a 29E0     		b	.L54
 1136              	.L53:
 740:./lwip-2.1.2/src/core/tcp_out.c ****   } else if (extendlen > 0) {
 1137              		.loc 1 740 13
 1138 065c BB8F     		ldrh	r3, [r7, #60]
 1139 065e 002B     		cmp	r3, #0
 1140 0660 26D0     		beq	.L54
 1141              	.LBB11:
 741:./lwip-2.1.2/src/core/tcp_out.c ****     struct pbuf *p;
 742:./lwip-2.1.2/src/core/tcp_out.c ****     LWIP_ASSERT("tcp_write: extension of reference requires reference",
 743:./lwip-2.1.2/src/core/tcp_out.c ****                 last_unsent != NULL && last_unsent->p != NULL);
 744:./lwip-2.1.2/src/core/tcp_out.c ****     for (p = last_unsent->p; p->next != NULL; p = p->next) {
 1142              		.loc 1 744 12
 1143 0662 3B6D     		ldr	r3, [r7, #80]
 1144 0664 5B68     		ldr	r3, [r3, #4]
 1145 0666 BB62     		str	r3, [r7, #40]
 1146              		.loc 1 744 5
 1147 0668 09E0     		b	.L55
 1148              	.L56:
 745:./lwip-2.1.2/src/core/tcp_out.c ****       p->tot_len += extendlen;
 1149              		.loc 1 745 18 discriminator 3
 1150 066a BB6A     		ldr	r3, [r7, #40]
 1151 066c 1A89     		ldrh	r2, [r3, #8]
 1152 066e BB8F     		ldrh	r3, [r7, #60]	@ movhi
 1153 0670 1344     		add	r3, r3, r2
 1154 0672 9AB2     		uxth	r2, r3
 1155 0674 BB6A     		ldr	r3, [r7, #40]
 1156 0676 1A81     		strh	r2, [r3, #8]	@ movhi
 744:./lwip-2.1.2/src/core/tcp_out.c ****       p->tot_len += extendlen;
 1157              		.loc 1 744 49 discriminator 3
 1158 0678 BB6A     		ldr	r3, [r7, #40]
 1159 067a 1B68     		ldr	r3, [r3]
 1160 067c BB62     		str	r3, [r7, #40]
 1161              	.L55:
 744:./lwip-2.1.2/src/core/tcp_out.c ****       p->tot_len += extendlen;
 1162              		.loc 1 744 31 discriminator 1
 1163 067e BB6A     		ldr	r3, [r7, #40]
 1164 0680 1B68     		ldr	r3, [r3]
 744:./lwip-2.1.2/src/core/tcp_out.c ****       p->tot_len += extendlen;
 1165              		.loc 1 744 5 discriminator 1
 1166 0682 002B     		cmp	r3, #0
 1167 0684 F1D1     		bne	.L56
 746:./lwip-2.1.2/src/core/tcp_out.c ****     }
 747:./lwip-2.1.2/src/core/tcp_out.c ****     p->tot_len += extendlen;
 1168              		.loc 1 747 16
 1169 0686 BB6A     		ldr	r3, [r7, #40]
 1170 0688 1A89     		ldrh	r2, [r3, #8]
 1171 068a BB8F     		ldrh	r3, [r7, #60]	@ movhi
 1172 068c 1344     		add	r3, r3, r2
 1173 068e 9AB2     		uxth	r2, r3
 1174 0690 BB6A     		ldr	r3, [r7, #40]
 1175 0692 1A81     		strh	r2, [r3, #8]	@ movhi
 748:./lwip-2.1.2/src/core/tcp_out.c ****     p->len += extendlen;
 1176              		.loc 1 748 12
 1177 0694 BB6A     		ldr	r3, [r7, #40]
 1178 0696 5A89     		ldrh	r2, [r3, #10]
 1179 0698 BB8F     		ldrh	r3, [r7, #60]	@ movhi
 1180 069a 1344     		add	r3, r3, r2
 1181 069c 9AB2     		uxth	r2, r3
 1182 069e BB6A     		ldr	r3, [r7, #40]
 1183 06a0 5A81     		strh	r2, [r3, #10]	@ movhi
 749:./lwip-2.1.2/src/core/tcp_out.c ****     last_unsent->len += extendlen;
 1184              		.loc 1 749 22
 1185 06a2 3B6D     		ldr	r3, [r7, #80]
 1186 06a4 1A89     		ldrh	r2, [r3, #8]
 1187 06a6 BB8F     		ldrh	r3, [r7, #60]	@ movhi
 1188 06a8 1344     		add	r3, r3, r2
 1189 06aa 9AB2     		uxth	r2, r3
 1190 06ac 3B6D     		ldr	r3, [r7, #80]
 1191 06ae 1A81     		strh	r2, [r3, #8]	@ movhi
 1192              	.L54:
 1193              	.LBE11:
 750:./lwip-2.1.2/src/core/tcp_out.c ****   }
 751:./lwip-2.1.2/src/core/tcp_out.c **** 
 752:./lwip-2.1.2/src/core/tcp_out.c **** #if TCP_CHECKSUM_ON_COPY
 753:./lwip-2.1.2/src/core/tcp_out.c ****   if (concat_chksummed) {
 754:./lwip-2.1.2/src/core/tcp_out.c ****     LWIP_ASSERT("tcp_write: concat checksum needs concatenated data",
 755:./lwip-2.1.2/src/core/tcp_out.c ****                 concat_p != NULL || extendlen > 0);
 756:./lwip-2.1.2/src/core/tcp_out.c ****     /*if concat checksumm swapped - swap it back */
 757:./lwip-2.1.2/src/core/tcp_out.c ****     if (concat_chksum_swapped) {
 758:./lwip-2.1.2/src/core/tcp_out.c ****       concat_chksum = SWAP_BYTES_IN_WORD(concat_chksum);
 759:./lwip-2.1.2/src/core/tcp_out.c ****     }
 760:./lwip-2.1.2/src/core/tcp_out.c ****     tcp_seg_add_chksum(concat_chksum, concat_chksummed, &last_unsent->chksum,
 761:./lwip-2.1.2/src/core/tcp_out.c ****                        &last_unsent->chksum_swapped);
 762:./lwip-2.1.2/src/core/tcp_out.c ****     last_unsent->flags |= TF_SEG_DATA_CHECKSUMMED;
 763:./lwip-2.1.2/src/core/tcp_out.c ****   }
 764:./lwip-2.1.2/src/core/tcp_out.c **** #endif /* TCP_CHECKSUM_ON_COPY */
 765:./lwip-2.1.2/src/core/tcp_out.c **** 
 766:./lwip-2.1.2/src/core/tcp_out.c ****   /*
 767:./lwip-2.1.2/src/core/tcp_out.c ****    * Phase 3: Append queue to pcb->unsent. Queue may be NULL, but that
 768:./lwip-2.1.2/src/core/tcp_out.c ****    * is harmless
 769:./lwip-2.1.2/src/core/tcp_out.c ****    */
 770:./lwip-2.1.2/src/core/tcp_out.c ****   if (last_unsent == NULL) {
 1194              		.loc 1 770 6
 1195 06b0 3B6D     		ldr	r3, [r7, #80]
 1196 06b2 002B     		cmp	r3, #0
 1197 06b4 03D1     		bne	.L57
 771:./lwip-2.1.2/src/core/tcp_out.c ****     pcb->unsent = queue;
 1198              		.loc 1 771 17
 1199 06b6 FB68     		ldr	r3, [r7, #12]
 1200 06b8 7A6C     		ldr	r2, [r7, #68]
 1201 06ba DA66     		str	r2, [r3, #108]
 1202 06bc 02E0     		b	.L58
 1203              	.L57:
 772:./lwip-2.1.2/src/core/tcp_out.c ****   } else {
 773:./lwip-2.1.2/src/core/tcp_out.c ****     last_unsent->next = queue;
 1204              		.loc 1 773 23
 1205 06be 3B6D     		ldr	r3, [r7, #80]
 1206 06c0 7A6C     		ldr	r2, [r7, #68]
 1207 06c2 1A60     		str	r2, [r3]
 1208              	.L58:
 774:./lwip-2.1.2/src/core/tcp_out.c ****   }
 775:./lwip-2.1.2/src/core/tcp_out.c **** 
 776:./lwip-2.1.2/src/core/tcp_out.c ****   /*
 777:./lwip-2.1.2/src/core/tcp_out.c ****    * Finally update the pcb state.
 778:./lwip-2.1.2/src/core/tcp_out.c ****    */
 779:./lwip-2.1.2/src/core/tcp_out.c ****   pcb->snd_lbb += len;
 1209              		.loc 1 779 16
 1210 06c4 FB68     		ldr	r3, [r7, #12]
 1211 06c6 DA6D     		ldr	r2, [r3, #92]
 1212 06c8 FB88     		ldrh	r3, [r7, #6]
 1213 06ca 1A44     		add	r2, r2, r3
 1214 06cc FB68     		ldr	r3, [r7, #12]
 1215 06ce DA65     		str	r2, [r3, #92]
 780:./lwip-2.1.2/src/core/tcp_out.c ****   pcb->snd_buf -= len;
 1216              		.loc 1 780 16
 1217 06d0 FB68     		ldr	r3, [r7, #12]
 1218 06d2 B3F86420 		ldrh	r2, [r3, #100]
 1219 06d6 FB88     		ldrh	r3, [r7, #6]	@ movhi
 1220 06d8 D31A     		subs	r3, r2, r3
 1221 06da 9AB2     		uxth	r2, r3
 1222 06dc FB68     		ldr	r3, [r7, #12]
 1223 06de A3F86420 		strh	r2, [r3, #100]	@ movhi
 781:./lwip-2.1.2/src/core/tcp_out.c ****   pcb->snd_queuelen = queuelen;
 1224              		.loc 1 781 21
 1225 06e2 FB68     		ldr	r3, [r7, #12]
 1226 06e4 B7F84020 		ldrh	r2, [r7, #64]	@ movhi
 1227 06e8 A3F86620 		strh	r2, [r3, #102]	@ movhi
 782:./lwip-2.1.2/src/core/tcp_out.c **** 
 783:./lwip-2.1.2/src/core/tcp_out.c ****   LWIP_DEBUGF(TCP_QLEN_DEBUG, ("tcp_write: %"S16_F" (after enqueued)\n",
 784:./lwip-2.1.2/src/core/tcp_out.c ****                                pcb->snd_queuelen));
 785:./lwip-2.1.2/src/core/tcp_out.c ****   if (pcb->snd_queuelen != 0) {
 786:./lwip-2.1.2/src/core/tcp_out.c ****     LWIP_ASSERT("tcp_write: valid queue length",
 787:./lwip-2.1.2/src/core/tcp_out.c ****                 pcb->unacked != NULL || pcb->unsent != NULL);
 788:./lwip-2.1.2/src/core/tcp_out.c ****   }
 789:./lwip-2.1.2/src/core/tcp_out.c **** 
 790:./lwip-2.1.2/src/core/tcp_out.c ****   /* Set the PSH flag in the last segment that we enqueued. */
 791:./lwip-2.1.2/src/core/tcp_out.c ****   if (seg != NULL && seg->tcphdr != NULL && ((apiflags & TCP_WRITE_FLAG_MORE) == 0)) {
 1228              		.loc 1 791 6
 1229 06ec FB6C     		ldr	r3, [r7, #76]
 1230 06ee 002B     		cmp	r3, #0
 1231 06f0 16D0     		beq	.L59
 1232              		.loc 1 791 25 discriminator 1
 1233 06f2 FB6C     		ldr	r3, [r7, #76]
 1234 06f4 DB68     		ldr	r3, [r3, #12]
 1235              		.loc 1 791 19 discriminator 1
 1236 06f6 002B     		cmp	r3, #0
 1237 06f8 12D0     		beq	.L59
 1238              		.loc 1 791 56 discriminator 2
 1239 06fa 7B79     		ldrb	r3, [r7, #5]	@ zero_extendqisi2
 1240 06fc 03F00203 		and	r3, r3, #2
 1241              		.loc 1 791 42 discriminator 2
 1242 0700 002B     		cmp	r3, #0
 1243 0702 0DD1     		bne	.L59
 792:./lwip-2.1.2/src/core/tcp_out.c ****     TCPH_SET_FLAG(seg->tcphdr, TCP_PSH);
 1244              		.loc 1 792 5
 1245 0704 FB6C     		ldr	r3, [r7, #76]
 1246 0706 DB68     		ldr	r3, [r3, #12]
 1247 0708 9B89     		ldrh	r3, [r3, #12]	@ unaligned
 1248 070a 9CB2     		uxth	r4, r3
 1249 070c 0820     		movs	r0, #8
 1250 070e FFF7FEFF 		bl	lwip_htons
 1251 0712 0346     		mov	r3, r0
 1252 0714 1A46     		mov	r2, r3
 1253 0716 FB6C     		ldr	r3, [r7, #76]
 1254 0718 DB68     		ldr	r3, [r3, #12]
 1255 071a 2243     		orrs	r2, r2, r4
 1256 071c 92B2     		uxth	r2, r2
 1257 071e 9A81     		strh	r2, [r3, #12]	@ unaligned
 1258              	.L59:
 793:./lwip-2.1.2/src/core/tcp_out.c ****   }
 794:./lwip-2.1.2/src/core/tcp_out.c **** 
 795:./lwip-2.1.2/src/core/tcp_out.c ****   return ERR_OK;
 1259              		.loc 1 795 10
 1260 0720 0023     		movs	r3, #0
 1261 0722 1DE0     		b	.L62
 1262              	.L63:
 1263              	.LBB12:
 1264              	.LBB6:
 544:./lwip-2.1.2/src/core/tcp_out.c ****         }
 1265              		.loc 1 544 11
 1266 0724 00BF     		nop
 1267 0726 06E0     		b	.L32
 1268              	.L64:
 1269              	.LBB5:
 567:./lwip-2.1.2/src/core/tcp_out.c ****           }
 1270              		.loc 1 567 13
 1271 0728 00BF     		nop
 1272 072a 04E0     		b	.L32
 1273              	.L65:
 1274              	.LBE5:
 1275              	.LBE6:
 1276              	.LBE12:
 1277              	.LBB13:
 612:./lwip-2.1.2/src/core/tcp_out.c ****       }
 1278              		.loc 1 612 9
 1279 072c 00BF     		nop
 1280 072e 02E0     		b	.L32
 1281              	.L66:
 1282              	.LBB9:
 629:./lwip-2.1.2/src/core/tcp_out.c ****       }
 1283              		.loc 1 629 9
 1284 0730 00BF     		nop
 1285 0732 00E0     		b	.L32
 1286              	.L67:
 1287              	.LBE9:
 667:./lwip-2.1.2/src/core/tcp_out.c ****     }
 1288              		.loc 1 667 7
 1289 0734 00BF     		nop
 1290              	.L32:
 1291              	.LBE13:
 796:./lwip-2.1.2/src/core/tcp_out.c **** memerr:
 797:./lwip-2.1.2/src/core/tcp_out.c ****   tcp_set_flags(pcb, TF_NAGLEMEMERR);
 1292              		.loc 1 797 3
 1293 0736 FB68     		ldr	r3, [r7, #12]
 1294 0738 5B8B     		ldrh	r3, [r3, #26]
 1295 073a 43F08003 		orr	r3, r3, #128
 1296 073e 9AB2     		uxth	r2, r3
 1297 0740 FB68     		ldr	r3, [r7, #12]
 1298 0742 5A83     		strh	r2, [r3, #26]	@ movhi
 798:./lwip-2.1.2/src/core/tcp_out.c ****   TCP_STATS_INC(tcp.memerr);
 799:./lwip-2.1.2/src/core/tcp_out.c **** 
 800:./lwip-2.1.2/src/core/tcp_out.c ****   if (concat_p != NULL) {
 1299              		.loc 1 800 6
 1300 0744 7B6D     		ldr	r3, [r7, #84]
 1301 0746 002B     		cmp	r3, #0
 1302 0748 02D0     		beq	.L60
 801:./lwip-2.1.2/src/core/tcp_out.c ****     pbuf_free(concat_p);
 1303              		.loc 1 801 5
 1304 074a 786D     		ldr	r0, [r7, #84]
 1305 074c FFF7FEFF 		bl	pbuf_free
 1306              	.L60:
 802:./lwip-2.1.2/src/core/tcp_out.c ****   }
 803:./lwip-2.1.2/src/core/tcp_out.c ****   if (queue != NULL) {
 1307              		.loc 1 803 6
 1308 0750 7B6C     		ldr	r3, [r7, #68]
 1309 0752 002B     		cmp	r3, #0
 1310 0754 02D0     		beq	.L61
 804:./lwip-2.1.2/src/core/tcp_out.c ****     tcp_segs_free(queue);
 1311              		.loc 1 804 5
 1312 0756 786C     		ldr	r0, [r7, #68]
 1313 0758 FFF7FEFF 		bl	tcp_segs_free
 1314              	.L61:
 805:./lwip-2.1.2/src/core/tcp_out.c ****   }
 806:./lwip-2.1.2/src/core/tcp_out.c ****   if (pcb->snd_queuelen != 0) {
 807:./lwip-2.1.2/src/core/tcp_out.c ****     LWIP_ASSERT("tcp_write: valid queue length", pcb->unacked != NULL ||
 808:./lwip-2.1.2/src/core/tcp_out.c ****                 pcb->unsent != NULL);
 809:./lwip-2.1.2/src/core/tcp_out.c ****   }
 810:./lwip-2.1.2/src/core/tcp_out.c ****   LWIP_DEBUGF(TCP_QLEN_DEBUG | LWIP_DBG_STATE, ("tcp_write: %"S16_F" (with mem err)\n", pcb->snd_qu
 811:./lwip-2.1.2/src/core/tcp_out.c ****   return ERR_MEM;
 1315              		.loc 1 811 10
 1316 075c 4FF0FF33 		mov	r3, #-1
 1317              	.L62:
 812:./lwip-2.1.2/src/core/tcp_out.c **** }
 1318              		.loc 1 812 1 discriminator 2
 1319 0760 1846     		mov	r0, r3
 1320 0762 5C37     		adds	r7, r7, #92
 1321              	.LCFI24:
 1322              		.cfi_def_cfa_offset 12
 1323 0764 BD46     		mov	sp, r7
 1324              	.LCFI25:
 1325              		.cfi_def_cfa_register 13
 1326              		@ sp needed
 1327 0766 90BD     		pop	{r4, r7, pc}
 1328              		.cfi_endproc
 1329              	.LFE29:
 1331              		.align	1
 1332              		.global	tcp_split_unsent_seg
 1333              		.syntax unified
 1334              		.thumb
 1335              		.thumb_func
 1336              		.fpu fpv5-d16
 1338              	tcp_split_unsent_seg:
 1339              	.LFB30:
 813:./lwip-2.1.2/src/core/tcp_out.c **** 
 814:./lwip-2.1.2/src/core/tcp_out.c **** /**
 815:./lwip-2.1.2/src/core/tcp_out.c ****  * Split segment on the head of the unsent queue.  If return is not
 816:./lwip-2.1.2/src/core/tcp_out.c ****  * ERR_OK, existing head remains intact
 817:./lwip-2.1.2/src/core/tcp_out.c ****  *
 818:./lwip-2.1.2/src/core/tcp_out.c ****  * The split is accomplished by creating a new TCP segment and pbuf
 819:./lwip-2.1.2/src/core/tcp_out.c ****  * which holds the remainder payload after the split.  The original
 820:./lwip-2.1.2/src/core/tcp_out.c ****  * pbuf is trimmed to new length.  This allows splitting of read-only
 821:./lwip-2.1.2/src/core/tcp_out.c ****  * pbufs
 822:./lwip-2.1.2/src/core/tcp_out.c ****  *
 823:./lwip-2.1.2/src/core/tcp_out.c ****  * @param pcb the tcp_pcb for which to split the unsent head
 824:./lwip-2.1.2/src/core/tcp_out.c ****  * @param split the amount of payload to remain in the head
 825:./lwip-2.1.2/src/core/tcp_out.c ****  */
 826:./lwip-2.1.2/src/core/tcp_out.c **** err_t
 827:./lwip-2.1.2/src/core/tcp_out.c **** tcp_split_unsent_seg(struct tcp_pcb *pcb, u16_t split)
 828:./lwip-2.1.2/src/core/tcp_out.c **** {
 1340              		.loc 1 828 1
 1341              		.cfi_startproc
 1342              		@ args = 0, pretend = 0, frame = 32
 1343              		@ frame_needed = 1, uses_anonymous_args = 0
 1344 0768 90B5     		push	{r4, r7, lr}
 1345              	.LCFI26:
 1346              		.cfi_def_cfa_offset 12
 1347              		.cfi_offset 4, -12
 1348              		.cfi_offset 7, -8
 1349              		.cfi_offset 14, -4
 1350 076a 8BB0     		sub	sp, sp, #44
 1351              	.LCFI27:
 1352              		.cfi_def_cfa_offset 56
 1353 076c 02AF     		add	r7, sp, #8
 1354              	.LCFI28:
 1355              		.cfi_def_cfa 7, 48
 1356 076e 7860     		str	r0, [r7, #4]
 1357 0770 0B46     		mov	r3, r1
 1358 0772 7B80     		strh	r3, [r7, #2]	@ movhi
 829:./lwip-2.1.2/src/core/tcp_out.c ****   struct tcp_seg *seg = NULL, *useg = NULL;
 1359              		.loc 1 829 19
 1360 0774 0023     		movs	r3, #0
 1361 0776 BB61     		str	r3, [r7, #24]
 1362              		.loc 1 829 32
 1363 0778 0023     		movs	r3, #0
 1364 077a 7B61     		str	r3, [r7, #20]
 830:./lwip-2.1.2/src/core/tcp_out.c ****   struct pbuf *p = NULL;
 1365              		.loc 1 830 16
 1366 077c 0023     		movs	r3, #0
 1367 077e 3B61     		str	r3, [r7, #16]
 831:./lwip-2.1.2/src/core/tcp_out.c ****   u8_t optlen;
 832:./lwip-2.1.2/src/core/tcp_out.c ****   u8_t optflags;
 833:./lwip-2.1.2/src/core/tcp_out.c ****   u8_t split_flags;
 834:./lwip-2.1.2/src/core/tcp_out.c ****   u8_t remainder_flags;
 835:./lwip-2.1.2/src/core/tcp_out.c ****   u16_t remainder;
 836:./lwip-2.1.2/src/core/tcp_out.c ****   u16_t offset;
 837:./lwip-2.1.2/src/core/tcp_out.c **** #if TCP_CHECKSUM_ON_COPY
 838:./lwip-2.1.2/src/core/tcp_out.c ****   u16_t chksum = 0;
 839:./lwip-2.1.2/src/core/tcp_out.c ****   u8_t chksum_swapped = 0;
 840:./lwip-2.1.2/src/core/tcp_out.c ****   struct pbuf *q;
 841:./lwip-2.1.2/src/core/tcp_out.c **** #endif /* TCP_CHECKSUM_ON_COPY */
 842:./lwip-2.1.2/src/core/tcp_out.c **** 
 843:./lwip-2.1.2/src/core/tcp_out.c ****   LWIP_ASSERT("tcp_split_unsent_seg: invalid pcb", pcb != NULL);
 844:./lwip-2.1.2/src/core/tcp_out.c **** 
 845:./lwip-2.1.2/src/core/tcp_out.c ****   useg = pcb->unsent;
 1368              		.loc 1 845 8
 1369 0780 7B68     		ldr	r3, [r7, #4]
 1370 0782 DB6E     		ldr	r3, [r3, #108]
 1371 0784 7B61     		str	r3, [r7, #20]
 846:./lwip-2.1.2/src/core/tcp_out.c ****   if (useg == NULL) {
 1372              		.loc 1 846 6
 1373 0786 7B69     		ldr	r3, [r7, #20]
 1374 0788 002B     		cmp	r3, #0
 1375 078a 02D1     		bne	.L69
 847:./lwip-2.1.2/src/core/tcp_out.c ****     return ERR_MEM;
 1376              		.loc 1 847 12
 1377 078c 4FF0FF33 		mov	r3, #-1
 1378 0790 EEE0     		b	.L70
 1379              	.L69:
 848:./lwip-2.1.2/src/core/tcp_out.c ****   }
 849:./lwip-2.1.2/src/core/tcp_out.c **** 
 850:./lwip-2.1.2/src/core/tcp_out.c ****   if (split == 0) {
 1380              		.loc 1 850 6
 1381 0792 7B88     		ldrh	r3, [r7, #2]
 1382 0794 002B     		cmp	r3, #0
 1383 0796 02D1     		bne	.L71
 851:./lwip-2.1.2/src/core/tcp_out.c ****     LWIP_ASSERT("Can't split segment into length 0", 0);
 852:./lwip-2.1.2/src/core/tcp_out.c ****     return ERR_VAL;
 1384              		.loc 1 852 12
 1385 0798 6FF00503 		mvn	r3, #5
 1386 079c E8E0     		b	.L70
 1387              	.L71:
 853:./lwip-2.1.2/src/core/tcp_out.c ****   }
 854:./lwip-2.1.2/src/core/tcp_out.c **** 
 855:./lwip-2.1.2/src/core/tcp_out.c ****   if (useg->len <= split) {
 1388              		.loc 1 855 11
 1389 079e 7B69     		ldr	r3, [r7, #20]
 1390 07a0 1B89     		ldrh	r3, [r3, #8]
 1391              		.loc 1 855 6
 1392 07a2 7A88     		ldrh	r2, [r7, #2]
 1393 07a4 9A42     		cmp	r2, r3
 1394 07a6 01D3     		bcc	.L72
 856:./lwip-2.1.2/src/core/tcp_out.c ****     return ERR_OK;
 1395              		.loc 1 856 12
 1396 07a8 0023     		movs	r3, #0
 1397 07aa E1E0     		b	.L70
 1398              	.L72:
 857:./lwip-2.1.2/src/core/tcp_out.c ****   }
 858:./lwip-2.1.2/src/core/tcp_out.c **** 
 859:./lwip-2.1.2/src/core/tcp_out.c ****   LWIP_ASSERT("split <= mss", split <= pcb->mss);
 860:./lwip-2.1.2/src/core/tcp_out.c ****   LWIP_ASSERT("useg->len > 0", useg->len > 0);
 861:./lwip-2.1.2/src/core/tcp_out.c **** 
 862:./lwip-2.1.2/src/core/tcp_out.c ****   /* We should check that we don't exceed TCP_SND_QUEUELEN but we need
 863:./lwip-2.1.2/src/core/tcp_out.c ****    * to split this packet so we may actually exceed the max value by
 864:./lwip-2.1.2/src/core/tcp_out.c ****    * one!
 865:./lwip-2.1.2/src/core/tcp_out.c ****    */
 866:./lwip-2.1.2/src/core/tcp_out.c ****   LWIP_DEBUGF(TCP_QLEN_DEBUG, ("tcp_enqueue: split_unsent_seg: %u\n", (unsigned int)pcb->snd_queuel
 867:./lwip-2.1.2/src/core/tcp_out.c **** 
 868:./lwip-2.1.2/src/core/tcp_out.c ****   optflags = useg->flags;
 1399              		.loc 1 868 12
 1400 07ac 7B69     		ldr	r3, [r7, #20]
 1401 07ae 9B7A     		ldrb	r3, [r3, #10]
 1402 07b0 FB73     		strb	r3, [r7, #15]
 869:./lwip-2.1.2/src/core/tcp_out.c **** #if TCP_CHECKSUM_ON_COPY
 870:./lwip-2.1.2/src/core/tcp_out.c ****   /* Remove since checksum is not stored until after tcp_create_segment() */
 871:./lwip-2.1.2/src/core/tcp_out.c ****   optflags &= ~TF_SEG_DATA_CHECKSUMMED;
 872:./lwip-2.1.2/src/core/tcp_out.c **** #endif /* TCP_CHECKSUM_ON_COPY */
 873:./lwip-2.1.2/src/core/tcp_out.c ****   optlen = LWIP_TCP_OPT_LENGTH(optflags);
 1403              		.loc 1 873 12
 1404 07b2 FB7B     		ldrb	r3, [r7, #15]	@ zero_extendqisi2
 1405 07b4 9B00     		lsls	r3, r3, #2
 1406 07b6 DBB2     		uxtb	r3, r3
 1407              		.loc 1 873 10
 1408 07b8 03F00403 		and	r3, r3, #4
 1409 07bc BB73     		strb	r3, [r7, #14]
 874:./lwip-2.1.2/src/core/tcp_out.c ****   remainder = useg->len - split;
 1410              		.loc 1 874 19
 1411 07be 7B69     		ldr	r3, [r7, #20]
 1412 07c0 1A89     		ldrh	r2, [r3, #8]
 1413              		.loc 1 874 13
 1414 07c2 7B88     		ldrh	r3, [r7, #2]	@ movhi
 1415 07c4 D31A     		subs	r3, r2, r3
 1416 07c6 BB81     		strh	r3, [r7, #12]	@ movhi
 875:./lwip-2.1.2/src/core/tcp_out.c **** 
 876:./lwip-2.1.2/src/core/tcp_out.c ****   /* Create new pbuf for the remainder of the split */
 877:./lwip-2.1.2/src/core/tcp_out.c ****   p = pbuf_alloc(PBUF_TRANSPORT, remainder + optlen, PBUF_RAM);
 1417              		.loc 1 877 7
 1418 07c8 BB7B     		ldrb	r3, [r7, #14]	@ zero_extendqisi2
 1419 07ca 9AB2     		uxth	r2, r3
 1420 07cc BB89     		ldrh	r3, [r7, #12]	@ movhi
 1421 07ce 1344     		add	r3, r3, r2
 1422 07d0 9BB2     		uxth	r3, r3
 1423 07d2 4FF42072 		mov	r2, #640
 1424 07d6 1946     		mov	r1, r3
 1425 07d8 3620     		movs	r0, #54
 1426 07da FFF7FEFF 		bl	pbuf_alloc
 1427 07de 3861     		str	r0, [r7, #16]
 878:./lwip-2.1.2/src/core/tcp_out.c ****   if (p == NULL) {
 1428              		.loc 1 878 6
 1429 07e0 3B69     		ldr	r3, [r7, #16]
 1430 07e2 002B     		cmp	r3, #0
 1431 07e4 00F0B780 		beq	.L81
 879:./lwip-2.1.2/src/core/tcp_out.c ****     LWIP_DEBUGF(TCP_OUTPUT_DEBUG | LWIP_DBG_LEVEL_SERIOUS,
 880:./lwip-2.1.2/src/core/tcp_out.c ****                 ("tcp_split_unsent_seg: could not allocate memory for pbuf remainder %u\n", remaind
 881:./lwip-2.1.2/src/core/tcp_out.c ****     goto memerr;
 882:./lwip-2.1.2/src/core/tcp_out.c ****   }
 883:./lwip-2.1.2/src/core/tcp_out.c **** 
 884:./lwip-2.1.2/src/core/tcp_out.c ****   /* Offset into the original pbuf is past TCP/IP headers, options, and split amount */
 885:./lwip-2.1.2/src/core/tcp_out.c ****   offset = useg->p->tot_len - useg->len + split;
 1432              		.loc 1 885 16
 1433 07e8 7B69     		ldr	r3, [r7, #20]
 1434 07ea 5B68     		ldr	r3, [r3, #4]
 1435              		.loc 1 885 19
 1436 07ec 1A89     		ldrh	r2, [r3, #8]
 1437              		.loc 1 885 35
 1438 07ee 7B69     		ldr	r3, [r7, #20]
 1439 07f0 1B89     		ldrh	r3, [r3, #8]
 1440              		.loc 1 885 29
 1441 07f2 D31A     		subs	r3, r2, r3
 1442 07f4 9AB2     		uxth	r2, r3
 1443              		.loc 1 885 10
 1444 07f6 7B88     		ldrh	r3, [r7, #2]	@ movhi
 1445 07f8 1344     		add	r3, r3, r2
 1446 07fa 7B81     		strh	r3, [r7, #10]	@ movhi
 886:./lwip-2.1.2/src/core/tcp_out.c ****   /* Copy remainder into new pbuf, headers and options will not be filled out */
 887:./lwip-2.1.2/src/core/tcp_out.c ****   if (pbuf_copy_partial(useg->p, (u8_t *)p->payload + optlen, remainder, offset ) != remainder) {
 1447              		.loc 1 887 29
 1448 07fc 7B69     		ldr	r3, [r7, #20]
 1449 07fe 5868     		ldr	r0, [r3, #4]
 1450              		.loc 1 887 43
 1451 0800 3B69     		ldr	r3, [r7, #16]
 1452 0802 5A68     		ldr	r2, [r3, #4]
 1453              		.loc 1 887 7
 1454 0804 BB7B     		ldrb	r3, [r7, #14]	@ zero_extendqisi2
 1455 0806 D118     		adds	r1, r2, r3
 1456 0808 7B89     		ldrh	r3, [r7, #10]
 1457 080a BA89     		ldrh	r2, [r7, #12]
 1458 080c FFF7FEFF 		bl	pbuf_copy_partial
 1459 0810 0346     		mov	r3, r0
 1460 0812 1A46     		mov	r2, r3
 1461              		.loc 1 887 6
 1462 0814 BB89     		ldrh	r3, [r7, #12]
 1463 0816 9342     		cmp	r3, r2
 1464 0818 40F09F80 		bne	.L82
 888:./lwip-2.1.2/src/core/tcp_out.c ****     LWIP_DEBUGF(TCP_OUTPUT_DEBUG | LWIP_DBG_LEVEL_SERIOUS,
 889:./lwip-2.1.2/src/core/tcp_out.c ****                 ("tcp_split_unsent_seg: could not copy pbuf remainder %u\n", remainder));
 890:./lwip-2.1.2/src/core/tcp_out.c ****     goto memerr;
 891:./lwip-2.1.2/src/core/tcp_out.c ****   }
 892:./lwip-2.1.2/src/core/tcp_out.c **** #if TCP_CHECKSUM_ON_COPY
 893:./lwip-2.1.2/src/core/tcp_out.c ****   /* calculate the checksum on remainder data */
 894:./lwip-2.1.2/src/core/tcp_out.c ****   tcp_seg_add_chksum(~inet_chksum((const u8_t *)p->payload + optlen, remainder), remainder,
 895:./lwip-2.1.2/src/core/tcp_out.c ****                      &chksum, &chksum_swapped);
 896:./lwip-2.1.2/src/core/tcp_out.c **** #endif /* TCP_CHECKSUM_ON_COPY */
 897:./lwip-2.1.2/src/core/tcp_out.c **** 
 898:./lwip-2.1.2/src/core/tcp_out.c ****   /* Options are created when calling tcp_output() */
 899:./lwip-2.1.2/src/core/tcp_out.c **** 
 900:./lwip-2.1.2/src/core/tcp_out.c ****   /* Migrate flags from original segment */
 901:./lwip-2.1.2/src/core/tcp_out.c ****   split_flags = TCPH_FLAGS(useg->tcphdr);
 1465              		.loc 1 901 17
 1466 081c 7B69     		ldr	r3, [r7, #20]
 1467 081e DB68     		ldr	r3, [r3, #12]
 1468 0820 9B89     		ldrh	r3, [r3, #12]	@ unaligned
 1469 0822 9BB2     		uxth	r3, r3
 1470 0824 1846     		mov	r0, r3
 1471 0826 FFF7FEFF 		bl	lwip_htons
 1472 082a 0346     		mov	r3, r0
 1473 082c DBB2     		uxtb	r3, r3
 1474              		.loc 1 901 15
 1475 082e 03F03F03 		and	r3, r3, #63
 1476 0832 FB77     		strb	r3, [r7, #31]
 902:./lwip-2.1.2/src/core/tcp_out.c ****   remainder_flags = 0; /* ACK added in tcp_output() */
 1477              		.loc 1 902 19
 1478 0834 0023     		movs	r3, #0
 1479 0836 BB77     		strb	r3, [r7, #30]
 903:./lwip-2.1.2/src/core/tcp_out.c **** 
 904:./lwip-2.1.2/src/core/tcp_out.c ****   if (split_flags & TCP_PSH) {
 1480              		.loc 1 904 19
 1481 0838 FB7F     		ldrb	r3, [r7, #31]	@ zero_extendqisi2
 1482 083a 03F00803 		and	r3, r3, #8
 1483              		.loc 1 904 6
 1484 083e 002B     		cmp	r3, #0
 1485 0840 07D0     		beq	.L76
 905:./lwip-2.1.2/src/core/tcp_out.c ****     split_flags &= ~TCP_PSH;
 1486              		.loc 1 905 17
 1487 0842 FB7F     		ldrb	r3, [r7, #31]
 1488 0844 23F00803 		bic	r3, r3, #8
 1489 0848 FB77     		strb	r3, [r7, #31]
 906:./lwip-2.1.2/src/core/tcp_out.c ****     remainder_flags |= TCP_PSH;
 1490              		.loc 1 906 21
 1491 084a BB7F     		ldrb	r3, [r7, #30]
 1492 084c 43F00803 		orr	r3, r3, #8
 1493 0850 BB77     		strb	r3, [r7, #30]
 1494              	.L76:
 907:./lwip-2.1.2/src/core/tcp_out.c ****   }
 908:./lwip-2.1.2/src/core/tcp_out.c ****   if (split_flags & TCP_FIN) {
 1495              		.loc 1 908 19
 1496 0852 FB7F     		ldrb	r3, [r7, #31]	@ zero_extendqisi2
 1497 0854 03F00103 		and	r3, r3, #1
 1498              		.loc 1 908 6
 1499 0858 002B     		cmp	r3, #0
 1500 085a 07D0     		beq	.L77
 909:./lwip-2.1.2/src/core/tcp_out.c ****     split_flags &= ~TCP_FIN;
 1501              		.loc 1 909 17
 1502 085c FB7F     		ldrb	r3, [r7, #31]
 1503 085e 23F00103 		bic	r3, r3, #1
 1504 0862 FB77     		strb	r3, [r7, #31]
 910:./lwip-2.1.2/src/core/tcp_out.c ****     remainder_flags |= TCP_FIN;
 1505              		.loc 1 910 21
 1506 0864 BB7F     		ldrb	r3, [r7, #30]
 1507 0866 43F00103 		orr	r3, r3, #1
 1508 086a BB77     		strb	r3, [r7, #30]
 1509              	.L77:
 911:./lwip-2.1.2/src/core/tcp_out.c ****   }
 912:./lwip-2.1.2/src/core/tcp_out.c ****   /* SYN should be left on split, RST should not be present with data */
 913:./lwip-2.1.2/src/core/tcp_out.c **** 
 914:./lwip-2.1.2/src/core/tcp_out.c ****   seg = tcp_create_segment(pcb, p, remainder_flags, lwip_ntohl(useg->tcphdr->seqno) + split, optfla
 1510              		.loc 1 914 53
 1511 086c 7B69     		ldr	r3, [r7, #20]
 1512 086e DB68     		ldr	r3, [r3, #12]
 1513 0870 5B68     		ldr	r3, [r3, #4]	@ unaligned
 1514 0872 1846     		mov	r0, r3
 1515 0874 FFF7FEFF 		bl	lwip_htonl
 1516 0878 0246     		mov	r2, r0
 1517              		.loc 1 914 9
 1518 087a 7B88     		ldrh	r3, [r7, #2]
 1519 087c D118     		adds	r1, r2, r3
 1520 087e BA7F     		ldrb	r2, [r7, #30]	@ zero_extendqisi2
 1521 0880 FB7B     		ldrb	r3, [r7, #15]	@ zero_extendqisi2
 1522 0882 0093     		str	r3, [sp]
 1523 0884 0B46     		mov	r3, r1
 1524 0886 3969     		ldr	r1, [r7, #16]
 1525 0888 7868     		ldr	r0, [r7, #4]
 1526 088a FFF7D5FB 		bl	tcp_create_segment
 1527 088e B861     		str	r0, [r7, #24]
 915:./lwip-2.1.2/src/core/tcp_out.c ****   if (seg == NULL) {
 1528              		.loc 1 915 6
 1529 0890 BB69     		ldr	r3, [r7, #24]
 1530 0892 002B     		cmp	r3, #0
 1531 0894 63D0     		beq	.L83
 916:./lwip-2.1.2/src/core/tcp_out.c ****     LWIP_DEBUGF(TCP_OUTPUT_DEBUG | LWIP_DBG_LEVEL_SERIOUS,
 917:./lwip-2.1.2/src/core/tcp_out.c ****                 ("tcp_split_unsent_seg: could not create new TCP segment\n"));
 918:./lwip-2.1.2/src/core/tcp_out.c ****     goto memerr;
 919:./lwip-2.1.2/src/core/tcp_out.c ****   }
 920:./lwip-2.1.2/src/core/tcp_out.c **** 
 921:./lwip-2.1.2/src/core/tcp_out.c **** #if TCP_CHECKSUM_ON_COPY
 922:./lwip-2.1.2/src/core/tcp_out.c ****   seg->chksum = chksum;
 923:./lwip-2.1.2/src/core/tcp_out.c ****   seg->chksum_swapped = chksum_swapped;
 924:./lwip-2.1.2/src/core/tcp_out.c ****   seg->flags |= TF_SEG_DATA_CHECKSUMMED;
 925:./lwip-2.1.2/src/core/tcp_out.c **** #endif /* TCP_CHECKSUM_ON_COPY */
 926:./lwip-2.1.2/src/core/tcp_out.c **** 
 927:./lwip-2.1.2/src/core/tcp_out.c ****   /* Remove this segment from the queue since trimming it may free pbufs */
 928:./lwip-2.1.2/src/core/tcp_out.c ****   pcb->snd_queuelen -= pbuf_clen(useg->p);
 1532              		.loc 1 928 38
 1533 0896 7B69     		ldr	r3, [r7, #20]
 1534 0898 5B68     		ldr	r3, [r3, #4]
 1535              		.loc 1 928 24
 1536 089a 1846     		mov	r0, r3
 1537 089c FFF7FEFF 		bl	pbuf_clen
 1538 08a0 0346     		mov	r3, r0
 1539 08a2 1A46     		mov	r2, r3
 1540              		.loc 1 928 21
 1541 08a4 7B68     		ldr	r3, [r7, #4]
 1542 08a6 B3F86630 		ldrh	r3, [r3, #102]
 1543 08aa 9B1A     		subs	r3, r3, r2
 1544 08ac 9AB2     		uxth	r2, r3
 1545 08ae 7B68     		ldr	r3, [r7, #4]
 1546 08b0 A3F86620 		strh	r2, [r3, #102]	@ movhi
 929:./lwip-2.1.2/src/core/tcp_out.c **** 
 930:./lwip-2.1.2/src/core/tcp_out.c ****   /* Trim the original pbuf into our split size.  At this point our remainder segment must be setup
 931:./lwip-2.1.2/src/core/tcp_out.c ****   successfully because we are modifying the original segment */
 932:./lwip-2.1.2/src/core/tcp_out.c ****   pbuf_realloc(useg->p, useg->p->tot_len - remainder);
 1547              		.loc 1 932 3
 1548 08b4 7B69     		ldr	r3, [r7, #20]
 1549 08b6 5868     		ldr	r0, [r3, #4]
 1550              		.loc 1 932 29
 1551 08b8 7B69     		ldr	r3, [r7, #20]
 1552 08ba 5B68     		ldr	r3, [r3, #4]
 1553              		.loc 1 932 32
 1554 08bc 1A89     		ldrh	r2, [r3, #8]
 1555              		.loc 1 932 3
 1556 08be BB89     		ldrh	r3, [r7, #12]	@ movhi
 1557 08c0 D31A     		subs	r3, r2, r3
 1558 08c2 9BB2     		uxth	r3, r3
 1559 08c4 1946     		mov	r1, r3
 1560 08c6 FFF7FEFF 		bl	pbuf_realloc
 933:./lwip-2.1.2/src/core/tcp_out.c ****   useg->len -= remainder;
 1561              		.loc 1 933 13
 1562 08ca 7B69     		ldr	r3, [r7, #20]
 1563 08cc 1A89     		ldrh	r2, [r3, #8]
 1564 08ce BB89     		ldrh	r3, [r7, #12]	@ movhi
 1565 08d0 D31A     		subs	r3, r2, r3
 1566 08d2 9AB2     		uxth	r2, r3
 1567 08d4 7B69     		ldr	r3, [r7, #20]
 1568 08d6 1A81     		strh	r2, [r3, #8]	@ movhi
 934:./lwip-2.1.2/src/core/tcp_out.c ****   TCPH_SET_FLAG(useg->tcphdr, split_flags);
 1569              		.loc 1 934 3
 1570 08d8 7B69     		ldr	r3, [r7, #20]
 1571 08da DB68     		ldr	r3, [r3, #12]
 1572 08dc 9B89     		ldrh	r3, [r3, #12]	@ unaligned
 1573 08de 9CB2     		uxth	r4, r3
 1574 08e0 FB7F     		ldrb	r3, [r7, #31]	@ zero_extendqisi2
 1575 08e2 9BB2     		uxth	r3, r3
 1576 08e4 1846     		mov	r0, r3
 1577 08e6 FFF7FEFF 		bl	lwip_htons
 1578 08ea 0346     		mov	r3, r0
 1579 08ec 1A46     		mov	r2, r3
 1580 08ee 7B69     		ldr	r3, [r7, #20]
 1581 08f0 DB68     		ldr	r3, [r3, #12]
 1582 08f2 2243     		orrs	r2, r2, r4
 1583 08f4 92B2     		uxth	r2, r2
 1584 08f6 9A81     		strh	r2, [r3, #12]	@ unaligned
 935:./lwip-2.1.2/src/core/tcp_out.c **** #if TCP_OVERSIZE_DBGCHECK
 936:./lwip-2.1.2/src/core/tcp_out.c ****   /* By trimming, realloc may have actually shrunk the pbuf, so clear oversize_left */
 937:./lwip-2.1.2/src/core/tcp_out.c ****   useg->oversize_left = 0;
 938:./lwip-2.1.2/src/core/tcp_out.c **** #endif /* TCP_OVERSIZE_DBGCHECK */
 939:./lwip-2.1.2/src/core/tcp_out.c **** 
 940:./lwip-2.1.2/src/core/tcp_out.c ****   /* Add back to the queue with new trimmed pbuf */
 941:./lwip-2.1.2/src/core/tcp_out.c ****   pcb->snd_queuelen += pbuf_clen(useg->p);
 1585              		.loc 1 941 38
 1586 08f8 7B69     		ldr	r3, [r7, #20]
 1587 08fa 5B68     		ldr	r3, [r3, #4]
 1588              		.loc 1 941 24
 1589 08fc 1846     		mov	r0, r3
 1590 08fe FFF7FEFF 		bl	pbuf_clen
 1591 0902 0346     		mov	r3, r0
 1592 0904 1A46     		mov	r2, r3
 1593              		.loc 1 941 21
 1594 0906 7B68     		ldr	r3, [r7, #4]
 1595 0908 B3F86630 		ldrh	r3, [r3, #102]
 1596 090c 1344     		add	r3, r3, r2
 1597 090e 9AB2     		uxth	r2, r3
 1598 0910 7B68     		ldr	r3, [r7, #4]
 1599 0912 A3F86620 		strh	r2, [r3, #102]	@ movhi
 942:./lwip-2.1.2/src/core/tcp_out.c **** 
 943:./lwip-2.1.2/src/core/tcp_out.c **** #if TCP_CHECKSUM_ON_COPY
 944:./lwip-2.1.2/src/core/tcp_out.c ****   /* The checksum on the split segment is now incorrect. We need to re-run it over the split */
 945:./lwip-2.1.2/src/core/tcp_out.c ****   useg->chksum = 0;
 946:./lwip-2.1.2/src/core/tcp_out.c ****   useg->chksum_swapped = 0;
 947:./lwip-2.1.2/src/core/tcp_out.c ****   q = useg->p;
 948:./lwip-2.1.2/src/core/tcp_out.c ****   offset = q->tot_len - useg->len; /* Offset due to exposed headers */
 949:./lwip-2.1.2/src/core/tcp_out.c **** 
 950:./lwip-2.1.2/src/core/tcp_out.c ****   /* Advance to the pbuf where the offset ends */
 951:./lwip-2.1.2/src/core/tcp_out.c ****   while (q != NULL && offset > q->len) {
 952:./lwip-2.1.2/src/core/tcp_out.c ****     offset -= q->len;
 953:./lwip-2.1.2/src/core/tcp_out.c ****     q = q->next;
 954:./lwip-2.1.2/src/core/tcp_out.c ****   }
 955:./lwip-2.1.2/src/core/tcp_out.c ****   LWIP_ASSERT("Found start of payload pbuf", q != NULL);
 956:./lwip-2.1.2/src/core/tcp_out.c ****   /* Checksum the first payload pbuf accounting for offset, then other pbufs are all payload */
 957:./lwip-2.1.2/src/core/tcp_out.c ****   for (; q != NULL; offset = 0, q = q->next) {
 958:./lwip-2.1.2/src/core/tcp_out.c ****     tcp_seg_add_chksum(~inet_chksum((const u8_t *)q->payload + offset, q->len - offset), q->len - o
 959:./lwip-2.1.2/src/core/tcp_out.c ****                        &useg->chksum, &useg->chksum_swapped);
 960:./lwip-2.1.2/src/core/tcp_out.c ****   }
 961:./lwip-2.1.2/src/core/tcp_out.c **** #endif /* TCP_CHECKSUM_ON_COPY */
 962:./lwip-2.1.2/src/core/tcp_out.c **** 
 963:./lwip-2.1.2/src/core/tcp_out.c ****   /* Update number of segments on the queues. Note that length now may
 964:./lwip-2.1.2/src/core/tcp_out.c ****    * exceed TCP_SND_QUEUELEN! We don't have to touch pcb->snd_buf
 965:./lwip-2.1.2/src/core/tcp_out.c ****    * because the total amount of data is constant when packet is split */
 966:./lwip-2.1.2/src/core/tcp_out.c ****   pcb->snd_queuelen += pbuf_clen(seg->p);
 1600              		.loc 1 966 37
 1601 0916 BB69     		ldr	r3, [r7, #24]
 1602 0918 5B68     		ldr	r3, [r3, #4]
 1603              		.loc 1 966 24
 1604 091a 1846     		mov	r0, r3
 1605 091c FFF7FEFF 		bl	pbuf_clen
 1606 0920 0346     		mov	r3, r0
 1607 0922 1A46     		mov	r2, r3
 1608              		.loc 1 966 21
 1609 0924 7B68     		ldr	r3, [r7, #4]
 1610 0926 B3F86630 		ldrh	r3, [r3, #102]
 1611 092a 1344     		add	r3, r3, r2
 1612 092c 9AB2     		uxth	r2, r3
 1613 092e 7B68     		ldr	r3, [r7, #4]
 1614 0930 A3F86620 		strh	r2, [r3, #102]	@ movhi
 967:./lwip-2.1.2/src/core/tcp_out.c **** 
 968:./lwip-2.1.2/src/core/tcp_out.c ****   /* Finally insert remainder into queue after split (which stays head) */
 969:./lwip-2.1.2/src/core/tcp_out.c ****   seg->next = useg->next;
 1615              		.loc 1 969 19
 1616 0934 7B69     		ldr	r3, [r7, #20]
 1617 0936 1A68     		ldr	r2, [r3]
 1618              		.loc 1 969 13
 1619 0938 BB69     		ldr	r3, [r7, #24]
 1620 093a 1A60     		str	r2, [r3]
 970:./lwip-2.1.2/src/core/tcp_out.c ****   useg->next = seg;
 1621              		.loc 1 970 14
 1622 093c 7B69     		ldr	r3, [r7, #20]
 1623 093e BA69     		ldr	r2, [r7, #24]
 1624 0940 1A60     		str	r2, [r3]
 971:./lwip-2.1.2/src/core/tcp_out.c **** 
 972:./lwip-2.1.2/src/core/tcp_out.c **** #if TCP_OVERSIZE
 973:./lwip-2.1.2/src/core/tcp_out.c ****   /* If remainder is last segment on the unsent, ensure we clear the oversize amount
 974:./lwip-2.1.2/src/core/tcp_out.c ****    * because the remainder is always sized to the exact remaining amount */
 975:./lwip-2.1.2/src/core/tcp_out.c ****   if (seg->next == NULL) {
 1625              		.loc 1 975 10
 1626 0942 BB69     		ldr	r3, [r7, #24]
 1627 0944 1B68     		ldr	r3, [r3]
 1628              		.loc 1 975 6
 1629 0946 002B     		cmp	r3, #0
 1630 0948 03D1     		bne	.L79
 976:./lwip-2.1.2/src/core/tcp_out.c ****     pcb->unsent_oversize = 0;
 1631              		.loc 1 976 26
 1632 094a 7B68     		ldr	r3, [r7, #4]
 1633 094c 0022     		movs	r2, #0
 1634 094e A3F86820 		strh	r2, [r3, #104]	@ movhi
 1635              	.L79:
 977:./lwip-2.1.2/src/core/tcp_out.c ****   }
 978:./lwip-2.1.2/src/core/tcp_out.c **** #endif /* TCP_OVERSIZE */
 979:./lwip-2.1.2/src/core/tcp_out.c **** 
 980:./lwip-2.1.2/src/core/tcp_out.c ****   return ERR_OK;
 1636              		.loc 1 980 10
 1637 0952 0023     		movs	r3, #0
 1638 0954 0CE0     		b	.L70
 1639              	.L81:
 881:./lwip-2.1.2/src/core/tcp_out.c ****   }
 1640              		.loc 1 881 5
 1641 0956 00BF     		nop
 1642 0958 02E0     		b	.L74
 1643              	.L82:
 890:./lwip-2.1.2/src/core/tcp_out.c ****   }
 1644              		.loc 1 890 5
 1645 095a 00BF     		nop
 1646 095c 00E0     		b	.L74
 1647              	.L83:
 918:./lwip-2.1.2/src/core/tcp_out.c ****   }
 1648              		.loc 1 918 5
 1649 095e 00BF     		nop
 1650              	.L74:
 981:./lwip-2.1.2/src/core/tcp_out.c **** memerr:
 982:./lwip-2.1.2/src/core/tcp_out.c ****   TCP_STATS_INC(tcp.memerr);
 983:./lwip-2.1.2/src/core/tcp_out.c **** 
 984:./lwip-2.1.2/src/core/tcp_out.c ****   LWIP_ASSERT("seg == NULL", seg == NULL);
 985:./lwip-2.1.2/src/core/tcp_out.c ****   if (p != NULL) {
 1651              		.loc 1 985 6
 1652 0960 3B69     		ldr	r3, [r7, #16]
 1653 0962 002B     		cmp	r3, #0
 1654 0964 02D0     		beq	.L80
 986:./lwip-2.1.2/src/core/tcp_out.c ****     pbuf_free(p);
 1655              		.loc 1 986 5
 1656 0966 3869     		ldr	r0, [r7, #16]
 1657 0968 FFF7FEFF 		bl	pbuf_free
 1658              	.L80:
 987:./lwip-2.1.2/src/core/tcp_out.c ****   }
 988:./lwip-2.1.2/src/core/tcp_out.c **** 
 989:./lwip-2.1.2/src/core/tcp_out.c ****   return ERR_MEM;
 1659              		.loc 1 989 10
 1660 096c 4FF0FF33 		mov	r3, #-1
 1661              	.L70:
 990:./lwip-2.1.2/src/core/tcp_out.c **** }
 1662              		.loc 1 990 1
 1663 0970 1846     		mov	r0, r3
 1664 0972 2437     		adds	r7, r7, #36
 1665              	.LCFI29:
 1666              		.cfi_def_cfa_offset 12
 1667 0974 BD46     		mov	sp, r7
 1668              	.LCFI30:
 1669              		.cfi_def_cfa_register 13
 1670              		@ sp needed
 1671 0976 90BD     		pop	{r4, r7, pc}
 1672              		.cfi_endproc
 1673              	.LFE30:
 1675              		.align	1
 1676              		.global	tcp_send_fin
 1677              		.syntax unified
 1678              		.thumb
 1679              		.thumb_func
 1680              		.fpu fpv5-d16
 1682              	tcp_send_fin:
 1683              	.LFB31:
 991:./lwip-2.1.2/src/core/tcp_out.c **** 
 992:./lwip-2.1.2/src/core/tcp_out.c **** /**
 993:./lwip-2.1.2/src/core/tcp_out.c ****  * Called by tcp_close() to send a segment including FIN flag but not data.
 994:./lwip-2.1.2/src/core/tcp_out.c ****  * This FIN may be added to an existing segment or a new, otherwise empty
 995:./lwip-2.1.2/src/core/tcp_out.c ****  * segment is enqueued.
 996:./lwip-2.1.2/src/core/tcp_out.c ****  *
 997:./lwip-2.1.2/src/core/tcp_out.c ****  * @param pcb the tcp_pcb over which to send a segment
 998:./lwip-2.1.2/src/core/tcp_out.c ****  * @return ERR_OK if sent, another err_t otherwise
 999:./lwip-2.1.2/src/core/tcp_out.c ****  */
1000:./lwip-2.1.2/src/core/tcp_out.c **** err_t
1001:./lwip-2.1.2/src/core/tcp_out.c **** tcp_send_fin(struct tcp_pcb *pcb)
1002:./lwip-2.1.2/src/core/tcp_out.c **** {
 1684              		.loc 1 1002 1
 1685              		.cfi_startproc
 1686              		@ args = 0, pretend = 0, frame = 16
 1687              		@ frame_needed = 1, uses_anonymous_args = 0
 1688 0978 90B5     		push	{r4, r7, lr}
 1689              	.LCFI31:
 1690              		.cfi_def_cfa_offset 12
 1691              		.cfi_offset 4, -12
 1692              		.cfi_offset 7, -8
 1693              		.cfi_offset 14, -4
 1694 097a 85B0     		sub	sp, sp, #20
 1695              	.LCFI32:
 1696              		.cfi_def_cfa_offset 32
 1697 097c 00AF     		add	r7, sp, #0
 1698              	.LCFI33:
 1699              		.cfi_def_cfa_register 7
 1700 097e 7860     		str	r0, [r7, #4]
1003:./lwip-2.1.2/src/core/tcp_out.c ****   LWIP_ASSERT("tcp_send_fin: invalid pcb", pcb != NULL);
1004:./lwip-2.1.2/src/core/tcp_out.c **** 
1005:./lwip-2.1.2/src/core/tcp_out.c ****   /* first, try to add the fin to the last unsent segment */
1006:./lwip-2.1.2/src/core/tcp_out.c ****   if (pcb->unsent != NULL) {
 1701              		.loc 1 1006 10
 1702 0980 7B68     		ldr	r3, [r7, #4]
 1703 0982 DB6E     		ldr	r3, [r3, #108]
 1704              		.loc 1 1006 6
 1705 0984 002B     		cmp	r3, #0
 1706 0986 2ED0     		beq	.L85
 1707              	.LBB14:
1007:./lwip-2.1.2/src/core/tcp_out.c ****     struct tcp_seg *last_unsent;
1008:./lwip-2.1.2/src/core/tcp_out.c ****     for (last_unsent = pcb->unsent; last_unsent->next != NULL;
 1708              		.loc 1 1008 22
 1709 0988 7B68     		ldr	r3, [r7, #4]
 1710 098a DB6E     		ldr	r3, [r3, #108]
 1711 098c FB60     		str	r3, [r7, #12]
 1712              		.loc 1 1008 5
 1713 098e 02E0     		b	.L86
 1714              	.L87:
1009:./lwip-2.1.2/src/core/tcp_out.c ****          last_unsent = last_unsent->next);
 1715              		.loc 1 1009 22
 1716 0990 FB68     		ldr	r3, [r7, #12]
 1717 0992 1B68     		ldr	r3, [r3]
 1718 0994 FB60     		str	r3, [r7, #12]
 1719              	.L86:
1008:./lwip-2.1.2/src/core/tcp_out.c ****          last_unsent = last_unsent->next);
 1720              		.loc 1 1008 48 discriminator 1
 1721 0996 FB68     		ldr	r3, [r7, #12]
 1722 0998 1B68     		ldr	r3, [r3]
1008:./lwip-2.1.2/src/core/tcp_out.c ****          last_unsent = last_unsent->next);
 1723              		.loc 1 1008 5 discriminator 1
 1724 099a 002B     		cmp	r3, #0
 1725 099c F8D1     		bne	.L87
1010:./lwip-2.1.2/src/core/tcp_out.c **** 
1011:./lwip-2.1.2/src/core/tcp_out.c ****     if ((TCPH_FLAGS(last_unsent->tcphdr) & (TCP_SYN | TCP_FIN | TCP_RST)) == 0) {
 1726              		.loc 1 1011 10
 1727 099e FB68     		ldr	r3, [r7, #12]
 1728 09a0 DB68     		ldr	r3, [r3, #12]
 1729 09a2 9B89     		ldrh	r3, [r3, #12]	@ unaligned
 1730 09a4 9BB2     		uxth	r3, r3
 1731 09a6 1846     		mov	r0, r3
 1732 09a8 FFF7FEFF 		bl	lwip_htons
 1733 09ac 0346     		mov	r3, r0
 1734 09ae DBB2     		uxtb	r3, r3
 1735              		.loc 1 1011 42
 1736 09b0 03F00703 		and	r3, r3, #7
 1737              		.loc 1 1011 8
 1738 09b4 002B     		cmp	r3, #0
 1739 09b6 16D1     		bne	.L85
1012:./lwip-2.1.2/src/core/tcp_out.c ****       /* no SYN/FIN/RST flag in the header, we can add the FIN flag */
1013:./lwip-2.1.2/src/core/tcp_out.c ****       TCPH_SET_FLAG(last_unsent->tcphdr, TCP_FIN);
 1740              		.loc 1 1013 7
 1741 09b8 FB68     		ldr	r3, [r7, #12]
 1742 09ba DB68     		ldr	r3, [r3, #12]
 1743 09bc 9B89     		ldrh	r3, [r3, #12]	@ unaligned
 1744 09be 9CB2     		uxth	r4, r3
 1745 09c0 0120     		movs	r0, #1
 1746 09c2 FFF7FEFF 		bl	lwip_htons
 1747 09c6 0346     		mov	r3, r0
 1748 09c8 1A46     		mov	r2, r3
 1749 09ca FB68     		ldr	r3, [r7, #12]
 1750 09cc DB68     		ldr	r3, [r3, #12]
 1751 09ce 2243     		orrs	r2, r2, r4
 1752 09d0 92B2     		uxth	r2, r2
 1753 09d2 9A81     		strh	r2, [r3, #12]	@ unaligned
1014:./lwip-2.1.2/src/core/tcp_out.c ****       tcp_set_flags(pcb, TF_FIN);
 1754              		.loc 1 1014 7
 1755 09d4 7B68     		ldr	r3, [r7, #4]
 1756 09d6 5B8B     		ldrh	r3, [r3, #26]
 1757 09d8 43F02003 		orr	r3, r3, #32
 1758 09dc 9AB2     		uxth	r2, r3
 1759 09de 7B68     		ldr	r3, [r7, #4]
 1760 09e0 5A83     		strh	r2, [r3, #26]	@ movhi
1015:./lwip-2.1.2/src/core/tcp_out.c ****       return ERR_OK;
 1761              		.loc 1 1015 14
 1762 09e2 0023     		movs	r3, #0
 1763 09e4 04E0     		b	.L88
 1764              	.L85:
 1765              	.LBE14:
1016:./lwip-2.1.2/src/core/tcp_out.c ****     }
1017:./lwip-2.1.2/src/core/tcp_out.c ****   }
1018:./lwip-2.1.2/src/core/tcp_out.c ****   /* no data, no length, flags, copy=1, no optdata */
1019:./lwip-2.1.2/src/core/tcp_out.c ****   return tcp_enqueue_flags(pcb, TCP_FIN);
 1766              		.loc 1 1019 10
 1767 09e6 0121     		movs	r1, #1
 1768 09e8 7868     		ldr	r0, [r7, #4]
 1769 09ea FFF7FEFF 		bl	tcp_enqueue_flags
 1770 09ee 0346     		mov	r3, r0
 1771              	.L88:
1020:./lwip-2.1.2/src/core/tcp_out.c **** }
 1772              		.loc 1 1020 1
 1773 09f0 1846     		mov	r0, r3
 1774 09f2 1437     		adds	r7, r7, #20
 1775              	.LCFI34:
 1776              		.cfi_def_cfa_offset 12
 1777 09f4 BD46     		mov	sp, r7
 1778              	.LCFI35:
 1779              		.cfi_def_cfa_register 13
 1780              		@ sp needed
 1781 09f6 90BD     		pop	{r4, r7, pc}
 1782              		.cfi_endproc
 1783              	.LFE31:
 1785              		.align	1
 1786              		.global	tcp_enqueue_flags
 1787              		.syntax unified
 1788              		.thumb
 1789              		.thumb_func
 1790              		.fpu fpv5-d16
 1792              	tcp_enqueue_flags:
 1793              	.LFB32:
1021:./lwip-2.1.2/src/core/tcp_out.c **** 
1022:./lwip-2.1.2/src/core/tcp_out.c **** /**
1023:./lwip-2.1.2/src/core/tcp_out.c ****  * Enqueue SYN or FIN for transmission.
1024:./lwip-2.1.2/src/core/tcp_out.c ****  *
1025:./lwip-2.1.2/src/core/tcp_out.c ****  * Called by @ref tcp_connect, tcp_listen_input, and @ref tcp_close
1026:./lwip-2.1.2/src/core/tcp_out.c ****  * (via @ref tcp_send_fin)
1027:./lwip-2.1.2/src/core/tcp_out.c ****  *
1028:./lwip-2.1.2/src/core/tcp_out.c ****  * @param pcb Protocol control block for the TCP connection.
1029:./lwip-2.1.2/src/core/tcp_out.c ****  * @param flags TCP header flags to set in the outgoing segment.
1030:./lwip-2.1.2/src/core/tcp_out.c ****  */
1031:./lwip-2.1.2/src/core/tcp_out.c **** err_t
1032:./lwip-2.1.2/src/core/tcp_out.c **** tcp_enqueue_flags(struct tcp_pcb *pcb, u8_t flags)
1033:./lwip-2.1.2/src/core/tcp_out.c **** {
 1794              		.loc 1 1033 1
 1795              		.cfi_startproc
 1796              		@ args = 0, pretend = 0, frame = 32
 1797              		@ frame_needed = 1, uses_anonymous_args = 0
 1798 09f8 80B5     		push	{r7, lr}
 1799              	.LCFI36:
 1800              		.cfi_def_cfa_offset 8
 1801              		.cfi_offset 7, -8
 1802              		.cfi_offset 14, -4
 1803 09fa 8AB0     		sub	sp, sp, #40
 1804              	.LCFI37:
 1805              		.cfi_def_cfa_offset 48
 1806 09fc 02AF     		add	r7, sp, #8
 1807              	.LCFI38:
 1808              		.cfi_def_cfa 7, 40
 1809 09fe 7860     		str	r0, [r7, #4]
 1810 0a00 0B46     		mov	r3, r1
 1811 0a02 FB70     		strb	r3, [r7, #3]
1034:./lwip-2.1.2/src/core/tcp_out.c ****   struct pbuf *p;
1035:./lwip-2.1.2/src/core/tcp_out.c ****   struct tcp_seg *seg;
1036:./lwip-2.1.2/src/core/tcp_out.c ****   u8_t optflags = 0;
 1812              		.loc 1 1036 8
 1813 0a04 0023     		movs	r3, #0
 1814 0a06 FB77     		strb	r3, [r7, #31]
1037:./lwip-2.1.2/src/core/tcp_out.c ****   u8_t optlen = 0;
 1815              		.loc 1 1037 8
 1816 0a08 0023     		movs	r3, #0
 1817 0a0a FB75     		strb	r3, [r7, #23]
1038:./lwip-2.1.2/src/core/tcp_out.c **** 
1039:./lwip-2.1.2/src/core/tcp_out.c ****   LWIP_DEBUGF(TCP_QLEN_DEBUG, ("tcp_enqueue_flags: queuelen: %"U16_F"\n", (u16_t)pcb->snd_queuelen)
1040:./lwip-2.1.2/src/core/tcp_out.c **** 
1041:./lwip-2.1.2/src/core/tcp_out.c ****   LWIP_ASSERT("tcp_enqueue_flags: need either TCP_SYN or TCP_FIN in flags (programmer violates API)
1042:./lwip-2.1.2/src/core/tcp_out.c ****               (flags & (TCP_SYN | TCP_FIN)) != 0);
1043:./lwip-2.1.2/src/core/tcp_out.c ****   LWIP_ASSERT("tcp_enqueue_flags: invalid pcb", pcb != NULL);
1044:./lwip-2.1.2/src/core/tcp_out.c **** 
1045:./lwip-2.1.2/src/core/tcp_out.c ****   /* No need to check pcb->snd_queuelen if only SYN or FIN are allowed! */
1046:./lwip-2.1.2/src/core/tcp_out.c **** 
1047:./lwip-2.1.2/src/core/tcp_out.c ****   /* Get options for this segment. This is a special case since this is the
1048:./lwip-2.1.2/src/core/tcp_out.c ****      only place where a SYN can be sent. */
1049:./lwip-2.1.2/src/core/tcp_out.c ****   if (flags & TCP_SYN) {
 1818              		.loc 1 1049 13
 1819 0a0c FB78     		ldrb	r3, [r7, #3]	@ zero_extendqisi2
 1820 0a0e 03F00203 		and	r3, r3, #2
 1821              		.loc 1 1049 6
 1822 0a12 002B     		cmp	r3, #0
 1823 0a14 01D0     		beq	.L90
1050:./lwip-2.1.2/src/core/tcp_out.c ****     optflags = TF_SEG_OPTS_MSS;
 1824              		.loc 1 1050 14
 1825 0a16 0123     		movs	r3, #1
 1826 0a18 FB77     		strb	r3, [r7, #31]
 1827              	.L90:
1051:./lwip-2.1.2/src/core/tcp_out.c **** #if LWIP_WND_SCALE
1052:./lwip-2.1.2/src/core/tcp_out.c ****     if ((pcb->state != SYN_RCVD) || (pcb->flags & TF_WND_SCALE)) {
1053:./lwip-2.1.2/src/core/tcp_out.c ****       /* In a <SYN,ACK> (sent in state SYN_RCVD), the window scale option may only
1054:./lwip-2.1.2/src/core/tcp_out.c ****          be sent if we received a window scale option from the remote host. */
1055:./lwip-2.1.2/src/core/tcp_out.c ****       optflags |= TF_SEG_OPTS_WND_SCALE;
1056:./lwip-2.1.2/src/core/tcp_out.c ****     }
1057:./lwip-2.1.2/src/core/tcp_out.c **** #endif /* LWIP_WND_SCALE */
1058:./lwip-2.1.2/src/core/tcp_out.c **** #if LWIP_TCP_SACK_OUT
1059:./lwip-2.1.2/src/core/tcp_out.c ****     if ((pcb->state != SYN_RCVD) || (pcb->flags & TF_SACK)) {
1060:./lwip-2.1.2/src/core/tcp_out.c ****       /* In a <SYN,ACK> (sent in state SYN_RCVD), the SACK_PERM option may only
1061:./lwip-2.1.2/src/core/tcp_out.c ****          be sent if we received a SACK_PERM option from the remote host. */
1062:./lwip-2.1.2/src/core/tcp_out.c ****       optflags |= TF_SEG_OPTS_SACK_PERM;
1063:./lwip-2.1.2/src/core/tcp_out.c ****     }
1064:./lwip-2.1.2/src/core/tcp_out.c **** #endif /* LWIP_TCP_SACK_OUT */
1065:./lwip-2.1.2/src/core/tcp_out.c ****   }
1066:./lwip-2.1.2/src/core/tcp_out.c **** #if LWIP_TCP_TIMESTAMPS
1067:./lwip-2.1.2/src/core/tcp_out.c ****   if ((pcb->flags & TF_TIMESTAMP) || ((flags & TCP_SYN) && (pcb->state != SYN_RCVD))) {
1068:./lwip-2.1.2/src/core/tcp_out.c ****     /* Make sure the timestamp option is only included in data segments if we
1069:./lwip-2.1.2/src/core/tcp_out.c ****        agreed about it with the remote host (and in active open SYN segments). */
1070:./lwip-2.1.2/src/core/tcp_out.c ****     optflags |= TF_SEG_OPTS_TS;
1071:./lwip-2.1.2/src/core/tcp_out.c ****   }
1072:./lwip-2.1.2/src/core/tcp_out.c **** #endif /* LWIP_TCP_TIMESTAMPS */
1073:./lwip-2.1.2/src/core/tcp_out.c ****   optlen = LWIP_TCP_OPT_LENGTH_SEGMENT(optflags, pcb);
 1828              		.loc 1 1073 12
 1829 0a1a FB7F     		ldrb	r3, [r7, #31]	@ zero_extendqisi2
 1830 0a1c 9B00     		lsls	r3, r3, #2
 1831 0a1e DBB2     		uxtb	r3, r3
 1832              		.loc 1 1073 10
 1833 0a20 03F00403 		and	r3, r3, #4
 1834 0a24 FB75     		strb	r3, [r7, #23]
1074:./lwip-2.1.2/src/core/tcp_out.c **** 
1075:./lwip-2.1.2/src/core/tcp_out.c ****   /* Allocate pbuf with room for TCP header + options */
1076:./lwip-2.1.2/src/core/tcp_out.c ****   if ((p = pbuf_alloc(PBUF_TRANSPORT, optlen, PBUF_RAM)) == NULL) {
 1835              		.loc 1 1076 12
 1836 0a26 FB7D     		ldrb	r3, [r7, #23]	@ zero_extendqisi2
 1837 0a28 9BB2     		uxth	r3, r3
 1838 0a2a 4FF42072 		mov	r2, #640
 1839 0a2e 1946     		mov	r1, r3
 1840 0a30 3620     		movs	r0, #54
 1841 0a32 FFF7FEFF 		bl	pbuf_alloc
 1842 0a36 3861     		str	r0, [r7, #16]
 1843              		.loc 1 1076 6
 1844 0a38 3B69     		ldr	r3, [r7, #16]
 1845 0a3a 002B     		cmp	r3, #0
 1846 0a3c 09D1     		bne	.L91
1077:./lwip-2.1.2/src/core/tcp_out.c ****     tcp_set_flags(pcb, TF_NAGLEMEMERR);
 1847              		.loc 1 1077 5
 1848 0a3e 7B68     		ldr	r3, [r7, #4]
 1849 0a40 5B8B     		ldrh	r3, [r3, #26]
 1850 0a42 43F08003 		orr	r3, r3, #128
 1851 0a46 9AB2     		uxth	r2, r3
 1852 0a48 7B68     		ldr	r3, [r7, #4]
 1853 0a4a 5A83     		strh	r2, [r3, #26]	@ movhi
1078:./lwip-2.1.2/src/core/tcp_out.c ****     TCP_STATS_INC(tcp.memerr);
1079:./lwip-2.1.2/src/core/tcp_out.c ****     return ERR_MEM;
 1854              		.loc 1 1079 12
 1855 0a4c 4FF0FF33 		mov	r3, #-1
 1856 0a50 5CE0     		b	.L92
 1857              	.L91:
1080:./lwip-2.1.2/src/core/tcp_out.c ****   }
1081:./lwip-2.1.2/src/core/tcp_out.c ****   LWIP_ASSERT("tcp_enqueue_flags: check that first pbuf can hold optlen",
1082:./lwip-2.1.2/src/core/tcp_out.c ****               (p->len >= optlen));
1083:./lwip-2.1.2/src/core/tcp_out.c **** 
1084:./lwip-2.1.2/src/core/tcp_out.c ****   /* Allocate memory for tcp_seg, and fill in fields. */
1085:./lwip-2.1.2/src/core/tcp_out.c ****   if ((seg = tcp_create_segment(pcb, p, flags, pcb->snd_lbb, optflags)) == NULL) {
 1858              		.loc 1 1085 14
 1859 0a52 7B68     		ldr	r3, [r7, #4]
 1860 0a54 D96D     		ldr	r1, [r3, #92]
 1861 0a56 FA78     		ldrb	r2, [r7, #3]	@ zero_extendqisi2
 1862 0a58 FB7F     		ldrb	r3, [r7, #31]	@ zero_extendqisi2
 1863 0a5a 0093     		str	r3, [sp]
 1864 0a5c 0B46     		mov	r3, r1
 1865 0a5e 3969     		ldr	r1, [r7, #16]
 1866 0a60 7868     		ldr	r0, [r7, #4]
 1867 0a62 FFF7E9FA 		bl	tcp_create_segment
 1868 0a66 F860     		str	r0, [r7, #12]
 1869              		.loc 1 1085 6
 1870 0a68 FB68     		ldr	r3, [r7, #12]
 1871 0a6a 002B     		cmp	r3, #0
 1872 0a6c 09D1     		bne	.L93
1086:./lwip-2.1.2/src/core/tcp_out.c ****     tcp_set_flags(pcb, TF_NAGLEMEMERR);
 1873              		.loc 1 1086 5
 1874 0a6e 7B68     		ldr	r3, [r7, #4]
 1875 0a70 5B8B     		ldrh	r3, [r3, #26]
 1876 0a72 43F08003 		orr	r3, r3, #128
 1877 0a76 9AB2     		uxth	r2, r3
 1878 0a78 7B68     		ldr	r3, [r7, #4]
 1879 0a7a 5A83     		strh	r2, [r3, #26]	@ movhi
1087:./lwip-2.1.2/src/core/tcp_out.c ****     TCP_STATS_INC(tcp.memerr);
1088:./lwip-2.1.2/src/core/tcp_out.c ****     return ERR_MEM;
 1880              		.loc 1 1088 12
 1881 0a7c 4FF0FF33 		mov	r3, #-1
 1882 0a80 44E0     		b	.L92
 1883              	.L93:
1089:./lwip-2.1.2/src/core/tcp_out.c ****   }
1090:./lwip-2.1.2/src/core/tcp_out.c ****   LWIP_ASSERT("seg->tcphdr not aligned", ((mem_ptr_t)seg->tcphdr % LWIP_MIN(MEM_ALIGNMENT, 4)) == 0
1091:./lwip-2.1.2/src/core/tcp_out.c ****   LWIP_ASSERT("tcp_enqueue_flags: invalid segment length", seg->len == 0);
1092:./lwip-2.1.2/src/core/tcp_out.c **** 
1093:./lwip-2.1.2/src/core/tcp_out.c ****   LWIP_DEBUGF(TCP_OUTPUT_DEBUG | LWIP_DBG_TRACE,
1094:./lwip-2.1.2/src/core/tcp_out.c ****               ("tcp_enqueue_flags: queueing %"U32_F":%"U32_F" (0x%"X16_F")\n",
1095:./lwip-2.1.2/src/core/tcp_out.c ****                lwip_ntohl(seg->tcphdr->seqno),
1096:./lwip-2.1.2/src/core/tcp_out.c ****                lwip_ntohl(seg->tcphdr->seqno) + TCP_TCPLEN(seg),
1097:./lwip-2.1.2/src/core/tcp_out.c ****                (u16_t)flags));
1098:./lwip-2.1.2/src/core/tcp_out.c **** 
1099:./lwip-2.1.2/src/core/tcp_out.c ****   /* Now append seg to pcb->unsent queue */
1100:./lwip-2.1.2/src/core/tcp_out.c ****   if (pcb->unsent == NULL) {
 1884              		.loc 1 1100 10
 1885 0a82 7B68     		ldr	r3, [r7, #4]
 1886 0a84 DB6E     		ldr	r3, [r3, #108]
 1887              		.loc 1 1100 6
 1888 0a86 002B     		cmp	r3, #0
 1889 0a88 03D1     		bne	.L94
1101:./lwip-2.1.2/src/core/tcp_out.c ****     pcb->unsent = seg;
 1890              		.loc 1 1101 17
 1891 0a8a 7B68     		ldr	r3, [r7, #4]
 1892 0a8c FA68     		ldr	r2, [r7, #12]
 1893 0a8e DA66     		str	r2, [r3, #108]
 1894 0a90 0DE0     		b	.L95
 1895              	.L94:
 1896              	.LBB15:
1102:./lwip-2.1.2/src/core/tcp_out.c ****   } else {
1103:./lwip-2.1.2/src/core/tcp_out.c ****     struct tcp_seg *useg;
1104:./lwip-2.1.2/src/core/tcp_out.c ****     for (useg = pcb->unsent; useg->next != NULL; useg = useg->next);
 1897              		.loc 1 1104 15
 1898 0a92 7B68     		ldr	r3, [r7, #4]
 1899 0a94 DB6E     		ldr	r3, [r3, #108]
 1900 0a96 BB61     		str	r3, [r7, #24]
 1901              		.loc 1 1104 5
 1902 0a98 02E0     		b	.L96
 1903              	.L97:
 1904              		.loc 1 1104 55 discriminator 3
 1905 0a9a BB69     		ldr	r3, [r7, #24]
 1906 0a9c 1B68     		ldr	r3, [r3]
 1907 0a9e BB61     		str	r3, [r7, #24]
 1908              	.L96:
 1909              		.loc 1 1104 34 discriminator 1
 1910 0aa0 BB69     		ldr	r3, [r7, #24]
 1911 0aa2 1B68     		ldr	r3, [r3]
 1912              		.loc 1 1104 5 discriminator 1
 1913 0aa4 002B     		cmp	r3, #0
 1914 0aa6 F8D1     		bne	.L97
1105:./lwip-2.1.2/src/core/tcp_out.c ****     useg->next = seg;
 1915              		.loc 1 1105 16
 1916 0aa8 BB69     		ldr	r3, [r7, #24]
 1917 0aaa FA68     		ldr	r2, [r7, #12]
 1918 0aac 1A60     		str	r2, [r3]
 1919              	.L95:
 1920              	.LBE15:
1106:./lwip-2.1.2/src/core/tcp_out.c ****   }
1107:./lwip-2.1.2/src/core/tcp_out.c **** #if TCP_OVERSIZE
1108:./lwip-2.1.2/src/core/tcp_out.c ****   /* The new unsent tail has no space */
1109:./lwip-2.1.2/src/core/tcp_out.c ****   pcb->unsent_oversize = 0;
 1921              		.loc 1 1109 24
 1922 0aae 7B68     		ldr	r3, [r7, #4]
 1923 0ab0 0022     		movs	r2, #0
 1924 0ab2 A3F86820 		strh	r2, [r3, #104]	@ movhi
1110:./lwip-2.1.2/src/core/tcp_out.c **** #endif /* TCP_OVERSIZE */
1111:./lwip-2.1.2/src/core/tcp_out.c **** 
1112:./lwip-2.1.2/src/core/tcp_out.c ****   /* SYN and FIN bump the sequence number */
1113:./lwip-2.1.2/src/core/tcp_out.c ****   if ((flags & TCP_SYN) || (flags & TCP_FIN)) {
 1925              		.loc 1 1113 14
 1926 0ab6 FB78     		ldrb	r3, [r7, #3]	@ zero_extendqisi2
 1927 0ab8 03F00203 		and	r3, r3, #2
 1928              		.loc 1 1113 6
 1929 0abc 002B     		cmp	r3, #0
 1930 0abe 04D1     		bne	.L98
 1931              		.loc 1 1113 35 discriminator 1
 1932 0ac0 FB78     		ldrb	r3, [r7, #3]	@ zero_extendqisi2
 1933 0ac2 03F00103 		and	r3, r3, #1
 1934              		.loc 1 1113 25 discriminator 1
 1935 0ac6 002B     		cmp	r3, #0
 1936 0ac8 04D0     		beq	.L99
 1937              	.L98:
1114:./lwip-2.1.2/src/core/tcp_out.c ****     pcb->snd_lbb++;
 1938              		.loc 1 1114 8
 1939 0aca 7B68     		ldr	r3, [r7, #4]
 1940 0acc DB6D     		ldr	r3, [r3, #92]
 1941              		.loc 1 1114 17
 1942 0ace 5A1C     		adds	r2, r3, #1
 1943 0ad0 7B68     		ldr	r3, [r7, #4]
 1944 0ad2 DA65     		str	r2, [r3, #92]
 1945              	.L99:
1115:./lwip-2.1.2/src/core/tcp_out.c ****     /* optlen does not influence snd_buf */
1116:./lwip-2.1.2/src/core/tcp_out.c ****   }
1117:./lwip-2.1.2/src/core/tcp_out.c ****   if (flags & TCP_FIN) {
 1946              		.loc 1 1117 13
 1947 0ad4 FB78     		ldrb	r3, [r7, #3]	@ zero_extendqisi2
 1948 0ad6 03F00103 		and	r3, r3, #1
 1949              		.loc 1 1117 6
 1950 0ada 002B     		cmp	r3, #0
 1951 0adc 06D0     		beq	.L100
1118:./lwip-2.1.2/src/core/tcp_out.c ****     tcp_set_flags(pcb, TF_FIN);
 1952              		.loc 1 1118 5
 1953 0ade 7B68     		ldr	r3, [r7, #4]
 1954 0ae0 5B8B     		ldrh	r3, [r3, #26]
 1955 0ae2 43F02003 		orr	r3, r3, #32
 1956 0ae6 9AB2     		uxth	r2, r3
 1957 0ae8 7B68     		ldr	r3, [r7, #4]
 1958 0aea 5A83     		strh	r2, [r3, #26]	@ movhi
 1959              	.L100:
1119:./lwip-2.1.2/src/core/tcp_out.c ****   }
1120:./lwip-2.1.2/src/core/tcp_out.c **** 
1121:./lwip-2.1.2/src/core/tcp_out.c ****   /* update number of segments on the queues */
1122:./lwip-2.1.2/src/core/tcp_out.c ****   pcb->snd_queuelen += pbuf_clen(seg->p);
 1960              		.loc 1 1122 37
 1961 0aec FB68     		ldr	r3, [r7, #12]
 1962 0aee 5B68     		ldr	r3, [r3, #4]
 1963              		.loc 1 1122 24
 1964 0af0 1846     		mov	r0, r3
 1965 0af2 FFF7FEFF 		bl	pbuf_clen
 1966 0af6 0346     		mov	r3, r0
 1967 0af8 1A46     		mov	r2, r3
 1968              		.loc 1 1122 21
 1969 0afa 7B68     		ldr	r3, [r7, #4]
 1970 0afc B3F86630 		ldrh	r3, [r3, #102]
 1971 0b00 1344     		add	r3, r3, r2
 1972 0b02 9AB2     		uxth	r2, r3
 1973 0b04 7B68     		ldr	r3, [r7, #4]
 1974 0b06 A3F86620 		strh	r2, [r3, #102]	@ movhi
1123:./lwip-2.1.2/src/core/tcp_out.c ****   LWIP_DEBUGF(TCP_QLEN_DEBUG, ("tcp_enqueue_flags: %"S16_F" (after enqueued)\n", pcb->snd_queuelen)
1124:./lwip-2.1.2/src/core/tcp_out.c ****   if (pcb->snd_queuelen != 0) {
1125:./lwip-2.1.2/src/core/tcp_out.c ****     LWIP_ASSERT("tcp_enqueue_flags: invalid queue length",
1126:./lwip-2.1.2/src/core/tcp_out.c ****                 pcb->unacked != NULL || pcb->unsent != NULL);
1127:./lwip-2.1.2/src/core/tcp_out.c ****   }
1128:./lwip-2.1.2/src/core/tcp_out.c **** 
1129:./lwip-2.1.2/src/core/tcp_out.c ****   return ERR_OK;
 1975              		.loc 1 1129 10
 1976 0b0a 0023     		movs	r3, #0
 1977              	.L92:
1130:./lwip-2.1.2/src/core/tcp_out.c **** }
 1978              		.loc 1 1130 1
 1979 0b0c 1846     		mov	r0, r3
 1980 0b0e 2037     		adds	r7, r7, #32
 1981              	.LCFI39:
 1982              		.cfi_def_cfa_offset 8
 1983 0b10 BD46     		mov	sp, r7
 1984              	.LCFI40:
 1985              		.cfi_def_cfa_register 13
 1986              		@ sp needed
 1987 0b12 80BD     		pop	{r7, pc}
 1988              		.cfi_endproc
 1989              	.LFE32:
 1991              		.align	1
 1992              		.global	tcp_output
 1993              		.syntax unified
 1994              		.thumb
 1995              		.thumb_func
 1996              		.fpu fpv5-d16
 1998              	tcp_output:
 1999              	.LFB33:
1131:./lwip-2.1.2/src/core/tcp_out.c **** 
1132:./lwip-2.1.2/src/core/tcp_out.c **** #if LWIP_TCP_TIMESTAMPS
1133:./lwip-2.1.2/src/core/tcp_out.c **** /* Build a timestamp option (12 bytes long) at the specified options pointer)
1134:./lwip-2.1.2/src/core/tcp_out.c ****  *
1135:./lwip-2.1.2/src/core/tcp_out.c ****  * @param pcb tcp_pcb
1136:./lwip-2.1.2/src/core/tcp_out.c ****  * @param opts option pointer where to store the timestamp option
1137:./lwip-2.1.2/src/core/tcp_out.c ****  */
1138:./lwip-2.1.2/src/core/tcp_out.c **** static void
1139:./lwip-2.1.2/src/core/tcp_out.c **** tcp_build_timestamp_option(const struct tcp_pcb *pcb, u32_t *opts)
1140:./lwip-2.1.2/src/core/tcp_out.c **** {
1141:./lwip-2.1.2/src/core/tcp_out.c ****   LWIP_ASSERT("tcp_build_timestamp_option: invalid pcb", pcb != NULL);
1142:./lwip-2.1.2/src/core/tcp_out.c **** 
1143:./lwip-2.1.2/src/core/tcp_out.c ****   /* Pad with two NOP options to make everything nicely aligned */
1144:./lwip-2.1.2/src/core/tcp_out.c ****   opts[0] = PP_HTONL(0x0101080A);
1145:./lwip-2.1.2/src/core/tcp_out.c ****   opts[1] = lwip_htonl(sys_now());
1146:./lwip-2.1.2/src/core/tcp_out.c ****   opts[2] = lwip_htonl(pcb->ts_recent);
1147:./lwip-2.1.2/src/core/tcp_out.c **** }
1148:./lwip-2.1.2/src/core/tcp_out.c **** #endif
1149:./lwip-2.1.2/src/core/tcp_out.c **** 
1150:./lwip-2.1.2/src/core/tcp_out.c **** #if LWIP_TCP_SACK_OUT
1151:./lwip-2.1.2/src/core/tcp_out.c **** /**
1152:./lwip-2.1.2/src/core/tcp_out.c ****  * Calculates the number of SACK entries that should be generated.
1153:./lwip-2.1.2/src/core/tcp_out.c ****  * It takes into account whether TF_SACK flag is set,
1154:./lwip-2.1.2/src/core/tcp_out.c ****  * the number of SACK entries in tcp_pcb that are valid,
1155:./lwip-2.1.2/src/core/tcp_out.c ****  * as well as the available options size.
1156:./lwip-2.1.2/src/core/tcp_out.c ****  *
1157:./lwip-2.1.2/src/core/tcp_out.c ****  * @param pcb tcp_pcb
1158:./lwip-2.1.2/src/core/tcp_out.c ****  * @param optlen the length of other TCP options (in bytes)
1159:./lwip-2.1.2/src/core/tcp_out.c ****  * @return the number of SACK ranges that can be used
1160:./lwip-2.1.2/src/core/tcp_out.c ****  */
1161:./lwip-2.1.2/src/core/tcp_out.c **** static u8_t
1162:./lwip-2.1.2/src/core/tcp_out.c **** tcp_get_num_sacks(const struct tcp_pcb *pcb, u8_t optlen)
1163:./lwip-2.1.2/src/core/tcp_out.c **** {
1164:./lwip-2.1.2/src/core/tcp_out.c ****   u8_t num_sacks = 0;
1165:./lwip-2.1.2/src/core/tcp_out.c **** 
1166:./lwip-2.1.2/src/core/tcp_out.c ****   LWIP_ASSERT("tcp_get_num_sacks: invalid pcb", pcb != NULL);
1167:./lwip-2.1.2/src/core/tcp_out.c **** 
1168:./lwip-2.1.2/src/core/tcp_out.c ****   if (pcb->flags & TF_SACK) {
1169:./lwip-2.1.2/src/core/tcp_out.c ****     u8_t i;
1170:./lwip-2.1.2/src/core/tcp_out.c **** 
1171:./lwip-2.1.2/src/core/tcp_out.c ****     /* The first SACK takes up 12 bytes (it includes SACK header and two NOP options),
1172:./lwip-2.1.2/src/core/tcp_out.c ****        each additional one - 8 bytes. */
1173:./lwip-2.1.2/src/core/tcp_out.c ****     optlen += 12;
1174:./lwip-2.1.2/src/core/tcp_out.c **** 
1175:./lwip-2.1.2/src/core/tcp_out.c ****     /* Max options size = 40, number of SACK array entries = LWIP_TCP_MAX_SACK_NUM */
1176:./lwip-2.1.2/src/core/tcp_out.c ****     for (i = 0; (i < LWIP_TCP_MAX_SACK_NUM) && (optlen <= TCP_MAX_OPTION_BYTES) &&
1177:./lwip-2.1.2/src/core/tcp_out.c ****          LWIP_TCP_SACK_VALID(pcb, i); ++i) {
1178:./lwip-2.1.2/src/core/tcp_out.c ****       ++num_sacks;
1179:./lwip-2.1.2/src/core/tcp_out.c ****       optlen += 8;
1180:./lwip-2.1.2/src/core/tcp_out.c ****     }
1181:./lwip-2.1.2/src/core/tcp_out.c ****   }
1182:./lwip-2.1.2/src/core/tcp_out.c **** 
1183:./lwip-2.1.2/src/core/tcp_out.c ****   return num_sacks;
1184:./lwip-2.1.2/src/core/tcp_out.c **** }
1185:./lwip-2.1.2/src/core/tcp_out.c **** 
1186:./lwip-2.1.2/src/core/tcp_out.c **** /** Build a SACK option (12 or more bytes long) at the specified options pointer)
1187:./lwip-2.1.2/src/core/tcp_out.c ****  *
1188:./lwip-2.1.2/src/core/tcp_out.c ****  * @param pcb tcp_pcb
1189:./lwip-2.1.2/src/core/tcp_out.c ****  * @param opts option pointer where to store the SACK option
1190:./lwip-2.1.2/src/core/tcp_out.c ****  * @param num_sacks the number of SACKs to store
1191:./lwip-2.1.2/src/core/tcp_out.c ****  */
1192:./lwip-2.1.2/src/core/tcp_out.c **** static void
1193:./lwip-2.1.2/src/core/tcp_out.c **** tcp_build_sack_option(const struct tcp_pcb *pcb, u32_t *opts, u8_t num_sacks)
1194:./lwip-2.1.2/src/core/tcp_out.c **** {
1195:./lwip-2.1.2/src/core/tcp_out.c ****   u8_t i;
1196:./lwip-2.1.2/src/core/tcp_out.c **** 
1197:./lwip-2.1.2/src/core/tcp_out.c ****   LWIP_ASSERT("tcp_build_sack_option: invalid pcb", pcb != NULL);
1198:./lwip-2.1.2/src/core/tcp_out.c ****   LWIP_ASSERT("tcp_build_sack_option: invalid opts", opts != NULL);
1199:./lwip-2.1.2/src/core/tcp_out.c **** 
1200:./lwip-2.1.2/src/core/tcp_out.c ****   /* Pad with two NOP options to make everything nicely aligned.
1201:./lwip-2.1.2/src/core/tcp_out.c ****      We add the length (of just the SACK option, not the NOPs in front of it),
1202:./lwip-2.1.2/src/core/tcp_out.c ****      which is 2B of header, plus 8B for each SACK. */
1203:./lwip-2.1.2/src/core/tcp_out.c ****   *(opts++) = PP_HTONL(0x01010500 + 2 + num_sacks * 8);
1204:./lwip-2.1.2/src/core/tcp_out.c **** 
1205:./lwip-2.1.2/src/core/tcp_out.c ****   for (i = 0; i < num_sacks; ++i) {
1206:./lwip-2.1.2/src/core/tcp_out.c ****     *(opts++) = lwip_htonl(pcb->rcv_sacks[i].left);
1207:./lwip-2.1.2/src/core/tcp_out.c ****     *(opts++) = lwip_htonl(pcb->rcv_sacks[i].right);
1208:./lwip-2.1.2/src/core/tcp_out.c ****   }
1209:./lwip-2.1.2/src/core/tcp_out.c **** }
1210:./lwip-2.1.2/src/core/tcp_out.c **** 
1211:./lwip-2.1.2/src/core/tcp_out.c **** #endif
1212:./lwip-2.1.2/src/core/tcp_out.c **** 
1213:./lwip-2.1.2/src/core/tcp_out.c **** #if LWIP_WND_SCALE
1214:./lwip-2.1.2/src/core/tcp_out.c **** /** Build a window scale option (3 bytes long) at the specified options pointer)
1215:./lwip-2.1.2/src/core/tcp_out.c ****  *
1216:./lwip-2.1.2/src/core/tcp_out.c ****  * @param opts option pointer where to store the window scale option
1217:./lwip-2.1.2/src/core/tcp_out.c ****  */
1218:./lwip-2.1.2/src/core/tcp_out.c **** static void
1219:./lwip-2.1.2/src/core/tcp_out.c **** tcp_build_wnd_scale_option(u32_t *opts)
1220:./lwip-2.1.2/src/core/tcp_out.c **** {
1221:./lwip-2.1.2/src/core/tcp_out.c ****   LWIP_ASSERT("tcp_build_wnd_scale_option: invalid opts", opts != NULL);
1222:./lwip-2.1.2/src/core/tcp_out.c **** 
1223:./lwip-2.1.2/src/core/tcp_out.c ****   /* Pad with one NOP option to make everything nicely aligned */
1224:./lwip-2.1.2/src/core/tcp_out.c ****   opts[0] = PP_HTONL(0x01030300 | TCP_RCV_SCALE);
1225:./lwip-2.1.2/src/core/tcp_out.c **** }
1226:./lwip-2.1.2/src/core/tcp_out.c **** #endif
1227:./lwip-2.1.2/src/core/tcp_out.c **** 
1228:./lwip-2.1.2/src/core/tcp_out.c **** /**
1229:./lwip-2.1.2/src/core/tcp_out.c ****  * @ingroup tcp_raw
1230:./lwip-2.1.2/src/core/tcp_out.c ****  * Find out what we can send and send it
1231:./lwip-2.1.2/src/core/tcp_out.c ****  *
1232:./lwip-2.1.2/src/core/tcp_out.c ****  * @param pcb Protocol control block for the TCP connection to send data
1233:./lwip-2.1.2/src/core/tcp_out.c ****  * @return ERR_OK if data has been sent or nothing to send
1234:./lwip-2.1.2/src/core/tcp_out.c ****  *         another err_t on error
1235:./lwip-2.1.2/src/core/tcp_out.c ****  */
1236:./lwip-2.1.2/src/core/tcp_out.c **** err_t
1237:./lwip-2.1.2/src/core/tcp_out.c **** tcp_output(struct tcp_pcb *pcb)
1238:./lwip-2.1.2/src/core/tcp_out.c **** {
 2000              		.loc 1 1238 1
 2001              		.cfi_startproc
 2002              		@ args = 0, pretend = 0, frame = 40
 2003              		@ frame_needed = 1, uses_anonymous_args = 0
 2004 0b14 B0B5     		push	{r4, r5, r7, lr}
 2005              	.LCFI41:
 2006              		.cfi_def_cfa_offset 16
 2007              		.cfi_offset 4, -16
 2008              		.cfi_offset 5, -12
 2009              		.cfi_offset 7, -8
 2010              		.cfi_offset 14, -4
 2011 0b16 8AB0     		sub	sp, sp, #40
 2012              	.LCFI42:
 2013              		.cfi_def_cfa_offset 56
 2014 0b18 00AF     		add	r7, sp, #0
 2015              	.LCFI43:
 2016              		.cfi_def_cfa_register 7
 2017 0b1a 7860     		str	r0, [r7, #4]
1239:./lwip-2.1.2/src/core/tcp_out.c ****   struct tcp_seg *seg, *useg;
1240:./lwip-2.1.2/src/core/tcp_out.c ****   u32_t wnd, snd_nxt;
1241:./lwip-2.1.2/src/core/tcp_out.c ****   err_t err;
1242:./lwip-2.1.2/src/core/tcp_out.c ****   struct netif *netif;
1243:./lwip-2.1.2/src/core/tcp_out.c **** #if TCP_CWND_DEBUG
1244:./lwip-2.1.2/src/core/tcp_out.c ****   s16_t i = 0;
1245:./lwip-2.1.2/src/core/tcp_out.c **** #endif /* TCP_CWND_DEBUG */
1246:./lwip-2.1.2/src/core/tcp_out.c **** 
1247:./lwip-2.1.2/src/core/tcp_out.c ****   LWIP_ASSERT_CORE_LOCKED();
1248:./lwip-2.1.2/src/core/tcp_out.c **** 
1249:./lwip-2.1.2/src/core/tcp_out.c ****   LWIP_ASSERT("tcp_output: invalid pcb", pcb != NULL);
1250:./lwip-2.1.2/src/core/tcp_out.c ****   /* pcb->state LISTEN not allowed here */
1251:./lwip-2.1.2/src/core/tcp_out.c ****   LWIP_ASSERT("don't call tcp_output for listen-pcbs",
1252:./lwip-2.1.2/src/core/tcp_out.c ****               pcb->state != LISTEN);
1253:./lwip-2.1.2/src/core/tcp_out.c **** 
1254:./lwip-2.1.2/src/core/tcp_out.c ****   /* First, check if we are invoked by the TCP input processing
1255:./lwip-2.1.2/src/core/tcp_out.c ****      code. If so, we do not output anything. Instead, we rely on the
1256:./lwip-2.1.2/src/core/tcp_out.c ****      input processing code to call us when input processing is done
1257:./lwip-2.1.2/src/core/tcp_out.c ****      with. */
1258:./lwip-2.1.2/src/core/tcp_out.c ****   if (tcp_input_pcb == pcb) {
 2018              		.loc 1 1258 21
 2019 0b1c 9A4B     		ldr	r3, .L146
 2020 0b1e 1B68     		ldr	r3, [r3]
 2021              		.loc 1 1258 6
 2022 0b20 7A68     		ldr	r2, [r7, #4]
 2023 0b22 9A42     		cmp	r2, r3
 2024 0b24 01D1     		bne	.L102
1259:./lwip-2.1.2/src/core/tcp_out.c ****     return ERR_OK;
 2025              		.loc 1 1259 12
 2026 0b26 0023     		movs	r3, #0
 2027 0b28 B0E1     		b	.L103
 2028              	.L102:
1260:./lwip-2.1.2/src/core/tcp_out.c ****   }
1261:./lwip-2.1.2/src/core/tcp_out.c **** 
1262:./lwip-2.1.2/src/core/tcp_out.c ****   wnd = LWIP_MIN(pcb->snd_wnd, pcb->cwnd);
 2029              		.loc 1 1262 9
 2030 0b2a 7B68     		ldr	r3, [r7, #4]
 2031 0b2c B3F84820 		ldrh	r2, [r3, #72]
 2032 0b30 7B68     		ldr	r3, [r7, #4]
 2033 0b32 B3F86030 		ldrh	r3, [r3, #96]
 2034 0b36 9342     		cmp	r3, r2
 2035 0b38 28BF     		it	cs
 2036 0b3a 1346     		movcs	r3, r2
 2037 0b3c 9BB2     		uxth	r3, r3
 2038              		.loc 1 1262 7
 2039 0b3e BB61     		str	r3, [r7, #24]
1263:./lwip-2.1.2/src/core/tcp_out.c **** 
1264:./lwip-2.1.2/src/core/tcp_out.c ****   seg = pcb->unsent;
 2040              		.loc 1 1264 7
 2041 0b40 7B68     		ldr	r3, [r7, #4]
 2042 0b42 DB6E     		ldr	r3, [r3, #108]
 2043 0b44 7B62     		str	r3, [r7, #36]
1265:./lwip-2.1.2/src/core/tcp_out.c **** 
1266:./lwip-2.1.2/src/core/tcp_out.c ****   if (seg == NULL) {
 2044              		.loc 1 1266 6
 2045 0b46 7B6A     		ldr	r3, [r7, #36]
 2046 0b48 002B     		cmp	r3, #0
 2047 0b4a 0BD1     		bne	.L104
1267:./lwip-2.1.2/src/core/tcp_out.c ****     LWIP_DEBUGF(TCP_OUTPUT_DEBUG, ("tcp_output: nothing to send (%p)\n",
1268:./lwip-2.1.2/src/core/tcp_out.c ****                                    (void *)pcb->unsent));
1269:./lwip-2.1.2/src/core/tcp_out.c ****     LWIP_DEBUGF(TCP_CWND_DEBUG, ("tcp_output: snd_wnd %"TCPWNDSIZE_F
1270:./lwip-2.1.2/src/core/tcp_out.c ****                                  ", cwnd %"TCPWNDSIZE_F", wnd %"U32_F
1271:./lwip-2.1.2/src/core/tcp_out.c ****                                  ", seg == NULL, ack %"U32_F"\n",
1272:./lwip-2.1.2/src/core/tcp_out.c ****                                  pcb->snd_wnd, pcb->cwnd, wnd, pcb->lastack));
1273:./lwip-2.1.2/src/core/tcp_out.c **** 
1274:./lwip-2.1.2/src/core/tcp_out.c ****     /* If the TF_ACK_NOW flag is set and the ->unsent queue is empty, construct
1275:./lwip-2.1.2/src/core/tcp_out.c ****      * an empty ACK segment and send it. */
1276:./lwip-2.1.2/src/core/tcp_out.c ****     if (pcb->flags & TF_ACK_NOW) {
 2048              		.loc 1 1276 12
 2049 0b4c 7B68     		ldr	r3, [r7, #4]
 2050 0b4e 5B8B     		ldrh	r3, [r3, #26]
 2051              		.loc 1 1276 20
 2052 0b50 03F00203 		and	r3, r3, #2
 2053              		.loc 1 1276 8
 2054 0b54 002B     		cmp	r3, #0
 2055 0b56 00F08C81 		beq	.L142
1277:./lwip-2.1.2/src/core/tcp_out.c ****       return tcp_send_empty_ack(pcb);
 2056              		.loc 1 1277 14
 2057 0b5a 7868     		ldr	r0, [r7, #4]
 2058 0b5c FFF7FEFF 		bl	tcp_send_empty_ack
 2059 0b60 0346     		mov	r3, r0
 2060 0b62 93E1     		b	.L103
 2061              	.L104:
1278:./lwip-2.1.2/src/core/tcp_out.c ****     }
1279:./lwip-2.1.2/src/core/tcp_out.c ****     /* nothing to send: shortcut out of here */
1280:./lwip-2.1.2/src/core/tcp_out.c ****     goto output_done;
1281:./lwip-2.1.2/src/core/tcp_out.c ****   } else {
1282:./lwip-2.1.2/src/core/tcp_out.c ****     LWIP_DEBUGF(TCP_CWND_DEBUG,
1283:./lwip-2.1.2/src/core/tcp_out.c ****                 ("tcp_output: snd_wnd %"TCPWNDSIZE_F", cwnd %"TCPWNDSIZE_F", wnd %"U32_F
1284:./lwip-2.1.2/src/core/tcp_out.c ****                  ", effwnd %"U32_F", seq %"U32_F", ack %"U32_F"\n",
1285:./lwip-2.1.2/src/core/tcp_out.c ****                  pcb->snd_wnd, pcb->cwnd, wnd,
1286:./lwip-2.1.2/src/core/tcp_out.c ****                  lwip_ntohl(seg->tcphdr->seqno) - pcb->lastack + seg->len,
1287:./lwip-2.1.2/src/core/tcp_out.c ****                  lwip_ntohl(seg->tcphdr->seqno), pcb->lastack));
1288:./lwip-2.1.2/src/core/tcp_out.c ****   }
1289:./lwip-2.1.2/src/core/tcp_out.c **** 
1290:./lwip-2.1.2/src/core/tcp_out.c ****   netif = tcp_route(pcb, &pcb->local_ip, &pcb->remote_ip);
 2062              		.loc 1 1290 26
 2063 0b64 7968     		ldr	r1, [r7, #4]
 2064              		.loc 1 1290 42
 2065 0b66 7B68     		ldr	r3, [r7, #4]
 2066 0b68 0433     		adds	r3, r3, #4
 2067              		.loc 1 1290 11
 2068 0b6a 1A46     		mov	r2, r3
 2069 0b6c 7868     		ldr	r0, [r7, #4]
 2070 0b6e FFF747FA 		bl	tcp_route
 2071 0b72 7861     		str	r0, [r7, #20]
1291:./lwip-2.1.2/src/core/tcp_out.c ****   if (netif == NULL) {
 2072              		.loc 1 1291 6
 2073 0b74 7B69     		ldr	r3, [r7, #20]
 2074 0b76 002B     		cmp	r3, #0
 2075 0b78 02D1     		bne	.L107
1292:./lwip-2.1.2/src/core/tcp_out.c ****     return ERR_RTE;
 2076              		.loc 1 1292 12
 2077 0b7a 6FF00303 		mvn	r3, #3
 2078 0b7e 85E1     		b	.L103
 2079              	.L107:
1293:./lwip-2.1.2/src/core/tcp_out.c ****   }
1294:./lwip-2.1.2/src/core/tcp_out.c **** 
1295:./lwip-2.1.2/src/core/tcp_out.c ****   /* If we don't have a local IP address, we get one from netif */
1296:./lwip-2.1.2/src/core/tcp_out.c ****   if (ip_addr_isany(&pcb->local_ip)) {
 2080              		.loc 1 1296 7
 2081 0b80 7B68     		ldr	r3, [r7, #4]
 2082              		.loc 1 1296 6
 2083 0b82 002B     		cmp	r3, #0
 2084 0b84 03D0     		beq	.L108
 2085              		.loc 1 1296 7 discriminator 1
 2086 0b86 7B68     		ldr	r3, [r7, #4]
 2087 0b88 1B68     		ldr	r3, [r3]
 2088 0b8a 002B     		cmp	r3, #0
 2089 0b8c 11D1     		bne	.L109
 2090              	.L108:
 2091              	.LBB16:
1297:./lwip-2.1.2/src/core/tcp_out.c ****     const ip_addr_t *local_ip = ip_netif_get_local_ip(netif, &pcb->remote_ip);
 2092              		.loc 1 1297 33
 2093 0b8e 7B69     		ldr	r3, [r7, #20]
 2094 0b90 002B     		cmp	r3, #0
 2095 0b92 02D0     		beq	.L110
 2096              		.loc 1 1297 33 is_stmt 0 discriminator 1
 2097 0b94 7B69     		ldr	r3, [r7, #20]
 2098 0b96 0433     		adds	r3, r3, #4
 2099 0b98 00E0     		b	.L111
 2100              	.L110:
 2101              		.loc 1 1297 33 discriminator 2
 2102 0b9a 0023     		movs	r3, #0
 2103              	.L111:
 2104              		.loc 1 1297 22 is_stmt 1 discriminator 4
 2105 0b9c 3B61     		str	r3, [r7, #16]
1298:./lwip-2.1.2/src/core/tcp_out.c ****     if (local_ip == NULL) {
 2106              		.loc 1 1298 8 discriminator 4
 2107 0b9e 3B69     		ldr	r3, [r7, #16]
 2108 0ba0 002B     		cmp	r3, #0
 2109 0ba2 02D1     		bne	.L112
1299:./lwip-2.1.2/src/core/tcp_out.c ****       return ERR_RTE;
 2110              		.loc 1 1299 14
 2111 0ba4 6FF00303 		mvn	r3, #3
 2112 0ba8 70E1     		b	.L103
 2113              	.L112:
1300:./lwip-2.1.2/src/core/tcp_out.c ****     }
1301:./lwip-2.1.2/src/core/tcp_out.c ****     ip_addr_copy(pcb->local_ip, *local_ip);
 2114              		.loc 1 1301 5
 2115 0baa 3B69     		ldr	r3, [r7, #16]
 2116 0bac 1A68     		ldr	r2, [r3]
 2117 0bae 7B68     		ldr	r3, [r7, #4]
 2118 0bb0 1A60     		str	r2, [r3]
 2119              	.L109:
 2120              	.LBE16:
1302:./lwip-2.1.2/src/core/tcp_out.c ****   }
1303:./lwip-2.1.2/src/core/tcp_out.c **** 
1304:./lwip-2.1.2/src/core/tcp_out.c ****   /* Handle the current segment not fitting within the window */
1305:./lwip-2.1.2/src/core/tcp_out.c ****   if (lwip_ntohl(seg->tcphdr->seqno) - pcb->lastack + seg->len > wnd) {
 2121              		.loc 1 1305 7
 2122 0bb2 7B6A     		ldr	r3, [r7, #36]
 2123 0bb4 DB68     		ldr	r3, [r3, #12]
 2124 0bb6 5B68     		ldr	r3, [r3, #4]	@ unaligned
 2125 0bb8 1846     		mov	r0, r3
 2126 0bba FFF7FEFF 		bl	lwip_htonl
 2127 0bbe 0246     		mov	r2, r0
 2128              		.loc 1 1305 43
 2129 0bc0 7B68     		ldr	r3, [r7, #4]
 2130 0bc2 5B6C     		ldr	r3, [r3, #68]
 2131              		.loc 1 1305 38
 2132 0bc4 D31A     		subs	r3, r2, r3
 2133              		.loc 1 1305 58
 2134 0bc6 7A6A     		ldr	r2, [r7, #36]
 2135 0bc8 1289     		ldrh	r2, [r2, #8]
 2136              		.loc 1 1305 53
 2137 0bca 1344     		add	r3, r3, r2
 2138              		.loc 1 1305 6
 2139 0bcc BA69     		ldr	r2, [r7, #24]
 2140 0bce 9A42     		cmp	r2, r3
 2141 0bd0 27D2     		bcs	.L113
1306:./lwip-2.1.2/src/core/tcp_out.c ****     /* We need to start the persistent timer when the next unsent segment does not fit
1307:./lwip-2.1.2/src/core/tcp_out.c ****      * within the remaining (could be 0) send window and RTO timer is not running (we
1308:./lwip-2.1.2/src/core/tcp_out.c ****      * have no in-flight data). If window is still too small after persist timer fires,
1309:./lwip-2.1.2/src/core/tcp_out.c ****      * then we split the segment. We don't consider the congestion window since a cwnd
1310:./lwip-2.1.2/src/core/tcp_out.c ****      * smaller than 1 SMSS implies in-flight data
1311:./lwip-2.1.2/src/core/tcp_out.c ****      */
1312:./lwip-2.1.2/src/core/tcp_out.c ****     if (wnd == pcb->snd_wnd && pcb->unacked == NULL && pcb->persist_backoff == 0) {
 2142              		.loc 1 1312 19
 2143 0bd2 7B68     		ldr	r3, [r7, #4]
 2144 0bd4 B3F86030 		ldrh	r3, [r3, #96]
 2145 0bd8 1A46     		mov	r2, r3
 2146              		.loc 1 1312 8
 2147 0bda BB69     		ldr	r3, [r7, #24]
 2148 0bdc 9342     		cmp	r3, r2
 2149 0bde 14D1     		bne	.L114
 2150              		.loc 1 1312 35 discriminator 1
 2151 0be0 7B68     		ldr	r3, [r7, #4]
 2152 0be2 1B6F     		ldr	r3, [r3, #112]
 2153              		.loc 1 1312 29 discriminator 1
 2154 0be4 002B     		cmp	r3, #0
 2155 0be6 10D1     		bne	.L114
 2156              		.loc 1 1312 59 discriminator 2
 2157 0be8 7B68     		ldr	r3, [r7, #4]
 2158 0bea 93F89930 		ldrb	r3, [r3, #153]	@ zero_extendqisi2
 2159              		.loc 1 1312 53 discriminator 2
 2160 0bee 002B     		cmp	r3, #0
 2161 0bf0 0BD1     		bne	.L114
1313:./lwip-2.1.2/src/core/tcp_out.c ****       pcb->persist_cnt = 0;
 2162              		.loc 1 1313 24
 2163 0bf2 7B68     		ldr	r3, [r7, #4]
 2164 0bf4 0022     		movs	r2, #0
 2165 0bf6 83F89820 		strb	r2, [r3, #152]
1314:./lwip-2.1.2/src/core/tcp_out.c ****       pcb->persist_backoff = 1;
 2166              		.loc 1 1314 28
 2167 0bfa 7B68     		ldr	r3, [r7, #4]
 2168 0bfc 0122     		movs	r2, #1
 2169 0bfe 83F89920 		strb	r2, [r3, #153]
1315:./lwip-2.1.2/src/core/tcp_out.c ****       pcb->persist_probe = 0;
 2170              		.loc 1 1315 26
 2171 0c02 7B68     		ldr	r3, [r7, #4]
 2172 0c04 0022     		movs	r2, #0
 2173 0c06 83F89A20 		strb	r2, [r3, #154]
 2174              	.L114:
1316:./lwip-2.1.2/src/core/tcp_out.c ****     }
1317:./lwip-2.1.2/src/core/tcp_out.c ****     /* We need an ACK, but can't send data now, so send an empty ACK */
1318:./lwip-2.1.2/src/core/tcp_out.c ****     if (pcb->flags & TF_ACK_NOW) {
 2175              		.loc 1 1318 12
 2176 0c0a 7B68     		ldr	r3, [r7, #4]
 2177 0c0c 5B8B     		ldrh	r3, [r3, #26]
 2178              		.loc 1 1318 20
 2179 0c0e 03F00203 		and	r3, r3, #2
 2180              		.loc 1 1318 8
 2181 0c12 002B     		cmp	r3, #0
 2182 0c14 00F02F81 		beq	.L143
1319:./lwip-2.1.2/src/core/tcp_out.c ****       return tcp_send_empty_ack(pcb);
 2183              		.loc 1 1319 14
 2184 0c18 7868     		ldr	r0, [r7, #4]
 2185 0c1a FFF7FEFF 		bl	tcp_send_empty_ack
 2186 0c1e 0346     		mov	r3, r0
 2187 0c20 34E1     		b	.L103
 2188              	.L113:
1320:./lwip-2.1.2/src/core/tcp_out.c ****     }
1321:./lwip-2.1.2/src/core/tcp_out.c ****     goto output_done;
1322:./lwip-2.1.2/src/core/tcp_out.c ****   }
1323:./lwip-2.1.2/src/core/tcp_out.c ****   /* Stop persist timer, above conditions are not active */
1324:./lwip-2.1.2/src/core/tcp_out.c ****   pcb->persist_backoff = 0;
 2189              		.loc 1 1324 24
 2190 0c22 7B68     		ldr	r3, [r7, #4]
 2191 0c24 0022     		movs	r2, #0
 2192 0c26 83F89920 		strb	r2, [r3, #153]
1325:./lwip-2.1.2/src/core/tcp_out.c **** 
1326:./lwip-2.1.2/src/core/tcp_out.c ****   /* useg should point to last segment on unacked queue */
1327:./lwip-2.1.2/src/core/tcp_out.c ****   useg = pcb->unacked;
 2193              		.loc 1 1327 8
 2194 0c2a 7B68     		ldr	r3, [r7, #4]
 2195 0c2c 1B6F     		ldr	r3, [r3, #112]
 2196 0c2e 3B62     		str	r3, [r7, #32]
1328:./lwip-2.1.2/src/core/tcp_out.c ****   if (useg != NULL) {
 2197              		.loc 1 1328 6
 2198 0c30 3B6A     		ldr	r3, [r7, #32]
 2199 0c32 002B     		cmp	r3, #0
 2200 0c34 00F0FE80 		beq	.L119
1329:./lwip-2.1.2/src/core/tcp_out.c ****     for (; useg->next != NULL; useg = useg->next);
 2201              		.loc 1 1329 5
 2202 0c38 02E0     		b	.L117
 2203              	.L118:
 2204              		.loc 1 1329 37 discriminator 2
 2205 0c3a 3B6A     		ldr	r3, [r7, #32]
 2206 0c3c 1B68     		ldr	r3, [r3]
 2207 0c3e 3B62     		str	r3, [r7, #32]
 2208              	.L117:
 2209              		.loc 1 1329 16 discriminator 1
 2210 0c40 3B6A     		ldr	r3, [r7, #32]
 2211 0c42 1B68     		ldr	r3, [r3]
 2212              		.loc 1 1329 5 discriminator 1
 2213 0c44 002B     		cmp	r3, #0
 2214 0c46 F8D1     		bne	.L118
1330:./lwip-2.1.2/src/core/tcp_out.c ****   }
1331:./lwip-2.1.2/src/core/tcp_out.c ****   /* data available and window allows it to be sent? */
1332:./lwip-2.1.2/src/core/tcp_out.c ****   while (seg != NULL &&
 2215              		.loc 1 1332 9
 2216 0c48 F4E0     		b	.L119
 2217              	.L141:
1333:./lwip-2.1.2/src/core/tcp_out.c ****          lwip_ntohl(seg->tcphdr->seqno) - pcb->lastack + seg->len <= wnd) {
1334:./lwip-2.1.2/src/core/tcp_out.c ****     LWIP_ASSERT("RST not expected here!",
1335:./lwip-2.1.2/src/core/tcp_out.c ****                 (TCPH_FLAGS(seg->tcphdr) & TCP_RST) == 0);
1336:./lwip-2.1.2/src/core/tcp_out.c ****     /* Stop sending if the nagle algorithm would prevent it
1337:./lwip-2.1.2/src/core/tcp_out.c ****      * Don't stop:
1338:./lwip-2.1.2/src/core/tcp_out.c ****      * - if tcp_write had a memory error before (prevent delayed ACK timeout) or
1339:./lwip-2.1.2/src/core/tcp_out.c ****      * - if FIN was already enqueued for this PCB (SYN is always alone in a segment -
1340:./lwip-2.1.2/src/core/tcp_out.c ****      *   either seg->next != NULL or pcb->unacked == NULL;
1341:./lwip-2.1.2/src/core/tcp_out.c ****      *   RST is no sent using tcp_write/tcp_output.
1342:./lwip-2.1.2/src/core/tcp_out.c ****      */
1343:./lwip-2.1.2/src/core/tcp_out.c ****     if ((tcp_do_output_nagle(pcb) == 0) &&
 2218              		.loc 1 1343 10
 2219 0c4a 7B68     		ldr	r3, [r7, #4]
 2220 0c4c 1B6F     		ldr	r3, [r3, #112]
 2221 0c4e 002B     		cmp	r3, #0
 2222 0c50 1FD0     		beq	.L120
 2223              		.loc 1 1343 10 is_stmt 0 discriminator 2
 2224 0c52 7B68     		ldr	r3, [r7, #4]
 2225 0c54 5B8B     		ldrh	r3, [r3, #26]
 2226 0c56 03F04403 		and	r3, r3, #68
 2227 0c5a 002B     		cmp	r3, #0
 2228 0c5c 19D1     		bne	.L120
 2229              		.loc 1 1343 10 discriminator 4
 2230 0c5e 7B68     		ldr	r3, [r7, #4]
 2231 0c60 DB6E     		ldr	r3, [r3, #108]
 2232 0c62 002B     		cmp	r3, #0
 2233 0c64 0BD0     		beq	.L121
 2234              		.loc 1 1343 10 discriminator 5
 2235 0c66 7B68     		ldr	r3, [r7, #4]
 2236 0c68 DB6E     		ldr	r3, [r3, #108]
 2237 0c6a 1B68     		ldr	r3, [r3]
 2238 0c6c 002B     		cmp	r3, #0
 2239 0c6e 10D1     		bne	.L120
 2240              		.loc 1 1343 10 discriminator 8
 2241 0c70 7B68     		ldr	r3, [r7, #4]
 2242 0c72 DB6E     		ldr	r3, [r3, #108]
 2243 0c74 1A89     		ldrh	r2, [r3, #8]
 2244 0c76 7B68     		ldr	r3, [r7, #4]
 2245 0c78 5B8E     		ldrh	r3, [r3, #50]
 2246 0c7a 9A42     		cmp	r2, r3
 2247 0c7c 09D2     		bcs	.L120
 2248              	.L121:
 2249              		.loc 1 1343 10 discriminator 10
 2250 0c7e 7B68     		ldr	r3, [r7, #4]
 2251 0c80 B3F86430 		ldrh	r3, [r3, #100]
 2252 0c84 002B     		cmp	r3, #0
 2253 0c86 04D0     		beq	.L120
 2254              		.loc 1 1343 10 discriminator 12
 2255 0c88 7B68     		ldr	r3, [r7, #4]
 2256 0c8a B3F86630 		ldrh	r3, [r3, #102]
 2257 0c8e 082B     		cmp	r3, #8
 2258 0c90 01D9     		bls	.L122
 2259              	.L120:
 2260              		.loc 1 1343 10 discriminator 13
 2261 0c92 0123     		movs	r3, #1
 2262 0c94 00E0     		b	.L123
 2263              	.L122:
 2264              		.loc 1 1343 10 discriminator 14
 2265 0c96 0023     		movs	r3, #0
 2266              	.L123:
 2267              		.loc 1 1343 8 is_stmt 1 discriminator 16
 2268 0c98 002B     		cmp	r3, #0
 2269 0c9a 06D1     		bne	.L124
1344:./lwip-2.1.2/src/core/tcp_out.c ****         ((pcb->flags & (TF_NAGLEMEMERR | TF_FIN)) == 0)) {
 2270              		.loc 1 1344 14 discriminator 17
 2271 0c9c 7B68     		ldr	r3, [r7, #4]
 2272 0c9e 5B8B     		ldrh	r3, [r3, #26]
 2273              		.loc 1 1344 22 discriminator 17
 2274 0ca0 03F0A003 		and	r3, r3, #160
1343:./lwip-2.1.2/src/core/tcp_out.c ****         ((pcb->flags & (TF_NAGLEMEMERR | TF_FIN)) == 0)) {
 2275              		.loc 1 1343 41 discriminator 17
 2276 0ca4 002B     		cmp	r3, #0
 2277 0ca6 00F0DA80 		beq	.L144
 2278              	.L124:
1345:./lwip-2.1.2/src/core/tcp_out.c ****       break;
1346:./lwip-2.1.2/src/core/tcp_out.c ****     }
1347:./lwip-2.1.2/src/core/tcp_out.c **** #if TCP_CWND_DEBUG
1348:./lwip-2.1.2/src/core/tcp_out.c ****     LWIP_DEBUGF(TCP_CWND_DEBUG, ("tcp_output: snd_wnd %"TCPWNDSIZE_F", cwnd %"TCPWNDSIZE_F", wnd %"
1349:./lwip-2.1.2/src/core/tcp_out.c ****                                  pcb->snd_wnd, pcb->cwnd, wnd,
1350:./lwip-2.1.2/src/core/tcp_out.c ****                                  lwip_ntohl(seg->tcphdr->seqno) + seg->len -
1351:./lwip-2.1.2/src/core/tcp_out.c ****                                  pcb->lastack,
1352:./lwip-2.1.2/src/core/tcp_out.c ****                                  lwip_ntohl(seg->tcphdr->seqno), pcb->lastack, i));
1353:./lwip-2.1.2/src/core/tcp_out.c ****     ++i;
1354:./lwip-2.1.2/src/core/tcp_out.c **** #endif /* TCP_CWND_DEBUG */
1355:./lwip-2.1.2/src/core/tcp_out.c **** 
1356:./lwip-2.1.2/src/core/tcp_out.c ****     if (pcb->state != SYN_SENT) {
 2279              		.loc 1 1356 12
 2280 0caa 7B68     		ldr	r3, [r7, #4]
 2281 0cac 1B7D     		ldrb	r3, [r3, #20]	@ zero_extendqisi2
 2282              		.loc 1 1356 8
 2283 0cae 022B     		cmp	r3, #2
 2284 0cb0 0DD0     		beq	.L126
1357:./lwip-2.1.2/src/core/tcp_out.c ****       TCPH_SET_FLAG(seg->tcphdr, TCP_ACK);
 2285              		.loc 1 1357 7
 2286 0cb2 7B6A     		ldr	r3, [r7, #36]
 2287 0cb4 DB68     		ldr	r3, [r3, #12]
 2288 0cb6 9B89     		ldrh	r3, [r3, #12]	@ unaligned
 2289 0cb8 9CB2     		uxth	r4, r3
 2290 0cba 1020     		movs	r0, #16
 2291 0cbc FFF7FEFF 		bl	lwip_htons
 2292 0cc0 0346     		mov	r3, r0
 2293 0cc2 1A46     		mov	r2, r3
 2294 0cc4 7B6A     		ldr	r3, [r7, #36]
 2295 0cc6 DB68     		ldr	r3, [r3, #12]
 2296 0cc8 2243     		orrs	r2, r2, r4
 2297 0cca 92B2     		uxth	r2, r2
 2298 0ccc 9A81     		strh	r2, [r3, #12]	@ unaligned
 2299              	.L126:
1358:./lwip-2.1.2/src/core/tcp_out.c ****     }
1359:./lwip-2.1.2/src/core/tcp_out.c **** 
1360:./lwip-2.1.2/src/core/tcp_out.c ****     err = tcp_output_segment(seg, pcb, netif);
 2300              		.loc 1 1360 11
 2301 0cce 7A69     		ldr	r2, [r7, #20]
 2302 0cd0 7968     		ldr	r1, [r7, #4]
 2303 0cd2 786A     		ldr	r0, [r7, #36]
 2304 0cd4 00F0F0F8 		bl	tcp_output_segment
 2305 0cd8 0346     		mov	r3, r0
 2306 0cda FB73     		strb	r3, [r7, #15]
1361:./lwip-2.1.2/src/core/tcp_out.c ****     if (err != ERR_OK) {
 2307              		.loc 1 1361 8
 2308 0cdc 97F90F30 		ldrsb	r3, [r7, #15]
 2309 0ce0 002B     		cmp	r3, #0
 2310 0ce2 09D0     		beq	.L127
1362:./lwip-2.1.2/src/core/tcp_out.c ****       /* segment could not be sent, for whatever reason */
1363:./lwip-2.1.2/src/core/tcp_out.c ****       tcp_set_flags(pcb, TF_NAGLEMEMERR);
 2311              		.loc 1 1363 7
 2312 0ce4 7B68     		ldr	r3, [r7, #4]
 2313 0ce6 5B8B     		ldrh	r3, [r3, #26]
 2314 0ce8 43F08003 		orr	r3, r3, #128
 2315 0cec 9AB2     		uxth	r2, r3
 2316 0cee 7B68     		ldr	r3, [r7, #4]
 2317 0cf0 5A83     		strh	r2, [r3, #26]	@ movhi
1364:./lwip-2.1.2/src/core/tcp_out.c ****       return err;
 2318              		.loc 1 1364 14
 2319 0cf2 97F90F30 		ldrsb	r3, [r7, #15]
 2320 0cf6 C9E0     		b	.L103
 2321              	.L127:
1365:./lwip-2.1.2/src/core/tcp_out.c ****     }
1366:./lwip-2.1.2/src/core/tcp_out.c **** #if TCP_OVERSIZE_DBGCHECK
1367:./lwip-2.1.2/src/core/tcp_out.c ****     seg->oversize_left = 0;
1368:./lwip-2.1.2/src/core/tcp_out.c **** #endif /* TCP_OVERSIZE_DBGCHECK */
1369:./lwip-2.1.2/src/core/tcp_out.c ****     pcb->unsent = seg->next;
 2322              		.loc 1 1369 22
 2323 0cf8 7B6A     		ldr	r3, [r7, #36]
 2324 0cfa 1A68     		ldr	r2, [r3]
 2325              		.loc 1 1369 17
 2326 0cfc 7B68     		ldr	r3, [r7, #4]
 2327 0cfe DA66     		str	r2, [r3, #108]
1370:./lwip-2.1.2/src/core/tcp_out.c ****     if (pcb->state != SYN_SENT) {
 2328              		.loc 1 1370 12
 2329 0d00 7B68     		ldr	r3, [r7, #4]
 2330 0d02 1B7D     		ldrb	r3, [r3, #20]	@ zero_extendqisi2
 2331              		.loc 1 1370 8
 2332 0d04 022B     		cmp	r3, #2
 2333 0d06 06D0     		beq	.L128
1371:./lwip-2.1.2/src/core/tcp_out.c ****       tcp_clear_flags(pcb, TF_ACK_DELAY | TF_ACK_NOW);
 2334              		.loc 1 1371 7
 2335 0d08 7B68     		ldr	r3, [r7, #4]
 2336 0d0a 5B8B     		ldrh	r3, [r3, #26]
 2337 0d0c 23F00303 		bic	r3, r3, #3
 2338 0d10 9AB2     		uxth	r2, r3
 2339 0d12 7B68     		ldr	r3, [r7, #4]
 2340 0d14 5A83     		strh	r2, [r3, #26]	@ movhi
 2341              	.L128:
1372:./lwip-2.1.2/src/core/tcp_out.c ****     }
1373:./lwip-2.1.2/src/core/tcp_out.c ****     snd_nxt = lwip_ntohl(seg->tcphdr->seqno) + TCP_TCPLEN(seg);
 2342              		.loc 1 1373 15
 2343 0d16 7B6A     		ldr	r3, [r7, #36]
 2344 0d18 DB68     		ldr	r3, [r3, #12]
 2345 0d1a 5B68     		ldr	r3, [r3, #4]	@ unaligned
 2346 0d1c 1846     		mov	r0, r3
 2347 0d1e FFF7FEFF 		bl	lwip_htonl
 2348 0d22 0446     		mov	r4, r0
 2349              		.loc 1 1373 48
 2350 0d24 7B6A     		ldr	r3, [r7, #36]
 2351 0d26 1B89     		ldrh	r3, [r3, #8]
 2352 0d28 1D46     		mov	r5, r3
 2353 0d2a 7B6A     		ldr	r3, [r7, #36]
 2354 0d2c DB68     		ldr	r3, [r3, #12]
 2355 0d2e 9B89     		ldrh	r3, [r3, #12]	@ unaligned
 2356 0d30 9BB2     		uxth	r3, r3
 2357 0d32 1846     		mov	r0, r3
 2358 0d34 FFF7FEFF 		bl	lwip_htons
 2359 0d38 0346     		mov	r3, r0
 2360 0d3a DBB2     		uxtb	r3, r3
 2361 0d3c 03F00303 		and	r3, r3, #3
 2362 0d40 002B     		cmp	r3, #0
 2363 0d42 01D0     		beq	.L129
 2364              		.loc 1 1373 48 is_stmt 0 discriminator 1
 2365 0d44 0123     		movs	r3, #1
 2366 0d46 00E0     		b	.L130
 2367              	.L129:
 2368              		.loc 1 1373 48 discriminator 2
 2369 0d48 0023     		movs	r3, #0
 2370              	.L130:
 2371              		.loc 1 1373 48 discriminator 4
 2372 0d4a 2B44     		add	r3, r3, r5
 2373              		.loc 1 1373 13 is_stmt 1 discriminator 4
 2374 0d4c 2344     		add	r3, r3, r4
 2375 0d4e BB60     		str	r3, [r7, #8]
1374:./lwip-2.1.2/src/core/tcp_out.c ****     if (TCP_SEQ_LT(pcb->snd_nxt, snd_nxt)) {
 2376              		.loc 1 1374 9 discriminator 4
 2377 0d50 7B68     		ldr	r3, [r7, #4]
 2378 0d52 1A6D     		ldr	r2, [r3, #80]
 2379 0d54 BB68     		ldr	r3, [r7, #8]
 2380 0d56 D31A     		subs	r3, r2, r3
 2381              		.loc 1 1374 8 discriminator 4
 2382 0d58 002B     		cmp	r3, #0
 2383 0d5a 02DA     		bge	.L131
1375:./lwip-2.1.2/src/core/tcp_out.c ****       pcb->snd_nxt = snd_nxt;
 2384              		.loc 1 1375 20
 2385 0d5c 7B68     		ldr	r3, [r7, #4]
 2386 0d5e BA68     		ldr	r2, [r7, #8]
 2387 0d60 1A65     		str	r2, [r3, #80]
 2388              	.L131:
1376:./lwip-2.1.2/src/core/tcp_out.c ****     }
1377:./lwip-2.1.2/src/core/tcp_out.c ****     /* put segment on unacknowledged list if length > 0 */
1378:./lwip-2.1.2/src/core/tcp_out.c ****     if (TCP_TCPLEN(seg) > 0) {
 2389              		.loc 1 1378 9
 2390 0d62 7B6A     		ldr	r3, [r7, #36]
 2391 0d64 1B89     		ldrh	r3, [r3, #8]
 2392 0d66 1C46     		mov	r4, r3
 2393 0d68 7B6A     		ldr	r3, [r7, #36]
 2394 0d6a DB68     		ldr	r3, [r3, #12]
 2395 0d6c 9B89     		ldrh	r3, [r3, #12]	@ unaligned
 2396 0d6e 9BB2     		uxth	r3, r3
 2397 0d70 1846     		mov	r0, r3
 2398 0d72 FFF7FEFF 		bl	lwip_htons
 2399 0d76 0346     		mov	r3, r0
 2400 0d78 DBB2     		uxtb	r3, r3
 2401 0d7a 03F00303 		and	r3, r3, #3
 2402 0d7e 002B     		cmp	r3, #0
 2403 0d80 04D0     		beq	.L132
 2404              		.loc 1 1378 9 is_stmt 0 discriminator 1
 2405 0d82 0123     		movs	r3, #1
 2406 0d84 03E0     		b	.L133
 2407              	.L147:
 2408 0d86 00BF     		.align	2
 2409              	.L146:
 2410 0d88 00000000 		.word	tcp_input_pcb
 2411              	.L132:
 2412              		.loc 1 1378 9 discriminator 2
 2413 0d8c 0023     		movs	r3, #0
 2414              	.L133:
 2415              		.loc 1 1378 9 discriminator 4
 2416 0d8e 2344     		add	r3, r3, r4
 2417              		.loc 1 1378 8 is_stmt 1 discriminator 4
 2418 0d90 002B     		cmp	r3, #0
 2419 0d92 49D0     		beq	.L134
1379:./lwip-2.1.2/src/core/tcp_out.c ****       seg->next = NULL;
 2420              		.loc 1 1379 17
 2421 0d94 7B6A     		ldr	r3, [r7, #36]
 2422 0d96 0022     		movs	r2, #0
 2423 0d98 1A60     		str	r2, [r3]
1380:./lwip-2.1.2/src/core/tcp_out.c ****       /* unacked list is empty? */
1381:./lwip-2.1.2/src/core/tcp_out.c ****       if (pcb->unacked == NULL) {
 2424              		.loc 1 1381 14
 2425 0d9a 7B68     		ldr	r3, [r7, #4]
 2426 0d9c 1B6F     		ldr	r3, [r3, #112]
 2427              		.loc 1 1381 10
 2428 0d9e 002B     		cmp	r3, #0
 2429 0da0 05D1     		bne	.L135
1382:./lwip-2.1.2/src/core/tcp_out.c ****         pcb->unacked = seg;
 2430              		.loc 1 1382 22
 2431 0da2 7B68     		ldr	r3, [r7, #4]
 2432 0da4 7A6A     		ldr	r2, [r7, #36]
 2433 0da6 1A67     		str	r2, [r3, #112]
1383:./lwip-2.1.2/src/core/tcp_out.c ****         useg = seg;
 2434              		.loc 1 1383 14
 2435 0da8 7B6A     		ldr	r3, [r7, #36]
 2436 0daa 3B62     		str	r3, [r7, #32]
 2437 0dac 3FE0     		b	.L136
 2438              	.L135:
1384:./lwip-2.1.2/src/core/tcp_out.c ****         /* unacked list is not empty? */
1385:./lwip-2.1.2/src/core/tcp_out.c ****       } else {
1386:./lwip-2.1.2/src/core/tcp_out.c ****         /* In the case of fast retransmit, the packet should not go to the tail
1387:./lwip-2.1.2/src/core/tcp_out.c ****          * of the unacked queue, but rather somewhere before it. We need to check for
1388:./lwip-2.1.2/src/core/tcp_out.c ****          * this case. -STJ Jul 27, 2004 */
1389:./lwip-2.1.2/src/core/tcp_out.c ****         if (TCP_SEQ_LT(lwip_ntohl(seg->tcphdr->seqno), lwip_ntohl(useg->tcphdr->seqno))) {
 2439              		.loc 1 1389 13
 2440 0dae 7B6A     		ldr	r3, [r7, #36]
 2441 0db0 DB68     		ldr	r3, [r3, #12]
 2442 0db2 5B68     		ldr	r3, [r3, #4]	@ unaligned
 2443 0db4 1846     		mov	r0, r3
 2444 0db6 FFF7FEFF 		bl	lwip_htonl
 2445 0dba 0446     		mov	r4, r0
 2446 0dbc 3B6A     		ldr	r3, [r7, #32]
 2447 0dbe DB68     		ldr	r3, [r3, #12]
 2448 0dc0 5B68     		ldr	r3, [r3, #4]	@ unaligned
 2449 0dc2 1846     		mov	r0, r3
 2450 0dc4 FFF7FEFF 		bl	lwip_htonl
 2451 0dc8 0346     		mov	r3, r0
 2452 0dca E31A     		subs	r3, r4, r3
 2453              		.loc 1 1389 12
 2454 0dcc 002B     		cmp	r3, #0
 2455 0dce 24DA     		bge	.L137
 2456              	.LBB17:
1390:./lwip-2.1.2/src/core/tcp_out.c ****           /* add segment to before tail of unacked list, keeping the list sorted */
1391:./lwip-2.1.2/src/core/tcp_out.c ****           struct tcp_seg **cur_seg = &(pcb->unacked);
 2457              		.loc 1 1391 28
 2458 0dd0 7B68     		ldr	r3, [r7, #4]
 2459 0dd2 7033     		adds	r3, r3, #112
 2460 0dd4 FB61     		str	r3, [r7, #28]
1392:./lwip-2.1.2/src/core/tcp_out.c ****           while (*cur_seg &&
 2461              		.loc 1 1392 17
 2462 0dd6 02E0     		b	.L138
 2463              	.L140:
1393:./lwip-2.1.2/src/core/tcp_out.c ****                  TCP_SEQ_LT(lwip_ntohl((*cur_seg)->tcphdr->seqno), lwip_ntohl(seg->tcphdr->seqno)))
1394:./lwip-2.1.2/src/core/tcp_out.c ****             cur_seg = &((*cur_seg)->next );
 2464              		.loc 1 1394 26
 2465 0dd8 FB69     		ldr	r3, [r7, #28]
 2466 0dda 1B68     		ldr	r3, [r3]
 2467              		.loc 1 1394 21
 2468 0ddc FB61     		str	r3, [r7, #28]
 2469              	.L138:
1392:./lwip-2.1.2/src/core/tcp_out.c ****           while (*cur_seg &&
 2470              		.loc 1 1392 18
 2471 0dde FB69     		ldr	r3, [r7, #28]
 2472 0de0 1B68     		ldr	r3, [r3]
1392:./lwip-2.1.2/src/core/tcp_out.c ****           while (*cur_seg &&
 2473              		.loc 1 1392 17
 2474 0de2 002B     		cmp	r3, #0
 2475 0de4 11D0     		beq	.L139
1393:./lwip-2.1.2/src/core/tcp_out.c ****                  TCP_SEQ_LT(lwip_ntohl((*cur_seg)->tcphdr->seqno), lwip_ntohl(seg->tcphdr->seqno)))
 2476              		.loc 1 1393 18 discriminator 1
 2477 0de6 FB69     		ldr	r3, [r7, #28]
 2478 0de8 1B68     		ldr	r3, [r3]
 2479 0dea DB68     		ldr	r3, [r3, #12]
 2480 0dec 5B68     		ldr	r3, [r3, #4]	@ unaligned
 2481 0dee 1846     		mov	r0, r3
 2482 0df0 FFF7FEFF 		bl	lwip_htonl
 2483 0df4 0446     		mov	r4, r0
 2484 0df6 7B6A     		ldr	r3, [r7, #36]
 2485 0df8 DB68     		ldr	r3, [r3, #12]
 2486 0dfa 5B68     		ldr	r3, [r3, #4]	@ unaligned
 2487 0dfc 1846     		mov	r0, r3
 2488 0dfe FFF7FEFF 		bl	lwip_htonl
 2489 0e02 0346     		mov	r3, r0
 2490 0e04 E31A     		subs	r3, r4, r3
1392:./lwip-2.1.2/src/core/tcp_out.c ****           while (*cur_seg &&
 2491              		.loc 1 1392 27 discriminator 1
 2492 0e06 002B     		cmp	r3, #0
 2493 0e08 E6DB     		blt	.L140
 2494              	.L139:
1395:./lwip-2.1.2/src/core/tcp_out.c ****           }
1396:./lwip-2.1.2/src/core/tcp_out.c ****           seg->next = (*cur_seg);
 2495              		.loc 1 1396 24
 2496 0e0a FB69     		ldr	r3, [r7, #28]
 2497 0e0c 1A68     		ldr	r2, [r3]
 2498              		.loc 1 1396 21
 2499 0e0e 7B6A     		ldr	r3, [r7, #36]
 2500 0e10 1A60     		str	r2, [r3]
1397:./lwip-2.1.2/src/core/tcp_out.c ****           (*cur_seg) = seg;
 2501              		.loc 1 1397 22
 2502 0e12 FB69     		ldr	r3, [r7, #28]
 2503 0e14 7A6A     		ldr	r2, [r7, #36]
 2504 0e16 1A60     		str	r2, [r3]
 2505              	.LBE17:
 2506 0e18 09E0     		b	.L136
 2507              	.L137:
1398:./lwip-2.1.2/src/core/tcp_out.c ****         } else {
1399:./lwip-2.1.2/src/core/tcp_out.c ****           /* add segment to tail of unacked list */
1400:./lwip-2.1.2/src/core/tcp_out.c ****           useg->next = seg;
 2508              		.loc 1 1400 22
 2509 0e1a 3B6A     		ldr	r3, [r7, #32]
 2510 0e1c 7A6A     		ldr	r2, [r7, #36]
 2511 0e1e 1A60     		str	r2, [r3]
1401:./lwip-2.1.2/src/core/tcp_out.c ****           useg = useg->next;
 2512              		.loc 1 1401 16
 2513 0e20 3B6A     		ldr	r3, [r7, #32]
 2514 0e22 1B68     		ldr	r3, [r3]
 2515 0e24 3B62     		str	r3, [r7, #32]
 2516 0e26 02E0     		b	.L136
 2517              	.L134:
1402:./lwip-2.1.2/src/core/tcp_out.c ****         }
1403:./lwip-2.1.2/src/core/tcp_out.c ****       }
1404:./lwip-2.1.2/src/core/tcp_out.c ****       /* do not queue empty segments on the unacked list */
1405:./lwip-2.1.2/src/core/tcp_out.c ****     } else {
1406:./lwip-2.1.2/src/core/tcp_out.c ****       tcp_seg_free(seg);
 2518              		.loc 1 1406 7
 2519 0e28 786A     		ldr	r0, [r7, #36]
 2520 0e2a FFF7FEFF 		bl	tcp_seg_free
 2521              	.L136:
1407:./lwip-2.1.2/src/core/tcp_out.c ****     }
1408:./lwip-2.1.2/src/core/tcp_out.c ****     seg = pcb->unsent;
 2522              		.loc 1 1408 9
 2523 0e2e 7B68     		ldr	r3, [r7, #4]
 2524 0e30 DB6E     		ldr	r3, [r3, #108]
 2525 0e32 7B62     		str	r3, [r7, #36]
 2526              	.L119:
1332:./lwip-2.1.2/src/core/tcp_out.c ****          lwip_ntohl(seg->tcphdr->seqno) - pcb->lastack + seg->len <= wnd) {
 2527              		.loc 1 1332 9
 2528 0e34 7B6A     		ldr	r3, [r7, #36]
 2529 0e36 002B     		cmp	r3, #0
 2530 0e38 12D0     		beq	.L125
1333:./lwip-2.1.2/src/core/tcp_out.c ****     LWIP_ASSERT("RST not expected here!",
 2531              		.loc 1 1333 10 discriminator 1
 2532 0e3a 7B6A     		ldr	r3, [r7, #36]
 2533 0e3c DB68     		ldr	r3, [r3, #12]
 2534 0e3e 5B68     		ldr	r3, [r3, #4]	@ unaligned
 2535 0e40 1846     		mov	r0, r3
 2536 0e42 FFF7FEFF 		bl	lwip_htonl
 2537 0e46 0246     		mov	r2, r0
1333:./lwip-2.1.2/src/core/tcp_out.c ****     LWIP_ASSERT("RST not expected here!",
 2538              		.loc 1 1333 46 discriminator 1
 2539 0e48 7B68     		ldr	r3, [r7, #4]
 2540 0e4a 5B6C     		ldr	r3, [r3, #68]
1333:./lwip-2.1.2/src/core/tcp_out.c ****     LWIP_ASSERT("RST not expected here!",
 2541              		.loc 1 1333 41 discriminator 1
 2542 0e4c D31A     		subs	r3, r2, r3
1333:./lwip-2.1.2/src/core/tcp_out.c ****     LWIP_ASSERT("RST not expected here!",
 2543              		.loc 1 1333 61 discriminator 1
 2544 0e4e 7A6A     		ldr	r2, [r7, #36]
 2545 0e50 1289     		ldrh	r2, [r2, #8]
1333:./lwip-2.1.2/src/core/tcp_out.c ****     LWIP_ASSERT("RST not expected here!",
 2546              		.loc 1 1333 56 discriminator 1
 2547 0e52 1344     		add	r3, r3, r2
1332:./lwip-2.1.2/src/core/tcp_out.c ****          lwip_ntohl(seg->tcphdr->seqno) - pcb->lastack + seg->len <= wnd) {
 2548              		.loc 1 1332 22 discriminator 1
 2549 0e54 BA69     		ldr	r2, [r7, #24]
 2550 0e56 9A42     		cmp	r2, r3
 2551 0e58 BFF4F7AE 		bcs	.L141
 2552 0e5c 00E0     		b	.L125
 2553              	.L144:
1345:./lwip-2.1.2/src/core/tcp_out.c ****     }
 2554              		.loc 1 1345 7
 2555 0e5e 00BF     		nop
 2556              	.L125:
1409:./lwip-2.1.2/src/core/tcp_out.c ****   }
1410:./lwip-2.1.2/src/core/tcp_out.c **** #if TCP_OVERSIZE
1411:./lwip-2.1.2/src/core/tcp_out.c ****   if (pcb->unsent == NULL) {
 2557              		.loc 1 1411 10
 2558 0e60 7B68     		ldr	r3, [r7, #4]
 2559 0e62 DB6E     		ldr	r3, [r3, #108]
 2560              		.loc 1 1411 6
 2561 0e64 002B     		cmp	r3, #0
 2562 0e66 08D1     		bne	.L145
1412:./lwip-2.1.2/src/core/tcp_out.c ****     /* last unsent has been removed, reset unsent_oversize */
1413:./lwip-2.1.2/src/core/tcp_out.c ****     pcb->unsent_oversize = 0;
 2563              		.loc 1 1413 26
 2564 0e68 7B68     		ldr	r3, [r7, #4]
 2565 0e6a 0022     		movs	r2, #0
 2566 0e6c A3F86820 		strh	r2, [r3, #104]	@ movhi
 2567 0e70 04E0     		b	.L106
 2568              	.L142:
1280:./lwip-2.1.2/src/core/tcp_out.c ****   } else {
 2569              		.loc 1 1280 5
 2570 0e72 00BF     		nop
 2571 0e74 02E0     		b	.L106
 2572              	.L143:
1321:./lwip-2.1.2/src/core/tcp_out.c ****   }
 2573              		.loc 1 1321 5
 2574 0e76 00BF     		nop
 2575 0e78 00E0     		b	.L106
 2576              	.L145:
1414:./lwip-2.1.2/src/core/tcp_out.c ****   }
1415:./lwip-2.1.2/src/core/tcp_out.c **** #endif /* TCP_OVERSIZE */
1416:./lwip-2.1.2/src/core/tcp_out.c **** 
1417:./lwip-2.1.2/src/core/tcp_out.c **** output_done:
 2577              		.loc 1 1417 1
 2578 0e7a 00BF     		nop
 2579              	.L106:
1418:./lwip-2.1.2/src/core/tcp_out.c ****   tcp_clear_flags(pcb, TF_NAGLEMEMERR);
 2580              		.loc 1 1418 3
 2581 0e7c 7B68     		ldr	r3, [r7, #4]
 2582 0e7e 5B8B     		ldrh	r3, [r3, #26]
 2583 0e80 23F08003 		bic	r3, r3, #128
 2584 0e84 9AB2     		uxth	r2, r3
 2585 0e86 7B68     		ldr	r3, [r7, #4]
 2586 0e88 5A83     		strh	r2, [r3, #26]	@ movhi
1419:./lwip-2.1.2/src/core/tcp_out.c ****   return ERR_OK;
 2587              		.loc 1 1419 10
 2588 0e8a 0023     		movs	r3, #0
 2589              	.L103:
1420:./lwip-2.1.2/src/core/tcp_out.c **** }
 2590              		.loc 1 1420 1
 2591 0e8c 1846     		mov	r0, r3
 2592 0e8e 2837     		adds	r7, r7, #40
 2593              	.LCFI44:
 2594              		.cfi_def_cfa_offset 16
 2595 0e90 BD46     		mov	sp, r7
 2596              	.LCFI45:
 2597              		.cfi_def_cfa_register 13
 2598              		@ sp needed
 2599 0e92 B0BD     		pop	{r4, r5, r7, pc}
 2600              		.cfi_endproc
 2601              	.LFE33:
 2603              		.align	1
 2604              		.syntax unified
 2605              		.thumb
 2606              		.thumb_func
 2607              		.fpu fpv5-d16
 2609              	tcp_output_segment_busy:
 2610              	.LFB34:
1421:./lwip-2.1.2/src/core/tcp_out.c **** 
1422:./lwip-2.1.2/src/core/tcp_out.c **** /** Check if a segment's pbufs are used by someone else than TCP.
1423:./lwip-2.1.2/src/core/tcp_out.c ****  * This can happen on retransmission if the pbuf of this segment is still
1424:./lwip-2.1.2/src/core/tcp_out.c ****  * referenced by the netif driver due to deferred transmission.
1425:./lwip-2.1.2/src/core/tcp_out.c ****  * This is the case (only!) if someone down the TX call path called
1426:./lwip-2.1.2/src/core/tcp_out.c ****  * pbuf_ref() on one of the pbufs!
1427:./lwip-2.1.2/src/core/tcp_out.c ****  *
1428:./lwip-2.1.2/src/core/tcp_out.c ****  * @arg seg the tcp segment to check
1429:./lwip-2.1.2/src/core/tcp_out.c ****  * @return 1 if ref != 1, 0 if ref == 1
1430:./lwip-2.1.2/src/core/tcp_out.c ****  */
1431:./lwip-2.1.2/src/core/tcp_out.c **** static int
1432:./lwip-2.1.2/src/core/tcp_out.c **** tcp_output_segment_busy(const struct tcp_seg *seg)
1433:./lwip-2.1.2/src/core/tcp_out.c **** {
 2611              		.loc 1 1433 1
 2612              		.cfi_startproc
 2613              		@ args = 0, pretend = 0, frame = 8
 2614              		@ frame_needed = 1, uses_anonymous_args = 0
 2615              		@ link register save eliminated.
 2616 0e94 80B4     		push	{r7}
 2617              	.LCFI46:
 2618              		.cfi_def_cfa_offset 4
 2619              		.cfi_offset 7, -4
 2620 0e96 83B0     		sub	sp, sp, #12
 2621              	.LCFI47:
 2622              		.cfi_def_cfa_offset 16
 2623 0e98 00AF     		add	r7, sp, #0
 2624              	.LCFI48:
 2625              		.cfi_def_cfa_register 7
 2626 0e9a 7860     		str	r0, [r7, #4]
1434:./lwip-2.1.2/src/core/tcp_out.c ****   LWIP_ASSERT("tcp_output_segment_busy: invalid seg", seg != NULL);
1435:./lwip-2.1.2/src/core/tcp_out.c **** 
1436:./lwip-2.1.2/src/core/tcp_out.c ****   /* We only need to check the first pbuf here:
1437:./lwip-2.1.2/src/core/tcp_out.c ****      If a pbuf is queued for transmission, a driver calls pbuf_ref(),
1438:./lwip-2.1.2/src/core/tcp_out.c ****      which only changes the ref count of the first pbuf */
1439:./lwip-2.1.2/src/core/tcp_out.c ****   if (seg->p->ref != 1) {
 2627              		.loc 1 1439 10
 2628 0e9c 7B68     		ldr	r3, [r7, #4]
 2629 0e9e 5B68     		ldr	r3, [r3, #4]
 2630              		.loc 1 1439 13
 2631 0ea0 9B7B     		ldrb	r3, [r3, #14]	@ zero_extendqisi2
 2632              		.loc 1 1439 6
 2633 0ea2 012B     		cmp	r3, #1
 2634 0ea4 01D0     		beq	.L149
1440:./lwip-2.1.2/src/core/tcp_out.c ****     /* other reference found */
1441:./lwip-2.1.2/src/core/tcp_out.c ****     return 1;
 2635              		.loc 1 1441 12
 2636 0ea6 0123     		movs	r3, #1
 2637 0ea8 00E0     		b	.L150
 2638              	.L149:
1442:./lwip-2.1.2/src/core/tcp_out.c ****   }
1443:./lwip-2.1.2/src/core/tcp_out.c ****   /* no other references found */
1444:./lwip-2.1.2/src/core/tcp_out.c ****   return 0;
 2639              		.loc 1 1444 10
 2640 0eaa 0023     		movs	r3, #0
 2641              	.L150:
1445:./lwip-2.1.2/src/core/tcp_out.c **** }
 2642              		.loc 1 1445 1
 2643 0eac 1846     		mov	r0, r3
 2644 0eae 0C37     		adds	r7, r7, #12
 2645              	.LCFI49:
 2646              		.cfi_def_cfa_offset 4
 2647 0eb0 BD46     		mov	sp, r7
 2648              	.LCFI50:
 2649              		.cfi_def_cfa_register 13
 2650              		@ sp needed
 2651 0eb2 5DF8047B 		ldr	r7, [sp], #4
 2652              	.LCFI51:
 2653              		.cfi_restore 7
 2654              		.cfi_def_cfa_offset 0
 2655 0eb6 7047     		bx	lr
 2656              		.cfi_endproc
 2657              	.LFE34:
 2659              		.align	1
 2660              		.syntax unified
 2661              		.thumb
 2662              		.thumb_func
 2663              		.fpu fpv5-d16
 2665              	tcp_output_segment:
 2666              	.LFB35:
1446:./lwip-2.1.2/src/core/tcp_out.c **** 
1447:./lwip-2.1.2/src/core/tcp_out.c **** /**
1448:./lwip-2.1.2/src/core/tcp_out.c ****  * Called by tcp_output() to actually send a TCP segment over IP.
1449:./lwip-2.1.2/src/core/tcp_out.c ****  *
1450:./lwip-2.1.2/src/core/tcp_out.c ****  * @param seg the tcp_seg to send
1451:./lwip-2.1.2/src/core/tcp_out.c ****  * @param pcb the tcp_pcb for the TCP connection used to send the segment
1452:./lwip-2.1.2/src/core/tcp_out.c ****  * @param netif the netif used to send the segment
1453:./lwip-2.1.2/src/core/tcp_out.c ****  */
1454:./lwip-2.1.2/src/core/tcp_out.c **** static err_t
1455:./lwip-2.1.2/src/core/tcp_out.c **** tcp_output_segment(struct tcp_seg *seg, struct tcp_pcb *pcb, struct netif *netif)
1456:./lwip-2.1.2/src/core/tcp_out.c **** {
 2667              		.loc 1 1456 1
 2668              		.cfi_startproc
 2669              		@ args = 0, pretend = 0, frame = 32
 2670              		@ frame_needed = 1, uses_anonymous_args = 0
 2671 0eb8 B0B5     		push	{r4, r5, r7, lr}
 2672              	.LCFI52:
 2673              		.cfi_def_cfa_offset 16
 2674              		.cfi_offset 4, -16
 2675              		.cfi_offset 5, -12
 2676              		.cfi_offset 7, -8
 2677              		.cfi_offset 14, -4
 2678 0eba 8CB0     		sub	sp, sp, #48
 2679              	.LCFI53:
 2680              		.cfi_def_cfa_offset 64
 2681 0ebc 04AF     		add	r7, sp, #16
 2682              	.LCFI54:
 2683              		.cfi_def_cfa 7, 48
 2684 0ebe F860     		str	r0, [r7, #12]
 2685 0ec0 B960     		str	r1, [r7, #8]
 2686 0ec2 7A60     		str	r2, [r7, #4]
1457:./lwip-2.1.2/src/core/tcp_out.c ****   err_t err;
1458:./lwip-2.1.2/src/core/tcp_out.c ****   u16_t len;
1459:./lwip-2.1.2/src/core/tcp_out.c ****   u32_t *opts;
1460:./lwip-2.1.2/src/core/tcp_out.c **** #if TCP_CHECKSUM_ON_COPY
1461:./lwip-2.1.2/src/core/tcp_out.c ****   int seg_chksum_was_swapped = 0;
1462:./lwip-2.1.2/src/core/tcp_out.c **** #endif
1463:./lwip-2.1.2/src/core/tcp_out.c **** 
1464:./lwip-2.1.2/src/core/tcp_out.c ****   LWIP_ASSERT("tcp_output_segment: invalid seg", seg != NULL);
1465:./lwip-2.1.2/src/core/tcp_out.c ****   LWIP_ASSERT("tcp_output_segment: invalid pcb", pcb != NULL);
1466:./lwip-2.1.2/src/core/tcp_out.c ****   LWIP_ASSERT("tcp_output_segment: invalid netif", netif != NULL);
1467:./lwip-2.1.2/src/core/tcp_out.c **** 
1468:./lwip-2.1.2/src/core/tcp_out.c ****   if (tcp_output_segment_busy(seg)) {
 2687              		.loc 1 1468 7
 2688 0ec4 F868     		ldr	r0, [r7, #12]
 2689 0ec6 FFF7E5FF 		bl	tcp_output_segment_busy
 2690 0eca 0346     		mov	r3, r0
 2691              		.loc 1 1468 6
 2692 0ecc 002B     		cmp	r3, #0
 2693 0ece 01D0     		beq	.L152
1469:./lwip-2.1.2/src/core/tcp_out.c ****     /* This should not happen: rexmit functions should have checked this.
1470:./lwip-2.1.2/src/core/tcp_out.c ****        However, since this function modifies p->len, we must not continue in this case. */
1471:./lwip-2.1.2/src/core/tcp_out.c ****     LWIP_DEBUGF(TCP_RTO_DEBUG | LWIP_DBG_LEVEL_SERIOUS, ("tcp_output_segment: segment busy\n"));
1472:./lwip-2.1.2/src/core/tcp_out.c ****     return ERR_OK;
 2694              		.loc 1 1472 12
 2695 0ed0 0023     		movs	r3, #0
 2696 0ed2 8BE0     		b	.L153
 2697              	.L152:
1473:./lwip-2.1.2/src/core/tcp_out.c ****   }
1474:./lwip-2.1.2/src/core/tcp_out.c **** 
1475:./lwip-2.1.2/src/core/tcp_out.c ****   /* The TCP header has already been constructed, but the ackno and
1476:./lwip-2.1.2/src/core/tcp_out.c ****    wnd fields remain. */
1477:./lwip-2.1.2/src/core/tcp_out.c ****   seg->tcphdr->ackno = lwip_htonl(pcb->rcv_nxt);
 2698              		.loc 1 1477 24
 2699 0ed4 BB68     		ldr	r3, [r7, #8]
 2700 0ed6 5A6A     		ldr	r2, [r3, #36]
 2701              		.loc 1 1477 6
 2702 0ed8 FB68     		ldr	r3, [r7, #12]
 2703 0eda DC68     		ldr	r4, [r3, #12]
 2704              		.loc 1 1477 24
 2705 0edc 1046     		mov	r0, r2
 2706 0ede FFF7FEFF 		bl	lwip_htonl
 2707 0ee2 0346     		mov	r3, r0
 2708              		.loc 1 1477 22
 2709 0ee4 A360     		str	r3, [r4, #8]	@ unaligned
1478:./lwip-2.1.2/src/core/tcp_out.c **** 
1479:./lwip-2.1.2/src/core/tcp_out.c ****   /* advertise our receive window size in this TCP segment */
1480:./lwip-2.1.2/src/core/tcp_out.c **** #if LWIP_WND_SCALE
1481:./lwip-2.1.2/src/core/tcp_out.c ****   if (seg->flags & TF_SEG_OPTS_WND_SCALE) {
1482:./lwip-2.1.2/src/core/tcp_out.c ****     /* The Window field in a SYN segment itself (the only type where we send
1483:./lwip-2.1.2/src/core/tcp_out.c ****        the window scale option) is never scaled. */
1484:./lwip-2.1.2/src/core/tcp_out.c ****     seg->tcphdr->wnd = lwip_htons(TCPWND_MIN16(pcb->rcv_ann_wnd));
1485:./lwip-2.1.2/src/core/tcp_out.c ****   } else
1486:./lwip-2.1.2/src/core/tcp_out.c **** #endif /* LWIP_WND_SCALE */
1487:./lwip-2.1.2/src/core/tcp_out.c ****   {
1488:./lwip-2.1.2/src/core/tcp_out.c ****     seg->tcphdr->wnd = lwip_htons(TCPWND_MIN16(RCV_WND_SCALE(pcb, pcb->rcv_ann_wnd)));
 2710              		.loc 1 1488 24
 2711 0ee6 BB68     		ldr	r3, [r7, #8]
 2712 0ee8 5A8D     		ldrh	r2, [r3, #42]
 2713              		.loc 1 1488 8
 2714 0eea FB68     		ldr	r3, [r7, #12]
 2715 0eec DC68     		ldr	r4, [r3, #12]
 2716              		.loc 1 1488 24
 2717 0eee 1046     		mov	r0, r2
 2718 0ef0 FFF7FEFF 		bl	lwip_htons
 2719 0ef4 0346     		mov	r3, r0
 2720              		.loc 1 1488 22
 2721 0ef6 E381     		strh	r3, [r4, #14]	@ unaligned
1489:./lwip-2.1.2/src/core/tcp_out.c ****   }
1490:./lwip-2.1.2/src/core/tcp_out.c **** 
1491:./lwip-2.1.2/src/core/tcp_out.c ****   pcb->rcv_ann_right_edge = pcb->rcv_nxt + pcb->rcv_ann_wnd;
 2722              		.loc 1 1491 32
 2723 0ef8 BB68     		ldr	r3, [r7, #8]
 2724 0efa 5B6A     		ldr	r3, [r3, #36]
 2725              		.loc 1 1491 47
 2726 0efc BA68     		ldr	r2, [r7, #8]
 2727 0efe 528D     		ldrh	r2, [r2, #42]
 2728              		.loc 1 1491 42
 2729 0f00 1A44     		add	r2, r2, r3
 2730              		.loc 1 1491 27
 2731 0f02 BB68     		ldr	r3, [r7, #8]
 2732 0f04 DA62     		str	r2, [r3, #44]
1492:./lwip-2.1.2/src/core/tcp_out.c **** 
1493:./lwip-2.1.2/src/core/tcp_out.c ****   /* Add any requested options.  NB MSS option is only set on SYN
1494:./lwip-2.1.2/src/core/tcp_out.c ****      packets, so ignore it here */
1495:./lwip-2.1.2/src/core/tcp_out.c ****   /* cast through void* to get rid of alignment warnings */
1496:./lwip-2.1.2/src/core/tcp_out.c ****   opts = (u32_t *)(void *)(seg->tcphdr + 1);
 2733              		.loc 1 1496 31
 2734 0f06 FB68     		ldr	r3, [r7, #12]
 2735 0f08 DB68     		ldr	r3, [r3, #12]
 2736              		.loc 1 1496 8
 2737 0f0a 1433     		adds	r3, r3, #20
 2738 0f0c FB61     		str	r3, [r7, #28]
1497:./lwip-2.1.2/src/core/tcp_out.c ****   if (seg->flags & TF_SEG_OPTS_MSS) {
 2739              		.loc 1 1497 10
 2740 0f0e FB68     		ldr	r3, [r7, #12]
 2741 0f10 9B7A     		ldrb	r3, [r3, #10]	@ zero_extendqisi2
 2742              		.loc 1 1497 18
 2743 0f12 03F00103 		and	r3, r3, #1
 2744              		.loc 1 1497 6
 2745 0f16 002B     		cmp	r3, #0
 2746 0f18 15D0     		beq	.L154
 2747              	.LBB18:
1498:./lwip-2.1.2/src/core/tcp_out.c ****     u16_t mss;
1499:./lwip-2.1.2/src/core/tcp_out.c **** #if TCP_CALCULATE_EFF_SEND_MSS
1500:./lwip-2.1.2/src/core/tcp_out.c ****     mss = tcp_eff_send_mss_netif(TCP_MSS, netif, &pcb->remote_ip);
 2748              		.loc 1 1500 50
 2749 0f1a BB68     		ldr	r3, [r7, #8]
 2750 0f1c 0433     		adds	r3, r3, #4
 2751              		.loc 1 1500 11
 2752 0f1e 1A46     		mov	r2, r3
 2753 0f20 7968     		ldr	r1, [r7, #4]
 2754 0f22 4FF40670 		mov	r0, #536
 2755 0f26 FFF7FEFF 		bl	tcp_eff_send_mss_netif
 2756 0f2a 0346     		mov	r3, r0
 2757 0f2c 7B83     		strh	r3, [r7, #26]	@ movhi
1501:./lwip-2.1.2/src/core/tcp_out.c **** #else /* TCP_CALCULATE_EFF_SEND_MSS */
1502:./lwip-2.1.2/src/core/tcp_out.c ****     mss = TCP_MSS;
1503:./lwip-2.1.2/src/core/tcp_out.c **** #endif /* TCP_CALCULATE_EFF_SEND_MSS */
1504:./lwip-2.1.2/src/core/tcp_out.c ****     *opts = TCP_BUILD_MSS_OPTION(mss);
 2758              		.loc 1 1504 13
 2759 0f2e 7B8B     		ldrh	r3, [r7, #26]
 2760 0f30 43F00173 		orr	r3, r3, #33816576
 2761 0f34 1846     		mov	r0, r3
 2762 0f36 FFF7FEFF 		bl	lwip_htonl
 2763 0f3a 0246     		mov	r2, r0
 2764              		.loc 1 1504 11
 2765 0f3c FB69     		ldr	r3, [r7, #28]
 2766 0f3e 1A60     		str	r2, [r3]
1505:./lwip-2.1.2/src/core/tcp_out.c ****     opts += 1;
 2767              		.loc 1 1505 10
 2768 0f40 FB69     		ldr	r3, [r7, #28]
 2769 0f42 0433     		adds	r3, r3, #4
 2770 0f44 FB61     		str	r3, [r7, #28]
 2771              	.L154:
 2772              	.LBE18:
1506:./lwip-2.1.2/src/core/tcp_out.c ****   }
1507:./lwip-2.1.2/src/core/tcp_out.c **** #if LWIP_TCP_TIMESTAMPS
1508:./lwip-2.1.2/src/core/tcp_out.c ****   pcb->ts_lastacksent = pcb->rcv_nxt;
1509:./lwip-2.1.2/src/core/tcp_out.c **** 
1510:./lwip-2.1.2/src/core/tcp_out.c ****   if (seg->flags & TF_SEG_OPTS_TS) {
1511:./lwip-2.1.2/src/core/tcp_out.c ****     tcp_build_timestamp_option(pcb, opts);
1512:./lwip-2.1.2/src/core/tcp_out.c ****     opts += 3;
1513:./lwip-2.1.2/src/core/tcp_out.c ****   }
1514:./lwip-2.1.2/src/core/tcp_out.c **** #endif
1515:./lwip-2.1.2/src/core/tcp_out.c **** #if LWIP_WND_SCALE
1516:./lwip-2.1.2/src/core/tcp_out.c ****   if (seg->flags & TF_SEG_OPTS_WND_SCALE) {
1517:./lwip-2.1.2/src/core/tcp_out.c ****     tcp_build_wnd_scale_option(opts);
1518:./lwip-2.1.2/src/core/tcp_out.c ****     opts += 1;
1519:./lwip-2.1.2/src/core/tcp_out.c ****   }
1520:./lwip-2.1.2/src/core/tcp_out.c **** #endif
1521:./lwip-2.1.2/src/core/tcp_out.c **** #if LWIP_TCP_SACK_OUT
1522:./lwip-2.1.2/src/core/tcp_out.c ****   if (seg->flags & TF_SEG_OPTS_SACK_PERM) {
1523:./lwip-2.1.2/src/core/tcp_out.c ****     /* Pad with two NOP options to make everything nicely aligned
1524:./lwip-2.1.2/src/core/tcp_out.c ****      * NOTE: When we send both timestamp and SACK_PERM options,
1525:./lwip-2.1.2/src/core/tcp_out.c ****      * we could use the first two NOPs before the timestamp to store SACK_PERM option,
1526:./lwip-2.1.2/src/core/tcp_out.c ****      * but that would complicate the code.
1527:./lwip-2.1.2/src/core/tcp_out.c ****      */
1528:./lwip-2.1.2/src/core/tcp_out.c ****     *(opts++) = PP_HTONL(0x01010402);
1529:./lwip-2.1.2/src/core/tcp_out.c ****   }
1530:./lwip-2.1.2/src/core/tcp_out.c **** #endif
1531:./lwip-2.1.2/src/core/tcp_out.c **** 
1532:./lwip-2.1.2/src/core/tcp_out.c ****   /* Set retransmission timer running if it is not currently enabled
1533:./lwip-2.1.2/src/core/tcp_out.c ****      This must be set before checking the route. */
1534:./lwip-2.1.2/src/core/tcp_out.c ****   if (pcb->rtime < 0) {
 2773              		.loc 1 1534 10
 2774 0f46 BB68     		ldr	r3, [r7, #8]
 2775 0f48 B3F93030 		ldrsh	r3, [r3, #48]
 2776              		.loc 1 1534 6
 2777 0f4c 002B     		cmp	r3, #0
 2778 0f4e 02DA     		bge	.L155
1535:./lwip-2.1.2/src/core/tcp_out.c ****     pcb->rtime = 0;
 2779              		.loc 1 1535 16
 2780 0f50 BB68     		ldr	r3, [r7, #8]
 2781 0f52 0022     		movs	r2, #0
 2782 0f54 1A86     		strh	r2, [r3, #48]	@ movhi
 2783              	.L155:
1536:./lwip-2.1.2/src/core/tcp_out.c ****   }
1537:./lwip-2.1.2/src/core/tcp_out.c **** 
1538:./lwip-2.1.2/src/core/tcp_out.c ****   if (pcb->rttest == 0) {
 2784              		.loc 1 1538 10
 2785 0f56 BB68     		ldr	r3, [r7, #8]
 2786 0f58 5B6B     		ldr	r3, [r3, #52]
 2787              		.loc 1 1538 6
 2788 0f5a 002B     		cmp	r3, #0
 2789 0f5c 0CD1     		bne	.L156
1539:./lwip-2.1.2/src/core/tcp_out.c ****     pcb->rttest = tcp_ticks;
 2790              		.loc 1 1539 17
 2791 0f5e 254B     		ldr	r3, .L157
 2792 0f60 1A68     		ldr	r2, [r3]
 2793 0f62 BB68     		ldr	r3, [r7, #8]
 2794 0f64 5A63     		str	r2, [r3, #52]
1540:./lwip-2.1.2/src/core/tcp_out.c ****     pcb->rtseq = lwip_ntohl(seg->tcphdr->seqno);
 2795              		.loc 1 1540 18
 2796 0f66 FB68     		ldr	r3, [r7, #12]
 2797 0f68 DB68     		ldr	r3, [r3, #12]
 2798 0f6a 5B68     		ldr	r3, [r3, #4]	@ unaligned
 2799 0f6c 1846     		mov	r0, r3
 2800 0f6e FFF7FEFF 		bl	lwip_htonl
 2801 0f72 0246     		mov	r2, r0
 2802              		.loc 1 1540 16
 2803 0f74 BB68     		ldr	r3, [r7, #8]
 2804 0f76 9A63     		str	r2, [r3, #56]
 2805              	.L156:
1541:./lwip-2.1.2/src/core/tcp_out.c **** 
1542:./lwip-2.1.2/src/core/tcp_out.c ****     LWIP_DEBUGF(TCP_RTO_DEBUG, ("tcp_output_segment: rtseq %"U32_F"\n", pcb->rtseq));
1543:./lwip-2.1.2/src/core/tcp_out.c ****   }
1544:./lwip-2.1.2/src/core/tcp_out.c ****   LWIP_DEBUGF(TCP_OUTPUT_DEBUG, ("tcp_output_segment: %"U32_F":%"U32_F"\n",
1545:./lwip-2.1.2/src/core/tcp_out.c ****                                  lwip_htonl(seg->tcphdr->seqno), lwip_htonl(seg->tcphdr->seqno) +
1546:./lwip-2.1.2/src/core/tcp_out.c ****                                  seg->len));
1547:./lwip-2.1.2/src/core/tcp_out.c **** 
1548:./lwip-2.1.2/src/core/tcp_out.c ****   len = (u16_t)((u8_t *)seg->tcphdr - (u8_t *)seg->p->payload);
 2806              		.loc 1 1548 28
 2807 0f78 FB68     		ldr	r3, [r7, #12]
 2808 0f7a DA68     		ldr	r2, [r3, #12]
 2809              		.loc 1 1548 50
 2810 0f7c FB68     		ldr	r3, [r7, #12]
 2811 0f7e 5B68     		ldr	r3, [r3, #4]
 2812              		.loc 1 1548 53
 2813 0f80 5B68     		ldr	r3, [r3, #4]
 2814              		.loc 1 1548 37
 2815 0f82 D31A     		subs	r3, r2, r3
 2816              		.loc 1 1548 7
 2817 0f84 3B83     		strh	r3, [r7, #24]	@ movhi
1549:./lwip-2.1.2/src/core/tcp_out.c ****   if (len == 0) {
1550:./lwip-2.1.2/src/core/tcp_out.c ****     /** Exclude retransmitted segments from this count. */
1551:./lwip-2.1.2/src/core/tcp_out.c ****     MIB2_STATS_INC(mib2.tcpoutsegs);
1552:./lwip-2.1.2/src/core/tcp_out.c ****   }
1553:./lwip-2.1.2/src/core/tcp_out.c **** 
1554:./lwip-2.1.2/src/core/tcp_out.c ****   seg->p->len -= len;
 2818              		.loc 1 1554 6
 2819 0f86 FB68     		ldr	r3, [r7, #12]
 2820 0f88 5B68     		ldr	r3, [r3, #4]
 2821              		.loc 1 1554 15
 2822 0f8a 5989     		ldrh	r1, [r3, #10]
 2823              		.loc 1 1554 6
 2824 0f8c FB68     		ldr	r3, [r7, #12]
 2825 0f8e 5B68     		ldr	r3, [r3, #4]
 2826              		.loc 1 1554 15
 2827 0f90 3A8B     		ldrh	r2, [r7, #24]	@ movhi
 2828 0f92 8A1A     		subs	r2, r1, r2
 2829 0f94 92B2     		uxth	r2, r2
 2830 0f96 5A81     		strh	r2, [r3, #10]	@ movhi
1555:./lwip-2.1.2/src/core/tcp_out.c ****   seg->p->tot_len -= len;
 2831              		.loc 1 1555 6
 2832 0f98 FB68     		ldr	r3, [r7, #12]
 2833 0f9a 5B68     		ldr	r3, [r3, #4]
 2834              		.loc 1 1555 19
 2835 0f9c 1989     		ldrh	r1, [r3, #8]
 2836              		.loc 1 1555 6
 2837 0f9e FB68     		ldr	r3, [r7, #12]
 2838 0fa0 5B68     		ldr	r3, [r3, #4]
 2839              		.loc 1 1555 19
 2840 0fa2 3A8B     		ldrh	r2, [r7, #24]	@ movhi
 2841 0fa4 8A1A     		subs	r2, r1, r2
 2842 0fa6 92B2     		uxth	r2, r2
 2843 0fa8 1A81     		strh	r2, [r3, #8]	@ movhi
1556:./lwip-2.1.2/src/core/tcp_out.c **** 
1557:./lwip-2.1.2/src/core/tcp_out.c ****   seg->p->payload = seg->tcphdr;
 2844              		.loc 1 1557 6
 2845 0faa FB68     		ldr	r3, [r7, #12]
 2846 0fac 5B68     		ldr	r3, [r3, #4]
 2847              		.loc 1 1557 24
 2848 0fae FA68     		ldr	r2, [r7, #12]
 2849 0fb0 D268     		ldr	r2, [r2, #12]
 2850              		.loc 1 1557 19
 2851 0fb2 5A60     		str	r2, [r3, #4]
1558:./lwip-2.1.2/src/core/tcp_out.c **** 
1559:./lwip-2.1.2/src/core/tcp_out.c ****   seg->tcphdr->chksum = 0;
 2852              		.loc 1 1559 6
 2853 0fb4 FB68     		ldr	r3, [r7, #12]
 2854 0fb6 DB68     		ldr	r3, [r3, #12]
 2855              		.loc 1 1559 23
 2856 0fb8 0022     		movs	r2, #0
 2857 0fba 1A74     		strb	r2, [r3, #16]
 2858 0fbc 0022     		movs	r2, #0
 2859 0fbe 5A74     		strb	r2, [r3, #17]
1560:./lwip-2.1.2/src/core/tcp_out.c **** 
1561:./lwip-2.1.2/src/core/tcp_out.c **** #ifdef LWIP_HOOK_TCP_OUT_ADD_TCPOPTS
1562:./lwip-2.1.2/src/core/tcp_out.c ****   opts = LWIP_HOOK_TCP_OUT_ADD_TCPOPTS(seg->p, seg->tcphdr, pcb, opts);
1563:./lwip-2.1.2/src/core/tcp_out.c **** #endif
1564:./lwip-2.1.2/src/core/tcp_out.c ****   LWIP_ASSERT("options not filled", (u8_t *)opts == ((u8_t *)(seg->tcphdr + 1)) + LWIP_TCP_OPT_LENG
1565:./lwip-2.1.2/src/core/tcp_out.c **** 
1566:./lwip-2.1.2/src/core/tcp_out.c **** #if CHECKSUM_GEN_TCP
1567:./lwip-2.1.2/src/core/tcp_out.c ****   IF__NETIF_CHECKSUM_ENABLED(netif, NETIF_CHECKSUM_GEN_TCP) {
1568:./lwip-2.1.2/src/core/tcp_out.c **** #if TCP_CHECKSUM_ON_COPY
1569:./lwip-2.1.2/src/core/tcp_out.c ****     u32_t acc;
1570:./lwip-2.1.2/src/core/tcp_out.c **** #if TCP_CHECKSUM_ON_COPY_SANITY_CHECK
1571:./lwip-2.1.2/src/core/tcp_out.c ****     u16_t chksum_slow = ip_chksum_pseudo(seg->p, IP_PROTO_TCP,
1572:./lwip-2.1.2/src/core/tcp_out.c ****                                          seg->p->tot_len, &pcb->local_ip, &pcb->remote_ip);
1573:./lwip-2.1.2/src/core/tcp_out.c **** #endif /* TCP_CHECKSUM_ON_COPY_SANITY_CHECK */
1574:./lwip-2.1.2/src/core/tcp_out.c ****     if ((seg->flags & TF_SEG_DATA_CHECKSUMMED) == 0) {
1575:./lwip-2.1.2/src/core/tcp_out.c ****       LWIP_ASSERT("data included but not checksummed",
1576:./lwip-2.1.2/src/core/tcp_out.c ****                   seg->p->tot_len == TCPH_HDRLEN_BYTES(seg->tcphdr));
1577:./lwip-2.1.2/src/core/tcp_out.c ****     }
1578:./lwip-2.1.2/src/core/tcp_out.c **** 
1579:./lwip-2.1.2/src/core/tcp_out.c ****     /* rebuild TCP header checksum (TCP header changes for retransmissions!) */
1580:./lwip-2.1.2/src/core/tcp_out.c ****     acc = ip_chksum_pseudo_partial(seg->p, IP_PROTO_TCP,
1581:./lwip-2.1.2/src/core/tcp_out.c ****                                    seg->p->tot_len, TCPH_HDRLEN_BYTES(seg->tcphdr), &pcb->local_ip,
1582:./lwip-2.1.2/src/core/tcp_out.c ****     /* add payload checksum */
1583:./lwip-2.1.2/src/core/tcp_out.c ****     if (seg->chksum_swapped) {
1584:./lwip-2.1.2/src/core/tcp_out.c ****       seg_chksum_was_swapped = 1;
1585:./lwip-2.1.2/src/core/tcp_out.c ****       seg->chksum = SWAP_BYTES_IN_WORD(seg->chksum);
1586:./lwip-2.1.2/src/core/tcp_out.c ****       seg->chksum_swapped = 0;
1587:./lwip-2.1.2/src/core/tcp_out.c ****     }
1588:./lwip-2.1.2/src/core/tcp_out.c ****     acc = (u16_t)~acc + seg->chksum;
1589:./lwip-2.1.2/src/core/tcp_out.c ****     seg->tcphdr->chksum = (u16_t)~FOLD_U32T(acc);
1590:./lwip-2.1.2/src/core/tcp_out.c **** #if TCP_CHECKSUM_ON_COPY_SANITY_CHECK
1591:./lwip-2.1.2/src/core/tcp_out.c ****     if (chksum_slow != seg->tcphdr->chksum) {
1592:./lwip-2.1.2/src/core/tcp_out.c ****       TCP_CHECKSUM_ON_COPY_SANITY_CHECK_FAIL(
1593:./lwip-2.1.2/src/core/tcp_out.c ****         ("tcp_output_segment: calculated checksum is %"X16_F" instead of %"X16_F"\n",
1594:./lwip-2.1.2/src/core/tcp_out.c ****          seg->tcphdr->chksum, chksum_slow));
1595:./lwip-2.1.2/src/core/tcp_out.c ****       seg->tcphdr->chksum = chksum_slow;
1596:./lwip-2.1.2/src/core/tcp_out.c ****     }
1597:./lwip-2.1.2/src/core/tcp_out.c **** #endif /* TCP_CHECKSUM_ON_COPY_SANITY_CHECK */
1598:./lwip-2.1.2/src/core/tcp_out.c **** #else /* TCP_CHECKSUM_ON_COPY */
1599:./lwip-2.1.2/src/core/tcp_out.c ****     seg->tcphdr->chksum = ip_chksum_pseudo(seg->p, IP_PROTO_TCP,
1600:./lwip-2.1.2/src/core/tcp_out.c ****                                            seg->p->tot_len, &pcb->local_ip, &pcb->remote_ip);
1601:./lwip-2.1.2/src/core/tcp_out.c **** #endif /* TCP_CHECKSUM_ON_COPY */
1602:./lwip-2.1.2/src/core/tcp_out.c ****   }
1603:./lwip-2.1.2/src/core/tcp_out.c **** #endif /* CHECKSUM_GEN_TCP */
1604:./lwip-2.1.2/src/core/tcp_out.c ****   TCP_STATS_INC(tcp.xmit);
1605:./lwip-2.1.2/src/core/tcp_out.c **** 
1606:./lwip-2.1.2/src/core/tcp_out.c ****   NETIF_SET_HINTS(netif, &(pcb->netif_hints));
1607:./lwip-2.1.2/src/core/tcp_out.c ****   err = ip_output_if(seg->p, &pcb->local_ip, &pcb->remote_ip, pcb->ttl,
 2860              		.loc 1 1607 9
 2861 0fc0 FB68     		ldr	r3, [r7, #12]
 2862 0fc2 5868     		ldr	r0, [r3, #4]
 2863 0fc4 B968     		ldr	r1, [r7, #8]
 2864 0fc6 BB68     		ldr	r3, [r7, #8]
 2865 0fc8 1C1D     		adds	r4, r3, #4
 2866 0fca BB68     		ldr	r3, [r7, #8]
 2867 0fcc DD7A     		ldrb	r5, [r3, #11]	@ zero_extendqisi2
 2868 0fce BB68     		ldr	r3, [r7, #8]
 2869 0fd0 9B7A     		ldrb	r3, [r3, #10]	@ zero_extendqisi2
 2870 0fd2 7A68     		ldr	r2, [r7, #4]
 2871 0fd4 0292     		str	r2, [sp, #8]
 2872 0fd6 0622     		movs	r2, #6
 2873 0fd8 0192     		str	r2, [sp, #4]
 2874 0fda 0093     		str	r3, [sp]
 2875 0fdc 2B46     		mov	r3, r5
 2876 0fde 2246     		mov	r2, r4
 2877 0fe0 FFF7FEFF 		bl	ip4_output_if
 2878 0fe4 0346     		mov	r3, r0
 2879 0fe6 FB75     		strb	r3, [r7, #23]
1608:./lwip-2.1.2/src/core/tcp_out.c ****                      pcb->tos, IP_PROTO_TCP, netif);
1609:./lwip-2.1.2/src/core/tcp_out.c ****   NETIF_RESET_HINTS(netif);
1610:./lwip-2.1.2/src/core/tcp_out.c **** 
1611:./lwip-2.1.2/src/core/tcp_out.c **** #if TCP_CHECKSUM_ON_COPY
1612:./lwip-2.1.2/src/core/tcp_out.c ****   if (seg_chksum_was_swapped) {
1613:./lwip-2.1.2/src/core/tcp_out.c ****     /* if data is added to this segment later, chksum needs to be swapped,
1614:./lwip-2.1.2/src/core/tcp_out.c ****        so restore this now */
1615:./lwip-2.1.2/src/core/tcp_out.c ****     seg->chksum = SWAP_BYTES_IN_WORD(seg->chksum);
1616:./lwip-2.1.2/src/core/tcp_out.c ****     seg->chksum_swapped = 1;
1617:./lwip-2.1.2/src/core/tcp_out.c ****   }
1618:./lwip-2.1.2/src/core/tcp_out.c **** #endif
1619:./lwip-2.1.2/src/core/tcp_out.c **** 
1620:./lwip-2.1.2/src/core/tcp_out.c ****   return err;
 2880              		.loc 1 1620 10
 2881 0fe8 97F91730 		ldrsb	r3, [r7, #23]
 2882              	.L153:
1621:./lwip-2.1.2/src/core/tcp_out.c **** }
 2883              		.loc 1 1621 1
 2884 0fec 1846     		mov	r0, r3
 2885 0fee 2037     		adds	r7, r7, #32
 2886              	.LCFI55:
 2887              		.cfi_def_cfa_offset 16
 2888 0ff0 BD46     		mov	sp, r7
 2889              	.LCFI56:
 2890              		.cfi_def_cfa_register 13
 2891              		@ sp needed
 2892 0ff2 B0BD     		pop	{r4, r5, r7, pc}
 2893              	.L158:
 2894              		.align	2
 2895              	.L157:
 2896 0ff4 00000000 		.word	tcp_ticks
 2897              		.cfi_endproc
 2898              	.LFE35:
 2900              		.align	1
 2901              		.global	tcp_rexmit_rto_prepare
 2902              		.syntax unified
 2903              		.thumb
 2904              		.thumb_func
 2905              		.fpu fpv5-d16
 2907              	tcp_rexmit_rto_prepare:
 2908              	.LFB36:
1622:./lwip-2.1.2/src/core/tcp_out.c **** 
1623:./lwip-2.1.2/src/core/tcp_out.c **** /**
1624:./lwip-2.1.2/src/core/tcp_out.c ****  * Requeue all unacked segments for retransmission
1625:./lwip-2.1.2/src/core/tcp_out.c ****  *
1626:./lwip-2.1.2/src/core/tcp_out.c ****  * Called by tcp_slowtmr() for slow retransmission.
1627:./lwip-2.1.2/src/core/tcp_out.c ****  *
1628:./lwip-2.1.2/src/core/tcp_out.c ****  * @param pcb the tcp_pcb for which to re-enqueue all unacked segments
1629:./lwip-2.1.2/src/core/tcp_out.c ****  */
1630:./lwip-2.1.2/src/core/tcp_out.c **** err_t
1631:./lwip-2.1.2/src/core/tcp_out.c **** tcp_rexmit_rto_prepare(struct tcp_pcb *pcb)
1632:./lwip-2.1.2/src/core/tcp_out.c **** {
 2909              		.loc 1 1632 1
 2910              		.cfi_startproc
 2911              		@ args = 0, pretend = 0, frame = 16
 2912              		@ frame_needed = 1, uses_anonymous_args = 0
 2913 0ff8 B0B5     		push	{r4, r5, r7, lr}
 2914              	.LCFI57:
 2915              		.cfi_def_cfa_offset 16
 2916              		.cfi_offset 4, -16
 2917              		.cfi_offset 5, -12
 2918              		.cfi_offset 7, -8
 2919              		.cfi_offset 14, -4
 2920 0ffa 84B0     		sub	sp, sp, #16
 2921              	.LCFI58:
 2922              		.cfi_def_cfa_offset 32
 2923 0ffc 00AF     		add	r7, sp, #0
 2924              	.LCFI59:
 2925              		.cfi_def_cfa_register 7
 2926 0ffe 7860     		str	r0, [r7, #4]
1633:./lwip-2.1.2/src/core/tcp_out.c ****   struct tcp_seg *seg;
1634:./lwip-2.1.2/src/core/tcp_out.c **** 
1635:./lwip-2.1.2/src/core/tcp_out.c ****   LWIP_ASSERT("tcp_rexmit_rto_prepare: invalid pcb", pcb != NULL);
1636:./lwip-2.1.2/src/core/tcp_out.c **** 
1637:./lwip-2.1.2/src/core/tcp_out.c ****   if (pcb->unacked == NULL) {
 2927              		.loc 1 1637 10
 2928 1000 7B68     		ldr	r3, [r7, #4]
 2929 1002 1B6F     		ldr	r3, [r3, #112]
 2930              		.loc 1 1637 6
 2931 1004 002B     		cmp	r3, #0
 2932 1006 02D1     		bne	.L160
1638:./lwip-2.1.2/src/core/tcp_out.c ****     return ERR_VAL;
 2933              		.loc 1 1638 12
 2934 1008 6FF00503 		mvn	r3, #5
 2935 100c 50E0     		b	.L161
 2936              	.L160:
1639:./lwip-2.1.2/src/core/tcp_out.c ****   }
1640:./lwip-2.1.2/src/core/tcp_out.c **** 
1641:./lwip-2.1.2/src/core/tcp_out.c ****   /* Move all unacked segments to the head of the unsent queue.
1642:./lwip-2.1.2/src/core/tcp_out.c ****      However, give up if any of the unsent pbufs are still referenced by the
1643:./lwip-2.1.2/src/core/tcp_out.c ****      netif driver due to deferred transmission. No point loading the link further
1644:./lwip-2.1.2/src/core/tcp_out.c ****      if it is struggling to flush its buffered writes. */
1645:./lwip-2.1.2/src/core/tcp_out.c ****   for (seg = pcb->unacked; seg->next != NULL; seg = seg->next) {
 2937              		.loc 1 1645 12
 2938 100e 7B68     		ldr	r3, [r7, #4]
 2939 1010 1B6F     		ldr	r3, [r3, #112]
 2940 1012 FB60     		str	r3, [r7, #12]
 2941              		.loc 1 1645 3
 2942 1014 0BE0     		b	.L162
 2943              	.L164:
1646:./lwip-2.1.2/src/core/tcp_out.c ****     if (tcp_output_segment_busy(seg)) {
 2944              		.loc 1 1646 9
 2945 1016 F868     		ldr	r0, [r7, #12]
 2946 1018 FFF73CFF 		bl	tcp_output_segment_busy
 2947 101c 0346     		mov	r3, r0
 2948              		.loc 1 1646 8
 2949 101e 002B     		cmp	r3, #0
 2950 1020 02D0     		beq	.L163
1647:./lwip-2.1.2/src/core/tcp_out.c ****       LWIP_DEBUGF(TCP_RTO_DEBUG, ("tcp_rexmit_rto: segment busy\n"));
1648:./lwip-2.1.2/src/core/tcp_out.c ****       return ERR_VAL;
 2951              		.loc 1 1648 14
 2952 1022 6FF00503 		mvn	r3, #5
 2953 1026 43E0     		b	.L161
 2954              	.L163:
1645:./lwip-2.1.2/src/core/tcp_out.c ****     if (tcp_output_segment_busy(seg)) {
 2955              		.loc 1 1645 51 discriminator 2
 2956 1028 FB68     		ldr	r3, [r7, #12]
 2957 102a 1B68     		ldr	r3, [r3]
 2958 102c FB60     		str	r3, [r7, #12]
 2959              	.L162:
1645:./lwip-2.1.2/src/core/tcp_out.c ****     if (tcp_output_segment_busy(seg)) {
 2960              		.loc 1 1645 31 discriminator 1
 2961 102e FB68     		ldr	r3, [r7, #12]
 2962 1030 1B68     		ldr	r3, [r3]
1645:./lwip-2.1.2/src/core/tcp_out.c ****     if (tcp_output_segment_busy(seg)) {
 2963              		.loc 1 1645 3 discriminator 1
 2964 1032 002B     		cmp	r3, #0
 2965 1034 EFD1     		bne	.L164
1649:./lwip-2.1.2/src/core/tcp_out.c ****     }
1650:./lwip-2.1.2/src/core/tcp_out.c ****   }
1651:./lwip-2.1.2/src/core/tcp_out.c ****   if (tcp_output_segment_busy(seg)) {
 2966              		.loc 1 1651 7
 2967 1036 F868     		ldr	r0, [r7, #12]
 2968 1038 FFF72CFF 		bl	tcp_output_segment_busy
 2969 103c 0346     		mov	r3, r0
 2970              		.loc 1 1651 6
 2971 103e 002B     		cmp	r3, #0
 2972 1040 02D0     		beq	.L165
1652:./lwip-2.1.2/src/core/tcp_out.c ****     LWIP_DEBUGF(TCP_RTO_DEBUG, ("tcp_rexmit_rto: segment busy\n"));
1653:./lwip-2.1.2/src/core/tcp_out.c ****     return ERR_VAL;
 2973              		.loc 1 1653 12
 2974 1042 6FF00503 		mvn	r3, #5
 2975 1046 33E0     		b	.L161
 2976              	.L165:
1654:./lwip-2.1.2/src/core/tcp_out.c ****   }
1655:./lwip-2.1.2/src/core/tcp_out.c ****   /* concatenate unsent queue after unacked queue */
1656:./lwip-2.1.2/src/core/tcp_out.c ****   seg->next = pcb->unsent;
 2977              		.loc 1 1656 18
 2978 1048 7B68     		ldr	r3, [r7, #4]
 2979 104a DA6E     		ldr	r2, [r3, #108]
 2980              		.loc 1 1656 13
 2981 104c FB68     		ldr	r3, [r7, #12]
 2982 104e 1A60     		str	r2, [r3]
1657:./lwip-2.1.2/src/core/tcp_out.c **** #if TCP_OVERSIZE_DBGCHECK
1658:./lwip-2.1.2/src/core/tcp_out.c ****   /* if last unsent changed, we need to update unsent_oversize */
1659:./lwip-2.1.2/src/core/tcp_out.c ****   if (pcb->unsent == NULL) {
1660:./lwip-2.1.2/src/core/tcp_out.c ****     pcb->unsent_oversize = seg->oversize_left;
1661:./lwip-2.1.2/src/core/tcp_out.c ****   }
1662:./lwip-2.1.2/src/core/tcp_out.c **** #endif /* TCP_OVERSIZE_DBGCHECK */
1663:./lwip-2.1.2/src/core/tcp_out.c ****   /* unsent queue is the concatenated queue (of unacked, unsent) */
1664:./lwip-2.1.2/src/core/tcp_out.c ****   pcb->unsent = pcb->unacked;
 2983              		.loc 1 1664 20
 2984 1050 7B68     		ldr	r3, [r7, #4]
 2985 1052 1A6F     		ldr	r2, [r3, #112]
 2986              		.loc 1 1664 15
 2987 1054 7B68     		ldr	r3, [r7, #4]
 2988 1056 DA66     		str	r2, [r3, #108]
1665:./lwip-2.1.2/src/core/tcp_out.c ****   /* unacked queue is now empty */
1666:./lwip-2.1.2/src/core/tcp_out.c ****   pcb->unacked = NULL;
 2989              		.loc 1 1666 16
 2990 1058 7B68     		ldr	r3, [r7, #4]
 2991 105a 0022     		movs	r2, #0
 2992 105c 1A67     		str	r2, [r3, #112]
1667:./lwip-2.1.2/src/core/tcp_out.c **** 
1668:./lwip-2.1.2/src/core/tcp_out.c ****   /* Mark RTO in-progress */
1669:./lwip-2.1.2/src/core/tcp_out.c ****   tcp_set_flags(pcb, TF_RTO);
 2993              		.loc 1 1669 3
 2994 105e 7B68     		ldr	r3, [r7, #4]
 2995 1060 5B8B     		ldrh	r3, [r3, #26]
 2996 1062 43F40063 		orr	r3, r3, #2048
 2997 1066 9AB2     		uxth	r2, r3
 2998 1068 7B68     		ldr	r3, [r7, #4]
 2999 106a 5A83     		strh	r2, [r3, #26]	@ movhi
1670:./lwip-2.1.2/src/core/tcp_out.c ****   /* Record the next byte following retransmit */
1671:./lwip-2.1.2/src/core/tcp_out.c ****   pcb->rto_end = lwip_ntohl(seg->tcphdr->seqno) + TCP_TCPLEN(seg);
 3000              		.loc 1 1671 18
 3001 106c FB68     		ldr	r3, [r7, #12]
 3002 106e DB68     		ldr	r3, [r3, #12]
 3003 1070 5B68     		ldr	r3, [r3, #4]	@ unaligned
 3004 1072 1846     		mov	r0, r3
 3005 1074 FFF7FEFF 		bl	lwip_htonl
 3006 1078 0446     		mov	r4, r0
 3007              		.loc 1 1671 51
 3008 107a FB68     		ldr	r3, [r7, #12]
 3009 107c 1B89     		ldrh	r3, [r3, #8]
 3010 107e 1D46     		mov	r5, r3
 3011 1080 FB68     		ldr	r3, [r7, #12]
 3012 1082 DB68     		ldr	r3, [r3, #12]
 3013 1084 9B89     		ldrh	r3, [r3, #12]	@ unaligned
 3014 1086 9BB2     		uxth	r3, r3
 3015 1088 1846     		mov	r0, r3
 3016 108a FFF7FEFF 		bl	lwip_htons
 3017 108e 0346     		mov	r3, r0
 3018 1090 DBB2     		uxtb	r3, r3
 3019 1092 03F00303 		and	r3, r3, #3
 3020 1096 002B     		cmp	r3, #0
 3021 1098 01D0     		beq	.L166
 3022              		.loc 1 1671 51 is_stmt 0 discriminator 1
 3023 109a 0123     		movs	r3, #1
 3024 109c 00E0     		b	.L167
 3025              	.L166:
 3026              		.loc 1 1671 51 discriminator 2
 3027 109e 0023     		movs	r3, #0
 3028              	.L167:
 3029              		.loc 1 1671 51 discriminator 4
 3030 10a0 2B44     		add	r3, r3, r5
 3031              		.loc 1 1671 49 is_stmt 1 discriminator 4
 3032 10a2 E218     		adds	r2, r4, r3
 3033              		.loc 1 1671 16 discriminator 4
 3034 10a4 7B68     		ldr	r3, [r7, #4]
 3035 10a6 DA64     		str	r2, [r3, #76]
1672:./lwip-2.1.2/src/core/tcp_out.c ****   /* Don't take any RTT measurements after retransmitting. */
1673:./lwip-2.1.2/src/core/tcp_out.c ****   pcb->rttest = 0;
 3036              		.loc 1 1673 15 discriminator 4
 3037 10a8 7B68     		ldr	r3, [r7, #4]
 3038 10aa 0022     		movs	r2, #0
 3039 10ac 5A63     		str	r2, [r3, #52]
1674:./lwip-2.1.2/src/core/tcp_out.c **** 
1675:./lwip-2.1.2/src/core/tcp_out.c ****   return ERR_OK;
 3040              		.loc 1 1675 10 discriminator 4
 3041 10ae 0023     		movs	r3, #0
 3042              	.L161:
1676:./lwip-2.1.2/src/core/tcp_out.c **** }
 3043              		.loc 1 1676 1
 3044 10b0 1846     		mov	r0, r3
 3045 10b2 1037     		adds	r7, r7, #16
 3046              	.LCFI60:
 3047              		.cfi_def_cfa_offset 16
 3048 10b4 BD46     		mov	sp, r7
 3049              	.LCFI61:
 3050              		.cfi_def_cfa_register 13
 3051              		@ sp needed
 3052 10b6 B0BD     		pop	{r4, r5, r7, pc}
 3053              		.cfi_endproc
 3054              	.LFE36:
 3056              		.align	1
 3057              		.global	tcp_rexmit_rto_commit
 3058              		.syntax unified
 3059              		.thumb
 3060              		.thumb_func
 3061              		.fpu fpv5-d16
 3063              	tcp_rexmit_rto_commit:
 3064              	.LFB37:
1677:./lwip-2.1.2/src/core/tcp_out.c **** 
1678:./lwip-2.1.2/src/core/tcp_out.c **** /**
1679:./lwip-2.1.2/src/core/tcp_out.c ****  * Requeue all unacked segments for retransmission
1680:./lwip-2.1.2/src/core/tcp_out.c ****  *
1681:./lwip-2.1.2/src/core/tcp_out.c ****  * Called by tcp_slowtmr() for slow retransmission.
1682:./lwip-2.1.2/src/core/tcp_out.c ****  *
1683:./lwip-2.1.2/src/core/tcp_out.c ****  * @param pcb the tcp_pcb for which to re-enqueue all unacked segments
1684:./lwip-2.1.2/src/core/tcp_out.c ****  */
1685:./lwip-2.1.2/src/core/tcp_out.c **** void
1686:./lwip-2.1.2/src/core/tcp_out.c **** tcp_rexmit_rto_commit(struct tcp_pcb *pcb)
1687:./lwip-2.1.2/src/core/tcp_out.c **** {
 3065              		.loc 1 1687 1
 3066              		.cfi_startproc
 3067              		@ args = 0, pretend = 0, frame = 8
 3068              		@ frame_needed = 1, uses_anonymous_args = 0
 3069 10b8 80B5     		push	{r7, lr}
 3070              	.LCFI62:
 3071              		.cfi_def_cfa_offset 8
 3072              		.cfi_offset 7, -8
 3073              		.cfi_offset 14, -4
 3074 10ba 82B0     		sub	sp, sp, #8
 3075              	.LCFI63:
 3076              		.cfi_def_cfa_offset 16
 3077 10bc 00AF     		add	r7, sp, #0
 3078              	.LCFI64:
 3079              		.cfi_def_cfa_register 7
 3080 10be 7860     		str	r0, [r7, #4]
1688:./lwip-2.1.2/src/core/tcp_out.c ****   LWIP_ASSERT("tcp_rexmit_rto_commit: invalid pcb", pcb != NULL);
1689:./lwip-2.1.2/src/core/tcp_out.c **** 
1690:./lwip-2.1.2/src/core/tcp_out.c ****   /* increment number of retransmissions */
1691:./lwip-2.1.2/src/core/tcp_out.c ****   if (pcb->nrtx < 0xFF) {
 3081              		.loc 1 1691 10
 3082 10c0 7B68     		ldr	r3, [r7, #4]
 3083 10c2 93F84230 		ldrb	r3, [r3, #66]	@ zero_extendqisi2
 3084              		.loc 1 1691 6
 3085 10c6 FF2B     		cmp	r3, #255
 3086 10c8 07D0     		beq	.L169
1692:./lwip-2.1.2/src/core/tcp_out.c ****     ++pcb->nrtx;
 3087              		.loc 1 1692 10
 3088 10ca 7B68     		ldr	r3, [r7, #4]
 3089 10cc 93F84230 		ldrb	r3, [r3, #66]	@ zero_extendqisi2
 3090              		.loc 1 1692 5
 3091 10d0 0133     		adds	r3, r3, #1
 3092 10d2 DAB2     		uxtb	r2, r3
 3093 10d4 7B68     		ldr	r3, [r7, #4]
 3094 10d6 83F84220 		strb	r2, [r3, #66]
 3095              	.L169:
1693:./lwip-2.1.2/src/core/tcp_out.c ****   }
1694:./lwip-2.1.2/src/core/tcp_out.c ****   /* Do the actual retransmission */
1695:./lwip-2.1.2/src/core/tcp_out.c ****   tcp_output(pcb);
 3096              		.loc 1 1695 3
 3097 10da 7868     		ldr	r0, [r7, #4]
 3098 10dc FFF7FEFF 		bl	tcp_output
1696:./lwip-2.1.2/src/core/tcp_out.c **** }
 3099              		.loc 1 1696 1
 3100 10e0 00BF     		nop
 3101 10e2 0837     		adds	r7, r7, #8
 3102              	.LCFI65:
 3103              		.cfi_def_cfa_offset 8
 3104 10e4 BD46     		mov	sp, r7
 3105              	.LCFI66:
 3106              		.cfi_def_cfa_register 13
 3107              		@ sp needed
 3108 10e6 80BD     		pop	{r7, pc}
 3109              		.cfi_endproc
 3110              	.LFE37:
 3112              		.align	1
 3113              		.global	tcp_rexmit_rto
 3114              		.syntax unified
 3115              		.thumb
 3116              		.thumb_func
 3117              		.fpu fpv5-d16
 3119              	tcp_rexmit_rto:
 3120              	.LFB38:
1697:./lwip-2.1.2/src/core/tcp_out.c **** 
1698:./lwip-2.1.2/src/core/tcp_out.c **** /**
1699:./lwip-2.1.2/src/core/tcp_out.c ****  * Requeue all unacked segments for retransmission
1700:./lwip-2.1.2/src/core/tcp_out.c ****  *
1701:./lwip-2.1.2/src/core/tcp_out.c ****  * Called by tcp_process() only, tcp_slowtmr() needs to do some things between
1702:./lwip-2.1.2/src/core/tcp_out.c ****  * "prepare" and "commit".
1703:./lwip-2.1.2/src/core/tcp_out.c ****  *
1704:./lwip-2.1.2/src/core/tcp_out.c ****  * @param pcb the tcp_pcb for which to re-enqueue all unacked segments
1705:./lwip-2.1.2/src/core/tcp_out.c ****  */
1706:./lwip-2.1.2/src/core/tcp_out.c **** void
1707:./lwip-2.1.2/src/core/tcp_out.c **** tcp_rexmit_rto(struct tcp_pcb *pcb)
1708:./lwip-2.1.2/src/core/tcp_out.c **** {
 3121              		.loc 1 1708 1
 3122              		.cfi_startproc
 3123              		@ args = 0, pretend = 0, frame = 8
 3124              		@ frame_needed = 1, uses_anonymous_args = 0
 3125 10e8 80B5     		push	{r7, lr}
 3126              	.LCFI67:
 3127              		.cfi_def_cfa_offset 8
 3128              		.cfi_offset 7, -8
 3129              		.cfi_offset 14, -4
 3130 10ea 82B0     		sub	sp, sp, #8
 3131              	.LCFI68:
 3132              		.cfi_def_cfa_offset 16
 3133 10ec 00AF     		add	r7, sp, #0
 3134              	.LCFI69:
 3135              		.cfi_def_cfa_register 7
 3136 10ee 7860     		str	r0, [r7, #4]
1709:./lwip-2.1.2/src/core/tcp_out.c ****   LWIP_ASSERT("tcp_rexmit_rto: invalid pcb", pcb != NULL);
1710:./lwip-2.1.2/src/core/tcp_out.c **** 
1711:./lwip-2.1.2/src/core/tcp_out.c ****   if (tcp_rexmit_rto_prepare(pcb) == ERR_OK) {
 3137              		.loc 1 1711 7
 3138 10f0 7868     		ldr	r0, [r7, #4]
 3139 10f2 FFF7FEFF 		bl	tcp_rexmit_rto_prepare
 3140 10f6 0346     		mov	r3, r0
 3141              		.loc 1 1711 6
 3142 10f8 002B     		cmp	r3, #0
 3143 10fa 02D1     		bne	.L172
1712:./lwip-2.1.2/src/core/tcp_out.c ****     tcp_rexmit_rto_commit(pcb);
 3144              		.loc 1 1712 5
 3145 10fc 7868     		ldr	r0, [r7, #4]
 3146 10fe FFF7FEFF 		bl	tcp_rexmit_rto_commit
 3147              	.L172:
1713:./lwip-2.1.2/src/core/tcp_out.c ****   }
1714:./lwip-2.1.2/src/core/tcp_out.c **** }
 3148              		.loc 1 1714 1
 3149 1102 00BF     		nop
 3150 1104 0837     		adds	r7, r7, #8
 3151              	.LCFI70:
 3152              		.cfi_def_cfa_offset 8
 3153 1106 BD46     		mov	sp, r7
 3154              	.LCFI71:
 3155              		.cfi_def_cfa_register 13
 3156              		@ sp needed
 3157 1108 80BD     		pop	{r7, pc}
 3158              		.cfi_endproc
 3159              	.LFE38:
 3161              		.align	1
 3162              		.global	tcp_rexmit
 3163              		.syntax unified
 3164              		.thumb
 3165              		.thumb_func
 3166              		.fpu fpv5-d16
 3168              	tcp_rexmit:
 3169              	.LFB39:
1715:./lwip-2.1.2/src/core/tcp_out.c **** 
1716:./lwip-2.1.2/src/core/tcp_out.c **** /**
1717:./lwip-2.1.2/src/core/tcp_out.c ****  * Requeue the first unacked segment for retransmission
1718:./lwip-2.1.2/src/core/tcp_out.c ****  *
1719:./lwip-2.1.2/src/core/tcp_out.c ****  * Called by tcp_receive() for fast retransmit.
1720:./lwip-2.1.2/src/core/tcp_out.c ****  *
1721:./lwip-2.1.2/src/core/tcp_out.c ****  * @param pcb the tcp_pcb for which to retransmit the first unacked segment
1722:./lwip-2.1.2/src/core/tcp_out.c ****  */
1723:./lwip-2.1.2/src/core/tcp_out.c **** err_t
1724:./lwip-2.1.2/src/core/tcp_out.c **** tcp_rexmit(struct tcp_pcb *pcb)
1725:./lwip-2.1.2/src/core/tcp_out.c **** {
 3170              		.loc 1 1725 1
 3171              		.cfi_startproc
 3172              		@ args = 0, pretend = 0, frame = 16
 3173              		@ frame_needed = 1, uses_anonymous_args = 0
 3174 110a 90B5     		push	{r4, r7, lr}
 3175              	.LCFI72:
 3176              		.cfi_def_cfa_offset 12
 3177              		.cfi_offset 4, -12
 3178              		.cfi_offset 7, -8
 3179              		.cfi_offset 14, -4
 3180 110c 85B0     		sub	sp, sp, #20
 3181              	.LCFI73:
 3182              		.cfi_def_cfa_offset 32
 3183 110e 00AF     		add	r7, sp, #0
 3184              	.LCFI74:
 3185              		.cfi_def_cfa_register 7
 3186 1110 7860     		str	r0, [r7, #4]
1726:./lwip-2.1.2/src/core/tcp_out.c ****   struct tcp_seg *seg;
1727:./lwip-2.1.2/src/core/tcp_out.c ****   struct tcp_seg **cur_seg;
1728:./lwip-2.1.2/src/core/tcp_out.c **** 
1729:./lwip-2.1.2/src/core/tcp_out.c ****   LWIP_ASSERT("tcp_rexmit: invalid pcb", pcb != NULL);
1730:./lwip-2.1.2/src/core/tcp_out.c **** 
1731:./lwip-2.1.2/src/core/tcp_out.c ****   if (pcb->unacked == NULL) {
 3187              		.loc 1 1731 10
 3188 1112 7B68     		ldr	r3, [r7, #4]
 3189 1114 1B6F     		ldr	r3, [r3, #112]
 3190              		.loc 1 1731 6
 3191 1116 002B     		cmp	r3, #0
 3192 1118 02D1     		bne	.L174
1732:./lwip-2.1.2/src/core/tcp_out.c ****     return ERR_VAL;
 3193              		.loc 1 1732 12
 3194 111a 6FF00503 		mvn	r3, #5
 3195 111e 4CE0     		b	.L175
 3196              	.L174:
1733:./lwip-2.1.2/src/core/tcp_out.c ****   }
1734:./lwip-2.1.2/src/core/tcp_out.c **** 
1735:./lwip-2.1.2/src/core/tcp_out.c ****   seg = pcb->unacked;
 3197              		.loc 1 1735 7
 3198 1120 7B68     		ldr	r3, [r7, #4]
 3199 1122 1B6F     		ldr	r3, [r3, #112]
 3200 1124 BB60     		str	r3, [r7, #8]
1736:./lwip-2.1.2/src/core/tcp_out.c **** 
1737:./lwip-2.1.2/src/core/tcp_out.c ****   /* Give up if the segment is still referenced by the netif driver
1738:./lwip-2.1.2/src/core/tcp_out.c ****      due to deferred transmission. */
1739:./lwip-2.1.2/src/core/tcp_out.c ****   if (tcp_output_segment_busy(seg)) {
 3201              		.loc 1 1739 7
 3202 1126 B868     		ldr	r0, [r7, #8]
 3203 1128 FFF7B4FE 		bl	tcp_output_segment_busy
 3204 112c 0346     		mov	r3, r0
 3205              		.loc 1 1739 6
 3206 112e 002B     		cmp	r3, #0
 3207 1130 02D0     		beq	.L176
1740:./lwip-2.1.2/src/core/tcp_out.c ****     LWIP_DEBUGF(TCP_RTO_DEBUG, ("tcp_rexmit busy\n"));
1741:./lwip-2.1.2/src/core/tcp_out.c ****     return ERR_VAL;
 3208              		.loc 1 1741 12
 3209 1132 6FF00503 		mvn	r3, #5
 3210 1136 40E0     		b	.L175
 3211              	.L176:
1742:./lwip-2.1.2/src/core/tcp_out.c ****   }
1743:./lwip-2.1.2/src/core/tcp_out.c **** 
1744:./lwip-2.1.2/src/core/tcp_out.c ****   /* Move the first unacked segment to the unsent queue */
1745:./lwip-2.1.2/src/core/tcp_out.c ****   /* Keep the unsent queue sorted. */
1746:./lwip-2.1.2/src/core/tcp_out.c ****   pcb->unacked = seg->next;
 3212              		.loc 1 1746 21
 3213 1138 BB68     		ldr	r3, [r7, #8]
 3214 113a 1A68     		ldr	r2, [r3]
 3215              		.loc 1 1746 16
 3216 113c 7B68     		ldr	r3, [r7, #4]
 3217 113e 1A67     		str	r2, [r3, #112]
1747:./lwip-2.1.2/src/core/tcp_out.c **** 
1748:./lwip-2.1.2/src/core/tcp_out.c ****   cur_seg = &(pcb->unsent);
 3218              		.loc 1 1748 11
 3219 1140 7B68     		ldr	r3, [r7, #4]
 3220 1142 6C33     		adds	r3, r3, #108
 3221 1144 FB60     		str	r3, [r7, #12]
1749:./lwip-2.1.2/src/core/tcp_out.c ****   while (*cur_seg &&
 3222              		.loc 1 1749 9
 3223 1146 02E0     		b	.L177
 3224              	.L179:
1750:./lwip-2.1.2/src/core/tcp_out.c ****          TCP_SEQ_LT(lwip_ntohl((*cur_seg)->tcphdr->seqno), lwip_ntohl(seg->tcphdr->seqno))) {
1751:./lwip-2.1.2/src/core/tcp_out.c ****     cur_seg = &((*cur_seg)->next );
 3225              		.loc 1 1751 18
 3226 1148 FB68     		ldr	r3, [r7, #12]
 3227 114a 1B68     		ldr	r3, [r3]
 3228              		.loc 1 1751 13
 3229 114c FB60     		str	r3, [r7, #12]
 3230              	.L177:
1749:./lwip-2.1.2/src/core/tcp_out.c ****   while (*cur_seg &&
 3231              		.loc 1 1749 10
 3232 114e FB68     		ldr	r3, [r7, #12]
 3233 1150 1B68     		ldr	r3, [r3]
1749:./lwip-2.1.2/src/core/tcp_out.c ****   while (*cur_seg &&
 3234              		.loc 1 1749 9
 3235 1152 002B     		cmp	r3, #0
 3236 1154 11D0     		beq	.L178
1750:./lwip-2.1.2/src/core/tcp_out.c ****          TCP_SEQ_LT(lwip_ntohl((*cur_seg)->tcphdr->seqno), lwip_ntohl(seg->tcphdr->seqno))) {
 3237              		.loc 1 1750 10 discriminator 1
 3238 1156 FB68     		ldr	r3, [r7, #12]
 3239 1158 1B68     		ldr	r3, [r3]
 3240 115a DB68     		ldr	r3, [r3, #12]
 3241 115c 5B68     		ldr	r3, [r3, #4]	@ unaligned
 3242 115e 1846     		mov	r0, r3
 3243 1160 FFF7FEFF 		bl	lwip_htonl
 3244 1164 0446     		mov	r4, r0
 3245 1166 BB68     		ldr	r3, [r7, #8]
 3246 1168 DB68     		ldr	r3, [r3, #12]
 3247 116a 5B68     		ldr	r3, [r3, #4]	@ unaligned
 3248 116c 1846     		mov	r0, r3
 3249 116e FFF7FEFF 		bl	lwip_htonl
 3250 1172 0346     		mov	r3, r0
 3251 1174 E31A     		subs	r3, r4, r3
1749:./lwip-2.1.2/src/core/tcp_out.c ****   while (*cur_seg &&
 3252              		.loc 1 1749 19 discriminator 1
 3253 1176 002B     		cmp	r3, #0
 3254 1178 E6DB     		blt	.L179
 3255              	.L178:
1752:./lwip-2.1.2/src/core/tcp_out.c ****   }
1753:./lwip-2.1.2/src/core/tcp_out.c ****   seg->next = *cur_seg;
 3256              		.loc 1 1753 15
 3257 117a FB68     		ldr	r3, [r7, #12]
 3258 117c 1A68     		ldr	r2, [r3]
 3259              		.loc 1 1753 13
 3260 117e BB68     		ldr	r3, [r7, #8]
 3261 1180 1A60     		str	r2, [r3]
1754:./lwip-2.1.2/src/core/tcp_out.c ****   *cur_seg = seg;
 3262              		.loc 1 1754 12
 3263 1182 FB68     		ldr	r3, [r7, #12]
 3264 1184 BA68     		ldr	r2, [r7, #8]
 3265 1186 1A60     		str	r2, [r3]
1755:./lwip-2.1.2/src/core/tcp_out.c **** #if TCP_OVERSIZE
1756:./lwip-2.1.2/src/core/tcp_out.c ****   if (seg->next == NULL) {
 3266              		.loc 1 1756 10
 3267 1188 BB68     		ldr	r3, [r7, #8]
 3268 118a 1B68     		ldr	r3, [r3]
 3269              		.loc 1 1756 6
 3270 118c 002B     		cmp	r3, #0
 3271 118e 03D1     		bne	.L180
1757:./lwip-2.1.2/src/core/tcp_out.c ****     /* the retransmitted segment is last in unsent, so reset unsent_oversize */
1758:./lwip-2.1.2/src/core/tcp_out.c ****     pcb->unsent_oversize = 0;
 3272              		.loc 1 1758 26
 3273 1190 7B68     		ldr	r3, [r7, #4]
 3274 1192 0022     		movs	r2, #0
 3275 1194 A3F86820 		strh	r2, [r3, #104]	@ movhi
 3276              	.L180:
1759:./lwip-2.1.2/src/core/tcp_out.c ****   }
1760:./lwip-2.1.2/src/core/tcp_out.c **** #endif /* TCP_OVERSIZE */
1761:./lwip-2.1.2/src/core/tcp_out.c **** 
1762:./lwip-2.1.2/src/core/tcp_out.c ****   if (pcb->nrtx < 0xFF) {
 3277              		.loc 1 1762 10
 3278 1198 7B68     		ldr	r3, [r7, #4]
 3279 119a 93F84230 		ldrb	r3, [r3, #66]	@ zero_extendqisi2
 3280              		.loc 1 1762 6
 3281 119e FF2B     		cmp	r3, #255
 3282 11a0 07D0     		beq	.L181
1763:./lwip-2.1.2/src/core/tcp_out.c ****     ++pcb->nrtx;
 3283              		.loc 1 1763 10
 3284 11a2 7B68     		ldr	r3, [r7, #4]
 3285 11a4 93F84230 		ldrb	r3, [r3, #66]	@ zero_extendqisi2
 3286              		.loc 1 1763 5
 3287 11a8 0133     		adds	r3, r3, #1
 3288 11aa DAB2     		uxtb	r2, r3
 3289 11ac 7B68     		ldr	r3, [r7, #4]
 3290 11ae 83F84220 		strb	r2, [r3, #66]
 3291              	.L181:
1764:./lwip-2.1.2/src/core/tcp_out.c ****   }
1765:./lwip-2.1.2/src/core/tcp_out.c **** 
1766:./lwip-2.1.2/src/core/tcp_out.c ****   /* Don't take any rtt measurements after retransmitting. */
1767:./lwip-2.1.2/src/core/tcp_out.c ****   pcb->rttest = 0;
 3292              		.loc 1 1767 15
 3293 11b2 7B68     		ldr	r3, [r7, #4]
 3294 11b4 0022     		movs	r2, #0
 3295 11b6 5A63     		str	r2, [r3, #52]
1768:./lwip-2.1.2/src/core/tcp_out.c **** 
1769:./lwip-2.1.2/src/core/tcp_out.c ****   /* Do the actual retransmission. */
1770:./lwip-2.1.2/src/core/tcp_out.c ****   MIB2_STATS_INC(mib2.tcpretranssegs);
1771:./lwip-2.1.2/src/core/tcp_out.c ****   /* No need to call tcp_output: we are always called from tcp_input()
1772:./lwip-2.1.2/src/core/tcp_out.c ****      and thus tcp_output directly returns. */
1773:./lwip-2.1.2/src/core/tcp_out.c ****   return ERR_OK;
 3296              		.loc 1 1773 10
 3297 11b8 0023     		movs	r3, #0
 3298              	.L175:
1774:./lwip-2.1.2/src/core/tcp_out.c **** }
 3299              		.loc 1 1774 1
 3300 11ba 1846     		mov	r0, r3
 3301 11bc 1437     		adds	r7, r7, #20
 3302              	.LCFI75:
 3303              		.cfi_def_cfa_offset 12
 3304 11be BD46     		mov	sp, r7
 3305              	.LCFI76:
 3306              		.cfi_def_cfa_register 13
 3307              		@ sp needed
 3308 11c0 90BD     		pop	{r4, r7, pc}
 3309              		.cfi_endproc
 3310              	.LFE39:
 3312              		.align	1
 3313              		.global	tcp_rexmit_fast
 3314              		.syntax unified
 3315              		.thumb
 3316              		.thumb_func
 3317              		.fpu fpv5-d16
 3319              	tcp_rexmit_fast:
 3320              	.LFB40:
1775:./lwip-2.1.2/src/core/tcp_out.c **** 
1776:./lwip-2.1.2/src/core/tcp_out.c **** 
1777:./lwip-2.1.2/src/core/tcp_out.c **** /**
1778:./lwip-2.1.2/src/core/tcp_out.c ****  * Handle retransmission after three dupacks received
1779:./lwip-2.1.2/src/core/tcp_out.c ****  *
1780:./lwip-2.1.2/src/core/tcp_out.c ****  * @param pcb the tcp_pcb for which to retransmit the first unacked segment
1781:./lwip-2.1.2/src/core/tcp_out.c ****  */
1782:./lwip-2.1.2/src/core/tcp_out.c **** void
1783:./lwip-2.1.2/src/core/tcp_out.c **** tcp_rexmit_fast(struct tcp_pcb *pcb)
1784:./lwip-2.1.2/src/core/tcp_out.c **** {
 3321              		.loc 1 1784 1
 3322              		.cfi_startproc
 3323              		@ args = 0, pretend = 0, frame = 8
 3324              		@ frame_needed = 1, uses_anonymous_args = 0
 3325 11c2 80B5     		push	{r7, lr}
 3326              	.LCFI77:
 3327              		.cfi_def_cfa_offset 8
 3328              		.cfi_offset 7, -8
 3329              		.cfi_offset 14, -4
 3330 11c4 82B0     		sub	sp, sp, #8
 3331              	.LCFI78:
 3332              		.cfi_def_cfa_offset 16
 3333 11c6 00AF     		add	r7, sp, #0
 3334              	.LCFI79:
 3335              		.cfi_def_cfa_register 7
 3336 11c8 7860     		str	r0, [r7, #4]
1785:./lwip-2.1.2/src/core/tcp_out.c ****   LWIP_ASSERT("tcp_rexmit_fast: invalid pcb", pcb != NULL);
1786:./lwip-2.1.2/src/core/tcp_out.c **** 
1787:./lwip-2.1.2/src/core/tcp_out.c ****   if (pcb->unacked != NULL && !(pcb->flags & TF_INFR)) {
 3337              		.loc 1 1787 10
 3338 11ca 7B68     		ldr	r3, [r7, #4]
 3339 11cc 1B6F     		ldr	r3, [r3, #112]
 3340              		.loc 1 1787 6
 3341 11ce 002B     		cmp	r3, #0
 3342 11d0 45D0     		beq	.L186
 3343              		.loc 1 1787 36 discriminator 1
 3344 11d2 7B68     		ldr	r3, [r7, #4]
 3345 11d4 5B8B     		ldrh	r3, [r3, #26]
 3346              		.loc 1 1787 44 discriminator 1
 3347 11d6 03F00403 		and	r3, r3, #4
 3348              		.loc 1 1787 28 discriminator 1
 3349 11da 002B     		cmp	r3, #0
 3350 11dc 3FD1     		bne	.L186
1788:./lwip-2.1.2/src/core/tcp_out.c ****     /* This is fast retransmit. Retransmit the first unacked segment. */
1789:./lwip-2.1.2/src/core/tcp_out.c ****     LWIP_DEBUGF(TCP_FR_DEBUG,
1790:./lwip-2.1.2/src/core/tcp_out.c ****                 ("tcp_receive: dupacks %"U16_F" (%"U32_F
1791:./lwip-2.1.2/src/core/tcp_out.c ****                  "), fast retransmit %"U32_F"\n",
1792:./lwip-2.1.2/src/core/tcp_out.c ****                  (u16_t)pcb->dupacks, pcb->lastack,
1793:./lwip-2.1.2/src/core/tcp_out.c ****                  lwip_ntohl(pcb->unacked->tcphdr->seqno)));
1794:./lwip-2.1.2/src/core/tcp_out.c ****     if (tcp_rexmit(pcb) == ERR_OK) {
 3351              		.loc 1 1794 9
 3352 11de 7868     		ldr	r0, [r7, #4]
 3353 11e0 FFF7FEFF 		bl	tcp_rexmit
 3354 11e4 0346     		mov	r3, r0
 3355              		.loc 1 1794 8
 3356 11e6 002B     		cmp	r3, #0
 3357 11e8 39D1     		bne	.L186
1795:./lwip-2.1.2/src/core/tcp_out.c ****       /* Set ssthresh to half of the minimum of the current
1796:./lwip-2.1.2/src/core/tcp_out.c ****        * cwnd and the advertised window */
1797:./lwip-2.1.2/src/core/tcp_out.c ****       pcb->ssthresh = LWIP_MIN(pcb->cwnd, pcb->snd_wnd) / 2;
 3358              		.loc 1 1797 23
 3359 11ea 7B68     		ldr	r3, [r7, #4]
 3360 11ec B3F86020 		ldrh	r2, [r3, #96]
 3361 11f0 7B68     		ldr	r3, [r7, #4]
 3362 11f2 B3F84830 		ldrh	r3, [r3, #72]
 3363 11f6 9342     		cmp	r3, r2
 3364 11f8 28BF     		it	cs
 3365 11fa 1346     		movcs	r3, r2
 3366 11fc 9BB2     		uxth	r3, r3
 3367              		.loc 1 1797 57
 3368 11fe 002B     		cmp	r3, #0
 3369 1200 00DA     		bge	.L184
 3370 1202 0133     		adds	r3, r3, #1
 3371              	.L184:
 3372 1204 5B10     		asrs	r3, r3, #1
 3373              		.loc 1 1797 21
 3374 1206 9AB2     		uxth	r2, r3
 3375 1208 7B68     		ldr	r3, [r7, #4]
 3376 120a A3F84A20 		strh	r2, [r3, #74]	@ movhi
1798:./lwip-2.1.2/src/core/tcp_out.c **** 
1799:./lwip-2.1.2/src/core/tcp_out.c ****       /* The minimum value for ssthresh should be 2 MSS */
1800:./lwip-2.1.2/src/core/tcp_out.c ****       if (pcb->ssthresh < (2U * pcb->mss)) {
 3377              		.loc 1 1800 14
 3378 120e 7B68     		ldr	r3, [r7, #4]
 3379 1210 B3F84A30 		ldrh	r3, [r3, #74]
 3380 1214 1A46     		mov	r2, r3
 3381              		.loc 1 1800 36
 3382 1216 7B68     		ldr	r3, [r7, #4]
 3383 1218 5B8E     		ldrh	r3, [r3, #50]
 3384              		.loc 1 1800 31
 3385 121a 5B00     		lsls	r3, r3, #1
 3386              		.loc 1 1800 10
 3387 121c 9A42     		cmp	r2, r3
 3388 121e 06D2     		bcs	.L185
1801:./lwip-2.1.2/src/core/tcp_out.c ****         LWIP_DEBUGF(TCP_FR_DEBUG,
1802:./lwip-2.1.2/src/core/tcp_out.c ****                     ("tcp_receive: The minimum value for ssthresh %"TCPWNDSIZE_F
1803:./lwip-2.1.2/src/core/tcp_out.c ****                      " should be min 2 mss %"U16_F"...\n",
1804:./lwip-2.1.2/src/core/tcp_out.c ****                      pcb->ssthresh, (u16_t)(2 * pcb->mss)));
1805:./lwip-2.1.2/src/core/tcp_out.c ****         pcb->ssthresh = 2 * pcb->mss;
 3389              		.loc 1 1805 32
 3390 1220 7B68     		ldr	r3, [r7, #4]
 3391 1222 5B8E     		ldrh	r3, [r3, #50]
 3392              		.loc 1 1805 23
 3393 1224 5B00     		lsls	r3, r3, #1
 3394 1226 9AB2     		uxth	r2, r3
 3395 1228 7B68     		ldr	r3, [r7, #4]
 3396 122a A3F84A20 		strh	r2, [r3, #74]	@ movhi
 3397              	.L185:
1806:./lwip-2.1.2/src/core/tcp_out.c ****       }
1807:./lwip-2.1.2/src/core/tcp_out.c **** 
1808:./lwip-2.1.2/src/core/tcp_out.c ****       pcb->cwnd = pcb->ssthresh + 3 * pcb->mss;
 3398              		.loc 1 1808 22
 3399 122e 7B68     		ldr	r3, [r7, #4]
 3400 1230 B3F84A20 		ldrh	r2, [r3, #74]
 3401              		.loc 1 1808 42
 3402 1234 7B68     		ldr	r3, [r7, #4]
 3403 1236 5B8E     		ldrh	r3, [r3, #50]
 3404              		.loc 1 1808 33
 3405 1238 1946     		mov	r1, r3	@ movhi
 3406 123a 4900     		lsls	r1, r1, #1
 3407 123c 0B44     		add	r3, r3, r1
 3408 123e 9BB2     		uxth	r3, r3
 3409 1240 1344     		add	r3, r3, r2
 3410 1242 9AB2     		uxth	r2, r3
 3411              		.loc 1 1808 17
 3412 1244 7B68     		ldr	r3, [r7, #4]
 3413 1246 A3F84820 		strh	r2, [r3, #72]	@ movhi
1809:./lwip-2.1.2/src/core/tcp_out.c ****       tcp_set_flags(pcb, TF_INFR);
 3414              		.loc 1 1809 7
 3415 124a 7B68     		ldr	r3, [r7, #4]
 3416 124c 5B8B     		ldrh	r3, [r3, #26]
 3417 124e 43F00403 		orr	r3, r3, #4
 3418 1252 9AB2     		uxth	r2, r3
 3419 1254 7B68     		ldr	r3, [r7, #4]
 3420 1256 5A83     		strh	r2, [r3, #26]	@ movhi
1810:./lwip-2.1.2/src/core/tcp_out.c **** 
1811:./lwip-2.1.2/src/core/tcp_out.c ****       /* Reset the retransmission timer to prevent immediate rto retransmissions */
1812:./lwip-2.1.2/src/core/tcp_out.c ****       pcb->rtime = 0;
 3421              		.loc 1 1812 18
 3422 1258 7B68     		ldr	r3, [r7, #4]
 3423 125a 0022     		movs	r2, #0
 3424 125c 1A86     		strh	r2, [r3, #48]	@ movhi
 3425              	.L186:
1813:./lwip-2.1.2/src/core/tcp_out.c ****     }
1814:./lwip-2.1.2/src/core/tcp_out.c ****   }
1815:./lwip-2.1.2/src/core/tcp_out.c **** }
 3426              		.loc 1 1815 1
 3427 125e 00BF     		nop
 3428 1260 0837     		adds	r7, r7, #8
 3429              	.LCFI80:
 3430              		.cfi_def_cfa_offset 8
 3431 1262 BD46     		mov	sp, r7
 3432              	.LCFI81:
 3433              		.cfi_def_cfa_register 13
 3434              		@ sp needed
 3435 1264 80BD     		pop	{r7, pc}
 3436              		.cfi_endproc
 3437              	.LFE40:
 3439              		.align	1
 3440              		.syntax unified
 3441              		.thumb
 3442              		.thumb_func
 3443              		.fpu fpv5-d16
 3445              	tcp_output_alloc_header_common:
 3446              	.LFB41:
1816:./lwip-2.1.2/src/core/tcp_out.c **** 
1817:./lwip-2.1.2/src/core/tcp_out.c **** static struct pbuf *
1818:./lwip-2.1.2/src/core/tcp_out.c **** tcp_output_alloc_header_common(u32_t ackno, u16_t optlen, u16_t datalen,
1819:./lwip-2.1.2/src/core/tcp_out.c ****                         u32_t seqno_be /* already in network byte order */,
1820:./lwip-2.1.2/src/core/tcp_out.c ****                         u16_t src_port, u16_t dst_port, u8_t flags, u16_t wnd)
1821:./lwip-2.1.2/src/core/tcp_out.c **** {
 3447              		.loc 1 1821 1
 3448              		.cfi_startproc
 3449              		@ args = 16, pretend = 0, frame = 24
 3450              		@ frame_needed = 1, uses_anonymous_args = 0
 3451 1266 80B5     		push	{r7, lr}
 3452              	.LCFI82:
 3453              		.cfi_def_cfa_offset 8
 3454              		.cfi_offset 7, -8
 3455              		.cfi_offset 14, -4
 3456 1268 86B0     		sub	sp, sp, #24
 3457              	.LCFI83:
 3458              		.cfi_def_cfa_offset 32
 3459 126a 00AF     		add	r7, sp, #0
 3460              	.LCFI84:
 3461              		.cfi_def_cfa_register 7
 3462 126c F860     		str	r0, [r7, #12]
 3463 126e 7B60     		str	r3, [r7, #4]
 3464 1270 0B46     		mov	r3, r1	@ movhi
 3465 1272 7B81     		strh	r3, [r7, #10]	@ movhi
 3466 1274 1346     		mov	r3, r2	@ movhi
 3467 1276 3B81     		strh	r3, [r7, #8]	@ movhi
1822:./lwip-2.1.2/src/core/tcp_out.c ****   struct tcp_hdr *tcphdr;
1823:./lwip-2.1.2/src/core/tcp_out.c ****   struct pbuf *p;
1824:./lwip-2.1.2/src/core/tcp_out.c **** 
1825:./lwip-2.1.2/src/core/tcp_out.c ****   p = pbuf_alloc(PBUF_IP, TCP_HLEN + optlen + datalen, PBUF_RAM);
 3468              		.loc 1 1825 45
 3469 1278 7A89     		ldrh	r2, [r7, #10]	@ movhi
 3470 127a 3B89     		ldrh	r3, [r7, #8]	@ movhi
 3471 127c 1344     		add	r3, r3, r2
 3472 127e 9BB2     		uxth	r3, r3
 3473              		.loc 1 1825 7
 3474 1280 1433     		adds	r3, r3, #20
 3475 1282 9BB2     		uxth	r3, r3
 3476 1284 4FF42072 		mov	r2, #640
 3477 1288 1946     		mov	r1, r3
 3478 128a 2220     		movs	r0, #34
 3479 128c FFF7FEFF 		bl	pbuf_alloc
 3480 1290 7861     		str	r0, [r7, #20]
1826:./lwip-2.1.2/src/core/tcp_out.c ****   if (p != NULL) {
 3481              		.loc 1 1826 6
 3482 1292 7B69     		ldr	r3, [r7, #20]
 3483 1294 002B     		cmp	r3, #0
 3484 1296 40D0     		beq	.L188
1827:./lwip-2.1.2/src/core/tcp_out.c ****     LWIP_ASSERT("check that first pbuf can hold struct tcp_hdr",
1828:./lwip-2.1.2/src/core/tcp_out.c ****                 (p->len >= TCP_HLEN + optlen));
1829:./lwip-2.1.2/src/core/tcp_out.c ****     tcphdr = (struct tcp_hdr *)p->payload;
 3485              		.loc 1 1829 12
 3486 1298 7B69     		ldr	r3, [r7, #20]
 3487 129a 5B68     		ldr	r3, [r3, #4]
 3488 129c 3B61     		str	r3, [r7, #16]
1830:./lwip-2.1.2/src/core/tcp_out.c ****     tcphdr->src = lwip_htons(src_port);
 3489              		.loc 1 1830 19
 3490 129e 3B8C     		ldrh	r3, [r7, #32]
 3491 12a0 1846     		mov	r0, r3
 3492 12a2 FFF7FEFF 		bl	lwip_htons
 3493 12a6 0346     		mov	r3, r0
 3494 12a8 1A46     		mov	r2, r3
 3495              		.loc 1 1830 17
 3496 12aa 3B69     		ldr	r3, [r7, #16]
 3497 12ac 1A80     		strh	r2, [r3]	@ unaligned
1831:./lwip-2.1.2/src/core/tcp_out.c ****     tcphdr->dest = lwip_htons(dst_port);
 3498              		.loc 1 1831 20
 3499 12ae BB8C     		ldrh	r3, [r7, #36]
 3500 12b0 1846     		mov	r0, r3
 3501 12b2 FFF7FEFF 		bl	lwip_htons
 3502 12b6 0346     		mov	r3, r0
 3503 12b8 1A46     		mov	r2, r3
 3504              		.loc 1 1831 18
 3505 12ba 3B69     		ldr	r3, [r7, #16]
 3506 12bc 5A80     		strh	r2, [r3, #2]	@ unaligned
1832:./lwip-2.1.2/src/core/tcp_out.c ****     tcphdr->seqno = seqno_be;
 3507              		.loc 1 1832 19
 3508 12be 3B69     		ldr	r3, [r7, #16]
 3509 12c0 7A68     		ldr	r2, [r7, #4]
 3510 12c2 5A60     		str	r2, [r3, #4]	@ unaligned
1833:./lwip-2.1.2/src/core/tcp_out.c ****     tcphdr->ackno = lwip_htonl(ackno);
 3511              		.loc 1 1833 21
 3512 12c4 F868     		ldr	r0, [r7, #12]
 3513 12c6 FFF7FEFF 		bl	lwip_htonl
 3514 12ca 0246     		mov	r2, r0
 3515              		.loc 1 1833 19
 3516 12cc 3B69     		ldr	r3, [r7, #16]
 3517 12ce 9A60     		str	r2, [r3, #8]	@ unaligned
1834:./lwip-2.1.2/src/core/tcp_out.c ****     TCPH_HDRLEN_FLAGS_SET(tcphdr, (5 + optlen / 4), flags);
 3518              		.loc 1 1834 5
 3519 12d0 7B89     		ldrh	r3, [r7, #10]
 3520 12d2 9B08     		lsrs	r3, r3, #2
 3521 12d4 9BB2     		uxth	r3, r3
 3522 12d6 0533     		adds	r3, r3, #5
 3523 12d8 9BB2     		uxth	r3, r3
 3524 12da 1B03     		lsls	r3, r3, #12
 3525 12dc 9AB2     		uxth	r2, r3
 3526 12de 97F82830 		ldrb	r3, [r7, #40]	@ zero_extendqisi2
 3527 12e2 9BB2     		uxth	r3, r3
 3528 12e4 1343     		orrs	r3, r3, r2
 3529 12e6 9BB2     		uxth	r3, r3
 3530 12e8 1846     		mov	r0, r3
 3531 12ea FFF7FEFF 		bl	lwip_htons
 3532 12ee 0346     		mov	r3, r0
 3533 12f0 1A46     		mov	r2, r3
 3534 12f2 3B69     		ldr	r3, [r7, #16]
 3535 12f4 9A81     		strh	r2, [r3, #12]	@ unaligned
1835:./lwip-2.1.2/src/core/tcp_out.c ****     tcphdr->wnd = lwip_htons(wnd);
 3536              		.loc 1 1835 19
 3537 12f6 BB8D     		ldrh	r3, [r7, #44]
 3538 12f8 1846     		mov	r0, r3
 3539 12fa FFF7FEFF 		bl	lwip_htons
 3540 12fe 0346     		mov	r3, r0
 3541 1300 1A46     		mov	r2, r3
 3542              		.loc 1 1835 17
 3543 1302 3B69     		ldr	r3, [r7, #16]
 3544 1304 DA81     		strh	r2, [r3, #14]	@ unaligned
1836:./lwip-2.1.2/src/core/tcp_out.c ****     tcphdr->chksum = 0;
 3545              		.loc 1 1836 20
 3546 1306 3B69     		ldr	r3, [r7, #16]
 3547 1308 0022     		movs	r2, #0
 3548 130a 1A74     		strb	r2, [r3, #16]
 3549 130c 0022     		movs	r2, #0
 3550 130e 5A74     		strb	r2, [r3, #17]
1837:./lwip-2.1.2/src/core/tcp_out.c ****     tcphdr->urgp = 0;
 3551              		.loc 1 1837 18
 3552 1310 3B69     		ldr	r3, [r7, #16]
 3553 1312 0022     		movs	r2, #0
 3554 1314 9A74     		strb	r2, [r3, #18]
 3555 1316 0022     		movs	r2, #0
 3556 1318 DA74     		strb	r2, [r3, #19]
 3557              	.L188:
1838:./lwip-2.1.2/src/core/tcp_out.c ****   }
1839:./lwip-2.1.2/src/core/tcp_out.c ****   return p;
 3558              		.loc 1 1839 10
 3559 131a 7B69     		ldr	r3, [r7, #20]
1840:./lwip-2.1.2/src/core/tcp_out.c **** }
 3560              		.loc 1 1840 1
 3561 131c 1846     		mov	r0, r3
 3562 131e 1837     		adds	r7, r7, #24
 3563              	.LCFI85:
 3564              		.cfi_def_cfa_offset 8
 3565 1320 BD46     		mov	sp, r7
 3566              	.LCFI86:
 3567              		.cfi_def_cfa_register 13
 3568              		@ sp needed
 3569 1322 80BD     		pop	{r7, pc}
 3570              		.cfi_endproc
 3571              	.LFE41:
 3573              		.align	1
 3574              		.syntax unified
 3575              		.thumb
 3576              		.thumb_func
 3577              		.fpu fpv5-d16
 3579              	tcp_output_alloc_header:
 3580              	.LFB42:
1841:./lwip-2.1.2/src/core/tcp_out.c **** 
1842:./lwip-2.1.2/src/core/tcp_out.c **** /** Allocate a pbuf and create a tcphdr at p->payload, used for output
1843:./lwip-2.1.2/src/core/tcp_out.c ****  * functions other than the default tcp_output -> tcp_output_segment
1844:./lwip-2.1.2/src/core/tcp_out.c ****  * (e.g. tcp_send_empty_ack, etc.)
1845:./lwip-2.1.2/src/core/tcp_out.c ****  *
1846:./lwip-2.1.2/src/core/tcp_out.c ****  * @param pcb tcp pcb for which to send a packet (used to initialize tcp_hdr)
1847:./lwip-2.1.2/src/core/tcp_out.c ****  * @param optlen length of header-options
1848:./lwip-2.1.2/src/core/tcp_out.c ****  * @param datalen length of tcp data to reserve in pbuf
1849:./lwip-2.1.2/src/core/tcp_out.c ****  * @param seqno_be seqno in network byte order (big-endian)
1850:./lwip-2.1.2/src/core/tcp_out.c ****  * @return pbuf with p->payload being the tcp_hdr
1851:./lwip-2.1.2/src/core/tcp_out.c ****  */
1852:./lwip-2.1.2/src/core/tcp_out.c **** static struct pbuf *
1853:./lwip-2.1.2/src/core/tcp_out.c **** tcp_output_alloc_header(struct tcp_pcb *pcb, u16_t optlen, u16_t datalen,
1854:./lwip-2.1.2/src/core/tcp_out.c ****                         u32_t seqno_be /* already in network byte order */)
1855:./lwip-2.1.2/src/core/tcp_out.c **** {
 3581              		.loc 1 1855 1
 3582              		.cfi_startproc
 3583              		@ args = 0, pretend = 0, frame = 24
 3584              		@ frame_needed = 1, uses_anonymous_args = 0
 3585 1324 B0B5     		push	{r4, r5, r7, lr}
 3586              	.LCFI87:
 3587              		.cfi_def_cfa_offset 16
 3588              		.cfi_offset 4, -16
 3589              		.cfi_offset 5, -12
 3590              		.cfi_offset 7, -8
 3591              		.cfi_offset 14, -4
 3592 1326 8AB0     		sub	sp, sp, #40
 3593              	.LCFI88:
 3594              		.cfi_def_cfa_offset 56
 3595 1328 04AF     		add	r7, sp, #16
 3596              	.LCFI89:
 3597              		.cfi_def_cfa 7, 40
 3598 132a F860     		str	r0, [r7, #12]
 3599 132c 7B60     		str	r3, [r7, #4]
 3600 132e 0B46     		mov	r3, r1	@ movhi
 3601 1330 7B81     		strh	r3, [r7, #10]	@ movhi
 3602 1332 1346     		mov	r3, r2	@ movhi
 3603 1334 3B81     		strh	r3, [r7, #8]	@ movhi
1856:./lwip-2.1.2/src/core/tcp_out.c ****   struct pbuf *p;
1857:./lwip-2.1.2/src/core/tcp_out.c **** 
1858:./lwip-2.1.2/src/core/tcp_out.c ****   LWIP_ASSERT("tcp_output_alloc_header: invalid pcb", pcb != NULL);
1859:./lwip-2.1.2/src/core/tcp_out.c **** 
1860:./lwip-2.1.2/src/core/tcp_out.c ****   p = tcp_output_alloc_header_common(pcb->rcv_nxt, optlen, datalen,
 3604              		.loc 1 1860 7
 3605 1336 FB68     		ldr	r3, [r7, #12]
 3606 1338 586A     		ldr	r0, [r3, #36]
 3607 133a FB68     		ldr	r3, [r7, #12]
 3608 133c DB8A     		ldrh	r3, [r3, #22]
 3609 133e FA68     		ldr	r2, [r7, #12]
 3610 1340 128B     		ldrh	r2, [r2, #24]
 3611 1342 F968     		ldr	r1, [r7, #12]
 3612 1344 498D     		ldrh	r1, [r1, #42]
 3613 1346 3D89     		ldrh	r5, [r7, #8]
 3614 1348 7C89     		ldrh	r4, [r7, #10]
 3615 134a 0391     		str	r1, [sp, #12]
 3616 134c 1021     		movs	r1, #16
 3617 134e 0291     		str	r1, [sp, #8]
 3618 1350 0192     		str	r2, [sp, #4]
 3619 1352 0093     		str	r3, [sp]
 3620 1354 7B68     		ldr	r3, [r7, #4]
 3621 1356 2A46     		mov	r2, r5
 3622 1358 2146     		mov	r1, r4
 3623 135a FFF784FF 		bl	tcp_output_alloc_header_common
 3624 135e 7861     		str	r0, [r7, #20]
1861:./lwip-2.1.2/src/core/tcp_out.c ****     seqno_be, pcb->local_port, pcb->remote_port, TCP_ACK,
1862:./lwip-2.1.2/src/core/tcp_out.c ****     TCPWND_MIN16(RCV_WND_SCALE(pcb, pcb->rcv_ann_wnd)));
1863:./lwip-2.1.2/src/core/tcp_out.c ****   if (p != NULL) {
 3625              		.loc 1 1863 6
 3626 1360 7B69     		ldr	r3, [r7, #20]
 3627 1362 002B     		cmp	r3, #0
 3628 1364 06D0     		beq	.L191
1864:./lwip-2.1.2/src/core/tcp_out.c ****     /* If we're sending a packet, update the announced right window edge */
1865:./lwip-2.1.2/src/core/tcp_out.c ****     pcb->rcv_ann_right_edge = pcb->rcv_nxt + pcb->rcv_ann_wnd;
 3629              		.loc 1 1865 34
 3630 1366 FB68     		ldr	r3, [r7, #12]
 3631 1368 5B6A     		ldr	r3, [r3, #36]
 3632              		.loc 1 1865 49
 3633 136a FA68     		ldr	r2, [r7, #12]
 3634 136c 528D     		ldrh	r2, [r2, #42]
 3635              		.loc 1 1865 44
 3636 136e 1A44     		add	r2, r2, r3
 3637              		.loc 1 1865 29
 3638 1370 FB68     		ldr	r3, [r7, #12]
 3639 1372 DA62     		str	r2, [r3, #44]
 3640              	.L191:
1866:./lwip-2.1.2/src/core/tcp_out.c ****   }
1867:./lwip-2.1.2/src/core/tcp_out.c ****   return p;
 3641              		.loc 1 1867 10
 3642 1374 7B69     		ldr	r3, [r7, #20]
1868:./lwip-2.1.2/src/core/tcp_out.c **** }
 3643              		.loc 1 1868 1
 3644 1376 1846     		mov	r0, r3
 3645 1378 1837     		adds	r7, r7, #24
 3646              	.LCFI90:
 3647              		.cfi_def_cfa_offset 16
 3648 137a BD46     		mov	sp, r7
 3649              	.LCFI91:
 3650              		.cfi_def_cfa_register 13
 3651              		@ sp needed
 3652 137c B0BD     		pop	{r4, r5, r7, pc}
 3653              		.cfi_endproc
 3654              	.LFE42:
 3656              		.align	1
 3657              		.syntax unified
 3658              		.thumb
 3659              		.thumb_func
 3660              		.fpu fpv5-d16
 3662              	tcp_output_fill_options:
 3663              	.LFB43:
1869:./lwip-2.1.2/src/core/tcp_out.c **** 
1870:./lwip-2.1.2/src/core/tcp_out.c **** /* Fill in options for control segments */
1871:./lwip-2.1.2/src/core/tcp_out.c **** static void
1872:./lwip-2.1.2/src/core/tcp_out.c **** tcp_output_fill_options(const struct tcp_pcb *pcb, struct pbuf *p, u8_t optflags, u8_t num_sacks)
1873:./lwip-2.1.2/src/core/tcp_out.c **** {
 3664              		.loc 1 1873 1
 3665              		.cfi_startproc
 3666              		@ args = 0, pretend = 0, frame = 32
 3667              		@ frame_needed = 1, uses_anonymous_args = 0
 3668              		@ link register save eliminated.
 3669 137e 80B4     		push	{r7}
 3670              	.LCFI92:
 3671              		.cfi_def_cfa_offset 4
 3672              		.cfi_offset 7, -4
 3673 1380 89B0     		sub	sp, sp, #36
 3674              	.LCFI93:
 3675              		.cfi_def_cfa_offset 40
 3676 1382 00AF     		add	r7, sp, #0
 3677              	.LCFI94:
 3678              		.cfi_def_cfa_register 7
 3679 1384 F860     		str	r0, [r7, #12]
 3680 1386 B960     		str	r1, [r7, #8]
 3681 1388 1146     		mov	r1, r2
 3682 138a 1A46     		mov	r2, r3
 3683 138c 0B46     		mov	r3, r1
 3684 138e FB71     		strb	r3, [r7, #7]
 3685 1390 1346     		mov	r3, r2
 3686 1392 BB71     		strb	r3, [r7, #6]
1874:./lwip-2.1.2/src/core/tcp_out.c ****   struct tcp_hdr *tcphdr;
1875:./lwip-2.1.2/src/core/tcp_out.c ****   u32_t *opts;
1876:./lwip-2.1.2/src/core/tcp_out.c ****   u16_t sacks_len = 0;
 3687              		.loc 1 1876 9
 3688 1394 0023     		movs	r3, #0
 3689 1396 FB83     		strh	r3, [r7, #30]	@ movhi
1877:./lwip-2.1.2/src/core/tcp_out.c **** 
1878:./lwip-2.1.2/src/core/tcp_out.c ****   LWIP_ASSERT("tcp_output_fill_options: invalid pbuf", p != NULL);
1879:./lwip-2.1.2/src/core/tcp_out.c **** 
1880:./lwip-2.1.2/src/core/tcp_out.c ****   tcphdr = (struct tcp_hdr *)p->payload;
 3690              		.loc 1 1880 10
 3691 1398 BB68     		ldr	r3, [r7, #8]
 3692 139a 5B68     		ldr	r3, [r3, #4]
 3693 139c BB61     		str	r3, [r7, #24]
1881:./lwip-2.1.2/src/core/tcp_out.c ****   opts = (u32_t *)(void *)(tcphdr + 1);
 3694              		.loc 1 1881 8
 3695 139e BB69     		ldr	r3, [r7, #24]
 3696 13a0 1433     		adds	r3, r3, #20
 3697 13a2 7B61     		str	r3, [r7, #20]
1882:./lwip-2.1.2/src/core/tcp_out.c **** 
1883:./lwip-2.1.2/src/core/tcp_out.c ****   /* NB. MSS and window scale options are only sent on SYNs, so ignore them here */
1884:./lwip-2.1.2/src/core/tcp_out.c **** 
1885:./lwip-2.1.2/src/core/tcp_out.c **** #if LWIP_TCP_TIMESTAMPS
1886:./lwip-2.1.2/src/core/tcp_out.c ****   if (optflags & TF_SEG_OPTS_TS) {
1887:./lwip-2.1.2/src/core/tcp_out.c ****     tcp_build_timestamp_option(pcb, opts);
1888:./lwip-2.1.2/src/core/tcp_out.c ****     opts += 3;
1889:./lwip-2.1.2/src/core/tcp_out.c ****   }
1890:./lwip-2.1.2/src/core/tcp_out.c **** #endif
1891:./lwip-2.1.2/src/core/tcp_out.c **** 
1892:./lwip-2.1.2/src/core/tcp_out.c **** #if LWIP_TCP_SACK_OUT
1893:./lwip-2.1.2/src/core/tcp_out.c ****   if (pcb && (num_sacks > 0)) {
1894:./lwip-2.1.2/src/core/tcp_out.c ****     tcp_build_sack_option(pcb, opts, num_sacks);
1895:./lwip-2.1.2/src/core/tcp_out.c ****     /* 1 word for SACKs header (including 2xNOP), and 2 words for each SACK */
1896:./lwip-2.1.2/src/core/tcp_out.c ****     sacks_len = 1 + num_sacks * 2;
1897:./lwip-2.1.2/src/core/tcp_out.c ****     opts += sacks_len;
1898:./lwip-2.1.2/src/core/tcp_out.c ****   }
1899:./lwip-2.1.2/src/core/tcp_out.c **** #else
1900:./lwip-2.1.2/src/core/tcp_out.c ****   LWIP_UNUSED_ARG(num_sacks);
1901:./lwip-2.1.2/src/core/tcp_out.c **** #endif
1902:./lwip-2.1.2/src/core/tcp_out.c **** 
1903:./lwip-2.1.2/src/core/tcp_out.c **** #ifdef LWIP_HOOK_TCP_OUT_ADD_TCPOPTS
1904:./lwip-2.1.2/src/core/tcp_out.c ****   opts = LWIP_HOOK_TCP_OUT_ADD_TCPOPTS(p, tcphdr, pcb, opts);
1905:./lwip-2.1.2/src/core/tcp_out.c **** #endif
1906:./lwip-2.1.2/src/core/tcp_out.c **** 
1907:./lwip-2.1.2/src/core/tcp_out.c ****   LWIP_UNUSED_ARG(pcb);
1908:./lwip-2.1.2/src/core/tcp_out.c ****   LWIP_UNUSED_ARG(sacks_len);
1909:./lwip-2.1.2/src/core/tcp_out.c ****   LWIP_ASSERT("options not filled", (u8_t *)opts == ((u8_t *)(tcphdr + 1)) + sacks_len * 4 + LWIP_T
1910:./lwip-2.1.2/src/core/tcp_out.c ****   LWIP_UNUSED_ARG(optflags); /* for LWIP_NOASSERT */
1911:./lwip-2.1.2/src/core/tcp_out.c ****   LWIP_UNUSED_ARG(opts); /* for LWIP_NOASSERT */
1912:./lwip-2.1.2/src/core/tcp_out.c **** }
 3698              		.loc 1 1912 1
 3699 13a4 00BF     		nop
 3700 13a6 2437     		adds	r7, r7, #36
 3701              	.LCFI95:
 3702              		.cfi_def_cfa_offset 4
 3703 13a8 BD46     		mov	sp, r7
 3704              	.LCFI96:
 3705              		.cfi_def_cfa_register 13
 3706              		@ sp needed
 3707 13aa 5DF8047B 		ldr	r7, [sp], #4
 3708              	.LCFI97:
 3709              		.cfi_restore 7
 3710              		.cfi_def_cfa_offset 0
 3711 13ae 7047     		bx	lr
 3712              		.cfi_endproc
 3713              	.LFE43:
 3715              		.align	1
 3716              		.syntax unified
 3717              		.thumb
 3718              		.thumb_func
 3719              		.fpu fpv5-d16
 3721              	tcp_output_control_segment:
 3722              	.LFB44:
1913:./lwip-2.1.2/src/core/tcp_out.c **** 
1914:./lwip-2.1.2/src/core/tcp_out.c **** /** Output a control segment pbuf to IP.
1915:./lwip-2.1.2/src/core/tcp_out.c ****  *
1916:./lwip-2.1.2/src/core/tcp_out.c ****  * Called from tcp_rst, tcp_send_empty_ack, tcp_keepalive and tcp_zero_window_probe,
1917:./lwip-2.1.2/src/core/tcp_out.c ****  * this function combines selecting a netif for transmission, generating the tcp
1918:./lwip-2.1.2/src/core/tcp_out.c ****  * header checksum and calling ip_output_if while handling netif hints and stats.
1919:./lwip-2.1.2/src/core/tcp_out.c ****  */
1920:./lwip-2.1.2/src/core/tcp_out.c **** static err_t
1921:./lwip-2.1.2/src/core/tcp_out.c **** tcp_output_control_segment(const struct tcp_pcb *pcb, struct pbuf *p,
1922:./lwip-2.1.2/src/core/tcp_out.c ****                            const ip_addr_t *src, const ip_addr_t *dst)
1923:./lwip-2.1.2/src/core/tcp_out.c **** {
 3723              		.loc 1 1923 1
 3724              		.cfi_startproc
 3725              		@ args = 0, pretend = 0, frame = 24
 3726              		@ frame_needed = 1, uses_anonymous_args = 0
 3727 13b0 80B5     		push	{r7, lr}
 3728              	.LCFI98:
 3729              		.cfi_def_cfa_offset 8
 3730              		.cfi_offset 7, -8
 3731              		.cfi_offset 14, -4
 3732 13b2 8AB0     		sub	sp, sp, #40
 3733              	.LCFI99:
 3734              		.cfi_def_cfa_offset 48
 3735 13b4 04AF     		add	r7, sp, #16
 3736              	.LCFI100:
 3737              		.cfi_def_cfa 7, 32
 3738 13b6 F860     		str	r0, [r7, #12]
 3739 13b8 B960     		str	r1, [r7, #8]
 3740 13ba 7A60     		str	r2, [r7, #4]
 3741 13bc 3B60     		str	r3, [r7]
1924:./lwip-2.1.2/src/core/tcp_out.c ****   err_t err;
1925:./lwip-2.1.2/src/core/tcp_out.c ****   struct netif *netif;
1926:./lwip-2.1.2/src/core/tcp_out.c **** 
1927:./lwip-2.1.2/src/core/tcp_out.c ****   LWIP_ASSERT("tcp_output_control_segment: invalid pbuf", p != NULL);
1928:./lwip-2.1.2/src/core/tcp_out.c **** 
1929:./lwip-2.1.2/src/core/tcp_out.c ****   netif = tcp_route(pcb, src, dst);
 3742              		.loc 1 1929 11
 3743 13be 3A68     		ldr	r2, [r7]
 3744 13c0 7968     		ldr	r1, [r7, #4]
 3745 13c2 F868     		ldr	r0, [r7, #12]
 3746 13c4 FEF71CFE 		bl	tcp_route
 3747 13c8 3861     		str	r0, [r7, #16]
1930:./lwip-2.1.2/src/core/tcp_out.c ****   if (netif == NULL) {
 3748              		.loc 1 1930 6
 3749 13ca 3B69     		ldr	r3, [r7, #16]
 3750 13cc 002B     		cmp	r3, #0
 3751 13ce 02D1     		bne	.L195
1931:./lwip-2.1.2/src/core/tcp_out.c ****     err = ERR_RTE;
 3752              		.loc 1 1931 9
 3753 13d0 FC23     		movs	r3, #252
 3754 13d2 FB75     		strb	r3, [r7, #23]
 3755 13d4 1CE0     		b	.L196
 3756              	.L195:
 3757              	.LBB19:
1932:./lwip-2.1.2/src/core/tcp_out.c ****   } else {
1933:./lwip-2.1.2/src/core/tcp_out.c ****     u8_t ttl, tos;
1934:./lwip-2.1.2/src/core/tcp_out.c **** #if CHECKSUM_GEN_TCP
1935:./lwip-2.1.2/src/core/tcp_out.c ****     IF__NETIF_CHECKSUM_ENABLED(netif, NETIF_CHECKSUM_GEN_TCP) {
1936:./lwip-2.1.2/src/core/tcp_out.c ****       struct tcp_hdr *tcphdr = (struct tcp_hdr *)p->payload;
1937:./lwip-2.1.2/src/core/tcp_out.c ****       tcphdr->chksum = ip_chksum_pseudo(p, IP_PROTO_TCP, p->tot_len,
1938:./lwip-2.1.2/src/core/tcp_out.c ****                                         src, dst);
1939:./lwip-2.1.2/src/core/tcp_out.c ****     }
1940:./lwip-2.1.2/src/core/tcp_out.c **** #endif
1941:./lwip-2.1.2/src/core/tcp_out.c ****     if (pcb != NULL) {
 3758              		.loc 1 1941 8
 3759 13d6 FB68     		ldr	r3, [r7, #12]
 3760 13d8 002B     		cmp	r3, #0
 3761 13da 06D0     		beq	.L197
1942:./lwip-2.1.2/src/core/tcp_out.c ****       NETIF_SET_HINTS(netif, LWIP_CONST_CAST(struct netif_hint*, &(pcb->netif_hints)));
1943:./lwip-2.1.2/src/core/tcp_out.c ****       ttl = pcb->ttl;
 3762              		.loc 1 1943 11
 3763 13dc FB68     		ldr	r3, [r7, #12]
 3764 13de DB7A     		ldrb	r3, [r3, #11]
 3765 13e0 BB75     		strb	r3, [r7, #22]
1944:./lwip-2.1.2/src/core/tcp_out.c ****       tos = pcb->tos;
 3766              		.loc 1 1944 11
 3767 13e2 FB68     		ldr	r3, [r7, #12]
 3768 13e4 9B7A     		ldrb	r3, [r3, #10]
 3769 13e6 7B75     		strb	r3, [r7, #21]
 3770 13e8 03E0     		b	.L198
 3771              	.L197:
1945:./lwip-2.1.2/src/core/tcp_out.c ****     } else {
1946:./lwip-2.1.2/src/core/tcp_out.c ****       /* Send output with hardcoded TTL/HL since we have no access to the pcb */
1947:./lwip-2.1.2/src/core/tcp_out.c ****       ttl = TCP_TTL;
 3772              		.loc 1 1947 11
 3773 13ea FF23     		movs	r3, #255
 3774 13ec BB75     		strb	r3, [r7, #22]
1948:./lwip-2.1.2/src/core/tcp_out.c ****       tos = 0;
 3775              		.loc 1 1948 11
 3776 13ee 0023     		movs	r3, #0
 3777 13f0 7B75     		strb	r3, [r7, #21]
 3778              	.L198:
1949:./lwip-2.1.2/src/core/tcp_out.c ****     }
1950:./lwip-2.1.2/src/core/tcp_out.c ****     TCP_STATS_INC(tcp.xmit);
1951:./lwip-2.1.2/src/core/tcp_out.c ****     err = ip_output_if(p, src, dst, ttl, tos, IP_PROTO_TCP, netif);
 3779              		.loc 1 1951 11
 3780 13f2 BA7D     		ldrb	r2, [r7, #22]	@ zero_extendqisi2
 3781 13f4 3B69     		ldr	r3, [r7, #16]
 3782 13f6 0293     		str	r3, [sp, #8]
 3783 13f8 0623     		movs	r3, #6
 3784 13fa 0193     		str	r3, [sp, #4]
 3785 13fc 7B7D     		ldrb	r3, [r7, #21]	@ zero_extendqisi2
 3786 13fe 0093     		str	r3, [sp]
 3787 1400 1346     		mov	r3, r2
 3788 1402 3A68     		ldr	r2, [r7]
 3789 1404 7968     		ldr	r1, [r7, #4]
 3790 1406 B868     		ldr	r0, [r7, #8]
 3791 1408 FFF7FEFF 		bl	ip4_output_if
 3792 140c 0346     		mov	r3, r0
 3793 140e FB75     		strb	r3, [r7, #23]
 3794              	.L196:
 3795              	.LBE19:
1952:./lwip-2.1.2/src/core/tcp_out.c ****     NETIF_RESET_HINTS(netif);
1953:./lwip-2.1.2/src/core/tcp_out.c ****   }
1954:./lwip-2.1.2/src/core/tcp_out.c ****   pbuf_free(p);
 3796              		.loc 1 1954 3
 3797 1410 B868     		ldr	r0, [r7, #8]
 3798 1412 FFF7FEFF 		bl	pbuf_free
1955:./lwip-2.1.2/src/core/tcp_out.c ****   return err;
 3799              		.loc 1 1955 10
 3800 1416 97F91730 		ldrsb	r3, [r7, #23]
1956:./lwip-2.1.2/src/core/tcp_out.c **** }
 3801              		.loc 1 1956 1
 3802 141a 1846     		mov	r0, r3
 3803 141c 1837     		adds	r7, r7, #24
 3804              	.LCFI101:
 3805              		.cfi_def_cfa_offset 8
 3806 141e BD46     		mov	sp, r7
 3807              	.LCFI102:
 3808              		.cfi_def_cfa_register 13
 3809              		@ sp needed
 3810 1420 80BD     		pop	{r7, pc}
 3811              		.cfi_endproc
 3812              	.LFE44:
 3814              		.align	1
 3815              		.global	tcp_rst
 3816              		.syntax unified
 3817              		.thumb
 3818              		.thumb_func
 3819              		.fpu fpv5-d16
 3821              	tcp_rst:
 3822              	.LFB45:
1957:./lwip-2.1.2/src/core/tcp_out.c **** 
1958:./lwip-2.1.2/src/core/tcp_out.c **** /**
1959:./lwip-2.1.2/src/core/tcp_out.c ****  * Send a TCP RESET packet (empty segment with RST flag set) either to
1960:./lwip-2.1.2/src/core/tcp_out.c ****  * abort a connection or to show that there is no matching local connection
1961:./lwip-2.1.2/src/core/tcp_out.c ****  * for a received segment.
1962:./lwip-2.1.2/src/core/tcp_out.c ****  *
1963:./lwip-2.1.2/src/core/tcp_out.c ****  * Called by tcp_abort() (to abort a local connection), tcp_input() (if no
1964:./lwip-2.1.2/src/core/tcp_out.c ****  * matching local pcb was found), tcp_listen_input() (if incoming segment
1965:./lwip-2.1.2/src/core/tcp_out.c ****  * has ACK flag set) and tcp_process() (received segment in the wrong state)
1966:./lwip-2.1.2/src/core/tcp_out.c ****  *
1967:./lwip-2.1.2/src/core/tcp_out.c ****  * Since a RST segment is in most cases not sent for an active connection,
1968:./lwip-2.1.2/src/core/tcp_out.c ****  * tcp_rst() has a number of arguments that are taken from a tcp_pcb for
1969:./lwip-2.1.2/src/core/tcp_out.c ****  * most other segment output functions.
1970:./lwip-2.1.2/src/core/tcp_out.c ****  *
1971:./lwip-2.1.2/src/core/tcp_out.c ****  * @param pcb TCP pcb (may be NULL if no pcb is available)
1972:./lwip-2.1.2/src/core/tcp_out.c ****  * @param seqno the sequence number to use for the outgoing segment
1973:./lwip-2.1.2/src/core/tcp_out.c ****  * @param ackno the acknowledge number to use for the outgoing segment
1974:./lwip-2.1.2/src/core/tcp_out.c ****  * @param local_ip the local IP address to send the segment from
1975:./lwip-2.1.2/src/core/tcp_out.c ****  * @param remote_ip the remote IP address to send the segment to
1976:./lwip-2.1.2/src/core/tcp_out.c ****  * @param local_port the local TCP port to send the segment from
1977:./lwip-2.1.2/src/core/tcp_out.c ****  * @param remote_port the remote TCP port to send the segment to
1978:./lwip-2.1.2/src/core/tcp_out.c ****  */
1979:./lwip-2.1.2/src/core/tcp_out.c **** void
1980:./lwip-2.1.2/src/core/tcp_out.c **** tcp_rst(const struct tcp_pcb *pcb, u32_t seqno, u32_t ackno,
1981:./lwip-2.1.2/src/core/tcp_out.c ****         const ip_addr_t *local_ip, const ip_addr_t *remote_ip,
1982:./lwip-2.1.2/src/core/tcp_out.c ****         u16_t local_port, u16_t remote_port)
1983:./lwip-2.1.2/src/core/tcp_out.c **** {
 3823              		.loc 1 1983 1
 3824              		.cfi_startproc
 3825              		@ args = 12, pretend = 0, frame = 24
 3826              		@ frame_needed = 1, uses_anonymous_args = 0
 3827 1422 90B5     		push	{r4, r7, lr}
 3828              	.LCFI103:
 3829              		.cfi_def_cfa_offset 12
 3830              		.cfi_offset 4, -12
 3831              		.cfi_offset 7, -8
 3832              		.cfi_offset 14, -4
 3833 1424 8BB0     		sub	sp, sp, #44
 3834              	.LCFI104:
 3835              		.cfi_def_cfa_offset 56
 3836 1426 04AF     		add	r7, sp, #16
 3837              	.LCFI105:
 3838              		.cfi_def_cfa 7, 40
 3839 1428 F860     		str	r0, [r7, #12]
 3840 142a B960     		str	r1, [r7, #8]
 3841 142c 7A60     		str	r2, [r7, #4]
 3842 142e 3B60     		str	r3, [r7]
1984:./lwip-2.1.2/src/core/tcp_out.c ****   struct pbuf *p;
1985:./lwip-2.1.2/src/core/tcp_out.c ****   u16_t wnd;
1986:./lwip-2.1.2/src/core/tcp_out.c ****   u8_t optlen;
1987:./lwip-2.1.2/src/core/tcp_out.c **** 
1988:./lwip-2.1.2/src/core/tcp_out.c ****   LWIP_ASSERT("tcp_rst: invalid local_ip", local_ip != NULL);
1989:./lwip-2.1.2/src/core/tcp_out.c ****   LWIP_ASSERT("tcp_rst: invalid remote_ip", remote_ip != NULL);
1990:./lwip-2.1.2/src/core/tcp_out.c **** 
1991:./lwip-2.1.2/src/core/tcp_out.c ****   optlen = LWIP_TCP_OPT_LENGTH_SEGMENT(0, pcb);
 3843              		.loc 1 1991 10
 3844 1430 0023     		movs	r3, #0
 3845 1432 FB75     		strb	r3, [r7, #23]
1992:./lwip-2.1.2/src/core/tcp_out.c **** 
1993:./lwip-2.1.2/src/core/tcp_out.c **** #if LWIP_WND_SCALE
1994:./lwip-2.1.2/src/core/tcp_out.c ****   wnd = PP_HTONS(((TCP_WND >> TCP_RCV_SCALE) & 0xFFFF));
1995:./lwip-2.1.2/src/core/tcp_out.c **** #else
1996:./lwip-2.1.2/src/core/tcp_out.c ****   wnd = PP_HTONS(TCP_WND);
 3846              		.loc 1 1996 7
 3847 1434 46F20803 		movw	r3, #24584
 3848 1438 BB82     		strh	r3, [r7, #20]	@ movhi
1997:./lwip-2.1.2/src/core/tcp_out.c **** #endif
1998:./lwip-2.1.2/src/core/tcp_out.c **** 
1999:./lwip-2.1.2/src/core/tcp_out.c ****   p = tcp_output_alloc_header_common(ackno, optlen, 0, lwip_htonl(seqno), local_port,
 3849              		.loc 1 1999 7
 3850 143a FB7D     		ldrb	r3, [r7, #23]	@ zero_extendqisi2
 3851 143c 9CB2     		uxth	r4, r3
 3852 143e B868     		ldr	r0, [r7, #8]
 3853 1440 FFF7FEFF 		bl	lwip_htonl
 3854 1444 0246     		mov	r2, r0
 3855 1446 BB8A     		ldrh	r3, [r7, #20]
 3856 1448 0393     		str	r3, [sp, #12]
 3857 144a 1423     		movs	r3, #20
 3858 144c 0293     		str	r3, [sp, #8]
 3859 144e 3B8E     		ldrh	r3, [r7, #48]
 3860 1450 0193     		str	r3, [sp, #4]
 3861 1452 BB8D     		ldrh	r3, [r7, #44]
 3862 1454 0093     		str	r3, [sp]
 3863 1456 1346     		mov	r3, r2
 3864 1458 0022     		movs	r2, #0
 3865 145a 2146     		mov	r1, r4
 3866 145c 7868     		ldr	r0, [r7, #4]
 3867 145e FFF702FF 		bl	tcp_output_alloc_header_common
 3868 1462 3861     		str	r0, [r7, #16]
2000:./lwip-2.1.2/src/core/tcp_out.c ****     remote_port, TCP_RST | TCP_ACK, wnd);
2001:./lwip-2.1.2/src/core/tcp_out.c ****   if (p == NULL) {
 3869              		.loc 1 2001 6
 3870 1464 3B69     		ldr	r3, [r7, #16]
 3871 1466 002B     		cmp	r3, #0
 3872 1468 0CD0     		beq	.L203
2002:./lwip-2.1.2/src/core/tcp_out.c ****     LWIP_DEBUGF(TCP_DEBUG, ("tcp_rst: could not allocate memory for pbuf\n"));
2003:./lwip-2.1.2/src/core/tcp_out.c ****     return;
2004:./lwip-2.1.2/src/core/tcp_out.c ****   }
2005:./lwip-2.1.2/src/core/tcp_out.c ****   tcp_output_fill_options(pcb, p, 0, optlen);
 3873              		.loc 1 2005 3
 3874 146a FB7D     		ldrb	r3, [r7, #23]	@ zero_extendqisi2
 3875 146c 0022     		movs	r2, #0
 3876 146e 3969     		ldr	r1, [r7, #16]
 3877 1470 F868     		ldr	r0, [r7, #12]
 3878 1472 FFF784FF 		bl	tcp_output_fill_options
2006:./lwip-2.1.2/src/core/tcp_out.c **** 
2007:./lwip-2.1.2/src/core/tcp_out.c ****   MIB2_STATS_INC(mib2.tcpoutrsts);
2008:./lwip-2.1.2/src/core/tcp_out.c **** 
2009:./lwip-2.1.2/src/core/tcp_out.c ****   tcp_output_control_segment(pcb, p, local_ip, remote_ip);
 3879              		.loc 1 2009 3
 3880 1476 BB6A     		ldr	r3, [r7, #40]
 3881 1478 3A68     		ldr	r2, [r7]
 3882 147a 3969     		ldr	r1, [r7, #16]
 3883 147c F868     		ldr	r0, [r7, #12]
 3884 147e FFF797FF 		bl	tcp_output_control_segment
 3885 1482 00E0     		b	.L200
 3886              	.L203:
2003:./lwip-2.1.2/src/core/tcp_out.c ****   }
 3887              		.loc 1 2003 5
 3888 1484 00BF     		nop
 3889              	.L200:
2010:./lwip-2.1.2/src/core/tcp_out.c ****   LWIP_DEBUGF(TCP_RST_DEBUG, ("tcp_rst: seqno %"U32_F" ackno %"U32_F".\n", seqno, ackno));
2011:./lwip-2.1.2/src/core/tcp_out.c **** }
 3890              		.loc 1 2011 1
 3891 1486 1C37     		adds	r7, r7, #28
 3892              	.LCFI106:
 3893              		.cfi_def_cfa_offset 12
 3894 1488 BD46     		mov	sp, r7
 3895              	.LCFI107:
 3896              		.cfi_def_cfa_register 13
 3897              		@ sp needed
 3898 148a 90BD     		pop	{r4, r7, pc}
 3899              		.cfi_endproc
 3900              	.LFE45:
 3902              		.align	1
 3903              		.global	tcp_send_empty_ack
 3904              		.syntax unified
 3905              		.thumb
 3906              		.thumb_func
 3907              		.fpu fpv5-d16
 3909              	tcp_send_empty_ack:
 3910              	.LFB46:
2012:./lwip-2.1.2/src/core/tcp_out.c **** 
2013:./lwip-2.1.2/src/core/tcp_out.c **** /**
2014:./lwip-2.1.2/src/core/tcp_out.c ****  * Send an ACK without data.
2015:./lwip-2.1.2/src/core/tcp_out.c ****  *
2016:./lwip-2.1.2/src/core/tcp_out.c ****  * @param pcb Protocol control block for the TCP connection to send the ACK
2017:./lwip-2.1.2/src/core/tcp_out.c ****  */
2018:./lwip-2.1.2/src/core/tcp_out.c **** err_t
2019:./lwip-2.1.2/src/core/tcp_out.c **** tcp_send_empty_ack(struct tcp_pcb *pcb)
2020:./lwip-2.1.2/src/core/tcp_out.c **** {
 3911              		.loc 1 2020 1
 3912              		.cfi_startproc
 3913              		@ args = 0, pretend = 0, frame = 24
 3914              		@ frame_needed = 1, uses_anonymous_args = 0
 3915 148c 90B5     		push	{r4, r7, lr}
 3916              	.LCFI108:
 3917              		.cfi_def_cfa_offset 12
 3918              		.cfi_offset 4, -12
 3919              		.cfi_offset 7, -8
 3920              		.cfi_offset 14, -4
 3921 148e 87B0     		sub	sp, sp, #28
 3922              	.LCFI109:
 3923              		.cfi_def_cfa_offset 40
 3924 1490 00AF     		add	r7, sp, #0
 3925              	.LCFI110:
 3926              		.cfi_def_cfa_register 7
 3927 1492 7860     		str	r0, [r7, #4]
2021:./lwip-2.1.2/src/core/tcp_out.c ****   err_t err;
2022:./lwip-2.1.2/src/core/tcp_out.c ****   struct pbuf *p;
2023:./lwip-2.1.2/src/core/tcp_out.c ****   u8_t optlen, optflags = 0;
 3928              		.loc 1 2023 16
 3929 1494 0023     		movs	r3, #0
 3930 1496 FB75     		strb	r3, [r7, #23]
2024:./lwip-2.1.2/src/core/tcp_out.c ****   u8_t num_sacks = 0;
 3931              		.loc 1 2024 8
 3932 1498 0023     		movs	r3, #0
 3933 149a BB75     		strb	r3, [r7, #22]
2025:./lwip-2.1.2/src/core/tcp_out.c **** 
2026:./lwip-2.1.2/src/core/tcp_out.c ****   LWIP_ASSERT("tcp_send_empty_ack: invalid pcb", pcb != NULL);
2027:./lwip-2.1.2/src/core/tcp_out.c **** 
2028:./lwip-2.1.2/src/core/tcp_out.c **** #if LWIP_TCP_TIMESTAMPS
2029:./lwip-2.1.2/src/core/tcp_out.c ****   if (pcb->flags & TF_TIMESTAMP) {
2030:./lwip-2.1.2/src/core/tcp_out.c ****     optflags = TF_SEG_OPTS_TS;
2031:./lwip-2.1.2/src/core/tcp_out.c ****   }
2032:./lwip-2.1.2/src/core/tcp_out.c **** #endif
2033:./lwip-2.1.2/src/core/tcp_out.c ****   optlen = LWIP_TCP_OPT_LENGTH_SEGMENT(optflags, pcb);
 3934              		.loc 1 2033 12
 3935 149c FB7D     		ldrb	r3, [r7, #23]	@ zero_extendqisi2
 3936 149e 9B00     		lsls	r3, r3, #2
 3937 14a0 DBB2     		uxtb	r3, r3
 3938              		.loc 1 2033 10
 3939 14a2 03F00403 		and	r3, r3, #4
 3940 14a6 7B75     		strb	r3, [r7, #21]
2034:./lwip-2.1.2/src/core/tcp_out.c **** 
2035:./lwip-2.1.2/src/core/tcp_out.c **** #if LWIP_TCP_SACK_OUT
2036:./lwip-2.1.2/src/core/tcp_out.c ****   /* For now, SACKs are only sent with empty ACKs */
2037:./lwip-2.1.2/src/core/tcp_out.c ****   if ((num_sacks = tcp_get_num_sacks(pcb, optlen)) > 0) {
2038:./lwip-2.1.2/src/core/tcp_out.c ****     optlen += 4 + num_sacks * 8; /* 4 bytes for header (including 2*NOP), plus 8B for each SACK */
2039:./lwip-2.1.2/src/core/tcp_out.c ****   }
2040:./lwip-2.1.2/src/core/tcp_out.c **** #endif
2041:./lwip-2.1.2/src/core/tcp_out.c **** 
2042:./lwip-2.1.2/src/core/tcp_out.c ****   p = tcp_output_alloc_header(pcb, optlen, 0, lwip_htonl(pcb->snd_nxt));
 3941              		.loc 1 2042 7
 3942 14a8 7B7D     		ldrb	r3, [r7, #21]	@ zero_extendqisi2
 3943 14aa 9CB2     		uxth	r4, r3
 3944 14ac 7B68     		ldr	r3, [r7, #4]
 3945 14ae 1B6D     		ldr	r3, [r3, #80]
 3946 14b0 1846     		mov	r0, r3
 3947 14b2 FFF7FEFF 		bl	lwip_htonl
 3948 14b6 0346     		mov	r3, r0
 3949 14b8 0022     		movs	r2, #0
 3950 14ba 2146     		mov	r1, r4
 3951 14bc 7868     		ldr	r0, [r7, #4]
 3952 14be FFF731FF 		bl	tcp_output_alloc_header
 3953 14c2 3861     		str	r0, [r7, #16]
2043:./lwip-2.1.2/src/core/tcp_out.c ****   if (p == NULL) {
 3954              		.loc 1 2043 6
 3955 14c4 3B69     		ldr	r3, [r7, #16]
 3956 14c6 002B     		cmp	r3, #0
 3957 14c8 09D1     		bne	.L205
2044:./lwip-2.1.2/src/core/tcp_out.c ****     /* let tcp_fasttmr retry sending this ACK */
2045:./lwip-2.1.2/src/core/tcp_out.c ****     tcp_set_flags(pcb, TF_ACK_DELAY | TF_ACK_NOW);
 3958              		.loc 1 2045 5
 3959 14ca 7B68     		ldr	r3, [r7, #4]
 3960 14cc 5B8B     		ldrh	r3, [r3, #26]
 3961 14ce 43F00303 		orr	r3, r3, #3
 3962 14d2 9AB2     		uxth	r2, r3
 3963 14d4 7B68     		ldr	r3, [r7, #4]
 3964 14d6 5A83     		strh	r2, [r3, #26]	@ movhi
2046:./lwip-2.1.2/src/core/tcp_out.c ****     LWIP_DEBUGF(TCP_OUTPUT_DEBUG, ("tcp_output: (ACK) could not allocate pbuf\n"));
2047:./lwip-2.1.2/src/core/tcp_out.c ****     return ERR_BUF;
 3965              		.loc 1 2047 12
 3966 14d8 6FF00103 		mvn	r3, #1
 3967 14dc 23E0     		b	.L206
 3968              	.L205:
2048:./lwip-2.1.2/src/core/tcp_out.c ****   }
2049:./lwip-2.1.2/src/core/tcp_out.c ****   tcp_output_fill_options(pcb, p, optflags, num_sacks);
 3969              		.loc 1 2049 3
 3970 14de BB7D     		ldrb	r3, [r7, #22]	@ zero_extendqisi2
 3971 14e0 FA7D     		ldrb	r2, [r7, #23]	@ zero_extendqisi2
 3972 14e2 3969     		ldr	r1, [r7, #16]
 3973 14e4 7868     		ldr	r0, [r7, #4]
 3974 14e6 FFF74AFF 		bl	tcp_output_fill_options
2050:./lwip-2.1.2/src/core/tcp_out.c **** 
2051:./lwip-2.1.2/src/core/tcp_out.c **** #if LWIP_TCP_TIMESTAMPS
2052:./lwip-2.1.2/src/core/tcp_out.c ****   pcb->ts_lastacksent = pcb->rcv_nxt;
2053:./lwip-2.1.2/src/core/tcp_out.c **** #endif
2054:./lwip-2.1.2/src/core/tcp_out.c **** 
2055:./lwip-2.1.2/src/core/tcp_out.c ****   LWIP_DEBUGF(TCP_OUTPUT_DEBUG,
2056:./lwip-2.1.2/src/core/tcp_out.c ****               ("tcp_output: sending ACK for %"U32_F"\n", pcb->rcv_nxt));
2057:./lwip-2.1.2/src/core/tcp_out.c ****   err = tcp_output_control_segment(pcb, p, &pcb->local_ip, &pcb->remote_ip);
 3975              		.loc 1 2057 44
 3976 14ea 7A68     		ldr	r2, [r7, #4]
 3977              		.loc 1 2057 60
 3978 14ec 7B68     		ldr	r3, [r7, #4]
 3979 14ee 0433     		adds	r3, r3, #4
 3980              		.loc 1 2057 9
 3981 14f0 3969     		ldr	r1, [r7, #16]
 3982 14f2 7868     		ldr	r0, [r7, #4]
 3983 14f4 FFF75CFF 		bl	tcp_output_control_segment
 3984 14f8 0346     		mov	r3, r0
 3985 14fa FB73     		strb	r3, [r7, #15]
2058:./lwip-2.1.2/src/core/tcp_out.c ****   if (err != ERR_OK) {
 3986              		.loc 1 2058 6
 3987 14fc 97F90F30 		ldrsb	r3, [r7, #15]
 3988 1500 002B     		cmp	r3, #0
 3989 1502 07D0     		beq	.L207
2059:./lwip-2.1.2/src/core/tcp_out.c ****     /* let tcp_fasttmr retry sending this ACK */
2060:./lwip-2.1.2/src/core/tcp_out.c ****     tcp_set_flags(pcb, TF_ACK_DELAY | TF_ACK_NOW);
 3990              		.loc 1 2060 5
 3991 1504 7B68     		ldr	r3, [r7, #4]
 3992 1506 5B8B     		ldrh	r3, [r3, #26]
 3993 1508 43F00303 		orr	r3, r3, #3
 3994 150c 9AB2     		uxth	r2, r3
 3995 150e 7B68     		ldr	r3, [r7, #4]
 3996 1510 5A83     		strh	r2, [r3, #26]	@ movhi
 3997 1512 06E0     		b	.L208
 3998              	.L207:
2061:./lwip-2.1.2/src/core/tcp_out.c ****   } else {
2062:./lwip-2.1.2/src/core/tcp_out.c ****     /* remove ACK flags from the PCB, as we sent an empty ACK now */
2063:./lwip-2.1.2/src/core/tcp_out.c ****     tcp_clear_flags(pcb, TF_ACK_DELAY | TF_ACK_NOW);
 3999              		.loc 1 2063 5
 4000 1514 7B68     		ldr	r3, [r7, #4]
 4001 1516 5B8B     		ldrh	r3, [r3, #26]
 4002 1518 23F00303 		bic	r3, r3, #3
 4003 151c 9AB2     		uxth	r2, r3
 4004 151e 7B68     		ldr	r3, [r7, #4]
 4005 1520 5A83     		strh	r2, [r3, #26]	@ movhi
 4006              	.L208:
2064:./lwip-2.1.2/src/core/tcp_out.c ****   }
2065:./lwip-2.1.2/src/core/tcp_out.c **** 
2066:./lwip-2.1.2/src/core/tcp_out.c ****   return err;
 4007              		.loc 1 2066 10
 4008 1522 97F90F30 		ldrsb	r3, [r7, #15]
 4009              	.L206:
2067:./lwip-2.1.2/src/core/tcp_out.c **** }
 4010              		.loc 1 2067 1
 4011 1526 1846     		mov	r0, r3
 4012 1528 1C37     		adds	r7, r7, #28
 4013              	.LCFI111:
 4014              		.cfi_def_cfa_offset 12
 4015 152a BD46     		mov	sp, r7
 4016              	.LCFI112:
 4017              		.cfi_def_cfa_register 13
 4018              		@ sp needed
 4019 152c 90BD     		pop	{r4, r7, pc}
 4020              		.cfi_endproc
 4021              	.LFE46:
 4023              		.align	1
 4024              		.global	tcp_keepalive
 4025              		.syntax unified
 4026              		.thumb
 4027              		.thumb_func
 4028              		.fpu fpv5-d16
 4030              	tcp_keepalive:
 4031              	.LFB47:
2068:./lwip-2.1.2/src/core/tcp_out.c **** 
2069:./lwip-2.1.2/src/core/tcp_out.c **** /**
2070:./lwip-2.1.2/src/core/tcp_out.c ****  * Send keepalive packets to keep a connection active although
2071:./lwip-2.1.2/src/core/tcp_out.c ****  * no data is sent over it.
2072:./lwip-2.1.2/src/core/tcp_out.c ****  *
2073:./lwip-2.1.2/src/core/tcp_out.c ****  * Called by tcp_slowtmr()
2074:./lwip-2.1.2/src/core/tcp_out.c ****  *
2075:./lwip-2.1.2/src/core/tcp_out.c ****  * @param pcb the tcp_pcb for which to send a keepalive packet
2076:./lwip-2.1.2/src/core/tcp_out.c ****  */
2077:./lwip-2.1.2/src/core/tcp_out.c **** err_t
2078:./lwip-2.1.2/src/core/tcp_out.c **** tcp_keepalive(struct tcp_pcb *pcb)
2079:./lwip-2.1.2/src/core/tcp_out.c **** {
 4032              		.loc 1 2079 1
 4033              		.cfi_startproc
 4034              		@ args = 0, pretend = 0, frame = 24
 4035              		@ frame_needed = 1, uses_anonymous_args = 0
 4036 152e 90B5     		push	{r4, r7, lr}
 4037              	.LCFI113:
 4038              		.cfi_def_cfa_offset 12
 4039              		.cfi_offset 4, -12
 4040              		.cfi_offset 7, -8
 4041              		.cfi_offset 14, -4
 4042 1530 87B0     		sub	sp, sp, #28
 4043              	.LCFI114:
 4044              		.cfi_def_cfa_offset 40
 4045 1532 00AF     		add	r7, sp, #0
 4046              	.LCFI115:
 4047              		.cfi_def_cfa_register 7
 4048 1534 7860     		str	r0, [r7, #4]
2080:./lwip-2.1.2/src/core/tcp_out.c ****   err_t err;
2081:./lwip-2.1.2/src/core/tcp_out.c ****   struct pbuf *p;
2082:./lwip-2.1.2/src/core/tcp_out.c ****   u8_t optlen = LWIP_TCP_OPT_LENGTH_SEGMENT(0, pcb);
 4049              		.loc 1 2082 8
 4050 1536 0023     		movs	r3, #0
 4051 1538 FB75     		strb	r3, [r7, #23]
2083:./lwip-2.1.2/src/core/tcp_out.c **** 
2084:./lwip-2.1.2/src/core/tcp_out.c ****   LWIP_ASSERT("tcp_keepalive: invalid pcb", pcb != NULL);
2085:./lwip-2.1.2/src/core/tcp_out.c **** 
2086:./lwip-2.1.2/src/core/tcp_out.c ****   LWIP_DEBUGF(TCP_DEBUG, ("tcp_keepalive: sending KEEPALIVE probe to "));
2087:./lwip-2.1.2/src/core/tcp_out.c ****   ip_addr_debug_print_val(TCP_DEBUG, pcb->remote_ip);
2088:./lwip-2.1.2/src/core/tcp_out.c ****   LWIP_DEBUGF(TCP_DEBUG, ("\n"));
2089:./lwip-2.1.2/src/core/tcp_out.c **** 
2090:./lwip-2.1.2/src/core/tcp_out.c ****   LWIP_DEBUGF(TCP_DEBUG, ("tcp_keepalive: tcp_ticks %"U32_F"   pcb->tmr %"U32_F" pcb->keep_cnt_sent
2091:./lwip-2.1.2/src/core/tcp_out.c ****                           tcp_ticks, pcb->tmr, (u16_t)pcb->keep_cnt_sent));
2092:./lwip-2.1.2/src/core/tcp_out.c **** 
2093:./lwip-2.1.2/src/core/tcp_out.c ****   p = tcp_output_alloc_header(pcb, optlen, 0, lwip_htonl(pcb->snd_nxt - 1));
 4052              		.loc 1 2093 7
 4053 153a FB7D     		ldrb	r3, [r7, #23]	@ zero_extendqisi2
 4054 153c 9CB2     		uxth	r4, r3
 4055              		.loc 1 2093 61
 4056 153e 7B68     		ldr	r3, [r7, #4]
 4057 1540 1B6D     		ldr	r3, [r3, #80]
 4058              		.loc 1 2093 7
 4059 1542 013B     		subs	r3, r3, #1
 4060 1544 1846     		mov	r0, r3
 4061 1546 FFF7FEFF 		bl	lwip_htonl
 4062 154a 0346     		mov	r3, r0
 4063 154c 0022     		movs	r2, #0
 4064 154e 2146     		mov	r1, r4
 4065 1550 7868     		ldr	r0, [r7, #4]
 4066 1552 FFF7E7FE 		bl	tcp_output_alloc_header
 4067 1556 3861     		str	r0, [r7, #16]
2094:./lwip-2.1.2/src/core/tcp_out.c ****   if (p == NULL) {
 4068              		.loc 1 2094 6
 4069 1558 3B69     		ldr	r3, [r7, #16]
 4070 155a 002B     		cmp	r3, #0
 4071 155c 02D1     		bne	.L210
2095:./lwip-2.1.2/src/core/tcp_out.c ****     LWIP_DEBUGF(TCP_DEBUG,
2096:./lwip-2.1.2/src/core/tcp_out.c ****                 ("tcp_keepalive: could not allocate memory for pbuf\n"));
2097:./lwip-2.1.2/src/core/tcp_out.c ****     return ERR_MEM;
 4072              		.loc 1 2097 12
 4073 155e 4FF0FF33 		mov	r3, #-1
 4074 1562 10E0     		b	.L211
 4075              	.L210:
2098:./lwip-2.1.2/src/core/tcp_out.c ****   }
2099:./lwip-2.1.2/src/core/tcp_out.c ****   tcp_output_fill_options(pcb, p, 0, optlen);
 4076              		.loc 1 2099 3
 4077 1564 FB7D     		ldrb	r3, [r7, #23]	@ zero_extendqisi2
 4078 1566 0022     		movs	r2, #0
 4079 1568 3969     		ldr	r1, [r7, #16]
 4080 156a 7868     		ldr	r0, [r7, #4]
 4081 156c FFF707FF 		bl	tcp_output_fill_options
2100:./lwip-2.1.2/src/core/tcp_out.c ****   err = tcp_output_control_segment(pcb, p, &pcb->local_ip, &pcb->remote_ip);
 4082              		.loc 1 2100 44
 4083 1570 7A68     		ldr	r2, [r7, #4]
 4084              		.loc 1 2100 60
 4085 1572 7B68     		ldr	r3, [r7, #4]
 4086 1574 0433     		adds	r3, r3, #4
 4087              		.loc 1 2100 9
 4088 1576 3969     		ldr	r1, [r7, #16]
 4089 1578 7868     		ldr	r0, [r7, #4]
 4090 157a FFF719FF 		bl	tcp_output_control_segment
 4091 157e 0346     		mov	r3, r0
 4092 1580 FB73     		strb	r3, [r7, #15]
2101:./lwip-2.1.2/src/core/tcp_out.c **** 
2102:./lwip-2.1.2/src/core/tcp_out.c ****   LWIP_DEBUGF(TCP_DEBUG, ("tcp_keepalive: seqno %"U32_F" ackno %"U32_F" err %d.\n",
2103:./lwip-2.1.2/src/core/tcp_out.c ****                           pcb->snd_nxt - 1, pcb->rcv_nxt, (int)err));
2104:./lwip-2.1.2/src/core/tcp_out.c ****   return err;
 4093              		.loc 1 2104 10
 4094 1582 97F90F30 		ldrsb	r3, [r7, #15]
 4095              	.L211:
2105:./lwip-2.1.2/src/core/tcp_out.c **** }
 4096              		.loc 1 2105 1
 4097 1586 1846     		mov	r0, r3
 4098 1588 1C37     		adds	r7, r7, #28
 4099              	.LCFI116:
 4100              		.cfi_def_cfa_offset 12
 4101 158a BD46     		mov	sp, r7
 4102              	.LCFI117:
 4103              		.cfi_def_cfa_register 13
 4104              		@ sp needed
 4105 158c 90BD     		pop	{r4, r7, pc}
 4106              		.cfi_endproc
 4107              	.LFE47:
 4109              		.align	1
 4110              		.global	tcp_zero_window_probe
 4111              		.syntax unified
 4112              		.thumb
 4113              		.thumb_func
 4114              		.fpu fpv5-d16
 4116              	tcp_zero_window_probe:
 4117              	.LFB48:
2106:./lwip-2.1.2/src/core/tcp_out.c **** 
2107:./lwip-2.1.2/src/core/tcp_out.c **** /**
2108:./lwip-2.1.2/src/core/tcp_out.c ****  * Send persist timer zero-window probes to keep a connection active
2109:./lwip-2.1.2/src/core/tcp_out.c ****  * when a window update is lost.
2110:./lwip-2.1.2/src/core/tcp_out.c ****  *
2111:./lwip-2.1.2/src/core/tcp_out.c ****  * Called by tcp_slowtmr()
2112:./lwip-2.1.2/src/core/tcp_out.c ****  *
2113:./lwip-2.1.2/src/core/tcp_out.c ****  * @param pcb the tcp_pcb for which to send a zero-window probe packet
2114:./lwip-2.1.2/src/core/tcp_out.c ****  */
2115:./lwip-2.1.2/src/core/tcp_out.c **** err_t
2116:./lwip-2.1.2/src/core/tcp_out.c **** tcp_zero_window_probe(struct tcp_pcb *pcb)
2117:./lwip-2.1.2/src/core/tcp_out.c **** {
 4118              		.loc 1 2117 1
 4119              		.cfi_startproc
 4120              		@ args = 0, pretend = 0, frame = 40
 4121              		@ frame_needed = 1, uses_anonymous_args = 0
 4122 158e 90B5     		push	{r4, r7, lr}
 4123              	.LCFI118:
 4124              		.cfi_def_cfa_offset 12
 4125              		.cfi_offset 4, -12
 4126              		.cfi_offset 7, -8
 4127              		.cfi_offset 14, -4
 4128 1590 8BB0     		sub	sp, sp, #44
 4129              	.LCFI119:
 4130              		.cfi_def_cfa_offset 56
 4131 1592 00AF     		add	r7, sp, #0
 4132              	.LCFI120:
 4133              		.cfi_def_cfa_register 7
 4134 1594 7860     		str	r0, [r7, #4]
2118:./lwip-2.1.2/src/core/tcp_out.c ****   err_t err;
2119:./lwip-2.1.2/src/core/tcp_out.c ****   struct pbuf *p;
2120:./lwip-2.1.2/src/core/tcp_out.c ****   struct tcp_hdr *tcphdr;
2121:./lwip-2.1.2/src/core/tcp_out.c ****   struct tcp_seg *seg;
2122:./lwip-2.1.2/src/core/tcp_out.c ****   u16_t len;
2123:./lwip-2.1.2/src/core/tcp_out.c ****   u8_t is_fin;
2124:./lwip-2.1.2/src/core/tcp_out.c ****   u32_t snd_nxt;
2125:./lwip-2.1.2/src/core/tcp_out.c ****   u8_t optlen = LWIP_TCP_OPT_LENGTH_SEGMENT(0, pcb);
 4135              		.loc 1 2125 8
 4136 1596 0023     		movs	r3, #0
 4137 1598 87F82730 		strb	r3, [r7, #39]
2126:./lwip-2.1.2/src/core/tcp_out.c **** 
2127:./lwip-2.1.2/src/core/tcp_out.c ****   LWIP_ASSERT("tcp_zero_window_probe: invalid pcb", pcb != NULL);
2128:./lwip-2.1.2/src/core/tcp_out.c **** 
2129:./lwip-2.1.2/src/core/tcp_out.c ****   LWIP_DEBUGF(TCP_DEBUG, ("tcp_zero_window_probe: sending ZERO WINDOW probe to "));
2130:./lwip-2.1.2/src/core/tcp_out.c ****   ip_addr_debug_print_val(TCP_DEBUG, pcb->remote_ip);
2131:./lwip-2.1.2/src/core/tcp_out.c ****   LWIP_DEBUGF(TCP_DEBUG, ("\n"));
2132:./lwip-2.1.2/src/core/tcp_out.c **** 
2133:./lwip-2.1.2/src/core/tcp_out.c ****   LWIP_DEBUGF(TCP_DEBUG,
2134:./lwip-2.1.2/src/core/tcp_out.c ****               ("tcp_zero_window_probe: tcp_ticks %"U32_F
2135:./lwip-2.1.2/src/core/tcp_out.c ****                "   pcb->tmr %"U32_F" pcb->keep_cnt_sent %"U16_F"\n",
2136:./lwip-2.1.2/src/core/tcp_out.c ****                tcp_ticks, pcb->tmr, (u16_t)pcb->keep_cnt_sent));
2137:./lwip-2.1.2/src/core/tcp_out.c **** 
2138:./lwip-2.1.2/src/core/tcp_out.c ****   /* Only consider unsent, persist timer should be off when there is data in-flight */
2139:./lwip-2.1.2/src/core/tcp_out.c ****   seg = pcb->unsent;
 4138              		.loc 1 2139 7
 4139 159c 7B68     		ldr	r3, [r7, #4]
 4140 159e DB6E     		ldr	r3, [r3, #108]
 4141 15a0 3B62     		str	r3, [r7, #32]
2140:./lwip-2.1.2/src/core/tcp_out.c ****   if (seg == NULL) {
 4142              		.loc 1 2140 6
 4143 15a2 3B6A     		ldr	r3, [r7, #32]
 4144 15a4 002B     		cmp	r3, #0
 4145 15a6 01D1     		bne	.L213
2141:./lwip-2.1.2/src/core/tcp_out.c ****     /* Not expected, persist timer should be off when the send buffer is empty */
2142:./lwip-2.1.2/src/core/tcp_out.c ****     return ERR_OK;
 4146              		.loc 1 2142 12
 4147 15a8 0023     		movs	r3, #0
 4148 15aa 86E0     		b	.L214
 4149              	.L213:
2143:./lwip-2.1.2/src/core/tcp_out.c ****   }
2144:./lwip-2.1.2/src/core/tcp_out.c **** 
2145:./lwip-2.1.2/src/core/tcp_out.c ****   /* increment probe count. NOTE: we record probe even if it fails
2146:./lwip-2.1.2/src/core/tcp_out.c ****      to actually transmit due to an error. This ensures memory exhaustion/
2147:./lwip-2.1.2/src/core/tcp_out.c ****      routing problem doesn't leave a zero-window pcb as an indefinite zombie.
2148:./lwip-2.1.2/src/core/tcp_out.c ****      RTO mechanism has similar behavior, see pcb->nrtx */
2149:./lwip-2.1.2/src/core/tcp_out.c ****   if (pcb->persist_probe < 0xFF) {
 4150              		.loc 1 2149 10
 4151 15ac 7B68     		ldr	r3, [r7, #4]
 4152 15ae 93F89A30 		ldrb	r3, [r3, #154]	@ zero_extendqisi2
 4153              		.loc 1 2149 6
 4154 15b2 FF2B     		cmp	r3, #255
 4155 15b4 07D0     		beq	.L215
2150:./lwip-2.1.2/src/core/tcp_out.c ****     ++pcb->persist_probe;
 4156              		.loc 1 2150 10
 4157 15b6 7B68     		ldr	r3, [r7, #4]
 4158 15b8 93F89A30 		ldrb	r3, [r3, #154]	@ zero_extendqisi2
 4159              		.loc 1 2150 5
 4160 15bc 0133     		adds	r3, r3, #1
 4161 15be DAB2     		uxtb	r2, r3
 4162 15c0 7B68     		ldr	r3, [r7, #4]
 4163 15c2 83F89A20 		strb	r2, [r3, #154]
 4164              	.L215:
2151:./lwip-2.1.2/src/core/tcp_out.c ****   }
2152:./lwip-2.1.2/src/core/tcp_out.c **** 
2153:./lwip-2.1.2/src/core/tcp_out.c ****   is_fin = ((TCPH_FLAGS(seg->tcphdr) & TCP_FIN) != 0) && (seg->len == 0);
 4165              		.loc 1 2153 14
 4166 15c6 3B6A     		ldr	r3, [r7, #32]
 4167 15c8 DB68     		ldr	r3, [r3, #12]
 4168 15ca 9B89     		ldrh	r3, [r3, #12]	@ unaligned
 4169 15cc 9BB2     		uxth	r3, r3
 4170 15ce 1846     		mov	r0, r3
 4171 15d0 FFF7FEFF 		bl	lwip_htons
 4172 15d4 0346     		mov	r3, r0
 4173 15d6 DBB2     		uxtb	r3, r3
 4174              		.loc 1 2153 38
 4175 15d8 03F00103 		and	r3, r3, #1
 4176              		.loc 1 2153 55
 4177 15dc 002B     		cmp	r3, #0
 4178 15de 05D0     		beq	.L216
 4179              		.loc 1 2153 62 discriminator 1
 4180 15e0 3B6A     		ldr	r3, [r7, #32]
 4181 15e2 1B89     		ldrh	r3, [r3, #8]
 4182              		.loc 1 2153 55 discriminator 1
 4183 15e4 002B     		cmp	r3, #0
 4184 15e6 01D1     		bne	.L216
 4185              		.loc 1 2153 55 is_stmt 0 discriminator 3
 4186 15e8 0123     		movs	r3, #1
 4187 15ea 00E0     		b	.L217
 4188              	.L216:
 4189              		.loc 1 2153 55 discriminator 4
 4190 15ec 0023     		movs	r3, #0
 4191              	.L217:
 4192              		.loc 1 2153 10 is_stmt 1 discriminator 6
 4193 15ee FB77     		strb	r3, [r7, #31]
2154:./lwip-2.1.2/src/core/tcp_out.c ****   /* we want to send one seqno: either FIN or data (no options) */
2155:./lwip-2.1.2/src/core/tcp_out.c ****   len = is_fin ? 0 : 1;
 4194              		.loc 1 2155 20 discriminator 6
 4195 15f0 FB7F     		ldrb	r3, [r7, #31]	@ zero_extendqisi2
 4196 15f2 002B     		cmp	r3, #0
 4197 15f4 0CBF     		ite	eq
 4198 15f6 0123     		moveq	r3, #1
 4199 15f8 0023     		movne	r3, #0
 4200 15fa DBB2     		uxtb	r3, r3
 4201              		.loc 1 2155 7 discriminator 6
 4202 15fc BB83     		strh	r3, [r7, #28]	@ movhi
2156:./lwip-2.1.2/src/core/tcp_out.c **** 
2157:./lwip-2.1.2/src/core/tcp_out.c ****   p = tcp_output_alloc_header(pcb, optlen, len, seg->tcphdr->seqno);
 4203              		.loc 1 2157 7 discriminator 6
 4204 15fe 97F82730 		ldrb	r3, [r7, #39]	@ zero_extendqisi2
 4205 1602 99B2     		uxth	r1, r3
 4206              		.loc 1 2157 52 discriminator 6
 4207 1604 3B6A     		ldr	r3, [r7, #32]
 4208 1606 DB68     		ldr	r3, [r3, #12]
 4209              		.loc 1 2157 7 discriminator 6
 4210 1608 5B68     		ldr	r3, [r3, #4]	@ unaligned
 4211 160a BA8B     		ldrh	r2, [r7, #28]
 4212 160c 7868     		ldr	r0, [r7, #4]
 4213 160e FFF789FE 		bl	tcp_output_alloc_header
 4214 1612 B861     		str	r0, [r7, #24]
2158:./lwip-2.1.2/src/core/tcp_out.c ****   if (p == NULL) {
 4215              		.loc 1 2158 6 discriminator 6
 4216 1614 BB69     		ldr	r3, [r7, #24]
 4217 1616 002B     		cmp	r3, #0
 4218 1618 02D1     		bne	.L218
2159:./lwip-2.1.2/src/core/tcp_out.c ****     LWIP_DEBUGF(TCP_DEBUG, ("tcp_zero_window_probe: no memory for pbuf\n"));
2160:./lwip-2.1.2/src/core/tcp_out.c ****     return ERR_MEM;
 4219              		.loc 1 2160 12
 4220 161a 4FF0FF33 		mov	r3, #-1
 4221 161e 4CE0     		b	.L214
 4222              	.L218:
2161:./lwip-2.1.2/src/core/tcp_out.c ****   }
2162:./lwip-2.1.2/src/core/tcp_out.c ****   tcphdr = (struct tcp_hdr *)p->payload;
 4223              		.loc 1 2162 10
 4224 1620 BB69     		ldr	r3, [r7, #24]
 4225 1622 5B68     		ldr	r3, [r3, #4]
 4226 1624 7B61     		str	r3, [r7, #20]
2163:./lwip-2.1.2/src/core/tcp_out.c **** 
2164:./lwip-2.1.2/src/core/tcp_out.c ****   if (is_fin) {
 4227              		.loc 1 2164 6
 4228 1626 FB7F     		ldrb	r3, [r7, #31]	@ zero_extendqisi2
 4229 1628 002B     		cmp	r3, #0
 4230 162a 11D0     		beq	.L219
2165:./lwip-2.1.2/src/core/tcp_out.c ****     /* FIN segment, no data */
2166:./lwip-2.1.2/src/core/tcp_out.c ****     TCPH_FLAGS_SET(tcphdr, TCP_ACK | TCP_FIN);
 4231              		.loc 1 2166 5
 4232 162c 7B69     		ldr	r3, [r7, #20]
 4233 162e 9B89     		ldrh	r3, [r3, #12]	@ unaligned
 4234 1630 9BB2     		uxth	r3, r3
 4235 1632 1BB2     		sxth	r3, r3
 4236 1634 23F47C53 		bic	r3, r3, #16128
 4237 1638 1CB2     		sxth	r4, r3
 4238 163a 1120     		movs	r0, #17
 4239 163c FFF7FEFF 		bl	lwip_htons
 4240 1640 0346     		mov	r3, r0
 4241 1642 1BB2     		sxth	r3, r3
 4242 1644 2343     		orrs	r3, r3, r4
 4243 1646 1BB2     		sxth	r3, r3
 4244 1648 9AB2     		uxth	r2, r3
 4245 164a 7B69     		ldr	r3, [r7, #20]
 4246 164c 9A81     		strh	r2, [r3, #12]	@ unaligned
 4247 164e 10E0     		b	.L220
 4248              	.L219:
 4249              	.LBB20:
2167:./lwip-2.1.2/src/core/tcp_out.c ****   } else {
2168:./lwip-2.1.2/src/core/tcp_out.c ****     /* Data segment, copy in one byte from the head of the unacked queue */
2169:./lwip-2.1.2/src/core/tcp_out.c ****     char *d = ((char *)p->payload + TCP_HLEN);
 4250              		.loc 1 2169 25
 4251 1650 BB69     		ldr	r3, [r7, #24]
 4252 1652 5B68     		ldr	r3, [r3, #4]
 4253              		.loc 1 2169 11
 4254 1654 1433     		adds	r3, r3, #20
 4255 1656 3B61     		str	r3, [r7, #16]
2170:./lwip-2.1.2/src/core/tcp_out.c ****     /* Depending on whether the segment has already been sent (unacked) or not
2171:./lwip-2.1.2/src/core/tcp_out.c ****        (unsent), seg->p->payload points to the IP header or TCP header.
2172:./lwip-2.1.2/src/core/tcp_out.c ****        Ensure we copy the first TCP data byte: */
2173:./lwip-2.1.2/src/core/tcp_out.c ****     pbuf_copy_partial(seg->p, d, 1, seg->p->tot_len - seg->len);
 4256              		.loc 1 2173 26
 4257 1658 3B6A     		ldr	r3, [r7, #32]
 4258 165a 5868     		ldr	r0, [r3, #4]
 4259              		.loc 1 2173 40
 4260 165c 3B6A     		ldr	r3, [r7, #32]
 4261 165e 5B68     		ldr	r3, [r3, #4]
 4262              		.loc 1 2173 43
 4263 1660 1A89     		ldrh	r2, [r3, #8]
 4264              		.loc 1 2173 58
 4265 1662 3B6A     		ldr	r3, [r7, #32]
 4266 1664 1B89     		ldrh	r3, [r3, #8]
 4267              		.loc 1 2173 5
 4268 1666 D31A     		subs	r3, r2, r3
 4269 1668 9BB2     		uxth	r3, r3
 4270 166a 0122     		movs	r2, #1
 4271 166c 3969     		ldr	r1, [r7, #16]
 4272 166e FFF7FEFF 		bl	pbuf_copy_partial
 4273              	.L220:
 4274              	.LBE20:
2174:./lwip-2.1.2/src/core/tcp_out.c ****   }
2175:./lwip-2.1.2/src/core/tcp_out.c **** 
2176:./lwip-2.1.2/src/core/tcp_out.c ****   /* The byte may be acknowledged without the window being opened. */
2177:./lwip-2.1.2/src/core/tcp_out.c ****   snd_nxt = lwip_ntohl(seg->tcphdr->seqno) + 1;
 4275              		.loc 1 2177 13
 4276 1672 3B6A     		ldr	r3, [r7, #32]
 4277 1674 DB68     		ldr	r3, [r3, #12]
 4278 1676 5B68     		ldr	r3, [r3, #4]	@ unaligned
 4279 1678 1846     		mov	r0, r3
 4280 167a FFF7FEFF 		bl	lwip_htonl
 4281 167e 0346     		mov	r3, r0
 4282              		.loc 1 2177 11
 4283 1680 0133     		adds	r3, r3, #1
 4284 1682 FB60     		str	r3, [r7, #12]
2178:./lwip-2.1.2/src/core/tcp_out.c ****   if (TCP_SEQ_LT(pcb->snd_nxt, snd_nxt)) {
 4285              		.loc 1 2178 7
 4286 1684 7B68     		ldr	r3, [r7, #4]
 4287 1686 1A6D     		ldr	r2, [r3, #80]
 4288 1688 FB68     		ldr	r3, [r7, #12]
 4289 168a D31A     		subs	r3, r2, r3
 4290              		.loc 1 2178 6
 4291 168c 002B     		cmp	r3, #0
 4292 168e 02DA     		bge	.L221
2179:./lwip-2.1.2/src/core/tcp_out.c ****     pcb->snd_nxt = snd_nxt;
 4293              		.loc 1 2179 18
 4294 1690 7B68     		ldr	r3, [r7, #4]
 4295 1692 FA68     		ldr	r2, [r7, #12]
 4296 1694 1A65     		str	r2, [r3, #80]
 4297              	.L221:
2180:./lwip-2.1.2/src/core/tcp_out.c ****   }
2181:./lwip-2.1.2/src/core/tcp_out.c ****   tcp_output_fill_options(pcb, p, 0, optlen);
 4298              		.loc 1 2181 3
 4299 1696 97F82730 		ldrb	r3, [r7, #39]	@ zero_extendqisi2
 4300 169a 0022     		movs	r2, #0
 4301 169c B969     		ldr	r1, [r7, #24]
 4302 169e 7868     		ldr	r0, [r7, #4]
 4303 16a0 FFF76DFE 		bl	tcp_output_fill_options
2182:./lwip-2.1.2/src/core/tcp_out.c **** 
2183:./lwip-2.1.2/src/core/tcp_out.c ****   err = tcp_output_control_segment(pcb, p, &pcb->local_ip, &pcb->remote_ip);
 4304              		.loc 1 2183 44
 4305 16a4 7A68     		ldr	r2, [r7, #4]
 4306              		.loc 1 2183 60
 4307 16a6 7B68     		ldr	r3, [r7, #4]
 4308 16a8 0433     		adds	r3, r3, #4
 4309              		.loc 1 2183 9
 4310 16aa B969     		ldr	r1, [r7, #24]
 4311 16ac 7868     		ldr	r0, [r7, #4]
 4312 16ae FFF77FFE 		bl	tcp_output_control_segment
 4313 16b2 0346     		mov	r3, r0
 4314 16b4 FB72     		strb	r3, [r7, #11]
2184:./lwip-2.1.2/src/core/tcp_out.c **** 
2185:./lwip-2.1.2/src/core/tcp_out.c ****   LWIP_DEBUGF(TCP_DEBUG, ("tcp_zero_window_probe: seqno %"U32_F
2186:./lwip-2.1.2/src/core/tcp_out.c ****                           " ackno %"U32_F" err %d.\n",
2187:./lwip-2.1.2/src/core/tcp_out.c ****                           pcb->snd_nxt - 1, pcb->rcv_nxt, (int)err));
2188:./lwip-2.1.2/src/core/tcp_out.c ****   return err;
 4315              		.loc 1 2188 10
 4316 16b6 97F90B30 		ldrsb	r3, [r7, #11]
 4317              	.L214:
2189:./lwip-2.1.2/src/core/tcp_out.c **** }
 4318              		.loc 1 2189 1
 4319 16ba 1846     		mov	r0, r3
 4320 16bc 2C37     		adds	r7, r7, #44
 4321              	.LCFI121:
 4322              		.cfi_def_cfa_offset 12
 4323 16be BD46     		mov	sp, r7
 4324              	.LCFI122:
 4325              		.cfi_def_cfa_register 13
 4326              		@ sp needed
 4327 16c0 90BD     		pop	{r4, r7, pc}
 4328              		.cfi_endproc
 4329              	.LFE48:
 4331              	.Letext0:
 4332              		.file 2 "c:\\users\\jaejunmin\\downloads\\peak-devpack\\compiler\\10 2020-q4-major\\arm-none-eabi\
 4333              		.file 3 "c:\\users\\jaejunmin\\downloads\\peak-devpack\\compiler\\10 2020-q4-major\\arm-none-eabi\
 4334              		.file 4 "./lwip-2.1.2/src/include/lwip/arch.h"
 4335              		.file 5 "./lwip-2.1.2/src/include/lwip/tcpbase.h"
 4336              		.file 6 "./lwip-2.1.2/src/include/lwip/err.h"
 4337              		.file 7 "./lwip-2.1.2/src/include/lwip/pbuf.h"
 4338              		.file 8 "./lwip-2.1.2/src/include/lwip/ip4_addr.h"
 4339              		.file 9 "./lwip-2.1.2/src/include/lwip/ip_addr.h"
 4340              		.file 10 "./lwip-2.1.2/src/include/lwip/memp.h"
 4341              		.file 11 "./lwip-2.1.2/src/include/lwip/netif.h"
 4342              		.file 12 "./lwip-2.1.2/src/include/lwip/tcp.h"
 4343              		.file 13 "./lwip-2.1.2/src/include/lwip/priv/tcp_priv.h"
 4344              		.file 14 "./lwip-2.1.2/src/include/lwip/prot/tcp.h"
DEFINED SYMBOLS
                            *ABS*:00000000 tcp_out.c
C:\Users\JAEJUN~1\AppData\Local\Temp\ccgPyvBg.s:16     .text:00000000 $t
C:\Users\JAEJUN~1\AppData\Local\Temp\ccgPyvBg.s:23     .text:00000000 tcp_route
C:\Users\JAEJUN~1\AppData\Local\Temp\ccgPyvBg.s:86     .text:00000038 tcp_create_segment
C:\Users\JAEJUN~1\AppData\Local\Temp\ccgPyvBg.s:259    .text:00000122 tcp_pbuf_prealloc
C:\Users\JAEJUN~1\AppData\Local\Temp\ccgPyvBg.s:390    .text:000001c6 tcp_write_checks
C:\Users\JAEJUN~1\AppData\Local\Temp\ccgPyvBg.s:508    .text:0000024e tcp_write
C:\Users\JAEJUN~1\AppData\Local\Temp\ccgPyvBg.s:1338   .text:00000768 tcp_split_unsent_seg
C:\Users\JAEJUN~1\AppData\Local\Temp\ccgPyvBg.s:1682   .text:00000978 tcp_send_fin
C:\Users\JAEJUN~1\AppData\Local\Temp\ccgPyvBg.s:1792   .text:000009f8 tcp_enqueue_flags
C:\Users\JAEJUN~1\AppData\Local\Temp\ccgPyvBg.s:1998   .text:00000b14 tcp_output
C:\Users\JAEJUN~1\AppData\Local\Temp\ccgPyvBg.s:3909   .text:0000148c tcp_send_empty_ack
C:\Users\JAEJUN~1\AppData\Local\Temp\ccgPyvBg.s:2665   .text:00000eb8 tcp_output_segment
C:\Users\JAEJUN~1\AppData\Local\Temp\ccgPyvBg.s:2410   .text:00000d88 $d
C:\Users\JAEJUN~1\AppData\Local\Temp\ccgPyvBg.s:2413   .text:00000d8c $t
C:\Users\JAEJUN~1\AppData\Local\Temp\ccgPyvBg.s:2609   .text:00000e94 tcp_output_segment_busy
C:\Users\JAEJUN~1\AppData\Local\Temp\ccgPyvBg.s:2896   .text:00000ff4 $d
C:\Users\JAEJUN~1\AppData\Local\Temp\ccgPyvBg.s:2900   .text:00000ff8 $t
C:\Users\JAEJUN~1\AppData\Local\Temp\ccgPyvBg.s:2907   .text:00000ff8 tcp_rexmit_rto_prepare
C:\Users\JAEJUN~1\AppData\Local\Temp\ccgPyvBg.s:3063   .text:000010b8 tcp_rexmit_rto_commit
C:\Users\JAEJUN~1\AppData\Local\Temp\ccgPyvBg.s:3119   .text:000010e8 tcp_rexmit_rto
C:\Users\JAEJUN~1\AppData\Local\Temp\ccgPyvBg.s:3168   .text:0000110a tcp_rexmit
C:\Users\JAEJUN~1\AppData\Local\Temp\ccgPyvBg.s:3319   .text:000011c2 tcp_rexmit_fast
C:\Users\JAEJUN~1\AppData\Local\Temp\ccgPyvBg.s:3445   .text:00001266 tcp_output_alloc_header_common
C:\Users\JAEJUN~1\AppData\Local\Temp\ccgPyvBg.s:3579   .text:00001324 tcp_output_alloc_header
C:\Users\JAEJUN~1\AppData\Local\Temp\ccgPyvBg.s:3662   .text:0000137e tcp_output_fill_options
C:\Users\JAEJUN~1\AppData\Local\Temp\ccgPyvBg.s:3721   .text:000013b0 tcp_output_control_segment
C:\Users\JAEJUN~1\AppData\Local\Temp\ccgPyvBg.s:3821   .text:00001422 tcp_rst
C:\Users\JAEJUN~1\AppData\Local\Temp\ccgPyvBg.s:4030   .text:0000152e tcp_keepalive
C:\Users\JAEJUN~1\AppData\Local\Temp\ccgPyvBg.s:4116   .text:0000158e tcp_zero_window_probe

UNDEFINED SYMBOLS
netif_get_by_index
ip4_route
memp_malloc
pbuf_free
pbuf_add_header
tcp_seg_free
lwip_htons
lwip_htonl
pbuf_alloc
memcpy
pbuf_clen
pbuf_cat
tcp_segs_free
pbuf_copy_partial
pbuf_realloc
tcp_input_pcb
tcp_eff_send_mss_netif
ip4_output_if
tcp_ticks
