   1              		.cpu cortex-m7
   2              		.eabi_attribute 28, 1
   3              		.eabi_attribute 20, 1
   4              		.eabi_attribute 21, 1
   5              		.eabi_attribute 23, 3
   6              		.eabi_attribute 24, 1
   7              		.eabi_attribute 25, 1
   8              		.eabi_attribute 26, 1
   9              		.eabi_attribute 30, 2
  10              		.eabi_attribute 34, 1
  11              		.eabi_attribute 18, 4
  12              		.file	"tftpserver.c"
  13              		.text
  14              	.Ltext0:
  15              		.cfi_sections	.debug_frame
  16              		.section	.rodata.str1.4,"aMS",%progbits,1
  17              		.align	2
  18              	.LC0:
  19 0000 43616E20 		.ascii	"Can not allocate pbuf\012\000"
  19      6E6F7420 
  19      616C6C6F 
  19      63617465 
  19      20706275 
  20              		.text
  21              		.align	1
  22              		.p2align 2,,3
  23              		.arch armv7e-m
  24              		.syntax unified
  25              		.thumb
  26              		.thumb_func
  27              		.fpu fpv5-d16
  29              	IAP_tftp_send_ack_packet.isra.0:
  30              	.LVL0:
  31              	.LFB180:
  32              		.file 1 "./src/tftpserver.c"
   1:./src/tftpserver.c **** /**
   2:./src/tftpserver.c ****   ******************************************************************************
   3:./src/tftpserver.c ****   * @file    LwIP/LwIP_IAP/Src/tftpserver.c
   4:./src/tftpserver.c ****   * @author  MCD Application Team
   5:./src/tftpserver.c ****   * @brief   basic tftp server implementation for IAP (only Write Req supported)
   6:./src/tftpserver.c ****   ******************************************************************************
   7:./src/tftpserver.c ****   * @attention
   8:./src/tftpserver.c ****   *
   9:./src/tftpserver.c ****   * Copyright (c) 2017 STMicroelectronics.
  10:./src/tftpserver.c ****   * All rights reserved.
  11:./src/tftpserver.c ****   *
  12:./src/tftpserver.c ****   * This software is licensed under terms that can be found in the LICENSE file
  13:./src/tftpserver.c ****   * in the root directory of this software component.
  14:./src/tftpserver.c ****   * If no LICENSE file comes with this software, it is provided AS-IS.
  15:./src/tftpserver.c ****   *
  16:./src/tftpserver.c ****   ******************************************************************************
  17:./src/tftpserver.c ****   */
  18:./src/tftpserver.c **** 
  19:./src/tftpserver.c **** /* Includes ------------------------------------------------------------------*/
  20:./src/tftpserver.c **** #include "tftpserver.h"
  21:./src/tftpserver.c **** #include "flash_if.h"
  22:./src/tftpserver.c **** #include <string.h>
  23:./src/tftpserver.c **** #include <stdio.h>
  24:./src/tftpserver.c **** #include "main.h"
  25:./src/tftpserver.c **** #include "backup.h"
  26:./src/tftpserver.c **** #include "firmware_tag.h"
  27:./src/tftpserver.c **** #include "udp_total.h"
  28:./src/tftpserver.c **** #include "stm32f7xx_hal_crc.h"
  29:./src/tftpserver.c **** #include "stm32f7xx_hal_crc_ex.h"
  30:./src/tftpserver.c **** #include "stm32f7xx_hal_rcc.h"
  31:./src/tftpserver.c **** #include "stm32f7xx_hal_iwdg.h"
  32:./src/tftpserver.c **** 
  33:./src/tftpserver.c **** #define TAG_ADDRESS  ((FirmwareTag*) USER_FLASH_FIRST_PAGE_ADDRESS)
  34:./src/tftpserver.c **** #define BACKUP_TAG_ADDRESS  ((FirmwareTag*) BACKUP_FLASH_FIRST_PAGE_ADDRESS)
  35:./src/tftpserver.c **** 
  36:./src/tftpserver.c **** #define USE_IAP_TFTP 1
  37:./src/tftpserver.c **** #define USE_PRINT 1
  38:./src/tftpserver.c **** 
  39:./src/tftpserver.c **** #define MAX_FILE_SIZE  102400
  40:./src/tftpserver.c **** 
  41:./src/tftpserver.c **** 
  42:./src/tftpserver.c **** #ifdef USE_IAP_TFTP
  43:./src/tftpserver.c **** 
  44:./src/tftpserver.c **** /* Private variables ---------------------------------------------------------*/
  45:./src/tftpserver.c **** static uint32_t Flash_Write_Address;
  46:./src/tftpserver.c **** static struct udp_pcb *UDPpcb;
  47:./src/tftpserver.c **** static __IO uint32_t total_count=0;
  48:./src/tftpserver.c **** 
  49:./src/tftpserver.c **** extern CRC_HandleTypeDef hcrc;
  50:./src/tftpserver.c **** extern IWDG_HandleTypeDef hiwdg;
  51:./src/tftpserver.c **** 
  52:./src/tftpserver.c **** /* Private function prototypes -----------------------------------------------*/
  53:./src/tftpserver.c **** 
  54:./src/tftpserver.c **** static void IAP_wrq_recv_callback(void *_args, struct udp_pcb *upcb, struct pbuf *pkt_buf, 
  55:./src/tftpserver.c ****                         const ip_addr_t *addr, u16_t port);
  56:./src/tftpserver.c **** 
  57:./src/tftpserver.c **** static int IAP_tftp_process_write(struct udp_pcb *upcb, const ip_addr_t *to, int to_port);
  58:./src/tftpserver.c **** 
  59:./src/tftpserver.c **** static void IAP_tftp_recv_callback(void *arg, struct udp_pcb *Upcb, struct pbuf *pkt_buf,
  60:./src/tftpserver.c ****                         const ip_addr_t *addr, u16_t port);
  61:./src/tftpserver.c **** 
  62:./src/tftpserver.c **** static void IAP_tftp_cleanup_wr(struct udp_pcb *upcb, tftp_connection_args *args);
  63:./src/tftpserver.c **** static tftp_opcode IAP_tftp_decode_op(char *buf);
  64:./src/tftpserver.c **** static u16_t IAP_tftp_extract_block(char *buf);
  65:./src/tftpserver.c **** static void IAP_tftp_set_opcode(char *buffer, tftp_opcode opcode);
  66:./src/tftpserver.c **** static void IAP_tftp_set_block(char* packet, u16_t block);
  67:./src/tftpserver.c **** static err_t IAP_tftp_send_ack_packet(struct udp_pcb *upcb, const ip_addr_t *to, int to_port, int b
  68:./src/tftpserver.c **** 
  69:./src/tftpserver.c **** /* Private functions ---------------------------------------------------------*/
  70:./src/tftpserver.c **** 
  71:./src/tftpserver.c **** 
  72:./src/tftpserver.c **** /**
  73:./src/tftpserver.c ****   * @brief Returns the TFTP opcode 
  74:./src/tftpserver.c ****   * @param buf: pointer on the TFTP packet 
  75:./src/tftpserver.c ****   * @retval None
  76:./src/tftpserver.c ****   */
  77:./src/tftpserver.c **** static tftp_opcode IAP_tftp_decode_op(char *buf)
  78:./src/tftpserver.c **** {
  79:./src/tftpserver.c ****   return (tftp_opcode)(buf[1]);
  80:./src/tftpserver.c **** }
  81:./src/tftpserver.c **** 
  82:./src/tftpserver.c **** /**
  83:./src/tftpserver.c ****   * @brief  Extracts the block number
  84:./src/tftpserver.c ****   * @param  buf: pointer on the TFTP packet 
  85:./src/tftpserver.c ****   * @retval block number
  86:./src/tftpserver.c ****   */
  87:./src/tftpserver.c **** static u16_t IAP_tftp_extract_block(char *buf)
  88:./src/tftpserver.c **** {
  89:./src/tftpserver.c ****   u16_t *b = (u16_t*)buf;
  90:./src/tftpserver.c ****   return ntohs(b[1]);
  91:./src/tftpserver.c **** }
  92:./src/tftpserver.c **** 
  93:./src/tftpserver.c **** /**
  94:./src/tftpserver.c ****   * @brief Sets the TFTP opcode 
  95:./src/tftpserver.c ****   * @param  buffer: pointer on the TFTP packet
  96:./src/tftpserver.c ****   * @param  opcode: TFTP opcode
  97:./src/tftpserver.c ****   * @retval None
  98:./src/tftpserver.c ****   */
  99:./src/tftpserver.c **** static void IAP_tftp_set_opcode(char *buffer, tftp_opcode opcode)
 100:./src/tftpserver.c **** {
 101:./src/tftpserver.c ****   buffer[0] = 0;
 102:./src/tftpserver.c ****   buffer[1] = (u8_t)opcode;
 103:./src/tftpserver.c **** }
 104:./src/tftpserver.c **** 
 105:./src/tftpserver.c **** /**
 106:./src/tftpserver.c ****   * @brief Sets the TFTP block number 
 107:./src/tftpserver.c ****   * @param packet: pointer on the TFTP packet 
 108:./src/tftpserver.c ****   * @param  block: block number
 109:./src/tftpserver.c ****   * @retval None
 110:./src/tftpserver.c ****   */
 111:./src/tftpserver.c **** static void IAP_tftp_set_block(char* packet, u16_t block)
 112:./src/tftpserver.c **** {
 113:./src/tftpserver.c ****   u16_t *p = (u16_t *)packet;
 114:./src/tftpserver.c ****   p[1] = htons(block);
 115:./src/tftpserver.c **** }
 116:./src/tftpserver.c **** 
 117:./src/tftpserver.c **** /**
 118:./src/tftpserver.c ****   * @brief Sends TFTP ACK packet  
 119:./src/tftpserver.c ****   * @param upcb: pointer on udp_pcb structure
 120:./src/tftpserver.c ****   * @param to: pointer on the receive IP address structure
 121:./src/tftpserver.c ****   * @param to_port: receive port number
 122:./src/tftpserver.c ****   * @param block: block number
 123:./src/tftpserver.c ****   * @retval: err_t: error code 
 124:./src/tftpserver.c ****   */
 125:./src/tftpserver.c **** static err_t IAP_tftp_send_ack_packet(struct udp_pcb *upcb, const ip_addr_t *to, int to_port, int b
  33              		.loc 1 125 14 view -0
  34              		.cfi_startproc
  35              		@ args = 0, pretend = 0, frame = 8
  36              		@ frame_needed = 0, uses_anonymous_args = 0
 126:./src/tftpserver.c **** {
 127:./src/tftpserver.c ****   err_t err;
  37              		.loc 1 127 3 view .LVU1
 128:./src/tftpserver.c ****   struct pbuf *pkt_buf; /* Chain of pbuf's to be sent */
  38              		.loc 1 128 3 view .LVU2
 129:./src/tftpserver.c **** 
 130:./src/tftpserver.c ****   /* create the maximum possible size packet that a TFTP ACK packet can be */
 131:./src/tftpserver.c ****   char packet[TFTP_ACK_PKT_LEN];
  39              		.loc 1 131 3 view .LVU3
 132:./src/tftpserver.c **** 	
 133:./src/tftpserver.c **** 	memset(packet, 0, TFTP_ACK_PKT_LEN *sizeof(char));
  40              		.loc 1 133 2 view .LVU4
 125:./src/tftpserver.c **** {
  41              		.loc 1 125 14 is_stmt 0 view .LVU5
  42 0000 F0B5     		push	{r4, r5, r6, r7, lr}
  43              	.LCFI0:
  44              		.cfi_def_cfa_offset 20
  45              		.cfi_offset 4, -20
  46              		.cfi_offset 5, -16
  47              		.cfi_offset 6, -12
  48              		.cfi_offset 7, -8
  49              		.cfi_offset 14, -4
  50 0002 0024     		movs	r4, #0
  51 0004 83B0     		sub	sp, sp, #12
  52              	.LCFI1:
  53              		.cfi_def_cfa_offset 32
 125:./src/tftpserver.c **** {
  54              		.loc 1 125 14 view .LVU6
  55 0006 0546     		mov	r5, r0
  56              	.LBB24:
  57              	.LBB25:
 114:./src/tftpserver.c **** }
  58              		.loc 1 114 10 view .LVU7
  59 0008 98B2     		uxth	r0, r3
  60              	.LVL1:
 114:./src/tftpserver.c **** }
  61              		.loc 1 114 10 view .LVU8
  62 000a 8DF80440 		strb	r4, [sp, #4]
  63              	.LBE25:
  64              	.LBE24:
 134:./src/tftpserver.c **** 
 135:./src/tftpserver.c ****   /* define the first two bytes of the packet */
 136:./src/tftpserver.c ****   IAP_tftp_set_opcode(packet, TFTP_ACK);
  65              		.loc 1 136 3 is_stmt 1 view .LVU9
  66              	.LVL2:
  67              	.LBB28:
  68              	.LBI28:
  99:./src/tftpserver.c **** {
  69              		.loc 1 99 13 view .LVU10
  70              	.LBB29:
 101:./src/tftpserver.c ****   buffer[1] = (u8_t)opcode;
  71              		.loc 1 101 3 view .LVU11
 102:./src/tftpserver.c **** }
  72              		.loc 1 102 3 view .LVU12
 102:./src/tftpserver.c **** }
  73              		.loc 1 102 13 is_stmt 0 view .LVU13
  74 000e 0424     		movs	r4, #4
  75              	.LBE29:
  76              	.LBE28:
 125:./src/tftpserver.c **** {
  77              		.loc 1 125 14 view .LVU14
  78 0010 0E46     		mov	r6, r1
  79 0012 1746     		mov	r7, r2
  80              	.LBB31:
  81              	.LBB30:
 102:./src/tftpserver.c **** }
  82              		.loc 1 102 13 view .LVU15
  83 0014 8DF80540 		strb	r4, [sp, #5]
  84              	.LVL3:
 102:./src/tftpserver.c **** }
  85              		.loc 1 102 13 view .LVU16
  86              	.LBE30:
  87              	.LBE31:
 137:./src/tftpserver.c **** 
 138:./src/tftpserver.c ****   /* Specify the block number being ACK'd.
 139:./src/tftpserver.c ****    * If we are ACK'ing a DATA pkt then the block number echoes that of the DATA pkt being ACK'd (du
 140:./src/tftpserver.c ****    * If we are ACK'ing a WRQ pkt then the block number is always 0
 141:./src/tftpserver.c ****    * RRQ packets are never sent ACK pkts by the server, instead the server sends DATA pkts to the
 142:./src/tftpserver.c ****    * host which are, obviously, used as the "acknowledgement".  This saves from having to sEndTrans
 143:./src/tftpserver.c ****    * an ACK packet and a DATA packet for RRQs - see RFC1350 for more info.  */
 144:./src/tftpserver.c ****   IAP_tftp_set_block(packet, block);
  88              		.loc 1 144 3 is_stmt 1 view .LVU17
  89              	.LBB32:
  90              	.LBI24:
 111:./src/tftpserver.c **** {
  91              		.loc 1 111 13 view .LVU18
  92              	.LBB26:
 113:./src/tftpserver.c ****   p[1] = htons(block);
  93              		.loc 1 113 3 view .LVU19
 114:./src/tftpserver.c **** }
  94              		.loc 1 114 3 view .LVU20
 114:./src/tftpserver.c **** }
  95              		.loc 1 114 10 is_stmt 0 view .LVU21
  96 0018 FFF7FEFF 		bl	lwip_htons
  97              	.LVL4:
 114:./src/tftpserver.c **** }
  98              		.loc 1 114 10 view .LVU22
  99              	.LBE26:
 100              	.LBE32:
 145:./src/tftpserver.c **** 
 146:./src/tftpserver.c ****   /* PBUF_TRANSPORT - specifies the transport layer */
 147:./src/tftpserver.c ****   pkt_buf = pbuf_alloc(PBUF_TRANSPORT, TFTP_ACK_PKT_LEN, PBUF_POOL);
 101              		.loc 1 147 13 view .LVU23
 102 001c 2146     		mov	r1, r4
 103              	.LBB33:
 104              	.LBB27:
 114:./src/tftpserver.c **** }
 105              		.loc 1 114 8 view .LVU24
 106 001e ADF80600 		strh	r0, [sp, #6]	@ movhi
 107              	.LVL5:
 114:./src/tftpserver.c **** }
 108              		.loc 1 114 8 view .LVU25
 109              	.LBE27:
 110              	.LBE33:
 111              		.loc 1 147 3 is_stmt 1 view .LVU26
 112              		.loc 1 147 13 is_stmt 0 view .LVU27
 113 0022 4FF4C172 		mov	r2, #386
 114 0026 3620     		movs	r0, #54
 115 0028 FFF7FEFF 		bl	pbuf_alloc
 116              	.LVL6:
 148:./src/tftpserver.c **** 
 149:./src/tftpserver.c ****   if (!pkt_buf)      /*if the packet pbuf == NULL exit and EndTransfertransmission */
 117              		.loc 1 149 3 is_stmt 1 view .LVU28
 118              		.loc 1 149 6 is_stmt 0 view .LVU29
 119 002c 78B1     		cbz	r0, .L5
 150:./src/tftpserver.c ****   {
 151:./src/tftpserver.c **** #ifdef USE_PRINT
 152:./src/tftpserver.c ****     udp_client_send("Can not allocate pbuf\n");
 153:./src/tftpserver.c **** #endif
 154:./src/tftpserver.c ****     return ERR_MEM;
 155:./src/tftpserver.c ****   }
 156:./src/tftpserver.c **** 
 157:./src/tftpserver.c ****   /* Copy the original data buffer over to the packet buffer's payload */
 158:./src/tftpserver.c ****   memcpy(pkt_buf->payload, packet, TFTP_ACK_PKT_LEN);
 120              		.loc 1 158 3 is_stmt 1 view .LVU30
 121 002e 0446     		mov	r4, r0
 122 0030 4168     		ldr	r1, [r0, #4]
 159:./src/tftpserver.c **** 
 160:./src/tftpserver.c ****   /* Sending packet by UDP protocol */
 161:./src/tftpserver.c ****   err = udp_sendto(upcb, pkt_buf, to, to_port);
 123              		.loc 1 161 9 is_stmt 0 view .LVU31
 124 0032 2846     		mov	r0, r5
 125              	.LVL7:
 158:./src/tftpserver.c **** 
 126              		.loc 1 158 3 view .LVU32
 127 0034 019D     		ldr	r5, [sp, #4]
 128              	.LVL8:
 129              		.loc 1 161 9 view .LVU33
 130 0036 BBB2     		uxth	r3, r7
 131 0038 3246     		mov	r2, r6
 158:./src/tftpserver.c **** 
 132              		.loc 1 158 3 view .LVU34
 133 003a 0D60     		str	r5, [r1]	@ unaligned
 134              		.loc 1 161 3 is_stmt 1 view .LVU35
 135              		.loc 1 161 9 is_stmt 0 view .LVU36
 136 003c 2146     		mov	r1, r4
 137 003e FFF7FEFF 		bl	udp_sendto
 138              	.LVL9:
 162:./src/tftpserver.c **** 
 163:./src/tftpserver.c ****   /* free the buffer pbuf */
 164:./src/tftpserver.c ****   pbuf_free(pkt_buf);
 139              		.loc 1 164 3 is_stmt 1 view .LVU37
 140 0042 2046     		mov	r0, r4
 165:./src/tftpserver.c **** 
 166:./src/tftpserver.c ****   return err;
 167:./src/tftpserver.c **** }
 141              		.loc 1 167 1 is_stmt 0 view .LVU38
 142 0044 03B0     		add	sp, sp, #12
 143              	.LCFI2:
 144              		.cfi_remember_state
 145              		.cfi_def_cfa_offset 20
 146              		@ sp needed
 147 0046 BDE8F040 		pop	{r4, r5, r6, r7, lr}
 148              	.LCFI3:
 149              		.cfi_restore 14
 150              		.cfi_restore 7
 151              		.cfi_restore 6
 152              		.cfi_restore 5
 153              		.cfi_restore 4
 154              		.cfi_def_cfa_offset 0
 155              	.LVL10:
 164:./src/tftpserver.c **** 
 156              		.loc 1 164 3 view .LVU39
 157 004a FFF7FEBF 		b	pbuf_free
 158              	.LVL11:
 159              	.L5:
 160              	.LCFI4:
 161              		.cfi_restore_state
 152:./src/tftpserver.c **** #endif
 162              		.loc 1 152 5 is_stmt 1 view .LVU40
 163 004e 0348     		ldr	r0, .L6
 164              	.LVL12:
 165              		.loc 1 167 1 is_stmt 0 view .LVU41
 166 0050 03B0     		add	sp, sp, #12
 167              	.LCFI5:
 168              		.cfi_def_cfa_offset 20
 169              		@ sp needed
 170 0052 BDE8F040 		pop	{r4, r5, r6, r7, lr}
 171              	.LCFI6:
 172              		.cfi_restore 14
 173              		.cfi_restore 7
 174              		.cfi_restore 6
 175              		.cfi_restore 5
 176              		.cfi_restore 4
 177              		.cfi_def_cfa_offset 0
 178              	.LVL13:
 152:./src/tftpserver.c **** #endif
 179              		.loc 1 152 5 view .LVU42
 180 0056 FFF7FEBF 		b	udp_client_send
 181              	.LVL14:
 182              	.L7:
 183 005a 00BF     		.align	2
 184              	.L6:
 185 005c 00000000 		.word	.LC0
 186              		.cfi_endproc
 187              	.LFE180:
 189              		.section	.rodata.str1.4
 190 0017 00       		.align	2
 191              	.LC1:
 192 0018 496E7661 		.ascii	"Invalid data length\012\000"
 192      6C696420 
 192      64617461 
 192      206C656E 
 192      6774680A 
 193 002d 000000   		.align	2
 194              	.LC2:
 195 0030 5B424F4F 		.ascii	"[BOOT]  Tot bytes Received: %d bytes \012\000"
 195      545D2020 
 195      546F7420 
 195      62797465 
 195      73205265 
 196 0057 00       		.align	2
 197              	.LC3:
 198 0058 5B424F4F 		.ascii	"[BOOT]  CRC same, Jump to new FW\012\000"
 198      545D2020 
 198      43524320 
 198      73616D65 
 198      2C204A75 
 199 007a 0000     		.align	2
 200              	.LC4:
 201 007c 5B424F4F 		.ascii	"[BOOT]  CRC not same, Back to before FW\012\000"
 201      545D2020 
 201      43524320 
 201      6E6F7420 
 201      73616D65 
 202              		.text
 203              		.align	1
 204              		.p2align 2,,3
 205              		.syntax unified
 206              		.thumb
 207              		.thumb_func
 208              		.fpu fpv5-d16
 210              	IAP_wrq_recv_callback:
 211              	.LVL15:
 212              	.LFB174:
 168:./src/tftpserver.c **** 
 169:./src/tftpserver.c **** /**
 170:./src/tftpserver.c ****   * @brief  Processes data transfers after a TFTP write request
 171:./src/tftpserver.c ****   * @param  _args: used as pointer on TFTP connection args
 172:./src/tftpserver.c ****   * @param  upcb: pointer on udp_pcb structure
 173:./src/tftpserver.c ****   * @param  pkt_buf: pointer on a pbuf stucture
 174:./src/tftpserver.c ****   * @param  ip_addr: pointer on the receive IP_address structure
 175:./src/tftpserver.c ****   * @param  port: receive port address
 176:./src/tftpserver.c ****   * @retval None
 177:./src/tftpserver.c ****   */
 178:./src/tftpserver.c **** static void IAP_wrq_recv_callback(void *_args, struct udp_pcb *upcb, struct pbuf *pkt_buf, const ip
 179:./src/tftpserver.c **** {
 213              		.loc 1 179 1 is_stmt 1 view -0
 214              		.cfi_startproc
 215              		@ args = 4, pretend = 0, frame = 552
 216              		@ frame_needed = 0, uses_anonymous_args = 0
 180:./src/tftpserver.c ****   tftp_connection_args *args = (tftp_connection_args *)_args;
 217              		.loc 1 180 3 view .LVU44
 179:./src/tftpserver.c ****   tftp_connection_args *args = (tftp_connection_args *)_args;
 218              		.loc 1 179 1 is_stmt 0 view .LVU45
 219 0060 2DE9F041 		push	{r4, r5, r6, r7, r8, lr}
 220              	.LCFI7:
 221              		.cfi_def_cfa_offset 24
 222              		.cfi_offset 4, -24
 223              		.cfi_offset 5, -20
 224              		.cfi_offset 6, -16
 225              		.cfi_offset 7, -12
 226              		.cfi_offset 8, -8
 227              		.cfi_offset 14, -4
 228 0064 1446     		mov	r4, r2
 229              	.LVL16:
 181:./src/tftpserver.c ****   uint32_t data_buffer[128];
 230              		.loc 1 181 3 is_stmt 1 view .LVU46
 182:./src/tftpserver.c ****   uint16_t count=0;
 231              		.loc 1 182 3 view .LVU47
 183:./src/tftpserver.c **** 
 184:./src/tftpserver.c **** #ifdef USE_PRINT
 185:./src/tftpserver.c ****   char message[40];
 232              		.loc 1 185 3 view .LVU48
 186:./src/tftpserver.c **** #endif
 187:./src/tftpserver.c **** 
 188:./src/tftpserver.c ****   if (pkt_buf->len != pkt_buf->tot_len)
 233              		.loc 1 188 3 view .LVU49
 179:./src/tftpserver.c ****   tftp_connection_args *args = (tftp_connection_args *)_args;
 234              		.loc 1 179 1 is_stmt 0 view .LVU50
 235 0066 1F46     		mov	r7, r3
 236              		.loc 1 188 14 view .LVU51
 237 0068 5289     		ldrh	r2, [r2, #10]
 238              	.LVL17:
 179:./src/tftpserver.c ****   tftp_connection_args *args = (tftp_connection_args *)_args;
 239              		.loc 1 179 1 view .LVU52
 240 006a ADF5107D 		sub	sp, sp, #576
 241              	.LCFI8:
 242              		.cfi_def_cfa_offset 600
 243              		.loc 1 188 6 view .LVU53
 244 006e 2389     		ldrh	r3, [r4, #8]
 245              	.LVL18:
 179:./src/tftpserver.c ****   tftp_connection_args *args = (tftp_connection_args *)_args;
 246              		.loc 1 179 1 view .LVU54
 247 0070 BDF85882 		ldrh	r8, [sp, #600]
 248              		.loc 1 188 6 view .LVU55
 249 0074 9342     		cmp	r3, r2
 250 0076 29D1     		bne	.L22
 189:./src/tftpserver.c ****   {
 190:./src/tftpserver.c **** #ifdef USE_PRINT
 191:./src/tftpserver.c ****     udp_client_send("Invalid data length\n");
 192:./src/tftpserver.c **** #endif
 193:./src/tftpserver.c ****     return;
 194:./src/tftpserver.c ****   }
 195:./src/tftpserver.c **** 
 196:./src/tftpserver.c ****   /* Does this packet have any valid data to write? */
 197:./src/tftpserver.c ****   if ((pkt_buf->len > TFTP_DATA_PKT_HDR_LEN) &&
 251              		.loc 1 197 6 view .LVU56
 252 0078 042B     		cmp	r3, #4
 253 007a 0546     		mov	r5, r0
 254 007c 0E46     		mov	r6, r1
 255              		.loc 1 197 3 is_stmt 1 view .LVU57
 256              		.loc 1 197 6 is_stmt 0 view .LVU58
 257 007e 08D9     		bls	.L10
 258              	.LVL19:
 259              	.LBB49:
 260              	.LBI49:
  87:./src/tftpserver.c **** {
 261              		.loc 1 87 14 is_stmt 1 discriminator 1 view .LVU59
 262              	.LBB50:
  89:./src/tftpserver.c ****   return ntohs(b[1]);
 263              		.loc 1 89 3 discriminator 1 view .LVU60
  90:./src/tftpserver.c **** }
 264              		.loc 1 90 3 discriminator 1 view .LVU61
  90:./src/tftpserver.c **** }
 265              		.loc 1 90 10 is_stmt 0 discriminator 1 view .LVU62
 266 0080 6368     		ldr	r3, [r4, #4]
 267 0082 5888     		ldrh	r0, [r3, #2]
 268              	.LVL20:
  90:./src/tftpserver.c **** }
 269              		.loc 1 90 10 discriminator 1 view .LVU63
 270 0084 FFF7FEFF 		bl	lwip_htons
 271              	.LVL21:
  90:./src/tftpserver.c **** }
 272              		.loc 1 90 10 discriminator 1 view .LVU64
 273              	.LBE50:
 274              	.LBE49:
 198:./src/tftpserver.c ****       (IAP_tftp_extract_block(pkt_buf->payload) == (args->block + 1)))
 275              		.loc 1 198 65 discriminator 1 view .LVU65
 276 0088 D5F81432 		ldr	r3, [r5, #532]
 277 008c 0133     		adds	r3, r3, #1
 197:./src/tftpserver.c ****       (IAP_tftp_extract_block(pkt_buf->payload) == (args->block + 1)))
 278              		.loc 1 197 46 discriminator 1 view .LVU66
 279 008e 9842     		cmp	r0, r3
 280 0090 23D0     		beq	.L23
 281              	.L10:
 199:./src/tftpserver.c ****   {
 200:./src/tftpserver.c ****     /* copy packet payload to data_buffer */
 201:./src/tftpserver.c ****     pbuf_copy_partial(pkt_buf, data_buffer, pkt_buf->len - TFTP_DATA_PKT_HDR_LEN,
 202:./src/tftpserver.c ****                       TFTP_DATA_PKT_HDR_LEN);
 203:./src/tftpserver.c ****     
 204:./src/tftpserver.c ****     total_count += pkt_buf->len - TFTP_DATA_PKT_HDR_LEN; 
 205:./src/tftpserver.c ****     
 206:./src/tftpserver.c ****     count = (pkt_buf->len - TFTP_DATA_PKT_HDR_LEN)/4;
 207:./src/tftpserver.c ****     if (((pkt_buf->len - TFTP_DATA_PKT_HDR_LEN)%4)!=0) 
 208:./src/tftpserver.c ****     count++;
 209:./src/tftpserver.c **** 
 210:./src/tftpserver.c **** 
 211:./src/tftpserver.c ****     /* Write received data in Flash */
 212:./src/tftpserver.c ****     FLASH_If_Write(&Flash_Write_Address, data_buffer ,count);
 213:./src/tftpserver.c ****        
 214:./src/tftpserver.c ****     /* update our block number to match the block number just received */
 215:./src/tftpserver.c ****     args->block++;
 216:./src/tftpserver.c ****     /* update total bytes  */
 217:./src/tftpserver.c ****     (args->tot_bytes) += (pkt_buf->len - TFTP_DATA_PKT_HDR_LEN);
 218:./src/tftpserver.c **** 
 219:./src/tftpserver.c ****     /* This is a valid pkt but it has no data.  This would occur if the file being
 220:./src/tftpserver.c ****        written is an exact multiple of 512 bytes.  In this case, the args->block
 221:./src/tftpserver.c ****        value must still be updated, but we can skip everything else.    */
 222:./src/tftpserver.c ****   }
 223:./src/tftpserver.c ****   else if (IAP_tftp_extract_block(pkt_buf->payload) == (args->block + 1))
 282              		.loc 1 223 8 is_stmt 1 view .LVU67
 283              	.LVL22:
 284              	.LBB51:
 285              	.LBI51:
  87:./src/tftpserver.c **** {
 286              		.loc 1 87 14 view .LVU68
 287              	.LBB52:
  89:./src/tftpserver.c ****   return ntohs(b[1]);
 288              		.loc 1 89 3 view .LVU69
  90:./src/tftpserver.c **** }
 289              		.loc 1 90 3 view .LVU70
  90:./src/tftpserver.c **** }
 290              		.loc 1 90 10 is_stmt 0 view .LVU71
 291 0092 6368     		ldr	r3, [r4, #4]
 292 0094 5888     		ldrh	r0, [r3, #2]
 293 0096 FFF7FEFF 		bl	lwip_htons
 294              	.LVL23:
  90:./src/tftpserver.c **** }
 295              		.loc 1 90 10 view .LVU72
 296              	.LBE52:
 297              	.LBE51:
 298              		.loc 1 223 61 view .LVU73
 299 009a D5F81432 		ldr	r3, [r5, #532]
 300              		.loc 1 223 69 view .LVU74
 301 009e 5A1C     		adds	r2, r3, #1
 302              		.loc 1 223 11 view .LVU75
 303 00a0 9042     		cmp	r0, r2
 304 00a2 0FD0     		beq	.L24
 305              	.LVL24:
 306              	.L13:
 224:./src/tftpserver.c ****   {
 225:./src/tftpserver.c ****     /* update our block number to match the block number just received  */
 226:./src/tftpserver.c ****     args->block++;
 227:./src/tftpserver.c ****   }
 228:./src/tftpserver.c ****   
 229:./src/tftpserver.c ****   /* Send the appropriate ACK pkt*/
 230:./src/tftpserver.c ****   IAP_tftp_send_ack_packet(upcb, addr, port, args->block);   
 307              		.loc 1 230 3 is_stmt 1 view .LVU76
 308 00a4 4246     		mov	r2, r8
 309 00a6 3946     		mov	r1, r7
 310 00a8 3046     		mov	r0, r6
 311 00aa FFF7A9FF 		bl	IAP_tftp_send_ack_packet.isra.0
 312              	.LVL25:
 231:./src/tftpserver.c **** 
 232:./src/tftpserver.c ****   /* If the last write returned less than the maximum TFTP data pkt length,
 233:./src/tftpserver.c ****    * then we've received the whole file and so we can quit (this is how TFTP
 234:./src/tftpserver.c ****    * signals the EndTransferof a transfer!)
 235:./src/tftpserver.c ****    */
 236:./src/tftpserver.c ****   if (pkt_buf->len < TFTP_DATA_PKT_LEN_MAX)
 313              		.loc 1 236 3 view .LVU77
 314              		.loc 1 236 6 is_stmt 0 view .LVU78
 315 00ae 6389     		ldrh	r3, [r4, #10]
 316 00b0 B3F5017F 		cmp	r3, #516
 317 00b4 3CD3     		bcc	.L25
 237:./src/tftpserver.c ****   {
 238:./src/tftpserver.c **** 	  sprintf(message, "[BOOT]  Tot bytes Received: %d bytes \n",(int)total_count);
 239:./src/tftpserver.c **** 	  udp_client_send(message);
 240:./src/tftpserver.c **** 
 241:./src/tftpserver.c ****     IAP_tftp_cleanup_wr(upcb, args);
 242:./src/tftpserver.c ****     pbuf_free(pkt_buf);
 243:./src/tftpserver.c ****     
 244:./src/tftpserver.c ****     if (TAG_ADDRESS->valid_flag == 0xA5A5A5A5) {
 245:./src/tftpserver.c ****       uint32_t crc_result = 0;
 246:./src/tftpserver.c ****       crc_result = CAL_CRC(hcrc);
 247:./src/tftpserver.c ****       // char msg2[32];
 248:./src/tftpserver.c ****       // sprintf(msg2, "CRC=0x%08lX\r\n", crc_result);
 249:./src/tftpserver.c ****       // udp_client_send(msg2);
 250:./src/tftpserver.c **** 
 251:./src/tftpserver.c ****       static uint32_t Flash_Write_Address2;
 252:./src/tftpserver.c **** 
 253:./src/tftpserver.c ****       if (TAG_ADDRESS->crc == crc_result){
 254:./src/tftpserver.c ****   		  udp_client_send("[BOOT]  CRC same, Jump to new FW\n");
 255:./src/tftpserver.c ****   	  }
 256:./src/tftpserver.c ****   	  else if(TAG_ADDRESS->crc != crc_result) {
 257:./src/tftpserver.c ****   		udp_client_send("[BOOT]  CRC not same, Back to before FW\n");
 258:./src/tftpserver.c ****   		HAL_FLASH_Unlock();
 259:./src/tftpserver.c ****   		FLASH_If_Erase(USER_FLASH_FIRST_PAGE_ADDRESS);
 260:./src/tftpserver.c ****   		Flash_Write_Address2 = USER_FLASH_FIRST_PAGE_ADDRESS;
 261:./src/tftpserver.c ****   		uint32_t *src_data = (uint32_t*)BACKUP_FLASH_FIRST_PAGE_ADDRESS;
 262:./src/tftpserver.c ****   		uint16_t data_len = ( BACKUP_TAG_ADDRESS->size + 1024 ) / 4;
 263:./src/tftpserver.c ****   		uint32_t result = FLASH_If_Write(&Flash_Write_Address2, src_data ,data_len);
 264:./src/tftpserver.c ****   	  }
 265:./src/tftpserver.c ****     }
 266:./src/tftpserver.c **** #ifdef USE_PRINT
 267:./src/tftpserver.c ****     // udp_client_send("[BOOT]  Reset the board \n");
 268:./src/tftpserver.c ****     clear_boot_flag();
 269:./src/tftpserver.c ****     NVIC_SystemReset();
 270:./src/tftpserver.c **** #endif
 271:./src/tftpserver.c ****   }
 272:./src/tftpserver.c ****   else
 273:./src/tftpserver.c ****   {
 274:./src/tftpserver.c ****     pbuf_free(pkt_buf);
 318              		.loc 1 274 5 is_stmt 1 view .LVU79
 319 00b6 2046     		mov	r0, r4
 320 00b8 FFF7FEFF 		bl	pbuf_free
 321              	.LVL26:
 275:./src/tftpserver.c ****     return;
 322              		.loc 1 275 5 view .LVU80
 276:./src/tftpserver.c ****   }
 277:./src/tftpserver.c **** }
 323              		.loc 1 277 1 is_stmt 0 view .LVU81
 324 00bc 0DF5107D 		add	sp, sp, #576
 325              	.LCFI9:
 326              		.cfi_remember_state
 327              		.cfi_def_cfa_offset 24
 328              		@ sp needed
 329 00c0 BDE8F081 		pop	{r4, r5, r6, r7, r8, pc}
 330              	.LVL27:
 331              	.L24:
 332              	.LCFI10:
 333              		.cfi_restore_state
 226:./src/tftpserver.c ****   }
 334              		.loc 1 226 5 is_stmt 1 view .LVU82
 226:./src/tftpserver.c ****   }
 335              		.loc 1 226 16 is_stmt 0 view .LVU83
 336 00c4 0346     		mov	r3, r0
 337 00c6 C5F81402 		str	r0, [r5, #532]
 338 00ca EBE7     		b	.L13
 339              	.LVL28:
 340              	.L22:
 191:./src/tftpserver.c **** #endif
 341              		.loc 1 191 5 is_stmt 1 view .LVU84
 342 00cc 4548     		ldr	r0, .L28
 343              	.LVL29:
 344              		.loc 1 277 1 is_stmt 0 view .LVU85
 345 00ce 0DF5107D 		add	sp, sp, #576
 346              	.LCFI11:
 347              		.cfi_remember_state
 348              		.cfi_def_cfa_offset 24
 349              		@ sp needed
 350 00d2 BDE8F041 		pop	{r4, r5, r6, r7, r8, lr}
 351              	.LCFI12:
 352              		.cfi_restore 14
 353              		.cfi_restore 8
 354              		.cfi_restore 7
 355              		.cfi_restore 6
 356              		.cfi_restore 5
 357              		.cfi_restore 4
 358              		.cfi_def_cfa_offset 0
 359              	.LVL30:
 191:./src/tftpserver.c **** #endif
 360              		.loc 1 191 5 view .LVU86
 361 00d6 FFF7FEBF 		b	udp_client_send
 362              	.LVL31:
 363              	.L23:
 364              	.LCFI13:
 365              		.cfi_restore_state
 201:./src/tftpserver.c ****                       TFTP_DATA_PKT_HDR_LEN);
 366              		.loc 1 201 5 is_stmt 1 view .LVU87
 367 00da 6289     		ldrh	r2, [r4, #10]
 368 00dc 0423     		movs	r3, #4
 369 00de 10A9     		add	r1, sp, #64
 370 00e0 2046     		mov	r0, r4
 371 00e2 043A     		subs	r2, r2, #4
 372 00e4 92B2     		uxth	r2, r2
 373 00e6 FFF7FEFF 		bl	pbuf_copy_partial
 374              	.LVL32:
 204:./src/tftpserver.c ****     
 375              		.loc 1 204 5 view .LVU88
 204:./src/tftpserver.c ****     
 376              		.loc 1 204 17 is_stmt 0 view .LVU89
 377 00ea 3F4A     		ldr	r2, .L28+4
 204:./src/tftpserver.c ****     
 378              		.loc 1 204 27 view .LVU90
 379 00ec 6189     		ldrh	r1, [r4, #10]
 204:./src/tftpserver.c ****     
 380              		.loc 1 204 17 view .LVU91
 381 00ee 1368     		ldr	r3, [r2]
 382 00f0 043B     		subs	r3, r3, #4
 383 00f2 0B44     		add	r3, r3, r1
 384 00f4 1360     		str	r3, [r2]
 206:./src/tftpserver.c ****     if (((pkt_buf->len - TFTP_DATA_PKT_HDR_LEN)%4)!=0) 
 385              		.loc 1 206 5 is_stmt 1 view .LVU92
 206:./src/tftpserver.c ****     if (((pkt_buf->len - TFTP_DATA_PKT_HDR_LEN)%4)!=0) 
 386              		.loc 1 206 27 is_stmt 0 view .LVU93
 387 00f6 0B1F     		subs	r3, r1, #4
 206:./src/tftpserver.c ****     if (((pkt_buf->len - TFTP_DATA_PKT_HDR_LEN)%4)!=0) 
 388              		.loc 1 206 51 view .LVU94
 389 00f8 002B     		cmp	r3, #0
 390 00fa 1A46     		mov	r2, r3
 391 00fc B8BF     		it	lt
 392 00fe 01F1FF32 		addlt	r2, r1, #-1
 207:./src/tftpserver.c ****     count++;
 393              		.loc 1 207 8 view .LVU95
 394 0102 9B07     		lsls	r3, r3, #30
 206:./src/tftpserver.c ****     if (((pkt_buf->len - TFTP_DATA_PKT_HDR_LEN)%4)!=0) 
 395              		.loc 1 206 11 view .LVU96
 396 0104 C2F38F02 		ubfx	r2, r2, #2, #16
 397              	.LVL33:
 207:./src/tftpserver.c ****     count++;
 398              		.loc 1 207 5 is_stmt 1 view .LVU97
 207:./src/tftpserver.c ****     count++;
 399              		.loc 1 207 8 is_stmt 0 view .LVU98
 400 0108 01D0     		beq	.L12
 208:./src/tftpserver.c **** 
 401              		.loc 1 208 5 is_stmt 1 view .LVU99
 208:./src/tftpserver.c **** 
 402              		.loc 1 208 10 is_stmt 0 view .LVU100
 403 010a 0132     		adds	r2, r2, #1
 404              	.LVL34:
 208:./src/tftpserver.c **** 
 405              		.loc 1 208 10 view .LVU101
 406 010c 92B2     		uxth	r2, r2
 407              	.LVL35:
 408              	.L12:
 212:./src/tftpserver.c ****        
 409              		.loc 1 212 5 is_stmt 1 view .LVU102
 410 010e 10A9     		add	r1, sp, #64
 411 0110 3648     		ldr	r0, .L28+8
 412 0112 FFF7FEFF 		bl	FLASH_If_Write
 413              	.LVL36:
 215:./src/tftpserver.c ****     /* update total bytes  */
 414              		.loc 1 215 5 view .LVU103
 217:./src/tftpserver.c **** 
 415              		.loc 1 217 34 is_stmt 0 view .LVU104
 416 0116 6289     		ldrh	r2, [r4, #10]
 215:./src/tftpserver.c ****     /* update total bytes  */
 417              		.loc 1 215 16 view .LVU105
 418 0118 D5F81432 		ldr	r3, [r5, #532]
 217:./src/tftpserver.c **** 
 419              		.loc 1 217 40 view .LVU106
 420 011c 111F     		subs	r1, r2, #4
 217:./src/tftpserver.c **** 
 421              		.loc 1 217 23 view .LVU107
 422 011e D5F81822 		ldr	r2, [r5, #536]
 215:./src/tftpserver.c ****     /* update total bytes  */
 423              		.loc 1 215 16 view .LVU108
 424 0122 0133     		adds	r3, r3, #1
 217:./src/tftpserver.c **** 
 425              		.loc 1 217 23 view .LVU109
 426 0124 0A44     		add	r2, r2, r1
 215:./src/tftpserver.c ****     /* update total bytes  */
 427              		.loc 1 215 16 view .LVU110
 428 0126 C5F81432 		str	r3, [r5, #532]
 217:./src/tftpserver.c **** 
 429              		.loc 1 217 5 is_stmt 1 view .LVU111
 217:./src/tftpserver.c **** 
 430              		.loc 1 217 23 is_stmt 0 view .LVU112
 431 012a C5F81822 		str	r2, [r5, #536]
 432 012e B9E7     		b	.L13
 433              	.L25:
 434              	.LBB53:
 238:./src/tftpserver.c **** 	  udp_client_send(message);
 435              		.loc 1 238 4 is_stmt 1 view .LVU113
 436 0130 DFF8B480 		ldr	r8, .L28+4
 437 0134 06A8     		add	r0, sp, #24
 438 0136 2E49     		ldr	r1, .L28+12
 439 0138 D8F80020 		ldr	r2, [r8]
 440 013c FFF7FEFF 		bl	sprintf
 441              	.LVL37:
 239:./src/tftpserver.c **** 
 442              		.loc 1 239 4 view .LVU114
 443 0140 06A8     		add	r0, sp, #24
 444 0142 FFF7FEFF 		bl	udp_client_send
 445              	.LVL38:
 241:./src/tftpserver.c ****     pbuf_free(pkt_buf);
 446              		.loc 1 241 5 view .LVU115
 447              	.LBB54:
 448              	.LBI54:
 278:./src/tftpserver.c **** 
 279:./src/tftpserver.c **** void  WDGbackup()
 280:./src/tftpserver.c **** {
 281:./src/tftpserver.c **** 	static uint32_t Flash_Write_Address2;
 282:./src/tftpserver.c **** 	HAL_FLASH_Unlock();
 283:./src/tftpserver.c ****   HAL_IWDG_Refresh(&hiwdg);
 284:./src/tftpserver.c **** 	FLASH_If_Erase(USER_FLASH_FIRST_PAGE_ADDRESS);
 285:./src/tftpserver.c **** 	Flash_Write_Address2 = USER_FLASH_FIRST_PAGE_ADDRESS;
 286:./src/tftpserver.c **** 	uint32_t *src_data = (uint32_t*)BACKUP_FLASH_FIRST_PAGE_ADDRESS;
 287:./src/tftpserver.c **** 	uint16_t data_len = ( BACKUP_TAG_ADDRESS->size + 1024 ) / 4;
 288:./src/tftpserver.c **** 	uint32_t result = FLASH_If_Write(&Flash_Write_Address2, src_data ,data_len);
 289:./src/tftpserver.c **** 
 290:./src/tftpserver.c **** 	__HAL_RCC_CLEAR_RESET_FLAGS();
 291:./src/tftpserver.c **** 	clear_boot_flag();
 292:./src/tftpserver.c **** 
 293:./src/tftpserver.c **** }
 294:./src/tftpserver.c **** 
 295:./src/tftpserver.c **** 
 296:./src/tftpserver.c **** /**
 297:./src/tftpserver.c ****   * @brief  Processes TFTP write request
 298:./src/tftpserver.c ****   * @param  to: pointer on the receive IP address
 299:./src/tftpserver.c ****   * @param  to_port: receive port number
 300:./src/tftpserver.c ****   * @retval None
 301:./src/tftpserver.c ****   */
 302:./src/tftpserver.c **** static int IAP_tftp_process_write(struct udp_pcb *upcb, const ip_addr_t *to, int to_port)
 303:./src/tftpserver.c **** {
 304:./src/tftpserver.c ****   tftp_connection_args *args = NULL;
 305:./src/tftpserver.c ****   /* This function is called from a callback,
 306:./src/tftpserver.c ****   * therefore interrupts are disabled,
 307:./src/tftpserver.c ****   * therefore we can use regular malloc   */
 308:./src/tftpserver.c ****   args = mem_malloc(sizeof *args);
 309:./src/tftpserver.c ****   if (!args)
 310:./src/tftpserver.c ****   {
 311:./src/tftpserver.c **** #ifdef USE_PRINT
 312:./src/tftpserver.c ****     udp_client_send("Memory error \n");
 313:./src/tftpserver.c **** #endif
 314:./src/tftpserver.c ****     IAP_tftp_cleanup_wr(upcb, args);
 315:./src/tftpserver.c ****     return 0;
 316:./src/tftpserver.c ****   }
 317:./src/tftpserver.c **** 
 318:./src/tftpserver.c ****   args->op = TFTP_WRQ;
 319:./src/tftpserver.c ****   args->to_ip.addr = to->addr;
 320:./src/tftpserver.c ****   args->to_port = to_port;
 321:./src/tftpserver.c ****   /* the block # used as a positive response to a WRQ is _always_ 0!!! (see RFC1350)  */
 322:./src/tftpserver.c ****   args->block = 0;
 323:./src/tftpserver.c ****   args->tot_bytes = 0;
 324:./src/tftpserver.c **** 
 325:./src/tftpserver.c ****   /* set callback for receives on this UDP PCB (Protocol Control Block) */
 326:./src/tftpserver.c ****   udp_recv(upcb, IAP_wrq_recv_callback, args);
 327:./src/tftpserver.c ****   
 328:./src/tftpserver.c ****   total_count =0;
 329:./src/tftpserver.c **** 
 330:./src/tftpserver.c ****   /* init flash */
 331:./src/tftpserver.c ****   FLASH_If_Init();
 332:./src/tftpserver.c ****   
 333:./src/tftpserver.c **** 
 334:./src/tftpserver.c **** 
 335:./src/tftpserver.c **** 
 336:./src/tftpserver.c ****   /* erase user flash area */
 337:./src/tftpserver.c ****   FLASH_If_Erase(USER_FLASH_FIRST_PAGE_ADDRESS);
 338:./src/tftpserver.c ****  
 339:./src/tftpserver.c ****   Flash_Write_Address = USER_FLASH_FIRST_PAGE_ADDRESS;    
 340:./src/tftpserver.c ****   /* initiate the write transaction by sending the first ack */
 341:./src/tftpserver.c ****   IAP_tftp_send_ack_packet(upcb, to, to_port, args->block);
 342:./src/tftpserver.c **** #ifdef USE_PRINT
 343:./src/tftpserver.c ****   	  udp_client_send("[BOOT]  Update FW... \n");
 344:./src/tftpserver.c **** #endif
 345:./src/tftpserver.c ****   return 0;
 346:./src/tftpserver.c **** }
 347:./src/tftpserver.c **** 
 348:./src/tftpserver.c **** 
 349:./src/tftpserver.c **** /**
 350:./src/tftpserver.c ****   * @brief  Processes traffic received on UDP port 69
 351:./src/tftpserver.c ****   * @param  args: pointer on tftp_connection arguments
 352:./src/tftpserver.c ****   * @param  upcb: pointer on udp_pcb structure
 353:./src/tftpserver.c ****   * @param  pbuf: pointer on packet buffer
 354:./src/tftpserver.c ****   * @param  addr: pointer on the receive IP address
 355:./src/tftpserver.c ****   * @param  port: receive port number
 356:./src/tftpserver.c ****   * @retval None
 357:./src/tftpserver.c ****   */
 358:./src/tftpserver.c **** static void IAP_tftp_recv_callback(void *arg, struct udp_pcb *upcb, struct pbuf *pkt_buf,
 359:./src/tftpserver.c ****                         const ip_addr_t *addr, u16_t port)
 360:./src/tftpserver.c **** {
 361:./src/tftpserver.c **** 
 362:./src/tftpserver.c ****     char tmp1[40], tmp2[40];
 363:./src/tftpserver.c ****     if (TAG_ADDRESS->valid_flag == 0xA5A5A5A5) {
 364:./src/tftpserver.c ****       static uint32_t Flash_Write_Address2;
 365:./src/tftpserver.c **** 
 366:./src/tftpserver.c ****       sprintf(tmp1, "[BOOT]  Backup : %s\n",TAG_ADDRESS->filename);
 367:./src/tftpserver.c ****       udp_client_send(tmp1);
 368:./src/tftpserver.c ****       HAL_FLASH_Unlock();
 369:./src/tftpserver.c ****   	  FLASH_Backup_Erase(BACKUP_FLASH_FIRST_PAGE_ADDRESS);
 370:./src/tftpserver.c **** 
 371:./src/tftpserver.c ****   	  Flash_Write_Address2 = BACKUP_FLASH_FIRST_PAGE_ADDRESS;
 372:./src/tftpserver.c ****   	  uint32_t *src_data = (uint32_t*)USER_FLASH_FIRST_PAGE_ADDRESS;
 373:./src/tftpserver.c ****   	  uint16_t data_len = ( TAG_ADDRESS->size + 1024 ) / 4;
 374:./src/tftpserver.c ****   	  uint32_t result = FLASH_If_Write(&Flash_Write_Address2, src_data ,data_len);
 375:./src/tftpserver.c ****   	  if( result != 0)
 376:./src/tftpserver.c ****   		  {
 377:./src/tftpserver.c ****           sprintf(tmp2, "[BOOT]  fail Backup, error : %lu\n", result);
 378:./src/tftpserver.c ****           udp_client_send(tmp2);
 379:./src/tftpserver.c ****   		  }
 380:./src/tftpserver.c ****   	  else
 381:./src/tftpserver.c ****   		  {
 382:./src/tftpserver.c ****   			  //printf("[BOOT]  success backup\n");
 383:./src/tftpserver.c ****   		  }
 384:./src/tftpserver.c ****   	  }
 385:./src/tftpserver.c ****   tftp_opcode op;
 386:./src/tftpserver.c ****   struct udp_pcb *upcb_tftp_data;
 387:./src/tftpserver.c ****   err_t err;
 388:./src/tftpserver.c **** 
 389:./src/tftpserver.c **** #ifdef USE_PRINT
 390:./src/tftpserver.c ****   uint32_t i;
 391:./src/tftpserver.c ****   char filename[40],message[46], *ptr;
 392:./src/tftpserver.c **** #endif
 393:./src/tftpserver.c **** 
 394:./src/tftpserver.c ****   /* create new UDP PCB structure */
 395:./src/tftpserver.c ****   upcb_tftp_data = udp_new();
 396:./src/tftpserver.c ****   if (!upcb_tftp_data)
 397:./src/tftpserver.c ****   {
 398:./src/tftpserver.c ****     /* Error creating PCB. Out of Memory  */
 399:./src/tftpserver.c **** #ifdef USE_PRINT
 400:./src/tftpserver.c ****     udp_client_send("Can not create pcb1 \n");
 401:./src/tftpserver.c **** #endif
 402:./src/tftpserver.c ****     return;
 403:./src/tftpserver.c ****   }
 404:./src/tftpserver.c **** 
 405:./src/tftpserver.c ****   /* bind to port 0 to receive next available free port */
 406:./src/tftpserver.c ****   /* NOTE:  This is how TFTP works.  There is a UDP PCB for the standard port
 407:./src/tftpserver.c ****   * 69 which al transactions begin communication on, however, _all_ subsequent
 408:./src/tftpserver.c ****   * transactions for a given "stream" occur on another port  */
 409:./src/tftpserver.c ****   err = udp_bind(upcb_tftp_data, IP_ADDR_ANY, 0);
 410:./src/tftpserver.c ****   if (err != ERR_OK)
 411:./src/tftpserver.c ****   {
 412:./src/tftpserver.c ****     /* Unable to bind to port */
 413:./src/tftpserver.c **** #ifdef USE_PRINT
 414:./src/tftpserver.c ****     udp_client_send("Can not create pcb2 \n");
 415:./src/tftpserver.c **** #endif
 416:./src/tftpserver.c ****     return;
 417:./src/tftpserver.c ****   }
 418:./src/tftpserver.c **** 
 419:./src/tftpserver.c ****   op = IAP_tftp_decode_op(pkt_buf->payload);
 420:./src/tftpserver.c ****   if (op != TFTP_WRQ)
 421:./src/tftpserver.c ****   {
 422:./src/tftpserver.c ****     /* remove PCB */
 423:./src/tftpserver.c **** #ifdef USE_PRINT
 424:./src/tftpserver.c ****     udp_client_send("Bad TFTP opcode \n");
 425:./src/tftpserver.c **** #endif
 426:./src/tftpserver.c ****     udp_remove(upcb_tftp_data);
 427:./src/tftpserver.c ****   }
 428:./src/tftpserver.c ****   else
 429:./src/tftpserver.c ****   {
 430:./src/tftpserver.c ****     
 431:./src/tftpserver.c **** #ifdef USE_PRINT
 432:./src/tftpserver.c ****     ptr = pkt_buf->payload;
 433:./src/tftpserver.c ****     ptr = ptr +2;
 434:./src/tftpserver.c ****     /*extract file name info */
 435:./src/tftpserver.c ****     i= 0;
 436:./src/tftpserver.c ****     while (*(ptr+i)!=0x0)
 437:./src/tftpserver.c ****     {
 438:./src/tftpserver.c ****       i++;
 439:./src/tftpserver.c ****     }
 440:./src/tftpserver.c ****     strncpy(filename, ptr, i+1);
 441:./src/tftpserver.c **** 
 442:./src/tftpserver.c ****     sprintf(message, "[BOOT]  New : %s\n",filename);
 443:./src/tftpserver.c ****     udp_client_send(message);
 444:./src/tftpserver.c **** #endif
 445:./src/tftpserver.c ****      
 446:./src/tftpserver.c ****     /* Start the TFTP write mode*/
 447:./src/tftpserver.c ****     IAP_tftp_process_write(upcb_tftp_data, addr, port);
 448:./src/tftpserver.c ****   }
 449:./src/tftpserver.c ****   pbuf_free(pkt_buf);
 450:./src/tftpserver.c **** }
 451:./src/tftpserver.c **** 
 452:./src/tftpserver.c **** 
 453:./src/tftpserver.c **** /**
 454:./src/tftpserver.c ****   * @brief  disconnect and close the connection 
 455:./src/tftpserver.c ****   * @param  upcb: pointer on udp_pcb structure
 456:./src/tftpserver.c ****   * @param  args: pointer on tftp_connection arguments
 457:./src/tftpserver.c ****   * @retval None
 458:./src/tftpserver.c ****   */
 459:./src/tftpserver.c **** static void IAP_tftp_cleanup_wr(struct udp_pcb *upcb, tftp_connection_args *args)
 449              		.loc 1 459 13 view .LVU116
 450              	.LBB55:
 460:./src/tftpserver.c **** {
 461:./src/tftpserver.c ****   /* Free the tftp_connection_args structure */
 462:./src/tftpserver.c ****   mem_free(args);
 451              		.loc 1 462 3 view .LVU117
 452 0146 2846     		mov	r0, r5
 453 0148 FFF7FEFF 		bl	mem_free
 454              	.LVL39:
 463:./src/tftpserver.c **** 
 464:./src/tftpserver.c ****   /* Disconnect the udp_pcb */
 465:./src/tftpserver.c ****   udp_disconnect(upcb);
 455              		.loc 1 465 3 view .LVU118
 456 014c 3046     		mov	r0, r6
 457 014e FFF7FEFF 		bl	udp_disconnect
 458              	.LVL40:
 466:./src/tftpserver.c ****   
 467:./src/tftpserver.c ****   /* close the connection */
 468:./src/tftpserver.c ****   udp_remove(upcb);
 459              		.loc 1 468 3 view .LVU119
 460 0152 3046     		mov	r0, r6
 461 0154 FFF7FEFF 		bl	udp_remove
 462              	.LVL41:
 469:./src/tftpserver.c ****   
 470:./src/tftpserver.c ****   /* reset the callback function */
 471:./src/tftpserver.c ****   udp_recv(UDPpcb, IAP_tftp_recv_callback, NULL);
 463              		.loc 1 471 3 view .LVU120
 464              	.LBE55:
 465              	.LBE54:
 244:./src/tftpserver.c ****       uint32_t crc_result = 0;
 466              		.loc 1 244 20 is_stmt 0 view .LVU121
 467 0158 264F     		ldr	r7, .L28+16
 468              	.LVL42:
 469              	.LBB57:
 470              	.LBB56:
 471              		.loc 1 471 3 view .LVU122
 472 015a 0022     		movs	r2, #0
 473 015c 2649     		ldr	r1, .L28+20
 474 015e D8F80800 		ldr	r0, [r8, #8]
 475 0162 FFF7FEFF 		bl	udp_recv
 476              	.LVL43:
 477              		.loc 1 471 3 view .LVU123
 478              	.LBE56:
 479              	.LBE57:
 242:./src/tftpserver.c ****     
 480              		.loc 1 242 5 is_stmt 1 view .LVU124
 481 0166 2046     		mov	r0, r4
 482 0168 FFF7FEFF 		bl	pbuf_free
 483              	.LVL44:
 244:./src/tftpserver.c ****       uint32_t crc_result = 0;
 484              		.loc 1 244 5 view .LVU125
 244:./src/tftpserver.c ****       uint32_t crc_result = 0;
 485              		.loc 1 244 8 is_stmt 0 view .LVU126
 486 016c FB68     		ldr	r3, [r7, #12]
 487 016e B3F1A53F 		cmp	r3, #-1515870811
 488 0172 0ED0     		beq	.L26
 489              	.LVL45:
 490              	.L15:
 268:./src/tftpserver.c ****     NVIC_SystemReset();
 491              		.loc 1 268 5 is_stmt 1 view .LVU127
 492 0174 FFF7FEFF 		bl	clear_boot_flag
 493              	.LVL46:
 269:./src/tftpserver.c **** #endif
 494              		.loc 1 269 5 view .LVU128
 495              	.LBB58:
 496              	.LBI58:
 497              		.file 2 "./inc/core_cm7.h"
   1:./inc/core_cm7.h **** /**************************************************************************//**
   2:./inc/core_cm7.h ****  * @file     core_cm7.h
   3:./inc/core_cm7.h ****  * @brief    CMSIS Cortex-M7 Core Peripheral Access Layer Header File
   4:./inc/core_cm7.h ****  * @version  V5.1.1
   5:./inc/core_cm7.h ****  * @date     28. March 2019
   6:./inc/core_cm7.h ****  ******************************************************************************/
   7:./inc/core_cm7.h **** /*
   8:./inc/core_cm7.h ****  * Copyright (c) 2009-2019 Arm Limited. All rights reserved.
   9:./inc/core_cm7.h ****  *
  10:./inc/core_cm7.h ****  * SPDX-License-Identifier: Apache-2.0
  11:./inc/core_cm7.h ****  *
  12:./inc/core_cm7.h ****  * Licensed under the Apache License, Version 2.0 (the License); you may
  13:./inc/core_cm7.h ****  * not use this file except in compliance with the License.
  14:./inc/core_cm7.h ****  * You may obtain a copy of the License at
  15:./inc/core_cm7.h ****  *
  16:./inc/core_cm7.h ****  * www.apache.org/licenses/LICENSE-2.0
  17:./inc/core_cm7.h ****  *
  18:./inc/core_cm7.h ****  * Unless required by applicable law or agreed to in writing, software
  19:./inc/core_cm7.h ****  * distributed under the License is distributed on an AS IS BASIS, WITHOUT
  20:./inc/core_cm7.h ****  * WARRANTIES OR CONDITIONS OF ANY KIND, either express or implied.
  21:./inc/core_cm7.h ****  * See the License for the specific language governing permissions and
  22:./inc/core_cm7.h ****  * limitations under the License.
  23:./inc/core_cm7.h ****  */
  24:./inc/core_cm7.h **** 
  25:./inc/core_cm7.h **** #if   defined ( __ICCARM__ )
  26:./inc/core_cm7.h ****   #pragma system_include         /* treat file as system include file for MISRA check */
  27:./inc/core_cm7.h **** #elif defined (__clang__)
  28:./inc/core_cm7.h ****   #pragma clang system_header   /* treat file as system include file */
  29:./inc/core_cm7.h **** #endif
  30:./inc/core_cm7.h **** 
  31:./inc/core_cm7.h **** #ifndef __CORE_CM7_H_GENERIC
  32:./inc/core_cm7.h **** #define __CORE_CM7_H_GENERIC
  33:./inc/core_cm7.h **** 
  34:./inc/core_cm7.h **** #include <stdint.h>
  35:./inc/core_cm7.h **** 
  36:./inc/core_cm7.h **** #ifdef __cplusplus
  37:./inc/core_cm7.h ****  extern "C" {
  38:./inc/core_cm7.h **** #endif
  39:./inc/core_cm7.h **** 
  40:./inc/core_cm7.h **** /**
  41:./inc/core_cm7.h ****   \page CMSIS_MISRA_Exceptions  MISRA-C:2004 Compliance Exceptions
  42:./inc/core_cm7.h ****   CMSIS violates the following MISRA-C:2004 rules:
  43:./inc/core_cm7.h **** 
  44:./inc/core_cm7.h ****    \li Required Rule 8.5, object/function definition in header file.<br>
  45:./inc/core_cm7.h ****      Function definitions in header files are used to allow 'inlining'.
  46:./inc/core_cm7.h **** 
  47:./inc/core_cm7.h ****    \li Required Rule 18.4, declaration of union type or object of union type: '{...}'.<br>
  48:./inc/core_cm7.h ****      Unions are used for effective representation of core registers.
  49:./inc/core_cm7.h **** 
  50:./inc/core_cm7.h ****    \li Advisory Rule 19.7, Function-like macro defined.<br>
  51:./inc/core_cm7.h ****      Function-like macros are used to allow more efficient code.
  52:./inc/core_cm7.h ****  */
  53:./inc/core_cm7.h **** 
  54:./inc/core_cm7.h **** 
  55:./inc/core_cm7.h **** /*******************************************************************************
  56:./inc/core_cm7.h ****  *                 CMSIS definitions
  57:./inc/core_cm7.h ****  ******************************************************************************/
  58:./inc/core_cm7.h **** /**
  59:./inc/core_cm7.h ****   \ingroup Cortex_M7
  60:./inc/core_cm7.h ****   @{
  61:./inc/core_cm7.h ****  */
  62:./inc/core_cm7.h **** 
  63:./inc/core_cm7.h **** #include "cmsis_version.h"
  64:./inc/core_cm7.h **** 
  65:./inc/core_cm7.h **** /* CMSIS CM7 definitions */
  66:./inc/core_cm7.h **** #define __CM7_CMSIS_VERSION_MAIN  (__CM_CMSIS_VERSION_MAIN)                  /*!< \deprecated [31:1
  67:./inc/core_cm7.h **** #define __CM7_CMSIS_VERSION_SUB   ( __CM_CMSIS_VERSION_SUB)                  /*!< \deprecated [15:0
  68:./inc/core_cm7.h **** #define __CM7_CMSIS_VERSION       ((__CM7_CMSIS_VERSION_MAIN << 16U) | \
  69:./inc/core_cm7.h ****                                     __CM7_CMSIS_VERSION_SUB           )      /*!< \deprecated CMSIS
  70:./inc/core_cm7.h **** 
  71:./inc/core_cm7.h **** #define __CORTEX_M                (7U)                                       /*!< Cortex-M Core */
  72:./inc/core_cm7.h **** 
  73:./inc/core_cm7.h **** /** __FPU_USED indicates whether an FPU is used or not.
  74:./inc/core_cm7.h ****     For this, __FPU_PRESENT has to be checked prior to making use of FPU specific registers and fun
  75:./inc/core_cm7.h **** */
  76:./inc/core_cm7.h **** #if defined ( __CC_ARM )
  77:./inc/core_cm7.h ****   #if defined __TARGET_FPU_VFP
  78:./inc/core_cm7.h ****     #if defined (__FPU_PRESENT) && (__FPU_PRESENT == 1U)
  79:./inc/core_cm7.h ****       #define __FPU_USED       1U
  80:./inc/core_cm7.h ****     #else
  81:./inc/core_cm7.h ****       #error "Compiler generates FPU instructions for a device without an FPU (check __FPU_PRESENT)
  82:./inc/core_cm7.h ****       #define __FPU_USED       0U
  83:./inc/core_cm7.h ****     #endif
  84:./inc/core_cm7.h ****   #else
  85:./inc/core_cm7.h ****     #define __FPU_USED         0U
  86:./inc/core_cm7.h ****   #endif
  87:./inc/core_cm7.h **** 
  88:./inc/core_cm7.h **** #elif defined (__ARMCC_VERSION) && (__ARMCC_VERSION >= 6010050)
  89:./inc/core_cm7.h ****   #if defined __ARM_FP
  90:./inc/core_cm7.h ****     #if defined (__FPU_PRESENT) && (__FPU_PRESENT == 1U)
  91:./inc/core_cm7.h ****       #define __FPU_USED       1U
  92:./inc/core_cm7.h ****     #else
  93:./inc/core_cm7.h ****       #warning "Compiler generates FPU instructions for a device without an FPU (check __FPU_PRESEN
  94:./inc/core_cm7.h ****       #define __FPU_USED       0U
  95:./inc/core_cm7.h ****     #endif
  96:./inc/core_cm7.h ****   #else
  97:./inc/core_cm7.h ****     #define __FPU_USED         0U
  98:./inc/core_cm7.h ****   #endif
  99:./inc/core_cm7.h **** 
 100:./inc/core_cm7.h **** #elif defined ( __GNUC__ )
 101:./inc/core_cm7.h ****   #if defined (__VFP_FP__) && !defined(__SOFTFP__)
 102:./inc/core_cm7.h ****     #if defined (__FPU_PRESENT) && (__FPU_PRESENT == 1U)
 103:./inc/core_cm7.h ****       #define __FPU_USED       1U
 104:./inc/core_cm7.h ****     #else
 105:./inc/core_cm7.h ****       #error "Compiler generates FPU instructions for a device without an FPU (check __FPU_PRESENT)
 106:./inc/core_cm7.h ****       #define __FPU_USED       0U
 107:./inc/core_cm7.h ****     #endif
 108:./inc/core_cm7.h ****   #else
 109:./inc/core_cm7.h ****     #define __FPU_USED         0U
 110:./inc/core_cm7.h ****   #endif
 111:./inc/core_cm7.h **** 
 112:./inc/core_cm7.h **** #elif defined ( __ICCARM__ )
 113:./inc/core_cm7.h ****   #if defined __ARMVFP__
 114:./inc/core_cm7.h ****     #if defined (__FPU_PRESENT) && (__FPU_PRESENT == 1U)
 115:./inc/core_cm7.h ****       #define __FPU_USED       1U
 116:./inc/core_cm7.h ****     #else
 117:./inc/core_cm7.h ****       #error "Compiler generates FPU instructions for a device without an FPU (check __FPU_PRESENT)
 118:./inc/core_cm7.h ****       #define __FPU_USED       0U
 119:./inc/core_cm7.h ****     #endif
 120:./inc/core_cm7.h ****   #else
 121:./inc/core_cm7.h ****     #define __FPU_USED         0U
 122:./inc/core_cm7.h ****   #endif
 123:./inc/core_cm7.h **** 
 124:./inc/core_cm7.h **** #elif defined ( __TI_ARM__ )
 125:./inc/core_cm7.h ****   #if defined __TI_VFP_SUPPORT__
 126:./inc/core_cm7.h ****     #if defined (__FPU_PRESENT) && (__FPU_PRESENT == 1U)
 127:./inc/core_cm7.h ****       #define __FPU_USED       1U
 128:./inc/core_cm7.h ****     #else
 129:./inc/core_cm7.h ****       #error "Compiler generates FPU instructions for a device without an FPU (check __FPU_PRESENT)
 130:./inc/core_cm7.h ****       #define __FPU_USED       0U
 131:./inc/core_cm7.h ****     #endif
 132:./inc/core_cm7.h ****   #else
 133:./inc/core_cm7.h ****     #define __FPU_USED         0U
 134:./inc/core_cm7.h ****   #endif
 135:./inc/core_cm7.h **** 
 136:./inc/core_cm7.h **** #elif defined ( __TASKING__ )
 137:./inc/core_cm7.h ****   #if defined __FPU_VFP__
 138:./inc/core_cm7.h ****     #if defined (__FPU_PRESENT) && (__FPU_PRESENT == 1U)
 139:./inc/core_cm7.h ****       #define __FPU_USED       1U
 140:./inc/core_cm7.h ****     #else
 141:./inc/core_cm7.h ****       #error "Compiler generates FPU instructions for a device without an FPU (check __FPU_PRESENT)
 142:./inc/core_cm7.h ****       #define __FPU_USED       0U
 143:./inc/core_cm7.h ****     #endif
 144:./inc/core_cm7.h ****   #else
 145:./inc/core_cm7.h ****     #define __FPU_USED         0U
 146:./inc/core_cm7.h ****   #endif
 147:./inc/core_cm7.h **** 
 148:./inc/core_cm7.h **** #elif defined ( __CSMC__ )
 149:./inc/core_cm7.h ****   #if ( __CSMC__ & 0x400U)
 150:./inc/core_cm7.h ****     #if defined (__FPU_PRESENT) && (__FPU_PRESENT == 1U)
 151:./inc/core_cm7.h ****       #define __FPU_USED       1U
 152:./inc/core_cm7.h ****     #else
 153:./inc/core_cm7.h ****       #error "Compiler generates FPU instructions for a device without an FPU (check __FPU_PRESENT)
 154:./inc/core_cm7.h ****       #define __FPU_USED       0U
 155:./inc/core_cm7.h ****     #endif
 156:./inc/core_cm7.h ****   #else
 157:./inc/core_cm7.h ****     #define __FPU_USED         0U
 158:./inc/core_cm7.h ****   #endif
 159:./inc/core_cm7.h **** 
 160:./inc/core_cm7.h **** #endif
 161:./inc/core_cm7.h **** 
 162:./inc/core_cm7.h **** #include "cmsis_compiler.h"               /* CMSIS compiler specific defines */
 163:./inc/core_cm7.h **** 
 164:./inc/core_cm7.h **** 
 165:./inc/core_cm7.h **** #ifdef __cplusplus
 166:./inc/core_cm7.h **** }
 167:./inc/core_cm7.h **** #endif
 168:./inc/core_cm7.h **** 
 169:./inc/core_cm7.h **** #endif /* __CORE_CM7_H_GENERIC */
 170:./inc/core_cm7.h **** 
 171:./inc/core_cm7.h **** #ifndef __CMSIS_GENERIC
 172:./inc/core_cm7.h **** 
 173:./inc/core_cm7.h **** #ifndef __CORE_CM7_H_DEPENDANT
 174:./inc/core_cm7.h **** #define __CORE_CM7_H_DEPENDANT
 175:./inc/core_cm7.h **** 
 176:./inc/core_cm7.h **** #ifdef __cplusplus
 177:./inc/core_cm7.h ****  extern "C" {
 178:./inc/core_cm7.h **** #endif
 179:./inc/core_cm7.h **** 
 180:./inc/core_cm7.h **** /* check device defines and use defaults */
 181:./inc/core_cm7.h **** #if defined __CHECK_DEVICE_DEFINES
 182:./inc/core_cm7.h ****   #ifndef __CM7_REV
 183:./inc/core_cm7.h ****     #define __CM7_REV               0x0000U
 184:./inc/core_cm7.h ****     #warning "__CM7_REV not defined in device header file; using default!"
 185:./inc/core_cm7.h ****   #endif
 186:./inc/core_cm7.h **** 
 187:./inc/core_cm7.h ****   #ifndef __FPU_PRESENT
 188:./inc/core_cm7.h ****     #define __FPU_PRESENT             0U
 189:./inc/core_cm7.h ****     #warning "__FPU_PRESENT not defined in device header file; using default!"
 190:./inc/core_cm7.h ****   #endif
 191:./inc/core_cm7.h **** 
 192:./inc/core_cm7.h ****   #ifndef __MPU_PRESENT
 193:./inc/core_cm7.h ****     #define __MPU_PRESENT             0U
 194:./inc/core_cm7.h ****     #warning "__MPU_PRESENT not defined in device header file; using default!"
 195:./inc/core_cm7.h ****   #endif
 196:./inc/core_cm7.h **** 
 197:./inc/core_cm7.h ****   #ifndef __ICACHE_PRESENT
 198:./inc/core_cm7.h ****     #define __ICACHE_PRESENT          0U
 199:./inc/core_cm7.h ****     #warning "__ICACHE_PRESENT not defined in device header file; using default!"
 200:./inc/core_cm7.h ****   #endif
 201:./inc/core_cm7.h **** 
 202:./inc/core_cm7.h ****   #ifndef __DCACHE_PRESENT
 203:./inc/core_cm7.h ****     #define __DCACHE_PRESENT          0U
 204:./inc/core_cm7.h ****     #warning "__DCACHE_PRESENT not defined in device header file; using default!"
 205:./inc/core_cm7.h ****   #endif
 206:./inc/core_cm7.h **** 
 207:./inc/core_cm7.h ****   #ifndef __DTCM_PRESENT
 208:./inc/core_cm7.h ****     #define __DTCM_PRESENT            0U
 209:./inc/core_cm7.h ****     #warning "__DTCM_PRESENT        not defined in device header file; using default!"
 210:./inc/core_cm7.h ****   #endif
 211:./inc/core_cm7.h **** 
 212:./inc/core_cm7.h ****   #ifndef __NVIC_PRIO_BITS
 213:./inc/core_cm7.h ****     #define __NVIC_PRIO_BITS          3U
 214:./inc/core_cm7.h ****     #warning "__NVIC_PRIO_BITS not defined in device header file; using default!"
 215:./inc/core_cm7.h ****   #endif
 216:./inc/core_cm7.h **** 
 217:./inc/core_cm7.h ****   #ifndef __Vendor_SysTickConfig
 218:./inc/core_cm7.h ****     #define __Vendor_SysTickConfig    0U
 219:./inc/core_cm7.h ****     #warning "__Vendor_SysTickConfig not defined in device header file; using default!"
 220:./inc/core_cm7.h ****   #endif
 221:./inc/core_cm7.h **** #endif
 222:./inc/core_cm7.h **** 
 223:./inc/core_cm7.h **** /* IO definitions (access restrictions to peripheral registers) */
 224:./inc/core_cm7.h **** /**
 225:./inc/core_cm7.h ****     \defgroup CMSIS_glob_defs CMSIS Global Defines
 226:./inc/core_cm7.h **** 
 227:./inc/core_cm7.h ****     <strong>IO Type Qualifiers</strong> are used
 228:./inc/core_cm7.h ****     \li to specify the access to peripheral variables.
 229:./inc/core_cm7.h ****     \li for automatic generation of peripheral register debug information.
 230:./inc/core_cm7.h **** */
 231:./inc/core_cm7.h **** #ifdef __cplusplus
 232:./inc/core_cm7.h ****   #define   __I     volatile             /*!< Defines 'read only' permissions */
 233:./inc/core_cm7.h **** #else
 234:./inc/core_cm7.h ****   #define   __I     volatile const       /*!< Defines 'read only' permissions */
 235:./inc/core_cm7.h **** #endif
 236:./inc/core_cm7.h **** #define     __O     volatile             /*!< Defines 'write only' permissions */
 237:./inc/core_cm7.h **** #define     __IO    volatile             /*!< Defines 'read / write' permissions */
 238:./inc/core_cm7.h **** 
 239:./inc/core_cm7.h **** /* following defines should be used for structure members */
 240:./inc/core_cm7.h **** #define     __IM     volatile const      /*! Defines 'read only' structure member permissions */
 241:./inc/core_cm7.h **** #define     __OM     volatile            /*! Defines 'write only' structure member permissions */
 242:./inc/core_cm7.h **** #define     __IOM    volatile            /*! Defines 'read / write' structure member permissions */
 243:./inc/core_cm7.h **** 
 244:./inc/core_cm7.h **** /*@} end of group Cortex_M7 */
 245:./inc/core_cm7.h **** 
 246:./inc/core_cm7.h **** 
 247:./inc/core_cm7.h **** 
 248:./inc/core_cm7.h **** /*******************************************************************************
 249:./inc/core_cm7.h ****  *                 Register Abstraction
 250:./inc/core_cm7.h ****   Core Register contain:
 251:./inc/core_cm7.h ****   - Core Register
 252:./inc/core_cm7.h ****   - Core NVIC Register
 253:./inc/core_cm7.h ****   - Core SCB Register
 254:./inc/core_cm7.h ****   - Core SysTick Register
 255:./inc/core_cm7.h ****   - Core Debug Register
 256:./inc/core_cm7.h ****   - Core MPU Register
 257:./inc/core_cm7.h ****   - Core FPU Register
 258:./inc/core_cm7.h ****  ******************************************************************************/
 259:./inc/core_cm7.h **** /**
 260:./inc/core_cm7.h ****   \defgroup CMSIS_core_register Defines and Type Definitions
 261:./inc/core_cm7.h ****   \brief Type definitions and defines for Cortex-M processor based devices.
 262:./inc/core_cm7.h **** */
 263:./inc/core_cm7.h **** 
 264:./inc/core_cm7.h **** /**
 265:./inc/core_cm7.h ****   \ingroup    CMSIS_core_register
 266:./inc/core_cm7.h ****   \defgroup   CMSIS_CORE  Status and Control Registers
 267:./inc/core_cm7.h ****   \brief      Core Register type definitions.
 268:./inc/core_cm7.h ****   @{
 269:./inc/core_cm7.h ****  */
 270:./inc/core_cm7.h **** 
 271:./inc/core_cm7.h **** /**
 272:./inc/core_cm7.h ****   \brief  Union type to access the Application Program Status Register (APSR).
 273:./inc/core_cm7.h ****  */
 274:./inc/core_cm7.h **** typedef union
 275:./inc/core_cm7.h **** {
 276:./inc/core_cm7.h ****   struct
 277:./inc/core_cm7.h ****   {
 278:./inc/core_cm7.h ****     uint32_t _reserved0:16;              /*!< bit:  0..15  Reserved */
 279:./inc/core_cm7.h ****     uint32_t GE:4;                       /*!< bit: 16..19  Greater than or Equal flags */
 280:./inc/core_cm7.h ****     uint32_t _reserved1:7;               /*!< bit: 20..26  Reserved */
 281:./inc/core_cm7.h ****     uint32_t Q:1;                        /*!< bit:     27  Saturation condition flag */
 282:./inc/core_cm7.h ****     uint32_t V:1;                        /*!< bit:     28  Overflow condition code flag */
 283:./inc/core_cm7.h ****     uint32_t C:1;                        /*!< bit:     29  Carry condition code flag */
 284:./inc/core_cm7.h ****     uint32_t Z:1;                        /*!< bit:     30  Zero condition code flag */
 285:./inc/core_cm7.h ****     uint32_t N:1;                        /*!< bit:     31  Negative condition code flag */
 286:./inc/core_cm7.h ****   } b;                                   /*!< Structure used for bit  access */
 287:./inc/core_cm7.h ****   uint32_t w;                            /*!< Type      used for word access */
 288:./inc/core_cm7.h **** } APSR_Type;
 289:./inc/core_cm7.h **** 
 290:./inc/core_cm7.h **** /* APSR Register Definitions */
 291:./inc/core_cm7.h **** #define APSR_N_Pos                         31U                                            /*!< APSR
 292:./inc/core_cm7.h **** #define APSR_N_Msk                         (1UL << APSR_N_Pos)                            /*!< APSR
 293:./inc/core_cm7.h **** 
 294:./inc/core_cm7.h **** #define APSR_Z_Pos                         30U                                            /*!< APSR
 295:./inc/core_cm7.h **** #define APSR_Z_Msk                         (1UL << APSR_Z_Pos)                            /*!< APSR
 296:./inc/core_cm7.h **** 
 297:./inc/core_cm7.h **** #define APSR_C_Pos                         29U                                            /*!< APSR
 298:./inc/core_cm7.h **** #define APSR_C_Msk                         (1UL << APSR_C_Pos)                            /*!< APSR
 299:./inc/core_cm7.h **** 
 300:./inc/core_cm7.h **** #define APSR_V_Pos                         28U                                            /*!< APSR
 301:./inc/core_cm7.h **** #define APSR_V_Msk                         (1UL << APSR_V_Pos)                            /*!< APSR
 302:./inc/core_cm7.h **** 
 303:./inc/core_cm7.h **** #define APSR_Q_Pos                         27U                                            /*!< APSR
 304:./inc/core_cm7.h **** #define APSR_Q_Msk                         (1UL << APSR_Q_Pos)                            /*!< APSR
 305:./inc/core_cm7.h **** 
 306:./inc/core_cm7.h **** #define APSR_GE_Pos                        16U                                            /*!< APSR
 307:./inc/core_cm7.h **** #define APSR_GE_Msk                        (0xFUL << APSR_GE_Pos)                         /*!< APSR
 308:./inc/core_cm7.h **** 
 309:./inc/core_cm7.h **** 
 310:./inc/core_cm7.h **** /**
 311:./inc/core_cm7.h ****   \brief  Union type to access the Interrupt Program Status Register (IPSR).
 312:./inc/core_cm7.h ****  */
 313:./inc/core_cm7.h **** typedef union
 314:./inc/core_cm7.h **** {
 315:./inc/core_cm7.h ****   struct
 316:./inc/core_cm7.h ****   {
 317:./inc/core_cm7.h ****     uint32_t ISR:9;                      /*!< bit:  0.. 8  Exception number */
 318:./inc/core_cm7.h ****     uint32_t _reserved0:23;              /*!< bit:  9..31  Reserved */
 319:./inc/core_cm7.h ****   } b;                                   /*!< Structure used for bit  access */
 320:./inc/core_cm7.h ****   uint32_t w;                            /*!< Type      used for word access */
 321:./inc/core_cm7.h **** } IPSR_Type;
 322:./inc/core_cm7.h **** 
 323:./inc/core_cm7.h **** /* IPSR Register Definitions */
 324:./inc/core_cm7.h **** #define IPSR_ISR_Pos                        0U                                            /*!< IPSR
 325:./inc/core_cm7.h **** #define IPSR_ISR_Msk                       (0x1FFUL /*<< IPSR_ISR_Pos*/)                  /*!< IPSR
 326:./inc/core_cm7.h **** 
 327:./inc/core_cm7.h **** 
 328:./inc/core_cm7.h **** /**
 329:./inc/core_cm7.h ****   \brief  Union type to access the Special-Purpose Program Status Registers (xPSR).
 330:./inc/core_cm7.h ****  */
 331:./inc/core_cm7.h **** typedef union
 332:./inc/core_cm7.h **** {
 333:./inc/core_cm7.h ****   struct
 334:./inc/core_cm7.h ****   {
 335:./inc/core_cm7.h ****     uint32_t ISR:9;                      /*!< bit:  0.. 8  Exception number */
 336:./inc/core_cm7.h ****     uint32_t _reserved0:1;               /*!< bit:      9  Reserved */
 337:./inc/core_cm7.h ****     uint32_t ICI_IT_1:6;                 /*!< bit: 10..15  ICI/IT part 1 */
 338:./inc/core_cm7.h ****     uint32_t GE:4;                       /*!< bit: 16..19  Greater than or Equal flags */
 339:./inc/core_cm7.h ****     uint32_t _reserved1:4;               /*!< bit: 20..23  Reserved */
 340:./inc/core_cm7.h ****     uint32_t T:1;                        /*!< bit:     24  Thumb bit */
 341:./inc/core_cm7.h ****     uint32_t ICI_IT_2:2;                 /*!< bit: 25..26  ICI/IT part 2 */
 342:./inc/core_cm7.h ****     uint32_t Q:1;                        /*!< bit:     27  Saturation condition flag */
 343:./inc/core_cm7.h ****     uint32_t V:1;                        /*!< bit:     28  Overflow condition code flag */
 344:./inc/core_cm7.h ****     uint32_t C:1;                        /*!< bit:     29  Carry condition code flag */
 345:./inc/core_cm7.h ****     uint32_t Z:1;                        /*!< bit:     30  Zero condition code flag */
 346:./inc/core_cm7.h ****     uint32_t N:1;                        /*!< bit:     31  Negative condition code flag */
 347:./inc/core_cm7.h ****   } b;                                   /*!< Structure used for bit  access */
 348:./inc/core_cm7.h ****   uint32_t w;                            /*!< Type      used for word access */
 349:./inc/core_cm7.h **** } xPSR_Type;
 350:./inc/core_cm7.h **** 
 351:./inc/core_cm7.h **** /* xPSR Register Definitions */
 352:./inc/core_cm7.h **** #define xPSR_N_Pos                         31U                                            /*!< xPSR
 353:./inc/core_cm7.h **** #define xPSR_N_Msk                         (1UL << xPSR_N_Pos)                            /*!< xPSR
 354:./inc/core_cm7.h **** 
 355:./inc/core_cm7.h **** #define xPSR_Z_Pos                         30U                                            /*!< xPSR
 356:./inc/core_cm7.h **** #define xPSR_Z_Msk                         (1UL << xPSR_Z_Pos)                            /*!< xPSR
 357:./inc/core_cm7.h **** 
 358:./inc/core_cm7.h **** #define xPSR_C_Pos                         29U                                            /*!< xPSR
 359:./inc/core_cm7.h **** #define xPSR_C_Msk                         (1UL << xPSR_C_Pos)                            /*!< xPSR
 360:./inc/core_cm7.h **** 
 361:./inc/core_cm7.h **** #define xPSR_V_Pos                         28U                                            /*!< xPSR
 362:./inc/core_cm7.h **** #define xPSR_V_Msk                         (1UL << xPSR_V_Pos)                            /*!< xPSR
 363:./inc/core_cm7.h **** 
 364:./inc/core_cm7.h **** #define xPSR_Q_Pos                         27U                                            /*!< xPSR
 365:./inc/core_cm7.h **** #define xPSR_Q_Msk                         (1UL << xPSR_Q_Pos)                            /*!< xPSR
 366:./inc/core_cm7.h **** 
 367:./inc/core_cm7.h **** #define xPSR_ICI_IT_2_Pos                  25U                                            /*!< xPSR
 368:./inc/core_cm7.h **** #define xPSR_ICI_IT_2_Msk                  (3UL << xPSR_ICI_IT_2_Pos)                     /*!< xPSR
 369:./inc/core_cm7.h **** 
 370:./inc/core_cm7.h **** #define xPSR_T_Pos                         24U                                            /*!< xPSR
 371:./inc/core_cm7.h **** #define xPSR_T_Msk                         (1UL << xPSR_T_Pos)                            /*!< xPSR
 372:./inc/core_cm7.h **** 
 373:./inc/core_cm7.h **** #define xPSR_GE_Pos                        16U                                            /*!< xPSR
 374:./inc/core_cm7.h **** #define xPSR_GE_Msk                        (0xFUL << xPSR_GE_Pos)                         /*!< xPSR
 375:./inc/core_cm7.h **** 
 376:./inc/core_cm7.h **** #define xPSR_ICI_IT_1_Pos                  10U                                            /*!< xPSR
 377:./inc/core_cm7.h **** #define xPSR_ICI_IT_1_Msk                  (0x3FUL << xPSR_ICI_IT_1_Pos)                  /*!< xPSR
 378:./inc/core_cm7.h **** 
 379:./inc/core_cm7.h **** #define xPSR_ISR_Pos                        0U                                            /*!< xPSR
 380:./inc/core_cm7.h **** #define xPSR_ISR_Msk                       (0x1FFUL /*<< xPSR_ISR_Pos*/)                  /*!< xPSR
 381:./inc/core_cm7.h **** 
 382:./inc/core_cm7.h **** 
 383:./inc/core_cm7.h **** /**
 384:./inc/core_cm7.h ****   \brief  Union type to access the Control Registers (CONTROL).
 385:./inc/core_cm7.h ****  */
 386:./inc/core_cm7.h **** typedef union
 387:./inc/core_cm7.h **** {
 388:./inc/core_cm7.h ****   struct
 389:./inc/core_cm7.h ****   {
 390:./inc/core_cm7.h ****     uint32_t nPRIV:1;                    /*!< bit:      0  Execution privilege in Thread mode */
 391:./inc/core_cm7.h ****     uint32_t SPSEL:1;                    /*!< bit:      1  Stack to be used */
 392:./inc/core_cm7.h ****     uint32_t FPCA:1;                     /*!< bit:      2  FP extension active flag */
 393:./inc/core_cm7.h ****     uint32_t _reserved0:29;              /*!< bit:  3..31  Reserved */
 394:./inc/core_cm7.h ****   } b;                                   /*!< Structure used for bit  access */
 395:./inc/core_cm7.h ****   uint32_t w;                            /*!< Type      used for word access */
 396:./inc/core_cm7.h **** } CONTROL_Type;
 397:./inc/core_cm7.h **** 
 398:./inc/core_cm7.h **** /* CONTROL Register Definitions */
 399:./inc/core_cm7.h **** #define CONTROL_FPCA_Pos                    2U                                            /*!< CONT
 400:./inc/core_cm7.h **** #define CONTROL_FPCA_Msk                   (1UL << CONTROL_FPCA_Pos)                      /*!< CONT
 401:./inc/core_cm7.h **** 
 402:./inc/core_cm7.h **** #define CONTROL_SPSEL_Pos                   1U                                            /*!< CONT
 403:./inc/core_cm7.h **** #define CONTROL_SPSEL_Msk                  (1UL << CONTROL_SPSEL_Pos)                     /*!< CONT
 404:./inc/core_cm7.h **** 
 405:./inc/core_cm7.h **** #define CONTROL_nPRIV_Pos                   0U                                            /*!< CONT
 406:./inc/core_cm7.h **** #define CONTROL_nPRIV_Msk                  (1UL /*<< CONTROL_nPRIV_Pos*/)                 /*!< CONT
 407:./inc/core_cm7.h **** 
 408:./inc/core_cm7.h **** /*@} end of group CMSIS_CORE */
 409:./inc/core_cm7.h **** 
 410:./inc/core_cm7.h **** 
 411:./inc/core_cm7.h **** /**
 412:./inc/core_cm7.h ****   \ingroup    CMSIS_core_register
 413:./inc/core_cm7.h ****   \defgroup   CMSIS_NVIC  Nested Vectored Interrupt Controller (NVIC)
 414:./inc/core_cm7.h ****   \brief      Type definitions for the NVIC Registers
 415:./inc/core_cm7.h ****   @{
 416:./inc/core_cm7.h ****  */
 417:./inc/core_cm7.h **** 
 418:./inc/core_cm7.h **** /**
 419:./inc/core_cm7.h ****   \brief  Structure type to access the Nested Vectored Interrupt Controller (NVIC).
 420:./inc/core_cm7.h ****  */
 421:./inc/core_cm7.h **** typedef struct
 422:./inc/core_cm7.h **** {
 423:./inc/core_cm7.h ****   __IOM uint32_t ISER[8U];               /*!< Offset: 0x000 (R/W)  Interrupt Set Enable Register */
 424:./inc/core_cm7.h ****         uint32_t RESERVED0[24U];
 425:./inc/core_cm7.h ****   __IOM uint32_t ICER[8U];               /*!< Offset: 0x080 (R/W)  Interrupt Clear Enable Register 
 426:./inc/core_cm7.h ****         uint32_t RESERVED1[24U];
 427:./inc/core_cm7.h ****   __IOM uint32_t ISPR[8U];               /*!< Offset: 0x100 (R/W)  Interrupt Set Pending Register *
 428:./inc/core_cm7.h ****         uint32_t RESERVED2[24U];
 429:./inc/core_cm7.h ****   __IOM uint32_t ICPR[8U];               /*!< Offset: 0x180 (R/W)  Interrupt Clear Pending Register
 430:./inc/core_cm7.h ****         uint32_t RESERVED3[24U];
 431:./inc/core_cm7.h ****   __IOM uint32_t IABR[8U];               /*!< Offset: 0x200 (R/W)  Interrupt Active bit Register */
 432:./inc/core_cm7.h ****         uint32_t RESERVED4[56U];
 433:./inc/core_cm7.h ****   __IOM uint8_t  IP[240U];               /*!< Offset: 0x300 (R/W)  Interrupt Priority Register (8Bi
 434:./inc/core_cm7.h ****         uint32_t RESERVED5[644U];
 435:./inc/core_cm7.h ****   __OM  uint32_t STIR;                   /*!< Offset: 0xE00 ( /W)  Software Trigger Interrupt Regis
 436:./inc/core_cm7.h **** }  NVIC_Type;
 437:./inc/core_cm7.h **** 
 438:./inc/core_cm7.h **** /* Software Triggered Interrupt Register Definitions */
 439:./inc/core_cm7.h **** #define NVIC_STIR_INTID_Pos                 0U                                         /*!< STIR: I
 440:./inc/core_cm7.h **** #define NVIC_STIR_INTID_Msk                (0x1FFUL /*<< NVIC_STIR_INTID_Pos*/)        /*!< STIR: I
 441:./inc/core_cm7.h **** 
 442:./inc/core_cm7.h **** /*@} end of group CMSIS_NVIC */
 443:./inc/core_cm7.h **** 
 444:./inc/core_cm7.h **** 
 445:./inc/core_cm7.h **** /**
 446:./inc/core_cm7.h ****   \ingroup  CMSIS_core_register
 447:./inc/core_cm7.h ****   \defgroup CMSIS_SCB     System Control Block (SCB)
 448:./inc/core_cm7.h ****   \brief    Type definitions for the System Control Block Registers
 449:./inc/core_cm7.h ****   @{
 450:./inc/core_cm7.h ****  */
 451:./inc/core_cm7.h **** 
 452:./inc/core_cm7.h **** /**
 453:./inc/core_cm7.h ****   \brief  Structure type to access the System Control Block (SCB).
 454:./inc/core_cm7.h ****  */
 455:./inc/core_cm7.h **** typedef struct
 456:./inc/core_cm7.h **** {
 457:./inc/core_cm7.h ****   __IM  uint32_t CPUID;                  /*!< Offset: 0x000 (R/ )  CPUID Base Register */
 458:./inc/core_cm7.h ****   __IOM uint32_t ICSR;                   /*!< Offset: 0x004 (R/W)  Interrupt Control and State Regi
 459:./inc/core_cm7.h ****   __IOM uint32_t VTOR;                   /*!< Offset: 0x008 (R/W)  Vector Table Offset Register */
 460:./inc/core_cm7.h ****   __IOM uint32_t AIRCR;                  /*!< Offset: 0x00C (R/W)  Application Interrupt and Reset 
 461:./inc/core_cm7.h ****   __IOM uint32_t SCR;                    /*!< Offset: 0x010 (R/W)  System Control Register */
 462:./inc/core_cm7.h ****   __IOM uint32_t CCR;                    /*!< Offset: 0x014 (R/W)  Configuration Control Register *
 463:./inc/core_cm7.h ****   __IOM uint8_t  SHPR[12U];              /*!< Offset: 0x018 (R/W)  System Handlers Priority Registe
 464:./inc/core_cm7.h ****   __IOM uint32_t SHCSR;                  /*!< Offset: 0x024 (R/W)  System Handler Control and State
 465:./inc/core_cm7.h ****   __IOM uint32_t CFSR;                   /*!< Offset: 0x028 (R/W)  Configurable Fault Status Regist
 466:./inc/core_cm7.h ****   __IOM uint32_t HFSR;                   /*!< Offset: 0x02C (R/W)  HardFault Status Register */
 467:./inc/core_cm7.h ****   __IOM uint32_t DFSR;                   /*!< Offset: 0x030 (R/W)  Debug Fault Status Register */
 468:./inc/core_cm7.h ****   __IOM uint32_t MMFAR;                  /*!< Offset: 0x034 (R/W)  MemManage Fault Address Register
 469:./inc/core_cm7.h ****   __IOM uint32_t BFAR;                   /*!< Offset: 0x038 (R/W)  BusFault Address Register */
 470:./inc/core_cm7.h ****   __IOM uint32_t AFSR;                   /*!< Offset: 0x03C (R/W)  Auxiliary Fault Status Register 
 471:./inc/core_cm7.h ****   __IM  uint32_t ID_PFR[2U];             /*!< Offset: 0x040 (R/ )  Processor Feature Register */
 472:./inc/core_cm7.h ****   __IM  uint32_t ID_DFR;                 /*!< Offset: 0x048 (R/ )  Debug Feature Register */
 473:./inc/core_cm7.h ****   __IM  uint32_t ID_AFR;                 /*!< Offset: 0x04C (R/ )  Auxiliary Feature Register */
 474:./inc/core_cm7.h ****   __IM  uint32_t ID_MFR[4U];             /*!< Offset: 0x050 (R/ )  Memory Model Feature Register */
 475:./inc/core_cm7.h ****   __IM  uint32_t ID_ISAR[5U];            /*!< Offset: 0x060 (R/ )  Instruction Set Attributes Regis
 476:./inc/core_cm7.h ****         uint32_t RESERVED0[1U];
 477:./inc/core_cm7.h ****   __IM  uint32_t CLIDR;                  /*!< Offset: 0x078 (R/ )  Cache Level ID register */
 478:./inc/core_cm7.h ****   __IM  uint32_t CTR;                    /*!< Offset: 0x07C (R/ )  Cache Type register */
 479:./inc/core_cm7.h ****   __IM  uint32_t CCSIDR;                 /*!< Offset: 0x080 (R/ )  Cache Size ID Register */
 480:./inc/core_cm7.h ****   __IOM uint32_t CSSELR;                 /*!< Offset: 0x084 (R/W)  Cache Size Selection Register */
 481:./inc/core_cm7.h ****   __IOM uint32_t CPACR;                  /*!< Offset: 0x088 (R/W)  Coprocessor Access Control Regis
 482:./inc/core_cm7.h ****         uint32_t RESERVED3[93U];
 483:./inc/core_cm7.h ****   __OM  uint32_t STIR;                   /*!< Offset: 0x200 ( /W)  Software Triggered Interrupt Reg
 484:./inc/core_cm7.h ****         uint32_t RESERVED4[15U];
 485:./inc/core_cm7.h ****   __IM  uint32_t MVFR0;                  /*!< Offset: 0x240 (R/ )  Media and VFP Feature Register 0
 486:./inc/core_cm7.h ****   __IM  uint32_t MVFR1;                  /*!< Offset: 0x244 (R/ )  Media and VFP Feature Register 1
 487:./inc/core_cm7.h ****   __IM  uint32_t MVFR2;                  /*!< Offset: 0x248 (R/ )  Media and VFP Feature Register 2
 488:./inc/core_cm7.h ****         uint32_t RESERVED5[1U];
 489:./inc/core_cm7.h ****   __OM  uint32_t ICIALLU;                /*!< Offset: 0x250 ( /W)  I-Cache Invalidate All to PoU */
 490:./inc/core_cm7.h ****         uint32_t RESERVED6[1U];
 491:./inc/core_cm7.h ****   __OM  uint32_t ICIMVAU;                /*!< Offset: 0x258 ( /W)  I-Cache Invalidate by MVA to PoU
 492:./inc/core_cm7.h ****   __OM  uint32_t DCIMVAC;                /*!< Offset: 0x25C ( /W)  D-Cache Invalidate by MVA to PoC
 493:./inc/core_cm7.h ****   __OM  uint32_t DCISW;                  /*!< Offset: 0x260 ( /W)  D-Cache Invalidate by Set-way */
 494:./inc/core_cm7.h ****   __OM  uint32_t DCCMVAU;                /*!< Offset: 0x264 ( /W)  D-Cache Clean by MVA to PoU */
 495:./inc/core_cm7.h ****   __OM  uint32_t DCCMVAC;                /*!< Offset: 0x268 ( /W)  D-Cache Clean by MVA to PoC */
 496:./inc/core_cm7.h ****   __OM  uint32_t DCCSW;                  /*!< Offset: 0x26C ( /W)  D-Cache Clean by Set-way */
 497:./inc/core_cm7.h ****   __OM  uint32_t DCCIMVAC;               /*!< Offset: 0x270 ( /W)  D-Cache Clean and Invalidate by 
 498:./inc/core_cm7.h ****   __OM  uint32_t DCCISW;                 /*!< Offset: 0x274 ( /W)  D-Cache Clean and Invalidate by 
 499:./inc/core_cm7.h ****         uint32_t RESERVED7[6U];
 500:./inc/core_cm7.h ****   __IOM uint32_t ITCMCR;                 /*!< Offset: 0x290 (R/W)  Instruction Tightly-Coupled Memo
 501:./inc/core_cm7.h ****   __IOM uint32_t DTCMCR;                 /*!< Offset: 0x294 (R/W)  Data Tightly-Coupled Memory Cont
 502:./inc/core_cm7.h ****   __IOM uint32_t AHBPCR;                 /*!< Offset: 0x298 (R/W)  AHBP Control Register */
 503:./inc/core_cm7.h ****   __IOM uint32_t CACR;                   /*!< Offset: 0x29C (R/W)  L1 Cache Control Register */
 504:./inc/core_cm7.h ****   __IOM uint32_t AHBSCR;                 /*!< Offset: 0x2A0 (R/W)  AHB Slave Control Register */
 505:./inc/core_cm7.h ****         uint32_t RESERVED8[1U];
 506:./inc/core_cm7.h ****   __IOM uint32_t ABFSR;                  /*!< Offset: 0x2A8 (R/W)  Auxiliary Bus Fault Status Regis
 507:./inc/core_cm7.h **** } SCB_Type;
 508:./inc/core_cm7.h **** 
 509:./inc/core_cm7.h **** /* SCB CPUID Register Definitions */
 510:./inc/core_cm7.h **** #define SCB_CPUID_IMPLEMENTER_Pos          24U                                            /*!< SCB 
 511:./inc/core_cm7.h **** #define SCB_CPUID_IMPLEMENTER_Msk          (0xFFUL << SCB_CPUID_IMPLEMENTER_Pos)          /*!< SCB 
 512:./inc/core_cm7.h **** 
 513:./inc/core_cm7.h **** #define SCB_CPUID_VARIANT_Pos              20U                                            /*!< SCB 
 514:./inc/core_cm7.h **** #define SCB_CPUID_VARIANT_Msk              (0xFUL << SCB_CPUID_VARIANT_Pos)               /*!< SCB 
 515:./inc/core_cm7.h **** 
 516:./inc/core_cm7.h **** #define SCB_CPUID_ARCHITECTURE_Pos         16U                                            /*!< SCB 
 517:./inc/core_cm7.h **** #define SCB_CPUID_ARCHITECTURE_Msk         (0xFUL << SCB_CPUID_ARCHITECTURE_Pos)          /*!< SCB 
 518:./inc/core_cm7.h **** 
 519:./inc/core_cm7.h **** #define SCB_CPUID_PARTNO_Pos                4U                                            /*!< SCB 
 520:./inc/core_cm7.h **** #define SCB_CPUID_PARTNO_Msk               (0xFFFUL << SCB_CPUID_PARTNO_Pos)              /*!< SCB 
 521:./inc/core_cm7.h **** 
 522:./inc/core_cm7.h **** #define SCB_CPUID_REVISION_Pos              0U                                            /*!< SCB 
 523:./inc/core_cm7.h **** #define SCB_CPUID_REVISION_Msk             (0xFUL /*<< SCB_CPUID_REVISION_Pos*/)          /*!< SCB 
 524:./inc/core_cm7.h **** 
 525:./inc/core_cm7.h **** /* SCB Interrupt Control State Register Definitions */
 526:./inc/core_cm7.h **** #define SCB_ICSR_NMIPENDSET_Pos            31U                                            /*!< SCB 
 527:./inc/core_cm7.h **** #define SCB_ICSR_NMIPENDSET_Msk            (1UL << SCB_ICSR_NMIPENDSET_Pos)               /*!< SCB 
 528:./inc/core_cm7.h **** 
 529:./inc/core_cm7.h **** #define SCB_ICSR_PENDSVSET_Pos             28U                                            /*!< SCB 
 530:./inc/core_cm7.h **** #define SCB_ICSR_PENDSVSET_Msk             (1UL << SCB_ICSR_PENDSVSET_Pos)                /*!< SCB 
 531:./inc/core_cm7.h **** 
 532:./inc/core_cm7.h **** #define SCB_ICSR_PENDSVCLR_Pos             27U                                            /*!< SCB 
 533:./inc/core_cm7.h **** #define SCB_ICSR_PENDSVCLR_Msk             (1UL << SCB_ICSR_PENDSVCLR_Pos)                /*!< SCB 
 534:./inc/core_cm7.h **** 
 535:./inc/core_cm7.h **** #define SCB_ICSR_PENDSTSET_Pos             26U                                            /*!< SCB 
 536:./inc/core_cm7.h **** #define SCB_ICSR_PENDSTSET_Msk             (1UL << SCB_ICSR_PENDSTSET_Pos)                /*!< SCB 
 537:./inc/core_cm7.h **** 
 538:./inc/core_cm7.h **** #define SCB_ICSR_PENDSTCLR_Pos             25U                                            /*!< SCB 
 539:./inc/core_cm7.h **** #define SCB_ICSR_PENDSTCLR_Msk             (1UL << SCB_ICSR_PENDSTCLR_Pos)                /*!< SCB 
 540:./inc/core_cm7.h **** 
 541:./inc/core_cm7.h **** #define SCB_ICSR_ISRPREEMPT_Pos            23U                                            /*!< SCB 
 542:./inc/core_cm7.h **** #define SCB_ICSR_ISRPREEMPT_Msk            (1UL << SCB_ICSR_ISRPREEMPT_Pos)               /*!< SCB 
 543:./inc/core_cm7.h **** 
 544:./inc/core_cm7.h **** #define SCB_ICSR_ISRPENDING_Pos            22U                                            /*!< SCB 
 545:./inc/core_cm7.h **** #define SCB_ICSR_ISRPENDING_Msk            (1UL << SCB_ICSR_ISRPENDING_Pos)               /*!< SCB 
 546:./inc/core_cm7.h **** 
 547:./inc/core_cm7.h **** #define SCB_ICSR_VECTPENDING_Pos           12U                                            /*!< SCB 
 548:./inc/core_cm7.h **** #define SCB_ICSR_VECTPENDING_Msk           (0x1FFUL << SCB_ICSR_VECTPENDING_Pos)          /*!< SCB 
 549:./inc/core_cm7.h **** 
 550:./inc/core_cm7.h **** #define SCB_ICSR_RETTOBASE_Pos             11U                                            /*!< SCB 
 551:./inc/core_cm7.h **** #define SCB_ICSR_RETTOBASE_Msk             (1UL << SCB_ICSR_RETTOBASE_Pos)                /*!< SCB 
 552:./inc/core_cm7.h **** 
 553:./inc/core_cm7.h **** #define SCB_ICSR_VECTACTIVE_Pos             0U                                            /*!< SCB 
 554:./inc/core_cm7.h **** #define SCB_ICSR_VECTACTIVE_Msk            (0x1FFUL /*<< SCB_ICSR_VECTACTIVE_Pos*/)       /*!< SCB 
 555:./inc/core_cm7.h **** 
 556:./inc/core_cm7.h **** /* SCB Vector Table Offset Register Definitions */
 557:./inc/core_cm7.h **** #define SCB_VTOR_TBLOFF_Pos                 7U                                            /*!< SCB 
 558:./inc/core_cm7.h **** #define SCB_VTOR_TBLOFF_Msk                (0x1FFFFFFUL << SCB_VTOR_TBLOFF_Pos)           /*!< SCB 
 559:./inc/core_cm7.h **** 
 560:./inc/core_cm7.h **** /* SCB Application Interrupt and Reset Control Register Definitions */
 561:./inc/core_cm7.h **** #define SCB_AIRCR_VECTKEY_Pos              16U                                            /*!< SCB 
 562:./inc/core_cm7.h **** #define SCB_AIRCR_VECTKEY_Msk              (0xFFFFUL << SCB_AIRCR_VECTKEY_Pos)            /*!< SCB 
 563:./inc/core_cm7.h **** 
 564:./inc/core_cm7.h **** #define SCB_AIRCR_VECTKEYSTAT_Pos          16U                                            /*!< SCB 
 565:./inc/core_cm7.h **** #define SCB_AIRCR_VECTKEYSTAT_Msk          (0xFFFFUL << SCB_AIRCR_VECTKEYSTAT_Pos)        /*!< SCB 
 566:./inc/core_cm7.h **** 
 567:./inc/core_cm7.h **** #define SCB_AIRCR_ENDIANESS_Pos            15U                                            /*!< SCB 
 568:./inc/core_cm7.h **** #define SCB_AIRCR_ENDIANESS_Msk            (1UL << SCB_AIRCR_ENDIANESS_Pos)               /*!< SCB 
 569:./inc/core_cm7.h **** 
 570:./inc/core_cm7.h **** #define SCB_AIRCR_PRIGROUP_Pos              8U                                            /*!< SCB 
 571:./inc/core_cm7.h **** #define SCB_AIRCR_PRIGROUP_Msk             (7UL << SCB_AIRCR_PRIGROUP_Pos)                /*!< SCB 
 572:./inc/core_cm7.h **** 
 573:./inc/core_cm7.h **** #define SCB_AIRCR_SYSRESETREQ_Pos           2U                                            /*!< SCB 
 574:./inc/core_cm7.h **** #define SCB_AIRCR_SYSRESETREQ_Msk          (1UL << SCB_AIRCR_SYSRESETREQ_Pos)             /*!< SCB 
 575:./inc/core_cm7.h **** 
 576:./inc/core_cm7.h **** #define SCB_AIRCR_VECTCLRACTIVE_Pos         1U                                            /*!< SCB 
 577:./inc/core_cm7.h **** #define SCB_AIRCR_VECTCLRACTIVE_Msk        (1UL << SCB_AIRCR_VECTCLRACTIVE_Pos)           /*!< SCB 
 578:./inc/core_cm7.h **** 
 579:./inc/core_cm7.h **** #define SCB_AIRCR_VECTRESET_Pos             0U                                            /*!< SCB 
 580:./inc/core_cm7.h **** #define SCB_AIRCR_VECTRESET_Msk            (1UL /*<< SCB_AIRCR_VECTRESET_Pos*/)           /*!< SCB 
 581:./inc/core_cm7.h **** 
 582:./inc/core_cm7.h **** /* SCB System Control Register Definitions */
 583:./inc/core_cm7.h **** #define SCB_SCR_SEVONPEND_Pos               4U                                            /*!< SCB 
 584:./inc/core_cm7.h **** #define SCB_SCR_SEVONPEND_Msk              (1UL << SCB_SCR_SEVONPEND_Pos)                 /*!< SCB 
 585:./inc/core_cm7.h **** 
 586:./inc/core_cm7.h **** #define SCB_SCR_SLEEPDEEP_Pos               2U                                            /*!< SCB 
 587:./inc/core_cm7.h **** #define SCB_SCR_SLEEPDEEP_Msk              (1UL << SCB_SCR_SLEEPDEEP_Pos)                 /*!< SCB 
 588:./inc/core_cm7.h **** 
 589:./inc/core_cm7.h **** #define SCB_SCR_SLEEPONEXIT_Pos             1U                                            /*!< SCB 
 590:./inc/core_cm7.h **** #define SCB_SCR_SLEEPONEXIT_Msk            (1UL << SCB_SCR_SLEEPONEXIT_Pos)               /*!< SCB 
 591:./inc/core_cm7.h **** 
 592:./inc/core_cm7.h **** /* SCB Configuration Control Register Definitions */
 593:./inc/core_cm7.h **** #define SCB_CCR_BP_Pos                      18U                                           /*!< SCB 
 594:./inc/core_cm7.h **** #define SCB_CCR_BP_Msk                     (1UL << SCB_CCR_BP_Pos)                        /*!< SCB 
 595:./inc/core_cm7.h **** 
 596:./inc/core_cm7.h **** #define SCB_CCR_IC_Pos                      17U                                           /*!< SCB 
 597:./inc/core_cm7.h **** #define SCB_CCR_IC_Msk                     (1UL << SCB_CCR_IC_Pos)                        /*!< SCB 
 598:./inc/core_cm7.h **** 
 599:./inc/core_cm7.h **** #define SCB_CCR_DC_Pos                      16U                                           /*!< SCB 
 600:./inc/core_cm7.h **** #define SCB_CCR_DC_Msk                     (1UL << SCB_CCR_DC_Pos)                        /*!< SCB 
 601:./inc/core_cm7.h **** 
 602:./inc/core_cm7.h **** #define SCB_CCR_STKALIGN_Pos                9U                                            /*!< SCB 
 603:./inc/core_cm7.h **** #define SCB_CCR_STKALIGN_Msk               (1UL << SCB_CCR_STKALIGN_Pos)                  /*!< SCB 
 604:./inc/core_cm7.h **** 
 605:./inc/core_cm7.h **** #define SCB_CCR_BFHFNMIGN_Pos               8U                                            /*!< SCB 
 606:./inc/core_cm7.h **** #define SCB_CCR_BFHFNMIGN_Msk              (1UL << SCB_CCR_BFHFNMIGN_Pos)                 /*!< SCB 
 607:./inc/core_cm7.h **** 
 608:./inc/core_cm7.h **** #define SCB_CCR_DIV_0_TRP_Pos               4U                                            /*!< SCB 
 609:./inc/core_cm7.h **** #define SCB_CCR_DIV_0_TRP_Msk              (1UL << SCB_CCR_DIV_0_TRP_Pos)                 /*!< SCB 
 610:./inc/core_cm7.h **** 
 611:./inc/core_cm7.h **** #define SCB_CCR_UNALIGN_TRP_Pos             3U                                            /*!< SCB 
 612:./inc/core_cm7.h **** #define SCB_CCR_UNALIGN_TRP_Msk            (1UL << SCB_CCR_UNALIGN_TRP_Pos)               /*!< SCB 
 613:./inc/core_cm7.h **** 
 614:./inc/core_cm7.h **** #define SCB_CCR_USERSETMPEND_Pos            1U                                            /*!< SCB 
 615:./inc/core_cm7.h **** #define SCB_CCR_USERSETMPEND_Msk           (1UL << SCB_CCR_USERSETMPEND_Pos)              /*!< SCB 
 616:./inc/core_cm7.h **** 
 617:./inc/core_cm7.h **** #define SCB_CCR_NONBASETHRDENA_Pos          0U                                            /*!< SCB 
 618:./inc/core_cm7.h **** #define SCB_CCR_NONBASETHRDENA_Msk         (1UL /*<< SCB_CCR_NONBASETHRDENA_Pos*/)        /*!< SCB 
 619:./inc/core_cm7.h **** 
 620:./inc/core_cm7.h **** /* SCB System Handler Control and State Register Definitions */
 621:./inc/core_cm7.h **** #define SCB_SHCSR_USGFAULTENA_Pos          18U                                            /*!< SCB 
 622:./inc/core_cm7.h **** #define SCB_SHCSR_USGFAULTENA_Msk          (1UL << SCB_SHCSR_USGFAULTENA_Pos)             /*!< SCB 
 623:./inc/core_cm7.h **** 
 624:./inc/core_cm7.h **** #define SCB_SHCSR_BUSFAULTENA_Pos          17U                                            /*!< SCB 
 625:./inc/core_cm7.h **** #define SCB_SHCSR_BUSFAULTENA_Msk          (1UL << SCB_SHCSR_BUSFAULTENA_Pos)             /*!< SCB 
 626:./inc/core_cm7.h **** 
 627:./inc/core_cm7.h **** #define SCB_SHCSR_MEMFAULTENA_Pos          16U                                            /*!< SCB 
 628:./inc/core_cm7.h **** #define SCB_SHCSR_MEMFAULTENA_Msk          (1UL << SCB_SHCSR_MEMFAULTENA_Pos)             /*!< SCB 
 629:./inc/core_cm7.h **** 
 630:./inc/core_cm7.h **** #define SCB_SHCSR_SVCALLPENDED_Pos         15U                                            /*!< SCB 
 631:./inc/core_cm7.h **** #define SCB_SHCSR_SVCALLPENDED_Msk         (1UL << SCB_SHCSR_SVCALLPENDED_Pos)            /*!< SCB 
 632:./inc/core_cm7.h **** 
 633:./inc/core_cm7.h **** #define SCB_SHCSR_BUSFAULTPENDED_Pos       14U                                            /*!< SCB 
 634:./inc/core_cm7.h **** #define SCB_SHCSR_BUSFAULTPENDED_Msk       (1UL << SCB_SHCSR_BUSFAULTPENDED_Pos)          /*!< SCB 
 635:./inc/core_cm7.h **** 
 636:./inc/core_cm7.h **** #define SCB_SHCSR_MEMFAULTPENDED_Pos       13U                                            /*!< SCB 
 637:./inc/core_cm7.h **** #define SCB_SHCSR_MEMFAULTPENDED_Msk       (1UL << SCB_SHCSR_MEMFAULTPENDED_Pos)          /*!< SCB 
 638:./inc/core_cm7.h **** 
 639:./inc/core_cm7.h **** #define SCB_SHCSR_USGFAULTPENDED_Pos       12U                                            /*!< SCB 
 640:./inc/core_cm7.h **** #define SCB_SHCSR_USGFAULTPENDED_Msk       (1UL << SCB_SHCSR_USGFAULTPENDED_Pos)          /*!< SCB 
 641:./inc/core_cm7.h **** 
 642:./inc/core_cm7.h **** #define SCB_SHCSR_SYSTICKACT_Pos           11U                                            /*!< SCB 
 643:./inc/core_cm7.h **** #define SCB_SHCSR_SYSTICKACT_Msk           (1UL << SCB_SHCSR_SYSTICKACT_Pos)              /*!< SCB 
 644:./inc/core_cm7.h **** 
 645:./inc/core_cm7.h **** #define SCB_SHCSR_PENDSVACT_Pos            10U                                            /*!< SCB 
 646:./inc/core_cm7.h **** #define SCB_SHCSR_PENDSVACT_Msk            (1UL << SCB_SHCSR_PENDSVACT_Pos)               /*!< SCB 
 647:./inc/core_cm7.h **** 
 648:./inc/core_cm7.h **** #define SCB_SHCSR_MONITORACT_Pos            8U                                            /*!< SCB 
 649:./inc/core_cm7.h **** #define SCB_SHCSR_MONITORACT_Msk           (1UL << SCB_SHCSR_MONITORACT_Pos)              /*!< SCB 
 650:./inc/core_cm7.h **** 
 651:./inc/core_cm7.h **** #define SCB_SHCSR_SVCALLACT_Pos             7U                                            /*!< SCB 
 652:./inc/core_cm7.h **** #define SCB_SHCSR_SVCALLACT_Msk            (1UL << SCB_SHCSR_SVCALLACT_Pos)               /*!< SCB 
 653:./inc/core_cm7.h **** 
 654:./inc/core_cm7.h **** #define SCB_SHCSR_USGFAULTACT_Pos           3U                                            /*!< SCB 
 655:./inc/core_cm7.h **** #define SCB_SHCSR_USGFAULTACT_Msk          (1UL << SCB_SHCSR_USGFAULTACT_Pos)             /*!< SCB 
 656:./inc/core_cm7.h **** 
 657:./inc/core_cm7.h **** #define SCB_SHCSR_BUSFAULTACT_Pos           1U                                            /*!< SCB 
 658:./inc/core_cm7.h **** #define SCB_SHCSR_BUSFAULTACT_Msk          (1UL << SCB_SHCSR_BUSFAULTACT_Pos)             /*!< SCB 
 659:./inc/core_cm7.h **** 
 660:./inc/core_cm7.h **** #define SCB_SHCSR_MEMFAULTACT_Pos           0U                                            /*!< SCB 
 661:./inc/core_cm7.h **** #define SCB_SHCSR_MEMFAULTACT_Msk          (1UL /*<< SCB_SHCSR_MEMFAULTACT_Pos*/)         /*!< SCB 
 662:./inc/core_cm7.h **** 
 663:./inc/core_cm7.h **** /* SCB Configurable Fault Status Register Definitions */
 664:./inc/core_cm7.h **** #define SCB_CFSR_USGFAULTSR_Pos            16U                                            /*!< SCB 
 665:./inc/core_cm7.h **** #define SCB_CFSR_USGFAULTSR_Msk            (0xFFFFUL << SCB_CFSR_USGFAULTSR_Pos)          /*!< SCB 
 666:./inc/core_cm7.h **** 
 667:./inc/core_cm7.h **** #define SCB_CFSR_BUSFAULTSR_Pos             8U                                            /*!< SCB 
 668:./inc/core_cm7.h **** #define SCB_CFSR_BUSFAULTSR_Msk            (0xFFUL << SCB_CFSR_BUSFAULTSR_Pos)            /*!< SCB 
 669:./inc/core_cm7.h **** 
 670:./inc/core_cm7.h **** #define SCB_CFSR_MEMFAULTSR_Pos             0U                                            /*!< SCB 
 671:./inc/core_cm7.h **** #define SCB_CFSR_MEMFAULTSR_Msk            (0xFFUL /*<< SCB_CFSR_MEMFAULTSR_Pos*/)        /*!< SCB 
 672:./inc/core_cm7.h **** 
 673:./inc/core_cm7.h **** /* MemManage Fault Status Register (part of SCB Configurable Fault Status Register) */
 674:./inc/core_cm7.h **** #define SCB_CFSR_MMARVALID_Pos             (SCB_SHCSR_MEMFAULTACT_Pos + 7U)               /*!< SCB 
 675:./inc/core_cm7.h **** #define SCB_CFSR_MMARVALID_Msk             (1UL << SCB_CFSR_MMARVALID_Pos)                /*!< SCB 
 676:./inc/core_cm7.h **** 
 677:./inc/core_cm7.h **** #define SCB_CFSR_MLSPERR_Pos               (SCB_SHCSR_MEMFAULTACT_Pos + 5U)               /*!< SCB 
 678:./inc/core_cm7.h **** #define SCB_CFSR_MLSPERR_Msk               (1UL << SCB_CFSR_MLSPERR_Pos)                  /*!< SCB 
 679:./inc/core_cm7.h **** 
 680:./inc/core_cm7.h **** #define SCB_CFSR_MSTKERR_Pos               (SCB_SHCSR_MEMFAULTACT_Pos + 4U)               /*!< SCB 
 681:./inc/core_cm7.h **** #define SCB_CFSR_MSTKERR_Msk               (1UL << SCB_CFSR_MSTKERR_Pos)                  /*!< SCB 
 682:./inc/core_cm7.h **** 
 683:./inc/core_cm7.h **** #define SCB_CFSR_MUNSTKERR_Pos             (SCB_SHCSR_MEMFAULTACT_Pos + 3U)               /*!< SCB 
 684:./inc/core_cm7.h **** #define SCB_CFSR_MUNSTKERR_Msk             (1UL << SCB_CFSR_MUNSTKERR_Pos)                /*!< SCB 
 685:./inc/core_cm7.h **** 
 686:./inc/core_cm7.h **** #define SCB_CFSR_DACCVIOL_Pos              (SCB_SHCSR_MEMFAULTACT_Pos + 1U)               /*!< SCB 
 687:./inc/core_cm7.h **** #define SCB_CFSR_DACCVIOL_Msk              (1UL << SCB_CFSR_DACCVIOL_Pos)                 /*!< SCB 
 688:./inc/core_cm7.h **** 
 689:./inc/core_cm7.h **** #define SCB_CFSR_IACCVIOL_Pos              (SCB_SHCSR_MEMFAULTACT_Pos + 0U)               /*!< SCB 
 690:./inc/core_cm7.h **** #define SCB_CFSR_IACCVIOL_Msk              (1UL /*<< SCB_CFSR_IACCVIOL_Pos*/)             /*!< SCB 
 691:./inc/core_cm7.h **** 
 692:./inc/core_cm7.h **** /* BusFault Status Register (part of SCB Configurable Fault Status Register) */
 693:./inc/core_cm7.h **** #define SCB_CFSR_BFARVALID_Pos            (SCB_CFSR_BUSFAULTSR_Pos + 7U)                  /*!< SCB 
 694:./inc/core_cm7.h **** #define SCB_CFSR_BFARVALID_Msk            (1UL << SCB_CFSR_BFARVALID_Pos)                 /*!< SCB 
 695:./inc/core_cm7.h **** 
 696:./inc/core_cm7.h **** #define SCB_CFSR_LSPERR_Pos               (SCB_CFSR_BUSFAULTSR_Pos + 5U)                  /*!< SCB 
 697:./inc/core_cm7.h **** #define SCB_CFSR_LSPERR_Msk               (1UL << SCB_CFSR_LSPERR_Pos)                    /*!< SCB 
 698:./inc/core_cm7.h **** 
 699:./inc/core_cm7.h **** #define SCB_CFSR_STKERR_Pos               (SCB_CFSR_BUSFAULTSR_Pos + 4U)                  /*!< SCB 
 700:./inc/core_cm7.h **** #define SCB_CFSR_STKERR_Msk               (1UL << SCB_CFSR_STKERR_Pos)                    /*!< SCB 
 701:./inc/core_cm7.h **** 
 702:./inc/core_cm7.h **** #define SCB_CFSR_UNSTKERR_Pos             (SCB_CFSR_BUSFAULTSR_Pos + 3U)                  /*!< SCB 
 703:./inc/core_cm7.h **** #define SCB_CFSR_UNSTKERR_Msk             (1UL << SCB_CFSR_UNSTKERR_Pos)                  /*!< SCB 
 704:./inc/core_cm7.h **** 
 705:./inc/core_cm7.h **** #define SCB_CFSR_IMPRECISERR_Pos          (SCB_CFSR_BUSFAULTSR_Pos + 2U)                  /*!< SCB 
 706:./inc/core_cm7.h **** #define SCB_CFSR_IMPRECISERR_Msk          (1UL << SCB_CFSR_IMPRECISERR_Pos)               /*!< SCB 
 707:./inc/core_cm7.h **** 
 708:./inc/core_cm7.h **** #define SCB_CFSR_PRECISERR_Pos            (SCB_CFSR_BUSFAULTSR_Pos + 1U)                  /*!< SCB 
 709:./inc/core_cm7.h **** #define SCB_CFSR_PRECISERR_Msk            (1UL << SCB_CFSR_PRECISERR_Pos)                 /*!< SCB 
 710:./inc/core_cm7.h **** 
 711:./inc/core_cm7.h **** #define SCB_CFSR_IBUSERR_Pos              (SCB_CFSR_BUSFAULTSR_Pos + 0U)                  /*!< SCB 
 712:./inc/core_cm7.h **** #define SCB_CFSR_IBUSERR_Msk              (1UL << SCB_CFSR_IBUSERR_Pos)                   /*!< SCB 
 713:./inc/core_cm7.h **** 
 714:./inc/core_cm7.h **** /* UsageFault Status Register (part of SCB Configurable Fault Status Register) */
 715:./inc/core_cm7.h **** #define SCB_CFSR_DIVBYZERO_Pos            (SCB_CFSR_USGFAULTSR_Pos + 9U)                  /*!< SCB 
 716:./inc/core_cm7.h **** #define SCB_CFSR_DIVBYZERO_Msk            (1UL << SCB_CFSR_DIVBYZERO_Pos)                 /*!< SCB 
 717:./inc/core_cm7.h **** 
 718:./inc/core_cm7.h **** #define SCB_CFSR_UNALIGNED_Pos            (SCB_CFSR_USGFAULTSR_Pos + 8U)                  /*!< SCB 
 719:./inc/core_cm7.h **** #define SCB_CFSR_UNALIGNED_Msk            (1UL << SCB_CFSR_UNALIGNED_Pos)                 /*!< SCB 
 720:./inc/core_cm7.h **** 
 721:./inc/core_cm7.h **** #define SCB_CFSR_NOCP_Pos                 (SCB_CFSR_USGFAULTSR_Pos + 3U)                  /*!< SCB 
 722:./inc/core_cm7.h **** #define SCB_CFSR_NOCP_Msk                 (1UL << SCB_CFSR_NOCP_Pos)                      /*!< SCB 
 723:./inc/core_cm7.h **** 
 724:./inc/core_cm7.h **** #define SCB_CFSR_INVPC_Pos                (SCB_CFSR_USGFAULTSR_Pos + 2U)                  /*!< SCB 
 725:./inc/core_cm7.h **** #define SCB_CFSR_INVPC_Msk                (1UL << SCB_CFSR_INVPC_Pos)                     /*!< SCB 
 726:./inc/core_cm7.h **** 
 727:./inc/core_cm7.h **** #define SCB_CFSR_INVSTATE_Pos             (SCB_CFSR_USGFAULTSR_Pos + 1U)                  /*!< SCB 
 728:./inc/core_cm7.h **** #define SCB_CFSR_INVSTATE_Msk             (1UL << SCB_CFSR_INVSTATE_Pos)                  /*!< SCB 
 729:./inc/core_cm7.h **** 
 730:./inc/core_cm7.h **** #define SCB_CFSR_UNDEFINSTR_Pos           (SCB_CFSR_USGFAULTSR_Pos + 0U)                  /*!< SCB 
 731:./inc/core_cm7.h **** #define SCB_CFSR_UNDEFINSTR_Msk           (1UL << SCB_CFSR_UNDEFINSTR_Pos)                /*!< SCB 
 732:./inc/core_cm7.h **** 
 733:./inc/core_cm7.h **** /* SCB Hard Fault Status Register Definitions */
 734:./inc/core_cm7.h **** #define SCB_HFSR_DEBUGEVT_Pos              31U                                            /*!< SCB 
 735:./inc/core_cm7.h **** #define SCB_HFSR_DEBUGEVT_Msk              (1UL << SCB_HFSR_DEBUGEVT_Pos)                 /*!< SCB 
 736:./inc/core_cm7.h **** 
 737:./inc/core_cm7.h **** #define SCB_HFSR_FORCED_Pos                30U                                            /*!< SCB 
 738:./inc/core_cm7.h **** #define SCB_HFSR_FORCED_Msk                (1UL << SCB_HFSR_FORCED_Pos)                   /*!< SCB 
 739:./inc/core_cm7.h **** 
 740:./inc/core_cm7.h **** #define SCB_HFSR_VECTTBL_Pos                1U                                            /*!< SCB 
 741:./inc/core_cm7.h **** #define SCB_HFSR_VECTTBL_Msk               (1UL << SCB_HFSR_VECTTBL_Pos)                  /*!< SCB 
 742:./inc/core_cm7.h **** 
 743:./inc/core_cm7.h **** /* SCB Debug Fault Status Register Definitions */
 744:./inc/core_cm7.h **** #define SCB_DFSR_EXTERNAL_Pos               4U                                            /*!< SCB 
 745:./inc/core_cm7.h **** #define SCB_DFSR_EXTERNAL_Msk              (1UL << SCB_DFSR_EXTERNAL_Pos)                 /*!< SCB 
 746:./inc/core_cm7.h **** 
 747:./inc/core_cm7.h **** #define SCB_DFSR_VCATCH_Pos                 3U                                            /*!< SCB 
 748:./inc/core_cm7.h **** #define SCB_DFSR_VCATCH_Msk                (1UL << SCB_DFSR_VCATCH_Pos)                   /*!< SCB 
 749:./inc/core_cm7.h **** 
 750:./inc/core_cm7.h **** #define SCB_DFSR_DWTTRAP_Pos                2U                                            /*!< SCB 
 751:./inc/core_cm7.h **** #define SCB_DFSR_DWTTRAP_Msk               (1UL << SCB_DFSR_DWTTRAP_Pos)                  /*!< SCB 
 752:./inc/core_cm7.h **** 
 753:./inc/core_cm7.h **** #define SCB_DFSR_BKPT_Pos                   1U                                            /*!< SCB 
 754:./inc/core_cm7.h **** #define SCB_DFSR_BKPT_Msk                  (1UL << SCB_DFSR_BKPT_Pos)                     /*!< SCB 
 755:./inc/core_cm7.h **** 
 756:./inc/core_cm7.h **** #define SCB_DFSR_HALTED_Pos                 0U                                            /*!< SCB 
 757:./inc/core_cm7.h **** #define SCB_DFSR_HALTED_Msk                (1UL /*<< SCB_DFSR_HALTED_Pos*/)               /*!< SCB 
 758:./inc/core_cm7.h **** 
 759:./inc/core_cm7.h **** /* SCB Cache Level ID Register Definitions */
 760:./inc/core_cm7.h **** #define SCB_CLIDR_LOUU_Pos                 27U                                            /*!< SCB 
 761:./inc/core_cm7.h **** #define SCB_CLIDR_LOUU_Msk                 (7UL << SCB_CLIDR_LOUU_Pos)                    /*!< SCB 
 762:./inc/core_cm7.h **** 
 763:./inc/core_cm7.h **** #define SCB_CLIDR_LOC_Pos                  24U                                            /*!< SCB 
 764:./inc/core_cm7.h **** #define SCB_CLIDR_LOC_Msk                  (7UL << SCB_CLIDR_LOC_Pos)                     /*!< SCB 
 765:./inc/core_cm7.h **** 
 766:./inc/core_cm7.h **** /* SCB Cache Type Register Definitions */
 767:./inc/core_cm7.h **** #define SCB_CTR_FORMAT_Pos                 29U                                            /*!< SCB 
 768:./inc/core_cm7.h **** #define SCB_CTR_FORMAT_Msk                 (7UL << SCB_CTR_FORMAT_Pos)                    /*!< SCB 
 769:./inc/core_cm7.h **** 
 770:./inc/core_cm7.h **** #define SCB_CTR_CWG_Pos                    24U                                            /*!< SCB 
 771:./inc/core_cm7.h **** #define SCB_CTR_CWG_Msk                    (0xFUL << SCB_CTR_CWG_Pos)                     /*!< SCB 
 772:./inc/core_cm7.h **** 
 773:./inc/core_cm7.h **** #define SCB_CTR_ERG_Pos                    20U                                            /*!< SCB 
 774:./inc/core_cm7.h **** #define SCB_CTR_ERG_Msk                    (0xFUL << SCB_CTR_ERG_Pos)                     /*!< SCB 
 775:./inc/core_cm7.h **** 
 776:./inc/core_cm7.h **** #define SCB_CTR_DMINLINE_Pos               16U                                            /*!< SCB 
 777:./inc/core_cm7.h **** #define SCB_CTR_DMINLINE_Msk               (0xFUL << SCB_CTR_DMINLINE_Pos)                /*!< SCB 
 778:./inc/core_cm7.h **** 
 779:./inc/core_cm7.h **** #define SCB_CTR_IMINLINE_Pos                0U                                            /*!< SCB 
 780:./inc/core_cm7.h **** #define SCB_CTR_IMINLINE_Msk               (0xFUL /*<< SCB_CTR_IMINLINE_Pos*/)            /*!< SCB 
 781:./inc/core_cm7.h **** 
 782:./inc/core_cm7.h **** /* SCB Cache Size ID Register Definitions */
 783:./inc/core_cm7.h **** #define SCB_CCSIDR_WT_Pos                  31U                                            /*!< SCB 
 784:./inc/core_cm7.h **** #define SCB_CCSIDR_WT_Msk                  (1UL << SCB_CCSIDR_WT_Pos)                     /*!< SCB 
 785:./inc/core_cm7.h **** 
 786:./inc/core_cm7.h **** #define SCB_CCSIDR_WB_Pos                  30U                                            /*!< SCB 
 787:./inc/core_cm7.h **** #define SCB_CCSIDR_WB_Msk                  (1UL << SCB_CCSIDR_WB_Pos)                     /*!< SCB 
 788:./inc/core_cm7.h **** 
 789:./inc/core_cm7.h **** #define SCB_CCSIDR_RA_Pos                  29U                                            /*!< SCB 
 790:./inc/core_cm7.h **** #define SCB_CCSIDR_RA_Msk                  (1UL << SCB_CCSIDR_RA_Pos)                     /*!< SCB 
 791:./inc/core_cm7.h **** 
 792:./inc/core_cm7.h **** #define SCB_CCSIDR_WA_Pos                  28U                                            /*!< SCB 
 793:./inc/core_cm7.h **** #define SCB_CCSIDR_WA_Msk                  (1UL << SCB_CCSIDR_WA_Pos)                     /*!< SCB 
 794:./inc/core_cm7.h **** 
 795:./inc/core_cm7.h **** #define SCB_CCSIDR_NUMSETS_Pos             13U                                            /*!< SCB 
 796:./inc/core_cm7.h **** #define SCB_CCSIDR_NUMSETS_Msk             (0x7FFFUL << SCB_CCSIDR_NUMSETS_Pos)           /*!< SCB 
 797:./inc/core_cm7.h **** 
 798:./inc/core_cm7.h **** #define SCB_CCSIDR_ASSOCIATIVITY_Pos        3U                                            /*!< SCB 
 799:./inc/core_cm7.h **** #define SCB_CCSIDR_ASSOCIATIVITY_Msk       (0x3FFUL << SCB_CCSIDR_ASSOCIATIVITY_Pos)      /*!< SCB 
 800:./inc/core_cm7.h **** 
 801:./inc/core_cm7.h **** #define SCB_CCSIDR_LINESIZE_Pos             0U                                            /*!< SCB 
 802:./inc/core_cm7.h **** #define SCB_CCSIDR_LINESIZE_Msk            (7UL /*<< SCB_CCSIDR_LINESIZE_Pos*/)           /*!< SCB 
 803:./inc/core_cm7.h **** 
 804:./inc/core_cm7.h **** /* SCB Cache Size Selection Register Definitions */
 805:./inc/core_cm7.h **** #define SCB_CSSELR_LEVEL_Pos                1U                                            /*!< SCB 
 806:./inc/core_cm7.h **** #define SCB_CSSELR_LEVEL_Msk               (7UL << SCB_CSSELR_LEVEL_Pos)                  /*!< SCB 
 807:./inc/core_cm7.h **** 
 808:./inc/core_cm7.h **** #define SCB_CSSELR_IND_Pos                  0U                                            /*!< SCB 
 809:./inc/core_cm7.h **** #define SCB_CSSELR_IND_Msk                 (1UL /*<< SCB_CSSELR_IND_Pos*/)                /*!< SCB 
 810:./inc/core_cm7.h **** 
 811:./inc/core_cm7.h **** /* SCB Software Triggered Interrupt Register Definitions */
 812:./inc/core_cm7.h **** #define SCB_STIR_INTID_Pos                  0U                                            /*!< SCB 
 813:./inc/core_cm7.h **** #define SCB_STIR_INTID_Msk                 (0x1FFUL /*<< SCB_STIR_INTID_Pos*/)            /*!< SCB 
 814:./inc/core_cm7.h **** 
 815:./inc/core_cm7.h **** /* SCB D-Cache Invalidate by Set-way Register Definitions */
 816:./inc/core_cm7.h **** #define SCB_DCISW_WAY_Pos                  30U                                            /*!< SCB 
 817:./inc/core_cm7.h **** #define SCB_DCISW_WAY_Msk                  (3UL << SCB_DCISW_WAY_Pos)                     /*!< SCB 
 818:./inc/core_cm7.h **** 
 819:./inc/core_cm7.h **** #define SCB_DCISW_SET_Pos                   5U                                            /*!< SCB 
 820:./inc/core_cm7.h **** #define SCB_DCISW_SET_Msk                  (0x1FFUL << SCB_DCISW_SET_Pos)                 /*!< SCB 
 821:./inc/core_cm7.h **** 
 822:./inc/core_cm7.h **** /* SCB D-Cache Clean by Set-way Register Definitions */
 823:./inc/core_cm7.h **** #define SCB_DCCSW_WAY_Pos                  30U                                            /*!< SCB 
 824:./inc/core_cm7.h **** #define SCB_DCCSW_WAY_Msk                  (3UL << SCB_DCCSW_WAY_Pos)                     /*!< SCB 
 825:./inc/core_cm7.h **** 
 826:./inc/core_cm7.h **** #define SCB_DCCSW_SET_Pos                   5U                                            /*!< SCB 
 827:./inc/core_cm7.h **** #define SCB_DCCSW_SET_Msk                  (0x1FFUL << SCB_DCCSW_SET_Pos)                 /*!< SCB 
 828:./inc/core_cm7.h **** 
 829:./inc/core_cm7.h **** /* SCB D-Cache Clean and Invalidate by Set-way Register Definitions */
 830:./inc/core_cm7.h **** #define SCB_DCCISW_WAY_Pos                 30U                                            /*!< SCB 
 831:./inc/core_cm7.h **** #define SCB_DCCISW_WAY_Msk                 (3UL << SCB_DCCISW_WAY_Pos)                    /*!< SCB 
 832:./inc/core_cm7.h **** 
 833:./inc/core_cm7.h **** #define SCB_DCCISW_SET_Pos                  5U                                            /*!< SCB 
 834:./inc/core_cm7.h **** #define SCB_DCCISW_SET_Msk                 (0x1FFUL << SCB_DCCISW_SET_Pos)                /*!< SCB 
 835:./inc/core_cm7.h **** 
 836:./inc/core_cm7.h **** /* Instruction Tightly-Coupled Memory Control Register Definitions */
 837:./inc/core_cm7.h **** #define SCB_ITCMCR_SZ_Pos                   3U                                            /*!< SCB 
 838:./inc/core_cm7.h **** #define SCB_ITCMCR_SZ_Msk                  (0xFUL << SCB_ITCMCR_SZ_Pos)                   /*!< SCB 
 839:./inc/core_cm7.h **** 
 840:./inc/core_cm7.h **** #define SCB_ITCMCR_RETEN_Pos                2U                                            /*!< SCB 
 841:./inc/core_cm7.h **** #define SCB_ITCMCR_RETEN_Msk               (1UL << SCB_ITCMCR_RETEN_Pos)                  /*!< SCB 
 842:./inc/core_cm7.h **** 
 843:./inc/core_cm7.h **** #define SCB_ITCMCR_RMW_Pos                  1U                                            /*!< SCB 
 844:./inc/core_cm7.h **** #define SCB_ITCMCR_RMW_Msk                 (1UL << SCB_ITCMCR_RMW_Pos)                    /*!< SCB 
 845:./inc/core_cm7.h **** 
 846:./inc/core_cm7.h **** #define SCB_ITCMCR_EN_Pos                   0U                                            /*!< SCB 
 847:./inc/core_cm7.h **** #define SCB_ITCMCR_EN_Msk                  (1UL /*<< SCB_ITCMCR_EN_Pos*/)                 /*!< SCB 
 848:./inc/core_cm7.h **** 
 849:./inc/core_cm7.h **** /* Data Tightly-Coupled Memory Control Register Definitions */
 850:./inc/core_cm7.h **** #define SCB_DTCMCR_SZ_Pos                   3U                                            /*!< SCB 
 851:./inc/core_cm7.h **** #define SCB_DTCMCR_SZ_Msk                  (0xFUL << SCB_DTCMCR_SZ_Pos)                   /*!< SCB 
 852:./inc/core_cm7.h **** 
 853:./inc/core_cm7.h **** #define SCB_DTCMCR_RETEN_Pos                2U                                            /*!< SCB 
 854:./inc/core_cm7.h **** #define SCB_DTCMCR_RETEN_Msk               (1UL << SCB_DTCMCR_RETEN_Pos)                   /*!< SCB
 855:./inc/core_cm7.h **** 
 856:./inc/core_cm7.h **** #define SCB_DTCMCR_RMW_Pos                  1U                                            /*!< SCB 
 857:./inc/core_cm7.h **** #define SCB_DTCMCR_RMW_Msk                 (1UL << SCB_DTCMCR_RMW_Pos)                    /*!< SCB 
 858:./inc/core_cm7.h **** 
 859:./inc/core_cm7.h **** #define SCB_DTCMCR_EN_Pos                   0U                                            /*!< SCB 
 860:./inc/core_cm7.h **** #define SCB_DTCMCR_EN_Msk                  (1UL /*<< SCB_DTCMCR_EN_Pos*/)                 /*!< SCB 
 861:./inc/core_cm7.h **** 
 862:./inc/core_cm7.h **** /* AHBP Control Register Definitions */
 863:./inc/core_cm7.h **** #define SCB_AHBPCR_SZ_Pos                   1U                                            /*!< SCB 
 864:./inc/core_cm7.h **** #define SCB_AHBPCR_SZ_Msk                  (7UL << SCB_AHBPCR_SZ_Pos)                     /*!< SCB 
 865:./inc/core_cm7.h **** 
 866:./inc/core_cm7.h **** #define SCB_AHBPCR_EN_Pos                   0U                                            /*!< SCB 
 867:./inc/core_cm7.h **** #define SCB_AHBPCR_EN_Msk                  (1UL /*<< SCB_AHBPCR_EN_Pos*/)                 /*!< SCB 
 868:./inc/core_cm7.h **** 
 869:./inc/core_cm7.h **** /* L1 Cache Control Register Definitions */
 870:./inc/core_cm7.h **** #define SCB_CACR_FORCEWT_Pos                2U                                            /*!< SCB 
 871:./inc/core_cm7.h **** #define SCB_CACR_FORCEWT_Msk               (1UL << SCB_CACR_FORCEWT_Pos)                  /*!< SCB 
 872:./inc/core_cm7.h **** 
 873:./inc/core_cm7.h **** #define SCB_CACR_ECCEN_Pos                  1U                                            /*!< SCB 
 874:./inc/core_cm7.h **** #define SCB_CACR_ECCEN_Msk                 (1UL << SCB_CACR_ECCEN_Pos)                    /*!< SCB 
 875:./inc/core_cm7.h **** 
 876:./inc/core_cm7.h **** #define SCB_CACR_SIWT_Pos                   0U                                            /*!< SCB 
 877:./inc/core_cm7.h **** #define SCB_CACR_SIWT_Msk                  (1UL /*<< SCB_CACR_SIWT_Pos*/)                 /*!< SCB 
 878:./inc/core_cm7.h **** 
 879:./inc/core_cm7.h **** /* AHBS Control Register Definitions */
 880:./inc/core_cm7.h **** #define SCB_AHBSCR_INITCOUNT_Pos           11U                                            /*!< SCB 
 881:./inc/core_cm7.h **** #define SCB_AHBSCR_INITCOUNT_Msk           (0x1FUL << SCB_AHBPCR_INITCOUNT_Pos)           /*!< SCB 
 882:./inc/core_cm7.h **** 
 883:./inc/core_cm7.h **** #define SCB_AHBSCR_TPRI_Pos                 2U                                            /*!< SCB 
 884:./inc/core_cm7.h **** #define SCB_AHBSCR_TPRI_Msk                (0x1FFUL << SCB_AHBPCR_TPRI_Pos)               /*!< SCB 
 885:./inc/core_cm7.h **** 
 886:./inc/core_cm7.h **** #define SCB_AHBSCR_CTL_Pos                  0U                                            /*!< SCB 
 887:./inc/core_cm7.h **** #define SCB_AHBSCR_CTL_Msk                 (3UL /*<< SCB_AHBPCR_CTL_Pos*/)                /*!< SCB 
 888:./inc/core_cm7.h **** 
 889:./inc/core_cm7.h **** /* Auxiliary Bus Fault Status Register Definitions */
 890:./inc/core_cm7.h **** #define SCB_ABFSR_AXIMTYPE_Pos              8U                                            /*!< SCB 
 891:./inc/core_cm7.h **** #define SCB_ABFSR_AXIMTYPE_Msk             (3UL << SCB_ABFSR_AXIMTYPE_Pos)                /*!< SCB 
 892:./inc/core_cm7.h **** 
 893:./inc/core_cm7.h **** #define SCB_ABFSR_EPPB_Pos                  4U                                            /*!< SCB 
 894:./inc/core_cm7.h **** #define SCB_ABFSR_EPPB_Msk                 (1UL << SCB_ABFSR_EPPB_Pos)                    /*!< SCB 
 895:./inc/core_cm7.h **** 
 896:./inc/core_cm7.h **** #define SCB_ABFSR_AXIM_Pos                  3U                                            /*!< SCB 
 897:./inc/core_cm7.h **** #define SCB_ABFSR_AXIM_Msk                 (1UL << SCB_ABFSR_AXIM_Pos)                    /*!< SCB 
 898:./inc/core_cm7.h **** 
 899:./inc/core_cm7.h **** #define SCB_ABFSR_AHBP_Pos                  2U                                            /*!< SCB 
 900:./inc/core_cm7.h **** #define SCB_ABFSR_AHBP_Msk                 (1UL << SCB_ABFSR_AHBP_Pos)                    /*!< SCB 
 901:./inc/core_cm7.h **** 
 902:./inc/core_cm7.h **** #define SCB_ABFSR_DTCM_Pos                  1U                                            /*!< SCB 
 903:./inc/core_cm7.h **** #define SCB_ABFSR_DTCM_Msk                 (1UL << SCB_ABFSR_DTCM_Pos)                    /*!< SCB 
 904:./inc/core_cm7.h **** 
 905:./inc/core_cm7.h **** #define SCB_ABFSR_ITCM_Pos                  0U                                            /*!< SCB 
 906:./inc/core_cm7.h **** #define SCB_ABFSR_ITCM_Msk                 (1UL /*<< SCB_ABFSR_ITCM_Pos*/)                /*!< SCB 
 907:./inc/core_cm7.h **** 
 908:./inc/core_cm7.h **** /*@} end of group CMSIS_SCB */
 909:./inc/core_cm7.h **** 
 910:./inc/core_cm7.h **** 
 911:./inc/core_cm7.h **** /**
 912:./inc/core_cm7.h ****   \ingroup  CMSIS_core_register
 913:./inc/core_cm7.h ****   \defgroup CMSIS_SCnSCB System Controls not in SCB (SCnSCB)
 914:./inc/core_cm7.h ****   \brief    Type definitions for the System Control and ID Register not in the SCB
 915:./inc/core_cm7.h ****   @{
 916:./inc/core_cm7.h ****  */
 917:./inc/core_cm7.h **** 
 918:./inc/core_cm7.h **** /**
 919:./inc/core_cm7.h ****   \brief  Structure type to access the System Control and ID Register not in the SCB.
 920:./inc/core_cm7.h ****  */
 921:./inc/core_cm7.h **** typedef struct
 922:./inc/core_cm7.h **** {
 923:./inc/core_cm7.h ****         uint32_t RESERVED0[1U];
 924:./inc/core_cm7.h ****   __IM  uint32_t ICTR;                   /*!< Offset: 0x004 (R/ )  Interrupt Controller Type Regist
 925:./inc/core_cm7.h ****   __IOM uint32_t ACTLR;                  /*!< Offset: 0x008 (R/W)  Auxiliary Control Register */
 926:./inc/core_cm7.h **** } SCnSCB_Type;
 927:./inc/core_cm7.h **** 
 928:./inc/core_cm7.h **** /* Interrupt Controller Type Register Definitions */
 929:./inc/core_cm7.h **** #define SCnSCB_ICTR_INTLINESNUM_Pos         0U                                         /*!< ICTR: I
 930:./inc/core_cm7.h **** #define SCnSCB_ICTR_INTLINESNUM_Msk        (0xFUL /*<< SCnSCB_ICTR_INTLINESNUM_Pos*/)  /*!< ICTR: I
 931:./inc/core_cm7.h **** 
 932:./inc/core_cm7.h **** /* Auxiliary Control Register Definitions */
 933:./inc/core_cm7.h **** #define SCnSCB_ACTLR_DISDYNADD_Pos         26U                                         /*!< ACTLR: 
 934:./inc/core_cm7.h **** #define SCnSCB_ACTLR_DISDYNADD_Msk         (1UL << SCnSCB_ACTLR_DISDYNADD_Pos)         /*!< ACTLR: 
 935:./inc/core_cm7.h **** 
 936:./inc/core_cm7.h **** #define SCnSCB_ACTLR_DISISSCH1_Pos         21U                                         /*!< ACTLR: 
 937:./inc/core_cm7.h **** #define SCnSCB_ACTLR_DISISSCH1_Msk         (0x1FUL << SCnSCB_ACTLR_DISISSCH1_Pos)      /*!< ACTLR: 
 938:./inc/core_cm7.h **** 
 939:./inc/core_cm7.h **** #define SCnSCB_ACTLR_DISDI_Pos             16U                                         /*!< ACTLR: 
 940:./inc/core_cm7.h **** #define SCnSCB_ACTLR_DISDI_Msk             (0x1FUL << SCnSCB_ACTLR_DISDI_Pos)          /*!< ACTLR: 
 941:./inc/core_cm7.h **** 
 942:./inc/core_cm7.h **** #define SCnSCB_ACTLR_DISCRITAXIRUR_Pos     15U                                         /*!< ACTLR: 
 943:./inc/core_cm7.h **** #define SCnSCB_ACTLR_DISCRITAXIRUR_Msk     (1UL << SCnSCB_ACTLR_DISCRITAXIRUR_Pos)     /*!< ACTLR: 
 944:./inc/core_cm7.h **** 
 945:./inc/core_cm7.h **** #define SCnSCB_ACTLR_DISBTACALLOC_Pos      14U                                         /*!< ACTLR: 
 946:./inc/core_cm7.h **** #define SCnSCB_ACTLR_DISBTACALLOC_Msk      (1UL << SCnSCB_ACTLR_DISBTACALLOC_Pos)      /*!< ACTLR: 
 947:./inc/core_cm7.h **** 
 948:./inc/core_cm7.h **** #define SCnSCB_ACTLR_DISBTACREAD_Pos       13U                                         /*!< ACTLR: 
 949:./inc/core_cm7.h **** #define SCnSCB_ACTLR_DISBTACREAD_Msk       (1UL << SCnSCB_ACTLR_DISBTACREAD_Pos)       /*!< ACTLR: 
 950:./inc/core_cm7.h **** 
 951:./inc/core_cm7.h **** #define SCnSCB_ACTLR_DISITMATBFLUSH_Pos    12U                                         /*!< ACTLR: 
 952:./inc/core_cm7.h **** #define SCnSCB_ACTLR_DISITMATBFLUSH_Msk    (1UL << SCnSCB_ACTLR_DISITMATBFLUSH_Pos)    /*!< ACTLR: 
 953:./inc/core_cm7.h **** 
 954:./inc/core_cm7.h **** #define SCnSCB_ACTLR_DISRAMODE_Pos         11U                                         /*!< ACTLR: 
 955:./inc/core_cm7.h **** #define SCnSCB_ACTLR_DISRAMODE_Msk         (1UL << SCnSCB_ACTLR_DISRAMODE_Pos)         /*!< ACTLR: 
 956:./inc/core_cm7.h **** 
 957:./inc/core_cm7.h **** #define SCnSCB_ACTLR_FPEXCODIS_Pos         10U                                         /*!< ACTLR: 
 958:./inc/core_cm7.h **** #define SCnSCB_ACTLR_FPEXCODIS_Msk         (1UL << SCnSCB_ACTLR_FPEXCODIS_Pos)         /*!< ACTLR: 
 959:./inc/core_cm7.h **** 
 960:./inc/core_cm7.h **** #define SCnSCB_ACTLR_DISFOLD_Pos            2U                                         /*!< ACTLR: 
 961:./inc/core_cm7.h **** #define SCnSCB_ACTLR_DISFOLD_Msk           (1UL << SCnSCB_ACTLR_DISFOLD_Pos)           /*!< ACTLR: 
 962:./inc/core_cm7.h **** 
 963:./inc/core_cm7.h **** #define SCnSCB_ACTLR_DISMCYCINT_Pos         0U                                         /*!< ACTLR: 
 964:./inc/core_cm7.h **** #define SCnSCB_ACTLR_DISMCYCINT_Msk        (1UL /*<< SCnSCB_ACTLR_DISMCYCINT_Pos*/)    /*!< ACTLR: 
 965:./inc/core_cm7.h **** 
 966:./inc/core_cm7.h **** /*@} end of group CMSIS_SCnotSCB */
 967:./inc/core_cm7.h **** 
 968:./inc/core_cm7.h **** 
 969:./inc/core_cm7.h **** /**
 970:./inc/core_cm7.h ****   \ingroup  CMSIS_core_register
 971:./inc/core_cm7.h ****   \defgroup CMSIS_SysTick     System Tick Timer (SysTick)
 972:./inc/core_cm7.h ****   \brief    Type definitions for the System Timer Registers.
 973:./inc/core_cm7.h ****   @{
 974:./inc/core_cm7.h ****  */
 975:./inc/core_cm7.h **** 
 976:./inc/core_cm7.h **** /**
 977:./inc/core_cm7.h ****   \brief  Structure type to access the System Timer (SysTick).
 978:./inc/core_cm7.h ****  */
 979:./inc/core_cm7.h **** typedef struct
 980:./inc/core_cm7.h **** {
 981:./inc/core_cm7.h ****   __IOM uint32_t CTRL;                   /*!< Offset: 0x000 (R/W)  SysTick Control and Status Regis
 982:./inc/core_cm7.h ****   __IOM uint32_t LOAD;                   /*!< Offset: 0x004 (R/W)  SysTick Reload Value Register */
 983:./inc/core_cm7.h ****   __IOM uint32_t VAL;                    /*!< Offset: 0x008 (R/W)  SysTick Current Value Register *
 984:./inc/core_cm7.h ****   __IM  uint32_t CALIB;                  /*!< Offset: 0x00C (R/ )  SysTick Calibration Register */
 985:./inc/core_cm7.h **** } SysTick_Type;
 986:./inc/core_cm7.h **** 
 987:./inc/core_cm7.h **** /* SysTick Control / Status Register Definitions */
 988:./inc/core_cm7.h **** #define SysTick_CTRL_COUNTFLAG_Pos         16U                                            /*!< SysT
 989:./inc/core_cm7.h **** #define SysTick_CTRL_COUNTFLAG_Msk         (1UL << SysTick_CTRL_COUNTFLAG_Pos)            /*!< SysT
 990:./inc/core_cm7.h **** 
 991:./inc/core_cm7.h **** #define SysTick_CTRL_CLKSOURCE_Pos          2U                                            /*!< SysT
 992:./inc/core_cm7.h **** #define SysTick_CTRL_CLKSOURCE_Msk         (1UL << SysTick_CTRL_CLKSOURCE_Pos)            /*!< SysT
 993:./inc/core_cm7.h **** 
 994:./inc/core_cm7.h **** #define SysTick_CTRL_TICKINT_Pos            1U                                            /*!< SysT
 995:./inc/core_cm7.h **** #define SysTick_CTRL_TICKINT_Msk           (1UL << SysTick_CTRL_TICKINT_Pos)              /*!< SysT
 996:./inc/core_cm7.h **** 
 997:./inc/core_cm7.h **** #define SysTick_CTRL_ENABLE_Pos             0U                                            /*!< SysT
 998:./inc/core_cm7.h **** #define SysTick_CTRL_ENABLE_Msk            (1UL /*<< SysTick_CTRL_ENABLE_Pos*/)           /*!< SysT
 999:./inc/core_cm7.h **** 
1000:./inc/core_cm7.h **** /* SysTick Reload Register Definitions */
1001:./inc/core_cm7.h **** #define SysTick_LOAD_RELOAD_Pos             0U                                            /*!< SysT
1002:./inc/core_cm7.h **** #define SysTick_LOAD_RELOAD_Msk            (0xFFFFFFUL /*<< SysTick_LOAD_RELOAD_Pos*/)    /*!< SysT
1003:./inc/core_cm7.h **** 
1004:./inc/core_cm7.h **** /* SysTick Current Register Definitions */
1005:./inc/core_cm7.h **** #define SysTick_VAL_CURRENT_Pos             0U                                            /*!< SysT
1006:./inc/core_cm7.h **** #define SysTick_VAL_CURRENT_Msk            (0xFFFFFFUL /*<< SysTick_VAL_CURRENT_Pos*/)    /*!< SysT
1007:./inc/core_cm7.h **** 
1008:./inc/core_cm7.h **** /* SysTick Calibration Register Definitions */
1009:./inc/core_cm7.h **** #define SysTick_CALIB_NOREF_Pos            31U                                            /*!< SysT
1010:./inc/core_cm7.h **** #define SysTick_CALIB_NOREF_Msk            (1UL << SysTick_CALIB_NOREF_Pos)               /*!< SysT
1011:./inc/core_cm7.h **** 
1012:./inc/core_cm7.h **** #define SysTick_CALIB_SKEW_Pos             30U                                            /*!< SysT
1013:./inc/core_cm7.h **** #define SysTick_CALIB_SKEW_Msk             (1UL << SysTick_CALIB_SKEW_Pos)                /*!< SysT
1014:./inc/core_cm7.h **** 
1015:./inc/core_cm7.h **** #define SysTick_CALIB_TENMS_Pos             0U                                            /*!< SysT
1016:./inc/core_cm7.h **** #define SysTick_CALIB_TENMS_Msk            (0xFFFFFFUL /*<< SysTick_CALIB_TENMS_Pos*/)    /*!< SysT
1017:./inc/core_cm7.h **** 
1018:./inc/core_cm7.h **** /*@} end of group CMSIS_SysTick */
1019:./inc/core_cm7.h **** 
1020:./inc/core_cm7.h **** 
1021:./inc/core_cm7.h **** /**
1022:./inc/core_cm7.h ****   \ingroup  CMSIS_core_register
1023:./inc/core_cm7.h ****   \defgroup CMSIS_ITM     Instrumentation Trace Macrocell (ITM)
1024:./inc/core_cm7.h ****   \brief    Type definitions for the Instrumentation Trace Macrocell (ITM)
1025:./inc/core_cm7.h ****   @{
1026:./inc/core_cm7.h ****  */
1027:./inc/core_cm7.h **** 
1028:./inc/core_cm7.h **** /**
1029:./inc/core_cm7.h ****   \brief  Structure type to access the Instrumentation Trace Macrocell Register (ITM).
1030:./inc/core_cm7.h ****  */
1031:./inc/core_cm7.h **** typedef struct
1032:./inc/core_cm7.h **** {
1033:./inc/core_cm7.h ****   __OM  union
1034:./inc/core_cm7.h ****   {
1035:./inc/core_cm7.h ****     __OM  uint8_t    u8;                 /*!< Offset: 0x000 ( /W)  ITM Stimulus Port 8-bit */
1036:./inc/core_cm7.h ****     __OM  uint16_t   u16;                /*!< Offset: 0x000 ( /W)  ITM Stimulus Port 16-bit */
1037:./inc/core_cm7.h ****     __OM  uint32_t   u32;                /*!< Offset: 0x000 ( /W)  ITM Stimulus Port 32-bit */
1038:./inc/core_cm7.h ****   }  PORT [32U];                         /*!< Offset: 0x000 ( /W)  ITM Stimulus Port Registers */
1039:./inc/core_cm7.h ****         uint32_t RESERVED0[864U];
1040:./inc/core_cm7.h ****   __IOM uint32_t TER;                    /*!< Offset: 0xE00 (R/W)  ITM Trace Enable Register */
1041:./inc/core_cm7.h ****         uint32_t RESERVED1[15U];
1042:./inc/core_cm7.h ****   __IOM uint32_t TPR;                    /*!< Offset: 0xE40 (R/W)  ITM Trace Privilege Register */
1043:./inc/core_cm7.h ****         uint32_t RESERVED2[15U];
1044:./inc/core_cm7.h ****   __IOM uint32_t TCR;                    /*!< Offset: 0xE80 (R/W)  ITM Trace Control Register */
1045:./inc/core_cm7.h ****         uint32_t RESERVED3[32U];
1046:./inc/core_cm7.h ****         uint32_t RESERVED4[43U];
1047:./inc/core_cm7.h ****   __OM  uint32_t LAR;                    /*!< Offset: 0xFB0 ( /W)  ITM Lock Access Register */
1048:./inc/core_cm7.h ****   __IM  uint32_t LSR;                    /*!< Offset: 0xFB4 (R/ )  ITM Lock Status Register */
1049:./inc/core_cm7.h ****         uint32_t RESERVED5[6U];
1050:./inc/core_cm7.h ****   __IM  uint32_t PID4;                   /*!< Offset: 0xFD0 (R/ )  ITM Peripheral Identification Re
1051:./inc/core_cm7.h ****   __IM  uint32_t PID5;                   /*!< Offset: 0xFD4 (R/ )  ITM Peripheral Identification Re
1052:./inc/core_cm7.h ****   __IM  uint32_t PID6;                   /*!< Offset: 0xFD8 (R/ )  ITM Peripheral Identification Re
1053:./inc/core_cm7.h ****   __IM  uint32_t PID7;                   /*!< Offset: 0xFDC (R/ )  ITM Peripheral Identification Re
1054:./inc/core_cm7.h ****   __IM  uint32_t PID0;                   /*!< Offset: 0xFE0 (R/ )  ITM Peripheral Identification Re
1055:./inc/core_cm7.h ****   __IM  uint32_t PID1;                   /*!< Offset: 0xFE4 (R/ )  ITM Peripheral Identification Re
1056:./inc/core_cm7.h ****   __IM  uint32_t PID2;                   /*!< Offset: 0xFE8 (R/ )  ITM Peripheral Identification Re
1057:./inc/core_cm7.h ****   __IM  uint32_t PID3;                   /*!< Offset: 0xFEC (R/ )  ITM Peripheral Identification Re
1058:./inc/core_cm7.h ****   __IM  uint32_t CID0;                   /*!< Offset: 0xFF0 (R/ )  ITM Component  Identification Re
1059:./inc/core_cm7.h ****   __IM  uint32_t CID1;                   /*!< Offset: 0xFF4 (R/ )  ITM Component  Identification Re
1060:./inc/core_cm7.h ****   __IM  uint32_t CID2;                   /*!< Offset: 0xFF8 (R/ )  ITM Component  Identification Re
1061:./inc/core_cm7.h ****   __IM  uint32_t CID3;                   /*!< Offset: 0xFFC (R/ )  ITM Component  Identification Re
1062:./inc/core_cm7.h **** } ITM_Type;
1063:./inc/core_cm7.h **** 
1064:./inc/core_cm7.h **** /* ITM Trace Privilege Register Definitions */
1065:./inc/core_cm7.h **** #define ITM_TPR_PRIVMASK_Pos                0U                                            /*!< ITM 
1066:./inc/core_cm7.h **** #define ITM_TPR_PRIVMASK_Msk               (0xFFFFFFFFUL /*<< ITM_TPR_PRIVMASK_Pos*/)     /*!< ITM 
1067:./inc/core_cm7.h **** 
1068:./inc/core_cm7.h **** /* ITM Trace Control Register Definitions */
1069:./inc/core_cm7.h **** #define ITM_TCR_BUSY_Pos                   23U                                            /*!< ITM 
1070:./inc/core_cm7.h **** #define ITM_TCR_BUSY_Msk                   (1UL << ITM_TCR_BUSY_Pos)                      /*!< ITM 
1071:./inc/core_cm7.h **** 
1072:./inc/core_cm7.h **** #define ITM_TCR_TraceBusID_Pos             16U                                            /*!< ITM 
1073:./inc/core_cm7.h **** #define ITM_TCR_TraceBusID_Msk             (0x7FUL << ITM_TCR_TraceBusID_Pos)             /*!< ITM 
1074:./inc/core_cm7.h **** 
1075:./inc/core_cm7.h **** #define ITM_TCR_GTSFREQ_Pos                10U                                            /*!< ITM 
1076:./inc/core_cm7.h **** #define ITM_TCR_GTSFREQ_Msk                (3UL << ITM_TCR_GTSFREQ_Pos)                   /*!< ITM 
1077:./inc/core_cm7.h **** 
1078:./inc/core_cm7.h **** #define ITM_TCR_TSPrescale_Pos              8U                                            /*!< ITM 
1079:./inc/core_cm7.h **** #define ITM_TCR_TSPrescale_Msk             (3UL << ITM_TCR_TSPrescale_Pos)                /*!< ITM 
1080:./inc/core_cm7.h **** 
1081:./inc/core_cm7.h **** #define ITM_TCR_SWOENA_Pos                  4U                                            /*!< ITM 
1082:./inc/core_cm7.h **** #define ITM_TCR_SWOENA_Msk                 (1UL << ITM_TCR_SWOENA_Pos)                    /*!< ITM 
1083:./inc/core_cm7.h **** 
1084:./inc/core_cm7.h **** #define ITM_TCR_DWTENA_Pos                  3U                                            /*!< ITM 
1085:./inc/core_cm7.h **** #define ITM_TCR_DWTENA_Msk                 (1UL << ITM_TCR_DWTENA_Pos)                    /*!< ITM 
1086:./inc/core_cm7.h **** 
1087:./inc/core_cm7.h **** #define ITM_TCR_SYNCENA_Pos                 2U                                            /*!< ITM 
1088:./inc/core_cm7.h **** #define ITM_TCR_SYNCENA_Msk                (1UL << ITM_TCR_SYNCENA_Pos)                   /*!< ITM 
1089:./inc/core_cm7.h **** 
1090:./inc/core_cm7.h **** #define ITM_TCR_TSENA_Pos                   1U                                            /*!< ITM 
1091:./inc/core_cm7.h **** #define ITM_TCR_TSENA_Msk                  (1UL << ITM_TCR_TSENA_Pos)                     /*!< ITM 
1092:./inc/core_cm7.h **** 
1093:./inc/core_cm7.h **** #define ITM_TCR_ITMENA_Pos                  0U                                            /*!< ITM 
1094:./inc/core_cm7.h **** #define ITM_TCR_ITMENA_Msk                 (1UL /*<< ITM_TCR_ITMENA_Pos*/)                /*!< ITM 
1095:./inc/core_cm7.h **** 
1096:./inc/core_cm7.h **** /* ITM Lock Status Register Definitions */
1097:./inc/core_cm7.h **** #define ITM_LSR_ByteAcc_Pos                 2U                                            /*!< ITM 
1098:./inc/core_cm7.h **** #define ITM_LSR_ByteAcc_Msk                (1UL << ITM_LSR_ByteAcc_Pos)                   /*!< ITM 
1099:./inc/core_cm7.h **** 
1100:./inc/core_cm7.h **** #define ITM_LSR_Access_Pos                  1U                                            /*!< ITM 
1101:./inc/core_cm7.h **** #define ITM_LSR_Access_Msk                 (1UL << ITM_LSR_Access_Pos)                    /*!< ITM 
1102:./inc/core_cm7.h **** 
1103:./inc/core_cm7.h **** #define ITM_LSR_Present_Pos                 0U                                            /*!< ITM 
1104:./inc/core_cm7.h **** #define ITM_LSR_Present_Msk                (1UL /*<< ITM_LSR_Present_Pos*/)               /*!< ITM 
1105:./inc/core_cm7.h **** 
1106:./inc/core_cm7.h **** /*@}*/ /* end of group CMSIS_ITM */
1107:./inc/core_cm7.h **** 
1108:./inc/core_cm7.h **** 
1109:./inc/core_cm7.h **** /**
1110:./inc/core_cm7.h ****   \ingroup  CMSIS_core_register
1111:./inc/core_cm7.h ****   \defgroup CMSIS_DWT     Data Watchpoint and Trace (DWT)
1112:./inc/core_cm7.h ****   \brief    Type definitions for the Data Watchpoint and Trace (DWT)
1113:./inc/core_cm7.h ****   @{
1114:./inc/core_cm7.h ****  */
1115:./inc/core_cm7.h **** 
1116:./inc/core_cm7.h **** /**
1117:./inc/core_cm7.h ****   \brief  Structure type to access the Data Watchpoint and Trace Register (DWT).
1118:./inc/core_cm7.h ****  */
1119:./inc/core_cm7.h **** typedef struct
1120:./inc/core_cm7.h **** {
1121:./inc/core_cm7.h ****   __IOM uint32_t CTRL;                   /*!< Offset: 0x000 (R/W)  Control Register */
1122:./inc/core_cm7.h ****   __IOM uint32_t CYCCNT;                 /*!< Offset: 0x004 (R/W)  Cycle Count Register */
1123:./inc/core_cm7.h ****   __IOM uint32_t CPICNT;                 /*!< Offset: 0x008 (R/W)  CPI Count Register */
1124:./inc/core_cm7.h ****   __IOM uint32_t EXCCNT;                 /*!< Offset: 0x00C (R/W)  Exception Overhead Count Registe
1125:./inc/core_cm7.h ****   __IOM uint32_t SLEEPCNT;               /*!< Offset: 0x010 (R/W)  Sleep Count Register */
1126:./inc/core_cm7.h ****   __IOM uint32_t LSUCNT;                 /*!< Offset: 0x014 (R/W)  LSU Count Register */
1127:./inc/core_cm7.h ****   __IOM uint32_t FOLDCNT;                /*!< Offset: 0x018 (R/W)  Folded-instruction Count Registe
1128:./inc/core_cm7.h ****   __IM  uint32_t PCSR;                   /*!< Offset: 0x01C (R/ )  Program Counter Sample Register 
1129:./inc/core_cm7.h ****   __IOM uint32_t COMP0;                  /*!< Offset: 0x020 (R/W)  Comparator Register 0 */
1130:./inc/core_cm7.h ****   __IOM uint32_t MASK0;                  /*!< Offset: 0x024 (R/W)  Mask Register 0 */
1131:./inc/core_cm7.h ****   __IOM uint32_t FUNCTION0;              /*!< Offset: 0x028 (R/W)  Function Register 0 */
1132:./inc/core_cm7.h ****         uint32_t RESERVED0[1U];
1133:./inc/core_cm7.h ****   __IOM uint32_t COMP1;                  /*!< Offset: 0x030 (R/W)  Comparator Register 1 */
1134:./inc/core_cm7.h ****   __IOM uint32_t MASK1;                  /*!< Offset: 0x034 (R/W)  Mask Register 1 */
1135:./inc/core_cm7.h ****   __IOM uint32_t FUNCTION1;              /*!< Offset: 0x038 (R/W)  Function Register 1 */
1136:./inc/core_cm7.h ****         uint32_t RESERVED1[1U];
1137:./inc/core_cm7.h ****   __IOM uint32_t COMP2;                  /*!< Offset: 0x040 (R/W)  Comparator Register 2 */
1138:./inc/core_cm7.h ****   __IOM uint32_t MASK2;                  /*!< Offset: 0x044 (R/W)  Mask Register 2 */
1139:./inc/core_cm7.h ****   __IOM uint32_t FUNCTION2;              /*!< Offset: 0x048 (R/W)  Function Register 2 */
1140:./inc/core_cm7.h ****         uint32_t RESERVED2[1U];
1141:./inc/core_cm7.h ****   __IOM uint32_t COMP3;                  /*!< Offset: 0x050 (R/W)  Comparator Register 3 */
1142:./inc/core_cm7.h ****   __IOM uint32_t MASK3;                  /*!< Offset: 0x054 (R/W)  Mask Register 3 */
1143:./inc/core_cm7.h ****   __IOM uint32_t FUNCTION3;              /*!< Offset: 0x058 (R/W)  Function Register 3 */
1144:./inc/core_cm7.h ****         uint32_t RESERVED3[981U];
1145:./inc/core_cm7.h ****   __OM  uint32_t LAR;                    /*!< Offset: 0xFB0 (  W)  Lock Access Register */
1146:./inc/core_cm7.h ****   __IM  uint32_t LSR;                    /*!< Offset: 0xFB4 (R  )  Lock Status Register */
1147:./inc/core_cm7.h **** } DWT_Type;
1148:./inc/core_cm7.h **** 
1149:./inc/core_cm7.h **** /* DWT Control Register Definitions */
1150:./inc/core_cm7.h **** #define DWT_CTRL_NUMCOMP_Pos               28U                                         /*!< DWT CTR
1151:./inc/core_cm7.h **** #define DWT_CTRL_NUMCOMP_Msk               (0xFUL << DWT_CTRL_NUMCOMP_Pos)             /*!< DWT CTR
1152:./inc/core_cm7.h **** 
1153:./inc/core_cm7.h **** #define DWT_CTRL_NOTRCPKT_Pos              27U                                         /*!< DWT CTR
1154:./inc/core_cm7.h **** #define DWT_CTRL_NOTRCPKT_Msk              (0x1UL << DWT_CTRL_NOTRCPKT_Pos)            /*!< DWT CTR
1155:./inc/core_cm7.h **** 
1156:./inc/core_cm7.h **** #define DWT_CTRL_NOEXTTRIG_Pos             26U                                         /*!< DWT CTR
1157:./inc/core_cm7.h **** #define DWT_CTRL_NOEXTTRIG_Msk             (0x1UL << DWT_CTRL_NOEXTTRIG_Pos)           /*!< DWT CTR
1158:./inc/core_cm7.h **** 
1159:./inc/core_cm7.h **** #define DWT_CTRL_NOCYCCNT_Pos              25U                                         /*!< DWT CTR
1160:./inc/core_cm7.h **** #define DWT_CTRL_NOCYCCNT_Msk              (0x1UL << DWT_CTRL_NOCYCCNT_Pos)            /*!< DWT CTR
1161:./inc/core_cm7.h **** 
1162:./inc/core_cm7.h **** #define DWT_CTRL_NOPRFCNT_Pos              24U                                         /*!< DWT CTR
1163:./inc/core_cm7.h **** #define DWT_CTRL_NOPRFCNT_Msk              (0x1UL << DWT_CTRL_NOPRFCNT_Pos)            /*!< DWT CTR
1164:./inc/core_cm7.h **** 
1165:./inc/core_cm7.h **** #define DWT_CTRL_CYCEVTENA_Pos             22U                                         /*!< DWT CTR
1166:./inc/core_cm7.h **** #define DWT_CTRL_CYCEVTENA_Msk             (0x1UL << DWT_CTRL_CYCEVTENA_Pos)           /*!< DWT CTR
1167:./inc/core_cm7.h **** 
1168:./inc/core_cm7.h **** #define DWT_CTRL_FOLDEVTENA_Pos            21U                                         /*!< DWT CTR
1169:./inc/core_cm7.h **** #define DWT_CTRL_FOLDEVTENA_Msk            (0x1UL << DWT_CTRL_FOLDEVTENA_Pos)          /*!< DWT CTR
1170:./inc/core_cm7.h **** 
1171:./inc/core_cm7.h **** #define DWT_CTRL_LSUEVTENA_Pos             20U                                         /*!< DWT CTR
1172:./inc/core_cm7.h **** #define DWT_CTRL_LSUEVTENA_Msk             (0x1UL << DWT_CTRL_LSUEVTENA_Pos)           /*!< DWT CTR
1173:./inc/core_cm7.h **** 
1174:./inc/core_cm7.h **** #define DWT_CTRL_SLEEPEVTENA_Pos           19U                                         /*!< DWT CTR
1175:./inc/core_cm7.h **** #define DWT_CTRL_SLEEPEVTENA_Msk           (0x1UL << DWT_CTRL_SLEEPEVTENA_Pos)         /*!< DWT CTR
1176:./inc/core_cm7.h **** 
1177:./inc/core_cm7.h **** #define DWT_CTRL_EXCEVTENA_Pos             18U                                         /*!< DWT CTR
1178:./inc/core_cm7.h **** #define DWT_CTRL_EXCEVTENA_Msk             (0x1UL << DWT_CTRL_EXCEVTENA_Pos)           /*!< DWT CTR
1179:./inc/core_cm7.h **** 
1180:./inc/core_cm7.h **** #define DWT_CTRL_CPIEVTENA_Pos             17U                                         /*!< DWT CTR
1181:./inc/core_cm7.h **** #define DWT_CTRL_CPIEVTENA_Msk             (0x1UL << DWT_CTRL_CPIEVTENA_Pos)           /*!< DWT CTR
1182:./inc/core_cm7.h **** 
1183:./inc/core_cm7.h **** #define DWT_CTRL_EXCTRCENA_Pos             16U                                         /*!< DWT CTR
1184:./inc/core_cm7.h **** #define DWT_CTRL_EXCTRCENA_Msk             (0x1UL << DWT_CTRL_EXCTRCENA_Pos)           /*!< DWT CTR
1185:./inc/core_cm7.h **** 
1186:./inc/core_cm7.h **** #define DWT_CTRL_PCSAMPLENA_Pos            12U                                         /*!< DWT CTR
1187:./inc/core_cm7.h **** #define DWT_CTRL_PCSAMPLENA_Msk            (0x1UL << DWT_CTRL_PCSAMPLENA_Pos)          /*!< DWT CTR
1188:./inc/core_cm7.h **** 
1189:./inc/core_cm7.h **** #define DWT_CTRL_SYNCTAP_Pos               10U                                         /*!< DWT CTR
1190:./inc/core_cm7.h **** #define DWT_CTRL_SYNCTAP_Msk               (0x3UL << DWT_CTRL_SYNCTAP_Pos)             /*!< DWT CTR
1191:./inc/core_cm7.h **** 
1192:./inc/core_cm7.h **** #define DWT_CTRL_CYCTAP_Pos                 9U                                         /*!< DWT CTR
1193:./inc/core_cm7.h **** #define DWT_CTRL_CYCTAP_Msk                (0x1UL << DWT_CTRL_CYCTAP_Pos)              /*!< DWT CTR
1194:./inc/core_cm7.h **** 
1195:./inc/core_cm7.h **** #define DWT_CTRL_POSTINIT_Pos               5U                                         /*!< DWT CTR
1196:./inc/core_cm7.h **** #define DWT_CTRL_POSTINIT_Msk              (0xFUL << DWT_CTRL_POSTINIT_Pos)            /*!< DWT CTR
1197:./inc/core_cm7.h **** 
1198:./inc/core_cm7.h **** #define DWT_CTRL_POSTPRESET_Pos             1U                                         /*!< DWT CTR
1199:./inc/core_cm7.h **** #define DWT_CTRL_POSTPRESET_Msk            (0xFUL << DWT_CTRL_POSTPRESET_Pos)          /*!< DWT CTR
1200:./inc/core_cm7.h **** 
1201:./inc/core_cm7.h **** #define DWT_CTRL_CYCCNTENA_Pos              0U                                         /*!< DWT CTR
1202:./inc/core_cm7.h **** #define DWT_CTRL_CYCCNTENA_Msk             (0x1UL /*<< DWT_CTRL_CYCCNTENA_Pos*/)       /*!< DWT CTR
1203:./inc/core_cm7.h **** 
1204:./inc/core_cm7.h **** /* DWT CPI Count Register Definitions */
1205:./inc/core_cm7.h **** #define DWT_CPICNT_CPICNT_Pos               0U                                         /*!< DWT CPI
1206:./inc/core_cm7.h **** #define DWT_CPICNT_CPICNT_Msk              (0xFFUL /*<< DWT_CPICNT_CPICNT_Pos*/)       /*!< DWT CPI
1207:./inc/core_cm7.h **** 
1208:./inc/core_cm7.h **** /* DWT Exception Overhead Count Register Definitions */
1209:./inc/core_cm7.h **** #define DWT_EXCCNT_EXCCNT_Pos               0U                                         /*!< DWT EXC
1210:./inc/core_cm7.h **** #define DWT_EXCCNT_EXCCNT_Msk              (0xFFUL /*<< DWT_EXCCNT_EXCCNT_Pos*/)       /*!< DWT EXC
1211:./inc/core_cm7.h **** 
1212:./inc/core_cm7.h **** /* DWT Sleep Count Register Definitions */
1213:./inc/core_cm7.h **** #define DWT_SLEEPCNT_SLEEPCNT_Pos           0U                                         /*!< DWT SLE
1214:./inc/core_cm7.h **** #define DWT_SLEEPCNT_SLEEPCNT_Msk          (0xFFUL /*<< DWT_SLEEPCNT_SLEEPCNT_Pos*/)   /*!< DWT SLE
1215:./inc/core_cm7.h **** 
1216:./inc/core_cm7.h **** /* DWT LSU Count Register Definitions */
1217:./inc/core_cm7.h **** #define DWT_LSUCNT_LSUCNT_Pos               0U                                         /*!< DWT LSU
1218:./inc/core_cm7.h **** #define DWT_LSUCNT_LSUCNT_Msk              (0xFFUL /*<< DWT_LSUCNT_LSUCNT_Pos*/)       /*!< DWT LSU
1219:./inc/core_cm7.h **** 
1220:./inc/core_cm7.h **** /* DWT Folded-instruction Count Register Definitions */
1221:./inc/core_cm7.h **** #define DWT_FOLDCNT_FOLDCNT_Pos             0U                                         /*!< DWT FOL
1222:./inc/core_cm7.h **** #define DWT_FOLDCNT_FOLDCNT_Msk            (0xFFUL /*<< DWT_FOLDCNT_FOLDCNT_Pos*/)     /*!< DWT FOL
1223:./inc/core_cm7.h **** 
1224:./inc/core_cm7.h **** /* DWT Comparator Mask Register Definitions */
1225:./inc/core_cm7.h **** #define DWT_MASK_MASK_Pos                   0U                                         /*!< DWT MAS
1226:./inc/core_cm7.h **** #define DWT_MASK_MASK_Msk                  (0x1FUL /*<< DWT_MASK_MASK_Pos*/)           /*!< DWT MAS
1227:./inc/core_cm7.h **** 
1228:./inc/core_cm7.h **** /* DWT Comparator Function Register Definitions */
1229:./inc/core_cm7.h **** #define DWT_FUNCTION_MATCHED_Pos           24U                                         /*!< DWT FUN
1230:./inc/core_cm7.h **** #define DWT_FUNCTION_MATCHED_Msk           (0x1UL << DWT_FUNCTION_MATCHED_Pos)         /*!< DWT FUN
1231:./inc/core_cm7.h **** 
1232:./inc/core_cm7.h **** #define DWT_FUNCTION_DATAVADDR1_Pos        16U                                         /*!< DWT FUN
1233:./inc/core_cm7.h **** #define DWT_FUNCTION_DATAVADDR1_Msk        (0xFUL << DWT_FUNCTION_DATAVADDR1_Pos)      /*!< DWT FUN
1234:./inc/core_cm7.h **** 
1235:./inc/core_cm7.h **** #define DWT_FUNCTION_DATAVADDR0_Pos        12U                                         /*!< DWT FUN
1236:./inc/core_cm7.h **** #define DWT_FUNCTION_DATAVADDR0_Msk        (0xFUL << DWT_FUNCTION_DATAVADDR0_Pos)      /*!< DWT FUN
1237:./inc/core_cm7.h **** 
1238:./inc/core_cm7.h **** #define DWT_FUNCTION_DATAVSIZE_Pos         10U                                         /*!< DWT FUN
1239:./inc/core_cm7.h **** #define DWT_FUNCTION_DATAVSIZE_Msk         (0x3UL << DWT_FUNCTION_DATAVSIZE_Pos)       /*!< DWT FUN
1240:./inc/core_cm7.h **** 
1241:./inc/core_cm7.h **** #define DWT_FUNCTION_LNK1ENA_Pos            9U                                         /*!< DWT FUN
1242:./inc/core_cm7.h **** #define DWT_FUNCTION_LNK1ENA_Msk           (0x1UL << DWT_FUNCTION_LNK1ENA_Pos)         /*!< DWT FUN
1243:./inc/core_cm7.h **** 
1244:./inc/core_cm7.h **** #define DWT_FUNCTION_DATAVMATCH_Pos         8U                                         /*!< DWT FUN
1245:./inc/core_cm7.h **** #define DWT_FUNCTION_DATAVMATCH_Msk        (0x1UL << DWT_FUNCTION_DATAVMATCH_Pos)      /*!< DWT FUN
1246:./inc/core_cm7.h **** 
1247:./inc/core_cm7.h **** #define DWT_FUNCTION_CYCMATCH_Pos           7U                                         /*!< DWT FUN
1248:./inc/core_cm7.h **** #define DWT_FUNCTION_CYCMATCH_Msk          (0x1UL << DWT_FUNCTION_CYCMATCH_Pos)        /*!< DWT FUN
1249:./inc/core_cm7.h **** 
1250:./inc/core_cm7.h **** #define DWT_FUNCTION_EMITRANGE_Pos          5U                                         /*!< DWT FUN
1251:./inc/core_cm7.h **** #define DWT_FUNCTION_EMITRANGE_Msk         (0x1UL << DWT_FUNCTION_EMITRANGE_Pos)       /*!< DWT FUN
1252:./inc/core_cm7.h **** 
1253:./inc/core_cm7.h **** #define DWT_FUNCTION_FUNCTION_Pos           0U                                         /*!< DWT FUN
1254:./inc/core_cm7.h **** #define DWT_FUNCTION_FUNCTION_Msk          (0xFUL /*<< DWT_FUNCTION_FUNCTION_Pos*/)    /*!< DWT FUN
1255:./inc/core_cm7.h **** 
1256:./inc/core_cm7.h **** /*@}*/ /* end of group CMSIS_DWT */
1257:./inc/core_cm7.h **** 
1258:./inc/core_cm7.h **** 
1259:./inc/core_cm7.h **** /**
1260:./inc/core_cm7.h ****   \ingroup  CMSIS_core_register
1261:./inc/core_cm7.h ****   \defgroup CMSIS_TPI     Trace Port Interface (TPI)
1262:./inc/core_cm7.h ****   \brief    Type definitions for the Trace Port Interface (TPI)
1263:./inc/core_cm7.h ****   @{
1264:./inc/core_cm7.h ****  */
1265:./inc/core_cm7.h **** 
1266:./inc/core_cm7.h **** /**
1267:./inc/core_cm7.h ****   \brief  Structure type to access the Trace Port Interface Register (TPI).
1268:./inc/core_cm7.h ****  */
1269:./inc/core_cm7.h **** typedef struct
1270:./inc/core_cm7.h **** {
1271:./inc/core_cm7.h ****   __IM  uint32_t SSPSR;                  /*!< Offset: 0x000 (R/ )  Supported Parallel Port Size Reg
1272:./inc/core_cm7.h ****   __IOM uint32_t CSPSR;                  /*!< Offset: 0x004 (R/W)  Current Parallel Port Size Regis
1273:./inc/core_cm7.h ****         uint32_t RESERVED0[2U];
1274:./inc/core_cm7.h ****   __IOM uint32_t ACPR;                   /*!< Offset: 0x010 (R/W)  Asynchronous Clock Prescaler Reg
1275:./inc/core_cm7.h ****         uint32_t RESERVED1[55U];
1276:./inc/core_cm7.h ****   __IOM uint32_t SPPR;                   /*!< Offset: 0x0F0 (R/W)  Selected Pin Protocol Register *
1277:./inc/core_cm7.h ****         uint32_t RESERVED2[131U];
1278:./inc/core_cm7.h ****   __IM  uint32_t FFSR;                   /*!< Offset: 0x300 (R/ )  Formatter and Flush Status Regis
1279:./inc/core_cm7.h ****   __IOM uint32_t FFCR;                   /*!< Offset: 0x304 (R/W)  Formatter and Flush Control Regi
1280:./inc/core_cm7.h ****   __IM  uint32_t FSCR;                   /*!< Offset: 0x308 (R/ )  Formatter Synchronization Counte
1281:./inc/core_cm7.h ****         uint32_t RESERVED3[759U];
1282:./inc/core_cm7.h ****   __IM  uint32_t TRIGGER;                /*!< Offset: 0xEE8 (R/ )  TRIGGER Register */
1283:./inc/core_cm7.h ****   __IM  uint32_t FIFO0;                  /*!< Offset: 0xEEC (R/ )  Integration ETM Data */
1284:./inc/core_cm7.h ****   __IM  uint32_t ITATBCTR2;              /*!< Offset: 0xEF0 (R/ )  ITATBCTR2 */
1285:./inc/core_cm7.h ****         uint32_t RESERVED4[1U];
1286:./inc/core_cm7.h ****   __IM  uint32_t ITATBCTR0;              /*!< Offset: 0xEF8 (R/ )  ITATBCTR0 */
1287:./inc/core_cm7.h ****   __IM  uint32_t FIFO1;                  /*!< Offset: 0xEFC (R/ )  Integration ITM Data */
1288:./inc/core_cm7.h ****   __IOM uint32_t ITCTRL;                 /*!< Offset: 0xF00 (R/W)  Integration Mode Control */
1289:./inc/core_cm7.h ****         uint32_t RESERVED5[39U];
1290:./inc/core_cm7.h ****   __IOM uint32_t CLAIMSET;               /*!< Offset: 0xFA0 (R/W)  Claim tag set */
1291:./inc/core_cm7.h ****   __IOM uint32_t CLAIMCLR;               /*!< Offset: 0xFA4 (R/W)  Claim tag clear */
1292:./inc/core_cm7.h ****         uint32_t RESERVED7[8U];
1293:./inc/core_cm7.h ****   __IM  uint32_t DEVID;                  /*!< Offset: 0xFC8 (R/ )  TPIU_DEVID */
1294:./inc/core_cm7.h ****   __IM  uint32_t DEVTYPE;                /*!< Offset: 0xFCC (R/ )  TPIU_DEVTYPE */
1295:./inc/core_cm7.h **** } TPI_Type;
1296:./inc/core_cm7.h **** 
1297:./inc/core_cm7.h **** /* TPI Asynchronous Clock Prescaler Register Definitions */
1298:./inc/core_cm7.h **** #define TPI_ACPR_PRESCALER_Pos              0U                                         /*!< TPI ACP
1299:./inc/core_cm7.h **** #define TPI_ACPR_PRESCALER_Msk             (0x1FFFUL /*<< TPI_ACPR_PRESCALER_Pos*/)    /*!< TPI ACP
1300:./inc/core_cm7.h **** 
1301:./inc/core_cm7.h **** /* TPI Selected Pin Protocol Register Definitions */
1302:./inc/core_cm7.h **** #define TPI_SPPR_TXMODE_Pos                 0U                                         /*!< TPI SPP
1303:./inc/core_cm7.h **** #define TPI_SPPR_TXMODE_Msk                (0x3UL /*<< TPI_SPPR_TXMODE_Pos*/)          /*!< TPI SPP
1304:./inc/core_cm7.h **** 
1305:./inc/core_cm7.h **** /* TPI Formatter and Flush Status Register Definitions */
1306:./inc/core_cm7.h **** #define TPI_FFSR_FtNonStop_Pos              3U                                         /*!< TPI FFS
1307:./inc/core_cm7.h **** #define TPI_FFSR_FtNonStop_Msk             (0x1UL << TPI_FFSR_FtNonStop_Pos)           /*!< TPI FFS
1308:./inc/core_cm7.h **** 
1309:./inc/core_cm7.h **** #define TPI_FFSR_TCPresent_Pos              2U                                         /*!< TPI FFS
1310:./inc/core_cm7.h **** #define TPI_FFSR_TCPresent_Msk             (0x1UL << TPI_FFSR_TCPresent_Pos)           /*!< TPI FFS
1311:./inc/core_cm7.h **** 
1312:./inc/core_cm7.h **** #define TPI_FFSR_FtStopped_Pos              1U                                         /*!< TPI FFS
1313:./inc/core_cm7.h **** #define TPI_FFSR_FtStopped_Msk             (0x1UL << TPI_FFSR_FtStopped_Pos)           /*!< TPI FFS
1314:./inc/core_cm7.h **** 
1315:./inc/core_cm7.h **** #define TPI_FFSR_FlInProg_Pos               0U                                         /*!< TPI FFS
1316:./inc/core_cm7.h **** #define TPI_FFSR_FlInProg_Msk              (0x1UL /*<< TPI_FFSR_FlInProg_Pos*/)        /*!< TPI FFS
1317:./inc/core_cm7.h **** 
1318:./inc/core_cm7.h **** /* TPI Formatter and Flush Control Register Definitions */
1319:./inc/core_cm7.h **** #define TPI_FFCR_TrigIn_Pos                 8U                                         /*!< TPI FFC
1320:./inc/core_cm7.h **** #define TPI_FFCR_TrigIn_Msk                (0x1UL << TPI_FFCR_TrigIn_Pos)              /*!< TPI FFC
1321:./inc/core_cm7.h **** 
1322:./inc/core_cm7.h **** #define TPI_FFCR_EnFCont_Pos                1U                                         /*!< TPI FFC
1323:./inc/core_cm7.h **** #define TPI_FFCR_EnFCont_Msk               (0x1UL << TPI_FFCR_EnFCont_Pos)             /*!< TPI FFC
1324:./inc/core_cm7.h **** 
1325:./inc/core_cm7.h **** /* TPI TRIGGER Register Definitions */
1326:./inc/core_cm7.h **** #define TPI_TRIGGER_TRIGGER_Pos             0U                                         /*!< TPI TRI
1327:./inc/core_cm7.h **** #define TPI_TRIGGER_TRIGGER_Msk            (0x1UL /*<< TPI_TRIGGER_TRIGGER_Pos*/)      /*!< TPI TRI
1328:./inc/core_cm7.h **** 
1329:./inc/core_cm7.h **** /* TPI Integration ETM Data Register Definitions (FIFO0) */
1330:./inc/core_cm7.h **** #define TPI_FIFO0_ITM_ATVALID_Pos          29U                                         /*!< TPI FIF
1331:./inc/core_cm7.h **** #define TPI_FIFO0_ITM_ATVALID_Msk          (0x1UL << TPI_FIFO0_ITM_ATVALID_Pos)        /*!< TPI FIF
1332:./inc/core_cm7.h **** 
1333:./inc/core_cm7.h **** #define TPI_FIFO0_ITM_bytecount_Pos        27U                                         /*!< TPI FIF
1334:./inc/core_cm7.h **** #define TPI_FIFO0_ITM_bytecount_Msk        (0x3UL << TPI_FIFO0_ITM_bytecount_Pos)      /*!< TPI FIF
1335:./inc/core_cm7.h **** 
1336:./inc/core_cm7.h **** #define TPI_FIFO0_ETM_ATVALID_Pos          26U                                         /*!< TPI FIF
1337:./inc/core_cm7.h **** #define TPI_FIFO0_ETM_ATVALID_Msk          (0x1UL << TPI_FIFO0_ETM_ATVALID_Pos)        /*!< TPI FIF
1338:./inc/core_cm7.h **** 
1339:./inc/core_cm7.h **** #define TPI_FIFO0_ETM_bytecount_Pos        24U                                         /*!< TPI FIF
1340:./inc/core_cm7.h **** #define TPI_FIFO0_ETM_bytecount_Msk        (0x3UL << TPI_FIFO0_ETM_bytecount_Pos)      /*!< TPI FIF
1341:./inc/core_cm7.h **** 
1342:./inc/core_cm7.h **** #define TPI_FIFO0_ETM2_Pos                 16U                                         /*!< TPI FIF
1343:./inc/core_cm7.h **** #define TPI_FIFO0_ETM2_Msk                 (0xFFUL << TPI_FIFO0_ETM2_Pos)              /*!< TPI FIF
1344:./inc/core_cm7.h **** 
1345:./inc/core_cm7.h **** #define TPI_FIFO0_ETM1_Pos                  8U                                         /*!< TPI FIF
1346:./inc/core_cm7.h **** #define TPI_FIFO0_ETM1_Msk                 (0xFFUL << TPI_FIFO0_ETM1_Pos)              /*!< TPI FIF
1347:./inc/core_cm7.h **** 
1348:./inc/core_cm7.h **** #define TPI_FIFO0_ETM0_Pos                  0U                                         /*!< TPI FIF
1349:./inc/core_cm7.h **** #define TPI_FIFO0_ETM0_Msk                 (0xFFUL /*<< TPI_FIFO0_ETM0_Pos*/)          /*!< TPI FIF
1350:./inc/core_cm7.h **** 
1351:./inc/core_cm7.h **** /* TPI ITATBCTR2 Register Definitions */
1352:./inc/core_cm7.h **** #define TPI_ITATBCTR2_ATREADY2_Pos          0U                                         /*!< TPI ITA
1353:./inc/core_cm7.h **** #define TPI_ITATBCTR2_ATREADY2_Msk         (0x1UL /*<< TPI_ITATBCTR2_ATREADY2_Pos*/)   /*!< TPI ITA
1354:./inc/core_cm7.h **** 
1355:./inc/core_cm7.h **** #define TPI_ITATBCTR2_ATREADY1_Pos          0U                                         /*!< TPI ITA
1356:./inc/core_cm7.h **** #define TPI_ITATBCTR2_ATREADY1_Msk         (0x1UL /*<< TPI_ITATBCTR2_ATREADY1_Pos*/)   /*!< TPI ITA
1357:./inc/core_cm7.h **** 
1358:./inc/core_cm7.h **** /* TPI Integration ITM Data Register Definitions (FIFO1) */
1359:./inc/core_cm7.h **** #define TPI_FIFO1_ITM_ATVALID_Pos          29U                                         /*!< TPI FIF
1360:./inc/core_cm7.h **** #define TPI_FIFO1_ITM_ATVALID_Msk          (0x1UL << TPI_FIFO1_ITM_ATVALID_Pos)        /*!< TPI FIF
1361:./inc/core_cm7.h **** 
1362:./inc/core_cm7.h **** #define TPI_FIFO1_ITM_bytecount_Pos        27U                                         /*!< TPI FIF
1363:./inc/core_cm7.h **** #define TPI_FIFO1_ITM_bytecount_Msk        (0x3UL << TPI_FIFO1_ITM_bytecount_Pos)      /*!< TPI FIF
1364:./inc/core_cm7.h **** 
1365:./inc/core_cm7.h **** #define TPI_FIFO1_ETM_ATVALID_Pos          26U                                         /*!< TPI FIF
1366:./inc/core_cm7.h **** #define TPI_FIFO1_ETM_ATVALID_Msk          (0x1UL << TPI_FIFO1_ETM_ATVALID_Pos)        /*!< TPI FIF
1367:./inc/core_cm7.h **** 
1368:./inc/core_cm7.h **** #define TPI_FIFO1_ETM_bytecount_Pos        24U                                         /*!< TPI FIF
1369:./inc/core_cm7.h **** #define TPI_FIFO1_ETM_bytecount_Msk        (0x3UL << TPI_FIFO1_ETM_bytecount_Pos)      /*!< TPI FIF
1370:./inc/core_cm7.h **** 
1371:./inc/core_cm7.h **** #define TPI_FIFO1_ITM2_Pos                 16U                                         /*!< TPI FIF
1372:./inc/core_cm7.h **** #define TPI_FIFO1_ITM2_Msk                 (0xFFUL << TPI_FIFO1_ITM2_Pos)              /*!< TPI FIF
1373:./inc/core_cm7.h **** 
1374:./inc/core_cm7.h **** #define TPI_FIFO1_ITM1_Pos                  8U                                         /*!< TPI FIF
1375:./inc/core_cm7.h **** #define TPI_FIFO1_ITM1_Msk                 (0xFFUL << TPI_FIFO1_ITM1_Pos)              /*!< TPI FIF
1376:./inc/core_cm7.h **** 
1377:./inc/core_cm7.h **** #define TPI_FIFO1_ITM0_Pos                  0U                                         /*!< TPI FIF
1378:./inc/core_cm7.h **** #define TPI_FIFO1_ITM0_Msk                 (0xFFUL /*<< TPI_FIFO1_ITM0_Pos*/)          /*!< TPI FIF
1379:./inc/core_cm7.h **** 
1380:./inc/core_cm7.h **** /* TPI ITATBCTR0 Register Definitions */
1381:./inc/core_cm7.h **** #define TPI_ITATBCTR0_ATREADY2_Pos          0U                                         /*!< TPI ITA
1382:./inc/core_cm7.h **** #define TPI_ITATBCTR0_ATREADY2_Msk         (0x1UL /*<< TPI_ITATBCTR0_ATREADY2_Pos*/)   /*!< TPI ITA
1383:./inc/core_cm7.h **** 
1384:./inc/core_cm7.h **** #define TPI_ITATBCTR0_ATREADY1_Pos          0U                                         /*!< TPI ITA
1385:./inc/core_cm7.h **** #define TPI_ITATBCTR0_ATREADY1_Msk         (0x1UL /*<< TPI_ITATBCTR0_ATREADY1_Pos*/)   /*!< TPI ITA
1386:./inc/core_cm7.h **** 
1387:./inc/core_cm7.h **** /* TPI Integration Mode Control Register Definitions */
1388:./inc/core_cm7.h **** #define TPI_ITCTRL_Mode_Pos                 0U                                         /*!< TPI ITC
1389:./inc/core_cm7.h **** #define TPI_ITCTRL_Mode_Msk                (0x3UL /*<< TPI_ITCTRL_Mode_Pos*/)          /*!< TPI ITC
1390:./inc/core_cm7.h **** 
1391:./inc/core_cm7.h **** /* TPI DEVID Register Definitions */
1392:./inc/core_cm7.h **** #define TPI_DEVID_NRZVALID_Pos             11U                                         /*!< TPI DEV
1393:./inc/core_cm7.h **** #define TPI_DEVID_NRZVALID_Msk             (0x1UL << TPI_DEVID_NRZVALID_Pos)           /*!< TPI DEV
1394:./inc/core_cm7.h **** 
1395:./inc/core_cm7.h **** #define TPI_DEVID_MANCVALID_Pos            10U                                         /*!< TPI DEV
1396:./inc/core_cm7.h **** #define TPI_DEVID_MANCVALID_Msk            (0x1UL << TPI_DEVID_MANCVALID_Pos)          /*!< TPI DEV
1397:./inc/core_cm7.h **** 
1398:./inc/core_cm7.h **** #define TPI_DEVID_PTINVALID_Pos             9U                                         /*!< TPI DEV
1399:./inc/core_cm7.h **** #define TPI_DEVID_PTINVALID_Msk            (0x1UL << TPI_DEVID_PTINVALID_Pos)          /*!< TPI DEV
1400:./inc/core_cm7.h **** 
1401:./inc/core_cm7.h **** #define TPI_DEVID_MinBufSz_Pos              6U                                         /*!< TPI DEV
1402:./inc/core_cm7.h **** #define TPI_DEVID_MinBufSz_Msk             (0x7UL << TPI_DEVID_MinBufSz_Pos)           /*!< TPI DEV
1403:./inc/core_cm7.h **** 
1404:./inc/core_cm7.h **** #define TPI_DEVID_AsynClkIn_Pos             5U                                         /*!< TPI DEV
1405:./inc/core_cm7.h **** #define TPI_DEVID_AsynClkIn_Msk            (0x1UL << TPI_DEVID_AsynClkIn_Pos)          /*!< TPI DEV
1406:./inc/core_cm7.h **** 
1407:./inc/core_cm7.h **** #define TPI_DEVID_NrTraceInput_Pos          0U                                         /*!< TPI DEV
1408:./inc/core_cm7.h **** #define TPI_DEVID_NrTraceInput_Msk         (0x1FUL /*<< TPI_DEVID_NrTraceInput_Pos*/)  /*!< TPI DEV
1409:./inc/core_cm7.h **** 
1410:./inc/core_cm7.h **** /* TPI DEVTYPE Register Definitions */
1411:./inc/core_cm7.h **** #define TPI_DEVTYPE_SubType_Pos             4U                                         /*!< TPI DEV
1412:./inc/core_cm7.h **** #define TPI_DEVTYPE_SubType_Msk            (0xFUL /*<< TPI_DEVTYPE_SubType_Pos*/)      /*!< TPI DEV
1413:./inc/core_cm7.h **** 
1414:./inc/core_cm7.h **** #define TPI_DEVTYPE_MajorType_Pos           0U                                         /*!< TPI DEV
1415:./inc/core_cm7.h **** #define TPI_DEVTYPE_MajorType_Msk          (0xFUL << TPI_DEVTYPE_MajorType_Pos)        /*!< TPI DEV
1416:./inc/core_cm7.h **** 
1417:./inc/core_cm7.h **** /*@}*/ /* end of group CMSIS_TPI */
1418:./inc/core_cm7.h **** 
1419:./inc/core_cm7.h **** 
1420:./inc/core_cm7.h **** #if defined (__MPU_PRESENT) && (__MPU_PRESENT == 1U)
1421:./inc/core_cm7.h **** /**
1422:./inc/core_cm7.h ****   \ingroup  CMSIS_core_register
1423:./inc/core_cm7.h ****   \defgroup CMSIS_MPU     Memory Protection Unit (MPU)
1424:./inc/core_cm7.h ****   \brief    Type definitions for the Memory Protection Unit (MPU)
1425:./inc/core_cm7.h ****   @{
1426:./inc/core_cm7.h ****  */
1427:./inc/core_cm7.h **** 
1428:./inc/core_cm7.h **** /**
1429:./inc/core_cm7.h ****   \brief  Structure type to access the Memory Protection Unit (MPU).
1430:./inc/core_cm7.h ****  */
1431:./inc/core_cm7.h **** typedef struct
1432:./inc/core_cm7.h **** {
1433:./inc/core_cm7.h ****   __IM  uint32_t TYPE;                   /*!< Offset: 0x000 (R/ )  MPU Type Register */
1434:./inc/core_cm7.h ****   __IOM uint32_t CTRL;                   /*!< Offset: 0x004 (R/W)  MPU Control Register */
1435:./inc/core_cm7.h ****   __IOM uint32_t RNR;                    /*!< Offset: 0x008 (R/W)  MPU Region RNRber Register */
1436:./inc/core_cm7.h ****   __IOM uint32_t RBAR;                   /*!< Offset: 0x00C (R/W)  MPU Region Base Address Register
1437:./inc/core_cm7.h ****   __IOM uint32_t RASR;                   /*!< Offset: 0x010 (R/W)  MPU Region Attribute and Size Re
1438:./inc/core_cm7.h ****   __IOM uint32_t RBAR_A1;                /*!< Offset: 0x014 (R/W)  MPU Alias 1 Region Base Address 
1439:./inc/core_cm7.h ****   __IOM uint32_t RASR_A1;                /*!< Offset: 0x018 (R/W)  MPU Alias 1 Region Attribute and
1440:./inc/core_cm7.h ****   __IOM uint32_t RBAR_A2;                /*!< Offset: 0x01C (R/W)  MPU Alias 2 Region Base Address 
1441:./inc/core_cm7.h ****   __IOM uint32_t RASR_A2;                /*!< Offset: 0x020 (R/W)  MPU Alias 2 Region Attribute and
1442:./inc/core_cm7.h ****   __IOM uint32_t RBAR_A3;                /*!< Offset: 0x024 (R/W)  MPU Alias 3 Region Base Address 
1443:./inc/core_cm7.h ****   __IOM uint32_t RASR_A3;                /*!< Offset: 0x028 (R/W)  MPU Alias 3 Region Attribute and
1444:./inc/core_cm7.h **** } MPU_Type;
1445:./inc/core_cm7.h **** 
1446:./inc/core_cm7.h **** #define MPU_TYPE_RALIASES                  4U
1447:./inc/core_cm7.h **** 
1448:./inc/core_cm7.h **** /* MPU Type Register Definitions */
1449:./inc/core_cm7.h **** #define MPU_TYPE_IREGION_Pos               16U                                            /*!< MPU 
1450:./inc/core_cm7.h **** #define MPU_TYPE_IREGION_Msk               (0xFFUL << MPU_TYPE_IREGION_Pos)               /*!< MPU 
1451:./inc/core_cm7.h **** 
1452:./inc/core_cm7.h **** #define MPU_TYPE_DREGION_Pos                8U                                            /*!< MPU 
1453:./inc/core_cm7.h **** #define MPU_TYPE_DREGION_Msk               (0xFFUL << MPU_TYPE_DREGION_Pos)               /*!< MPU 
1454:./inc/core_cm7.h **** 
1455:./inc/core_cm7.h **** #define MPU_TYPE_SEPARATE_Pos               0U                                            /*!< MPU 
1456:./inc/core_cm7.h **** #define MPU_TYPE_SEPARATE_Msk              (1UL /*<< MPU_TYPE_SEPARATE_Pos*/)             /*!< MPU 
1457:./inc/core_cm7.h **** 
1458:./inc/core_cm7.h **** /* MPU Control Register Definitions */
1459:./inc/core_cm7.h **** #define MPU_CTRL_PRIVDEFENA_Pos             2U                                            /*!< MPU 
1460:./inc/core_cm7.h **** #define MPU_CTRL_PRIVDEFENA_Msk            (1UL << MPU_CTRL_PRIVDEFENA_Pos)               /*!< MPU 
1461:./inc/core_cm7.h **** 
1462:./inc/core_cm7.h **** #define MPU_CTRL_HFNMIENA_Pos               1U                                            /*!< MPU 
1463:./inc/core_cm7.h **** #define MPU_CTRL_HFNMIENA_Msk              (1UL << MPU_CTRL_HFNMIENA_Pos)                 /*!< MPU 
1464:./inc/core_cm7.h **** 
1465:./inc/core_cm7.h **** #define MPU_CTRL_ENABLE_Pos                 0U                                            /*!< MPU 
1466:./inc/core_cm7.h **** #define MPU_CTRL_ENABLE_Msk                (1UL /*<< MPU_CTRL_ENABLE_Pos*/)               /*!< MPU 
1467:./inc/core_cm7.h **** 
1468:./inc/core_cm7.h **** /* MPU Region Number Register Definitions */
1469:./inc/core_cm7.h **** #define MPU_RNR_REGION_Pos                  0U                                            /*!< MPU 
1470:./inc/core_cm7.h **** #define MPU_RNR_REGION_Msk                 (0xFFUL /*<< MPU_RNR_REGION_Pos*/)             /*!< MPU 
1471:./inc/core_cm7.h **** 
1472:./inc/core_cm7.h **** /* MPU Region Base Address Register Definitions */
1473:./inc/core_cm7.h **** #define MPU_RBAR_ADDR_Pos                   5U                                            /*!< MPU 
1474:./inc/core_cm7.h **** #define MPU_RBAR_ADDR_Msk                  (0x7FFFFFFUL << MPU_RBAR_ADDR_Pos)             /*!< MPU 
1475:./inc/core_cm7.h **** 
1476:./inc/core_cm7.h **** #define MPU_RBAR_VALID_Pos                  4U                                            /*!< MPU 
1477:./inc/core_cm7.h **** #define MPU_RBAR_VALID_Msk                 (1UL << MPU_RBAR_VALID_Pos)                    /*!< MPU 
1478:./inc/core_cm7.h **** 
1479:./inc/core_cm7.h **** #define MPU_RBAR_REGION_Pos                 0U                                            /*!< MPU 
1480:./inc/core_cm7.h **** #define MPU_RBAR_REGION_Msk                (0xFUL /*<< MPU_RBAR_REGION_Pos*/)             /*!< MPU 
1481:./inc/core_cm7.h **** 
1482:./inc/core_cm7.h **** /* MPU Region Attribute and Size Register Definitions */
1483:./inc/core_cm7.h **** #define MPU_RASR_ATTRS_Pos                 16U                                            /*!< MPU 
1484:./inc/core_cm7.h **** #define MPU_RASR_ATTRS_Msk                 (0xFFFFUL << MPU_RASR_ATTRS_Pos)               /*!< MPU 
1485:./inc/core_cm7.h **** 
1486:./inc/core_cm7.h **** #define MPU_RASR_XN_Pos                    28U                                            /*!< MPU 
1487:./inc/core_cm7.h **** #define MPU_RASR_XN_Msk                    (1UL << MPU_RASR_XN_Pos)                       /*!< MPU 
1488:./inc/core_cm7.h **** 
1489:./inc/core_cm7.h **** #define MPU_RASR_AP_Pos                    24U                                            /*!< MPU 
1490:./inc/core_cm7.h **** #define MPU_RASR_AP_Msk                    (0x7UL << MPU_RASR_AP_Pos)                     /*!< MPU 
1491:./inc/core_cm7.h **** 
1492:./inc/core_cm7.h **** #define MPU_RASR_TEX_Pos                   19U                                            /*!< MPU 
1493:./inc/core_cm7.h **** #define MPU_RASR_TEX_Msk                   (0x7UL << MPU_RASR_TEX_Pos)                    /*!< MPU 
1494:./inc/core_cm7.h **** 
1495:./inc/core_cm7.h **** #define MPU_RASR_S_Pos                     18U                                            /*!< MPU 
1496:./inc/core_cm7.h **** #define MPU_RASR_S_Msk                     (1UL << MPU_RASR_S_Pos)                        /*!< MPU 
1497:./inc/core_cm7.h **** 
1498:./inc/core_cm7.h **** #define MPU_RASR_C_Pos                     17U                                            /*!< MPU 
1499:./inc/core_cm7.h **** #define MPU_RASR_C_Msk                     (1UL << MPU_RASR_C_Pos)                        /*!< MPU 
1500:./inc/core_cm7.h **** 
1501:./inc/core_cm7.h **** #define MPU_RASR_B_Pos                     16U                                            /*!< MPU 
1502:./inc/core_cm7.h **** #define MPU_RASR_B_Msk                     (1UL << MPU_RASR_B_Pos)                        /*!< MPU 
1503:./inc/core_cm7.h **** 
1504:./inc/core_cm7.h **** #define MPU_RASR_SRD_Pos                    8U                                            /*!< MPU 
1505:./inc/core_cm7.h **** #define MPU_RASR_SRD_Msk                   (0xFFUL << MPU_RASR_SRD_Pos)                   /*!< MPU 
1506:./inc/core_cm7.h **** 
1507:./inc/core_cm7.h **** #define MPU_RASR_SIZE_Pos                   1U                                            /*!< MPU 
1508:./inc/core_cm7.h **** #define MPU_RASR_SIZE_Msk                  (0x1FUL << MPU_RASR_SIZE_Pos)                  /*!< MPU 
1509:./inc/core_cm7.h **** 
1510:./inc/core_cm7.h **** #define MPU_RASR_ENABLE_Pos                 0U                                            /*!< MPU 
1511:./inc/core_cm7.h **** #define MPU_RASR_ENABLE_Msk                (1UL /*<< MPU_RASR_ENABLE_Pos*/)               /*!< MPU 
1512:./inc/core_cm7.h **** 
1513:./inc/core_cm7.h **** /*@} end of group CMSIS_MPU */
1514:./inc/core_cm7.h **** #endif /* defined (__MPU_PRESENT) && (__MPU_PRESENT == 1U) */
1515:./inc/core_cm7.h **** 
1516:./inc/core_cm7.h **** 
1517:./inc/core_cm7.h **** /**
1518:./inc/core_cm7.h ****   \ingroup  CMSIS_core_register
1519:./inc/core_cm7.h ****   \defgroup CMSIS_FPU     Floating Point Unit (FPU)
1520:./inc/core_cm7.h ****   \brief    Type definitions for the Floating Point Unit (FPU)
1521:./inc/core_cm7.h ****   @{
1522:./inc/core_cm7.h ****  */
1523:./inc/core_cm7.h **** 
1524:./inc/core_cm7.h **** /**
1525:./inc/core_cm7.h ****   \brief  Structure type to access the Floating Point Unit (FPU).
1526:./inc/core_cm7.h ****  */
1527:./inc/core_cm7.h **** typedef struct
1528:./inc/core_cm7.h **** {
1529:./inc/core_cm7.h ****         uint32_t RESERVED0[1U];
1530:./inc/core_cm7.h ****   __IOM uint32_t FPCCR;                  /*!< Offset: 0x004 (R/W)  Floating-Point Context Control R
1531:./inc/core_cm7.h ****   __IOM uint32_t FPCAR;                  /*!< Offset: 0x008 (R/W)  Floating-Point Context Address R
1532:./inc/core_cm7.h ****   __IOM uint32_t FPDSCR;                 /*!< Offset: 0x00C (R/W)  Floating-Point Default Status Co
1533:./inc/core_cm7.h ****   __IM  uint32_t MVFR0;                  /*!< Offset: 0x010 (R/ )  Media and FP Feature Register 0 
1534:./inc/core_cm7.h ****   __IM  uint32_t MVFR1;                  /*!< Offset: 0x014 (R/ )  Media and FP Feature Register 1 
1535:./inc/core_cm7.h ****   __IM  uint32_t MVFR2;                  /*!< Offset: 0x018 (R/ )  Media and FP Feature Register 2 
1536:./inc/core_cm7.h **** } FPU_Type;
1537:./inc/core_cm7.h **** 
1538:./inc/core_cm7.h **** /* Floating-Point Context Control Register Definitions */
1539:./inc/core_cm7.h **** #define FPU_FPCCR_ASPEN_Pos                31U                                            /*!< FPCC
1540:./inc/core_cm7.h **** #define FPU_FPCCR_ASPEN_Msk                (1UL << FPU_FPCCR_ASPEN_Pos)                   /*!< FPCC
1541:./inc/core_cm7.h **** 
1542:./inc/core_cm7.h **** #define FPU_FPCCR_LSPEN_Pos                30U                                            /*!< FPCC
1543:./inc/core_cm7.h **** #define FPU_FPCCR_LSPEN_Msk                (1UL << FPU_FPCCR_LSPEN_Pos)                   /*!< FPCC
1544:./inc/core_cm7.h **** 
1545:./inc/core_cm7.h **** #define FPU_FPCCR_MONRDY_Pos                8U                                            /*!< FPCC
1546:./inc/core_cm7.h **** #define FPU_FPCCR_MONRDY_Msk               (1UL << FPU_FPCCR_MONRDY_Pos)                  /*!< FPCC
1547:./inc/core_cm7.h **** 
1548:./inc/core_cm7.h **** #define FPU_FPCCR_BFRDY_Pos                 6U                                            /*!< FPCC
1549:./inc/core_cm7.h **** #define FPU_FPCCR_BFRDY_Msk                (1UL << FPU_FPCCR_BFRDY_Pos)                   /*!< FPCC
1550:./inc/core_cm7.h **** 
1551:./inc/core_cm7.h **** #define FPU_FPCCR_MMRDY_Pos                 5U                                            /*!< FPCC
1552:./inc/core_cm7.h **** #define FPU_FPCCR_MMRDY_Msk                (1UL << FPU_FPCCR_MMRDY_Pos)                   /*!< FPCC
1553:./inc/core_cm7.h **** 
1554:./inc/core_cm7.h **** #define FPU_FPCCR_HFRDY_Pos                 4U                                            /*!< FPCC
1555:./inc/core_cm7.h **** #define FPU_FPCCR_HFRDY_Msk                (1UL << FPU_FPCCR_HFRDY_Pos)                   /*!< FPCC
1556:./inc/core_cm7.h **** 
1557:./inc/core_cm7.h **** #define FPU_FPCCR_THREAD_Pos                3U                                            /*!< FPCC
1558:./inc/core_cm7.h **** #define FPU_FPCCR_THREAD_Msk               (1UL << FPU_FPCCR_THREAD_Pos)                  /*!< FPCC
1559:./inc/core_cm7.h **** 
1560:./inc/core_cm7.h **** #define FPU_FPCCR_USER_Pos                  1U                                            /*!< FPCC
1561:./inc/core_cm7.h **** #define FPU_FPCCR_USER_Msk                 (1UL << FPU_FPCCR_USER_Pos)                    /*!< FPCC
1562:./inc/core_cm7.h **** 
1563:./inc/core_cm7.h **** #define FPU_FPCCR_LSPACT_Pos                0U                                            /*!< FPCC
1564:./inc/core_cm7.h **** #define FPU_FPCCR_LSPACT_Msk               (1UL /*<< FPU_FPCCR_LSPACT_Pos*/)              /*!< FPCC
1565:./inc/core_cm7.h **** 
1566:./inc/core_cm7.h **** /* Floating-Point Context Address Register Definitions */
1567:./inc/core_cm7.h **** #define FPU_FPCAR_ADDRESS_Pos               3U                                            /*!< FPCA
1568:./inc/core_cm7.h **** #define FPU_FPCAR_ADDRESS_Msk              (0x1FFFFFFFUL << FPU_FPCAR_ADDRESS_Pos)        /*!< FPCA
1569:./inc/core_cm7.h **** 
1570:./inc/core_cm7.h **** /* Floating-Point Default Status Control Register Definitions */
1571:./inc/core_cm7.h **** #define FPU_FPDSCR_AHP_Pos                 26U                                            /*!< FPDS
1572:./inc/core_cm7.h **** #define FPU_FPDSCR_AHP_Msk                 (1UL << FPU_FPDSCR_AHP_Pos)                    /*!< FPDS
1573:./inc/core_cm7.h **** 
1574:./inc/core_cm7.h **** #define FPU_FPDSCR_DN_Pos                  25U                                            /*!< FPDS
1575:./inc/core_cm7.h **** #define FPU_FPDSCR_DN_Msk                  (1UL << FPU_FPDSCR_DN_Pos)                     /*!< FPDS
1576:./inc/core_cm7.h **** 
1577:./inc/core_cm7.h **** #define FPU_FPDSCR_FZ_Pos                  24U                                            /*!< FPDS
1578:./inc/core_cm7.h **** #define FPU_FPDSCR_FZ_Msk                  (1UL << FPU_FPDSCR_FZ_Pos)                     /*!< FPDS
1579:./inc/core_cm7.h **** 
1580:./inc/core_cm7.h **** #define FPU_FPDSCR_RMode_Pos               22U                                            /*!< FPDS
1581:./inc/core_cm7.h **** #define FPU_FPDSCR_RMode_Msk               (3UL << FPU_FPDSCR_RMode_Pos)                  /*!< FPDS
1582:./inc/core_cm7.h **** 
1583:./inc/core_cm7.h **** /* Media and FP Feature Register 0 Definitions */
1584:./inc/core_cm7.h **** #define FPU_MVFR0_FP_rounding_modes_Pos    28U                                            /*!< MVFR
1585:./inc/core_cm7.h **** #define FPU_MVFR0_FP_rounding_modes_Msk    (0xFUL << FPU_MVFR0_FP_rounding_modes_Pos)     /*!< MVFR
1586:./inc/core_cm7.h **** 
1587:./inc/core_cm7.h **** #define FPU_MVFR0_Short_vectors_Pos        24U                                            /*!< MVFR
1588:./inc/core_cm7.h **** #define FPU_MVFR0_Short_vectors_Msk        (0xFUL << FPU_MVFR0_Short_vectors_Pos)         /*!< MVFR
1589:./inc/core_cm7.h **** 
1590:./inc/core_cm7.h **** #define FPU_MVFR0_Square_root_Pos          20U                                            /*!< MVFR
1591:./inc/core_cm7.h **** #define FPU_MVFR0_Square_root_Msk          (0xFUL << FPU_MVFR0_Square_root_Pos)           /*!< MVFR
1592:./inc/core_cm7.h **** 
1593:./inc/core_cm7.h **** #define FPU_MVFR0_Divide_Pos               16U                                            /*!< MVFR
1594:./inc/core_cm7.h **** #define FPU_MVFR0_Divide_Msk               (0xFUL << FPU_MVFR0_Divide_Pos)                /*!< MVFR
1595:./inc/core_cm7.h **** 
1596:./inc/core_cm7.h **** #define FPU_MVFR0_FP_excep_trapping_Pos    12U                                            /*!< MVFR
1597:./inc/core_cm7.h **** #define FPU_MVFR0_FP_excep_trapping_Msk    (0xFUL << FPU_MVFR0_FP_excep_trapping_Pos)     /*!< MVFR
1598:./inc/core_cm7.h **** 
1599:./inc/core_cm7.h **** #define FPU_MVFR0_Double_precision_Pos      8U                                            /*!< MVFR
1600:./inc/core_cm7.h **** #define FPU_MVFR0_Double_precision_Msk     (0xFUL << FPU_MVFR0_Double_precision_Pos)      /*!< MVFR
1601:./inc/core_cm7.h **** 
1602:./inc/core_cm7.h **** #define FPU_MVFR0_Single_precision_Pos      4U                                            /*!< MVFR
1603:./inc/core_cm7.h **** #define FPU_MVFR0_Single_precision_Msk     (0xFUL << FPU_MVFR0_Single_precision_Pos)      /*!< MVFR
1604:./inc/core_cm7.h **** 
1605:./inc/core_cm7.h **** #define FPU_MVFR0_A_SIMD_registers_Pos      0U                                            /*!< MVFR
1606:./inc/core_cm7.h **** #define FPU_MVFR0_A_SIMD_registers_Msk     (0xFUL /*<< FPU_MVFR0_A_SIMD_registers_Pos*/)  /*!< MVFR
1607:./inc/core_cm7.h **** 
1608:./inc/core_cm7.h **** /* Media and FP Feature Register 1 Definitions */
1609:./inc/core_cm7.h **** #define FPU_MVFR1_FP_fused_MAC_Pos         28U                                            /*!< MVFR
1610:./inc/core_cm7.h **** #define FPU_MVFR1_FP_fused_MAC_Msk         (0xFUL << FPU_MVFR1_FP_fused_MAC_Pos)          /*!< MVFR
1611:./inc/core_cm7.h **** 
1612:./inc/core_cm7.h **** #define FPU_MVFR1_FP_HPFP_Pos              24U                                            /*!< MVFR
1613:./inc/core_cm7.h **** #define FPU_MVFR1_FP_HPFP_Msk              (0xFUL << FPU_MVFR1_FP_HPFP_Pos)               /*!< MVFR
1614:./inc/core_cm7.h **** 
1615:./inc/core_cm7.h **** #define FPU_MVFR1_D_NaN_mode_Pos            4U                                            /*!< MVFR
1616:./inc/core_cm7.h **** #define FPU_MVFR1_D_NaN_mode_Msk           (0xFUL << FPU_MVFR1_D_NaN_mode_Pos)            /*!< MVFR
1617:./inc/core_cm7.h **** 
1618:./inc/core_cm7.h **** #define FPU_MVFR1_FtZ_mode_Pos              0U                                            /*!< MVFR
1619:./inc/core_cm7.h **** #define FPU_MVFR1_FtZ_mode_Msk             (0xFUL /*<< FPU_MVFR1_FtZ_mode_Pos*/)          /*!< MVFR
1620:./inc/core_cm7.h **** 
1621:./inc/core_cm7.h **** /* Media and FP Feature Register 2 Definitions */
1622:./inc/core_cm7.h **** 
1623:./inc/core_cm7.h **** #define FPU_MVFR2_VFP_Misc_Pos              4U                                            /*!< MVFR
1624:./inc/core_cm7.h **** #define FPU_MVFR2_VFP_Misc_Msk             (0xFUL << FPU_MVFR2_VFP_Misc_Pos)              /*!< MVFR
1625:./inc/core_cm7.h **** 
1626:./inc/core_cm7.h **** /*@} end of group CMSIS_FPU */
1627:./inc/core_cm7.h **** 
1628:./inc/core_cm7.h **** 
1629:./inc/core_cm7.h **** /**
1630:./inc/core_cm7.h ****   \ingroup  CMSIS_core_register
1631:./inc/core_cm7.h ****   \defgroup CMSIS_CoreDebug       Core Debug Registers (CoreDebug)
1632:./inc/core_cm7.h ****   \brief    Type definitions for the Core Debug Registers
1633:./inc/core_cm7.h ****   @{
1634:./inc/core_cm7.h ****  */
1635:./inc/core_cm7.h **** 
1636:./inc/core_cm7.h **** /**
1637:./inc/core_cm7.h ****   \brief  Structure type to access the Core Debug Register (CoreDebug).
1638:./inc/core_cm7.h ****  */
1639:./inc/core_cm7.h **** typedef struct
1640:./inc/core_cm7.h **** {
1641:./inc/core_cm7.h ****   __IOM uint32_t DHCSR;                  /*!< Offset: 0x000 (R/W)  Debug Halting Control and Status
1642:./inc/core_cm7.h ****   __OM  uint32_t DCRSR;                  /*!< Offset: 0x004 ( /W)  Debug Core Register Selector Reg
1643:./inc/core_cm7.h ****   __IOM uint32_t DCRDR;                  /*!< Offset: 0x008 (R/W)  Debug Core Register Data Registe
1644:./inc/core_cm7.h ****   __IOM uint32_t DEMCR;                  /*!< Offset: 0x00C (R/W)  Debug Exception and Monitor Cont
1645:./inc/core_cm7.h **** } CoreDebug_Type;
1646:./inc/core_cm7.h **** 
1647:./inc/core_cm7.h **** /* Debug Halting Control and Status Register Definitions */
1648:./inc/core_cm7.h **** #define CoreDebug_DHCSR_DBGKEY_Pos         16U                                            /*!< Core
1649:./inc/core_cm7.h **** #define CoreDebug_DHCSR_DBGKEY_Msk         (0xFFFFUL << CoreDebug_DHCSR_DBGKEY_Pos)       /*!< Core
1650:./inc/core_cm7.h **** 
1651:./inc/core_cm7.h **** #define CoreDebug_DHCSR_S_RESET_ST_Pos     25U                                            /*!< Core
1652:./inc/core_cm7.h **** #define CoreDebug_DHCSR_S_RESET_ST_Msk     (1UL << CoreDebug_DHCSR_S_RESET_ST_Pos)        /*!< Core
1653:./inc/core_cm7.h **** 
1654:./inc/core_cm7.h **** #define CoreDebug_DHCSR_S_RETIRE_ST_Pos    24U                                            /*!< Core
1655:./inc/core_cm7.h **** #define CoreDebug_DHCSR_S_RETIRE_ST_Msk    (1UL << CoreDebug_DHCSR_S_RETIRE_ST_Pos)       /*!< Core
1656:./inc/core_cm7.h **** 
1657:./inc/core_cm7.h **** #define CoreDebug_DHCSR_S_LOCKUP_Pos       19U                                            /*!< Core
1658:./inc/core_cm7.h **** #define CoreDebug_DHCSR_S_LOCKUP_Msk       (1UL << CoreDebug_DHCSR_S_LOCKUP_Pos)          /*!< Core
1659:./inc/core_cm7.h **** 
1660:./inc/core_cm7.h **** #define CoreDebug_DHCSR_S_SLEEP_Pos        18U                                            /*!< Core
1661:./inc/core_cm7.h **** #define CoreDebug_DHCSR_S_SLEEP_Msk        (1UL << CoreDebug_DHCSR_S_SLEEP_Pos)           /*!< Core
1662:./inc/core_cm7.h **** 
1663:./inc/core_cm7.h **** #define CoreDebug_DHCSR_S_HALT_Pos         17U                                            /*!< Core
1664:./inc/core_cm7.h **** #define CoreDebug_DHCSR_S_HALT_Msk         (1UL << CoreDebug_DHCSR_S_HALT_Pos)            /*!< Core
1665:./inc/core_cm7.h **** 
1666:./inc/core_cm7.h **** #define CoreDebug_DHCSR_S_REGRDY_Pos       16U                                            /*!< Core
1667:./inc/core_cm7.h **** #define CoreDebug_DHCSR_S_REGRDY_Msk       (1UL << CoreDebug_DHCSR_S_REGRDY_Pos)          /*!< Core
1668:./inc/core_cm7.h **** 
1669:./inc/core_cm7.h **** #define CoreDebug_DHCSR_C_SNAPSTALL_Pos     5U                                            /*!< Core
1670:./inc/core_cm7.h **** #define CoreDebug_DHCSR_C_SNAPSTALL_Msk    (1UL << CoreDebug_DHCSR_C_SNAPSTALL_Pos)       /*!< Core
1671:./inc/core_cm7.h **** 
1672:./inc/core_cm7.h **** #define CoreDebug_DHCSR_C_MASKINTS_Pos      3U                                            /*!< Core
1673:./inc/core_cm7.h **** #define CoreDebug_DHCSR_C_MASKINTS_Msk     (1UL << CoreDebug_DHCSR_C_MASKINTS_Pos)        /*!< Core
1674:./inc/core_cm7.h **** 
1675:./inc/core_cm7.h **** #define CoreDebug_DHCSR_C_STEP_Pos          2U                                            /*!< Core
1676:./inc/core_cm7.h **** #define CoreDebug_DHCSR_C_STEP_Msk         (1UL << CoreDebug_DHCSR_C_STEP_Pos)            /*!< Core
1677:./inc/core_cm7.h **** 
1678:./inc/core_cm7.h **** #define CoreDebug_DHCSR_C_HALT_Pos          1U                                            /*!< Core
1679:./inc/core_cm7.h **** #define CoreDebug_DHCSR_C_HALT_Msk         (1UL << CoreDebug_DHCSR_C_HALT_Pos)            /*!< Core
1680:./inc/core_cm7.h **** 
1681:./inc/core_cm7.h **** #define CoreDebug_DHCSR_C_DEBUGEN_Pos       0U                                            /*!< Core
1682:./inc/core_cm7.h **** #define CoreDebug_DHCSR_C_DEBUGEN_Msk      (1UL /*<< CoreDebug_DHCSR_C_DEBUGEN_Pos*/)     /*!< Core
1683:./inc/core_cm7.h **** 
1684:./inc/core_cm7.h **** /* Debug Core Register Selector Register Definitions */
1685:./inc/core_cm7.h **** #define CoreDebug_DCRSR_REGWnR_Pos         16U                                            /*!< Core
1686:./inc/core_cm7.h **** #define CoreDebug_DCRSR_REGWnR_Msk         (1UL << CoreDebug_DCRSR_REGWnR_Pos)            /*!< Core
1687:./inc/core_cm7.h **** 
1688:./inc/core_cm7.h **** #define CoreDebug_DCRSR_REGSEL_Pos          0U                                            /*!< Core
1689:./inc/core_cm7.h **** #define CoreDebug_DCRSR_REGSEL_Msk         (0x1FUL /*<< CoreDebug_DCRSR_REGSEL_Pos*/)     /*!< Core
1690:./inc/core_cm7.h **** 
1691:./inc/core_cm7.h **** /* Debug Exception and Monitor Control Register Definitions */
1692:./inc/core_cm7.h **** #define CoreDebug_DEMCR_TRCENA_Pos         24U                                            /*!< Core
1693:./inc/core_cm7.h **** #define CoreDebug_DEMCR_TRCENA_Msk         (1UL << CoreDebug_DEMCR_TRCENA_Pos)            /*!< Core
1694:./inc/core_cm7.h **** 
1695:./inc/core_cm7.h **** #define CoreDebug_DEMCR_MON_REQ_Pos        19U                                            /*!< Core
1696:./inc/core_cm7.h **** #define CoreDebug_DEMCR_MON_REQ_Msk        (1UL << CoreDebug_DEMCR_MON_REQ_Pos)           /*!< Core
1697:./inc/core_cm7.h **** 
1698:./inc/core_cm7.h **** #define CoreDebug_DEMCR_MON_STEP_Pos       18U                                            /*!< Core
1699:./inc/core_cm7.h **** #define CoreDebug_DEMCR_MON_STEP_Msk       (1UL << CoreDebug_DEMCR_MON_STEP_Pos)          /*!< Core
1700:./inc/core_cm7.h **** 
1701:./inc/core_cm7.h **** #define CoreDebug_DEMCR_MON_PEND_Pos       17U                                            /*!< Core
1702:./inc/core_cm7.h **** #define CoreDebug_DEMCR_MON_PEND_Msk       (1UL << CoreDebug_DEMCR_MON_PEND_Pos)          /*!< Core
1703:./inc/core_cm7.h **** 
1704:./inc/core_cm7.h **** #define CoreDebug_DEMCR_MON_EN_Pos         16U                                            /*!< Core
1705:./inc/core_cm7.h **** #define CoreDebug_DEMCR_MON_EN_Msk         (1UL << CoreDebug_DEMCR_MON_EN_Pos)            /*!< Core
1706:./inc/core_cm7.h **** 
1707:./inc/core_cm7.h **** #define CoreDebug_DEMCR_VC_HARDERR_Pos     10U                                            /*!< Core
1708:./inc/core_cm7.h **** #define CoreDebug_DEMCR_VC_HARDERR_Msk     (1UL << CoreDebug_DEMCR_VC_HARDERR_Pos)        /*!< Core
1709:./inc/core_cm7.h **** 
1710:./inc/core_cm7.h **** #define CoreDebug_DEMCR_VC_INTERR_Pos       9U                                            /*!< Core
1711:./inc/core_cm7.h **** #define CoreDebug_DEMCR_VC_INTERR_Msk      (1UL << CoreDebug_DEMCR_VC_INTERR_Pos)         /*!< Core
1712:./inc/core_cm7.h **** 
1713:./inc/core_cm7.h **** #define CoreDebug_DEMCR_VC_BUSERR_Pos       8U                                            /*!< Core
1714:./inc/core_cm7.h **** #define CoreDebug_DEMCR_VC_BUSERR_Msk      (1UL << CoreDebug_DEMCR_VC_BUSERR_Pos)         /*!< Core
1715:./inc/core_cm7.h **** 
1716:./inc/core_cm7.h **** #define CoreDebug_DEMCR_VC_STATERR_Pos      7U                                            /*!< Core
1717:./inc/core_cm7.h **** #define CoreDebug_DEMCR_VC_STATERR_Msk     (1UL << CoreDebug_DEMCR_VC_STATERR_Pos)        /*!< Core
1718:./inc/core_cm7.h **** 
1719:./inc/core_cm7.h **** #define CoreDebug_DEMCR_VC_CHKERR_Pos       6U                                            /*!< Core
1720:./inc/core_cm7.h **** #define CoreDebug_DEMCR_VC_CHKERR_Msk      (1UL << CoreDebug_DEMCR_VC_CHKERR_Pos)         /*!< Core
1721:./inc/core_cm7.h **** 
1722:./inc/core_cm7.h **** #define CoreDebug_DEMCR_VC_NOCPERR_Pos      5U                                            /*!< Core
1723:./inc/core_cm7.h **** #define CoreDebug_DEMCR_VC_NOCPERR_Msk     (1UL << CoreDebug_DEMCR_VC_NOCPERR_Pos)        /*!< Core
1724:./inc/core_cm7.h **** 
1725:./inc/core_cm7.h **** #define CoreDebug_DEMCR_VC_MMERR_Pos        4U                                            /*!< Core
1726:./inc/core_cm7.h **** #define CoreDebug_DEMCR_VC_MMERR_Msk       (1UL << CoreDebug_DEMCR_VC_MMERR_Pos)          /*!< Core
1727:./inc/core_cm7.h **** 
1728:./inc/core_cm7.h **** #define CoreDebug_DEMCR_VC_CORERESET_Pos    0U                                            /*!< Core
1729:./inc/core_cm7.h **** #define CoreDebug_DEMCR_VC_CORERESET_Msk   (1UL /*<< CoreDebug_DEMCR_VC_CORERESET_Pos*/)  /*!< Core
1730:./inc/core_cm7.h **** 
1731:./inc/core_cm7.h **** /*@} end of group CMSIS_CoreDebug */
1732:./inc/core_cm7.h **** 
1733:./inc/core_cm7.h **** 
1734:./inc/core_cm7.h **** /**
1735:./inc/core_cm7.h ****   \ingroup    CMSIS_core_register
1736:./inc/core_cm7.h ****   \defgroup   CMSIS_core_bitfield     Core register bit field macros
1737:./inc/core_cm7.h ****   \brief      Macros for use with bit field definitions (xxx_Pos, xxx_Msk).
1738:./inc/core_cm7.h ****   @{
1739:./inc/core_cm7.h ****  */
1740:./inc/core_cm7.h **** 
1741:./inc/core_cm7.h **** /**
1742:./inc/core_cm7.h ****   \brief   Mask and shift a bit field value for use in a register bit range.
1743:./inc/core_cm7.h ****   \param[in] field  Name of the register bit field.
1744:./inc/core_cm7.h ****   \param[in] value  Value of the bit field. This parameter is interpreted as an uint32_t type.
1745:./inc/core_cm7.h ****   \return           Masked and shifted value.
1746:./inc/core_cm7.h **** */
1747:./inc/core_cm7.h **** #define _VAL2FLD(field, value)    (((uint32_t)(value) << field ## _Pos) & field ## _Msk)
1748:./inc/core_cm7.h **** 
1749:./inc/core_cm7.h **** /**
1750:./inc/core_cm7.h ****   \brief     Mask and shift a register value to extract a bit filed value.
1751:./inc/core_cm7.h ****   \param[in] field  Name of the register bit field.
1752:./inc/core_cm7.h ****   \param[in] value  Value of register. This parameter is interpreted as an uint32_t type.
1753:./inc/core_cm7.h ****   \return           Masked and shifted bit field value.
1754:./inc/core_cm7.h **** */
1755:./inc/core_cm7.h **** #define _FLD2VAL(field, value)    (((uint32_t)(value) & field ## _Msk) >> field ## _Pos)
1756:./inc/core_cm7.h **** 
1757:./inc/core_cm7.h **** /*@} end of group CMSIS_core_bitfield */
1758:./inc/core_cm7.h **** 
1759:./inc/core_cm7.h **** 
1760:./inc/core_cm7.h **** /**
1761:./inc/core_cm7.h ****   \ingroup    CMSIS_core_register
1762:./inc/core_cm7.h ****   \defgroup   CMSIS_core_base     Core Definitions
1763:./inc/core_cm7.h ****   \brief      Definitions for base addresses, unions, and structures.
1764:./inc/core_cm7.h ****   @{
1765:./inc/core_cm7.h ****  */
1766:./inc/core_cm7.h **** 
1767:./inc/core_cm7.h **** /* Memory mapping of Core Hardware */
1768:./inc/core_cm7.h **** #define SCS_BASE            (0xE000E000UL)                            /*!< System Control Space Bas
1769:./inc/core_cm7.h **** #define ITM_BASE            (0xE0000000UL)                            /*!< ITM Base Address */
1770:./inc/core_cm7.h **** #define DWT_BASE            (0xE0001000UL)                            /*!< DWT Base Address */
1771:./inc/core_cm7.h **** #define TPI_BASE            (0xE0040000UL)                            /*!< TPI Base Address */
1772:./inc/core_cm7.h **** #define CoreDebug_BASE      (0xE000EDF0UL)                            /*!< Core Debug Base Address 
1773:./inc/core_cm7.h **** #define SysTick_BASE        (SCS_BASE +  0x0010UL)                    /*!< SysTick Base Address */
1774:./inc/core_cm7.h **** #define NVIC_BASE           (SCS_BASE +  0x0100UL)                    /*!< NVIC Base Address */
1775:./inc/core_cm7.h **** #define SCB_BASE            (SCS_BASE +  0x0D00UL)                    /*!< System Control Block Bas
1776:./inc/core_cm7.h **** 
1777:./inc/core_cm7.h **** #define SCnSCB              ((SCnSCB_Type    *)     SCS_BASE      )   /*!< System control Register 
1778:./inc/core_cm7.h **** #define SCB                 ((SCB_Type       *)     SCB_BASE      )   /*!< SCB configuration struct
1779:./inc/core_cm7.h **** #define SysTick             ((SysTick_Type   *)     SysTick_BASE  )   /*!< SysTick configuration st
1780:./inc/core_cm7.h **** #define NVIC                ((NVIC_Type      *)     NVIC_BASE     )   /*!< NVIC configuration struc
1781:./inc/core_cm7.h **** #define ITM                 ((ITM_Type       *)     ITM_BASE      )   /*!< ITM configuration struct
1782:./inc/core_cm7.h **** #define DWT                 ((DWT_Type       *)     DWT_BASE      )   /*!< DWT configuration struct
1783:./inc/core_cm7.h **** #define TPI                 ((TPI_Type       *)     TPI_BASE      )   /*!< TPI configuration struct
1784:./inc/core_cm7.h **** #define CoreDebug           ((CoreDebug_Type *)     CoreDebug_BASE)   /*!< Core Debug configuration
1785:./inc/core_cm7.h **** 
1786:./inc/core_cm7.h **** #if defined (__MPU_PRESENT) && (__MPU_PRESENT == 1U)
1787:./inc/core_cm7.h ****   #define MPU_BASE          (SCS_BASE +  0x0D90UL)                    /*!< Memory Protection Unit *
1788:./inc/core_cm7.h ****   #define MPU               ((MPU_Type       *)     MPU_BASE      )   /*!< Memory Protection Unit *
1789:./inc/core_cm7.h **** #endif
1790:./inc/core_cm7.h **** 
1791:./inc/core_cm7.h **** #define FPU_BASE            (SCS_BASE +  0x0F30UL)                    /*!< Floating Point Unit */
1792:./inc/core_cm7.h **** #define FPU                 ((FPU_Type       *)     FPU_BASE      )   /*!< Floating Point Unit */
1793:./inc/core_cm7.h **** 
1794:./inc/core_cm7.h **** /*@} */
1795:./inc/core_cm7.h **** 
1796:./inc/core_cm7.h **** 
1797:./inc/core_cm7.h **** 
1798:./inc/core_cm7.h **** /*******************************************************************************
1799:./inc/core_cm7.h ****  *                Hardware Abstraction Layer
1800:./inc/core_cm7.h ****   Core Function Interface contains:
1801:./inc/core_cm7.h ****   - Core NVIC Functions
1802:./inc/core_cm7.h ****   - Core SysTick Functions
1803:./inc/core_cm7.h ****   - Core Debug Functions
1804:./inc/core_cm7.h ****   - Core Register Access Functions
1805:./inc/core_cm7.h ****  ******************************************************************************/
1806:./inc/core_cm7.h **** /**
1807:./inc/core_cm7.h ****   \defgroup CMSIS_Core_FunctionInterface Functions and Instructions Reference
1808:./inc/core_cm7.h **** */
1809:./inc/core_cm7.h **** 
1810:./inc/core_cm7.h **** 
1811:./inc/core_cm7.h **** 
1812:./inc/core_cm7.h **** /* ##########################   NVIC functions  #################################### */
1813:./inc/core_cm7.h **** /**
1814:./inc/core_cm7.h ****   \ingroup  CMSIS_Core_FunctionInterface
1815:./inc/core_cm7.h ****   \defgroup CMSIS_Core_NVICFunctions NVIC Functions
1816:./inc/core_cm7.h ****   \brief    Functions that manage interrupts and exceptions via the NVIC.
1817:./inc/core_cm7.h ****   @{
1818:./inc/core_cm7.h ****  */
1819:./inc/core_cm7.h **** 
1820:./inc/core_cm7.h **** #ifdef CMSIS_NVIC_VIRTUAL
1821:./inc/core_cm7.h ****   #ifndef CMSIS_NVIC_VIRTUAL_HEADER_FILE
1822:./inc/core_cm7.h ****     #define CMSIS_NVIC_VIRTUAL_HEADER_FILE "cmsis_nvic_virtual.h"
1823:./inc/core_cm7.h ****   #endif
1824:./inc/core_cm7.h ****   #include CMSIS_NVIC_VIRTUAL_HEADER_FILE
1825:./inc/core_cm7.h **** #else
1826:./inc/core_cm7.h ****   #define NVIC_SetPriorityGrouping    __NVIC_SetPriorityGrouping
1827:./inc/core_cm7.h ****   #define NVIC_GetPriorityGrouping    __NVIC_GetPriorityGrouping
1828:./inc/core_cm7.h ****   #define NVIC_EnableIRQ              __NVIC_EnableIRQ
1829:./inc/core_cm7.h ****   #define NVIC_GetEnableIRQ           __NVIC_GetEnableIRQ
1830:./inc/core_cm7.h ****   #define NVIC_DisableIRQ             __NVIC_DisableIRQ
1831:./inc/core_cm7.h ****   #define NVIC_GetPendingIRQ          __NVIC_GetPendingIRQ
1832:./inc/core_cm7.h ****   #define NVIC_SetPendingIRQ          __NVIC_SetPendingIRQ
1833:./inc/core_cm7.h ****   #define NVIC_ClearPendingIRQ        __NVIC_ClearPendingIRQ
1834:./inc/core_cm7.h ****   #define NVIC_GetActive              __NVIC_GetActive
1835:./inc/core_cm7.h ****   #define NVIC_SetPriority            __NVIC_SetPriority
1836:./inc/core_cm7.h ****   #define NVIC_GetPriority            __NVIC_GetPriority
1837:./inc/core_cm7.h ****   #define NVIC_SystemReset            __NVIC_SystemReset
1838:./inc/core_cm7.h **** #endif /* CMSIS_NVIC_VIRTUAL */
1839:./inc/core_cm7.h **** 
1840:./inc/core_cm7.h **** #ifdef CMSIS_VECTAB_VIRTUAL
1841:./inc/core_cm7.h ****   #ifndef CMSIS_VECTAB_VIRTUAL_HEADER_FILE
1842:./inc/core_cm7.h ****     #define CMSIS_VECTAB_VIRTUAL_HEADER_FILE "cmsis_vectab_virtual.h"
1843:./inc/core_cm7.h ****   #endif
1844:./inc/core_cm7.h ****   #include CMSIS_VECTAB_VIRTUAL_HEADER_FILE
1845:./inc/core_cm7.h **** #else
1846:./inc/core_cm7.h ****   #define NVIC_SetVector              __NVIC_SetVector
1847:./inc/core_cm7.h ****   #define NVIC_GetVector              __NVIC_GetVector
1848:./inc/core_cm7.h **** #endif  /* (CMSIS_VECTAB_VIRTUAL) */
1849:./inc/core_cm7.h **** 
1850:./inc/core_cm7.h **** #define NVIC_USER_IRQ_OFFSET          16
1851:./inc/core_cm7.h **** 
1852:./inc/core_cm7.h **** 
1853:./inc/core_cm7.h **** /* The following EXC_RETURN values are saved the LR on exception entry */
1854:./inc/core_cm7.h **** #define EXC_RETURN_HANDLER         (0xFFFFFFF1UL)     /* return to Handler mode, uses MSP after ret
1855:./inc/core_cm7.h **** #define EXC_RETURN_THREAD_MSP      (0xFFFFFFF9UL)     /* return to Thread mode, uses MSP after retu
1856:./inc/core_cm7.h **** #define EXC_RETURN_THREAD_PSP      (0xFFFFFFFDUL)     /* return to Thread mode, uses PSP after retu
1857:./inc/core_cm7.h **** #define EXC_RETURN_HANDLER_FPU     (0xFFFFFFE1UL)     /* return to Handler mode, uses MSP after ret
1858:./inc/core_cm7.h **** #define EXC_RETURN_THREAD_MSP_FPU  (0xFFFFFFE9UL)     /* return to Thread mode, uses MSP after retu
1859:./inc/core_cm7.h **** #define EXC_RETURN_THREAD_PSP_FPU  (0xFFFFFFEDUL)     /* return to Thread mode, uses PSP after retu
1860:./inc/core_cm7.h **** 
1861:./inc/core_cm7.h **** 
1862:./inc/core_cm7.h **** /**
1863:./inc/core_cm7.h ****   \brief   Set Priority Grouping
1864:./inc/core_cm7.h ****   \details Sets the priority grouping field using the required unlock sequence.
1865:./inc/core_cm7.h ****            The parameter PriorityGroup is assigned to the field SCB->AIRCR [10:8] PRIGROUP field.
1866:./inc/core_cm7.h ****            Only values from 0..7 are used.
1867:./inc/core_cm7.h ****            In case of a conflict between priority grouping and available
1868:./inc/core_cm7.h ****            priority bits (__NVIC_PRIO_BITS), the smallest possible priority group is set.
1869:./inc/core_cm7.h ****   \param [in]      PriorityGroup  Priority grouping field.
1870:./inc/core_cm7.h ****  */
1871:./inc/core_cm7.h **** __STATIC_INLINE void __NVIC_SetPriorityGrouping(uint32_t PriorityGroup)
1872:./inc/core_cm7.h **** {
1873:./inc/core_cm7.h ****   uint32_t reg_value;
1874:./inc/core_cm7.h ****   uint32_t PriorityGroupTmp = (PriorityGroup & (uint32_t)0x07UL);             /* only values 0..7 a
1875:./inc/core_cm7.h **** 
1876:./inc/core_cm7.h ****   reg_value  =  SCB->AIRCR;                                                   /* read old register 
1877:./inc/core_cm7.h ****   reg_value &= ~((uint32_t)(SCB_AIRCR_VECTKEY_Msk | SCB_AIRCR_PRIGROUP_Msk)); /* clear bits to chan
1878:./inc/core_cm7.h ****   reg_value  =  (reg_value                                   |
1879:./inc/core_cm7.h ****                 ((uint32_t)0x5FAUL << SCB_AIRCR_VECTKEY_Pos) |
1880:./inc/core_cm7.h ****                 (PriorityGroupTmp << SCB_AIRCR_PRIGROUP_Pos)  );              /* Insert write key a
1881:./inc/core_cm7.h ****   SCB->AIRCR =  reg_value;
1882:./inc/core_cm7.h **** }
1883:./inc/core_cm7.h **** 
1884:./inc/core_cm7.h **** 
1885:./inc/core_cm7.h **** /**
1886:./inc/core_cm7.h ****   \brief   Get Priority Grouping
1887:./inc/core_cm7.h ****   \details Reads the priority grouping field from the NVIC Interrupt Controller.
1888:./inc/core_cm7.h ****   \return                Priority grouping field (SCB->AIRCR [10:8] PRIGROUP field).
1889:./inc/core_cm7.h ****  */
1890:./inc/core_cm7.h **** __STATIC_INLINE uint32_t __NVIC_GetPriorityGrouping(void)
1891:./inc/core_cm7.h **** {
1892:./inc/core_cm7.h ****   return ((uint32_t)((SCB->AIRCR & SCB_AIRCR_PRIGROUP_Msk) >> SCB_AIRCR_PRIGROUP_Pos));
1893:./inc/core_cm7.h **** }
1894:./inc/core_cm7.h **** 
1895:./inc/core_cm7.h **** 
1896:./inc/core_cm7.h **** /**
1897:./inc/core_cm7.h ****   \brief   Enable Interrupt
1898:./inc/core_cm7.h ****   \details Enables a device specific interrupt in the NVIC interrupt controller.
1899:./inc/core_cm7.h ****   \param [in]      IRQn  Device specific interrupt number.
1900:./inc/core_cm7.h ****   \note    IRQn must not be negative.
1901:./inc/core_cm7.h ****  */
1902:./inc/core_cm7.h **** __STATIC_INLINE void __NVIC_EnableIRQ(IRQn_Type IRQn)  
1903:./inc/core_cm7.h **** {
1904:./inc/core_cm7.h ****   if ((int32_t)(IRQn) >= 0)
1905:./inc/core_cm7.h ****   {
1906:./inc/core_cm7.h ****     __COMPILER_BARRIER();
1907:./inc/core_cm7.h ****     NVIC->ISER[(((uint32_t)IRQn) >> 5UL)] = (uint32_t)(1UL << (((uint32_t)IRQn) & 0x1FUL));
1908:./inc/core_cm7.h ****     __COMPILER_BARRIER();
1909:./inc/core_cm7.h ****   }
1910:./inc/core_cm7.h **** }
1911:./inc/core_cm7.h **** 
1912:./inc/core_cm7.h **** 
1913:./inc/core_cm7.h **** /**
1914:./inc/core_cm7.h ****   \brief   Get Interrupt Enable status
1915:./inc/core_cm7.h ****   \details Returns a device specific interrupt enable status from the NVIC interrupt controller.
1916:./inc/core_cm7.h ****   \param [in]      IRQn  Device specific interrupt number.
1917:./inc/core_cm7.h ****   \return             0  Interrupt is not enabled.
1918:./inc/core_cm7.h ****   \return             1  Interrupt is enabled.
1919:./inc/core_cm7.h ****   \note    IRQn must not be negative.
1920:./inc/core_cm7.h ****  */
1921:./inc/core_cm7.h **** __STATIC_INLINE uint32_t __NVIC_GetEnableIRQ(IRQn_Type IRQn)
1922:./inc/core_cm7.h **** {
1923:./inc/core_cm7.h ****   if ((int32_t)(IRQn) >= 0)
1924:./inc/core_cm7.h ****   {
1925:./inc/core_cm7.h ****     return((uint32_t)(((NVIC->ISER[(((uint32_t)IRQn) >> 5UL)] & (1UL << (((uint32_t)IRQn) & 0x1FUL)
1926:./inc/core_cm7.h ****   }
1927:./inc/core_cm7.h ****   else
1928:./inc/core_cm7.h ****   {
1929:./inc/core_cm7.h ****     return(0U);
1930:./inc/core_cm7.h ****   }
1931:./inc/core_cm7.h **** }
1932:./inc/core_cm7.h **** 
1933:./inc/core_cm7.h **** 
1934:./inc/core_cm7.h **** /**
1935:./inc/core_cm7.h ****   \brief   Disable Interrupt
1936:./inc/core_cm7.h ****   \details Disables a device specific interrupt in the NVIC interrupt controller.
1937:./inc/core_cm7.h ****   \param [in]      IRQn  Device specific interrupt number.
1938:./inc/core_cm7.h ****   \note    IRQn must not be negative.
1939:./inc/core_cm7.h ****  */
1940:./inc/core_cm7.h **** __STATIC_INLINE void __NVIC_DisableIRQ(IRQn_Type IRQn)
1941:./inc/core_cm7.h **** {
1942:./inc/core_cm7.h ****   if ((int32_t)(IRQn) >= 0)
1943:./inc/core_cm7.h ****   {
1944:./inc/core_cm7.h ****     NVIC->ICER[(((uint32_t)IRQn) >> 5UL)] = (uint32_t)(1UL << (((uint32_t)IRQn) & 0x1FUL));
1945:./inc/core_cm7.h ****     __DSB();
1946:./inc/core_cm7.h ****     __ISB();
1947:./inc/core_cm7.h ****   }
1948:./inc/core_cm7.h **** }
1949:./inc/core_cm7.h **** 
1950:./inc/core_cm7.h **** 
1951:./inc/core_cm7.h **** /**
1952:./inc/core_cm7.h ****   \brief   Get Pending Interrupt
1953:./inc/core_cm7.h ****   \details Reads the NVIC pending register and returns the pending bit for the specified device spe
1954:./inc/core_cm7.h ****   \param [in]      IRQn  Device specific interrupt number.
1955:./inc/core_cm7.h ****   \return             0  Interrupt status is not pending.
1956:./inc/core_cm7.h ****   \return             1  Interrupt status is pending.
1957:./inc/core_cm7.h ****   \note    IRQn must not be negative.
1958:./inc/core_cm7.h ****  */
1959:./inc/core_cm7.h **** __STATIC_INLINE uint32_t __NVIC_GetPendingIRQ(IRQn_Type IRQn)
1960:./inc/core_cm7.h **** {
1961:./inc/core_cm7.h ****   if ((int32_t)(IRQn) >= 0)
1962:./inc/core_cm7.h ****   {
1963:./inc/core_cm7.h ****     return((uint32_t)(((NVIC->ISPR[(((uint32_t)IRQn) >> 5UL)] & (1UL << (((uint32_t)IRQn) & 0x1FUL)
1964:./inc/core_cm7.h ****   }
1965:./inc/core_cm7.h ****   else
1966:./inc/core_cm7.h ****   {
1967:./inc/core_cm7.h ****     return(0U);
1968:./inc/core_cm7.h ****   }
1969:./inc/core_cm7.h **** }
1970:./inc/core_cm7.h **** 
1971:./inc/core_cm7.h **** 
1972:./inc/core_cm7.h **** /**
1973:./inc/core_cm7.h ****   \brief   Set Pending Interrupt
1974:./inc/core_cm7.h ****   \details Sets the pending bit of a device specific interrupt in the NVIC pending register.
1975:./inc/core_cm7.h ****   \param [in]      IRQn  Device specific interrupt number.
1976:./inc/core_cm7.h ****   \note    IRQn must not be negative.
1977:./inc/core_cm7.h ****  */
1978:./inc/core_cm7.h **** __STATIC_INLINE void __NVIC_SetPendingIRQ(IRQn_Type IRQn)
1979:./inc/core_cm7.h **** {
1980:./inc/core_cm7.h ****   if ((int32_t)(IRQn) >= 0)
1981:./inc/core_cm7.h ****   {
1982:./inc/core_cm7.h ****     NVIC->ISPR[(((uint32_t)IRQn) >> 5UL)] = (uint32_t)(1UL << (((uint32_t)IRQn) & 0x1FUL));
1983:./inc/core_cm7.h ****   }
1984:./inc/core_cm7.h **** }
1985:./inc/core_cm7.h **** 
1986:./inc/core_cm7.h **** 
1987:./inc/core_cm7.h **** /**
1988:./inc/core_cm7.h ****   \brief   Clear Pending Interrupt
1989:./inc/core_cm7.h ****   \details Clears the pending bit of a device specific interrupt in the NVIC pending register.
1990:./inc/core_cm7.h ****   \param [in]      IRQn  Device specific interrupt number.
1991:./inc/core_cm7.h ****   \note    IRQn must not be negative.
1992:./inc/core_cm7.h ****  */
1993:./inc/core_cm7.h **** __STATIC_INLINE void __NVIC_ClearPendingIRQ(IRQn_Type IRQn)
1994:./inc/core_cm7.h **** {
1995:./inc/core_cm7.h ****   if ((int32_t)(IRQn) >= 0)
1996:./inc/core_cm7.h ****   {
1997:./inc/core_cm7.h ****     NVIC->ICPR[(((uint32_t)IRQn) >> 5UL)] = (uint32_t)(1UL << (((uint32_t)IRQn) & 0x1FUL));
1998:./inc/core_cm7.h ****   }
1999:./inc/core_cm7.h **** }
2000:./inc/core_cm7.h **** 
2001:./inc/core_cm7.h **** 
2002:./inc/core_cm7.h **** /**
2003:./inc/core_cm7.h ****   \brief   Get Active Interrupt
2004:./inc/core_cm7.h ****   \details Reads the active register in the NVIC and returns the active bit for the device specific
2005:./inc/core_cm7.h ****   \param [in]      IRQn  Device specific interrupt number.
2006:./inc/core_cm7.h ****   \return             0  Interrupt status is not active.
2007:./inc/core_cm7.h ****   \return             1  Interrupt status is active.
2008:./inc/core_cm7.h ****   \note    IRQn must not be negative.
2009:./inc/core_cm7.h ****  */
2010:./inc/core_cm7.h **** __STATIC_INLINE uint32_t __NVIC_GetActive(IRQn_Type IRQn)
2011:./inc/core_cm7.h **** {
2012:./inc/core_cm7.h ****   if ((int32_t)(IRQn) >= 0)
2013:./inc/core_cm7.h ****   {
2014:./inc/core_cm7.h ****     return((uint32_t)(((NVIC->IABR[(((uint32_t)IRQn) >> 5UL)] & (1UL << (((uint32_t)IRQn) & 0x1FUL)
2015:./inc/core_cm7.h ****   }
2016:./inc/core_cm7.h ****   else
2017:./inc/core_cm7.h ****   {
2018:./inc/core_cm7.h ****     return(0U);
2019:./inc/core_cm7.h ****   }
2020:./inc/core_cm7.h **** }
2021:./inc/core_cm7.h **** 
2022:./inc/core_cm7.h **** 
2023:./inc/core_cm7.h **** /**
2024:./inc/core_cm7.h ****   \brief   Set Interrupt Priority
2025:./inc/core_cm7.h ****   \details Sets the priority of a device specific interrupt or a processor exception.
2026:./inc/core_cm7.h ****            The interrupt number can be positive to specify a device specific interrupt,
2027:./inc/core_cm7.h ****            or negative to specify a processor exception.
2028:./inc/core_cm7.h ****   \param [in]      IRQn  Interrupt number.
2029:./inc/core_cm7.h ****   \param [in]  priority  Priority to set.
2030:./inc/core_cm7.h ****   \note    The priority cannot be set for every processor exception.
2031:./inc/core_cm7.h ****  */
2032:./inc/core_cm7.h **** __STATIC_INLINE void __NVIC_SetPriority(IRQn_Type IRQn, uint32_t priority)
2033:./inc/core_cm7.h **** {
2034:./inc/core_cm7.h ****   if ((int32_t)(IRQn) >= 0)
2035:./inc/core_cm7.h ****   {
2036:./inc/core_cm7.h ****     NVIC->IP[((uint32_t)IRQn)]                = (uint8_t)((priority << (8U - __NVIC_PRIO_BITS)) & (
2037:./inc/core_cm7.h ****   }
2038:./inc/core_cm7.h ****   else
2039:./inc/core_cm7.h ****   {
2040:./inc/core_cm7.h ****     SCB->SHPR[(((uint32_t)IRQn) & 0xFUL)-4UL] = (uint8_t)((priority << (8U - __NVIC_PRIO_BITS)) & (
2041:./inc/core_cm7.h ****   }
2042:./inc/core_cm7.h **** }
2043:./inc/core_cm7.h **** 
2044:./inc/core_cm7.h **** 
2045:./inc/core_cm7.h **** /**
2046:./inc/core_cm7.h ****   \brief   Get Interrupt Priority
2047:./inc/core_cm7.h ****   \details Reads the priority of a device specific interrupt or a processor exception.
2048:./inc/core_cm7.h ****            The interrupt number can be positive to specify a device specific interrupt,
2049:./inc/core_cm7.h ****            or negative to specify a processor exception.
2050:./inc/core_cm7.h ****   \param [in]   IRQn  Interrupt number.
2051:./inc/core_cm7.h ****   \return             Interrupt Priority.
2052:./inc/core_cm7.h ****                       Value is aligned automatically to the implemented priority bits of the microc
2053:./inc/core_cm7.h ****  */
2054:./inc/core_cm7.h **** __STATIC_INLINE uint32_t __NVIC_GetPriority(IRQn_Type IRQn)
2055:./inc/core_cm7.h **** {
2056:./inc/core_cm7.h **** 
2057:./inc/core_cm7.h ****   if ((int32_t)(IRQn) >= 0)
2058:./inc/core_cm7.h ****   {
2059:./inc/core_cm7.h ****     return(((uint32_t)NVIC->IP[((uint32_t)IRQn)]                >> (8U - __NVIC_PRIO_BITS)));
2060:./inc/core_cm7.h ****   }
2061:./inc/core_cm7.h ****   else
2062:./inc/core_cm7.h ****   {
2063:./inc/core_cm7.h ****     return(((uint32_t)SCB->SHPR[(((uint32_t)IRQn) & 0xFUL)-4UL] >> (8U - __NVIC_PRIO_BITS)));
2064:./inc/core_cm7.h ****   }
2065:./inc/core_cm7.h **** }
2066:./inc/core_cm7.h **** 
2067:./inc/core_cm7.h **** 
2068:./inc/core_cm7.h **** /**
2069:./inc/core_cm7.h ****   \brief   Encode Priority
2070:./inc/core_cm7.h ****   \details Encodes the priority for an interrupt with the given priority group,
2071:./inc/core_cm7.h ****            preemptive priority value, and subpriority value.
2072:./inc/core_cm7.h ****            In case of a conflict between priority grouping and available
2073:./inc/core_cm7.h ****            priority bits (__NVIC_PRIO_BITS), the smallest possible priority group is set.
2074:./inc/core_cm7.h ****   \param [in]     PriorityGroup  Used priority group.
2075:./inc/core_cm7.h ****   \param [in]   PreemptPriority  Preemptive priority value (starting from 0).
2076:./inc/core_cm7.h ****   \param [in]       SubPriority  Subpriority value (starting from 0).
2077:./inc/core_cm7.h ****   \return                        Encoded priority. Value can be used in the function \ref NVIC_SetP
2078:./inc/core_cm7.h ****  */
2079:./inc/core_cm7.h **** __STATIC_INLINE uint32_t NVIC_EncodePriority (uint32_t PriorityGroup, uint32_t PreemptPriority, uin
2080:./inc/core_cm7.h **** {
2081:./inc/core_cm7.h ****   uint32_t PriorityGroupTmp = (PriorityGroup & (uint32_t)0x07UL);   /* only values 0..7 are used   
2082:./inc/core_cm7.h ****   uint32_t PreemptPriorityBits;
2083:./inc/core_cm7.h ****   uint32_t SubPriorityBits;
2084:./inc/core_cm7.h **** 
2085:./inc/core_cm7.h ****   PreemptPriorityBits = ((7UL - PriorityGroupTmp) > (uint32_t)(__NVIC_PRIO_BITS)) ? (uint32_t)(__NV
2086:./inc/core_cm7.h ****   SubPriorityBits     = ((PriorityGroupTmp + (uint32_t)(__NVIC_PRIO_BITS)) < (uint32_t)7UL) ? (uint
2087:./inc/core_cm7.h **** 
2088:./inc/core_cm7.h ****   return (
2089:./inc/core_cm7.h ****            ((PreemptPriority & (uint32_t)((1UL << (PreemptPriorityBits)) - 1UL)) << SubPriorityBits
2090:./inc/core_cm7.h ****            ((SubPriority     & (uint32_t)((1UL << (SubPriorityBits    )) - 1UL)))
2091:./inc/core_cm7.h ****          );
2092:./inc/core_cm7.h **** }
2093:./inc/core_cm7.h **** 
2094:./inc/core_cm7.h **** 
2095:./inc/core_cm7.h **** /**
2096:./inc/core_cm7.h ****   \brief   Decode Priority
2097:./inc/core_cm7.h ****   \details Decodes an interrupt priority value with a given priority group to
2098:./inc/core_cm7.h ****            preemptive priority value and subpriority value.
2099:./inc/core_cm7.h ****            In case of a conflict between priority grouping and available
2100:./inc/core_cm7.h ****            priority bits (__NVIC_PRIO_BITS) the smallest possible priority group is set.
2101:./inc/core_cm7.h ****   \param [in]         Priority   Priority value, which can be retrieved with the function \ref NVIC
2102:./inc/core_cm7.h ****   \param [in]     PriorityGroup  Used priority group.
2103:./inc/core_cm7.h ****   \param [out] pPreemptPriority  Preemptive priority value (starting from 0).
2104:./inc/core_cm7.h ****   \param [out]     pSubPriority  Subpriority value (starting from 0).
2105:./inc/core_cm7.h ****  */
2106:./inc/core_cm7.h **** __STATIC_INLINE void NVIC_DecodePriority (uint32_t Priority, uint32_t PriorityGroup, uint32_t* cons
2107:./inc/core_cm7.h **** {
2108:./inc/core_cm7.h ****   uint32_t PriorityGroupTmp = (PriorityGroup & (uint32_t)0x07UL);   /* only values 0..7 are used   
2109:./inc/core_cm7.h ****   uint32_t PreemptPriorityBits;
2110:./inc/core_cm7.h ****   uint32_t SubPriorityBits;
2111:./inc/core_cm7.h **** 
2112:./inc/core_cm7.h ****   PreemptPriorityBits = ((7UL - PriorityGroupTmp) > (uint32_t)(__NVIC_PRIO_BITS)) ? (uint32_t)(__NV
2113:./inc/core_cm7.h ****   SubPriorityBits     = ((PriorityGroupTmp + (uint32_t)(__NVIC_PRIO_BITS)) < (uint32_t)7UL) ? (uint
2114:./inc/core_cm7.h **** 
2115:./inc/core_cm7.h ****   *pPreemptPriority = (Priority >> SubPriorityBits) & (uint32_t)((1UL << (PreemptPriorityBits)) - 1
2116:./inc/core_cm7.h ****   *pSubPriority     = (Priority                   ) & (uint32_t)((1UL << (SubPriorityBits    )) - 1
2117:./inc/core_cm7.h **** }
2118:./inc/core_cm7.h **** 
2119:./inc/core_cm7.h **** 
2120:./inc/core_cm7.h **** /**
2121:./inc/core_cm7.h ****   \brief   Set Interrupt Vector
2122:./inc/core_cm7.h ****   \details Sets an interrupt vector in SRAM based interrupt vector table.
2123:./inc/core_cm7.h ****            The interrupt number can be positive to specify a device specific interrupt,
2124:./inc/core_cm7.h ****            or negative to specify a processor exception.
2125:./inc/core_cm7.h ****            VTOR must been relocated to SRAM before.
2126:./inc/core_cm7.h ****   \param [in]   IRQn      Interrupt number
2127:./inc/core_cm7.h ****   \param [in]   vector    Address of interrupt handler function
2128:./inc/core_cm7.h ****  */
2129:./inc/core_cm7.h **** __STATIC_INLINE void __NVIC_SetVector(IRQn_Type IRQn, uint32_t vector)
2130:./inc/core_cm7.h **** {
2131:./inc/core_cm7.h ****   uint32_t vectors = (uint32_t )SCB->VTOR;
2132:./inc/core_cm7.h ****   (* (int *) (vectors + ((int32_t)IRQn + NVIC_USER_IRQ_OFFSET) * 4)) = vector;
2133:./inc/core_cm7.h ****   __DSB();
2134:./inc/core_cm7.h **** }
2135:./inc/core_cm7.h **** 
2136:./inc/core_cm7.h **** 
2137:./inc/core_cm7.h **** /**
2138:./inc/core_cm7.h ****   \brief   Get Interrupt Vector
2139:./inc/core_cm7.h ****   \details Reads an interrupt vector from interrupt vector table.
2140:./inc/core_cm7.h ****            The interrupt number can be positive to specify a device specific interrupt,
2141:./inc/core_cm7.h ****            or negative to specify a processor exception.
2142:./inc/core_cm7.h ****   \param [in]   IRQn      Interrupt number.
2143:./inc/core_cm7.h ****   \return                 Address of interrupt handler function
2144:./inc/core_cm7.h ****  */
2145:./inc/core_cm7.h **** __STATIC_INLINE uint32_t __NVIC_GetVector(IRQn_Type IRQn)
2146:./inc/core_cm7.h **** {
2147:./inc/core_cm7.h ****   uint32_t vectors = (uint32_t )SCB->VTOR;
2148:./inc/core_cm7.h ****   return (uint32_t)(* (int *) (vectors + ((int32_t)IRQn + NVIC_USER_IRQ_OFFSET) * 4));
2149:./inc/core_cm7.h **** }
2150:./inc/core_cm7.h **** 
2151:./inc/core_cm7.h **** 
2152:./inc/core_cm7.h **** /**
2153:./inc/core_cm7.h ****   \brief   System Reset
2154:./inc/core_cm7.h ****   \details Initiates a system reset request to reset the MCU.
2155:./inc/core_cm7.h ****  */
2156:./inc/core_cm7.h **** __NO_RETURN __STATIC_INLINE void __NVIC_SystemReset(void)
 498              		.loc 2 2156 34 view .LVU129
 499              	.LBB59:
2157:./inc/core_cm7.h **** {
2158:./inc/core_cm7.h ****   __DSB();                                                          /* Ensure all outstanding memor
 500              		.loc 2 2158 3 view .LVU130
 501              	.LBB60:
 502              	.LBI60:
 503              		.file 3 "./inc/cmsis_gcc.h"
   1:./inc/cmsis_gcc.h **** /**************************************************************************//**
   2:./inc/cmsis_gcc.h ****  * @file     cmsis_gcc.h
   3:./inc/cmsis_gcc.h ****  * @brief    CMSIS compiler GCC header file
   4:./inc/cmsis_gcc.h ****  * @version  V5.2.0
   5:./inc/cmsis_gcc.h ****  * @date     08. May 2019
   6:./inc/cmsis_gcc.h ****  ******************************************************************************/
   7:./inc/cmsis_gcc.h **** /*
   8:./inc/cmsis_gcc.h ****  * Copyright (c) 2009-2019 Arm Limited. All rights reserved.
   9:./inc/cmsis_gcc.h ****  *
  10:./inc/cmsis_gcc.h ****  * SPDX-License-Identifier: Apache-2.0
  11:./inc/cmsis_gcc.h ****  *
  12:./inc/cmsis_gcc.h ****  * Licensed under the Apache License, Version 2.0 (the License); you may
  13:./inc/cmsis_gcc.h ****  * not use this file except in compliance with the License.
  14:./inc/cmsis_gcc.h ****  * You may obtain a copy of the License at
  15:./inc/cmsis_gcc.h ****  *
  16:./inc/cmsis_gcc.h ****  * www.apache.org/licenses/LICENSE-2.0
  17:./inc/cmsis_gcc.h ****  *
  18:./inc/cmsis_gcc.h ****  * Unless required by applicable law or agreed to in writing, software
  19:./inc/cmsis_gcc.h ****  * distributed under the License is distributed on an AS IS BASIS, WITHOUT
  20:./inc/cmsis_gcc.h ****  * WARRANTIES OR CONDITIONS OF ANY KIND, either express or implied.
  21:./inc/cmsis_gcc.h ****  * See the License for the specific language governing permissions and
  22:./inc/cmsis_gcc.h ****  * limitations under the License.
  23:./inc/cmsis_gcc.h ****  */
  24:./inc/cmsis_gcc.h **** 
  25:./inc/cmsis_gcc.h **** #ifndef __CMSIS_GCC_H
  26:./inc/cmsis_gcc.h **** #define __CMSIS_GCC_H
  27:./inc/cmsis_gcc.h **** 
  28:./inc/cmsis_gcc.h **** /* ignore some GCC warnings */
  29:./inc/cmsis_gcc.h **** #pragma GCC diagnostic push
  30:./inc/cmsis_gcc.h **** #pragma GCC diagnostic ignored "-Wsign-conversion"
  31:./inc/cmsis_gcc.h **** #pragma GCC diagnostic ignored "-Wconversion"
  32:./inc/cmsis_gcc.h **** #pragma GCC diagnostic ignored "-Wunused-parameter"
  33:./inc/cmsis_gcc.h **** 
  34:./inc/cmsis_gcc.h **** /* Fallback for __has_builtin */
  35:./inc/cmsis_gcc.h **** #ifndef __has_builtin
  36:./inc/cmsis_gcc.h ****   #define __has_builtin(x) (0)
  37:./inc/cmsis_gcc.h **** #endif
  38:./inc/cmsis_gcc.h **** 
  39:./inc/cmsis_gcc.h **** /* CMSIS compiler specific defines */
  40:./inc/cmsis_gcc.h **** #ifndef   __ASM
  41:./inc/cmsis_gcc.h ****   #define __ASM                                  __asm
  42:./inc/cmsis_gcc.h **** #endif
  43:./inc/cmsis_gcc.h **** #ifndef   __INLINE
  44:./inc/cmsis_gcc.h ****   #define __INLINE                               inline
  45:./inc/cmsis_gcc.h **** #endif
  46:./inc/cmsis_gcc.h **** #ifndef   __STATIC_INLINE
  47:./inc/cmsis_gcc.h ****   #define __STATIC_INLINE                        static inline
  48:./inc/cmsis_gcc.h **** #endif
  49:./inc/cmsis_gcc.h **** #ifndef   __STATIC_FORCEINLINE                 
  50:./inc/cmsis_gcc.h ****   #define __STATIC_FORCEINLINE                   __attribute__((always_inline)) static inline
  51:./inc/cmsis_gcc.h **** #endif                                           
  52:./inc/cmsis_gcc.h **** #ifndef   __NO_RETURN
  53:./inc/cmsis_gcc.h ****   #define __NO_RETURN                            __attribute__((__noreturn__))
  54:./inc/cmsis_gcc.h **** #endif
  55:./inc/cmsis_gcc.h **** #ifndef   __USED
  56:./inc/cmsis_gcc.h ****   #define __USED                                 __attribute__((used))
  57:./inc/cmsis_gcc.h **** #endif
  58:./inc/cmsis_gcc.h **** #ifndef   __WEAK
  59:./inc/cmsis_gcc.h ****   #define __WEAK                                 __attribute__((weak))
  60:./inc/cmsis_gcc.h **** #endif
  61:./inc/cmsis_gcc.h **** #ifndef   __PACKED
  62:./inc/cmsis_gcc.h ****   #define __PACKED                               __attribute__((packed, aligned(1)))
  63:./inc/cmsis_gcc.h **** #endif
  64:./inc/cmsis_gcc.h **** #ifndef   __PACKED_STRUCT
  65:./inc/cmsis_gcc.h ****   #define __PACKED_STRUCT                        struct __attribute__((packed, aligned(1)))
  66:./inc/cmsis_gcc.h **** #endif
  67:./inc/cmsis_gcc.h **** #ifndef   __PACKED_UNION
  68:./inc/cmsis_gcc.h ****   #define __PACKED_UNION                         union __attribute__((packed, aligned(1)))
  69:./inc/cmsis_gcc.h **** #endif
  70:./inc/cmsis_gcc.h **** #ifndef   __UNALIGNED_UINT32        /* deprecated */
  71:./inc/cmsis_gcc.h ****   #pragma GCC diagnostic push
  72:./inc/cmsis_gcc.h ****   #pragma GCC diagnostic ignored "-Wpacked"
  73:./inc/cmsis_gcc.h ****   #pragma GCC diagnostic ignored "-Wattributes"
  74:./inc/cmsis_gcc.h ****   struct __attribute__((packed)) T_UINT32 { uint32_t v; };
  75:./inc/cmsis_gcc.h ****   #pragma GCC diagnostic pop
  76:./inc/cmsis_gcc.h ****   #define __UNALIGNED_UINT32(x)                  (((struct T_UINT32 *)(x))->v)
  77:./inc/cmsis_gcc.h **** #endif
  78:./inc/cmsis_gcc.h **** #ifndef   __UNALIGNED_UINT16_WRITE
  79:./inc/cmsis_gcc.h ****   #pragma GCC diagnostic push
  80:./inc/cmsis_gcc.h ****   #pragma GCC diagnostic ignored "-Wpacked"
  81:./inc/cmsis_gcc.h ****   #pragma GCC diagnostic ignored "-Wattributes"
  82:./inc/cmsis_gcc.h ****   __PACKED_STRUCT T_UINT16_WRITE { uint16_t v; };
  83:./inc/cmsis_gcc.h ****   #pragma GCC diagnostic pop
  84:./inc/cmsis_gcc.h ****   #define __UNALIGNED_UINT16_WRITE(addr, val)    (void)((((struct T_UINT16_WRITE *)(void *)(addr))-
  85:./inc/cmsis_gcc.h **** #endif
  86:./inc/cmsis_gcc.h **** #ifndef   __UNALIGNED_UINT16_READ
  87:./inc/cmsis_gcc.h ****   #pragma GCC diagnostic push
  88:./inc/cmsis_gcc.h ****   #pragma GCC diagnostic ignored "-Wpacked"
  89:./inc/cmsis_gcc.h ****   #pragma GCC diagnostic ignored "-Wattributes"
  90:./inc/cmsis_gcc.h ****   __PACKED_STRUCT T_UINT16_READ { uint16_t v; };
  91:./inc/cmsis_gcc.h ****   #pragma GCC diagnostic pop
  92:./inc/cmsis_gcc.h ****   #define __UNALIGNED_UINT16_READ(addr)          (((const struct T_UINT16_READ *)(const void *)(add
  93:./inc/cmsis_gcc.h **** #endif
  94:./inc/cmsis_gcc.h **** #ifndef   __UNALIGNED_UINT32_WRITE
  95:./inc/cmsis_gcc.h ****   #pragma GCC diagnostic push
  96:./inc/cmsis_gcc.h ****   #pragma GCC diagnostic ignored "-Wpacked"
  97:./inc/cmsis_gcc.h ****   #pragma GCC diagnostic ignored "-Wattributes"
  98:./inc/cmsis_gcc.h ****   __PACKED_STRUCT T_UINT32_WRITE { uint32_t v; };
  99:./inc/cmsis_gcc.h ****   #pragma GCC diagnostic pop
 100:./inc/cmsis_gcc.h ****   #define __UNALIGNED_UINT32_WRITE(addr, val)    (void)((((struct T_UINT32_WRITE *)(void *)(addr))-
 101:./inc/cmsis_gcc.h **** #endif
 102:./inc/cmsis_gcc.h **** #ifndef   __UNALIGNED_UINT32_READ
 103:./inc/cmsis_gcc.h ****   #pragma GCC diagnostic push
 104:./inc/cmsis_gcc.h ****   #pragma GCC diagnostic ignored "-Wpacked"
 105:./inc/cmsis_gcc.h ****   #pragma GCC diagnostic ignored "-Wattributes"
 106:./inc/cmsis_gcc.h ****   __PACKED_STRUCT T_UINT32_READ { uint32_t v; };
 107:./inc/cmsis_gcc.h ****   #pragma GCC diagnostic pop
 108:./inc/cmsis_gcc.h ****   #define __UNALIGNED_UINT32_READ(addr)          (((const struct T_UINT32_READ *)(const void *)(add
 109:./inc/cmsis_gcc.h **** #endif
 110:./inc/cmsis_gcc.h **** #ifndef   __ALIGNED
 111:./inc/cmsis_gcc.h ****   #define __ALIGNED(x)                           __attribute__((aligned(x)))
 112:./inc/cmsis_gcc.h **** #endif
 113:./inc/cmsis_gcc.h **** #ifndef   __RESTRICT
 114:./inc/cmsis_gcc.h ****   #define __RESTRICT                             __restrict
 115:./inc/cmsis_gcc.h **** #endif
 116:./inc/cmsis_gcc.h **** #ifndef   __COMPILER_BARRIER
 117:./inc/cmsis_gcc.h ****   #define __COMPILER_BARRIER()                   __ASM volatile("":::"memory")
 118:./inc/cmsis_gcc.h **** #endif
 119:./inc/cmsis_gcc.h **** 
 120:./inc/cmsis_gcc.h **** /* #########################  Startup and Lowlevel Init  ######################## */
 121:./inc/cmsis_gcc.h **** 
 122:./inc/cmsis_gcc.h **** #ifndef __PROGRAM_START
 123:./inc/cmsis_gcc.h **** 
 124:./inc/cmsis_gcc.h **** /**
 125:./inc/cmsis_gcc.h ****   \brief   Initializes data and bss sections
 126:./inc/cmsis_gcc.h ****   \details This default implementations initialized all data and additional bss
 127:./inc/cmsis_gcc.h ****            sections relying on .copy.table and .zero.table specified properly
 128:./inc/cmsis_gcc.h ****            in the used linker script.
 129:./inc/cmsis_gcc.h ****   
 130:./inc/cmsis_gcc.h ****  */
 131:./inc/cmsis_gcc.h **** __STATIC_FORCEINLINE __NO_RETURN void __cmsis_start(void)
 132:./inc/cmsis_gcc.h **** {
 133:./inc/cmsis_gcc.h ****   extern void _start(void) __NO_RETURN;
 134:./inc/cmsis_gcc.h ****   
 135:./inc/cmsis_gcc.h ****   typedef struct {
 136:./inc/cmsis_gcc.h ****     uint32_t const* src;
 137:./inc/cmsis_gcc.h ****     uint32_t* dest;
 138:./inc/cmsis_gcc.h ****     uint32_t  wlen;
 139:./inc/cmsis_gcc.h ****   } __copy_table_t;
 140:./inc/cmsis_gcc.h ****   
 141:./inc/cmsis_gcc.h ****   typedef struct {
 142:./inc/cmsis_gcc.h ****     uint32_t* dest;
 143:./inc/cmsis_gcc.h ****     uint32_t  wlen;
 144:./inc/cmsis_gcc.h ****   } __zero_table_t;
 145:./inc/cmsis_gcc.h ****   
 146:./inc/cmsis_gcc.h ****   extern const __copy_table_t __copy_table_start__;
 147:./inc/cmsis_gcc.h ****   extern const __copy_table_t __copy_table_end__;
 148:./inc/cmsis_gcc.h ****   extern const __zero_table_t __zero_table_start__;
 149:./inc/cmsis_gcc.h ****   extern const __zero_table_t __zero_table_end__;
 150:./inc/cmsis_gcc.h **** 
 151:./inc/cmsis_gcc.h ****   for (__copy_table_t const* pTable = &__copy_table_start__; pTable < &__copy_table_end__; ++pTable
 152:./inc/cmsis_gcc.h ****     for(uint32_t i=0u; i<pTable->wlen; ++i) {
 153:./inc/cmsis_gcc.h ****       pTable->dest[i] = pTable->src[i];
 154:./inc/cmsis_gcc.h ****     }
 155:./inc/cmsis_gcc.h ****   }
 156:./inc/cmsis_gcc.h ****  
 157:./inc/cmsis_gcc.h ****   for (__zero_table_t const* pTable = &__zero_table_start__; pTable < &__zero_table_end__; ++pTable
 158:./inc/cmsis_gcc.h ****     for(uint32_t i=0u; i<pTable->wlen; ++i) {
 159:./inc/cmsis_gcc.h ****       pTable->dest[i] = 0u;
 160:./inc/cmsis_gcc.h ****     }
 161:./inc/cmsis_gcc.h ****   }
 162:./inc/cmsis_gcc.h ****  
 163:./inc/cmsis_gcc.h ****   _start();
 164:./inc/cmsis_gcc.h **** }
 165:./inc/cmsis_gcc.h ****   
 166:./inc/cmsis_gcc.h **** #define __PROGRAM_START           __cmsis_start
 167:./inc/cmsis_gcc.h **** #endif
 168:./inc/cmsis_gcc.h **** 
 169:./inc/cmsis_gcc.h **** #ifndef __INITIAL_SP
 170:./inc/cmsis_gcc.h **** #define __INITIAL_SP              __StackTop
 171:./inc/cmsis_gcc.h **** #endif
 172:./inc/cmsis_gcc.h **** 
 173:./inc/cmsis_gcc.h **** #ifndef __STACK_LIMIT
 174:./inc/cmsis_gcc.h **** #define __STACK_LIMIT             __StackLimit
 175:./inc/cmsis_gcc.h **** #endif
 176:./inc/cmsis_gcc.h **** 
 177:./inc/cmsis_gcc.h **** #ifndef __VECTOR_TABLE
 178:./inc/cmsis_gcc.h **** #define __VECTOR_TABLE            __Vectors
 179:./inc/cmsis_gcc.h **** #endif
 180:./inc/cmsis_gcc.h **** 
 181:./inc/cmsis_gcc.h **** #ifndef __VECTOR_TABLE_ATTRIBUTE
 182:./inc/cmsis_gcc.h **** #define __VECTOR_TABLE_ATTRIBUTE  __attribute((used, section(".vectors")))
 183:./inc/cmsis_gcc.h **** #endif
 184:./inc/cmsis_gcc.h **** 
 185:./inc/cmsis_gcc.h **** /* ###########################  Core Function Access  ########################### */
 186:./inc/cmsis_gcc.h **** /** \ingroup  CMSIS_Core_FunctionInterface
 187:./inc/cmsis_gcc.h ****     \defgroup CMSIS_Core_RegAccFunctions CMSIS Core Register Access Functions
 188:./inc/cmsis_gcc.h ****   @{
 189:./inc/cmsis_gcc.h ****  */
 190:./inc/cmsis_gcc.h **** 
 191:./inc/cmsis_gcc.h **** /**
 192:./inc/cmsis_gcc.h ****   \brief   Enable IRQ Interrupts
 193:./inc/cmsis_gcc.h ****   \details Enables IRQ interrupts by clearing the I-bit in the CPSR.
 194:./inc/cmsis_gcc.h ****            Can only be executed in Privileged modes.
 195:./inc/cmsis_gcc.h ****  */
 196:./inc/cmsis_gcc.h **** __STATIC_FORCEINLINE void __enable_irq(void)
 197:./inc/cmsis_gcc.h **** {
 198:./inc/cmsis_gcc.h ****   __ASM volatile ("cpsie i" : : : "memory");
 199:./inc/cmsis_gcc.h **** }
 200:./inc/cmsis_gcc.h **** 
 201:./inc/cmsis_gcc.h **** 
 202:./inc/cmsis_gcc.h **** /**
 203:./inc/cmsis_gcc.h ****   \brief   Disable IRQ Interrupts
 204:./inc/cmsis_gcc.h ****   \details Disables IRQ interrupts by setting the I-bit in the CPSR.
 205:./inc/cmsis_gcc.h ****            Can only be executed in Privileged modes.
 206:./inc/cmsis_gcc.h ****  */
 207:./inc/cmsis_gcc.h **** __STATIC_FORCEINLINE void __disable_irq(void)
 208:./inc/cmsis_gcc.h **** {
 209:./inc/cmsis_gcc.h ****   __ASM volatile ("cpsid i" : : : "memory");
 210:./inc/cmsis_gcc.h **** }
 211:./inc/cmsis_gcc.h **** 
 212:./inc/cmsis_gcc.h **** 
 213:./inc/cmsis_gcc.h **** /**
 214:./inc/cmsis_gcc.h ****   \brief   Get Control Register
 215:./inc/cmsis_gcc.h ****   \details Returns the content of the Control Register.
 216:./inc/cmsis_gcc.h ****   \return               Control Register value
 217:./inc/cmsis_gcc.h ****  */
 218:./inc/cmsis_gcc.h **** __STATIC_FORCEINLINE uint32_t __get_CONTROL(void)
 219:./inc/cmsis_gcc.h **** {
 220:./inc/cmsis_gcc.h ****   uint32_t result;
 221:./inc/cmsis_gcc.h **** 
 222:./inc/cmsis_gcc.h ****   __ASM volatile ("MRS %0, control" : "=r" (result) );
 223:./inc/cmsis_gcc.h ****   return(result);
 224:./inc/cmsis_gcc.h **** }
 225:./inc/cmsis_gcc.h **** 
 226:./inc/cmsis_gcc.h **** 
 227:./inc/cmsis_gcc.h **** #if (defined (__ARM_FEATURE_CMSE ) && (__ARM_FEATURE_CMSE == 3))
 228:./inc/cmsis_gcc.h **** /**
 229:./inc/cmsis_gcc.h ****   \brief   Get Control Register (non-secure)
 230:./inc/cmsis_gcc.h ****   \details Returns the content of the non-secure Control Register when in secure mode.
 231:./inc/cmsis_gcc.h ****   \return               non-secure Control Register value
 232:./inc/cmsis_gcc.h ****  */
 233:./inc/cmsis_gcc.h **** __STATIC_FORCEINLINE uint32_t __TZ_get_CONTROL_NS(void)
 234:./inc/cmsis_gcc.h **** {
 235:./inc/cmsis_gcc.h ****   uint32_t result;
 236:./inc/cmsis_gcc.h **** 
 237:./inc/cmsis_gcc.h ****   __ASM volatile ("MRS %0, control_ns" : "=r" (result) );
 238:./inc/cmsis_gcc.h ****   return(result);
 239:./inc/cmsis_gcc.h **** }
 240:./inc/cmsis_gcc.h **** #endif
 241:./inc/cmsis_gcc.h **** 
 242:./inc/cmsis_gcc.h **** 
 243:./inc/cmsis_gcc.h **** /**
 244:./inc/cmsis_gcc.h ****   \brief   Set Control Register
 245:./inc/cmsis_gcc.h ****   \details Writes the given value to the Control Register.
 246:./inc/cmsis_gcc.h ****   \param [in]    control  Control Register value to set
 247:./inc/cmsis_gcc.h ****  */
 248:./inc/cmsis_gcc.h **** __STATIC_FORCEINLINE void __set_CONTROL(uint32_t control)
 249:./inc/cmsis_gcc.h **** {
 250:./inc/cmsis_gcc.h ****   __ASM volatile ("MSR control, %0" : : "r" (control) : "memory");
 251:./inc/cmsis_gcc.h **** }
 252:./inc/cmsis_gcc.h **** 
 253:./inc/cmsis_gcc.h **** 
 254:./inc/cmsis_gcc.h **** #if (defined (__ARM_FEATURE_CMSE ) && (__ARM_FEATURE_CMSE == 3))
 255:./inc/cmsis_gcc.h **** /**
 256:./inc/cmsis_gcc.h ****   \brief   Set Control Register (non-secure)
 257:./inc/cmsis_gcc.h ****   \details Writes the given value to the non-secure Control Register when in secure state.
 258:./inc/cmsis_gcc.h ****   \param [in]    control  Control Register value to set
 259:./inc/cmsis_gcc.h ****  */
 260:./inc/cmsis_gcc.h **** __STATIC_FORCEINLINE void __TZ_set_CONTROL_NS(uint32_t control)
 261:./inc/cmsis_gcc.h **** {
 262:./inc/cmsis_gcc.h ****   __ASM volatile ("MSR control_ns, %0" : : "r" (control) : "memory");
 263:./inc/cmsis_gcc.h **** }
 264:./inc/cmsis_gcc.h **** #endif
 265:./inc/cmsis_gcc.h **** 
 266:./inc/cmsis_gcc.h **** 
 267:./inc/cmsis_gcc.h **** /**
 268:./inc/cmsis_gcc.h ****   \brief   Get IPSR Register
 269:./inc/cmsis_gcc.h ****   \details Returns the content of the IPSR Register.
 270:./inc/cmsis_gcc.h ****   \return               IPSR Register value
 271:./inc/cmsis_gcc.h ****  */
 272:./inc/cmsis_gcc.h **** __STATIC_FORCEINLINE uint32_t __get_IPSR(void)
 273:./inc/cmsis_gcc.h **** {
 274:./inc/cmsis_gcc.h ****   uint32_t result;
 275:./inc/cmsis_gcc.h **** 
 276:./inc/cmsis_gcc.h ****   __ASM volatile ("MRS %0, ipsr" : "=r" (result) );
 277:./inc/cmsis_gcc.h ****   return(result);
 278:./inc/cmsis_gcc.h **** }
 279:./inc/cmsis_gcc.h **** 
 280:./inc/cmsis_gcc.h **** 
 281:./inc/cmsis_gcc.h **** /**
 282:./inc/cmsis_gcc.h ****   \brief   Get APSR Register
 283:./inc/cmsis_gcc.h ****   \details Returns the content of the APSR Register.
 284:./inc/cmsis_gcc.h ****   \return               APSR Register value
 285:./inc/cmsis_gcc.h ****  */
 286:./inc/cmsis_gcc.h **** __STATIC_FORCEINLINE uint32_t __get_APSR(void)
 287:./inc/cmsis_gcc.h **** {
 288:./inc/cmsis_gcc.h ****   uint32_t result;
 289:./inc/cmsis_gcc.h **** 
 290:./inc/cmsis_gcc.h ****   __ASM volatile ("MRS %0, apsr" : "=r" (result) );
 291:./inc/cmsis_gcc.h ****   return(result);
 292:./inc/cmsis_gcc.h **** }
 293:./inc/cmsis_gcc.h **** 
 294:./inc/cmsis_gcc.h **** 
 295:./inc/cmsis_gcc.h **** /**
 296:./inc/cmsis_gcc.h ****   \brief   Get xPSR Register
 297:./inc/cmsis_gcc.h ****   \details Returns the content of the xPSR Register.
 298:./inc/cmsis_gcc.h ****   \return               xPSR Register value
 299:./inc/cmsis_gcc.h ****  */
 300:./inc/cmsis_gcc.h **** __STATIC_FORCEINLINE uint32_t __get_xPSR(void)
 301:./inc/cmsis_gcc.h **** {
 302:./inc/cmsis_gcc.h ****   uint32_t result;
 303:./inc/cmsis_gcc.h **** 
 304:./inc/cmsis_gcc.h ****   __ASM volatile ("MRS %0, xpsr" : "=r" (result) );
 305:./inc/cmsis_gcc.h ****   return(result);
 306:./inc/cmsis_gcc.h **** }
 307:./inc/cmsis_gcc.h **** 
 308:./inc/cmsis_gcc.h **** 
 309:./inc/cmsis_gcc.h **** /**
 310:./inc/cmsis_gcc.h ****   \brief   Get Process Stack Pointer
 311:./inc/cmsis_gcc.h ****   \details Returns the current value of the Process Stack Pointer (PSP).
 312:./inc/cmsis_gcc.h ****   \return               PSP Register value
 313:./inc/cmsis_gcc.h ****  */
 314:./inc/cmsis_gcc.h **** __STATIC_FORCEINLINE uint32_t __get_PSP(void)
 315:./inc/cmsis_gcc.h **** {
 316:./inc/cmsis_gcc.h ****   uint32_t result;
 317:./inc/cmsis_gcc.h **** 
 318:./inc/cmsis_gcc.h ****   __ASM volatile ("MRS %0, psp"  : "=r" (result) );
 319:./inc/cmsis_gcc.h ****   return(result);
 320:./inc/cmsis_gcc.h **** }
 321:./inc/cmsis_gcc.h **** 
 322:./inc/cmsis_gcc.h **** 
 323:./inc/cmsis_gcc.h **** #if (defined (__ARM_FEATURE_CMSE ) && (__ARM_FEATURE_CMSE == 3))
 324:./inc/cmsis_gcc.h **** /**
 325:./inc/cmsis_gcc.h ****   \brief   Get Process Stack Pointer (non-secure)
 326:./inc/cmsis_gcc.h ****   \details Returns the current value of the non-secure Process Stack Pointer (PSP) when in secure s
 327:./inc/cmsis_gcc.h ****   \return               PSP Register value
 328:./inc/cmsis_gcc.h ****  */
 329:./inc/cmsis_gcc.h **** __STATIC_FORCEINLINE uint32_t __TZ_get_PSP_NS(void)
 330:./inc/cmsis_gcc.h **** {
 331:./inc/cmsis_gcc.h ****   uint32_t result;
 332:./inc/cmsis_gcc.h **** 
 333:./inc/cmsis_gcc.h ****   __ASM volatile ("MRS %0, psp_ns"  : "=r" (result) );
 334:./inc/cmsis_gcc.h ****   return(result);
 335:./inc/cmsis_gcc.h **** }
 336:./inc/cmsis_gcc.h **** #endif
 337:./inc/cmsis_gcc.h **** 
 338:./inc/cmsis_gcc.h **** 
 339:./inc/cmsis_gcc.h **** /**
 340:./inc/cmsis_gcc.h ****   \brief   Set Process Stack Pointer
 341:./inc/cmsis_gcc.h ****   \details Assigns the given value to the Process Stack Pointer (PSP).
 342:./inc/cmsis_gcc.h ****   \param [in]    topOfProcStack  Process Stack Pointer value to set
 343:./inc/cmsis_gcc.h ****  */
 344:./inc/cmsis_gcc.h **** __STATIC_FORCEINLINE void __set_PSP(uint32_t topOfProcStack)
 345:./inc/cmsis_gcc.h **** {
 346:./inc/cmsis_gcc.h ****   __ASM volatile ("MSR psp, %0" : : "r" (topOfProcStack) : );
 347:./inc/cmsis_gcc.h **** }
 348:./inc/cmsis_gcc.h **** 
 349:./inc/cmsis_gcc.h **** 
 350:./inc/cmsis_gcc.h **** #if (defined (__ARM_FEATURE_CMSE ) && (__ARM_FEATURE_CMSE == 3))
 351:./inc/cmsis_gcc.h **** /**
 352:./inc/cmsis_gcc.h ****   \brief   Set Process Stack Pointer (non-secure)
 353:./inc/cmsis_gcc.h ****   \details Assigns the given value to the non-secure Process Stack Pointer (PSP) when in secure sta
 354:./inc/cmsis_gcc.h ****   \param [in]    topOfProcStack  Process Stack Pointer value to set
 355:./inc/cmsis_gcc.h ****  */
 356:./inc/cmsis_gcc.h **** __STATIC_FORCEINLINE void __TZ_set_PSP_NS(uint32_t topOfProcStack)
 357:./inc/cmsis_gcc.h **** {
 358:./inc/cmsis_gcc.h ****   __ASM volatile ("MSR psp_ns, %0" : : "r" (topOfProcStack) : );
 359:./inc/cmsis_gcc.h **** }
 360:./inc/cmsis_gcc.h **** #endif
 361:./inc/cmsis_gcc.h **** 
 362:./inc/cmsis_gcc.h **** 
 363:./inc/cmsis_gcc.h **** /**
 364:./inc/cmsis_gcc.h ****   \brief   Get Main Stack Pointer
 365:./inc/cmsis_gcc.h ****   \details Returns the current value of the Main Stack Pointer (MSP).
 366:./inc/cmsis_gcc.h ****   \return               MSP Register value
 367:./inc/cmsis_gcc.h ****  */
 368:./inc/cmsis_gcc.h **** __STATIC_FORCEINLINE uint32_t __get_MSP(void)
 369:./inc/cmsis_gcc.h **** {
 370:./inc/cmsis_gcc.h ****   uint32_t result;
 371:./inc/cmsis_gcc.h **** 
 372:./inc/cmsis_gcc.h ****   __ASM volatile ("MRS %0, msp" : "=r" (result) );
 373:./inc/cmsis_gcc.h ****   return(result);
 374:./inc/cmsis_gcc.h **** }
 375:./inc/cmsis_gcc.h **** 
 376:./inc/cmsis_gcc.h **** 
 377:./inc/cmsis_gcc.h **** #if (defined (__ARM_FEATURE_CMSE ) && (__ARM_FEATURE_CMSE == 3))
 378:./inc/cmsis_gcc.h **** /**
 379:./inc/cmsis_gcc.h ****   \brief   Get Main Stack Pointer (non-secure)
 380:./inc/cmsis_gcc.h ****   \details Returns the current value of the non-secure Main Stack Pointer (MSP) when in secure stat
 381:./inc/cmsis_gcc.h ****   \return               MSP Register value
 382:./inc/cmsis_gcc.h ****  */
 383:./inc/cmsis_gcc.h **** __STATIC_FORCEINLINE uint32_t __TZ_get_MSP_NS(void)
 384:./inc/cmsis_gcc.h **** {
 385:./inc/cmsis_gcc.h ****   uint32_t result;
 386:./inc/cmsis_gcc.h **** 
 387:./inc/cmsis_gcc.h ****   __ASM volatile ("MRS %0, msp_ns" : "=r" (result) );
 388:./inc/cmsis_gcc.h ****   return(result);
 389:./inc/cmsis_gcc.h **** }
 390:./inc/cmsis_gcc.h **** #endif
 391:./inc/cmsis_gcc.h **** 
 392:./inc/cmsis_gcc.h **** 
 393:./inc/cmsis_gcc.h **** /**
 394:./inc/cmsis_gcc.h ****   \brief   Set Main Stack Pointer
 395:./inc/cmsis_gcc.h ****   \details Assigns the given value to the Main Stack Pointer (MSP).
 396:./inc/cmsis_gcc.h ****   \param [in]    topOfMainStack  Main Stack Pointer value to set
 397:./inc/cmsis_gcc.h ****  */
 398:./inc/cmsis_gcc.h **** __STATIC_FORCEINLINE void __set_MSP(uint32_t topOfMainStack)
 399:./inc/cmsis_gcc.h **** {
 400:./inc/cmsis_gcc.h ****   __ASM volatile ("MSR msp, %0" : : "r" (topOfMainStack) : );
 401:./inc/cmsis_gcc.h **** }
 402:./inc/cmsis_gcc.h **** 
 403:./inc/cmsis_gcc.h **** 
 404:./inc/cmsis_gcc.h **** #if (defined (__ARM_FEATURE_CMSE ) && (__ARM_FEATURE_CMSE == 3))
 405:./inc/cmsis_gcc.h **** /**
 406:./inc/cmsis_gcc.h ****   \brief   Set Main Stack Pointer (non-secure)
 407:./inc/cmsis_gcc.h ****   \details Assigns the given value to the non-secure Main Stack Pointer (MSP) when in secure state.
 408:./inc/cmsis_gcc.h ****   \param [in]    topOfMainStack  Main Stack Pointer value to set
 409:./inc/cmsis_gcc.h ****  */
 410:./inc/cmsis_gcc.h **** __STATIC_FORCEINLINE void __TZ_set_MSP_NS(uint32_t topOfMainStack)
 411:./inc/cmsis_gcc.h **** {
 412:./inc/cmsis_gcc.h ****   __ASM volatile ("MSR msp_ns, %0" : : "r" (topOfMainStack) : );
 413:./inc/cmsis_gcc.h **** }
 414:./inc/cmsis_gcc.h **** #endif
 415:./inc/cmsis_gcc.h **** 
 416:./inc/cmsis_gcc.h **** 
 417:./inc/cmsis_gcc.h **** #if (defined (__ARM_FEATURE_CMSE ) && (__ARM_FEATURE_CMSE == 3))
 418:./inc/cmsis_gcc.h **** /**
 419:./inc/cmsis_gcc.h ****   \brief   Get Stack Pointer (non-secure)
 420:./inc/cmsis_gcc.h ****   \details Returns the current value of the non-secure Stack Pointer (SP) when in secure state.
 421:./inc/cmsis_gcc.h ****   \return               SP Register value
 422:./inc/cmsis_gcc.h ****  */
 423:./inc/cmsis_gcc.h **** __STATIC_FORCEINLINE uint32_t __TZ_get_SP_NS(void)
 424:./inc/cmsis_gcc.h **** {
 425:./inc/cmsis_gcc.h ****   uint32_t result;
 426:./inc/cmsis_gcc.h **** 
 427:./inc/cmsis_gcc.h ****   __ASM volatile ("MRS %0, sp_ns" : "=r" (result) );
 428:./inc/cmsis_gcc.h ****   return(result);
 429:./inc/cmsis_gcc.h **** }
 430:./inc/cmsis_gcc.h **** 
 431:./inc/cmsis_gcc.h **** 
 432:./inc/cmsis_gcc.h **** /**
 433:./inc/cmsis_gcc.h ****   \brief   Set Stack Pointer (non-secure)
 434:./inc/cmsis_gcc.h ****   \details Assigns the given value to the non-secure Stack Pointer (SP) when in secure state.
 435:./inc/cmsis_gcc.h ****   \param [in]    topOfStack  Stack Pointer value to set
 436:./inc/cmsis_gcc.h ****  */
 437:./inc/cmsis_gcc.h **** __STATIC_FORCEINLINE void __TZ_set_SP_NS(uint32_t topOfStack)
 438:./inc/cmsis_gcc.h **** {
 439:./inc/cmsis_gcc.h ****   __ASM volatile ("MSR sp_ns, %0" : : "r" (topOfStack) : );
 440:./inc/cmsis_gcc.h **** }
 441:./inc/cmsis_gcc.h **** #endif
 442:./inc/cmsis_gcc.h **** 
 443:./inc/cmsis_gcc.h **** 
 444:./inc/cmsis_gcc.h **** /**
 445:./inc/cmsis_gcc.h ****   \brief   Get Priority Mask
 446:./inc/cmsis_gcc.h ****   \details Returns the current state of the priority mask bit from the Priority Mask Register.
 447:./inc/cmsis_gcc.h ****   \return               Priority Mask value
 448:./inc/cmsis_gcc.h ****  */
 449:./inc/cmsis_gcc.h **** __STATIC_FORCEINLINE uint32_t __get_PRIMASK(void)
 450:./inc/cmsis_gcc.h **** {
 451:./inc/cmsis_gcc.h ****   uint32_t result;
 452:./inc/cmsis_gcc.h **** 
 453:./inc/cmsis_gcc.h ****   __ASM volatile ("MRS %0, primask" : "=r" (result) :: "memory");
 454:./inc/cmsis_gcc.h ****   return(result);
 455:./inc/cmsis_gcc.h **** }
 456:./inc/cmsis_gcc.h **** 
 457:./inc/cmsis_gcc.h **** 
 458:./inc/cmsis_gcc.h **** #if (defined (__ARM_FEATURE_CMSE ) && (__ARM_FEATURE_CMSE == 3))
 459:./inc/cmsis_gcc.h **** /**
 460:./inc/cmsis_gcc.h ****   \brief   Get Priority Mask (non-secure)
 461:./inc/cmsis_gcc.h ****   \details Returns the current state of the non-secure priority mask bit from the Priority Mask Reg
 462:./inc/cmsis_gcc.h ****   \return               Priority Mask value
 463:./inc/cmsis_gcc.h ****  */
 464:./inc/cmsis_gcc.h **** __STATIC_FORCEINLINE uint32_t __TZ_get_PRIMASK_NS(void)
 465:./inc/cmsis_gcc.h **** {
 466:./inc/cmsis_gcc.h ****   uint32_t result;
 467:./inc/cmsis_gcc.h **** 
 468:./inc/cmsis_gcc.h ****   __ASM volatile ("MRS %0, primask_ns" : "=r" (result) :: "memory");
 469:./inc/cmsis_gcc.h ****   return(result);
 470:./inc/cmsis_gcc.h **** }
 471:./inc/cmsis_gcc.h **** #endif
 472:./inc/cmsis_gcc.h **** 
 473:./inc/cmsis_gcc.h **** 
 474:./inc/cmsis_gcc.h **** /**
 475:./inc/cmsis_gcc.h ****   \brief   Set Priority Mask
 476:./inc/cmsis_gcc.h ****   \details Assigns the given value to the Priority Mask Register.
 477:./inc/cmsis_gcc.h ****   \param [in]    priMask  Priority Mask
 478:./inc/cmsis_gcc.h ****  */
 479:./inc/cmsis_gcc.h **** __STATIC_FORCEINLINE void __set_PRIMASK(uint32_t priMask)
 480:./inc/cmsis_gcc.h **** {
 481:./inc/cmsis_gcc.h ****   __ASM volatile ("MSR primask, %0" : : "r" (priMask) : "memory");
 482:./inc/cmsis_gcc.h **** }
 483:./inc/cmsis_gcc.h **** 
 484:./inc/cmsis_gcc.h **** 
 485:./inc/cmsis_gcc.h **** #if (defined (__ARM_FEATURE_CMSE ) && (__ARM_FEATURE_CMSE == 3))
 486:./inc/cmsis_gcc.h **** /**
 487:./inc/cmsis_gcc.h ****   \brief   Set Priority Mask (non-secure)
 488:./inc/cmsis_gcc.h ****   \details Assigns the given value to the non-secure Priority Mask Register when in secure state.
 489:./inc/cmsis_gcc.h ****   \param [in]    priMask  Priority Mask
 490:./inc/cmsis_gcc.h ****  */
 491:./inc/cmsis_gcc.h **** __STATIC_FORCEINLINE void __TZ_set_PRIMASK_NS(uint32_t priMask)
 492:./inc/cmsis_gcc.h **** {
 493:./inc/cmsis_gcc.h ****   __ASM volatile ("MSR primask_ns, %0" : : "r" (priMask) : "memory");
 494:./inc/cmsis_gcc.h **** }
 495:./inc/cmsis_gcc.h **** #endif
 496:./inc/cmsis_gcc.h **** 
 497:./inc/cmsis_gcc.h **** 
 498:./inc/cmsis_gcc.h **** #if ((defined (__ARM_ARCH_7M__      ) && (__ARM_ARCH_7M__      == 1)) || \
 499:./inc/cmsis_gcc.h ****      (defined (__ARM_ARCH_7EM__     ) && (__ARM_ARCH_7EM__     == 1)) || \
 500:./inc/cmsis_gcc.h ****      (defined (__ARM_ARCH_8M_MAIN__ ) && (__ARM_ARCH_8M_MAIN__ == 1))    )
 501:./inc/cmsis_gcc.h **** /**
 502:./inc/cmsis_gcc.h ****   \brief   Enable FIQ
 503:./inc/cmsis_gcc.h ****   \details Enables FIQ interrupts by clearing the F-bit in the CPSR.
 504:./inc/cmsis_gcc.h ****            Can only be executed in Privileged modes.
 505:./inc/cmsis_gcc.h ****  */
 506:./inc/cmsis_gcc.h **** __STATIC_FORCEINLINE void __enable_fault_irq(void)
 507:./inc/cmsis_gcc.h **** {
 508:./inc/cmsis_gcc.h ****   __ASM volatile ("cpsie f" : : : "memory");
 509:./inc/cmsis_gcc.h **** }
 510:./inc/cmsis_gcc.h **** 
 511:./inc/cmsis_gcc.h **** 
 512:./inc/cmsis_gcc.h **** /**
 513:./inc/cmsis_gcc.h ****   \brief   Disable FIQ
 514:./inc/cmsis_gcc.h ****   \details Disables FIQ interrupts by setting the F-bit in the CPSR.
 515:./inc/cmsis_gcc.h ****            Can only be executed in Privileged modes.
 516:./inc/cmsis_gcc.h ****  */
 517:./inc/cmsis_gcc.h **** __STATIC_FORCEINLINE void __disable_fault_irq(void)
 518:./inc/cmsis_gcc.h **** {
 519:./inc/cmsis_gcc.h ****   __ASM volatile ("cpsid f" : : : "memory");
 520:./inc/cmsis_gcc.h **** }
 521:./inc/cmsis_gcc.h **** 
 522:./inc/cmsis_gcc.h **** 
 523:./inc/cmsis_gcc.h **** /**
 524:./inc/cmsis_gcc.h ****   \brief   Get Base Priority
 525:./inc/cmsis_gcc.h ****   \details Returns the current value of the Base Priority register.
 526:./inc/cmsis_gcc.h ****   \return               Base Priority register value
 527:./inc/cmsis_gcc.h ****  */
 528:./inc/cmsis_gcc.h **** __STATIC_FORCEINLINE uint32_t __get_BASEPRI(void)
 529:./inc/cmsis_gcc.h **** {
 530:./inc/cmsis_gcc.h ****   uint32_t result;
 531:./inc/cmsis_gcc.h **** 
 532:./inc/cmsis_gcc.h ****   __ASM volatile ("MRS %0, basepri" : "=r" (result) );
 533:./inc/cmsis_gcc.h ****   return(result);
 534:./inc/cmsis_gcc.h **** }
 535:./inc/cmsis_gcc.h **** 
 536:./inc/cmsis_gcc.h **** 
 537:./inc/cmsis_gcc.h **** #if (defined (__ARM_FEATURE_CMSE ) && (__ARM_FEATURE_CMSE == 3))
 538:./inc/cmsis_gcc.h **** /**
 539:./inc/cmsis_gcc.h ****   \brief   Get Base Priority (non-secure)
 540:./inc/cmsis_gcc.h ****   \details Returns the current value of the non-secure Base Priority register when in secure state.
 541:./inc/cmsis_gcc.h ****   \return               Base Priority register value
 542:./inc/cmsis_gcc.h ****  */
 543:./inc/cmsis_gcc.h **** __STATIC_FORCEINLINE uint32_t __TZ_get_BASEPRI_NS(void)
 544:./inc/cmsis_gcc.h **** {
 545:./inc/cmsis_gcc.h ****   uint32_t result;
 546:./inc/cmsis_gcc.h **** 
 547:./inc/cmsis_gcc.h ****   __ASM volatile ("MRS %0, basepri_ns" : "=r" (result) );
 548:./inc/cmsis_gcc.h ****   return(result);
 549:./inc/cmsis_gcc.h **** }
 550:./inc/cmsis_gcc.h **** #endif
 551:./inc/cmsis_gcc.h **** 
 552:./inc/cmsis_gcc.h **** 
 553:./inc/cmsis_gcc.h **** /**
 554:./inc/cmsis_gcc.h ****   \brief   Set Base Priority
 555:./inc/cmsis_gcc.h ****   \details Assigns the given value to the Base Priority register.
 556:./inc/cmsis_gcc.h ****   \param [in]    basePri  Base Priority value to set
 557:./inc/cmsis_gcc.h ****  */
 558:./inc/cmsis_gcc.h **** __STATIC_FORCEINLINE void __set_BASEPRI(uint32_t basePri)
 559:./inc/cmsis_gcc.h **** {
 560:./inc/cmsis_gcc.h ****   __ASM volatile ("MSR basepri, %0" : : "r" (basePri) : "memory");
 561:./inc/cmsis_gcc.h **** }
 562:./inc/cmsis_gcc.h **** 
 563:./inc/cmsis_gcc.h **** 
 564:./inc/cmsis_gcc.h **** #if (defined (__ARM_FEATURE_CMSE ) && (__ARM_FEATURE_CMSE == 3))
 565:./inc/cmsis_gcc.h **** /**
 566:./inc/cmsis_gcc.h ****   \brief   Set Base Priority (non-secure)
 567:./inc/cmsis_gcc.h ****   \details Assigns the given value to the non-secure Base Priority register when in secure state.
 568:./inc/cmsis_gcc.h ****   \param [in]    basePri  Base Priority value to set
 569:./inc/cmsis_gcc.h ****  */
 570:./inc/cmsis_gcc.h **** __STATIC_FORCEINLINE void __TZ_set_BASEPRI_NS(uint32_t basePri)
 571:./inc/cmsis_gcc.h **** {
 572:./inc/cmsis_gcc.h ****   __ASM volatile ("MSR basepri_ns, %0" : : "r" (basePri) : "memory");
 573:./inc/cmsis_gcc.h **** }
 574:./inc/cmsis_gcc.h **** #endif
 575:./inc/cmsis_gcc.h **** 
 576:./inc/cmsis_gcc.h **** 
 577:./inc/cmsis_gcc.h **** /**
 578:./inc/cmsis_gcc.h ****   \brief   Set Base Priority with condition
 579:./inc/cmsis_gcc.h ****   \details Assigns the given value to the Base Priority register only if BASEPRI masking is disable
 580:./inc/cmsis_gcc.h ****            or the new value increases the BASEPRI priority level.
 581:./inc/cmsis_gcc.h ****   \param [in]    basePri  Base Priority value to set
 582:./inc/cmsis_gcc.h ****  */
 583:./inc/cmsis_gcc.h **** __STATIC_FORCEINLINE void __set_BASEPRI_MAX(uint32_t basePri)
 584:./inc/cmsis_gcc.h **** {
 585:./inc/cmsis_gcc.h ****   __ASM volatile ("MSR basepri_max, %0" : : "r" (basePri) : "memory");
 586:./inc/cmsis_gcc.h **** }
 587:./inc/cmsis_gcc.h **** 
 588:./inc/cmsis_gcc.h **** 
 589:./inc/cmsis_gcc.h **** /**
 590:./inc/cmsis_gcc.h ****   \brief   Get Fault Mask
 591:./inc/cmsis_gcc.h ****   \details Returns the current value of the Fault Mask register.
 592:./inc/cmsis_gcc.h ****   \return               Fault Mask register value
 593:./inc/cmsis_gcc.h ****  */
 594:./inc/cmsis_gcc.h **** __STATIC_FORCEINLINE uint32_t __get_FAULTMASK(void)
 595:./inc/cmsis_gcc.h **** {
 596:./inc/cmsis_gcc.h ****   uint32_t result;
 597:./inc/cmsis_gcc.h **** 
 598:./inc/cmsis_gcc.h ****   __ASM volatile ("MRS %0, faultmask" : "=r" (result) );
 599:./inc/cmsis_gcc.h ****   return(result);
 600:./inc/cmsis_gcc.h **** }
 601:./inc/cmsis_gcc.h **** 
 602:./inc/cmsis_gcc.h **** 
 603:./inc/cmsis_gcc.h **** #if (defined (__ARM_FEATURE_CMSE ) && (__ARM_FEATURE_CMSE == 3))
 604:./inc/cmsis_gcc.h **** /**
 605:./inc/cmsis_gcc.h ****   \brief   Get Fault Mask (non-secure)
 606:./inc/cmsis_gcc.h ****   \details Returns the current value of the non-secure Fault Mask register when in secure state.
 607:./inc/cmsis_gcc.h ****   \return               Fault Mask register value
 608:./inc/cmsis_gcc.h ****  */
 609:./inc/cmsis_gcc.h **** __STATIC_FORCEINLINE uint32_t __TZ_get_FAULTMASK_NS(void)
 610:./inc/cmsis_gcc.h **** {
 611:./inc/cmsis_gcc.h ****   uint32_t result;
 612:./inc/cmsis_gcc.h **** 
 613:./inc/cmsis_gcc.h ****   __ASM volatile ("MRS %0, faultmask_ns" : "=r" (result) );
 614:./inc/cmsis_gcc.h ****   return(result);
 615:./inc/cmsis_gcc.h **** }
 616:./inc/cmsis_gcc.h **** #endif
 617:./inc/cmsis_gcc.h **** 
 618:./inc/cmsis_gcc.h **** 
 619:./inc/cmsis_gcc.h **** /**
 620:./inc/cmsis_gcc.h ****   \brief   Set Fault Mask
 621:./inc/cmsis_gcc.h ****   \details Assigns the given value to the Fault Mask register.
 622:./inc/cmsis_gcc.h ****   \param [in]    faultMask  Fault Mask value to set
 623:./inc/cmsis_gcc.h ****  */
 624:./inc/cmsis_gcc.h **** __STATIC_FORCEINLINE void __set_FAULTMASK(uint32_t faultMask)
 625:./inc/cmsis_gcc.h **** {
 626:./inc/cmsis_gcc.h ****   __ASM volatile ("MSR faultmask, %0" : : "r" (faultMask) : "memory");
 627:./inc/cmsis_gcc.h **** }
 628:./inc/cmsis_gcc.h **** 
 629:./inc/cmsis_gcc.h **** 
 630:./inc/cmsis_gcc.h **** #if (defined (__ARM_FEATURE_CMSE ) && (__ARM_FEATURE_CMSE == 3))
 631:./inc/cmsis_gcc.h **** /**
 632:./inc/cmsis_gcc.h ****   \brief   Set Fault Mask (non-secure)
 633:./inc/cmsis_gcc.h ****   \details Assigns the given value to the non-secure Fault Mask register when in secure state.
 634:./inc/cmsis_gcc.h ****   \param [in]    faultMask  Fault Mask value to set
 635:./inc/cmsis_gcc.h ****  */
 636:./inc/cmsis_gcc.h **** __STATIC_FORCEINLINE void __TZ_set_FAULTMASK_NS(uint32_t faultMask)
 637:./inc/cmsis_gcc.h **** {
 638:./inc/cmsis_gcc.h ****   __ASM volatile ("MSR faultmask_ns, %0" : : "r" (faultMask) : "memory");
 639:./inc/cmsis_gcc.h **** }
 640:./inc/cmsis_gcc.h **** #endif
 641:./inc/cmsis_gcc.h **** 
 642:./inc/cmsis_gcc.h **** #endif /* ((defined (__ARM_ARCH_7M__      ) && (__ARM_ARCH_7M__      == 1)) || \
 643:./inc/cmsis_gcc.h ****            (defined (__ARM_ARCH_7EM__     ) && (__ARM_ARCH_7EM__     == 1)) || \
 644:./inc/cmsis_gcc.h ****            (defined (__ARM_ARCH_8M_MAIN__ ) && (__ARM_ARCH_8M_MAIN__ == 1))    ) */
 645:./inc/cmsis_gcc.h **** 
 646:./inc/cmsis_gcc.h **** 
 647:./inc/cmsis_gcc.h **** #if ((defined (__ARM_ARCH_8M_MAIN__ ) && (__ARM_ARCH_8M_MAIN__ == 1)) || \
 648:./inc/cmsis_gcc.h ****      (defined (__ARM_ARCH_8M_BASE__ ) && (__ARM_ARCH_8M_BASE__ == 1))    )
 649:./inc/cmsis_gcc.h **** 
 650:./inc/cmsis_gcc.h **** /**
 651:./inc/cmsis_gcc.h ****   \brief   Get Process Stack Pointer Limit
 652:./inc/cmsis_gcc.h ****   Devices without ARMv8-M Main Extensions (i.e. Cortex-M23) lack the non-secure
 653:./inc/cmsis_gcc.h ****   Stack Pointer Limit register hence zero is returned always in non-secure
 654:./inc/cmsis_gcc.h ****   mode.
 655:./inc/cmsis_gcc.h ****   
 656:./inc/cmsis_gcc.h ****   \details Returns the current value of the Process Stack Pointer Limit (PSPLIM).
 657:./inc/cmsis_gcc.h ****   \return               PSPLIM Register value
 658:./inc/cmsis_gcc.h ****  */
 659:./inc/cmsis_gcc.h **** __STATIC_FORCEINLINE uint32_t __get_PSPLIM(void)
 660:./inc/cmsis_gcc.h **** {
 661:./inc/cmsis_gcc.h **** #if (!(defined (__ARM_ARCH_8M_MAIN__ ) && (__ARM_ARCH_8M_MAIN__ == 1)) && \
 662:./inc/cmsis_gcc.h ****     (!defined (__ARM_FEATURE_CMSE) || (__ARM_FEATURE_CMSE < 3)))
 663:./inc/cmsis_gcc.h ****     // without main extensions, the non-secure PSPLIM is RAZ/WI
 664:./inc/cmsis_gcc.h ****   return 0U;
 665:./inc/cmsis_gcc.h **** #else
 666:./inc/cmsis_gcc.h ****   uint32_t result;
 667:./inc/cmsis_gcc.h ****   __ASM volatile ("MRS %0, psplim"  : "=r" (result) );
 668:./inc/cmsis_gcc.h ****   return result;
 669:./inc/cmsis_gcc.h **** #endif
 670:./inc/cmsis_gcc.h **** }
 671:./inc/cmsis_gcc.h **** 
 672:./inc/cmsis_gcc.h **** #if (defined (__ARM_FEATURE_CMSE) && (__ARM_FEATURE_CMSE == 3))
 673:./inc/cmsis_gcc.h **** /**
 674:./inc/cmsis_gcc.h ****   \brief   Get Process Stack Pointer Limit (non-secure)
 675:./inc/cmsis_gcc.h ****   Devices without ARMv8-M Main Extensions (i.e. Cortex-M23) lack the non-secure
 676:./inc/cmsis_gcc.h ****   Stack Pointer Limit register hence zero is returned always.
 677:./inc/cmsis_gcc.h **** 
 678:./inc/cmsis_gcc.h ****   \details Returns the current value of the non-secure Process Stack Pointer Limit (PSPLIM) when in
 679:./inc/cmsis_gcc.h ****   \return               PSPLIM Register value
 680:./inc/cmsis_gcc.h ****  */
 681:./inc/cmsis_gcc.h **** __STATIC_FORCEINLINE uint32_t __TZ_get_PSPLIM_NS(void)
 682:./inc/cmsis_gcc.h **** {
 683:./inc/cmsis_gcc.h **** #if (!(defined (__ARM_ARCH_8M_MAIN__ ) && (__ARM_ARCH_8M_MAIN__ == 1)))
 684:./inc/cmsis_gcc.h ****   // without main extensions, the non-secure PSPLIM is RAZ/WI
 685:./inc/cmsis_gcc.h ****   return 0U;
 686:./inc/cmsis_gcc.h **** #else
 687:./inc/cmsis_gcc.h ****   uint32_t result;
 688:./inc/cmsis_gcc.h ****   __ASM volatile ("MRS %0, psplim_ns"  : "=r" (result) );
 689:./inc/cmsis_gcc.h ****   return result;
 690:./inc/cmsis_gcc.h **** #endif
 691:./inc/cmsis_gcc.h **** }
 692:./inc/cmsis_gcc.h **** #endif
 693:./inc/cmsis_gcc.h **** 
 694:./inc/cmsis_gcc.h **** 
 695:./inc/cmsis_gcc.h **** /**
 696:./inc/cmsis_gcc.h ****   \brief   Set Process Stack Pointer Limit
 697:./inc/cmsis_gcc.h ****   Devices without ARMv8-M Main Extensions (i.e. Cortex-M23) lack the non-secure
 698:./inc/cmsis_gcc.h ****   Stack Pointer Limit register hence the write is silently ignored in non-secure
 699:./inc/cmsis_gcc.h ****   mode.
 700:./inc/cmsis_gcc.h ****   
 701:./inc/cmsis_gcc.h ****   \details Assigns the given value to the Process Stack Pointer Limit (PSPLIM).
 702:./inc/cmsis_gcc.h ****   \param [in]    ProcStackPtrLimit  Process Stack Pointer Limit value to set
 703:./inc/cmsis_gcc.h ****  */
 704:./inc/cmsis_gcc.h **** __STATIC_FORCEINLINE void __set_PSPLIM(uint32_t ProcStackPtrLimit)
 705:./inc/cmsis_gcc.h **** {
 706:./inc/cmsis_gcc.h **** #if (!(defined (__ARM_ARCH_8M_MAIN__ ) && (__ARM_ARCH_8M_MAIN__ == 1)) && \
 707:./inc/cmsis_gcc.h ****     (!defined (__ARM_FEATURE_CMSE) || (__ARM_FEATURE_CMSE < 3)))
 708:./inc/cmsis_gcc.h ****   // without main extensions, the non-secure PSPLIM is RAZ/WI
 709:./inc/cmsis_gcc.h ****   (void)ProcStackPtrLimit;
 710:./inc/cmsis_gcc.h **** #else
 711:./inc/cmsis_gcc.h ****   __ASM volatile ("MSR psplim, %0" : : "r" (ProcStackPtrLimit));
 712:./inc/cmsis_gcc.h **** #endif
 713:./inc/cmsis_gcc.h **** }
 714:./inc/cmsis_gcc.h **** 
 715:./inc/cmsis_gcc.h **** 
 716:./inc/cmsis_gcc.h **** #if (defined (__ARM_FEATURE_CMSE  ) && (__ARM_FEATURE_CMSE   == 3))
 717:./inc/cmsis_gcc.h **** /**
 718:./inc/cmsis_gcc.h ****   \brief   Set Process Stack Pointer (non-secure)
 719:./inc/cmsis_gcc.h ****   Devices without ARMv8-M Main Extensions (i.e. Cortex-M23) lack the non-secure
 720:./inc/cmsis_gcc.h ****   Stack Pointer Limit register hence the write is silently ignored.
 721:./inc/cmsis_gcc.h **** 
 722:./inc/cmsis_gcc.h ****   \details Assigns the given value to the non-secure Process Stack Pointer Limit (PSPLIM) when in s
 723:./inc/cmsis_gcc.h ****   \param [in]    ProcStackPtrLimit  Process Stack Pointer Limit value to set
 724:./inc/cmsis_gcc.h ****  */
 725:./inc/cmsis_gcc.h **** __STATIC_FORCEINLINE void __TZ_set_PSPLIM_NS(uint32_t ProcStackPtrLimit)
 726:./inc/cmsis_gcc.h **** {
 727:./inc/cmsis_gcc.h **** #if (!(defined (__ARM_ARCH_8M_MAIN__ ) && (__ARM_ARCH_8M_MAIN__ == 1)))
 728:./inc/cmsis_gcc.h ****   // without main extensions, the non-secure PSPLIM is RAZ/WI
 729:./inc/cmsis_gcc.h ****   (void)ProcStackPtrLimit;
 730:./inc/cmsis_gcc.h **** #else
 731:./inc/cmsis_gcc.h ****   __ASM volatile ("MSR psplim_ns, %0\n" : : "r" (ProcStackPtrLimit));
 732:./inc/cmsis_gcc.h **** #endif
 733:./inc/cmsis_gcc.h **** }
 734:./inc/cmsis_gcc.h **** #endif
 735:./inc/cmsis_gcc.h **** 
 736:./inc/cmsis_gcc.h **** 
 737:./inc/cmsis_gcc.h **** /**
 738:./inc/cmsis_gcc.h ****   \brief   Get Main Stack Pointer Limit
 739:./inc/cmsis_gcc.h ****   Devices without ARMv8-M Main Extensions (i.e. Cortex-M23) lack the non-secure
 740:./inc/cmsis_gcc.h ****   Stack Pointer Limit register hence zero is returned always in non-secure
 741:./inc/cmsis_gcc.h ****   mode.
 742:./inc/cmsis_gcc.h **** 
 743:./inc/cmsis_gcc.h ****   \details Returns the current value of the Main Stack Pointer Limit (MSPLIM).
 744:./inc/cmsis_gcc.h ****   \return               MSPLIM Register value
 745:./inc/cmsis_gcc.h ****  */
 746:./inc/cmsis_gcc.h **** __STATIC_FORCEINLINE uint32_t __get_MSPLIM(void)
 747:./inc/cmsis_gcc.h **** {
 748:./inc/cmsis_gcc.h **** #if (!(defined (__ARM_ARCH_8M_MAIN__ ) && (__ARM_ARCH_8M_MAIN__ == 1)) && \
 749:./inc/cmsis_gcc.h ****     (!defined (__ARM_FEATURE_CMSE) || (__ARM_FEATURE_CMSE < 3)))
 750:./inc/cmsis_gcc.h ****   // without main extensions, the non-secure MSPLIM is RAZ/WI
 751:./inc/cmsis_gcc.h ****   return 0U;
 752:./inc/cmsis_gcc.h **** #else
 753:./inc/cmsis_gcc.h ****   uint32_t result;
 754:./inc/cmsis_gcc.h ****   __ASM volatile ("MRS %0, msplim" : "=r" (result) );
 755:./inc/cmsis_gcc.h ****   return result;
 756:./inc/cmsis_gcc.h **** #endif
 757:./inc/cmsis_gcc.h **** }
 758:./inc/cmsis_gcc.h **** 
 759:./inc/cmsis_gcc.h **** 
 760:./inc/cmsis_gcc.h **** #if (defined (__ARM_FEATURE_CMSE  ) && (__ARM_FEATURE_CMSE   == 3))
 761:./inc/cmsis_gcc.h **** /**
 762:./inc/cmsis_gcc.h ****   \brief   Get Main Stack Pointer Limit (non-secure)
 763:./inc/cmsis_gcc.h ****   Devices without ARMv8-M Main Extensions (i.e. Cortex-M23) lack the non-secure
 764:./inc/cmsis_gcc.h ****   Stack Pointer Limit register hence zero is returned always.
 765:./inc/cmsis_gcc.h **** 
 766:./inc/cmsis_gcc.h ****   \details Returns the current value of the non-secure Main Stack Pointer Limit(MSPLIM) when in sec
 767:./inc/cmsis_gcc.h ****   \return               MSPLIM Register value
 768:./inc/cmsis_gcc.h ****  */
 769:./inc/cmsis_gcc.h **** __STATIC_FORCEINLINE uint32_t __TZ_get_MSPLIM_NS(void)
 770:./inc/cmsis_gcc.h **** {
 771:./inc/cmsis_gcc.h **** #if (!(defined (__ARM_ARCH_8M_MAIN__ ) && (__ARM_ARCH_8M_MAIN__ == 1)))
 772:./inc/cmsis_gcc.h ****   // without main extensions, the non-secure MSPLIM is RAZ/WI
 773:./inc/cmsis_gcc.h ****   return 0U;
 774:./inc/cmsis_gcc.h **** #else
 775:./inc/cmsis_gcc.h ****   uint32_t result;
 776:./inc/cmsis_gcc.h ****   __ASM volatile ("MRS %0, msplim_ns" : "=r" (result) );
 777:./inc/cmsis_gcc.h ****   return result;
 778:./inc/cmsis_gcc.h **** #endif
 779:./inc/cmsis_gcc.h **** }
 780:./inc/cmsis_gcc.h **** #endif
 781:./inc/cmsis_gcc.h **** 
 782:./inc/cmsis_gcc.h **** 
 783:./inc/cmsis_gcc.h **** /**
 784:./inc/cmsis_gcc.h ****   \brief   Set Main Stack Pointer Limit
 785:./inc/cmsis_gcc.h ****   Devices without ARMv8-M Main Extensions (i.e. Cortex-M23) lack the non-secure
 786:./inc/cmsis_gcc.h ****   Stack Pointer Limit register hence the write is silently ignored in non-secure
 787:./inc/cmsis_gcc.h ****   mode.
 788:./inc/cmsis_gcc.h **** 
 789:./inc/cmsis_gcc.h ****   \details Assigns the given value to the Main Stack Pointer Limit (MSPLIM).
 790:./inc/cmsis_gcc.h ****   \param [in]    MainStackPtrLimit  Main Stack Pointer Limit value to set
 791:./inc/cmsis_gcc.h ****  */
 792:./inc/cmsis_gcc.h **** __STATIC_FORCEINLINE void __set_MSPLIM(uint32_t MainStackPtrLimit)
 793:./inc/cmsis_gcc.h **** {
 794:./inc/cmsis_gcc.h **** #if (!(defined (__ARM_ARCH_8M_MAIN__ ) && (__ARM_ARCH_8M_MAIN__ == 1)) && \
 795:./inc/cmsis_gcc.h ****     (!defined (__ARM_FEATURE_CMSE) || (__ARM_FEATURE_CMSE < 3)))
 796:./inc/cmsis_gcc.h ****   // without main extensions, the non-secure MSPLIM is RAZ/WI
 797:./inc/cmsis_gcc.h ****   (void)MainStackPtrLimit;
 798:./inc/cmsis_gcc.h **** #else
 799:./inc/cmsis_gcc.h ****   __ASM volatile ("MSR msplim, %0" : : "r" (MainStackPtrLimit));
 800:./inc/cmsis_gcc.h **** #endif
 801:./inc/cmsis_gcc.h **** }
 802:./inc/cmsis_gcc.h **** 
 803:./inc/cmsis_gcc.h **** 
 804:./inc/cmsis_gcc.h **** #if (defined (__ARM_FEATURE_CMSE  ) && (__ARM_FEATURE_CMSE   == 3))
 805:./inc/cmsis_gcc.h **** /**
 806:./inc/cmsis_gcc.h ****   \brief   Set Main Stack Pointer Limit (non-secure)
 807:./inc/cmsis_gcc.h ****   Devices without ARMv8-M Main Extensions (i.e. Cortex-M23) lack the non-secure
 808:./inc/cmsis_gcc.h ****   Stack Pointer Limit register hence the write is silently ignored.
 809:./inc/cmsis_gcc.h **** 
 810:./inc/cmsis_gcc.h ****   \details Assigns the given value to the non-secure Main Stack Pointer Limit (MSPLIM) when in secu
 811:./inc/cmsis_gcc.h ****   \param [in]    MainStackPtrLimit  Main Stack Pointer value to set
 812:./inc/cmsis_gcc.h ****  */
 813:./inc/cmsis_gcc.h **** __STATIC_FORCEINLINE void __TZ_set_MSPLIM_NS(uint32_t MainStackPtrLimit)
 814:./inc/cmsis_gcc.h **** {
 815:./inc/cmsis_gcc.h **** #if (!(defined (__ARM_ARCH_8M_MAIN__ ) && (__ARM_ARCH_8M_MAIN__ == 1)))
 816:./inc/cmsis_gcc.h ****   // without main extensions, the non-secure MSPLIM is RAZ/WI
 817:./inc/cmsis_gcc.h ****   (void)MainStackPtrLimit;
 818:./inc/cmsis_gcc.h **** #else
 819:./inc/cmsis_gcc.h ****   __ASM volatile ("MSR msplim_ns, %0" : : "r" (MainStackPtrLimit));
 820:./inc/cmsis_gcc.h **** #endif
 821:./inc/cmsis_gcc.h **** }
 822:./inc/cmsis_gcc.h **** #endif
 823:./inc/cmsis_gcc.h **** 
 824:./inc/cmsis_gcc.h **** #endif /* ((defined (__ARM_ARCH_8M_MAIN__ ) && (__ARM_ARCH_8M_MAIN__ == 1)) || \
 825:./inc/cmsis_gcc.h ****            (defined (__ARM_ARCH_8M_BASE__ ) && (__ARM_ARCH_8M_BASE__ == 1))    ) */
 826:./inc/cmsis_gcc.h **** 
 827:./inc/cmsis_gcc.h **** 
 828:./inc/cmsis_gcc.h **** /**
 829:./inc/cmsis_gcc.h ****   \brief   Get FPSCR
 830:./inc/cmsis_gcc.h ****   \details Returns the current value of the Floating Point Status/Control register.
 831:./inc/cmsis_gcc.h ****   \return               Floating Point Status/Control register value
 832:./inc/cmsis_gcc.h ****  */
 833:./inc/cmsis_gcc.h **** __STATIC_FORCEINLINE uint32_t __get_FPSCR(void)
 834:./inc/cmsis_gcc.h **** {
 835:./inc/cmsis_gcc.h **** #if ((defined (__FPU_PRESENT) && (__FPU_PRESENT == 1U)) && \
 836:./inc/cmsis_gcc.h ****      (defined (__FPU_USED   ) && (__FPU_USED    == 1U))     )
 837:./inc/cmsis_gcc.h **** #if __has_builtin(__builtin_arm_get_fpscr) 
 838:./inc/cmsis_gcc.h **** // Re-enable using built-in when GCC has been fixed
 839:./inc/cmsis_gcc.h **** // || (__GNUC__ > 7) || (__GNUC__ == 7 && __GNUC_MINOR__ >= 2)
 840:./inc/cmsis_gcc.h ****   /* see https://gcc.gnu.org/ml/gcc-patches/2017-04/msg00443.html */
 841:./inc/cmsis_gcc.h ****   return __builtin_arm_get_fpscr();
 842:./inc/cmsis_gcc.h **** #else
 843:./inc/cmsis_gcc.h ****   uint32_t result;
 844:./inc/cmsis_gcc.h **** 
 845:./inc/cmsis_gcc.h ****   __ASM volatile ("VMRS %0, fpscr" : "=r" (result) );
 846:./inc/cmsis_gcc.h ****   return(result);
 847:./inc/cmsis_gcc.h **** #endif
 848:./inc/cmsis_gcc.h **** #else
 849:./inc/cmsis_gcc.h ****   return(0U);
 850:./inc/cmsis_gcc.h **** #endif
 851:./inc/cmsis_gcc.h **** }
 852:./inc/cmsis_gcc.h **** 
 853:./inc/cmsis_gcc.h **** 
 854:./inc/cmsis_gcc.h **** /**
 855:./inc/cmsis_gcc.h ****   \brief   Set FPSCR
 856:./inc/cmsis_gcc.h ****   \details Assigns the given value to the Floating Point Status/Control register.
 857:./inc/cmsis_gcc.h ****   \param [in]    fpscr  Floating Point Status/Control value to set
 858:./inc/cmsis_gcc.h ****  */
 859:./inc/cmsis_gcc.h **** __STATIC_FORCEINLINE void __set_FPSCR(uint32_t fpscr)
 860:./inc/cmsis_gcc.h **** {
 861:./inc/cmsis_gcc.h **** #if ((defined (__FPU_PRESENT) && (__FPU_PRESENT == 1U)) && \
 862:./inc/cmsis_gcc.h ****      (defined (__FPU_USED   ) && (__FPU_USED    == 1U))     )
 863:./inc/cmsis_gcc.h **** #if __has_builtin(__builtin_arm_set_fpscr)
 864:./inc/cmsis_gcc.h **** // Re-enable using built-in when GCC has been fixed
 865:./inc/cmsis_gcc.h **** // || (__GNUC__ > 7) || (__GNUC__ == 7 && __GNUC_MINOR__ >= 2)
 866:./inc/cmsis_gcc.h ****   /* see https://gcc.gnu.org/ml/gcc-patches/2017-04/msg00443.html */
 867:./inc/cmsis_gcc.h ****   __builtin_arm_set_fpscr(fpscr);
 868:./inc/cmsis_gcc.h **** #else
 869:./inc/cmsis_gcc.h ****   __ASM volatile ("VMSR fpscr, %0" : : "r" (fpscr) : "vfpcc", "memory");
 870:./inc/cmsis_gcc.h **** #endif
 871:./inc/cmsis_gcc.h **** #else
 872:./inc/cmsis_gcc.h ****   (void)fpscr;
 873:./inc/cmsis_gcc.h **** #endif
 874:./inc/cmsis_gcc.h **** }
 875:./inc/cmsis_gcc.h **** 
 876:./inc/cmsis_gcc.h **** 
 877:./inc/cmsis_gcc.h **** /*@} end of CMSIS_Core_RegAccFunctions */
 878:./inc/cmsis_gcc.h **** 
 879:./inc/cmsis_gcc.h **** 
 880:./inc/cmsis_gcc.h **** /* ##########################  Core Instruction Access  ######################### */
 881:./inc/cmsis_gcc.h **** /** \defgroup CMSIS_Core_InstructionInterface CMSIS Core Instruction Interface
 882:./inc/cmsis_gcc.h ****   Access to dedicated instructions
 883:./inc/cmsis_gcc.h ****   @{
 884:./inc/cmsis_gcc.h **** */
 885:./inc/cmsis_gcc.h **** 
 886:./inc/cmsis_gcc.h **** /* Define macros for porting to both thumb1 and thumb2.
 887:./inc/cmsis_gcc.h ****  * For thumb1, use low register (r0-r7), specified by constraint "l"
 888:./inc/cmsis_gcc.h ****  * Otherwise, use general registers, specified by constraint "r" */
 889:./inc/cmsis_gcc.h **** #if defined (__thumb__) && !defined (__thumb2__)
 890:./inc/cmsis_gcc.h **** #define __CMSIS_GCC_OUT_REG(r) "=l" (r)
 891:./inc/cmsis_gcc.h **** #define __CMSIS_GCC_RW_REG(r) "+l" (r)
 892:./inc/cmsis_gcc.h **** #define __CMSIS_GCC_USE_REG(r) "l" (r)
 893:./inc/cmsis_gcc.h **** #else
 894:./inc/cmsis_gcc.h **** #define __CMSIS_GCC_OUT_REG(r) "=r" (r)
 895:./inc/cmsis_gcc.h **** #define __CMSIS_GCC_RW_REG(r) "+r" (r)
 896:./inc/cmsis_gcc.h **** #define __CMSIS_GCC_USE_REG(r) "r" (r)
 897:./inc/cmsis_gcc.h **** #endif
 898:./inc/cmsis_gcc.h **** 
 899:./inc/cmsis_gcc.h **** /**
 900:./inc/cmsis_gcc.h ****   \brief   No Operation
 901:./inc/cmsis_gcc.h ****   \details No Operation does nothing. This instruction can be used for code alignment purposes.
 902:./inc/cmsis_gcc.h ****  */
 903:./inc/cmsis_gcc.h **** #define __NOP()                             __ASM volatile ("nop")
 904:./inc/cmsis_gcc.h **** 
 905:./inc/cmsis_gcc.h **** /**
 906:./inc/cmsis_gcc.h ****   \brief   Wait For Interrupt
 907:./inc/cmsis_gcc.h ****   \details Wait For Interrupt is a hint instruction that suspends execution until one of a number o
 908:./inc/cmsis_gcc.h ****  */
 909:./inc/cmsis_gcc.h **** #define __WFI()                             __ASM volatile ("wfi")
 910:./inc/cmsis_gcc.h **** 
 911:./inc/cmsis_gcc.h **** 
 912:./inc/cmsis_gcc.h **** /**
 913:./inc/cmsis_gcc.h ****   \brief   Wait For Event
 914:./inc/cmsis_gcc.h ****   \details Wait For Event is a hint instruction that permits the processor to enter
 915:./inc/cmsis_gcc.h ****            a low-power state until one of a number of events occurs.
 916:./inc/cmsis_gcc.h ****  */
 917:./inc/cmsis_gcc.h **** #define __WFE()                             __ASM volatile ("wfe")
 918:./inc/cmsis_gcc.h **** 
 919:./inc/cmsis_gcc.h **** 
 920:./inc/cmsis_gcc.h **** /**
 921:./inc/cmsis_gcc.h ****   \brief   Send Event
 922:./inc/cmsis_gcc.h ****   \details Send Event is a hint instruction. It causes an event to be signaled to the CPU.
 923:./inc/cmsis_gcc.h ****  */
 924:./inc/cmsis_gcc.h **** #define __SEV()                             __ASM volatile ("sev")
 925:./inc/cmsis_gcc.h **** 
 926:./inc/cmsis_gcc.h **** 
 927:./inc/cmsis_gcc.h **** /**
 928:./inc/cmsis_gcc.h ****   \brief   Instruction Synchronization Barrier
 929:./inc/cmsis_gcc.h ****   \details Instruction Synchronization Barrier flushes the pipeline in the processor,
 930:./inc/cmsis_gcc.h ****            so that all instructions following the ISB are fetched from cache or memory,
 931:./inc/cmsis_gcc.h ****            after the instruction has been completed.
 932:./inc/cmsis_gcc.h ****  */
 933:./inc/cmsis_gcc.h **** __STATIC_FORCEINLINE void __ISB(void)
 934:./inc/cmsis_gcc.h **** {
 935:./inc/cmsis_gcc.h ****   __ASM volatile ("isb 0xF":::"memory");
 936:./inc/cmsis_gcc.h **** }
 937:./inc/cmsis_gcc.h **** 
 938:./inc/cmsis_gcc.h **** 
 939:./inc/cmsis_gcc.h **** /**
 940:./inc/cmsis_gcc.h ****   \brief   Data Synchronization Barrier
 941:./inc/cmsis_gcc.h ****   \details Acts as a special kind of Data Memory Barrier.
 942:./inc/cmsis_gcc.h ****            It completes when all explicit memory accesses before this instruction complete.
 943:./inc/cmsis_gcc.h ****  */
 944:./inc/cmsis_gcc.h **** __STATIC_FORCEINLINE void __DSB(void)
 504              		.loc 3 944 27 view .LVU131
 505              	.LBB61:
 945:./inc/cmsis_gcc.h **** {
 946:./inc/cmsis_gcc.h ****   __ASM volatile ("dsb 0xF":::"memory");
 506              		.loc 3 946 3 view .LVU132
 507              		.syntax unified
 508              	@ 946 "./inc/cmsis_gcc.h" 1
 509 0178 BFF34F8F 		dsb 0xF
 510              	@ 0 "" 2
 511              		.thumb
 512              		.syntax unified
 513              	.LBE61:
 514              	.LBE60:
2159:./inc/core_cm7.h ****                                                                        buffered write are completed
2160:./inc/core_cm7.h ****   SCB->AIRCR  = (uint32_t)((0x5FAUL << SCB_AIRCR_VECTKEY_Pos)    |
 515              		.loc 2 2160 3 view .LVU133
2161:./inc/core_cm7.h ****                            (SCB->AIRCR & SCB_AIRCR_PRIGROUP_Msk) |
 516              		.loc 2 2161 32 is_stmt 0 view .LVU134
 517 017c 1F49     		ldr	r1, .L28+24
2160:./inc/core_cm7.h ****                            (SCB->AIRCR & SCB_AIRCR_PRIGROUP_Msk) |
 518              		.loc 2 2160 17 view .LVU135
 519 017e 204B     		ldr	r3, .L28+28
 520              		.loc 2 2161 32 view .LVU136
 521 0180 CA68     		ldr	r2, [r1, #12]
 522              		.loc 2 2161 40 view .LVU137
 523 0182 02F4E062 		and	r2, r2, #1792
2160:./inc/core_cm7.h ****                            (SCB->AIRCR & SCB_AIRCR_PRIGROUP_Msk) |
 524              		.loc 2 2160 17 view .LVU138
 525 0186 1343     		orrs	r3, r3, r2
2160:./inc/core_cm7.h ****                            (SCB->AIRCR & SCB_AIRCR_PRIGROUP_Msk) |
 526              		.loc 2 2160 15 view .LVU139
 527 0188 CB60     		str	r3, [r1, #12]
2162:./inc/core_cm7.h ****                             SCB_AIRCR_SYSRESETREQ_Msk    );         /* Keep priority group unchange
2163:./inc/core_cm7.h ****   __DSB();                                                          /* Ensure completion of memory 
 528              		.loc 2 2163 3 is_stmt 1 view .LVU140
 529              	.LBB62:
 530              	.LBI62:
 944:./inc/cmsis_gcc.h **** {
 531              		.loc 3 944 27 view .LVU141
 532              	.LBB63:
 533              		.loc 3 946 3 view .LVU142
 534              		.syntax unified
 535              	@ 946 "./inc/cmsis_gcc.h" 1
 536 018a BFF34F8F 		dsb 0xF
 537              	@ 0 "" 2
 538              		.thumb
 539              		.syntax unified
 540              	.L17:
 541              	.LBE63:
 542              	.LBE62:
2164:./inc/core_cm7.h **** 
2165:./inc/core_cm7.h ****   for(;;)                                                           /* wait until reset */
 543              		.loc 2 2165 3 view .LVU143
2166:./inc/core_cm7.h ****   {
2167:./inc/core_cm7.h ****     __NOP();
 544              		.loc 2 2167 5 view .LVU144
 545              		.syntax unified
 546              	@ 2167 "./inc/core_cm7.h" 1
 547 018e 00BF     		nop
 548              	@ 0 "" 2
2165:./inc/core_cm7.h ****   {
 549              		.loc 2 2165 8 view .LVU145
 550              		.thumb
 551              		.syntax unified
 552 0190 FDE7     		b	.L17
 553              	.LVL47:
 554              	.L26:
2165:./inc/core_cm7.h ****   {
 555              		.loc 2 2165 8 is_stmt 0 view .LVU146
 556              	.LBE59:
 557              	.LBE58:
 558              	.LBB64:
 245:./src/tftpserver.c ****       crc_result = CAL_CRC(hcrc);
 559              		.loc 1 245 7 is_stmt 1 view .LVU147
 246:./src/tftpserver.c ****       // char msg2[32];
 560              		.loc 1 246 7 view .LVU148
 246:./src/tftpserver.c ****       // char msg2[32];
 561              		.loc 1 246 20 is_stmt 0 view .LVU149
 562 0192 1C4E     		ldr	r6, .L28+32
 563              	.LVL48:
 246:./src/tftpserver.c ****       // char msg2[32];
 564              		.loc 1 246 20 view .LVU150
 565 0194 6C46     		mov	r4, sp
 566              	.LVL49:
 246:./src/tftpserver.c ****       // char msg2[32];
 567              		.loc 1 246 20 view .LVU151
 568 0196 06F11005 		add	r5, r6, #16
 569              	.LVL50:
 246:./src/tftpserver.c ****       // char msg2[32];
 570              		.loc 1 246 20 view .LVU152
 571 019a 0FCD     		ldmia	r5!, {r0, r1, r2, r3}
 572 019c 0FC4     		stmia	r4!, {r0, r1, r2, r3}
 573 019e 2B68     		ldr	r3, [r5]
 574 01a0 2360     		str	r3, [r4]
 575 01a2 96E80F00 		ldm	r6, {r0, r1, r2, r3}
 576 01a6 FFF7FEFF 		bl	CAL_CRC
 577              	.LVL51:
 251:./src/tftpserver.c **** 
 578              		.loc 1 251 7 is_stmt 1 view .LVU153
 253:./src/tftpserver.c ****   		  udp_client_send("[BOOT]  CRC same, Jump to new FW\n");
 579              		.loc 1 253 7 view .LVU154
 253:./src/tftpserver.c ****   		  udp_client_send("[BOOT]  CRC same, Jump to new FW\n");
 580              		.loc 1 253 10 is_stmt 0 view .LVU155
 581 01aa 7B68     		ldr	r3, [r7, #4]
 582 01ac 8342     		cmp	r3, r0
 583 01ae 14D0     		beq	.L27
 256:./src/tftpserver.c ****   		udp_client_send("[BOOT]  CRC not same, Back to before FW\n");
 584              		.loc 1 256 11 is_stmt 1 view .LVU156
 585              	.LBB65:
 257:./src/tftpserver.c ****   		HAL_FLASH_Unlock();
 586              		.loc 1 257 5 view .LVU157
 587 01b0 1548     		ldr	r0, .L28+36
 588              	.LVL52:
 257:./src/tftpserver.c ****   		HAL_FLASH_Unlock();
 589              		.loc 1 257 5 is_stmt 0 view .LVU158
 590 01b2 FFF7FEFF 		bl	udp_client_send
 591              	.LVL53:
 258:./src/tftpserver.c ****   		FLASH_If_Erase(USER_FLASH_FIRST_PAGE_ADDRESS);
 592              		.loc 1 258 5 is_stmt 1 view .LVU159
 593 01b6 FFF7FEFF 		bl	HAL_FLASH_Unlock
 594              	.LVL54:
 259:./src/tftpserver.c ****   		Flash_Write_Address2 = USER_FLASH_FIRST_PAGE_ADDRESS;
 595              		.loc 1 259 5 view .LVU160
 596 01ba 3846     		mov	r0, r7
 597 01bc FFF7FEFF 		bl	FLASH_If_Erase
 598              	.LVL55:
 260:./src/tftpserver.c ****   		uint32_t *src_data = (uint32_t*)BACKUP_FLASH_FIRST_PAGE_ADDRESS;
 599              		.loc 1 260 5 view .LVU161
 260:./src/tftpserver.c ****   		uint32_t *src_data = (uint32_t*)BACKUP_FLASH_FIRST_PAGE_ADDRESS;
 600              		.loc 1 260 26 is_stmt 0 view .LVU162
 601 01c0 4046     		mov	r0, r8
 262:./src/tftpserver.c ****   		uint32_t result = FLASH_If_Write(&Flash_Write_Address2, src_data ,data_len);
 602              		.loc 1 262 45 view .LVU163
 603 01c2 4FF00161 		mov	r1, #135266304
 260:./src/tftpserver.c ****   		uint32_t *src_data = (uint32_t*)BACKUP_FLASH_FIRST_PAGE_ADDRESS;
 604              		.loc 1 260 26 view .LVU164
 605 01c6 40F80C7F 		str	r7, [r0, #12]!
 261:./src/tftpserver.c ****   		uint16_t data_len = ( BACKUP_TAG_ADDRESS->size + 1024 ) / 4;
 606              		.loc 1 261 5 is_stmt 1 view .LVU165
 607              	.LVL56:
 262:./src/tftpserver.c ****   		uint32_t result = FLASH_If_Write(&Flash_Write_Address2, src_data ,data_len);
 608              		.loc 1 262 5 view .LVU166
 263:./src/tftpserver.c ****   	  }
 609              		.loc 1 263 5 view .LVU167
 262:./src/tftpserver.c ****   		uint32_t result = FLASH_If_Write(&Flash_Write_Address2, src_data ,data_len);
 610              		.loc 1 262 52 is_stmt 0 view .LVU168
 611 01ca 0B68     		ldr	r3, [r1]
 612 01cc 03F58063 		add	r3, r3, #1024
 263:./src/tftpserver.c ****   	  }
 613              		.loc 1 263 23 view .LVU169
 614 01d0 C3F38F02 		ubfx	r2, r3, #2, #16
 615 01d4 FFF7FEFF 		bl	FLASH_If_Write
 616              	.LVL57:
 263:./src/tftpserver.c ****   	  }
 617              		.loc 1 263 23 view .LVU170
 618 01d8 CCE7     		b	.L15
 619              	.LVL58:
 620              	.L27:
 263:./src/tftpserver.c ****   	  }
 621              		.loc 1 263 23 view .LVU171
 622              	.LBE65:
 254:./src/tftpserver.c ****   	  }
 623              		.loc 1 254 7 is_stmt 1 view .LVU172
 624 01da 0C48     		ldr	r0, .L28+40
 625              	.LVL59:
 254:./src/tftpserver.c ****   	  }
 626              		.loc 1 254 7 is_stmt 0 view .LVU173
 627 01dc FFF7FEFF 		bl	udp_client_send
 628              	.LVL60:
 629 01e0 C8E7     		b	.L15
 630              	.L29:
 631 01e2 00BF     		.align	2
 632              	.L28:
 633 01e4 18000000 		.word	.LC1
 634 01e8 00000000 		.word	.LANCHOR0
 635 01ec 04000000 		.word	.LANCHOR0+4
 636 01f0 30000000 		.word	.LC2
 637 01f4 00000408 		.word	134479872
 638 01f8 00000000 		.word	IAP_tftp_recv_callback
 639 01fc 00ED00E0 		.word	-536810240
 640 0200 0400FA05 		.word	100270084
 641 0204 00000000 		.word	hcrc
 642 0208 7C000000 		.word	.LC4
 643 020c 58000000 		.word	.LC3
 644              	.LBE64:
 645              	.LBE53:
 646              		.cfi_endproc
 647              	.LFE174:
 649              		.section	.rodata.str1.4
 650 00a5 000000   		.align	2
 651              	.LC5:
 652 00a8 5B424F4F 		.ascii	"[BOOT]  Backup : %s\012\000"
 652      545D2020 
 652      4261636B 
 652      7570203A 
 652      2025730A 
 653 00bd 000000   		.align	2
 654              	.LC6:
 655 00c0 5B424F4F 		.ascii	"[BOOT]  fail Backup, error : %lu\012\000"
 655      545D2020 
 655      6661696C 
 655      20426163 
 655      6B75702C 
 656 00e2 0000     		.align	2
 657              	.LC7:
 658 00e4 43616E20 		.ascii	"Can not create pcb1 \012\000"
 658      6E6F7420 
 658      63726561 
 658      74652070 
 658      63623120 
 659 00fa 0000     		.align	2
 660              	.LC8:
 661 00fc 43616E20 		.ascii	"Can not create pcb2 \012\000"
 661      6E6F7420 
 661      63726561 
 661      74652070 
 661      63623220 
 662 0112 0000     		.align	2
 663              	.LC9:
 664 0114 42616420 		.ascii	"Bad TFTP opcode \012\000"
 664      54465450 
 664      206F7063 
 664      6F646520 
 664      0A00
 665 0126 0000     		.align	2
 666              	.LC10:
 667 0128 5B424F4F 		.ascii	"[BOOT]  New : %s\012\000"
 667      545D2020 
 667      4E657720 
 667      3A202573 
 667      0A00
 668 013a 0000     		.align	2
 669              	.LC11:
 670 013c 4D656D6F 		.ascii	"Memory error \012\000"
 670      72792065 
 670      72726F72 
 670      200A00
 671 014b 00       		.align	2
 672              	.LC12:
 673 014c 5B424F4F 		.ascii	"[BOOT]  Update FW... \012\000"
 673      545D2020 
 673      55706461 
 673      74652046 
 673      572E2E2E 
 674              		.text
 675              		.align	1
 676              		.p2align 2,,3
 677              		.syntax unified
 678              		.thumb
 679              		.thumb_func
 680              		.fpu fpv5-d16
 682              	IAP_tftp_recv_callback:
 683              	.LVL61:
 684              	.LFB177:
 360:./src/tftpserver.c **** 
 685              		.loc 1 360 1 is_stmt 1 view -0
 686              		.cfi_startproc
 687              		@ args = 4, pretend = 0, frame = 168
 688              		@ frame_needed = 0, uses_anonymous_args = 0
 362:./src/tftpserver.c ****     if (TAG_ADDRESS->valid_flag == 0xA5A5A5A5) {
 689              		.loc 1 362 5 view .LVU175
 363:./src/tftpserver.c ****       static uint32_t Flash_Write_Address2;
 690              		.loc 1 363 5 view .LVU176
 360:./src/tftpserver.c **** 
 691              		.loc 1 360 1 is_stmt 0 view .LVU177
 692 0210 2DE9F04F 		push	{r4, r5, r6, r7, r8, r9, r10, fp, lr}
 693              	.LCFI14:
 694              		.cfi_def_cfa_offset 36
 695              		.cfi_offset 4, -36
 696              		.cfi_offset 5, -32
 697              		.cfi_offset 6, -28
 698              		.cfi_offset 7, -24
 699              		.cfi_offset 8, -20
 700              		.cfi_offset 9, -16
 701              		.cfi_offset 10, -12
 702              		.cfi_offset 11, -8
 703              		.cfi_offset 14, -4
 363:./src/tftpserver.c ****       static uint32_t Flash_Write_Address2;
 704              		.loc 1 363 20 view .LVU178
 705 0214 5A4C     		ldr	r4, .L54
 360:./src/tftpserver.c **** 
 706              		.loc 1 360 1 view .LVU179
 707 0216 ABB0     		sub	sp, sp, #172
 708              	.LCFI15:
 709              		.cfi_def_cfa_offset 208
 360:./src/tftpserver.c **** 
 710              		.loc 1 360 1 view .LVU180
 711 0218 1646     		mov	r6, r2
 712 021a 1F46     		mov	r7, r3
 363:./src/tftpserver.c ****       static uint32_t Flash_Write_Address2;
 713              		.loc 1 363 8 view .LVU181
 714 021c E168     		ldr	r1, [r4, #12]
 715              	.LVL62:
 360:./src/tftpserver.c **** 
 716              		.loc 1 360 1 view .LVU182
 717 021e BDF8D080 		ldrh	r8, [sp, #208]
 363:./src/tftpserver.c ****       static uint32_t Flash_Write_Address2;
 718              		.loc 1 363 8 view .LVU183
 719 0222 B1F1A53F 		cmp	r1, #-1515870811
 720 0226 63D0     		beq	.L49
 721              	.LVL63:
 722              	.L32:
 723              	.LBB73:
 383:./src/tftpserver.c ****   	  }
 724              		.loc 1 383 7 is_stmt 1 view .LVU184
 725              	.LBE73:
 385:./src/tftpserver.c ****   struct udp_pcb *upcb_tftp_data;
 726              		.loc 1 385 3 view .LVU185
 386:./src/tftpserver.c ****   err_t err;
 727              		.loc 1 386 3 view .LVU186
 387:./src/tftpserver.c **** 
 728              		.loc 1 387 3 view .LVU187
 390:./src/tftpserver.c ****   char filename[40],message[46], *ptr;
 729              		.loc 1 390 3 view .LVU188
 391:./src/tftpserver.c **** #endif
 730              		.loc 1 391 3 view .LVU189
 395:./src/tftpserver.c ****   if (!upcb_tftp_data)
 731              		.loc 1 395 3 view .LVU190
 395:./src/tftpserver.c ****   if (!upcb_tftp_data)
 732              		.loc 1 395 20 is_stmt 0 view .LVU191
 733 0228 FFF7FEFF 		bl	udp_new
 734              	.LVL64:
 396:./src/tftpserver.c ****   {
 735              		.loc 1 396 3 is_stmt 1 view .LVU192
 396:./src/tftpserver.c ****   {
 736              		.loc 1 396 6 is_stmt 0 view .LVU193
 737 022c 0546     		mov	r5, r0
 738 022e 0028     		cmp	r0, #0
 739 0230 00F08580 		beq	.L50
 409:./src/tftpserver.c ****   if (err != ERR_OK)
 740              		.loc 1 409 3 is_stmt 1 view .LVU194
 409:./src/tftpserver.c ****   if (err != ERR_OK)
 741              		.loc 1 409 9 is_stmt 0 view .LVU195
 742 0234 0022     		movs	r2, #0
 743 0236 5349     		ldr	r1, .L54+4
 744 0238 FFF7FEFF 		bl	udp_bind
 745              	.LVL65:
 410:./src/tftpserver.c ****   {
 746              		.loc 1 410 3 is_stmt 1 view .LVU196
 410:./src/tftpserver.c ****   {
 747              		.loc 1 410 6 is_stmt 0 view .LVU197
 748 023c 0028     		cmp	r0, #0
 749 023e 40F08480 		bne	.L51
 419:./src/tftpserver.c ****   if (op != TFTP_WRQ)
 750              		.loc 1 419 3 is_stmt 1 view .LVU198
 419:./src/tftpserver.c ****   if (op != TFTP_WRQ)
 751              		.loc 1 419 34 is_stmt 0 view .LVU199
 752 0242 7468     		ldr	r4, [r6, #4]
 753              	.LVL66:
 754              	.LBB74:
 755              	.LBI74:
  77:./src/tftpserver.c **** {
 756              		.loc 1 77 20 is_stmt 1 view .LVU200
 757              	.LBB75:
  79:./src/tftpserver.c **** }
 758              		.loc 1 79 3 view .LVU201
  79:./src/tftpserver.c **** }
 759              		.loc 1 79 3 is_stmt 0 view .LVU202
 760              	.LBE75:
 761              	.LBE74:
 420:./src/tftpserver.c ****   {
 762              		.loc 1 420 3 is_stmt 1 view .LVU203
 420:./src/tftpserver.c ****   {
 763              		.loc 1 420 6 is_stmt 0 view .LVU204
 764 0244 6378     		ldrb	r3, [r4, #1]	@ zero_extendqisi2
 765 0246 022B     		cmp	r3, #2
 766 0248 46D1     		bne	.L52
 432:./src/tftpserver.c ****     ptr = ptr +2;
 767              		.loc 1 432 5 is_stmt 1 view .LVU205
 768              	.LVL67:
 433:./src/tftpserver.c ****     /*extract file name info */
 769              		.loc 1 433 5 view .LVU206
 436:./src/tftpserver.c ****     {
 770              		.loc 1 436 11 is_stmt 0 view .LVU207
 771 024a A378     		ldrb	r3, [r4, #2]	@ zero_extendqisi2
 433:./src/tftpserver.c ****     /*extract file name info */
 772              		.loc 1 433 9 view .LVU208
 773 024c A11C     		adds	r1, r4, #2
 774              	.LVL68:
 435:./src/tftpserver.c ****     while (*(ptr+i)!=0x0)
 775              		.loc 1 435 5 is_stmt 1 view .LVU209
 436:./src/tftpserver.c ****     {
 776              		.loc 1 436 5 view .LVU210
 436:./src/tftpserver.c ****     {
 777              		.loc 1 436 11 view .LVU211
 778 024e 002B     		cmp	r3, #0
 779 0250 00F09480 		beq	.L43
 780 0254 6FEA040E 		mvn	lr, r4
 781 0258 8C46     		mov	ip, r1
 782              	.LVL69:
 783              	.L40:
 438:./src/tftpserver.c ****     }
 784              		.loc 1 438 7 view .LVU212
 785 025a 0EEB0C02 		add	r2, lr, ip
 786              	.LVL70:
 436:./src/tftpserver.c ****     {
 787              		.loc 1 436 11 view .LVU213
 788 025e 1CF8014F 		ldrb	r4, [ip, #1]!	@ zero_extendqisi2
 789 0262 002C     		cmp	r4, #0
 790 0264 F9D1     		bne	.L40
 440:./src/tftpserver.c **** 
 791              		.loc 1 440 29 is_stmt 0 view .LVU214
 792 0266 0132     		adds	r2, r2, #1
 793              	.LVL71:
 794              	.L39:
 440:./src/tftpserver.c **** 
 795              		.loc 1 440 5 is_stmt 1 view .LVU215
 796 0268 14A8     		add	r0, sp, #80
 797              	.LVL72:
 440:./src/tftpserver.c **** 
 798              		.loc 1 440 5 is_stmt 0 view .LVU216
 799 026a FFF7FEFF 		bl	strncpy
 800              	.LVL73:
 442:./src/tftpserver.c ****     udp_client_send(message);
 801              		.loc 1 442 5 is_stmt 1 view .LVU217
 802 026e 14AA     		add	r2, sp, #80
 803 0270 4549     		ldr	r1, .L54+8
 804 0272 1EA8     		add	r0, sp, #120
 805 0274 FFF7FEFF 		bl	sprintf
 806              	.LVL74:
 443:./src/tftpserver.c **** #endif
 807              		.loc 1 443 5 view .LVU218
 808 0278 1EA8     		add	r0, sp, #120
 809 027a FFF7FEFF 		bl	udp_client_send
 810              	.LVL75:
 447:./src/tftpserver.c ****   }
 811              		.loc 1 447 5 view .LVU219
 812              	.LBB76:
 813              	.LBI76:
 302:./src/tftpserver.c **** {
 814              		.loc 1 302 12 view .LVU220
 815              	.LBB77:
 304:./src/tftpserver.c ****   /* This function is called from a callback,
 816              		.loc 1 304 3 view .LVU221
 308:./src/tftpserver.c ****   if (!args)
 817              		.loc 1 308 3 view .LVU222
 308:./src/tftpserver.c ****   if (!args)
 818              		.loc 1 308 10 is_stmt 0 view .LVU223
 819 027e 4FF40A70 		mov	r0, #552
 820 0282 FFF7FEFF 		bl	mem_malloc
 821              	.LVL76:
 309:./src/tftpserver.c ****   {
 822              		.loc 1 309 3 is_stmt 1 view .LVU224
 309:./src/tftpserver.c ****   {
 823              		.loc 1 309 6 is_stmt 0 view .LVU225
 824 0286 0446     		mov	r4, r0
 825 0288 0028     		cmp	r0, #0
 826 028a 64D0     		beq	.L53
 318:./src/tftpserver.c ****   args->to_ip.addr = to->addr;
 827              		.loc 1 318 3 is_stmt 1 view .LVU226
 319:./src/tftpserver.c ****   args->to_port = to_port;
 828              		.loc 1 319 24 is_stmt 0 view .LVU227
 829 028c 3B68     		ldr	r3, [r7]
 322:./src/tftpserver.c ****   args->tot_bytes = 0;
 830              		.loc 1 322 15 view .LVU228
 831 028e 4FF00009 		mov	r9, #0
 328:./src/tftpserver.c **** 
 832              		.loc 1 328 15 view .LVU229
 833 0292 DFF80CA1 		ldr	r10, .L54+32
 326:./src/tftpserver.c ****   
 834              		.loc 1 326 3 view .LVU230
 835 0296 0246     		mov	r2, r0
 337:./src/tftpserver.c ****  
 836              		.loc 1 337 3 view .LVU231
 837 0298 DFF8E4B0 		ldr	fp, .L54
 326:./src/tftpserver.c ****   
 838              		.loc 1 326 3 view .LVU232
 839 029c 3B49     		ldr	r1, .L54+12
 320:./src/tftpserver.c ****   /* the block # used as a positive response to a WRQ is _always_ 0!!! (see RFC1350)  */
 840              		.loc 1 320 17 view .LVU233
 841 029e C0E98338 		strd	r3, r8, [r0, #524]
 318:./src/tftpserver.c ****   args->to_ip.addr = to->addr;
 842              		.loc 1 318 12 view .LVU234
 843 02a2 0223     		movs	r3, #2
 323:./src/tftpserver.c **** 
 844              		.loc 1 323 19 view .LVU235
 845 02a4 C0E98599 		strd	r9, r9, [r0, #532]
 318:./src/tftpserver.c ****   args->to_ip.addr = to->addr;
 846              		.loc 1 318 12 view .LVU236
 847 02a8 0360     		str	r3, [r0]
 319:./src/tftpserver.c ****   args->to_port = to_port;
 848              		.loc 1 319 3 is_stmt 1 view .LVU237
 320:./src/tftpserver.c ****   /* the block # used as a positive response to a WRQ is _always_ 0!!! (see RFC1350)  */
 849              		.loc 1 320 3 view .LVU238
 322:./src/tftpserver.c ****   args->tot_bytes = 0;
 850              		.loc 1 322 3 view .LVU239
 323:./src/tftpserver.c **** 
 851              		.loc 1 323 3 view .LVU240
 326:./src/tftpserver.c ****   
 852              		.loc 1 326 3 view .LVU241
 853 02aa 2846     		mov	r0, r5
 854              	.LVL77:
 326:./src/tftpserver.c ****   
 855              		.loc 1 326 3 is_stmt 0 view .LVU242
 856 02ac FFF7FEFF 		bl	udp_recv
 857              	.LVL78:
 328:./src/tftpserver.c **** 
 858              		.loc 1 328 3 is_stmt 1 view .LVU243
 328:./src/tftpserver.c **** 
 859              		.loc 1 328 15 is_stmt 0 view .LVU244
 860 02b0 CAF80090 		str	r9, [r10]
 331:./src/tftpserver.c ****   
 861              		.loc 1 331 3 is_stmt 1 view .LVU245
 862 02b4 FFF7FEFF 		bl	FLASH_If_Init
 863              	.LVL79:
 337:./src/tftpserver.c ****  
 864              		.loc 1 337 3 view .LVU246
 865 02b8 5846     		mov	r0, fp
 866 02ba FFF7FEFF 		bl	FLASH_If_Erase
 867              	.LVL80:
 339:./src/tftpserver.c ****   /* initiate the write transaction by sending the first ack */
 868              		.loc 1 339 3 view .LVU247
 341:./src/tftpserver.c **** #ifdef USE_PRINT
 869              		.loc 1 341 3 is_stmt 0 view .LVU248
 870 02be 2846     		mov	r0, r5
 871 02c0 D4F81432 		ldr	r3, [r4, #532]
 872 02c4 4246     		mov	r2, r8
 873 02c6 3946     		mov	r1, r7
 339:./src/tftpserver.c ****   /* initiate the write transaction by sending the first ack */
 874              		.loc 1 339 23 view .LVU249
 875 02c8 CAF804B0 		str	fp, [r10, #4]
 341:./src/tftpserver.c **** #ifdef USE_PRINT
 876              		.loc 1 341 3 is_stmt 1 view .LVU250
 877 02cc FFF798FE 		bl	IAP_tftp_send_ack_packet.isra.0
 878              	.LVL81:
 343:./src/tftpserver.c **** #endif
 879              		.loc 1 343 6 view .LVU251
 880 02d0 2F48     		ldr	r0, .L54+16
 881 02d2 FFF7FEFF 		bl	udp_client_send
 882              	.LVL82:
 345:./src/tftpserver.c **** }
 883              		.loc 1 345 3 view .LVU252
 345:./src/tftpserver.c **** }
 884              		.loc 1 345 10 is_stmt 0 view .LVU253
 885 02d6 05E0     		b	.L38
 886              	.LVL83:
 887              	.L52:
 345:./src/tftpserver.c **** }
 888              		.loc 1 345 10 view .LVU254
 889              	.LBE77:
 890              	.LBE76:
 424:./src/tftpserver.c **** #endif
 891              		.loc 1 424 5 is_stmt 1 view .LVU255
 892 02d8 2E48     		ldr	r0, .L54+20
 893              	.LVL84:
 424:./src/tftpserver.c **** #endif
 894              		.loc 1 424 5 is_stmt 0 view .LVU256
 895 02da FFF7FEFF 		bl	udp_client_send
 896              	.LVL85:
 426:./src/tftpserver.c ****   }
 897              		.loc 1 426 5 is_stmt 1 view .LVU257
 898 02de 2846     		mov	r0, r5
 899 02e0 FFF7FEFF 		bl	udp_remove
 900              	.LVL86:
 901              	.L38:
 449:./src/tftpserver.c **** }
 902              		.loc 1 449 3 view .LVU258
 903 02e4 3046     		mov	r0, r6
 904 02e6 FFF7FEFF 		bl	pbuf_free
 905              	.LVL87:
 450:./src/tftpserver.c **** 
 906              		.loc 1 450 1 is_stmt 0 view .LVU259
 907 02ea 2BB0     		add	sp, sp, #172
 908              	.LCFI16:
 909              		.cfi_remember_state
 910              		.cfi_def_cfa_offset 36
 911              		@ sp needed
 912 02ec BDE8F08F 		pop	{r4, r5, r6, r7, r8, r9, r10, fp, pc}
 913              	.LVL88:
 914              	.L49:
 915              	.LCFI17:
 916              		.cfi_restore_state
 917              	.LBB81:
 364:./src/tftpserver.c **** 
 918              		.loc 1 364 7 is_stmt 1 view .LVU260
 366:./src/tftpserver.c ****       udp_client_send(tmp1);
 919              		.loc 1 366 7 view .LVU261
 920 02f0 294A     		ldr	r2, .L54+24
 921              	.LVL89:
 366:./src/tftpserver.c ****       udp_client_send(tmp1);
 922              		.loc 1 366 7 is_stmt 0 view .LVU262
 923 02f2 6846     		mov	r0, sp
 924              	.LVL90:
 366:./src/tftpserver.c ****       udp_client_send(tmp1);
 925              		.loc 1 366 7 view .LVU263
 926 02f4 2949     		ldr	r1, .L54+28
 927 02f6 FFF7FEFF 		bl	sprintf
 928              	.LVL91:
 367:./src/tftpserver.c ****       HAL_FLASH_Unlock();
 929              		.loc 1 367 7 is_stmt 1 view .LVU264
 930 02fa 6846     		mov	r0, sp
 931 02fc FFF7FEFF 		bl	udp_client_send
 932              	.LVL92:
 368:./src/tftpserver.c ****   	  FLASH_Backup_Erase(BACKUP_FLASH_FIRST_PAGE_ADDRESS);
 933              		.loc 1 368 7 view .LVU265
 934 0300 FFF7FEFF 		bl	HAL_FLASH_Unlock
 935              	.LVL93:
 369:./src/tftpserver.c **** 
 936              		.loc 1 369 6 view .LVU266
 937 0304 4FF00160 		mov	r0, #135266304
 938 0308 FFF7FEFF 		bl	FLASH_Backup_Erase
 939              	.LVL94:
 371:./src/tftpserver.c ****   	  uint32_t *src_data = (uint32_t*)USER_FLASH_FIRST_PAGE_ADDRESS;
 940              		.loc 1 371 6 view .LVU267
 371:./src/tftpserver.c ****   	  uint32_t *src_data = (uint32_t*)USER_FLASH_FIRST_PAGE_ADDRESS;
 941              		.loc 1 371 27 is_stmt 0 view .LVU268
 942 030c 4FF00163 		mov	r3, #135266304
 943 0310 2348     		ldr	r0, .L54+32
 374:./src/tftpserver.c ****   	  if( result != 0)
 944              		.loc 1 374 24 view .LVU269
 945 0312 2146     		mov	r1, r4
 371:./src/tftpserver.c ****   	  uint32_t *src_data = (uint32_t*)USER_FLASH_FIRST_PAGE_ADDRESS;
 946              		.loc 1 371 27 view .LVU270
 947 0314 40F8103F 		str	r3, [r0, #16]!
 372:./src/tftpserver.c ****   	  uint16_t data_len = ( TAG_ADDRESS->size + 1024 ) / 4;
 948              		.loc 1 372 6 is_stmt 1 view .LVU271
 949              	.LVL95:
 373:./src/tftpserver.c ****   	  uint32_t result = FLASH_If_Write(&Flash_Write_Address2, src_data ,data_len);
 950              		.loc 1 373 6 view .LVU272
 374:./src/tftpserver.c ****   	  if( result != 0)
 951              		.loc 1 374 6 view .LVU273
 373:./src/tftpserver.c ****   	  uint32_t result = FLASH_If_Write(&Flash_Write_Address2, src_data ,data_len);
 952              		.loc 1 373 46 is_stmt 0 view .LVU274
 953 0318 2268     		ldr	r2, [r4]
 954 031a 02F58062 		add	r2, r2, #1024
 374:./src/tftpserver.c ****   	  if( result != 0)
 955              		.loc 1 374 24 view .LVU275
 956 031e C2F38F02 		ubfx	r2, r2, #2, #16
 957 0322 FFF7FEFF 		bl	FLASH_If_Write
 958              	.LVL96:
 375:./src/tftpserver.c ****   		  {
 959              		.loc 1 375 6 is_stmt 1 view .LVU276
 375:./src/tftpserver.c ****   		  {
 960              		.loc 1 375 8 is_stmt 0 view .LVU277
 961 0326 0028     		cmp	r0, #0
 962 0328 3FF47EAF 		beq	.L32
 377:./src/tftpserver.c ****           udp_client_send(tmp2);
 963              		.loc 1 377 11 is_stmt 1 view .LVU278
 964 032c 0246     		mov	r2, r0
 965 032e 1D49     		ldr	r1, .L54+36
 966 0330 0AA8     		add	r0, sp, #40
 967              	.LVL97:
 377:./src/tftpserver.c ****           udp_client_send(tmp2);
 968              		.loc 1 377 11 is_stmt 0 view .LVU279
 969 0332 FFF7FEFF 		bl	sprintf
 970              	.LVL98:
 378:./src/tftpserver.c ****   		  }
 971              		.loc 1 378 11 is_stmt 1 view .LVU280
 972 0336 0AA8     		add	r0, sp, #40
 973 0338 FFF7FEFF 		bl	udp_client_send
 974              	.LVL99:
 975 033c 74E7     		b	.L32
 976              	.LVL100:
 977              	.L50:
 378:./src/tftpserver.c ****   		  }
 978              		.loc 1 378 11 is_stmt 0 view .LVU281
 979              	.LBE81:
 400:./src/tftpserver.c **** #endif
 980              		.loc 1 400 5 is_stmt 1 view .LVU282
 981 033e 1A48     		ldr	r0, .L54+40
 982              	.LVL101:
 400:./src/tftpserver.c **** #endif
 983              		.loc 1 400 5 is_stmt 0 view .LVU283
 984 0340 FFF7FEFF 		bl	udp_client_send
 985              	.LVL102:
 402:./src/tftpserver.c ****   }
 986              		.loc 1 402 5 is_stmt 1 view .LVU284
 450:./src/tftpserver.c **** 
 987              		.loc 1 450 1 is_stmt 0 view .LVU285
 988 0344 2BB0     		add	sp, sp, #172
 989              	.LCFI18:
 990              		.cfi_remember_state
 991              		.cfi_def_cfa_offset 36
 992              		@ sp needed
 993 0346 BDE8F08F 		pop	{r4, r5, r6, r7, r8, r9, r10, fp, pc}
 994              	.LVL103:
 995              	.L51:
 996              	.LCFI19:
 997              		.cfi_restore_state
 414:./src/tftpserver.c **** #endif
 998              		.loc 1 414 5 is_stmt 1 view .LVU286
 999 034a 1848     		ldr	r0, .L54+44
 1000              	.LVL104:
 414:./src/tftpserver.c **** #endif
 1001              		.loc 1 414 5 is_stmt 0 view .LVU287
 1002 034c FFF7FEFF 		bl	udp_client_send
 1003              	.LVL105:
 416:./src/tftpserver.c ****   }
 1004              		.loc 1 416 5 is_stmt 1 view .LVU288
 450:./src/tftpserver.c **** 
 1005              		.loc 1 450 1 is_stmt 0 view .LVU289
 1006 0350 2BB0     		add	sp, sp, #172
 1007              	.LCFI20:
 1008              		.cfi_remember_state
 1009              		.cfi_def_cfa_offset 36
 1010              		@ sp needed
 1011 0352 BDE8F08F 		pop	{r4, r5, r6, r7, r8, r9, r10, fp, pc}
 1012              	.LVL106:
 1013              	.L53:
 1014              	.LCFI21:
 1015              		.cfi_restore_state
 1016              	.LBB82:
 1017              	.LBB80:
 312:./src/tftpserver.c **** #endif
 1018              		.loc 1 312 5 is_stmt 1 view .LVU290
 1019 0356 1648     		ldr	r0, .L54+48
 1020              	.LVL107:
 312:./src/tftpserver.c **** #endif
 1021              		.loc 1 312 5 is_stmt 0 view .LVU291
 1022 0358 FFF7FEFF 		bl	udp_client_send
 1023              	.LVL108:
 314:./src/tftpserver.c ****     return 0;
 1024              		.loc 1 314 5 is_stmt 1 view .LVU292
 1025              	.LBB78:
 1026              	.LBI78:
 459:./src/tftpserver.c **** {
 1027              		.loc 1 459 13 view .LVU293
 1028              	.LBB79:
 462:./src/tftpserver.c **** 
 1029              		.loc 1 462 3 view .LVU294
 1030 035c 2046     		mov	r0, r4
 1031 035e FFF7FEFF 		bl	mem_free
 1032              	.LVL109:
 465:./src/tftpserver.c ****   
 1033              		.loc 1 465 3 view .LVU295
 1034 0362 2846     		mov	r0, r5
 1035 0364 FFF7FEFF 		bl	udp_disconnect
 1036              	.LVL110:
 468:./src/tftpserver.c ****   
 1037              		.loc 1 468 3 view .LVU296
 1038 0368 2846     		mov	r0, r5
 1039 036a FFF7FEFF 		bl	udp_remove
 1040              	.LVL111:
 1041              		.loc 1 471 3 view .LVU297
 1042 036e 0C4B     		ldr	r3, .L54+32
 1043 0370 2246     		mov	r2, r4
 1044 0372 1049     		ldr	r1, .L54+52
 1045 0374 9868     		ldr	r0, [r3, #8]
 1046 0376 FFF7FEFF 		bl	udp_recv
 1047              	.LVL112:
 472:./src/tftpserver.c ****  
 473:./src/tftpserver.c **** }
 1048              		.loc 1 473 1 is_stmt 0 view .LVU298
 1049 037a B3E7     		b	.L38
 1050              	.LVL113:
 1051              	.L43:
 1052              		.loc 1 473 1 view .LVU299
 1053              	.LBE79:
 1054              	.LBE78:
 1055              	.LBE80:
 1056              	.LBE82:
 436:./src/tftpserver.c ****     {
 1057              		.loc 1 436 11 view .LVU300
 1058 037c 0122     		movs	r2, #1
 1059 037e 73E7     		b	.L39
 1060              	.L55:
 1061              		.align	2
 1062              	.L54:
 1063 0380 00000408 		.word	134479872
 1064 0384 00000000 		.word	ip_addr_any
 1065 0388 28010000 		.word	.LC10
 1066 038c 00000000 		.word	IAP_wrq_recv_callback
 1067 0390 4C010000 		.word	.LC12
 1068 0394 14010000 		.word	.LC9
 1069 0398 10000408 		.word	134479888
 1070 039c A8000000 		.word	.LC5
 1071 03a0 00000000 		.word	.LANCHOR0
 1072 03a4 C0000000 		.word	.LC6
 1073 03a8 E4000000 		.word	.LC7
 1074 03ac FC000000 		.word	.LC8
 1075 03b0 3C010000 		.word	.LC11
 1076 03b4 00000000 		.word	IAP_tftp_recv_callback
 1077              		.cfi_endproc
 1078              	.LFE177:
 1080              		.align	1
 1081              		.p2align 2,,3
 1082              		.global	WDGbackup
 1083              		.syntax unified
 1084              		.thumb
 1085              		.thumb_func
 1086              		.fpu fpv5-d16
 1088              	WDGbackup:
 1089              	.LFB175:
 280:./src/tftpserver.c **** 	static uint32_t Flash_Write_Address2;
 1090              		.loc 1 280 1 is_stmt 1 view -0
 1091              		.cfi_startproc
 1092              		@ args = 0, pretend = 0, frame = 0
 1093              		@ frame_needed = 0, uses_anonymous_args = 0
 281:./src/tftpserver.c **** 	HAL_FLASH_Unlock();
 1094              		.loc 1 281 2 view .LVU302
 282:./src/tftpserver.c ****   HAL_IWDG_Refresh(&hiwdg);
 1095              		.loc 1 282 2 view .LVU303
 280:./src/tftpserver.c **** 	static uint32_t Flash_Write_Address2;
 1096              		.loc 1 280 1 is_stmt 0 view .LVU304
 1097 03b8 10B5     		push	{r4, lr}
 1098              	.LCFI22:
 1099              		.cfi_def_cfa_offset 8
 1100              		.cfi_offset 4, -8
 1101              		.cfi_offset 14, -4
 284:./src/tftpserver.c **** 	Flash_Write_Address2 = USER_FLASH_FIRST_PAGE_ADDRESS;
 1102              		.loc 1 284 2 view .LVU305
 1103 03ba 0F4C     		ldr	r4, .L58
 282:./src/tftpserver.c ****   HAL_IWDG_Refresh(&hiwdg);
 1104              		.loc 1 282 2 view .LVU306
 1105 03bc FFF7FEFF 		bl	HAL_FLASH_Unlock
 1106              	.LVL114:
 283:./src/tftpserver.c **** 	FLASH_If_Erase(USER_FLASH_FIRST_PAGE_ADDRESS);
 1107              		.loc 1 283 3 is_stmt 1 view .LVU307
 1108 03c0 0E48     		ldr	r0, .L58+4
 1109 03c2 FFF7FEFF 		bl	HAL_IWDG_Refresh
 1110              	.LVL115:
 284:./src/tftpserver.c **** 	Flash_Write_Address2 = USER_FLASH_FIRST_PAGE_ADDRESS;
 1111              		.loc 1 284 2 view .LVU308
 1112 03c6 2046     		mov	r0, r4
 1113 03c8 FFF7FEFF 		bl	FLASH_If_Erase
 1114              	.LVL116:
 285:./src/tftpserver.c **** 	uint32_t *src_data = (uint32_t*)BACKUP_FLASH_FIRST_PAGE_ADDRESS;
 1115              		.loc 1 285 2 view .LVU309
 285:./src/tftpserver.c **** 	uint32_t *src_data = (uint32_t*)BACKUP_FLASH_FIRST_PAGE_ADDRESS;
 1116              		.loc 1 285 23 is_stmt 0 view .LVU310
 1117 03cc 0C48     		ldr	r0, .L58+8
 287:./src/tftpserver.c **** 	uint32_t result = FLASH_If_Write(&Flash_Write_Address2, src_data ,data_len);
 1118              		.loc 1 287 42 view .LVU311
 1119 03ce 4FF00161 		mov	r1, #135266304
 285:./src/tftpserver.c **** 	uint32_t *src_data = (uint32_t*)BACKUP_FLASH_FIRST_PAGE_ADDRESS;
 1120              		.loc 1 285 23 view .LVU312
 1121 03d2 40F8144F 		str	r4, [r0, #20]!
 286:./src/tftpserver.c **** 	uint16_t data_len = ( BACKUP_TAG_ADDRESS->size + 1024 ) / 4;
 1122              		.loc 1 286 2 is_stmt 1 view .LVU313
 1123              	.LVL117:
 287:./src/tftpserver.c **** 	uint32_t result = FLASH_If_Write(&Flash_Write_Address2, src_data ,data_len);
 1124              		.loc 1 287 2 view .LVU314
 288:./src/tftpserver.c **** 
 1125              		.loc 1 288 2 view .LVU315
 287:./src/tftpserver.c **** 	uint32_t result = FLASH_If_Write(&Flash_Write_Address2, src_data ,data_len);
 1126              		.loc 1 287 49 is_stmt 0 view .LVU316
 1127 03d6 0A68     		ldr	r2, [r1]
 1128 03d8 02F58062 		add	r2, r2, #1024
 288:./src/tftpserver.c **** 
 1129              		.loc 1 288 20 view .LVU317
 1130 03dc C2F38F02 		ubfx	r2, r2, #2, #16
 1131 03e0 FFF7FEFF 		bl	FLASH_If_Write
 1132              	.LVL118:
 290:./src/tftpserver.c **** 	clear_boot_flag();
 1133              		.loc 1 290 2 is_stmt 1 view .LVU318
 1134 03e4 074A     		ldr	r2, .L58+12
 1135 03e6 536F     		ldr	r3, [r2, #116]
 1136 03e8 43F08073 		orr	r3, r3, #16777216
 293:./src/tftpserver.c **** 
 1137              		.loc 1 293 1 is_stmt 0 view .LVU319
 1138 03ec BDE81040 		pop	{r4, lr}
 1139              	.LCFI23:
 1140              		.cfi_restore 14
 1141              		.cfi_restore 4
 1142              		.cfi_def_cfa_offset 0
 290:./src/tftpserver.c **** 	clear_boot_flag();
 1143              		.loc 1 290 2 view .LVU320
 1144 03f0 5367     		str	r3, [r2, #116]
 291:./src/tftpserver.c **** 
 1145              		.loc 1 291 2 is_stmt 1 view .LVU321
 1146 03f2 FFF7FEBF 		b	clear_boot_flag
 1147              	.LVL119:
 1148              	.L59:
 1149 03f6 00BF     		.align	2
 1150              	.L58:
 1151 03f8 00000408 		.word	134479872
 1152 03fc 00000000 		.word	hiwdg
 1153 0400 00000000 		.word	.LANCHOR0
 1154 0404 00380240 		.word	1073887232
 1155              		.cfi_endproc
 1156              	.LFE175:
 1158              		.section	.rodata.str1.4
 1159 0163 00       		.align	2
 1160              	.LC13:
 1161 0164 43616E20 		.ascii	"Can not create pcb3 \012\000"
 1161      6E6F7420 
 1161      63726561 
 1161      74652070 
 1161      63623320 
 1162 017a 0000     		.align	2
 1163              	.LC14:
 1164 017c 43616E20 		.ascii	"Can not create pcb4 \012\000"
 1164      6E6F7420 
 1164      63726561 
 1164      74652070 
 1164      63623420 
 1165              		.text
 1166              		.align	1
 1167              		.p2align 2,,3
 1168              		.global	IAP_tftpd_init
 1169              		.syntax unified
 1170              		.thumb
 1171              		.thumb_func
 1172              		.fpu fpv5-d16
 1174              	IAP_tftpd_init:
 1175              	.LFB179:
 474:./src/tftpserver.c **** 
 475:./src/tftpserver.c **** /* Global functions ---------------------------------------------------------*/
 476:./src/tftpserver.c **** 
 477:./src/tftpserver.c **** /**
 478:./src/tftpserver.c ****   * @brief  Creates and initializes a UDP PCB for TFTP receive operation  
 479:./src/tftpserver.c ****   * @param  None  
 480:./src/tftpserver.c ****   * @retval None
 481:./src/tftpserver.c ****   */
 482:./src/tftpserver.c **** void IAP_tftpd_init(void)
 483:./src/tftpserver.c **** {
 1176              		.loc 1 483 1 view -0
 1177              		.cfi_startproc
 1178              		@ args = 0, pretend = 0, frame = 0
 1179              		@ frame_needed = 0, uses_anonymous_args = 0
 484:./src/tftpserver.c ****   err_t err;
 1180              		.loc 1 484 3 view .LVU323
 485:./src/tftpserver.c ****   unsigned port = 69; /* 69 is the port used for TFTP protocol initial transaction */
 1181              		.loc 1 485 3 view .LVU324
 1182              	.LVL120:
 486:./src/tftpserver.c **** 
 487:./src/tftpserver.c ****   /* create a new UDP PCB structure  */
 488:./src/tftpserver.c ****   UDPpcb = udp_new();
 1183              		.loc 1 488 3 view .LVU325
 483:./src/tftpserver.c ****   err_t err;
 1184              		.loc 1 483 1 is_stmt 0 view .LVU326
 1185 0408 10B5     		push	{r4, lr}
 1186              	.LCFI24:
 1187              		.cfi_def_cfa_offset 8
 1188              		.cfi_offset 4, -8
 1189              		.cfi_offset 14, -4
 1190              		.loc 1 488 10 view .LVU327
 1191 040a 0D4C     		ldr	r4, .L65
 1192              		.loc 1 488 12 view .LVU328
 1193 040c FFF7FEFF 		bl	udp_new
 1194              	.LVL121:
 1195              		.loc 1 488 10 view .LVU329
 1196 0410 A060     		str	r0, [r4, #8]
 489:./src/tftpserver.c ****   if (!UDPpcb)
 1197              		.loc 1 489 3 is_stmt 1 view .LVU330
 1198              		.loc 1 489 6 is_stmt 0 view .LVU331
 1199 0412 80B1     		cbz	r0, .L64
 490:./src/tftpserver.c ****   {
 491:./src/tftpserver.c ****     /* Error creating PCB. Out of Memory  */
 492:./src/tftpserver.c **** #ifdef USE_PRINT
 493:./src/tftpserver.c ****     udp_client_send("Can not create pcb3 \n");
 494:./src/tftpserver.c **** #endif
 495:./src/tftpserver.c ****     return;
 496:./src/tftpserver.c ****   }
 497:./src/tftpserver.c **** 
 498:./src/tftpserver.c ****   /* Bind this PCB to port 69  */
 499:./src/tftpserver.c ****   err = udp_bind(UDPpcb, IP_ADDR_ANY, port);
 1200              		.loc 1 499 3 is_stmt 1 view .LVU332
 1201              		.loc 1 499 9 is_stmt 0 view .LVU333
 1202 0414 4522     		movs	r2, #69
 1203 0416 0B49     		ldr	r1, .L65+4
 1204 0418 FFF7FEFF 		bl	udp_bind
 1205              	.LVL122:
 500:./src/tftpserver.c ****   if (err == ERR_OK)
 1206              		.loc 1 500 3 is_stmt 1 view .LVU334
 1207              		.loc 1 500 6 is_stmt 0 view .LVU335
 1208 041c 30B9     		cbnz	r0, .L62
 501:./src/tftpserver.c ****   {
 502:./src/tftpserver.c ****     /* Initialize receive callback function  */
 503:./src/tftpserver.c ****     udp_recv(UDPpcb, IAP_tftp_recv_callback, NULL);
 1209              		.loc 1 503 5 is_stmt 1 view .LVU336
 1210 041e 0246     		mov	r2, r0
 1211 0420 0949     		ldr	r1, .L65+8
 1212 0422 A068     		ldr	r0, [r4, #8]
 1213              	.LVL123:
 504:./src/tftpserver.c ****   } 
 505:./src/tftpserver.c ****   else
 506:./src/tftpserver.c ****   {
 507:./src/tftpserver.c **** #ifdef USE_PRINT
 508:./src/tftpserver.c ****     udp_client_send("Can not create pcb4 \n");
 509:./src/tftpserver.c **** #endif
 510:./src/tftpserver.c ****   }
 511:./src/tftpserver.c **** }
 1214              		.loc 1 511 1 is_stmt 0 view .LVU337
 1215 0424 BDE81040 		pop	{r4, lr}
 1216              	.LCFI25:
 1217              		.cfi_remember_state
 1218              		.cfi_restore 14
 1219              		.cfi_restore 4
 1220              		.cfi_def_cfa_offset 0
 503:./src/tftpserver.c ****   } 
 1221              		.loc 1 503 5 view .LVU338
 1222 0428 FFF7FEBF 		b	udp_recv
 1223              	.LVL124:
 1224              	.L62:
 1225              	.LCFI26:
 1226              		.cfi_restore_state
 508:./src/tftpserver.c **** #endif
 1227              		.loc 1 508 5 is_stmt 1 view .LVU339
 1228 042c 0748     		ldr	r0, .L65+12
 1229              	.LVL125:
 1230              		.loc 1 511 1 is_stmt 0 view .LVU340
 1231 042e BDE81040 		pop	{r4, lr}
 1232              	.LCFI27:
 1233              		.cfi_remember_state
 1234              		.cfi_restore 14
 1235              		.cfi_restore 4
 1236              		.cfi_def_cfa_offset 0
 508:./src/tftpserver.c **** #endif
 1237              		.loc 1 508 5 view .LVU341
 1238 0432 FFF7FEBF 		b	udp_client_send
 1239              	.LVL126:
 1240              	.L64:
 1241              	.LCFI28:
 1242              		.cfi_restore_state
 493:./src/tftpserver.c **** #endif
 1243              		.loc 1 493 5 is_stmt 1 view .LVU342
 1244 0436 0648     		ldr	r0, .L65+16
 1245              		.loc 1 511 1 is_stmt 0 view .LVU343
 1246 0438 BDE81040 		pop	{r4, lr}
 1247              	.LCFI29:
 1248              		.cfi_restore 14
 1249              		.cfi_restore 4
 1250              		.cfi_def_cfa_offset 0
 493:./src/tftpserver.c **** #endif
 1251              		.loc 1 493 5 view .LVU344
 1252 043c FFF7FEBF 		b	udp_client_send
 1253              	.LVL127:
 1254              	.L66:
 1255              		.align	2
 1256              	.L65:
 1257 0440 00000000 		.word	.LANCHOR0
 1258 0444 00000000 		.word	ip_addr_any
 1259 0448 00000000 		.word	IAP_tftp_recv_callback
 1260 044c 7C010000 		.word	.LC14
 1261 0450 64010000 		.word	.LC13
 1262              		.cfi_endproc
 1263              	.LFE179:
 1265              		.bss
 1266              		.align	2
 1267              		.set	.LANCHOR0,. + 0
 1270              	total_count:
 1271 0000 00000000 		.space	4
 1274              	Flash_Write_Address:
 1275 0004 00000000 		.space	4
 1278              	UDPpcb:
 1279 0008 00000000 		.space	4
 1282              	Flash_Write_Address2.0:
 1283 000c 00000000 		.space	4
 1286              	Flash_Write_Address2.1:
 1287 0010 00000000 		.space	4
 1290              	Flash_Write_Address2.2:
 1291 0014 00000000 		.space	4
 1292              		.text
 1293              	.Letext0:
 1294              		.file 4 "c:\\users\\jaejunmin\\downloads\\peak-devpack\\compiler\\10 2020-q4-major\\arm-none-eabi\
 1295              		.file 5 "c:\\users\\jaejunmin\\downloads\\peak-devpack\\compiler\\10 2020-q4-major\\arm-none-eabi\
 1296              		.file 6 "./lwip-2.1.2/src/include/lwip/arch.h"
 1297              		.file 7 "./lwip-2.1.2/src/include/lwip/err.h"
 1298              		.file 8 "./lwip-2.1.2/src/include/lwip/pbuf.h"
 1299              		.file 9 "./lwip-2.1.2/src/include/lwip/ip4_addr.h"
 1300              		.file 10 "./lwip-2.1.2/src/include/lwip/ip_addr.h"
 1301              		.file 11 "./lwip-2.1.2/src/include/lwip/memp.h"
 1302              		.file 12 "./lwip-2.1.2/src/include/lwip/udp.h"
 1303              		.file 13 "./inc/tftpserver.h"
 1304              		.file 14 "./inc/stm32f765xx.h"
 1305              		.file 15 "./inc/stm32f7xx_hal_def.h"
 1306              		.file 16 "./inc/firmware_tag.h"
 1307              		.file 17 "./inc/stm32f7xx_hal_crc.h"
 1308              		.file 18 "./inc/stm32f7xx_hal_iwdg.h"
 1309              		.file 19 "./inc/udp_total.h"
 1310              		.file 20 "c:\\users\\jaejunmin\\downloads\\peak-devpack\\compiler\\10 2020-q4-major\\arm-none-eabi
 1311              		.file 21 "./inc/stm32f7xx_hal_flash.h"
 1312              		.file 22 "./inc/backup.h"
 1313              		.file 23 "./inc/flash_if.h"
 1314              		.file 24 "./lwip-2.1.2/src/include/lwip/mem.h"
 1315              		.file 25 "c:\\users\\jaejunmin\\downloads\\peak-devpack\\compiler\\10 2020-q4-major\\arm-none-eabi
 1316              		.file 26 "./lwip-2.1.2/src/include/lwip/def.h"
 1317              		.file 27 "./lwip-2.1.2/src/include/lwip/netif.h"
DEFINED SYMBOLS
                            *ABS*:00000000 tftpserver.c
C:\Users\JAEJUN~1\AppData\Local\Temp\ccSsdIQC.s:17     .rodata.str1.4:00000000 $d
C:\Users\JAEJUN~1\AppData\Local\Temp\ccSsdIQC.s:21     .text:00000000 $t
C:\Users\JAEJUN~1\AppData\Local\Temp\ccSsdIQC.s:29     .text:00000000 IAP_tftp_send_ack_packet.isra.0
C:\Users\JAEJUN~1\AppData\Local\Temp\ccSsdIQC.s:185    .text:0000005c $d
C:\Users\JAEJUN~1\AppData\Local\Temp\ccSsdIQC.s:203    .text:00000060 $t
C:\Users\JAEJUN~1\AppData\Local\Temp\ccSsdIQC.s:210    .text:00000060 IAP_wrq_recv_callback
C:\Users\JAEJUN~1\AppData\Local\Temp\ccSsdIQC.s:633    .text:000001e4 $d
C:\Users\JAEJUN~1\AppData\Local\Temp\ccSsdIQC.s:682    .text:00000210 IAP_tftp_recv_callback
C:\Users\JAEJUN~1\AppData\Local\Temp\ccSsdIQC.s:675    .text:00000210 $t
C:\Users\JAEJUN~1\AppData\Local\Temp\ccSsdIQC.s:1063   .text:00000380 $d
C:\Users\JAEJUN~1\AppData\Local\Temp\ccSsdIQC.s:1080   .text:000003b8 $t
C:\Users\JAEJUN~1\AppData\Local\Temp\ccSsdIQC.s:1088   .text:000003b8 WDGbackup
C:\Users\JAEJUN~1\AppData\Local\Temp\ccSsdIQC.s:1151   .text:000003f8 $d
C:\Users\JAEJUN~1\AppData\Local\Temp\ccSsdIQC.s:1166   .text:00000408 $t
C:\Users\JAEJUN~1\AppData\Local\Temp\ccSsdIQC.s:1174   .text:00000408 IAP_tftpd_init
C:\Users\JAEJUN~1\AppData\Local\Temp\ccSsdIQC.s:1257   .text:00000440 $d
C:\Users\JAEJUN~1\AppData\Local\Temp\ccSsdIQC.s:1266   .bss:00000000 $d
C:\Users\JAEJUN~1\AppData\Local\Temp\ccSsdIQC.s:1270   .bss:00000000 total_count
C:\Users\JAEJUN~1\AppData\Local\Temp\ccSsdIQC.s:1274   .bss:00000004 Flash_Write_Address
C:\Users\JAEJUN~1\AppData\Local\Temp\ccSsdIQC.s:1278   .bss:00000008 UDPpcb
C:\Users\JAEJUN~1\AppData\Local\Temp\ccSsdIQC.s:1282   .bss:0000000c Flash_Write_Address2.0
C:\Users\JAEJUN~1\AppData\Local\Temp\ccSsdIQC.s:1286   .bss:00000010 Flash_Write_Address2.1
C:\Users\JAEJUN~1\AppData\Local\Temp\ccSsdIQC.s:1290   .bss:00000014 Flash_Write_Address2.2

UNDEFINED SYMBOLS
lwip_htons
pbuf_alloc
udp_sendto
pbuf_free
udp_client_send
pbuf_copy_partial
FLASH_If_Write
sprintf
mem_free
udp_disconnect
udp_remove
udp_recv
clear_boot_flag
CAL_CRC
HAL_FLASH_Unlock
FLASH_If_Erase
hcrc
udp_new
udp_bind
strncpy
mem_malloc
FLASH_If_Init
FLASH_Backup_Erase
ip_addr_any
HAL_IWDG_Refresh
hiwdg
